# FSPS 0.4.7 SSP; isochrones/spectra ('mist', 'miles'); imf_type 2; logzsol +0.00; tage 8.0 Gyr; sfh 0; no nebular; rest wavelength [A] VACUUM as shipped by FSPS; f_lambda [L_sun/A], arbitrary normalization
      905.0000 1.614777e-07
      915.0000 2.093648e-07
      925.0000 2.103329e-07
      935.0000 2.814065e-07
      945.0000 2.860029e-07
      955.0000 3.003407e-07
      965.0000 2.994543e-07
      975.0000 2.405735e-07
      985.0000 2.484841e-07
      995.0000 2.628802e-07
     1005.0000 2.696533e-07
     1015.0000 2.616038e-07
     1025.0000 1.683727e-07
     1035.0000 2.442963e-07
     1045.0000 2.734523e-07
     1055.0000 2.658939e-07
     1065.0000 2.500504e-07
     1075.0000 2.434873e-07
     1085.0000 1.512510e-07
     1095.0000 2.396916e-07
     1105.0000 2.275627e-07
     1115.0000 2.059479e-07
     1125.0000 1.873878e-07
     1135.0000 2.158843e-07
     1145.0000 2.074943e-07
     1155.0000 1.792782e-07
     1165.0000 1.762053e-07
     1175.0000 1.643865e-07
     1185.0000 1.862806e-07
     1195.0000 1.730779e-07
     1205.0000 1.622917e-07
     1215.0000 1.023048e-07
     1225.0000 1.593296e-07
     1235.0000 1.543763e-07
     1245.0000 1.596175e-07
     1255.0000 1.501477e-07
     1265.0000 1.574248e-07
     1275.0000 1.577974e-07
     1285.0000 1.441734e-07
     1295.0000 1.375925e-07
     1305.0000 1.425344e-07
     1315.0000 1.355249e-07
     1325.0000 1.319369e-07
     1335.0000 1.359844e-07
     1345.0000 1.223462e-07
     1355.0000 1.303337e-07
     1365.0000 1.224938e-07
     1375.0000 1.175615e-07
     1385.0000 1.112517e-07
     1395.0000 1.025841e-07
     1405.0000 1.142913e-07
     1415.0000 1.066605e-07
     1425.0000 1.001842e-07
     1435.0000 1.050097e-07
     1442.0000 1.043703e-07
     1447.0000 1.015511e-07
     1455.0000 1.009227e-07
     1465.0000 9.324421e-08
     1475.0000 9.768887e-08
     1485.0000 9.394004e-08
     1495.0000 9.363596e-08
     1505.0000 8.931748e-08
     1512.0000 8.454891e-08
     1517.0000 8.601080e-08
     1525.0000 8.208540e-08
     1535.0000 8.038416e-08
     1545.0000 6.819921e-08
     1555.0000 8.018676e-08
     1565.0000 6.852175e-08
     1575.0000 7.500707e-08
     1585.0000 6.865431e-08
     1595.0000 7.555806e-08
     1605.0000 7.497215e-08
     1615.0000 7.298697e-08
     1625.0000 7.146087e-08
     1635.0000 7.110049e-08
     1645.0000 6.966528e-08
     1655.0000 6.951261e-08
     1665.0000 6.922378e-08
     1672.0000 6.722191e-08
     1677.0000 6.849008e-08
     1685.0000 6.807792e-08
     1695.0000 6.648911e-08
     1705.0000 6.481735e-08
     1715.0000 6.347515e-08
     1725.0000 6.252298e-08
     1735.0000 6.279115e-08
     1745.0000 6.224723e-08
     1755.0000 6.267322e-08
     1765.0000 6.082377e-08
     1775.0000 5.989099e-08
     1785.0000 6.074276e-08
     1795.0000 6.190580e-08
     1805.0000 6.112143e-08
     1815.0000 5.850864e-08
     1825.0000 5.962893e-08
     1835.0000 5.905326e-08
     1845.0000 5.512371e-08
     1855.0000 5.758930e-08
     1865.0000 5.921283e-08
     1875.0000 5.985662e-08
     1885.0000 5.886083e-08
     1895.0000 6.163155e-08
     1905.0000 6.129687e-08
     1915.0000 6.176264e-08
     1925.0000 5.975602e-08
     1935.0000 5.444350e-08
     1945.0000 6.586580e-08
     1955.0000 6.516607e-08
     1967.0000 7.307365e-08
     1976.0000 7.027601e-08
     1984.0000 7.691509e-08
     1995.0000 7.829503e-08
     2005.0000 7.669927e-08
     2015.0000 7.911437e-08
     2025.0000 7.097121e-08
     2035.0000 8.376029e-08
     2045.0000 9.124561e-08
     2055.0000 9.010999e-08
     2065.0000 8.902131e-08
     2074.0000 9.539516e-08
     2078.0000 2.244436e-07
     2085.0000 3.021957e-07
     2095.0000 2.774664e-07
     2105.0000 2.727781e-07
     2115.0000 3.159882e-07
     2125.0000 2.758792e-07
     2135.0000 2.696115e-07
     2145.0000 3.590947e-07
     2155.0000 3.476289e-07
     2165.0000 2.963074e-07
     2175.0000 2.971813e-07
     2185.0000 4.136590e-07
     2195.0000 3.897187e-07
     2205.0000 3.872664e-07
     2215.0000 2.800555e-07
     2225.0000 3.590484e-07
     2235.0000 5.083472e-07
     2245.0000 4.836837e-07
     2255.0000 3.484593e-07
     2265.0000 3.042043e-07
     2275.0000 3.402732e-07
     2285.0000 5.242951e-07
     2295.0000 4.075567e-07
     2305.0000 5.305833e-07
     2315.0000 4.248596e-07
     2325.0000 3.527757e-07
     2335.0000 2.983093e-07
     2345.0000 1.883423e-07
     2355.0000 4.005307e-07
     2365.0000 2.193855e-07
     2375.0000 2.932758e-07
     2385.0000 1.699256e-07
     2395.0000 2.179271e-07
     2405.0000 2.242268e-07
     2415.0000 2.655579e-07
     2425.0000 5.104425e-07
     2435.0000 5.294086e-07
     2445.0000 6.571726e-07
     2455.0000 7.195412e-07
     2465.0000 5.672320e-07
     2475.0000 4.922890e-07
     2485.0000 2.288676e-07
     2495.0000 3.361264e-07
     2505.0000 5.795436e-07
     2513.0000 2.149747e-07
     2518.0000 1.590752e-07
     2525.0000 1.825245e-07
     2535.0000 3.842080e-07
     2545.0000 4.119689e-07
     2555.0000 9.483415e-07
     2565.0000 6.351589e-07
     2575.0000 8.802207e-07
     2585.0000 7.487827e-07
     2595.0000 6.540949e-07
     2605.0000 5.465701e-07
     2615.0000 4.850853e-07
     2625.0000 7.069518e-07
     2635.0000 1.469217e-06
     2645.0000 2.034828e-06
     2655.0000 3.092946e-06
     2665.0000 1.775736e-06
     2675.0000 2.050348e-06
     2685.0000 2.489300e-06
     2695.0000 1.676591e-06
     2705.0000 2.188877e-06
     2715.0000 1.475903e-06
     2725.0000 1.027348e-06
     2735.0000 1.432497e-06
     2745.0000 7.457506e-07
     2755.0000 1.098392e-06
     2765.0000 1.530036e-06
     2775.0000 1.617090e-06
     2785.0000 8.753974e-07
     2795.0000 3.654427e-07
     2805.0000 4.540499e-07
     2815.0000 1.375956e-06
     2825.0000 2.154631e-06
     2835.0000 1.992999e-06
     2845.0000 1.248916e-06
     2855.0000 6.156094e-07
     2865.0000 1.932667e-06
     2875.0000 2.965153e-06
     2885.0000 2.633829e-06
     2895.0000 3.480441e-06
     2910.0000 4.891117e-06
     2930.0000 4.166490e-06
     2950.0000 3.771233e-06
     2970.0000 3.938603e-06
     2990.0000 4.005024e-06
     3010.0000 3.968864e-06
     3030.0000 4.348103e-06
     3050.0000 4.560905e-06
     3070.0000 5.103750e-06
     3090.0000 4.907397e-06
     3110.0000 5.931522e-06
     3130.0000 5.387178e-06
     3150.0000 5.397245e-06
     3170.0000 6.048692e-06
     3190.0000 5.133232e-06
     3210.0000 5.729730e-06
     3230.0000 4.715349e-06
     3250.0000 7.008734e-06
     3270.0000 8.327051e-06
     3290.0000 8.148469e-06
     3310.0000 7.489014e-06
     3330.0000 7.782854e-06
     3350.0000 7.473430e-06
     3370.0000 5.344360e-06
     3390.0000 6.193955e-06
     3410.0000 6.369868e-06
     3430.0000 6.763897e-06
     3450.0000 7.161033e-06
     3470.0000 7.462550e-06
     3490.0000 8.528701e-06
     3510.0000 9.147300e-06
     3530.0000 8.103106e-06
     3550.0000 9.462433e-06
     3570.0000 6.191309e-06
     3590.0000 6.372249e-06
     3601.8274 1.045774e-05
     3602.7275 9.321813e-06
     3603.6279 8.033587e-06
     3604.5280 7.413751e-06
     3605.4282 7.118270e-06
     3606.3286 6.966255e-06
     3607.2287 7.255943e-06
     3608.1291 7.348801e-06
     3609.0292 6.488553e-06
     3609.9293 5.561309e-06
     3610.8297 5.729105e-06
     3611.7299 6.823837e-06
     3612.6302 7.806958e-06
     3613.5304 7.867934e-06
     3614.4305 7.666677e-06
     3615.3309 8.234901e-06
     3616.2310 9.131839e-06
     3617.1314 9.194796e-06
     3618.0315 7.930744e-06
     3618.9317 5.999844e-06
     3619.8320 4.919163e-06
     3620.7322 5.440472e-06
     3621.6326 6.762663e-06
     3622.5327 8.062381e-06
     3623.4328 8.898101e-06
     3624.3332 8.934206e-06
     3625.2333 8.910717e-06
     3626.1337 9.775843e-06
     3627.0339 1.097050e-05
     3627.9340 1.141569e-05
     3628.8344 1.117942e-05
     3629.7345 1.061163e-05
     3630.6349 9.161090e-06
     3631.5350 6.937631e-06
     3632.4351 5.638088e-06
     3633.3355 6.081627e-06
     3634.2357 7.025531e-06
     3635.1360 7.420191e-06
     3636.0362 7.676112e-06
     3636.9363 8.193341e-06
     3637.8367 8.713755e-06
     3638.7368 9.278623e-06
     3639.6372 1.000804e-05
     3640.5373 1.055597e-05
     3641.4375 1.058636e-05
     3642.3379 1.015162e-05
     3643.2380 9.502265e-06
     3644.1384 8.926335e-06
     3645.0385 8.341307e-06
     3645.9386 7.870271e-06
     3646.8390 7.729353e-06
     3647.7391 7.344203e-06
     3648.6395 6.679580e-06
     3649.5397 6.632810e-06
     3650.4398 7.287577e-06
     3651.3402 8.116358e-06
     3652.2403 9.005537e-06
     3653.1407 9.930580e-06
     3654.0408 1.051150e-05
     3654.9410 1.053763e-05
     3655.8413 1.046786e-05
     3656.7415 1.072314e-05
     3657.6419 1.118844e-05
     3658.5420 1.160576e-05
     3659.4421 1.197204e-05
     3660.3425 1.204411e-05
     3661.2426 1.183873e-05
     3662.1430 1.165544e-05
     3663.0432 1.121914e-05
     3663.9433 1.050180e-05
     3664.8437 1.016336e-05
     3665.7438 1.052446e-05
     3666.6442 1.086689e-05
     3667.5443 1.075499e-05
     3668.4445 1.054590e-05
     3669.3448 1.001888e-05
     3670.2450 9.265100e-06
     3671.1453 9.318611e-06
     3672.0455 1.041323e-05
     3672.9456 1.140196e-05
     3673.8460 1.141428e-05
     3674.7461 1.104152e-05
     3675.6465 1.114209e-05
     3676.5466 1.121472e-05
     3677.4468 1.041811e-05
     3678.3472 9.388564e-06
     3679.2473 8.905286e-06
     3680.1477 8.517934e-06
     3681.0478 8.258805e-06
     3681.9479 8.741738e-06
     3682.8483 9.541024e-06
     3683.7485 1.009228e-05
     3684.6488 1.029098e-05
     3685.5490 9.868193e-06
     3686.4491 8.955989e-06
     3687.3495 7.992274e-06
     3688.2496 7.416167e-06
     3689.1500 7.729827e-06
     3690.0501 8.870639e-06
     3690.9503 1.033553e-05
     3691.8507 1.172012e-05
     3692.7508 1.227189e-05
     3693.6512 1.150817e-05
     3694.5513 1.036342e-05
     3695.4514 1.005492e-05
     3696.3518 1.029855e-05
     3697.2520 1.040604e-05
     3698.1523 1.069861e-05
     3699.0525 1.154792e-05
     3699.9526 1.252050e-05
     3700.8530 1.287018e-05
     3701.7531 1.247368e-05
     3702.6535 1.186853e-05
     3703.5536 1.107387e-05
     3704.4538 9.715449e-06
     3705.3541 8.141089e-06
     3706.2543 7.213959e-06
     3707.1547 7.268678e-06
     3708.0548 7.635543e-06
     3708.9549 7.580503e-06
     3709.8553 7.545513e-06
     3710.7554 8.329919e-06
     3711.6558 9.760032e-06
     3712.5560 1.101844e-05
     3713.4561 1.207716e-05
     3714.3565 1.305210e-05
     3715.2566 1.333862e-05
     3716.1570 1.262817e-05
     3717.0571 1.175630e-05
     3717.9573 1.114418e-05
     3718.8576 1.000067e-05
     3719.7578 7.952137e-06
     3720.6582 5.981315e-06
     3721.5583 5.142050e-06
     3722.4584 5.353160e-06
     3723.3588 6.331793e-06
     3724.2589 7.902453e-06
     3725.1593 9.485618e-06
     3726.0595 1.061808e-05
     3726.9596 1.060736e-05
     3727.8600 9.270962e-06
     3728.7601 8.475408e-06
     3729.6605 9.342796e-06
     3730.5606 1.013279e-05
     3731.4608 9.706789e-06
     3732.3611 8.801817e-06
     3733.2613 7.692313e-06
     3734.1617 6.226221e-06
     3735.0618 4.932256e-06
     3735.9619 4.439324e-06
     3736.8623 4.630609e-06
     3737.7624 5.116396e-06
     3738.6628 6.160677e-06
     3739.5630 7.718257e-06
     3740.4631 9.223168e-06
     3741.3635 1.027360e-05
     3742.2636 1.037379e-05
     3743.1640 9.392361e-06
     3744.0641 8.041743e-06
     3744.9643 7.121400e-06
     3745.8646 6.472668e-06
     3746.7648 6.028044e-06
     3747.6652 6.078093e-06
     3748.5653 5.804367e-06
     3749.4654 4.848529e-06
     3750.3658 4.552527e-06
     3751.2659 5.844366e-06
     3752.1663 7.855520e-06
     3753.0665 9.247380e-06
     3753.9666 9.972169e-06
     3754.8670 1.090009e-05
     3755.7671 1.198628e-05
     3756.6675 1.215026e-05
     3757.5676 1.055497e-05
     3758.4678 7.949768e-06
     3759.3681 6.417543e-06
     3760.2683 6.939579e-06
     3761.1687 8.295891e-06
     3762.0688 9.113632e-06
     3762.9689 9.162743e-06
     3763.8693 8.600598e-06
     3764.7694 8.237121e-06
     3765.6698 8.777968e-06
     3766.5700 9.051872e-06
     3767.4701 8.285580e-06
     3768.3705 7.876492e-06
     3769.2706 8.751019e-06
     3770.1710 9.666827e-06
     3771.0711 9.706585e-06
     3771.9713 9.849087e-06
     3772.8716 1.073263e-05
     3773.7718 1.158715e-05
     3774.6722 1.171491e-05
     3775.5723 1.132184e-05
     3776.4724 1.105060e-05
     3777.3728 1.113918e-05
     3778.2729 1.120925e-05
     3779.1733 1.121253e-05
     3780.0735 1.168063e-05
     3780.9736 1.242510e-05
     3781.8740 1.268164e-05
     3782.7741 1.250004e-05
     3783.6745 1.254643e-05
     3784.5746 1.300701e-05
     3785.4748 1.303938e-05
     3786.3751 1.169350e-05
     3787.2753 9.843003e-06
     3788.1757 8.942736e-06
     3789.0758 8.680341e-06
     3789.9759 8.388935e-06
     3790.8763 8.436170e-06
     3791.7765 9.239689e-06
     3792.6768 9.996411e-06
     3793.5770 9.771367e-06
     3794.4771 8.925147e-06
     3795.3775 8.218776e-06
     3796.2776 8.097519e-06
     3797.1780 8.298422e-06
     3798.0781 7.909030e-06
     3798.9783 7.066293e-06
     3799.8787 6.942622e-06
     3800.7788 7.992865e-06
     3801.6792 9.369012e-06
     3802.5793 1.026745e-05
     3803.4794 1.102384e-05
     3804.3798 1.175931e-05
     3805.2800 1.199561e-05
     3806.1803 1.159615e-05
     3807.0805 1.065065e-05
     3807.9806 9.777137e-06
     3808.8810 9.950353e-06
     3809.7811 1.098449e-05
     3810.6815 1.187123e-05
     3811.5816 1.215680e-05
     3812.4818 1.180835e-05
     3813.3822 1.074401e-05
     3814.2823 9.354176e-06
     3815.1827 8.252017e-06
     3816.0828 7.409494e-06
     3816.9830 7.190602e-06
     3817.8833 8.079893e-06
     3818.7835 8.988328e-06
     3819.6838 8.540773e-06
     3820.5840 6.965404e-06
     3821.4841 5.940703e-06
     3822.3845 6.608026e-06
     3823.2846 7.926741e-06
     3824.1850 8.113374e-06
     3825.0852 6.969256e-06
     3825.9853 5.736139e-06
     3826.8857 5.289613e-06
     3827.7858 5.495587e-06
     3828.6862 5.805326e-06
     3829.5863 6.078301e-06
     3830.4865 6.489702e-06
     3831.3868 6.830236e-06
     3832.2870 6.487072e-06
     3833.1874 5.607910e-06
     3834.0875 5.050953e-06
     3834.9876 5.113458e-06
     3835.8880 5.728239e-06
     3836.7881 6.527813e-06
     3837.6885 6.731735e-06
     3838.5887 6.117651e-06
     3839.4888 5.471264e-06
     3840.3892 5.336104e-06
     3841.2893 5.554252e-06
     3842.1897 6.430658e-06
     3843.0898 7.947615e-06
     3843.9900 9.076341e-06
     3844.8904 9.487057e-06
     3845.7905 9.535477e-06
     3846.6909 9.417832e-06
     3847.5910 9.532103e-06
     3848.4911 9.927064e-06
     3849.3915 9.793132e-06
     3850.2917 8.808487e-06
     3851.1920 8.169752e-06
     3852.0922 8.833123e-06
     3852.9923 9.768707e-06
     3853.8927 9.769693e-06
     3854.7928 9.183723e-06
     3855.6932 8.633857e-06
     3856.5933 8.161052e-06
     3857.4935 7.972995e-06
     3858.3939 7.945126e-06
     3859.2940 7.250909e-06
     3860.1944 6.137395e-06
     3861.0945 5.827775e-06
     3861.9947 6.891365e-06
     3862.8950 8.716319e-06
     3863.7952 1.006905e-05
     3864.6956 1.030774e-05
     3865.5957 9.812576e-06
     3866.4958 9.303345e-06
     3867.3962 9.222694e-06
     3868.2963 9.331373e-06
     3869.1967 9.264349e-06
     3870.0969 8.902525e-06
     3870.9970 8.184000e-06
     3871.8974 7.300189e-06
     3872.7975 6.754070e-06
     3873.6979 7.030247e-06
     3874.5980 8.296263e-06
     3875.4982 9.837943e-06
     3876.3985 1.056474e-05
     3877.2987 1.012107e-05
     3878.1991 8.784942e-06
     3879.0992 7.504705e-06
     3879.9993 7.574165e-06
     3880.8997 8.484156e-06
     3881.7999 8.565199e-06
     3882.7002 7.775347e-06
     3883.6004 7.677993e-06
     3884.5005 8.933894e-06
     3885.4009 9.781072e-06
     3886.3010 8.776983e-06
     3887.2014 7.306347e-06
     3888.1015 7.035735e-06
     3889.0017 7.439193e-06
     3889.9021 7.756040e-06
     3890.8022 8.577693e-06
     3891.7026 9.997107e-06
     3892.6027 1.123496e-05
     3893.5029 1.175239e-05
     3894.4032 1.161229e-05
     3895.3034 1.107303e-05
     3896.2038 1.047478e-05
     3897.1039 1.067574e-05
     3898.0040 1.146225e-05
     3898.9044 1.151871e-05
     3899.8045 1.085523e-05
     3900.7049 1.052555e-05
     3901.6051 1.111885e-05
     3902.5052 1.170342e-05
     3903.4056 1.116720e-05
     3904.3057 1.046129e-05
     3905.2061 1.025364e-05
     3906.1062 9.686111e-06
     3907.0064 9.262190e-06
     3907.9068 1.010897e-05
     3908.8069 1.159366e-05
     3909.7073 1.255787e-05
     3910.6074 1.273807e-05
     3911.5075 1.271762e-05
     3912.4079 1.307186e-05
     3913.3081 1.342606e-05
     3914.2084 1.327624e-05
     3915.1086 1.300110e-05
     3916.0087 1.286646e-05
     3916.9091 1.250824e-05
     3917.8092 1.214740e-05
     3918.7096 1.196651e-05
     3919.6098 1.151067e-05
     3920.5099 1.057014e-05
     3921.4103 9.490377e-06
     3922.3104 9.023335e-06
     3923.2108 9.254347e-06
     3924.1109 9.754084e-06
     3925.0111 1.024959e-05
     3925.9114 1.014989e-05
     3926.8116 9.421321e-06
     3927.7120 8.482173e-06
     3928.6121 7.310862e-06
     3929.5122 6.126535e-06
     3930.4126 5.252959e-06
     3931.3128 4.534235e-06
     3932.2131 3.869310e-06
     3933.1133 3.253220e-06
     3934.0134 2.771465e-06
     3934.9138 2.623940e-06
     3935.8139 2.887762e-06
     3936.7143 3.524359e-06
     3937.6144 4.418324e-06
     3938.5146 5.445480e-06
     3939.4150 6.614078e-06
     3940.3151 7.782697e-06
     3941.2155 8.521135e-06
     3942.1156 8.772776e-06
     3943.0158 8.833728e-06
     3943.9161 8.545368e-06
     3944.8163 8.072932e-06
     3945.7167 8.607498e-06
     3946.6168 1.034573e-05
     3947.5169 1.165480e-05
     3948.4173 1.157698e-05
     3949.3174 1.119754e-05
     3950.2178 1.175578e-05
     3951.1180 1.294354e-05
     3952.0181 1.347551e-05
     3952.9185 1.276865e-05
     3953.8186 1.204197e-05
     3954.7190 1.269419e-05
     3955.6191 1.363338e-05
     3956.5193 1.315312e-05
     3957.4197 1.201202e-05
     3958.3198 1.177411e-05
     3959.2202 1.242850e-05
     3960.1203 1.287879e-05
     3961.0205 1.200929e-05
     3961.9208 9.780259e-06
     3962.8210 7.811043e-06
     3963.7214 7.274031e-06
     3964.6215 7.423650e-06
     3965.5216 7.128391e-06
     3966.4220 6.150435e-06
     3967.3221 4.840649e-06
     3968.2225 3.677562e-06
     3969.1227 2.996341e-06
     3970.0228 2.950947e-06
     3970.9232 3.542866e-06
     3971.8233 4.568913e-06
     3972.7237 5.708496e-06
     3973.6238 6.732887e-06
     3974.5240 7.652765e-06
     3975.4244 8.723093e-06
     3976.3245 9.866146e-06
     3977.2249 1.069223e-05
     3978.1250 1.140572e-05
     3979.0252 1.236835e-05
     3979.9255 1.345127e-05
     3980.8257 1.436065e-05
     3981.7261 1.462501e-05
     3982.6262 1.414710e-05
     3983.5263 1.366650e-05
     3984.4267 1.359632e-05
     3985.3268 1.385837e-05
     3986.2272 1.431401e-05
     3987.1274 1.453104e-05
     3988.0275 1.480117e-05
     3988.9279 1.558372e-05
     3989.8280 1.585201e-05
     3990.7284 1.524305e-05
     3991.6285 1.505498e-05
     3992.5287 1.559313e-05
     3993.4291 1.613980e-05
     3994.3292 1.628907e-05
     3995.2296 1.596651e-05
     3996.1297 1.549844e-05
     3997.0299 1.502128e-05
     3997.9302 1.439985e-05
     3998.8304 1.416755e-05
     3999.7308 1.511748e-05
     4000.6309 1.658360e-05
     4001.5310 1.714038e-05
     4002.4314 1.705569e-05
     4003.3315 1.742712e-05
     4004.2319 1.775388e-05
     4005.1321 1.654122e-05
     4006.0322 1.409543e-05
     4006.9326 1.292076e-05
     4007.8327 1.400056e-05
     4008.7331 1.576995e-05
     4009.6332 1.675876e-05
     4010.5334 1.690241e-05
     4011.4338 1.690876e-05
     4012.3339 1.698280e-05
     4013.2343 1.708696e-05
     4014.1344 1.721214e-05
     4015.0346 1.727633e-05
     4015.9349 1.762230e-05
     4016.8351 1.793659e-05
     4017.7355 1.737735e-05
     4018.6356 1.671764e-05
     4019.5357 1.725735e-05
     4020.4361 1.816412e-05
     4021.3363 1.811166e-05
     4022.2366 1.759049e-05
     4023.1368 1.744574e-05
     4024.0369 1.745850e-05
     4024.9373 1.703524e-05
     4025.8374 1.657872e-05
     4026.7378 1.698961e-05
     4027.6379 1.791598e-05
     4028.5381 1.870866e-05
     4029.4385 1.904487e-05
     4030.3386 1.808031e-05
     4031.2390 1.574949e-05
     4032.1391 1.391927e-05
     4033.0393 1.345657e-05
     4033.9396 1.333253e-05
     4034.8398 1.343649e-05
     4035.7402 1.420339e-05
     4036.6403 1.562716e-05
     4037.5404 1.747939e-05
     4038.4408 1.899662e-05
     4039.3410 1.945312e-05
     4040.2413 1.889883e-05
     4041.1415 1.791713e-05
     4042.0416 1.742009e-05
     4042.9420 1.792371e-05
     4043.8421 1.818933e-05
     4044.7425 1.648091e-05
     4045.6427 1.317987e-05
     4046.5428 1.065318e-05
     4047.4432 1.119632e-05
     4048.3433 1.422508e-05
     4049.2437 1.677890e-05
     4050.1438 1.782003e-05
     4051.0440 1.844859e-05
     4051.9443 1.879429e-05
     4052.8445 1.831408e-05
     4053.7449 1.752114e-05
     4054.6450 1.692702e-05
     4055.5451 1.628890e-05
     4056.4455 1.593625e-05
     4057.3457 1.589807e-05
     4058.2460 1.524803e-05
     4059.1462 1.454721e-05
     4060.0463 1.514179e-05
     4060.9467 1.668225e-05
     4061.8468 1.759682e-05
     4062.7472 1.667083e-05
     4063.6474 1.411778e-05
     4064.5475 1.200904e-05
     4065.4479 1.254651e-05
     4066.3480 1.466252e-05
     4067.2484 1.558275e-05
     4068.1485 1.544407e-05
     4069.0487 1.621617e-05
     4069.9491 1.778499e-05
     4070.8492 1.808273e-05
     4071.7496 1.611611e-05
     4072.6497 1.393158e-05
     4073.5499 1.438966e-05
     4074.4502 1.665895e-05
     4075.3504 1.777883e-05
     4076.2508 1.695017e-05
     4077.1509 1.505639e-05
     4078.0510 1.338003e-05
     4078.9514 1.323882e-05
     4079.8516 1.465805e-05
     4080.7519 1.665519e-05
     4081.6521 1.854153e-05
     4082.5522 1.945914e-05
     4083.4526 1.884627e-05
     4084.3527 1.758814e-05
     4085.2531 1.680850e-05
     4086.1532 1.673485e-05
     4087.0534 1.736761e-05
     4087.9538 1.864552e-05
     4088.8539 1.998574e-05
     4089.7543 2.057557e-05
     4090.6544 2.023041e-05
     4091.5546 1.951844e-05
     4092.4549 1.883792e-05
     4093.3551 1.834280e-05
     4094.2555 1.860598e-05
     4095.1556 1.890038e-05
     4096.0557 1.784285e-05
     4096.9561 1.628859e-05
     4097.8565 1.565525e-05
     4098.7566 1.584652e-05
     4099.6568 1.605121e-05
     4100.5569 1.557163e-05
     4101.4571 1.401150e-05
     4102.3577 1.241771e-05
     4103.2578 1.251000e-05
     4104.1580 1.400968e-05
     4105.0581 1.535065e-05
     4105.9582 1.632631e-05
     4106.8589 1.739400e-05
     4107.7590 1.808006e-05
     4108.6591 1.806747e-05
     4109.5593 1.769754e-05
     4110.4594 1.716826e-05
     4111.3600 1.667910e-05
     4112.2602 1.649182e-05
     4113.1603 1.672850e-05
     4114.0605 1.748964e-05
     4114.9606 1.829799e-05
     4115.8612 1.864980e-05
     4116.7614 1.883264e-05
     4117.6615 1.896313e-05
     4118.5616 1.838863e-05
     4119.4618 1.704620e-05
     4120.3624 1.641270e-05
     4121.2625 1.711736e-05
     4122.1627 1.773097e-05
     4123.0628 1.753026e-05
     4123.9630 1.723813e-05
     4124.8636 1.760353e-05
     4125.7637 1.841238e-05
     4126.6639 1.859554e-05
     4127.5640 1.799753e-05
     4128.4641 1.729667e-05
     4129.3648 1.696249e-05
     4130.2649 1.701330e-05
     4131.1650 1.697288e-05
     4132.0652 1.629716e-05
     4132.9653 1.500346e-05
     4133.8659 1.431168e-05
     4134.7661 1.466054e-05
     4135.6662 1.561900e-05
     4136.5664 1.719147e-05
     4137.4665 1.830360e-05
     4138.3671 1.836467e-05
     4139.2673 1.846070e-05
     4140.1674 1.882289e-05
     4141.0675 1.894941e-05
     4141.9677 1.857314e-05
     4142.8683 1.703267e-05
     4143.7684 1.448071e-05
     4144.6686 1.289675e-05
     4145.5687 1.380395e-05
     4146.4689 1.595764e-05
     4147.3695 1.731784e-05
     4148.2696 1.769658e-05
     4149.1698 1.758549e-05
     4150.0699 1.700569e-05
     4150.9700 1.639883e-05
     4151.8707 1.637881e-05
     4152.7708 1.656049e-05
     4153.6709 1.651971e-05
     4154.5711 1.619207e-05
     4155.4712 1.580216e-05
     4156.3718 1.581629e-05
     4157.2720 1.584501e-05
     4158.1721 1.599559e-05
     4159.0723 1.682144e-05
     4159.9724 1.780741e-05
     4160.8730 1.824510e-05
     4161.7732 1.818116e-05
     4162.6733 1.844994e-05
     4163.5734 1.926019e-05
     4164.4736 1.945787e-05
     4165.3742 1.880501e-05
     4166.2743 1.823040e-05
     4167.1745 1.772881e-05
     4168.0746 1.687874e-05
     4168.9748 1.658156e-05
     4169.8754 1.744918e-05
     4170.7755 1.832067e-05
     4171.6757 1.810597e-05
     4172.5758 1.656812e-05
     4173.4759 1.473183e-05
     4174.3766 1.421311e-05
     4175.2767 1.503180e-05
     4176.1768 1.597471e-05
     4177.0770 1.639193e-05
     4177.9771 1.621638e-05
     4178.8777 1.596083e-05
     4179.7779 1.640688e-05
     4180.6780 1.720535e-05
     4181.5782 1.734612e-05
     4182.4783 1.665574e-05
     4183.3789 1.614378e-05
     4184.2791 1.651007e-05
     4185.1792 1.746688e-05
     4186.0793 1.843541e-05
     4186.9795 1.816099e-05
     4187.8801 1.636993e-05
     4188.7802 1.524139e-05
     4189.6804 1.616270e-05
     4190.5805 1.759083e-05
     4191.4807 1.780239e-05
     4192.3813 1.727997e-05
     4193.2814 1.772222e-05
     4194.1816 1.897492e-05
     4195.0817 1.909594e-05
     4195.9818 1.768686e-05
     4196.8825 1.617161e-05
     4197.7826 1.547174e-05
     4198.6827 1.501390e-05
     4199.5829 1.458194e-05
     4200.4830 1.498990e-05
     4201.3836 1.564115e-05
     4202.2838 1.531019e-05
     4203.1839 1.483596e-05
     4204.0841 1.552341e-05
     4204.9842 1.664633e-05
     4205.8848 1.729085e-05
     4206.7850 1.786267e-05
     4207.6851 1.848567e-05
     4208.5852 1.899559e-05
     4209.4854 1.917426e-05
     4210.3860 1.861094e-05
     4211.2861 1.790536e-05
     4212.1863 1.809294e-05
     4213.0864 1.882513e-05
     4213.9866 1.894812e-05
     4214.8872 1.807221e-05
     4215.7873 1.643437e-05
     4216.6875 1.518806e-05
     4217.5876 1.599001e-05
     4218.4877 1.810910e-05
     4219.3884 1.944677e-05
     4220.2885 1.980707e-05
     4221.1886 2.009376e-05
     4222.0888 2.032528e-05
     4222.9889 1.967404e-05
     4223.8895 1.819290e-05
     4224.7897 1.656331e-05
     4225.6898 1.465156e-05
     4226.5900 1.203313e-05
     4227.4901 9.602200e-06
     4228.3907 9.796903e-06
     4229.2909 1.309632e-05
     4230.1910 1.655362e-05
     4231.0911 1.839530e-05
     4231.9913 1.933301e-05
     4232.8919 1.929813e-05
     4233.7921 1.811479e-05
     4234.6922 1.727702e-05
     4235.5923 1.731976e-05
     4236.4925 1.681631e-05
     4237.3931 1.603019e-05
     4238.2932 1.634099e-05
     4239.1934 1.706195e-05
     4240.0935 1.720295e-05
     4240.9936 1.739596e-05
     4241.8943 1.833670e-05
     4242.7944 1.913525e-05
     4243.6946 1.907385e-05
     4244.5947 1.943479e-05
     4245.4948 2.066800e-05
     4246.3955 2.114876e-05
     4247.2956 2.016069e-05
     4248.1957 1.859923e-05
     4249.0959 1.747758e-05
     4249.9960 1.673104e-05
     4250.8966 1.571024e-05
     4251.7968 1.533396e-05
     4252.6969 1.669664e-05
     4253.5971 1.811632e-05
     4254.4972 1.755963e-05
     4255.3978 1.594289e-05
     4256.2980 1.575453e-05
     4257.1981 1.759601e-05
     4258.0982 1.950105e-05
     4258.9984 1.934002e-05
     4259.8990 1.741107e-05
     4260.7991 1.532225e-05
     4261.6993 1.425998e-05
     4262.5994 1.535446e-05
     4263.4996 1.799416e-05
     4264.4002 2.007117e-05
     4265.3003 2.073381e-05
     4266.2005 2.092909e-05
     4267.1006 2.105980e-05
     4268.0007 2.037216e-05
     4268.9014 1.908307e-05
     4269.8015 1.815274e-05
     4270.7016 1.714815e-05
     4271.6018 1.508739e-05
     4272.5019 1.283476e-05
     4273.4026 1.261804e-05
     4274.3027 1.397769e-05
     4275.2028 1.446040e-05
     4276.1030 1.456285e-05
     4277.0031 1.609816e-05
     4277.9037 1.839949e-05
     4278.8039 2.001883e-05
     4279.7040 2.030680e-05
     4280.6042 1.897179e-05
     4281.5043 1.742365e-05
     4282.4049 1.732487e-05
     4283.3051 1.793117e-05
     4284.2052 1.845062e-05
     4285.1053 1.867570e-05
     4286.0055 1.793548e-05
     4286.9061 1.698964e-05
     4287.8062 1.703847e-05
     4288.7064 1.738557e-05
     4289.6065 1.643256e-05
     4290.5067 1.447054e-05
     4291.4073 1.361497e-05
     4292.3074 1.472653e-05
     4293.2076 1.677258e-05
     4294.1077 1.813699e-05
     4295.0078 1.780523e-05
     4295.9085 1.709577e-05
     4296.8086 1.715014e-05
     4297.7087 1.690243e-05
     4298.6089 1.579473e-05
     4299.5090 1.403127e-05
     4300.4097 1.202191e-05
     4301.3098 1.131848e-05
     4302.2099 1.219832e-05
     4303.1101 1.290480e-05
     4304.0102 1.295084e-05
     4304.9108 1.329185e-05
     4305.8110 1.356683e-05
     4306.7111 1.320929e-05
     4307.6113 1.246892e-05
     4308.5114 1.124699e-05
     4309.4120 1.024428e-05
     4310.3122 1.059100e-05
     4311.2123 1.183751e-05
     4312.1124 1.313367e-05
     4313.0126 1.432175e-05
     4313.9132 1.556820e-05
     4314.8133 1.666280e-05
     4315.7135 1.779779e-05
     4316.6136 2.016912e-05
     4317.5138 2.302022e-05
     4318.4144 2.416776e-05
     4319.3145 2.372147e-05
     4320.2147 2.306026e-05
     4321.1148 2.244707e-05
     4322.0149 2.169850e-05
     4322.9156 2.113278e-05
     4323.8157 1.979042e-05
     4324.7158 1.701436e-05
     4325.6160 1.412635e-05
     4326.5161 1.245248e-05
     4327.4168 1.335757e-05
     4328.3169 1.694042e-05
     4329.2170 2.072314e-05
     4330.1172 2.246211e-05
     4331.0173 2.208051e-05
     4331.9179 2.132382e-05
     4332.8181 2.149726e-05
     4333.7182 2.205729e-05
     4334.6184 2.241737e-05
     4335.5185 2.290383e-05
     4336.4191 2.327830e-05
     4337.3193 2.213953e-05
     4338.2194 1.922076e-05
     4339.1195 1.664697e-05
     4340.0197 1.535104e-05
     4340.9203 1.426912e-05
     4341.8204 1.411217e-05
     4342.7206 1.609272e-05
     4343.6207 1.850780e-05
     4344.5209 1.930916e-05
     4345.4215 1.959424e-05
     4346.3216 2.066231e-05
     4347.2218 2.134795e-05
     4348.1219 2.116273e-05
     4349.0220 2.158118e-05
     4349.9227 2.294525e-05
     4350.8228 2.324984e-05
     4351.7230 2.083869e-05
     4352.6231 1.744427e-05
     4353.5232 1.638149e-05
     4354.4239 1.800351e-05
     4355.3240 1.971594e-05
     4356.2241 2.034339e-05
     4357.1243 2.101058e-05
     4358.0244 2.196330e-05
     4358.9250 2.188436e-05
     4359.8252 2.056047e-05
     4360.7253 1.988026e-05
     4361.6255 2.096893e-05
     4362.5256 2.255528e-05
     4363.4262 2.294216e-05
     4364.3264 2.260340e-05
     4365.2265 2.315189e-05
     4366.1266 2.418762e-05
     4367.0268 2.390141e-05
     4367.9274 2.213637e-05
     4368.8276 2.063610e-05
     4369.7277 2.060722e-05
     4370.6278 2.115394e-05
     4371.5280 2.127506e-05
     4372.4286 2.134700e-05
     4373.3287 2.137279e-05
     4374.2289 2.051125e-05
     4375.1290 1.881022e-05
     4376.0292 1.756991e-05
     4376.9298 1.797207e-05
     4377.8299 1.987516e-05
     4378.7301 2.173466e-05
     4379.6302 2.233071e-05
     4380.5303 2.179217e-05
     4381.4310 2.099898e-05
     4382.3311 2.010387e-05
     4383.2312 1.777401e-05
     4384.1314 1.380908e-05
     4385.0315 1.125521e-05
     4385.9322 1.257287e-05
     4386.8323 1.633196e-05
     4387.7324 1.924169e-05
     4388.6326 1.987612e-05
     4389.5327 1.950410e-05
     4390.4333 1.908620e-05
     4391.3335 1.877486e-05
     4392.2336 1.903837e-05
     4393.1338 1.994058e-05
     4394.0339 2.059752e-05
     4394.9345 2.026285e-05
     4395.8347 1.954537e-05
     4396.7348 1.994754e-05
     4397.6349 2.182537e-05
     4398.5351 2.333751e-05
     4399.4357 2.320123e-05
     4400.3359 2.181178e-05
     4401.2360 2.005053e-05
     4402.1361 1.950460e-05
     4403.0363 2.078596e-05
     4403.9369 2.121594e-05
     4404.8370 1.858421e-05
     4405.7372 1.548138e-05
     4406.6373 1.556098e-05
     4407.5375 1.779160e-05
     4408.4381 1.878661e-05
     4409.3382 1.859216e-05
     4410.2384 1.952537e-05
     4411.1385 2.159832e-05
     4412.0386 2.311430e-05
     4412.9393 2.381539e-05
     4413.8394 2.398460e-05
     4414.7395 2.266588e-05
     4415.6397 1.973918e-05
     4416.5398 1.789294e-05
     4417.4405 1.879852e-05
     4418.3406 2.067188e-05
     4419.2407 2.219721e-05
     4420.1409 2.354749e-05
     4421.0410 2.422666e-05
     4421.9416 2.356598e-05
     4422.8418 2.183564e-05
     4423.7419 2.045381e-05
     4424.6421 2.061938e-05
     4425.5422 2.149609e-05
     4426.4428 2.170105e-05
     4427.3430 2.146160e-05
     4428.2431 2.158596e-05
     4429.1432 2.228027e-05
     4430.0434 2.258200e-05
     4430.9440 2.151658e-05
     4431.8442 2.071753e-05
     4432.7443 2.156598e-05
     4433.6444 2.230773e-05
     4434.5446 2.137571e-05
     4435.4452 1.948306e-05
     4436.3453 1.830478e-05
     4437.2455 1.907471e-05
     4438.1456 2.128600e-05
     4439.0458 2.336340e-05
     4439.9464 2.454169e-05
     4440.8465 2.443507e-05
     4441.7467 2.295787e-05
     4442.6468 2.103898e-05
     4443.5469 1.977141e-05
     4444.4476 1.983876e-05
     4445.3477 2.135885e-05
     4446.2479 2.346010e-05
     4447.1480 2.446319e-05
     4448.0481 2.389255e-05
     4448.9488 2.347000e-05
     4449.8489 2.384625e-05
     4450.7490 2.366971e-05
     4451.6492 2.308197e-05
     4452.5493 2.314501e-05
     4453.4499 2.324024e-05
     4454.3501 2.231834e-05
     4455.2502 2.044176e-05
     4456.1504 1.878231e-05
     4457.0505 1.872367e-05
     4457.9511 1.969237e-05
     4458.8513 2.007506e-05
     4459.7514 1.970044e-05
     4460.6516 1.946223e-05
     4461.5517 1.932722e-05
     4462.4523 1.872552e-05
     4463.3525 1.892410e-05
     4464.2526 2.087240e-05
     4465.1527 2.253934e-05
     4466.0529 2.256130e-05
     4466.9535 2.213792e-05
     4467.8536 2.217174e-05
     4468.7538 2.235227e-05
     4469.6539 2.194595e-05
     4470.5541 2.128335e-05
     4471.4547 2.148322e-05
     4472.3548 2.244279e-05
     4473.2550 2.347730e-05
     4474.1551 2.435074e-05
     4475.0553 2.480691e-05
     4475.9559 2.456043e-05
     4476.8560 2.433673e-05
     4477.7562 2.507195e-05
     4478.6563 2.610783e-05
     4479.5564 2.593460e-05
     4480.4571 2.418405e-05
     4481.3572 2.195483e-05
     4482.2573 2.054960e-05
     4483.1575 2.047913e-05
     4484.0576 2.186090e-05
     4484.9583 2.387205e-05
     4485.8584 2.531642e-05
     4486.7585 2.603392e-05
     4487.6587 2.604579e-05
     4488.5588 2.508679e-05
     4489.4594 2.336518e-05
     4490.3596 2.186136e-05
     4491.2597 2.156623e-05
     4492.1599 2.262455e-05
     4493.0600 2.404448e-05
     4493.9606 2.444405e-05
     4494.8608 2.317885e-05
     4495.7609 2.149785e-05
     4496.6611 2.109610e-05
     4497.5612 2.190689e-05
     4498.4618 2.328772e-05
     4499.3620 2.461690e-05
     4500.2621 2.530205e-05
     4501.1622 2.513167e-05
     4502.0624 2.414089e-05
     4502.9630 2.376295e-05
     4503.8631 2.521339e-05
     4504.7633 2.705794e-05
     4505.6634 2.766637e-05
     4506.5636 2.725716e-05
     4507.4642 2.654201e-05
     4508.3643 2.591918e-05
     4509.2645 2.569947e-05
     4510.1646 2.596873e-05
     4511.0648 2.652422e-05
     4511.9654 2.673395e-05
     4512.8655 2.607734e-05
     4513.7657 2.499682e-05
     4514.6658 2.420505e-05
     4515.5659 2.391022e-05
     4516.4666 2.425864e-05
     4517.3667 2.477559e-05
     4518.2669 2.450491e-05
     4519.1670 2.391540e-05
     4520.0671 2.432325e-05
     4520.9678 2.542904e-05
     4521.8679 2.625430e-05
     4522.7680 2.608567e-05
     4523.6682 2.484409e-05
     4524.5683 2.405796e-05
     4525.4689 2.398448e-05
     4526.3691 2.327420e-05
     4527.2692 2.190506e-05
     4528.1694 2.064320e-05
     4529.0695 1.980446e-05
     4529.9701 1.956457e-05
     4530.8703 2.010115e-05
     4531.7704 2.085391e-05
     4532.6706 2.173400e-05
     4533.5707 2.253842e-05
     4534.4713 2.211267e-05
     4535.3715 2.085140e-05
     4536.2716 2.010319e-05
     4537.1717 2.116389e-05
     4538.0719 2.396457e-05
     4538.9725 2.591356e-05
     4539.8727 2.568657e-05
     4540.7728 2.445582e-05
     4541.6729 2.337603e-05
     4542.5731 2.324461e-05
     4543.4737 2.416218e-05
     4544.3738 2.490536e-05
     4545.2740 2.437136e-05
     4546.1741 2.336081e-05
     4547.0743 2.323014e-05
     4547.9749 2.369957e-05
     4548.8750 2.379693e-05
     4549.7752 2.305645e-05
     4550.6753 2.231846e-05
     4551.5754 2.292766e-05
     4552.4761 2.391191e-05
     4553.3762 2.379502e-05
     4554.2764 2.318116e-05
     4555.1765 2.266873e-05
     4556.0766 2.239992e-05
     4556.9773 2.296060e-05
     4557.8774 2.441579e-05
     4558.7775 2.575705e-05
     4559.6777 2.627931e-05
     4560.5778 2.622920e-05
     4561.4785 2.601072e-05
     4562.3786 2.615139e-05
     4563.2787 2.626612e-05
     4564.1789 2.533948e-05
     4565.0790 2.372869e-05
     4565.9796 2.267775e-05
     4566.8798 2.292449e-05
     4567.7799 2.446891e-05
     4568.6801 2.609883e-05
     4569.5802 2.656789e-05
     4570.4808 2.619798e-05
     4571.3810 2.532629e-05
     4572.2811 2.385165e-05
     4573.1813 2.346744e-05
     4574.0814 2.503798e-05
     4574.9820 2.631829e-05
     4575.8822 2.608367e-05
     4576.7823 2.571334e-05
     4577.6824 2.585165e-05
     4578.5826 2.583412e-05
     4579.4832 2.511282e-05
     4580.3834 2.375367e-05
     4581.2835 2.249791e-05
     4582.1836 2.226758e-05
     4583.0838 2.316619e-05
     4583.9844 2.405232e-05
     4584.8845 2.404579e-05
     4585.7847 2.355734e-05
     4586.6848 2.304983e-05
     4587.5850 2.310933e-05
     4588.4856 2.427693e-05
     4589.3857 2.572747e-05
     4590.2859 2.646323e-05
     4591.1860 2.617385e-05
     4592.0862 2.506714e-05
     4592.9868 2.395864e-05
     4593.8869 2.362433e-05
     4594.7871 2.378654e-05
     4595.6872 2.363452e-05
     4596.5873 2.330915e-05
     4597.4880 2.334285e-05
     4598.3881 2.353572e-05
     4599.2883 2.384162e-05
     4600.1884 2.427725e-05
     4601.0885 2.396468e-05
     4601.9892 2.342316e-05
     4602.8893 2.380081e-05
     4603.7894 2.431737e-05
     4604.6896 2.434931e-05
     4605.5897 2.405035e-05
     4606.4903 2.370066e-05
     4607.3905 2.404235e-05
     4608.2906 2.518128e-05
     4609.1908 2.664425e-05
     4610.0909 2.767723e-05
     4610.9915 2.751281e-05
     4611.8917 2.645611e-05
     4612.7918 2.556749e-05
     4613.6920 2.516691e-05
     4614.5921 2.503807e-05
     4615.4927 2.561517e-05
     4616.3929 2.634078e-05
     4617.2930 2.639932e-05
     4618.1931 2.648700e-05
     4619.0933 2.653924e-05
     4619.9939 2.587871e-05
     4620.8941 2.551719e-05
     4621.7942 2.625815e-05
     4622.6943 2.673675e-05
     4623.5945 2.631612e-05
     4624.4951 2.617327e-05
     4625.3952 2.634986e-05
     4626.2954 2.598984e-05
     4627.1955 2.555737e-05
     4628.0957 2.584233e-05
     4628.9963 2.632159e-05
     4629.8964 2.606037e-05
     4630.7966 2.561228e-05
     4631.6967 2.609427e-05
     4632.5969 2.682158e-05
     4633.4975 2.636443e-05
     4634.3976 2.522999e-05
     4635.2978 2.480882e-05
     4636.1979 2.506531e-05
     4637.0981 2.520091e-05
     4637.9987 2.471754e-05
     4638.8988 2.394611e-05
     4639.7990 2.355412e-05
     4640.6991 2.332141e-05
     4641.5992 2.352666e-05
     4642.4999 2.461239e-05
     4643.4000 2.541379e-05
     4644.3002 2.508835e-05
     4645.2003 2.436784e-05
     4646.1004 2.361868e-05
     4647.0011 2.237565e-05
     4647.9012 2.125150e-05
     4648.8013 2.122976e-05
     4649.7015 2.210039e-05
     4650.6016 2.325492e-05
     4651.5023 2.431505e-05
     4652.4024 2.499193e-05
     4653.3025 2.542706e-05
     4654.2027 2.556081e-05
     4655.1028 2.476986e-05
     4656.0034 2.364593e-05
     4656.9036 2.325358e-05
     4657.8037 2.362352e-05
     4658.7039 2.481258e-05
     4659.6040 2.647382e-05
     4660.5046 2.765367e-05
     4661.4048 2.777813e-05
     4662.3049 2.693779e-05
     4663.2051 2.568601e-05
     4664.1052 2.460213e-05
     4665.0058 2.420758e-05
     4665.9060 2.428916e-05
     4666.8061 2.347021e-05
     4667.7062 2.130730e-05
     4668.6064 1.955754e-05
     4669.5070 1.997645e-05
     4670.4072 2.201299e-05
     4671.3073 2.402269e-05
     4672.2074 2.518242e-05
     4673.1076 2.528438e-05
     4674.0082 2.467542e-05
     4674.9083 2.419243e-05
     4675.8085 2.432834e-05
     4676.7086 2.517735e-05
     4677.6088 2.605453e-05
     4678.5094 2.588308e-05
     4679.4095 2.478716e-05
     4680.3097 2.381850e-05
     4681.2098 2.332430e-05
     4682.1100 2.305732e-05
     4683.0106 2.319831e-05
     4683.9107 2.403426e-05
     4684.8109 2.495486e-05
     4685.7110 2.517599e-05
     4686.6111 2.508050e-05
     4687.5118 2.498342e-05
     4688.4119 2.461992e-05
     4689.3121 2.430170e-05
     4690.2122 2.443770e-05
     4691.1123 2.451484e-05
     4692.0130 2.413844e-05
     4692.9131 2.389504e-05
     4693.8132 2.415861e-05
     4694.7134 2.458058e-05
     4695.6135 2.513464e-05
     4696.5142 2.584665e-05
     4697.4143 2.618496e-05
     4698.3144 2.549266e-05
     4699.2146 2.396458e-05
     4700.1147 2.289701e-05
     4701.0154 2.308863e-05
     4701.9155 2.349427e-05
     4702.8156 2.321083e-05
     4703.7158 2.252751e-05
     4704.6159 2.246182e-05
     4705.5165 2.346975e-05
     4706.4167 2.442423e-05
     4707.3168 2.437133e-05
     4708.2170 2.360271e-05
     4709.1171 2.298412e-05
     4710.0177 2.284315e-05
     4710.9179 2.323196e-05
     4711.8180 2.438712e-05
     4712.7182 2.541555e-05
     4713.6183 2.533546e-05
     4714.5189 2.441734e-05
     4715.4191 2.335900e-05
     4716.3192 2.340277e-05
     4717.2193 2.479250e-05
     4718.1195 2.602490e-05
     4719.0201 2.642714e-05
     4719.9203 2.681099e-05
     4720.8204 2.737444e-05
     4721.7205 2.747781e-05
     4722.6207 2.692437e-05
     4723.5213 2.622746e-05
     4724.4214 2.618926e-05
     4725.3216 2.692405e-05
     4726.2217 2.755482e-05
     4727.1219 2.709091e-05
     4728.0225 2.524861e-05
     4728.9226 2.321402e-05
     4729.8228 2.238853e-05
     4730.7229 2.258761e-05
     4731.6231 2.303053e-05
     4732.5237 2.363697e-05
     4733.4238 2.448908e-05
     4734.3240 2.504562e-05
     4735.2241 2.529005e-05
     4736.1243 2.559419e-05
     4737.0249 2.516143e-05
     4737.9250 2.424775e-05
     4738.8252 2.466593e-05
     4739.7253 2.608147e-05
     4740.6254 2.645762e-05
     4741.5261 2.571119e-05
     4742.4262 2.519061e-05
     4743.3264 2.554560e-05
     4744.2265 2.623489e-05
     4745.1266 2.636812e-05
     4746.0273 2.594160e-05
     4746.9274 2.601573e-05
     4747.8276 2.670719e-05
     4748.7277 2.695462e-05
     4749.6278 2.670314e-05
     4750.5285 2.662806e-05
     4751.4286 2.674501e-05
     4752.3287 2.651700e-05
     4753.2289 2.587225e-05
     4754.1290 2.534739e-05
     4755.0297 2.498851e-05
     4755.9298 2.480439e-05
     4756.8299 2.485042e-05
     4757.7301 2.493979e-05
     4758.6302 2.516876e-05
     4759.5308 2.552243e-05
     4760.4310 2.601844e-05
     4761.3311 2.633293e-05
     4762.2313 2.571178e-05
     4763.1314 2.449499e-05
     4764.0320 2.389055e-05
     4764.9322 2.384833e-05
     4765.8323 2.344305e-05
     4766.7325 2.271964e-05
     4767.6326 2.261384e-05
     4768.5332 2.347055e-05
     4769.4334 2.459534e-05
     4770.3335 2.565279e-05
     4771.2337 2.617692e-05
     4772.1338 2.559325e-05
     4773.0344 2.473563e-05
     4773.9346 2.481315e-05
     4774.8347 2.585433e-05
     4775.7348 2.686641e-05
     4776.6350 2.687465e-05
     4777.5356 2.652219e-05
     4778.4358 2.679958e-05
     4779.3359 2.710521e-05
     4780.2360 2.678551e-05
     4781.1362 2.636370e-05
     4782.0368 2.626765e-05
     4782.9369 2.596394e-05
     4783.8371 2.507651e-05
     4784.7372 2.448349e-05
     4785.6374 2.498871e-05
     4786.5380 2.531399e-05
     4787.4381 2.464945e-05
     4788.3383 2.446468e-05
     4789.2384 2.498324e-05
     4790.1386 2.493783e-05
     4791.0392 2.469592e-05
     4791.9393 2.499376e-05
     4792.8395 2.544900e-05
     4793.7396 2.602215e-05
     4794.6398 2.705773e-05
     4795.5404 2.810176e-05
     4796.4405 2.838657e-05
     4797.3407 2.788387e-05
     4798.2408 2.711548e-05
     4799.1410 2.623190e-05
     4800.0416 2.531064e-05
     4800.9417 2.486650e-05
     4801.8419 2.532711e-05
     4802.7420 2.651838e-05
     4803.6421 2.750883e-05
     4804.5428 2.763690e-05
     4805.4429 2.688402e-05
     4806.3431 2.596439e-05
     4807.2432 2.566175e-05
     4808.1433 2.540683e-05
     4809.0440 2.494047e-05
     4809.9441 2.505556e-05
     4810.8442 2.577620e-05
     4811.7444 2.632138e-05
     4812.6445 2.641392e-05
     4813.5452 2.630457e-05
     4814.4453 2.619268e-05
     4815.3454 2.625486e-05
     4816.2456 2.650049e-05
     4817.1457 2.690172e-05
     4818.0464 2.731271e-05
     4818.9465 2.753518e-05
     4819.8466 2.777566e-05
     4820.7468 2.797136e-05
     4821.6469 2.777481e-05
     4822.5475 2.733361e-05
     4823.4477 2.640599e-05
     4824.3478 2.490015e-05
     4825.2480 2.428760e-05
     4826.1481 2.528741e-05
     4827.0487 2.651682e-05
     4827.9489 2.682358e-05
     4828.8490 2.631564e-05
     4829.7492 2.575439e-05
     4830.6493 2.574432e-05
     4831.5499 2.596865e-05
     4832.4501 2.543148e-05
     4833.3502 2.472037e-05
     4834.2504 2.510172e-05
     4835.1505 2.609345e-05
     4836.0511 2.658748e-05
     4836.9513 2.645866e-05
     4837.8514 2.636591e-05
     4838.7515 2.637107e-05
     4839.6517 2.578372e-05
     4840.5523 2.485566e-05
     4841.4525 2.451565e-05
     4842.3526 2.498151e-05
     4843.2527 2.530016e-05
     4844.1529 2.491117e-05
     4845.0535 2.490330e-05
     4845.9537 2.589212e-05
     4846.8538 2.686790e-05
     4847.7539 2.696222e-05
     4848.6541 2.616356e-05
     4849.5547 2.512037e-05
     4850.4548 2.499563e-05
     4851.3550 2.585830e-05
     4852.2551 2.632054e-05
     4853.1553 2.611847e-05
     4854.0559 2.599041e-05
     4854.9560 2.544499e-05
     4855.8562 2.393740e-05
     4856.7563 2.272807e-05
     4857.6565 2.316168e-05
     4858.5571 2.420824e-05
     4859.4572 2.409134e-05
     4860.3574 2.246428e-05
     4861.2575 1.985141e-05
     4862.1577 1.748343e-05
     4863.0583 1.746927e-05
     4863.9584 1.987726e-05
     4864.8586 2.191825e-05
     4865.7587 2.280221e-05
     4866.6589 2.365389e-05
     4867.5595 2.442003e-05
     4868.4596 2.461946e-05
     4869.3598 2.457689e-05
     4870.2599 2.471872e-05
     4871.1600 2.403999e-05
     4872.0607 2.195836e-05
     4872.9608 2.057386e-05
     4873.8610 2.162600e-05
     4874.7611 2.358764e-05
     4875.6612 2.443589e-05
     4876.5619 2.444949e-05
     4877.4620 2.475095e-05
     4878.3622 2.516820e-05
     4879.2623 2.542021e-05
     4880.1624 2.629627e-05
     4881.0631 2.699736e-05
     4881.9632 2.612176e-05
     4882.8633 2.491469e-05
     4883.7635 2.509732e-05
     4884.6636 2.577722e-05
     4885.5643 2.526840e-05
     4886.4644 2.387357e-05
     4887.3645 2.303860e-05
     4888.2647 2.333824e-05
     4889.1648 2.402231e-05
     4890.0655 2.420376e-05
     4890.9656 2.340062e-05
     4891.8657 2.167393e-05
     4892.7659 2.116019e-05
     4893.6660 2.335134e-05
     4894.5666 2.613830e-05
     4895.4668 2.782482e-05
     4896.3669 2.857458e-05
     4897.2671 2.860079e-05
     4898.1672 2.833055e-05
     4899.0678 2.814526e-05
     4899.9680 2.757230e-05
     4900.8681 2.656270e-05
     4901.7683 2.624998e-05
     4902.6684 2.668735e-05
     4903.5690 2.648741e-05
     4904.4692 2.563687e-05
     4905.3693 2.555595e-05
     4906.2695 2.669146e-05
     4907.1696 2.791375e-05
     4908.0702 2.799254e-05
     4908.9704 2.702322e-05
     4909.8705 2.579167e-05
     4910.7707 2.458366e-05
     4911.6708 2.390994e-05
     4912.5714 2.436489e-05
     4913.4716 2.542269e-05
     4914.3717 2.619875e-05
     4915.2719 2.674936e-05
     4916.1720 2.747736e-05
     4917.0726 2.787025e-05
     4917.9728 2.716568e-05
     4918.8729 2.518764e-05
     4919.7730 2.248603e-05
     4920.6732 2.031401e-05
     4921.5738 1.975582e-05
     4922.4740 2.119708e-05
     4923.3741 2.355799e-05
     4924.2742 2.482605e-05
     4925.1744 2.453087e-05
     4926.0750 2.421033e-05
     4926.9752 2.513747e-05
     4927.8753 2.641969e-05
     4928.7754 2.697740e-05
     4929.6756 2.745957e-05
     4930.5762 2.806367e-05
     4931.4763 2.811995e-05
     4932.3765 2.793450e-05
     4933.2766 2.734895e-05
     4934.1768 2.574262e-05
     4935.0774 2.449834e-05
     4935.9775 2.518243e-05
     4936.8777 2.632465e-05
     4937.7778 2.588818e-05
     4938.6780 2.412402e-05
     4939.5786 2.248803e-05
     4940.4787 2.241200e-05
     4941.3789 2.418822e-05
     4942.2790 2.622169e-05
     4943.1792 2.709240e-05
     4944.0798 2.747572e-05
     4944.9799 2.797560e-05
     4945.8801 2.777627e-05
     4946.7802 2.686128e-05
     4947.6804 2.659490e-05
     4948.5810 2.730251e-05
     4949.4811 2.791117e-05
     4950.3813 2.797838e-05
     4951.2814 2.798693e-05
     4952.1816 2.823669e-05
     4953.0822 2.816878e-05
     4953.9823 2.753543e-05
     4954.8825 2.702402e-05
     4955.7826 2.688388e-05
     4956.6827 2.639352e-05
     4957.5834 2.422568e-05
     4958.4835 2.111178e-05
     4959.3837 2.077738e-05
     4960.2838 2.388266e-05
     4961.1839 2.680024e-05
     4962.0846 2.758606e-05
     4962.9847 2.723657e-05
     4963.8849 2.711632e-05
     4964.7850 2.718206e-05
     4965.6851 2.645254e-05
     4966.5858 2.515367e-05
     4967.4859 2.455019e-05
     4968.3861 2.472679e-05
     4969.2862 2.491539e-05
     4970.1863 2.512058e-05
     4971.0870 2.539677e-05
     4971.9871 2.573793e-05
     4972.8872 2.639547e-05
     4973.7874 2.695427e-05
     4974.6875 2.722672e-05
     4975.5882 2.741555e-05
     4976.4883 2.726690e-05
     4977.3884 2.688334e-05
     4978.2886 2.639475e-05
     4979.1887 2.550907e-05
     4980.0894 2.475461e-05
     4980.9895 2.472317e-05
     4981.8896 2.459964e-05
     4982.7898 2.337832e-05
     4983.6899 2.168318e-05
     4984.5905 2.112520e-05
     4985.4907 2.190130e-05
     4986.3908 2.292337e-05
     4987.2910 2.400518e-05
     4988.1911 2.542010e-05
     4989.0917 2.630559e-05
     4989.9919 2.618105e-05
     4990.8920 2.564626e-05
     4991.7922 2.507849e-05
     4992.6923 2.500631e-05
     4993.5929 2.558718e-05
     4994.4931 2.564155e-05
     4995.3932 2.530077e-05
     4996.2934 2.568514e-05
     4997.1935 2.621601e-05
     4998.0941 2.621261e-05
     4998.9943 2.593993e-05
     4999.8944 2.518499e-05
     5000.7946 2.403596e-05
     5001.6947 2.339892e-05
     5002.5953 2.339518e-05
     5003.4955 2.359957e-05
     5004.3956 2.388390e-05
     5005.2958 2.383451e-05
     5006.1959 2.286917e-05
     5007.0965 2.151496e-05
     5007.9967 2.145293e-05
     5008.8968 2.314423e-05
     5009.7970 2.495048e-05
     5010.6971 2.548492e-05
     5011.5977 2.513808e-05
     5012.4979 2.425287e-05
     5013.3980 2.283111e-05
     5014.2981 2.164020e-05
     5015.1983 2.115632e-05
     5016.0989 2.166800e-05
     5016.9991 2.288497e-05
     5017.8992 2.341654e-05
     5018.7993 2.294691e-05
     5019.6995 2.274041e-05
     5020.6001 2.340101e-05
     5021.5003 2.399396e-05
     5022.4004 2.373192e-05
     5023.3005 2.303105e-05
     5024.2007 2.316367e-05
     5025.1013 2.421351e-05
     5026.0015 2.492969e-05
     5026.9016 2.496685e-05
     5027.8017 2.433037e-05
     5028.7019 2.334479e-05
     5029.6025 2.354692e-05
     5030.5027 2.480374e-05
     5031.4028 2.557790e-05
     5032.3029 2.587226e-05
     5033.2031 2.644830e-05
     5034.1037 2.722062e-05
     5035.0038 2.740584e-05
     5035.9040 2.621566e-05
     5036.8041 2.420610e-05
     5037.7043 2.343677e-05
     5038.6049 2.418784e-05
     5039.5050 2.431051e-05
     5040.4052 2.301345e-05
     5041.3053 2.108106e-05
     5042.2055 1.954788e-05
     5043.1061 2.018855e-05
     5044.0062 2.287566e-05
     5044.9064 2.513690e-05
     5045.8065 2.631946e-05
     5046.7067 2.723063e-05
     5047.6073 2.759959e-05
     5048.5074 2.664104e-05
     5049.4076 2.471816e-05
     5050.3077 2.333152e-05
     5051.2079 2.318938e-05
     5052.1085 2.354345e-05
     5053.0086 2.374430e-05
     5053.9088 2.420561e-05
     5054.8089 2.510090e-05
     5055.7091 2.596930e-05
     5056.6097 2.637646e-05
     5057.5098 2.631365e-05
     5058.4100 2.630154e-05
     5059.3101 2.653047e-05
     5060.2103 2.667760e-05
     5061.1109 2.680698e-05
     5062.0110 2.724873e-05
     5062.9112 2.761689e-05
     5063.8113 2.736072e-05
     5064.7115 2.611888e-05
     5065.6121 2.413731e-05
     5066.5122 2.317654e-05
     5067.4124 2.390406e-05
     5068.3125 2.452849e-05
     5069.2126 2.424832e-05
     5070.1133 2.422447e-05
     5071.0134 2.504910e-05
     5071.9136 2.556811e-05
     5072.8137 2.483087e-05
     5073.7138 2.407673e-05
     5074.6145 2.456893e-05
     5075.5146 2.523816e-05
     5076.4148 2.500899e-05
     5077.3149 2.473501e-05
     5078.2150 2.516778e-05
     5079.1157 2.517050e-05
     5080.0158 2.340917e-05
     5080.9160 2.128886e-05
     5081.8161 2.104206e-05
     5082.7162 2.227168e-05
     5083.6169 2.316190e-05
     5084.5170 2.329259e-05
     5085.4172 2.365614e-05
     5086.3173 2.452264e-05
     5087.2174 2.516804e-05
     5088.1181 2.523660e-05
     5089.0182 2.510532e-05
     5089.9184 2.524249e-05
     5090.8185 2.552536e-05
     5091.7186 2.558533e-05
     5092.6193 2.565958e-05
     5093.5194 2.621701e-05
     5094.4195 2.685162e-05
     5095.3197 2.677097e-05
     5096.2198 2.602671e-05
     5097.1205 2.522774e-05
     5098.0206 2.445854e-05
     5098.9207 2.340286e-05
     5099.8209 2.212453e-05
     5100.7210 2.186510e-05
     5101.6217 2.329253e-05
     5102.5218 2.497818e-05
     5103.4219 2.564574e-05
     5104.3221 2.533808e-05
     5105.2222 2.476614e-05
     5106.1229 2.449011e-05
     5107.0230 2.441107e-05
     5107.9231 2.394641e-05
     5108.8233 2.330800e-05
     5109.7234 2.326151e-05
     5110.6241 2.332001e-05
     5111.5242 2.321380e-05
     5112.4243 2.380294e-05
     5113.3245 2.474796e-05
     5114.2246 2.516456e-05
     5115.1253 2.542076e-05
     5116.0254 2.569928e-05
     5116.9255 2.578450e-05
     5117.8257 2.610971e-05
     5118.7258 2.666785e-05
     5119.6264 2.680537e-05
     5120.5266 2.642010e-05
     5121.4267 2.571539e-05
     5122.3269 2.495885e-05
     5123.2270 2.429830e-05
     5124.1276 2.336074e-05
     5125.0278 2.237464e-05
     5125.9279 2.221473e-05
     5126.8281 2.269611e-05
     5127.7282 2.307961e-05
     5128.6288 2.312169e-05
     5129.5290 2.300044e-05
     5130.4291 2.287221e-05
     5131.3293 2.312180e-05
     5132.2294 2.389417e-05
     5133.1300 2.455371e-05
     5134.0302 2.464951e-05
     5134.9303 2.453340e-05
     5135.8305 2.501832e-05
     5136.7306 2.558234e-05
     5137.6312 2.506532e-05
     5138.5314 2.398135e-05
     5139.4315 2.306189e-05
     5140.3317 2.238123e-05
     5141.2318 2.288714e-05
     5142.1324 2.400309e-05
     5143.0326 2.356664e-05
     5143.9327 2.250154e-05
     5144.8329 2.296209e-05
     5145.7330 2.394373e-05
     5146.6336 2.378481e-05
     5147.5338 2.305449e-05
     5148.4339 2.266113e-05
     5149.3341 2.287507e-05
     5150.2342 2.354173e-05
     5151.1348 2.384362e-05
     5152.0350 2.341235e-05
     5152.9351 2.295014e-05
     5153.8353 2.282410e-05
     5154.7354 2.279463e-05
     5155.6360 2.301915e-05
     5156.5362 2.374042e-05
     5157.4363 2.464987e-05
     5158.3365 2.547635e-05
     5159.2366 2.586454e-05
     5160.1372 2.566946e-05
     5161.0374 2.559588e-05
     5161.9375 2.576673e-05
     5162.8377 2.522670e-05
     5163.7378 2.423857e-05
     5164.6384 2.382557e-05
     5165.5386 2.326792e-05
     5166.4387 2.150593e-05
     5167.3389 1.883941e-05
     5168.2390 1.627931e-05
     5169.1396 1.546367e-05
     5170.0398 1.716193e-05
     5170.9399 1.982124e-05
     5171.8401 2.056829e-05
     5172.7402 1.808014e-05
     5173.6408 1.498526e-05
     5174.5410 1.514771e-05
     5175.4411 1.872394e-05
     5176.3412 2.228948e-05
     5177.2414 2.373746e-05
     5178.1420 2.399460e-05
     5179.0422 2.424417e-05
     5179.9423 2.437332e-05
     5180.8424 2.404373e-05
     5181.7426 2.328387e-05
     5182.6432 2.171639e-05
     5183.5434 1.868395e-05
     5184.4435 1.519936e-05
     5185.3436 1.448137e-05
     5186.2438 1.768580e-05
     5187.1444 2.181901e-05
     5188.0446 2.417430e-05
     5188.9447 2.458280e-05
     5189.8448 2.444586e-05
     5190.7450 2.507516e-05
     5191.6456 2.524396e-05
     5192.5458 2.331673e-05
     5193.4459 2.118869e-05
     5194.3460 2.143280e-05
     5195.2462 2.290643e-05
     5196.1468 2.332923e-05
     5197.0470 2.323747e-05
     5197.9471 2.383473e-05
     5198.8472 2.466030e-05
     5199.7474 2.522652e-05
     5200.6480 2.570516e-05
     5201.5482 2.590972e-05
     5202.4483 2.559033e-05
     5203.3484 2.508462e-05
     5204.2486 2.467993e-05
     5205.1492 2.367832e-05
     5206.0494 2.184481e-05
     5206.9495 2.066469e-05
     5207.8496 2.081578e-05
     5208.7498 2.089074e-05
     5209.6504 2.028556e-05
     5210.5506 2.062392e-05
     5211.4507 2.214853e-05
     5212.3508 2.386485e-05
     5213.2510 2.540312e-05
     5214.1516 2.635652e-05
     5215.0518 2.633291e-05
     5215.9519 2.525317e-05
     5216.8520 2.395284e-05
     5217.7522 2.356374e-05
     5218.6528 2.421341e-05
     5219.5529 2.536787e-05
     5220.4531 2.632915e-05
     5221.3532 2.672287e-05
     5222.2534 2.684766e-05
     5223.1540 2.671632e-05
     5224.0541 2.603423e-05
     5224.9543 2.481957e-05
     5225.8544 2.335184e-05
     5226.7546 2.176229e-05
     5227.6552 2.022580e-05
     5228.5553 2.015528e-05
     5229.4555 2.241574e-05
     5230.3556 2.488617e-05
     5231.2558 2.590635e-05
     5232.1564 2.620615e-05
     5233.0565 2.570323e-05
     5233.9567 2.420990e-05
     5234.8568 2.341522e-05
     5235.7570 2.395767e-05
     5236.6576 2.493096e-05
     5237.5577 2.607170e-05
     5238.4579 2.701739e-05
     5239.3580 2.727377e-05
     5240.2582 2.702062e-05
     5241.1588 2.679076e-05
     5242.0589 2.687654e-05
     5242.9591 2.690421e-05
     5243.8592 2.663058e-05
     5244.7594 2.675199e-05
     5245.6600 2.746419e-05
     5246.5601 2.751859e-05
     5247.4603 2.605282e-05
     5248.3604 2.442621e-05
     5249.2606 2.436580e-05
     5250.1612 2.500054e-05
     5251.0613 2.460923e-05
     5251.9615 2.398299e-05
     5252.8616 2.450169e-05
     5253.7618 2.550158e-05
     5254.6624 2.577541e-05
     5255.5625 2.506145e-05
     5256.4627 2.444880e-05
     5257.3628 2.535654e-05
     5258.2630 2.709520e-05
     5259.1636 2.813046e-05
     5260.0637 2.827231e-05
     5260.9639 2.774208e-05
     5261.8640 2.666102e-05
     5262.7642 2.507757e-05
     5263.6648 2.329853e-05
     5264.5649 2.187218e-05
     5265.4651 2.093204e-05
     5266.3652 2.017365e-05
     5267.2654 1.994905e-05
     5268.1660 2.123864e-05
     5269.0661 2.248212e-05
     5269.9663 2.094213e-05
     5270.8664 1.823858e-05
     5271.7666 1.855273e-05
     5272.6672 2.180496e-05
     5273.5673 2.429618e-05
     5274.4675 2.478328e-05
     5275.3676 2.451702e-05
     5276.2678 2.397934e-05
     5277.1684 2.403061e-05
     5278.0685 2.563500e-05
     5278.9687 2.748988e-05
     5279.8688 2.808272e-05
     5280.7690 2.747257e-05
     5281.6696 2.633296e-05
     5282.5697 2.531236e-05
     5283.4699 2.462713e-05
     5284.3700 2.407395e-05
     5285.2702 2.408704e-05
     5286.1708 2.557919e-05
     5287.0709 2.774241e-05
     5287.9711 2.884144e-05
     5288.8712 2.858873e-05
     5289.7714 2.804808e-05
     5290.6720 2.816773e-05
     5291.5721 2.876079e-05
     5292.4723 2.902086e-05
     5293.3724 2.863256e-05
     5294.2726 2.803009e-05
     5295.1732 2.781464e-05
     5296.0733 2.770377e-05
     5296.9735 2.680891e-05
     5297.8736 2.491021e-05
     5298.7738 2.305958e-05
     5299.6744 2.294266e-05
     5300.5745 2.462741e-05
     5301.4747 2.597037e-05
     5302.3748 2.594526e-05
     5303.2750 2.581490e-05
     5304.1756 2.660189e-05
     5305.0757 2.795944e-05
     5305.9759 2.894771e-05
     5306.8760 2.907563e-05
     5307.7762 2.845620e-05
     5308.6768 2.786475e-05
     5309.5769 2.804972e-05
     5310.4771 2.873853e-05
     5311.3772 2.913786e-05
     5312.2774 2.905094e-05
     5313.1780 2.871187e-05
     5314.0781 2.826936e-05
     5314.9783 2.801553e-05
     5315.8784 2.796512e-05
     5316.7786 2.763154e-05
     5317.6792 2.705315e-05
     5318.5793 2.693853e-05
     5319.4795 2.731867e-05
     5320.3796 2.752448e-05
     5321.2798 2.750066e-05
     5322.1804 2.745570e-05
     5323.0805 2.731004e-05
     5323.9807 2.669413e-05
     5324.8808 2.542777e-05
     5325.7810 2.468334e-05
     5326.6816 2.524609e-05
     5327.5817 2.521761e-05
     5328.4819 2.279194e-05
     5329.3820 1.979935e-05
     5330.2822 1.989924e-05
     5331.1828 2.300326e-05
     5332.0829 2.582153e-05
     5332.9831 2.668241e-05
     5333.8832 2.638181e-05
     5334.7834 2.656783e-05
     5335.6840 2.756038e-05
     5336.5841 2.821545e-05
     5337.4843 2.804022e-05
     5338.3844 2.767860e-05
     5339.2846 2.748524e-05
     5340.1852 2.668450e-05
     5341.0853 2.492621e-05
     5341.9855 2.379353e-05
     5342.8856 2.470072e-05
     5343.7858 2.642964e-05
     5344.6864 2.732326e-05
     5345.5865 2.730451e-05
     5346.4867 2.671045e-05
     5347.3868 2.629339e-05
     5348.2870 2.649173e-05
     5349.1876 2.630359e-05
     5350.0877 2.553334e-05
     5350.9879 2.548459e-05
     5351.8880 2.661991e-05
     5352.7882 2.786356e-05
     5353.6888 2.824471e-05
     5354.5889 2.819724e-05
     5355.4891 2.862352e-05
     5356.3892 2.932132e-05
     5357.2894 2.962512e-05
     5358.1900 2.963176e-05
     5359.0901 2.960592e-05
     5359.9903 2.954691e-05
     5360.8904 2.938890e-05
     5361.7906 2.894659e-05
     5362.6912 2.818657e-05
     5363.5913 2.761600e-05
     5364.4915 2.749123e-05
     5365.3916 2.723119e-05
     5366.2918 2.669921e-05
     5367.1924 2.657251e-05
     5368.0925 2.673551e-05
     5368.9927 2.673383e-05
     5369.8928 2.636086e-05
     5370.7930 2.505605e-05
     5371.6936 2.320207e-05
     5372.5937 2.241957e-05
     5373.4939 2.384603e-05
     5374.3940 2.637776e-05
     5375.2942 2.807625e-05
     5376.1948 2.870856e-05
     5377.0949 2.859896e-05
     5377.9951 2.805371e-05
     5378.8952 2.787690e-05
     5379.7954 2.823426e-05
     5380.6960 2.836032e-05
     5381.5961 2.800239e-05
     5382.4963 2.762982e-05
     5383.3964 2.728662e-05
     5384.2966 2.682238e-05
     5385.1972 2.689851e-05
     5386.0973 2.768672e-05
     5386.9975 2.821075e-05
     5387.8976 2.810787e-05
     5388.7978 2.778868e-05
     5389.6984 2.732804e-05
     5390.5985 2.661234e-05
     5391.4987 2.597890e-05
     5392.3988 2.573379e-05
     5393.2990 2.575652e-05
     5394.1996 2.579438e-05
     5395.0997 2.582626e-05
     5395.9999 2.594492e-05
     5396.9000 2.555007e-05
     5397.8002 2.418294e-05
     5398.7008 2.343718e-05
     5399.6009 2.466203e-05
     5400.5011 2.617603e-05
     5401.4012 2.644224e-05
     5402.3014 2.638806e-05
     5403.2020 2.684608e-05
     5404.1021 2.676101e-05
     5405.0023 2.518784e-05
     5405.9024 2.305253e-05
     5406.8026 2.194344e-05
     5407.7032 2.262106e-05
     5408.6033 2.436894e-05
     5409.5035 2.538789e-05
     5410.4036 2.485419e-05
     5411.3038 2.409125e-05
     5412.2044 2.472111e-05
     5413.1045 2.630258e-05
     5414.0047 2.738231e-05
     5414.9048 2.745152e-05
     5415.8050 2.703262e-05
     5416.7056 2.701724e-05
     5417.6057 2.775634e-05
     5418.5059 2.845404e-05
     5419.4060 2.843629e-05
     5420.3062 2.784275e-05
     5421.2068 2.708535e-05
     5422.1069 2.678023e-05
     5423.0071 2.725111e-05
     5423.9072 2.748681e-05
     5424.8074 2.656300e-05
     5425.7080 2.574678e-05
     5426.6081 2.648500e-05
     5427.5083 2.800685e-05
     5428.4084 2.883869e-05
     5429.3086 2.792765e-05
     5430.2092 2.541728e-05
     5431.1093 2.385714e-05
     5432.0095 2.494646e-05
     5432.9096 2.642807e-05
     5433.8098 2.622105e-05
     5434.7104 2.516632e-05
     5435.6105 2.439206e-05
     5436.5107 2.435362e-05
     5437.4108 2.499636e-05
     5438.3110 2.603932e-05
     5439.2116 2.733914e-05
     5440.1117 2.843564e-05
     5441.0119 2.899896e-05
     5441.9120 2.909475e-05
     5442.8122 2.899169e-05
     5443.7128 2.897723e-05
     5444.6129 2.884622e-05
     5445.5131 2.805266e-05
     5446.4132 2.640969e-05
     5447.3134 2.434626e-05
     5448.2140 2.326704e-05
     5449.1142 2.436760e-05
     5450.0143 2.645626e-05
     5450.9144 2.774748e-05
     5451.8146 2.801409e-05
     5452.7152 2.777510e-05
     5453.6154 2.744014e-05
     5454.5155 2.692037e-05
     5455.4156 2.577246e-05
     5456.3158 2.414920e-05
     5457.2164 2.365657e-05
     5458.1166 2.519638e-05
     5459.0167 2.722271e-05
     5459.9168 2.822602e-05
     5460.8170 2.810040e-05
     5461.7176 2.746735e-05
     5462.6178 2.678508e-05
     5463.5179 2.587427e-05
     5464.4180 2.511650e-05
     5465.3182 2.553705e-05
     5466.2188 2.665362e-05
     5467.1190 2.708578e-05
     5468.0191 2.699138e-05
     5468.9192 2.720815e-05
     5469.8194 2.741908e-05
     5470.7200 2.704884e-05
     5471.6202 2.650632e-05
     5472.5203 2.652791e-05
     5473.4204 2.666675e-05
     5474.3206 2.619817e-05
     5475.2212 2.579915e-05
     5476.1214 2.573636e-05
     5477.0215 2.479502e-05
     5477.9216 2.333712e-05
     5478.8218 2.360155e-05
     5479.7224 2.556320e-05
     5480.6226 2.685883e-05
     5481.5227 2.626346e-05
     5482.4228 2.492946e-05
     5483.3230 2.465247e-05
     5484.2236 2.552593e-05
     5485.1238 2.670534e-05
     5486.0239 2.775005e-05
     5486.9240 2.803448e-05
     5487.8242 2.715101e-05
     5488.7248 2.595761e-05
     5489.6250 2.576377e-05
     5490.5251 2.632055e-05
     5491.4252 2.669337e-05
     5492.3254 2.704215e-05
     5493.2260 2.733267e-05
     5494.1262 2.699631e-05
     5495.0263 2.648579e-05
     5495.9265 2.665244e-05
     5496.8266 2.705540e-05
     5497.7272 2.671512e-05
     5498.6274 2.608418e-05
     5499.5275 2.649140e-05
     5500.4277 2.757821e-05
     5501.3278 2.774485e-05
     5502.2284 2.678216e-05
     5503.1286 2.592693e-05
     5504.0287 2.587902e-05
     5504.9289 2.622678e-05
     5505.8290 2.640136e-05
     5506.7296 2.593623e-05
     5507.6298 2.523188e-05
     5508.5299 2.552149e-05
     5509.4301 2.658948e-05
     5510.3302 2.708929e-05
     5511.2308 2.684439e-05
     5512.1310 2.627425e-05
     5513.0311 2.539209e-05
     5513.9313 2.465546e-05
     5514.8314 2.465471e-05
     5515.7320 2.513049e-05
     5516.6322 2.569001e-05
     5517.5323 2.615012e-05
     5518.4325 2.666790e-05
     5519.3326 2.748184e-05
     5520.2332 2.806104e-05
     5521.1334 2.799946e-05
     5522.0335 2.772067e-05
     5522.9337 2.761478e-05
     5523.8338 2.762909e-05
     5524.7344 2.766164e-05
     5525.6346 2.758253e-05
     5526.5347 2.727548e-05
     5527.4349 2.673568e-05
     5528.3350 2.578209e-05
     5529.2356 2.469130e-05
     5530.1358 2.468572e-05
     5531.0359 2.601497e-05
     5531.9361 2.722304e-05
     5532.8362 2.744234e-05
     5533.7368 2.717333e-05
     5534.6370 2.700479e-05
     5535.5371 2.677487e-05
     5536.4373 2.643433e-05
     5537.3374 2.653531e-05
     5538.2380 2.688013e-05
     5539.1382 2.692765e-05
     5540.0383 2.704230e-05
     5540.9385 2.756432e-05
     5541.8386 2.811616e-05
     5542.7392 2.821474e-05
     5543.6394 2.771124e-05
     5544.5395 2.709257e-05
     5545.4397 2.702236e-05
     5546.3398 2.723990e-05
     5547.2404 2.716480e-05
     5548.1406 2.719173e-05
     5549.0407 2.779734e-05
     5549.9409 2.843842e-05
     5550.8410 2.861484e-05
     5551.7416 2.857990e-05
     5552.6418 2.849453e-05
     5553.5419 2.818788e-05
     5554.4421 2.759153e-05
     5555.3422 2.706046e-05
     5556.2428 2.701986e-05
     5557.1430 2.738578e-05
     5558.0431 2.755156e-05
     5558.9433 2.739706e-05
     5559.8434 2.739500e-05
     5560.7441 2.754655e-05
     5561.6442 2.750985e-05
     5562.5443 2.723727e-05
     5563.4445 2.677897e-05
     5564.3446 2.645268e-05
     5565.2453 2.657025e-05
     5566.1454 2.662876e-05
     5567.0455 2.625847e-05
     5567.9457 2.605521e-05
     5568.8458 2.628632e-05
     5569.7465 2.638188e-05
     5570.6466 2.615843e-05
     5571.5467 2.642644e-05
     5572.4469 2.700027e-05
     5573.3470 2.652891e-05
     5574.2477 2.568516e-05
     5575.1478 2.614808e-05
     5576.0479 2.713193e-05
     5576.9481 2.721693e-05
     5577.8482 2.706393e-05
     5578.7489 2.730601e-05
     5579.6490 2.735341e-05
     5580.5491 2.731549e-05
     5581.4493 2.753428e-05
     5582.3494 2.745389e-05
     5583.2501 2.704301e-05
     5584.1502 2.697518e-05
     5585.0504 2.705090e-05
     5585.9505 2.668147e-05
     5586.8506 2.575686e-05
     5587.7513 2.442978e-05
     5588.6514 2.338708e-05
     5589.5516 2.319371e-05
     5590.4517 2.362725e-05
     5591.3518 2.445832e-05
     5592.2525 2.535475e-05
     5593.1526 2.575544e-05
     5594.0528 2.565873e-05
     5594.9529 2.536844e-05
     5595.8530 2.540259e-05
     5596.7537 2.643280e-05
     5597.6538 2.754543e-05
     5598.5540 2.723731e-05
     5599.4541 2.597523e-05
     5600.3542 2.534900e-05
     5601.2549 2.538625e-05
     5602.1550 2.509321e-05
     5603.0552 2.455481e-05
     5603.9553 2.441688e-05
     5604.8554 2.517706e-05
     5605.7561 2.663600e-05
     5606.6562 2.782762e-05
     5607.5564 2.834639e-05
     5608.4565 2.838865e-05
     5609.3566 2.823453e-05
     5610.2573 2.809384e-05
     5611.1574 2.804170e-05
     5612.0576 2.815125e-05
     5612.9577 2.842041e-05
     5613.8579 2.857709e-05
     5614.7585 2.796193e-05
     5615.6586 2.600337e-05
     5616.5588 2.382173e-05
     5617.4589 2.360804e-05
     5618.3591 2.520852e-05
     5619.2597 2.642225e-05
     5620.1598 2.647603e-05
     5621.0600 2.623939e-05
     5621.9601 2.651659e-05
     5622.8603 2.718815e-05
     5623.7609 2.741604e-05
     5624.6610 2.649939e-05
     5625.5612 2.498294e-05
     5626.4613 2.444363e-05
     5627.3615 2.529552e-05
     5628.2621 2.628206e-05
     5629.1622 2.671771e-05
     5630.0624 2.713772e-05
     5630.9625 2.770565e-05
     5631.8627 2.802633e-05
     5632.7633 2.803297e-05
     5633.6634 2.785923e-05
     5634.5636 2.753688e-05
     5635.4637 2.714516e-05
     5636.3639 2.680972e-05
     5637.2645 2.643496e-05
     5638.1646 2.601596e-05
     5639.0648 2.591273e-05
     5639.9649 2.631536e-05
     5640.8651 2.671526e-05
     5641.7657 2.647372e-05
     5642.6658 2.594810e-05
     5643.5660 2.595082e-05
     5644.4661 2.630308e-05
     5645.3663 2.649268e-05
     5646.2669 2.666006e-05
     5647.1670 2.688967e-05
     5648.0672 2.711619e-05
     5648.9673 2.724043e-05
     5649.8675 2.705597e-05
     5650.7681 2.671534e-05
     5651.6683 2.671173e-05
     5652.5684 2.719163e-05
     5653.4685 2.770585e-05
     5654.3687 2.769014e-05
     5655.2693 2.699178e-05
     5656.1695 2.629556e-05
     5657.0696 2.644968e-05
     5657.9697 2.666991e-05
     5658.8699 2.553643e-05
     5659.7705 2.402698e-05
     5660.6707 2.426743e-05
     5661.5708 2.570781e-05
     5662.4709 2.621105e-05
     5663.3711 2.565854e-05
     5664.2717 2.548416e-05
     5665.1719 2.619946e-05
     5666.0720 2.706055e-05
     5666.9721 2.737078e-05
     5667.8723 2.698770e-05
     5668.7729 2.641626e-05
     5669.6731 2.628880e-05
     5670.5732 2.653577e-05
     5671.4733 2.671707e-05
     5672.3735 2.685693e-05
     5673.2741 2.733960e-05
     5674.1743 2.804851e-05
     5675.0744 2.835147e-05
     5675.9746 2.803344e-05
     5676.8747 2.772884e-05
     5677.7753 2.798400e-05
     5678.6755 2.826310e-05
     5679.5756 2.799246e-05
     5680.4758 2.757355e-05
     5681.3759 2.750755e-05
     5682.2765 2.741115e-05
     5683.1767 2.671819e-05
     5684.0768 2.603587e-05
     5684.9770 2.623402e-05
     5685.8771 2.688907e-05
     5686.7777 2.709178e-05
     5687.6779 2.658698e-05
     5688.5780 2.598184e-05
     5689.4782 2.587082e-05
     5690.3783 2.632958e-05
     5691.2789 2.703451e-05
     5692.1791 2.752874e-05
     5693.0792 2.789760e-05
     5693.9794 2.817475e-05
     5694.8795 2.807025e-05
     5695.7801 2.775745e-05
     5696.6803 2.769435e-05
     5697.5804 2.787086e-05
     5698.4806 2.770214e-05
     5699.3807 2.699521e-05
     5700.2813 2.653870e-05
     5701.1815 2.647710e-05
     5702.0816 2.611445e-05
     5702.9818 2.564129e-05
     5703.8819 2.576277e-05
     5704.7825 2.644002e-05
     5705.6827 2.693566e-05
     5706.5828 2.666896e-05
     5707.4830 2.590911e-05
     5708.3831 2.531232e-05
     5709.2838 2.480911e-05
     5710.1839 2.430387e-05
     5711.0840 2.434776e-05
     5711.9842 2.470431e-05
     5712.8843 2.475441e-05
     5713.7850 2.521956e-05
     5714.6851 2.638119e-05
     5715.5852 2.718321e-05
     5716.4854 2.739582e-05
     5717.3855 2.755831e-05
     5718.2862 2.763438e-05
     5719.1863 2.757643e-05
     5720.0864 2.774792e-05
     5720.9866 2.804743e-05
     5721.8867 2.820675e-05
     5722.7874 2.843820e-05
     5723.6875 2.874656e-05
     5724.5876 2.883292e-05
     5725.4878 2.871805e-05
     5726.3879 2.855008e-05
     5727.2886 2.809457e-05
     5728.1887 2.737181e-05
     5729.0889 2.720639e-05
     5729.9890 2.789101e-05
     5730.8891 2.841197e-05
     5731.7898 2.797911e-05
     5732.6899 2.715942e-05
     5733.5901 2.711214e-05
     5734.4902 2.783715e-05
     5735.3903 2.843537e-05
     5736.2910 2.859794e-05
     5737.1911 2.844476e-05
     5738.0913 2.815893e-05
     5738.9914 2.799653e-05
     5739.8915 2.797799e-05
     5740.7922 2.800788e-05
     5741.6923 2.808226e-05
     5742.5925 2.807290e-05
     5743.4926 2.785123e-05
     5744.3928 2.765327e-05
     5745.2934 2.791274e-05
     5746.1935 2.852344e-05
     5747.0937 2.885441e-05
     5747.9938 2.842013e-05
     5748.8940 2.744576e-05
     5749.7946 2.698076e-05
     5750.6947 2.756399e-05
     5751.5949 2.838432e-05
     5752.4950 2.845367e-05
     5753.3952 2.761217e-05
     5754.2958 2.643601e-05
     5755.1959 2.575028e-05
     5756.0961 2.616280e-05
     5756.9962 2.737853e-05
     5757.8964 2.838031e-05
     5758.7970 2.876301e-05
     5759.6971 2.867931e-05
     5760.5973 2.818037e-05
     5761.4974 2.742583e-05
     5762.3976 2.666040e-05
     5763.2982 2.601612e-05
     5764.1983 2.589303e-05
     5765.0985 2.679153e-05
     5765.9986 2.808454e-05
     5766.8988 2.873359e-05
     5767.7994 2.881584e-05
     5768.6995 2.882582e-05
     5769.5997 2.878682e-05
     5770.4998 2.865046e-05
     5771.4000 2.851112e-05
     5772.3006 2.829017e-05
     5773.2008 2.794766e-05
     5774.1009 2.778495e-05
     5775.0010 2.776287e-05
     5775.9012 2.763281e-05
     5776.8018 2.769642e-05
     5777.7020 2.804978e-05
     5778.6021 2.834009e-05
     5779.5022 2.834932e-05
     5780.4024 2.795705e-05
     5781.3030 2.691315e-05
     5782.2032 2.554058e-05
     5783.1033 2.487609e-05
     5784.0034 2.521108e-05
     5784.9036 2.561273e-05
     5785.8042 2.531077e-05
     5786.7044 2.492049e-05
     5787.6045 2.548484e-05
     5788.5047 2.660378e-05
     5789.4048 2.733162e-05
     5790.3054 2.765833e-05
     5791.2056 2.748222e-05
     5792.1057 2.686941e-05
     5793.0059 2.676303e-05
     5793.9060 2.734760e-05
     5794.8066 2.792308e-05
     5795.7068 2.835977e-05
     5796.6069 2.865574e-05
     5797.5071 2.840101e-05
     5798.4072 2.755435e-05
     5799.3078 2.695106e-05
     5800.2080 2.742457e-05
     5801.1081 2.848229e-05
     5802.0083 2.911969e-05
     5802.9084 2.928334e-05
     5803.8090 2.917631e-05
     5804.7092 2.858006e-05
     5805.6093 2.772895e-05
     5806.5095 2.733607e-05
     5807.4096 2.746444e-05
     5808.3102 2.773101e-05
     5809.2104 2.793510e-05
     5810.1105 2.802922e-05
     5811.0107 2.815014e-05
     5811.9108 2.839397e-05
     5812.8114 2.856423e-05
     5813.7116 2.855695e-05
     5814.6117 2.844259e-05
     5815.5119 2.813905e-05
     5816.4120 2.755394e-05
     5817.3127 2.699926e-05
     5818.2128 2.707782e-05
     5819.1129 2.790019e-05
     5820.0131 2.873130e-05
     5820.9132 2.905837e-05
     5821.8139 2.906596e-05
     5822.7140 2.894239e-05
     5823.6141 2.870935e-05
     5824.5143 2.850228e-05
     5825.4144 2.850748e-05
     5826.3151 2.868695e-05
     5827.2152 2.877347e-05
     5828.1153 2.868879e-05
     5829.0155 2.861079e-05
     5829.9156 2.871523e-05
     5830.8163 2.890510e-05
     5831.7164 2.889461e-05
     5832.6166 2.871372e-05
     5833.5167 2.862115e-05
     5834.4168 2.855196e-05
     5835.3175 2.826367e-05
     5836.2176 2.799294e-05
     5837.1178 2.817149e-05
     5838.0179 2.846959e-05
     5838.9180 2.829848e-05
     5839.8187 2.798387e-05
     5840.7188 2.813645e-05
     5841.6190 2.862883e-05
     5842.5191 2.900367e-05
     5843.4192 2.912552e-05
     5844.3199 2.909287e-05
     5845.2200 2.893353e-05
     5846.1202 2.867500e-05
     5847.0203 2.833688e-05
     5847.9205 2.792074e-05
     5848.8211 2.762854e-05
     5849.7212 2.765657e-05
     5850.6214 2.788915e-05
     5851.5215 2.805729e-05
     5852.4217 2.793471e-05
     5853.3223 2.744445e-05
     5854.2224 2.684799e-05
     5855.1226 2.672003e-05
     5856.0227 2.709190e-05
     5856.9229 2.719785e-05
     5857.8235 2.649067e-05
     5858.7236 2.548479e-05
     5859.6238 2.530176e-05
     5860.5239 2.606478e-05
     5861.4241 2.695124e-05
     5862.3247 2.744124e-05
     5863.2248 2.732072e-05
     5864.1250 2.704127e-05
     5865.0251 2.723318e-05
     5865.9253 2.761928e-05
     5866.8259 2.754099e-05
     5867.7260 2.702168e-05
     5868.6262 2.683514e-05
     5869.5263 2.730544e-05
     5870.4265 2.791770e-05
     5871.3271 2.825758e-05
     5872.2273 2.829607e-05
     5873.1274 2.809210e-05
     5874.0275 2.776840e-05
     5874.9277 2.765422e-05
     5875.8283 2.788890e-05
     5876.7285 2.804406e-05
     5877.6286 2.786531e-05
     5878.5287 2.759763e-05
     5879.4289 2.738143e-05
     5880.3295 2.705506e-05
     5881.2297 2.659301e-05
     5882.1298 2.647495e-05
     5883.0300 2.685448e-05
     5883.9301 2.708766e-05
     5884.8307 2.679257e-05
     5885.7309 2.648344e-05
     5886.6310 2.661116e-05
     5887.5312 2.677399e-05
     5888.4313 2.627095e-05
     5889.3319 2.442448e-05
     5890.2321 2.093475e-05
     5891.1322 1.754825e-05
     5892.0324 1.732755e-05
     5892.9325 2.011308e-05
     5893.8331 2.276261e-05
     5894.7333 2.386077e-05
     5895.6334 2.333534e-05
     5896.5336 2.101492e-05
     5897.4337 1.908229e-05
     5898.3343 2.025364e-05
     5899.2345 2.313193e-05
     5900.1346 2.490162e-05
     5901.0348 2.559147e-05
     5901.9349 2.622837e-05
     5902.8355 2.672202e-05
     5903.7357 2.686429e-05
     5904.6358 2.694699e-05
     5905.5360 2.700619e-05
     5906.4361 2.681180e-05
     5907.3368 2.659927e-05
     5908.2369 2.675299e-05
     5909.1370 2.713607e-05
     5910.0372 2.734617e-05
     5910.9373 2.729363e-05
     5911.8380 2.734140e-05
     5912.7381 2.759271e-05
     5913.6382 2.757410e-05
     5914.5384 2.694646e-05
     5915.4385 2.611383e-05
     5916.3392 2.576447e-05
     5917.2393 2.591127e-05
     5918.1394 2.632413e-05
     5919.0396 2.682257e-05
     5919.9397 2.710417e-05
     5920.8404 2.731255e-05
     5921.7405 2.749518e-05
     5922.6407 2.736402e-05
     5923.5408 2.707998e-05
     5924.4409 2.706192e-05
     5925.3416 2.726650e-05
     5926.2417 2.746512e-05
     5927.1419 2.765577e-05
     5928.0420 2.769837e-05
     5928.9421 2.744445e-05
     5929.8428 2.699970e-05
     5930.7429 2.647895e-05
     5931.6431 2.627801e-05
     5932.5432 2.680342e-05
     5933.4434 2.752065e-05
     5934.3440 2.762763e-05
     5935.2441 2.704424e-05
     5936.1443 2.649418e-05
     5937.0444 2.670788e-05
     5937.9446 2.729655e-05
     5938.8452 2.758134e-05
     5939.7453 2.772722e-05
     5940.6455 2.783429e-05
     5941.5456 2.747494e-05
     5942.4458 2.681045e-05
     5943.3464 2.654557e-05
     5944.2465 2.678805e-05
     5945.1467 2.717036e-05
     5946.0468 2.754979e-05
     5946.9470 2.785375e-05
     5947.8476 2.789841e-05
     5948.7477 2.749784e-05
     5949.6479 2.674468e-05
     5950.5480 2.631410e-05
     5951.4482 2.671903e-05
     5952.3488 2.731541e-05
     5953.2489 2.714194e-05
     5954.1491 2.648838e-05
     5955.0492 2.646767e-05
     5955.9494 2.708028e-05
     5956.8500 2.729437e-05
     5957.7502 2.686602e-05
     5958.6503 2.648760e-05
     5959.5504 2.658679e-05
     5960.4506 2.699287e-05
     5961.3512 2.747343e-05
     5962.2514 2.783682e-05
     5963.1515 2.798147e-05
     5964.0516 2.794190e-05
     5964.9518 2.784583e-05
     5965.8524 2.767152e-05
     5966.7526 2.733306e-05
     5967.6527 2.719600e-05
     5968.5529 2.749724e-05
     5969.4530 2.782034e-05
     5970.3536 2.795257e-05
     5971.2538 2.807089e-05
     5972.1539 2.820522e-05
     5973.0541 2.824414e-05
     5973.9542 2.820832e-05
     5974.8548 2.812197e-05
     5975.7550 2.783304e-05
     5976.6551 2.727533e-05
     5977.5553 2.672018e-05
     5978.4554 2.646785e-05
     5979.3560 2.652348e-05
     5980.2562 2.683205e-05
     5981.1563 2.736772e-05
     5982.0565 2.779231e-05
     5982.9566 2.779857e-05
     5983.8572 2.733061e-05
     5984.7574 2.643999e-05
     5985.6575 2.572349e-05
     5986.5577 2.592175e-05
     5987.4578 2.665124e-05
     5988.3585 2.703622e-05
     5989.2586 2.714678e-05
     5990.1587 2.741164e-05
     5991.0589 2.768190e-05
     5991.9590 2.757667e-05
     5992.8597 2.722861e-05
     5993.7598 2.728013e-05
     5994.6599 2.781499e-05
     5995.5601 2.821369e-05
     5996.4602 2.813810e-05
     5997.3609 2.767497e-05
     5998.2610 2.702072e-05
     5999.1612 2.655967e-05
     6000.0613 2.659746e-05
     6000.9614 2.698967e-05
     6001.8621 2.739722e-05
     6002.7622 2.743977e-05
     6003.6624 2.697836e-05
     6004.5625 2.666083e-05
     6005.4626 2.697133e-05
     6006.3633 2.731057e-05
     6007.2634 2.715302e-05
     6008.1636 2.658174e-05
     6009.0637 2.583295e-05
     6009.9639 2.564550e-05
     6010.8645 2.651491e-05
     6011.7646 2.756786e-05
     6012.6648 2.777107e-05
     6013.5649 2.714537e-05
     6014.4651 2.642959e-05
     6015.3657 2.638010e-05
     6016.2658 2.680938e-05
     6017.1660 2.683790e-05
     6018.0661 2.648911e-05
     6018.9663 2.652662e-05
     6019.8669 2.680175e-05
     6020.7670 2.660120e-05
     6021.6672 2.615875e-05
     6022.5673 2.609436e-05
     6023.4675 2.639028e-05
     6024.3681 2.666802e-05
     6025.2682 2.674622e-05
     6026.1684 2.697863e-05
     6027.0685 2.737150e-05
     6027.9687 2.742282e-05
     6028.8693 2.738132e-05
     6029.7695 2.767013e-05
     6030.6696 2.797641e-05
     6031.5697 2.797344e-05
     6032.4699 2.787438e-05
     6033.3705 2.799589e-05
     6034.2707 2.822981e-05
     6035.1708 2.831593e-05
     6036.0709 2.825459e-05
     6036.9711 2.819295e-05
     6037.8717 2.819393e-05
     6038.7719 2.825068e-05
     6039.6720 2.824016e-05
     6040.5722 2.801848e-05
     6041.4723 2.779372e-05
     6042.3729 2.775303e-05
     6043.2731 2.773899e-05
     6044.1732 2.788860e-05
     6045.0734 2.826188e-05
     6045.9735 2.849202e-05
     6046.8741 2.851543e-05
     6047.7743 2.852898e-05
     6048.6744 2.853708e-05
     6049.5746 2.844404e-05
     6050.4747 2.838094e-05
     6051.3753 2.849524e-05
     6052.2755 2.860988e-05
     6053.1756 2.849601e-05
     6054.0758 2.816630e-05
     6054.9759 2.783099e-05
     6055.8765 2.766845e-05
     6056.7767 2.748440e-05
     6057.6768 2.723052e-05
     6058.5770 2.722027e-05
     6059.4771 2.751337e-05
     6060.3778 2.794074e-05
     6061.2779 2.826938e-05
     6062.1780 2.833700e-05
     6063.0782 2.813809e-05
     6063.9783 2.775831e-05
     6064.8790 2.735928e-05
     6065.7791 2.679439e-05
     6066.6792 2.625182e-05
     6067.5794 2.661094e-05
     6068.4795 2.774491e-05
     6069.3802 2.858483e-05
     6070.2803 2.881639e-05
     6071.1805 2.880378e-05
     6072.0806 2.878620e-05
     6072.9807 2.879502e-05
     6073.8814 2.880589e-05
     6074.7815 2.881645e-05
     6075.6817 2.881794e-05
     6076.5818 2.873149e-05
     6077.4819 2.851820e-05
     6078.3826 2.815234e-05
     6079.2827 2.754161e-05
     6080.1829 2.704748e-05
     6081.0830 2.718338e-05
     6081.9832 2.745050e-05
     6082.8838 2.718111e-05
     6083.7839 2.685861e-05
     6084.6841 2.707035e-05
     6085.5842 2.739377e-05
     6086.4844 2.731289e-05
     6087.3850 2.716678e-05
     6088.2851 2.734493e-05
     6089.1853 2.768175e-05
     6090.0854 2.769618e-05
     6090.9856 2.716856e-05
     6091.8862 2.667908e-05
     6092.7863 2.671847e-05
     6093.6865 2.690006e-05
     6094.5866 2.696770e-05
     6095.4868 2.729589e-05
     6096.3874 2.788076e-05
     6097.2875 2.805624e-05
     6098.1877 2.771085e-05
     6099.0878 2.750408e-05
     6099.9880 2.776308e-05
     6100.8886 2.820767e-05
     6101.7888 2.828031e-05
     6102.6889 2.731009e-05
     6103.5890 2.542137e-05
     6104.4892 2.442572e-05
     6105.3898 2.550882e-05
     6106.2900 2.716137e-05
     6107.1901 2.788516e-05
     6108.0902 2.778692e-05
     6108.9904 2.743468e-05
     6109.8910 2.744005e-05
     6110.7912 2.786983e-05
     6111.6913 2.798739e-05
     6112.5915 2.757994e-05
     6113.4916 2.742143e-05
     6114.3922 2.785462e-05
     6115.2924 2.835741e-05
     6116.1925 2.842097e-05
     6117.0927 2.792138e-05
     6117.9928 2.744406e-05
     6118.8934 2.759603e-05
     6119.7936 2.784203e-05
     6120.6937 2.750543e-05
     6121.5939 2.680941e-05
     6122.4940 2.591746e-05
     6123.3946 2.501296e-05
     6124.2948 2.522398e-05
     6125.1949 2.665281e-05
     6126.0951 2.766141e-05
     6126.9952 2.764889e-05
     6127.8959 2.730911e-05
     6128.7960 2.697923e-05
     6129.6961 2.675016e-05
     6130.5963 2.692787e-05
     6131.4964 2.746386e-05
     6132.3971 2.789033e-05
     6133.2972 2.803189e-05
     6134.1973 2.809719e-05
     6135.0975 2.796329e-05
     6135.9976 2.725375e-05
     6136.8983 2.585140e-05
     6137.7984 2.399191e-05
     6138.6986 2.292285e-05
     6139.5987 2.398195e-05
     6140.4988 2.628541e-05
     6141.3995 2.768399e-05
     6142.2996 2.741450e-05
     6143.1998 2.660296e-05
     6144.0999 2.667902e-05
     6145.0000 2.754689e-05
     6145.9007 2.813437e-05
     6146.8008 2.815166e-05
     6147.7010 2.800861e-05
     6148.6011 2.779256e-05
     6149.5013 2.736538e-05
     6150.4019 2.689023e-05
     6151.3020 2.663666e-05
     6152.2022 2.676173e-05
     6153.1023 2.716793e-05
     6154.0025 2.754752e-05
     6154.9031 2.748728e-05
     6155.8032 2.693112e-05
     6156.7034 2.658233e-05
     6157.6035 2.676395e-05
     6158.5037 2.694996e-05
     6159.4043 2.691775e-05
     6160.3044 2.684414e-05
     6161.2046 2.631506e-05
     6162.1047 2.474358e-05
     6163.0049 2.275984e-05
     6163.9055 2.189579e-05
     6164.8057 2.266415e-05
     6165.7058 2.417549e-05
     6166.6059 2.529684e-05
     6167.5061 2.575071e-05
     6168.4067 2.609455e-05
     6169.3069 2.606775e-05
     6170.2070 2.493542e-05
     6171.1071 2.365747e-05
     6172.0073 2.393155e-05
     6172.9079 2.541338e-05
     6173.8081 2.634668e-05
     6174.7082 2.632015e-05
     6175.6084 2.623718e-05
     6176.5085 2.632174e-05
     6177.4091 2.621223e-05
     6178.3093 2.606193e-05
     6179.2094 2.632040e-05
     6180.1096 2.675708e-05
     6181.0097 2.674658e-05
     6181.9103 2.658471e-05
     6182.8105 2.682936e-05
     6183.7106 2.714711e-05
     6184.6108 2.714448e-05
     6185.5109 2.705094e-05
     6186.4115 2.692694e-05
     6187.3117 2.647163e-05
     6188.2118 2.588938e-05
     6189.1120 2.561885e-05
     6190.0121 2.565637e-05
     6190.9128 2.566786e-05
     6191.8129 2.502979e-05
     6192.7130 2.396881e-05
     6193.6132 2.400646e-05
     6194.5133 2.532041e-05
     6195.4140 2.638878e-05
     6196.3141 2.671420e-05
     6197.2142 2.687732e-05
     6198.1144 2.713688e-05
     6199.0145 2.716652e-05
     6199.9152 2.658092e-05
     6200.8153 2.565251e-05
     6201.7155 2.530490e-05
     6202.6156 2.589193e-05
     6203.5157 2.674249e-05
     6204.4164 2.717022e-05
     6205.3165 2.711978e-05
     6206.2167 2.695983e-05
     6207.1168 2.699099e-05
     6208.0170 2.711959e-05
     6208.9176 2.716101e-05
     6209.8177 2.711978e-05
     6210.7179 2.698378e-05
     6211.6180 2.673184e-05
     6212.5182 2.652007e-05
     6213.4188 2.626394e-05
     6214.3189 2.554210e-05
     6215.2191 2.459914e-05
     6216.1192 2.409538e-05
     6217.0194 2.412212e-05
     6217.9200 2.465413e-05
     6218.8201 2.543510e-05
     6219.7203 2.567447e-05
     6220.6204 2.515267e-05
     6221.5206 2.464168e-05
     6222.4212 2.473359e-05
     6223.3213 2.527034e-05
     6224.2215 2.570760e-05
     6225.1216 2.567317e-05
     6226.0218 2.553806e-05
     6226.9224 2.572395e-05
     6227.8226 2.593759e-05
     6228.7227 2.597802e-05
     6229.6228 2.587186e-05
     6230.5230 2.524758e-05
     6231.4236 2.404141e-05
     6232.3238 2.322237e-05
     6233.2239 2.352193e-05
     6234.1241 2.431829e-05
     6235.0242 2.517114e-05
     6235.9248 2.613052e-05
     6236.8250 2.668949e-05
     6237.7251 2.657110e-05
     6238.6253 2.609265e-05
     6239.5254 2.561043e-05
     6240.4260 2.513266e-05
     6241.3262 2.467717e-05
     6242.2263 2.471801e-05
     6243.1265 2.500308e-05
     6244.0266 2.464025e-05
     6244.9272 2.408251e-05
     6245.8274 2.417802e-05
     6246.7275 2.444149e-05
     6247.6277 2.452800e-05
     6248.5278 2.498641e-05
     6249.4285 2.578645e-05
     6250.3286 2.622601e-05
     6251.2287 2.621192e-05
     6252.1289 2.591218e-05
     6253.0290 2.513755e-05
     6253.9297 2.423820e-05
     6254.8298 2.390770e-05
     6255.7299 2.409785e-05
     6256.6301 2.434186e-05
     6257.5302 2.420685e-05
     6258.4309 2.369251e-05
     6259.3310 2.316785e-05
     6260.2312 2.318060e-05
     6261.1313 2.404776e-05
     6262.0314 2.492785e-05
     6262.9321 2.537609e-05
     6263.8322 2.595760e-05
     6264.7324 2.647578e-05
     6265.6325 2.620122e-05
     6266.5327 2.542330e-05
     6267.4333 2.521945e-05
     6268.3334 2.571459e-05
     6269.2336 2.603050e-05
     6270.1337 2.585867e-05
     6271.0339 2.564907e-05
     6271.9345 2.564702e-05
     6272.8346 2.582722e-05
     6273.7348 2.613438e-05
     6274.6349 2.630540e-05
     6275.5351 2.621006e-05
     6276.4357 2.613025e-05
     6277.3358 2.619763e-05
     6278.2360 2.624471e-05
     6279.1361 2.625572e-05
     6280.0363 2.619686e-05
     6280.9369 2.582132e-05
     6281.8371 2.531964e-05
     6282.7372 2.527337e-05
     6283.6373 2.566467e-05
     6284.5375 2.615779e-05
     6285.4381 2.654100e-05
     6286.3383 2.653932e-05
     6287.2384 2.644464e-05
     6288.1385 2.665837e-05
     6289.0387 2.701161e-05
     6289.9393 2.725241e-05
     6290.8395 2.717150e-05
     6291.7396 2.670714e-05
     6292.6398 2.620627e-05
     6293.5399 2.597057e-05
     6294.4405 2.598754e-05
     6295.3407 2.624126e-05
     6296.2408 2.643197e-05
     6297.1410 2.607046e-05
     6298.0411 2.537149e-05
     6298.9417 2.506014e-05
     6299.8419 2.537048e-05
     6300.7420 2.584531e-05
     6301.6422 2.583818e-05
     6302.5423 2.523611e-05
     6303.4429 2.471566e-05
     6304.3431 2.495448e-05
     6305.2432 2.565521e-05
     6306.1434 2.602458e-05
     6307.0435 2.602224e-05
     6307.9442 2.629597e-05
     6308.8443 2.686025e-05
     6309.7444 2.714200e-05
     6310.6446 2.697397e-05
     6311.5447 2.650543e-05
     6312.4454 2.601380e-05
     6313.3455 2.584144e-05
     6314.2457 2.604988e-05
     6315.1458 2.604122e-05
     6316.0459 2.541005e-05
     6316.9466 2.495379e-05
     6317.8467 2.515068e-05
     6318.7469 2.507029e-05
     6319.6470 2.446866e-05
     6320.5471 2.446604e-05
     6321.4478 2.530548e-05
     6322.3479 2.598795e-05
     6323.2481 2.602501e-05
     6324.1482 2.591881e-05
     6325.0484 2.621401e-05
     6325.9490 2.664125e-05
     6326.8491 2.680045e-05
     6327.7493 2.671156e-05
     6328.6494 2.652587e-05
     6329.5496 2.658712e-05
     6330.4502 2.675458e-05
     6331.3503 2.655110e-05
     6332.2505 2.633063e-05
     6333.1506 2.657791e-05
     6334.0508 2.702869e-05
     6334.9514 2.712884e-05
     6335.8515 2.641909e-05
     6336.7517 2.520333e-05
     6337.6518 2.455315e-05
     6338.5520 2.492658e-05
     6339.4526 2.559338e-05
     6340.3528 2.587480e-05
     6341.2529 2.615148e-05
     6342.1530 2.662562e-05
     6343.0532 2.669689e-05
     6343.9538 2.615647e-05
     6344.8540 2.537939e-05
     6345.7541 2.500590e-05
     6346.6543 2.541004e-05
     6347.5544 2.605857e-05
     6348.4550 2.637138e-05
     6349.3552 2.651924e-05
     6350.2553 2.669765e-05
     6351.1555 2.677424e-05
     6352.0556 2.679547e-05
     6352.9562 2.686576e-05
     6353.8564 2.684385e-05
     6354.7565 2.653103e-05
     6355.6567 2.592864e-05
     6356.5568 2.549364e-05
     6357.4574 2.567041e-05
     6358.3576 2.591966e-05
     6359.2577 2.549046e-05
     6360.1579 2.474510e-05
     6361.0580 2.446061e-05
     6361.9587 2.451543e-05
     6362.8588 2.433209e-05
     6363.7589 2.404607e-05
     6364.6591 2.414407e-05
     6365.5592 2.463228e-05
     6366.4599 2.519100e-05
     6367.3600 2.563287e-05
     6368.2602 2.601578e-05
     6369.1603 2.648162e-05
     6370.0604 2.678009e-05
     6370.9611 2.669095e-05
     6371.8612 2.648151e-05
     6372.7614 2.655943e-05
     6373.6615 2.693557e-05
     6374.5616 2.721063e-05
     6375.4623 2.716712e-05
     6376.3624 2.702588e-05
     6377.2626 2.704190e-05
     6378.1627 2.709465e-05
     6379.0629 2.685383e-05
     6379.9635 2.642829e-05
     6380.8636 2.623547e-05
     6381.7638 2.622541e-05
     6382.6639 2.627854e-05
     6383.5641 2.656023e-05
     6384.4647 2.681935e-05
     6385.3648 2.671282e-05
     6386.2650 2.651380e-05
     6387.1651 2.661903e-05
     6388.0653 2.689294e-05
     6388.9659 2.700524e-05
     6389.8660 2.696870e-05
     6390.7662 2.701456e-05
     6391.6663 2.711049e-05
     6392.5665 2.696147e-05
     6393.4671 2.625862e-05
     6394.3673 2.514622e-05
     6395.2674 2.462256e-05
     6396.1675 2.530758e-05
     6397.0677 2.642273e-05
     6397.9683 2.711745e-05
     6398.8685 2.728745e-05
     6399.7686 2.683807e-05
     6400.6688 2.552364e-05
     6401.5689 2.426477e-05
     6402.4695 2.468976e-05
     6403.3697 2.624375e-05
     6404.2698 2.722323e-05
     6405.1700 2.744099e-05
     6406.0701 2.735740e-05
     6406.9707 2.709944e-05
     6407.8709 2.664526e-05
     6408.7710 2.595733e-05
     6409.6712 2.557934e-05
     6410.5713 2.607746e-05
     6411.4719 2.657882e-05
     6412.3721 2.614626e-05
     6413.2722 2.554379e-05
     6414.1724 2.569828e-05
     6415.0725 2.613641e-05
     6415.9732 2.631895e-05
     6416.8733 2.649010e-05
     6417.7734 2.674512e-05
     6418.6736 2.678519e-05
     6419.5737 2.656151e-05
     6420.4744 2.608393e-05
     6421.3745 2.536634e-05
     6422.2747 2.487432e-05
     6423.1748 2.520855e-05
     6424.0749 2.628989e-05
     6424.9756 2.713696e-05
     6425.8757 2.719420e-05
     6426.7759 2.701369e-05
     6427.6760 2.711711e-05
     6428.5762 2.738045e-05
     6429.4768 2.746371e-05
     6430.3769 2.708813e-05
     6431.2771 2.613095e-05
     6432.1772 2.510827e-05
     6433.0774 2.502081e-05
     6433.9780 2.581939e-05
     6434.8781 2.656134e-05
     6435.7783 2.692725e-05
     6436.6784 2.712343e-05
     6437.5786 2.722387e-05
     6438.4792 2.699769e-05
     6439.3793 2.613127e-05
     6440.2795 2.511224e-05
     6441.1796 2.517052e-05
     6442.0798 2.633980e-05
     6442.9804 2.735408e-05
     6443.8806 2.764185e-05
     6444.7807 2.754749e-05
     6445.6808 2.746336e-05
     6446.5810 2.755008e-05
     6447.4816 2.773219e-05
     6448.3818 2.773379e-05
     6449.2819 2.715140e-05
     6450.1821 2.567588e-05
     6451.0822 2.397966e-05
     6451.9828 2.365727e-05
     6452.8830 2.490528e-05
     6453.7831 2.629293e-05
     6454.6833 2.704598e-05
     6455.5834 2.706508e-05
     6456.4840 2.644700e-05
     6457.3842 2.589848e-05
     6458.2843 2.610707e-05
     6459.1845 2.683443e-05
     6460.0846 2.744280e-05
     6460.9852 2.771918e-05
     6461.8854 2.757731e-05
     6462.7855 2.664003e-05
     6463.6857 2.510521e-05
     6464.5858 2.444904e-05
     6465.4865 2.532452e-05
     6466.3866 2.647008e-05
     6467.2867 2.703675e-05
     6468.1869 2.723007e-05
     6469.0870 2.727675e-05
     6469.9877 2.708517e-05
     6470.8878 2.672698e-05
     6471.7880 2.642126e-05
     6472.6881 2.612915e-05
     6473.5882 2.615218e-05
     6474.4889 2.663041e-05
     6475.3890 2.686412e-05
     6476.2892 2.656473e-05
     6477.1893 2.632911e-05
     6478.0895 2.659362e-05
     6478.9901 2.694763e-05
     6479.8902 2.700304e-05
     6480.7904 2.696865e-05
     6481.6905 2.680996e-05
     6482.5907 2.617921e-05
     6483.4913 2.534973e-05
     6484.3914 2.510073e-05
     6485.2916 2.557909e-05
     6486.1917 2.621290e-05
     6487.0919 2.657532e-05
     6487.9925 2.671105e-05
     6488.8926 2.681374e-05
     6489.7928 2.684450e-05
     6490.6929 2.663596e-05
     6491.5931 2.624731e-05
     6492.4937 2.595519e-05
     6493.3939 2.576803e-05
     6494.2940 2.510348e-05
     6495.1941 2.355216e-05
     6496.0943 2.203025e-05
     6496.9949 2.172670e-05
     6497.8951 2.241598e-05
     6498.7952 2.335423e-05
     6499.6954 2.404582e-05
     6500.5955 2.427389e-05
     6501.4961 2.460601e-05
     6502.3963 2.526074e-05
     6503.2964 2.579474e-05
     6504.1966 2.610195e-05
     6505.0967 2.627227e-05
     6505.9973 2.641635e-05
     6506.8975 2.664179e-05
     6507.7976 2.681419e-05
     6508.6978 2.669455e-05
     6509.5979 2.633782e-05
     6510.4985 2.618040e-05
     6511.3987 2.642213e-05
     6512.2988 2.674607e-05
     6513.1990 2.684532e-05
     6514.0991 2.681279e-05
     6514.9998 2.679831e-05
     6515.8999 2.665380e-05
     6516.8000 2.631311e-05
     6517.7002 2.601324e-05
     6518.6003 2.582718e-05
     6519.5010 2.557028e-05
     6520.4011 2.549178e-05
     6521.3013 2.594737e-05
     6522.2014 2.655928e-05
     6523.1015 2.683326e-05
     6524.0022 2.679591e-05
     6524.9023 2.676042e-05
     6525.8025 2.686899e-05
     6526.7026 2.685479e-05
     6527.6028 2.645125e-05
     6528.5034 2.599772e-05
     6529.4035 2.601142e-05
     6530.3037 2.640633e-05
     6531.2038 2.673828e-05
     6532.1040 2.671918e-05
     6533.0046 2.636264e-05
     6533.9047 2.597577e-05
     6534.8049 2.585631e-05
     6535.7050 2.612975e-05
     6536.6052 2.662199e-05
     6537.5058 2.688099e-05
     6538.4059 2.672143e-05
     6539.3061 2.653103e-05
     6540.2062 2.669419e-05
     6541.1064 2.703885e-05
     6542.0070 2.714559e-05
     6542.9072 2.689666e-05
     6543.8073 2.651011e-05
     6544.7074 2.622519e-05
     6545.6076 2.607237e-05
     6546.5082 2.572158e-05
     6547.4084 2.508861e-05
     6548.3085 2.487628e-05
     6549.2087 2.537501e-05
     6550.1088 2.596703e-05
     6551.0094 2.618734e-05
     6551.9096 2.601934e-05
     6552.8097 2.572038e-05
     6553.7099 2.557015e-05
     6554.6100 2.542604e-05
     6555.5106 2.500591e-05
     6556.4108 2.446819e-05
     6557.3109 2.422188e-05
     6558.2111 2.444688e-05
     6559.1112 2.482628e-05
     6560.0119 2.495664e-05
     6560.9120 2.475747e-05
     6561.8121 2.406660e-05
     6562.7123 2.202489e-05
     6563.6124 1.842956e-05
     6564.5131 1.611044e-05
     6565.4132 1.779845e-05
     6566.3134 2.148981e-05
     6567.2135 2.397723e-05
     6568.1136 2.501748e-05
     6569.0143 2.538059e-05
     6569.9144 2.515399e-05
     6570.8146 2.472188e-05
     6571.7147 2.474125e-05
     6572.6148 2.501966e-05
     6573.5155 2.492743e-05
     6574.4156 2.451481e-05
     6575.3158 2.419870e-05
     6576.2159 2.416249e-05
     6577.1161 2.460441e-05
     6578.0167 2.540876e-05
     6578.9168 2.604770e-05
     6579.8170 2.626817e-05
     6580.7171 2.610671e-05
     6581.6173 2.565787e-05
     6582.5179 2.527335e-05
     6583.4180 2.535099e-05
     6584.3182 2.573450e-05
     6585.2183 2.601090e-05
     6586.1185 2.603928e-05
     6587.0191 2.584946e-05
     6587.9193 2.571854e-05
     6588.8194 2.595121e-05
     6589.7195 2.631457e-05
     6590.6197 2.647947e-05
     6591.5203 2.648477e-05
     6592.4205 2.619277e-05
     6593.3206 2.525089e-05
     6594.2208 2.394932e-05
     6595.1209 2.342601e-05
     6596.0215 2.419531e-05
     6596.9217 2.529841e-05
     6597.8218 2.578896e-05
     6598.7220 2.565502e-05
     6599.6221 2.531883e-05
     6600.5227 2.529053e-05
     6601.4229 2.574259e-05
     6602.3230 2.628451e-05
     6603.2232 2.651933e-05
     6604.1233 2.644280e-05
     6605.0240 2.617542e-05
     6605.9241 2.580581e-05
     6606.8242 2.551135e-05
     6607.7244 2.541246e-05
     6608.6245 2.531676e-05
     6609.5252 2.496485e-05
     6610.4253 2.453618e-05
     6611.3254 2.469134e-05
     6612.2256 2.552119e-05
     6613.1257 2.618966e-05
     6614.0264 2.620533e-05
     6614.9265 2.592040e-05
     6615.8267 2.593498e-05
     6616.7268 2.628303e-05
     6617.6269 2.644707e-05
     6618.5276 2.628946e-05
     6619.4277 2.613491e-05
     6620.3279 2.620864e-05
     6621.2280 2.639968e-05
     6622.1282 2.651955e-05
     6623.0288 2.648580e-05
     6623.9289 2.626573e-05
     6624.8291 2.581452e-05
     6625.7292 2.524297e-05
     6626.6294 2.501300e-05
     6627.5300 2.534490e-05
     6628.4301 2.571149e-05
     6629.3303 2.577991e-05
     6630.2304 2.573570e-05
     6631.1306 2.566505e-05
     6632.0312 2.557125e-05
     6632.9314 2.539011e-05
     6633.8315 2.496114e-05
     6634.7316 2.435548e-05
     6635.6318 2.406065e-05
     6636.5324 2.446774e-05
     6637.4326 2.519996e-05
     6638.3327 2.573673e-05
     6639.2329 2.591911e-05
     6640.1330 2.574578e-05
     6641.0336 2.545285e-05
     6641.9338 2.547447e-05
     6642.8339 2.577577e-05
     6643.7341 2.567813e-05
     6644.6342 2.503880e-05
     6645.5348 2.469759e-05
     6646.4350 2.509321e-05
     6647.3351 2.557659e-05
     6648.2353 2.561722e-05
     6649.1354 2.546827e-05
     6650.0361 2.553068e-05
     6650.9362 2.572072e-05
     6651.8363 2.575010e-05
     6652.7365 2.563547e-05
     6653.6366 2.555267e-05
     6654.5373 2.553503e-05
     6655.4374 2.555511e-05
     6656.3375 2.563311e-05
     6657.2377 2.565936e-05
     6658.1378 2.556989e-05
     6659.0385 2.555785e-05
     6659.9386 2.563933e-05
     6660.8388 2.561355e-05
     6661.7389 2.544669e-05
     6662.6390 2.524377e-05
     6663.5397 2.491471e-05
     6664.4398 2.436984e-05
     6665.3400 2.412017e-05
     6666.2401 2.447568e-05
     6667.1403 2.483819e-05
     6668.0409 2.485369e-05
     6668.9410 2.477265e-05
     6669.8412 2.488903e-05
     6670.7413 2.524175e-05
     6671.6415 2.562380e-05
     6672.5421 2.581519e-05
     6673.4422 2.579818e-05
     6674.3424 2.574640e-05
     6675.2425 2.574783e-05
     6676.1427 2.576771e-05
     6677.0433 2.570678e-05
     6677.9435 2.522743e-05
     6678.8436 2.420123e-05
     6679.7437 2.346389e-05
     6680.6439 2.387314e-05
     6681.5445 2.478189e-05
     6682.4447 2.519715e-05
     6683.3448 2.524832e-05
     6684.2450 2.534702e-05
     6685.1451 2.549295e-05
     6686.0457 2.558807e-05
     6686.9459 2.561020e-05
     6687.8460 2.556042e-05
     6688.7462 2.543087e-05
     6689.6463 2.533861e-05
     6690.5469 2.539966e-05
     6691.4471 2.550387e-05
     6692.3472 2.555455e-05
     6693.2474 2.555815e-05
     6694.1475 2.554337e-05
     6695.0482 2.554661e-05
     6695.9483 2.542072e-05
     6696.8484 2.495481e-05
     6697.7486 2.441749e-05
     6698.6487 2.429485e-05
     6699.5494 2.453674e-05
     6700.4495 2.485624e-05
     6701.3497 2.522383e-05
     6702.2498 2.550198e-05
     6703.1499 2.552498e-05
     6704.0506 2.530386e-05
     6704.9507 2.490914e-05
     6705.8509 2.462634e-05
     6706.7510 2.470563e-05
     6707.6512 2.501753e-05
     6708.5518 2.524095e-05
     6709.4519 2.527304e-05
     6710.3521 2.519702e-05
     6711.2522 2.501915e-05
     6712.1524 2.489781e-05
     6713.0530 2.494534e-05
     6713.9531 2.487156e-05
     6714.8533 2.460471e-05
     6715.7534 2.438333e-05
     6716.6536 2.417635e-05
     6717.5542 2.383179e-05
     6718.4543 2.338022e-05
     6719.3545 2.325033e-05
     6720.2546 2.385215e-05
     6721.1548 2.465188e-05
     6722.0554 2.496686e-05
     6722.9556 2.486032e-05
     6723.8557 2.480326e-05
     6724.7558 2.502410e-05
     6725.6560 2.521019e-05
     6726.5566 2.505338e-05
     6727.4568 2.472673e-05
     6728.3569 2.462378e-05
     6729.2571 2.480962e-05
     6730.1572 2.502579e-05
     6731.0578 2.518035e-05
     6731.9580 2.530108e-05
     6732.8581 2.530616e-05
     6733.7583 2.515823e-05
     6734.6584 2.496913e-05
     6735.5590 2.493102e-05
     6736.4592 2.507087e-05
     6737.3593 2.521871e-05
     6738.2595 2.515416e-05
     6739.1596 2.481180e-05
     6740.0603 2.443445e-05
     6740.9604 2.436515e-05
     6741.8605 2.464189e-05
     6742.7607 2.486949e-05
     6743.6608 2.471002e-05
     6744.5615 2.444485e-05
     6745.4616 2.450311e-05
     6746.3618 2.471049e-05
     6747.2619 2.471537e-05
     6748.1620 2.459744e-05
     6749.0627 2.452758e-05
     6749.9628 2.446822e-05
     6750.8630 2.432547e-05
     6751.7631 2.422407e-05
     6752.6633 2.434059e-05
     6753.5639 2.436832e-05
     6754.4640 2.419895e-05
     6755.3642 2.430703e-05
     6756.2643 2.463670e-05
     6757.1645 2.482640e-05
     6758.0651 2.499168e-05
     6758.9652 2.521714e-05
     6759.8654 2.537501e-05
     6760.7655 2.544808e-05
     6761.6657 2.547974e-05
     6762.5663 2.542198e-05
     6763.4665 2.529955e-05
     6764.3666 2.527335e-05
     6765.2667 2.531503e-05
     6766.1669 2.526119e-05
     6767.0675 2.503547e-05
     6767.9677 2.465302e-05
     6768.8678 2.431873e-05
     6769.7680 2.432856e-05
     6770.6681 2.461592e-05
     6771.5687 2.472487e-05
     6772.4689 2.452912e-05
     6773.3690 2.443732e-05
     6774.2692 2.469036e-05
     6775.1693 2.510706e-05
     6776.0699 2.544436e-05
     6776.9701 2.560012e-05
     6777.8702 2.556849e-05
     6778.7704 2.543604e-05
     6779.6705 2.543700e-05
     6780.5712 2.560418e-05
     6781.4713 2.566455e-05
     6782.3714 2.549547e-05
     6783.2716 2.513981e-05
     6784.1717 2.462667e-05
     6785.0724 2.410859e-05
     6785.9725 2.388024e-05
     6786.8727 2.399495e-05
     6787.7728 2.423862e-05
     6788.6729 2.457207e-05
     6789.5736 2.493768e-05
     6790.4737 2.506467e-05
     6791.3739 2.500870e-05
     6792.2740 2.505356e-05
     6793.1742 2.512990e-05
     6794.0748 2.497310e-05
     6794.9749 2.466646e-05
     6795.8751 2.455934e-05
     6796.7752 2.462744e-05
     6797.6754 2.468103e-05
     6798.5760 2.477588e-05
     6799.4761 2.485414e-05
     6800.3763 2.488366e-05
     6801.2764 2.498018e-05
     6802.1766 2.511340e-05
     6803.0772 2.521531e-05
     6803.9774 2.520053e-05
     6804.8775 2.500862e-05
     6805.7776 2.485817e-05
     6806.6778 2.491977e-05
     6807.5784 2.493606e-05
     6808.4786 2.483727e-05
     6809.3787 2.491851e-05
     6810.2789 2.503009e-05
     6811.1790 2.489458e-05
     6812.0796 2.477611e-05
     6812.9798 2.489724e-05
     6813.8799 2.504882e-05
     6814.7801 2.501445e-05
     6815.6802 2.474032e-05
     6816.5808 2.451206e-05
     6817.4810 2.470980e-05
     6818.3811 2.514268e-05
     6819.2813 2.534222e-05
     6820.1814 2.518924e-05
     6821.0821 2.485881e-05
     6821.9822 2.467206e-05
     6822.8823 2.484700e-05
     6823.7825 2.517840e-05
     6824.6826 2.538526e-05
     6825.5833 2.544209e-05
     6826.4834 2.544741e-05
     6827.3836 2.543229e-05
     6828.2837 2.525491e-05
     6829.1838 2.485635e-05
     6830.0845 2.453956e-05
     6830.9846 2.462716e-05
     6831.8848 2.499418e-05
     6832.7849 2.522887e-05
     6833.6851 2.517295e-05
     6834.5857 2.507159e-05
     6835.4858 2.516225e-05
     6836.3860 2.534324e-05
     6837.2861 2.537790e-05
     6838.1863 2.522320e-05
     6839.0869 2.501015e-05
     6839.9870 2.473113e-05
     6840.8872 2.433793e-05
     6841.7873 2.392632e-05
     6842.6875 2.357151e-05
     6843.5881 2.345213e-05
     6844.4883 2.370684e-05
     6845.3884 2.421110e-05
     6846.2885 2.476295e-05
     6847.1887 2.511039e-05
     6848.0893 2.519161e-05
     6848.9895 2.517827e-05
     6849.8896 2.514187e-05
     6850.7898 2.506155e-05
     6851.6899 2.498659e-05
     6852.5905 2.496093e-05
     6853.4907 2.502978e-05
     6854.3908 2.512776e-05
     6855.2910 2.490881e-05
     6856.1911 2.430452e-05
     6857.0917 2.388513e-05
     6857.9919 2.399299e-05
     6858.8920 2.424834e-05
     6859.7922 2.442338e-05
     6860.6923 2.457022e-05
     6861.5930 2.446120e-05
     6862.4931 2.403466e-05
     6863.3932 2.380876e-05
     6864.2934 2.420022e-05
     6865.1935 2.488872e-05
     6866.0942 2.528984e-05
     6866.9943 2.519891e-05
     6867.8945 2.472046e-05
     6868.7946 2.413209e-05
     6869.6947 2.389008e-05
     6870.5954 2.419723e-05
     6871.4955 2.462842e-05
     6872.3957 2.469468e-05
     6873.2958 2.441333e-05
     6874.1960 2.420946e-05
     6875.0966 2.434480e-05
     6875.9967 2.450663e-05
     6876.8969 2.448802e-05
     6877.7970 2.453182e-05
     6878.6972 2.480766e-05
     6879.5978 2.508820e-05
     6880.4979 2.513446e-05
     6881.3981 2.501387e-05
     6882.2982 2.472833e-05
     6883.1984 2.425010e-05
     6884.0990 2.388564e-05
     6884.9992 2.403759e-05
     6885.8993 2.452762e-05
     6886.7994 2.472694e-05
     6887.6996 2.466501e-05
     6888.6002 2.482153e-05
     6889.5004 2.509812e-05
     6890.4005 2.522506e-05
     6891.3007 2.532483e-05
     6892.2008 2.545901e-05
     6893.1014 2.542650e-05
     6894.0016 2.526175e-05
     6894.9017 2.523330e-05
     6895.8019 2.519609e-05
     6896.7020 2.492618e-05
     6897.6026 2.475801e-05
     6898.5028 2.496873e-05
     6899.4029 2.523916e-05
     6900.3031 2.520477e-05
     6901.2032 2.499234e-05
     6902.1039 2.497643e-05
     6903.0040 2.522039e-05
     6903.9041 2.539509e-05
     6904.8043 2.532971e-05
     6905.7044 2.520812e-05
     6906.6051 2.517503e-05
     6907.5052 2.522728e-05
     6908.4054 2.533498e-05
     6909.3055 2.541496e-05
     6910.2056 2.547497e-05
     6911.1063 2.555946e-05
     6912.0064 2.549847e-05
     6912.9066 2.526633e-05
     6913.8067 2.503358e-05
     6914.7069 2.477693e-05
     6915.6075 2.450529e-05
     6916.5076 2.448153e-05
     6917.4078 2.462665e-05
     6918.3079 2.461613e-05
     6919.2081 2.461027e-05
     6920.1087 2.484070e-05
     6921.0088 2.516633e-05
     6921.9090 2.540339e-05
     6922.8091 2.552262e-05
     6923.7093 2.550329e-05
     6924.6099 2.522858e-05
     6925.5101 2.468347e-05
     6926.4102 2.416601e-05
     6927.3103 2.403119e-05
     6928.2105 2.436652e-05
     6929.1111 2.485428e-05
     6930.0113 2.511227e-05
     6930.9114 2.517369e-05
     6931.8116 2.518517e-05
     6932.7117 2.512833e-05
     6933.6123 2.491190e-05
     6934.5125 2.459119e-05
     6935.4126 2.455236e-05
     6936.3128 2.488829e-05
     6937.2129 2.515530e-05
     6938.1135 2.515883e-05
     6939.0137 2.507921e-05
     6939.9138 2.508997e-05
     6940.8140 2.522490e-05
     6941.7141 2.540840e-05
     6942.6148 2.550167e-05
     6943.5149 2.538200e-05
     6944.4150 2.508348e-05
     6945.3152 2.469231e-05
     6946.2153 2.428129e-05
     6947.1160 2.417215e-05
     6948.0161 2.453580e-05
     6948.9163 2.497265e-05
     6949.8164 2.522476e-05
     6950.7165 2.533684e-05
     6951.6172 2.518972e-05
     6952.5173 2.478050e-05
     6953.4175 2.449296e-05
     6954.3176 2.446885e-05
     6955.2178 2.451198e-05
     6956.1184 2.460711e-05
     6957.0185 2.482695e-05
     6957.9187 2.511063e-05
     6958.8188 2.528782e-05
     6959.7190 2.532285e-05
     6960.6196 2.531074e-05
     6961.5197 2.527833e-05
     6962.4199 2.529466e-05
     6963.3200 2.538232e-05
     6964.2202 2.544554e-05
     6965.1208 2.549001e-05
     6966.0210 2.545159e-05
     6966.9211 2.522650e-05
     6967.8212 2.508776e-05
     6968.7214 2.531876e-05
     6969.6220 2.567534e-05
     6970.5222 2.578758e-05
     6971.4223 2.560079e-05
     6972.3225 2.528960e-05
     6973.2226 2.518378e-05
     6974.1232 2.540811e-05
     6975.0234 2.559949e-05
     6975.9235 2.542396e-05
     6976.8237 2.502744e-05
     6977.7238 2.460054e-05
     6978.6244 2.401696e-05
     6979.5246 2.322162e-05
     6980.4247 2.275888e-05
     6981.3249 2.323647e-05
     6982.2250 2.424003e-05
     6983.1257 2.499210e-05
     6984.0258 2.539038e-05
     6984.9259 2.562274e-05
     6985.8261 2.571941e-05
     6986.7262 2.570132e-05
     6987.6269 2.563278e-05
     6988.5270 2.553690e-05
     6989.4272 2.535674e-05
     6990.3273 2.509033e-05
     6991.2275 2.495320e-05
     6992.1281 2.513112e-05
     6993.0282 2.547412e-05
     6993.9284 2.569445e-05
     6994.8285 2.567207e-05
     6995.7287 2.548134e-05
     6996.6293 2.537911e-05
     6997.5294 2.546938e-05
     6998.4296 2.557132e-05
     6999.3297 2.552573e-05
     7000.2299 2.518296e-05
     7001.1305 2.466023e-05
     7002.0307 2.446323e-05
     7002.9308 2.480519e-05
     7003.8309 2.524468e-05
     7004.7311 2.524186e-05
     7005.6317 2.486036e-05
     7006.5319 2.457483e-05
     7007.4320 2.454020e-05
     7008.3322 2.464824e-05
     7009.2323 2.484972e-05
     7010.1329 2.511678e-05
     7011.0331 2.528772e-05
     7011.9332 2.519866e-05
     7012.8334 2.501784e-05
     7013.7335 2.503087e-05
     7014.6341 2.521577e-05
     7015.5343 2.522751e-05
     7016.4344 2.469753e-05
     7017.3346 2.373437e-05
     7018.2347 2.321259e-05
     7019.1354 2.377366e-05
     7020.0355 2.481028e-05
     7020.9356 2.550371e-05
     7021.8358 2.579074e-05
     7022.7359 2.579926e-05
     7023.6366 2.542432e-05
     7024.5367 2.471475e-05
     7025.4369 2.413427e-05
     7026.3370 2.410756e-05
     7027.2371 2.454157e-05
     7028.1378 2.495706e-05
     7029.0379 2.512510e-05
     7029.9381 2.519134e-05
     7030.8382 2.526408e-05
     7031.7384 2.533849e-05
     7032.6390 2.534957e-05
     7033.5391 2.526588e-05
     7034.4393 2.518490e-05
     7035.3394 2.513800e-05
     7036.2396 2.511247e-05
     7037.1402 2.524799e-05
     7038.0403 2.534381e-05
     7038.9405 2.490468e-05
     7039.8406 2.420522e-05
     7040.7408 2.420859e-05
     7041.6414 2.507618e-05
     7042.5416 2.599207e-05
     7043.4417 2.643782e-05
     7044.3418 2.645989e-05
     7045.2420 2.615225e-05
     7046.1426 2.567223e-05
     7047.0428 2.542766e-05
     7047.9429 2.562588e-05
     7048.8431 2.600924e-05
     7049.7432 2.629319e-05
     7050.6438 2.636888e-05
     7051.5440 2.624727e-05
     7052.4441 2.593767e-05
     7053.3443 2.530307e-05
     7054.2444 2.441781e-05
     7055.1451 2.379054e-05
     7056.0452 2.371778e-05
     7056.9453 2.403616e-05
     7057.8455 2.448811e-05
     7058.7456 2.481031e-05
     7059.6463 2.479519e-05
     7060.5464 2.440485e-05
     7061.4466 2.386768e-05
     7062.3467 2.364099e-05
     7063.2468 2.382745e-05
     7064.1475 2.407633e-05
     7065.0476 2.428861e-05
     7065.9478 2.451854e-05
     7066.8479 2.453225e-05
     7067.7481 2.420308e-05
     7068.6487 2.368257e-05
     7069.5488 2.317127e-05
     7070.4490 2.306536e-05
     7071.3491 2.358180e-05
     7072.2493 2.426048e-05
     7073.1499 2.457552e-05
     7074.0500 2.459176e-05
     7074.9502 2.460921e-05
     7075.8503 2.465175e-05
     7076.7505 2.463727e-05
     7077.6511 2.459170e-05
     7078.5513 2.459660e-05
     7079.4514 2.467712e-05
     7080.3515 2.476108e-05
     7081.2517 2.485439e-05
     7082.1523 2.497658e-05
     7083.0525 2.495723e-05
     7083.9526 2.459163e-05
     7084.8528 2.383588e-05
     7085.7529 2.296620e-05
     7086.6535 2.258444e-05
     7087.5537 2.281391e-05
     7088.4538 2.302592e-05
     7089.3540 2.297594e-05
     7090.2541 2.291511e-05
     7091.1547 2.283414e-05
     7092.0549 2.272789e-05
     7092.9550 2.276640e-05
     7093.8552 2.283962e-05
     7094.7553 2.282748e-05
     7095.6560 2.284543e-05
     7096.5561 2.285211e-05
     7097.4562 2.282143e-05
     7098.3564 2.284971e-05
     7099.2565 2.299664e-05
     7100.1572 2.340579e-05
     7101.0573 2.375003e-05
     7101.9575 2.378932e-05
     7102.8576 2.361606e-05
     7103.7578 2.337775e-05
     7104.6584 2.329288e-05
     7105.5585 2.351221e-05
     7106.4587 2.384228e-05
     7107.3588 2.390485e-05
     7108.2590 2.365055e-05
     7109.1596 2.342891e-05
     7110.0597 2.345762e-05
     7110.9599 2.348129e-05
     7111.8600 2.322929e-05
     7112.7602 2.290178e-05
     7113.6608 2.287192e-05
     7114.5610 2.315635e-05
     7115.4611 2.346494e-05
     7116.3612 2.362385e-05
     7117.2614 2.373336e-05
     7118.1620 2.380642e-05
     7119.0622 2.375596e-05
     7119.9623 2.367086e-05
     7120.8625 2.361917e-05
     7121.7626 2.357588e-05
     7122.6632 2.345305e-05
     7123.5634 2.321997e-05
     7124.4635 2.319147e-05
     7125.3637 2.340274e-05
     7126.2638 2.337333e-05
     7127.1644 2.304865e-05
     7128.0646 2.283059e-05
     7128.9647 2.291769e-05
     7129.8649 2.310282e-05
     7130.7650 2.299482e-05
     7131.6657 2.251553e-05
     7132.5658 2.212778e-05
     7133.4659 2.226844e-05
     7134.3661 2.273865e-05
     7135.2662 2.319694e-05
     7136.1669 2.348666e-05
     7137.0670 2.355759e-05
     7137.9672 2.360177e-05
     7138.8673 2.369233e-05
     7139.7674 2.358292e-05
     7140.6681 2.329499e-05
     7141.5682 2.324009e-05
     7142.4684 2.349403e-05
     7143.3685 2.366002e-05
     7144.2687 2.359402e-05
     7145.1693 2.353108e-05
     7146.0694 2.352559e-05
     7146.9696 2.352207e-05
     7147.8697 2.344169e-05
     7148.7699 2.302085e-05
     7149.6705 2.244302e-05
     7150.5707 2.236352e-05
     7151.4708 2.278670e-05
     7152.3709 2.319489e-05
     7153.2711 2.351453e-05
     7154.1717 2.386004e-05
     7155.0719 2.403436e-05
     7155.9720 2.384377e-05
     7156.8722 2.355067e-05
     7157.7723 2.362786e-05
     7158.6729 2.398302e-05
     7159.5731 2.407538e-05
     7160.4732 2.382340e-05
     7161.3734 2.354492e-05
     7162.2735 2.349891e-05
     7163.1741 2.370356e-05
     7164.0743 2.379507e-05
     7164.9744 2.336646e-05
     7165.8746 2.257431e-05
     7166.7747 2.213540e-05
     7167.6754 2.246631e-05
     7168.5755 2.320994e-05
     7169.4756 2.380246e-05
     7170.3758 2.398460e-05
     7171.2759 2.389942e-05
     7172.1766 2.388068e-05
     7173.0767 2.406188e-05
     7173.9769 2.427274e-05
     7174.8770 2.435587e-05
     7175.7771 2.424244e-05
     7176.6778 2.388308e-05
     7177.5779 2.347304e-05
     7178.4781 2.346589e-05
     7179.3782 2.387039e-05
     7180.2784 2.404371e-05
     7181.1790 2.360892e-05
     7182.0791 2.289643e-05
     7182.9793 2.254761e-05
     7183.8794 2.291476e-05
     7184.7796 2.362325e-05
     7185.6802 2.405002e-05
     7186.5804 2.403407e-05
     7187.4805 2.364796e-05
     7188.3806 2.297742e-05
     7189.2808 2.240903e-05
     7190.1814 2.229353e-05
     7191.0816 2.253281e-05
     7191.9817 2.296418e-05
     7192.8819 2.331888e-05
     7193.7820 2.328409e-05
     7194.6826 2.303308e-05
     7195.5828 2.304650e-05
     7196.4829 2.335670e-05
     7197.3831 2.348347e-05
     7198.2832 2.324430e-05
     7199.1838 2.311902e-05
     7200.0840 2.337668e-05
     7200.9841 2.367987e-05
     7201.8843 2.375625e-05
     7202.7844 2.360149e-05
     7203.6851 2.340134e-05
     7204.5852 2.351117e-05
     7205.4853 2.394297e-05
     7206.3855 2.421891e-05
     7207.2856 2.387448e-05
     7208.1863 2.295839e-05
     7209.0864 2.218846e-05
     7209.9866 2.216363e-05
     7210.8867 2.268942e-05
     7211.7869 2.341794e-05
     7212.6875 2.400273e-05
     7213.5876 2.409046e-05
     7214.4878 2.379473e-05
     7215.3879 2.350313e-05
     7216.2881 2.336771e-05
     7217.1887 2.335296e-05
     7218.0888 2.354001e-05
     7218.9890 2.393425e-05
     7219.8891 2.420210e-05
     7220.7893 2.413638e-05
     7221.6899 2.390840e-05
     7222.5901 2.373714e-05
     7223.4902 2.365580e-05
     7224.3903 2.359347e-05
     7225.2905 2.365007e-05
     7226.1911 2.392808e-05
     7227.0913 2.421946e-05
     7227.9914 2.435920e-05
     7228.8916 2.433624e-05
     7229.7917 2.411765e-05
     7230.6923 2.392015e-05
     7231.5925 2.403400e-05
     7232.4926 2.436378e-05
     7233.3928 2.463780e-05
     7234.2929 2.475938e-05
     7235.1935 2.480755e-05
     7236.0937 2.477346e-05
     7236.9938 2.455682e-05
     7237.8940 2.428105e-05
     7238.7941 2.418096e-05
     7239.6948 2.421342e-05
     7240.5949 2.416457e-05
     7241.4951 2.409725e-05
     7242.3952 2.426130e-05
     7243.2953 2.453319e-05
     7244.1960 2.457761e-05
     7245.0961 2.429602e-05
     7245.9963 2.387875e-05
     7246.8964 2.368644e-05
     7247.7966 2.394621e-05
     7248.6972 2.444807e-05
     7249.5973 2.480956e-05
     7250.4975 2.481780e-05
     7251.3976 2.446760e-05
     7252.2978 2.394996e-05
     7253.1984 2.362725e-05
     7254.0985 2.374782e-05
     7254.9987 2.409614e-05
     7255.8988 2.431177e-05
     7256.7990 2.439437e-05
     7257.6996 2.456860e-05
     7258.5998 2.484522e-05
     7259.4999 2.498815e-05
     7260.4000 2.488013e-05
     7261.3002 2.452094e-05
     7262.2008 2.388770e-05
     7263.1010 2.335373e-05
     7264.0011 2.351352e-05
     7264.9013 2.416443e-05
     7265.8014 2.466394e-05
     7266.7020 2.486948e-05
     7267.6022 2.496731e-05
     7268.5023 2.505542e-05
     7269.4025 2.506478e-05
     7270.3026 2.496093e-05
     7271.2033 2.481541e-05
     7272.1034 2.465576e-05
     7273.0035 2.452462e-05
     7273.9037 2.450703e-05
     7274.8038 2.460766e-05
     7275.7045 2.472959e-05
     7276.6046 2.481314e-05
     7277.5048 2.490394e-05
     7278.4049 2.493973e-05
     7279.3050 2.480516e-05
     7280.2057 2.461350e-05
     7281.1058 2.453744e-05
     7282.0060 2.447404e-05
     7282.9061 2.421691e-05
     7283.8063 2.381349e-05
     7284.7069 2.352253e-05
     7285.6070 2.347986e-05
     7286.5072 2.369922e-05
     7287.4073 2.411647e-05
     7288.3075 2.441261e-05
     7289.2081 2.427735e-05
     7290.1082 2.379201e-05
     7291.0084 2.341662e-05
     7291.9085 2.331739e-05
     7292.8087 2.322414e-05
     7293.7093 2.310467e-05
     7294.6095 2.323427e-05
     7295.5096 2.373753e-05
     7296.4098 2.438697e-05
     7297.3099 2.493320e-05
     7298.2105 2.521055e-05
     7299.1107 2.512502e-05
     7300.0108 2.482626e-05
     7300.9110 2.459438e-05
     7301.8111 2.459348e-05
     7302.7117 2.474826e-05
     7303.6119 2.486566e-05
     7304.5120 2.493505e-05
     7305.4122 2.490552e-05
     7306.3123 2.517880e-05
     7307.2130 2.506682e-05
     7308.1131 2.474627e-05
     7309.0132 2.445027e-05
     7309.9134 2.442404e-05
     7310.8135 2.464414e-05
     7311.7142 2.472172e-05
     7312.6143 2.452732e-05
     7313.5145 2.446677e-05
     7314.4146 2.474844e-05
     7315.3147 2.509695e-05
     7316.2154 2.520112e-05
     7317.1155 2.503665e-05
     7318.0157 2.479791e-05
     7318.9158 2.466748e-05
     7319.8160 2.470701e-05
     7320.7166 2.485280e-05
     7321.6167 2.494242e-05
     7322.5169 2.497265e-05
     7323.4170 2.502571e-05
     7324.3172 2.496973e-05
     7325.2178 2.472108e-05
     7326.1180 2.435610e-05
     7327.0181 2.397395e-05
     7327.9182 2.387676e-05
     7328.8184 2.429888e-05
     7329.7190 2.484561e-05
     7330.6192 2.503577e-05
     7331.5193 2.491906e-05
     7332.4195 2.479955e-05
     7333.3196 2.482499e-05
     7334.2202 2.490577e-05
     7335.1204 2.495195e-05
     7336.0205 2.504290e-05
     7336.9207 2.524228e-05
     7337.8208 2.547014e-05
     7338.7214 2.560154e-05
     7339.6216 2.561287e-05
     7340.5217 2.559895e-05
     7341.4219 2.564891e-05
     7342.3220 2.575229e-05
     7343.2227 2.576404e-05
     7344.1228 2.548839e-05
     7345.0230 2.494175e-05
     7345.9231 2.452411e-05
     7346.8232 2.461053e-05
     7347.7239 2.503314e-05
     7348.6240 2.540756e-05
     7349.5242 2.560290e-05
     7350.4243 2.555777e-05
     7351.3245 2.521839e-05
     7352.2251 2.478280e-05
     7353.1252 2.459747e-05
     7354.0254 2.470669e-05
     7354.9255 2.477781e-05
     7355.8257 2.451811e-05
     7356.7263 2.447967e-05
     7357.6264 2.359342e-05
     7358.5266 2.371235e-05
     7359.4267 2.437632e-05
     7360.3269 2.507252e-05
     7361.2275 2.536477e-05
     7362.1277 2.511706e-05
     7363.0278 2.455819e-05
     7363.9279 2.409323e-05
     7364.8281 2.400049e-05
     7365.7287 2.423150e-05
     7366.6289 2.457363e-05
     7367.5290 2.483846e-05
     7368.4292 2.503004e-05
     7369.3293 2.519426e-05
     7370.2299 2.526716e-05
     7371.1301 2.529704e-05
     7372.0302 2.545081e-05
     7372.9304 2.563542e-05
     7373.8305 2.567418e-05
     7374.7312 2.556171e-05
     7375.6313 2.539302e-05
     7376.5314 2.524327e-05
     7377.4316 2.516567e-05
     7378.3317 2.525481e-05
     7379.2324 2.550203e-05
     7380.1325 2.573255e-05
     7381.0327 2.574758e-05
     7381.9328 2.548786e-05
     7382.8329 2.505266e-05
     7383.7336 2.469518e-05
     7384.6337 2.455619e-05
     7385.5339 2.445408e-05
     7386.4340 2.415566e-05
     7387.3342 2.378584e-05
     7388.2348 2.359732e-05
     7389.1349 2.350188e-05
     7390.0351 2.332929e-05
     7390.9352 2.325967e-05
     7391.8354 2.358080e-05
     7392.7360 2.410933e-05
     7393.6362 2.435358e-05
     7394.5363 2.426585e-05
     7395.4364 2.424565e-05
     7396.3366 2.449957e-05
     7397.2372 2.478241e-05
     7398.1374 2.488179e-05
     7399.0375 2.482619e-05
     7399.9377 2.463354e-05
     7400.8378 2.433028e-05
     7401.7384 2.409212e-05
     7410.0000 2.639727e-05
     7430.0000 2.713254e-05
     7450.0000 2.711265e-05
     7470.0000 2.758500e-05
     7490.0000 2.753303e-05
     7510.0000 2.774334e-05
     7530.0000 2.817101e-05
     7550.0000 2.836511e-05
     7570.0000 2.810689e-05
     7590.0000 2.718717e-05
     7610.0000 2.659339e-05
     7630.0000 2.605536e-05
     7650.0000 2.540845e-05
     7670.0000 2.423998e-05
     7690.0000 2.485647e-05
     7710.0000 2.443154e-05
     7730.0000 2.454839e-05
     7750.0000 2.432920e-05
     7770.0000 2.478347e-05
     7790.0000 2.478174e-05
     7810.0000 2.485649e-05
     7830.0000 2.483826e-05
     7850.0000 2.463801e-05
     7870.0000 2.494271e-05
     7890.0000 2.483698e-05
     7910.0000 2.427165e-05
     7930.0000 2.433140e-05
     7950.0000 2.436188e-05
     7970.0000 2.503058e-05
     7990.0000 2.503799e-05
     8010.0000 2.538088e-05
     8030.0000 2.553188e-05
     8050.0000 2.549634e-05
     8070.0000 2.598531e-05
     8090.0000 2.581584e-05
     8110.0000 2.607925e-05
     8130.0000 2.674520e-05
     8150.0000 2.707186e-05
     8170.0000 2.719433e-05
     8190.0000 2.603018e-05
     8210.0000 2.603525e-05
     8230.0000 2.606808e-05
     8250.0000 2.613373e-05
     8270.0000 2.622321e-05
     8290.0000 2.592854e-05
     8310.0000 2.522965e-05
     8330.0000 2.497534e-05
     8350.0000 2.505015e-05
     8370.0000 2.514414e-05
     8390.0000 2.433486e-05
     8410.0000 2.516353e-05
     8430.0000 2.420778e-05
     8450.0000 2.386508e-05
     8470.0000 2.368381e-05
     8490.0000 2.397807e-05
     8510.0000 2.310235e-05
     8530.0000 2.399562e-05
     8550.0000 2.305559e-05
     8570.0000 2.453205e-05
     8590.0000 2.417869e-05
     8610.0000 2.442089e-05
     8630.0000 2.485708e-05
     8650.0000 2.497344e-05
     8670.0000 2.339405e-05
     8690.0000 2.431670e-05
     8710.0000 2.511443e-05
     8730.0000 2.526289e-05
     8750.0000 2.508923e-05
     8770.0000 2.547429e-05
     8790.0000 2.567703e-05
     8810.0000 2.519862e-05
     8830.0000 2.542380e-05
     8850.0000 2.534252e-05
     8870.0000 2.438257e-05
     8890.0000 2.460022e-05
     8910.0000 2.485921e-05
     8930.0000 2.451902e-05
     8950.0000 2.454442e-05
     8970.0000 2.465702e-05
     8990.0000 2.470828e-05
     9010.0000 2.410174e-05
     9030.0000 2.491386e-05
     9050.0000 2.552825e-05
     9070.0000 2.539959e-05
     9090.0000 2.491695e-05
     9110.0000 2.520758e-05
     9130.0000 2.557064e-05
     9150.0000 2.544523e-05
     9170.0000 2.535247e-05
     9190.0000 2.546686e-05
     9210.0000 2.474074e-05
     9230.0000 2.435394e-05
     9250.0000 2.419486e-05
     9270.0000 2.437823e-05
     9290.0000 2.408911e-05
     9310.0000 2.416188e-05
     9330.0000 2.413389e-05
     9350.0000 2.401492e-05
     9370.0000 2.364430e-05
     9390.0000 2.394335e-05
     9410.0000 2.351502e-05
     9430.0000 2.404340e-05
     9450.0000 2.368015e-05
     9470.0000 2.409809e-05
     9490.0000 2.414518e-05
     9510.0000 2.387249e-05
     9530.0000 2.399208e-05
     9550.0000 2.358706e-05
     9570.0000 2.374033e-05
     9590.0000 2.402241e-05
     9610.0000 2.369230e-05
     9630.0000 2.377083e-05
     9650.0000 2.335631e-05
     9670.0000 2.332941e-05
     9690.0000 2.359793e-05
     9710.0000 2.333449e-05
     9730.0000 2.314591e-05
     9750.0000 2.304984e-05
     9770.0000 2.311127e-05
     9790.0000 2.275467e-05
     9810.0000 2.330743e-05
     9830.0000 2.312546e-05
     9850.0000 2.323679e-05
     9870.0000 2.309175e-05
     9890.0000 2.307494e-05
     9910.0000 2.271773e-05
     9930.0000 2.286855e-05
     9950.0000 2.293256e-05
     9970.0000 2.296896e-05
     9990.0000 2.287173e-05
    10025.0000 2.276943e-05
    10075.0000 2.251216e-05
    10125.0000 2.260764e-05
    10175.0000 2.232852e-05
    10225.0000 2.231925e-05
    10275.0000 2.227405e-05
    10325.0000 2.197127e-05
    10375.0000 2.182278e-05
    10425.0000 2.179215e-05
    10475.0000 2.143234e-05
    10525.0000 2.125624e-05
    10575.0000 2.090419e-05
    10625.0000 2.080684e-05
    10675.0000 2.053531e-05
    10725.0000 2.051088e-05
    10775.0000 2.038751e-05
    10825.0000 2.008481e-05
    10875.0000 1.995309e-05
    10925.0000 1.976957e-05
    10975.0000 1.940826e-05
    11025.0000 1.923743e-05
    11075.0000 1.899663e-05
    11125.0000 1.886341e-05
    11175.0000 1.872978e-05
    11225.0000 1.871399e-05
    11275.0000 1.847167e-05
    11325.0000 1.839126e-05
    11375.0000 1.816785e-05
    11425.0000 1.797355e-05
    11475.0000 1.818436e-05
    11525.0000 1.810224e-05
    11575.0000 1.788469e-05
    11625.0000 1.761581e-05
    11675.0000 1.757618e-05
    11725.0000 1.765599e-05
    11775.0000 1.726242e-05
    11825.0000 1.718880e-05
    11875.0000 1.697319e-05
    11925.0000 1.717308e-05
    11975.0000 1.661006e-05
    12025.0000 1.684008e-05
    12075.0000 1.670085e-05
    12125.0000 1.667821e-05
    12175.0000 1.669494e-05
    12225.0000 1.656307e-05
    12275.0000 1.641692e-05
    12325.0000 1.632501e-05
    12375.0000 1.625210e-05
    12425.0000 1.603542e-05
    12475.0000 1.602685e-05
    12525.0000 1.584235e-05
    12575.0000 1.582738e-05
    12625.0000 1.572976e-05
    12675.0000 1.554718e-05
    12725.0000 1.557277e-05
    12775.0000 1.554293e-05
    12825.0000 1.506605e-05
    12875.0000 1.524170e-05
    12925.0000 1.506791e-05
    12975.0000 1.513591e-05
    13025.0000 1.499177e-05
    13075.0000 1.497684e-05
    13125.0000 1.465189e-05
    13175.0000 1.466546e-05
    13225.0000 1.465462e-05
    13275.0000 1.439977e-05
    13325.0000 1.419217e-05
    13375.0000 1.388362e-05
    13425.0000 1.384387e-05
    13475.0000 1.378857e-05
    13525.0000 1.369568e-05
    13575.0000 1.349776e-05
    13625.0000 1.343399e-05
    13675.0000 1.345679e-05
    13725.0000 1.346030e-05
    13775.0000 1.340199e-05
    13825.0000 1.337177e-05
    13875.0000 1.324289e-05
    13925.0000 1.282067e-05
    13975.0000 1.274349e-05
    14025.0000 1.259763e-05
    14075.0000 1.263089e-05
    14125.0000 1.248294e-05
    14175.0000 1.250150e-05
    14225.0000 1.237374e-05
    14275.0000 1.221629e-05
    14325.0000 1.241778e-05
    14375.0000 1.247583e-05
    14425.0000 1.225628e-05
    14475.0000 1.241068e-05
    14525.0000 1.230273e-05
    14570.0000 1.233324e-05
    14620.0000 1.201663e-05
    14675.0000 1.200448e-05
    14725.0000 1.202971e-05
    14775.0000 1.203087e-05
    14825.0000 1.207231e-05
    14875.0000 1.196496e-05
    14925.0000 1.221934e-05
    14975.0000 1.216706e-05
    15025.0000 1.190468e-05
    15075.0000 1.201153e-05
    15125.0000 1.217051e-05
    15175.0000 1.221021e-05
    15225.0000 1.224824e-05
    15275.0000 1.223832e-05
    15325.0000 1.224011e-05
    15375.0000 1.221654e-05
    15425.0000 1.213694e-05
    15475.0000 1.228778e-05
    15525.0000 1.224357e-05
    15575.0000 1.186428e-05
    15625.0000 1.203588e-05
    15675.0000 1.205014e-05
    15725.0000 1.211053e-05
    15775.0000 1.152158e-05
    15825.0000 1.163711e-05
    15875.0000 1.165632e-05
    15925.0000 1.191434e-05
    15975.0000 1.170135e-05
    16050.0000 1.174997e-05
    16150.0000 1.190767e-05
    16250.0000 1.152452e-05
    16350.0000 1.178078e-05
    16450.0000 1.138355e-05
    16550.0000 1.157022e-05
    16650.0000 1.130695e-05
    16750.0000 1.115441e-05
    16850.0000 1.099556e-05
    16950.0000 1.098641e-05
    17050.0000 1.075340e-05
    17150.0000 1.055266e-05
    17250.0000 1.032144e-05
    17350.0000 1.003253e-05
    17450.0000 9.890393e-06
    17550.0000 9.632585e-06
    17650.0000 9.523816e-06
    17750.0000 9.202502e-06
    17850.0000 9.044249e-06
    17950.0000 8.941003e-06
    18050.0000 8.735072e-06
    18150.0000 8.592069e-06
    18250.0000 8.479435e-06
    18350.0000 8.358691e-06
    18450.0000 8.189652e-06
    18550.0000 8.117405e-06
    18650.0000 7.942879e-06
    18750.0000 7.765772e-06
    18850.0000 7.714661e-06
    18950.0000 7.480613e-06
    19050.0000 7.475162e-06
    19150.0000 7.326538e-06
    19250.0000 7.206958e-06
    19350.0000 7.024707e-06
    19450.0000 6.863862e-06
    19550.0000 6.760497e-06
    19650.0000 6.647381e-06
    19750.0000 6.471872e-06
    19850.0000 6.413403e-06
    19950.0000 6.334719e-06
    20050.0000 6.276923e-06
    20150.0000 6.203011e-06
    20250.0000 6.086040e-06
    20350.0000 5.998066e-06
    20450.0000 5.963391e-06
    20550.0000 5.879367e-06
    20650.0000 5.811423e-06
    20750.0000 5.761276e-06
    20850.0000 5.697794e-06
    20950.0000 5.609568e-06
    21050.0000 5.587110e-06
    21150.0000 5.511609e-06
    21250.0000 5.451192e-06
    21350.0000 5.393466e-06
    21450.0000 5.327206e-06
    21550.0000 5.248085e-06
    21650.0000 5.162278e-06
    21750.0000 5.085824e-06
    21850.0000 5.019805e-06
    21950.0000 4.969033e-06
    22050.0000 4.834083e-06
    22150.0000 4.839448e-06
    22250.0000 4.737750e-06
    22350.0000 4.668458e-06
    22450.0000 4.605176e-06
    22550.0000 4.547335e-06
    22650.0000 4.441063e-06
    22750.0000 4.425728e-06
    22850.0000 4.336540e-06
    22950.0000 3.632463e-06
    23050.0000 3.878773e-06
    23150.0000 3.867741e-06
    23250.0000 3.338683e-06
    23350.0000 3.571735e-06
    23450.0000 3.408250e-06
    23550.0000 3.095308e-06
    23650.0000 3.312296e-06
    23750.0000 3.166739e-06
    23850.0000 2.933433e-06
    23950.0000 3.092505e-06
    24050.0000 3.028558e-06
    24150.0000 2.815123e-06
    24250.0000 2.900614e-06
    24350.0000 2.810294e-06
    24450.0000 2.719050e-06
    24550.0000 2.699853e-06
    24650.0000 2.701545e-06
    24750.0000 2.613380e-06
    24850.0000 2.373198e-06
    24950.0000 2.294485e-06
    25050.0000 2.337925e-06
    25150.0000 2.253381e-06
    25250.0000 2.295984e-06
    25350.0000 2.316673e-06
    25450.0000 2.293981e-06
    25550.0000 2.296777e-06
    25650.0000 2.320605e-06
    25750.0000 2.340209e-06
    25850.0000 2.293854e-06
    25950.0000 2.337628e-06
    26050.0000 2.329548e-06
    26150.0000 2.304532e-06
    26250.0000 2.235502e-06
    26350.0000 2.238369e-06
    26450.0000 2.212885e-06
    26550.0000 2.185591e-06
    26650.0000 2.158166e-06
    26750.0000 2.167021e-06
    26850.0000 2.142569e-06
    26950.0000 2.119548e-06
    27050.0000 2.117225e-06
    27150.0000 2.083625e-06
    27250.0000 2.065536e-06
    27350.0000 2.036842e-06
    27450.0000 2.028827e-06
    27550.0000 2.020883e-06
    27650.0000 1.987606e-06
    27750.0000 1.963090e-06
    27850.0000 1.946171e-06
    27950.0000 1.935105e-06
    28050.0000 1.891882e-06
    28150.0000 1.889776e-06
    28250.0000 1.886892e-06
    28350.0000 1.871940e-06
    28450.0000 1.856414e-06
    28550.0000 1.817316e-06
    28650.0000 1.797078e-06
    28750.0000 1.801670e-06
    28850.0000 1.773328e-06
    28950.0000 1.764039e-06
    29050.0000 1.743686e-06
    29150.0000 1.731668e-06
    29250.0000 1.706585e-06
    29350.0000 1.694950e-06
    29450.0000 1.653358e-06
    29550.0000 1.656107e-06
    29650.0000 1.625261e-06
    29750.0000 1.614053e-06
    29850.0000 1.607862e-06
    29950.0000 1.591020e-06
    30050.0000 1.575247e-06
    30150.0000 1.562746e-06
    30250.0000 1.546771e-06
    30350.0000 1.528845e-06
    30450.0000 1.519211e-06
    30550.0000 1.504957e-06
    30650.0000 1.490979e-06
    30750.0000 1.479268e-06
    30850.0000 1.463082e-06
    30950.0000 1.450961e-06
    31050.0000 1.439780e-06
    31150.0000 1.420783e-06
    31250.0000 1.412009e-06
    31350.0000 1.399693e-06
    31450.0000 1.386593e-06
    31550.0000 1.372137e-06
    31650.0000 1.359348e-06
    31750.0000 1.348597e-06
    31850.0000 1.336254e-06
    31950.0000 1.324225e-06
    32100.0000 1.304757e-06
    32300.0000 1.280874e-06
    32500.0000 1.257053e-06
    32700.0000 1.233150e-06
    32900.0000 1.208164e-06
    33100.0000 1.186614e-06
    33300.0000 1.163408e-06
    33500.0000 1.142887e-06
    33700.0000 1.120566e-06
    33900.0000 1.098186e-06
    34100.0000 1.076270e-06
    34300.0000 1.057301e-06
    34500.0000 1.037716e-06
    34700.0000 1.017538e-06
    34900.0000 9.984219e-07
    35100.0000 9.798108e-07
    35300.0000 9.601211e-07
    35500.0000 9.426923e-07
    35700.0000 9.245949e-07
    35900.0000 9.075029e-07
    36100.0000 8.919887e-07
    36300.0000 8.755539e-07
    36500.0000 8.583451e-07
    36700.0000 8.422900e-07
    36900.0000 8.251847e-07
    37100.0000 8.095738e-07
    37300.0000 7.965902e-07
    37500.0000 7.795730e-07
    37700.0000 7.680516e-07
    37900.0000 7.539838e-07
    38100.0000 7.410464e-07
    38300.0000 7.284659e-07
    38500.0000 7.154928e-07
    38700.0000 7.013549e-07
    38900.0000 6.889961e-07
    39100.0000 6.770061e-07
    39300.0000 6.647966e-07
    39500.0000 6.510808e-07
    39700.0000 6.393968e-07
    39900.0000 6.253791e-07
    40100.0000 6.151330e-07
    40300.0000 6.042602e-07
    40500.0000 5.915968e-07
    40700.0000 5.809090e-07
    40900.0000 5.700536e-07
    41100.0000 5.593741e-07
    41300.0000 5.489381e-07
    41500.0000 5.378407e-07
    41700.0000 5.273613e-07
    41900.0000 5.166293e-07
    42100.0000 5.057492e-07
    42300.0000 4.974331e-07
    42500.0000 4.868631e-07
    42700.0000 4.777729e-07
    42900.0000 4.588059e-07
    43100.0000 4.400028e-07
    43300.0000 4.360728e-07
    43500.0000 4.184403e-07
    43700.0000 4.080689e-07
    43900.0000 3.994488e-07
    44100.0000 3.865494e-07
    44300.0000 3.779324e-07
    44500.0000 3.708502e-07
    44700.0000 3.612135e-07
    44900.0000 3.562531e-07
    45100.0000 3.494894e-07
    45300.0000 3.422897e-07
    45500.0000 3.377992e-07
    45700.0000 3.324967e-07
    45900.0000 3.232137e-07
    46100.0000 3.213657e-07
    46300.0000 3.159471e-07
    46500.0000 3.116429e-07
    46700.0000 3.093004e-07
    46900.0000 3.037257e-07
    47100.0000 2.990543e-07
    47300.0000 2.974838e-07
    47500.0000 2.911093e-07
    47700.0000 2.883726e-07
    47900.0000 2.850111e-07
    48100.0000 2.788245e-07
    48300.0000 2.787823e-07
    48500.0000 2.732204e-07
    48700.0000 2.688201e-07
    48900.0000 2.651159e-07
    49100.0000 2.611691e-07
    49300.0000 2.588236e-07
    49500.0000 2.545759e-07
    49700.0000 2.527798e-07
    49900.0000 2.480270e-07
    50100.0000 2.450741e-07
    50300.0000 2.418414e-07
    50500.0000 2.377681e-07
    50700.0000 2.350472e-07
    50900.0000 2.320782e-07
    51100.0000 2.284638e-07
    51300.0000 2.261280e-07
    51500.0000 2.227783e-07
    51700.0000 2.208345e-07
    51900.0000 2.173988e-07
    52100.0000 2.149567e-07
    52300.0000 2.118470e-07
    52500.0000 2.098841e-07
    52700.0000 2.082553e-07
    52900.0000 2.045696e-07
    53100.0000 2.021999e-07
    53300.0000 2.002196e-07
    53500.0000 1.978960e-07
    53700.0000 1.957362e-07
    53900.0000 1.935590e-07
    54100.0000 1.912683e-07
    54300.0000 1.883145e-07
    54500.0000 1.866542e-07
    54700.0000 1.840373e-07
    54900.0000 1.818739e-07
    55100.0000 1.796145e-07
    55300.0000 1.786037e-07
    55500.0000 1.753105e-07
    55700.0000 1.741555e-07
    55900.0000 1.718265e-07
    56100.0000 1.701723e-07
    56300.0000 1.676167e-07
    56500.0000 1.662733e-07
    56700.0000 1.643951e-07
    56900.0000 1.620673e-07
    57100.0000 1.608552e-07
    57300.0000 1.589976e-07
    57500.0000 1.572566e-07
    57700.0000 1.553518e-07
    57900.0000 1.541225e-07
    58100.0000 1.519861e-07
    58300.0000 1.505296e-07
    58500.0000 1.489280e-07
    58700.0000 1.470074e-07
    58900.0000 1.454540e-07
    59100.0000 1.439570e-07
    59300.0000 1.424619e-07
    59500.0000 1.407226e-07
    59700.0000 1.394032e-07
    59900.0000 1.378651e-07
    60100.0000 1.363503e-07
    60300.0000 1.348470e-07
    60500.0000 1.331848e-07
    60700.0000 1.317454e-07
    60900.0000 1.302791e-07
    61100.0000 1.287335e-07
    61300.0000 1.274424e-07
    61500.0000 1.260846e-07
    61700.0000 1.247590e-07
    61900.0000 1.233500e-07
    62100.0000 1.220096e-07
    62300.0000 1.204845e-07
    62500.0000 1.190195e-07
    62700.0000 1.176709e-07
    62900.0000 1.163640e-07
    63100.0000 1.149576e-07
    63300.0000 1.137725e-07
    63500.0000 1.123475e-07
    63700.0000 1.111367e-07
    63900.0000 1.097145e-07
    64200.0000 1.077912e-07
    64600.0000 1.052107e-07
    65000.0000 1.027404e-07
    65400.0000 1.003485e-07
    65800.0000 9.807412e-08
    66200.0000 9.579537e-08
    66600.0000 9.365029e-08
    67000.0000 9.158190e-08
    67400.0000 8.955422e-08
    67800.0000 8.766145e-08
    68200.0000 8.582159e-08
    68600.0000 8.407996e-08
    69000.0000 8.236501e-08
    69400.0000 8.072619e-08
    69800.0000 7.914704e-08
    70200.0000 7.757977e-08
    70600.0000 7.611201e-08
    71000.0000 7.465425e-08
    71400.0000 7.323786e-08
    71800.0000 7.184620e-08
    72200.0000 7.049592e-08
    72600.0000 6.915904e-08
    73000.0000 6.786711e-08
    73400.0000 6.658359e-08
    73800.0000 6.534982e-08
    74200.0000 6.410916e-08
    74600.0000 6.290690e-08
    75000.0000 6.173371e-08
    75400.0000 6.061484e-08
    75800.0000 5.958229e-08
    76200.0000 5.852457e-08
    76600.0000 5.751071e-08
    77000.0000 5.651434e-08
    77400.0000 5.555953e-08
    77800.0000 5.466710e-08
    78200.0000 5.374681e-08
    78600.0000 5.284797e-08
    79000.0000 5.196999e-08
    79400.0000 5.111156e-08
    79800.0000 5.027236e-08
    80200.0000 4.946988e-08
    80600.0000 4.869421e-08
    81000.0000 4.801669e-08
    81400.0000 4.729278e-08
    81800.0000 4.658713e-08
    82200.0000 4.588955e-08
    82600.0000 4.523145e-08
    83000.0000 4.458339e-08
    83400.0000 4.389018e-08
    83800.0000 4.322394e-08
    84200.0000 4.260593e-08
    84600.0000 4.198924e-08
    85000.0000 4.139112e-08
    85400.0000 4.105215e-08
    85800.0000 4.063215e-08
    86200.0000 4.021251e-08
    86600.0000 3.979982e-08
    87000.0000 3.941072e-08
    87400.0000 3.899367e-08
    87800.0000 3.861615e-08
    88200.0000 3.821697e-08
    88600.0000 3.781123e-08
    89000.0000 3.747971e-08
    89400.0000 3.707319e-08
    89800.0000 3.670869e-08
    90200.0000 3.633533e-08
    90600.0000 3.599623e-08
    91000.0000 3.563494e-08
    91400.0000 3.529350e-08
    91800.0000 3.495640e-08
    92200.0000 3.464240e-08
    92600.0000 3.430127e-08
    93000.0000 3.391017e-08
    93400.0000 3.355784e-08
    93800.0000 3.320193e-08
    94200.0000 3.280137e-08
    94600.0000 3.247934e-08
    95000.0000 3.208549e-08
    95400.0000 3.173283e-08
    95800.0000 3.138101e-08
    96200.0000 3.101518e-08
    96600.0000 3.070523e-08
    97000.0000 3.036560e-08
    97400.0000 2.999852e-08
    97800.0000 2.969880e-08
    98200.0000 2.935508e-08
    98600.0000 2.903590e-08
    99000.0000 2.871281e-08
    99400.0000 2.836252e-08
    99800.0000 2.807689e-08
   100000.0000 2.785968e-08
   100900.0000 2.718146e-08
   101900.0000 2.642116e-08
   102800.0000 2.575299e-08
   103800.0000 2.503700e-08
   104700.0000 2.440114e-08
   105700.0000 2.370916e-08
   106700.0000 2.303832e-08
   107600.0000 2.243355e-08
   108600.0000 2.177284e-08
   109600.0000 2.113074e-08
   110700.0000 2.045203e-08
   111700.0000 1.983816e-08
   112700.0000 1.924868e-08
   113800.0000 1.858179e-08
   114800.0000 1.798769e-08
   115900.0000 1.734868e-08
   116900.0000 1.672527e-08
   118000.0000 1.603359e-08
   119100.0000 1.534132e-08
