# FSPS 0.4.7 SSP; isochrones/spectra ('mist', 'miles'); imf_type 2; logzsol -0.25; tage 6.0 Gyr; sfh 0; no nebular; rest wavelength [A] VACUUM as shipped by FSPS; f_lambda [L_sun/A], arbitrary normalization
      905.0000 2.374884e-07
      915.0000 3.585363e-07
      925.0000 3.490262e-07
      935.0000 4.681194e-07
      945.0000 4.631064e-07
      955.0000 4.854038e-07
      965.0000 4.848145e-07
      975.0000 3.741442e-07
      985.0000 3.920134e-07
      995.0000 4.337770e-07
     1005.0000 4.413030e-07
     1015.0000 4.282714e-07
     1025.0000 2.899961e-07
     1035.0000 3.987454e-07
     1045.0000 4.499541e-07
     1055.0000 4.386264e-07
     1065.0000 4.130904e-07
     1075.0000 3.998013e-07
     1085.0000 2.660515e-07
     1095.0000 3.977678e-07
     1105.0000 3.793988e-07
     1115.0000 3.454928e-07
     1125.0000 3.047813e-07
     1135.0000 3.610963e-07
     1145.0000 3.475413e-07
     1155.0000 2.958941e-07
     1165.0000 2.928321e-07
     1175.0000 2.750813e-07
     1185.0000 3.145962e-07
     1195.0000 2.912133e-07
     1205.0000 2.687905e-07
     1215.0000 1.824343e-07
     1225.0000 2.675362e-07
     1235.0000 2.611954e-07
     1245.0000 2.748905e-07
     1255.0000 2.574373e-07
     1265.0000 2.674247e-07
     1275.0000 2.684996e-07
     1285.0000 2.446402e-07
     1295.0000 2.334449e-07
     1305.0000 2.427013e-07
     1315.0000 2.321672e-07
     1325.0000 2.262190e-07
     1335.0000 2.316967e-07
     1345.0000 2.080119e-07
     1355.0000 2.240194e-07
     1365.0000 2.113222e-07
     1375.0000 2.041603e-07
     1385.0000 1.939557e-07
     1395.0000 1.854930e-07
     1405.0000 2.022146e-07
     1415.0000 1.854064e-07
     1425.0000 1.748870e-07
     1435.0000 1.833486e-07
     1442.0000 1.828137e-07
     1447.0000 1.792196e-07
     1455.0000 1.772494e-07
     1465.0000 1.647067e-07
     1475.0000 1.707810e-07
     1485.0000 1.638930e-07
     1495.0000 1.647679e-07
     1505.0000 1.574490e-07
     1512.0000 1.492517e-07
     1517.0000 1.514043e-07
     1525.0000 1.437177e-07
     1535.0000 1.421765e-07
     1545.0000 1.154862e-07
     1555.0000 1.426590e-07
     1565.0000 1.194887e-07
     1575.0000 1.345269e-07
     1585.0000 1.210878e-07
     1595.0000 1.359631e-07
     1605.0000 1.345271e-07
     1615.0000 1.316223e-07
     1625.0000 1.288952e-07
     1635.0000 1.290071e-07
     1645.0000 1.273477e-07
     1655.0000 1.254554e-07
     1665.0000 1.267844e-07
     1672.0000 1.220033e-07
     1677.0000 1.355304e-07
     1685.0000 1.351804e-07
     1695.0000 1.319670e-07
     1705.0000 1.332792e-07
     1715.0000 1.430447e-07
     1725.0000 1.487275e-07
     1735.0000 1.624278e-07
     1745.0000 1.648374e-07
     1755.0000 1.923372e-07
     1765.0000 1.664467e-07
     1775.0000 1.834261e-07
     1785.0000 2.017260e-07
     1795.0000 2.516913e-07
     1805.0000 2.431739e-07
     1815.0000 2.316954e-07
     1825.0000 2.457083e-07
     1835.0000 2.465969e-07
     1845.0000 1.826115e-07
     1855.0000 2.585678e-07
     1865.0000 3.243523e-07
     1875.0000 3.157684e-07
     1885.0000 3.240674e-07
     1895.0000 3.889514e-07
     1905.0000 3.685232e-07
     1915.0000 4.012431e-07
     1925.0000 3.374387e-07
     1935.0000 1.963130e-07
     1945.0000 4.468550e-07
     1955.0000 4.684693e-07
     1967.0000 5.744935e-07
     1976.0000 5.026443e-07
     1984.0000 5.937923e-07
     1995.0000 6.249497e-07
     2005.0000 5.679810e-07
     2015.0000 6.114050e-07
     2025.0000 4.749010e-07
     2035.0000 6.879046e-07
     2045.0000 7.889220e-07
     2055.0000 7.536039e-07
     2065.0000 7.119572e-07
     2074.0000 8.449743e-07
     2078.0000 1.507641e-06
     2085.0000 1.798911e-06
     2095.0000 1.648982e-06
     2105.0000 1.535314e-06
     2115.0000 1.765241e-06
     2125.0000 1.511707e-06
     2135.0000 1.411154e-06
     2145.0000 1.863051e-06
     2155.0000 1.854233e-06
     2165.0000 1.572240e-06
     2175.0000 1.617241e-06
     2185.0000 2.056479e-06
     2195.0000 2.087656e-06
     2205.0000 1.987833e-06
     2215.0000 1.504884e-06
     2225.0000 1.770146e-06
     2235.0000 2.389561e-06
     2245.0000 2.250209e-06
     2255.0000 1.657037e-06
     2265.0000 1.552789e-06
     2275.0000 1.723490e-06
     2285.0000 2.338682e-06
     2295.0000 1.919731e-06
     2305.0000 2.383290e-06
     2315.0000 2.024006e-06
     2325.0000 1.599088e-06
     2335.0000 1.327236e-06
     2345.0000 8.192109e-07
     2355.0000 1.830530e-06
     2365.0000 9.291654e-07
     2375.0000 1.335354e-06
     2385.0000 6.553628e-07
     2395.0000 9.015730e-07
     2405.0000 9.037815e-07
     2415.0000 1.152096e-06
     2425.0000 2.191244e-06
     2435.0000 2.182702e-06
     2445.0000 2.641521e-06
     2455.0000 2.791076e-06
     2465.0000 2.451691e-06
     2475.0000 2.102630e-06
     2485.0000 1.247723e-06
     2495.0000 1.561823e-06
     2505.0000 2.564564e-06
     2513.0000 9.474051e-07
     2518.0000 6.308001e-07
     2525.0000 7.855607e-07
     2535.0000 1.474610e-06
     2545.0000 1.611972e-06
     2555.0000 2.892994e-06
     2565.0000 2.132432e-06
     2575.0000 2.750233e-06
     2585.0000 2.411994e-06
     2595.0000 2.125494e-06
     2605.0000 1.779258e-06
     2615.0000 1.554588e-06
     2625.0000 2.286828e-06
     2635.0000 3.969682e-06
     2645.0000 5.496635e-06
     2655.0000 7.309918e-06
     2665.0000 4.828526e-06
     2675.0000 5.523997e-06
     2685.0000 6.289505e-06
     2695.0000 4.616109e-06
     2705.0000 5.632905e-06
     2715.0000 4.080815e-06
     2725.0000 3.453974e-06
     2735.0000 4.301250e-06
     2745.0000 2.239730e-06
     2755.0000 3.176306e-06
     2765.0000 4.229032e-06
     2775.0000 4.588562e-06
     2785.0000 2.582741e-06
     2795.0000 9.308133e-07
     2805.0000 1.191285e-06
     2815.0000 4.030871e-06
     2825.0000 6.028863e-06
     2835.0000 5.724674e-06
     2845.0000 4.325229e-06
     2855.0000 2.351190e-06
     2865.0000 5.851387e-06
     2875.0000 7.404689e-06
     2885.0000 6.675637e-06
     2895.0000 7.821334e-06
     2910.0000 1.037106e-05
     2930.0000 9.127572e-06
     2950.0000 8.569444e-06
     2970.0000 9.016577e-06
     2990.0000 9.148341e-06
     3010.0000 9.358353e-06
     3030.0000 9.746992e-06
     3050.0000 1.024975e-05
     3070.0000 1.078661e-05
     3090.0000 1.059942e-05
     3110.0000 1.176685e-05
     3130.0000 1.108569e-05
     3150.0000 1.089554e-05
     3170.0000 1.190057e-05
     3190.0000 1.049883e-05
     3210.0000 1.165716e-05
     3230.0000 9.978084e-06
     3250.0000 1.337266e-05
     3270.0000 1.541477e-05
     3290.0000 1.507837e-05
     3310.0000 1.440001e-05
     3330.0000 1.467099e-05
     3350.0000 1.421701e-05
     3370.0000 1.108261e-05
     3390.0000 1.257505e-05
     3410.0000 1.286050e-05
     3430.0000 1.361433e-05
     3450.0000 1.411575e-05
     3470.0000 1.454845e-05
     3490.0000 1.595039e-05
     3510.0000 1.684384e-05
     3530.0000 1.537830e-05
     3550.0000 1.760539e-05
     3570.0000 1.307925e-05
     3590.0000 1.306072e-05
     3601.8274 1.871066e-05
     3602.7275 1.689673e-05
     3603.6279 1.513907e-05
     3604.5280 1.439751e-05
     3605.4282 1.400616e-05
     3606.3286 1.387854e-05
     3607.2287 1.443603e-05
     3608.1291 1.458924e-05
     3609.0292 1.323272e-05
     3609.9293 1.174206e-05
     3610.8297 1.195254e-05
     3611.7299 1.357969e-05
     3612.6302 1.490422e-05
     3613.5304 1.493821e-05
     3614.4305 1.449977e-05
     3615.3309 1.546855e-05
     3616.2310 1.692601e-05
     3617.1314 1.707692e-05
     3618.0315 1.533083e-05
     3618.9317 1.233595e-05
     3619.8320 1.071690e-05
     3620.7322 1.162878e-05
     3621.6326 1.364507e-05
     3622.5327 1.550423e-05
     3623.4328 1.669881e-05
     3624.3332 1.655633e-05
     3625.2333 1.632474e-05
     3626.1337 1.759193e-05
     3627.0339 1.944854e-05
     3627.9340 2.042254e-05
     3628.8344 2.035813e-05
     3629.7345 1.912754e-05
     3630.6349 1.675475e-05
     3631.5350 1.332483e-05
     3632.4351 1.147458e-05
     3633.3355 1.239301e-05
     3634.2357 1.384859e-05
     3635.1360 1.428307e-05
     3636.0362 1.456470e-05
     3636.9363 1.526576e-05
     3637.8367 1.605030e-05
     3638.7368 1.694697e-05
     3639.6372 1.802570e-05
     3640.5373 1.882412e-05
     3641.4375 1.879508e-05
     3642.3379 1.807509e-05
     3643.2380 1.722899e-05
     3644.1384 1.646282e-05
     3645.0385 1.531136e-05
     3645.9386 1.477336e-05
     3646.8390 1.482126e-05
     3647.7391 1.445670e-05
     3648.6395 1.362850e-05
     3649.5397 1.361678e-05
     3650.4398 1.439213e-05
     3651.3402 1.537323e-05
     3652.2403 1.651918e-05
     3653.1407 1.784818e-05
     3654.0408 1.862852e-05
     3654.9410 1.874599e-05
     3655.8413 1.865379e-05
     3656.7415 1.893202e-05
     3657.6419 1.959894e-05
     3658.5420 2.021943e-05
     3659.4421 2.059666e-05
     3660.3425 2.055252e-05
     3661.2426 2.022372e-05
     3662.1430 1.999362e-05
     3663.0432 1.948987e-05
     3663.9433 1.864059e-05
     3664.8437 1.819594e-05
     3665.7438 1.878754e-05
     3666.6442 1.953308e-05
     3667.5443 1.943515e-05
     3668.4445 1.888463e-05
     3669.3448 1.786195e-05
     3670.2450 1.673437e-05
     3671.1453 1.702160e-05
     3672.0455 1.888206e-05
     3672.9456 2.050888e-05
     3673.8460 2.000467e-05
     3674.7461 1.939431e-05
     3675.6465 1.981926e-05
     3676.5466 1.992879e-05
     3677.4468 1.855838e-05
     3678.3472 1.710375e-05
     3679.2473 1.661321e-05
     3680.1477 1.622699e-05
     3681.0478 1.578435e-05
     3681.9479 1.652162e-05
     3682.8483 1.765437e-05
     3683.7485 1.817888e-05
     3684.6488 1.838210e-05
     3685.5490 1.798827e-05
     3686.4491 1.686741e-05
     3687.3495 1.545923e-05
     3688.2496 1.478024e-05
     3689.1500 1.523815e-05
     3690.0501 1.686071e-05
     3690.9503 1.883325e-05
     3691.8507 2.056996e-05
     3692.7508 2.130043e-05
     3693.6512 2.029884e-05
     3694.5513 1.879710e-05
     3695.4514 1.845582e-05
     3696.3518 1.879772e-05
     3697.2520 1.877923e-05
     3698.1523 1.896443e-05
     3699.0525 2.016209e-05
     3699.9526 2.176233e-05
     3700.8530 2.247289e-05
     3701.7531 2.193083e-05
     3702.6535 2.094805e-05
     3703.5536 1.946480e-05
     3704.4538 1.723835e-05
     3705.3541 1.506393e-05
     3706.2543 1.393107e-05
     3707.1547 1.427352e-05
     3708.0548 1.511806e-05
     3708.9549 1.523865e-05
     3709.8553 1.511528e-05
     3710.7554 1.587904e-05
     3711.6558 1.738431e-05
     3712.5560 1.896416e-05
     3713.4561 2.071308e-05
     3714.3565 2.242394e-05
     3715.2566 2.330494e-05
     3716.1570 2.261084e-05
     3717.0571 2.165776e-05
     3717.9573 2.118093e-05
     3718.8576 1.963615e-05
     3719.7578 1.626223e-05
     3720.6582 1.290668e-05
     3721.5583 1.117914e-05
     3722.4584 1.111928e-05
     3723.3588 1.265822e-05
     3724.2589 1.538881e-05
     3725.1593 1.811700e-05
     3726.0595 2.012498e-05
     3726.9596 2.019143e-05
     3727.8600 1.790095e-05
     3728.7601 1.686298e-05
     3729.6605 1.839720e-05
     3730.5606 1.950097e-05
     3731.4608 1.860893e-05
     3732.3611 1.711810e-05
     3733.2613 1.520037e-05
     3734.1617 1.250286e-05
     3735.0618 1.031219e-05
     3735.9619 9.767352e-06
     3736.8623 1.042905e-05
     3737.7624 1.151354e-05
     3738.6628 1.345418e-05
     3739.5630 1.604371e-05
     3740.4631 1.840360e-05
     3741.3635 2.032951e-05
     3742.2636 2.011679e-05
     3743.1640 1.850308e-05
     3744.0641 1.663332e-05
     3744.9643 1.543464e-05
     3745.8646 1.425178e-05
     3746.7648 1.331497e-05
     3747.6652 1.317660e-05
     3748.5653 1.237302e-05
     3749.4654 1.034352e-05
     3750.3658 9.492504e-06
     3751.2659 1.145735e-05
     3752.1663 1.488034e-05
     3753.0665 1.743799e-05
     3753.9666 1.885901e-05
     3754.8670 2.055406e-05
     3755.7671 2.249314e-05
     3756.6675 2.290203e-05
     3757.5676 2.035790e-05
     3758.4678 1.622560e-05
     3759.3681 1.390089e-05
     3760.2683 1.471465e-05
     3761.1687 1.673228e-05
     3762.0688 1.791707e-05
     3762.9689 1.821934e-05
     3763.8693 1.773120e-05
     3764.7694 1.736033e-05
     3765.6698 1.813536e-05
     3766.5700 1.845566e-05
     3767.4701 1.715826e-05
     3768.3705 1.626036e-05
     3769.2706 1.710505e-05
     3770.1710 1.782118e-05
     3771.0711 1.710264e-05
     3771.9713 1.722992e-05
     3772.8716 1.924360e-05
     3773.7718 2.139180e-05
     3774.6722 2.189323e-05
     3775.5723 2.138670e-05
     3776.4724 2.097810e-05
     3777.3728 2.107739e-05
     3778.2729 2.135635e-05
     3779.1733 2.152769e-05
     3780.0735 2.229059e-05
     3780.9736 2.349298e-05
     3781.8740 2.401902e-05
     3782.7741 2.377274e-05
     3783.6745 2.372563e-05
     3784.5746 2.438979e-05
     3785.4748 2.438267e-05
     3786.3751 2.216123e-05
     3787.2753 1.939672e-05
     3788.1757 1.835942e-05
     3789.0758 1.816516e-05
     3789.9759 1.765145e-05
     3790.8763 1.766745e-05
     3791.7765 1.872328e-05
     3792.6768 1.946732e-05
     3793.5770 1.883607e-05
     3794.4771 1.745658e-05
     3795.3775 1.639275e-05
     3796.2776 1.597918e-05
     3797.1780 1.560941e-05
     3798.0781 1.432245e-05
     3798.9783 1.303493e-05
     3799.8787 1.348494e-05
     3800.7788 1.581656e-05
     3801.6792 1.834047e-05
     3802.5793 1.993061e-05
     3803.4794 2.141741e-05
     3804.3798 2.271113e-05
     3805.2800 2.298211e-05
     3806.1803 2.230181e-05
     3807.0805 2.095307e-05
     3807.9806 1.982213e-05
     3808.8810 2.021877e-05
     3809.7811 2.179428e-05
     3810.6815 2.312105e-05
     3811.5816 2.355848e-05
     3812.4818 2.299891e-05
     3813.3822 2.129982e-05
     3814.2823 1.898921e-05
     3815.1827 1.732583e-05
     3816.0828 1.621412e-05
     3816.9830 1.622735e-05
     3817.8833 1.799911e-05
     3818.7835 1.963287e-05
     3819.6838 1.874105e-05
     3820.5840 1.586674e-05
     3821.4841 1.420707e-05
     3822.3845 1.558936e-05
     3823.2846 1.786140e-05
     3824.1850 1.790204e-05
     3825.0852 1.573286e-05
     3825.9853 1.371102e-05
     3826.8857 1.308846e-05
     3827.7858 1.338084e-05
     3828.6862 1.369572e-05
     3829.5863 1.393433e-05
     3830.4865 1.449838e-05
     3831.3868 1.491719e-05
     3832.2870 1.399455e-05
     3833.1874 1.211574e-05
     3834.0875 1.094578e-05
     3834.9876 1.068487e-05
     3835.8880 1.119408e-05
     3836.7881 1.237837e-05
     3837.6885 1.311554e-05
     3838.5887 1.264538e-05
     3839.4888 1.201840e-05
     3840.3892 1.223822e-05
     3841.2893 1.300616e-05
     3842.1897 1.473907e-05
     3843.0898 1.723603e-05
     3843.9900 1.901791e-05
     3844.8904 1.973131e-05
     3845.7905 1.977331e-05
     3846.6909 1.964069e-05
     3847.5910 2.015184e-05
     3848.4911 2.105166e-05
     3849.3915 2.082756e-05
     3850.2917 1.923197e-05
     3851.1920 1.841875e-05
     3852.0922 1.952936e-05
     3852.9923 2.090574e-05
     3853.8927 2.099283e-05
     3854.7928 2.024663e-05
     3855.6932 1.933851e-05
     3856.5933 1.847936e-05
     3857.4935 1.827820e-05
     3858.3939 1.828126e-05
     3859.2940 1.693715e-05
     3860.1944 1.505849e-05
     3861.0945 1.492543e-05
     3861.9947 1.699107e-05
     3862.8950 1.976029e-05
     3863.7952 2.156618e-05
     3864.6956 2.173504e-05
     3865.5957 2.096750e-05
     3866.4958 2.023568e-05
     3867.3962 2.014875e-05
     3868.2963 2.041831e-05
     3869.1967 2.046498e-05
     3870.0969 1.998306e-05
     3870.9970 1.886512e-05
     3871.8974 1.730623e-05
     3872.7975 1.594583e-05
     3873.6979 1.593585e-05
     3874.5980 1.779179e-05
     3875.4982 2.030176e-05
     3876.3985 2.158584e-05
     3877.2987 2.083153e-05
     3878.1991 1.854790e-05
     3879.0992 1.653188e-05
     3879.9993 1.700269e-05
     3880.8997 1.886529e-05
     3881.7999 1.915424e-05
     3882.7002 1.764285e-05
     3883.6004 1.710526e-05
     3884.5005 1.856361e-05
     3885.4009 1.938843e-05
     3886.3010 1.756855e-05
     3887.2014 1.513479e-05
     3888.1015 1.425210e-05
     3889.0017 1.413837e-05
     3889.9021 1.415669e-05
     3890.8022 1.552735e-05
     3891.7026 1.808061e-05
     3892.6027 2.036459e-05
     3893.5029 2.140023e-05
     3894.4032 2.127858e-05
     3895.3034 2.061684e-05
     3896.2038 2.007194e-05
     3897.1039 2.079149e-05
     3898.0040 2.229749e-05
     3898.9044 2.238260e-05
     3899.8045 2.149616e-05
     3900.7049 2.100947e-05
     3901.6051 2.185693e-05
     3902.5052 2.273364e-05
     3903.4056 2.203264e-05
     3904.3057 2.108569e-05
     3905.2061 2.072307e-05
     3906.1062 1.968324e-05
     3907.0064 1.896897e-05
     3907.9068 2.028829e-05
     3908.8069 2.254012e-05
     3909.7073 2.399235e-05
     3910.6074 2.431349e-05
     3911.5075 2.448401e-05
     3912.4079 2.520986e-05
     3913.3081 2.566587e-05
     3914.2084 2.518453e-05
     3915.1086 2.449572e-05
     3916.0087 2.421636e-05
     3916.9091 2.366368e-05
     3917.8092 2.311111e-05
     3918.7096 2.287490e-05
     3919.6098 2.225448e-05
     3920.5099 2.096303e-05
     3921.4103 1.954013e-05
     3922.3104 1.901321e-05
     3923.2108 1.949848e-05
     3924.1109 2.029350e-05
     3925.0111 2.085918e-05
     3925.9114 2.036428e-05
     3926.8116 1.896592e-05
     3927.7120 1.732967e-05
     3928.6121 1.519989e-05
     3929.5122 1.288869e-05
     3930.4126 1.099835e-05
     3931.3128 9.248962e-06
     3932.2131 7.576690e-06
     3933.1133 6.059993e-06
     3934.0134 4.921269e-06
     3934.9138 4.612863e-06
     3935.8139 5.333551e-06
     3936.7143 6.900886e-06
     3937.6144 8.947880e-06
     3938.5146 1.115304e-05
     3939.4150 1.352635e-05
     3940.3151 1.584492e-05
     3941.2155 1.729495e-05
     3942.1156 1.783441e-05
     3943.0158 1.809073e-05
     3943.9161 1.775120e-05
     3944.8163 1.717845e-05
     3945.7167 1.815367e-05
     3946.6168 2.079182e-05
     3947.5169 2.261788e-05
     3948.4173 2.235906e-05
     3949.3174 2.181030e-05
     3950.2178 2.267892e-05
     3951.1180 2.429909e-05
     3952.0181 2.486641e-05
     3952.9185 2.367617e-05
     3953.8186 2.265524e-05
     3954.7190 2.391685e-05
     3955.6191 2.539813e-05
     3956.5193 2.446433e-05
     3957.4197 2.273619e-05
     3958.3198 2.246692e-05
     3959.2202 2.354421e-05
     3960.1203 2.431188e-05
     3961.0205 2.296960e-05
     3961.9208 1.951821e-05
     3962.8210 1.642935e-05
     3963.7214 1.536632e-05
     3964.6215 1.513578e-05
     3965.5216 1.413139e-05
     3966.4220 1.200186e-05
     3967.3221 9.283430e-06
     3968.2225 6.830661e-06
     3969.1227 5.339961e-06
     3970.0228 5.241486e-06
     3970.9232 6.554019e-06
     3971.8233 8.747793e-06
     3972.7237 1.110832e-05
     3973.6238 1.313794e-05
     3974.5240 1.487617e-05
     3975.4244 1.682277e-05
     3976.3245 1.880946e-05
     3977.2249 2.022104e-05
     3978.1250 2.149318e-05
     3979.0252 2.318096e-05
     3979.9255 2.488991e-05
     3980.8257 2.623364e-05
     3981.7261 2.659708e-05
     3982.6262 2.591473e-05
     3983.5263 2.507767e-05
     3984.4267 2.495024e-05
     3985.3268 2.558261e-05
     3986.2272 2.633639e-05
     3987.1274 2.656653e-05
     3988.0275 2.703012e-05
     3988.9279 2.832404e-05
     3989.8280 2.867132e-05
     3990.7284 2.769748e-05
     3991.6285 2.743449e-05
     3992.5287 2.835260e-05
     3993.4291 2.932422e-05
     3994.3292 2.954988e-05
     3995.2296 2.886717e-05
     3996.1297 2.799986e-05
     3997.0299 2.730971e-05
     3997.9302 2.650444e-05
     3998.8304 2.622171e-05
     3999.7308 2.766792e-05
     4000.6309 2.964243e-05
     4001.5310 3.023767e-05
     4002.4314 3.021872e-05
     4003.3315 3.099865e-05
     4004.2319 3.136762e-05
     4005.1321 2.936313e-05
     4006.0322 2.571809e-05
     4006.9326 2.416403e-05
     4007.8327 2.592904e-05
     4008.7331 2.852401e-05
     4009.6332 2.998587e-05
     4010.5334 3.037053e-05
     4011.4338 3.037063e-05
     4012.3339 3.034034e-05
     4013.2343 3.040874e-05
     4014.1344 3.046846e-05
     4015.0346 3.038763e-05
     4015.9349 3.082368e-05
     4016.8351 3.130015e-05
     4017.7355 3.042066e-05
     4018.6356 2.944725e-05
     4019.5357 3.038338e-05
     4020.4361 3.186097e-05
     4021.3363 3.172746e-05
     4022.2366 3.094545e-05
     4023.1368 3.076995e-05
     4024.0369 3.081734e-05
     4024.9373 3.015875e-05
     4025.8374 2.949202e-05
     4026.7378 3.032899e-05
     4027.6379 3.193842e-05
     4028.5381 3.302306e-05
     4029.4385 3.323417e-05
     4030.3386 3.166463e-05
     4031.2390 2.835429e-05
     4032.1391 2.585490e-05
     4033.0393 2.532750e-05
     4033.9396 2.542772e-05
     4034.8398 2.587928e-05
     4035.7402 2.696876e-05
     4036.6403 2.878797e-05
     4037.5404 3.123313e-05
     4038.4408 3.333993e-05
     4039.3410 3.397577e-05
     4040.2413 3.307274e-05
     4041.1415 3.154861e-05
     4042.0416 3.090672e-05
     4042.9420 3.177214e-05
     4043.8421 3.211526e-05
     4044.7425 2.964762e-05
     4045.6427 2.498925e-05
     4046.5428 2.156482e-05
     4047.4432 2.277372e-05
     4048.3433 2.731776e-05
     4049.2437 3.062388e-05
     4050.1438 3.165355e-05
     4051.0440 3.229025e-05
     4051.9443 3.270596e-05
     4052.8445 3.207812e-05
     4053.7449 3.096334e-05
     4054.6450 3.007771e-05
     4055.5451 2.927650e-05
     4056.4455 2.897620e-05
     4057.3457 2.900023e-05
     4058.2460 2.813781e-05
     4059.1462 2.729375e-05
     4060.0463 2.833003e-05
     4060.9467 3.063914e-05
     4061.8468 3.197844e-05
     4062.7472 3.060641e-05
     4063.6474 2.677822e-05
     4064.5475 2.374842e-05
     4065.4479 2.477296e-05
     4066.3480 2.782236e-05
     4067.2484 2.878089e-05
     4068.1485 2.847377e-05
     4069.0487 2.978189e-05
     4069.9491 3.215393e-05
     4070.8492 3.256308e-05
     4071.7496 2.973907e-05
     4072.6497 2.676913e-05
     4073.5499 2.743790e-05
     4074.4502 3.035283e-05
     4075.3504 3.160919e-05
     4076.2508 3.026065e-05
     4077.1509 2.739172e-05
     4078.0510 2.480206e-05
     4078.9514 2.454234e-05
     4079.8516 2.667115e-05
     4080.7519 2.962014e-05
     4081.6521 3.223295e-05
     4082.5522 3.346655e-05
     4083.4526 3.261110e-05
     4084.3527 3.077479e-05
     4085.2531 2.962108e-05
     4086.1532 2.963212e-05
     4087.0534 3.065073e-05
     4087.9538 3.235976e-05
     4088.8539 3.423964e-05
     4089.7543 3.529576e-05
     4090.6544 3.483297e-05
     4091.5546 3.367679e-05
     4092.4549 3.255809e-05
     4093.3551 3.184473e-05
     4094.2555 3.225276e-05
     4095.1556 3.249501e-05
     4096.0557 3.094384e-05
     4096.9561 2.875660e-05
     4097.8565 2.766848e-05
     4098.7566 2.773159e-05
     4099.6568 2.777164e-05
     4100.5569 2.655527e-05
     4101.4571 2.357626e-05
     4102.3577 2.067951e-05
     4103.2578 2.080858e-05
     4104.1580 2.358935e-05
     4105.0581 2.623207e-05
     4105.9582 2.809677e-05
     4106.8589 2.973372e-05
     4107.7590 3.072328e-05
     4108.6591 3.089324e-05
     4109.5593 3.049554e-05
     4110.4594 2.981584e-05
     4111.3600 2.941293e-05
     4112.2602 2.950872e-05
     4113.1603 2.998671e-05
     4114.0605 3.099952e-05
     4114.9606 3.205329e-05
     4115.8612 3.258833e-05
     4116.7614 3.301674e-05
     4117.6615 3.325937e-05
     4118.5616 3.220806e-05
     4119.4618 3.010715e-05
     4120.3624 2.926618e-05
     4121.2625 3.036625e-05
     4122.1627 3.122955e-05
     4123.0628 3.087515e-05
     4123.9630 3.051209e-05
     4124.8636 3.110491e-05
     4125.7637 3.221044e-05
     4126.6639 3.241147e-05
     4127.5640 3.149958e-05
     4128.4641 3.044922e-05
     4129.3648 2.999830e-05
     4130.2649 3.018705e-05
     4131.1650 3.029288e-05
     4132.0652 2.942756e-05
     4132.9653 2.764085e-05
     4133.8659 2.673299e-05
     4134.7661 2.729450e-05
     4135.6662 2.863761e-05
     4136.5664 3.079265e-05
     4137.4665 3.225469e-05
     4138.3671 3.237585e-05
     4139.2673 3.272292e-05
     4140.1674 3.342680e-05
     4141.0675 3.364272e-05
     4141.9677 3.293853e-05
     4142.8683 3.049249e-05
     4143.7684 2.679678e-05
     4144.6686 2.471588e-05
     4145.5687 2.620526e-05
     4146.4689 2.929364e-05
     4147.3695 3.118753e-05
     4148.2696 3.170345e-05
     4149.1698 3.149308e-05
     4150.0699 3.057356e-05
     4150.9700 2.974833e-05
     4151.8707 2.987616e-05
     4152.7708 3.017746e-05
     4153.6709 3.004456e-05
     4154.5711 2.943885e-05
     4155.4712 2.876432e-05
     4156.3718 2.875277e-05
     4157.2720 2.882500e-05
     4158.1721 2.913613e-05
     4159.0723 3.030978e-05
     4159.9724 3.153709e-05
     4160.8730 3.201222e-05
     4161.7732 3.186664e-05
     4162.6733 3.216199e-05
     4163.5734 3.321532e-05
     4164.4736 3.351774e-05
     4165.3742 3.280251e-05
     4166.2743 3.220495e-05
     4167.1745 3.149012e-05
     4168.0746 3.020586e-05
     4168.9748 2.976851e-05
     4169.8754 3.092195e-05
     4170.7755 3.191962e-05
     4171.6757 3.131215e-05
     4172.5758 2.897075e-05
     4173.4759 2.635772e-05
     4174.3766 2.570604e-05
     4175.2767 2.710833e-05
     4176.1768 2.870433e-05
     4177.0770 2.937947e-05
     4177.9771 2.901159e-05
     4178.8777 2.845806e-05
     4179.7779 2.907619e-05
     4180.6780 3.044497e-05
     4181.5782 3.085925e-05
     4182.4783 2.988579e-05
     4183.3789 2.907121e-05
     4184.2791 2.949091e-05
     4185.1792 3.074069e-05
     4186.0793 3.201875e-05
     4186.9795 3.170668e-05
     4187.8801 2.935887e-05
     4188.7802 2.792805e-05
     4189.6804 2.923405e-05
     4190.5805 3.110970e-05
     4191.4807 3.135099e-05
     4192.3813 3.064540e-05
     4193.2814 3.130902e-05
     4194.1816 3.311410e-05
     4195.0817 3.328121e-05
     4195.9818 3.128468e-05
     4196.8825 2.924635e-05
     4197.7826 2.832587e-05
     4198.6827 2.752076e-05
     4199.5829 2.681586e-05
     4200.4830 2.758549e-05
     4201.3836 2.869296e-05
     4202.2838 2.822835e-05
     4203.1839 2.754141e-05
     4204.0841 2.843961e-05
     4204.9842 2.974728e-05
     4205.8848 3.029468e-05
     4206.7850 3.099017e-05
     4207.6851 3.199657e-05
     4208.5852 3.287378e-05
     4209.4854 3.319097e-05
     4210.3860 3.251447e-05
     4211.2861 3.171700e-05
     4212.1863 3.205110e-05
     4213.0864 3.300837e-05
     4213.9866 3.320227e-05
     4214.8872 3.207608e-05
     4215.7873 2.969143e-05
     4216.6875 2.775129e-05
     4217.5876 2.881694e-05
     4218.4877 3.169918e-05
     4219.3884 3.344476e-05
     4220.2885 3.393322e-05
     4221.1886 3.443443e-05
     4222.0888 3.483687e-05
     4222.9889 3.401233e-05
     4223.8895 3.209196e-05
     4224.7897 2.987349e-05
     4225.6898 2.712801e-05
     4226.5900 2.324871e-05
     4227.4901 1.969630e-05
     4228.3907 2.025169e-05
     4229.2909 2.542106e-05
     4230.1910 3.046457e-05
     4231.0911 3.275311e-05
     4231.9913 3.369196e-05
     4232.8919 3.341494e-05
     4233.7921 3.174474e-05
     4234.6922 3.073594e-05
     4235.5923 3.082871e-05
     4236.4925 2.997390e-05
     4237.3931 2.874791e-05
     4238.2932 2.911191e-05
     4239.1934 3.005143e-05
     4240.0935 3.025404e-05
     4240.9936 3.060630e-05
     4241.8943 3.199813e-05
     4242.7944 3.299990e-05
     4243.6946 3.260888e-05
     4244.5947 3.288474e-05
     4245.4948 3.442862e-05
     4246.3955 3.493751e-05
     4247.2956 3.355464e-05
     4248.1957 3.154296e-05
     4249.0959 3.028659e-05
     4249.9960 2.957730e-05
     4250.8966 2.845535e-05
     4251.7968 2.823077e-05
     4252.6969 3.026522e-05
     4253.5971 3.214861e-05
     4254.4972 3.133568e-05
     4255.3978 2.921844e-05
     4256.2980 2.891278e-05
     4257.1981 3.119512e-05
     4258.0982 3.362003e-05
     4258.9984 3.325056e-05
     4259.8990 3.055343e-05
     4260.7991 2.775983e-05
     4261.6993 2.641093e-05
     4262.5994 2.794624e-05
     4263.4996 3.141963e-05
     4264.4002 3.401466e-05
     4265.3003 3.475007e-05
     4266.2005 3.503324e-05
     4267.1006 3.521238e-05
     4268.0007 3.416632e-05
     4268.9014 3.244753e-05
     4269.8015 3.143889e-05
     4270.7016 3.030684e-05
     4271.6018 2.753617e-05
     4272.5019 2.448701e-05
     4273.4026 2.433617e-05
     4274.3027 2.623942e-05
     4275.2028 2.683530e-05
     4276.1030 2.703565e-05
     4277.0031 2.914439e-05
     4277.9037 3.210156e-05
     4278.8039 3.398786e-05
     4279.7040 3.403510e-05
     4280.6042 3.209853e-05
     4281.5043 3.012473e-05
     4282.4049 3.012435e-05
     4283.3051 3.100857e-05
     4284.2052 3.176464e-05
     4285.1053 3.198752e-05
     4286.0055 3.079889e-05
     4286.9061 2.938277e-05
     4287.8062 2.941617e-05
     4288.7064 2.988312e-05
     4289.6065 2.852095e-05
     4290.5067 2.582430e-05
     4291.4073 2.488208e-05
     4292.3074 2.672094e-05
     4293.2076 2.960251e-05
     4294.1077 3.130128e-05
     4295.0078 3.076358e-05
     4295.9085 2.976704e-05
     4296.8086 2.957702e-05
     4297.7087 2.892952e-05
     4298.6089 2.730443e-05
     4299.5090 2.480403e-05
     4300.4097 2.197964e-05
     4301.3098 2.103435e-05
     4302.2099 2.223893e-05
     4303.1101 2.309716e-05
     4304.0102 2.313625e-05
     4304.9108 2.373685e-05
     4305.8110 2.427298e-05
     4306.7111 2.400284e-05
     4307.6113 2.315217e-05
     4308.5114 2.139936e-05
     4309.4120 1.987879e-05
     4310.3122 2.032607e-05
     4311.2123 2.206480e-05
     4312.1124 2.381227e-05
     4313.0126 2.529247e-05
     4313.9132 2.678747e-05
     4314.8133 2.815744e-05
     4315.7135 2.980819e-05
     4316.6136 3.324095e-05
     4317.5138 3.716473e-05
     4318.4144 3.872886e-05
     4319.3145 3.822976e-05
     4320.2147 3.747484e-05
     4321.1148 3.663938e-05
     4322.0149 3.553380e-05
     4322.9156 3.475171e-05
     4323.8157 3.283532e-05
     4324.7158 2.912237e-05
     4325.6160 2.541924e-05
     4326.5161 2.335980e-05
     4327.4168 2.480079e-05
     4328.3169 2.959616e-05
     4329.2170 3.432041e-05
     4330.1172 3.628915e-05
     4331.0173 3.564537e-05
     4331.9179 3.470597e-05
     4332.8181 3.499254e-05
     4333.7182 3.556220e-05
     4334.6184 3.569695e-05
     4335.5185 3.607603e-05
     4336.4191 3.642437e-05
     4337.3193 3.476266e-05
     4338.2194 3.072453e-05
     4339.1195 2.709965e-05
     4340.0197 2.480940e-05
     4340.9203 2.264732e-05
     4341.8204 2.226527e-05
     4342.7206 2.530298e-05
     4343.6207 2.919722e-05
     4344.5209 3.080595e-05
     4345.4215 3.161078e-05
     4346.3216 3.334174e-05
     4347.2218 3.441095e-05
     4348.1219 3.427812e-05
     4349.0220 3.480398e-05
     4349.9227 3.645545e-05
     4350.8228 3.673182e-05
     4351.7230 3.350159e-05
     4352.6231 2.911720e-05
     4353.5232 2.801905e-05
     4354.4239 3.053862e-05
     4355.3240 3.291714e-05
     4356.2241 3.365596e-05
     4357.1243 3.450952e-05
     4358.0244 3.577020e-05
     4358.9250 3.559907e-05
     4359.8252 3.382766e-05
     4360.7253 3.305349e-05
     4361.6255 3.460504e-05
     4362.5256 3.667875e-05
     4363.4262 3.710870e-05
     4364.3264 3.664692e-05
     4365.2265 3.737801e-05
     4366.1266 3.868055e-05
     4367.0268 3.816745e-05
     4367.9274 3.572910e-05
     4368.8276 3.379481e-05
     4369.7277 3.391389e-05
     4370.6278 3.466800e-05
     4371.5280 3.476498e-05
     4372.4286 3.487202e-05
     4373.3287 3.495236e-05
     4374.2289 3.380400e-05
     4375.1290 3.150074e-05
     4376.0292 2.990720e-05
     4376.9298 3.066443e-05
     4377.8299 3.332177e-05
     4378.7301 3.573712e-05
     4379.6302 3.648433e-05
     4380.5303 3.589744e-05
     4381.4310 3.519041e-05
     4382.3311 3.434087e-05
     4383.2312 3.119304e-05
     4384.1314 2.556128e-05
     4385.0315 2.194614e-05
     4385.9322 2.371447e-05
     4386.8323 2.873515e-05
     4387.7324 3.252333e-05
     4388.6326 3.333301e-05
     4389.5327 3.294523e-05
     4390.4333 3.249046e-05
     4391.3335 3.197696e-05
     4392.2336 3.223984e-05
     4393.1338 3.354089e-05
     4394.0339 3.445756e-05
     4394.9345 3.378472e-05
     4395.8347 3.256969e-05
     4396.7348 3.304469e-05
     4397.6349 3.552822e-05
     4398.5351 3.747640e-05
     4399.4357 3.720299e-05
     4400.3359 3.525595e-05
     4401.2360 3.288940e-05
     4402.1361 3.238931e-05
     4403.0363 3.445827e-05
     4403.9369 3.540519e-05
     4404.8370 3.225479e-05
     4405.7372 2.841452e-05
     4406.6373 2.878083e-05
     4407.5375 3.173739e-05
     4408.4381 3.268922e-05
     4409.3382 3.201064e-05
     4410.2384 3.290418e-05
     4411.1385 3.544887e-05
     4412.0386 3.745583e-05
     4412.9393 3.846670e-05
     4413.8394 3.882073e-05
     4414.7395 3.724650e-05
     4415.6397 3.350173e-05
     4416.5398 3.112238e-05
     4417.4405 3.219605e-05
     4418.3406 3.435400e-05
     4419.2407 3.615659e-05
     4420.1409 3.798090e-05
     4421.0410 3.901240e-05
     4421.9416 3.819550e-05
     4422.8418 3.602201e-05
     4423.7419 3.442619e-05
     4424.6421 3.477261e-05
     4425.5422 3.581747e-05
     4426.4428 3.594482e-05
     4427.3430 3.556636e-05
     4428.2431 3.565389e-05
     4429.1432 3.648801e-05
     4430.0434 3.678046e-05
     4430.9440 3.541649e-05
     4431.8442 3.453024e-05
     4432.7443 3.568678e-05
     4433.6444 3.656184e-05
     4434.5446 3.532497e-05
     4435.4452 3.295194e-05
     4436.3453 3.150756e-05
     4437.2455 3.259398e-05
     4438.1456 3.554346e-05
     4439.0458 3.818386e-05
     4439.9464 3.952578e-05
     4440.8465 3.921964e-05
     4441.7467 3.738090e-05
     4442.6468 3.500371e-05
     4443.5469 3.324907e-05
     4444.4476 3.307024e-05
     4445.3477 3.484531e-05
     4446.2479 3.762249e-05
     4447.1480 3.901014e-05
     4448.0481 3.830990e-05
     4448.9488 3.781304e-05
     4449.8489 3.826560e-05
     4450.7490 3.789328e-05
     4451.6492 3.708812e-05
     4452.5493 3.729965e-05
     4453.4499 3.770493e-05
     4454.3501 3.665011e-05
     4455.2502 3.404456e-05
     4456.1504 3.180532e-05
     4457.0505 3.192962e-05
     4457.9511 3.335971e-05
     4458.8513 3.389591e-05
     4459.7514 3.341920e-05
     4460.6516 3.316681e-05
     4461.5517 3.297290e-05
     4462.4523 3.206574e-05
     4463.3525 3.223829e-05
     4464.2526 3.460694e-05
     4465.1527 3.657565e-05
     4466.0529 3.669083e-05
     4466.9535 3.644454e-05
     4467.8536 3.656238e-05
     4468.7538 3.651171e-05
     4469.6539 3.561699e-05
     4470.5541 3.473306e-05
     4471.4547 3.520106e-05
     4472.3548 3.659066e-05
     4473.2550 3.794505e-05
     4474.1551 3.907095e-05
     4475.0553 3.980131e-05
     4475.9559 3.961625e-05
     4476.8560 3.929706e-05
     4477.7562 4.007447e-05
     4478.6563 4.127606e-05
     4479.5564 4.095979e-05
     4480.4571 3.866847e-05
     4481.3572 3.580529e-05
     4482.2573 3.394198e-05
     4483.1575 3.389859e-05
     4484.0576 3.586125e-05
     4484.9583 3.846825e-05
     4485.8584 4.020873e-05
     4486.7585 4.101378e-05
     4487.6587 4.105254e-05
     4488.5588 3.992494e-05
     4489.4594 3.771502e-05
     4490.3596 3.578187e-05
     4491.2597 3.560493e-05
     4492.1599 3.704124e-05
     4493.0600 3.883909e-05
     4493.9606 3.933864e-05
     4494.8608 3.776140e-05
     4495.7609 3.578049e-05
     4496.6611 3.530333e-05
     4497.5612 3.620533e-05
     4498.4618 3.790964e-05
     4499.3620 3.953122e-05
     4500.2621 4.031252e-05
     4501.1622 3.990984e-05
     4502.0624 3.854468e-05
     4502.9630 3.823248e-05
     4503.8631 4.016076e-05
     4504.7633 4.240711e-05
     4505.6634 4.314020e-05
     4506.5636 4.272488e-05
     4507.4642 4.192763e-05
     4508.3643 4.109988e-05
     4509.2645 4.066447e-05
     4510.1646 4.095211e-05
     4511.0648 4.171398e-05
     4511.9654 4.200362e-05
     4512.8655 4.123881e-05
     4513.7657 4.003551e-05
     4514.6658 3.909520e-05
     4515.5659 3.857445e-05
     4516.4666 3.880854e-05
     4517.3667 3.936587e-05
     4518.2669 3.899367e-05
     4519.1670 3.825902e-05
     4520.0671 3.876683e-05
     4520.9678 4.004614e-05
     4521.8679 4.101155e-05
     4522.7680 4.061952e-05
     4523.6682 3.886669e-05
     4524.5683 3.805470e-05
     4525.4689 3.821133e-05
     4526.3691 3.743302e-05
     4527.2692 3.585853e-05
     4528.1694 3.446848e-05
     4529.0695 3.348063e-05
     4529.9701 3.305209e-05
     4530.8703 3.364835e-05
     4531.7704 3.461868e-05
     4532.6706 3.582143e-05
     4533.5707 3.670499e-05
     4534.4713 3.584411e-05
     4535.3715 3.419667e-05
     4536.2716 3.346640e-05
     4537.1717 3.496127e-05
     4538.0719 3.851198e-05
     4538.9725 4.098599e-05
     4539.8727 4.078170e-05
     4540.7728 3.938211e-05
     4541.6729 3.810045e-05
     4542.5731 3.787302e-05
     4543.4737 3.891115e-05
     4544.3738 3.966490e-05
     4545.2740 3.880377e-05
     4546.1741 3.760466e-05
     4547.0743 3.765824e-05
     4547.9749 3.825391e-05
     4548.8750 3.813371e-05
     4549.7752 3.682007e-05
     4550.6753 3.564248e-05
     4551.5754 3.660133e-05
     4552.4761 3.820131e-05
     4553.3762 3.817064e-05
     4554.2764 3.723309e-05
     4555.1765 3.632833e-05
     4556.0766 3.593039e-05
     4556.9773 3.673402e-05
     4557.8774 3.870620e-05
     4558.7775 4.043514e-05
     4559.6777 4.100941e-05
     4560.5778 4.095963e-05
     4561.4785 4.086582e-05
     4562.3786 4.110821e-05
     4563.2787 4.105759e-05
     4564.1789 3.975534e-05
     4565.0790 3.785294e-05
     4565.9796 3.672282e-05
     4566.8798 3.710172e-05
     4567.7799 3.900077e-05
     4568.6801 4.094079e-05
     4569.5802 4.148594e-05
     4570.4808 4.114557e-05
     4571.3810 4.004950e-05
     4572.2811 3.798303e-05
     4573.1813 3.739783e-05
     4574.0814 3.947089e-05
     4574.9820 4.121147e-05
     4575.8822 4.098735e-05
     4576.7823 4.057274e-05
     4577.6824 4.074873e-05
     4578.5826 4.074242e-05
     4579.4832 3.988696e-05
     4580.3834 3.825090e-05
     4581.2835 3.663486e-05
     4582.1836 3.617708e-05
     4583.0838 3.708594e-05
     4583.9844 3.794363e-05
     4584.8845 3.790089e-05
     4585.7847 3.762440e-05
     4586.6848 3.731544e-05
     4587.5850 3.751323e-05
     4588.4856 3.888562e-05
     4589.3857 4.047185e-05
     4590.2859 4.121836e-05
     4591.1860 4.085033e-05
     4592.0862 3.958541e-05
     4592.9868 3.823205e-05
     4593.8869 3.779614e-05
     4594.7871 3.814121e-05
     4595.6872 3.818418e-05
     4596.5873 3.787384e-05
     4597.4880 3.793376e-05
     4598.3881 3.821154e-05
     4599.2883 3.862205e-05
     4600.1884 3.903878e-05
     4601.0885 3.841500e-05
     4601.9892 3.766706e-05
     4602.8893 3.817076e-05
     4603.7894 3.885123e-05
     4604.6896 3.905667e-05
     4605.5897 3.882813e-05
     4606.4903 3.846417e-05
     4607.3905 3.883692e-05
     4608.2906 3.998957e-05
     4609.1908 4.153686e-05
     4610.0909 4.278531e-05
     4610.9915 4.266935e-05
     4611.8917 4.144214e-05
     4612.7918 4.041245e-05
     4613.6920 3.991533e-05
     4614.5921 3.971293e-05
     4615.4927 4.039761e-05
     4616.3929 4.108889e-05
     4617.2930 4.093891e-05
     4618.1931 4.099646e-05
     4619.0933 4.105305e-05
     4619.9939 4.021767e-05
     4620.8941 3.988550e-05
     4621.7942 4.095917e-05
     4622.6943 4.171023e-05
     4623.5945 4.139376e-05
     4624.4951 4.127269e-05
     4625.3952 4.138798e-05
     4626.2954 4.089157e-05
     4627.1955 4.044658e-05
     4628.0957 4.085698e-05
     4628.9963 4.126371e-05
     4629.8964 4.066441e-05
     4630.7966 4.008050e-05
     4631.6967 4.084389e-05
     4632.5969 4.183739e-05
     4633.4975 4.124804e-05
     4634.3976 3.988554e-05
     4635.2978 3.945655e-05
     4636.1979 3.977406e-05
     4637.0981 3.989254e-05
     4637.9987 3.928354e-05
     4638.8988 3.843013e-05
     4639.7990 3.811414e-05
     4640.6991 3.804813e-05
     4641.5992 3.856488e-05
     4642.4999 3.992069e-05
     4643.4000 4.073832e-05
     4644.3002 4.031216e-05
     4645.2003 3.958147e-05
     4646.1004 3.868492e-05
     4647.0011 3.702949e-05
     4647.9012 3.558135e-05
     4648.8013 3.551218e-05
     4649.7015 3.657509e-05
     4650.6016 3.805684e-05
     4651.5023 3.929122e-05
     4652.4024 3.983928e-05
     4653.3025 4.016167e-05
     4654.2027 4.027457e-05
     4655.1028 3.921716e-05
     4656.0034 3.780892e-05
     4656.9036 3.742041e-05
     4657.8037 3.795268e-05
     4658.7039 3.946226e-05
     4659.6040 4.158815e-05
     4660.5046 4.307727e-05
     4661.4048 4.319352e-05
     4662.3049 4.212739e-05
     4663.2051 4.058162e-05
     4664.1052 3.930448e-05
     4665.0058 3.894527e-05
     4665.9060 3.916304e-05
     4666.8061 3.814651e-05
     4667.7062 3.530467e-05
     4668.6064 3.299183e-05
     4669.5070 3.347084e-05
     4670.4072 3.585345e-05
     4671.3073 3.817560e-05
     4672.2074 3.971095e-05
     4673.1076 4.005129e-05
     4674.0082 3.943406e-05
     4674.9083 3.894281e-05
     4675.8085 3.921136e-05
     4676.7086 4.033179e-05
     4677.6088 4.138852e-05
     4678.5094 4.109834e-05
     4679.4095 3.966602e-05
     4680.3097 3.838311e-05
     4681.2098 3.776192e-05
     4682.1100 3.746853e-05
     4683.0106 3.765294e-05
     4683.9107 3.872645e-05
     4684.8109 3.997153e-05
     4685.7110 4.030549e-05
     4686.6111 4.014365e-05
     4687.5118 3.994054e-05
     4688.4119 3.952793e-05
     4689.3121 3.925193e-05
     4690.2122 3.941598e-05
     4691.1123 3.936419e-05
     4692.0130 3.880703e-05
     4692.9131 3.865547e-05
     4693.8132 3.923480e-05
     4694.7134 3.986320e-05
     4695.6135 4.050071e-05
     4696.5142 4.132706e-05
     4697.4143 4.172584e-05
     4698.3144 4.083364e-05
     4699.2146 3.883083e-05
     4700.1147 3.744760e-05
     4701.0154 3.773070e-05
     4701.9155 3.826619e-05
     4702.8156 3.781890e-05
     4703.7158 3.676408e-05
     4704.6159 3.659622e-05
     4705.5165 3.795077e-05
     4706.4167 3.922574e-05
     4707.3168 3.911914e-05
     4708.2170 3.801443e-05
     4709.1171 3.709619e-05
     4710.0177 3.683169e-05
     4710.9179 3.736283e-05
     4711.8180 3.894740e-05
     4712.7182 4.041301e-05
     4713.6183 4.052082e-05
     4714.5189 3.945965e-05
     4715.4191 3.808384e-05
     4716.3192 3.803995e-05
     4717.2193 3.964636e-05
     4718.1195 4.110791e-05
     4719.0201 4.155527e-05
     4719.9203 4.188561e-05
     4720.8204 4.243025e-05
     4721.7205 4.253636e-05
     4722.6207 4.191364e-05
     4723.5213 4.116153e-05
     4724.4214 4.122206e-05
     4725.3216 4.213664e-05
     4726.2217 4.285899e-05
     4727.1219 4.223865e-05
     4728.0225 3.995563e-05
     4728.9226 3.754718e-05
     4729.8228 3.677341e-05
     4730.7229 3.717974e-05
     4731.6231 3.763999e-05
     4732.5237 3.816348e-05
     4733.4238 3.905769e-05
     4734.3240 3.971949e-05
     4735.2241 4.012652e-05
     4736.1243 4.057579e-05
     4737.0249 3.998231e-05
     4737.9250 3.881648e-05
     4738.8252 3.929477e-05
     4739.7253 4.090614e-05
     4740.6254 4.127545e-05
     4741.5261 4.033788e-05
     4742.4262 3.975377e-05
     4743.3264 4.029100e-05
     4744.2265 4.117510e-05
     4745.1266 4.132200e-05
     4746.0273 4.082923e-05
     4746.9274 4.091946e-05
     4747.8276 4.171061e-05
     4748.7277 4.201108e-05
     4749.6278 4.171127e-05
     4750.5285 4.162962e-05
     4751.4286 4.180429e-05
     4752.3287 4.159502e-05
     4753.2289 4.088658e-05
     4754.1290 4.024588e-05
     4755.0297 3.974760e-05
     4755.9298 3.950061e-05
     4756.8299 3.948633e-05
     4757.7301 3.953840e-05
     4758.6302 3.983077e-05
     4759.5308 4.031770e-05
     4760.4310 4.097351e-05
     4761.3311 4.136391e-05
     4762.2313 4.052084e-05
     4763.1314 3.881979e-05
     4764.0320 3.791574e-05
     4764.9322 3.794490e-05
     4765.8323 3.768925e-05
     4766.7325 3.702210e-05
     4767.6326 3.703516e-05
     4768.5332 3.809820e-05
     4769.4334 3.936703e-05
     4770.3335 4.058240e-05
     4771.2337 4.121267e-05
     4772.1338 4.047796e-05
     4773.0344 3.942534e-05
     4773.9346 3.952932e-05
     4774.8347 4.081331e-05
     4775.7348 4.206931e-05
     4776.6350 4.209886e-05
     4777.5356 4.165444e-05
     4778.4358 4.191085e-05
     4779.3359 4.214541e-05
     4780.2360 4.162884e-05
     4781.1362 4.108291e-05
     4782.0368 4.109816e-05
     4782.9369 4.090774e-05
     4783.8371 3.991205e-05
     4784.7372 3.924482e-05
     4785.6374 3.989844e-05
     4786.5380 4.014673e-05
     4787.4381 3.910420e-05
     4788.3383 3.881256e-05
     4789.2384 3.940313e-05
     4790.1386 3.927871e-05
     4791.0392 3.908970e-05
     4791.9393 3.963633e-05
     4792.8395 4.021127e-05
     4793.7396 4.082052e-05
     4794.6398 4.200898e-05
     4795.5404 4.322371e-05
     4796.4405 4.357329e-05
     4797.3407 4.304064e-05
     4798.2408 4.215368e-05
     4799.1410 4.098464e-05
     4800.0416 3.983233e-05
     4800.9417 3.939246e-05
     4801.8419 4.001885e-05
     4802.7420 4.141295e-05
     4803.6421 4.250724e-05
     4804.5428 4.255323e-05
     4805.4429 4.156071e-05
     4806.3431 4.048620e-05
     4807.2432 4.027972e-05
     4808.1433 4.015329e-05
     4809.0440 3.971307e-05
     4809.9441 3.983285e-05
     4810.8442 4.055905e-05
     4811.7444 4.104778e-05
     4812.6445 4.114455e-05
     4813.5452 4.113584e-05
     4814.4453 4.115276e-05
     4815.3454 4.131424e-05
     4816.2456 4.162560e-05
     4817.1457 4.207551e-05
     4818.0464 4.246242e-05
     4818.9465 4.263087e-05
     4819.8466 4.287349e-05
     4820.7468 4.301499e-05
     4821.6469 4.275977e-05
     4822.5475 4.233803e-05
     4823.4477 4.124382e-05
     4824.3478 3.929073e-05
     4825.2480 3.848488e-05
     4826.1481 3.976623e-05
     4827.0487 4.136791e-05
     4827.9489 4.180326e-05
     4828.8490 4.119799e-05
     4829.7492 4.046466e-05
     4830.6493 4.035828e-05
     4831.5499 4.060231e-05
     4832.4501 3.996097e-05
     4833.3502 3.922876e-05
     4834.2504 3.977332e-05
     4835.1505 4.093213e-05
     4836.0511 4.138392e-05
     4836.9513 4.109285e-05
     4837.8514 4.102193e-05
     4838.7515 4.110632e-05
     4839.6517 4.036460e-05
     4840.5523 3.917080e-05
     4841.4525 3.872267e-05
     4842.3526 3.934991e-05
     4843.2527 3.981297e-05
     4844.1529 3.935788e-05
     4845.0535 3.937687e-05
     4845.9537 4.054686e-05
     4846.8538 4.160097e-05
     4847.7539 4.157602e-05
     4848.6541 4.048221e-05
     4849.5547 3.915819e-05
     4850.4548 3.910085e-05
     4851.3550 4.019012e-05
     4852.2551 4.065589e-05
     4853.1553 4.035158e-05
     4854.0559 4.016635e-05
     4854.9560 3.937856e-05
     4855.8562 3.732976e-05
     4856.7563 3.568541e-05
     4857.6565 3.618941e-05
     4858.5571 3.742064e-05
     4859.4572 3.699168e-05
     4860.3574 3.435979e-05
     4861.2575 3.005778e-05
     4862.1577 2.607142e-05
     4863.0583 2.609788e-05
     4863.9584 3.011618e-05
     4864.8586 3.360064e-05
     4865.7587 3.524515e-05
     4866.6589 3.657943e-05
     4867.5595 3.770376e-05
     4868.4596 3.812574e-05
     4869.3598 3.828850e-05
     4870.2599 3.863990e-05
     4871.1600 3.780733e-05
     4872.0607 3.525059e-05
     4872.9608 3.368613e-05
     4873.8610 3.509421e-05
     4874.7611 3.745434e-05
     4875.6612 3.845708e-05
     4876.5619 3.846436e-05
     4877.4620 3.875044e-05
     4878.3622 3.912234e-05
     4879.2623 3.939909e-05
     4880.1624 4.061995e-05
     4881.0631 4.165203e-05
     4881.9632 4.067044e-05
     4882.8633 3.919688e-05
     4883.7635 3.930978e-05
     4884.6636 4.002506e-05
     4885.5643 3.942398e-05
     4886.4644 3.790019e-05
     4887.3645 3.704935e-05
     4888.2647 3.743371e-05
     4889.1648 3.815332e-05
     4890.0655 3.826897e-05
     4890.9656 3.732326e-05
     4891.8657 3.531471e-05
     4892.7659 3.488234e-05
     4893.6660 3.771445e-05
     4894.5666 4.102577e-05
     4895.4668 4.292307e-05
     4896.3669 4.377359e-05
     4897.2671 4.386037e-05
     4898.1672 4.365708e-05
     4899.0678 4.346054e-05
     4899.9680 4.258473e-05
     4900.8681 4.113524e-05
     4901.7683 4.077290e-05
     4902.6684 4.144195e-05
     4903.5690 4.120208e-05
     4904.4692 4.011679e-05
     4905.3693 4.004231e-05
     4906.2695 4.148810e-05
     4907.1696 4.297314e-05
     4908.0702 4.303351e-05
     4908.9704 4.186308e-05
     4909.8705 4.034589e-05
     4910.7707 3.873043e-05
     4911.6708 3.775665e-05
     4912.5714 3.834616e-05
     4913.4716 3.979435e-05
     4914.3717 4.079650e-05
     4915.2719 4.143923e-05
     4916.1720 4.238237e-05
     4917.0726 4.295919e-05
     4917.9728 4.209804e-05
     4918.8729 3.960685e-05
     4919.7730 3.632835e-05
     4920.6732 3.376864e-05
     4921.5738 3.307901e-05
     4922.4740 3.478588e-05
     4923.3741 3.761356e-05
     4924.2742 3.896167e-05
     4925.1744 3.840669e-05
     4926.0750 3.811301e-05
     4926.9752 3.949120e-05
     4927.8753 4.112976e-05
     4928.7754 4.172495e-05
     4929.6756 4.224680e-05
     4930.5762 4.295131e-05
     4931.4763 4.302691e-05
     4932.3765 4.285341e-05
     4933.2766 4.203844e-05
     4934.1768 3.972186e-05
     4935.0774 3.792415e-05
     4935.9775 3.886911e-05
     4936.8777 4.059170e-05
     4937.7778 4.032250e-05
     4938.6780 3.826411e-05
     4939.5786 3.621798e-05
     4940.4787 3.613256e-05
     4941.3789 3.842721e-05
     4942.2790 4.102585e-05
     4943.1792 4.202314e-05
     4944.0798 4.237855e-05
     4944.9799 4.294178e-05
     4945.8801 4.269084e-05
     4946.7802 4.155916e-05
     4947.6804 4.122673e-05
     4948.5810 4.214769e-05
     4949.4811 4.296888e-05
     4950.3813 4.308350e-05
     4951.2814 4.307832e-05
     4952.1816 4.331988e-05
     4953.0822 4.313502e-05
     4953.9823 4.233085e-05
     4954.8825 4.182074e-05
     4955.7826 4.178752e-05
     4956.6827 4.125550e-05
     4957.5834 3.846387e-05
     4958.4835 3.447219e-05
     4959.3837 3.426606e-05
     4960.2838 3.834904e-05
     4961.1839 4.185650e-05
     4962.0846 4.264370e-05
     4962.9847 4.215494e-05
     4963.8849 4.205346e-05
     4964.7850 4.218852e-05
     4965.6851 4.133393e-05
     4966.5858 3.977243e-05
     4967.4859 3.903401e-05
     4968.3861 3.923222e-05
     4969.2862 3.939739e-05
     4970.1863 3.954357e-05
     4971.0870 3.979270e-05
     4971.9871 4.021098e-05
     4972.8872 4.105660e-05
     4973.7874 4.173825e-05
     4974.6875 4.212803e-05
     4975.5882 4.245212e-05
     4976.4883 4.228689e-05
     4977.3884 4.181545e-05
     4978.2886 4.121974e-05
     4979.1887 4.011692e-05
     4980.0894 3.924866e-05
     4980.9895 3.922130e-05
     4981.8896 3.888750e-05
     4982.7898 3.718904e-05
     4983.6899 3.507366e-05
     4984.5905 3.443575e-05
     4985.4907 3.539386e-05
     4986.3908 3.666223e-05
     4987.2910 3.812894e-05
     4988.1911 4.000155e-05
     4989.0917 4.104273e-05
     4989.9919 4.072202e-05
     4990.8920 3.993510e-05
     4991.7922 3.917658e-05
     4992.6923 3.918085e-05
     4993.5929 4.003513e-05
     4994.4931 4.006931e-05
     4995.3932 3.967897e-05
     4996.2934 4.031859e-05
     4997.1935 4.100788e-05
     4998.0941 4.094982e-05
     4998.9943 4.058378e-05
     4999.8944 3.958355e-05
     5000.7946 3.813703e-05
     5001.6947 3.740536e-05
     5002.5953 3.747483e-05
     5003.4955 3.782294e-05
     5004.3956 3.829316e-05
     5005.2958 3.826816e-05
     5006.1959 3.697591e-05
     5007.0965 3.519171e-05
     5007.9967 3.513017e-05
     5008.8968 3.731311e-05
     5009.7970 3.960773e-05
     5010.6971 4.023351e-05
     5011.5977 3.965548e-05
     5012.4979 3.836144e-05
     5013.3980 3.650504e-05
     5014.2981 3.504901e-05
     5015.1983 3.450126e-05
     5016.0989 3.525210e-05
     5016.9991 3.686030e-05
     5017.8992 3.747491e-05
     5018.7993 3.668749e-05
     5019.6995 3.630279e-05
     5020.6001 3.726797e-05
     5021.5003 3.823503e-05
     5022.4004 3.798429e-05
     5023.3005 3.709841e-05
     5024.2007 3.727474e-05
     5025.1013 3.856622e-05
     5026.0015 3.939755e-05
     5026.9016 3.941022e-05
     5027.8017 3.858034e-05
     5028.7019 3.739998e-05
     5029.6025 3.777766e-05
     5030.5027 3.935002e-05
     5031.4028 4.016835e-05
     5032.3029 4.041815e-05
     5033.2031 4.116543e-05
     5034.1037 4.216409e-05
     5035.0038 4.228906e-05
     5035.9040 4.062785e-05
     5036.8041 3.807310e-05
     5037.7043 3.725786e-05
     5038.6049 3.828124e-05
     5039.5050 3.838366e-05
     5040.4052 3.670548e-05
     5041.3053 3.418487e-05
     5042.2055 3.213608e-05
     5043.1061 3.298624e-05
     5044.0062 3.656448e-05
     5044.9064 3.950715e-05
     5045.8065 4.099068e-05
     5046.7067 4.211720e-05
     5047.6073 4.259096e-05
     5048.5074 4.145000e-05
     5049.4076 3.908859e-05
     5050.3077 3.735867e-05
     5051.2079 3.714132e-05
     5052.1085 3.749005e-05
     5053.0086 3.771747e-05
     5053.9088 3.849383e-05
     5054.8089 3.984502e-05
     5055.7091 4.094470e-05
     5056.6097 4.137713e-05
     5057.5098 4.129059e-05
     5058.4100 4.123977e-05
     5059.3101 4.143462e-05
     5060.2103 4.151981e-05
     5061.1109 4.159091e-05
     5062.0110 4.208981e-05
     5062.9112 4.256484e-05
     5063.8113 4.228186e-05
     5064.7115 4.066390e-05
     5065.6121 3.808964e-05
     5066.5122 3.690922e-05
     5067.4124 3.796135e-05
     5068.3125 3.886351e-05
     5069.2126 3.852057e-05
     5070.1133 3.847399e-05
     5071.0134 3.953646e-05
     5071.9136 4.016896e-05
     5072.8137 3.913443e-05
     5073.7138 3.815524e-05
     5074.6145 3.879492e-05
     5075.5146 3.957107e-05
     5076.4148 3.925758e-05
     5077.3149 3.900761e-05
     5078.2150 3.960446e-05
     5079.1157 3.947774e-05
     5080.0158 3.702614e-05
     5080.9160 3.429496e-05
     5081.8161 3.415471e-05
     5082.7162 3.589621e-05
     5083.6169 3.706294e-05
     5084.5170 3.720032e-05
     5085.4172 3.773374e-05
     5086.3173 3.893699e-05
     5087.2174 3.975053e-05
     5088.1181 3.968804e-05
     5089.0182 3.944467e-05
     5089.9184 3.966456e-05
     5090.8185 4.003128e-05
     5091.7186 4.002254e-05
     5092.6193 4.011953e-05
     5093.5194 4.084032e-05
     5094.4195 4.159414e-05
     5095.3197 4.152370e-05
     5096.2198 4.073597e-05
     5097.1205 3.976139e-05
     5098.0206 3.865681e-05
     5098.9207 3.718908e-05
     5099.8209 3.553845e-05
     5100.7210 3.531033e-05
     5101.6217 3.722625e-05
     5102.5218 3.941181e-05
     5103.4219 4.023631e-05
     5104.3221 3.984963e-05
     5105.2222 3.916673e-05
     5106.1229 3.878355e-05
     5107.0230 3.856243e-05
     5107.9231 3.782265e-05
     5108.8233 3.698487e-05
     5109.7234 3.708335e-05
     5110.6241 3.723326e-05
     5111.5242 3.707229e-05
     5112.4243 3.787254e-05
     5113.3245 3.914330e-05
     5114.2246 3.967261e-05
     5115.1253 3.989900e-05
     5116.0254 4.010884e-05
     5116.9255 4.020725e-05
     5117.8257 4.070850e-05
     5118.7258 4.142265e-05
     5119.6264 4.156162e-05
     5120.5266 4.108634e-05
     5121.4267 4.025509e-05
     5122.3269 3.932928e-05
     5123.2270 3.844755e-05
     5124.1276 3.716280e-05
     5125.0278 3.592100e-05
     5125.9279 3.580929e-05
     5126.8281 3.648780e-05
     5127.7282 3.700664e-05
     5128.6288 3.705211e-05
     5129.5290 3.687565e-05
     5130.4291 3.663256e-05
     5131.3293 3.690693e-05
     5132.2294 3.781950e-05
     5133.1300 3.857098e-05
     5134.0302 3.870052e-05
     5134.9303 3.867428e-05
     5135.8305 3.940208e-05
     5136.7306 4.007274e-05
     5137.6312 3.928176e-05
     5138.5314 3.787944e-05
     5139.4315 3.676207e-05
     5140.3317 3.588950e-05
     5141.2318 3.655265e-05
     5142.1324 3.792983e-05
     5143.0326 3.718969e-05
     5143.9327 3.570431e-05
     5144.8329 3.642725e-05
     5145.7330 3.788405e-05
     5146.6336 3.777380e-05
     5147.5338 3.685792e-05
     5148.4339 3.637260e-05
     5149.3341 3.671703e-05
     5150.2342 3.764785e-05
     5151.1348 3.797617e-05
     5152.0350 3.723624e-05
     5152.9351 3.650723e-05
     5153.8353 3.637985e-05
     5154.7354 3.642866e-05
     5155.6360 3.676087e-05
     5156.5362 3.771328e-05
     5157.4363 3.893081e-05
     5158.3365 4.003469e-05
     5159.2366 4.054483e-05
     5160.1372 4.031247e-05
     5161.0374 4.027143e-05
     5161.9375 4.047492e-05
     5162.8377 3.975561e-05
     5163.7378 3.863729e-05
     5164.6384 3.836449e-05
     5165.5386 3.777064e-05
     5166.4387 3.540806e-05
     5167.3389 3.167724e-05
     5168.2390 2.800479e-05
     5169.1396 2.677089e-05
     5170.0398 2.903175e-05
     5170.9399 3.271737e-05
     5171.8401 3.385626e-05
     5172.7402 3.049184e-05
     5173.6408 2.620719e-05
     5174.5410 2.654690e-05
     5175.4411 3.159864e-05
     5176.3412 3.635137e-05
     5177.2414 3.812401e-05
     5178.1420 3.839748e-05
     5179.0422 3.871960e-05
     5179.9423 3.889490e-05
     5180.8424 3.852303e-05
     5181.7426 3.769004e-05
     5182.6432 3.581871e-05
     5183.5434 3.169089e-05
     5184.4435 2.659302e-05
     5185.3436 2.547902e-05
     5186.2438 3.002766e-05
     5187.1444 3.557518e-05
     5188.0446 3.842998e-05
     5188.9447 3.864389e-05
     5189.8448 3.822187e-05
     5190.7450 3.901262e-05
     5191.6456 3.932559e-05
     5192.5458 3.692068e-05
     5193.4459 3.427641e-05
     5194.3460 3.468843e-05
     5195.2462 3.652860e-05
     5196.1468 3.692434e-05
     5197.0470 3.674471e-05
     5197.9471 3.747298e-05
     5198.8472 3.841291e-05
     5199.7474 3.909074e-05
     5200.6480 3.979569e-05
     5201.5482 4.015331e-05
     5202.4483 3.980401e-05
     5203.3484 3.916992e-05
     5204.2486 3.869665e-05
     5205.1492 3.749390e-05
     5206.0494 3.528503e-05
     5206.9495 3.395702e-05
     5207.8496 3.427167e-05
     5208.7498 3.437808e-05
     5209.6504 3.352007e-05
     5210.5506 3.393652e-05
     5211.4507 3.577975e-05
     5212.3508 3.779869e-05
     5213.2510 3.962918e-05
     5214.1516 4.084676e-05
     5215.0518 4.089986e-05
     5215.9519 3.952415e-05
     5216.8520 3.779220e-05
     5217.7522 3.719966e-05
     5218.6528 3.796746e-05
     5219.5529 3.939682e-05
     5220.4531 4.057540e-05
     5221.3532 4.109362e-05
     5222.2534 4.133267e-05
     5223.1540 4.124112e-05
     5224.0541 4.046761e-05
     5224.9543 3.901248e-05
     5225.8544 3.719391e-05
     5226.7546 3.511301e-05
     5227.6552 3.291259e-05
     5228.5553 3.271396e-05
     5229.4555 3.572917e-05
     5230.3556 3.887435e-05
     5231.2558 4.008761e-05
     5232.1564 4.054941e-05
     5233.0565 4.002035e-05
     5233.9567 3.813811e-05
     5234.8568 3.704407e-05
     5235.7570 3.753425e-05
     5236.6576 3.865017e-05
     5237.5577 4.014507e-05
     5238.4579 4.133976e-05
     5239.3580 4.164996e-05
     5240.2582 4.136945e-05
     5241.1588 4.115420e-05
     5242.0589 4.134454e-05
     5242.9591 4.136601e-05
     5243.8592 4.094102e-05
     5244.7594 4.104344e-05
     5245.6600 4.194535e-05
     5246.5601 4.203762e-05
     5247.4603 4.020778e-05
     5248.3604 3.822074e-05
     5249.2606 3.817690e-05
     5250.1612 3.890763e-05
     5251.0613 3.830633e-05
     5251.9615 3.752722e-05
     5252.8616 3.819822e-05
     5253.7618 3.940790e-05
     5254.6624 3.973762e-05
     5255.5625 3.885061e-05
     5256.4627 3.810446e-05
     5257.3628 3.927927e-05
     5258.2630 4.142223e-05
     5259.1636 4.267127e-05
     5260.0637 4.282189e-05
     5260.9639 4.219884e-05
     5261.8640 4.088049e-05
     5262.7642 3.879076e-05
     5263.6648 3.648871e-05
     5264.5649 3.479256e-05
     5265.4651 3.368280e-05
     5266.3652 3.274408e-05
     5267.2654 3.258336e-05
     5268.1660 3.447310e-05
     5269.0661 3.616248e-05
     5269.9663 3.408614e-05
     5270.8664 3.052301e-05
     5271.7666 3.102172e-05
     5272.6672 3.523262e-05
     5273.5673 3.819814e-05
     5274.4675 3.851160e-05
     5275.3676 3.804913e-05
     5276.2678 3.733371e-05
     5277.1684 3.735080e-05
     5278.0685 3.942086e-05
     5278.9687 4.188065e-05
     5279.8688 4.268671e-05
     5280.7690 4.189625e-05
     5281.6696 4.048749e-05
     5282.5697 3.926204e-05
     5283.4699 3.839350e-05
     5284.3700 3.762737e-05
     5285.2702 3.756993e-05
     5286.1708 3.946107e-05
     5287.0709 4.215262e-05
     5287.9711 4.346878e-05
     5288.8712 4.314381e-05
     5289.7714 4.248515e-05
     5290.6720 4.260702e-05
     5291.5721 4.325008e-05
     5292.4723 4.349193e-05
     5293.3724 4.299390e-05
     5294.2726 4.227360e-05
     5295.1732 4.206566e-05
     5296.0733 4.194617e-05
     5296.9735 4.080749e-05
     5297.8736 3.844077e-05
     5298.7738 3.617857e-05
     5299.6744 3.609406e-05
     5300.5745 3.826213e-05
     5301.4747 3.990895e-05
     5302.3748 3.982389e-05
     5303.2750 3.958154e-05
     5304.1756 4.047204e-05
     5305.0757 4.213564e-05
     5305.9759 4.332639e-05
     5306.8760 4.337012e-05
     5307.7762 4.249837e-05
     5308.6768 4.177070e-05
     5309.5769 4.208737e-05
     5310.4771 4.301108e-05
     5311.3772 4.348880e-05
     5312.2774 4.334677e-05
     5313.1780 4.297143e-05
     5314.0781 4.250129e-05
     5314.9783 4.222609e-05
     5315.8784 4.215721e-05
     5316.7786 4.160849e-05
     5317.6792 4.066354e-05
     5318.5793 4.051234e-05
     5319.4795 4.122032e-05
     5320.3796 4.162350e-05
     5321.2798 4.158202e-05
     5322.1804 4.149271e-05
     5323.0805 4.132275e-05
     5323.9807 4.065975e-05
     5324.8808 3.922455e-05
     5325.7810 3.838508e-05
     5326.6816 3.911205e-05
     5327.5817 3.908245e-05
     5328.4819 3.597592e-05
     5329.3820 3.203956e-05
     5330.2822 3.218265e-05
     5331.1828 3.618257e-05
     5332.0829 3.968362e-05
     5332.9831 4.064082e-05
     5333.8832 4.018783e-05
     5334.7834 4.040688e-05
     5335.6840 4.159934e-05
     5336.5841 4.227082e-05
     5337.4843 4.189246e-05
     5338.3844 4.139859e-05
     5339.2846 4.131102e-05
     5340.1852 4.055347e-05
     5341.0853 3.850416e-05
     5341.9855 3.711208e-05
     5342.8856 3.821026e-05
     5343.7858 4.030178e-05
     5344.6864 4.139869e-05
     5345.5865 4.144272e-05
     5346.4867 4.072228e-05
     5347.3868 4.018439e-05
     5348.2870 4.044400e-05
     5349.1876 4.017071e-05
     5350.0877 3.918555e-05
     5350.9879 3.913672e-05
     5351.8880 4.056393e-05
     5352.7882 4.205204e-05
     5353.6888 4.237905e-05
     5354.5889 4.219812e-05
     5355.4891 4.274070e-05
     5356.3892 4.368384e-05
     5357.2894 4.407353e-05
     5358.1900 4.406171e-05
     5359.0901 4.403964e-05
     5359.9903 4.401339e-05
     5360.8904 4.386198e-05
     5361.7906 4.329134e-05
     5362.6912 4.227442e-05
     5363.5913 4.148742e-05
     5364.4915 4.128297e-05
     5365.3916 4.099183e-05
     5366.2918 4.036226e-05
     5367.1924 4.030532e-05
     5368.0925 4.063536e-05
     5368.9927 4.070574e-05
     5369.8928 4.028407e-05
     5370.7930 3.869546e-05
     5371.6936 3.646225e-05
     5372.5937 3.553470e-05
     5373.4939 3.728532e-05
     5374.3940 4.033265e-05
     5375.2942 4.232096e-05
     5376.1948 4.309053e-05
     5377.0949 4.301527e-05
     5377.9951 4.242962e-05
     5378.8952 4.222822e-05
     5379.7954 4.251257e-05
     5380.6960 4.242387e-05
     5381.5961 4.181500e-05
     5382.4963 4.137712e-05
     5383.3964 4.109745e-05
     5384.2966 4.062631e-05
     5385.1972 4.076431e-05
     5386.0973 4.173822e-05
     5386.9975 4.235725e-05
     5387.8976 4.224045e-05
     5388.7978 4.190048e-05
     5389.6984 4.135500e-05
     5390.5985 4.049290e-05
     5391.4987 3.981288e-05
     5392.3988 3.959574e-05
     5393.2990 3.956588e-05
     5394.1996 3.947702e-05
     5395.0997 3.946298e-05
     5395.9999 3.965371e-05
     5396.9000 3.917258e-05
     5397.8002 3.743027e-05
     5398.7008 3.654700e-05
     5399.6009 3.815468e-05
     5400.5011 4.002926e-05
     5401.4012 4.029643e-05
     5402.3014 4.024271e-05
     5403.2020 4.085191e-05
     5404.1021 4.065776e-05
     5405.0023 3.861809e-05
     5405.9024 3.607970e-05
     5406.8026 3.491161e-05
     5407.7032 3.587082e-05
     5408.6033 3.799375e-05
     5409.5035 3.908222e-05
     5410.4036 3.828121e-05
     5411.3038 3.734465e-05
     5412.2044 3.817968e-05
     5413.1045 4.017803e-05
     5414.0047 4.152203e-05
     5414.9048 4.155268e-05
     5415.8050 4.092516e-05
     5416.7056 4.082562e-05
     5417.6057 4.173368e-05
     5418.5059 4.255416e-05
     5419.4060 4.245151e-05
     5420.3062 4.172195e-05
     5421.2068 4.091517e-05
     5422.1069 4.067783e-05
     5423.0071 4.129355e-05
     5423.9072 4.155174e-05
     5424.8074 4.037165e-05
     5425.7080 3.931273e-05
     5426.6081 4.017544e-05
     5427.5083 4.204374e-05
     5428.4084 4.310649e-05
     5429.3086 4.200242e-05
     5430.2092 3.890822e-05
     5431.1093 3.704167e-05
     5432.0095 3.846820e-05
     5432.9096 4.027795e-05
     5433.8098 3.998953e-05
     5434.7104 3.873900e-05
     5435.6105 3.781472e-05
     5436.5107 3.777530e-05
     5437.4108 3.860582e-05
     5438.3110 3.995085e-05
     5439.2116 4.154881e-05
     5440.1117 4.279828e-05
     5441.0119 4.339015e-05
     5441.9120 4.345817e-05
     5442.8122 4.332274e-05
     5443.7128 4.333496e-05
     5444.6129 4.318980e-05
     5445.5131 4.217030e-05
     5446.4132 4.009138e-05
     5447.3134 3.751671e-05
     5448.2140 3.627642e-05
     5449.1142 3.784281e-05
     5450.0143 4.047537e-05
     5450.9144 4.195537e-05
     5451.8146 4.219839e-05
     5452.7152 4.195139e-05
     5453.6154 4.162260e-05
     5454.5155 4.100979e-05
     5455.4156 3.949679e-05
     5456.3158 3.733311e-05
     5457.2164 3.675667e-05
     5458.1166 3.883986e-05
     5459.0167 4.135409e-05
     5459.9168 4.245128e-05
     5460.8170 4.221755e-05
     5461.7176 4.147524e-05
     5462.6178 4.065588e-05
     5463.5179 3.946224e-05
     5464.4180 3.850291e-05
     5465.3182 3.911786e-05
     5466.2188 4.054137e-05
     5467.1190 4.101294e-05
     5468.0191 4.087775e-05
     5468.9192 4.119351e-05
     5469.8194 4.150638e-05
     5470.7200 4.109098e-05
     5471.6202 4.045173e-05
     5472.5203 4.045667e-05
     5473.4204 4.053972e-05
     5474.3206 3.989411e-05
     5475.2212 3.942653e-05
     5476.1214 3.934884e-05
     5477.0215 3.804152e-05
     5477.9216 3.615790e-05
     5478.8218 3.663903e-05
     5479.7224 3.921611e-05
     5480.6226 4.081911e-05
     5481.5227 4.002457e-05
     5482.4228 3.839803e-05
     5483.3230 3.812471e-05
     5484.2236 3.917918e-05
     5485.1238 4.056152e-05
     5486.0239 4.177486e-05
     5486.9240 4.206854e-05
     5487.8242 4.099742e-05
     5488.7248 3.963410e-05
     5489.6250 3.950713e-05
     5490.5251 4.017460e-05
     5491.4252 4.053448e-05
     5492.3254 4.093074e-05
     5493.2260 4.129782e-05
     5494.1262 4.091342e-05
     5495.0263 4.034932e-05
     5495.9265 4.061608e-05
     5496.8266 4.109181e-05
     5497.7272 4.054439e-05
     5498.6274 3.965857e-05
     5499.5275 4.018881e-05
     5500.4277 4.157220e-05
     5501.3278 4.170586e-05
     5502.2284 4.042351e-05
     5503.1286 3.940662e-05
     5504.0287 3.949999e-05
     5504.9289 4.009536e-05
     5505.8290 4.038084e-05
     5506.7296 3.971037e-05
     5507.6298 3.870867e-05
     5508.5299 3.903561e-05
     5509.4301 4.037050e-05
     5510.3302 4.097064e-05
     5511.2308 4.067741e-05
     5512.1310 4.003177e-05
     5513.0311 3.894585e-05
     5513.9313 3.801609e-05
     5514.8314 3.803629e-05
     5515.7320 3.870977e-05
     5516.6322 3.951057e-05
     5517.5323 4.010244e-05
     5518.4325 4.069343e-05
     5519.3326 4.160592e-05
     5520.2332 4.224842e-05
     5521.1334 4.218659e-05
     5522.0335 4.185208e-05
     5522.9337 4.166291e-05
     5523.8338 4.164241e-05
     5524.7344 4.172163e-05
     5525.6346 4.162927e-05
     5526.5347 4.113732e-05
     5527.4349 4.032239e-05
     5528.3350 3.908102e-05
     5529.2356 3.781239e-05
     5530.1358 3.796065e-05
     5531.0359 3.971513e-05
     5531.9361 4.121078e-05
     5532.8362 4.145237e-05
     5533.7368 4.110516e-05
     5534.6370 4.081557e-05
     5535.5371 4.034891e-05
     5536.4373 3.987239e-05
     5537.3374 4.016199e-05
     5538.2380 4.075362e-05
     5539.1382 4.086972e-05
     5540.0383 4.103230e-05
     5540.9385 4.168694e-05
     5541.8386 4.234725e-05
     5542.7392 4.239383e-05
     5543.6394 4.167206e-05
     5544.5395 4.083795e-05
     5545.4397 4.072607e-05
     5546.3398 4.099286e-05
     5547.2404 4.094299e-05
     5548.1406 4.105087e-05
     5549.0407 4.181044e-05
     5549.9409 4.252510e-05
     5550.8410 4.268977e-05
     5551.7416 4.265359e-05
     5552.6418 4.255012e-05
     5553.5419 4.214916e-05
     5554.4421 4.137660e-05
     5555.3422 4.069108e-05
     5556.2428 4.067173e-05
     5557.1430 4.117590e-05
     5558.0431 4.141659e-05
     5558.9433 4.124941e-05
     5559.8434 4.125776e-05
     5560.7441 4.144145e-05
     5561.6442 4.141320e-05
     5562.5443 4.114187e-05
     5563.4445 4.057358e-05
     5564.3446 4.004288e-05
     5565.2453 4.008279e-05
     5566.1454 4.014905e-05
     5567.0455 3.978362e-05
     5567.9457 3.966141e-05
     5568.8458 3.998015e-05
     5569.7465 4.003804e-05
     5570.6466 3.972448e-05
     5571.5467 4.007959e-05
     5572.4469 4.076627e-05
     5573.3470 4.013059e-05
     5574.2477 3.914685e-05
     5575.1478 3.979978e-05
     5576.0479 4.094024e-05
     5576.9481 4.091701e-05
     5577.8482 4.070057e-05
     5578.7489 4.104699e-05
     5579.6490 4.118036e-05
     5580.5491 4.123000e-05
     5581.4493 4.152966e-05
     5582.3494 4.133322e-05
     5583.2501 4.076920e-05
     5584.1502 4.075090e-05
     5585.0504 4.099581e-05
     5585.9505 4.070148e-05
     5586.8506 3.957867e-05
     5587.7513 3.783218e-05
     5588.6514 3.643758e-05
     5589.5516 3.611735e-05
     5590.4517 3.663657e-05
     5591.3518 3.770143e-05
     5592.2525 3.882697e-05
     5593.1526 3.933936e-05
     5594.0528 3.921795e-05
     5594.9529 3.874799e-05
     5595.8530 3.868467e-05
     5596.7537 3.996322e-05
     5597.6538 4.132976e-05
     5598.5540 4.084658e-05
     5599.4541 3.924139e-05
     5600.3542 3.858887e-05
     5601.2549 3.881251e-05
     5602.1550 3.852799e-05
     5603.0552 3.775886e-05
     5603.9553 3.742612e-05
     5604.8554 3.837735e-05
     5605.7561 4.031422e-05
     5606.6562 4.181855e-05
     5607.5564 4.240458e-05
     5608.4565 4.242548e-05
     5609.3566 4.225406e-05
     5610.2573 4.212576e-05
     5611.1574 4.206347e-05
     5612.0576 4.215932e-05
     5612.9577 4.244858e-05
     5613.8579 4.262390e-05
     5614.7585 4.187191e-05
     5615.6586 3.947791e-05
     5616.5588 3.687382e-05
     5617.4589 3.676368e-05
     5618.3591 3.876317e-05
     5619.2597 4.017253e-05
     5620.1598 4.021838e-05
     5621.0600 3.999653e-05
     5621.9601 4.036609e-05
     5622.8603 4.113064e-05
     5623.7609 4.133080e-05
     5624.6610 4.015140e-05
     5625.5612 3.831541e-05
     5626.4613 3.779966e-05
     5627.3615 3.894884e-05
     5628.2621 4.011217e-05
     5629.1622 4.057314e-05
     5630.0624 4.103665e-05
     5630.9625 4.165368e-05
     5631.8627 4.199868e-05
     5632.7633 4.202898e-05
     5633.6634 4.185117e-05
     5634.5636 4.146028e-05
     5635.4637 4.100220e-05
     5636.3639 4.063537e-05
     5637.2645 4.017976e-05
     5638.1646 3.959262e-05
     5639.0648 3.937095e-05
     5639.9649 3.982652e-05
     5640.8651 4.030424e-05
     5641.7657 3.998813e-05
     5642.6658 3.938252e-05
     5643.5660 3.949959e-05
     5644.4661 3.999718e-05
     5645.3663 4.020897e-05
     5646.2669 4.036059e-05
     5647.1670 4.060664e-05
     5648.0672 4.089379e-05
     5648.9673 4.108363e-05
     5649.8675 4.089238e-05
     5650.7681 4.050736e-05
     5651.6683 4.048974e-05
     5652.5684 4.099103e-05
     5653.4685 4.155726e-05
     5654.3687 4.155599e-05
     5655.2693 4.075116e-05
     5656.1695 3.991138e-05
     5657.0696 4.002202e-05
     5657.9697 4.008732e-05
     5658.8699 3.842610e-05
     5659.7705 3.652366e-05
     5660.6707 3.707718e-05
     5661.5708 3.908652e-05
     5662.4709 3.972949e-05
     5663.3711 3.893394e-05
     5664.2717 3.865970e-05
     5665.1719 3.960733e-05
     5666.0720 4.073426e-05
     5666.9721 4.106041e-05
     5667.8723 4.050329e-05
     5668.7729 3.978650e-05
     5669.6731 3.963289e-05
     5670.5732 3.991355e-05
     5671.4733 4.017710e-05
     5672.3735 4.043157e-05
     5673.2741 4.104845e-05
     5674.1743 4.189211e-05
     5675.0744 4.222140e-05
     5675.9746 4.181106e-05
     5676.8747 4.145081e-05
     5677.7753 4.175376e-05
     5678.6755 4.204658e-05
     5679.5756 4.170505e-05
     5680.4758 4.123293e-05
     5681.3759 4.119230e-05
     5682.2765 4.108486e-05
     5683.1767 4.021390e-05
     5684.0768 3.936084e-05
     5684.9770 3.952774e-05
     5685.8771 4.022633e-05
     5686.7777 4.049008e-05
     5687.6779 3.995623e-05
     5688.5780 3.921211e-05
     5689.4782 3.900855e-05
     5690.3783 3.958605e-05
     5691.2789 4.050571e-05
     5692.1791 4.112087e-05
     5693.0792 4.154786e-05
     5693.9794 4.185303e-05
     5694.8795 4.170538e-05
     5695.7801 4.136781e-05
     5696.6803 4.134501e-05
     5697.5804 4.154325e-05
     5698.4806 4.129315e-05
     5699.3807 4.045809e-05
     5700.2813 3.997357e-05
     5701.1815 3.990650e-05
     5702.0816 3.939936e-05
     5702.9818 3.880391e-05
     5703.8819 3.904232e-05
     5704.7825 3.993744e-05
     5705.6827 4.048538e-05
     5706.5828 4.003570e-05
     5707.4830 3.907993e-05
     5708.3831 3.842424e-05
     5709.2838 3.780818e-05
     5710.1839 3.709551e-05
     5711.0840 3.706989e-05
     5711.9842 3.747716e-05
     5712.8843 3.757968e-05
     5713.7850 3.829884e-05
     5714.6851 3.984700e-05
     5715.5852 4.080738e-05
     5716.4854 4.098276e-05
     5717.3855 4.114831e-05
     5718.2862 4.121358e-05
     5719.1863 4.108297e-05
     5720.0864 4.127937e-05
     5720.9866 4.170125e-05
     5721.8867 4.195303e-05
     5722.7874 4.223249e-05
     5723.6875 4.255601e-05
     5724.5876 4.262903e-05
     5725.4878 4.250209e-05
     5726.3879 4.226477e-05
     5727.2886 4.164173e-05
     5728.1887 4.074725e-05
     5729.0889 4.060301e-05
     5729.9890 4.143490e-05
     5730.8891 4.201600e-05
     5731.7898 4.151808e-05
     5732.6899 4.063109e-05
     5733.5901 4.065840e-05
     5734.4902 4.152288e-05
     5735.3903 4.215982e-05
     5736.2910 4.227599e-05
     5737.1911 4.207828e-05
     5738.0913 4.179158e-05
     5738.9914 4.167940e-05
     5739.8915 4.169644e-05
     5740.7922 4.170021e-05
     5741.6923 4.169941e-05
     5742.5925 4.161946e-05
     5743.4926 4.137871e-05
     5744.3928 4.121960e-05
     5745.2934 4.154773e-05
     5746.1935 4.222990e-05
     5747.0937 4.260502e-05
     5747.9938 4.210252e-05
     5748.8940 4.097170e-05
     5749.7946 4.045921e-05
     5750.6947 4.117325e-05
     5751.5949 4.210611e-05
     5752.4950 4.208670e-05
     5753.3952 4.098298e-05
     5754.2958 3.955753e-05
     5755.1959 3.879397e-05
     5756.0961 3.934915e-05
     5756.9962 4.080907e-05
     5757.8964 4.199000e-05
     5758.7970 4.247089e-05
     5759.6971 4.241462e-05
     5760.5973 4.184706e-05
     5761.4974 4.098442e-05
     5762.3976 4.010890e-05
     5763.2982 3.933081e-05
     5764.1983 3.911809e-05
     5765.0985 4.013433e-05
     5765.9986 4.164718e-05
     5766.8988 4.239536e-05
     5767.7994 4.249556e-05
     5768.6995 4.249756e-05
     5769.5997 4.242501e-05
     5770.4998 4.225019e-05
     5771.4000 4.208500e-05
     5772.3006 4.184489e-05
     5773.2008 4.147714e-05
     5774.1009 4.130645e-05
     5775.0010 4.127526e-05
     5775.9012 4.109528e-05
     5776.8018 4.113881e-05
     5777.7020 4.155364e-05
     5778.6021 4.189554e-05
     5779.5022 4.188246e-05
     5780.4024 4.138684e-05
     5781.3030 4.014962e-05
     5782.2032 3.858544e-05
     5783.1033 3.788807e-05
     5784.0034 3.831875e-05
     5784.9036 3.879718e-05
     5785.8042 3.848190e-05
     5786.7044 3.811419e-05
     5787.6045 3.882079e-05
     5788.5047 4.007057e-05
     5789.4048 4.085803e-05
     5790.3054 4.120896e-05
     5791.2056 4.093838e-05
     5792.1057 4.018216e-05
     5793.0059 4.008413e-05
     5793.9060 4.074665e-05
     5794.8066 4.135324e-05
     5795.7068 4.182896e-05
     5796.6069 4.216560e-05
     5797.5071 4.186050e-05
     5798.4072 4.085789e-05
     5799.3078 4.019841e-05
     5800.2080 4.082016e-05
     5801.1081 4.205744e-05
     5802.0083 4.278002e-05
     5802.9084 4.298183e-05
     5803.8090 4.285924e-05
     5804.7092 4.212872e-05
     5805.6093 4.113838e-05
     5806.5095 4.070917e-05
     5807.4096 4.087114e-05
     5808.3102 4.120642e-05
     5809.2104 4.145533e-05
     5810.1105 4.154039e-05
     5811.0107 4.167739e-05
     5811.9108 4.196462e-05
     5812.8114 4.216243e-05
     5813.7116 4.218298e-05
     5814.6117 4.209221e-05
     5815.5119 4.174524e-05
     5816.4120 4.102805e-05
     5817.3127 4.038214e-05
     5818.2128 4.052521e-05
     5819.1129 4.149343e-05
     5820.0131 4.239345e-05
     5820.9132 4.269992e-05
     5821.8139 4.270989e-05
     5822.7140 4.260444e-05
     5823.6141 4.237409e-05
     5824.5143 4.215827e-05
     5825.4144 4.217174e-05
     5826.3151 4.238647e-05
     5827.2152 4.248448e-05
     5828.1153 4.239362e-05
     5829.0155 4.232411e-05
     5829.9156 4.243269e-05
     5830.8163 4.263195e-05
     5831.7164 4.261195e-05
     5832.6166 4.241536e-05
     5833.5167 4.234314e-05
     5834.4168 4.226208e-05
     5835.3175 4.191306e-05
     5836.2176 4.162684e-05
     5837.1178 4.186501e-05
     5838.0179 4.220473e-05
     5838.9180 4.199775e-05
     5839.8187 4.164873e-05
     5840.7188 4.182972e-05
     5841.6190 4.237682e-05
     5842.5191 4.276920e-05
     5843.4192 4.287858e-05
     5844.3199 4.283457e-05
     5845.2200 4.266488e-05
     5846.1202 4.238594e-05
     5847.0203 4.198505e-05
     5847.9205 4.145121e-05
     5848.8211 4.107441e-05
     5849.7212 4.110374e-05
     5850.6214 4.139927e-05
     5851.5215 4.160314e-05
     5852.4217 4.142281e-05
     5853.3223 4.076035e-05
     5854.2224 3.991653e-05
     5855.1226 3.967469e-05
     5856.0227 4.019668e-05
     5856.9229 4.046837e-05
     5857.8235 3.964931e-05
     5858.7236 3.840604e-05
     5859.6238 3.823359e-05
     5860.5239 3.919692e-05
     5861.4241 4.023673e-05
     5862.3247 4.077146e-05
     5863.2248 4.056444e-05
     5864.1250 4.024342e-05
     5865.0251 4.056764e-05
     5865.9253 4.106402e-05
     5866.8259 4.092733e-05
     5867.7260 4.028531e-05
     5868.6262 4.011188e-05
     5869.5263 4.072453e-05
     5870.4265 4.144143e-05
     5871.3271 4.183503e-05
     5872.2273 4.188878e-05
     5873.1274 4.164893e-05
     5874.0275 4.128417e-05
     5874.9277 4.117988e-05
     5875.8283 4.142951e-05
     5876.7285 4.154844e-05
     5877.6286 4.133148e-05
     5878.5287 4.105587e-05
     5879.4289 4.080279e-05
     5880.3295 4.040883e-05
     5881.2297 3.989266e-05
     5882.1298 3.981312e-05
     5883.0300 4.027710e-05
     5883.9301 4.048992e-05
     5884.8307 4.010667e-05
     5885.7309 3.980964e-05
     5886.6310 4.006490e-05
     5887.5312 4.033828e-05
     5888.4313 3.987257e-05
     5889.3319 3.783281e-05
     5890.2321 3.350897e-05
     5891.1322 2.901186e-05
     5892.0324 2.871608e-05
     5892.9325 3.247233e-05
     5893.8331 3.590796e-05
     5894.7333 3.721699e-05
     5895.6334 3.649445e-05
     5896.5336 3.343097e-05
     5897.4337 3.080528e-05
     5898.3343 3.227225e-05
     5899.2345 3.595729e-05
     5900.1346 3.810796e-05
     5901.0348 3.880580e-05
     5901.9349 3.947620e-05
     5902.8355 4.006343e-05
     5903.7357 4.023909e-05
     5904.6358 4.030564e-05
     5905.5360 4.034805e-05
     5906.4361 4.010642e-05
     5907.3368 3.983003e-05
     5908.2369 3.998895e-05
     5909.1370 4.044669e-05
     5910.0372 4.068349e-05
     5910.9373 4.058013e-05
     5911.8380 4.062859e-05
     5912.7381 4.094224e-05
     5913.6382 4.089565e-05
     5914.5384 4.006541e-05
     5915.4385 3.900942e-05
     5916.3392 3.865022e-05
     5917.2393 3.893189e-05
     5918.1394 3.946577e-05
     5919.0396 4.001264e-05
     5919.9397 4.028745e-05
     5920.8404 4.054406e-05
     5921.7405 4.078984e-05
     5922.6407 4.059806e-05
     5923.5408 4.022480e-05
     5924.4409 4.023900e-05
     5925.3416 4.054881e-05
     5926.2417 4.079492e-05
     5927.1419 4.098204e-05
     5928.0420 4.098542e-05
     5928.9421 4.067082e-05
     5929.8428 4.016302e-05
     5930.7429 3.952430e-05
     5931.6431 3.925116e-05
     5932.5432 3.991038e-05
     5933.4434 4.080777e-05
     5934.3440 4.093078e-05
     5935.2441 4.019742e-05
     5936.1443 3.952836e-05
     5937.0444 3.982042e-05
     5937.9446 4.054496e-05
     5938.8452 4.090171e-05
     5939.7453 4.105906e-05
     5940.6455 4.111497e-05
     5941.5456 4.065830e-05
     5942.4458 3.992337e-05
     5943.3464 3.968191e-05
     5944.2465 3.998716e-05
     5945.1467 4.040401e-05
     5946.0468 4.081257e-05
     5946.9470 4.118589e-05
     5947.8476 4.126114e-05
     5948.7477 4.071725e-05
     5949.6479 3.972189e-05
     5950.5480 3.922318e-05
     5951.4482 3.980493e-05
     5952.3488 4.054203e-05
     5953.2489 4.029186e-05
     5954.1491 3.951209e-05
     5955.0492 3.955412e-05
     5955.9494 4.028900e-05
     5956.8500 4.046408e-05
     5957.7502 3.990381e-05
     5958.6503 3.952008e-05
     5959.5504 3.974768e-05
     5960.4506 4.027634e-05
     5961.3512 4.083657e-05
     5962.2514 4.125145e-05
     5963.1515 4.142225e-05
     5964.0516 4.138099e-05
     5964.9518 4.126571e-05
     5965.8524 4.102943e-05
     5966.7526 4.058734e-05
     5967.6527 4.042874e-05
     5968.5529 4.080941e-05
     5969.4530 4.121921e-05
     5970.3536 4.140425e-05
     5971.2538 4.155330e-05
     5972.1539 4.169550e-05
     5973.0541 4.171928e-05
     5973.9542 4.165793e-05
     5974.8548 4.154531e-05
     5975.7550 4.116796e-05
     5976.6551 4.046283e-05
     5977.5553 3.979978e-05
     5978.4554 3.954137e-05
     5979.3560 3.968992e-05
     5980.2562 4.011149e-05
     5981.1563 4.071950e-05
     5982.0565 4.118235e-05
     5982.9566 4.119633e-05
     5983.8572 4.066558e-05
     5984.7574 3.955787e-05
     5985.6575 3.864763e-05
     5986.5577 3.889670e-05
     5987.4578 3.977311e-05
     5988.3585 4.020248e-05
     5989.2586 4.032250e-05
     5990.1587 4.064364e-05
     5991.0589 4.093092e-05
     5991.9590 4.074188e-05
     5992.8597 4.031729e-05
     5993.7598 4.043266e-05
     5994.6599 4.110351e-05
     5995.5601 4.157748e-05
     5996.4602 4.148610e-05
     5997.3609 4.096622e-05
     5998.2610 4.024590e-05
     5999.1612 3.973789e-05
     6000.0613 3.979396e-05
     6000.9614 4.024308e-05
     6001.8621 4.068210e-05
     6002.7622 4.066917e-05
     6003.6624 4.007124e-05
     6004.5625 3.967595e-05
     6005.4626 4.004973e-05
     6006.3633 4.047201e-05
     6007.2634 4.029394e-05
     6008.1636 3.959871e-05
     6009.0637 3.866074e-05
     6009.9639 3.841911e-05
     6010.8645 3.948769e-05
     6011.7646 4.074940e-05
     6012.6648 4.098492e-05
     6013.5649 4.025111e-05
     6014.4651 3.944108e-05
     6015.3657 3.944675e-05
     6016.2658 3.998389e-05
     6017.1660 3.998233e-05
     6018.0661 3.953296e-05
     6018.9663 3.961828e-05
     6019.8669 3.998679e-05
     6020.7670 3.969128e-05
     6021.6672 3.904433e-05
     6022.5673 3.891255e-05
     6023.4675 3.929501e-05
     6024.3681 3.965084e-05
     6025.2682 3.971398e-05
     6026.1684 3.999018e-05
     6027.0685 4.051375e-05
     6027.9687 4.057252e-05
     6028.8693 4.049545e-05
     6029.7695 4.087874e-05
     6030.6696 4.126439e-05
     6031.5697 4.123178e-05
     6032.4699 4.108604e-05
     6033.3705 4.122997e-05
     6034.2707 4.150264e-05
     6035.1708 4.158630e-05
     6036.0709 4.151932e-05
     6036.9711 4.147852e-05
     6037.8717 4.150476e-05
     6038.7719 4.156610e-05
     6039.6720 4.151377e-05
     6040.5722 4.123446e-05
     6041.4723 4.100596e-05
     6042.3729 4.097031e-05
     6043.2731 4.091086e-05
     6044.1732 4.105643e-05
     6045.0734 4.151636e-05
     6045.9735 4.182109e-05
     6046.8741 4.186805e-05
     6047.7743 4.188325e-05
     6048.6744 4.189614e-05
     6049.5746 4.179453e-05
     6050.4747 4.170286e-05
     6051.3753 4.181038e-05
     6052.2755 4.191132e-05
     6053.1756 4.177296e-05
     6054.0758 4.144221e-05
     6054.9759 4.111653e-05
     6055.8765 4.093632e-05
     6056.7767 4.066885e-05
     6057.6768 4.035420e-05
     6058.5770 4.039799e-05
     6059.4771 4.077343e-05
     6060.3778 4.125489e-05
     6061.2779 4.161451e-05
     6062.1780 4.168421e-05
     6063.0782 4.143108e-05
     6063.9783 4.095371e-05
     6064.8790 4.045891e-05
     6065.7791 3.971365e-05
     6066.6792 3.897542e-05
     6067.5794 3.941621e-05
     6068.4795 4.084081e-05
     6069.3802 4.187079e-05
     6070.2803 4.213175e-05
     6071.1805 4.210780e-05
     6072.0806 4.210414e-05
     6072.9807 4.213484e-05
     6073.8814 4.216712e-05
     6074.7815 4.217390e-05
     6075.6817 4.215716e-05
     6076.5818 4.205881e-05
     6077.4819 4.182053e-05
     6078.3826 4.137185e-05
     6079.2827 4.060242e-05
     6080.1829 3.999855e-05
     6081.0830 4.020921e-05
     6081.9832 4.057445e-05
     6082.8838 4.027375e-05
     6083.7839 3.989081e-05
     6084.6841 4.010672e-05
     6085.5842 4.041075e-05
     6086.4844 4.025281e-05
     6087.3850 4.011953e-05
     6088.2851 4.042957e-05
     6089.1853 4.087029e-05
     6090.0854 4.082735e-05
     6090.9856 4.013792e-05
     6091.8862 3.958549e-05
     6092.7863 3.968386e-05
     6093.6865 3.992231e-05
     6094.5866 4.002920e-05
     6095.4868 4.044261e-05
     6096.3874 4.111874e-05
     6097.2875 4.128360e-05
     6098.1877 4.087023e-05
     6099.0878 4.068149e-05
     6099.9880 4.099809e-05
     6100.8886 4.147788e-05
     6101.7888 4.151568e-05
     6102.6889 4.028755e-05
     6103.5890 3.793297e-05
     6104.4892 3.673743e-05
     6105.3898 3.815529e-05
     6106.2900 4.024451e-05
     6107.1901 4.113380e-05
     6108.0902 4.097304e-05
     6108.9904 4.046356e-05
     6109.8910 4.040190e-05
     6110.7912 4.092019e-05
     6111.6913 4.108211e-05
     6112.5915 4.063909e-05
     6113.4916 4.050024e-05
     6114.3922 4.099108e-05
     6115.2924 4.152913e-05
     6116.1925 4.159238e-05
     6117.0927 4.103705e-05
     6117.9928 4.053367e-05
     6118.8934 4.077877e-05
     6119.7936 4.105975e-05
     6120.6937 4.059310e-05
     6121.5939 3.976475e-05
     6122.4940 3.873989e-05
     6123.3946 3.767469e-05
     6124.2948 3.797892e-05
     6125.1949 3.971780e-05
     6126.0951 4.084082e-05
     6126.9952 4.068989e-05
     6127.8959 4.021646e-05
     6128.7960 3.984790e-05
     6129.6961 3.964105e-05
     6130.5963 3.989466e-05
     6131.4964 4.053953e-05
     6132.3971 4.102175e-05
     6133.2972 4.112896e-05
     6134.1973 4.116538e-05
     6135.0975 4.103301e-05
     6135.9976 4.026718e-05
     6136.8983 3.858302e-05
     6137.7984 3.616847e-05
     6138.6986 3.476414e-05
     6139.5987 3.617458e-05
     6140.4988 3.910336e-05
     6141.3995 4.071697e-05
     6142.2996 4.009756e-05
     6143.1998 3.888209e-05
     6144.0999 3.908015e-05
     6145.0000 4.041187e-05
     6145.9007 4.128514e-05
     6146.8008 4.133904e-05
     6147.7010 4.115172e-05
     6148.6011 4.082849e-05
     6149.5013 4.025561e-05
     6150.4019 3.970874e-05
     6151.3020 3.946201e-05
     6152.2022 3.962232e-05
     6153.1023 4.010050e-05
     6154.0025 4.061535e-05
     6154.9031 4.063814e-05
     6155.8032 4.000932e-05
     6156.7034 3.958677e-05
     6157.6035 3.980064e-05
     6158.5037 3.997577e-05
     6159.4043 3.988585e-05
     6160.3044 3.983056e-05
     6161.2046 3.926532e-05
     6162.1047 3.739327e-05
     6163.0049 3.496953e-05
     6163.9055 3.390557e-05
     6164.8057 3.484088e-05
     6165.7058 3.663657e-05
     6166.6059 3.789421e-05
     6167.5061 3.835202e-05
     6168.4067 3.875902e-05
     6169.3069 3.873039e-05
     6170.2070 3.730469e-05
     6171.1071 3.575151e-05
     6172.0073 3.617895e-05
     6172.9079 3.803472e-05
     6173.8081 3.910427e-05
     6174.7082 3.898667e-05
     6175.6084 3.887520e-05
     6176.5085 3.900419e-05
     6177.4091 3.887656e-05
     6178.3093 3.870343e-05
     6179.2094 3.906863e-05
     6180.1096 3.963147e-05
     6181.0097 3.959653e-05
     6181.9103 3.938127e-05
     6182.8105 3.968919e-05
     6183.7106 4.010856e-05
     6184.6108 4.014893e-05
     6185.5109 4.004083e-05
     6186.4115 3.986527e-05
     6187.3117 3.931714e-05
     6188.2118 3.863046e-05
     6189.1120 3.829239e-05
     6190.0121 3.833527e-05
     6190.9128 3.833907e-05
     6191.8129 3.746011e-05
     6192.7130 3.604607e-05
     6193.6132 3.613448e-05
     6194.5133 3.785564e-05
     6195.4140 3.920127e-05
     6196.3141 3.955784e-05
     6197.2142 3.969270e-05
     6198.1144 3.997033e-05
     6199.0145 3.999342e-05
     6199.9152 3.931564e-05
     6200.8153 3.823019e-05
     6201.7155 3.779024e-05
     6202.6156 3.846951e-05
     6203.5157 3.948736e-05
     6204.4164 3.999483e-05
     6205.3165 3.993153e-05
     6206.2167 3.975692e-05
     6207.1168 3.984999e-05
     6208.0170 4.005197e-05
     6208.9176 4.012800e-05
     6209.8177 4.007777e-05
     6210.7179 3.989836e-05
     6211.6180 3.960281e-05
     6212.5182 3.937178e-05
     6213.4188 3.903697e-05
     6214.3189 3.808668e-05
     6215.2191 3.693881e-05
     6216.1192 3.642536e-05
     6217.0194 3.653426e-05
     6217.9200 3.721155e-05
     6218.8201 3.815814e-05
     6219.7203 3.836687e-05
     6220.6204 3.762228e-05
     6221.5206 3.700117e-05
     6222.4212 3.720967e-05
     6223.3213 3.789878e-05
     6224.2215 3.840352e-05
     6225.1216 3.836575e-05
     6226.0218 3.820897e-05
     6226.9224 3.841316e-05
     6227.8226 3.865230e-05
     6228.7227 3.871132e-05
     6229.6228 3.859637e-05
     6230.5230 3.781535e-05
     6231.4236 3.631914e-05
     6232.3238 3.529915e-05
     6233.2239 3.567721e-05
     6234.1241 3.668481e-05
     6235.0242 3.776121e-05
     6235.9248 3.892890e-05
     6236.8250 3.958197e-05
     6237.7251 3.941980e-05
     6238.6253 3.879416e-05
     6239.5254 3.814304e-05
     6240.4260 3.756181e-05
     6241.3262 3.708746e-05
     6242.2263 3.718640e-05
     6243.1265 3.753551e-05
     6244.0266 3.710721e-05
     6244.9272 3.645143e-05
     6245.8274 3.655331e-05
     6246.7275 3.677792e-05
     6247.6277 3.675276e-05
     6248.5278 3.723904e-05
     6249.4285 3.824184e-05
     6250.3286 3.890021e-05
     6251.2287 3.902324e-05
     6252.1289 3.867663e-05
     6253.0290 3.760868e-05
     6253.9297 3.637958e-05
     6254.8298 3.594405e-05
     6255.7299 3.622394e-05
     6256.6301 3.656776e-05
     6257.5302 3.640234e-05
     6258.4309 3.579170e-05
     6259.3310 3.520748e-05
     6260.2312 3.528488e-05
     6261.1313 3.635529e-05
     6262.0314 3.735998e-05
     6262.9321 3.782205e-05
     6263.8322 3.851725e-05
     6264.7324 3.917727e-05
     6265.6325 3.884069e-05
     6266.5327 3.787789e-05
     6267.4333 3.768546e-05
     6268.3334 3.835544e-05
     6269.2336 3.874722e-05
     6270.1337 3.851274e-05
     6271.0339 3.819484e-05
     6271.9345 3.813494e-05
     6272.8346 3.838806e-05
     6273.7348 3.881057e-05
     6274.6349 3.901306e-05
     6275.5351 3.887578e-05
     6276.4357 3.879833e-05
     6277.3358 3.894203e-05
     6278.2360 3.903322e-05
     6279.1361 3.898517e-05
     6280.0363 3.877663e-05
     6280.9369 3.819018e-05
     6281.8371 3.755007e-05
     6282.7372 3.758649e-05
     6283.6373 3.814399e-05
     6284.5375 3.871248e-05
     6285.4381 3.908369e-05
     6286.3383 3.905356e-05
     6287.2384 3.898641e-05
     6288.1385 3.931025e-05
     6289.0387 3.979517e-05
     6289.9393 4.010313e-05
     6290.8395 3.999879e-05
     6291.7396 3.941985e-05
     6292.6398 3.882169e-05
     6293.5399 3.858352e-05
     6294.4405 3.863429e-05
     6295.3407 3.892314e-05
     6296.2408 3.910739e-05
     6297.1410 3.864934e-05
     6298.0411 3.779364e-05
     6298.9417 3.739724e-05
     6299.8419 3.777388e-05
     6300.7420 3.834129e-05
     6301.6422 3.827573e-05
     6302.5423 3.747953e-05
     6303.4429 3.685577e-05
     6304.3431 3.721063e-05
     6305.2432 3.812924e-05
     6306.1434 3.864880e-05
     6307.0435 3.870648e-05
     6307.9442 3.905110e-05
     6308.8443 3.967354e-05
     6309.7444 3.994700e-05
     6310.6446 3.970572e-05
     6311.5447 3.914065e-05
     6312.4454 3.858512e-05
     6313.3455 3.842278e-05
     6314.2457 3.869356e-05
     6315.1458 3.864737e-05
     6316.0459 3.781771e-05
     6316.9466 3.726807e-05
     6317.8467 3.759189e-05
     6318.7469 3.754406e-05
     6319.6470 3.681907e-05
     6320.5471 3.681682e-05
     6321.4478 3.778352e-05
     6322.3479 3.853776e-05
     6323.2481 3.853029e-05
     6324.1482 3.837520e-05
     6325.0484 3.873735e-05
     6325.9490 3.928109e-05
     6326.8491 3.950079e-05
     6327.7493 3.941145e-05
     6328.6494 3.920381e-05
     6329.5496 3.926293e-05
     6330.4502 3.943963e-05
     6331.3503 3.920367e-05
     6332.2505 3.897989e-05
     6333.1506 3.931500e-05
     6334.0508 3.987631e-05
     6334.9514 3.996977e-05
     6335.8515 3.902098e-05
     6336.7517 3.747293e-05
     6337.6518 3.671185e-05
     6338.5520 3.724088e-05
     6339.4526 3.811086e-05
     6340.3528 3.849362e-05
     6341.2529 3.885159e-05
     6342.1530 3.944439e-05
     6343.0532 3.961945e-05
     6343.9538 3.909271e-05
     6344.8540 3.816263e-05
     6345.7541 3.760331e-05
     6346.6543 3.798150e-05
     6347.5544 3.865399e-05
     6348.4550 3.895168e-05
     6349.3552 3.915936e-05
     6350.2553 3.945676e-05
     6351.1555 3.959676e-05
     6352.0556 3.958710e-05
     6352.9562 3.960190e-05
     6353.8564 3.953577e-05
     6354.7565 3.913671e-05
     6355.6567 3.839148e-05
     6356.5568 3.786986e-05
     6357.4574 3.813692e-05
     6358.3576 3.847884e-05
     6359.2577 3.794597e-05
     6360.1579 3.707094e-05
     6361.0580 3.687386e-05
     6361.9587 3.711269e-05
     6362.8588 3.699719e-05
     6363.7589 3.665877e-05
     6364.6591 3.668679e-05
     6365.5592 3.714350e-05
     6366.4599 3.770345e-05
     6367.3600 3.814308e-05
     6368.2602 3.855778e-05
     6369.1603 3.909631e-05
     6370.0604 3.942258e-05
     6370.9611 3.927922e-05
     6371.8612 3.901122e-05
     6372.7614 3.909609e-05
     6373.6615 3.955465e-05
     6374.5616 3.992299e-05
     6375.4623 3.991243e-05
     6376.3624 3.973843e-05
     6377.2626 3.970131e-05
     6378.1627 3.969814e-05
     6379.0629 3.939755e-05
     6379.9635 3.893757e-05
     6380.8636 3.872295e-05
     6381.7638 3.865804e-05
     6382.6639 3.871941e-05
     6383.5641 3.909315e-05
     6384.4647 3.942605e-05
     6385.3648 3.930359e-05
     6386.2650 3.906588e-05
     6387.1651 3.917596e-05
     6388.0653 3.946656e-05
     6388.9659 3.959024e-05
     6389.8660 3.955531e-05
     6390.7662 3.956273e-05
     6391.6663 3.961362e-05
     6392.5665 3.943128e-05
     6393.4671 3.862235e-05
     6394.3673 3.728458e-05
     6395.2674 3.664918e-05
     6396.1675 3.754538e-05
     6397.0677 3.896513e-05
     6397.9683 3.982523e-05
     6398.8685 4.004416e-05
     6399.7686 3.949235e-05
     6400.6688 3.783789e-05
     6401.5689 3.624086e-05
     6402.4695 3.676658e-05
     6403.3697 3.872214e-05
     6404.2698 3.996582e-05
     6405.1700 4.024834e-05
     6406.0701 4.018143e-05
     6406.9707 3.992599e-05
     6407.8709 3.935743e-05
     6408.7710 3.846269e-05
     6409.6712 3.801719e-05
     6410.5713 3.866026e-05
     6411.4719 3.927644e-05
     6412.3721 3.869018e-05
     6413.2722 3.785938e-05
     6414.1724 3.802928e-05
     6415.0725 3.864093e-05
     6415.9732 3.893011e-05
     6416.8733 3.912808e-05
     6417.7734 3.935821e-05
     6418.6736 3.937561e-05
     6419.5737 3.916926e-05
     6420.4744 3.865688e-05
     6421.3745 3.774547e-05
     6422.2747 3.704025e-05
     6423.1748 3.741269e-05
     6424.0749 3.877968e-05
     6424.9756 3.988026e-05
     6425.8757 3.999064e-05
     6426.7759 3.977940e-05
     6427.6760 3.988641e-05
     6428.5762 4.015979e-05
     6429.4768 4.022899e-05
     6430.3769 3.976189e-05
     6431.2771 3.857913e-05
     6432.1772 3.732990e-05
     6433.0774 3.723530e-05
     6433.9780 3.819860e-05
     6434.8781 3.908475e-05
     6435.7783 3.956160e-05
     6436.6784 3.984725e-05
     6437.5786 3.999284e-05
     6438.4792 3.973613e-05
     6439.3793 3.865774e-05
     6440.2795 3.734296e-05
     6441.1796 3.739479e-05
     6442.0798 3.887165e-05
     6442.9804 4.015804e-05
     6443.8806 4.053996e-05
     6444.7807 4.046003e-05
     6445.6808 4.035383e-05
     6446.5810 4.037021e-05
     6447.4816 4.048906e-05
     6448.3818 4.049268e-05
     6449.2819 3.990179e-05
     6450.1821 3.820839e-05
     6451.0822 3.611852e-05
     6451.9828 3.565571e-05
     6452.8830 3.719371e-05
     6453.7831 3.894073e-05
     6454.6833 3.983283e-05
     6455.5834 3.979440e-05
     6456.4840 3.894891e-05
     6457.3842 3.812896e-05
     6458.2843 3.830744e-05
     6459.1845 3.927481e-05
     6460.0846 4.011981e-05
     6460.9852 4.049732e-05
     6461.8854 4.031953e-05
     6462.7855 3.910279e-05
     6463.6857 3.709630e-05
     6464.5858 3.623846e-05
     6465.4865 3.739560e-05
     6466.3866 3.891144e-05
     6467.2867 3.967906e-05
     6468.1869 3.996478e-05
     6469.0870 4.000428e-05
     6469.9877 3.972922e-05
     6470.8878 3.928640e-05
     6471.7880 3.890744e-05
     6472.6881 3.850514e-05
     6473.5882 3.843723e-05
     6474.4889 3.894913e-05
     6475.3890 3.921945e-05
     6476.2892 3.885931e-05
     6477.1893 3.859286e-05
     6478.0895 3.893760e-05
     6478.9901 3.942564e-05
     6479.8902 3.956198e-05
     6480.7904 3.953179e-05
     6481.6905 3.926983e-05
     6482.5907 3.839239e-05
     6483.4913 3.730969e-05
     6484.3914 3.702653e-05
     6485.2916 3.769656e-05
     6486.1917 3.852857e-05
     6487.0919 3.897952e-05
     6487.9925 3.913919e-05
     6488.8926 3.924013e-05
     6489.7928 3.925082e-05
     6490.6929 3.902305e-05
     6491.5931 3.858379e-05
     6492.4937 3.820246e-05
     6493.3939 3.791595e-05
     6494.2940 3.708097e-05
     6495.1941 3.520422e-05
     6496.0943 3.334071e-05
     6496.9949 3.285700e-05
     6497.8951 3.351099e-05
     6498.7952 3.457252e-05
     6499.6954 3.551344e-05
     6500.5955 3.592549e-05
     6501.4961 3.638961e-05
     6502.3963 3.726298e-05
     6503.2964 3.798914e-05
     6504.1966 3.839586e-05
     6505.0967 3.858991e-05
     6505.9973 3.872098e-05
     6506.8975 3.893710e-05
     6507.7976 3.908706e-05
     6508.6978 3.891861e-05
     6509.5979 3.854521e-05
     6510.4985 3.840675e-05
     6511.3987 3.866760e-05
     6512.2988 3.900789e-05
     6513.1990 3.911908e-05
     6514.0991 3.907125e-05
     6514.9998 3.899523e-05
     6515.8999 3.873510e-05
     6516.8000 3.826864e-05
     6517.7002 3.790809e-05
     6518.6003 3.773083e-05
     6519.5010 3.750153e-05
     6520.4011 3.746973e-05
     6521.3013 3.804711e-05
     6522.2014 3.876341e-05
     6523.1015 3.903433e-05
     6524.0022 3.898931e-05
     6524.9023 3.899068e-05
     6525.8025 3.912078e-05
     6526.7026 3.905682e-05
     6527.6028 3.852709e-05
     6528.5034 3.797093e-05
     6529.4035 3.801416e-05
     6530.3037 3.851927e-05
     6531.2038 3.889921e-05
     6532.1040 3.883657e-05
     6533.0046 3.842510e-05
     6533.9047 3.799580e-05
     6534.8049 3.786822e-05
     6535.7050 3.819595e-05
     6536.6052 3.875365e-05
     6537.5058 3.903347e-05
     6538.4059 3.886214e-05
     6539.3061 3.865940e-05
     6540.2062 3.881469e-05
     6541.1064 3.914614e-05
     6542.0070 3.923877e-05
     6542.9072 3.897794e-05
     6543.8073 3.856169e-05
     6544.7074 3.825330e-05
     6545.6076 3.807492e-05
     6546.5082 3.760208e-05
     6547.4084 3.674947e-05
     6548.3085 3.644969e-05
     6549.2087 3.710488e-05
     6550.1088 3.784251e-05
     6551.0094 3.803674e-05
     6551.9096 3.778632e-05
     6552.8097 3.744791e-05
     6553.7099 3.728949e-05
     6554.6100 3.711602e-05
     6555.5106 3.660500e-05
     6556.4108 3.591862e-05
     6557.3109 3.556013e-05
     6558.2111 3.577353e-05
     6559.1112 3.617692e-05
     6560.0119 3.623498e-05
     6560.9120 3.583018e-05
     6561.8121 3.470973e-05
     6562.7123 3.158296e-05
     6563.6124 2.619774e-05
     6564.5131 2.276662e-05
     6565.4132 2.528569e-05
     6566.3134 3.082728e-05
     6567.2135 3.459090e-05
     6568.1136 3.613454e-05
     6569.0143 3.666104e-05
     6569.9144 3.646538e-05
     6570.8146 3.605657e-05
     6571.7147 3.620033e-05
     6572.6148 3.661018e-05
     6573.5155 3.650579e-05
     6574.4156 3.596520e-05
     6575.3158 3.553746e-05
     6576.2159 3.551468e-05
     6577.1161 3.613847e-05
     6578.0167 3.721410e-05
     6578.9168 3.801434e-05
     6579.8170 3.827012e-05
     6580.7171 3.810536e-05
     6581.6173 3.761256e-05
     6582.5179 3.718812e-05
     6583.4180 3.731483e-05
     6584.3182 3.781770e-05
     6585.2183 3.814468e-05
     6586.1185 3.811009e-05
     6587.0191 3.783171e-05
     6587.9193 3.763782e-05
     6588.8194 3.789838e-05
     6589.7195 3.835962e-05
     6590.6197 3.858471e-05
     6591.5203 3.858353e-05
     6592.4205 3.821341e-05
     6593.3206 3.705095e-05
     6594.2208 3.541160e-05
     6595.1209 3.472700e-05
     6596.0215 3.572217e-05
     6596.9217 3.719067e-05
     6597.8218 3.785065e-05
     6598.7220 3.765878e-05
     6599.6221 3.717807e-05
     6600.5227 3.711472e-05
     6601.4229 3.770126e-05
     6602.3230 3.840262e-05
     6603.2232 3.868238e-05
     6604.1233 3.857421e-05
     6605.0240 3.823525e-05
     6605.9241 3.776154e-05
     6606.8242 3.742841e-05
     6607.7244 3.736442e-05
     6608.6245 3.724833e-05
     6609.5252 3.677857e-05
     6610.4253 3.623122e-05
     6611.3254 3.644177e-05
     6612.2256 3.749047e-05
     6613.1257 3.831514e-05
     6614.0264 3.829391e-05
     6614.9265 3.788234e-05
     6615.8267 3.785163e-05
     6616.7268 3.827629e-05
     6617.6269 3.854336e-05
     6618.5276 3.844093e-05
     6619.4277 3.830189e-05
     6620.3279 3.835535e-05
     6621.2280 3.852071e-05
     6622.1282 3.864543e-05
     6623.0288 3.863607e-05
     6623.9289 3.840949e-05
     6624.8291 3.789398e-05
     6625.7292 3.720975e-05
     6626.6294 3.691164e-05
     6627.5300 3.730170e-05
     6628.4301 3.775915e-05
     6629.3303 3.786135e-05
     6630.2304 3.781729e-05
     6631.1306 3.773094e-05
     6632.0312 3.763873e-05
     6632.9314 3.747871e-05
     6633.8315 3.701828e-05
     6634.7316 3.628878e-05
     6635.6318 3.590505e-05
     6636.5324 3.637920e-05
     6637.4326 3.724333e-05
     6638.3327 3.783943e-05
     6639.2329 3.803506e-05
     6640.1330 3.786496e-05
     6641.0336 3.757496e-05
     6641.9338 3.762577e-05
     6642.8339 3.795339e-05
     6643.7341 3.777345e-05
     6644.6342 3.690414e-05
     6645.5348 3.640942e-05
     6646.4350 3.690064e-05
     6647.3351 3.755254e-05
     6648.2353 3.766888e-05
     6649.1354 3.752482e-05
     6650.0361 3.759414e-05
     6650.9362 3.779647e-05
     6651.8363 3.779928e-05
     6652.7365 3.764513e-05
     6653.6366 3.755864e-05
     6654.5373 3.756595e-05
     6655.4374 3.760489e-05
     6656.3375 3.768013e-05
     6657.2377 3.769420e-05
     6658.1378 3.760851e-05
     6659.0385 3.761465e-05
     6659.9386 3.770440e-05
     6660.8388 3.768253e-05
     6661.7389 3.752674e-05
     6662.6390 3.732113e-05
     6663.5397 3.689814e-05
     6664.4398 3.613590e-05
     6665.3400 3.576001e-05
     6666.2401 3.624465e-05
     6667.1403 3.677899e-05
     6668.0409 3.685729e-05
     6668.9410 3.678720e-05
     6669.8412 3.692544e-05
     6670.7413 3.732475e-05
     6671.6415 3.772810e-05
     6672.5421 3.790311e-05
     6673.4422 3.785560e-05
     6674.3424 3.776726e-05
     6675.2425 3.775039e-05
     6676.1427 3.780621e-05
     6677.0433 3.778810e-05
     6677.9435 3.720944e-05
     6678.8436 3.589307e-05
     6679.7437 3.493348e-05
     6680.6439 3.541787e-05
     6681.5445 3.651284e-05
     6682.4447 3.701591e-05
     6683.3448 3.709603e-05
     6684.2450 3.722281e-05
     6685.1451 3.738820e-05
     6686.0457 3.748626e-05
     6686.9459 3.750631e-05
     6687.8460 3.744397e-05
     6688.7462 3.730319e-05
     6689.6463 3.721254e-05
     6690.5469 3.729250e-05
     6691.4471 3.741816e-05
     6692.3472 3.746276e-05
     6693.2474 3.745056e-05
     6694.1475 3.742262e-05
     6695.0482 3.742911e-05
     6695.9483 3.731783e-05
     6696.8484 3.685269e-05
     6697.7486 3.630725e-05
     6698.6487 3.621401e-05
     6699.5494 3.648139e-05
     6700.4495 3.680076e-05
     6701.3497 3.718207e-05
     6702.2498 3.747481e-05
     6703.1499 3.748628e-05
     6704.0506 3.720306e-05
     6704.9507 3.672282e-05
     6705.8509 3.638342e-05
     6706.7510 3.648286e-05
     6707.6512 3.684730e-05
     6708.5518 3.708014e-05
     6709.4519 3.708076e-05
     6710.3521 3.701439e-05
     6711.2522 3.687071e-05
     6712.1524 3.675732e-05
     6713.0530 3.683611e-05
     6713.9531 3.679385e-05
     6714.8533 3.648995e-05
     6715.7534 3.620794e-05
     6716.6536 3.595909e-05
     6717.5542 3.553923e-05
     6718.4543 3.493376e-05
     6719.3545 3.468266e-05
     6720.2546 3.534962e-05
     6721.1548 3.633299e-05
     6722.0554 3.676402e-05
     6722.9556 3.666820e-05
     6723.8557 3.659481e-05
     6724.7558 3.681626e-05
     6725.6560 3.700515e-05
     6726.5566 3.684009e-05
     6727.4568 3.648187e-05
     6728.3569 3.635798e-05
     6729.2571 3.658792e-05
     6730.1572 3.687960e-05
     6731.0578 3.706683e-05
     6731.9580 3.716885e-05
     6732.8581 3.714630e-05
     6733.7583 3.697372e-05
     6734.6584 3.676512e-05
     6735.5590 3.672790e-05
     6736.4592 3.688643e-05
     6737.3593 3.706983e-05
     6738.2595 3.704316e-05
     6739.1596 3.666920e-05
     6740.0603 3.618356e-05
     6740.9604 3.603454e-05
     6741.8605 3.631701e-05
     6742.7607 3.659646e-05
     6743.6608 3.644891e-05
     6744.5615 3.614624e-05
     6745.4616 3.621511e-05
     6746.3618 3.650202e-05
     6747.2619 3.656227e-05
     6748.1620 3.643488e-05
     6749.0627 3.633229e-05
     6749.9628 3.620439e-05
     6750.8630 3.594434e-05
     6751.7631 3.577405e-05
     6752.6633 3.592502e-05
     6753.5639 3.602655e-05
     6754.4640 3.591234e-05
     6755.3642 3.607829e-05
     6756.2643 3.646761e-05
     6757.1645 3.669818e-05
     6758.0651 3.687692e-05
     6758.9652 3.709444e-05
     6759.8654 3.725280e-05
     6760.7655 3.734704e-05
     6761.6657 3.738301e-05
     6762.5663 3.730790e-05
     6763.4665 3.717765e-05
     6764.3666 3.715842e-05
     6765.2667 3.721016e-05
     6766.1669 3.714721e-05
     6767.0675 3.687760e-05
     6767.9677 3.638671e-05
     6768.8678 3.590026e-05
     6769.7680 3.585898e-05
     6770.6681 3.625230e-05
     6771.5687 3.645817e-05
     6772.4689 3.624868e-05
     6773.3690 3.611921e-05
     6774.2692 3.639938e-05
     6775.1693 3.687437e-05
     6776.0699 3.725879e-05
     6776.9701 3.746339e-05
     6777.8702 3.748076e-05
     6778.7704 3.738081e-05
     6779.6705 3.738385e-05
     6780.5712 3.754247e-05
     6781.4713 3.759165e-05
     6782.3714 3.738627e-05
     6783.2716 3.696505e-05
     6784.1717 3.638904e-05
     6785.0724 3.583767e-05
     6785.9725 3.560021e-05
     6786.8727 3.571311e-05
     6787.7728 3.595701e-05
     6788.6729 3.629985e-05
     6789.5736 3.668129e-05
     6790.4737 3.681145e-05
     6791.3739 3.673895e-05
     6792.2740 3.678325e-05
     6793.1742 3.687042e-05
     6794.0748 3.669916e-05
     6794.9749 3.636558e-05
     6795.8751 3.627303e-05
     6796.7752 3.639120e-05
     6797.6754 3.648946e-05
     6798.5760 3.660271e-05
     6799.4761 3.669296e-05
     6800.3763 3.674713e-05
     6801.2764 3.686045e-05
     6802.1766 3.698302e-05
     6803.0772 3.705753e-05
     6803.9774 3.702224e-05
     6804.8775 3.682715e-05
     6805.7776 3.666686e-05
     6806.6778 3.670156e-05
     6807.5784 3.668273e-05
     6808.4786 3.656399e-05
     6809.3787 3.666007e-05
     6810.2789 3.680403e-05
     6811.1790 3.665749e-05
     6812.0796 3.650920e-05
     6812.9798 3.664672e-05
     6813.8799 3.684904e-05
     6814.7801 3.681569e-05
     6815.6802 3.646478e-05
     6816.5808 3.614958e-05
     6817.4810 3.633698e-05
     6818.3811 3.684366e-05
     6819.2813 3.711418e-05
     6820.1814 3.696923e-05
     6821.0821 3.659785e-05
     6821.9822 3.637836e-05
     6822.8823 3.657801e-05
     6823.7825 3.697518e-05
     6824.6826 3.721643e-05
     6825.5833 3.729079e-05
     6826.4834 3.732275e-05
     6827.3836 3.731839e-05
     6828.2837 3.710652e-05
     6829.1838 3.659993e-05
     6830.0845 3.618688e-05
     6830.9846 3.631617e-05
     6831.8848 3.679702e-05
     6832.7849 3.708247e-05
     6833.6851 3.700097e-05
     6834.5857 3.688268e-05
     6835.4858 3.701275e-05
     6836.3860 3.724245e-05
     6837.2861 3.727607e-05
     6838.1863 3.707977e-05
     6839.0869 3.681073e-05
     6839.9870 3.645473e-05
     6840.8872 3.600773e-05
     6841.7873 3.556163e-05
     6842.6875 3.514081e-05
     6843.5881 3.495824e-05
     6844.4883 3.521788e-05
     6845.3884 3.579158e-05
     6846.2885 3.641843e-05
     6847.1887 3.681929e-05
     6848.0893 3.693791e-05
     6848.9895 3.695109e-05
     6849.8896 3.690370e-05
     6850.7898 3.679822e-05
     6851.6899 3.670686e-05
     6852.5905 3.667454e-05
     6853.4907 3.674452e-05
     6854.3908 3.684503e-05
     6855.2910 3.659408e-05
     6856.1911 3.587760e-05
     6857.0917 3.538101e-05
     6857.9919 3.553886e-05
     6858.8920 3.586947e-05
     6859.7922 3.606669e-05
     6860.6923 3.623639e-05
     6861.5930 3.613626e-05
     6862.4931 3.565973e-05
     6863.3932 3.538586e-05
     6864.2934 3.581268e-05
     6865.1935 3.659015e-05
     6866.0942 3.702516e-05
     6866.9943 3.691702e-05
     6867.8945 3.649598e-05
     6868.7946 3.600946e-05
     6869.6947 3.572689e-05
     6870.5954 3.582533e-05
     6871.4955 3.612306e-05
     6872.3957 3.625884e-05
     6873.2958 3.604098e-05
     6874.1960 3.582503e-05
     6875.0966 3.600757e-05
     6875.9967 3.628046e-05
     6876.8969 3.631992e-05
     6877.7970 3.636097e-05
     6878.6972 3.661967e-05
     6879.5978 3.691248e-05
     6880.4979 3.700328e-05
     6881.3981 3.687526e-05
     6882.2982 3.651468e-05
     6883.1984 3.597151e-05
     6884.0990 3.558944e-05
     6884.9992 3.572974e-05
     6885.8993 3.619686e-05
     6886.7994 3.639805e-05
     6887.6996 3.634537e-05
     6888.6002 3.648694e-05
     6889.5004 3.681375e-05
     6890.4005 3.706716e-05
     6891.3007 3.716551e-05
     6892.2008 3.717910e-05
     6893.1014 3.718764e-05
     6894.0016 3.717328e-05
     6894.9017 3.709875e-05
     6895.8019 3.695193e-05
     6896.7020 3.677789e-05
     6897.6026 3.671592e-05
     6898.5028 3.677827e-05
     6899.4029 3.684247e-05
     6900.3031 3.683409e-05
     6901.2032 3.675737e-05
     6902.1039 3.673137e-05
     6903.0040 3.688386e-05
     6903.9041 3.710941e-05
     6904.8043 3.724699e-05
     6905.7044 3.721170e-05
     6906.6051 3.707336e-05
     6907.5052 3.702030e-05
     6908.4054 3.719809e-05
     6909.3055 3.744663e-05
     6910.2056 3.752810e-05
     6911.1063 3.743985e-05
     6912.0064 3.721305e-05
     6912.9066 3.695619e-05
     6913.8067 3.679646e-05
     6914.7069 3.655011e-05
     6915.6075 3.613872e-05
     6916.5076 3.597045e-05
     6917.4078 3.614221e-05
     6918.3079 3.628731e-05
     6919.2081 3.639239e-05
     6920.1087 3.662763e-05
     6921.0088 3.689993e-05
     6921.9090 3.714528e-05
     6922.8091 3.734853e-05
     6923.7093 3.738987e-05
     6924.6099 3.709252e-05
     6925.5101 3.645238e-05
     6926.4102 3.584784e-05
     6927.3103 3.573379e-05
     6928.2105 3.616496e-05
     6929.1111 3.673591e-05
     6930.0113 3.703434e-05
     6930.9114 3.708064e-05
     6931.8116 3.704719e-05
     6932.7117 3.696048e-05
     6933.6123 3.671792e-05
     6934.5125 3.635255e-05
     6935.4126 3.627531e-05
     6936.3128 3.662365e-05
     6937.2129 3.692043e-05
     6938.1135 3.693290e-05
     6939.0137 3.686922e-05
     6939.9138 3.690005e-05
     6940.8140 3.705394e-05
     6941.7141 3.726033e-05
     6942.6148 3.736423e-05
     6943.5149 3.724842e-05
     6944.4150 3.693221e-05
     6945.3152 3.645190e-05
     6946.2153 3.586064e-05
     6947.1160 3.564108e-05
     6948.0161 3.609450e-05
     6948.9163 3.669649e-05
     6949.8164 3.701334e-05
     6950.7165 3.713831e-05
     6951.6172 3.699154e-05
     6952.5173 3.652472e-05
     6953.4175 3.617950e-05
     6954.3176 3.615971e-05
     6955.2178 3.620888e-05
     6956.1184 3.630789e-05
     6957.0185 3.657092e-05
     6957.9187 3.690910e-05
     6958.8188 3.710100e-05
     6959.7190 3.712546e-05
     6960.6196 3.712770e-05
     6961.5197 3.712009e-05
     6962.4199 3.714697e-05
     6963.3200 3.725793e-05
     6964.2202 3.736932e-05
     6965.1208 3.743958e-05
     6966.0210 3.736256e-05
     6966.9211 3.707878e-05
     6967.8212 3.692118e-05
     6968.7214 3.717654e-05
     6969.6220 3.755442e-05
     6970.5222 3.765782e-05
     6971.4223 3.743992e-05
     6972.3225 3.710112e-05
     6973.2226 3.698472e-05
     6974.1232 3.721651e-05
     6975.0234 3.740829e-05
     6975.9235 3.721928e-05
     6976.8237 3.679686e-05
     6977.7238 3.630110e-05
     6978.6244 3.557235e-05
     6979.5246 3.457385e-05
     6980.4247 3.397703e-05
     6981.3249 3.454913e-05
     6982.2250 3.582008e-05
     6983.1257 3.677706e-05
     6984.0258 3.722125e-05
     6984.9259 3.742870e-05
     6985.8261 3.751051e-05
     6986.7262 3.749413e-05
     6987.6269 3.743802e-05
     6988.5270 3.733435e-05
     6989.4272 3.708863e-05
     6990.3273 3.675137e-05
     6991.2275 3.664120e-05
     6992.1281 3.690261e-05
     6993.0282 3.729212e-05
     6993.9284 3.750682e-05
     6994.8285 3.744536e-05
     6995.7287 3.724122e-05
     6996.6293 3.716133e-05
     6997.5294 3.725178e-05
     6998.4296 3.733769e-05
     6999.3297 3.726706e-05
     7000.2299 3.686170e-05
     7001.1305 3.625321e-05
     7002.0307 3.603693e-05
     7002.9308 3.645285e-05
     7003.8309 3.695524e-05
     7004.7311 3.693427e-05
     7005.6317 3.650548e-05
     7006.5319 3.619424e-05
     7007.4320 3.615401e-05
     7008.3322 3.628020e-05
     7009.2323 3.652188e-05
     7010.1329 3.681765e-05
     7011.0331 3.701206e-05
     7011.9332 3.694458e-05
     7012.8334 3.678474e-05
     7013.7335 3.681146e-05
     7014.6341 3.697372e-05
     7015.5343 3.692209e-05
     7016.4344 3.626814e-05
     7017.3346 3.512579e-05
     7018.2347 3.449504e-05
     7019.1354 3.518671e-05
     7020.0355 3.647433e-05
     7020.9356 3.730760e-05
     7021.8358 3.760014e-05
     7022.7359 3.756396e-05
     7023.6366 3.713454e-05
     7024.5367 3.634929e-05
     7025.4369 3.570577e-05
     7026.3370 3.565944e-05
     7027.2371 3.613259e-05
     7028.1378 3.663076e-05
     7029.0379 3.686299e-05
     7029.9381 3.693506e-05
     7030.8382 3.698512e-05
     7031.7384 3.706807e-05
     7032.6390 3.711164e-05
     7033.5391 3.702783e-05
     7034.4393 3.692143e-05
     7035.3394 3.685921e-05
     7036.2396 3.681648e-05
     7037.1402 3.691100e-05
     7038.0403 3.694839e-05
     7038.9405 3.643690e-05
     7039.8406 3.571117e-05
     7040.7408 3.581516e-05
     7041.6414 3.686478e-05
     7042.5416 3.790179e-05
     7043.4417 3.836995e-05
     7044.3418 3.837311e-05
     7045.2420 3.803722e-05
     7046.1426 3.754664e-05
     7047.0428 3.729814e-05
     7047.9429 3.750124e-05
     7048.8431 3.791713e-05
     7049.7432 3.822176e-05
     7050.6438 3.827019e-05
     7051.5440 3.808248e-05
     7052.4441 3.767801e-05
     7053.3443 3.692503e-05
     7054.2444 3.590641e-05
     7055.1451 3.517268e-05
     7056.0452 3.507266e-05
     7056.9453 3.546685e-05
     7057.8455 3.602827e-05
     7058.7456 3.642190e-05
     7059.6463 3.641054e-05
     7060.5464 3.596134e-05
     7061.4466 3.537626e-05
     7062.3467 3.512429e-05
     7063.2468 3.529576e-05
     7064.1475 3.556396e-05
     7065.0476 3.581566e-05
     7065.9478 3.606175e-05
     7066.8479 3.604333e-05
     7067.7481 3.566669e-05
     7068.6487 3.512711e-05
     7069.5488 3.459879e-05
     7070.4490 3.447292e-05
     7071.3491 3.503551e-05
     7072.2493 3.580175e-05
     7073.1499 3.615608e-05
     7074.0500 3.616863e-05
     7074.9502 3.618903e-05
     7075.8503 3.624616e-05
     7076.7505 3.623070e-05
     7077.6511 3.618197e-05
     7078.5513 3.620398e-05
     7079.4514 3.631040e-05
     7080.3515 3.640561e-05
     7081.2517 3.650698e-05
     7082.1523 3.662962e-05
     7083.0525 3.657243e-05
     7083.9526 3.614010e-05
     7084.8528 3.532021e-05
     7085.7529 3.438614e-05
     7086.6535 3.392799e-05
     7087.5537 3.408702e-05
     7088.4538 3.424665e-05
     7089.3540 3.415816e-05
     7090.2541 3.410448e-05
     7091.1547 3.405317e-05
     7092.0549 3.395164e-05
     7092.9550 3.400806e-05
     7093.8552 3.412679e-05
     7094.7553 3.413090e-05
     7095.6560 3.413292e-05
     7096.5561 3.413561e-05
     7097.4562 3.410905e-05
     7098.3564 3.413941e-05
     7099.2565 3.431493e-05
     7100.1572 3.470747e-05
     7101.0573 3.503835e-05
     7101.9575 3.508996e-05
     7102.8576 3.490983e-05
     7103.7578 3.461123e-05
     7104.6584 3.448668e-05
     7105.5585 3.474619e-05
     7106.4587 3.515388e-05
     7107.3588 3.527413e-05
     7108.2590 3.503879e-05
     7109.1596 3.481928e-05
     7110.0597 3.484972e-05
     7110.9599 3.484516e-05
     7111.8600 3.450436e-05
     7112.7602 3.408041e-05
     7113.6608 3.403445e-05
     7114.5610 3.438377e-05
     7115.4611 3.477257e-05
     7116.3612 3.499243e-05
     7117.2614 3.513730e-05
     7118.1620 3.524750e-05
     7119.0622 3.524728e-05
     7119.9623 3.519212e-05
     7120.8625 3.514388e-05
     7121.7626 3.507980e-05
     7122.6632 3.488845e-05
     7123.5634 3.455653e-05
     7124.4635 3.447975e-05
     7125.3637 3.472371e-05
     7126.2638 3.468969e-05
     7127.1644 3.429603e-05
     7128.0646 3.403599e-05
     7128.9647 3.412771e-05
     7129.8649 3.433712e-05
     7130.7650 3.424268e-05
     7131.6657 3.369037e-05
     7132.5658 3.319442e-05
     7133.4659 3.330226e-05
     7134.3661 3.385218e-05
     7135.2662 3.439612e-05
     7136.1669 3.474144e-05
     7137.0670 3.484569e-05
     7137.9672 3.490277e-05
     7138.8673 3.497978e-05
     7139.7674 3.483545e-05
     7140.6681 3.451343e-05
     7141.5682 3.446891e-05
     7142.4684 3.478690e-05
     7143.3685 3.500397e-05
     7144.2687 3.494170e-05
     7145.1693 3.487106e-05
     7146.0694 3.486784e-05
     7146.9696 3.485649e-05
     7147.8697 3.475525e-05
     7148.7699 3.425183e-05
     7149.6705 3.349557e-05
     7150.5707 3.336193e-05
     7151.4708 3.394789e-05
     7152.3709 3.450251e-05
     7153.2711 3.485588e-05
     7154.1717 3.524636e-05
     7155.0719 3.549162e-05
     7155.9720 3.531831e-05
     7156.8722 3.500590e-05
     7157.7723 3.507698e-05
     7158.6729 3.545273e-05
     7159.5731 3.554010e-05
     7160.4732 3.523591e-05
     7161.3734 3.491218e-05
     7162.2735 3.485914e-05
     7163.1741 3.510192e-05
     7164.0743 3.523237e-05
     7164.9744 3.474780e-05
     7165.8746 3.379111e-05
     7166.7747 3.322396e-05
     7167.6754 3.360033e-05
     7168.5755 3.448786e-05
     7169.4756 3.516104e-05
     7170.3758 3.535976e-05
     7171.2759 3.529475e-05
     7172.1766 3.531517e-05
     7173.0767 3.552288e-05
     7173.9769 3.576135e-05
     7174.8770 3.587279e-05
     7175.7771 3.576798e-05
     7176.6778 3.537906e-05
     7177.5779 3.490215e-05
     7178.4781 3.484029e-05
     7179.3782 3.523733e-05
     7180.2784 3.542421e-05
     7181.1790 3.494221e-05
     7182.0791 3.413190e-05
     7182.9793 3.370469e-05
     7183.8794 3.408564e-05
     7184.7796 3.494372e-05
     7185.6802 3.552360e-05
     7186.5804 3.553072e-05
     7187.4805 3.506121e-05
     7188.3806 3.419742e-05
     7189.2808 3.342507e-05
     7190.1814 3.329149e-05
     7191.0816 3.366094e-05
     7191.9817 3.421727e-05
     7192.8819 3.466415e-05
     7193.7820 3.470833e-05
     7194.6826 3.451559e-05
     7195.5828 3.453089e-05
     7196.4829 3.483565e-05
     7197.3831 3.494317e-05
     7198.2832 3.459830e-05
     7199.1838 3.437553e-05
     7200.0840 3.468389e-05
     7200.9841 3.510742e-05
     7201.8843 3.521405e-05
     7202.7844 3.495813e-05
     7203.6851 3.461565e-05
     7204.5852 3.468545e-05
     7205.4853 3.522850e-05
     7206.3855 3.563245e-05
     7207.2856 3.529799e-05
     7208.1863 3.420628e-05
     7209.0864 3.317354e-05
     7209.9866 3.304722e-05
     7210.8867 3.370698e-05
     7211.7869 3.462729e-05
     7212.6875 3.538527e-05
     7213.5876 3.556566e-05
     7214.4878 3.524746e-05
     7215.3879 3.489820e-05
     7216.2881 3.468968e-05
     7217.1887 3.461489e-05
     7218.0888 3.479554e-05
     7218.9890 3.524738e-05
     7219.8891 3.559113e-05
     7220.7893 3.552705e-05
     7221.6899 3.526823e-05
     7222.5901 3.509523e-05
     7223.4902 3.500230e-05
     7224.3903 3.489508e-05
     7225.2905 3.489920e-05
     7226.1911 3.519131e-05
     7227.0913 3.559090e-05
     7227.9914 3.583428e-05
     7228.8916 3.585343e-05
     7229.7917 3.562904e-05
     7230.6923 3.540757e-05
     7231.5925 3.553516e-05
     7232.4926 3.592845e-05
     7233.3928 3.624259e-05
     7234.2929 3.637017e-05
     7235.1935 3.642755e-05
     7236.0937 3.637540e-05
     7236.9938 3.608270e-05
     7237.8940 3.575518e-05
     7238.7941 3.568141e-05
     7239.6948 3.576294e-05
     7240.5949 3.571529e-05
     7241.4951 3.559711e-05
     7242.3952 3.572658e-05
     7243.2953 3.604925e-05
     7244.1960 3.613374e-05
     7245.0961 3.581146e-05
     7245.9963 3.532256e-05
     7246.8964 3.512179e-05
     7247.7966 3.548183e-05
     7248.6972 3.613867e-05
     7249.5973 3.657971e-05
     7250.4975 3.655974e-05
     7251.3976 3.611023e-05
     7252.2978 3.545238e-05
     7253.1984 3.504901e-05
     7254.0985 3.520993e-05
     7254.9987 3.568018e-05
     7255.8988 3.599172e-05
     7256.7990 3.611182e-05
     7257.6996 3.631824e-05
     7258.5998 3.660624e-05
     7259.4999 3.672834e-05
     7260.4000 3.658811e-05
     7261.3002 3.617188e-05
     7262.2008 3.544131e-05
     7263.1010 3.479344e-05
     7264.0011 3.492380e-05
     7264.9013 3.568566e-05
     7265.8014 3.631131e-05
     7266.7020 3.657905e-05
     7267.6022 3.671369e-05
     7268.5023 3.681822e-05
     7269.4025 3.681432e-05
     7270.3026 3.667595e-05
     7271.2033 3.647941e-05
     7272.1034 3.627718e-05
     7273.0035 3.614039e-05
     7273.9037 3.614352e-05
     7274.8038 3.624602e-05
     7275.7045 3.635847e-05
     7276.6046 3.643455e-05
     7277.5048 3.651811e-05
     7278.4049 3.658592e-05
     7279.3050 3.651589e-05
     7280.2057 3.636133e-05
     7281.1058 3.625004e-05
     7282.0060 3.609959e-05
     7282.9061 3.576100e-05
     7283.8063 3.529979e-05
     7284.7069 3.498605e-05
     7285.6070 3.496933e-05
     7286.5072 3.521445e-05
     7287.4073 3.564312e-05
     7288.3075 3.596629e-05
     7289.2081 3.581945e-05
     7290.1082 3.523772e-05
     7291.0084 3.471862e-05
     7291.9085 3.456380e-05
     7292.8087 3.450781e-05
     7293.7093 3.444201e-05
     7294.6095 3.463353e-05
     7295.5096 3.523853e-05
     7296.4098 3.603187e-05
     7297.3099 3.667759e-05
     7298.2105 3.697994e-05
     7299.1107 3.685204e-05
     7300.0108 3.649096e-05
     7300.9110 3.623982e-05
     7301.8111 3.625270e-05
     7302.7117 3.641660e-05
     7303.6119 3.655744e-05
     7304.5120 3.667276e-05
     7305.4122 3.682202e-05
     7306.3123 3.694642e-05
     7307.2130 3.676727e-05
     7308.1131 3.634439e-05
     7309.0132 3.595757e-05
     7309.9134 3.589663e-05
     7310.8135 3.616004e-05
     7311.7142 3.628470e-05
     7312.6143 3.606030e-05
     7313.5145 3.598714e-05
     7314.4146 3.635124e-05
     7315.3147 3.677654e-05
     7316.2154 3.685380e-05
     7317.1155 3.659740e-05
     7318.0157 3.629560e-05
     7318.9158 3.617674e-05
     7319.8160 3.628245e-05
     7320.7166 3.649885e-05
     7321.6167 3.659667e-05
     7322.5169 3.656211e-05
     7323.4170 3.655161e-05
     7324.3172 3.645311e-05
     7325.2178 3.617582e-05
     7326.1180 3.583224e-05
     7327.0181 3.549079e-05
     7327.9182 3.531994e-05
     7328.8184 3.575735e-05
     7329.7190 3.641761e-05
     7330.6192 3.665953e-05
     7331.5193 3.651583e-05
     7332.4195 3.637354e-05
     7333.3196 3.641877e-05
     7334.2202 3.651765e-05
     7335.1204 3.656488e-05
     7336.0205 3.666274e-05
     7336.9207 3.688661e-05
     7337.8208 3.713055e-05
     7338.7214 3.726233e-05
     7339.6216 3.727749e-05
     7340.5217 3.728016e-05
     7341.4219 3.735795e-05
     7342.3220 3.746756e-05
     7343.2227 3.744121e-05
     7344.1228 3.707092e-05
     7345.0230 3.638430e-05
     7345.9231 3.587573e-05
     7346.8232 3.602496e-05
     7347.7239 3.660210e-05
     7348.6240 3.705350e-05
     7349.5242 3.723481e-05
     7350.4243 3.718406e-05
     7351.3245 3.685169e-05
     7352.2251 3.639620e-05
     7353.1252 3.615830e-05
     7354.0254 3.624049e-05
     7354.9255 3.630239e-05
     7355.8257 3.598179e-05
     7356.7263 3.541740e-05
     7357.6264 3.483368e-05
     7358.5266 3.501013e-05
     7359.4267 3.577941e-05
     7360.3269 3.657855e-05
     7361.2275 3.692069e-05
     7362.1277 3.665003e-05
     7363.0278 3.603741e-05
     7363.9279 3.553139e-05
     7364.8281 3.541879e-05
     7365.7287 3.565318e-05
     7366.6289 3.601324e-05
     7367.5290 3.629866e-05
     7368.4292 3.651023e-05
     7369.3293 3.670370e-05
     7370.2299 3.677412e-05
     7371.1301 3.677302e-05
     7372.0302 3.690645e-05
     7372.9304 3.707531e-05
     7373.8305 3.722163e-05
     7374.7312 3.697650e-05
     7375.6313 3.682415e-05
     7376.5314 3.667146e-05
     7377.4316 3.657738e-05
     7378.3317 3.665305e-05
     7379.2324 3.689508e-05
     7380.1325 3.711262e-05
     7381.0327 3.709171e-05
     7381.9328 3.676402e-05
     7382.8329 3.626595e-05
     7383.7336 3.600379e-05
     7384.6337 3.571335e-05
     7385.5339 3.558080e-05
     7386.4340 3.522363e-05
     7387.3342 3.476887e-05
     7388.2348 3.451719e-05
     7389.1349 3.438311e-05
     7390.0351 3.413968e-05
     7390.9352 3.399194e-05
     7391.8354 3.432282e-05
     7392.7360 3.495818e-05
     7393.6362 3.530736e-05
     7394.5363 3.522948e-05
     7395.4364 3.518549e-05
     7396.3366 3.546822e-05
     7397.2372 3.580077e-05
     7398.1374 3.592033e-05
     7399.0375 3.588990e-05
     7399.9377 3.571354e-05
     7400.8378 3.538085e-05
     7401.7384 3.509361e-05
     7410.0000 3.725513e-05
     7430.0000 3.798425e-05
     7450.0000 3.802412e-05
     7470.0000 3.829638e-05
     7490.0000 3.814468e-05
     7510.0000 3.833309e-05
     7530.0000 3.862908e-05
     7550.0000 3.878838e-05
     7570.0000 3.845687e-05
     7590.0000 3.774253e-05
     7610.0000 3.721734e-05
     7630.0000 3.675459e-05
     7650.0000 3.625795e-05
     7670.0000 3.494452e-05
     7690.0000 3.565802e-05
     7710.0000 3.511010e-05
     7730.0000 3.528402e-05
     7750.0000 3.497375e-05
     7770.0000 3.547573e-05
     7790.0000 3.545862e-05
     7810.0000 3.556915e-05
     7830.0000 3.546417e-05
     7850.0000 3.523397e-05
     7870.0000 3.556308e-05
     7890.0000 3.535643e-05
     7910.0000 3.469072e-05
     7930.0000 3.466377e-05
     7950.0000 3.464713e-05
     7970.0000 3.542369e-05
     7990.0000 3.540329e-05
     8010.0000 3.582499e-05
     8030.0000 3.595252e-05
     8050.0000 3.581932e-05
     8070.0000 3.610715e-05
     8090.0000 3.582782e-05
     8110.0000 3.601831e-05
     8130.0000 3.639966e-05
     8150.0000 3.651058e-05
     8170.0000 3.651774e-05
     8190.0000 3.544668e-05
     8210.0000 3.561399e-05
     8230.0000 3.564052e-05
     8250.0000 3.573982e-05
     8270.0000 3.585186e-05
     8290.0000 3.557131e-05
     8310.0000 3.495065e-05
     8330.0000 3.462101e-05
     8350.0000 3.478683e-05
     8370.0000 3.479507e-05
     8390.0000 3.393865e-05
     8410.0000 3.472133e-05
     8430.0000 3.381589e-05
     8450.0000 3.365694e-05
     8470.0000 3.334407e-05
     8490.0000 3.356264e-05
     8510.0000 3.245577e-05
     8530.0000 3.352378e-05
     8550.0000 3.164919e-05
     8570.0000 3.398091e-05
     8590.0000 3.359252e-05
     8610.0000 3.368068e-05
     8630.0000 3.407073e-05
     8650.0000 3.407345e-05
     8670.0000 3.174420e-05
     8690.0000 3.327254e-05
     8710.0000 3.400183e-05
     8730.0000 3.407854e-05
     8750.0000 3.366451e-05
     8770.0000 3.411347e-05
     8790.0000 3.412445e-05
     8810.0000 3.361526e-05
     8830.0000 3.375973e-05
     8850.0000 3.377809e-05
     8870.0000 3.287946e-05
     8890.0000 3.329005e-05
     8910.0000 3.345274e-05
     8930.0000 3.309557e-05
     8950.0000 3.302517e-05
     8970.0000 3.310267e-05
     8990.0000 3.312945e-05
     9010.0000 3.222914e-05
     9030.0000 3.301143e-05
     9050.0000 3.347146e-05
     9070.0000 3.321738e-05
     9090.0000 3.258655e-05
     9110.0000 3.283836e-05
     9130.0000 3.310178e-05
     9150.0000 3.297392e-05
     9170.0000 3.281865e-05
     9190.0000 3.283212e-05
     9210.0000 3.220020e-05
     9230.0000 3.180368e-05
     9250.0000 3.182680e-05
     9270.0000 3.196701e-05
     9290.0000 3.177421e-05
     9310.0000 3.182980e-05
     9330.0000 3.170616e-05
     9350.0000 3.154154e-05
     9370.0000 3.118184e-05
     9390.0000 3.138379e-05
     9410.0000 3.086900e-05
     9430.0000 3.133905e-05
     9450.0000 3.097718e-05
     9470.0000 3.125447e-05
     9490.0000 3.127536e-05
     9510.0000 3.108429e-05
     9530.0000 3.108894e-05
     9550.0000 3.045862e-05
     9570.0000 3.075262e-05
     9590.0000 3.094633e-05
     9610.0000 3.060987e-05
     9630.0000 3.059939e-05
     9650.0000 3.020603e-05
     9670.0000 3.012083e-05
     9690.0000 3.032197e-05
     9710.0000 3.011798e-05
     9730.0000 2.996211e-05
     9750.0000 2.981881e-05
     9770.0000 2.985080e-05
     9790.0000 2.948600e-05
     9810.0000 2.993656e-05
     9830.0000 2.978496e-05
     9850.0000 2.982751e-05
     9870.0000 2.966032e-05
     9890.0000 2.959231e-05
     9910.0000 2.927752e-05
     9930.0000 2.935489e-05
     9950.0000 2.935854e-05
     9970.0000 2.936146e-05
     9990.0000 2.924871e-05
    10025.0000 2.900329e-05
    10075.0000 2.861932e-05
    10125.0000 2.867155e-05
    10175.0000 2.831936e-05
    10225.0000 2.824720e-05
    10275.0000 2.815078e-05
    10325.0000 2.774099e-05
    10375.0000 2.754632e-05
    10425.0000 2.747771e-05
    10475.0000 2.711736e-05
    10525.0000 2.697099e-05
    10575.0000 2.661612e-05
    10625.0000 2.645364e-05
    10675.0000 2.603183e-05
    10725.0000 2.596058e-05
    10775.0000 2.576023e-05
    10825.0000 2.538918e-05
    10875.0000 2.519434e-05
    10925.0000 2.490086e-05
    10975.0000 2.454393e-05
    11025.0000 2.440899e-05
    11075.0000 2.420438e-05
    11125.0000 2.400166e-05
    11175.0000 2.379551e-05
    11225.0000 2.376496e-05
    11275.0000 2.344488e-05
    11325.0000 2.333211e-05
    11375.0000 2.307985e-05
    11425.0000 2.283326e-05
    11475.0000 2.301342e-05
    11525.0000 2.288585e-05
    11575.0000 2.262596e-05
    11625.0000 2.228963e-05
    11675.0000 2.223528e-05
    11725.0000 2.230462e-05
    11775.0000 2.186864e-05
    11825.0000 2.174656e-05
    11875.0000 2.149931e-05
    11925.0000 2.170169e-05
    11975.0000 2.104507e-05
    12025.0000 2.127065e-05
    12075.0000 2.108079e-05
    12125.0000 2.103039e-05
    12175.0000 2.102445e-05
    12225.0000 2.085619e-05
    12275.0000 2.066738e-05
    12325.0000 2.055789e-05
    12375.0000 2.044035e-05
    12425.0000 2.023019e-05
    12475.0000 2.018201e-05
    12525.0000 1.995921e-05
    12575.0000 1.990621e-05
    12625.0000 1.977594e-05
    12675.0000 1.956184e-05
    12725.0000 1.956684e-05
    12775.0000 1.949566e-05
    12825.0000 1.887948e-05
    12875.0000 1.912736e-05
    12925.0000 1.893099e-05
    12975.0000 1.897378e-05
    13025.0000 1.879516e-05
    13075.0000 1.876194e-05
    13125.0000 1.842195e-05
    13175.0000 1.840491e-05
    13225.0000 1.837897e-05
    13275.0000 1.809012e-05
    13325.0000 1.788264e-05
    13375.0000 1.752443e-05
    13425.0000 1.748748e-05
    13475.0000 1.740025e-05
    13525.0000 1.729786e-05
    13575.0000 1.706811e-05
    13625.0000 1.698449e-05
    13675.0000 1.696935e-05
    13725.0000 1.693477e-05
    13775.0000 1.684445e-05
    13825.0000 1.679148e-05
    13875.0000 1.664263e-05
    13925.0000 1.633622e-05
    13975.0000 1.625305e-05
    14025.0000 1.606535e-05
    14075.0000 1.608703e-05
    14125.0000 1.590597e-05
    14175.0000 1.590446e-05
    14225.0000 1.572165e-05
    14275.0000 1.556555e-05
    14325.0000 1.575540e-05
    14375.0000 1.579676e-05
    14425.0000 1.550714e-05
    14475.0000 1.567929e-05
    14525.0000 1.552752e-05
    14570.0000 1.550726e-05
    14620.0000 1.520475e-05
    14675.0000 1.523459e-05
    14725.0000 1.522727e-05
    14775.0000 1.519071e-05
    14825.0000 1.523366e-05
    14875.0000 1.507798e-05
    14925.0000 1.534888e-05
    14975.0000 1.524472e-05
    15025.0000 1.494870e-05
    15075.0000 1.502690e-05
    15125.0000 1.518571e-05
    15175.0000 1.521303e-05
    15225.0000 1.522260e-05
    15275.0000 1.516905e-05
    15325.0000 1.517860e-05
    15375.0000 1.513324e-05
    15425.0000 1.502196e-05
    15475.0000 1.520533e-05
    15525.0000 1.512250e-05
    15575.0000 1.469056e-05
    15625.0000 1.493200e-05
    15675.0000 1.489122e-05
    15725.0000 1.490341e-05
    15775.0000 1.429356e-05
    15825.0000 1.448194e-05
    15875.0000 1.440760e-05
    15925.0000 1.467157e-05
    15975.0000 1.445907e-05
    16050.0000 1.448548e-05
    16150.0000 1.454483e-05
    16250.0000 1.417726e-05
    16350.0000 1.435112e-05
    16450.0000 1.385120e-05
    16550.0000 1.402709e-05
    16650.0000 1.368415e-05
    16750.0000 1.348269e-05
    16850.0000 1.321806e-05
    16950.0000 1.323473e-05
    17050.0000 1.291179e-05
    17150.0000 1.270381e-05
    17250.0000 1.240056e-05
    17350.0000 1.202913e-05
    17450.0000 1.190823e-05
    17550.0000 1.159695e-05
    17650.0000 1.145999e-05
    17750.0000 1.111836e-05
    17850.0000 1.090631e-05
    17950.0000 1.075499e-05
    18050.0000 1.050684e-05
    18150.0000 1.030004e-05
    18250.0000 1.017680e-05
    18350.0000 1.002690e-05
    18450.0000 9.819644e-06
    18550.0000 9.711557e-06
    18650.0000 9.496700e-06
    18750.0000 9.245463e-06
    18850.0000 9.217172e-06
    18950.0000 8.948257e-06
    19050.0000 8.932939e-06
    19150.0000 8.759697e-06
    19250.0000 8.618981e-06
    19350.0000 8.412248e-06
    19450.0000 8.205460e-06
    19550.0000 8.095712e-06
    19650.0000 7.978378e-06
    19750.0000 7.775700e-06
    19850.0000 7.705344e-06
    19950.0000 7.596100e-06
    20050.0000 7.535175e-06
    20150.0000 7.439282e-06
    20250.0000 7.295250e-06
    20350.0000 7.174678e-06
    20450.0000 7.123611e-06
    20550.0000 7.010356e-06
    20650.0000 6.916340e-06
    20750.0000 6.850269e-06
    20850.0000 6.765723e-06
    20950.0000 6.653980e-06
    21050.0000 6.612095e-06
    21150.0000 6.515586e-06
    21250.0000 6.433223e-06
    21350.0000 6.356038e-06
    21450.0000 6.270072e-06
    21550.0000 6.174774e-06
    21650.0000 6.053832e-06
    21750.0000 5.976076e-06
    21850.0000 5.893129e-06
    21950.0000 5.830402e-06
    22050.0000 5.679331e-06
    22150.0000 5.669796e-06
    22250.0000 5.549750e-06
    22350.0000 5.473088e-06
    22450.0000 5.390402e-06
    22550.0000 5.322136e-06
    22650.0000 5.203700e-06
    22750.0000 5.171275e-06
    22850.0000 5.072221e-06
    22950.0000 4.326681e-06
    23050.0000 4.589810e-06
    23150.0000 4.562363e-06
    23250.0000 3.981415e-06
    23350.0000 4.247915e-06
    23450.0000 4.080969e-06
    23550.0000 3.705943e-06
    23650.0000 3.947133e-06
    23750.0000 3.802467e-06
    23850.0000 3.522122e-06
    23950.0000 3.704003e-06
    24050.0000 3.637449e-06
    24150.0000 3.386959e-06
    24250.0000 3.495237e-06
    24350.0000 3.409724e-06
    24450.0000 3.287321e-06
    24550.0000 3.281942e-06
    24650.0000 3.305108e-06
    24750.0000 3.199275e-06
    24850.0000 2.958990e-06
    24950.0000 2.891395e-06
    25050.0000 2.943766e-06
    25150.0000 2.844891e-06
    25250.0000 2.895136e-06
    25350.0000 2.919028e-06
    25450.0000 2.886884e-06
    25550.0000 2.885415e-06
    25650.0000 2.912115e-06
    25750.0000 2.933261e-06
    25850.0000 2.857592e-06
    25950.0000 2.909799e-06
    26050.0000 2.903621e-06
    26150.0000 2.860450e-06
    26250.0000 2.758040e-06
    26350.0000 2.775118e-06
    26450.0000 2.735141e-06
    26550.0000 2.689625e-06
    26650.0000 2.663904e-06
    26750.0000 2.684555e-06
    26850.0000 2.661016e-06
    26950.0000 2.617797e-06
    27050.0000 2.617171e-06
    27150.0000 2.578844e-06
    27250.0000 2.561127e-06
    27350.0000 2.523956e-06
    27450.0000 2.508215e-06
    27550.0000 2.484274e-06
    27650.0000 2.458766e-06
    27750.0000 2.423893e-06
    27850.0000 2.400344e-06
    27950.0000 2.386287e-06
    28050.0000 2.342091e-06
    28150.0000 2.326661e-06
    28250.0000 2.316457e-06
    28350.0000 2.303846e-06
    28450.0000 2.280908e-06
    28550.0000 2.243107e-06
    28650.0000 2.215388e-06
    28750.0000 2.210859e-06
    28850.0000 2.178148e-06
    28950.0000 2.162631e-06
    29050.0000 2.135982e-06
    29150.0000 2.125148e-06
    29250.0000 2.087582e-06
    29350.0000 2.068908e-06
    29450.0000 2.022428e-06
    29550.0000 2.018161e-06
    29650.0000 1.982702e-06
    29750.0000 1.970505e-06
    29850.0000 1.958089e-06
    29950.0000 1.936570e-06
    30050.0000 1.913052e-06
    30150.0000 1.894864e-06
    30250.0000 1.873298e-06
    30350.0000 1.846878e-06
    30450.0000 1.834004e-06
    30550.0000 1.815352e-06
    30650.0000 1.795909e-06
    30750.0000 1.779277e-06
    30850.0000 1.758012e-06
    30950.0000 1.740415e-06
    31050.0000 1.724611e-06
    31150.0000 1.700646e-06
    31250.0000 1.687479e-06
    31350.0000 1.670529e-06
    31450.0000 1.653036e-06
    31550.0000 1.633795e-06
    31650.0000 1.617164e-06
    31750.0000 1.602034e-06
    31850.0000 1.585401e-06
    31950.0000 1.569272e-06
    32100.0000 1.543760e-06
    32300.0000 1.512782e-06
    32500.0000 1.481729e-06
    32700.0000 1.450939e-06
    32900.0000 1.417828e-06
    33100.0000 1.391253e-06
    33300.0000 1.361828e-06
    33500.0000 1.335652e-06
    33700.0000 1.307513e-06
    33900.0000 1.279428e-06
    34100.0000 1.252295e-06
    34300.0000 1.228513e-06
    34500.0000 1.204105e-06
    34700.0000 1.179032e-06
    34900.0000 1.155271e-06
    35100.0000 1.132327e-06
    35300.0000 1.108113e-06
    35500.0000 1.086711e-06
    35700.0000 1.064330e-06
    35900.0000 1.043253e-06
    36100.0000 1.023858e-06
    36300.0000 1.003713e-06
    36500.0000 9.827368e-07
    36700.0000 9.632559e-07
    36900.0000 9.425936e-07
    37100.0000 9.239007e-07
    37300.0000 9.076450e-07
    37500.0000 8.870453e-07
    37700.0000 8.735290e-07
    37900.0000 8.568540e-07
    38100.0000 8.413050e-07
    38300.0000 8.262211e-07
    38500.0000 8.111111e-07
    38700.0000 7.946643e-07
    38900.0000 7.802246e-07
    39100.0000 7.662561e-07
    39300.0000 7.523874e-07
    39500.0000 7.370247e-07
    39700.0000 7.237937e-07
    39900.0000 7.083040e-07
    40100.0000 6.964930e-07
    40300.0000 6.842515e-07
    40500.0000 6.696783e-07
    40700.0000 6.582962e-07
    40900.0000 6.461963e-07
    41100.0000 6.342278e-07
    41300.0000 6.225507e-07
    41500.0000 6.101410e-07
    41700.0000 5.981370e-07
    41900.0000 5.862964e-07
    42100.0000 5.740801e-07
    42300.0000 5.644457e-07
    42500.0000 5.524270e-07
    42700.0000 5.420229e-07
    42900.0000 5.203388e-07
    43100.0000 4.995840e-07
    43300.0000 4.950785e-07
    43500.0000 4.748481e-07
    43700.0000 4.627141e-07
    43900.0000 4.529527e-07
    44100.0000 4.368403e-07
    44300.0000 4.281052e-07
    44500.0000 4.196316e-07
    44700.0000 4.070783e-07
    44900.0000 4.025933e-07
    45100.0000 3.940076e-07
    45300.0000 3.845822e-07
    45500.0000 3.801821e-07
    45700.0000 3.742981e-07
    45900.0000 3.631658e-07
    46100.0000 3.614524e-07
    46300.0000 3.549373e-07
    46500.0000 3.498371e-07
    46700.0000 3.468407e-07
    46900.0000 3.408911e-07
    47100.0000 3.352518e-07
    47300.0000 3.335966e-07
    47500.0000 3.266778e-07
    47700.0000 3.230020e-07
    47900.0000 3.190801e-07
    48100.0000 3.122937e-07
    48300.0000 3.119804e-07
    48500.0000 3.059919e-07
    48700.0000 3.008514e-07
    48900.0000 2.968333e-07
    49100.0000 2.924327e-07
    49300.0000 2.892088e-07
    49500.0000 2.845459e-07
    49700.0000 2.822414e-07
    49900.0000 2.773706e-07
    50100.0000 2.740034e-07
    50300.0000 2.703319e-07
    50500.0000 2.655250e-07
    50700.0000 2.624634e-07
    50900.0000 2.591884e-07
    51100.0000 2.549746e-07
    51300.0000 2.522578e-07
    51500.0000 2.485646e-07
    51700.0000 2.465484e-07
    51900.0000 2.425280e-07
    52100.0000 2.397649e-07
    52300.0000 2.361770e-07
    52500.0000 2.339700e-07
    52700.0000 2.322488e-07
    52900.0000 2.277898e-07
    53100.0000 2.250765e-07
    53300.0000 2.228446e-07
    53500.0000 2.201986e-07
    53700.0000 2.177216e-07
    53900.0000 2.152578e-07
    54100.0000 2.126600e-07
    54300.0000 2.093156e-07
    54500.0000 2.075606e-07
    54700.0000 2.045780e-07
    54900.0000 2.021956e-07
    55100.0000 1.996351e-07
    55300.0000 1.986506e-07
    55500.0000 1.947656e-07
    55700.0000 1.935686e-07
    55900.0000 1.909209e-07
    56100.0000 1.890880e-07
    56300.0000 1.860410e-07
    56500.0000 1.845765e-07
    56700.0000 1.823905e-07
    56900.0000 1.796786e-07
    57100.0000 1.783489e-07
    57300.0000 1.762094e-07
    57500.0000 1.741990e-07
    57700.0000 1.720039e-07
    57900.0000 1.706819e-07
    58100.0000 1.681530e-07
    58300.0000 1.665320e-07
    58500.0000 1.647036e-07
    58700.0000 1.624801e-07
    58900.0000 1.607154e-07
    59100.0000 1.589092e-07
    59300.0000 1.572823e-07
    59500.0000 1.552787e-07
    59700.0000 1.537898e-07
    59900.0000 1.520314e-07
    60100.0000 1.502999e-07
    60300.0000 1.485836e-07
    60500.0000 1.466728e-07
    60700.0000 1.450320e-07
    60900.0000 1.433731e-07
    61100.0000 1.416103e-07
    61300.0000 1.401618e-07
    61500.0000 1.386309e-07
    61700.0000 1.371719e-07
    61900.0000 1.355933e-07
    62100.0000 1.341079e-07
    62300.0000 1.323985e-07
    62500.0000 1.307635e-07
    62700.0000 1.292879e-07
    62900.0000 1.278531e-07
    63100.0000 1.263187e-07
    63300.0000 1.250426e-07
    63500.0000 1.234904e-07
    63700.0000 1.222102e-07
    63900.0000 1.206194e-07
    64200.0000 1.185957e-07
    64600.0000 1.158209e-07
    65000.0000 1.131848e-07
    65400.0000 1.106053e-07
    65800.0000 1.081572e-07
    66200.0000 1.056753e-07
    66600.0000 1.033315e-07
    67000.0000 1.010566e-07
    67400.0000 9.880281e-08
    67800.0000 9.667427e-08
    68200.0000 9.458732e-08
    68600.0000 9.259897e-08
    69000.0000 9.062142e-08
    69400.0000 8.872414e-08
    69800.0000 8.688645e-08
    70200.0000 8.505688e-08
    70600.0000 8.333495e-08
    71000.0000 8.162190e-08
    71400.0000 7.996472e-08
    71800.0000 7.833197e-08
    72200.0000 7.675285e-08
    72600.0000 7.519236e-08
    73000.0000 7.369014e-08
    73400.0000 7.220240e-08
    73800.0000 7.077285e-08
    74200.0000 6.934332e-08
    74600.0000 6.793600e-08
    75000.0000 6.657549e-08
    75400.0000 6.525992e-08
    75800.0000 6.405472e-08
    76200.0000 6.279118e-08
    76600.0000 6.159459e-08
    77000.0000 6.041763e-08
    77400.0000 5.928549e-08
    77800.0000 5.824861e-08
    78200.0000 5.718642e-08
    78600.0000 5.612693e-08
    79000.0000 5.508779e-08
    79400.0000 5.407512e-08
    79800.0000 5.308716e-08
    80200.0000 5.211669e-08
    80600.0000 5.115395e-08
    81000.0000 5.031171e-08
    81400.0000 4.941445e-08
    81800.0000 4.855105e-08
    82200.0000 4.770072e-08
    82600.0000 4.691647e-08
    83000.0000 4.610943e-08
    83400.0000 4.529049e-08
    83800.0000 4.448360e-08
    84200.0000 4.372571e-08
    84600.0000 4.297856e-08
    85000.0000 4.224947e-08
    85400.0000 4.166218e-08
    85800.0000 4.099259e-08
    86200.0000 4.034257e-08
    86600.0000 3.970412e-08
    87000.0000 3.913999e-08
    87400.0000 3.854044e-08
    87800.0000 3.799897e-08
    88200.0000 3.742568e-08
    88600.0000 3.684492e-08
    89000.0000 3.636334e-08
    89400.0000 3.580644e-08
    89800.0000 3.531123e-08
    90200.0000 3.478771e-08
    90600.0000 3.432855e-08
    91000.0000 3.383062e-08
    91400.0000 3.336205e-08
    91800.0000 3.288464e-08
    92200.0000 3.247666e-08
    92600.0000 3.206510e-08
    93000.0000 3.157956e-08
    93400.0000 3.114932e-08
    93800.0000 3.072808e-08
    94200.0000 3.026903e-08
    94600.0000 2.989828e-08
    95000.0000 2.945562e-08
    95400.0000 2.905401e-08
    95800.0000 2.866120e-08
    96200.0000 2.824026e-08
    96600.0000 2.787475e-08
    97000.0000 2.749856e-08
    97400.0000 2.710275e-08
    97800.0000 2.677526e-08
    98200.0000 2.639184e-08
    98600.0000 2.604665e-08
    99000.0000 2.569533e-08
    99400.0000 2.532848e-08
    99800.0000 2.501254e-08
   100000.0000 2.474835e-08
   100900.0000 2.403022e-08
   101900.0000 2.318741e-08
   102800.0000 2.247042e-08
   103800.0000 2.169937e-08
   104700.0000 2.103468e-08
   105700.0000 2.030300e-08
   106700.0000 1.960256e-08
   107600.0000 1.899648e-08
   108600.0000 1.834208e-08
   109600.0000 1.771540e-08
   110700.0000 1.705878e-08
   111700.0000 1.648263e-08
   112700.0000 1.593641e-08
   113800.0000 1.532696e-08
   114800.0000 1.479758e-08
   115900.0000 1.423300e-08
   116900.0000 1.373360e-08
   118000.0000 1.319067e-08
   119100.0000 1.265524e-08
