# FSPS 0.4.7 SSP; isochrones/spectra ('mist', 'miles'); imf_type 2; logzsol -0.25; tage 12.0 Gyr; sfh 0; no nebular; rest wavelength [A] VACUUM as shipped by FSPS; f_lambda [L_sun/A], arbitrary normalization
      905.0000 1.729628e-07
      915.0000 2.733757e-07
      925.0000 2.632434e-07
      935.0000 3.549994e-07
      945.0000 3.475318e-07
      955.0000 3.643934e-07
      965.0000 3.637430e-07
      975.0000 2.808215e-07
      985.0000 2.885801e-07
      995.0000 3.264962e-07
     1005.0000 3.293573e-07
     1015.0000 3.215922e-07
     1025.0000 2.211386e-07
     1035.0000 2.998446e-07
     1045.0000 3.376639e-07
     1055.0000 3.291444e-07
     1065.0000 3.104485e-07
     1075.0000 2.982610e-07
     1085.0000 2.026601e-07
     1095.0000 2.988054e-07
     1105.0000 2.852880e-07
     1115.0000 2.578509e-07
     1125.0000 2.260734e-07
     1135.0000 2.714761e-07
     1145.0000 2.615167e-07
     1155.0000 2.203127e-07
     1165.0000 2.179173e-07
     1175.0000 2.063476e-07
     1185.0000 2.370123e-07
     1195.0000 2.186278e-07
     1205.0000 2.023269e-07
     1215.0000 1.392355e-07
     1225.0000 2.015265e-07
     1235.0000 1.957810e-07
     1245.0000 2.072844e-07
     1255.0000 1.930783e-07
     1265.0000 2.013843e-07
     1275.0000 2.021588e-07
     1285.0000 1.840007e-07
     1295.0000 1.757499e-07
     1305.0000 1.829272e-07
     1315.0000 1.745325e-07
     1325.0000 1.699307e-07
     1335.0000 1.743713e-07
     1345.0000 1.556123e-07
     1355.0000 1.687227e-07
     1365.0000 1.591951e-07
     1375.0000 1.537797e-07
     1385.0000 1.452757e-07
     1395.0000 1.394087e-07
     1405.0000 1.530706e-07
     1415.0000 1.396933e-07
     1425.0000 1.310630e-07
     1435.0000 1.377483e-07
     1442.0000 1.374740e-07
     1447.0000 1.347088e-07
     1455.0000 1.333861e-07
     1465.0000 1.239419e-07
     1475.0000 1.285215e-07
     1485.0000 1.233288e-07
     1495.0000 1.239262e-07
     1505.0000 1.182409e-07
     1512.0000 1.120732e-07
     1517.0000 1.137783e-07
     1525.0000 1.078920e-07
     1535.0000 1.066117e-07
     1545.0000 8.510268e-08
     1555.0000 1.070182e-07
     1565.0000 8.845224e-08
     1575.0000 1.003233e-07
     1585.0000 8.929086e-08
     1595.0000 1.010727e-07
     1605.0000 1.000449e-07
     1615.0000 9.773292e-08
     1625.0000 9.561328e-08
     1635.0000 9.536603e-08
     1645.0000 9.355231e-08
     1655.0000 9.286844e-08
     1665.0000 9.274144e-08
     1672.0000 9.007002e-08
     1677.0000 9.142612e-08
     1685.0000 9.103733e-08
     1695.0000 8.876519e-08
     1705.0000 8.659526e-08
     1715.0000 8.492749e-08
     1725.0000 8.386276e-08
     1735.0000 8.442252e-08
     1745.0000 8.346217e-08
     1755.0000 8.448566e-08
     1765.0000 8.144354e-08
     1775.0000 8.071283e-08
     1785.0000 8.195661e-08
     1795.0000 8.426747e-08
     1805.0000 8.387234e-08
     1815.0000 7.964084e-08
     1825.0000 8.140165e-08
     1835.0000 8.061274e-08
     1845.0000 7.341207e-08
     1855.0000 7.862865e-08
     1865.0000 8.265010e-08
     1875.0000 8.333546e-08
     1885.0000 8.190133e-08
     1895.0000 8.666525e-08
     1905.0000 8.561893e-08
     1915.0000 8.718386e-08
     1925.0000 8.160857e-08
     1935.0000 7.107071e-08
     1945.0000 9.194175e-08
     1955.0000 9.141217e-08
     1967.0000 1.042114e-07
     1976.0000 9.717936e-08
     1984.0000 1.070098e-07
     1995.0000 1.111974e-07
     2005.0000 1.069050e-07
     2015.0000 1.122467e-07
     2025.0000 9.570572e-08
     2035.0000 1.200429e-07
     2045.0000 1.336046e-07
     2055.0000 1.300254e-07
     2065.0000 1.272144e-07
     2074.0000 1.405248e-07
     2078.0000 2.803833e-07
     2085.0000 3.511853e-07
     2095.0000 3.226762e-07
     2105.0000 3.122660e-07
     2115.0000 3.698921e-07
     2125.0000 3.173173e-07
     2135.0000 3.116697e-07
     2145.0000 4.097551e-07
     2155.0000 3.964831e-07
     2165.0000 3.337766e-07
     2175.0000 3.387083e-07
     2185.0000 4.618099e-07
     2195.0000 4.508831e-07
     2205.0000 4.410978e-07
     2215.0000 3.272663e-07
     2225.0000 4.167020e-07
     2235.0000 5.757079e-07
     2245.0000 5.474503e-07
     2255.0000 3.921255e-07
     2265.0000 3.471945e-07
     2275.0000 3.758334e-07
     2285.0000 5.638670e-07
     2295.0000 4.469220e-07
     2305.0000 5.744934e-07
     2315.0000 4.747774e-07
     2325.0000 3.975676e-07
     2335.0000 3.325028e-07
     2345.0000 2.099917e-07
     2355.0000 4.536714e-07
     2365.0000 2.398966e-07
     2375.0000 3.291911e-07
     2385.0000 1.794264e-07
     2395.0000 2.341789e-07
     2405.0000 2.393069e-07
     2415.0000 2.945467e-07
     2425.0000 5.750372e-07
     2435.0000 5.803349e-07
     2445.0000 7.181209e-07
     2455.0000 7.710376e-07
     2465.0000 6.305344e-07
     2475.0000 5.320503e-07
     2485.0000 2.465356e-07
     2495.0000 3.643711e-07
     2505.0000 6.177836e-07
     2513.0000 2.217620e-07
     2518.0000 1.564334e-07
     2525.0000 1.865703e-07
     2535.0000 4.079306e-07
     2545.0000 4.315022e-07
     2555.0000 9.270887e-07
     2565.0000 6.413755e-07
     2575.0000 8.707871e-07
     2585.0000 7.439333e-07
     2595.0000 6.506112e-07
     2605.0000 5.358522e-07
     2615.0000 4.718324e-07
     2625.0000 6.892316e-07
     2635.0000 1.386751e-06
     2645.0000 1.915617e-06
     2655.0000 2.825209e-06
     2665.0000 1.734327e-06
     2675.0000 1.970931e-06
     2685.0000 2.362893e-06
     2695.0000 1.592343e-06
     2705.0000 2.044823e-06
     2715.0000 1.383472e-06
     2725.0000 9.894983e-07
     2735.0000 1.364242e-06
     2745.0000 7.204798e-07
     2755.0000 1.076554e-06
     2765.0000 1.497033e-06
     2775.0000 1.577661e-06
     2785.0000 8.342160e-07
     2795.0000 3.316051e-07
     2805.0000 4.130261e-07
     2815.0000 1.321969e-06
     2825.0000 2.032298e-06
     2835.0000 1.829258e-06
     2845.0000 1.133929e-06
     2855.0000 5.452651e-07
     2865.0000 1.723169e-06
     2875.0000 2.618636e-06
     2885.0000 2.381473e-06
     2895.0000 3.101021e-06
     2910.0000 4.346370e-06
     2930.0000 3.731443e-06
     2950.0000 3.365237e-06
     2970.0000 3.456086e-06
     2990.0000 3.524787e-06
     3010.0000 3.465568e-06
     3030.0000 3.800758e-06
     3050.0000 4.017383e-06
     3070.0000 4.440078e-06
     3090.0000 4.225837e-06
     3110.0000 5.086885e-06
     3130.0000 4.607748e-06
     3150.0000 4.582237e-06
     3170.0000 5.161988e-06
     3190.0000 4.456711e-06
     3210.0000 4.950168e-06
     3230.0000 4.167676e-06
     3250.0000 6.103335e-06
     3270.0000 7.241089e-06
     3290.0000 7.095349e-06
     3310.0000 6.494470e-06
     3330.0000 6.717260e-06
     3350.0000 6.421227e-06
     3370.0000 4.534810e-06
     3390.0000 5.338922e-06
     3410.0000 5.525738e-06
     3430.0000 6.014612e-06
     3450.0000 6.253190e-06
     3470.0000 6.548314e-06
     3490.0000 7.464523e-06
     3510.0000 8.034011e-06
     3530.0000 7.159825e-06
     3550.0000 8.381470e-06
     3570.0000 5.589628e-06
     3590.0000 5.694166e-06
     3601.8274 9.302305e-06
     3602.7275 8.294167e-06
     3603.6279 7.218645e-06
     3604.5280 6.690045e-06
     3605.4282 6.365977e-06
     3606.3286 6.189411e-06
     3607.2287 6.434895e-06
     3608.1291 6.512746e-06
     3609.0292 5.749116e-06
     3609.9293 4.880558e-06
     3610.8297 4.985102e-06
     3611.7299 5.956905e-06
     3612.6302 6.857664e-06
     3613.5304 7.129079e-06
     3614.4305 6.917795e-06
     3615.3309 7.411739e-06
     3616.2310 8.160986e-06
     3617.1314 8.206863e-06
     3618.0315 7.221264e-06
     3618.9317 5.394384e-06
     3619.8320 4.327100e-06
     3620.7322 4.768245e-06
     3621.6326 5.985012e-06
     3622.5327 7.167246e-06
     3623.4328 7.969222e-06
     3624.3332 7.926675e-06
     3625.2333 7.726770e-06
     3626.1337 8.384190e-06
     3627.0339 9.488895e-06
     3627.9340 1.024112e-05
     3628.8344 1.032333e-05
     3629.7345 9.418340e-06
     3630.6349 8.031876e-06
     3631.5350 6.097196e-06
     3632.4351 4.949128e-06
     3633.3355 5.375379e-06
     3634.2357 6.227035e-06
     3635.1360 6.514469e-06
     3636.0362 6.676761e-06
     3636.9363 7.112340e-06
     3637.8367 7.608824e-06
     3638.7368 8.090362e-06
     3639.6372 8.642110e-06
     3640.5373 9.143972e-06
     3641.4375 9.224114e-06
     3642.3379 8.888165e-06
     3643.2380 8.533164e-06
     3644.1384 8.157087e-06
     3645.0385 7.292033e-06
     3645.9386 6.852102e-06
     3646.8390 6.735793e-06
     3647.7391 6.417979e-06
     3648.6395 5.842738e-06
     3649.5397 5.814322e-06
     3650.4398 6.392579e-06
     3651.3402 7.113418e-06
     3652.2403 7.852575e-06
     3653.1407 8.659150e-06
     3654.0408 9.061892e-06
     3654.9410 9.163737e-06
     3655.8413 9.143304e-06
     3656.7415 9.302241e-06
     3657.6419 9.720389e-06
     3658.5420 1.016968e-05
     3659.4421 1.045143e-05
     3660.3425 1.042285e-05
     3661.2426 1.017390e-05
     3662.1430 1.002621e-05
     3663.0432 9.789151e-06
     3663.9433 9.329093e-06
     3664.8437 9.025545e-06
     3665.7438 9.377060e-06
     3666.6442 9.902266e-06
     3667.5443 9.860579e-06
     3668.4445 9.485450e-06
     3669.3448 8.865098e-06
     3670.2450 8.146058e-06
     3671.1453 8.208818e-06
     3672.0455 9.318204e-06
     3672.9456 1.043683e-05
     3673.8460 1.002593e-05
     3674.7461 9.648255e-06
     3675.6465 9.981404e-06
     3676.5466 1.009759e-05
     3677.4468 9.299514e-06
     3678.3472 8.423260e-06
     3679.2473 8.040628e-06
     3680.1477 7.697249e-06
     3681.0478 7.278955e-06
     3681.9479 7.728968e-06
     3682.8483 8.475039e-06
     3683.7485 8.751750e-06
     3684.6488 8.941903e-06
     3685.5490 8.896322e-06
     3686.4491 8.307306e-06
     3687.3495 7.338422e-06
     3688.2496 6.806873e-06
     3689.1500 6.905324e-06
     3690.0501 7.853566e-06
     3690.9503 9.166733e-06
     3691.8507 1.038337e-05
     3692.7508 1.092268e-05
     3693.6512 1.020582e-05
     3694.5513 9.119422e-06
     3695.4514 8.842815e-06
     3696.3518 9.111797e-06
     3697.2520 9.265095e-06
     3698.1523 9.492739e-06
     3699.0525 1.012944e-05
     3699.9526 1.092558e-05
     3700.8530 1.128186e-05
     3701.7531 1.096213e-05
     3702.6535 1.050381e-05
     3703.5536 9.819134e-06
     3704.4538 8.560011e-06
     3705.3541 7.141165e-06
     3706.2543 6.305307e-06
     3707.1547 6.382117e-06
     3708.0548 6.752978e-06
     3708.9549 6.705891e-06
     3709.8553 6.605031e-06
     3710.7554 7.218013e-06
     3711.6558 8.485662e-06
     3712.5560 9.850840e-06
     3713.4561 1.098017e-05
     3714.3565 1.172643e-05
     3715.2566 1.210453e-05
     3716.1570 1.154382e-05
     3717.0571 1.062904e-05
     3717.9573 1.003492e-05
     3718.8576 9.022164e-06
     3719.7578 7.051383e-06
     3720.6582 5.233352e-06
     3721.5583 4.481093e-06
     3722.4584 4.640048e-06
     3723.3588 5.476356e-06
     3724.2589 6.881139e-06
     3725.1593 8.368820e-06
     3726.0595 9.563436e-06
     3726.9596 9.718066e-06
     3727.8600 8.313863e-06
     3728.7601 7.537834e-06
     3729.6605 8.369727e-06
     3730.5606 9.162474e-06
     3731.4608 8.745381e-06
     3732.3611 7.923245e-06
     3733.2613 6.935495e-06
     3734.1617 5.512232e-06
     3735.0618 4.288467e-06
     3735.9619 3.826539e-06
     3736.8623 3.992409e-06
     3737.7624 4.417816e-06
     3738.6628 5.310559e-06
     3739.5630 6.686819e-06
     3740.4631 8.126490e-06
     3741.3635 9.527947e-06
     3742.2636 9.372665e-06
     3743.1640 8.412399e-06
     3744.0641 7.267348e-06
     3744.9643 6.494254e-06
     3745.8646 5.768456e-06
     3746.7648 5.287551e-06
     3747.6652 5.320277e-06
     3748.5653 5.103762e-06
     3749.4654 4.249776e-06
     3750.3658 3.943316e-06
     3751.2659 5.043938e-06
     3752.1663 6.866145e-06
     3753.0665 8.157103e-06
     3753.9666 8.779333e-06
     3754.8670 9.627519e-06
     3755.7671 1.072558e-05
     3756.6675 1.099842e-05
     3757.5676 9.541854e-06
     3758.4678 7.111724e-06
     3759.3681 5.665913e-06
     3760.2683 6.060270e-06
     3761.1687 7.291182e-06
     3762.0688 8.011078e-06
     3762.9689 8.096782e-06
     3763.8693 7.659472e-06
     3764.7694 7.311550e-06
     3765.6698 7.776522e-06
     3766.5700 8.190851e-06
     3767.4701 7.631108e-06
     3768.3705 7.212727e-06
     3769.2706 8.071132e-06
     3770.1710 9.154420e-06
     3771.0711 9.080099e-06
     3771.9713 9.014364e-06
     3772.8716 9.861158e-06
     3773.7718 1.094398e-05
     3774.6722 1.111727e-05
     3775.5723 1.067366e-05
     3776.4724 1.018646e-05
     3777.3728 1.001507e-05
     3778.2729 1.010177e-05
     3779.1733 1.015120e-05
     3780.0735 1.048313e-05
     3780.9736 1.110056e-05
     3781.8740 1.142874e-05
     3782.7741 1.130649e-05
     3783.6745 1.120007e-05
     3784.5746 1.151957e-05
     3785.4748 1.159736e-05
     3786.3751 1.046051e-05
     3787.2753 8.819048e-06
     3788.1757 8.042401e-06
     3789.0758 7.862651e-06
     3789.9759 7.644269e-06
     3790.8763 7.784303e-06
     3791.7765 8.482672e-06
     3792.6768 8.989377e-06
     3793.5770 8.751854e-06
     3794.4771 8.051586e-06
     3795.3775 7.458436e-06
     3796.2776 7.312185e-06
     3797.1780 7.470921e-06
     3798.0781 7.118556e-06
     3798.9783 6.338186e-06
     3799.8787 6.151976e-06
     3800.7788 7.133452e-06
     3801.6792 8.518256e-06
     3802.5793 9.388254e-06
     3803.4794 1.012667e-05
     3804.3798 1.076417e-05
     3805.2800 1.086843e-05
     3806.1803 1.047216e-05
     3807.0805 9.673285e-06
     3807.9806 8.875682e-06
     3808.8810 8.904284e-06
     3809.7811 9.697789e-06
     3810.6815 1.043274e-05
     3811.5816 1.069279e-05
     3812.4818 1.044239e-05
     3813.3822 9.596002e-06
     3814.2823 8.304706e-06
     3815.1827 7.354502e-06
     3816.0828 6.619441e-06
     3816.9830 6.389146e-06
     3817.8833 7.171057e-06
     3818.7835 8.062567e-06
     3819.6838 7.664750e-06
     3820.5840 6.176990e-06
     3821.4841 5.209653e-06
     3822.3845 5.784291e-06
     3823.2846 7.011732e-06
     3824.1850 7.235792e-06
     3825.0852 6.204898e-06
     3825.9853 5.099514e-06
     3826.8857 4.711402e-06
     3827.7858 4.907769e-06
     3828.6862 5.182670e-06
     3829.5863 5.401320e-06
     3830.4865 5.774035e-06
     3831.3868 6.124456e-06
     3832.2870 5.852880e-06
     3833.1874 4.993230e-06
     3834.0875 4.458537e-06
     3834.9876 4.511455e-06
     3835.8880 5.064026e-06
     3836.7881 5.792032e-06
     3837.6885 6.003939e-06
     3838.5887 5.480390e-06
     3839.4888 4.839149e-06
     3840.3892 4.697766e-06
     3841.2893 4.919936e-06
     3842.1897 5.716020e-06
     3843.0898 7.091886e-06
     3843.9900 8.220260e-06
     3844.8904 8.680530e-06
     3845.7905 8.691618e-06
     3846.6909 8.597144e-06
     3847.5910 8.754110e-06
     3848.4911 9.092540e-06
     3849.3915 8.908911e-06
     3850.2917 7.918775e-06
     3851.1920 7.286423e-06
     3852.0922 7.781929e-06
     3852.9923 8.588326e-06
     3853.8927 8.702126e-06
     3854.7928 8.286327e-06
     3855.6932 7.799459e-06
     3856.5933 7.310902e-06
     3857.4935 7.053723e-06
     3858.3939 6.993871e-06
     3859.2940 6.395443e-06
     3860.1944 5.413143e-06
     3861.0945 5.119553e-06
     3861.9947 6.045877e-06
     3862.8950 7.664623e-06
     3863.7952 8.948312e-06
     3864.6956 9.161083e-06
     3865.5957 8.665337e-06
     3866.4958 8.187166e-06
     3867.3962 8.135556e-06
     3868.2963 8.273611e-06
     3869.1967 8.239951e-06
     3870.0969 7.934664e-06
     3870.9970 7.332003e-06
     3871.8974 6.563526e-06
     3872.7975 6.012589e-06
     3873.6979 6.178111e-06
     3874.5980 7.235395e-06
     3875.4982 8.614177e-06
     3876.3985 9.334003e-06
     3877.2987 8.911146e-06
     3878.1991 7.711846e-06
     3879.0992 6.601017e-06
     3879.9993 6.681930e-06
     3880.8997 7.568297e-06
     3881.7999 7.826924e-06
     3882.7002 7.113459e-06
     3883.6004 6.995644e-06
     3884.5005 8.116562e-06
     3885.4009 8.885582e-06
     3886.3010 7.967495e-06
     3887.2014 6.594061e-06
     3888.1015 6.273542e-06
     3889.0017 6.628924e-06
     3889.9021 6.962059e-06
     3890.8022 7.737506e-06
     3891.7026 9.001328e-06
     3892.6027 1.016368e-05
     3893.5029 1.064297e-05
     3894.4032 1.039670e-05
     3895.3034 9.778336e-06
     3896.2038 9.205955e-06
     3897.1039 9.507859e-06
     3898.0040 1.051265e-05
     3898.9044 1.059552e-05
     3899.8045 9.954539e-06
     3900.7049 9.410338e-06
     3901.6051 9.729243e-06
     3902.5052 1.021320e-05
     3903.4056 9.846224e-06
     3904.3057 9.365248e-06
     3905.2061 9.247560e-06
     3906.1062 8.673454e-06
     3907.0064 8.154718e-06
     3907.9068 8.805542e-06
     3908.8069 1.013225e-05
     3909.7073 1.107395e-05
     3910.6074 1.126793e-05
     3911.5075 1.129574e-05
     3912.4079 1.170820e-05
     3913.3081 1.212381e-05
     3914.2084 1.206045e-05
     3915.1086 1.166029e-05
     3916.0087 1.139343e-05
     3916.9091 1.102184e-05
     3917.8092 1.068009e-05
     3918.7096 1.055122e-05
     3919.6098 1.017435e-05
     3920.5099 9.303477e-06
     3921.4103 8.317362e-06
     3922.3104 7.879981e-06
     3923.2108 8.083002e-06
     3924.1109 8.527462e-06
     3925.0111 8.969734e-06
     3925.9114 8.910269e-06
     3926.8116 8.280114e-06
     3927.7120 7.453249e-06
     3928.6121 6.408871e-06
     3929.5122 5.323136e-06
     3930.4126 4.536876e-06
     3931.3128 3.872514e-06
     3932.2131 3.271957e-06
     3933.1133 2.726015e-06
     3934.0134 2.293639e-06
     3934.9138 2.141607e-06
     3935.8139 2.357951e-06
     3936.7143 2.913459e-06
     3937.6144 3.715672e-06
     3938.5146 4.638237e-06
     3939.4150 5.670309e-06
     3940.3151 6.715945e-06
     3941.2155 7.373617e-06
     3942.1156 7.627088e-06
     3943.0158 7.788805e-06
     3943.9161 7.554152e-06
     3944.8163 7.129932e-06
     3945.7167 7.573860e-06
     3946.6168 9.025276e-06
     3947.5169 1.020757e-05
     3948.4173 1.031407e-05
     3949.3174 1.014776e-05
     3950.2178 1.065381e-05
     3951.1180 1.156422e-05
     3952.0181 1.192869e-05
     3952.9185 1.125899e-05
     3953.8186 1.058094e-05
     3954.7190 1.128273e-05
     3955.6191 1.224396e-05
     3956.5193 1.182348e-05
     3957.4197 1.086177e-05
     3958.3198 1.054409e-05
     3959.2202 1.097617e-05
     3960.1203 1.136689e-05
     3961.0205 1.059428e-05
     3961.9208 8.602940e-06
     3962.8210 6.846607e-06
     3963.7214 6.353536e-06
     3964.6215 6.445048e-06
     3965.5216 6.160370e-06
     3966.4220 5.296996e-06
     3967.3221 4.138040e-06
     3968.2225 3.098272e-06
     3969.1227 2.469491e-06
     3970.0228 2.407580e-06
     3970.9232 2.938593e-06
     3971.8233 3.849162e-06
     3972.7237 4.857807e-06
     3973.6238 5.783136e-06
     3974.5240 6.624918e-06
     3975.4244 7.611877e-06
     3976.3245 8.670185e-06
     3977.2249 9.461993e-06
     3978.1250 1.018556e-05
     3979.0252 1.111262e-05
     3979.9255 1.199379e-05
     3980.8257 1.272290e-05
     3981.7261 1.301860e-05
     3982.6262 1.275575e-05
     3983.5263 1.223432e-05
     3984.4267 1.205129e-05
     3985.3268 1.240578e-05
     3986.2272 1.289218e-05
     3987.1274 1.307867e-05
     3988.0275 1.339926e-05
     3988.9279 1.420878e-05
     3989.8280 1.436764e-05
     3990.7284 1.365098e-05
     3991.6285 1.335735e-05
     3992.5287 1.384616e-05
     3993.4291 1.444430e-05
     3994.3292 1.463412e-05
     3995.2296 1.425585e-05
     3996.1297 1.379409e-05
     3997.0299 1.352543e-05
     3997.9302 1.318857e-05
     3998.8304 1.298362e-05
     3999.7308 1.368568e-05
     4000.6309 1.470912e-05
     4001.5310 1.498570e-05
     4002.4314 1.500906e-05
     4003.3315 1.556272e-05
     4004.2319 1.582338e-05
     4005.1321 1.470403e-05
     4006.0322 1.253928e-05
     4006.9326 1.148966e-05
     4007.8327 1.239815e-05
     4008.7331 1.388518e-05
     4009.6332 1.482218e-05
     4010.5334 1.513971e-05
     4011.4338 1.511123e-05
     4012.3339 1.508794e-05
     4013.2343 1.522118e-05
     4014.1344 1.530118e-05
     4015.0346 1.518198e-05
     4015.9349 1.538324e-05
     4016.8351 1.568194e-05
     4017.7355 1.514119e-05
     4018.6356 1.448945e-05
     4019.5357 1.499422e-05
     4020.4361 1.585099e-05
     4021.3363 1.569999e-05
     4022.2366 1.524745e-05
     4023.1368 1.523384e-05
     4024.0369 1.537018e-05
     4024.9373 1.505615e-05
     4025.8374 1.458832e-05
     4026.7378 1.490369e-05
     4027.6379 1.574791e-05
     4028.5381 1.648108e-05
     4029.4385 1.681276e-05
     4030.3386 1.600659e-05
     4031.2390 1.400947e-05
     4032.1391 1.238998e-05
     4033.0393 1.197635e-05
     4033.9396 1.193348e-05
     4034.8398 1.204626e-05
     4035.7402 1.261893e-05
     4036.6403 1.375192e-05
     4037.5404 1.529365e-05
     4038.4408 1.666048e-05
     4039.3410 1.713592e-05
     4040.2413 1.662704e-05
     4041.1415 1.577821e-05
     4042.0416 1.546457e-05
     4042.9420 1.592892e-05
     4043.8421 1.602447e-05
     4044.7425 1.452153e-05
     4045.6427 1.174575e-05
     4046.5428 9.567249e-06
     4047.4432 9.970372e-06
     4048.3433 1.251877e-05
     4049.2437 1.468318e-05
     4050.1438 1.556244e-05
     4051.0440 1.609262e-05
     4051.9443 1.647103e-05
     4052.8445 1.623843e-05
     4053.7449 1.565717e-05
     4054.6450 1.517165e-05
     4055.5451 1.468898e-05
     4056.4455 1.444141e-05
     4057.3457 1.442111e-05
     4058.2460 1.391414e-05
     4059.1462 1.333566e-05
     4060.0463 1.383573e-05
     4060.9467 1.517895e-05
     4061.8468 1.601947e-05
     4062.7472 1.522011e-05
     4063.6474 1.284659e-05
     4064.5475 1.084486e-05
     4065.4479 1.132506e-05
     4066.3480 1.325362e-05
     4067.2484 1.405728e-05
     4068.1485 1.402784e-05
     4069.0487 1.480946e-05
     4069.9491 1.619900e-05
     4070.8492 1.646342e-05
     4071.7496 1.470711e-05
     4072.6497 1.276491e-05
     4073.5499 1.307043e-05
     4074.4502 1.493234e-05
     4075.3504 1.590688e-05
     4076.2508 1.529780e-05
     4077.1509 1.377277e-05
     4078.0510 1.236585e-05
     4078.9514 1.221664e-05
     4079.8516 1.339345e-05
     4080.7519 1.508171e-05
     4081.6521 1.661502e-05
     4082.5522 1.737053e-05
     4083.4526 1.691880e-05
     4084.3527 1.585539e-05
     4085.2531 1.513111e-05
     4086.1532 1.509772e-05
     4087.0534 1.570313e-05
     4087.9538 1.671567e-05
     4088.8539 1.791103e-05
     4089.7543 1.869166e-05
     4090.6544 1.841332e-05
     4091.5546 1.762019e-05
     4092.4549 1.691390e-05
     4093.3551 1.649383e-05
     4094.2555 1.678132e-05
     4095.1556 1.697363e-05
     4096.0557 1.607592e-05
     4096.9561 1.475426e-05
     4097.8565 1.411897e-05
     4098.7566 1.434758e-05
     4099.6568 1.467379e-05
     4100.5569 1.427551e-05
     4101.4571 1.289192e-05
     4102.3577 1.150128e-05
     4103.2578 1.159867e-05
     4104.1580 1.290752e-05
     4105.0581 1.398125e-05
     4105.9582 1.474368e-05
     4106.8589 1.561155e-05
     4107.7590 1.618228e-05
     4108.6591 1.623263e-05
     4109.5593 1.589581e-05
     4110.4594 1.539785e-05
     4111.3600 1.505104e-05
     4112.2602 1.496402e-05
     4113.1603 1.514213e-05
     4114.0605 1.574397e-05
     4114.9606 1.641412e-05
     4115.8612 1.669248e-05
     4116.7614 1.685102e-05
     4117.6615 1.699497e-05
     4118.5616 1.646763e-05
     4119.4618 1.527222e-05
     4120.3624 1.472243e-05
     4121.2625 1.536352e-05
     4122.1627 1.594636e-05
     4123.0628 1.576334e-05
     4123.9630 1.550669e-05
     4124.8636 1.580322e-05
     4125.7637 1.647966e-05
     4126.6639 1.664468e-05
     4127.5640 1.610524e-05
     4128.4641 1.549457e-05
     4129.3648 1.520067e-05
     4130.2649 1.519157e-05
     4131.1650 1.514325e-05
     4132.0652 1.458145e-05
     4132.9653 1.348971e-05
     4133.8659 1.294514e-05
     4134.7661 1.327980e-05
     4135.6662 1.401252e-05
     4136.5664 1.527989e-05
     4137.4665 1.622838e-05
     4138.3671 1.633649e-05
     4139.2673 1.647540e-05
     4140.1674 1.684044e-05
     4141.0675 1.698802e-05
     4141.9677 1.656342e-05
     4142.8683 1.501533e-05
     4143.7684 1.269058e-05
     4144.6686 1.131974e-05
     4145.5687 1.211940e-05
     4146.4689 1.402732e-05
     4147.3695 1.533006e-05
     4148.2696 1.576677e-05
     4149.1698 1.570737e-05
     4150.0699 1.518879e-05
     4150.9700 1.467964e-05
     4151.8707 1.472253e-05
     4152.7708 1.489983e-05
     4153.6709 1.486660e-05
     4154.5711 1.458069e-05
     4155.4712 1.422145e-05
     4156.3718 1.422158e-05
     4157.2720 1.427773e-05
     4158.1721 1.444416e-05
     4159.0723 1.510259e-05
     4159.9724 1.583296e-05
     4160.8730 1.614494e-05
     4161.7732 1.611296e-05
     4162.6733 1.630358e-05
     4163.5734 1.689341e-05
     4164.4736 1.700688e-05
     4165.3742 1.645808e-05
     4166.2743 1.600897e-05
     4167.1745 1.562506e-05
     4168.0746 1.493163e-05
     4168.9748 1.463408e-05
     4169.8754 1.525195e-05
     4170.7755 1.591752e-05
     4171.6757 1.579644e-05
     4172.5758 1.462480e-05
     4173.4759 1.311343e-05
     4174.3766 1.266521e-05
     4175.2767 1.339990e-05
     4176.1768 1.421368e-05
     4177.0770 1.458055e-05
     4177.9771 1.446189e-05
     4178.8777 1.422889e-05
     4179.7779 1.461398e-05
     4180.6780 1.530657e-05
     4181.5782 1.539269e-05
     4182.4783 1.481253e-05
     4183.3789 1.440932e-05
     4184.2791 1.471949e-05
     4185.1792 1.549904e-05
     4186.0793 1.620508e-05
     4186.9795 1.591403e-05
     4187.8801 1.445659e-05
     4188.7802 1.359364e-05
     4189.6804 1.435417e-05
     4190.5805 1.544577e-05
     4191.4807 1.560556e-05
     4192.3813 1.517300e-05
     4193.2814 1.551313e-05
     4194.1816 1.658564e-05
     4195.0817 1.673329e-05
     4195.9818 1.559061e-05
     4196.8825 1.437655e-05
     4197.7826 1.379502e-05
     4198.6827 1.337176e-05
     4199.5829 1.302998e-05
     4200.4830 1.343656e-05
     4201.3836 1.398988e-05
     4202.2838 1.364902e-05
     4203.1839 1.324045e-05
     4204.0841 1.386705e-05
     4204.9842 1.480820e-05
     4205.8848 1.525628e-05
     4206.7850 1.572577e-05
     4207.6851 1.632671e-05
     4208.5852 1.681862e-05
     4209.4854 1.698050e-05
     4210.3860 1.651979e-05
     4211.2861 1.592884e-05
     4212.1863 1.603696e-05
     4213.0864 1.659059e-05
     4213.9866 1.670548e-05
     4214.8872 1.605376e-05
     4215.7873 1.471584e-05
     4216.6875 1.363731e-05
     4217.5876 1.429087e-05
     4218.4877 1.599049e-05
     4219.3884 1.702886e-05
     4220.2885 1.737714e-05
     4221.1886 1.770533e-05
     4222.0888 1.786708e-05
     4222.9889 1.726964e-05
     4223.8895 1.606131e-05
     4224.7897 1.469765e-05
     4225.6898 1.302506e-05
     4226.5900 1.068792e-05
     4227.4901 8.538888e-06
     4228.3907 8.716178e-06
     4229.2909 1.162338e-05
     4230.1910 1.467241e-05
     4231.0911 1.620566e-05
     4231.9913 1.690681e-05
     4232.8919 1.689249e-05
     4233.7921 1.606320e-05
     4234.6922 1.552285e-05
     4235.5923 1.550493e-05
     4236.4925 1.491041e-05
     4237.3931 1.409432e-05
     4238.2932 1.429684e-05
     4239.1934 1.499542e-05
     4240.0935 1.527221e-05
     4240.9936 1.548706e-05
     4241.8943 1.623209e-05
     4242.7944 1.679000e-05
     4243.6946 1.653320e-05
     4244.5947 1.667588e-05
     4245.4948 1.769903e-05
     4246.3955 1.822905e-05
     4247.2956 1.757906e-05
     4248.1957 1.631509e-05
     4249.0959 1.527713e-05
     4249.9960 1.457366e-05
     4250.8966 1.376295e-05
     4251.7968 1.356870e-05
     4252.6969 1.479499e-05
     4253.5971 1.596180e-05
     4254.4972 1.542126e-05
     4255.3978 1.404292e-05
     4256.2980 1.385483e-05
     4257.1981 1.540745e-05
     4258.0982 1.714955e-05
     4258.9984 1.707247e-05
     4259.8990 1.539726e-05
     4260.7991 1.361351e-05
     4261.6993 1.268668e-05
     4262.5994 1.350807e-05
     4263.4996 1.562161e-05
     4264.4002 1.729336e-05
     4265.3003 1.779126e-05
     4266.2005 1.797290e-05
     4267.1006 1.810263e-05
     4268.0007 1.748468e-05
     4268.9014 1.643157e-05
     4269.8015 1.578799e-05
     4270.7016 1.504114e-05
     4271.6018 1.330702e-05
     4272.5019 1.139878e-05
     4273.4026 1.121602e-05
     4274.3027 1.231540e-05
     4275.2028 1.267610e-05
     4276.1030 1.281342e-05
     4277.0031 1.412889e-05
     4277.9037 1.601687e-05
     4278.8039 1.731584e-05
     4279.7040 1.744552e-05
     4280.6042 1.622052e-05
     4281.5043 1.491824e-05
     4282.4049 1.494473e-05
     4283.3051 1.561029e-05
     4284.2052 1.615427e-05
     4285.1053 1.627746e-05
     4286.0055 1.551025e-05
     4286.9061 1.463122e-05
     4287.8062 1.471304e-05
     4288.7064 1.513918e-05
     4289.6065 1.440537e-05
     4290.5067 1.280461e-05
     4291.4073 1.223329e-05
     4292.3074 1.322197e-05
     4293.2076 1.481817e-05
     4294.1077 1.580936e-05
     4295.0078 1.550220e-05
     4295.9085 1.493967e-05
     4296.8086 1.488153e-05
     4297.7087 1.450960e-05
     4298.6089 1.351852e-05
     4299.5090 1.207824e-05
     4300.4097 1.047046e-05
     4301.3098 9.902447e-06
     4302.2099 1.061529e-05
     4303.1101 1.115600e-05
     4304.0102 1.113181e-05
     4304.9108 1.136020e-05
     4305.8110 1.159104e-05
     4306.7111 1.140868e-05
     4307.6113 1.089450e-05
     4308.5114 9.844918e-06
     4309.4120 8.926518e-06
     4310.3122 9.137396e-06
     4311.2123 1.007141e-05
     4312.1124 1.101803e-05
     4313.0126 1.194090e-05
     4313.9132 1.306891e-05
     4314.8133 1.421161e-05
     4315.7135 1.543347e-05
     4316.6136 1.753639e-05
     4317.5138 1.984655e-05
     4318.4144 2.075745e-05
     4319.3145 2.044028e-05
     4320.2147 2.001834e-05
     4321.1148 1.960909e-05
     4322.0149 1.899587e-05
     4322.9156 1.842780e-05
     4323.8157 1.700214e-05
     4324.7158 1.452555e-05
     4325.6160 1.225036e-05
     4326.5161 1.107600e-05
     4327.4168 1.199169e-05
     4328.3169 1.495182e-05
     4329.2170 1.795697e-05
     4330.1172 1.932887e-05
     4331.0173 1.910498e-05
     4331.9179 1.866085e-05
     4332.8181 1.886266e-05
     4333.7182 1.919931e-05
     4334.6184 1.933009e-05
     4335.5185 1.965964e-05
     4336.4191 2.001012e-05
     4337.3193 1.916807e-05
     4338.2194 1.690423e-05
     4339.1195 1.494081e-05
     4340.0197 1.383354e-05
     4340.9203 1.289009e-05
     4341.8204 1.285831e-05
     4342.7206 1.441249e-05
     4343.6207 1.635303e-05
     4344.5209 1.705536e-05
     4345.4215 1.739039e-05
     4346.3216 1.827753e-05
     4347.2218 1.873887e-05
     4348.1219 1.851822e-05
     4349.0220 1.874583e-05
     4349.9227 1.972504e-05
     4350.8228 1.992924e-05
     4351.7230 1.799667e-05
     4352.6231 1.528654e-05
     4353.5232 1.440904e-05
     4354.4239 1.571776e-05
     4355.3240 1.709549e-05
     4356.2241 1.752001e-05
     4357.1243 1.797805e-05
     4358.0244 1.875971e-05
     4358.9250 1.876523e-05
     4359.8252 1.775797e-05
     4360.7253 1.726188e-05
     4361.6255 1.816212e-05
     4362.5256 1.941809e-05
     4363.4262 1.962450e-05
     4364.3264 1.924391e-05
     4365.2265 1.968854e-05
     4366.1266 2.057110e-05
     4367.0268 2.029884e-05
     4367.9274 1.883231e-05
     4368.8276 1.771709e-05
     4369.7277 1.786488e-05
     4370.6278 1.831268e-05
     4371.5280 1.826423e-05
     4372.4286 1.819554e-05
     4373.3287 1.815842e-05
     4374.2289 1.752129e-05
     4375.1290 1.631812e-05
     4376.0292 1.543406e-05
     4376.9298 1.571381e-05
     4377.8299 1.711258e-05
     4378.7301 1.853085e-05
     4379.6302 1.902919e-05
     4380.5303 1.869100e-05
     4381.4310 1.819596e-05
     4382.3311 1.756586e-05
     4383.2312 1.558655e-05
     4384.1314 1.219559e-05
     4385.0315 1.008657e-05
     4385.9322 1.125240e-05
     4386.8323 1.440531e-05
     4387.7324 1.677169e-05
     4388.6326 1.728416e-05
     4389.5327 1.705045e-05
     4390.4333 1.674899e-05
     4391.3335 1.643557e-05
     4392.2336 1.662072e-05
     4393.1338 1.738238e-05
     4394.0339 1.793087e-05
     4394.9345 1.763546e-05
     4395.8347 1.705317e-05
     4396.7348 1.735504e-05
     4397.6349 1.873452e-05
     4398.5351 1.986581e-05
     4399.4357 1.978523e-05
     4400.3359 1.871578e-05
     4401.2360 1.733646e-05
     4402.1361 1.697821e-05
     4403.0363 1.805721e-05
     4403.9369 1.840273e-05
     4404.8370 1.627834e-05
     4405.7372 1.379352e-05
     4406.6373 1.397679e-05
     4407.5375 1.588892e-05
     4408.4381 1.669638e-05
     4409.3382 1.648106e-05
     4410.2384 1.711625e-05
     4411.1385 1.869757e-05
     4412.0386 1.993759e-05
     4412.9393 2.052871e-05
     4413.8394 2.069072e-05
     4414.7395 1.968781e-05
     4415.6397 1.738838e-05
     4416.5398 1.596758e-05
     4417.4405 1.672463e-05
     4418.3406 1.820916e-05
     4419.2407 1.939939e-05
     4420.1409 2.042022e-05
     4421.0410 2.092296e-05
     4421.9416 2.038335e-05
     4422.8418 1.905312e-05
     4423.7419 1.805091e-05
     4424.6421 1.822216e-05
     4425.5422 1.881043e-05
     4426.4428 1.883291e-05
     4427.3430 1.859327e-05
     4428.2431 1.871279e-05
     4429.1432 1.930203e-05
     4430.0434 1.950369e-05
     4430.9440 1.867551e-05
     4431.8442 1.816418e-05
     4432.7443 1.890768e-05
     4433.6444 1.946981e-05
     4434.5446 1.871385e-05
     4435.4452 1.724761e-05
     4436.3453 1.632950e-05
     4437.2455 1.690233e-05
     4438.1456 1.862829e-05
     4439.0458 2.025520e-05
     4439.9464 2.112766e-05
     4440.8465 2.095686e-05
     4441.7467 1.985092e-05
     4442.6468 1.849961e-05
     4443.5469 1.762053e-05
     4444.4476 1.767928e-05
     4445.3477 1.875408e-05
     4446.2479 2.031834e-05
     4447.1480 2.107205e-05
     4448.0481 2.062082e-05
     4448.9488 2.027806e-05
     4449.8489 2.052899e-05
     4450.7490 2.038172e-05
     4451.6492 1.999881e-05
     4452.5493 2.008071e-05
     4453.4499 2.019629e-05
     4454.3501 1.950322e-05
     4455.2502 1.794955e-05
     4456.1504 1.663127e-05
     4457.0505 1.671277e-05
     4457.9511 1.754650e-05
     4458.8513 1.788440e-05
     4459.7514 1.761290e-05
     4460.6516 1.741159e-05
     4461.5517 1.724904e-05
     4462.4523 1.672730e-05
     4463.3525 1.686703e-05
     4464.2526 1.832044e-05
     4465.1527 1.958003e-05
     4466.0529 1.969479e-05
     4466.9535 1.955459e-05
     4467.8536 1.967076e-05
     4468.7538 1.972672e-05
     4469.6539 1.925354e-05
     4470.5541 1.870374e-05
     4471.4547 1.890583e-05
     4472.3548 1.969428e-05
     4473.2550 2.048190e-05
     4474.1551 2.109982e-05
     4475.0553 2.146177e-05
     4475.9559 2.132616e-05
     4476.8560 2.120577e-05
     4477.7562 2.172905e-05
     4478.6563 2.246738e-05
     4479.5564 2.230708e-05
     4480.4571 2.098979e-05
     4481.3572 1.938706e-05
     4482.2573 1.837752e-05
     4483.1575 1.829364e-05
     4484.0576 1.930798e-05
     4484.9583 2.080095e-05
     4485.8584 2.188203e-05
     4486.7585 2.236893e-05
     4487.6587 2.236382e-05
     4488.5588 2.170719e-05
     4489.4594 2.042907e-05
     4490.3596 1.931130e-05
     4491.2597 1.923798e-05
     4492.1599 2.006106e-05
     4493.0600 2.106997e-05
     4493.9606 2.130485e-05
     4494.8608 2.028574e-05
     4495.7609 1.901136e-05
     4496.6611 1.867790e-05
     4497.5612 1.930281e-05
     4498.4618 2.044063e-05
     4499.3620 2.142080e-05
     4500.2621 2.189986e-05
     4501.1622 2.171315e-05
     4502.0624 2.095773e-05
     4502.9630 2.077485e-05
     4503.8631 2.184326e-05
     4504.7633 2.313346e-05
     4505.6634 2.357551e-05
     4506.5636 2.333394e-05
     4507.4642 2.288020e-05
     4508.3643 2.245469e-05
     4509.2645 2.227052e-05
     4510.1646 2.243198e-05
     4511.0648 2.282135e-05
     4511.9654 2.292844e-05
     4512.8655 2.241607e-05
     4513.7657 2.168052e-05
     4514.6658 2.114630e-05
     4515.5659 2.089736e-05
     4516.4666 2.110211e-05
     4517.3667 2.142018e-05
     4518.2669 2.111794e-05
     4519.1670 2.064367e-05
     4520.0671 2.099593e-05
     4520.9678 2.185175e-05
     4521.8679 2.249698e-05
     4522.7680 2.226312e-05
     4523.6682 2.119822e-05
     4524.5683 2.070946e-05
     4525.4689 2.076324e-05
     4526.3691 2.023948e-05
     4527.2692 1.922222e-05
     4528.1694 1.830873e-05
     4529.0695 1.768973e-05
     4529.9701 1.745330e-05
     4530.8703 1.783857e-05
     4531.7704 1.840411e-05
     4532.6706 1.913708e-05
     4533.5707 1.974681e-05
     4534.4713 1.935670e-05
     4535.3715 1.844164e-05
     4536.2716 1.787728e-05
     4537.1717 1.861130e-05
     4538.0719 2.072681e-05
     4538.9725 2.227032e-05
     4539.8727 2.219993e-05
     4540.7728 2.140404e-05
     4541.6729 2.066561e-05
     4542.5731 2.054195e-05
     4543.4737 2.114503e-05
     4544.3738 2.156610e-05
     4545.2740 2.103878e-05
     4546.1741 2.033276e-05
     4547.0743 2.037753e-05
     4547.9749 2.073803e-05
     4548.8750 2.073119e-05
     4549.7752 2.011135e-05
     4550.6753 1.955964e-05
     4551.5754 2.008480e-05
     4552.4761 2.085424e-05
     4553.3762 2.075496e-05
     4554.2764 2.028855e-05
     4555.1765 1.988726e-05
     4556.0766 1.970229e-05
     4556.9773 2.012486e-05
     4557.8774 2.121621e-05
     4558.7775 2.222121e-05
     4559.6777 2.260321e-05
     4560.5778 2.255250e-05
     4561.4785 2.241878e-05
     4562.3786 2.254194e-05
     4563.2787 2.253662e-05
     4564.1789 2.181274e-05
     4565.0790 2.070097e-05
     4565.9796 1.994004e-05
     4566.8798 2.007996e-05
     4567.7799 2.122890e-05
     4568.6801 2.242362e-05
     4569.5802 2.273467e-05
     4570.4808 2.248695e-05
     4571.3810 2.182142e-05
     4572.2811 2.064725e-05
     4573.1813 2.039285e-05
     4574.0814 2.163334e-05
     4574.9820 2.260945e-05
     4575.8822 2.245587e-05
     4576.7823 2.225807e-05
     4577.6824 2.238534e-05
     4578.5826 2.234569e-05
     4579.4832 2.178064e-05
     4580.3834 2.076013e-05
     4581.2835 1.975522e-05
     4582.1836 1.948493e-05
     4583.0838 2.014708e-05
     4583.9844 2.085155e-05
     4584.8845 2.091089e-05
     4585.7847 2.060413e-05
     4586.6848 2.018998e-05
     4587.5850 2.022910e-05
     4588.4856 2.115114e-05
     4589.3857 2.224916e-05
     4590.2859 2.277325e-05
     4591.1860 2.254724e-05
     4592.0862 2.176663e-05
     4592.9868 2.093712e-05
     4593.8869 2.062074e-05
     4594.7871 2.073736e-05
     4595.6872 2.072012e-05
     4596.5873 2.053641e-05
     4597.4880 2.056917e-05
     4598.3881 2.072390e-05
     4599.2883 2.098258e-05
     4600.1884 2.125988e-05
     4601.0885 2.089537e-05
     4601.9892 2.045012e-05
     4602.8893 2.075626e-05
     4603.7894 2.115921e-05
     4604.6896 2.128883e-05
     4605.5897 2.115097e-05
     4606.4903 2.093258e-05
     4607.3905 2.118248e-05
     4608.2906 2.189965e-05
     4609.1908 2.282930e-05
     4610.0909 2.358576e-05
     4610.9915 2.352374e-05
     4611.8917 2.277758e-05
     4612.7918 2.215039e-05
     4613.6920 2.185535e-05
     4614.5921 2.172197e-05
     4615.4927 2.213705e-05
     4616.3929 2.259640e-05
     4617.2930 2.257894e-05
     4618.1931 2.263334e-05
     4619.0933 2.265041e-05
     4619.9939 2.216204e-05
     4620.8941 2.198318e-05
     4621.7942 2.259487e-05
     4622.6943 2.295137e-05
     4623.5945 2.268119e-05
     4624.4951 2.260817e-05
     4625.3952 2.273114e-05
     4626.2954 2.246691e-05
     4627.1955 2.218645e-05
     4628.0957 2.243042e-05
     4628.9963 2.274285e-05
     4629.8964 2.248234e-05
     4630.7966 2.214943e-05
     4631.6967 2.251197e-05
     4632.5969 2.303074e-05
     4633.4975 2.266750e-05
     4634.3976 2.188954e-05
     4635.2978 2.166424e-05
     4636.1979 2.184029e-05
     4637.0981 2.188439e-05
     4637.9987 2.148040e-05
     4638.8988 2.093153e-05
     4639.7990 2.068312e-05
     4640.6991 2.058068e-05
     4641.5992 2.092013e-05
     4642.4999 2.179798e-05
     4643.4000 2.233387e-05
     4644.3002 2.209689e-05
     4645.2003 2.164272e-05
     4646.1004 2.106407e-05
     4647.0011 2.004295e-05
     4647.9012 1.919353e-05
     4648.8013 1.917635e-05
     4649.7015 1.980468e-05
     4650.6016 2.065698e-05
     4651.5023 2.139766e-05
     4652.4024 2.176689e-05
     4653.3025 2.198690e-05
     4654.2027 2.204404e-05
     4655.1028 2.141125e-05
     4656.0034 2.058402e-05
     4656.9036 2.037488e-05
     4657.8037 2.075391e-05
     4658.7039 2.169029e-05
     4659.6040 2.292989e-05
     4660.5046 2.380425e-05
     4661.4048 2.388040e-05
     4662.3049 2.322922e-05
     4663.2051 2.228468e-05
     4664.1052 2.149826e-05
     4665.0058 2.126267e-05
     4665.9060 2.138984e-05
     4666.8061 2.079245e-05
     4667.7062 1.910664e-05
     4668.6064 1.771247e-05
     4669.5070 1.798919e-05
     4670.4072 1.947018e-05
     4671.3073 2.095149e-05
     4672.2074 2.189131e-05
     4673.1076 2.204499e-05
     4674.0082 2.162437e-05
     4674.9083 2.126512e-05
     4675.8085 2.136820e-05
     4676.7086 2.205132e-05
     4677.6088 2.272474e-05
     4678.5094 2.259228e-05
     4679.4095 2.176546e-05
     4680.3097 2.098254e-05
     4681.2098 2.055931e-05
     4682.1100 2.034013e-05
     4683.0106 2.044464e-05
     4683.9107 2.110664e-05
     4684.8109 2.186875e-05
     4685.7110 2.207067e-05
     4686.6111 2.198153e-05
     4687.5118 2.185927e-05
     4688.4119 2.160908e-05
     4689.3121 2.144387e-05
     4690.2122 2.154417e-05
     4691.1123 2.151911e-05
     4692.0130 2.120435e-05
     4692.9131 2.111942e-05
     4693.8132 2.143831e-05
     4694.7134 2.179481e-05
     4695.6135 2.219231e-05
     4696.5142 2.270516e-05
     4697.4143 2.294360e-05
     4698.3144 2.238685e-05
     4699.2146 2.116344e-05
     4700.1147 2.034357e-05
     4701.0154 2.053892e-05
     4701.9155 2.086221e-05
     4702.8156 2.059043e-05
     4703.7158 1.995995e-05
     4704.6159 1.987481e-05
     4705.5165 2.069821e-05
     4706.4167 2.145739e-05
     4707.3168 2.139624e-05
     4708.2170 2.077514e-05
     4709.1171 2.027391e-05
     4710.0177 2.011301e-05
     4710.9179 2.038552e-05
     4711.8180 2.130042e-05
     4712.7182 2.217568e-05
     4713.6183 2.225139e-05
     4714.5189 2.162790e-05
     4715.4191 2.079730e-05
     4716.3192 2.076999e-05
     4717.2193 2.174809e-05
     4718.1195 2.264345e-05
     4719.0201 2.293500e-05
     4719.9203 2.315991e-05
     4720.8204 2.350570e-05
     4721.7205 2.357140e-05
     4722.6207 2.317056e-05
     4723.5213 2.267502e-05
     4724.4214 2.268127e-05
     4725.3216 2.323785e-05
     4726.2217 2.370813e-05
     4727.1219 2.333600e-05
     4728.0225 2.191678e-05
     4728.9226 2.043579e-05
     4729.8228 1.996765e-05
     4730.7229 2.021363e-05
     4731.6231 2.052773e-05
     4732.5237 2.090185e-05
     4733.4238 2.145481e-05
     4734.3240 2.181580e-05
     4735.2241 2.203307e-05
     4736.1243 2.230298e-05
     4737.0249 2.193920e-05
     4737.9250 2.121588e-05
     4738.8252 2.149580e-05
     4739.7253 2.248341e-05
     4740.6254 2.273003e-05
     4741.5261 2.217159e-05
     4742.4262 2.181704e-05
     4743.3264 2.216105e-05
     4744.2265 2.271648e-05
     4745.1266 2.281233e-05
     4746.0273 2.252007e-05
     4746.9274 2.259035e-05
     4747.8276 2.309042e-05
     4748.7277 2.330000e-05
     4749.6278 2.312009e-05
     4750.5285 2.302703e-05
     4751.4286 2.309207e-05
     4752.3287 2.296041e-05
     4753.2289 2.254265e-05
     4754.1290 2.215485e-05
     4755.0297 2.184610e-05
     4755.9298 2.171473e-05
     4756.8299 2.172826e-05
     4757.7301 2.175997e-05
     4758.6302 2.190156e-05
     4759.5308 2.215685e-05
     4760.4310 2.253588e-05
     4761.3311 2.278623e-05
     4762.2313 2.232395e-05
     4763.1314 2.136147e-05
     4764.0320 2.085881e-05
     4764.9322 2.087417e-05
     4765.8323 2.067531e-05
     4766.7325 2.021050e-05
     4767.6326 2.016175e-05
     4768.5332 2.076721e-05
     4769.4334 2.153219e-05
     4770.3335 2.229248e-05
     4771.2337 2.269470e-05
     4772.1338 2.227481e-05
     4773.0344 2.165807e-05
     4773.9346 2.170951e-05
     4774.8347 2.245073e-05
     4775.7348 2.319203e-05
     4776.6350 2.320219e-05
     4777.5356 2.291623e-05
     4778.4358 2.305343e-05
     4779.3359 2.320754e-05
     4780.2360 2.293406e-05
     4781.1362 2.261990e-05
     4782.0368 2.258709e-05
     4782.9369 2.242270e-05
     4783.8371 2.182351e-05
     4784.7372 2.145492e-05
     4785.6374 2.188215e-05
     4786.5380 2.206679e-05
     4787.4381 2.148653e-05
     4788.3383 2.132805e-05
     4789.2384 2.166550e-05
     4790.1386 2.159657e-05
     4791.0392 2.147945e-05
     4791.9393 2.177326e-05
     4792.8395 2.210496e-05
     4793.7396 2.248299e-05
     4794.6398 2.321053e-05
     4795.5404 2.396373e-05
     4796.4405 2.419800e-05
     4797.3407 2.388069e-05
     4798.2408 2.335980e-05
     4799.1410 2.266992e-05
     4800.0416 2.197035e-05
     4800.9417 2.168114e-05
     4801.8419 2.204971e-05
     4802.7420 2.291235e-05
     4803.6421 2.361075e-05
     4804.5428 2.368064e-05
     4805.4429 2.311396e-05
     4806.3431 2.247673e-05
     4807.2432 2.231392e-05
     4808.1433 2.216575e-05
     4809.0440 2.186019e-05
     4809.9441 2.193835e-05
     4810.8442 2.242041e-05
     4811.7444 2.276040e-05
     4812.6445 2.283627e-05
     4813.5452 2.280624e-05
     4814.4453 2.276930e-05
     4815.3454 2.282596e-05
     4816.2456 2.301887e-05
     4817.1457 2.333802e-05
     4818.0464 2.359491e-05
     4818.9465 2.368948e-05
     4819.8466 2.382740e-05
     4820.7468 2.389704e-05
     4821.6469 2.373470e-05
     4822.5475 2.347953e-05
     4823.4477 2.282875e-05
     4824.3478 2.169697e-05
     4825.2480 2.126130e-05
     4826.1481 2.200861e-05
     4827.0487 2.291650e-05
     4827.9489 2.314490e-05
     4828.8490 2.277895e-05
     4829.7492 2.236442e-05
     4830.6493 2.230762e-05
     4831.5499 2.243387e-05
     4832.4501 2.200220e-05
     4833.3502 2.156564e-05
     4834.2504 2.192134e-05
     4835.1505 2.264231e-05
     4836.0511 2.293719e-05
     4836.9513 2.279001e-05
     4837.8514 2.277195e-05
     4838.7515 2.282189e-05
     4839.6517 2.236756e-05
     4840.5523 2.166241e-05
     4841.4525 2.139384e-05
     4842.3526 2.175506e-05
     4843.2527 2.201530e-05
     4844.1529 2.173487e-05
     4845.0535 2.177781e-05
     4845.9537 2.253229e-05
     4846.8538 2.322669e-05
     4847.7539 2.327780e-05
     4848.6541 2.268058e-05
     4849.5547 2.192868e-05
     4850.4548 2.191437e-05
     4851.3550 2.255305e-05
     4852.2551 2.280207e-05
     4853.1553 2.263118e-05
     4854.0559 2.258335e-05
     4854.9560 2.219721e-05
     4855.8562 2.105670e-05
     4856.7563 2.014389e-05
     4857.6565 2.051171e-05
     4858.5571 2.134350e-05
     4859.4572 2.122012e-05
     4860.3574 1.983769e-05
     4861.2575 1.754915e-05
     4862.1577 1.542235e-05
     4863.0583 1.543767e-05
     4863.9584 1.756534e-05
     4864.8586 1.934891e-05
     4865.7587 2.016911e-05
     4866.6589 2.087799e-05
     4867.5595 2.143643e-05
     4868.4596 2.152897e-05
     4869.3598 2.149373e-05
     4870.2599 2.164221e-05
     4871.1600 2.106780e-05
     4872.0607 1.941700e-05
     4872.9608 1.840860e-05
     4873.8610 1.928577e-05
     4874.7611 2.077001e-05
     4875.6612 2.139834e-05
     4876.5619 2.141310e-05
     4877.4620 2.162668e-05
     4878.3622 2.184284e-05
     4879.2623 2.195114e-05
     4880.1624 2.265101e-05
     4881.0631 2.323555e-05
     4881.9632 2.259684e-05
     4882.8633 2.171110e-05
     4883.7635 2.183483e-05
     4884.6636 2.233245e-05
     4885.5643 2.196468e-05
     4886.4644 2.097354e-05
     4887.3645 2.040355e-05
     4888.2647 2.061817e-05
     4889.1648 2.105419e-05
     4890.0655 2.112206e-05
     4890.9656 2.050377e-05
     4891.8657 1.918967e-05
     4892.7659 1.887615e-05
     4893.6660 2.064049e-05
     4894.5666 2.275950e-05
     4895.4668 2.400117e-05
     4896.3669 2.454129e-05
     4897.2671 2.458886e-05
     4898.1672 2.446040e-05
     4899.0678 2.433726e-05
     4899.9680 2.382052e-05
     4900.8681 2.297487e-05
     4901.7683 2.276892e-05
     4902.6684 2.312713e-05
     4903.5690 2.292631e-05
     4904.4692 2.226378e-05
     4905.3693 2.223338e-05
     4906.2695 2.311457e-05
     4907.1696 2.400924e-05
     4908.0702 2.403606e-05
     4908.9704 2.331533e-05
     4909.8705 2.240454e-05
     4910.7707 2.147881e-05
     4911.6708 2.095146e-05
     4912.5714 2.130498e-05
     4913.4716 2.211563e-05
     4914.3717 2.266985e-05
     4915.2719 2.306295e-05
     4916.1720 2.365126e-05
     4917.0726 2.400098e-05
     4917.9728 2.348223e-05
     4918.8729 2.194275e-05
     4919.7730 1.984801e-05
     4920.6732 1.815123e-05
     4921.5738 1.767630e-05
     4922.4740 1.879667e-05
     4923.3741 2.068304e-05
     4924.2742 2.169787e-05
     4925.1744 2.147328e-05
     4926.0750 2.122771e-05
     4926.9752 2.193156e-05
     4927.8753 2.288273e-05
     4928.7754 2.327194e-05
     4929.6756 2.361460e-05
     4930.5762 2.404742e-05
     4931.4763 2.409592e-05
     4932.3765 2.400430e-05
     4933.2766 2.352690e-05
     4934.1768 2.216361e-05
     4935.0774 2.114304e-05
     4935.9775 2.170924e-05
     4936.8777 2.265803e-05
     4937.7778 2.242424e-05
     4938.6780 2.115311e-05
     4939.5786 1.991658e-05
     4940.4787 1.988346e-05
     4941.3789 2.125869e-05
     4942.2790 2.280280e-05
     4943.1792 2.340229e-05
     4944.0798 2.367212e-05
     4944.9799 2.406053e-05
     4945.8801 2.390228e-05
     4946.7802 2.319547e-05
     4947.6804 2.300749e-05
     4948.5810 2.359197e-05
     4949.4811 2.411279e-05
     4950.3813 2.420382e-05
     4951.2814 2.419657e-05
     4952.1816 2.433170e-05
     4953.0822 2.421882e-05
     4953.9823 2.372184e-05
     4954.8825 2.337709e-05
     4955.7826 2.330161e-05
     4956.6827 2.291814e-05
     4957.5834 2.114432e-05
     4958.4835 1.864888e-05
     4959.3837 1.850885e-05
     4960.2838 2.103659e-05
     4961.1839 2.325308e-05
     4962.0846 2.379706e-05
     4962.9847 2.352389e-05
     4963.8849 2.345853e-05
     4964.7850 2.350746e-05
     4965.6851 2.294544e-05
     4966.5858 2.199375e-05
     4967.4859 2.158049e-05
     4968.3861 2.172107e-05
     4969.2862 2.182239e-05
     4970.1863 2.192054e-05
     4971.0870 2.209268e-05
     4971.9871 2.237427e-05
     4972.8872 2.291373e-05
     4973.7874 2.334132e-05
     4974.6875 2.356914e-05
     4975.5882 2.371946e-05
     4976.4883 2.356958e-05
     4977.3884 2.327033e-05
     4978.2886 2.290671e-05
     4979.1887 2.222352e-05
     4980.0894 2.170865e-05
     4980.9895 2.173311e-05
     4981.8896 2.154859e-05
     4982.7898 2.052190e-05
     4983.6899 1.926938e-05
     4984.5905 1.891843e-05
     4985.4907 1.951257e-05
     4986.3908 2.025770e-05
     4987.2910 2.110068e-05
     4988.1911 2.219083e-05
     4989.0917 2.279279e-05
     4989.9919 2.260381e-05
     4990.8920 2.215206e-05
     4991.7922 2.171358e-05
     4992.6923 2.173440e-05
     4993.5929 2.227776e-05
     4994.4931 2.231747e-05
     4995.3932 2.207248e-05
     4996.2934 2.241535e-05
     4997.1935 2.278887e-05
     4998.0941 2.275486e-05
     4998.9943 2.256166e-05
     4999.8944 2.195754e-05
     5000.7946 2.105808e-05
     5001.6947 2.061023e-05
     5002.5953 2.066870e-05
     5003.4955 2.088639e-05
     5004.3956 2.115128e-05
     5005.2958 2.112966e-05
     5006.1959 2.036376e-05
     5007.0965 1.928278e-05
     5007.9967 1.922714e-05
     5008.8968 2.051435e-05
     5009.7970 2.187531e-05
     5010.6971 2.226437e-05
     5011.5977 2.196648e-05
     5012.4979 2.122607e-05
     5013.3980 2.011138e-05
     5014.2981 1.921014e-05
     5015.1983 1.883962e-05
     5016.0989 1.927135e-05
     5016.9991 2.024829e-05
     5017.8992 2.069555e-05
     5018.7993 2.038372e-05
     5019.6995 2.028501e-05
     5020.6001 2.081905e-05
     5021.5003 2.123275e-05
     5022.4004 2.095316e-05
     5023.3005 2.036369e-05
     5024.2007 2.047785e-05
     5025.1013 2.129080e-05
     5026.0015 2.180993e-05
     5026.9016 2.182168e-05
     5027.8017 2.132627e-05
     5028.7019 2.061614e-05
     5029.6025 2.084172e-05
     5030.5027 2.180266e-05
     5031.4028 2.234934e-05
     5032.3029 2.255321e-05
     5033.2031 2.298736e-05
     5034.1037 2.354910e-05
     5035.0038 2.361927e-05
     5035.9040 2.262113e-05
     5036.8041 2.106301e-05
     5037.7043 2.055546e-05
     5038.6049 2.116932e-05
     5039.5050 2.124352e-05
     5040.4052 2.023256e-05
     5041.3053 1.870581e-05
     5042.2055 1.748928e-05
     5043.1061 1.800953e-05
     5044.0062 2.012392e-05
     5044.9064 2.185850e-05
     5045.8065 2.276955e-05
     5046.7067 2.348843e-05
     5047.6073 2.380356e-05
     5048.5074 2.311667e-05
     5049.4076 2.165686e-05
     5050.3077 2.055534e-05
     5051.2079 2.039162e-05
     5052.1085 2.065203e-05
     5053.0086 2.087178e-05
     5053.9088 2.134699e-05
     5054.8089 2.209971e-05
     5055.7091 2.273235e-05
     5056.6097 2.299964e-05
     5057.5098 2.296552e-05
     5058.4100 2.296154e-05
     5059.3101 2.308626e-05
     5060.2103 2.311087e-05
     5061.1109 2.313787e-05
     5062.0110 2.344991e-05
     5062.9112 2.372400e-05
     5063.8113 2.352673e-05
     5064.7115 2.253753e-05
     5065.6121 2.099098e-05
     5066.5122 2.028845e-05
     5067.4124 2.091375e-05
     5068.3125 2.144243e-05
     5069.2126 2.122331e-05
     5070.1133 2.119616e-05
     5071.0134 2.184331e-05
     5071.9136 2.222851e-05
     5072.8137 2.161699e-05
     5073.7138 2.105381e-05
     5074.6145 2.147344e-05
     5075.5146 2.197740e-05
     5076.4148 2.178304e-05
     5077.3149 2.156568e-05
     5078.2150 2.189270e-05
     5079.1157 2.186886e-05
     5080.0158 2.045341e-05
     5080.9160 1.883054e-05
     5081.8161 1.871181e-05
     5082.7162 1.969149e-05
     5083.6169 2.034432e-05
     5084.5170 2.044139e-05
     5085.4172 2.079031e-05
     5086.3173 2.149599e-05
     5087.2174 2.199487e-05
     5088.1181 2.200732e-05
     5089.0182 2.187152e-05
     5089.9184 2.196148e-05
     5090.8185 2.216531e-05
     5091.7186 2.218094e-05
     5092.6193 2.225443e-05
     5093.5194 2.271251e-05
     5094.4195 2.320077e-05
     5095.3197 2.312593e-05
     5096.2198 2.255445e-05
     5097.1205 2.193611e-05
     5098.0206 2.135936e-05
     5098.9207 2.057289e-05
     5099.8209 1.958539e-05
     5100.7210 1.941241e-05
     5101.6217 2.052335e-05
     5102.5218 2.178725e-05
     5103.4219 2.224859e-05
     5104.3221 2.200187e-05
     5105.2222 2.156943e-05
     5106.1229 2.132309e-05
     5107.0230 2.120533e-05
     5107.9231 2.079507e-05
     5108.8233 2.033447e-05
     5109.7234 2.041514e-05
     5110.6241 2.050515e-05
     5111.5242 2.042121e-05
     5112.4243 2.087526e-05
     5113.3245 2.158489e-05
     5114.2246 2.188495e-05
     5115.1253 2.207318e-05
     5116.0254 2.227322e-05
     5116.9255 2.233947e-05
     5117.8257 2.260533e-05
     5118.7258 2.303134e-05
     5119.6264 2.312454e-05
     5120.5266 2.282577e-05
     5121.4267 2.229634e-05
     5122.3269 2.172585e-05
     5123.2270 2.121892e-05
     5124.1276 2.044885e-05
     5125.0278 1.966562e-05
     5125.9279 1.957449e-05
     5126.8281 1.999040e-05
     5127.7282 2.030904e-05
     5128.6288 2.034420e-05
     5129.5290 2.025094e-05
     5130.4291 2.008075e-05
     5131.3293 2.022601e-05
     5132.2294 2.082017e-05
     5133.1300 2.136619e-05
     5134.0302 2.147774e-05
     5134.9303 2.141480e-05
     5135.8305 2.180604e-05
     5136.7306 2.220678e-05
     5137.6312 2.177296e-05
     5138.5314 2.095718e-05
     5139.4315 2.022913e-05
     5140.3317 1.963591e-05
     5141.2318 2.004793e-05
     5142.1324 2.091676e-05
     5143.0326 2.050750e-05
     5143.9327 1.964475e-05
     5144.8329 2.005639e-05
     5145.7330 2.085200e-05
     5146.6336 2.073664e-05
     5147.5338 2.020071e-05
     5148.4339 1.994419e-05
     5149.3341 2.018456e-05
     5150.2342 2.072283e-05
     5151.1348 2.086610e-05
     5152.0350 2.041712e-05
     5152.9351 2.000013e-05
     5153.8353 1.990594e-05
     5154.7354 1.992385e-05
     5155.6360 2.016659e-05
     5156.5362 2.080029e-05
     5157.4363 2.156261e-05
     5158.3365 2.224641e-05
     5159.2366 2.256912e-05
     5160.1372 2.241801e-05
     5161.0374 2.238672e-05
     5161.9375 2.254334e-05
     5162.8377 2.213017e-05
     5163.7378 2.140423e-05
     5164.6384 2.114889e-05
     5165.5386 2.071024e-05
     5166.4387 1.920416e-05
     5167.3389 1.687521e-05
     5168.2390 1.463908e-05
     5169.1396 1.398561e-05
     5170.0398 1.549390e-05
     5170.9399 1.773493e-05
     5171.8401 1.823762e-05
     5172.7402 1.602546e-05
     5173.6408 1.338082e-05
     5174.5410 1.356751e-05
     5175.4411 1.662667e-05
     5176.3412 1.958866e-05
     5177.2414 2.079395e-05
     5178.1420 2.103596e-05
     5179.0422 2.122990e-05
     5179.9423 2.131814e-05
     5180.8424 2.105580e-05
     5181.7426 2.043502e-05
     5182.6432 1.912676e-05
     5183.5434 1.654195e-05
     5184.4435 1.355333e-05
     5185.3436 1.302446e-05
     5186.2438 1.583675e-05
     5187.1444 1.928510e-05
     5188.0446 2.118652e-05
     5188.9447 2.147522e-05
     5189.8448 2.133833e-05
     5190.7450 2.185032e-05
     5191.6456 2.196694e-05
     5192.5458 2.042891e-05
     5193.4459 1.880618e-05
     5194.3460 1.906514e-05
     5195.2462 2.019474e-05
     5196.1468 2.049795e-05
     5197.0470 2.047133e-05
     5197.9471 2.097153e-05
     5198.8472 2.158940e-05
     5199.7474 2.199287e-05
     5200.6480 2.236790e-05
     5201.5482 2.254271e-05
     5202.4483 2.230702e-05
     5203.3484 2.189498e-05
     5204.2486 2.155784e-05
     5205.1492 2.073852e-05
     5206.0494 1.933443e-05
     5206.9495 1.849997e-05
     5207.8496 1.862434e-05
     5208.7498 1.861106e-05
     5209.6504 1.805440e-05
     5210.5506 1.833402e-05
     5211.4507 1.951454e-05
     5212.3508 2.090237e-05
     5213.2510 2.218141e-05
     5214.1516 2.298878e-05
     5215.0518 2.302897e-05
     5215.9519 2.218876e-05
     5216.8520 2.116391e-05
     5217.7522 2.083094e-05
     5218.6528 2.129793e-05
     5219.5529 2.216085e-05
     5220.4531 2.287179e-05
     5221.3532 2.320044e-05
     5222.2534 2.336602e-05
     5223.1540 2.328592e-05
     5224.0541 2.275540e-05
     5224.9543 2.179467e-05
     5225.8544 2.066646e-05
     5226.7546 1.947069e-05
     5227.6552 1.821427e-05
     5228.5553 1.813131e-05
     5229.4555 1.995619e-05
     5230.3556 2.185467e-05
     5231.2558 2.260106e-05
     5232.1564 2.287172e-05
     5233.0565 2.248730e-05
     5233.9567 2.129530e-05
     5234.8568 2.069840e-05
     5235.7570 2.112511e-05
     5236.6576 2.186804e-05
     5237.5577 2.279054e-05
     5238.4579 2.352054e-05
     5239.3580 2.368892e-05
     5240.2582 2.347896e-05
     5241.1588 2.332673e-05
     5242.0589 2.343398e-05
     5242.9591 2.344616e-05
     5243.8592 2.321173e-05
     5244.7594 2.329624e-05
     5245.6600 2.383444e-05
     5246.5601 2.383866e-05
     5247.4603 2.265746e-05
     5248.3604 2.143740e-05
     5249.2606 2.143127e-05
     5250.1612 2.189851e-05
     5251.0613 2.155309e-05
     5251.9615 2.109206e-05
     5252.8616 2.147569e-05
     5253.7618 2.219126e-05
     5254.6624 2.240745e-05
     5255.5625 2.186828e-05
     5256.4627 2.141001e-05
     5257.3628 2.215333e-05
     5258.2630 2.349613e-05
     5259.1636 2.428071e-05
     5260.0637 2.435960e-05
     5260.9639 2.395262e-05
     5261.8640 2.312997e-05
     5262.7642 2.184388e-05
     5263.6648 2.042470e-05
     5264.5649 1.936596e-05
     5265.4651 1.868110e-05
     5266.3652 1.808714e-05
     5267.2654 1.793074e-05
     5268.1660 1.903989e-05
     5269.0661 1.999423e-05
     5269.9663 1.859360e-05
     5270.8664 1.635792e-05
     5271.7666 1.676247e-05
     5272.6672 1.945955e-05
     5273.5673 2.137840e-05
     5274.4675 2.167541e-05
     5275.3676 2.148307e-05
     5276.2678 2.110645e-05
     5277.1684 2.116029e-05
     5278.0685 2.241692e-05
     5278.9687 2.387061e-05
     5279.8688 2.434837e-05
     5280.7690 2.386825e-05
     5281.6696 2.296780e-05
     5282.5697 2.214734e-05
     5283.4699 2.156464e-05
     5284.3700 2.110349e-05
     5285.2702 2.113999e-05
     5286.1708 2.237094e-05
     5287.0709 2.403063e-05
     5287.9711 2.482823e-05
     5288.8712 2.462385e-05
     5289.7714 2.421686e-05
     5290.6720 2.429845e-05
     5291.5721 2.470195e-05
     5292.4723 2.484955e-05
     5293.3724 2.454270e-05
     5294.2726 2.410073e-05
     5295.1732 2.396969e-05
     5296.0733 2.386813e-05
     5296.9735 2.311733e-05
     5297.8736 2.161045e-05
     5298.7738 2.019367e-05
     5299.6744 2.014860e-05
     5300.5745 2.150772e-05
     5301.4747 2.252230e-05
     5302.3748 2.247896e-05
     5303.2750 2.238161e-05
     5304.1756 2.299286e-05
     5305.0757 2.405135e-05
     5305.9759 2.479686e-05
     5306.8760 2.484000e-05
     5307.7762 2.431520e-05
     5308.6768 2.387133e-05
     5309.5769 2.406295e-05
     5310.4771 2.461962e-05
     5311.3772 2.489556e-05
     5312.2774 2.479767e-05
     5313.1780 2.456419e-05
     5314.0781 2.427921e-05
     5314.9783 2.412099e-05
     5315.8784 2.408217e-05
     5316.7786 2.379063e-05
     5317.6792 2.331524e-05
     5318.5793 2.325755e-05
     5319.4795 2.358856e-05
     5320.3796 2.372397e-05
     5321.2798 2.365632e-05
     5322.1804 2.359111e-05
     5323.0805 2.348000e-05
     5323.9807 2.303343e-05
     5324.8808 2.209856e-05
     5325.7810 2.159457e-05
     5326.6816 2.208489e-05
     5327.5817 2.200720e-05
     5328.4819 1.995682e-05
     5329.3820 1.749465e-05
     5330.2822 1.768151e-05
     5331.1828 2.021976e-05
     5332.0829 2.241388e-05
     5332.9831 2.303217e-05
     5333.8832 2.278381e-05
     5334.7834 2.296377e-05
     5335.6840 2.373892e-05
     5336.5841 2.417838e-05
     5337.4843 2.396797e-05
     5338.3844 2.368949e-05
     5339.2846 2.361431e-05
     5340.1852 2.306203e-05
     5341.0853 2.171813e-05
     5341.9855 2.083853e-05
     5342.8856 2.153284e-05
     5343.7858 2.283149e-05
     5344.6864 2.351876e-05
     5345.5865 2.355687e-05
     5346.4867 2.311043e-05
     5347.3868 2.278949e-05
     5348.2870 2.295770e-05
     5349.1876 2.277232e-05
     5350.0877 2.217504e-05
     5350.9879 2.218665e-05
     5351.8880 2.309107e-05
     5352.7882 2.400366e-05
     5353.6888 2.420375e-05
     5354.5889 2.410553e-05
     5355.4891 2.444646e-05
     5356.3892 2.501788e-05
     5357.2894 2.526174e-05
     5358.1900 2.527695e-05
     5359.0901 2.526890e-05
     5359.9903 2.523595e-05
     5360.8904 2.512712e-05
     5361.7906 2.476940e-05
     5362.6912 2.416536e-05
     5363.5913 2.374236e-05
     5364.4915 2.364773e-05
     5365.3916 2.344099e-05
     5366.2918 2.302239e-05
     5367.1924 2.296649e-05
     5368.0925 2.313954e-05
     5368.9927 2.317607e-05
     5369.8928 2.289603e-05
     5370.7930 2.184538e-05
     5371.6936 2.037618e-05
     5372.5937 1.973515e-05
     5373.4939 2.084362e-05
     5374.3940 2.282497e-05
     5375.2942 2.414485e-05
     5376.1948 2.466235e-05
     5377.0949 2.460851e-05
     5377.9951 2.423309e-05
     5378.8952 2.411495e-05
     5379.7954 2.432462e-05
     5380.6960 2.433288e-05
     5381.5961 2.401725e-05
     5382.4963 2.375197e-05
     5383.3964 2.351178e-05
     5384.2966 2.315033e-05
     5385.1972 2.321456e-05
     5386.0973 2.382255e-05
     5386.9975 2.422131e-05
     5387.8976 2.415803e-05
     5388.7978 2.393618e-05
     5389.6984 2.358138e-05
     5390.5985 2.304428e-05
     5391.4987 2.262582e-05
     5392.3988 2.248306e-05
     5393.2990 2.245785e-05
     5394.1996 2.238596e-05
     5395.0997 2.234115e-05
     5395.9999 2.241304e-05
     5396.9000 2.208038e-05
     5397.8002 2.098963e-05
     5398.7008 2.047573e-05
     5399.6009 2.153477e-05
     5400.5011 2.274520e-05
     5401.4012 2.293346e-05
     5402.3014 2.290815e-05
     5403.2020 2.328909e-05
     5404.1021 2.317404e-05
     5405.0023 2.189532e-05
     5405.9024 2.025652e-05
     5406.8026 1.945090e-05
     5407.7032 2.002587e-05
     5408.6033 2.138493e-05
     5409.5035 2.210143e-05
     5410.4036 2.162111e-05
     5411.3038 2.106635e-05
     5412.2044 2.161633e-05
     5413.1045 2.286644e-05
     5414.0047 2.371351e-05
     5414.9048 2.377639e-05
     5415.8050 2.342129e-05
     5416.7056 2.335057e-05
     5417.6057 2.389246e-05
     5418.5059 2.440745e-05
     5419.4060 2.437959e-05
     5420.3062 2.392755e-05
     5421.2068 2.338190e-05
     5422.1069 2.321501e-05
     5423.0071 2.361841e-05
     5423.9072 2.378268e-05
     5424.8074 2.304640e-05
     5425.7080 2.241897e-05
     5426.6081 2.297907e-05
     5427.5083 2.412063e-05
     5428.4084 2.474899e-05
     5429.3086 2.401017e-05
     5430.2092 2.201523e-05
     5431.1093 2.083338e-05
     5432.0095 2.173695e-05
     5432.9096 2.286849e-05
     5433.8098 2.269503e-05
     5434.7104 2.191723e-05
     5435.6105 2.133729e-05
     5436.5107 2.132338e-05
     5437.4108 2.185792e-05
     5438.3110 2.271723e-05
     5439.2116 2.372936e-05
     5440.1117 2.452445e-05
     5441.0119 2.492102e-05
     5441.9120 2.498737e-05
     5442.8122 2.490886e-05
     5443.7128 2.491559e-05
     5444.6129 2.482114e-05
     5445.5131 2.417528e-05
     5446.4132 2.284616e-05
     5447.3134 2.118121e-05
     5448.2140 2.036855e-05
     5449.1142 2.134385e-05
     5450.0143 2.300579e-05
     5450.9144 2.396141e-05
     5451.8146 2.412762e-05
     5452.7152 2.397151e-05
     5453.6154 2.375725e-05
     5454.5155 2.336230e-05
     5455.4156 2.241195e-05
     5456.3158 2.107463e-05
     5457.2164 2.073571e-05
     5458.1166 2.203672e-05
     5459.0167 2.360584e-05
     5459.9168 2.431108e-05
     5460.8170 2.417148e-05
     5461.7176 2.369548e-05
     5462.6178 2.317933e-05
     5463.5179 2.246837e-05
     5464.4180 2.191712e-05
     5465.3182 2.230352e-05
     5466.2188 2.316584e-05
     5467.1190 2.346699e-05
     5468.0191 2.340708e-05
     5468.9192 2.360135e-05
     5469.8194 2.376600e-05
     5470.7200 2.346877e-05
     5471.6202 2.304519e-05
     5472.5203 2.306233e-05
     5473.4204 2.315641e-05
     5474.3206 2.278438e-05
     5475.2212 2.249334e-05
     5476.1214 2.243290e-05
     5477.0215 2.163559e-05
     5477.9216 2.050506e-05
     5478.8218 2.081299e-05
     5479.7224 2.238570e-05
     5480.6226 2.336234e-05
     5481.5227 2.285172e-05
     5482.4228 2.181340e-05
     5483.3230 2.162100e-05
     5484.2236 2.227805e-05
     5485.1238 2.317020e-05
     5486.0239 2.396263e-05
     5486.9240 2.416353e-05
     5487.8242 2.349691e-05
     5488.7248 2.264355e-05
     5489.6250 2.255920e-05
     5490.5251 2.296822e-05
     5491.4252 2.319736e-05
     5492.3254 2.346363e-05
     5493.2260 2.370393e-05
     5494.1262 2.347048e-05
     5495.0263 2.312166e-05
     5495.9265 2.327343e-05
     5496.8266 2.354928e-05
     5497.7272 2.320719e-05
     5498.6274 2.267300e-05
     5499.5275 2.300935e-05
     5500.4277 2.384650e-05
     5501.3278 2.391094e-05
     5502.2284 2.313910e-05
     5503.1286 2.255564e-05
     5504.0287 2.261803e-05
     5504.9289 2.294593e-05
     5505.8290 2.307245e-05
     5506.7296 2.263001e-05
     5507.6298 2.202483e-05
     5508.5299 2.227124e-05
     5509.4301 2.313735e-05
     5510.3302 2.353377e-05
     5511.2308 2.334239e-05
     5512.1310 2.288793e-05
     5513.0311 2.215116e-05
     5513.9313 2.153917e-05
     5514.8314 2.153041e-05
     5515.7320 2.193813e-05
     5516.6322 2.245169e-05
     5517.5323 2.285345e-05
     5518.4325 2.326747e-05
     5519.3326 2.387516e-05
     5520.2332 2.429151e-05
     5521.1334 2.425443e-05
     5522.0335 2.405285e-05
     5522.9337 2.394326e-05
     5523.8338 2.392739e-05
     5524.7344 2.396613e-05
     5525.6346 2.391370e-05
     5526.5347 2.364225e-05
     5527.4349 2.317477e-05
     5528.3350 2.239101e-05
     5529.2356 2.154485e-05
     5530.1358 2.160222e-05
     5531.0359 2.269689e-05
     5531.9361 2.363947e-05
     5532.8362 2.378787e-05
     5533.7368 2.356965e-05
     5534.6370 2.342736e-05
     5535.5371 2.320771e-05
     5536.4373 2.295149e-05
     5537.3374 2.308715e-05
     5538.2380 2.337604e-05
     5539.1382 2.340898e-05
     5540.0383 2.351311e-05
     5540.9385 2.394129e-05
     5541.8386 2.437059e-05
     5542.7392 2.441459e-05
     5543.6394 2.398087e-05
     5544.5395 2.348362e-05
     5545.4397 2.343138e-05
     5546.3398 2.359768e-05
     5547.2404 2.355456e-05
     5548.1406 2.360573e-05
     5549.0407 2.406839e-05
     5549.9409 2.451596e-05
     5550.8410 2.461919e-05
     5551.7416 2.459205e-05
     5552.6418 2.453406e-05
     5553.5419 2.429383e-05
     5554.4421 2.381179e-05
     5555.3422 2.338401e-05
     5556.2428 2.336943e-05
     5557.1430 2.366893e-05
     5558.0431 2.379842e-05
     5558.9433 2.369793e-05
     5559.8434 2.372053e-05
     5560.7441 2.384828e-05
     5561.6442 2.383485e-05
     5562.5443 2.365274e-05
     5563.4445 2.329165e-05
     5564.3446 2.296948e-05
     5565.2453 2.299650e-05
     5566.1454 2.302903e-05
     5567.0455 2.278710e-05
     5567.9457 2.269792e-05
     5568.8458 2.289082e-05
     5569.7465 2.292754e-05
     5570.6466 2.272516e-05
     5571.5467 2.293886e-05
     5572.4469 2.336562e-05
     5573.3470 2.296842e-05
     5574.2477 2.235926e-05
     5575.1478 2.277774e-05
     5576.0479 2.350175e-05
     5576.9481 2.350695e-05
     5577.8482 2.339109e-05
     5578.7489 2.361011e-05
     5579.6490 2.368309e-05
     5580.5491 2.370496e-05
     5581.4493 2.389221e-05
     5582.3494 2.377506e-05
     5583.2501 2.342340e-05
     5584.1502 2.339960e-05
     5585.0504 2.352136e-05
     5585.9505 2.330562e-05
     5586.8506 2.257950e-05
     5587.7513 2.146635e-05
     5588.6514 2.059361e-05
     5589.5516 2.042314e-05
     5590.4517 2.078489e-05
     5591.3518 2.147575e-05
     5592.2525 2.218879e-05
     5593.1526 2.250284e-05
     5594.0528 2.242764e-05
     5594.9529 2.215590e-05
     5595.8530 2.213893e-05
     5596.7537 2.293810e-05
     5597.6538 2.377543e-05
     5598.5540 2.347168e-05
     5599.4541 2.248330e-05
     5600.3542 2.207568e-05
     5601.2549 2.219540e-05
     5602.1550 2.201765e-05
     5603.0552 2.156195e-05
     5603.9553 2.137212e-05
     5604.8554 2.195847e-05
     5605.7561 2.315357e-05
     5606.6562 2.409647e-05
     5607.5564 2.447038e-05
     5608.4565 2.448435e-05
     5609.3566 2.438336e-05
     5610.2573 2.430904e-05
     5611.1574 2.427089e-05
     5612.0576 2.433646e-05
     5612.9577 2.452598e-05
     5613.8579 2.463593e-05
     5614.7585 2.414942e-05
     5615.6586 2.261776e-05
     5616.5588 2.094821e-05
     5617.4589 2.086251e-05
     5618.3591 2.212900e-05
     5619.2597 2.304080e-05
     5620.1598 2.308779e-05
     5621.0600 2.295351e-05
     5621.9601 2.319110e-05
     5622.8603 2.368025e-05
     5623.7609 2.381401e-05
     5624.6610 2.308163e-05
     5625.5612 2.192865e-05
     5626.4613 2.160065e-05
     5627.3615 2.232112e-05
     5628.2621 2.305150e-05
     5629.1622 2.333565e-05
     5630.0624 2.362603e-05
     5630.9625 2.402230e-05
     5631.8627 2.424547e-05
     5632.7633 2.427211e-05
     5633.6634 2.417161e-05
     5634.5636 2.393908e-05
     5635.4637 2.365849e-05
     5636.3639 2.342002e-05
     5637.2645 2.312925e-05
     5638.1646 2.277797e-05
     5639.0648 2.266077e-05
     5639.9649 2.294561e-05
     5640.8651 2.324186e-05
     5641.7657 2.305627e-05
     5642.6658 2.268414e-05
     5643.5660 2.273946e-05
     5644.4661 2.302351e-05
     5645.3663 2.314224e-05
     5646.2669 2.324296e-05
     5647.1670 2.340370e-05
     5648.0672 2.357970e-05
     5648.9673 2.368848e-05
     5649.8675 2.356751e-05
     5650.7681 2.334322e-05
     5651.6683 2.335577e-05
     5652.5684 2.368869e-05
     5653.4685 2.405050e-05
     5654.3687 2.404842e-05
     5655.2693 2.355264e-05
     5656.1695 2.304405e-05
     5657.0696 2.312207e-05
     5657.9697 2.317240e-05
     5658.8699 2.215862e-05
     5659.7705 2.097994e-05
     5660.6707 2.129054e-05
     5661.5708 2.250224e-05
     5662.4709 2.288899e-05
     5663.3711 2.240354e-05
     5664.2717 2.224914e-05
     5665.1719 2.283614e-05
     5666.0720 2.353099e-05
     5666.9721 2.374872e-05
     5667.8723 2.342316e-05
     5668.7729 2.298185e-05
     5669.6731 2.288992e-05
     5670.5732 2.306030e-05
     5671.4733 2.318723e-05
     5672.3735 2.330033e-05
     5673.2741 2.367913e-05
     5674.1743 2.423077e-05
     5675.0744 2.445695e-05
     5675.9746 2.421618e-05
     5676.8747 2.400951e-05
     5677.7753 2.420881e-05
     5678.6755 2.438927e-05
     5679.5756 2.416740e-05
     5680.4758 2.386128e-05
     5681.3759 2.382886e-05
     5682.2765 2.376667e-05
     5683.1767 2.323573e-05
     5684.0768 2.272128e-05
     5684.9770 2.286294e-05
     5685.8771 2.332933e-05
     5686.7777 2.347513e-05
     5687.6779 2.310414e-05
     5688.5780 2.261954e-05
     5689.4782 2.248805e-05
     5690.3783 2.284943e-05
     5691.2789 2.342994e-05
     5692.1791 2.382572e-05
     5693.0792 2.409815e-05
     5693.9794 2.429043e-05
     5694.8795 2.419527e-05
     5695.7801 2.397551e-05
     5696.6803 2.395489e-05
     5697.5804 2.408258e-05
     5698.4806 2.390898e-05
     5699.3807 2.334564e-05
     5700.2813 2.303092e-05
     5701.1815 2.301005e-05
     5702.0816 2.272030e-05
     5702.9818 2.235950e-05
     5703.8819 2.249024e-05
     5704.7825 2.303193e-05
     5705.6827 2.338991e-05
     5706.5828 2.314517e-05
     5707.4830 2.255176e-05
     5708.3831 2.212530e-05
     5709.2838 2.174307e-05
     5710.1839 2.132218e-05
     5711.0840 2.131231e-05
     5711.9842 2.154130e-05
     5712.8843 2.158372e-05
     5713.7850 2.203720e-05
     5714.6851 2.301692e-05
     5715.5852 2.363352e-05
     5716.4854 2.375629e-05
     5717.3855 2.385585e-05
     5718.2862 2.389399e-05
     5719.1863 2.383080e-05
     5720.0864 2.397371e-05
     5720.9866 2.423976e-05
     5721.8867 2.438873e-05
     5722.7874 2.456172e-05
     5723.6875 2.476737e-05
     5724.5876 2.480811e-05
     5725.4878 2.471689e-05
     5726.3879 2.455641e-05
     5727.2886 2.414073e-05
     5728.1887 2.355035e-05
     5729.0889 2.346861e-05
     5729.9890 2.403807e-05
     5730.8891 2.443134e-05
     5731.7898 2.409874e-05
     5732.6899 2.352426e-05
     5733.5901 2.355801e-05
     5734.4902 2.412598e-05
     5735.3903 2.453948e-05
     5736.2910 2.461568e-05
     5737.1911 2.447944e-05
     5738.0913 2.427587e-05
     5738.9914 2.419401e-05
     5739.8915 2.420845e-05
     5740.7922 2.422102e-05
     5741.6923 2.423676e-05
     5742.5925 2.420071e-05
     5743.4926 2.404873e-05
     5744.3928 2.393992e-05
     5745.2934 2.415387e-05
     5746.1935 2.460246e-05
     5747.0937 2.484970e-05
     5747.9938 2.453407e-05
     5748.8940 2.381645e-05
     5749.7946 2.348740e-05
     5750.6947 2.393418e-05
     5751.5949 2.452623e-05
     5752.4950 2.452607e-05
     5753.3952 2.384889e-05
     5754.2958 2.297053e-05
     5755.1959 2.249114e-05
     5756.0961 2.282082e-05
     5756.9962 2.372661e-05
     5757.8964 2.447062e-05
     5758.7970 2.477000e-05
     5759.6971 2.472174e-05
     5760.5973 2.435092e-05
     5761.4974 2.379965e-05
     5762.3976 2.324385e-05
     5763.2982 2.275306e-05
     5764.1983 2.262369e-05
     5765.0985 2.327235e-05
     5765.9986 2.422253e-05
     5766.8988 2.468077e-05
     5767.7994 2.473482e-05
     5768.6995 2.474431e-05
     5769.5997 2.471696e-05
     5770.4998 2.462488e-05
     5771.4000 2.452769e-05
     5772.3006 2.437720e-05
     5773.2008 2.414659e-05
     5774.1009 2.403847e-05
     5775.0010 2.400834e-05
     5775.9012 2.388532e-05
     5776.8018 2.391297e-05
     5777.7020 2.417806e-05
     5778.6021 2.439263e-05
     5779.5022 2.437916e-05
     5780.4024 2.406138e-05
     5781.3030 2.327746e-05
     5782.2032 2.227916e-05
     5783.1033 2.182142e-05
     5784.0034 2.208539e-05
     5784.9036 2.239017e-05
     5785.8042 2.218379e-05
     5786.7044 2.194160e-05
     5787.6045 2.239720e-05
     5788.5047 2.321262e-05
     5789.4048 2.373280e-05
     5790.3054 2.396397e-05
     5791.2056 2.379233e-05
     5792.1057 2.331438e-05
     5793.0059 2.326561e-05
     5793.9060 2.371239e-05
     5794.8066 2.412186e-05
     5795.7068 2.442616e-05
     5796.6069 2.462458e-05
     5797.5071 2.442032e-05
     5798.4072 2.379264e-05
     5799.3078 2.338800e-05
     5800.2080 2.377896e-05
     5801.1081 2.455378e-05
     5802.0083 2.501140e-05
     5802.9084 2.514129e-05
     5803.8090 2.506094e-05
     5804.7092 2.459505e-05
     5805.6093 2.397135e-05
     5806.5095 2.371529e-05
     5807.4096 2.382781e-05
     5808.3102 2.403331e-05
     5809.2104 2.418227e-05
     5810.1105 2.422603e-05
     5811.0107 2.430105e-05
     5811.9108 2.447533e-05
     5812.8114 2.459902e-05
     5813.7116 2.461411e-05
     5814.6117 2.455482e-05
     5815.5119 2.432554e-05
     5816.4120 2.387018e-05
     5817.3127 2.347204e-05
     5818.2128 2.356804e-05
     5819.1129 2.417558e-05
     5820.0131 2.474203e-05
     5820.9132 2.494026e-05
     5821.8139 2.494852e-05
     5822.7140 2.487661e-05
     5823.6141 2.472338e-05
     5824.5143 2.458702e-05
     5825.4144 2.460076e-05
     5826.3151 2.474203e-05
     5827.2152 2.481148e-05
     5828.1153 2.475932e-05
     5829.0155 2.471129e-05
     5829.9156 2.477593e-05
     5830.8163 2.490478e-05
     5831.7164 2.489804e-05
     5832.6166 2.477873e-05
     5833.5167 2.473301e-05
     5834.4168 2.467722e-05
     5835.3175 2.445527e-05
     5836.2176 2.427788e-05
     5837.1178 2.443184e-05
     5838.0179 2.464501e-05
     5838.9180 2.450958e-05
     5839.8187 2.427995e-05
     5840.7188 2.439072e-05
     5841.6190 2.474388e-05
     5842.5191 2.500518e-05
     5843.4192 2.508158e-05
     5844.3199 2.505299e-05
     5845.2200 2.493676e-05
     5846.1202 2.475401e-05
     5847.0203 2.450454e-05
     5847.9205 2.416610e-05
     5848.8211 2.391517e-05
     5849.7212 2.392227e-05
     5850.6214 2.410512e-05
     5851.5215 2.423477e-05
     5852.4217 2.412348e-05
     5853.3223 2.371498e-05
     5854.2224 2.321687e-05
     5855.1226 2.310434e-05
     5856.0227 2.342326e-05
     5856.9229 2.354330e-05
     5857.8235 2.298860e-05
     5858.7236 2.219925e-05
     5859.6238 2.210400e-05
     5860.5239 2.273109e-05
     5861.4241 2.340031e-05
     5862.3247 2.373685e-05
     5863.2248 2.360232e-05
     5864.1250 2.339994e-05
     5865.0251 2.359959e-05
     5865.9253 2.389865e-05
     5866.8259 2.378393e-05
     5867.7260 2.334742e-05
     5868.6262 2.323956e-05
     5869.5263 2.366115e-05
     5870.4265 2.414734e-05
     5871.3271 2.440527e-05
     5872.2273 2.443338e-05
     5873.1274 2.427586e-05
     5874.0275 2.403963e-05
     5874.9277 2.396424e-05
     5875.8283 2.411757e-05
     5876.7285 2.419833e-05
     5877.6286 2.406653e-05
     5878.5287 2.388436e-05
     5879.4289 2.370376e-05
     5880.3295 2.343321e-05
     5881.2297 2.310204e-05
     5882.1298 2.306138e-05
     5883.0300 2.336400e-05
     5883.9301 2.349711e-05
     5884.8307 2.324107e-05
     5885.7309 2.302633e-05
     5886.6310 2.315556e-05
     5887.5312 2.329192e-05
     5888.4313 2.293710e-05
     5889.3319 2.154731e-05
     5890.2321 1.872435e-05
     5891.1322 1.586918e-05
     5892.0324 1.571336e-05
     5892.9325 1.809828e-05
     5893.8331 2.030372e-05
     5894.7333 2.117016e-05
     5895.6334 2.069991e-05
     5896.5336 1.873311e-05
     5897.4337 1.709479e-05
     5898.3343 1.805749e-05
     5899.2345 2.042071e-05
     5900.1346 2.183483e-05
     5901.0348 2.234356e-05
     5901.9349 2.282464e-05
     5902.8355 2.322721e-05
     5903.7357 2.334976e-05
     5904.6358 2.339910e-05
     5905.5360 2.343675e-05
     5906.4361 2.329174e-05
     5907.3368 2.312686e-05
     5908.2369 2.324312e-05
     5909.1370 2.354398e-05
     5910.0372 2.369560e-05
     5910.9373 2.363043e-05
     5911.8380 2.366509e-05
     5912.7381 2.386306e-05
     5913.6382 2.382807e-05
     5914.5384 2.331117e-05
     5915.4385 2.266259e-05
     5916.3392 2.244040e-05
     5917.2393 2.260845e-05
     5918.1394 2.293746e-05
     5919.0396 2.327721e-05
     5919.9397 2.345452e-05
     5920.8404 2.363097e-05
     5921.7405 2.379017e-05
     5922.6407 2.365343e-05
     5923.5408 2.340139e-05
     5924.4409 2.341614e-05
     5925.3416 2.363507e-05
     5926.2417 2.380567e-05
     5927.1419 2.392173e-05
     5928.0420 2.391661e-05
     5928.9421 2.372084e-05
     5929.8428 2.341621e-05
     5930.7429 2.302464e-05
     5931.6431 2.285397e-05
     5932.5432 2.326355e-05
     5933.4434 2.382397e-05
     5934.3440 2.389798e-05
     5935.2441 2.343035e-05
     5936.1443 2.301073e-05
     5937.0444 2.320044e-05
     5937.9446 2.364921e-05
     5938.8452 2.386062e-05
     5939.7453 2.395977e-05
     5940.6455 2.400496e-05
     5941.5456 2.371587e-05
     5942.4458 2.324672e-05
     5943.3464 2.310631e-05
     5944.2465 2.332018e-05
     5945.1467 2.359436e-05
     5946.0468 2.385584e-05
     5946.9470 2.409049e-05
     5947.8476 2.413724e-05
     5948.7477 2.379992e-05
     5949.6479 2.317389e-05
     5950.5480 2.285297e-05
     5951.4482 2.320668e-05
     5952.3488 2.366095e-05
     5953.2489 2.349561e-05
     5954.1491 2.299307e-05
     5955.0492 2.301413e-05
     5955.9494 2.348342e-05
     5956.8500 2.359746e-05
     5957.7502 2.323443e-05
     5958.6503 2.298848e-05
     5959.5504 2.314340e-05
     5960.4506 2.349683e-05
     5961.3512 2.386500e-05
     5962.2514 2.412399e-05
     5963.1515 2.422436e-05
     5964.0516 2.419363e-05
     5964.9518 2.411775e-05
     5965.8524 2.396121e-05
     5966.7526 2.366788e-05
     5967.6527 2.356944e-05
     5968.5529 2.383368e-05
     5969.4530 2.411819e-05
     5970.3536 2.424389e-05
     5971.2538 2.433273e-05
     5972.1539 2.441566e-05
     5973.0541 2.442808e-05
     5973.9542 2.438692e-05
     5974.8548 2.431705e-05
     5975.7550 2.408439e-05
     5976.6551 2.364439e-05
     5977.5553 2.323165e-05
     5978.4554 2.306360e-05
     5979.3560 2.313879e-05
     5980.2562 2.339659e-05
     5981.1563 2.378772e-05
     5982.0565 2.409262e-05
     5982.9566 2.410538e-05
     5983.8572 2.376426e-05
     5984.7574 2.306966e-05
     5985.6575 2.251750e-05
     5986.5577 2.269360e-05
     5987.4578 2.323873e-05
     5988.3585 2.349289e-05
     5989.2586 2.356198e-05
     5990.1587 2.376681e-05
     5991.0589 2.396188e-05
     5991.9590 2.387006e-05
     5992.8597 2.362476e-05
     5993.7598 2.369313e-05
     5994.6599 2.409552e-05
     5995.5601 2.438419e-05
     5996.4602 2.432484e-05
     5997.3609 2.399653e-05
     5998.2610 2.353914e-05
     5999.1612 2.321469e-05
     6000.0613 2.324024e-05
     6000.9614 2.351391e-05
     6001.8621 2.379039e-05
     6002.7622 2.378588e-05
     6003.6624 2.340810e-05
     6004.5625 2.316262e-05
     6005.4626 2.340073e-05
     6006.3633 2.366186e-05
     6007.2634 2.354428e-05
     6008.1636 2.311074e-05
     6009.0637 2.253294e-05
     6009.9639 2.239019e-05
     6010.8645 2.306586e-05
     6011.7646 2.386170e-05
     6012.6648 2.400617e-05
     6013.5649 2.353441e-05
     6014.4651 2.301755e-05
     6015.3657 2.302462e-05
     6016.2658 2.337082e-05
     6017.1660 2.336689e-05
     6018.0661 2.307244e-05
     6018.9663 2.312568e-05
     6019.8669 2.337103e-05
     6020.7670 2.319960e-05
     6021.6672 2.279945e-05
     6022.5673 2.271087e-05
     6023.4675 2.293896e-05
     6024.3681 2.316640e-05
     6025.2682 2.322745e-05
     6026.1684 2.341478e-05
     6027.0685 2.374287e-05
     6027.9687 2.378239e-05
     6028.8693 2.374723e-05
     6029.7695 2.399392e-05
     6030.6696 2.423386e-05
     6031.5697 2.420839e-05
     6032.4699 2.411690e-05
     6033.3705 2.421126e-05
     6034.2707 2.438226e-05
     6035.1708 2.443428e-05
     6036.0709 2.439307e-05
     6036.9711 2.435787e-05
     6037.8717 2.435953e-05
     6038.7719 2.439884e-05
     6039.6720 2.436852e-05
     6040.5722 2.418364e-05
     6041.4723 2.403468e-05
     6042.3729 2.403094e-05
     6043.2731 2.402261e-05
     6044.1732 2.412999e-05
     6045.0734 2.441648e-05
     6045.9735 2.460788e-05
     6046.8741 2.465600e-05
     6047.7743 2.467862e-05
     6048.6744 2.467708e-05
     6049.5746 2.459555e-05
     6050.4747 2.452754e-05
     6051.3753 2.459187e-05
     6052.2755 2.466104e-05
     6053.1756 2.458651e-05
     6054.0758 2.438963e-05
     6054.9759 2.418037e-05
     6055.8765 2.405725e-05
     6056.7767 2.388615e-05
     6057.6768 2.368549e-05
     6058.5770 2.369767e-05
     6059.4771 2.392028e-05
     6060.3778 2.423037e-05
     6061.2779 2.447188e-05
     6062.1780 2.451830e-05
     6063.0782 2.434795e-05
     6063.9783 2.403093e-05
     6064.8790 2.370833e-05
     6065.7791 2.323492e-05
     6066.6792 2.278739e-05
     6067.5794 2.308986e-05
     6068.4795 2.399489e-05
     6069.3802 2.464498e-05
     6070.2803 2.481329e-05
     6071.1805 2.480396e-05
     6072.0806 2.480300e-05
     6072.9807 2.481878e-05
     6073.8814 2.483353e-05
     6074.7815 2.483494e-05
     6075.6817 2.482811e-05
     6076.5818 2.477399e-05
     6077.4819 2.463410e-05
     6078.3826 2.435790e-05
     6079.2827 2.387429e-05
     6080.1829 2.348843e-05
     6081.0830 2.360224e-05
     6081.9832 2.380099e-05
     6082.8838 2.358558e-05
     6083.7839 2.334598e-05
     6084.6841 2.351370e-05
     6085.5842 2.373399e-05
     6086.4844 2.362941e-05
     6087.3850 2.353780e-05
     6088.2851 2.374810e-05
     6089.1853 2.403984e-05
     6090.0854 2.399793e-05
     6090.9856 2.352457e-05
     6091.8862 2.315555e-05
     6092.7863 2.323465e-05
     6093.6865 2.341634e-05
     6094.5866 2.350092e-05
     6095.4868 2.376153e-05
     6096.3874 2.418683e-05
     6097.2875 2.429178e-05
     6098.1877 2.402822e-05
     6099.0878 2.390580e-05
     6099.9880 2.410134e-05
     6100.8886 2.440570e-05
     6101.7888 2.442624e-05
     6102.6889 2.362723e-05
     6103.5890 2.210747e-05
     6104.4892 2.134656e-05
     6105.3898 2.227063e-05
     6106.2900 2.362468e-05
     6107.1901 2.420970e-05
     6108.0902 2.411509e-05
     6108.9904 2.378555e-05
     6109.8910 2.374196e-05
     6110.7912 2.406652e-05
     6111.6913 2.415623e-05
     6112.5915 2.386556e-05
     6113.4916 2.379415e-05
     6114.3922 2.414530e-05
     6115.2924 2.451161e-05
     6116.1925 2.454107e-05
     6117.0927 2.416550e-05
     6117.9928 2.383423e-05
     6118.8934 2.398315e-05
     6119.7936 2.414125e-05
     6120.6937 2.381270e-05
     6121.5939 2.324231e-05
     6122.4940 2.253417e-05
     6123.3946 2.181781e-05
     6124.2948 2.203340e-05
     6125.1949 2.321040e-05
     6126.0951 2.398900e-05
     6126.9952 2.391673e-05
     6127.8959 2.361187e-05
     6128.7960 2.338287e-05
     6129.6961 2.327082e-05
     6130.5963 2.345339e-05
     6131.4964 2.387998e-05
     6132.3971 2.419047e-05
     6133.2972 2.425058e-05
     6134.1973 2.425709e-05
     6135.0975 2.415187e-05
     6135.9976 2.363837e-05
     6136.8983 2.255672e-05
     6137.7984 2.104318e-05
     6138.6986 2.019137e-05
     6139.5987 2.110547e-05
     6140.4988 2.295390e-05
     6141.3995 2.397808e-05
     6142.2996 2.363252e-05
     6143.1998 2.292786e-05
     6144.0999 2.305368e-05
     6145.0000 2.383766e-05
     6145.9007 2.435280e-05
     6146.8008 2.438077e-05
     6147.7010 2.427095e-05
     6148.6011 2.408430e-05
     6149.5013 2.373116e-05
     6150.4019 2.336874e-05
     6151.3020 2.318052e-05
     6152.2022 2.325670e-05
     6153.1023 2.355801e-05
     6154.0025 2.389298e-05
     6154.9031 2.390548e-05
     6155.8032 2.351816e-05
     6156.7034 2.327054e-05
     6157.6035 2.339902e-05
     6158.5037 2.348328e-05
     6159.4043 2.340168e-05
     6160.3044 2.333607e-05
     6161.2046 2.292239e-05
     6162.1047 2.166051e-05
     6163.0049 2.005349e-05
     6163.9055 1.935215e-05
     6164.8057 1.997411e-05
     6165.7058 2.117896e-05
     6166.6059 2.203710e-05
     6167.5061 2.235837e-05
     6168.4067 2.262711e-05
     6169.3069 2.259953e-05
     6170.2070 2.168040e-05
     6171.1071 2.070040e-05
     6172.0073 2.099897e-05
     6172.9079 2.220416e-05
     6173.8081 2.289480e-05
     6174.7082 2.282236e-05
     6175.6084 2.275802e-05
     6176.5085 2.285038e-05
     6177.4091 2.277894e-05
     6178.3093 2.267155e-05
     6179.2094 2.290077e-05
     6180.1096 2.325294e-05
     6181.0097 2.322695e-05
     6181.9103 2.309334e-05
     6182.8105 2.329735e-05
     6183.7106 2.356242e-05
     6184.6108 2.357959e-05
     6185.5109 2.350893e-05
     6186.4115 2.339212e-05
     6187.3117 2.303599e-05
     6188.2118 2.259653e-05
     6189.1120 2.238040e-05
     6190.0121 2.240377e-05
     6190.9128 2.240121e-05
     6191.8129 2.183854e-05
     6192.7130 2.094714e-05
     6193.6132 2.101976e-05
     6194.5133 2.212140e-05
     6195.4140 2.298020e-05
     6196.3141 2.322067e-05
     6197.2142 2.331686e-05
     6198.1144 2.348989e-05
     6199.0145 2.348889e-05
     6199.9152 2.303546e-05
     6200.8153 2.233790e-05
     6201.7155 2.207512e-05
     6202.6156 2.252613e-05
     6203.5157 2.318617e-05
     6204.4164 2.351782e-05
     6205.3165 2.347783e-05
     6206.2167 2.336002e-05
     6207.1168 2.341610e-05
     6208.0170 2.354984e-05
     6208.9176 2.361244e-05
     6209.8177 2.358773e-05
     6210.7179 2.346177e-05
     6211.6180 2.324951e-05
     6212.5182 2.309142e-05
     6213.4188 2.288660e-05
     6214.3189 2.229286e-05
     6215.2191 2.155295e-05
     6216.1192 2.120325e-05
     6217.0194 2.125479e-05
     6217.9200 2.168332e-05
     6218.8201 2.229863e-05
     6219.7203 2.245616e-05
     6220.6204 2.200482e-05
     6221.5206 2.161257e-05
     6222.4212 2.172709e-05
     6223.3213 2.215452e-05
     6224.2215 2.247693e-05
     6225.1216 2.244888e-05
     6226.0218 2.234773e-05
     6226.9224 2.248606e-05
     6227.8226 2.264473e-05
     6228.7227 2.268182e-05
     6229.6228 2.260325e-05
     6230.5230 2.209881e-05
     6231.4236 2.114217e-05
     6232.3238 2.049302e-05
     6233.2239 2.073775e-05
     6234.1241 2.138515e-05
     6235.0242 2.207866e-05
     6235.9248 2.283216e-05
     6236.8250 2.325670e-05
     6237.7251 2.317167e-05
     6238.6253 2.280989e-05
     6239.5254 2.242762e-05
     6240.4260 2.204938e-05
     6241.3262 2.170742e-05
     6242.2263 2.173570e-05
     6243.1265 2.192456e-05
     6244.0266 2.161867e-05
     6244.9272 2.121729e-05
     6245.8274 2.134703e-05
     6246.7275 2.153911e-05
     6247.6277 2.155049e-05
     6248.5278 2.188612e-05
     6249.4285 2.252409e-05
     6250.3286 2.289608e-05
     6251.2287 2.292594e-05
     6252.1289 2.267939e-05
     6253.0290 2.198701e-05
     6253.9297 2.122173e-05
     6254.8298 2.098321e-05
     6255.7299 2.118869e-05
     6256.6301 2.140292e-05
     6257.5302 2.126459e-05
     6258.4309 2.083500e-05
     6259.3310 2.041741e-05
     6260.2312 2.044354e-05
     6261.1313 2.114091e-05
     6262.0314 2.180700e-05
     6262.9321 2.212721e-05
     6263.8322 2.260212e-05
     6264.7324 2.304041e-05
     6265.6325 2.282847e-05
     6266.5327 2.221170e-05
     6267.4333 2.208055e-05
     6268.3334 2.249347e-05
     6269.2336 2.272858e-05
     6270.1337 2.257514e-05
     6271.0339 2.238469e-05
     6271.9345 2.236219e-05
     6272.8346 2.252969e-05
     6273.7348 2.279808e-05
     6274.6349 2.291905e-05
     6275.5351 2.281824e-05
     6276.4357 2.275397e-05
     6277.3358 2.283659e-05
     6278.2360 2.290524e-05
     6279.1361 2.290770e-05
     6280.0363 2.280977e-05
     6280.9369 2.244273e-05
     6281.8371 2.201865e-05
     6282.7372 2.202401e-05
     6283.6373 2.236475e-05
     6284.5375 2.272629e-05
     6285.4381 2.296050e-05
     6286.3383 2.293325e-05
     6287.2384 2.289781e-05
     6288.1385 2.312714e-05
     6289.0387 2.345243e-05
     6289.9393 2.365180e-05
     6290.8395 2.357974e-05
     6291.7396 2.320960e-05
     6292.6398 2.281755e-05
     6293.5399 2.264341e-05
     6294.4405 2.267166e-05
     6295.3407 2.286983e-05
     6296.2408 2.299049e-05
     6297.1410 2.268752e-05
     6298.0411 2.213689e-05
     6298.9417 2.190336e-05
     6299.8419 2.217645e-05
     6300.7420 2.256254e-05
     6301.6422 2.251815e-05
     6302.5423 2.199050e-05
     6303.4429 2.157888e-05
     6304.3431 2.180668e-05
     6305.2432 2.238742e-05
     6306.1434 2.270044e-05
     6307.0435 2.272259e-05
     6307.9442 2.295583e-05
     6308.8443 2.338438e-05
     6309.7444 2.357731e-05
     6310.6446 2.342470e-05
     6311.5447 2.306159e-05
     6312.4454 2.270565e-05
     6313.3455 2.260140e-05
     6314.2457 2.277740e-05
     6315.1458 2.275393e-05
     6316.0459 2.223358e-05
     6316.9466 2.189209e-05
     6317.8467 2.209209e-05
     6318.7469 2.205095e-05
     6319.6470 2.159149e-05
     6320.5471 2.160016e-05
     6321.4478 2.222574e-05
     6322.3479 2.271093e-05
     6323.2481 2.270116e-05
     6324.1482 2.259541e-05
     6325.0484 2.282152e-05
     6325.9490 2.316057e-05
     6326.8491 2.329232e-05
     6327.7493 2.322716e-05
     6328.6494 2.309370e-05
     6329.5496 2.313690e-05
     6330.4502 2.324939e-05
     6331.3503 2.309073e-05
     6332.2505 2.295793e-05
     6333.1506 2.320052e-05
     6334.0508 2.357615e-05
     6334.9514 2.362981e-05
     6335.8515 2.301459e-05
     6336.7517 2.203414e-05
     6337.6518 2.156433e-05
     6338.5520 2.190320e-05
     6339.4526 2.245726e-05
     6340.3528 2.270505e-05
     6341.2529 2.293619e-05
     6342.1530 2.331261e-05
     6343.0532 2.341525e-05
     6343.9538 2.306843e-05
     6344.8540 2.246543e-05
     6345.7541 2.210541e-05
     6346.6543 2.236414e-05
     6347.5544 2.284437e-05
     6348.4550 2.309099e-05
     6349.3552 2.321576e-05
     6350.2553 2.334774e-05
     6351.1555 2.340088e-05
     6352.0556 2.339303e-05
     6352.9562 2.340513e-05
     6353.8564 2.335556e-05
     6354.7565 2.309139e-05
     6355.6567 2.261631e-05
     6356.5568 2.228705e-05
     6357.4574 2.245495e-05
     6358.3576 2.265802e-05
     6359.2577 2.230147e-05
     6360.1579 2.173738e-05
     6361.0580 2.161698e-05
     6361.9587 2.177738e-05
     6362.8588 2.170719e-05
     6363.7589 2.149413e-05
     6364.6591 2.151972e-05
     6365.5592 2.181836e-05
     6366.4599 2.217655e-05
     6367.3600 2.245155e-05
     6368.2602 2.271828e-05
     6369.1603 2.307384e-05
     6370.0604 2.329897e-05
     6370.9611 2.322607e-05
     6371.8612 2.308370e-05
     6372.7614 2.316560e-05
     6373.6615 2.344465e-05
     6374.5616 2.363139e-05
     6375.4623 2.359529e-05
     6376.3624 2.348458e-05
     6377.2626 2.346345e-05
     6378.1627 2.345391e-05
     6379.0629 2.324782e-05
     6379.9635 2.294206e-05
     6380.8636 2.280601e-05
     6381.7638 2.276562e-05
     6382.6639 2.280067e-05
     6383.5641 2.304367e-05
     6384.4647 2.327194e-05
     6385.3648 2.320734e-05
     6386.2650 2.305427e-05
     6387.1651 2.311708e-05
     6388.0653 2.328744e-05
     6388.9659 2.334582e-05
     6389.8660 2.331775e-05
     6390.7662 2.334206e-05
     6391.6663 2.340158e-05
     6392.5665 2.329300e-05
     6393.4671 2.276257e-05
     6394.3673 2.190488e-05
     6395.2674 2.151890e-05
     6396.1675 2.210247e-05
     6397.0677 2.300394e-05
     6397.9683 2.354945e-05
     6398.8685 2.368887e-05
     6399.7686 2.333108e-05
     6400.6688 2.226544e-05
     6401.5689 2.124550e-05
     6402.4695 2.158887e-05
     6403.3697 2.284196e-05
     6404.2698 2.365208e-05
     6405.1700 2.385014e-05
     6406.0701 2.381104e-05
     6406.9707 2.364685e-05
     6407.8709 2.329580e-05
     6408.7710 2.274822e-05
     6409.6712 2.247327e-05
     6410.5713 2.287561e-05
     6411.4719 2.324779e-05
     6412.3721 2.285392e-05
     6413.2722 2.231557e-05
     6414.1724 2.242561e-05
     6415.0725 2.282784e-05
     6415.9732 2.303156e-05
     6416.8733 2.317917e-05
     6417.7734 2.334454e-05
     6418.6736 2.335348e-05
     6419.5737 2.319053e-05
     6420.4744 2.283461e-05
     6421.3745 2.225369e-05
     6422.2747 2.181702e-05
     6423.1748 2.205915e-05
     6424.0749 2.291737e-05
     6424.9756 2.360358e-05
     6425.8757 2.367316e-05
     6426.7759 2.355526e-05
     6427.6760 2.363810e-05
     6428.5762 2.381142e-05
     6429.4768 2.384403e-05
     6430.3769 2.353545e-05
     6431.2771 2.278369e-05
     6432.1772 2.200920e-05
     6433.0774 2.198608e-05
     6433.9780 2.263070e-05
     6434.8781 2.319668e-05
     6435.7783 2.347156e-05
     6436.6784 2.363164e-05
     6437.5786 2.371540e-05
     6438.4792 2.353496e-05
     6439.3793 2.282632e-05
     6440.2795 2.198729e-05
     6441.1796 2.203242e-05
     6442.0798 2.298324e-05
     6442.9804 2.382243e-05
     6443.8806 2.408856e-05
     6444.7807 2.404795e-05
     6445.6808 2.397771e-05
     6446.5810 2.398856e-05
     6447.4816 2.407215e-05
     6448.3818 2.407044e-05
     6449.2819 2.366748e-05
     6450.1821 2.255844e-05
     6451.0822 2.121183e-05
     6451.9828 2.092048e-05
     6452.8830 2.191623e-05
     6453.7831 2.305287e-05
     6454.6833 2.364068e-05
     6455.5834 2.362461e-05
     6456.4840 2.311360e-05
     6457.3842 2.266118e-05
     6458.2843 2.283008e-05
     6459.1845 2.341659e-05
     6460.0846 2.388832e-05
     6460.9852 2.409763e-05
     6461.8854 2.397041e-05
     6462.7855 2.317087e-05
     6463.6857 2.188490e-05
     6464.5858 2.135356e-05
     6465.4865 2.210109e-05
     6466.3866 2.307225e-05
     6467.2867 2.356752e-05
     6468.1869 2.376103e-05
     6469.0870 2.379722e-05
     6469.9877 2.362623e-05
     6470.8878 2.334643e-05
     6471.7880 2.310098e-05
     6472.6881 2.283515e-05
     6473.5882 2.278318e-05
     6474.4889 2.309374e-05
     6475.3890 2.325452e-05
     6476.2892 2.303611e-05
     6477.1893 2.288647e-05
     6478.0895 2.310990e-05
     6478.9901 2.340805e-05
     6479.8902 2.348115e-05
     6480.7904 2.345888e-05
     6481.6905 2.329438e-05
     6482.5907 2.273645e-05
     6483.4913 2.204746e-05
     6484.3914 2.186966e-05
     6485.2916 2.229801e-05
     6486.1917 2.282114e-05
     6487.0919 2.310550e-05
     6487.9925 2.321615e-05
     6488.8926 2.328619e-05
     6489.7928 2.328865e-05
     6490.6929 2.314065e-05
     6491.5931 2.287589e-05
     6492.4937 2.265969e-05
     6493.3939 2.248602e-05
     6494.2940 2.192867e-05
     6495.1941 2.069769e-05
     6496.0943 1.949921e-05
     6496.9949 1.922867e-05
     6497.8951 1.972147e-05
     6498.7952 2.043774e-05
     6499.6954 2.097917e-05
     6500.5955 2.117121e-05
     6501.4961 2.145122e-05
     6502.3963 2.202224e-05
     6503.2964 2.250391e-05
     6504.1966 2.277311e-05
     6505.0967 2.289607e-05
     6505.9973 2.297799e-05
     6506.8975 2.312043e-05
     6507.7976 2.322316e-05
     6508.6978 2.311465e-05
     6509.5979 2.287101e-05
     6510.4985 2.279036e-05
     6511.3987 2.297131e-05
     6512.2988 2.319422e-05
     6513.1990 2.326466e-05
     6514.0991 2.323530e-05
     6514.9998 2.318768e-05
     6515.8999 2.303646e-05
     6516.8000 2.278638e-05
     6517.7002 2.259583e-05
     6518.6003 2.247338e-05
     6519.5010 2.228858e-05
     6520.4011 2.224257e-05
     6521.3013 2.260613e-05
     6522.2014 2.306306e-05
     6523.1015 2.323271e-05
     6524.0022 2.320828e-05
     6524.9023 2.321620e-05
     6525.8025 2.330214e-05
     6526.7026 2.326265e-05
     6527.6028 2.294212e-05
     6528.5034 2.261538e-05
     6529.4035 2.264523e-05
     6530.3037 2.294897e-05
     6531.2038 2.317915e-05
     6532.1040 2.313281e-05
     6533.0046 2.286987e-05
     6533.9047 2.260346e-05
     6534.8049 2.253708e-05
     6535.7050 2.275840e-05
     6536.6052 2.311860e-05
     6537.5058 2.329719e-05
     6538.4059 2.318819e-05
     6539.3061 2.306543e-05
     6540.2062 2.317542e-05
     6541.1064 2.339751e-05
     6542.0070 2.346204e-05
     6542.9072 2.328900e-05
     6543.8073 2.301405e-05
     6544.7074 2.281861e-05
     6545.6076 2.271172e-05
     6546.5082 2.241683e-05
     6547.4084 2.188558e-05
     6548.3085 2.170865e-05
     6549.2087 2.213265e-05
     6550.1088 2.260805e-05
     6551.0094 2.274636e-05
     6551.9096 2.259521e-05
     6552.8097 2.238302e-05
     6553.7099 2.229356e-05
     6554.6100 2.220453e-05
     6555.5106 2.190221e-05
     6556.4108 2.148911e-05
     6557.3109 2.129211e-05
     6558.2111 2.146799e-05
     6559.1112 2.178380e-05
     6560.0119 2.190612e-05
     6560.9120 2.175106e-05
     6561.8121 2.115563e-05
     6562.7123 1.932334e-05
     6563.6124 1.611518e-05
     6564.5131 1.409905e-05
     6565.4132 1.563495e-05
     6566.3134 1.891962e-05
     6567.2135 2.109025e-05
     6568.1136 2.193308e-05
     6569.0143 2.218164e-05
     6569.9144 2.199326e-05
     6570.8146 2.168464e-05
     6571.7147 2.173438e-05
     6572.6148 2.194885e-05
     6573.5155 2.183043e-05
     6574.4156 2.144572e-05
     6575.3158 2.115990e-05
     6576.2159 2.115301e-05
     6577.1161 2.155676e-05
     6578.0167 2.223597e-05
     6578.9168 2.272932e-05
     6579.8170 2.287599e-05
     6580.7171 2.276078e-05
     6581.6173 2.243610e-05
     6582.5179 2.215814e-05
     6583.4180 2.224431e-05
     6584.3182 2.257280e-05
     6585.2183 2.278022e-05
     6586.1185 2.275367e-05
     6587.0191 2.257353e-05
     6587.9193 2.245919e-05
     6588.8194 2.264660e-05
     6589.7195 2.294483e-05
     6590.6197 2.307040e-05
     6591.5203 2.305585e-05
     6592.4205 2.280485e-05
     6593.3206 2.204678e-05
     6594.2208 2.100070e-05
     6595.1209 2.057442e-05
     6596.0215 2.120906e-05
     6596.9217 2.213645e-05
     6597.8218 2.255228e-05
     6598.7220 2.242815e-05
     6599.6221 2.211714e-05
     6600.5227 2.207122e-05
     6601.4229 2.244692e-05
     6602.3230 2.290355e-05
     6603.2232 2.308734e-05
     6604.1233 2.302096e-05
     6605.0240 2.281417e-05
     6605.9241 2.251949e-05
     6606.8242 2.230354e-05
     6607.7244 2.225372e-05
     6608.6245 2.217197e-05
     6609.5252 2.186325e-05
     6610.4253 2.150422e-05
     6611.3254 2.164050e-05
     6612.2256 2.231945e-05
     6613.1257 2.284371e-05
     6614.0264 2.282379e-05
     6614.9265 2.256700e-05
     6615.8267 2.255839e-05
     6616.7268 2.282781e-05
     6617.6269 2.298970e-05
     6618.5276 2.291867e-05
     6619.4277 2.282521e-05
     6620.3279 2.285933e-05
     6621.2280 2.296762e-05
     6622.1282 2.304633e-05
     6623.0288 2.303749e-05
     6623.9289 2.289102e-05
     6624.8291 2.255954e-05
     6625.7292 2.211554e-05
     6626.6294 2.191735e-05
     6627.5300 2.216465e-05
     6628.4301 2.246121e-05
     6629.3303 2.252662e-05
     6630.2304 2.249419e-05
     6631.1306 2.243395e-05
     6632.0312 2.237594e-05
     6632.9314 2.228088e-05
     6633.8315 2.199181e-05
     6634.7316 2.153404e-05
     6635.6318 2.130200e-05
     6636.5324 2.160450e-05
     6637.4326 2.214439e-05
     6638.3327 2.252047e-05
     6639.2329 2.264675e-05
     6640.1330 2.254272e-05
     6641.0336 2.236156e-05
     6641.9338 2.239587e-05
     6642.8339 2.260142e-05
     6643.7341 2.248215e-05
     6644.6342 2.193639e-05
     6645.5348 2.163739e-05
     6646.4350 2.195489e-05
     6647.3351 2.236564e-05
     6648.2353 2.243428e-05
     6649.1354 2.233947e-05
     6650.0361 2.237801e-05
     6650.9362 2.249463e-05
     6651.8363 2.248252e-05
     6652.7365 2.237500e-05
     6653.6366 2.232255e-05
     6654.5373 2.233782e-05
     6655.4374 2.236762e-05
     6656.3375 2.241905e-05
     6657.2377 2.242972e-05
     6658.1378 2.237236e-05
     6659.0385 2.237173e-05
     6659.9386 2.242484e-05
     6660.8388 2.240542e-05
     6661.7389 2.230086e-05
     6662.6390 2.216959e-05
     6663.5397 2.190425e-05
     6664.4398 2.142661e-05
     6665.3400 2.119732e-05
     6666.2401 2.151047e-05
     6667.1403 2.184448e-05
     6668.0409 2.188420e-05
     6668.9410 2.183593e-05
     6669.8412 2.193502e-05
     6670.7413 2.219955e-05
     6671.6415 2.246176e-05
     6672.5421 2.257500e-05
     6673.4422 2.254789e-05
     6674.3424 2.249237e-05
     6675.2425 2.247909e-05
     6676.1427 2.251169e-05
     6677.0433 2.249735e-05
     6677.9435 2.212059e-05
     6678.8436 2.127545e-05
     6679.7437 2.066946e-05
     6680.6439 2.097949e-05
     6681.5445 2.166382e-05
     6682.4447 2.196438e-05
     6683.3448 2.201041e-05
     6684.2450 2.210385e-05
     6685.1451 2.221874e-05
     6686.0457 2.228377e-05
     6686.9459 2.229288e-05
     6687.8460 2.224769e-05
     6688.7462 2.215798e-05
     6689.6463 2.210521e-05
     6690.5469 2.215855e-05
     6691.4471 2.223790e-05
     6692.3472 2.226542e-05
     6693.2474 2.225960e-05
     6694.1475 2.224800e-05
     6695.0482 2.225491e-05
     6695.9483 2.217702e-05
     6696.8484 2.186644e-05
     6697.7486 2.151081e-05
     6698.6487 2.145543e-05
     6699.5494 2.163228e-05
     6700.4495 2.184217e-05
     6701.3497 2.209787e-05
     6702.2498 2.229464e-05
     6703.1499 2.229896e-05
     6704.0506 2.211148e-05
     6704.9507 2.180318e-05
     6705.8509 2.159168e-05
     6706.7510 2.165918e-05
     6707.6512 2.189600e-05
     6708.5518 2.205626e-05
     6709.4519 2.206627e-05
     6710.3521 2.201383e-05
     6711.2522 2.190124e-05
     6712.1524 2.181982e-05
     6713.0530 2.187142e-05
     6713.9531 2.184489e-05
     6714.8533 2.164458e-05
     6715.7534 2.145430e-05
     6716.6536 2.128676e-05
     6717.5542 2.101262e-05
     6718.4543 2.062462e-05
     6719.3545 2.047336e-05
     6720.2546 2.091384e-05
     6721.1548 2.154589e-05
     6722.0554 2.181949e-05
     6722.9556 2.176082e-05
     6723.8557 2.171984e-05
     6724.7558 2.186343e-05
     6725.6560 2.197632e-05
     6726.5566 2.186331e-05
     6727.4568 2.163773e-05
     6728.3569 2.157039e-05
     6729.2571 2.172441e-05
     6730.1572 2.191041e-05
     6731.0578 2.202787e-05
     6731.9580 2.209070e-05
     6732.8581 2.207145e-05
     6733.7583 2.196086e-05
     6734.6584 2.183234e-05
     6735.5590 2.181497e-05
     6736.4592 2.192050e-05
     6737.3593 2.203700e-05
     6738.2595 2.201593e-05
     6739.1596 2.178007e-05
     6740.0603 2.147724e-05
     6740.9604 2.138816e-05
     6741.8605 2.157261e-05
     6742.7607 2.174798e-05
     6743.6608 2.164588e-05
     6744.5615 2.145248e-05
     6745.4616 2.150260e-05
     6746.3618 2.168537e-05
     6747.2619 2.171562e-05
     6748.1620 2.162736e-05
     6749.0627 2.157113e-05
     6749.9628 2.151266e-05
     6750.8630 2.135784e-05
     6751.7631 2.124028e-05
     6752.6633 2.132246e-05
     6753.5639 2.137487e-05
     6754.4640 2.129944e-05
     6755.3642 2.141034e-05
     6756.2643 2.166044e-05
     6757.1645 2.181698e-05
     6758.0651 2.195682e-05
     6758.9652 2.211937e-05
     6759.8654 2.221927e-05
     6760.7655 2.225787e-05
     6761.6657 2.226035e-05
     6762.5663 2.220413e-05
     6763.4665 2.212843e-05
     6764.3666 2.212508e-05
     6765.2667 2.215348e-05
     6766.1669 2.210699e-05
     6767.0675 2.193715e-05
     6767.9677 2.163258e-05
     6768.8678 2.133322e-05
     6769.7680 2.131200e-05
     6770.6681 2.155782e-05
     6771.5687 2.168021e-05
     6772.4689 2.154263e-05
     6773.3690 2.146265e-05
     6774.2692 2.164909e-05
     6775.1693 2.196391e-05
     6776.0699 2.222105e-05
     6776.9701 2.235385e-05
     6777.8702 2.235340e-05
     6778.7704 2.227565e-05
     6779.6705 2.227936e-05
     6780.5712 2.238494e-05
     6781.4713 2.240860e-05
     6782.3714 2.226804e-05
     6783.2716 2.199035e-05
     6784.1717 2.160777e-05
     6785.0724 2.124734e-05
     6785.9725 2.109990e-05
     6786.8727 2.117901e-05
     6787.7728 2.133878e-05
     6788.6729 2.155814e-05
     6789.5736 2.180302e-05
     6790.4737 2.188752e-05
     6791.3739 2.184417e-05
     6792.2740 2.188102e-05
     6793.1742 2.193940e-05
     6794.0748 2.182671e-05
     6794.9749 2.161356e-05
     6795.8751 2.156179e-05
     6796.7752 2.164314e-05
     6797.6754 2.170221e-05
     6798.5760 2.176404e-05
     6799.4761 2.181855e-05
     6800.3763 2.185996e-05
     6801.2764 2.193991e-05
     6802.1766 2.202391e-05
     6803.0772 2.207498e-05
     6803.9774 2.205242e-05
     6804.8775 2.192981e-05
     6805.7776 2.183080e-05
     6806.6778 2.184772e-05
     6807.5784 2.182389e-05
     6808.4786 2.174448e-05
     6809.3787 2.181631e-05
     6810.2789 2.191727e-05
     6811.1790 2.182768e-05
     6812.0796 2.173339e-05
     6812.9798 2.181780e-05
     6813.8799 2.194932e-05
     6814.7801 2.193310e-05
     6815.6802 2.170001e-05
     6816.5808 2.148818e-05
     6817.4810 2.160823e-05
     6818.3811 2.193901e-05
     6819.2813 2.211410e-05
     6820.1814 2.200854e-05
     6821.0821 2.176002e-05
     6821.9822 2.162616e-05
     6822.8823 2.176644e-05
     6823.7825 2.201714e-05
     6824.6826 2.215749e-05
     6825.5833 2.219778e-05
     6826.4834 2.222611e-05
     6827.3836 2.223639e-05
     6828.2837 2.210669e-05
     6829.1838 2.179011e-05
     6830.0845 2.154030e-05
     6830.9846 2.162886e-05
     6831.8848 2.192163e-05
     6832.7849 2.208355e-05
     6833.6851 2.202665e-05
     6834.5857 2.196455e-05
     6835.4858 2.205766e-05
     6836.3860 2.219918e-05
     6837.2861 2.220744e-05
     6838.1863 2.207794e-05
     6839.0869 2.192080e-05
     6839.9870 2.171522e-05
     6840.8872 2.143461e-05
     6841.7873 2.113498e-05
     6842.6875 2.086289e-05
     6843.5881 2.076010e-05
     6844.4883 2.093355e-05
     6845.3884 2.129531e-05
     6846.2885 2.168453e-05
     6847.1887 2.192636e-05
     6848.0893 2.199300e-05
     6848.9895 2.200318e-05
     6849.8896 2.197496e-05
     6850.7898 2.189955e-05
     6851.6899 2.182353e-05
     6852.5905 2.178945e-05
     6853.4907 2.183046e-05
     6854.3908 2.189686e-05
     6855.2910 2.174575e-05
     6856.1911 2.131093e-05
     6857.0917 2.101424e-05
     6857.9919 2.110869e-05
     6858.8920 2.130514e-05
     6859.7922 2.143246e-05
     6860.6923 2.153974e-05
     6861.5930 2.146713e-05
     6862.4931 2.115508e-05
     6863.3932 2.097771e-05
     6864.2934 2.125592e-05
     6865.1935 2.176426e-05
     6866.0942 2.204897e-05
     6866.9943 2.197171e-05
     6867.8945 2.168150e-05
     6868.7946 2.136587e-05
     6869.6947 2.122621e-05
     6870.5954 2.132384e-05
     6871.4955 2.148759e-05
     6872.3957 2.153265e-05
     6873.2958 2.139238e-05
     6874.1960 2.127754e-05
     6875.0966 2.140626e-05
     6875.9967 2.158167e-05
     6876.8969 2.161096e-05
     6877.7970 2.164253e-05
     6878.6972 2.180978e-05
     6879.5978 2.200134e-05
     6880.4979 2.206046e-05
     6881.3981 2.197176e-05
     6882.2982 2.171861e-05
     6883.1984 2.134488e-05
     6884.0990 2.109263e-05
     6884.9992 2.120102e-05
     6885.8993 2.151488e-05
     6886.7994 2.163155e-05
     6887.6996 2.159963e-05
     6888.6002 2.171802e-05
     6889.5004 2.193150e-05
     6890.4005 2.207673e-05
     6891.3007 2.214573e-05
     6892.2008 2.216202e-05
     6893.1014 2.214196e-05
     6894.0016 2.212109e-05
     6894.9017 2.210077e-05
     6895.8019 2.201760e-05
     6896.7020 2.188226e-05
     6897.6026 2.183718e-05
     6898.5028 2.190926e-05
     6899.4029 2.195967e-05
     6900.3031 2.192288e-05
     6901.2032 2.185287e-05
     6902.1039 2.185304e-05
     6903.0040 2.196240e-05
     6903.9041 2.209521e-05
     6904.8043 2.217657e-05
     6905.7044 2.217135e-05
     6906.6051 2.210905e-05
     6907.5052 2.207141e-05
     6908.4054 2.216442e-05
     6909.3055 2.231762e-05
     6910.2056 2.239111e-05
     6911.1063 2.236334e-05
     6912.0064 2.221579e-05
     6912.9066 2.202660e-05
     6913.8067 2.191041e-05
     6914.7069 2.175632e-05
     6915.6075 2.151596e-05
     6916.5076 2.142837e-05
     6917.4078 2.152840e-05
     6918.3079 2.160014e-05
     6919.2081 2.165450e-05
     6920.1087 2.179782e-05
     6921.0088 2.197090e-05
     6921.9090 2.213565e-05
     6922.8091 2.227401e-05
     6923.7093 2.229545e-05
     6924.6099 2.209330e-05
     6925.5101 2.168263e-05
     6926.4102 2.129598e-05
     6927.3103 2.122835e-05
     6928.2105 2.152010e-05
     6929.1111 2.189438e-05
     6930.0113 2.208273e-05
     6930.9114 2.211391e-05
     6931.8116 2.209902e-05
     6932.7117 2.204692e-05
     6933.6123 2.189339e-05
     6934.5125 2.166090e-05
     6935.4126 2.161493e-05
     6936.3128 2.184242e-05
     6937.2129 2.202768e-05
     6938.1135 2.202949e-05
     6939.0137 2.199348e-05
     6939.9138 2.202284e-05
     6940.8140 2.212568e-05
     6941.7141 2.226286e-05
     6942.6148 2.234181e-05
     6943.5149 2.227984e-05
     6944.4150 2.208395e-05
     6945.3152 2.177427e-05
     6946.2153 2.139579e-05
     6947.1160 2.126903e-05
     6948.0161 2.156409e-05
     6948.9163 2.194493e-05
     6949.8164 2.214659e-05
     6950.7165 2.222411e-05
     6951.6172 2.212786e-05
     6952.5173 2.183288e-05
     6953.4175 2.161188e-05
     6954.3176 2.159074e-05
     6955.2178 2.162085e-05
     6956.1184 2.169213e-05
     6957.0185 2.186477e-05
     6957.9187 2.208155e-05
     6958.8188 2.220474e-05
     6959.7190 2.222112e-05
     6960.6196 2.222800e-05
     6961.5197 2.222801e-05
     6962.4199 2.224624e-05
     6963.3200 2.231883e-05
     6964.2202 2.238672e-05
     6965.1208 2.242092e-05
     6966.0210 2.236743e-05
     6966.9211 2.219251e-05
     6967.8212 2.210068e-05
     6968.7214 2.226289e-05
     6969.6220 2.249803e-05
     6970.5222 2.256022e-05
     6971.4223 2.241964e-05
     6972.3225 2.220485e-05
     6973.2226 2.213279e-05
     6974.1232 2.227928e-05
     6975.0234 2.240395e-05
     6975.9235 2.228817e-05
     6976.8237 2.202928e-05
     6977.7238 2.172017e-05
     6978.6244 2.124266e-05
     6979.5246 2.058883e-05
     6980.4247 2.021943e-05
     6981.3249 2.060102e-05
     6982.2250 2.140559e-05
     6983.1257 2.200810e-05
     6984.0258 2.229176e-05
     6984.9259 2.242628e-05
     6985.8261 2.248891e-05
     6986.7262 2.249433e-05
     6987.6269 2.246006e-05
     6988.5270 2.237575e-05
     6989.4272 2.219781e-05
     6990.3273 2.197529e-05
     6991.2275 2.191171e-05
     6992.1281 2.208773e-05
     6993.0282 2.233798e-05
     6993.9284 2.247709e-05
     6994.8285 2.243905e-05
     6995.7287 2.230578e-05
     6996.6293 2.225585e-05
     6997.5294 2.231913e-05
     6998.4296 2.237629e-05
     6999.3297 2.232687e-05
     7000.2299 2.207548e-05
     7001.1305 2.170794e-05
     7002.0307 2.157797e-05
     7002.9308 2.183085e-05
     7003.8309 2.214161e-05
     7004.7311 2.213623e-05
     7005.6317 2.187813e-05
     7006.5319 2.169698e-05
     7007.4320 2.168797e-05
     7008.3322 2.176793e-05
     7009.2323 2.190279e-05
     7010.1329 2.207579e-05
     7011.0331 2.219163e-05
     7011.9332 2.214674e-05
     7012.8334 2.205787e-05
     7013.7335 2.210273e-05
     7014.6341 2.222435e-05
     7015.5343 2.217359e-05
     7016.4344 2.171964e-05
     7017.3346 2.098603e-05
     7018.2347 2.063066e-05
     7019.1354 2.111337e-05
     7020.0355 2.192846e-05
     7020.9356 2.243967e-05
     7021.8358 2.261946e-05
     7022.7359 2.259173e-05
     7023.6366 2.230918e-05
     7024.5367 2.180456e-05
     7025.4369 2.139935e-05
     7026.3370 2.138081e-05
     7027.2371 2.168687e-05
     7028.1378 2.200338e-05
     7029.0379 2.216278e-05
     7029.9381 2.222838e-05
     7030.8382 2.226592e-05
     7031.7384 2.230869e-05
     7032.6390 2.231732e-05
     7033.5391 2.224819e-05
     7034.4393 2.218436e-05
     7035.3394 2.216858e-05
     7036.2396 2.217221e-05
     7037.1402 2.224437e-05
     7038.0403 2.224017e-05
     7038.9405 2.188606e-05
     7039.8406 2.143235e-05
     7040.7408 2.152347e-05
     7041.6414 2.220351e-05
     7042.5416 2.286389e-05
     7043.4417 2.316286e-05
     7044.3418 2.316381e-05
     7045.2420 2.294485e-05
     7046.1426 2.263261e-05
     7047.0428 2.248448e-05
     7047.9429 2.262177e-05
     7048.8431 2.289001e-05
     7049.7432 2.308733e-05
     7050.6438 2.311836e-05
     7051.5440 2.299476e-05
     7052.4441 2.272686e-05
     7053.3443 2.222508e-05
     7054.2444 2.153783e-05
     7055.1451 2.102204e-05
     7056.0452 2.092356e-05
     7056.9453 2.117625e-05
     7057.8455 2.155635e-05
     7058.7456 2.181958e-05
     7059.6463 2.180558e-05
     7060.5464 2.150583e-05
     7061.4466 2.112606e-05
     7062.3467 2.096638e-05
     7063.2468 2.107738e-05
     7064.1475 2.125388e-05
     7065.0476 2.142571e-05
     7065.9478 2.158863e-05
     7066.8479 2.157105e-05
     7067.7481 2.132738e-05
     7068.6487 2.098719e-05
     7069.5488 2.066321e-05
     7070.4490 2.060627e-05
     7071.3491 2.097972e-05
     7072.2493 2.146529e-05
     7073.1499 2.169038e-05
     7074.0500 2.170828e-05
     7074.9502 2.172784e-05
     7075.8503 2.176507e-05
     7076.7505 2.175549e-05
     7077.6511 2.172717e-05
     7078.5513 2.174071e-05
     7079.4514 2.180699e-05
     7080.3515 2.187453e-05
     7081.2517 2.194653e-05
     7082.1523 2.202072e-05
     7083.0525 2.197373e-05
     7083.9526 2.168206e-05
     7084.8528 2.114220e-05
     7085.7529 2.053935e-05
     7086.6535 2.024283e-05
     7087.5537 2.032435e-05
     7088.4538 2.039527e-05
     7089.3540 2.032021e-05
     7090.2541 2.029124e-05
     7091.1547 2.027762e-05
     7092.0549 2.023602e-05
     7092.9550 2.027967e-05
     7093.8552 2.034293e-05
     7094.7553 2.033347e-05
     7095.6560 2.032744e-05
     7096.5561 2.032272e-05
     7097.4562 2.030499e-05
     7098.3564 2.033809e-05
     7099.2565 2.048122e-05
     7100.1572 2.076300e-05
     7101.0573 2.097615e-05
     7101.9575 2.100809e-05
     7102.8576 2.089118e-05
     7103.7578 2.069985e-05
     7104.6584 2.062471e-05
     7105.5585 2.079582e-05
     7106.4587 2.105845e-05
     7107.3588 2.113851e-05
     7108.2590 2.100021e-05
     7109.1596 2.087679e-05
     7110.0597 2.090552e-05
     7110.9599 2.089612e-05
     7111.8600 2.066661e-05
     7112.7602 2.040017e-05
     7113.6608 2.039066e-05
     7114.5610 2.063156e-05
     7115.4611 2.088382e-05
     7116.3612 2.102276e-05
     7117.2614 2.112128e-05
     7118.1620 2.119900e-05
     7119.0622 2.120072e-05
     7119.9623 2.116456e-05
     7120.8625 2.113621e-05
     7121.7626 2.109312e-05
     7122.6632 2.095916e-05
     7123.5634 2.075014e-05
     7124.4635 2.070886e-05
     7125.3637 2.083413e-05
     7126.2638 2.075045e-05
     7127.1644 2.045527e-05
     7128.0646 2.028935e-05
     7128.9647 2.036859e-05
     7129.8649 2.051006e-05
     7130.7650 2.044164e-05
     7131.6657 2.008526e-05
     7132.5658 1.977842e-05
     7133.4659 1.985433e-05
     7134.3661 2.019794e-05
     7135.2662 2.053400e-05
     7136.1669 2.074571e-05
     7137.0670 2.080517e-05
     7137.9672 2.083906e-05
     7138.8673 2.088878e-05
     7139.7674 2.079708e-05
     7140.6681 2.059481e-05
     7141.5682 2.057062e-05
     7142.4684 2.077568e-05
     7143.3685 2.091991e-05
     7144.2687 2.088971e-05
     7145.1693 2.084773e-05
     7146.0694 2.084186e-05
     7146.9696 2.083076e-05
     7147.8697 2.075557e-05
     7148.7699 2.042013e-05
     7149.6705 1.995192e-05
     7150.5707 1.989559e-05
     7151.4708 2.027414e-05
     7152.3709 2.062034e-05
     7153.2711 2.084949e-05
     7154.1717 2.110574e-05
     7155.0719 2.126671e-05
     7155.9720 2.116201e-05
     7156.8722 2.097508e-05
     7157.7723 2.103034e-05
     7158.6729 2.125492e-05
     7159.5731 2.128033e-05
     7160.4732 2.106939e-05
     7161.3734 2.086682e-05
     7162.2735 2.084773e-05
     7163.1741 2.101085e-05
     7164.0743 2.108192e-05
     7164.9744 2.075986e-05
     7165.8746 2.017467e-05
     7166.7747 1.986780e-05
     7167.6754 2.013174e-05
     7168.5755 2.066690e-05
     7169.4756 2.106058e-05
     7170.3758 2.117346e-05
     7171.2759 2.113673e-05
     7172.1766 2.116767e-05
     7173.0767 2.130616e-05
     7173.9769 2.144485e-05
     7174.8770 2.150394e-05
     7175.7771 2.143828e-05
     7176.6778 2.119408e-05
     7177.5779 2.088873e-05
     7178.4781 2.085756e-05
     7179.3782 2.112911e-05
     7180.2784 2.125161e-05
     7181.1790 2.092943e-05
     7182.0791 2.040821e-05
     7182.9793 2.016151e-05
     7183.8794 2.043409e-05
     7184.7796 2.097054e-05
     7185.6802 2.131598e-05
     7186.5804 2.131170e-05
     7187.4805 2.099189e-05
     7188.3806 2.042316e-05
     7189.2808 1.994748e-05
     7190.1814 1.988404e-05
     7191.0816 2.011371e-05
     7191.9817 2.046035e-05
     7192.8819 2.075514e-05
     7193.7820 2.079858e-05
     7194.6826 2.068967e-05
     7195.5828 2.071001e-05
     7196.4829 2.089601e-05
     7197.3831 2.093275e-05
     7198.2832 2.068947e-05
     7199.1838 2.055452e-05
     7200.0840 2.076355e-05
     7200.9841 2.102005e-05
     7201.8843 2.105793e-05
     7202.7844 2.088775e-05
     7203.6851 2.068667e-05
     7204.5852 2.074368e-05
     7205.4853 2.108948e-05
     7206.3855 2.133658e-05
     7207.2856 2.110206e-05
     7208.1863 2.040917e-05
     7209.0864 1.978327e-05
     7209.9866 1.970899e-05
     7210.8867 2.010757e-05
     7211.7869 2.069086e-05
     7212.6875 2.118422e-05
     7213.5876 2.130363e-05
     7214.4878 2.110965e-05
     7215.3879 2.090475e-05
     7216.2881 2.078714e-05
     7217.1887 2.074408e-05
     7218.0888 2.085638e-05
     7218.9890 2.114283e-05
     7219.8891 2.136836e-05
     7220.7893 2.133634e-05
     7221.6899 2.117863e-05
     7222.5901 2.107122e-05
     7223.4902 2.101305e-05
     7224.3903 2.094536e-05
     7225.2905 2.095705e-05
     7226.1911 2.115602e-05
     7227.0913 2.141450e-05
     7227.9914 2.155847e-05
     7228.8916 2.155095e-05
     7229.7917 2.139173e-05
     7230.6923 2.124829e-05
     7231.5925 2.133206e-05
     7232.4926 2.157751e-05
     7233.3928 2.177071e-05
     7234.2929 2.185648e-05
     7235.1935 2.189933e-05
     7236.0937 2.186818e-05
     7236.9938 2.169678e-05
     7237.8940 2.150186e-05
     7238.7941 2.144950e-05
     7239.6948 2.149027e-05
     7240.5949 2.145704e-05
     7241.4951 2.139116e-05
     7242.3952 2.149589e-05
     7243.2953 2.170195e-05
     7244.1960 2.172262e-05
     7245.0961 2.149828e-05
     7245.9963 2.120310e-05
     7246.8964 2.109733e-05
     7247.7966 2.134025e-05
     7248.6972 2.176775e-05
     7249.5973 2.205554e-05
     7250.4975 2.204605e-05
     7251.3976 2.176209e-05
     7252.2978 2.134439e-05
     7253.1984 2.107512e-05
     7254.0985 2.115241e-05
     7254.9987 2.144479e-05
     7255.8988 2.165790e-05
     7256.7990 2.174762e-05
     7257.6996 2.188186e-05
     7258.5998 2.206710e-05
     7259.4999 2.215121e-05
     7260.4000 2.206135e-05
     7261.3002 2.177970e-05
     7262.2008 2.130321e-05
     7263.1010 2.090762e-05
     7264.0011 2.101679e-05
     7264.9013 2.150741e-05
     7265.8014 2.189344e-05
     7266.7020 2.205672e-05
     7267.6022 2.215153e-05
     7268.5023 2.222406e-05
     7269.4025 2.221400e-05
     7270.3026 2.211577e-05
     7271.2033 2.198186e-05
     7272.1034 2.185342e-05
     7273.0035 2.177070e-05
     7273.9037 2.177833e-05
     7274.8038 2.185807e-05
     7275.7045 2.194503e-05
     7276.6046 2.200558e-05
     7277.5048 2.206004e-05
     7278.4049 2.209194e-05
     7279.3050 2.204168e-05
     7280.2057 2.194764e-05
     7281.1058 2.186537e-05
     7282.0060 2.174301e-05
     7282.9061 2.152024e-05
     7283.8063 2.125285e-05
     7284.7069 2.108542e-05
     7285.6070 2.108430e-05
     7286.5072 2.123211e-05
     7287.4073 2.148706e-05
     7288.3075 2.166366e-05
     7289.2081 2.156404e-05
     7290.1082 2.122912e-05
     7291.0084 2.092476e-05
     7291.9085 2.080315e-05
     7292.8087 2.073098e-05
     7293.7093 2.068774e-05
     7294.6095 2.083781e-05
     7295.5096 2.124101e-05
     7296.4098 2.174345e-05
     7297.3099 2.215067e-05
     7298.2105 2.234808e-05
     7299.1107 2.226600e-05
     7300.0108 2.202572e-05
     7300.9110 2.186348e-05
     7301.8111 2.189224e-05
     7302.7117 2.202221e-05
     7303.6119 2.211947e-05
     7304.5120 2.218576e-05
     7305.4122 2.226002e-05
     7306.3123 2.234359e-05
     7307.2130 2.222940e-05
     7308.1131 2.197843e-05
     7309.0132 2.176537e-05
     7309.9134 2.175125e-05
     7310.8135 2.191443e-05
     7311.7142 2.198273e-05
     7312.6143 2.184227e-05
     7313.5145 2.180006e-05
     7314.4146 2.202799e-05
     7315.3147 2.228422e-05
     7316.2154 2.231967e-05
     7317.1155 2.215296e-05
     7318.0157 2.195819e-05
     7318.9158 2.188351e-05
     7319.8160 2.196490e-05
     7320.7166 2.211544e-05
     7321.6167 2.218236e-05
     7322.5169 2.216133e-05
     7323.4170 2.214373e-05
     7324.3172 2.206601e-05
     7325.2178 2.187963e-05
     7326.1180 2.164104e-05
     7327.0181 2.151440e-05
     7327.9182 2.132859e-05
     7328.8184 2.163450e-05
     7329.7190 2.205827e-05
     7330.6192 2.220529e-05
     7331.5193 2.211564e-05
     7332.4195 2.203556e-05
     7333.3196 2.206962e-05
     7334.2202 2.212620e-05
     7335.1204 2.214521e-05
     7336.0205 2.220333e-05
     7336.9207 2.235611e-05
     7337.8208 2.252172e-05
     7338.7214 2.260334e-05
     7339.6216 2.261595e-05
     7340.5217 2.263232e-05
     7341.4219 2.269028e-05
     7342.3220 2.275448e-05
     7343.2227 2.271680e-05
     7344.1228 2.245106e-05
     7345.0230 2.199530e-05
     7345.9231 2.167982e-05
     7346.8232 2.179448e-05
     7347.7239 2.218061e-05
     7348.6240 2.248421e-05
     7349.5242 2.260446e-05
     7350.4243 2.255844e-05
     7351.3245 2.233273e-05
     7352.2251 2.204953e-05
     7353.1252 2.191547e-05
     7354.0254 2.196886e-05
     7354.9255 2.198707e-05
     7355.8257 2.175087e-05
     7356.7263 2.138655e-05
     7357.6264 2.100536e-05
     7358.5266 2.113742e-05
     7359.4267 2.165088e-05
     7360.3269 2.216651e-05
     7361.2275 2.237700e-05
     7362.1277 2.219222e-05
     7363.0278 2.179621e-05
     7363.9279 2.147437e-05
     7364.8281 2.140978e-05
     7365.7287 2.156792e-05
     7366.6289 2.180853e-05
     7367.5290 2.201099e-05
     7368.4292 2.216554e-05
     7369.3293 2.229251e-05
     7370.2299 2.233881e-05
     7371.1301 2.234944e-05
     7372.0302 2.244734e-05
     7372.9304 2.255661e-05
     7373.8305 2.268704e-05
     7374.7312 2.249763e-05
     7375.6313 2.240728e-05
     7376.5314 2.231136e-05
     7377.4316 2.225245e-05
     7378.3317 2.230830e-05
     7379.2324 2.247236e-05
     7380.1325 2.261285e-05
     7381.0327 2.258746e-05
     7381.9328 2.236537e-05
     7382.8329 2.204902e-05
     7383.7336 2.196175e-05
     7384.6337 2.171962e-05
     7385.5339 2.163555e-05
     7386.4340 2.140937e-05
     7387.3342 2.113025e-05
     7388.2348 2.098171e-05
     7389.1349 2.090041e-05
     7390.0351 2.074695e-05
     7390.9352 2.065806e-05
     7391.8354 2.087322e-05
     7392.7360 2.126929e-05
     7393.6362 2.147570e-05
     7394.5363 2.143119e-05
     7395.4364 2.142928e-05
     7396.3366 2.162652e-05
     7397.2372 2.183543e-05
     7398.1374 2.189601e-05
     7399.0375 2.185885e-05
     7399.9377 2.172489e-05
     7400.8378 2.150053e-05
     7401.7384 2.132539e-05
     7410.0000 2.300783e-05
     7430.0000 2.354757e-05
     7450.0000 2.355638e-05
     7470.0000 2.381996e-05
     7490.0000 2.375567e-05
     7510.0000 2.388255e-05
     7530.0000 2.413467e-05
     7550.0000 2.425489e-05
     7570.0000 2.404314e-05
     7590.0000 2.344009e-05
     7610.0000 2.302615e-05
     7630.0000 2.262485e-05
     7650.0000 2.216852e-05
     7670.0000 2.123289e-05
     7690.0000 2.171837e-05
     7710.0000 2.137987e-05
     7730.0000 2.150233e-05
     7750.0000 2.131241e-05
     7770.0000 2.166892e-05
     7790.0000 2.163570e-05
     7810.0000 2.174187e-05
     7830.0000 2.172700e-05
     7850.0000 2.158875e-05
     7870.0000 2.182472e-05
     7890.0000 2.177609e-05
     7910.0000 2.133286e-05
     7930.0000 2.137039e-05
     7950.0000 2.141082e-05
     7970.0000 2.191839e-05
     7990.0000 2.191199e-05
     8010.0000 2.229510e-05
     8030.0000 2.240295e-05
     8050.0000 2.232985e-05
     8070.0000 2.262652e-05
     8090.0000 2.250212e-05
     8110.0000 2.263799e-05
     8130.0000 2.295566e-05
     8150.0000 2.309188e-05
     8170.0000 2.311835e-05
     8190.0000 2.230007e-05
     8210.0000 2.247119e-05
     8230.0000 2.246874e-05
     8250.0000 2.252854e-05
     8270.0000 2.257683e-05
     8290.0000 2.238944e-05
     8310.0000 2.198923e-05
     8330.0000 2.171622e-05
     8350.0000 2.185031e-05
     8370.0000 2.184378e-05
     8390.0000 2.123456e-05
     8410.0000 2.182245e-05
     8430.0000 2.117371e-05
     8450.0000 2.101476e-05
     8470.0000 2.080904e-05
     8490.0000 2.096432e-05
     8510.0000 2.030007e-05
     8530.0000 2.096617e-05
     8550.0000 1.987256e-05
     8570.0000 2.134812e-05
     8590.0000 2.113213e-05
     8610.0000 2.124883e-05
     8630.0000 2.150540e-05
     8650.0000 2.152918e-05
     8670.0000 2.007974e-05
     8690.0000 2.102374e-05
     8710.0000 2.157645e-05
     8730.0000 2.164077e-05
     8750.0000 2.146449e-05
     8770.0000 2.168991e-05
     8790.0000 2.174543e-05
     8810.0000 2.139903e-05
     8830.0000 2.146951e-05
     8850.0000 2.148518e-05
     8870.0000 2.093445e-05
     8890.0000 2.109822e-05
     8910.0000 2.121404e-05
     8930.0000 2.101073e-05
     8950.0000 2.097519e-05
     8970.0000 2.103585e-05
     8990.0000 2.103799e-05
     9010.0000 2.055761e-05
     9030.0000 2.106028e-05
     9050.0000 2.136148e-05
     9070.0000 2.121962e-05
     9090.0000 2.084574e-05
     9110.0000 2.101905e-05
     9130.0000 2.117583e-05
     9150.0000 2.110217e-05
     9170.0000 2.100949e-05
     9190.0000 2.102979e-05
     9210.0000 2.063636e-05
     9230.0000 2.045427e-05
     9250.0000 2.037948e-05
     9270.0000 2.047413e-05
     9290.0000 2.031515e-05
     9310.0000 2.035729e-05
     9330.0000 2.030769e-05
     9350.0000 2.020967e-05
     9370.0000 1.996423e-05
     9390.0000 2.012697e-05
     9410.0000 1.983169e-05
     9430.0000 2.011758e-05
     9450.0000 1.988665e-05
     9470.0000 2.008544e-05
     9490.0000 2.009168e-05
     9510.0000 1.995014e-05
     9530.0000 1.998493e-05
     9550.0000 1.968326e-05
     9570.0000 1.978612e-05
     9590.0000 1.991584e-05
     9610.0000 1.969437e-05
     9630.0000 1.971258e-05
     9650.0000 1.941491e-05
     9670.0000 1.938769e-05
     9690.0000 1.953431e-05
     9710.0000 1.936919e-05
     9730.0000 1.926583e-05
     9750.0000 1.920198e-05
     9770.0000 1.922863e-05
     9790.0000 1.896600e-05
     9810.0000 1.930533e-05
     9830.0000 1.920312e-05
     9850.0000 1.923541e-05
     9870.0000 1.912593e-05
     9890.0000 1.908338e-05
     9910.0000 1.882247e-05
     9930.0000 1.890082e-05
     9950.0000 1.891635e-05
     9970.0000 1.891482e-05
     9990.0000 1.884610e-05
    10025.0000 1.872622e-05
    10075.0000 1.850609e-05
    10125.0000 1.851181e-05
    10175.0000 1.828976e-05
    10225.0000 1.824054e-05
    10275.0000 1.818629e-05
    10325.0000 1.792877e-05
    10375.0000 1.779841e-05
    10425.0000 1.776847e-05
    10475.0000 1.755069e-05
    10525.0000 1.747128e-05
    10575.0000 1.724123e-05
    10625.0000 1.713338e-05
    10675.0000 1.687591e-05
    10725.0000 1.682597e-05
    10775.0000 1.668555e-05
    10825.0000 1.643404e-05
    10875.0000 1.631508e-05
    10925.0000 1.618561e-05
    10975.0000 1.591910e-05
    11025.0000 1.581103e-05
    11075.0000 1.567808e-05
    11125.0000 1.555254e-05
    11175.0000 1.541870e-05
    11225.0000 1.538692e-05
    11275.0000 1.519257e-05
    11325.0000 1.514017e-05
    11375.0000 1.495960e-05
    11425.0000 1.479427e-05
    11475.0000 1.492057e-05
    11525.0000 1.484533e-05
    11575.0000 1.467237e-05
    11625.0000 1.444942e-05
    11675.0000 1.442512e-05
    11725.0000 1.447306e-05
    11775.0000 1.419499e-05
    11825.0000 1.410675e-05
    11875.0000 1.394103e-05
    11925.0000 1.407943e-05
    11975.0000 1.364281e-05
    12025.0000 1.379821e-05
    12075.0000 1.367621e-05
    12125.0000 1.364576e-05
    12175.0000 1.363885e-05
    12225.0000 1.353360e-05
    12275.0000 1.341495e-05
    12325.0000 1.334250e-05
    12375.0000 1.326674e-05
    12425.0000 1.312158e-05
    12475.0000 1.309612e-05
    12525.0000 1.295690e-05
    12575.0000 1.292553e-05
    12625.0000 1.284105e-05
    12675.0000 1.270907e-05
    12725.0000 1.270683e-05
    12775.0000 1.266595e-05
    12825.0000 1.230821e-05
    12875.0000 1.243487e-05
    12925.0000 1.230533e-05
    12975.0000 1.234053e-05
    13025.0000 1.222751e-05
    13075.0000 1.220763e-05
    13125.0000 1.197766e-05
    13175.0000 1.197199e-05
    13225.0000 1.196039e-05
    13275.0000 1.177784e-05
    13325.0000 1.167553e-05
    13375.0000 1.148873e-05
    13425.0000 1.146965e-05
    13475.0000 1.140260e-05
    13525.0000 1.133661e-05
    13575.0000 1.118808e-05
    13625.0000 1.113496e-05
    13675.0000 1.114580e-05
    13725.0000 1.114262e-05
    13775.0000 1.109458e-05
    13825.0000 1.106732e-05
    13875.0000 1.096646e-05
    13925.0000 1.068663e-05
    13975.0000 1.062947e-05
    14025.0000 1.051730e-05
    14075.0000 1.054052e-05
    14125.0000 1.043180e-05
    14175.0000 1.044459e-05
    14225.0000 1.032872e-05
    14275.0000 1.023067e-05
    14325.0000 1.036218e-05
    14375.0000 1.039396e-05
    14425.0000 1.021691e-05
    14475.0000 1.033519e-05
    14525.0000 1.024130e-05
    14570.0000 1.023500e-05
    14620.0000 1.002374e-05
    14675.0000 1.002557e-05
    14725.0000 1.000722e-05
    14775.0000 1.000284e-05
    14825.0000 1.004026e-05
    14875.0000 9.942973e-06
    14925.0000 1.013034e-05
    14975.0000 1.006787e-05
    15025.0000 9.876337e-06
    15075.0000 9.947055e-06
    15125.0000 1.006487e-05
    15175.0000 1.008627e-05
    15225.0000 1.008734e-05
    15275.0000 1.007653e-05
    15325.0000 1.007555e-05
    15375.0000 1.004361e-05
    15425.0000 9.983785e-06
    15475.0000 1.007480e-05
    15525.0000 1.002219e-05
    15575.0000 9.772335e-06
    15625.0000 9.888712e-06
    15675.0000 9.873117e-06
    15725.0000 9.911291e-06
    15775.0000 9.502472e-06
    15825.0000 9.590525e-06
    15875.0000 9.567366e-06
    15925.0000 9.757090e-06
    15975.0000 9.604742e-06
    16050.0000 9.618061e-06
    16150.0000 9.687745e-06
    16250.0000 9.434467e-06
    16350.0000 9.575488e-06
    16450.0000 9.255433e-06
    16550.0000 9.362318e-06
    16650.0000 9.143981e-06
    16750.0000 9.013285e-06
    16850.0000 8.854748e-06
    16950.0000 8.839496e-06
    17050.0000 8.636964e-06
    17150.0000 8.486488e-06
    17250.0000 8.304261e-06
    17350.0000 8.073301e-06
    17450.0000 7.975483e-06
    17550.0000 7.788787e-06
    17650.0000 7.679423e-06
    17750.0000 7.476869e-06
    17850.0000 7.343121e-06
    17950.0000 7.227623e-06
    18050.0000 7.077111e-06
    18150.0000 6.946661e-06
    18250.0000 6.858053e-06
    18350.0000 6.758775e-06
    18450.0000 6.623738e-06
    18550.0000 6.559774e-06
    18650.0000 6.424075e-06
    18750.0000 6.270623e-06
    18850.0000 6.232101e-06
    18950.0000 6.048362e-06
    19050.0000 6.029819e-06
    19150.0000 5.908703e-06
    19250.0000 5.809464e-06
    19350.0000 5.665004e-06
    19450.0000 5.529873e-06
    19550.0000 5.459332e-06
    19650.0000 5.379439e-06
    19750.0000 5.245019e-06
    19850.0000 5.189856e-06
    19950.0000 5.118778e-06
    20050.0000 5.078745e-06
    20150.0000 5.013372e-06
    20250.0000 4.915274e-06
    20350.0000 4.836701e-06
    20450.0000 4.799839e-06
    20550.0000 4.722525e-06
    20650.0000 4.654453e-06
    20750.0000 4.607269e-06
    20850.0000 4.547711e-06
    20950.0000 4.471862e-06
    21050.0000 4.439303e-06
    21150.0000 4.372735e-06
    21250.0000 4.315894e-06
    21350.0000 4.264504e-06
    21450.0000 4.204533e-06
    21550.0000 4.143313e-06
    21650.0000 4.065880e-06
    21750.0000 4.011278e-06
    21850.0000 3.957081e-06
    21950.0000 3.912696e-06
    22050.0000 3.813830e-06
    22150.0000 3.805612e-06
    22250.0000 3.726051e-06
    22350.0000 3.676701e-06
    22450.0000 3.621603e-06
    22550.0000 3.575491e-06
    22650.0000 3.499961e-06
    22750.0000 3.474224e-06
    22850.0000 3.408934e-06
    22950.0000 2.903530e-06
    23050.0000 3.076464e-06
    23150.0000 3.063226e-06
    23250.0000 2.661568e-06
    23350.0000 2.842169e-06
    23450.0000 2.729784e-06
    23550.0000 2.477234e-06
    23650.0000 2.640971e-06
    23750.0000 2.540216e-06
    23850.0000 2.352940e-06
    23950.0000 2.474122e-06
    24050.0000 2.427198e-06
    24150.0000 2.259905e-06
    24250.0000 2.333096e-06
    24350.0000 2.272512e-06
    24450.0000 2.190339e-06
    24550.0000 2.182547e-06
    24650.0000 2.192499e-06
    24750.0000 2.123593e-06
    24850.0000 1.940667e-06
    24950.0000 1.887313e-06
    25050.0000 1.917644e-06
    25150.0000 1.855299e-06
    25250.0000 1.889787e-06
    25350.0000 1.902447e-06
    25450.0000 1.884713e-06
    25550.0000 1.886033e-06
    25650.0000 1.902530e-06
    25750.0000 1.915914e-06
    25850.0000 1.870107e-06
    25950.0000 1.897488e-06
    26050.0000 1.894453e-06
    26150.0000 1.867360e-06
    26250.0000 1.810696e-06
    26350.0000 1.817675e-06
    26450.0000 1.794407e-06
    26550.0000 1.767300e-06
    26650.0000 1.749874e-06
    26750.0000 1.762978e-06
    26850.0000 1.747686e-06
    26950.0000 1.718464e-06
    27050.0000 1.715796e-06
    27150.0000 1.693447e-06
    27250.0000 1.682060e-06
    27350.0000 1.658887e-06
    27450.0000 1.648633e-06
    27550.0000 1.633293e-06
    27650.0000 1.617446e-06
    27750.0000 1.595606e-06
    27850.0000 1.581702e-06
    27950.0000 1.572450e-06
    28050.0000 1.548096e-06
    28150.0000 1.535010e-06
    28250.0000 1.525667e-06
    28350.0000 1.517200e-06
    28450.0000 1.501121e-06
    28550.0000 1.480285e-06
    28650.0000 1.463164e-06
    28750.0000 1.457008e-06
    28850.0000 1.437110e-06
    28950.0000 1.425593e-06
    29050.0000 1.408953e-06
    29150.0000 1.400972e-06
    29250.0000 1.377214e-06
    29350.0000 1.365619e-06
    29450.0000 1.339803e-06
    29550.0000 1.333817e-06
    29650.0000 1.314513e-06
    29750.0000 1.305474e-06
    29850.0000 1.295462e-06
    29950.0000 1.281823e-06
    30050.0000 1.267006e-06
    30150.0000 1.255699e-06
    30250.0000 1.242238e-06
    30350.0000 1.226689e-06
    30450.0000 1.218110e-06
    30550.0000 1.205866e-06
    30650.0000 1.193651e-06
    30750.0000 1.183158e-06
    30850.0000 1.169652e-06
    30950.0000 1.158590e-06
    31050.0000 1.148526e-06
    31150.0000 1.133006e-06
    31250.0000 1.124699e-06
    31350.0000 1.113780e-06
    31450.0000 1.102502e-06
    31550.0000 1.090001e-06
    31650.0000 1.079195e-06
    31750.0000 1.069383e-06
    31850.0000 1.058477e-06
    31950.0000 1.047814e-06
    32100.0000 1.031025e-06
    32300.0000 1.010556e-06
    32500.0000 9.899597e-07
    32700.0000 9.694346e-07
    32900.0000 9.480838e-07
    33100.0000 9.296350e-07
    33300.0000 9.098094e-07
    33500.0000 8.922387e-07
    33700.0000 8.734051e-07
    33900.0000 8.545528e-07
    34100.0000 8.363081e-07
    34300.0000 8.202700e-07
    34500.0000 8.038314e-07
    34700.0000 7.870321e-07
    34900.0000 7.710464e-07
    35100.0000 7.555472e-07
    35300.0000 7.392805e-07
    35500.0000 7.248010e-07
    35700.0000 7.097894e-07
    35900.0000 6.956806e-07
    36100.0000 6.826377e-07
    36300.0000 6.690178e-07
    36500.0000 6.549323e-07
    36700.0000 6.417562e-07
    36900.0000 6.279463e-07
    37100.0000 6.152834e-07
    37300.0000 6.044575e-07
    37500.0000 5.907991e-07
    37700.0000 5.812003e-07
    37900.0000 5.699453e-07
    38100.0000 5.594665e-07
    38300.0000 5.492763e-07
    38500.0000 5.390573e-07
    38700.0000 5.280007e-07
    38900.0000 5.183043e-07
    39100.0000 5.089877e-07
    39300.0000 4.996500e-07
    39500.0000 4.893724e-07
    39700.0000 4.805220e-07
    39900.0000 4.701614e-07
    40100.0000 4.624280e-07
    40300.0000 4.543481e-07
    40500.0000 4.449735e-07
    40700.0000 4.372253e-07
    40900.0000 4.293568e-07
    41100.0000 4.215689e-07
    41300.0000 4.140120e-07
    41500.0000 4.060068e-07
    41700.0000 3.983716e-07
    41900.0000 3.906218e-07
    42100.0000 3.827628e-07
    42300.0000 3.766532e-07
    42500.0000 3.689626e-07
    42700.0000 3.623184e-07
    42900.0000 3.478298e-07
    43100.0000 3.338186e-07
    43300.0000 3.313126e-07
    43500.0000 3.175362e-07
    43700.0000 3.097315e-07
    43900.0000 3.033613e-07
    44100.0000 2.929701e-07
    44300.0000 2.868025e-07
    44500.0000 2.814348e-07
    44700.0000 2.736145e-07
    44900.0000 2.703794e-07
    45100.0000 2.650554e-07
    45300.0000 2.592426e-07
    45500.0000 2.561663e-07
    45700.0000 2.522731e-07
    45900.0000 2.447330e-07
    46100.0000 2.436633e-07
    46300.0000 2.394388e-07
    46500.0000 2.362669e-07
    46700.0000 2.344281e-07
    46900.0000 2.301143e-07
    47100.0000 2.264518e-07
    47300.0000 2.253818e-07
    47500.0000 2.203876e-07
    47700.0000 2.181835e-07
    47900.0000 2.155673e-07
    48100.0000 2.106895e-07
    48300.0000 2.107432e-07
    48500.0000 2.064430e-07
    48700.0000 2.029185e-07
    48900.0000 2.000808e-07
    49100.0000 1.970093e-07
    49300.0000 1.950857e-07
    49500.0000 1.918044e-07
    49700.0000 1.904017e-07
    49900.0000 1.868426e-07
    50100.0000 1.844991e-07
    50300.0000 1.819960e-07
    50500.0000 1.787367e-07
    50700.0000 1.766522e-07
    50900.0000 1.744290e-07
    51100.0000 1.715592e-07
    51300.0000 1.697931e-07
    51500.0000 1.671854e-07
    51700.0000 1.657870e-07
    51900.0000 1.630511e-07
    52100.0000 1.611924e-07
    52300.0000 1.587941e-07
    52500.0000 1.573218e-07
    52700.0000 1.561387e-07
    52900.0000 1.531827e-07
    53100.0000 1.513918e-07
    53300.0000 1.498874e-07
    53500.0000 1.481315e-07
    53700.0000 1.464827e-07
    53900.0000 1.448342e-07
    54100.0000 1.430680e-07
    54300.0000 1.407851e-07
    54500.0000 1.395614e-07
    54700.0000 1.375482e-07
    54900.0000 1.358874e-07
    55100.0000 1.341429e-07
    55300.0000 1.334255e-07
    55500.0000 1.307999e-07
    55700.0000 1.299625e-07
    55900.0000 1.281503e-07
    56100.0000 1.268666e-07
    56300.0000 1.248259e-07
    56500.0000 1.238027e-07
    56700.0000 1.223060e-07
    56900.0000 1.204628e-07
    57100.0000 1.195326e-07
    57300.0000 1.180630e-07
    57500.0000 1.166873e-07
    57700.0000 1.151893e-07
    57900.0000 1.142566e-07
    58100.0000 1.125478e-07
    58300.0000 1.114204e-07
    58500.0000 1.101743e-07
    58700.0000 1.086651e-07
    58900.0000 1.074603e-07
    59100.0000 1.062779e-07
    59300.0000 1.051100e-07
    59500.0000 1.037578e-07
    59700.0000 1.027339e-07
    59900.0000 1.015345e-07
    60100.0000 1.003593e-07
    60300.0000 9.919259e-08
    60500.0000 9.790268e-08
    60700.0000 9.679155e-08
    60900.0000 9.566931e-08
    61100.0000 9.448169e-08
    61300.0000 9.350035e-08
    61500.0000 9.246473e-08
    61700.0000 9.147713e-08
    61900.0000 9.042068e-08
    62100.0000 8.942005e-08
    62300.0000 8.828373e-08
    62500.0000 8.719327e-08
    62700.0000 8.620738e-08
    62900.0000 8.525398e-08
    63100.0000 8.423618e-08
    63300.0000 8.338771e-08
    63500.0000 8.236077e-08
    63700.0000 8.151491e-08
    63900.0000 8.046719e-08
    64200.0000 7.913157e-08
    64600.0000 7.730322e-08
    65000.0000 7.556527e-08
    65400.0000 7.386281e-08
    65800.0000 7.224398e-08
    66200.0000 7.060539e-08
    66600.0000 6.904868e-08
    67000.0000 6.753612e-08
    67400.0000 6.603146e-08
    67800.0000 6.460477e-08
    68200.0000 6.320335e-08
    68600.0000 6.186056e-08
    69000.0000 6.052651e-08
    69400.0000 5.924137e-08
    69800.0000 5.799586e-08
    70200.0000 5.675400e-08
    70600.0000 5.558384e-08
    71000.0000 5.442236e-08
    71400.0000 5.329519e-08
    71800.0000 5.218747e-08
    72200.0000 5.111620e-08
    72600.0000 5.006080e-08
    73000.0000 4.904339e-08
    73400.0000 4.803837e-08
    73800.0000 4.707217e-08
    74200.0000 4.610591e-08
    74600.0000 4.516638e-08
    75000.0000 4.424998e-08
    75400.0000 4.334955e-08
    75800.0000 4.252512e-08
    76200.0000 4.166897e-08
    76600.0000 4.085520e-08
    77000.0000 4.005371e-08
    77400.0000 3.928151e-08
    77800.0000 3.856741e-08
    78200.0000 3.784212e-08
    78600.0000 3.711930e-08
    79000.0000 3.641182e-08
    79400.0000 3.572223e-08
    79800.0000 3.504948e-08
    80200.0000 3.438530e-08
    80600.0000 3.372347e-08
    81000.0000 3.313673e-08
    81400.0000 3.251603e-08
    81800.0000 3.192170e-08
    82200.0000 3.133782e-08
    82600.0000 3.079507e-08
    83000.0000 3.023589e-08
    83400.0000 2.967838e-08
    83800.0000 2.912670e-08
    84200.0000 2.860645e-08
    84600.0000 2.809367e-08
    85000.0000 2.759352e-08
    85400.0000 2.714502e-08
    85800.0000 2.665460e-08
    86200.0000 2.617933e-08
    86600.0000 2.571308e-08
    87000.0000 2.529579e-08
    87400.0000 2.485725e-08
    87800.0000 2.445817e-08
    88200.0000 2.403924e-08
    88600.0000 2.362101e-08
    89000.0000 2.326037e-08
    89400.0000 2.286055e-08
    89800.0000 2.249850e-08
    90200.0000 2.211745e-08
    90600.0000 2.177113e-08
    91000.0000 2.140576e-08
    91400.0000 2.106121e-08
    91800.0000 2.071206e-08
    92200.0000 2.040849e-08
    92600.0000 2.010488e-08
    93000.0000 1.976125e-08
    93400.0000 1.945303e-08
    93800.0000 1.915097e-08
    94200.0000 1.883268e-08
    94600.0000 1.856694e-08
    95000.0000 1.826286e-08
    95400.0000 1.798297e-08
    95800.0000 1.770904e-08
    96200.0000 1.741997e-08
    96600.0000 1.716237e-08
    97000.0000 1.690031e-08
    97400.0000 1.663124e-08
    97800.0000 1.640087e-08
    98200.0000 1.614070e-08
    98600.0000 1.590189e-08
    99000.0000 1.566360e-08
    99400.0000 1.541757e-08
    99800.0000 1.519998e-08
   100000.0000 1.501899e-08
   100900.0000 1.456203e-08
   101900.0000 1.401664e-08
   102800.0000 1.355479e-08
   103800.0000 1.305955e-08
   104700.0000 1.263625e-08
   105700.0000 1.217380e-08
   106700.0000 1.173599e-08
   107600.0000 1.136091e-08
   108600.0000 1.095746e-08
   109600.0000 1.057234e-08
   110700.0000 1.016965e-08
   111700.0000 9.819316e-09
   112700.0000 9.488004e-09
   113800.0000 9.124111e-09
   114800.0000 8.811002e-09
   115900.0000 8.478470e-09
   116900.0000 8.196582e-09
   118000.0000 7.894666e-09
   119100.0000 7.598774e-09
