# FSPS 0.4.7 SSP; isochrones/spectra ('mist', 'miles'); imf_type 2; logzsol +0.25; tage 13.7 Gyr; sfh 0; no nebular; rest wavelength [A] VACUUM as shipped by FSPS; f_lambda [L_sun/A], arbitrary normalization
      905.0000 1.559578e-07
      915.0000 1.853078e-07
      925.0000 1.901964e-07
      935.0000 2.485656e-07
      945.0000 2.510318e-07
      955.0000 2.642689e-07
      965.0000 2.623954e-07
      975.0000 2.139206e-07
      985.0000 2.209944e-07
      995.0000 2.256795e-07
     1005.0000 2.335593e-07
     1015.0000 2.258427e-07
     1025.0000 1.414557e-07
     1035.0000 2.118183e-07
     1045.0000 2.337662e-07
     1055.0000 2.280115e-07
     1065.0000 2.137975e-07
     1075.0000 2.109085e-07
     1085.0000 1.197659e-07
     1095.0000 2.042326e-07
     1105.0000 1.918765e-07
     1115.0000 1.746049e-07
     1125.0000 1.611804e-07
     1135.0000 1.835740e-07
     1145.0000 1.765516e-07
     1155.0000 1.531279e-07
     1165.0000 1.513380e-07
     1175.0000 1.425809e-07
     1185.0000 1.572244e-07
     1195.0000 1.466850e-07
     1205.0000 1.374171e-07
     1215.0000 8.286923e-08
     1225.0000 1.351192e-07
     1235.0000 1.343201e-07
     1245.0000 1.354326e-07
     1255.0000 1.270939e-07
     1265.0000 1.328035e-07
     1275.0000 1.342055e-07
     1285.0000 1.219847e-07
     1295.0000 1.157620e-07
     1305.0000 1.208420e-07
     1315.0000 1.151983e-07
     1325.0000 1.123977e-07
     1335.0000 1.157834e-07
     1345.0000 1.053901e-07
     1355.0000 1.108380e-07
     1365.0000 1.037309e-07
     1375.0000 9.886246e-08
     1385.0000 9.580000e-08
     1395.0000 8.767101e-08
     1405.0000 9.541692e-08
     1415.0000 8.943499e-08
     1425.0000 8.554820e-08
     1435.0000 8.895480e-08
     1442.0000 8.805882e-08
     1447.0000 8.618861e-08
     1455.0000 8.517589e-08
     1465.0000 7.825998e-08
     1475.0000 8.269798e-08
     1485.0000 7.946925e-08
     1495.0000 7.895606e-08
     1505.0000 7.587120e-08
     1512.0000 7.177714e-08
     1517.0000 7.301230e-08
     1525.0000 6.874167e-08
     1535.0000 6.653699e-08
     1545.0000 5.885988e-08
     1555.0000 6.590830e-08
     1565.0000 5.922645e-08
     1575.0000 6.307151e-08
     1585.0000 5.920239e-08
     1595.0000 6.391811e-08
     1605.0000 6.342370e-08
     1615.0000 6.174797e-08
     1625.0000 6.023361e-08
     1635.0000 5.995553e-08
     1645.0000 5.875147e-08
     1655.0000 5.855561e-08
     1665.0000 5.832115e-08
     1672.0000 5.604900e-08
     1677.0000 5.733298e-08
     1685.0000 5.708189e-08
     1695.0000 5.546391e-08
     1705.0000 5.388390e-08
     1715.0000 5.252927e-08
     1725.0000 5.140182e-08
     1735.0000 5.145803e-08
     1745.0000 5.046937e-08
     1755.0000 5.010357e-08
     1765.0000 4.865954e-08
     1775.0000 4.746440e-08
     1785.0000 4.733183e-08
     1795.0000 4.708823e-08
     1805.0000 4.650735e-08
     1815.0000 4.467818e-08
     1825.0000 4.431391e-08
     1835.0000 4.351967e-08
     1845.0000 4.180638e-08
     1855.0000 4.123206e-08
     1865.0000 4.106067e-08
     1875.0000 4.125805e-08
     1885.0000 3.965386e-08
     1895.0000 3.879693e-08
     1905.0000 3.906662e-08
     1915.0000 3.802536e-08
     1925.0000 3.707030e-08
     1935.0000 3.699274e-08
     1945.0000 3.738032e-08
     1955.0000 3.596489e-08
     1967.0000 3.681105e-08
     1976.0000 3.683378e-08
     1984.0000 3.606703e-08
     1995.0000 3.537789e-08
     2005.0000 3.537889e-08
     2015.0000 3.476419e-08
     2025.0000 3.449074e-08
     2035.0000 3.407909e-08
     2045.0000 3.436546e-08
     2055.0000 3.323374e-08
     2065.0000 3.283680e-08
     2074.0000 3.403788e-08
     2078.0000 3.791963e-08
     2085.0000 4.063523e-08
     2095.0000 3.937959e-08
     2105.0000 3.927684e-08
     2115.0000 4.169067e-08
     2125.0000 4.020051e-08
     2135.0000 4.065755e-08
     2145.0000 4.318524e-08
     2155.0000 4.186913e-08
     2165.0000 3.999721e-08
     2175.0000 4.014013e-08
     2185.0000 4.394534e-08
     2195.0000 4.427507e-08
     2205.0000 4.501082e-08
     2215.0000 3.935590e-08
     2225.0000 4.447045e-08
     2235.0000 5.329587e-08
     2245.0000 5.228909e-08
     2255.0000 4.538580e-08
     2265.0000 4.135211e-08
     2275.0000 4.364727e-08
     2285.0000 5.550477e-08
     2295.0000 4.869657e-08
     2305.0000 5.167080e-08
     2315.0000 5.080301e-08
     2325.0000 4.832581e-08
     2335.0000 5.015176e-08
     2345.0000 4.028284e-08
     2355.0000 5.286960e-08
     2365.0000 4.293854e-08
     2375.0000 4.819699e-08
     2385.0000 3.941386e-08
     2395.0000 4.471451e-08
     2405.0000 4.765277e-08
     2415.0000 4.548426e-08
     2425.0000 6.339541e-08
     2435.0000 6.720462e-08
     2445.0000 7.955044e-08
     2455.0000 8.515380e-08
     2465.0000 6.768287e-08
     2475.0000 6.295184e-08
     2485.0000 3.560357e-08
     2495.0000 4.522125e-08
     2505.0000 6.710354e-08
     2513.0000 4.013965e-08
     2518.0000 3.359318e-08
     2525.0000 3.524292e-08
     2535.0000 6.426519e-08
     2545.0000 6.587759e-08
     2555.0000 1.447681e-07
     2565.0000 1.010982e-07
     2575.0000 1.428571e-07
     2585.0000 1.297132e-07
     2595.0000 1.224431e-07
     2605.0000 1.146334e-07
     2615.0000 1.033181e-07
     2625.0000 1.405600e-07
     2635.0000 2.854300e-07
     2645.0000 3.527365e-07
     2655.0000 6.251329e-07
     2665.0000 3.332967e-07
     2675.0000 3.642844e-07
     2685.0000 4.781615e-07
     2695.0000 2.859435e-07
     2705.0000 4.129709e-07
     2715.0000 2.710493e-07
     2725.0000 1.605651e-07
     2735.0000 2.354115e-07
     2745.0000 1.628197e-07
     2755.0000 2.272848e-07
     2765.0000 3.137242e-07
     2775.0000 3.350324e-07
     2785.0000 1.985831e-07
     2795.0000 9.913539e-08
     2805.0000 1.183456e-07
     2815.0000 2.900621e-07
     2825.0000 3.920570e-07
     2835.0000 3.182839e-07
     2845.0000 1.788854e-07
     2855.0000 9.300741e-08
     2865.0000 2.668984e-07
     2875.0000 4.956215e-07
     2885.0000 5.161921e-07
     2895.0000 7.734716e-07
     2910.0000 1.226677e-06
     2930.0000 1.013231e-06
     2950.0000 8.537684e-07
     2970.0000 8.617488e-07
     2990.0000 8.716673e-07
     3010.0000 7.917590e-07
     3030.0000 9.664675e-07
     3050.0000 1.007220e-06
     3070.0000 1.324535e-06
     3090.0000 1.237655e-06
     3110.0000 1.747576e-06
     3130.0000 1.498221e-06
     3150.0000 1.631745e-06
     3170.0000 1.906692e-06
     3190.0000 1.523847e-06
     3210.0000 1.664999e-06
     3230.0000 1.381341e-06
     3250.0000 2.273752e-06
     3270.0000 2.807796e-06
     3290.0000 2.826443e-06
     3310.0000 2.459080e-06
     3330.0000 2.613723e-06
     3350.0000 2.484537e-06
     3370.0000 1.608424e-06
     3390.0000 1.893671e-06
     3410.0000 1.955885e-06
     3430.0000 2.116478e-06
     3450.0000 2.221665e-06
     3470.0000 2.343188e-06
     3490.0000 2.870825e-06
     3510.0000 3.192600e-06
     3530.0000 2.702279e-06
     3550.0000 3.209832e-06
     3570.0000 1.762693e-06
     3590.0000 1.955246e-06
     3601.8274 4.353075e-06
     3602.7275 3.792804e-06
     3603.6279 3.140144e-06
     3604.5280 2.772290e-06
     3605.4282 2.560506e-06
     3606.3286 2.374310e-06
     3607.2287 2.451555e-06
     3608.1291 2.515433e-06
     3609.0292 2.211635e-06
     3609.9293 1.821079e-06
     3610.8297 1.832803e-06
     3611.7299 2.291199e-06
     3612.6302 2.775405e-06
     3613.5304 2.881626e-06
     3614.4305 2.876685e-06
     3615.3309 3.165410e-06
     3616.2310 3.543306e-06
     3617.1314 3.604951e-06
     3618.0315 3.065270e-06
     3618.9317 2.210662e-06
     3619.8320 1.658005e-06
     3620.7322 1.755355e-06
     3621.6326 2.313483e-06
     3622.5327 2.956877e-06
     3623.4328 3.413316e-06
     3624.3332 3.464635e-06
     3625.2333 3.443672e-06
     3626.1337 3.867988e-06
     3627.0339 4.519761e-06
     3627.9340 4.767247e-06
     3628.8344 4.581027e-06
     3629.7345 4.236256e-06
     3630.6349 3.571587e-06
     3631.5350 2.577791e-06
     3632.4351 1.954377e-06
     3633.3355 2.074513e-06
     3634.2357 2.461555e-06
     3635.1360 2.641910e-06
     3636.0362 2.773264e-06
     3636.9363 3.075869e-06
     3637.8367 3.390012e-06
     3638.7368 3.660120e-06
     3639.6372 4.010890e-06
     3640.5373 4.269597e-06
     3641.4375 4.261612e-06
     3642.3379 4.066841e-06
     3643.2380 3.811712e-06
     3644.1384 3.556871e-06
     3645.0385 3.246804e-06
     3645.9386 2.964669e-06
     3646.8390 2.781793e-06
     3647.7391 2.519576e-06
     3648.6395 2.154548e-06
     3649.5397 2.098359e-06
     3650.4398 2.465129e-06
     3651.3402 2.946637e-06
     3652.2403 3.420499e-06
     3653.1407 3.906892e-06
     3654.0408 4.198510e-06
     3654.9410 4.235132e-06
     3655.8413 4.275598e-06
     3656.7415 4.454642e-06
     3657.6419 4.687052e-06
     3658.5420 4.889512e-06
     3659.4421 5.098891e-06
     3660.3425 5.163993e-06
     3661.2426 5.030307e-06
     3662.1430 4.946994e-06
     3663.0432 4.774139e-06
     3663.9433 4.377327e-06
     3664.8437 4.158482e-06
     3665.7438 4.367223e-06
     3666.6442 4.556628e-06
     3667.5443 4.470304e-06
     3668.4445 4.332122e-06
     3669.3448 4.110986e-06
     3670.2450 3.715913e-06
     3671.1453 3.653860e-06
     3672.0455 4.173353e-06
     3672.9456 4.700541e-06
     3673.8460 4.759857e-06
     3674.7461 4.583041e-06
     3675.6465 4.585921e-06
     3676.5466 4.611783e-06
     3677.4468 4.258736e-06
     3678.3472 3.738813e-06
     3679.2473 3.409034e-06
     3680.1477 3.122857e-06
     3681.0478 2.920049e-06
     3681.9479 3.104700e-06
     3682.8483 3.506778e-06
     3683.7485 3.806538e-06
     3684.6488 3.931069e-06
     3685.5490 3.790540e-06
     3686.4491 3.369572e-06
     3687.3495 2.870635e-06
     3688.2496 2.551533e-06
     3689.1500 2.658702e-06
     3690.0501 3.211389e-06
     3690.9503 4.008354e-06
     3691.8507 4.814522e-06
     3692.7508 5.146392e-06
     3693.6512 4.743025e-06
     3694.5513 4.112896e-06
     3695.4514 3.892602e-06
     3696.3518 4.027507e-06
     3697.2520 4.158172e-06
     3698.1523 4.354755e-06
     3699.0525 4.771339e-06
     3699.9526 5.223978e-06
     3700.8530 5.334332e-06
     3701.7531 5.088820e-06
     3702.6535 4.834504e-06
     3703.5536 4.545797e-06
     3704.4538 3.909718e-06
     3705.3541 3.026509e-06
     3706.2543 2.455295e-06
     3707.1547 2.431609e-06
     3708.0548 2.566852e-06
     3708.9549 2.509318e-06
     3709.8553 2.472757e-06
     3710.7554 2.913445e-06
     3711.6558 3.764352e-06
     3712.5560 4.547577e-06
     3713.4561 5.098660e-06
     3714.3565 5.477636e-06
     3715.2566 5.503187e-06
     3716.1570 5.085995e-06
     3717.0571 4.482907e-06
     3717.9573 3.970107e-06
     3718.8576 3.372049e-06
     3719.7578 2.514303e-06
     3720.6582 1.784583e-06
     3721.5583 1.533003e-06
     3722.4584 1.676694e-06
     3723.3588 2.053109e-06
     3724.2589 2.660749e-06
     3725.1593 3.343105e-06
     3726.0595 3.896825e-06
     3726.9596 3.964267e-06
     3727.8600 3.396858e-06
     3728.7601 2.968472e-06
     3729.6605 3.277158e-06
     3730.5606 3.669304e-06
     3731.4608 3.523109e-06
     3732.3611 3.096568e-06
     3733.2613 2.605714e-06
     3734.1617 2.029568e-06
     3735.0618 1.527667e-06
     3735.9619 1.345724e-06
     3736.8623 1.382180e-06
     3737.7624 1.511163e-06
     3738.6628 1.869841e-06
     3739.5630 2.478266e-06
     3740.4631 3.143051e-06
     3741.3635 3.631132e-06
     3742.2636 3.729040e-06
     3743.1640 3.312475e-06
     3744.0641 2.682003e-06
     3744.9643 2.225051e-06
     3745.8646 1.956692e-06
     3746.7648 1.789962e-06
     3747.6652 1.809796e-06
     3748.5653 1.774399e-06
     3749.4654 1.521595e-06
     3750.3658 1.469330e-06
     3751.2659 1.965337e-06
     3752.1663 2.716975e-06
     3753.0665 3.261947e-06
     3753.9666 3.591597e-06
     3754.8670 4.026530e-06
     3755.7671 4.511255e-06
     3756.6675 4.544992e-06
     3757.5676 3.835893e-06
     3758.4678 2.757112e-06
     3759.3681 2.093077e-06
     3760.2683 2.195976e-06
     3761.1687 2.740911e-06
     3762.0688 3.140351e-06
     3762.9689 3.213303e-06
     3763.8693 2.910983e-06
     3764.7694 2.655183e-06
     3765.6698 2.830570e-06
     3766.5700 3.002531e-06
     3767.4701 2.782429e-06
     3768.3705 2.683412e-06
     3769.2706 3.229825e-06
     3770.1710 3.993543e-06
     3771.0711 4.291111e-06
     3771.9713 4.380476e-06
     3772.8716 4.608017e-06
     3773.7718 4.805944e-06
     3774.6722 4.687786e-06
     3775.5723 4.385808e-06
     3776.4724 4.217561e-06
     3777.3728 4.266252e-06
     3778.2729 4.318221e-06
     3779.1733 4.288918e-06
     3780.0735 4.449556e-06
     3780.9736 4.762909e-06
     3781.8740 4.886914e-06
     3782.7741 4.819413e-06
     3783.6745 4.825799e-06
     3784.5746 4.964711e-06
     3785.4748 4.957373e-06
     3786.3751 4.435815e-06
     3787.2753 3.526345e-06
     3788.1757 2.983151e-06
     3789.0758 2.793344e-06
     3789.9759 2.695855e-06
     3790.8763 2.779288e-06
     3791.7765 3.205267e-06
     3792.6768 3.621394e-06
     3793.5770 3.558619e-06
     3794.4771 3.158832e-06
     3795.3775 2.812097e-06
     3796.2776 2.761271e-06
     3797.1780 2.966244e-06
     3798.0781 2.964087e-06
     3798.9783 2.614959e-06
     3799.8787 2.399928e-06
     3800.7788 2.695269e-06
     3801.6792 3.277201e-06
     3802.5793 3.696602e-06
     3803.4794 3.984361e-06
     3804.3798 4.268504e-06
     3805.2800 4.407019e-06
     3806.1803 4.252699e-06
     3807.0805 3.788764e-06
     3807.9806 3.309310e-06
     3808.8810 3.288938e-06
     3809.7811 3.700220e-06
     3810.6815 4.101430e-06
     3811.5816 4.268574e-06
     3812.4818 4.142524e-06
     3813.3822 3.695953e-06
     3814.2823 3.123296e-06
     3815.1827 2.696475e-06
     3816.0828 2.398277e-06
     3816.9830 2.256688e-06
     3817.8833 2.452061e-06
     3818.7835 2.724015e-06
     3819.6838 2.593382e-06
     3820.5840 2.084705e-06
     3821.4841 1.732250e-06
     3822.3845 1.895953e-06
     3823.2846 2.296813e-06
     3824.1850 2.385949e-06
     3825.0852 2.073556e-06
     3825.9853 1.718117e-06
     3826.8857 1.596277e-06
     3827.7858 1.701235e-06
     3828.6862 1.868227e-06
     3829.5863 2.017816e-06
     3830.4865 2.194555e-06
     3831.3868 2.343470e-06
     3832.2870 2.270975e-06
     3833.1874 1.982655e-06
     3834.0875 1.755110e-06
     3834.9876 1.782651e-06
     3835.8880 2.101422e-06
     3836.7881 2.481106e-06
     3837.6885 2.557387e-06
     3838.5887 2.282668e-06
     3839.4888 1.973459e-06
     3840.3892 1.827694e-06
     3841.2893 1.816709e-06
     3842.1897 2.052951e-06
     3843.0898 2.611664e-06
     3843.9900 3.122674e-06
     3844.8904 3.307996e-06
     3845.7905 3.285673e-06
     3846.6909 3.202297e-06
     3847.5910 3.180182e-06
     3848.4911 3.263347e-06
     3849.3915 3.175595e-06
     3850.2917 2.788381e-06
     3851.1920 2.516335e-06
     3852.0922 2.744681e-06
     3852.9923 3.120714e-06
     3853.8927 3.151515e-06
     3854.7928 2.939722e-06
     3855.6932 2.775099e-06
     3856.5933 2.610186e-06
     3857.4935 2.462212e-06
     3858.3939 2.403339e-06
     3859.2940 2.212454e-06
     3860.1944 1.863165e-06
     3861.0945 1.735474e-06
     3861.9947 2.071500e-06
     3862.8950 2.715519e-06
     3863.7952 3.271241e-06
     3864.6956 3.399957e-06
     3865.5957 3.181247e-06
     3866.4958 2.981584e-06
     3867.3962 2.983716e-06
     3868.2963 3.035326e-06
     3869.1967 2.982960e-06
     3870.0969 2.853513e-06
     3870.9970 2.652974e-06
     3871.8974 2.386649e-06
     3872.7975 2.203370e-06
     3873.6979 2.295192e-06
     3874.5980 2.765941e-06
     3875.4982 3.385148e-06
     3876.3985 3.685354e-06
     3877.2987 3.476659e-06
     3878.1991 2.910728e-06
     3879.0992 2.397006e-06
     3879.9993 2.398490e-06
     3880.8997 2.740215e-06
     3881.7999 2.795050e-06
     3882.7002 2.529602e-06
     3883.6004 2.606446e-06
     3884.5005 3.280723e-06
     3885.4009 3.722631e-06
     3886.3010 3.244982e-06
     3887.2014 2.491053e-06
     3888.1015 2.368895e-06
     3889.0017 2.709782e-06
     3889.9021 3.080333e-06
     3890.8022 3.540240e-06
     3891.7026 4.179194e-06
     3892.6027 4.755743e-06
     3893.5029 4.996610e-06
     3894.4032 4.867476e-06
     3895.3034 4.480718e-06
     3896.2038 4.052401e-06
     3897.1039 4.028736e-06
     3898.0040 4.368282e-06
     3898.9044 4.403935e-06
     3899.8045 4.017810e-06
     3900.7049 3.748442e-06
     3901.6051 4.023521e-06
     3902.5052 4.433047e-06
     3903.4056 4.303398e-06
     3904.3057 3.983863e-06
     3905.2061 3.919475e-06
     3906.1062 3.721527e-06
     3907.0064 3.470519e-06
     3907.9068 3.752834e-06
     3908.8069 4.450061e-06
     3909.7073 5.028268e-06
     3910.6074 5.241861e-06
     3911.5075 5.260688e-06
     3912.4079 5.363439e-06
     3913.3081 5.506879e-06
     3914.2084 5.504711e-06
     3915.1086 5.452511e-06
     3916.0087 5.418552e-06
     3916.9091 5.200271e-06
     3917.8092 4.907662e-06
     3918.7096 4.768118e-06
     3919.6098 4.550011e-06
     3920.5099 4.056576e-06
     3921.4103 3.507429e-06
     3922.3104 3.263856e-06
     3923.2108 3.353983e-06
     3924.1109 3.590884e-06
     3925.0111 3.901774e-06
     3925.9114 4.039125e-06
     3926.8116 3.846434e-06
     3927.7120 3.475050e-06
     3928.6121 2.977616e-06
     3929.5122 2.504865e-06
     3930.4126 2.188559e-06
     3931.3128 1.926474e-06
     3932.2131 1.677284e-06
     3933.1133 1.490138e-06
     3934.0134 1.369259e-06
     3934.9138 1.332207e-06
     3935.8139 1.382779e-06
     3936.7143 1.560609e-06
     3937.6144 1.894606e-06
     3938.5146 2.335188e-06
     3939.4150 2.822143e-06
     3940.3151 3.282079e-06
     3941.2155 3.545815e-06
     3942.1156 3.567592e-06
     3943.0158 3.503887e-06
     3943.9161 3.323988e-06
     3944.8163 3.071771e-06
     3945.7167 3.256250e-06
     3946.6168 4.057028e-06
     3947.5169 4.755893e-06
     3948.4173 4.787691e-06
     3949.3174 4.588451e-06
     3950.2178 4.820268e-06
     3951.1180 5.439233e-06
     3952.0181 5.814088e-06
     3952.9185 5.547154e-06
     3953.8186 5.213170e-06
     3954.7190 5.555987e-06
     3955.6191 6.068482e-06
     3956.5193 5.845744e-06
     3957.4197 5.190508e-06
     3958.3198 4.930638e-06
     3959.2202 5.157182e-06
     3960.1203 5.353548e-06
     3961.0205 4.953531e-06
     3961.9208 3.924012e-06
     3962.8210 3.024032e-06
     3963.7214 2.830478e-06
     3964.6215 3.015675e-06
     3965.5216 3.013196e-06
     3966.4220 2.661702e-06
     3967.3221 2.140444e-06
     3968.2225 1.701595e-06
     3969.1227 1.461045e-06
     3970.0228 1.439094e-06
     3970.9232 1.645835e-06
     3971.8233 2.020412e-06
     3972.7237 2.456373e-06
     3973.6238 2.855512e-06
     3974.5240 3.234933e-06
     3975.4244 3.712187e-06
     3976.3245 4.244145e-06
     3977.2249 4.625479e-06
     3978.1250 4.933213e-06
     3979.0252 5.355194e-06
     3979.9255 5.845688e-06
     3980.8257 6.287942e-06
     3981.7261 6.415547e-06
     3982.6262 6.160415e-06
     3983.5263 5.917809e-06
     3984.4267 5.893536e-06
     3985.3268 6.036052e-06
     3986.2272 6.322361e-06
     3987.1274 6.516206e-06
     3988.0275 6.672280e-06
     3988.9279 7.047779e-06
     3989.8280 7.148673e-06
     3990.7284 6.719121e-06
     3991.6285 6.503828e-06
     3992.5287 6.776491e-06
     3993.4291 7.102337e-06
     3994.3292 7.224219e-06
     3995.2296 7.086922e-06
     3996.1297 6.825474e-06
     3997.0299 6.555113e-06
     3997.9302 6.216997e-06
     3998.8304 6.035558e-06
     3999.7308 6.468170e-06
     4000.6309 7.305427e-06
     4001.5310 7.728655e-06
     4002.4314 7.716999e-06
     4003.3315 7.867823e-06
     4004.2319 7.993241e-06
     4005.1321 7.346795e-06
     4006.0322 6.063253e-06
     4006.9326 5.399297e-06
     4007.8327 5.897817e-06
     4008.7331 6.783171e-06
     4009.6332 7.315860e-06
     4010.5334 7.439289e-06
     4011.4338 7.444938e-06
     4012.3339 7.442284e-06
     4013.2343 7.497335e-06
     4014.1344 7.614452e-06
     4015.0346 7.678429e-06
     4015.9349 7.832155e-06
     4016.8351 8.001377e-06
     4017.7355 7.741439e-06
     4018.6356 7.357982e-06
     4019.5357 7.569383e-06
     4020.4361 8.027369e-06
     4021.3363 8.009393e-06
     4022.2366 7.698383e-06
     4023.1368 7.565553e-06
     4024.0369 7.559207e-06
     4024.9373 7.346545e-06
     4025.8374 7.093659e-06
     4026.7378 7.252986e-06
     4027.6379 7.702855e-06
     4028.5381 8.151743e-06
     4029.4385 8.387088e-06
     4030.3386 7.861005e-06
     4031.2390 6.501019e-06
     4032.1391 5.376164e-06
     4033.0393 5.049120e-06
     4033.9396 4.920193e-06
     4034.8398 4.866291e-06
     4035.7402 5.258072e-06
     4036.6403 6.163229e-06
     4037.5404 7.334293e-06
     4038.4408 8.247707e-06
     4039.3410 8.515594e-06
     4040.2413 8.226374e-06
     4041.1415 7.714202e-06
     4042.0416 7.423637e-06
     4042.9420 7.622610e-06
     4043.8421 7.712814e-06
     4044.7425 6.837791e-06
     4045.6427 5.179362e-06
     4046.5428 3.858287e-06
     4047.4432 3.919513e-06
     4048.3433 5.264556e-06
     4049.2437 6.680560e-06
     4050.1438 7.477382e-06
     4051.0440 7.964588e-06
     4051.9443 8.244432e-06
     4052.8445 8.113538e-06
     4053.7449 7.768651e-06
     4054.6450 7.420516e-06
     4055.5451 6.992042e-06
     4056.4455 6.734554e-06
     4057.3457 6.702398e-06
     4058.2460 6.379039e-06
     4059.1462 5.972517e-06
     4060.0463 6.199432e-06
     4060.9467 6.946099e-06
     4061.8468 7.404578e-06
     4062.7472 6.927334e-06
     4063.6474 5.605937e-06
     4064.5475 4.468459e-06
     4065.4479 4.657836e-06
     4066.3480 5.793463e-06
     4067.2484 6.422370e-06
     4068.1485 6.404618e-06
     4069.0487 6.750163e-06
     4069.9491 7.555256e-06
     4070.8492 7.768663e-06
     4071.7496 6.728429e-06
     4072.6497 5.455486e-06
     4073.5499 5.562697e-06
     4074.4502 6.794919e-06
     4075.3504 7.546155e-06
     4076.2508 7.240132e-06
     4077.1509 6.326059e-06
     4078.0510 5.501378e-06
     4078.9514 5.434469e-06
     4079.8516 6.138435e-06
     4080.7519 7.148329e-06
     4081.6521 8.126796e-06
     4082.5522 8.631866e-06
     4083.4526 8.329833e-06
     4084.3527 7.697946e-06
     4085.2531 7.331285e-06
     4086.1532 7.285967e-06
     4087.0534 7.577392e-06
     4087.9538 8.243984e-06
     4088.8539 9.003586e-06
     4089.7543 9.393408e-06
     4090.6544 9.233839e-06
     4091.5546 8.809576e-06
     4092.4549 8.432531e-06
     4093.3551 8.169638e-06
     4094.2555 8.281206e-06
     4095.1556 8.436508e-06
     4096.0557 7.865169e-06
     4096.9561 6.976716e-06
     4097.8565 6.609101e-06
     4098.7566 6.751356e-06
     4099.6568 6.969350e-06
     4100.5569 6.890133e-06
     4101.4571 6.291488e-06
     4102.3577 5.653659e-06
     4103.2578 5.729069e-06
     4104.1580 6.334486e-06
     4105.0581 6.787203e-06
     4105.9582 7.123631e-06
     4106.8589 7.643962e-06
     4107.7590 8.005126e-06
     4108.6591 7.929433e-06
     4109.5593 7.646471e-06
     4110.4594 7.314466e-06
     4111.3600 6.990939e-06
     4112.2602 6.792722e-06
     4113.1603 6.842391e-06
     4114.0605 7.219124e-06
     4114.9606 7.649311e-06
     4115.8612 7.812400e-06
     4116.7614 7.875768e-06
     4117.6615 7.979026e-06
     4118.5616 7.780327e-06
     4119.4618 7.147261e-06
     4120.3624 6.781497e-06
     4121.2625 7.059217e-06
     4122.1627 7.344623e-06
     4123.0628 7.264489e-06
     4123.9630 7.128462e-06
     4124.8636 7.332540e-06
     4125.7637 7.832083e-06
     4126.6639 8.030224e-06
     4127.5640 7.751684e-06
     4128.4641 7.394214e-06
     4129.3648 7.207179e-06
     4130.2649 7.149985e-06
     4131.1650 7.022864e-06
     4132.0652 6.623505e-06
     4132.9653 5.972582e-06
     4133.8659 5.616952e-06
     4134.7661 5.778483e-06
     4135.6662 6.253917e-06
     4136.5664 7.070547e-06
     4137.4665 7.698664e-06
     4138.3671 7.744335e-06
     4139.2673 7.715538e-06
     4140.1674 7.826970e-06
     4141.0675 7.888640e-06
     4141.9677 7.745805e-06
     4142.8683 6.995110e-06
     4143.7684 5.636627e-06
     4144.6686 4.714657e-06
     4145.5687 5.085795e-06
     4146.4689 6.207608e-06
     4147.3695 6.990270e-06
     4148.2696 7.208923e-06
     4149.1698 7.153051e-06
     4150.0699 6.875840e-06
     4150.9700 6.527072e-06
     4151.8707 6.428061e-06
     4152.7708 6.491570e-06
     4153.6709 6.541635e-06
     4154.5711 6.498126e-06
     4155.4712 6.360891e-06
     4156.3718 6.335702e-06
     4157.2720 6.326760e-06
     4158.1721 6.385744e-06
     4159.0723 6.811410e-06
     4159.9724 7.386182e-06
     4160.8730 7.695296e-06
     4161.7732 7.713862e-06
     4162.6733 7.871144e-06
     4163.5734 8.278422e-06
     4164.4736 8.347843e-06
     4165.3742 7.912385e-06
     4166.2743 7.500408e-06
     4167.1745 7.212431e-06
     4168.0746 6.824227e-06
     4168.9748 6.708825e-06
     4169.8754 7.182101e-06
     4170.7755 7.698055e-06
     4171.6757 7.733103e-06
     4172.5758 7.076238e-06
     4173.4759 6.131521e-06
     4174.3766 5.757008e-06
     4175.2767 6.072898e-06
     4176.1768 6.469264e-06
     4177.0770 6.637191e-06
     4177.9771 6.568708e-06
     4178.8777 6.474782e-06
     4179.7779 6.691766e-06
     4180.6780 7.022508e-06
     4181.5782 7.001945e-06
     4182.4783 6.686807e-06
     4183.3789 6.562813e-06
     4184.2791 6.882461e-06
     4185.1792 7.471815e-06
     4186.0793 7.998176e-06
     4186.9795 7.828406e-06
     4187.8801 6.840485e-06
     4188.7802 6.196623e-06
     4189.6804 6.662204e-06
     4190.5805 7.411869e-06
     4191.4807 7.497339e-06
     4192.3813 7.176536e-06
     4193.2814 7.361343e-06
     4194.1816 7.976707e-06
     4195.0817 8.044612e-06
     4195.9818 7.335168e-06
     4196.8825 6.501990e-06
     4197.7826 6.047384e-06
     4198.6827 5.874462e-06
     4199.5829 5.799162e-06
     4200.4830 6.014997e-06
     4201.3836 6.312530e-06
     4202.2838 6.147196e-06
     4203.1839 5.891637e-06
     4204.0841 6.230514e-06
     4204.9842 6.869739e-06
     4205.8848 7.311092e-06
     4206.7850 7.675502e-06
     4207.6851 8.002896e-06
     4208.5852 8.242666e-06
     4209.4854 8.309459e-06
     4210.3860 7.953556e-06
     4211.2861 7.460628e-06
     4212.1863 7.479261e-06
     4213.0864 7.847952e-06
     4213.9866 7.862663e-06
     4214.8872 7.290320e-06
     4215.7873 6.371309e-06
     4216.6875 5.824133e-06
     4217.5876 6.459607e-06
     4218.4877 7.801306e-06
     4219.3884 8.660782e-06
     4220.2885 8.850989e-06
     4221.1886 8.899788e-06
     4222.0888 8.899879e-06
     4222.9889 8.451307e-06
     4223.8895 7.588081e-06
     4224.7897 6.662902e-06
     4225.6898 5.623837e-06
     4226.5900 4.311304e-06
     4227.4901 3.145412e-06
     4228.3907 3.129831e-06
     4229.2909 4.530664e-06
     4230.1910 6.237794e-06
     4231.0911 7.409381e-06
     4231.9913 8.155774e-06
     4232.8919 8.279159e-06
     4233.7921 7.656811e-06
     4234.6922 7.122694e-06
     4235.5923 7.127304e-06
     4236.4925 6.979257e-06
     4237.3931 6.676379e-06
     4238.2932 6.879043e-06
     4239.1934 7.281762e-06
     4240.0935 7.388887e-06
     4240.9936 7.496246e-06
     4241.8943 7.977682e-06
     4242.7944 8.466050e-06
     4243.6946 8.582600e-06
     4244.5947 8.883565e-06
     4245.4948 9.600663e-06
     4246.3955 9.887881e-06
     4247.2956 9.335033e-06
     4248.1957 8.442396e-06
     4249.0959 7.769284e-06
     4249.9960 7.291848e-06
     4250.8966 6.599307e-06
     4251.7968 6.143945e-06
     4252.6969 6.689547e-06
     4253.5971 7.449386e-06
     4254.4972 7.176486e-06
     4255.3978 6.270555e-06
     4256.2980 6.199617e-06
     4257.1981 7.359210e-06
     4258.0982 8.582339e-06
     4258.9984 8.635494e-06
     4259.8990 7.640462e-06
     4260.7991 6.487074e-06
     4261.6993 5.861449e-06
     4262.5994 6.382693e-06
     4263.4996 7.810937e-06
     4264.4002 9.031623e-06
     4265.3003 9.506649e-06
     4266.2005 9.657566e-06
     4267.1006 9.740774e-06
     4268.0007 9.392296e-06
     4268.9014 8.666493e-06
     4269.8015 8.061993e-06
     4270.7016 7.417130e-06
     4271.6018 6.257658e-06
     4272.5019 5.004295e-06
     4273.4026 4.749478e-06
     4274.3027 5.371486e-06
     4275.2028 5.626316e-06
     4276.1030 5.669445e-06
     4277.0031 6.503790e-06
     4277.9037 7.862930e-06
     4278.8039 8.932947e-06
     4279.7040 9.299863e-06
     4280.6042 8.711908e-06
     4281.5043 7.815442e-06
     4282.4049 7.579860e-06
     4283.3051 7.787483e-06
     4284.2052 8.043429e-06
     4285.1053 8.265444e-06
     4286.0055 8.036953e-06
     4286.9061 7.626542e-06
     4287.8062 7.650421e-06
     4288.7064 7.790535e-06
     4289.6065 7.212167e-06
     4290.5067 6.044881e-06
     4291.4073 5.476029e-06
     4292.3074 6.047985e-06
     4293.2076 7.179315e-06
     4294.1077 7.953994e-06
     4295.0078 7.791516e-06
     4295.9085 7.442144e-06
     4296.8086 7.624450e-06
     4297.7087 7.696898e-06
     4298.6089 7.189786e-06
     4299.5090 6.236501e-06
     4300.4097 5.160072e-06
     4301.3098 4.752552e-06
     4302.2099 5.193931e-06
     4303.1101 5.613659e-06
     4304.0102 5.700301e-06
     4304.9108 5.892692e-06
     4305.8110 6.009913e-06
     4306.7111 5.714879e-06
     4307.6113 5.192012e-06
     4308.5114 4.558167e-06
     4309.4120 4.123921e-06
     4310.3122 4.354169e-06
     4311.2123 5.084774e-06
     4312.1124 5.874591e-06
     4313.0126 6.563604e-06
     4313.9132 7.185391e-06
     4314.8133 7.637447e-06
     4315.7135 8.112293e-06
     4316.6136 9.365835e-06
     4317.5138 1.103317e-05
     4318.4144 1.175507e-05
     4319.3145 1.143446e-05
     4320.2147 1.095899e-05
     4321.1148 1.058551e-05
     4322.0149 1.018809e-05
     4322.9156 9.929212e-06
     4323.8157 9.337224e-06
     4324.7158 7.902563e-06
     4325.6160 6.193957e-06
     4326.5161 5.051635e-06
     4327.4168 5.333803e-06
     4328.3169 7.252788e-06
     4329.2170 9.550423e-06
     4330.1172 1.074302e-05
     4331.0173 1.059336e-05
     4331.9179 1.013376e-05
     4332.8181 1.023165e-05
     4333.7182 1.060033e-05
     4334.6184 1.085848e-05
     4335.5185 1.121049e-05
     4336.4191 1.155147e-05
     4337.3193 1.099410e-05
     4338.2194 9.318856e-06
     4339.1195 7.860626e-06
     4340.0197 7.288288e-06
     4340.9203 6.912256e-06
     4341.8204 6.911888e-06
     4342.7206 7.954542e-06
     4343.6207 9.213034e-06
     4344.5209 9.520015e-06
     4345.4215 9.482588e-06
     4346.3216 9.963110e-06
     4347.2218 1.029950e-05
     4348.1219 1.014268e-05
     4349.0220 1.039520e-05
     4349.9227 1.128406e-05
     4350.8228 1.153522e-05
     4351.7230 1.012754e-05
     4352.6231 8.067958e-06
     4353.5232 7.288734e-06
     4354.4239 8.089083e-06
     4355.3240 9.061836e-06
     4356.2241 9.474745e-06
     4357.1243 9.903570e-06
     4358.0244 1.050625e-05
     4358.9250 1.051233e-05
     4359.8252 9.738749e-06
     4360.7253 9.254773e-06
     4361.6255 9.795324e-06
     4362.5256 1.071160e-05
     4363.4262 1.101548e-05
     4364.3264 1.083837e-05
     4365.2265 1.112225e-05
     4366.1266 1.176691e-05
     4367.0268 1.170293e-05
     4367.9274 1.071073e-05
     4368.8276 9.737197e-06
     4369.7277 9.610524e-06
     4370.6278 9.958836e-06
     4371.5280 1.010757e-05
     4372.4286 1.014701e-05
     4373.3287 1.013475e-05
     4374.2289 9.646412e-06
     4375.1290 8.683981e-06
     4376.0292 7.891861e-06
     4376.9298 7.963355e-06
     4377.8299 9.004053e-06
     4378.7301 1.017268e-05
     4379.6302 1.059824e-05
     4380.5303 1.023952e-05
     4381.4310 9.637703e-06
     4382.3311 8.981600e-06
     4383.2312 7.680968e-06
     4384.1314 5.650854e-06
     4385.0315 4.322715e-06
     4385.9322 4.960283e-06
     4386.8323 6.986405e-06
     4387.7324 8.648216e-06
     4388.6326 9.058399e-06
     4389.5327 8.841220e-06
     4390.4333 8.585456e-06
     4391.3335 8.434758e-06
     4392.2336 8.622685e-06
     4393.1338 9.131316e-06
     4394.0339 9.501894e-06
     4394.9345 9.383018e-06
     4395.8347 9.063064e-06
     4396.7348 9.332961e-06
     4397.6349 1.041046e-05
     4398.5351 1.131842e-05
     4399.4357 1.126995e-05
     4400.3359 1.046671e-05
     4401.2360 9.456347e-06
     4402.1361 9.107672e-06
     4403.0363 9.750089e-06
     4403.9369 9.898207e-06
     4404.8370 8.299280e-06
     4405.7372 6.370479e-06
     4406.6373 6.194693e-06
     4407.5375 7.383310e-06
     4408.4381 8.099635e-06
     4409.3382 8.177564e-06
     4410.2384 8.847901e-06
     4411.1385 1.016651e-05
     4412.0386 1.110832e-05
     4412.9393 1.148120e-05
     4413.8394 1.151160e-05
     4414.7395 1.071003e-05
     4415.6397 8.969001e-06
     4416.5398 7.821078e-06
     4417.4405 8.331792e-06
     4418.3406 9.541976e-06
     4419.2407 1.054793e-05
     4420.1409 1.132634e-05
     4421.0410 1.168264e-05
     4421.9416 1.127942e-05
     4422.8418 1.022558e-05
     4423.7419 9.346198e-06
     4424.6421 9.410796e-06
     4425.5422 9.935857e-06
     4426.4428 1.004300e-05
     4427.3430 9.854613e-06
     4428.2431 9.904259e-06
     4429.1432 1.034631e-05
     4430.0434 1.058675e-05
     4430.9440 1.002621e-05
     4431.8442 9.566152e-06
     4432.7443 1.007489e-05
     4433.6444 1.056563e-05
     4434.5446 1.000616e-05
     4435.4452 8.802061e-06
     4436.3453 8.002292e-06
     4437.2455 8.395563e-06
     4438.1456 9.721734e-06
     4439.0458 1.104633e-05
     4439.9464 1.186555e-05
     4440.8465 1.188023e-05
     4441.7467 1.100251e-05
     4442.6468 9.810328e-06
     4443.5469 9.044322e-06
     4444.4476 9.110947e-06
     4445.3477 1.003945e-05
     4446.2479 1.130589e-05
     4447.1480 1.194732e-05
     4448.0481 1.164534e-05
     4448.9488 1.137677e-05
     4449.8489 1.159883e-05
     4450.7490 1.152832e-05
     4451.6492 1.118204e-05
     4452.5493 1.116912e-05
     4453.4499 1.115777e-05
     4454.3501 1.056847e-05
     4455.2502 9.459934e-06
     4456.1504 8.475868e-06
     4457.0505 8.396895e-06
     4457.9511 8.959577e-06
     4458.8513 9.221123e-06
     4459.7514 9.003973e-06
     4460.6516 8.812485e-06
     4461.5517 8.688780e-06
     4462.4523 8.326747e-06
     4463.3525 8.435017e-06
     4464.2526 9.624468e-06
     4465.1527 1.072604e-05
     4466.0529 1.076064e-05
     4466.9535 1.039983e-05
     4467.8536 1.036752e-05
     4468.7538 1.052908e-05
     4469.6539 1.037426e-05
     4470.5541 1.001787e-05
     4471.4547 1.009054e-05
     4472.3548 1.059094e-05
     4473.2550 1.119558e-05
     4474.1551 1.178348e-05
     4475.0553 1.204664e-05
     4475.9559 1.180255e-05
     4476.8560 1.164634e-05
     4477.7562 1.215464e-05
     4478.6563 1.285104e-05
     4479.5564 1.281349e-05
     4480.4571 1.182361e-05
     4481.3572 1.055740e-05
     4482.2573 9.741622e-06
     4483.1575 9.619809e-06
     4484.0576 1.032718e-05
     4484.9583 1.148191e-05
     4485.8584 1.237862e-05
     4486.7585 1.285715e-05
     4487.6587 1.290713e-05
     4488.5588 1.236260e-05
     4489.4594 1.135093e-05
     4490.3596 1.041366e-05
     4491.2597 1.017938e-05
     4492.1599 1.080282e-05
     4493.0600 1.166109e-05
     4493.9606 1.186733e-05
     4494.8608 1.103035e-05
     4495.7609 9.919276e-06
     4496.6611 9.595674e-06
     4497.5612 1.007388e-05
     4498.4618 1.092809e-05
     4499.3620 1.179897e-05
     4500.2621 1.234775e-05
     4501.1622 1.234608e-05
     4502.0624 1.176025e-05
     4502.9630 1.148661e-05
     4503.8631 1.234194e-05
     4504.7633 1.351493e-05
     4505.6634 1.392282e-05
     4506.5636 1.362070e-05
     4507.4642 1.309328e-05
     4508.3643 1.269104e-05
     4509.2645 1.261709e-05
     4510.1646 1.281502e-05
     4511.0648 1.312317e-05
     4511.9654 1.324130e-05
     4512.8655 1.284169e-05
     4513.7657 1.213664e-05
     4514.6658 1.160599e-05
     4515.5659 1.145890e-05
     4516.4666 1.175243e-05
     4517.3667 1.211394e-05
     4518.2669 1.194301e-05
     4519.1670 1.156145e-05
     4520.0671 1.180019e-05
     4520.9678 1.252493e-05
     4521.8679 1.312837e-05
     4522.7680 1.311724e-05
     4523.6682 1.239192e-05
     4524.5683 1.182947e-05
     4525.4689 1.169237e-05
     4526.3691 1.124239e-05
     4527.2692 1.038205e-05
     4528.1694 9.565175e-06
     4529.0695 9.037304e-06
     4529.9701 8.936729e-06
     4530.8703 9.289517e-06
     4531.7704 9.708011e-06
     4532.6706 1.021231e-05
     4533.5707 1.073864e-05
     4534.4713 1.059910e-05
     4535.3715 9.879985e-06
     4536.2716 9.355569e-06
     4537.1717 9.947948e-06
     4538.0719 1.165049e-05
     4538.9725 1.286203e-05
     4539.8727 1.272309e-05
     4540.7728 1.192379e-05
     4541.6729 1.121515e-05
     4542.5731 1.111272e-05
     4543.4737 1.171131e-05
     4544.3738 1.224380e-05
     4545.2740 1.196175e-05
     4546.1741 1.132060e-05
     4547.0743 1.121534e-05
     4547.9749 1.154743e-05
     4548.8750 1.168189e-05
     4549.7752 1.131214e-05
     4550.6753 1.094606e-05
     4551.5754 1.129364e-05
     4552.4761 1.177717e-05
     4553.3762 1.162253e-05
     4554.2764 1.122621e-05
     4555.1765 1.095721e-05
     4556.0766 1.084158e-05
     4556.9773 1.119661e-05
     4557.8774 1.208640e-05
     4558.7775 1.292884e-05
     4559.6777 1.328587e-05
     4560.5778 1.320915e-05
     4561.4785 1.296422e-05
     4562.3786 1.298775e-05
     4563.2787 1.307487e-05
     4564.1789 1.256353e-05
     4565.0790 1.162587e-05
     4565.9796 1.100419e-05
     4566.8798 1.116155e-05
     4567.7799 1.211869e-05
     4568.6801 1.315577e-05
     4569.5802 1.345768e-05
     4570.4808 1.317769e-05
     4571.3810 1.256413e-05
     4572.2811 1.165481e-05
     4573.1813 1.144949e-05
     4574.0814 1.242738e-05
     4574.9820 1.320701e-05
     4575.8822 1.302565e-05
     4576.7823 1.275205e-05
     4577.6824 1.279260e-05
     4578.5826 1.273129e-05
     4579.4832 1.227527e-05
     4580.3834 1.146573e-05
     4581.2835 1.074797e-05
     4582.1836 1.071553e-05
     4583.0838 1.138813e-05
     4583.9844 1.200838e-05
     4584.8845 1.200675e-05
     4585.7847 1.162600e-05
     4586.6848 1.119809e-05
     4587.5850 1.115487e-05
     4588.4856 1.185742e-05
     4589.3857 1.281226e-05
     4590.2859 1.333370e-05
     4591.1860 1.315809e-05
     4592.0862 1.245327e-05
     4592.9868 1.177072e-05
     4593.8869 1.153634e-05
     4594.7871 1.154577e-05
     4595.6872 1.140970e-05
     4596.5873 1.124769e-05
     4597.4880 1.129510e-05
     4598.3881 1.139972e-05
     4599.2883 1.158592e-05
     4600.1884 1.188257e-05
     4601.0885 1.174899e-05
     4601.9892 1.142027e-05
     4602.8893 1.159337e-05
     4603.7894 1.185761e-05
     4604.6896 1.183390e-05
     4605.5897 1.162405e-05
     4606.4903 1.138779e-05
     4607.3905 1.156426e-05
     4608.2906 1.233203e-05
     4609.1908 1.339617e-05
     4610.0909 1.416133e-05
     4610.9915 1.410729e-05
     4611.8917 1.344665e-05
     4612.7918 1.285933e-05
     4613.6920 1.255712e-05
     4614.5921 1.245160e-05
     4615.4927 1.281791e-05
     4616.3929 1.332029e-05
     4617.2930 1.342454e-05
     4618.1931 1.352490e-05
     4619.0933 1.360699e-05
     4619.9939 1.318070e-05
     4620.8941 1.288590e-05
     4621.7942 1.332669e-05
     4622.6943 1.363081e-05
     4623.5945 1.334513e-05
     4624.4951 1.320446e-05
     4625.3952 1.329897e-05
     4626.2954 1.307970e-05
     4627.1955 1.278509e-05
     4628.0957 1.295283e-05
     4628.9963 1.326883e-05
     4629.8964 1.312884e-05
     4630.7966 1.286861e-05
     4631.6967 1.318582e-05
     4632.5969 1.365043e-05
     4633.4975 1.336570e-05
     4634.3976 1.264087e-05
     4635.2978 1.234367e-05
     4636.1979 1.247767e-05
     4637.0981 1.255547e-05
     4637.9987 1.225404e-05
     4638.8988 1.176089e-05
     4639.7990 1.145640e-05
     4640.6991 1.122185e-05
     4641.5992 1.130472e-05
     4642.4999 1.200231e-05
     4643.4000 1.255715e-05
     4644.3002 1.237588e-05
     4645.2003 1.190537e-05
     4646.1004 1.139546e-05
     4647.0011 1.059594e-05
     4647.9012 9.922776e-06
     4648.8013 9.964061e-06
     4649.7015 1.052951e-05
     4650.6016 1.121937e-05
     4651.5023 1.184886e-05
     4652.4024 1.228421e-05
     4653.3025 1.260713e-05
     4654.2027 1.272773e-05
     4655.1028 1.226272e-05
     4656.0034 1.156874e-05
     4656.9036 1.129518e-05
     4657.8037 1.153480e-05
     4658.7039 1.231438e-05
     4659.6040 1.337510e-05
     4660.5046 1.413317e-05
     4661.4048 1.422888e-05
     4662.3049 1.368901e-05
     4663.2051 1.285005e-05
     4664.1052 1.214121e-05
     4665.0058 1.189750e-05
     4665.9060 1.195990e-05
     4666.8061 1.152030e-05
     4667.7062 1.027055e-05
     4668.6064 9.191371e-06
     4669.5070 9.347998e-06
     4670.4072 1.054679e-05
     4671.3073 1.182435e-05
     4672.2074 1.256153e-05
     4673.1076 1.261958e-05
     4674.0082 1.225312e-05
     4674.9083 1.190931e-05
     4675.8085 1.189839e-05
     4676.7086 1.238248e-05
     4677.6088 1.295808e-05
     4678.5094 1.289701e-05
     4679.4095 1.226741e-05
     4680.3097 1.170728e-05
     4681.2098 1.139955e-05
     4682.1100 1.119803e-05
     4683.0106 1.124193e-05
     4683.9107 1.174500e-05
     4684.8109 1.231115e-05
     4685.7110 1.244579e-05
     4686.6111 1.237540e-05
     4687.5118 1.230042e-05
     4688.4119 1.205511e-05
     4689.3121 1.186062e-05
     4690.2122 1.199234e-05
     4691.1123 1.209525e-05
     4692.0130 1.188360e-05
     4692.9131 1.172396e-05
     4693.8132 1.184242e-05
     4694.7134 1.205603e-05
     4695.6135 1.238395e-05
     4696.5142 1.284912e-05
     4697.4143 1.307347e-05
     4698.3144 1.263835e-05
     4699.2146 1.170404e-05
     4700.1147 1.107620e-05
     4701.0154 1.118345e-05
     4701.9155 1.142343e-05
     4702.8156 1.128344e-05
     4703.7158 1.090479e-05
     4704.6159 1.087919e-05
     4705.5165 1.147869e-05
     4706.4167 1.202326e-05
     4707.3168 1.194493e-05
     4708.2170 1.147112e-05
     4709.1171 1.116181e-05
     4710.0177 1.112834e-05
     4710.9179 1.136796e-05
     4711.8180 1.205449e-05
     4712.7182 1.265163e-05
     4713.6183 1.256219e-05
     4714.5189 1.194658e-05
     4715.4191 1.125576e-05
     4716.3192 1.125535e-05
     4717.2193 1.213363e-05
     4718.1195 1.294955e-05
     4719.0201 1.323488e-05
     4719.9203 1.349119e-05
     4720.8204 1.386732e-05
     4721.7205 1.396661e-05
     4722.6207 1.363251e-05
     4723.5213 1.314661e-05
     4724.4214 1.306162e-05
     4725.3216 1.352240e-05
     4726.2217 1.396102e-05
     4727.1219 1.370413e-05
     4728.0225 1.254876e-05
     4728.9226 1.124155e-05
     4729.8228 1.068342e-05
     4730.7229 1.080025e-05
     4731.6231 1.110112e-05
     4732.5237 1.150176e-05
     4733.4238 1.201867e-05
     4734.3240 1.230301e-05
     4735.2241 1.240223e-05
     4736.1243 1.257644e-05
     4737.0249 1.232128e-05
     4737.9250 1.177889e-05
     4738.8252 1.207742e-05
     4739.7253 1.300011e-05
     4740.6254 1.327550e-05
     4741.5261 1.281993e-05
     4742.4262 1.245371e-05
     4743.3264 1.259091e-05
     4744.2265 1.297080e-05
     4745.1266 1.304189e-05
     4746.0273 1.278332e-05
     4746.9274 1.285622e-05
     4747.8276 1.330918e-05
     4748.7277 1.347839e-05
     4749.6278 1.332459e-05
     4750.5285 1.328060e-05
     4751.4286 1.334779e-05
     4752.3287 1.318083e-05
     4753.2289 1.276651e-05
     4754.1290 1.241681e-05
     4755.0297 1.217301e-05
     4755.9298 1.209359e-05
     4756.8299 1.218357e-05
     4757.7301 1.227279e-05
     4758.6302 1.236579e-05
     4759.5308 1.250502e-05
     4760.4310 1.276209e-05
     4761.3311 1.294297e-05
     4762.2313 1.260152e-05
     4763.1314 1.193565e-05
     4764.0320 1.162925e-05
     4764.9322 1.160735e-05
     4765.8323 1.130965e-05
     4766.7325 1.078982e-05
     4767.6326 1.065890e-05
     4768.5332 1.113887e-05
     4769.4334 1.183716e-05
     4770.3335 1.250917e-05
     4771.2337 1.284057e-05
     4772.1338 1.250325e-05
     4773.0344 1.198683e-05
     4773.9346 1.200456e-05
     4774.8347 1.261497e-05
     4775.7348 1.324401e-05
     4776.6350 1.327388e-05
     4777.5356 1.305468e-05
     4778.4358 1.320478e-05
     4779.3359 1.339006e-05
     4780.2360 1.322050e-05
     4781.1362 1.298844e-05
     4782.0368 1.288562e-05
     4782.9369 1.262135e-05
     4783.8371 1.204362e-05
     4784.7372 1.169263e-05
     4785.6374 1.203430e-05
     4786.5380 1.232821e-05
     4787.4381 1.204888e-05
     4788.3383 1.198647e-05
     4789.2384 1.228979e-05
     4790.1386 1.228966e-05
     4791.0392 1.214346e-05
     4791.9393 1.228484e-05
     4792.8395 1.259722e-05
     4793.7396 1.301979e-05
     4794.6398 1.367769e-05
     4795.5404 1.432126e-05
     4796.4405 1.446654e-05
     4797.3407 1.410251e-05
     4798.2408 1.362347e-05
     4799.1410 1.314090e-05
     4800.0416 1.263180e-05
     4800.9417 1.236983e-05
     4801.8419 1.266580e-05
     4802.7420 1.342334e-05
     4803.6421 1.407248e-05
     4804.5428 1.417165e-05
     4805.4429 1.368820e-05
     4806.3431 1.308086e-05
     4807.2432 1.282084e-05
     4808.1433 1.261349e-05
     4809.0440 1.231742e-05
     4809.9441 1.240289e-05
     4810.8442 1.288710e-05
     4811.7444 1.326543e-05
     4812.6445 1.333262e-05
     4813.5452 1.324077e-05
     4814.4453 1.313377e-05
     4815.3454 1.311203e-05
     4816.2456 1.320985e-05
     4817.1457 1.346275e-05
     4818.0464 1.379161e-05
     4818.9465 1.400339e-05
     4819.8466 1.417232e-05
     4820.7468 1.428946e-05
     4821.6469 1.418293e-05
     4822.5475 1.390022e-05
     4823.4477 1.326968e-05
     4824.3478 1.230580e-05
     4825.2480 1.195818e-05
     4826.1481 1.261503e-05
     4827.0487 1.337118e-05
     4827.9489 1.350159e-05
     4828.8490 1.315438e-05
     4829.7492 1.285361e-05
     4830.6493 1.291915e-05
     4831.5499 1.305482e-05
     4832.4501 1.265049e-05
     4833.3502 1.214404e-05
     4834.2504 1.240446e-05
     4835.1505 1.309959e-05
     4836.0511 1.346104e-05
     4836.9513 1.340589e-05
     4837.8514 1.334767e-05
     4838.7515 1.335310e-05
     4839.6517 1.303927e-05
     4840.5523 1.250925e-05
     4841.4525 1.230218e-05
     4842.3526 1.257157e-05
     4843.2527 1.274029e-05
     4844.1529 1.247055e-05
     4845.0535 1.246000e-05
     4845.9537 1.311737e-05
     4846.8538 1.377437e-05
     4847.7539 1.383412e-05
     4848.6541 1.331006e-05
     4849.5547 1.265174e-05
     4850.4548 1.259529e-05
     4851.3550 1.314103e-05
     4852.2551 1.341213e-05
     4853.1553 1.330327e-05
     4854.0559 1.327383e-05
     4854.9560 1.295749e-05
     4855.8562 1.205473e-05
     4856.7563 1.140672e-05
     4857.6565 1.177956e-05
     4858.5571 1.247960e-05
     4859.4572 1.245488e-05
     4860.3574 1.158068e-05
     4861.2575 1.022927e-05
     4862.1577 9.077423e-06
     4863.0583 9.162373e-06
     4863.9584 1.039336e-05
     4864.8586 1.131740e-05
     4865.7587 1.164069e-05
     4866.6589 1.204497e-05
     4867.5595 1.245414e-05
     4868.4596 1.249698e-05
     4869.3598 1.239276e-05
     4870.2599 1.244139e-05
     4871.1600 1.199676e-05
     4872.0607 1.068345e-05
     4872.9608 9.801387e-06
     4873.8610 1.042460e-05
     4874.7611 1.162242e-05
     4875.6612 1.211776e-05
     4876.5619 1.211289e-05
     4877.4620 1.235512e-05
     4878.3622 1.264800e-05
     4879.2623 1.280512e-05
     4880.1624 1.332564e-05
     4881.0631 1.367023e-05
     4881.9632 1.302671e-05
     4882.8633 1.227809e-05
     4883.7635 1.247003e-05
     4884.6636 1.294677e-05
     4885.5643 1.262592e-05
     4886.4644 1.171060e-05
     4887.3645 1.115226e-05
     4888.2647 1.133720e-05
     4889.1648 1.178821e-05
     4890.0655 1.191607e-05
     4890.9656 1.136920e-05
     4891.8657 1.025606e-05
     4892.7659 9.939841e-06
     4893.6660 1.125230e-05
     4894.5666 1.295143e-05
     4895.4668 1.404678e-05
     4896.3669 1.458276e-05
     4897.2671 1.463794e-05
     4898.1672 1.446569e-05
     4899.0678 1.432574e-05
     4899.9680 1.395037e-05
     4900.8681 1.332948e-05
     4901.7683 1.314151e-05
     4902.6684 1.338761e-05
     4903.5690 1.322674e-05
     4904.4692 1.270724e-05
     4905.3693 1.270394e-05
     4906.2695 1.345075e-05
     4907.1696 1.423124e-05
     4908.0702 1.428304e-05
     4908.9704 1.366582e-05
     4909.8705 1.287053e-05
     4910.7707 1.214815e-05
     4911.6708 1.182475e-05
     4912.5714 1.212148e-05
     4913.4716 1.268943e-05
     4914.3717 1.309059e-05
     4915.2719 1.340306e-05
     4916.1720 1.383881e-05
     4917.0726 1.409048e-05
     4917.9728 1.370700e-05
     4918.8729 1.252201e-05
     4919.7730 1.083017e-05
     4920.6732 9.406952e-06
     4921.5738 9.012298e-06
     4922.4740 9.916105e-06
     4923.3741 1.142654e-05
     4924.2742 1.231222e-05
     4925.1744 1.219791e-05
     4926.0750 1.195355e-05
     4926.9752 1.244316e-05
     4927.8753 1.322369e-05
     4928.7754 1.361292e-05
     4929.6756 1.396770e-05
     4930.5762 1.436154e-05
     4931.4763 1.439350e-05
     4932.3765 1.427484e-05
     4933.2766 1.391472e-05
     4934.1768 1.295778e-05
     4935.0774 1.225327e-05
     4935.9775 1.266653e-05
     4936.8777 1.328956e-05
     4937.7778 1.295703e-05
     4938.6780 1.181020e-05
     4939.5786 1.075743e-05
     4940.4787 1.071893e-05
     4941.3789 1.182423e-05
     4942.2790 1.305447e-05
     4943.1792 1.358388e-05
     4944.0798 1.384980e-05
     4944.9799 1.418650e-05
     4945.8801 1.407647e-05
     4946.7802 1.352179e-05
     4947.6804 1.335244e-05
     4948.5810 1.375336e-05
     4949.4811 1.410419e-05
     4950.3813 1.416189e-05
     4951.2814 1.420885e-05
     4952.1816 1.440219e-05
     4953.0822 1.437533e-05
     4953.9823 1.397266e-05
     4954.8825 1.359310e-05
     4955.7826 1.341561e-05
     4956.6827 1.303701e-05
     4957.5834 1.168145e-05
     4958.4835 9.834015e-06
     4959.3837 9.624091e-06
     4960.2838 1.141551e-05
     4961.1839 1.318175e-05
     4962.0846 1.371519e-05
     4962.9847 1.355144e-05
     4963.8849 1.354226e-05
     4964.7850 1.358800e-05
     4965.6851 1.306904e-05
     4966.5858 1.221336e-05
     4967.4859 1.185025e-05
     4968.3861 1.201749e-05
     4969.2862 1.222096e-05
     4970.1863 1.244552e-05
     4971.0870 1.267745e-05
     4971.9871 1.292968e-05
     4972.8872 1.333530e-05
     4973.7874 1.364268e-05
     4974.6875 1.378323e-05
     4975.5882 1.387592e-05
     4976.4883 1.378252e-05
     4977.3884 1.357837e-05
     4978.2886 1.328036e-05
     4979.1887 1.268625e-05
     4980.0894 1.219263e-05
     4980.9895 1.218631e-05
     4981.8896 1.211962e-05
     4982.7898 1.133915e-05
     4983.6899 1.029585e-05
     4984.5905 1.002217e-05
     4985.4907 1.056875e-05
     4986.3908 1.118177e-05
     4987.2910 1.178268e-05
     4988.1911 1.260418e-05
     4989.0917 1.313736e-05
     4989.9919 1.307758e-05
     4990.8920 1.278396e-05
     4991.7922 1.246164e-05
     4992.6923 1.244476e-05
     4993.5929 1.282210e-05
     4994.4931 1.284803e-05
     4995.3932 1.259800e-05
     4996.2934 1.277472e-05
     4997.1935 1.307496e-05
     4998.0941 1.310173e-05
     4998.9943 1.297269e-05
     4999.8944 1.248910e-05
     5000.7946 1.174392e-05
     5001.6947 1.134555e-05
     5002.5953 1.134263e-05
     5003.4955 1.144987e-05
     5004.3956 1.159465e-05
     5005.2958 1.155289e-05
     5006.1959 1.098329e-05
     5007.0965 1.017491e-05
     5007.9967 1.012214e-05
     5008.8968 1.113317e-05
     5009.7970 1.219952e-05
     5010.6971 1.250327e-05
     5011.5977 1.234462e-05
     5012.4979 1.187740e-05
     5013.3980 1.105059e-05
     5014.2981 1.030821e-05
     5015.1983 9.951575e-06
     5016.0989 1.022018e-05
     5016.9991 1.096162e-05
     5017.8992 1.136927e-05
     5018.7993 1.121202e-05
     5019.6995 1.115924e-05
     5020.6001 1.148814e-05
     5021.5003 1.170918e-05
     5022.4004 1.145918e-05
     5023.3005 1.100040e-05
     5024.2007 1.108746e-05
     5025.1013 1.175681e-05
     5026.0015 1.223481e-05
     5026.9016 1.230750e-05
     5027.8017 1.194599e-05
     5028.7019 1.134708e-05
     5029.6025 1.143876e-05
     5030.5027 1.216541e-05
     5031.4028 1.265092e-05
     5032.3029 1.287718e-05
     5033.2031 1.323498e-05
     5034.1037 1.366597e-05
     5035.0038 1.374981e-05
     5035.9040 1.303245e-05
     5036.8041 1.182150e-05
     5037.7043 1.134683e-05
     5038.6049 1.179667e-05
     5039.5050 1.189655e-05
     5040.4052 1.113277e-05
     5041.3053 9.963903e-06
     5042.2055 9.095712e-06
     5043.1061 9.531173e-06
     5044.0062 1.105379e-05
     5044.9064 1.230565e-05
     5045.8065 1.301767e-05
     5046.7067 1.361025e-05
     5047.6073 1.387751e-05
     5048.5074 1.332720e-05
     5049.4076 1.215351e-05
     5050.3077 1.125132e-05
     5051.2079 1.108385e-05
     5052.1085 1.127883e-05
     5053.0086 1.143967e-05
     5053.9088 1.171383e-05
     5054.8089 1.222573e-05
     5055.7091 1.275844e-05
     5056.6097 1.300659e-05
     5057.5098 1.295954e-05
     5058.4100 1.298044e-05
     5059.3101 1.315258e-05
     5060.2103 1.321997e-05
     5061.1109 1.328741e-05
     5062.0110 1.357205e-05
     5062.9112 1.379391e-05
     5063.8113 1.361686e-05
     5064.7115 1.283893e-05
     5065.6121 1.165700e-05
     5066.5122 1.112244e-05
     5067.4124 1.154461e-05
     5068.3125 1.185002e-05
     5069.2126 1.161587e-05
     5070.1133 1.158019e-05
     5071.0134 1.208991e-05
     5071.9136 1.243267e-05
     5072.8137 1.202246e-05
     5073.7138 1.158688e-05
     5074.6145 1.190037e-05
     5075.5146 1.233636e-05
     5076.4148 1.218856e-05
     5077.3149 1.194464e-05
     5078.2150 1.217787e-05
     5079.1157 1.224177e-05
     5080.0158 1.126993e-05
     5080.9160 1.004546e-05
     5081.8161 9.870723e-06
     5082.7162 1.052545e-05
     5083.6169 1.097771e-05
     5084.5170 1.104204e-05
     5085.4172 1.127655e-05
     5086.3173 1.178759e-05
     5087.2174 1.218007e-05
     5088.1181 1.227030e-05
     5089.0182 1.224380e-05
     5089.9184 1.232611e-05
     5090.8185 1.248244e-05
     5091.7186 1.252342e-05
     5092.6193 1.256545e-05
     5093.5194 1.291131e-05
     5094.4195 1.332833e-05
     5095.3197 1.326327e-05
     5096.2198 1.273538e-05
     5097.1205 1.221430e-05
     5098.0206 1.184270e-05
     5098.9207 1.134245e-05
     5099.8209 1.063377e-05
     5100.7210 1.044919e-05
     5101.6217 1.118489e-05
     5102.5218 1.208638e-05
     5103.4219 1.244463e-05
     5104.3221 1.226519e-05
     5105.2222 1.192631e-05
     5106.1229 1.175710e-05
     5107.0230 1.171208e-05
     5107.9231 1.145067e-05
     5108.8233 1.109868e-05
     5109.7234 1.106716e-05
     5110.6241 1.106073e-05
     5111.5242 1.097799e-05
     5112.4243 1.131922e-05
     5113.3245 1.184041e-05
     5114.2246 1.205710e-05
     5115.1253 1.225888e-05
     5116.0254 1.252493e-05
     5116.9255 1.261069e-05
     5117.8257 1.276856e-05
     5118.7258 1.309108e-05
     5119.6264 1.318690e-05
     5120.5266 1.293812e-05
     5121.4267 1.249080e-05
     5122.3269 1.204513e-05
     5123.2270 1.167494e-05
     5124.1276 1.110453e-05
     5125.0278 1.050034e-05
     5125.9279 1.041618e-05
     5126.8281 1.073197e-05
     5127.7282 1.093421e-05
     5128.6288 1.090526e-05
     5129.5290 1.083436e-05
     5130.4291 1.079318e-05
     5131.3293 1.098104e-05
     5132.2294 1.151572e-05
     5133.1300 1.199809e-05
     5134.0302 1.206613e-05
     5134.9303 1.194243e-05
     5135.8305 1.218031e-05
     5136.7306 1.250969e-05
     5137.6312 1.224878e-05
     5138.5314 1.162353e-05
     5139.4315 1.102480e-05
     5140.3317 1.061160e-05
     5141.2318 1.096722e-05
     5142.1324 1.164827e-05
     5143.0326 1.140995e-05
     5143.9327 1.079791e-05
     5144.8329 1.102574e-05
     5145.7330 1.152253e-05
     5146.6336 1.137446e-05
     5147.5338 1.092932e-05
     5148.4339 1.071140e-05
     5149.3341 1.084701e-05
     5150.2342 1.119145e-05
     5151.1348 1.129608e-05
     5152.0350 1.105798e-05
     5152.9351 1.084006e-05
     5153.8353 1.077488e-05
     5154.7354 1.075239e-05
     5155.6360 1.091791e-05
     5156.5362 1.139550e-05
     5157.4363 1.196557e-05
     5158.3365 1.246130e-05
     5159.2366 1.269408e-05
     5160.1372 1.256643e-05
     5161.0374 1.250706e-05
     5161.9375 1.262782e-05
     5162.8377 1.233052e-05
     5163.7378 1.168946e-05
     5164.6384 1.135086e-05
     5165.5386 1.097386e-05
     5166.4387 9.938525e-06
     5167.3389 8.411165e-06
     5168.2390 7.025246e-06
     5169.1396 6.649429e-06
     5170.0398 7.626044e-06
     5170.9399 9.081372e-06
     5171.8401 9.417870e-06
     5172.7402 8.028431e-06
     5173.6408 6.409354e-06
     5174.5410 6.483424e-06
     5175.4411 8.315452e-06
     5176.3412 1.022033e-05
     5177.2414 1.107876e-05
     5178.1420 1.130660e-05
     5179.0422 1.148506e-05
     5179.9423 1.154782e-05
     5180.8424 1.131787e-05
     5181.7426 1.079544e-05
     5182.6432 9.825915e-06
     5183.5434 8.209928e-06
     5184.4435 6.538445e-06
     5185.3436 6.301340e-06
     5186.2438 7.970229e-06
     5187.1444 1.016064e-05
     5188.0446 1.154726e-05
     5188.9447 1.193096e-05
     5189.8448 1.200119e-05
     5190.7450 1.242066e-05
     5191.6456 1.247050e-05
     5192.5458 1.127527e-05
     5193.4459 9.965337e-06
     5194.3460 1.004888e-05
     5195.2462 1.091009e-05
     5196.1468 1.123704e-05
     5197.0470 1.128467e-05
     5197.9471 1.172290e-05
     5198.8472 1.227496e-05
     5199.7474 1.261614e-05
     5200.6480 1.284030e-05
     5201.5482 1.289024e-05
     5202.4483 1.266270e-05
     5203.3484 1.233823e-05
     5204.2486 1.203260e-05
     5205.1492 1.129613e-05
     5206.0494 1.007707e-05
     5206.9495 9.312107e-06
     5207.8496 9.393692e-06
     5208.7498 9.431299e-06
     5209.6504 9.087379e-06
     5210.5506 9.295026e-06
     5211.4507 1.024151e-05
     5212.3508 1.144572e-05
     5213.2510 1.255552e-05
     5214.1516 1.321775e-05
     5215.0518 1.323638e-05
     5215.9519 1.260023e-05
     5216.8520 1.182091e-05
     5217.7522 1.160747e-05
     5218.6528 1.205862e-05
     5219.5529 1.280752e-05
     5220.4531 1.337747e-05
     5221.3532 1.359423e-05
     5222.2534 1.369621e-05
     5223.1540 1.363793e-05
     5224.0541 1.318119e-05
     5224.9543 1.235424e-05
     5225.8544 1.139868e-05
     5226.7546 1.047514e-05
     5227.6552 9.660506e-06
     5228.5553 9.699206e-06
     5229.4555 1.109629e-05
     5230.3556 1.262543e-05
     5231.2558 1.327772e-05
     5232.1564 1.345223e-05
     5233.0565 1.311479e-05
     5233.9567 1.216040e-05
     5234.8568 1.163763e-05
     5235.7570 1.201797e-05
     5236.6576 1.274977e-05
     5237.5577 1.354062e-05
     5238.4579 1.410590e-05
     5239.3580 1.417693e-05
     5240.2582 1.394488e-05
     5241.1588 1.377251e-05
     5242.0589 1.381551e-05
     5242.9591 1.384933e-05
     5243.8592 1.373050e-05
     5244.7594 1.384743e-05
     5245.6600 1.431267e-05
     5246.5601 1.428684e-05
     5247.4603 1.320822e-05
     5248.3604 1.207485e-05
     5249.2606 1.208994e-05
     5250.1612 1.257314e-05
     5251.0613 1.232532e-05
     5251.9615 1.188798e-05
     5252.8616 1.219654e-05
     5253.7618 1.286871e-05
     5254.6624 1.310260e-05
     5255.5625 1.265914e-05
     5256.4627 1.224931e-05
     5257.3628 1.283736e-05
     5258.2630 1.397190e-05
     5259.1636 1.466301e-05
     5260.0637 1.473819e-05
     5260.9639 1.436143e-05
     5261.8640 1.366940e-05
     5262.7642 1.270777e-05
     5263.6648 1.160803e-05
     5264.5649 1.068929e-05
     5265.4651 1.010769e-05
     5266.3652 9.641443e-06
     5267.2654 9.469526e-06
     5268.1660 1.020923e-05
     5269.0661 1.089760e-05
     5269.9663 9.889505e-06
     5270.8664 8.225031e-06
     5271.7666 8.432853e-06
     5272.6672 1.043545e-05
     5273.5673 1.203447e-05
     5274.4675 1.245828e-05
     5275.3676 1.237159e-05
     5276.2678 1.206658e-05
     5277.1684 1.211732e-05
     5278.0685 1.308977e-05
     5278.9687 1.420881e-05
     5279.8688 1.458500e-05
     5280.7690 1.421304e-05
     5281.6696 1.347836e-05
     5282.5697 1.278993e-05
     5283.4699 1.231573e-05
     5284.3700 1.196041e-05
     5285.2702 1.201959e-05
     5286.1708 1.300868e-05
     5287.0709 1.439251e-05
     5287.9711 1.508675e-05
     5288.8712 1.489897e-05
     5289.7714 1.453471e-05
     5290.6720 1.461710e-05
     5291.5721 1.501286e-05
     5292.4723 1.519352e-05
     5293.3724 1.493178e-05
     5294.2726 1.452932e-05
     5295.1732 1.439687e-05
     5296.0733 1.433299e-05
     5296.9735 1.373348e-05
     5297.8736 1.246876e-05
     5298.7738 1.129206e-05
     5299.6744 1.128335e-05
     5300.5745 1.238864e-05
     5301.4747 1.319110e-05
     5302.3748 1.312603e-05
     5303.2750 1.304878e-05
     5304.1756 1.359844e-05
     5305.0757 1.451353e-05
     5305.9759 1.520439e-05
     5306.8760 1.534149e-05
     5307.7762 1.495951e-05
     5308.6768 1.456124e-05
     5309.5769 1.466898e-05
     5310.4771 1.510965e-05
     5311.3772 1.535424e-05
     5312.2774 1.526923e-05
     5313.1780 1.503694e-05
     5314.0781 1.476735e-05
     5314.9783 1.460557e-05
     5315.8784 1.457830e-05
     5316.7786 1.443948e-05
     5317.6792 1.418210e-05
     5318.5793 1.412350e-05
     5319.4795 1.424443e-05
     5320.3796 1.425129e-05
     5321.2798 1.420069e-05
     5322.1804 1.419130e-05
     5323.0805 1.411250e-05
     5323.9807 1.371253e-05
     5324.8808 1.288666e-05
     5325.7810 1.241707e-05
     5326.6816 1.277487e-05
     5327.5817 1.274331e-05
     5328.4819 1.120843e-05
     5329.3820 9.345521e-06
     5330.2822 9.417471e-06
     5331.1828 1.133703e-05
     5332.0829 1.311380e-05
     5332.9831 1.368324e-05
     5333.8832 1.351940e-05
     5334.7834 1.367707e-05
     5335.6840 1.434786e-05
     5336.5841 1.479882e-05
     5337.4843 1.471158e-05
     5338.3844 1.450483e-05
     5339.2846 1.436853e-05
     5340.1852 1.379294e-05
     5341.0853 1.257769e-05
     5341.9855 1.180057e-05
     5342.8856 1.240219e-05
     5343.7858 1.354991e-05
     5344.6864 1.414475e-05
     5345.5865 1.411954e-05
     5346.4867 1.369363e-05
     5347.3868 1.341613e-05
     5348.2870 1.355866e-05
     5349.1876 1.342053e-05
     5350.0877 1.291302e-05
     5350.9879 1.290632e-05
     5351.8880 1.366063e-05
     5352.7882 1.447824e-05
     5353.6888 1.476523e-05
     5354.5889 1.478069e-05
     5355.4891 1.505962e-05
     5356.3892 1.548003e-05
     5357.2894 1.565570e-05
     5358.1900 1.566078e-05
     5359.0901 1.564660e-05
     5359.9903 1.559981e-05
     5360.8904 1.549091e-05
     5361.7906 1.521161e-05
     5362.6912 1.474268e-05
     5363.5913 1.442299e-05
     5364.4915 1.438454e-05
     5365.3916 1.419379e-05
     5366.2918 1.378960e-05
     5367.1924 1.366946e-05
     5368.0925 1.374660e-05
     5368.9927 1.374644e-05
     5369.8928 1.350940e-05
     5370.7930 1.264421e-05
     5371.6936 1.140634e-05
     5372.5937 1.084442e-05
     5373.4939 1.175657e-05
     5374.3940 1.343705e-05
     5375.2942 1.460460e-05
     5376.1948 1.505540e-05
     5377.0949 1.495744e-05
     5377.9951 1.456757e-05
     5378.8952 1.447195e-05
     5379.7954 1.478022e-05
     5380.6960 1.494205e-05
     5381.5961 1.474744e-05
     5382.4963 1.449049e-05
     5383.3964 1.421688e-05
     5384.2966 1.385718e-05
     5385.1972 1.386020e-05
     5386.0973 1.433786e-05
     5386.9975 1.467844e-05
     5387.8976 1.464106e-05
     5388.7978 1.445881e-05
     5389.6984 1.415429e-05
     5390.5985 1.366743e-05
     5391.4987 1.325877e-05
     5392.3988 1.313020e-05
     5393.2990 1.316766e-05
     5394.1996 1.316491e-05
     5395.0997 1.313781e-05
     5395.9999 1.318687e-05
     5396.9000 1.291411e-05
     5397.8002 1.199604e-05
     5398.7008 1.151950e-05
     5399.6009 1.237597e-05
     5400.5011 1.341005e-05
     5401.4012 1.360865e-05
     5402.3014 1.358155e-05
     5403.2020 1.387928e-05
     5404.1021 1.385298e-05
     5405.0023 1.286605e-05
     5405.9024 1.144479e-05
     5406.8026 1.061841e-05
     5407.7032 1.099660e-05
     5408.6033 1.214028e-05
     5409.5035 1.282847e-05
     5410.4036 1.247943e-05
     5411.3038 1.199067e-05
     5412.2044 1.242741e-05
     5413.1045 1.348054e-05
     5414.0047 1.418850e-05
     5414.9048 1.424322e-05
     5415.8050 1.400262e-05
     5416.7056 1.402452e-05
     5417.6057 1.450989e-05
     5418.5059 1.495528e-05
     5419.4060 1.495093e-05
     5420.3062 1.456531e-05
     5421.2068 1.404264e-05
     5422.1069 1.382952e-05
     5423.0071 1.415572e-05
     5423.9072 1.432650e-05
     5424.8074 1.372788e-05
     5425.7080 1.321087e-05
     5426.6081 1.368806e-05
     5427.5083 1.464303e-05
     5428.4084 1.516505e-05
     5429.3086 1.454745e-05
     5430.2092 1.288733e-05
     5431.1093 1.188514e-05
     5432.0095 1.259663e-05
     5432.9096 1.351596e-05
     5433.8098 1.334077e-05
     5434.7104 1.263935e-05
     5435.6105 1.213686e-05
     5436.5107 1.214376e-05
     5437.4108 1.259850e-05
     5438.3110 1.329742e-05
     5439.2116 1.415029e-05
     5440.1117 1.487526e-05
     5441.0119 1.528151e-05
     5441.9120 1.538197e-05
     5442.8122 1.532511e-05
     5443.7128 1.530447e-05
     5444.6129 1.522051e-05
     5445.5131 1.473313e-05
     5446.4132 1.367728e-05
     5447.3134 1.230824e-05
     5448.2140 1.154437e-05
     5449.1142 1.219384e-05
     5450.0143 1.351335e-05
     5450.9144 1.436665e-05
     5451.8146 1.456418e-05
     5452.7152 1.441203e-05
     5453.6154 1.418222e-05
     5454.5155 1.383594e-05
     5455.4156 1.310402e-05
     5456.3158 1.209047e-05
     5457.2164 1.179050e-05
     5458.1166 1.275284e-05
     5459.0167 1.406664e-05
     5459.9168 1.475143e-05
     5460.8170 1.466589e-05
     5461.7176 1.424008e-05
     5462.6178 1.383977e-05
     5463.5179 1.332888e-05
     5464.4180 1.289671e-05
     5465.3182 1.318842e-05
     5466.2188 1.389317e-05
     5467.1190 1.415813e-05
     5468.0191 1.410652e-05
     5468.9192 1.425187e-05
     5469.8194 1.437435e-05
     5470.7200 1.409103e-05
     5471.6202 1.371439e-05
     5472.5203 1.375640e-05
     5473.4204 1.387157e-05
     5474.3206 1.355745e-05
     5475.2212 1.330619e-05
     5476.1214 1.332042e-05
     5477.0215 1.276950e-05
     5477.9216 1.186866e-05
     5478.8218 1.205529e-05
     5479.7224 1.330787e-05
     5480.6226 1.412487e-05
     5481.5227 1.370017e-05
     5482.4228 1.279718e-05
     5483.3230 1.260478e-05
     5484.2236 1.316679e-05
     5485.1238 1.395043e-05
     5486.0239 1.465742e-05
     5486.9240 1.484487e-05
     5487.8242 1.424778e-05
     5488.7248 1.347603e-05
     5489.6250 1.338850e-05
     5490.5251 1.373269e-05
     5491.4252 1.392879e-05
     5492.3254 1.417054e-05
     5493.2260 1.438577e-05
     5494.1262 1.415886e-05
     5495.0263 1.382744e-05
     5495.9265 1.396039e-05
     5496.8266 1.420823e-05
     5497.7272 1.390957e-05
     5498.6274 1.346960e-05
     5499.5275 1.379248e-05
     5500.4277 1.452096e-05
     5501.3278 1.458387e-05
     5502.2284 1.393263e-05
     5503.1286 1.342737e-05
     5504.0287 1.344045e-05
     5504.9289 1.364903e-05
     5505.8290 1.371638e-05
     5506.7296 1.334407e-05
     5507.6298 1.286597e-05
     5508.5299 1.311726e-05
     5509.4301 1.386554e-05
     5510.3302 1.420696e-05
     5511.2308 1.404611e-05
     5512.1310 1.364344e-05
     5513.0311 1.301734e-05
     5513.9313 1.253977e-05
     5514.8314 1.255689e-05
     5515.7320 1.283594e-05
     5516.6322 1.316778e-05
     5517.5323 1.345850e-05
     5518.4325 1.384347e-05
     5519.3326 1.444568e-05
     5520.2332 1.483870e-05
     5521.1334 1.477499e-05
     5522.0335 1.458753e-05
     5522.9337 1.453599e-05
     5523.8338 1.455447e-05
     5524.7344 1.456456e-05
     5525.6346 1.450538e-05
     5526.5347 1.432845e-05
     5527.4349 1.400702e-05
     5528.3350 1.337340e-05
     5529.2356 1.264303e-05
     5530.1358 1.265999e-05
     5531.0359 1.354188e-05
     5531.9361 1.430667e-05
     5532.8362 1.441361e-05
     5533.7368 1.422293e-05
     5534.6370 1.413753e-05
     5535.5371 1.402582e-05
     5536.4373 1.384559e-05
     5537.3374 1.390517e-05
     5538.2380 1.404518e-05
     5539.1382 1.401111e-05
     5540.0383 1.409198e-05
     5540.9385 1.445986e-05
     5541.8386 1.484671e-05
     5542.7392 1.492378e-05
     5543.6394 1.459364e-05
     5544.5395 1.422271e-05
     5545.4397 1.421754e-05
     5546.3398 1.433528e-05
     5547.2404 1.423772e-05
     5548.1406 1.425821e-05
     5549.0407 1.468312e-05
     5549.9409 1.510586e-05
     5550.8410 1.521293e-05
     5551.7416 1.518508e-05
     5552.6418 1.510800e-05
     5553.5419 1.489199e-05
     5554.4421 1.453557e-05
     5555.3422 1.422986e-05
     5556.2428 1.420123e-05
     5557.1430 1.437151e-05
     5558.0431 1.442311e-05
     5558.9433 1.431866e-05
     5559.8434 1.433516e-05
     5560.7441 1.444586e-05
     5561.6442 1.441599e-05
     5562.5443 1.421874e-05
     5563.4445 1.394514e-05
     5564.3446 1.380781e-05
     5565.2453 1.393110e-05
     5566.1454 1.394516e-05
     5567.0455 1.365034e-05
     5567.9457 1.348514e-05
     5568.8458 1.363362e-05
     5569.7465 1.366901e-05
     5570.6466 1.349303e-05
     5571.5467 1.366916e-05
     5572.4469 1.403740e-05
     5573.3470 1.374402e-05
     5574.2477 1.325082e-05
     5575.1478 1.357108e-05
     5576.0479 1.416799e-05
     5576.9481 1.421892e-05
     5577.8482 1.415596e-05
     5578.7489 1.431517e-05
     5579.6490 1.434410e-05
     5580.5491 1.432497e-05
     5581.4493 1.446360e-05
     5582.3494 1.441107e-05
     5583.2501 1.415084e-05
     5584.1502 1.408286e-05
     5585.0504 1.407565e-05
     5585.9505 1.379518e-05
     5586.8506 1.320160e-05
     5587.7513 1.239126e-05
     5588.6514 1.176950e-05
     5589.5516 1.166661e-05
     5590.4517 1.195570e-05
     5591.3518 1.250296e-05
     5592.2525 1.308490e-05
     5593.1526 1.336182e-05
     5594.0528 1.332291e-05
     5594.9529 1.313864e-05
     5595.8530 1.317282e-05
     5596.7537 1.382949e-05
     5597.6538 1.452311e-05
     5598.5540 1.432169e-05
     5599.4541 1.354329e-05
     5600.3542 1.315239e-05
     5601.2549 1.314973e-05
     5602.1550 1.297721e-05
     5603.0552 1.268133e-05
     5603.9553 1.261493e-05
     5604.8554 1.307035e-05
     5605.7561 1.394007e-05
     5606.6562 1.469204e-05
     5607.5564 1.505415e-05
     5608.4565 1.509266e-05
     5609.3566 1.497170e-05
     5610.2573 1.486102e-05
     5611.1574 1.482163e-05
     5612.0576 1.490816e-05
     5612.9577 1.512531e-05
     5613.8579 1.525593e-05
     5614.7585 1.483850e-05
     5615.6586 1.356862e-05
     5616.5588 1.220341e-05
     5617.4589 1.206797e-05
     5618.3591 1.303552e-05
     5619.2597 1.378785e-05
     5620.1598 1.383402e-05
     5621.0600 1.369796e-05
     5621.9601 1.389531e-05
     5622.8603 1.433352e-05
     5623.7609 1.447327e-05
     5624.6610 1.388007e-05
     5625.5612 1.290599e-05
     5626.4613 1.256142e-05
     5627.3615 1.310808e-05
     5628.2621 1.373444e-05
     5629.1622 1.403228e-05
     5630.0624 1.434695e-05
     5630.9625 1.474705e-05
     5631.8627 1.493916e-05
     5632.7633 1.491579e-05
     5633.6634 1.480922e-05
     5634.5636 1.461903e-05
     5635.4637 1.435763e-05
     5636.3639 1.410001e-05
     5637.2645 1.385394e-05
     5638.1646 1.364164e-05
     5639.0648 1.361725e-05
     5639.9649 1.386776e-05
     5640.8651 1.410862e-05
     5641.7657 1.395177e-05
     5642.6658 1.362028e-05
     5643.5660 1.360399e-05
     5644.4661 1.380975e-05
     5645.3663 1.393872e-05
     5646.2669 1.403533e-05
     5647.1670 1.414785e-05
     5648.0672 1.427246e-05
     5648.9673 1.434345e-05
     5649.8675 1.421747e-05
     5650.7681 1.401509e-05
     5651.6683 1.406214e-05
     5652.5684 1.441590e-05
     5653.4685 1.476094e-05
     5654.3687 1.475085e-05
     5655.2693 1.430119e-05
     5656.1695 1.387754e-05
     5657.0696 1.401575e-05
     5657.9697 1.415800e-05
     5658.8699 1.342539e-05
     5659.7705 1.249439e-05
     5660.6707 1.263570e-05
     5661.5708 1.348930e-05
     5662.4709 1.374131e-05
     5663.3711 1.337583e-05
     5664.2717 1.329102e-05
     5665.1719 1.377905e-05
     5666.0720 1.433377e-05
     5666.9721 1.453616e-05
     5667.8723 1.429759e-05
     5668.7729 1.392089e-05
     5669.6731 1.382404e-05
     5670.5732 1.397247e-05
     5671.4733 1.405358e-05
     5672.3735 1.409256e-05
     5673.2741 1.440024e-05
     5674.1743 1.491609e-05
     5675.0744 1.513463e-05
     5675.9746 1.490719e-05
     5676.8747 1.471980e-05
     5677.7753 1.491215e-05
     5678.6755 1.507454e-05
     5679.5756 1.487612e-05
     5680.4758 1.460486e-05
     5681.3759 1.456542e-05
     5682.2765 1.449453e-05
     5683.1767 1.404151e-05
     5684.0768 1.362687e-05
     5684.9770 1.379274e-05
     5685.8771 1.426185e-05
     5686.7777 1.438504e-05
     5687.6779 1.399495e-05
     5688.5780 1.352985e-05
     5689.4782 1.342696e-05
     5690.3783 1.374275e-05
     5691.2789 1.422489e-05
     5692.1791 1.457103e-05
     5693.0792 1.484955e-05
     5693.9794 1.505855e-05
     5694.8795 1.498698e-05
     5695.7801 1.475315e-05
     5696.6803 1.466028e-05
     5697.5804 1.475231e-05
     5698.4806 1.463570e-05
     5699.3807 1.417581e-05
     5700.2813 1.389166e-05
     5701.1815 1.387668e-05
     5702.0816 1.364160e-05
     5702.9818 1.331888e-05
     5703.8819 1.338162e-05
     5704.7825 1.381070e-05
     5705.6827 1.416336e-05
     5706.5828 1.403792e-05
     5707.4830 1.355425e-05
     5708.3831 1.313987e-05
     5709.2838 1.282081e-05
     5710.1839 1.254826e-05
     5711.0840 1.261838e-05
     5711.9842 1.283577e-05
     5712.8843 1.282803e-05
     5713.7850 1.309675e-05
     5714.6851 1.381929e-05
     5715.5852 1.432746e-05
     5716.4854 1.447659e-05
     5717.3855 1.459132e-05
     5718.2862 1.463602e-05
     5719.1863 1.460348e-05
     5720.0864 1.470920e-05
     5720.9866 1.486131e-05
     5721.8867 1.493642e-05
     5722.7874 1.512678e-05
     5723.6875 1.537453e-05
     5724.5876 1.544950e-05
     5725.4878 1.535572e-05
     5726.3879 1.520888e-05
     5727.2886 1.485969e-05
     5728.1887 1.433452e-05
     5729.0889 1.421573e-05
     5729.9890 1.472091e-05
     5730.8891 1.510240e-05
     5731.7898 1.478199e-05
     5732.6899 1.421047e-05
     5733.5901 1.420631e-05
     5734.4902 1.471881e-05
     5735.3903 1.512351e-05
     5736.2910 1.521727e-05
     5737.1911 1.508579e-05
     5738.0913 1.488127e-05
     5738.9914 1.477283e-05
     5739.8915 1.478060e-05
     5740.7922 1.481703e-05
     5741.6923 1.487674e-05
     5742.5925 1.488313e-05
     5743.4926 1.473488e-05
     5744.3928 1.458167e-05
     5745.2934 1.473709e-05
     5746.1935 1.517499e-05
     5747.0937 1.545557e-05
     5747.9938 1.521365e-05
     5748.8940 1.456844e-05
     5749.7946 1.421442e-05
     5750.6947 1.457942e-05
     5751.5949 1.514876e-05
     5752.4950 1.523759e-05
     5753.3952 1.471742e-05
     5754.2958 1.396165e-05
     5755.1959 1.351546e-05
     5756.0961 1.379728e-05
     5756.9962 1.457845e-05
     5757.8964 1.520677e-05
     5758.7970 1.542712e-05
     5759.6971 1.534792e-05
     5760.5973 1.500849e-05
     5761.4974 1.450937e-05
     5762.3976 1.400474e-05
     5763.2982 1.358458e-05
     5764.1983 1.352347e-05
     5765.0985 1.412475e-05
     5765.9986 1.496912e-05
     5766.8988 1.537991e-05
     5767.7994 1.541230e-05
     5768.6995 1.541314e-05
     5769.5997 1.541084e-05
     5770.4998 1.531823e-05
     5771.4000 1.520104e-05
     5772.3006 1.505712e-05
     5773.2008 1.485792e-05
     5774.1009 1.476232e-05
     5775.0010 1.474805e-05
     5775.9012 1.468315e-05
     5776.8018 1.473900e-05
     5777.7020 1.496504e-05
     5778.6021 1.513378e-05
     5779.5022 1.513512e-05
     5780.4024 1.489322e-05
     5781.3030 1.421306e-05
     5782.2032 1.329337e-05
     5783.1033 1.284456e-05
     5784.0034 1.306146e-05
     5784.9036 1.331308e-05
     5785.8042 1.308608e-05
     5786.7044 1.281900e-05
     5787.6045 1.320634e-05
     5788.5047 1.397308e-05
     5789.4048 1.448808e-05
     5790.3054 1.470070e-05
     5791.2056 1.455745e-05
     5792.1057 1.416576e-05
     5793.0059 1.415063e-05
     5793.9060 1.456024e-05
     5794.8066 1.493807e-05
     5795.7068 1.522897e-05
     5796.6069 1.541343e-05
     5797.5071 1.521110e-05
     5798.4072 1.461900e-05
     5799.3078 1.423186e-05
     5800.2080 1.457428e-05
     5801.1081 1.527255e-05
     5802.0083 1.571223e-05
     5802.9084 1.585922e-05
     5803.8090 1.577704e-05
     5804.7092 1.534278e-05
     5805.6093 1.479068e-05
     5806.5095 1.455599e-05
     5807.4096 1.462364e-05
     5808.3102 1.476312e-05
     5809.2104 1.487896e-05
     5810.1105 1.493481e-05
     5811.0107 1.502317e-05
     5811.9108 1.519157e-05
     5812.8114 1.529175e-05
     5813.7116 1.526748e-05
     5814.6117 1.520479e-05
     5815.5119 1.501763e-05
     5816.4120 1.462958e-05
     5817.3127 1.425590e-05
     5818.2128 1.430225e-05
     5819.1129 1.482109e-05
     5820.0131 1.535137e-05
     5820.9132 1.559458e-05
     5821.8139 1.563241e-05
     5822.7140 1.553864e-05
     5823.6141 1.535476e-05
     5824.5143 1.521584e-05
     5825.4144 1.522601e-05
     5826.3151 1.533197e-05
     5827.2152 1.539491e-05
     5828.1153 1.536605e-05
     5829.0155 1.531771e-05
     5829.9156 1.537382e-05
     5830.8163 1.549660e-05
     5831.7164 1.549671e-05
     5832.6166 1.538929e-05
     5833.5167 1.534273e-05
     5834.4168 1.528126e-05
     5835.3175 1.505157e-05
     5836.2176 1.487752e-05
     5837.1178 1.505753e-05
     5838.0179 1.528889e-05
     5838.9180 1.514344e-05
     5839.8187 1.489108e-05
     5840.7188 1.498780e-05
     5841.6190 1.534250e-05
     5842.5191 1.561607e-05
     5843.4192 1.570917e-05
     5844.3199 1.569140e-05
     5845.2200 1.557456e-05
     5846.1202 1.538035e-05
     5847.0203 1.514494e-05
     5847.9205 1.485861e-05
     5848.8211 1.466993e-05
     5849.7212 1.470759e-05
     5850.6214 1.484927e-05
     5851.5215 1.494533e-05
     5852.4217 1.489348e-05
     5853.3223 1.459199e-05
     5854.2224 1.419543e-05
     5855.1226 1.414148e-05
     5856.0227 1.442456e-05
     5856.9229 1.450288e-05
     5857.8235 1.401842e-05
     5858.7236 1.332805e-05
     5859.6238 1.318722e-05
     5860.5239 1.368848e-05
     5861.4241 1.428220e-05
     5862.3247 1.462559e-05
     5863.2248 1.454919e-05
     5864.1250 1.432723e-05
     5865.0251 1.441732e-05
     5865.9253 1.467006e-05
     5866.8259 1.462880e-05
     5867.7260 1.428674e-05
     5868.6262 1.418380e-05
     5869.5263 1.452759e-05
     5870.4265 1.494731e-05
     5871.3271 1.515908e-05
     5872.2273 1.514925e-05
     5873.1274 1.499068e-05
     5874.0275 1.475936e-05
     5874.9277 1.468084e-05
     5875.8283 1.485893e-05
     5876.7285 1.497420e-05
     5877.6286 1.484367e-05
     5878.5287 1.463456e-05
     5879.4289 1.445108e-05
     5880.3295 1.418989e-05
     5881.2297 1.385127e-05
     5882.1298 1.379538e-05
     5883.0300 1.408470e-05
     5883.9301 1.424799e-05
     5884.8307 1.403145e-05
     5885.7309 1.380840e-05
     5886.6310 1.384768e-05
     5887.5312 1.386584e-05
     5888.4313 1.340278e-05
     5889.3319 1.202719e-05
     5890.2321 9.696975e-06
     5891.1322 7.592616e-06
     5892.0324 7.485085e-06
     5892.9325 9.203829e-06
     5893.8331 1.092953e-05
     5894.7333 1.171592e-05
     5895.6334 1.133751e-05
     5896.5336 9.771841e-06
     5897.4337 8.530459e-06
     5898.3343 9.325358e-06
     5899.2345 1.127253e-05
     5900.1346 1.255720e-05
     5901.0348 1.313871e-05
     5901.9349 1.363732e-05
     5902.8355 1.399907e-05
     5903.7357 1.412075e-05
     5904.6358 1.420343e-05
     5905.5360 1.425883e-05
     5906.4361 1.414372e-05
     5907.3368 1.402591e-05
     5908.2369 1.414044e-05
     5909.1370 1.439208e-05
     5910.0372 1.453524e-05
     5910.9373 1.453516e-05
     5911.8380 1.460458e-05
     5912.7381 1.477412e-05
     5913.6382 1.474649e-05
     5914.5384 1.435138e-05
     5915.4385 1.384278e-05
     5916.3392 1.362154e-05
     5917.2393 1.366929e-05
     5918.1394 1.391171e-05
     5919.0396 1.423652e-05
     5919.9397 1.442672e-05
     5920.8404 1.457261e-05
     5921.7405 1.468162e-05
     5922.6407 1.457499e-05
     5923.5408 1.438241e-05
     5924.4409 1.439734e-05
     5925.3416 1.455459e-05
     5926.2417 1.468794e-05
     5927.1419 1.480945e-05
     5928.0420 1.482451e-05
     5928.9421 1.466947e-05
     5929.8428 1.440905e-05
     5930.7429 1.409989e-05
     5931.6431 1.397846e-05
     5932.5432 1.430123e-05
     5933.4434 1.475653e-05
     5934.3440 1.480913e-05
     5935.2441 1.439702e-05
     5936.1443 1.401899e-05
     5937.0444 1.415143e-05
     5937.9446 1.453700e-05
     5938.8452 1.473733e-05
     5939.7453 1.486278e-05
     5940.6455 1.494424e-05
     5941.5456 1.470942e-05
     5942.4458 1.427364e-05
     5943.3464 1.411228e-05
     5944.2465 1.426685e-05
     5945.1467 1.451913e-05
     5946.0468 1.480055e-05
     5946.9470 1.502873e-05
     5947.8476 1.506212e-05
     5948.7477 1.480720e-05
     5949.6479 1.431423e-05
     5950.5480 1.402323e-05
     5951.4482 1.428001e-05
     5952.3488 1.466749e-05
     5953.2489 1.454322e-05
     5954.1491 1.409007e-05
     5955.0492 1.407047e-05
     5955.9494 1.446547e-05
     5956.8500 1.459206e-05
     5957.7502 1.429895e-05
     5958.6503 1.404758e-05
     5959.5504 1.410717e-05
     5960.4506 1.438790e-05
     5961.3512 1.471898e-05
     5962.2514 1.497586e-05
     5963.1515 1.507137e-05
     5964.0516 1.504309e-05
     5964.9518 1.499225e-05
     5965.8524 1.487196e-05
     5966.7526 1.462406e-05
     5967.6527 1.451603e-05
     5968.5529 1.475206e-05
     5969.4530 1.499891e-05
     5970.3536 1.508461e-05
     5971.2538 1.515594e-05
     5972.1539 1.525955e-05
     5973.0541 1.528315e-05
     5973.9542 1.523129e-05
     5974.8548 1.516405e-05
     5975.7550 1.498469e-05
     5976.6551 1.463938e-05
     5977.5553 1.427010e-05
     5978.4554 1.407810e-05
     5979.3560 1.408923e-05
     5980.2562 1.430049e-05
     5981.1563 1.467055e-05
     5982.0565 1.495082e-05
     5982.9566 1.494232e-05
     5983.8572 1.463490e-05
     5984.7574 1.406064e-05
     5985.6575 1.360070e-05
     5986.5577 1.373246e-05
     5987.4578 1.422483e-05
     5988.3585 1.448389e-05
     5989.2586 1.456908e-05
     5990.1587 1.476504e-05
     5991.0589 1.494919e-05
     5991.9590 1.486506e-05
     5992.8597 1.461422e-05
     5993.7598 1.463988e-05
     5994.6599 1.499296e-05
     5995.5601 1.525577e-05
     5996.4602 1.520706e-05
     5997.3609 1.489282e-05
     5998.2610 1.447915e-05
     5999.1612 1.418790e-05
     6000.0613 1.419490e-05
     6000.9614 1.442214e-05
     6001.8621 1.468457e-05
     6002.7622 1.474793e-05
     6003.6624 1.447602e-05
     6004.5625 1.426606e-05
     6005.4626 1.447183e-05
     6006.3633 1.467244e-05
     6007.2634 1.452497e-05
     6008.1636 1.412771e-05
     6009.0637 1.365094e-05
     6009.9639 1.355580e-05
     6010.8645 1.412978e-05
     6011.7646 1.482507e-05
     6012.6648 1.496364e-05
     6013.5649 1.453376e-05
     6014.4651 1.403379e-05
     6015.3657 1.398978e-05
     6016.2658 1.428466e-05
     6017.1660 1.431768e-05
     6018.0661 1.408144e-05
     6018.9663 1.408592e-05
     6019.8669 1.427315e-05
     6020.7670 1.418468e-05
     6021.6672 1.392494e-05
     6022.5673 1.386702e-05
     6023.4675 1.402930e-05
     6024.3681 1.420374e-05
     6025.2682 1.427171e-05
     6026.1684 1.444409e-05
     6027.0685 1.468494e-05
     6027.9687 1.470469e-05
     6028.8693 1.469223e-05
     6029.7695 1.490447e-05
     6030.6696 1.511352e-05
     6031.5697 1.508857e-05
     6032.4699 1.499725e-05
     6033.3705 1.507804e-05
     6034.2707 1.523653e-05
     6035.1708 1.526870e-05
     6036.0709 1.521482e-05
     6036.9711 1.519110e-05
     6037.8717 1.522492e-05
     6038.7719 1.526714e-05
     6039.6720 1.522992e-05
     6040.5722 1.506824e-05
     6041.4723 1.491856e-05
     6042.3729 1.488061e-05
     6043.2731 1.487618e-05
     6044.1732 1.500831e-05
     6045.0734 1.527036e-05
     6045.9735 1.543246e-05
     6046.8741 1.546488e-05
     6047.7743 1.548907e-05
     6048.6744 1.548258e-05
     6049.5746 1.537882e-05
     6050.4747 1.529525e-05
     6051.3753 1.537593e-05
     6052.2755 1.548356e-05
     6053.1756 1.540693e-05
     6054.0758 1.519066e-05
     6054.9759 1.499123e-05
     6055.8765 1.488232e-05
     6056.7767 1.474644e-05
     6057.6768 1.456270e-05
     6058.5770 1.451997e-05
     6059.4771 1.468063e-05
     6060.3778 1.495173e-05
     6061.2779 1.517732e-05
     6062.1780 1.523366e-05
     6063.0782 1.510404e-05
     6063.9783 1.484900e-05
     6064.8790 1.456957e-05
     6065.7791 1.418907e-05
     6066.6792 1.385494e-05
     6067.5794 1.412670e-05
     6068.4795 1.489080e-05
     6069.3802 1.543702e-05
     6070.2803 1.556798e-05
     6071.1805 1.553076e-05
     6072.0806 1.550630e-05
     6072.9807 1.554827e-05
     6073.8814 1.559866e-05
     6074.7815 1.561693e-05
     6075.6817 1.560539e-05
     6076.5818 1.555178e-05
     6077.4819 1.543373e-05
     6078.3826 1.521070e-05
     6079.2827 1.483046e-05
     6080.1829 1.451225e-05
     6081.0830 1.457543e-05
     6081.9832 1.470251e-05
     6082.8838 1.447156e-05
     6083.7839 1.425211e-05
     6084.6841 1.444671e-05
     6085.5842 1.471543e-05
     6086.4844 1.466456e-05
     6087.3850 1.454505e-05
     6088.2851 1.466298e-05
     6089.1853 1.490148e-05
     6090.0854 1.491162e-05
     6090.9856 1.454083e-05
     6091.8862 1.418954e-05
     6092.7863 1.420662e-05
     6093.6865 1.433086e-05
     6094.5866 1.439363e-05
     6095.4868 1.463481e-05
     6096.3874 1.503858e-05
     6097.2875 1.514575e-05
     6098.1877 1.488900e-05
     6099.0878 1.474246e-05
     6099.9880 1.491365e-05
     6100.8886 1.520748e-05
     6101.7888 1.529146e-05
     6102.6889 1.469545e-05
     6103.5890 1.345136e-05
     6104.4892 1.276274e-05
     6105.3898 1.345380e-05
     6106.2900 1.453122e-05
     6107.1901 1.500659e-05
     6108.0902 1.496800e-05
     6108.9904 1.475826e-05
     6109.8910 1.478232e-05
     6110.7912 1.509225e-05
     6111.6913 1.514670e-05
     6112.5915 1.482546e-05
     6113.4916 1.472076e-05
     6114.3922 1.505368e-05
     6115.2924 1.543185e-05
     6116.1925 1.548384e-05
     6117.0927 1.514635e-05
     6117.9928 1.482872e-05
     6118.8934 1.491319e-05
     6119.7936 1.504439e-05
     6120.6937 1.477620e-05
     6121.5939 1.427131e-05
     6122.4940 1.364118e-05
     6123.3946 1.304118e-05
     6124.2948 1.322281e-05
     6125.1949 1.422745e-05
     6126.0951 1.494446e-05
     6126.9952 1.493777e-05
     6127.8959 1.468932e-05
     6128.7960 1.446359e-05
     6129.6961 1.432331e-05
     6130.5963 1.445803e-05
     6131.4964 1.485501e-05
     6132.3971 1.518425e-05
     6133.2972 1.529518e-05
     6134.1973 1.531158e-05
     6135.0975 1.517039e-05
     6135.9976 1.464857e-05
     6136.8983 1.368914e-05
     6137.7984 1.250387e-05
     6138.6986 1.189472e-05
     6139.5987 1.265177e-05
     6140.4988 1.417406e-05
     6141.3995 1.509344e-05
     6142.2996 1.492185e-05
     6143.1998 1.439692e-05
     6144.0999 1.444795e-05
     6145.0000 1.502535e-05
     6145.9007 1.544103e-05
     6146.8008 1.546656e-05
     6147.7010 1.534422e-05
     6148.6011 1.519176e-05
     6149.5013 1.492485e-05
     6150.4019 1.455838e-05
     6151.3020 1.430896e-05
     6152.2022 1.435218e-05
     6153.1023 1.464587e-05
     6154.0025 1.494913e-05
     6154.9031 1.491423e-05
     6155.8032 1.451718e-05
     6156.7034 1.426458e-05
     6157.6035 1.439136e-05
     6158.5037 1.453266e-05
     6159.4043 1.449278e-05
     6160.3044 1.438499e-05
     6161.2046 1.398098e-05
     6162.1047 1.289543e-05
     6163.0049 1.156173e-05
     6163.9055 1.099526e-05
     6164.8057 1.155632e-05
     6165.7058 1.261554e-05
     6166.6059 1.336733e-05
     6167.5061 1.367800e-05
     6168.4067 1.391755e-05
     6169.3069 1.390234e-05
     6170.2070 1.316504e-05
     6171.1071 1.233609e-05
     6172.0073 1.250782e-05
     6172.9079 1.347157e-05
     6173.8081 1.409283e-05
     6174.7082 1.408658e-05
     6175.6084 1.404652e-05
     6176.5085 1.412860e-05
     6177.4091 1.408406e-05
     6178.3093 1.397432e-05
     6179.2094 1.410197e-05
     6180.1096 1.438588e-05
     6181.0097 1.441192e-05
     6181.9103 1.431140e-05
     6182.8105 1.446017e-05
     6183.7106 1.465502e-05
     6184.6108 1.464934e-05
     6185.5109 1.461449e-05
     6186.4115 1.454887e-05
     6187.3117 1.424298e-05
     6188.2118 1.385189e-05
     6189.1120 1.368126e-05
     6190.0121 1.370550e-05
     6190.9128 1.369391e-05
     6191.8129 1.326914e-05
     6192.7130 1.257772e-05
     6193.6132 1.259461e-05
     6194.5133 1.345804e-05
     6195.4140 1.420152e-05
     6196.3141 1.442324e-05
     6197.2142 1.449740e-05
     6198.1144 1.465652e-05
     6199.0145 1.469202e-05
     6199.9152 1.429695e-05
     6200.8153 1.365743e-05
     6201.7155 1.342769e-05
     6202.6156 1.385886e-05
     6203.5157 1.446302e-05
     6204.4164 1.474459e-05
     6205.3165 1.469584e-05
     6206.2167 1.457572e-05
     6207.1168 1.456856e-05
     6208.0170 1.462732e-05
     6208.9176 1.464506e-05
     6209.8177 1.464109e-05
     6210.7179 1.457251e-05
     6211.6180 1.440943e-05
     6212.5182 1.427346e-05
     6213.4188 1.411757e-05
     6214.3189 1.363955e-05
     6215.2191 1.299695e-05
     6216.1192 1.266129e-05
     6217.0194 1.268250e-05
     6217.9200 1.301241e-05
     6218.8201 1.352443e-05
     6219.7203 1.370426e-05
     6220.6204 1.337845e-05
     6221.5206 1.304006e-05
     6222.4212 1.308230e-05
     6223.3213 1.342893e-05
     6224.2215 1.372764e-05
     6225.1216 1.369925e-05
     6226.0218 1.358683e-05
     6226.9224 1.371756e-05
     6227.8226 1.390134e-05
     6228.7227 1.395087e-05
     6229.6228 1.387913e-05
     6230.5230 1.347436e-05
     6231.4236 1.267289e-05
     6232.3238 1.213405e-05
     6233.2239 1.234435e-05
     6234.1241 1.287212e-05
     6235.0242 1.345792e-05
     6235.9248 1.412050e-05
     6236.8250 1.451329e-05
     6237.7251 1.446726e-05
     6238.6253 1.417681e-05
     6239.5254 1.387336e-05
     6240.4260 1.351207e-05
     6241.3262 1.313168e-05
     6242.2263 1.312464e-05
     6243.1265 1.332095e-05
     6244.0266 1.307370e-05
     6244.9272 1.270382e-05
     6245.8274 1.281629e-05
     6246.7275 1.303718e-05
     6247.6277 1.312259e-05
     6248.5278 1.347504e-05
     6249.4285 1.402622e-05
     6250.3286 1.427756e-05
     6251.2287 1.419919e-05
     6252.1289 1.394512e-05
     6253.0290 1.341903e-05
     6253.9297 1.284290e-05
     6254.8298 1.266186e-05
     6255.7299 1.282857e-05
     6256.6301 1.299842e-05
     6257.5302 1.287552e-05
     6258.4309 1.246789e-05
     6259.3310 1.204158e-05
     6260.2312 1.203437e-05
     6261.1313 1.264420e-05
     6262.0314 1.327102e-05
     6262.9321 1.360040e-05
     6263.8322 1.401470e-05
     6264.7324 1.438916e-05
     6265.6325 1.420149e-05
     6266.5327 1.363303e-05
     6267.4333 1.345384e-05
     6268.3334 1.378698e-05
     6269.2336 1.399375e-05
     6270.1337 1.383985e-05
     6271.0339 1.370517e-05
     6271.9345 1.376847e-05
     6272.8346 1.391887e-05
     6273.7348 1.409012e-05
     6274.6349 1.418371e-05
     6275.5351 1.412096e-05
     6276.4357 1.404609e-05
     6277.3358 1.409262e-05
     6278.2360 1.415393e-05
     6279.1361 1.417060e-05
     6280.0363 1.413735e-05
     6280.9369 1.388257e-05
     6281.8371 1.352118e-05
     6282.7372 1.345871e-05
     6283.6373 1.371065e-05
     6284.5375 1.405733e-05
     6285.4381 1.431689e-05
     6286.3383 1.427597e-05
     6287.2384 1.416631e-05
     6288.1385 1.429783e-05
     6289.0387 1.456770e-05
     6289.9393 1.479668e-05
     6290.8395 1.481197e-05
     6291.7396 1.452648e-05
     6292.6398 1.418156e-05
     6293.5399 1.397080e-05
     6294.4405 1.389576e-05
     6295.3407 1.404498e-05
     6296.2408 1.421763e-05
     6297.1410 1.398372e-05
     6298.0411 1.347619e-05
     6298.9417 1.326440e-05
     6299.8419 1.349616e-05
     6300.7420 1.382420e-05
     6301.6422 1.385691e-05
     6302.5423 1.350419e-05
     6303.4429 1.317669e-05
     6304.3431 1.329277e-05
     6305.2432 1.367672e-05
     6306.1434 1.385927e-05
     6307.0435 1.383436e-05
     6307.9442 1.405475e-05
     6308.8443 1.451258e-05
     6309.7444 1.477939e-05
     6310.6446 1.470123e-05
     6311.5447 1.437926e-05
     6312.4454 1.399979e-05
     6313.3455 1.382627e-05
     6314.2457 1.396635e-05
     6315.1458 1.402823e-05
     6316.0459 1.369228e-05
     6316.9466 1.342608e-05
     6317.8467 1.352491e-05
     6318.7469 1.341815e-05
     6319.6470 1.298432e-05
     6320.5471 1.296381e-05
     6321.4478 1.351682e-05
     6322.3479 1.398128e-05
     6323.2481 1.401702e-05
     6324.1482 1.396118e-05
     6325.0484 1.413805e-05
     6325.9490 1.436918e-05
     6326.8491 1.446798e-05
     6327.7493 1.442333e-05
     6328.6494 1.430873e-05
     6329.5496 1.437696e-05
     6330.4502 1.453416e-05
     6331.3503 1.441998e-05
     6332.2505 1.426447e-05
     6333.1506 1.441064e-05
     6334.0508 1.468585e-05
     6334.9514 1.473090e-05
     6335.8515 1.427157e-05
     6336.7517 1.347554e-05
     6337.6518 1.305403e-05
     6338.5520 1.333514e-05
     6339.4526 1.379934e-05
     6340.3528 1.398070e-05
     6341.2529 1.413728e-05
     6342.1530 1.442872e-05
     6343.0532 1.447726e-05
     6343.9538 1.411964e-05
     6344.8540 1.358076e-05
     6345.7541 1.330946e-05
     6346.6543 1.360182e-05
     6347.5544 1.407140e-05
     6348.4550 1.429482e-05
     6349.3552 1.439006e-05
     6350.2553 1.449944e-05
     6351.1555 1.454443e-05
     6352.0556 1.453364e-05
     6352.9562 1.455934e-05
     6353.8564 1.457252e-05
     6354.7565 1.438321e-05
     6355.6567 1.395210e-05
     6356.5568 1.364814e-05
     6357.4574 1.378032e-05
     6358.3576 1.394335e-05
     6359.2577 1.362630e-05
     6360.1579 1.311492e-05
     6361.0580 1.292934e-05
     6361.9587 1.294687e-05
     6362.8588 1.281211e-05
     6363.7589 1.263341e-05
     6364.6591 1.273032e-05
     6365.5592 1.308676e-05
     6366.4599 1.346870e-05
     6367.3600 1.375298e-05
     6368.2602 1.400268e-05
     6369.1603 1.435563e-05
     6370.0604 1.460322e-05
     6370.9611 1.454902e-05
     6371.8612 1.440024e-05
     6372.7614 1.446478e-05
     6373.6615 1.475592e-05
     6374.5616 1.496572e-05
     6375.4623 1.489951e-05
     6376.3624 1.474240e-05
     6377.2626 1.473630e-05
     6378.1627 1.480768e-05
     6379.0629 1.464347e-05
     6379.9635 1.431524e-05
     6380.8636 1.418306e-05
     6381.7638 1.422000e-05
     6382.6639 1.426294e-05
     6383.5641 1.440605e-05
     6384.4647 1.453148e-05
     6385.3648 1.444813e-05
     6386.2650 1.434238e-05
     6387.1651 1.446543e-05
     6388.0653 1.466985e-05
     6388.9659 1.471861e-05
     6389.8660 1.466764e-05
     6390.7662 1.469968e-05
     6391.6663 1.479334e-05
     6392.5665 1.472508e-05
     6393.4671 1.424111e-05
     6394.3673 1.346349e-05
     6395.2674 1.310352e-05
     6396.1675 1.356364e-05
     6397.0677 1.430602e-05
     6397.9683 1.476239e-05
     6398.8685 1.489225e-05
     6399.7686 1.460527e-05
     6400.6688 1.372815e-05
     6401.5689 1.289331e-05
     6402.4695 1.317211e-05
     6403.3697 1.419406e-05
     6404.2698 1.484350e-05
     6405.1700 1.497008e-05
     6406.0701 1.490268e-05
     6406.9707 1.476770e-05
     6407.8709 1.450717e-05
     6408.7710 1.404935e-05
     6409.6712 1.378228e-05
     6410.5713 1.411191e-05
     6411.4719 1.444248e-05
     6412.3721 1.414147e-05
     6413.2722 1.376153e-05
     6414.1724 1.386808e-05
     6415.0725 1.411691e-05
     6415.9732 1.421353e-05
     6416.8733 1.435235e-05
     6417.7734 1.457363e-05
     6418.6736 1.462351e-05
     6419.5737 1.444014e-05
     6420.4744 1.408074e-05
     6421.3745 1.358556e-05
     6422.2747 1.325907e-05
     6423.1748 1.350977e-05
     6424.0749 1.425793e-05
     6424.9756 1.480302e-05
     6425.8757 1.479536e-05
     6426.7759 1.463822e-05
     6427.6760 1.472185e-05
     6428.5762 1.493796e-05
     6429.4768 1.503603e-05
     6430.3769 1.479516e-05
     6431.2771 1.411712e-05
     6432.1772 1.340524e-05
     6433.0774 1.336564e-05
     6433.9780 1.395156e-05
     6434.8781 1.449209e-05
     6435.7783 1.471687e-05
     6436.6784 1.477938e-05
     6437.5786 1.479229e-05
     6438.4792 1.464414e-05
     6439.3793 1.409042e-05
     6440.2795 1.342548e-05
     6441.1796 1.347828e-05
     6442.0798 1.427324e-05
     6442.9804 1.496323e-05
     6443.8806 1.516651e-05
     6444.7807 1.509033e-05
     6445.6808 1.499789e-05
     6446.5810 1.504870e-05
     6447.4816 1.520257e-05
     6448.3818 1.523309e-05
     6449.2819 1.483242e-05
     6450.1821 1.380421e-05
     6451.0822 1.264308e-05
     6451.9828 1.241861e-05
     6452.8830 1.322957e-05
     6453.7831 1.415364e-05
     6454.6833 1.469529e-05
     6455.5834 1.477102e-05
     6456.4840 1.440711e-05
     6457.3842 1.409267e-05
     6458.2843 1.424196e-05
     6459.1845 1.469182e-05
     6460.0846 1.506242e-05
     6460.9852 1.522780e-05
     6461.8854 1.513625e-05
     6462.7855 1.453939e-05
     6463.6857 1.356986e-05
     6464.5858 1.313729e-05
     6465.4865 1.363623e-05
     6466.3866 1.433735e-05
     6467.2867 1.470009e-05
     6468.1869 1.485267e-05
     6469.0870 1.493450e-05
     6469.9877 1.483652e-05
     6470.8878 1.459404e-05
     6471.7880 1.436638e-05
     6472.6881 1.419225e-05
     6473.5882 1.425603e-05
     6474.4889 1.458015e-05
     6475.3890 1.471450e-05
     6476.2892 1.450719e-05
     6477.1893 1.437727e-05
     6478.0895 1.458230e-05
     6478.9901 1.478035e-05
     6479.8902 1.474379e-05
     6480.7904 1.469605e-05
     6481.6905 1.461848e-05
     6482.5907 1.420663e-05
     6483.4913 1.363168e-05
     6484.3914 1.346572e-05
     6485.2916 1.380423e-05
     6486.1917 1.423220e-05
     6487.0919 1.446716e-05
     6487.9925 1.453670e-05
     6488.8926 1.461314e-05
     6489.7928 1.466579e-05
     6490.6929 1.451775e-05
     6491.5931 1.423327e-05
     6492.4937 1.406987e-05
     6493.3939 1.399438e-05
     6494.2940 1.355419e-05
     6495.1941 1.248752e-05
     6496.0943 1.146195e-05
     6496.9949 1.128394e-05
     6497.8951 1.180728e-05
     6498.7952 1.244133e-05
     6499.6954 1.281896e-05
     6500.5955 1.293470e-05
     6501.4961 1.318403e-05
     6502.3963 1.361519e-05
     6503.2964 1.394290e-05
     6504.1966 1.412171e-05
     6505.0967 1.422886e-05
     6505.9973 1.433922e-05
     6506.8975 1.449369e-05
     6507.7976 1.460534e-05
     6508.6978 1.451075e-05
     6509.5979 1.424288e-05
     6510.4985 1.411276e-05
     6511.3987 1.426592e-05
     6512.2988 1.449957e-05
     6513.1990 1.458748e-05
     6514.0991 1.459731e-05
     6514.9998 1.461373e-05
     6515.8999 1.451771e-05
     6516.8000 1.431554e-05
     6517.7002 1.418099e-05
     6518.6003 1.408539e-05
     6519.5010 1.390612e-05
     6520.4011 1.384468e-05
     6521.3013 1.412387e-05
     6522.2014 1.452174e-05
     6523.1015 1.470541e-05
     6524.0022 1.467292e-05
     6524.9023 1.464625e-05
     6525.8025 1.474212e-05
     6526.7026 1.476408e-05
     6527.6028 1.450250e-05
     6528.5034 1.417159e-05
     6529.4035 1.414200e-05
     6530.3037 1.436855e-05
     6531.2038 1.458627e-05
     6532.1040 1.462643e-05
     6533.0046 1.441621e-05
     6533.9047 1.413403e-05
     6534.8049 1.404706e-05
     6535.7050 1.427052e-05
     6536.6052 1.463359e-05
     6537.5058 1.479411e-05
     6538.4059 1.464673e-05
     6539.3061 1.449370e-05
     6540.2062 1.462492e-05
     6541.1064 1.491377e-05
     6542.0070 1.499398e-05
     6542.9072 1.479119e-05
     6543.8073 1.451430e-05
     6544.7074 1.432436e-05
     6545.6076 1.423136e-05
     6546.5082 1.402140e-05
     6547.4084 1.362568e-05
     6548.3085 1.349455e-05
     6549.2087 1.380814e-05
     6550.1088 1.422402e-05
     6551.0094 1.439945e-05
     6551.9096 1.427849e-05
     6552.8097 1.406014e-05
     6553.7099 1.396548e-05
     6554.6100 1.389469e-05
     6555.5106 1.362391e-05
     6556.4108 1.329459e-05
     6557.3109 1.317427e-05
     6558.2111 1.336437e-05
     6559.1112 1.366171e-05
     6560.0119 1.381317e-05
     6560.9120 1.378130e-05
     6561.8121 1.347867e-05
     6562.7123 1.234802e-05
     6563.6124 1.026329e-05
     6564.5131 8.929163e-06
     6565.4132 9.919809e-06
     6566.3134 1.203150e-05
     6567.2135 1.343969e-05
     6568.1136 1.401542e-05
     6569.0143 1.417888e-05
     6569.9144 1.397004e-05
     6570.8146 1.362280e-05
     6571.7147 1.356240e-05
     6572.6148 1.369304e-05
     6573.5155 1.361668e-05
     6574.4156 1.332349e-05
     6575.3158 1.309416e-05
     6576.2159 1.306464e-05
     6577.1161 1.336026e-05
     6578.0167 1.389156e-05
     6578.9168 1.431583e-05
     6579.8170 1.444863e-05
     6580.7171 1.432190e-05
     6581.6173 1.401606e-05
     6582.5179 1.373908e-05
     6583.4180 1.377003e-05
     6584.3182 1.401869e-05
     6585.2183 1.421980e-05
     6586.1185 1.426053e-05
     6587.0191 1.414828e-05
     6587.9193 1.406314e-05
     6588.8194 1.422816e-05
     6589.7195 1.447668e-05
     6590.6197 1.457577e-05
     6591.5203 1.455865e-05
     6592.4205 1.435827e-05
     6593.3206 1.374174e-05
     6594.2208 1.288421e-05
     6595.1209 1.252906e-05
     6596.0215 1.302683e-05
     6596.9217 1.372303e-05
     6597.8218 1.401680e-05
     6598.7220 1.394999e-05
     6599.6221 1.377086e-05
     6600.5227 1.374882e-05
     6601.4229 1.403486e-05
     6602.3230 1.439203e-05
     6603.2232 1.453960e-05
     6604.1233 1.448054e-05
     6605.0240 1.431588e-05
     6605.9241 1.411150e-05
     6606.8242 1.391661e-05
     6607.7244 1.381073e-05
     6608.6245 1.372152e-05
     6609.5252 1.348901e-05
     6610.4253 1.319597e-05
     6611.3254 1.328986e-05
     6612.2256 1.386217e-05
     6613.1257 1.433824e-05
     6614.0264 1.436573e-05
     6614.9265 1.414812e-05
     6615.8267 1.413934e-05
     6616.7268 1.439477e-05
     6617.6269 1.452305e-05
     6618.5276 1.439535e-05
     6619.4277 1.426993e-05
     6620.3279 1.433185e-05
     6621.2280 1.449093e-05
     6622.1282 1.457602e-05
     6623.0288 1.454224e-05
     6623.9289 1.437554e-05
     6624.8291 1.406315e-05
     6625.7292 1.364657e-05
     6626.6294 1.346109e-05
     6627.5300 1.370642e-05
     6628.4301 1.402131e-05
     6629.3303 1.411648e-05
     6630.2304 1.408580e-05
     6631.1306 1.399715e-05
     6632.0312 1.390609e-05
     6632.9314 1.378373e-05
     6633.8315 1.353494e-05
     6634.7316 1.317245e-05
     6635.6318 1.299473e-05
     6636.5324 1.326158e-05
     6637.4326 1.374301e-05
     6638.3327 1.408930e-05
     6639.2329 1.418610e-05
     6640.1330 1.406951e-05
     6641.0336 1.388538e-05
     6641.9338 1.390716e-05
     6642.8339 1.413398e-05
     6643.7341 1.408365e-05
     6644.6342 1.367157e-05
     6645.5348 1.348676e-05
     6646.4350 1.377997e-05
     6647.3351 1.408170e-05
     6648.2353 1.407633e-05
     6649.1354 1.395387e-05
     6650.0361 1.397413e-05
     6650.9362 1.408229e-05
     6651.8363 1.409094e-05
     6652.7365 1.396180e-05
     6653.6366 1.386788e-05
     6654.5373 1.388550e-05
     6655.4374 1.395511e-05
     6656.3375 1.402841e-05
     6657.2377 1.401634e-05
     6658.1378 1.394721e-05
     6659.0385 1.393526e-05
     6659.9386 1.398531e-05
     6660.8388 1.396748e-05
     6661.7389 1.384263e-05
     6662.6390 1.371097e-05
     6663.5397 1.352043e-05
     6664.4398 1.318756e-05
     6665.3400 1.304177e-05
     6666.2401 1.327956e-05
     6667.1403 1.350002e-05
     6668.0409 1.349661e-05
     6668.9410 1.344674e-05
     6669.8412 1.354008e-05
     6670.7413 1.378558e-05
     6671.6415 1.405736e-05
     6672.5421 1.418859e-05
     6673.4422 1.417957e-05
     6674.3424 1.414381e-05
     6675.2425 1.412993e-05
     6676.1427 1.415887e-05
     6677.0433 1.416720e-05
     6677.9435 1.383842e-05
     6678.8436 1.309774e-05
     6679.7437 1.257058e-05
     6680.6439 1.286532e-05
     6681.5445 1.349090e-05
     6682.4447 1.374010e-05
     6683.3448 1.373487e-05
     6684.2450 1.379797e-05
     6685.1451 1.393018e-05
     6686.0457 1.399286e-05
     6686.9459 1.398582e-05
     6687.8460 1.395164e-05
     6688.7462 1.387574e-05
     6689.6463 1.380103e-05
     6690.5469 1.384867e-05
     6691.4471 1.395280e-05
     6692.3472 1.399992e-05
     6693.2474 1.396969e-05
     6694.1475 1.394835e-05
     6695.0482 1.396184e-05
     6695.9483 1.388117e-05
     6696.8484 1.356778e-05
     6697.7486 1.319059e-05
     6698.6487 1.309310e-05
     6699.5494 1.324968e-05
     6700.4495 1.349196e-05
     6701.3497 1.378562e-05
     6702.2498 1.399320e-05
     6703.1499 1.398730e-05
     6704.0506 1.382193e-05
     6704.9507 1.356772e-05
     6705.8509 1.339928e-05
     6706.7510 1.347356e-05
     6707.6512 1.370953e-05
     6708.5518 1.388314e-05
     6709.4519 1.392818e-05
     6710.3521 1.388786e-05
     6711.2522 1.372585e-05
     6712.1524 1.358613e-05
     6713.0530 1.360485e-05
     6713.9531 1.357779e-05
     6714.8533 1.341141e-05
     6715.7534 1.322579e-05
     6716.6536 1.304522e-05
     6717.5542 1.280924e-05
     6718.4543 1.253580e-05
     6719.3545 1.250848e-05
     6720.2546 1.294260e-05
     6721.1548 1.345357e-05
     6722.0554 1.361415e-05
     6722.9556 1.350603e-05
     6723.8557 1.347974e-05
     6724.7558 1.366473e-05
     6725.6560 1.378725e-05
     6726.5566 1.365496e-05
     6727.4568 1.342594e-05
     6728.3569 1.337519e-05
     6729.2571 1.351777e-05
     6730.1572 1.364804e-05
     6731.0578 1.374593e-05
     6731.9580 1.383821e-05
     6732.8581 1.385410e-05
     6733.7583 1.375816e-05
     6734.6584 1.362782e-05
     6735.5590 1.357444e-05
     6736.4592 1.365023e-05
     6737.3593 1.377860e-05
     6738.2595 1.377396e-05
     6739.1596 1.355818e-05
     6740.0603 1.329970e-05
     6740.9604 1.323911e-05
     6741.8605 1.341238e-05
     6742.7607 1.357686e-05
     6743.6608 1.347080e-05
     6744.5615 1.328210e-05
     6745.4616 1.332603e-05
     6746.3618 1.347304e-05
     6747.2619 1.346594e-05
     6748.1620 1.336708e-05
     6749.0627 1.330886e-05
     6749.9628 1.329085e-05
     6750.8630 1.323569e-05
     6751.7631 1.319486e-05
     6752.6633 1.329870e-05
     6753.5639 1.330390e-05
     6754.4640 1.317041e-05
     6755.3642 1.321998e-05
     6756.2643 1.339590e-05
     6757.1645 1.352819e-05
     6758.0651 1.370020e-05
     6758.9652 1.388772e-05
     6759.8654 1.398122e-05
     6760.7655 1.402967e-05
     6761.6657 1.405637e-05
     6762.5663 1.398128e-05
     6763.4665 1.385577e-05
     6764.3666 1.382808e-05
     6765.2667 1.389221e-05
     6766.1669 1.389303e-05
     6767.0675 1.372872e-05
     6767.9677 1.344280e-05
     6768.8678 1.323854e-05
     6769.7680 1.328539e-05
     6770.6681 1.346956e-05
     6771.5687 1.349105e-05
     6772.4689 1.335228e-05
     6773.3690 1.333969e-05
     6774.2692 1.355687e-05
     6775.1693 1.385588e-05
     6776.0699 1.407543e-05
     6776.9701 1.416066e-05
     6777.8702 1.411589e-05
     6778.7704 1.399959e-05
     6779.6705 1.398695e-05
     6780.5712 1.412871e-05
     6781.4713 1.418794e-05
     6782.3714 1.404083e-05
     6783.2716 1.376402e-05
     6784.1717 1.338843e-05
     6785.0724 1.301355e-05
     6785.9725 1.284440e-05
     6786.8727 1.292168e-05
     6787.7728 1.312445e-05
     6788.6729 1.339619e-05
     6789.5736 1.364569e-05
     6790.4737 1.370866e-05
     6791.3739 1.365885e-05
     6792.2740 1.370666e-05
     6793.1742 1.377827e-05
     6794.0748 1.365483e-05
     6794.9749 1.341910e-05
     6795.8751 1.334223e-05
     6796.7752 1.341828e-05
     6797.6754 1.350144e-05
     6798.5760 1.359240e-05
     6799.4761 1.363553e-05
     6800.3763 1.363350e-05
     6801.2764 1.368202e-05
     6802.1766 1.376581e-05
     6803.0772 1.384131e-05
     6803.9774 1.384504e-05
     6804.8775 1.373370e-05
     6805.7776 1.364634e-05
     6806.6778 1.369736e-05
     6807.5784 1.370569e-05
     6808.4786 1.363374e-05
     6809.3787 1.367642e-05
     6810.2789 1.373494e-05
     6811.1790 1.365285e-05
     6812.0796 1.359713e-05
     6812.9798 1.367445e-05
     6813.8799 1.375411e-05
     6814.7801 1.371711e-05
     6815.6802 1.351953e-05
     6816.5808 1.333931e-05
     6817.4810 1.346635e-05
     6818.3811 1.380101e-05
     6819.2813 1.398135e-05
     6820.1814 1.387421e-05
     6821.0821 1.362808e-05
     6821.9822 1.350843e-05
     6822.8823 1.362716e-05
     6823.7825 1.385709e-05
     6824.6826 1.403381e-05
     6825.5833 1.408580e-05
     6826.4834 1.407647e-05
     6827.3836 1.405174e-05
     6828.2837 1.391541e-05
     6829.1838 1.364874e-05
     6830.0845 1.345422e-05
     6830.9846 1.352430e-05
     6831.8848 1.375577e-05
     6832.7849 1.389880e-05
     6833.6851 1.385958e-05
     6834.5857 1.378432e-05
     6835.4858 1.385578e-05
     6836.3860 1.400905e-05
     6837.2861 1.403783e-05
     6838.1863 1.391235e-05
     6839.0869 1.375426e-05
     6839.9870 1.356830e-05
     6840.8872 1.332042e-05
     6841.7873 1.305535e-05
     6842.6875 1.282990e-05
     6843.5881 1.277161e-05
     6844.4883 1.296907e-05
     6845.3884 1.332408e-05
     6846.2885 1.366582e-05
     6847.1887 1.384808e-05
     6848.0893 1.387465e-05
     6848.9895 1.388167e-05
     6849.8896 1.387670e-05
     6850.7898 1.380590e-05
     6851.6899 1.372993e-05
     6852.5905 1.370620e-05
     6853.4907 1.375437e-05
     6854.3908 1.382807e-05
     6855.2910 1.370037e-05
     6856.1911 1.330411e-05
     6857.0917 1.302244e-05
     6857.9919 1.309718e-05
     6858.8920 1.327792e-05
     6859.7922 1.339120e-05
     6860.6923 1.345549e-05
     6861.5930 1.333492e-05
     6862.4931 1.302921e-05
     6863.3932 1.290392e-05
     6864.2934 1.321791e-05
     6865.1935 1.369170e-05
     6866.0942 1.390459e-05
     6866.9943 1.382216e-05
     6867.8945 1.361704e-05
     6868.7946 1.332815e-05
     6869.6947 1.307655e-05
     6870.5954 1.312362e-05
     6871.4955 1.341399e-05
     6872.3957 1.353268e-05
     6873.2958 1.337083e-05
     6874.1960 1.324866e-05
     6875.0966 1.332159e-05
     6875.9967 1.340701e-05
     6876.8969 1.339869e-05
     6877.7970 1.343125e-05
     6878.6972 1.362037e-05
     6879.5978 1.382141e-05
     6880.4979 1.385263e-05
     6881.3981 1.371404e-05
     6882.2982 1.348650e-05
     6883.1984 1.321954e-05
     6884.0990 1.302595e-05
     6884.9992 1.312971e-05
     6885.8993 1.346948e-05
     6886.7994 1.364729e-05
     6887.6996 1.357945e-05
     6888.6002 1.359187e-05
     6889.5004 1.379026e-05
     6890.4005 1.394823e-05
     6891.3007 1.398612e-05
     6892.2008 1.402472e-05
     6893.1014 1.405504e-05
     6894.0016 1.397084e-05
     6894.9017 1.385950e-05
     6895.8019 1.381711e-05
     6896.7020 1.377154e-05
     6897.6026 1.369419e-05
     6898.5028 1.370579e-05
     6899.4029 1.384684e-05
     6900.3031 1.393508e-05
     6901.2032 1.383866e-05
     6902.1039 1.371307e-05
     6903.0040 1.378988e-05
     6903.9041 1.399422e-05
     6904.8043 1.409393e-05
     6905.7044 1.402048e-05
     6906.6051 1.387586e-05
     6907.5052 1.383172e-05
     6908.4054 1.397140e-05
     6909.3055 1.412078e-05
     6910.2056 1.415857e-05
     6911.1063 1.412721e-05
     6912.0064 1.403018e-05
     6912.9066 1.392217e-05
     6913.8067 1.383511e-05
     6914.7069 1.367840e-05
     6915.6075 1.345352e-05
     6916.5076 1.343586e-05
     6917.4078 1.359889e-05
     6918.3079 1.366161e-05
     6919.2081 1.366118e-05
     6920.1087 1.373699e-05
     6921.0088 1.389101e-05
     6921.9090 1.406673e-05
     6922.8091 1.418644e-05
     6923.7093 1.419304e-05
     6924.6099 1.399361e-05
     6925.5101 1.357582e-05
     6926.4102 1.319942e-05
     6927.3103 1.310797e-05
     6928.2105 1.335909e-05
     6929.1111 1.371789e-05
     6930.0113 1.390680e-05
     6930.9114 1.392075e-05
     6931.8116 1.390960e-05
     6932.7117 1.388481e-05
     6933.6123 1.375046e-05
     6934.5125 1.356968e-05
     6935.4126 1.358594e-05
     6936.3128 1.381739e-05
     6937.2129 1.397424e-05
     6938.1135 1.393309e-05
     6939.0137 1.386844e-05
     6939.9138 1.387651e-05
     6940.8140 1.399138e-05
     6941.7141 1.418447e-05
     6942.6148 1.427665e-05
     6943.5149 1.413989e-05
     6944.4150 1.389192e-05
     6945.3152 1.360418e-05
     6946.2153 1.332419e-05
     6947.1160 1.327710e-05
     6948.0161 1.356836e-05
     6948.9163 1.388367e-05
     6949.8164 1.404647e-05
     6950.7165 1.416178e-05
     6951.6172 1.411884e-05
     6952.5173 1.382746e-05
     6953.4175 1.358988e-05
     6954.3176 1.353224e-05
     6955.2178 1.351224e-05
     6956.1184 1.355494e-05
     6957.0185 1.372966e-05
     6957.9187 1.394968e-05
     6958.8188 1.406361e-05
     6959.7190 1.406790e-05
     6960.6196 1.406314e-05
     6961.5197 1.407388e-05
     6962.4199 1.408487e-05
     6963.3200 1.412993e-05
     6964.2202 1.418117e-05
     6965.1208 1.422977e-05
     6966.0210 1.420325e-05
     6966.9211 1.401540e-05
     6967.8212 1.386414e-05
     6968.7214 1.402720e-05
     6969.6220 1.429969e-05
     6970.5222 1.438180e-05
     6971.4223 1.426884e-05
     6972.3225 1.402254e-05
     6973.2226 1.391384e-05
     6974.1232 1.413351e-05
     6975.0234 1.432896e-05
     6975.9235 1.416260e-05
     6976.8237 1.386099e-05
     6977.7238 1.362853e-05
     6978.6244 1.326567e-05
     6979.5246 1.269093e-05
     6980.4247 1.236411e-05
     6981.3249 1.270529e-05
     6982.2250 1.337780e-05
     6983.1257 1.387186e-05
     6984.0258 1.413986e-05
     6984.9259 1.428700e-05
     6985.8261 1.435511e-05
     6986.7262 1.434383e-05
     6987.6269 1.426917e-05
     6988.5270 1.421975e-05
     6989.4272 1.414090e-05
     6990.3273 1.393988e-05
     6991.2275 1.377503e-05
     6992.1281 1.387090e-05
     6993.0282 1.416314e-05
     6993.9284 1.437090e-05
     6994.8285 1.435544e-05
     6995.7287 1.418588e-05
     6996.6293 1.408577e-05
     6997.5294 1.415795e-05
     6998.4296 1.428037e-05
     6999.3297 1.428911e-05
     7000.2299 1.403266e-05
     7001.1305 1.362939e-05
     7002.0307 1.347795e-05
     7002.9308 1.373264e-05
     7003.8309 1.407325e-05
     7004.7311 1.409194e-05
     7005.6317 1.382560e-05
     7006.5319 1.363103e-05
     7007.4320 1.363962e-05
     7008.3322 1.372751e-05
     7009.2323 1.383043e-05
     7010.1329 1.399888e-05
     7011.0331 1.412344e-05
     7011.9332 1.406747e-05
     7012.8334 1.396005e-05
     7013.7335 1.399575e-05
     7014.6341 1.412416e-05
     7015.5343 1.409788e-05
     7016.4344 1.370086e-05
     7017.3346 1.305303e-05
     7018.2347 1.275219e-05
     7019.1354 1.319404e-05
     7020.0355 1.391312e-05
     7020.9356 1.434012e-05
     7021.8358 1.446536e-05
     7022.7359 1.445343e-05
     7023.6366 1.423009e-05
     7024.5367 1.377283e-05
     7025.4369 1.337222e-05
     7026.3370 1.334901e-05
     7027.2371 1.362117e-05
     7028.1378 1.386230e-05
     7029.0379 1.396535e-05
     7029.9381 1.405245e-05
     7030.8382 1.415654e-05
     7031.7384 1.424174e-05
     7032.6390 1.421828e-05
     7033.5391 1.408017e-05
     7034.4393 1.398590e-05
     7035.3394 1.402453e-05
     7036.2396 1.409638e-05
     7037.1402 1.423278e-05
     7038.0403 1.428617e-05
     7038.9405 1.389927e-05
     7039.8406 1.334923e-05
     7040.7408 1.337869e-05
     7041.6414 1.401789e-05
     7042.5416 1.467563e-05
     7043.4417 1.501571e-05
     7044.3418 1.503978e-05
     7045.2420 1.477713e-05
     7046.1426 1.436318e-05
     7047.0428 1.414844e-05
     7047.9429 1.429612e-05
     7048.8431 1.460568e-05
     7049.7432 1.485873e-05
     7050.6438 1.492811e-05
     7051.5440 1.482690e-05
     7052.4441 1.459343e-05
     7053.3443 1.410976e-05
     7054.2444 1.341377e-05
     7055.1451 1.289526e-05
     7056.0452 1.279776e-05
     7056.9453 1.304450e-05
     7057.8455 1.342334e-05
     7058.7456 1.369334e-05
     7059.6463 1.367559e-05
     7060.5464 1.332429e-05
     7061.4466 1.287780e-05
     7062.3467 1.272771e-05
     7063.2468 1.292086e-05
     7064.1475 1.314556e-05
     7065.0476 1.331934e-05
     7065.9478 1.349590e-05
     7066.8479 1.350955e-05
     7067.7481 1.325993e-05
     7068.6487 1.287052e-05
     7069.5488 1.253323e-05
     7070.4490 1.250348e-05
     7071.3491 1.291528e-05
     7072.2493 1.345792e-05
     7073.1499 1.371865e-05
     7074.0500 1.371380e-05
     7074.9502 1.367752e-05
     7075.8503 1.368000e-05
     7076.7505 1.365568e-05
     7077.6511 1.361184e-05
     7078.5513 1.362835e-05
     7079.4514 1.372036e-05
     7080.3515 1.380423e-05
     7081.2517 1.388324e-05
     7082.1523 1.400807e-05
     7083.0525 1.401494e-05
     7083.9526 1.372792e-05
     7084.8528 1.316758e-05
     7085.7529 1.257905e-05
     7086.6535 1.236636e-05
     7087.5537 1.257683e-05
     7088.4538 1.270645e-05
     7089.3540 1.261861e-05
     7090.2541 1.255470e-05
     7091.1547 1.251016e-05
     7092.0549 1.246251e-05
     7092.9550 1.251564e-05
     7093.8552 1.254707e-05
     7094.7553 1.250027e-05
     7095.6560 1.251632e-05
     7096.5561 1.256521e-05
     7097.4562 1.259083e-05
     7098.3564 1.262088e-05
     7099.2565 1.269938e-05
     7100.1572 1.290813e-05
     7101.0573 1.313073e-05
     7101.9575 1.317081e-05
     7102.8576 1.304270e-05
     7103.7578 1.283385e-05
     7104.6584 1.275627e-05
     7105.5585 1.294904e-05
     7106.4587 1.322221e-05
     7107.3588 1.326577e-05
     7108.2590 1.306160e-05
     7109.1596 1.290592e-05
     7110.0597 1.295927e-05
     7110.9599 1.299729e-05
     7111.8600 1.280927e-05
     7112.7602 1.256945e-05
     7113.6608 1.255428e-05
     7114.5610 1.277270e-05
     7115.4611 1.299838e-05
     7116.3612 1.311154e-05
     7117.2614 1.319559e-05
     7118.1620 1.323625e-05
     7119.0622 1.316977e-05
     7119.9623 1.310307e-05
     7120.8625 1.308784e-05
     7121.7626 1.308176e-05
     7122.6632 1.301639e-05
     7123.5634 1.286441e-05
     7124.4635 1.283545e-05
     7125.3637 1.295302e-05
     7126.2638 1.287775e-05
     7127.1644 1.259728e-05
     7128.0646 1.242733e-05
     7128.9647 1.250485e-05
     7129.8649 1.266578e-05
     7130.7650 1.259659e-05
     7131.6657 1.223183e-05
     7132.5658 1.194245e-05
     7133.4659 1.205409e-05
     7134.3661 1.240075e-05
     7135.2662 1.271248e-05
     7136.1669 1.288670e-05
     7137.0670 1.290303e-05
     7137.9672 1.294043e-05
     7138.8673 1.306343e-05
     7139.7674 1.299806e-05
     7140.6681 1.272092e-05
     7141.5682 1.262024e-05
     7142.4684 1.284156e-05
     7143.3685 1.303939e-05
     7144.2687 1.300773e-05
     7145.1693 1.292555e-05
     7146.0694 1.288301e-05
     7146.9696 1.287936e-05
     7147.8697 1.287430e-05
     7148.7699 1.262561e-05
     7149.6705 1.220135e-05
     7150.5707 1.211117e-05
     7151.4708 1.238962e-05
     7152.3709 1.265465e-05
     7153.2711 1.288661e-05
     7154.1717 1.319200e-05
     7155.0719 1.336179e-05
     7155.9720 1.321175e-05
     7156.8722 1.296017e-05
     7157.7723 1.300991e-05
     7158.6729 1.329373e-05
     7159.5731 1.335878e-05
     7160.4732 1.312502e-05
     7161.3734 1.288448e-05
     7162.2735 1.284461e-05
     7163.1741 1.303498e-05
     7164.0743 1.318940e-05
     7164.9744 1.293642e-05
     7165.8746 1.236377e-05
     7166.7747 1.205415e-05
     7167.6754 1.231936e-05
     7168.5755 1.285825e-05
     7169.4756 1.325967e-05
     7170.3758 1.335772e-05
     7171.2759 1.325635e-05
     7172.1766 1.320353e-05
     7173.0767 1.333506e-05
     7173.9769 1.354083e-05
     7174.8770 1.363129e-05
     7175.7771 1.354478e-05
     7176.6778 1.328994e-05
     7177.5779 1.299801e-05
     7178.4781 1.298601e-05
     7179.3782 1.329510e-05
     7180.2784 1.346750e-05
     7181.1790 1.316074e-05
     7182.0791 1.259987e-05
     7182.9793 1.231340e-05
     7183.8794 1.262555e-05
     7184.7796 1.323380e-05
     7185.6802 1.356198e-05
     7186.5804 1.349038e-05
     7187.4805 1.320711e-05
     7188.3806 1.275251e-05
     7189.2808 1.231339e-05
     7190.1814 1.219360e-05
     7191.0816 1.238514e-05
     7191.9817 1.271080e-05
     7192.8819 1.294618e-05
     7193.7820 1.290882e-05
     7194.6826 1.275008e-05
     7195.5828 1.277208e-05
     7196.4829 1.300995e-05
     7197.3831 1.312665e-05
     7198.2832 1.293046e-05
     7199.1838 1.278006e-05
     7200.0840 1.294598e-05
     7200.9841 1.316705e-05
     7201.8843 1.319004e-05
     7202.7844 1.302870e-05
     7203.6851 1.290277e-05
     7204.5852 1.304962e-05
     7205.4853 1.335345e-05
     7206.3855 1.350192e-05
     7207.2856 1.325555e-05
     7208.1863 1.263298e-05
     7209.0864 1.209385e-05
     7209.9866 1.206758e-05
     7210.8867 1.244471e-05
     7211.7869 1.298439e-05
     7212.6875 1.343540e-05
     7213.5876 1.349381e-05
     7214.4878 1.324015e-05
     7215.3879 1.299404e-05
     7216.2881 1.289461e-05
     7217.1887 1.290121e-05
     7218.0888 1.305104e-05
     7218.9890 1.336185e-05
     7219.8891 1.358098e-05
     7220.7893 1.352413e-05
     7221.6899 1.334282e-05
     7222.5901 1.321168e-05
     7223.4902 1.315925e-05
     7224.3903 1.312320e-05
     7225.2905 1.315417e-05
     7226.1911 1.336764e-05
     7227.0913 1.362767e-05
     7227.9914 1.376528e-05
     7228.8916 1.373104e-05
     7229.7917 1.351281e-05
     7230.6923 1.331981e-05
     7231.5925 1.336293e-05
     7232.4926 1.360962e-05
     7233.3928 1.385140e-05
     7234.2929 1.395417e-05
     7235.1935 1.399709e-05
     7236.0937 1.400603e-05
     7236.9938 1.386622e-05
     7237.8940 1.365332e-05
     7238.7941 1.355546e-05
     7239.6948 1.355931e-05
     7240.5949 1.353905e-05
     7241.4951 1.349755e-05
     7242.3952 1.360236e-05
     7243.2953 1.385209e-05
     7244.1960 1.396442e-05
     7245.0961 1.376803e-05
     7245.9963 1.340248e-05
     7246.8964 1.320356e-05
     7247.7966 1.337964e-05
     7248.6972 1.379085e-05
     7249.5973 1.411638e-05
     7250.4975 1.413161e-05
     7251.3976 1.386093e-05
     7252.2978 1.349768e-05
     7253.1984 1.326767e-05
     7254.0985 1.331084e-05
     7254.9987 1.350511e-05
     7255.8988 1.366101e-05
     7256.7990 1.376806e-05
     7257.6996 1.391061e-05
     7258.5998 1.409714e-05
     7259.4999 1.434572e-05
     7260.4000 1.407768e-05
     7261.3002 1.382724e-05
     7262.2008 1.340730e-05
     7263.1010 1.303925e-05
     7264.0011 1.317795e-05
     7264.9013 1.367440e-05
     7265.8014 1.399748e-05
     7266.7020 1.407130e-05
     7267.6022 1.413617e-05
     7268.5023 1.427602e-05
     7269.4025 1.434048e-05
     7270.3026 1.422833e-05
     7271.2033 1.403314e-05
     7272.1034 1.385675e-05
     7273.0035 1.376753e-05
     7273.9037 1.376983e-05
     7274.8038 1.384479e-05
     7275.7045 1.398081e-05
     7276.6046 1.414285e-05
     7277.5048 1.426704e-05
     7278.4049 1.425939e-05
     7279.3050 1.408535e-05
     7280.2057 1.389952e-05
     7281.1058 1.384573e-05
     7282.0060 1.380460e-05
     7282.9061 1.360615e-05
     7283.8063 1.332337e-05
     7284.7069 1.313730e-05
     7285.6070 1.313686e-05
     7286.5072 1.335179e-05
     7287.4073 1.369591e-05
     7288.3075 1.389929e-05
     7289.2081 1.374111e-05
     7290.1082 1.341100e-05
     7291.0084 1.323676e-05
     7291.9085 1.316768e-05
     7292.8087 1.301424e-05
     7293.7093 1.288462e-05
     7294.6095 1.300651e-05
     7295.5096 1.338702e-05
     7296.4098 1.385123e-05
     7297.3099 1.426482e-05
     7298.2105 1.448171e-05
     7299.1107 1.434105e-05
     7300.0108 1.398507e-05
     7300.9110 1.375774e-05
     7301.8111 1.382277e-05
     7302.7117 1.400193e-05
     7303.6119 1.406202e-05
     7304.5120 1.405594e-05
     7305.4122 1.414061e-05
     7306.3123 1.425890e-05
     7307.2130 1.422285e-05
     7308.1131 1.401866e-05
     7309.0132 1.380700e-05
     7309.9134 1.377051e-05
     7310.8135 1.394298e-05
     7311.7142 1.404241e-05
     7312.6143 1.391127e-05
     7313.5145 1.381259e-05
     7314.4146 1.395767e-05
     7315.3147 1.422470e-05
     7316.2154 1.434222e-05
     7317.1155 1.422743e-05
     7318.0157 1.404959e-05
     7318.9158 1.392392e-05
     7319.8160 1.391328e-05
     7320.7166 1.405790e-05
     7321.6167 1.418773e-05
     7322.5169 1.423111e-05
     7323.4170 1.427552e-05
     7324.3172 1.420308e-05
     7325.2178 1.395831e-05
     7326.1180 1.366288e-05
     7327.0181 1.341378e-05
     7327.9182 1.342327e-05
     7328.8184 1.381044e-05
     7329.7190 1.421887e-05
     7330.6192 1.430511e-05
     7331.5193 1.418253e-05
     7332.4195 1.410838e-05
     7333.3196 1.413346e-05
     7334.2202 1.416203e-05
     7335.1204 1.414016e-05
     7336.0205 1.415981e-05
     7336.9207 1.432374e-05
     7337.8208 1.454077e-05
     7338.7214 1.462305e-05
     7339.6216 1.458575e-05
     7340.5217 1.456727e-05
     7341.4219 1.460598e-05
     7342.3220 1.468747e-05
     7343.2227 1.472605e-05
     7344.1228 1.452514e-05
     7345.0230 1.405290e-05
     7345.9231 1.367838e-05
     7346.8232 1.376144e-05
     7347.7239 1.412774e-05
     7348.6240 1.443055e-05
     7349.5242 1.459858e-05
     7350.4243 1.455256e-05
     7351.3245 1.424135e-05
     7352.2251 1.389886e-05
     7353.1252 1.382620e-05
     7354.0254 1.399572e-05
     7354.9255 1.408438e-05
     7355.8257 1.385366e-05
     7356.7263 1.336243e-05
     7357.6264 1.299818e-05
     7358.5266 1.314307e-05
     7359.4267 1.371175e-05
     7360.3269 1.428849e-05
     7361.2275 1.450460e-05
     7362.1277 1.427320e-05
     7363.0278 1.379999e-05
     7363.9279 1.340143e-05
     7364.8281 1.334482e-05
     7365.7287 1.358688e-05
     7366.6289 1.387507e-05
     7367.5290 1.405276e-05
     7368.4292 1.419381e-05
     7369.3293 1.432903e-05
     7370.2299 1.433920e-05
     7371.1301 1.430269e-05
     7372.0302 1.442604e-05
     7372.9304 1.459572e-05
     7373.8305 1.460998e-05
     7374.7312 1.451488e-05
     7375.6313 1.441711e-05
     7376.5314 1.431395e-05
     7377.4316 1.422551e-05
     7378.3317 1.428701e-05
     7379.2324 1.450457e-05
     7380.1325 1.471148e-05
     7381.0327 1.473438e-05
     7381.9328 1.452001e-05
     7382.8329 1.418042e-05
     7383.7336 1.394027e-05
     7384.6337 1.390369e-05
     7385.5339 1.385311e-05
     7386.4340 1.360455e-05
     7387.3342 1.335050e-05
     7388.2348 1.329749e-05
     7389.1349 1.333387e-05
     7390.0351 1.323663e-05
     7390.9352 1.308122e-05
     7391.8354 1.327980e-05
     7392.7360 1.365887e-05
     7393.6362 1.383068e-05
     7394.5363 1.371767e-05
     7395.4364 1.369903e-05
     7396.3366 1.395609e-05
     7397.2372 1.418177e-05
     7398.1374 1.418833e-05
     7399.0375 1.409711e-05
     7399.9377 1.392544e-05
     7400.8378 1.370231e-05
     7401.7384 1.354547e-05
     7410.0000 1.500467e-05
     7430.0000 1.548509e-05
     7450.0000 1.541809e-05
     7470.0000 1.581916e-05
     7490.0000 1.581644e-05
     7510.0000 1.597585e-05
     7530.0000 1.637152e-05
     7550.0000 1.652423e-05
     7570.0000 1.640866e-05
     7590.0000 1.568297e-05
     7610.0000 1.527900e-05
     7630.0000 1.489204e-05
     7650.0000 1.440186e-05
     7670.0000 1.358578e-05
     7690.0000 1.399829e-05
     7710.0000 1.375316e-05
     7730.0000 1.381088e-05
     7750.0000 1.370219e-05
     7770.0000 1.399202e-05
     7790.0000 1.400953e-05
     7810.0000 1.403842e-05
     7830.0000 1.406076e-05
     7850.0000 1.391486e-05
     7870.0000 1.411624e-05
     7890.0000 1.406174e-05
     7910.0000 1.370798e-05
     7930.0000 1.377242e-05
     7950.0000 1.377375e-05
     7970.0000 1.420407e-05
     7990.0000 1.419444e-05
     8010.0000 1.448554e-05
     8030.0000 1.461038e-05
     8050.0000 1.461551e-05
     8070.0000 1.500280e-05
     8090.0000 1.498634e-05
     8110.0000 1.519481e-05
     8130.0000 1.579598e-05
     8150.0000 1.617028e-05
     8170.0000 1.635489e-05
     8190.0000 1.547068e-05
     8210.0000 1.541764e-05
     8230.0000 1.541744e-05
     8250.0000 1.544081e-05
     8270.0000 1.545666e-05
     8290.0000 1.525476e-05
     8310.0000 1.479418e-05
     8330.0000 1.459703e-05
     8350.0000 1.464344e-05
     8370.0000 1.472749e-05
     8390.0000 1.418605e-05
     8410.0000 1.476204e-05
     8430.0000 1.412199e-05
     8450.0000 1.377489e-05
     8470.0000 1.368657e-05
     8490.0000 1.382319e-05
     8510.0000 1.332753e-05
     8530.0000 1.375724e-05
     8550.0000 1.296354e-05
     8570.0000 1.427656e-05
     8590.0000 1.409865e-05
     8610.0000 1.430599e-05
     8630.0000 1.459530e-05
     8650.0000 1.460396e-05
     8670.0000 1.341236e-05
     8690.0000 1.430800e-05
     8710.0000 1.492107e-05
     8730.0000 1.506328e-05
     8750.0000 1.503816e-05
     8770.0000 1.529629e-05
     8790.0000 1.559809e-05
     8810.0000 1.533686e-05
     8830.0000 1.545854e-05
     8850.0000 1.533727e-05
     8870.0000 1.464346e-05
     8890.0000 1.468564e-05
     8910.0000 1.488143e-05
     8930.0000 1.471686e-05
     8950.0000 1.478247e-05
     8970.0000 1.486610e-05
     8990.0000 1.489679e-05
     9010.0000 1.464838e-05
     9030.0000 1.524730e-05
     9050.0000 1.574922e-05
     9070.0000 1.580683e-05
     9090.0000 1.565464e-05
     9110.0000 1.591370e-05
     9130.0000 1.617495e-05
     9150.0000 1.610410e-05
     9170.0000 1.607124e-05
     9190.0000 1.618389e-05
     9210.0000 1.557106e-05
     9230.0000 1.509095e-05
     9250.0000 1.492960e-05
     9270.0000 1.511357e-05
     9290.0000 1.480913e-05
     9310.0000 1.483248e-05
     9330.0000 1.491824e-05
     9350.0000 1.483661e-05
     9370.0000 1.457474e-05
     9390.0000 1.484884e-05
     9410.0000 1.467579e-05
     9430.0000 1.505337e-05
     9450.0000 1.485941e-05
     9470.0000 1.522312e-05
     9490.0000 1.526691e-05
     9510.0000 1.494784e-05
     9530.0000 1.514099e-05
     9550.0000 1.500292e-05
     9570.0000 1.510582e-05
     9590.0000 1.531741e-05
     9610.0000 1.511270e-05
     9630.0000 1.526384e-05
     9650.0000 1.496255e-05
     9670.0000 1.498309e-05
     9690.0000 1.519159e-05
     9710.0000 1.490864e-05
     9730.0000 1.472702e-05
     9750.0000 1.469942e-05
     9770.0000 1.478684e-05
     9790.0000 1.456370e-05
     9810.0000 1.498629e-05
     9830.0000 1.483936e-05
     9850.0000 1.495034e-05
     9870.0000 1.488177e-05
     9890.0000 1.489887e-05
     9910.0000 1.458308e-05
     9930.0000 1.475878e-05
     9950.0000 1.486745e-05
     9970.0000 1.491677e-05
     9990.0000 1.486804e-05
    10025.0000 1.493315e-05
    10075.0000 1.481438e-05
    10125.0000 1.501289e-05
    10175.0000 1.485555e-05
    10225.0000 1.493935e-05
    10275.0000 1.497125e-05
    10325.0000 1.485729e-05
    10375.0000 1.478353e-05
    10425.0000 1.480755e-05
    10475.0000 1.447906e-05
    10525.0000 1.423194e-05
    10575.0000 1.388540e-05
    10625.0000 1.379778e-05
    10675.0000 1.376070e-05
    10725.0000 1.384076e-05
    10775.0000 1.382256e-05
    10825.0000 1.362861e-05
    10875.0000 1.355167e-05
    10925.0000 1.345541e-05
    10975.0000 1.317237e-05
    11025.0000 1.295309e-05
    11075.0000 1.265808e-05
    11125.0000 1.264252e-05
    11175.0000 1.259756e-05
    11225.0000 1.261823e-05
    11275.0000 1.249933e-05
    11325.0000 1.246652e-05
    11375.0000 1.231238e-05
    11425.0000 1.220493e-05
    11475.0000 1.241183e-05
    11525.0000 1.238476e-05
    11575.0000 1.224963e-05
    11625.0000 1.206479e-05
    11675.0000 1.204361e-05
    11725.0000 1.210246e-05
    11775.0000 1.177731e-05
    11825.0000 1.171782e-05
    11875.0000 1.153464e-05
    11925.0000 1.169821e-05
    11975.0000 1.130928e-05
    12025.0000 1.151974e-05
    12075.0000 1.145769e-05
    12125.0000 1.146692e-05
    12175.0000 1.150367e-05
    12225.0000 1.142744e-05
    12275.0000 1.133823e-05
    12325.0000 1.127344e-05
    12375.0000 1.124332e-05
    12425.0000 1.101651e-05
    12475.0000 1.102825e-05
    12525.0000 1.091631e-05
    12575.0000 1.091939e-05
    12625.0000 1.085946e-05
    12675.0000 1.073935e-05
    12725.0000 1.077238e-05
    12775.0000 1.077674e-05
    12825.0000 1.048495e-05
    12875.0000 1.058592e-05
    12925.0000 1.046394e-05
    12975.0000 1.054404e-05
    13025.0000 1.044732e-05
    13075.0000 1.044168e-05
    13125.0000 1.017735e-05
    13175.0000 1.019966e-05
    13225.0000 1.018850e-05
    13275.0000 9.996677e-06
    13325.0000 9.813012e-06
    13375.0000 9.584831e-06
    13425.0000 9.539356e-06
    13475.0000 9.488689e-06
    13525.0000 9.417281e-06
    13575.0000 9.274892e-06
    13625.0000 9.225368e-06
    13675.0000 9.265929e-06
    13725.0000 9.289329e-06
    13775.0000 9.258403e-06
    13825.0000 9.243794e-06
    13875.0000 9.144477e-06
    13925.0000 8.652958e-06
    13975.0000 8.581559e-06
    14025.0000 8.489832e-06
    14075.0000 8.517122e-06
    14125.0000 8.415137e-06
    14175.0000 8.444405e-06
    14225.0000 8.371918e-06
    14275.0000 8.243263e-06
    14325.0000 8.409133e-06
    14375.0000 8.460274e-06
    14425.0000 8.335849e-06
    14475.0000 8.448296e-06
    14525.0000 8.393548e-06
    14570.0000 8.440257e-06
    14620.0000 8.160912e-06
    14675.0000 8.128467e-06
    14725.0000 8.166378e-06
    14775.0000 8.198152e-06
    14825.0000 8.236578e-06
    14875.0000 8.183285e-06
    14925.0000 8.382963e-06
    14975.0000 8.376529e-06
    15025.0000 8.186385e-06
    15075.0000 8.296176e-06
    15125.0000 8.438605e-06
    15175.0000 8.480725e-06
    15225.0000 8.535782e-06
    15275.0000 8.554608e-06
    15325.0000 8.565563e-06
    15375.0000 8.551145e-06
    15425.0000 8.497971e-06
    15475.0000 8.600670e-06
    15525.0000 8.593103e-06
    15575.0000 8.315811e-06
    15625.0000 8.387374e-06
    15675.0000 8.452538e-06
    15725.0000 8.543396e-06
    15775.0000 8.084009e-06
    15825.0000 8.099590e-06
    15875.0000 8.193727e-06
    15925.0000 8.409833e-06
    15975.0000 8.233216e-06
    16050.0000 8.206486e-06
    16150.0000 8.422989e-06
    16250.0000 8.070772e-06
    16350.0000 8.388574e-06
    16450.0000 8.062220e-06
    16550.0000 8.288394e-06
    16650.0000 8.092094e-06
    16750.0000 8.050410e-06
    16850.0000 7.979983e-06
    16950.0000 7.967256e-06
    17050.0000 7.851948e-06
    17150.0000 7.673564e-06
    17250.0000 7.545171e-06
    17350.0000 7.329977e-06
    17450.0000 7.201830e-06
    17550.0000 7.004542e-06
    17650.0000 6.905191e-06
    17750.0000 6.635412e-06
    17850.0000 6.510843e-06
    17950.0000 6.413403e-06
    18050.0000 6.244621e-06
    18150.0000 6.152390e-06
    18250.0000 6.061303e-06
    18350.0000 5.969527e-06
    18450.0000 5.839810e-06
    18550.0000 5.774733e-06
    18650.0000 5.632816e-06
    18750.0000 5.524997e-06
    18850.0000 5.478923e-06
    18950.0000 5.329845e-06
    19050.0000 5.336596e-06
    19150.0000 5.241112e-06
    19250.0000 5.170204e-06
    19350.0000 5.047172e-06
    19450.0000 4.942910e-06
    19550.0000 4.862029e-06
    19650.0000 4.761331e-06
    19750.0000 4.619662e-06
    19850.0000 4.573169e-06
    19950.0000 4.525726e-06
    20050.0000 4.486296e-06
    20150.0000 4.435140e-06
    20250.0000 4.358342e-06
    20350.0000 4.308955e-06
    20450.0000 4.290912e-06
    20550.0000 4.244125e-06
    20650.0000 4.208021e-06
    20750.0000 4.182397e-06
    20850.0000 4.150482e-06
    20950.0000 4.095152e-06
    21050.0000 4.094739e-06
    21150.0000 4.049024e-06
    21250.0000 4.016740e-06
    21350.0000 3.985783e-06
    21450.0000 3.948874e-06
    21550.0000 3.894666e-06
    21650.0000 3.849969e-06
    21750.0000 3.786832e-06
    21850.0000 3.742673e-06
    21950.0000 3.708546e-06
    22050.0000 3.608698e-06
    22150.0000 3.620465e-06
    22250.0000 3.548446e-06
    22350.0000 3.494897e-06
    22450.0000 3.455966e-06
    22550.0000 3.412652e-06
    22650.0000 3.333193e-06
    22750.0000 3.328049e-06
    22850.0000 3.259865e-06
    22950.0000 2.690039e-06
    23050.0000 2.880644e-06
    23150.0000 2.881487e-06
    23250.0000 2.461445e-06
    23350.0000 2.640322e-06
    23450.0000 2.502383e-06
    23550.0000 2.274668e-06
    23650.0000 2.442180e-06
    23750.0000 2.318396e-06
    23850.0000 2.150469e-06
    23950.0000 2.267826e-06
    24050.0000 2.209549e-06
    24150.0000 2.051425e-06
    24250.0000 2.103532e-06
    24350.0000 2.022511e-06
    24450.0000 1.955731e-06
    24550.0000 1.923194e-06
    24650.0000 1.907366e-06
    24750.0000 1.838995e-06
    24850.0000 1.638339e-06
    24950.0000 1.572858e-06
    25050.0000 1.599219e-06
    25150.0000 1.539038e-06
    25250.0000 1.565289e-06
    25350.0000 1.579431e-06
    25450.0000 1.564666e-06
    25550.0000 1.571139e-06
    25650.0000 1.589341e-06
    25750.0000 1.603649e-06
    25850.0000 1.582749e-06
    25950.0000 1.606729e-06
    26050.0000 1.596306e-06
    26150.0000 1.587526e-06
    26250.0000 1.558752e-06
    26350.0000 1.549818e-06
    26450.0000 1.534603e-06
    26550.0000 1.522468e-06
    26650.0000 1.497229e-06
    26750.0000 1.493783e-06
    26850.0000 1.470515e-06
    26950.0000 1.461329e-06
    27050.0000 1.455285e-06
    27150.0000 1.429278e-06
    27250.0000 1.411842e-06
    27350.0000 1.392786e-06
    27450.0000 1.387386e-06
    27550.0000 1.387190e-06
    27650.0000 1.357685e-06
    27750.0000 1.343608e-06
    27850.0000 1.331865e-06
    27950.0000 1.322897e-06
    28050.0000 1.289433e-06
    28150.0000 1.292281e-06
    28250.0000 1.292446e-06
    28350.0000 1.277735e-06
    28450.0000 1.267672e-06
    28550.0000 1.237223e-06
    28650.0000 1.224345e-06
    28750.0000 1.229380e-06
    28850.0000 1.210125e-06
    28950.0000 1.203868e-06
    29050.0000 1.190543e-06
    29150.0000 1.179047e-06
    29250.0000 1.165093e-06
    29350.0000 1.160038e-06
    29450.0000 1.132228e-06
    29550.0000 1.134666e-06
    29650.0000 1.113515e-06
    29750.0000 1.103569e-06
    29850.0000 1.100017e-06
    29950.0000 1.088461e-06
    30050.0000 1.080143e-06
    30150.0000 1.073724e-06
    30250.0000 1.064529e-06
    30350.0000 1.055560e-06
    30450.0000 1.050188e-06
    30550.0000 1.042126e-06
    30650.0000 1.034656e-06
    30750.0000 1.028984e-06
    30850.0000 1.020338e-06
    30950.0000 1.015003e-06
    31050.0000 1.009653e-06
    31150.0000 9.982472e-07
    31250.0000 9.947421e-07
    31350.0000 9.881596e-07
    31450.0000 9.812161e-07
    31550.0000 9.731849e-07
    31650.0000 9.658389e-07
    31750.0000 9.608033e-07
    31850.0000 9.548344e-07
    31950.0000 9.495574e-07
    32100.0000 9.394966e-07
    32300.0000 9.268770e-07
    32500.0000 9.149422e-07
    32700.0000 9.015811e-07
    32900.0000 8.876003e-07
    33100.0000 8.755491e-07
    33300.0000 8.621154e-07
    33500.0000 8.502387e-07
    33700.0000 8.367016e-07
    33900.0000 8.226412e-07
    34100.0000 8.084744e-07
    34300.0000 7.965375e-07
    34500.0000 7.836223e-07
    34700.0000 7.703122e-07
    34900.0000 7.578217e-07
    35100.0000 7.454855e-07
    35300.0000 7.323510e-07
    35500.0000 7.205266e-07
    35700.0000 7.081993e-07
    35900.0000 6.966613e-07
    36100.0000 6.859856e-07
    36300.0000 6.745855e-07
    36500.0000 6.627070e-07
    36700.0000 6.516141e-07
    36900.0000 6.396663e-07
    37100.0000 6.286163e-07
    37300.0000 6.194566e-07
    37500.0000 6.076430e-07
    37700.0000 5.989875e-07
    37900.0000 5.886137e-07
    38100.0000 5.790499e-07
    38300.0000 5.697292e-07
    38500.0000 5.600041e-07
    38700.0000 5.492484e-07
    38900.0000 5.397690e-07
    39100.0000 5.305266e-07
    39300.0000 5.209393e-07
    39500.0000 5.101977e-07
    39700.0000 5.008986e-07
    39900.0000 4.896266e-07
    40100.0000 4.816089e-07
    40300.0000 4.728402e-07
    40500.0000 4.630640e-07
    40700.0000 4.541383e-07
    40900.0000 4.456142e-07
    41100.0000 4.371128e-07
    41300.0000 4.289698e-07
    41500.0000 4.203744e-07
    41700.0000 4.122939e-07
    41900.0000 4.038774e-07
    42100.0000 3.955780e-07
    42300.0000 3.892538e-07
    42500.0000 3.812844e-07
    42700.0000 3.743686e-07
    42900.0000 3.606037e-07
    43100.0000 3.463525e-07
    43300.0000 3.431091e-07
    43500.0000 3.302662e-07
    43700.0000 3.226244e-07
    43900.0000 3.160572e-07
    44100.0000 3.079483e-07
    44300.0000 3.000391e-07
    44500.0000 2.949293e-07
    44700.0000 2.895090e-07
    44900.0000 2.841655e-07
    45100.0000 2.798934e-07
    45300.0000 2.755736e-07
    45500.0000 2.711721e-07
    45700.0000 2.668447e-07
    45900.0000 2.603870e-07
    46100.0000 2.582631e-07
    46300.0000 2.543139e-07
    46500.0000 2.508473e-07
    46700.0000 2.490971e-07
    46900.0000 2.446237e-07
    47100.0000 2.411239e-07
    47300.0000 2.394100e-07
    47500.0000 2.340811e-07
    47700.0000 2.324493e-07
    47900.0000 2.296447e-07
    48100.0000 2.246176e-07
    48300.0000 2.244425e-07
    48500.0000 2.197038e-07
    48700.0000 2.163289e-07
    48900.0000 2.131771e-07
    49100.0000 2.098674e-07
    49300.0000 2.083655e-07
    49500.0000 2.048336e-07
    49700.0000 2.034231e-07
    49900.0000 1.994616e-07
    50100.0000 1.969212e-07
    50300.0000 1.943015e-07
    50500.0000 1.912533e-07
    50700.0000 1.889445e-07
    50900.0000 1.864741e-07
    51100.0000 1.836671e-07
    51300.0000 1.817217e-07
    51500.0000 1.790350e-07
    51700.0000 1.771749e-07
    51900.0000 1.745531e-07
    52100.0000 1.725624e-07
    52300.0000 1.701303e-07
    52500.0000 1.684497e-07
    52700.0000 1.669128e-07
    52900.0000 1.642726e-07
    53100.0000 1.623713e-07
    53300.0000 1.606832e-07
    53500.0000 1.588112e-07
    53700.0000 1.570655e-07
    53900.0000 1.552776e-07
    54100.0000 1.534114e-07
    54300.0000 1.511147e-07
    54500.0000 1.495896e-07
    54700.0000 1.475566e-07
    54900.0000 1.457298e-07
    55100.0000 1.439348e-07
    55300.0000 1.428348e-07
    55500.0000 1.404304e-07
    55700.0000 1.392940e-07
    55900.0000 1.374904e-07
    56100.0000 1.360472e-07
    56300.0000 1.341390e-07
    56500.0000 1.329165e-07
    56700.0000 1.314236e-07
    56900.0000 1.296560e-07
    57100.0000 1.285496e-07
    57300.0000 1.270523e-07
    57500.0000 1.256629e-07
    57700.0000 1.241452e-07
    57900.0000 1.230693e-07
    58100.0000 1.214217e-07
    58300.0000 1.202084e-07
    58500.0000 1.189189e-07
    58700.0000 1.174377e-07
    58900.0000 1.161725e-07
    59100.0000 1.149820e-07
    59300.0000 1.137441e-07
    59500.0000 1.123901e-07
    59700.0000 1.112809e-07
    59900.0000 1.100497e-07
    60100.0000 1.088395e-07
    60300.0000 1.076398e-07
    60500.0000 1.063444e-07
    60700.0000 1.051866e-07
    60900.0000 1.040189e-07
    61100.0000 1.028023e-07
    61300.0000 1.017377e-07
    61500.0000 1.006360e-07
    61700.0000 9.954758e-08
    61900.0000 9.842450e-08
    62100.0000 9.733212e-08
    62300.0000 9.613723e-08
    62500.0000 9.497801e-08
    62700.0000 9.387820e-08
    62900.0000 9.281983e-08
    63100.0000 9.168509e-08
    63300.0000 9.069870e-08
    63500.0000 8.956079e-08
    63700.0000 8.855013e-08
    63900.0000 8.740371e-08
    64200.0000 8.585594e-08
    64600.0000 8.377372e-08
    65000.0000 8.176721e-08
    65400.0000 7.983443e-08
    65800.0000 7.798395e-08
    66200.0000 7.615685e-08
    66600.0000 7.443293e-08
    67000.0000 7.277517e-08
    67400.0000 7.116777e-08
    67800.0000 6.966194e-08
    68200.0000 6.820836e-08
    68600.0000 6.683344e-08
    69000.0000 6.549336e-08
    69400.0000 6.421150e-08
    69800.0000 6.297440e-08
    70200.0000 6.175843e-08
    70600.0000 6.060753e-08
    71000.0000 5.947326e-08
    71400.0000 5.836973e-08
    71800.0000 5.728410e-08
    72200.0000 5.622817e-08
    72600.0000 5.518354e-08
    73000.0000 5.417162e-08
    73400.0000 5.316835e-08
    73800.0000 5.219647e-08
    74200.0000 5.122349e-08
    74600.0000 5.028842e-08
    75000.0000 4.936890e-08
    75400.0000 4.848763e-08
    75800.0000 4.767508e-08
    76200.0000 4.684419e-08
    76600.0000 4.604726e-08
    77000.0000 4.526904e-08
    77400.0000 4.451730e-08
    77800.0000 4.380674e-08
    78200.0000 4.309128e-08
    78600.0000 4.238460e-08
    79000.0000 4.169440e-08
    79400.0000 4.101753e-08
    79800.0000 4.035656e-08
    80200.0000 3.972652e-08
    80600.0000 3.911836e-08
    81000.0000 3.856882e-08
    81400.0000 3.799781e-08
    81800.0000 3.743851e-08
    82200.0000 3.688658e-08
    82600.0000 3.635962e-08
    83000.0000 3.584268e-08
    83400.0000 3.528911e-08
    83800.0000 3.476436e-08
    84200.0000 3.427382e-08
    84600.0000 3.378988e-08
    85000.0000 3.331425e-08
    85400.0000 3.305361e-08
    85800.0000 3.272379e-08
    86200.0000 3.239615e-08
    86600.0000 3.207309e-08
    87000.0000 3.176587e-08
    87400.0000 3.144748e-08
    87800.0000 3.114811e-08
    88200.0000 3.083282e-08
    88600.0000 3.051750e-08
    89000.0000 3.024208e-08
    89400.0000 2.993168e-08
    89800.0000 2.964556e-08
    90200.0000 2.936474e-08
    90600.0000 2.909437e-08
    91000.0000 2.882387e-08
    91400.0000 2.856081e-08
    91800.0000 2.832298e-08
    92200.0000 2.808022e-08
    92600.0000 2.781981e-08
    93000.0000 2.752630e-08
    93400.0000 2.726151e-08
    93800.0000 2.700010e-08
    94200.0000 2.669323e-08
    94600.0000 2.643836e-08
    95000.0000 2.614525e-08
    95400.0000 2.587105e-08
    95800.0000 2.560394e-08
    96200.0000 2.532906e-08
    96600.0000 2.510553e-08
    97000.0000 2.484881e-08
    97400.0000 2.457707e-08
    97800.0000 2.433394e-08
    98200.0000 2.407676e-08
    98600.0000 2.383172e-08
    99000.0000 2.358147e-08
    99400.0000 2.331918e-08
    99800.0000 2.309081e-08
   100000.0000 2.292429e-08
   100900.0000 2.236448e-08
   101900.0000 2.172947e-08
   102800.0000 2.117246e-08
   103800.0000 2.057792e-08
   104700.0000 2.004670e-08
   105700.0000 1.946407e-08
   106700.0000 1.889375e-08
   107600.0000 1.838389e-08
   108600.0000 1.782946e-08
   109600.0000 1.728961e-08
   110700.0000 1.671955e-08
   111700.0000 1.621026e-08
   112700.0000 1.572200e-08
   113800.0000 1.517261e-08
   114800.0000 1.468005e-08
   115900.0000 1.415366e-08
   116900.0000 1.363357e-08
   118000.0000 1.306101e-08
   119100.0000 1.249297e-08
