# FSPS 0.4.7 SSP; isochrones/spectra ('mist', 'miles'); imf_type 2; logzsol +0.00; tage 13.7 Gyr; sfh 0; no nebular; rest wavelength [A] VACUUM as shipped by FSPS; f_lambda [L_sun/A], arbitrary normalization
      905.0000 1.301442e-07
      915.0000 1.816681e-07
      925.0000 1.788315e-07
      935.0000 2.456977e-07
      945.0000 2.463368e-07
      955.0000 2.583327e-07
      965.0000 2.561521e-07
      975.0000 2.042215e-07
      985.0000 2.061176e-07
      995.0000 2.258434e-07
     1005.0000 2.312249e-07
     1015.0000 2.262884e-07
     1025.0000 1.506040e-07
     1035.0000 2.104179e-07
     1045.0000 2.389802e-07
     1055.0000 2.319396e-07
     1065.0000 2.183102e-07
     1075.0000 2.113905e-07
     1085.0000 1.357703e-07
     1095.0000 2.101993e-07
     1105.0000 1.997234e-07
     1115.0000 1.783456e-07
     1125.0000 1.613153e-07
     1135.0000 1.898118e-07
     1145.0000 1.829419e-07
     1155.0000 1.558654e-07
     1165.0000 1.526441e-07
     1175.0000 1.418617e-07
     1185.0000 1.646638e-07
     1195.0000 1.514185e-07
     1205.0000 1.419808e-07
     1215.0000 9.321035e-08
     1225.0000 1.404129e-07
     1235.0000 1.341736e-07
     1245.0000 1.418592e-07
     1255.0000 1.318186e-07
     1265.0000 1.395340e-07
     1275.0000 1.401604e-07
     1285.0000 1.277918e-07
     1295.0000 1.217881e-07
     1305.0000 1.265089e-07
     1315.0000 1.200132e-07
     1325.0000 1.166564e-07
     1335.0000 1.208767e-07
     1345.0000 1.081178e-07
     1355.0000 1.162195e-07
     1365.0000 1.091246e-07
     1375.0000 1.050237e-07
     1385.0000 9.812640e-08
     1395.0000 9.110351e-08
     1405.0000 1.029589e-07
     1415.0000 9.502591e-08
     1425.0000 8.870004e-08
     1435.0000 9.365365e-08
     1442.0000 9.327526e-08
     1447.0000 9.069591e-08
     1455.0000 9.036712e-08
     1465.0000 8.325549e-08
     1475.0000 8.743086e-08
     1485.0000 8.396271e-08
     1495.0000 8.388867e-08
     1505.0000 7.973806e-08
     1512.0000 7.524303e-08
     1517.0000 7.673797e-08
     1525.0000 7.302076e-08
     1535.0000 7.155753e-08
     1545.0000 5.983426e-08
     1555.0000 7.193979e-08
     1565.0000 6.044495e-08
     1575.0000 6.692639e-08
     1585.0000 6.072369e-08
     1595.0000 6.774148e-08
     1605.0000 6.735685e-08
     1615.0000 6.562351e-08
     1625.0000 6.421353e-08
     1635.0000 6.403765e-08
     1645.0000 6.274692e-08
     1655.0000 6.256591e-08
     1665.0000 6.228490e-08
     1672.0000 6.053415e-08
     1677.0000 6.119135e-08
     1685.0000 6.079476e-08
     1695.0000 5.911324e-08
     1705.0000 5.753061e-08
     1715.0000 5.626028e-08
     1725.0000 5.519659e-08
     1735.0000 5.521706e-08
     1745.0000 5.413341e-08
     1755.0000 5.374285e-08
     1765.0000 5.239140e-08
     1775.0000 5.113847e-08
     1785.0000 5.104710e-08
     1795.0000 5.082681e-08
     1805.0000 5.034964e-08
     1815.0000 4.832226e-08
     1825.0000 4.823358e-08
     1835.0000 4.744740e-08
     1845.0000 4.540478e-08
     1855.0000 4.516264e-08
     1865.0000 4.514808e-08
     1875.0000 4.531983e-08
     1885.0000 4.368254e-08
     1895.0000 4.311307e-08
     1905.0000 4.341458e-08
     1915.0000 4.250997e-08
     1925.0000 4.153902e-08
     1935.0000 4.080319e-08
     1945.0000 4.242298e-08
     1955.0000 4.107806e-08
     1967.0000 4.267236e-08
     1976.0000 4.258383e-08
     1984.0000 4.235671e-08
     1995.0000 4.182748e-08
     2005.0000 4.168455e-08
     2015.0000 4.159481e-08
     2025.0000 4.043329e-08
     2035.0000 4.137418e-08
     2045.0000 4.241216e-08
     2055.0000 4.191173e-08
     2065.0000 4.151997e-08
     2074.0000 4.309830e-08
     2078.0000 6.024270e-08
     2085.0000 7.065897e-08
     2095.0000 6.705124e-08
     2105.0000 6.752169e-08
     2115.0000 7.498017e-08
     2125.0000 6.980989e-08
     2135.0000 7.079985e-08
     2145.0000 8.327397e-08
     2155.0000 7.917361e-08
     2165.0000 7.280762e-08
     2175.0000 7.186814e-08
     2185.0000 9.079777e-08
     2195.0000 8.763048e-08
     2205.0000 8.912464e-08
     2215.0000 7.164141e-08
     2225.0000 8.719370e-08
     2235.0000 1.162367e-07
     2245.0000 1.127157e-07
     2255.0000 8.931586e-08
     2265.0000 7.790952e-08
     2275.0000 8.410259e-08
     2285.0000 1.226885e-07
     2295.0000 9.942913e-08
     2305.0000 1.187332e-07
     2315.0000 1.048945e-07
     2325.0000 9.538761e-08
     2335.0000 9.192427e-08
     2345.0000 6.662908e-08
     2355.0000 1.070986e-07
     2365.0000 7.426804e-08
     2375.0000 8.935334e-08
     2385.0000 6.417468e-08
     2395.0000 7.603888e-08
     2405.0000 8.075114e-08
     2415.0000 8.248571e-08
     2425.0000 1.348443e-07
     2435.0000 1.424189e-07
     2445.0000 1.741647e-07
     2455.0000 1.898461e-07
     2465.0000 1.460773e-07
     2475.0000 1.301177e-07
     2485.0000 6.381840e-08
     2495.0000 8.929018e-08
     2505.0000 1.437163e-07
     2513.0000 7.098792e-08
     2518.0000 5.561327e-08
     2525.0000 6.079953e-08
     2535.0000 1.216241e-07
     2545.0000 1.259892e-07
     2555.0000 3.044579e-07
     2565.0000 2.030378e-07
     2575.0000 2.909031e-07
     2585.0000 2.532127e-07
     2595.0000 2.298335e-07
     2605.0000 2.023258e-07
     2615.0000 1.808281e-07
     2625.0000 2.546690e-07
     2635.0000 5.405996e-07
     2645.0000 7.131346e-07
     2655.0000 1.202705e-06
     2665.0000 6.538246e-07
     2675.0000 7.324552e-07
     2685.0000 9.393296e-07
     2695.0000 5.793139e-07
     2705.0000 8.080331e-07
     2715.0000 5.256241e-07
     2725.0000 3.184461e-07
     2735.0000 4.728355e-07
     2745.0000 2.853216e-07
     2755.0000 4.153644e-07
     2765.0000 5.820004e-07
     2775.0000 6.126001e-07
     2785.0000 3.419737e-07
     2795.0000 1.564507e-07
     2805.0000 1.909846e-07
     2815.0000 5.183950e-07
     2825.0000 7.549095e-07
     2835.0000 6.394908e-07
     2845.0000 3.576862e-07
     2855.0000 1.758634e-07
     2865.0000 5.551784e-07
     2875.0000 1.001118e-06
     2885.0000 9.696199e-07
     2895.0000 1.413430e-06
     2910.0000 2.137639e-06
     2930.0000 1.779605e-06
     2950.0000 1.528116e-06
     2970.0000 1.552386e-06
     2990.0000 1.580474e-06
     3010.0000 1.476601e-06
     3030.0000 1.731915e-06
     3050.0000 1.817265e-06
     3070.0000 2.233543e-06
     3090.0000 2.098738e-06
     3110.0000 2.790729e-06
     3130.0000 2.430649e-06
     3150.0000 2.548632e-06
     3170.0000 2.934089e-06
     3190.0000 2.413473e-06
     3210.0000 2.656576e-06
     3230.0000 2.185188e-06
     3250.0000 3.493321e-06
     3270.0000 4.248945e-06
     3290.0000 4.222014e-06
     3310.0000 3.725125e-06
     3330.0000 3.928891e-06
     3350.0000 3.719620e-06
     3370.0000 2.458579e-06
     3390.0000 2.895726e-06
     3410.0000 3.000195e-06
     3430.0000 3.269074e-06
     3450.0000 3.434255e-06
     3470.0000 3.613104e-06
     3490.0000 4.322221e-06
     3510.0000 4.744000e-06
     3530.0000 4.091412e-06
     3550.0000 4.846965e-06
     3570.0000 2.804947e-06
     3590.0000 3.025052e-06
     3601.8274 5.773288e-06
     3602.7275 5.181040e-06
     3603.6279 4.359323e-06
     3604.5280 3.878068e-06
     3605.4282 3.625327e-06
     3606.3286 3.454492e-06
     3607.2287 3.567872e-06
     3608.1291 3.687341e-06
     3609.0292 3.277894e-06
     3609.9293 2.681621e-06
     3610.8297 2.653552e-06
     3611.7299 3.254420e-06
     3612.6302 3.920991e-06
     3613.5304 4.102366e-06
     3614.4305 4.054978e-06
     3615.3309 4.357716e-06
     3616.2310 4.851553e-06
     3617.1314 4.913207e-06
     3618.0315 4.232382e-06
     3618.9317 3.114891e-06
     3619.8320 2.364232e-06
     3620.7322 2.526487e-06
     3621.6326 3.289193e-06
     3622.5327 4.118753e-06
     3623.4328 4.690671e-06
     3624.3332 4.769993e-06
     3625.2333 4.709056e-06
     3626.1337 5.138729e-06
     3627.0339 5.865555e-06
     3627.9340 6.207972e-06
     3628.8344 6.081271e-06
     3629.7345 5.729027e-06
     3630.6349 4.955942e-06
     3631.5350 3.720882e-06
     3632.4351 2.830899e-06
     3633.3355 2.916679e-06
     3634.2357 3.484049e-06
     3635.1360 3.796700e-06
     3636.0362 3.928883e-06
     3636.9363 4.238923e-06
     3637.8367 4.602730e-06
     3638.7368 4.937668e-06
     3639.6372 5.344796e-06
     3640.5373 5.704905e-06
     3641.4375 5.806458e-06
     3642.3379 5.587825e-06
     3643.2380 5.179450e-06
     3644.1384 4.829796e-06
     3645.0385 4.472084e-06
     3645.9386 4.118032e-06
     3646.8390 3.946114e-06
     3647.7391 3.705614e-06
     3648.6395 3.264945e-06
     3649.5397 3.147058e-06
     3650.4398 3.564185e-06
     3651.3402 4.154612e-06
     3652.2403 4.726314e-06
     3653.1407 5.278574e-06
     3654.0408 5.661693e-06
     3654.9410 5.723217e-06
     3655.8413 5.700754e-06
     3656.7415 5.864059e-06
     3657.6419 6.157530e-06
     3658.5420 6.426038e-06
     3659.4421 6.650114e-06
     3660.3425 6.709070e-06
     3661.2426 6.590186e-06
     3662.1430 6.481173e-06
     3663.0432 6.258196e-06
     3663.9433 5.837455e-06
     3664.8437 5.564194e-06
     3665.7438 5.721252e-06
     3666.6442 5.959927e-06
     3667.5443 5.929611e-06
     3668.4445 5.798716e-06
     3669.3448 5.494151e-06
     3670.2450 5.015816e-06
     3671.1453 4.945319e-06
     3672.0455 5.543967e-06
     3672.9456 6.201963e-06
     3673.8460 6.297935e-06
     3674.7461 6.088447e-06
     3675.6465 6.128414e-06
     3676.5466 6.194305e-06
     3677.4468 5.772970e-06
     3678.3472 5.141902e-06
     3679.2473 4.753418e-06
     3680.1477 4.440512e-06
     3681.0478 4.235427e-06
     3681.9479 4.494619e-06
     3682.8483 4.980483e-06
     3683.7485 5.321011e-06
     3684.6488 5.479943e-06
     3685.5490 5.304054e-06
     3686.4491 4.770043e-06
     3687.3495 4.140778e-06
     3688.2496 3.732091e-06
     3689.1500 3.850080e-06
     3690.0501 4.519910e-06
     3690.9503 5.444236e-06
     3691.8507 6.366703e-06
     3692.7508 6.806107e-06
     3693.6512 6.391346e-06
     3694.5513 5.641936e-06
     3695.4514 5.389147e-06
     3696.3518 5.552251e-06
     3697.2520 5.663104e-06
     3698.1523 5.860280e-06
     3699.0525 6.347124e-06
     3699.9526 6.885938e-06
     3700.8530 7.091933e-06
     3701.7531 6.878391e-06
     3702.6535 6.541100e-06
     3703.5536 6.117113e-06
     3704.4538 5.327355e-06
     3705.3541 4.302979e-06
     3706.2543 3.642775e-06
     3707.1547 3.618805e-06
     3708.0548 3.808880e-06
     3708.9549 3.758022e-06
     3709.8553 3.706967e-06
     3710.7554 4.168961e-06
     3711.6558 5.141909e-06
     3712.5560 6.070102e-06
     3713.4561 6.744220e-06
     3714.3565 7.257683e-06
     3715.2566 7.405821e-06
     3716.1570 6.963636e-06
     3717.0571 6.294932e-06
     3717.9573 5.748642e-06
     3718.8576 5.030662e-06
     3719.7578 3.904951e-06
     3720.6582 2.804377e-06
     3721.5583 2.315746e-06
     3722.4584 2.434627e-06
     3723.3588 2.948944e-06
     3724.2589 3.790179e-06
     3725.1593 4.724697e-06
     3726.0595 5.438226e-06
     3726.9596 5.505128e-06
     3727.8600 4.775611e-06
     3728.7601 4.192611e-06
     3729.6605 4.561890e-06
     3730.5606 5.094167e-06
     3731.4608 4.959266e-06
     3732.3611 4.445289e-06
     3733.2613 3.818177e-06
     3734.1617 3.034558e-06
     3735.0618 2.322583e-06
     3735.9619 1.988108e-06
     3736.8623 2.020799e-06
     3737.7624 2.235591e-06
     3738.6628 2.729407e-06
     3739.5630 3.542399e-06
     3740.4631 4.422576e-06
     3741.3635 5.090120e-06
     3742.2636 5.234376e-06
     3743.1640 4.737339e-06
     3744.0641 3.942308e-06
     3744.9643 3.347091e-06
     3745.8646 2.963356e-06
     3746.7648 2.713719e-06
     3747.6652 2.735430e-06
     3748.5653 2.672552e-06
     3749.4654 2.270839e-06
     3750.3658 2.120432e-06
     3751.2659 2.772046e-06
     3752.1663 3.871572e-06
     3753.0665 4.677118e-06
     3753.9666 5.065924e-06
     3754.8670 5.538455e-06
     3755.7671 6.139749e-06
     3756.6675 6.261864e-06
     3757.5676 5.415517e-06
     3758.4678 3.968323e-06
     3759.3681 3.009394e-06
     3760.2683 3.190971e-06
     3761.1687 3.983447e-06
     3762.0688 4.540051e-06
     3762.9689 4.578046e-06
     3763.8693 4.193903e-06
     3764.7694 3.897668e-06
     3765.6698 4.155013e-06
     3766.5700 4.386499e-06
     3767.4701 4.039761e-06
     3768.3705 3.822387e-06
     3769.2706 4.413996e-06
     3770.1710 5.218304e-06
     3771.0711 5.484769e-06
     3771.9713 5.562387e-06
     3772.8716 5.938951e-06
     3773.7718 6.337397e-06
     3774.6722 6.353137e-06
     3775.5723 6.059716e-06
     3776.4724 5.834530e-06
     3777.3728 5.844145e-06
     3778.2729 5.880187e-06
     3779.1733 5.880510e-06
     3780.0735 6.112193e-06
     3780.9736 6.508367e-06
     3781.8740 6.666700e-06
     3782.7741 6.563029e-06
     3783.6745 6.551372e-06
     3784.5746 6.782412e-06
     3785.4748 6.834308e-06
     3786.3751 6.142721e-06
     3787.2753 5.044471e-06
     3788.1757 4.375355e-06
     3789.0758 4.147039e-06
     3789.9759 4.008793e-06
     3790.8763 4.077038e-06
     3791.7765 4.571120e-06
     3792.6768 5.079950e-06
     3793.5770 5.030159e-06
     3794.4771 4.539631e-06
     3795.3775 4.078655e-06
     3796.2776 4.007310e-06
     3797.1780 4.248694e-06
     3798.0781 4.205243e-06
     3798.9783 3.726387e-06
     3799.8787 3.458424e-06
     3800.7788 3.896793e-06
     3801.6792 4.671219e-06
     3802.5793 5.215867e-06
     3803.4794 5.632794e-06
     3804.3798 6.035038e-06
     3805.2800 6.190976e-06
     3806.1803 5.981215e-06
     3807.0805 5.419166e-06
     3807.9806 4.837229e-06
     3808.8810 4.832535e-06
     3809.7811 5.386000e-06
     3810.6815 5.917804e-06
     3811.5816 6.110680e-06
     3812.4818 5.927885e-06
     3813.3822 5.345714e-06
     3814.2823 4.588570e-06
     3815.1827 3.982385e-06
     3816.0828 3.503865e-06
     3816.9830 3.301681e-06
     3817.8833 3.656755e-06
     3818.7835 4.107703e-06
     3819.6838 3.943629e-06
     3820.5840 3.191728e-06
     3821.4841 2.619104e-06
     3822.3845 2.843583e-06
     3823.2846 3.488774e-06
     3824.1850 3.676823e-06
     3825.0852 3.177057e-06
     3825.9853 2.557862e-06
     3826.8857 2.313576e-06
     3827.7858 2.432533e-06
     3828.6862 2.640665e-06
     3829.5863 2.826105e-06
     3830.4865 3.050568e-06
     3831.3868 3.252733e-06
     3832.2870 3.157440e-06
     3833.1874 2.743283e-06
     3834.0875 2.421921e-06
     3834.9876 2.461579e-06
     3835.8880 2.866239e-06
     3836.7881 3.366874e-06
     3837.6885 3.486695e-06
     3838.5887 3.113977e-06
     3839.4888 2.678373e-06
     3840.3892 2.501642e-06
     3841.2893 2.535790e-06
     3842.1897 2.921717e-06
     3843.0898 3.710033e-06
     3843.9900 4.396562e-06
     3844.8904 4.687792e-06
     3845.7905 4.723522e-06
     3846.6909 4.652443e-06
     3847.5910 4.672802e-06
     3848.4911 4.822163e-06
     3849.3915 4.721684e-06
     3850.2917 4.185017e-06
     3851.1920 3.793928e-06
     3852.0922 4.089815e-06
     3852.9923 4.622340e-06
     3853.8927 4.705866e-06
     3854.7928 4.420710e-06
     3855.6932 4.126640e-06
     3856.5933 3.852517e-06
     3857.4935 3.665618e-06
     3858.3939 3.605947e-06
     3859.2940 3.326244e-06
     3860.1944 2.803933e-06
     3861.0945 2.583020e-06
     3861.9947 3.046135e-06
     3862.8950 3.998710e-06
     3863.7952 4.802276e-06
     3864.6956 4.998706e-06
     3865.5957 4.721162e-06
     3866.4958 4.430304e-06
     3867.3962 4.420417e-06
     3868.2963 4.525766e-06
     3869.1967 4.512431e-06
     3870.0969 4.337489e-06
     3870.9970 3.990396e-06
     3871.8974 3.533550e-06
     3872.7975 3.229046e-06
     3873.6979 3.335949e-06
     3874.5980 3.988644e-06
     3875.4982 4.840483e-06
     3876.3985 5.266313e-06
     3877.2987 5.022011e-06
     3878.1991 4.284202e-06
     3879.0992 3.571729e-06
     3879.9993 3.549727e-06
     3880.8997 4.006916e-06
     3881.7999 4.100815e-06
     3882.7002 3.745148e-06
     3883.6004 3.755634e-06
     3884.5005 4.521293e-06
     3885.4009 5.060332e-06
     3886.3010 4.494615e-06
     3887.2014 3.591999e-06
     3888.1015 3.428288e-06
     3889.0017 3.811059e-06
     3889.9021 4.186462e-06
     3890.8022 4.711916e-06
     3891.7026 5.478595e-06
     3892.6027 6.166143e-06
     3893.5029 6.456242e-06
     3894.4032 6.327971e-06
     3895.3034 5.921961e-06
     3896.2038 5.448168e-06
     3897.1039 5.456714e-06
     3898.0040 5.909776e-06
     3898.9044 5.966722e-06
     3899.8045 5.524937e-06
     3900.7049 5.250750e-06
     3901.6051 5.565151e-06
     3902.5052 5.969073e-06
     3903.4056 5.752411e-06
     3904.3057 5.370381e-06
     3905.2061 5.269931e-06
     3906.1062 4.977051e-06
     3907.0064 4.675251e-06
     3907.9068 5.065231e-06
     3908.8069 5.919409e-06
     3909.7073 6.541678e-06
     3910.6074 6.691814e-06
     3911.5075 6.671404e-06
     3912.4079 6.852096e-06
     3913.3081 7.083300e-06
     3914.2084 7.067961e-06
     3915.1086 6.941660e-06
     3916.0087 6.851851e-06
     3916.9091 6.623098e-06
     3917.8092 6.368388e-06
     3918.7096 6.228723e-06
     3919.6098 5.950959e-06
     3920.5099 5.362068e-06
     3921.4103 4.695836e-06
     3922.3104 4.391093e-06
     3923.2108 4.486866e-06
     3924.1109 4.765000e-06
     3925.0111 5.097890e-06
     3925.9114 5.166985e-06
     3926.8116 4.861415e-06
     3927.7120 4.372412e-06
     3928.6121 3.748545e-06
     3929.5122 3.130638e-06
     3930.4126 2.693186e-06
     3931.3128 2.349752e-06
     3932.2131 2.034839e-06
     3933.1133 1.767217e-06
     3934.0134 1.586302e-06
     3934.9138 1.530211e-06
     3935.8139 1.602033e-06
     3936.7143 1.851051e-06
     3937.6144 2.283336e-06
     3938.5146 2.820925e-06
     3939.4150 3.427521e-06
     3940.3151 4.012804e-06
     3941.2155 4.360845e-06
     3942.1156 4.454384e-06
     3943.0158 4.454702e-06
     3943.9161 4.266593e-06
     3944.8163 3.966059e-06
     3945.7167 4.214170e-06
     3946.6168 5.180978e-06
     3947.5169 5.989830e-06
     3948.4173 6.028666e-06
     3949.3174 5.824913e-06
     3950.2178 6.115483e-06
     3951.1180 6.810849e-06
     3952.0181 7.177597e-06
     3952.9185 6.820510e-06
     3953.8186 6.412095e-06
     3954.7190 6.784760e-06
     3955.6191 7.359885e-06
     3956.5193 7.111356e-06
     3957.4197 6.400616e-06
     3958.3198 6.163907e-06
     3959.2202 6.465302e-06
     3960.1203 6.707688e-06
     3961.0205 6.232149e-06
     3961.9208 4.982330e-06
     3962.8210 3.868435e-06
     3963.7214 3.588888e-06
     3964.6215 3.753534e-06
     3965.5216 3.708202e-06
     3966.4220 3.268833e-06
     3967.3221 2.611808e-06
     3968.2225 2.029410e-06
     3969.1227 1.711531e-06
     3970.0228 1.687005e-06
     3970.9232 1.943340e-06
     3971.8233 2.430331e-06
     3972.7237 3.002980e-06
     3973.6238 3.533758e-06
     3974.5240 4.026889e-06
     3975.4244 4.615531e-06
     3976.3245 5.260140e-06
     3977.2249 5.742204e-06
     3978.1250 6.146238e-06
     3979.0252 6.678876e-06
     3979.9255 7.298027e-06
     3980.8257 7.838941e-06
     3981.7261 8.005862e-06
     3982.6262 7.729499e-06
     3983.5263 7.445399e-06
     3984.4267 7.404308e-06
     3985.3268 7.562382e-06
     3986.2272 7.853210e-06
     3987.1274 8.027157e-06
     3988.0275 8.196955e-06
     3988.9279 8.632287e-06
     3989.8280 8.777100e-06
     3990.7284 8.371260e-06
     3991.6285 8.200282e-06
     3992.5287 8.531971e-06
     3993.4291 8.913645e-06
     3994.3292 9.047667e-06
     3995.2296 8.873139e-06
     3996.1297 8.592321e-06
     3997.0299 8.315418e-06
     3997.9302 7.953481e-06
     3998.8304 7.782181e-06
     3999.7308 8.292906e-06
     4000.6309 9.181131e-06
     4001.5310 9.591417e-06
     4002.4314 9.579178e-06
     4003.3315 9.802116e-06
     4004.2319 1.001453e-05
     4005.1321 9.311218e-06
     4006.0322 7.831734e-06
     4006.9326 7.056398e-06
     4007.8327 7.651305e-06
     4008.7331 8.715094e-06
     4009.6332 9.350327e-06
     4010.5334 9.487920e-06
     4011.4338 9.515052e-06
     4012.3339 9.571428e-06
     4013.2343 9.639200e-06
     4014.1344 9.719851e-06
     4015.0346 9.773509e-06
     4015.9349 9.988426e-06
     4016.8351 1.018898e-05
     4017.7355 9.861863e-06
     4018.6356 9.438006e-06
     4019.5357 9.706483e-06
     4020.4361 1.023178e-05
     4021.3363 1.021571e-05
     4022.2366 9.894785e-06
     4023.1368 9.799888e-06
     4024.0369 9.821978e-06
     4024.9373 9.582018e-06
     4025.8374 9.296303e-06
     4026.7378 9.503732e-06
     4027.6379 1.003273e-05
     4028.5381 1.054659e-05
     4029.4385 1.082847e-05
     4030.3386 1.025893e-05
     4031.2390 8.753762e-06
     4032.1391 7.525794e-06
     4033.0393 7.174751e-06
     4033.9396 7.059067e-06
     4034.8398 7.064207e-06
     4035.7402 7.526048e-06
     4036.6403 8.488267e-06
     4037.5404 9.733969e-06
     4038.4408 1.074982e-05
     4039.3410 1.108048e-05
     4040.2413 1.075273e-05
     4041.1415 1.014592e-05
     4042.0416 9.820031e-06
     4042.9420 1.007354e-05
     4043.8421 1.018828e-05
     4044.7425 9.130819e-06
     4045.6427 7.103050e-06
     4046.5428 5.492882e-06
     4047.4432 5.657548e-06
     4048.3433 7.399409e-06
     4049.2437 9.086075e-06
     4050.1438 9.928582e-06
     4051.0440 1.043031e-05
     4051.9443 1.071523e-05
     4052.8445 1.049673e-05
     4053.7449 1.004183e-05
     4054.6450 9.660099e-06
     4055.5451 9.226684e-06
     4056.4455 8.966508e-06
     4057.3457 8.935977e-06
     4058.2460 8.546267e-06
     4059.1462 8.067832e-06
     4060.0463 8.351153e-06
     4060.9467 9.272095e-06
     4061.8468 9.862177e-06
     4062.7472 9.300135e-06
     4063.6474 7.682365e-06
     4064.5475 6.301249e-06
     4065.4479 6.549258e-06
     4066.3480 7.880968e-06
     4067.2484 8.583116e-06
     4068.1485 8.563968e-06
     4069.0487 9.003914e-06
     4069.9491 9.954712e-06
     4070.8492 1.015967e-05
     4071.7496 8.926545e-06
     4072.6497 7.486062e-06
     4073.5499 7.686014e-06
     4074.4502 9.145532e-06
     4075.3504 9.981690e-06
     4076.2508 9.563308e-06
     4077.1509 8.437066e-06
     4078.0510 7.421405e-06
     4078.9514 7.311398e-06
     4079.8516 8.161012e-06
     4080.7519 9.413119e-06
     4081.6521 1.062240e-05
     4082.5522 1.122458e-05
     4083.4526 1.086451e-05
     4084.3527 1.009775e-05
     4085.2531 9.615843e-06
     4086.1532 9.560343e-06
     4087.0534 9.952242e-06
     4087.9538 1.077360e-05
     4088.8539 1.166268e-05
     4089.7543 1.209374e-05
     4090.6544 1.189201e-05
     4091.5546 1.140379e-05
     4092.4549 1.094627e-05
     4093.3551 1.063318e-05
     4094.2555 1.080322e-05
     4095.1556 1.101237e-05
     4096.0557 1.035060e-05
     4096.9561 9.311994e-06
     4097.8565 8.881402e-06
     4098.7566 9.066890e-06
     4099.6568 9.315434e-06
     4100.5569 9.140615e-06
     4101.4571 8.315423e-06
     4102.3577 7.471424e-06
     4103.2578 7.559343e-06
     4104.1580 8.362401e-06
     4105.0581 9.010522e-06
     4105.9582 9.466118e-06
     4106.8589 1.007030e-05
     4107.7590 1.049393e-05
     4108.6591 1.046505e-05
     4109.5593 1.019437e-05
     4110.4594 9.821190e-06
     4111.3600 9.455374e-06
     4112.2602 9.265437e-06
     4113.1603 9.368381e-06
     4114.0605 9.844380e-06
     4114.9606 1.036864e-05
     4115.8612 1.057859e-05
     4116.7614 1.064454e-05
     4117.6615 1.071102e-05
     4118.5616 1.040717e-05
     4119.4618 9.618882e-06
     4120.3624 9.207927e-06
     4121.2625 9.604776e-06
     4122.1627 9.989599e-06
     4123.0628 9.895495e-06
     4123.9630 9.721312e-06
     4124.8636 9.952240e-06
     4125.7637 1.050515e-05
     4126.6639 1.068494e-05
     4127.5640 1.032188e-05
     4128.4641 9.859171e-06
     4129.3648 9.624331e-06
     4130.2649 9.604495e-06
     4131.1650 9.520690e-06
     4132.0652 9.049578e-06
     4132.9653 8.213403e-06
     4133.8659 7.763117e-06
     4134.7661 7.971609e-06
     4135.6662 8.578498e-06
     4136.5664 9.572220e-06
     4137.4665 1.030789e-05
     4138.3671 1.037521e-05
     4139.2673 1.040341e-05
     4140.1674 1.059113e-05
     4141.0675 1.067072e-05
     4141.9677 1.044651e-05
     4142.8683 9.457968e-06
     4143.7684 7.786353e-06
     4144.6686 6.711691e-06
     4145.5687 7.226110e-06
     4146.4689 8.610410e-06
     4147.3695 9.574729e-06
     4148.2696 9.884102e-06
     4149.1698 9.830554e-06
     4150.0699 9.478904e-06
     4150.9700 9.087388e-06
     4151.8707 9.038774e-06
     4152.7708 9.148480e-06
     4153.6709 9.148961e-06
     4154.5711 8.996652e-06
     4155.4712 8.803371e-06
     4156.3718 8.820026e-06
     4157.2720 8.860763e-06
     4158.1721 8.972340e-06
     4159.0723 9.482229e-06
     4159.9724 1.011061e-05
     4160.8730 1.041064e-05
     4161.7732 1.040349e-05
     4162.6733 1.058965e-05
     4163.5734 1.109646e-05
     4164.4736 1.120493e-05
     4165.3742 1.072028e-05
     4166.2743 1.027356e-05
     4167.1745 9.965112e-06
     4168.0746 9.500915e-06
     4168.9748 9.335414e-06
     4169.8754 9.855980e-06
     4170.7755 1.044115e-05
     4171.6757 1.040498e-05
     4172.5758 9.505553e-06
     4173.4759 8.341821e-06
     4174.3766 7.969113e-06
     4175.2767 8.429304e-06
     4176.1768 8.970811e-06
     4177.0770 9.210800e-06
     4177.9771 9.133999e-06
     4178.8777 9.033154e-06
     4179.7779 9.334873e-06
     4180.6780 9.797482e-06
     4181.5782 9.817870e-06
     4182.4783 9.381148e-06
     4183.3789 9.111648e-06
     4184.2791 9.393583e-06
     4185.1792 1.003884e-05
     4186.0793 1.062333e-05
     4186.9795 1.038901e-05
     4187.8801 9.230605e-06
     4188.7802 8.510611e-06
     4189.6804 9.081406e-06
     4190.5805 9.965894e-06
     4191.4807 1.007169e-05
     4192.3813 9.716385e-06
     4193.2814 9.975359e-06
     4194.1816 1.076202e-05
     4195.0817 1.087480e-05
     4195.9818 1.002474e-05
     4196.8825 9.046771e-06
     4197.7826 8.542650e-06
     4198.6827 8.271088e-06
     4199.5829 8.064023e-06
     4200.4830 8.288565e-06
     4201.3836 8.636649e-06
     4202.2838 8.418818e-06
     4203.1839 8.122471e-06
     4204.0841 8.559970e-06
     4204.9842 9.311395e-06
     4205.8848 9.792263e-06
     4206.7850 1.020255e-05
     4207.6851 1.061238e-05
     4208.5852 1.093149e-05
     4209.4854 1.102158e-05
     4210.3860 1.063065e-05
     4211.2861 1.013305e-05
     4212.1863 1.020822e-05
     4213.0864 1.065842e-05
     4213.9866 1.071659e-05
     4214.8872 1.011251e-05
     4215.7873 9.066848e-06
     4216.6875 8.341225e-06
     4217.5876 8.915815e-06
     4218.4877 1.031099e-05
     4219.3884 1.122031e-05
     4220.2885 1.147705e-05
     4221.1886 1.162452e-05
     4222.0888 1.169247e-05
     4222.9889 1.120038e-05
     4223.8895 1.019829e-05
     4224.7897 9.117454e-06
     4225.6898 7.887340e-06
     4226.5900 6.259076e-06
     4227.4901 4.777340e-06
     4228.3907 4.835396e-06
     4229.2909 6.746452e-06
     4230.1910 8.903878e-06
     4231.0911 1.019803e-05
     4231.9913 1.090996e-05
     4232.8919 1.096470e-05
     4233.7921 1.026528e-05
     4234.6922 9.729430e-06
     4235.5923 9.737271e-06
     4236.4925 9.461615e-06
     4237.3931 9.007597e-06
     4238.2932 9.201043e-06
     4239.1934 9.690041e-06
     4240.0935 9.838915e-06
     4240.9936 9.965895e-06
     4241.8943 1.051849e-05
     4242.7944 1.102833e-05
     4243.6946 1.107040e-05
     4244.5947 1.135830e-05
     4245.4948 1.216198e-05
     4246.3955 1.249734e-05
     4247.2956 1.189195e-05
     4248.1957 1.088040e-05
     4249.0959 1.009157e-05
     4249.9960 9.521014e-06
     4250.8966 8.780580e-06
     4251.7968 8.427941e-06
     4252.6969 9.200398e-06
     4253.5971 1.008049e-05
     4254.4972 9.702331e-06
     4255.3978 8.637160e-06
     4256.2980 8.570719e-06
     4257.1981 9.876229e-06
     4258.0982 1.122936e-05
     4258.9984 1.122024e-05
     4259.8990 9.998111e-06
     4260.7991 8.631540e-06
     4261.6993 7.920763e-06
     4262.5994 8.570359e-06
     4263.4996 1.024032e-05
     4264.4002 1.161925e-05
     4265.3003 1.211358e-05
     4266.2005 1.226592e-05
     4267.1006 1.234555e-05
     4268.0007 1.190922e-05
     4268.9014 1.108541e-05
     4269.8015 1.046164e-05
     4270.7016 9.761866e-06
     4271.6018 8.394704e-06
     4272.5019 6.933336e-06
     4273.4026 6.718972e-06
     4274.3027 7.505852e-06
     4275.2028 7.798571e-06
     4276.1030 7.856768e-06
     4277.0031 8.846754e-06
     4277.9037 1.039502e-05
     4278.8039 1.156740e-05
     4279.7040 1.186240e-05
     4280.6042 1.103832e-05
     4281.5043 9.993221e-06
     4282.4049 9.846323e-06
     4283.3051 1.019555e-05
     4284.2052 1.053297e-05
     4285.1053 1.073100e-05
     4286.0055 1.034357e-05
     4286.9061 9.782951e-06
     4287.8062 9.810376e-06
     4288.7064 1.001676e-05
     4289.6065 9.383200e-06
     4290.5067 8.090267e-06
     4291.4073 7.504865e-06
     4292.3074 8.197093e-06
     4293.2076 9.500808e-06
     4294.1077 1.037320e-05
     4295.0078 1.016846e-05
     4295.9085 9.749216e-06
     4296.8086 9.860829e-06
     4297.7087 9.796253e-06
     4298.6089 9.128134e-06
     4299.5090 8.003973e-06
     4300.4097 6.748498e-06
     4301.3098 6.300716e-06
     4302.2099 6.849812e-06
     4303.1101 7.323794e-06
     4304.0102 7.373244e-06
     4304.9108 7.563888e-06
     4305.8110 7.703367e-06
     4306.7111 7.422478e-06
     4307.6113 6.887191e-06
     4308.5114 6.128611e-06
     4309.4120 5.555963e-06
     4310.3122 5.790196e-06
     4311.2123 6.589022e-06
     4312.1124 7.429629e-06
     4313.0126 8.195918e-06
     4313.9132 8.988789e-06
     4314.8133 9.668823e-06
     4315.7135 1.037747e-05
     4316.6136 1.189657e-05
     4317.5138 1.375334e-05
     4318.4144 1.450249e-05
     4319.3145 1.418605e-05
     4320.2147 1.374216e-05
     4321.1148 1.336502e-05
     4322.0149 1.290583e-05
     4322.9156 1.253672e-05
     4323.8157 1.168257e-05
     4324.7158 9.900999e-06
     4325.6160 7.986589e-06
     4326.5161 6.846579e-06
     4327.4168 7.366319e-06
     4328.3169 9.660416e-06
     4329.2170 1.219545e-05
     4330.1172 1.342248e-05
     4331.0173 1.323852e-05
     4331.9179 1.277979e-05
     4332.8181 1.290026e-05
     4333.7182 1.327945e-05
     4334.6184 1.354762e-05
     4335.5185 1.391320e-05
     4336.4191 1.422128e-05
     4337.3193 1.353793e-05
     4338.2194 1.167842e-05
     4339.1195 1.007338e-05
     4340.0197 9.377819e-06
     4340.9203 8.876442e-06
     4341.8204 8.883035e-06
     4342.7206 1.009420e-05
     4343.6207 1.150374e-05
     4344.5209 1.188832e-05
     4345.4215 1.196536e-05
     4346.3216 1.256810e-05
     4347.2218 1.294627e-05
     4348.1219 1.278590e-05
     4349.0220 1.305165e-05
     4349.9227 1.396522e-05
     4350.8228 1.417497e-05
     4351.7230 1.258009e-05
     4352.6231 1.031881e-05
     4353.5232 9.539787e-06
     4354.4239 1.051609e-05
     4355.3240 1.162187e-05
     4356.2241 1.205081e-05
     4357.1243 1.248951e-05
     4358.0244 1.313394e-05
     4358.9250 1.312589e-05
     4359.8252 1.227859e-05
     4360.7253 1.180354e-05
     4361.6255 1.247423e-05
     4362.5256 1.349880e-05
     4363.4262 1.375832e-05
     4364.3264 1.352577e-05
     4365.2265 1.388278e-05
     4366.1266 1.459896e-05
     4367.0268 1.444059e-05
     4367.9274 1.328623e-05
     4368.8276 1.229382e-05
     4369.7277 1.226883e-05
     4370.6278 1.264171e-05
     4371.5280 1.272965e-05
     4372.4286 1.274932e-05
     4373.3287 1.273549e-05
     4374.2289 1.218129e-05
     4375.1290 1.111182e-05
     4376.0292 1.028090e-05
     4376.9298 1.044798e-05
     4377.8299 1.164359e-05
     4378.7301 1.289244e-05
     4379.6302 1.331119e-05
     4380.5303 1.294558e-05
     4381.4310 1.237000e-05
     4382.3311 1.169193e-05
     4383.2312 1.014056e-05
     4384.1314 7.640928e-06
     4385.0315 6.057719e-06
     4385.9322 6.922408e-06
     4386.8323 9.375254e-06
     4387.7324 1.130397e-05
     4388.6326 1.175989e-05
     4389.5327 1.152058e-05
     4390.4333 1.122694e-05
     4391.3335 1.102208e-05
     4392.2336 1.120456e-05
     4393.1338 1.179075e-05
     4394.0339 1.221938e-05
     4394.9345 1.203287e-05
     4395.8347 1.160955e-05
     4396.7348 1.188716e-05
     4397.6349 1.310174e-05
     4398.5351 1.409256e-05
     4399.4357 1.401484e-05
     4400.3359 1.310988e-05
     4401.2360 1.197262e-05
     4402.1361 1.161132e-05
     4403.0363 1.237901e-05
     4403.9369 1.254339e-05
     4404.8370 1.070882e-05
     4405.7372 8.595200e-06
     4406.6373 8.569732e-06
     4407.5375 1.002560e-05
     4408.4381 1.078547e-05
     4409.3382 1.078152e-05
     4410.2384 1.148104e-05
     4411.1385 1.290365e-05
     4412.0386 1.391824e-05
     4412.9393 1.434235e-05
     4413.8394 1.441035e-05
     4414.7395 1.351458e-05
     4415.6397 1.155458e-05
     4416.5398 1.031482e-05
     4417.4405 1.093356e-05
     4418.3406 1.227343e-05
     4419.2407 1.336988e-05
     4420.1409 1.423785e-05
     4421.0410 1.462909e-05
     4421.9416 1.415866e-05
     4422.8418 1.299503e-05
     4423.7419 1.207334e-05
     4424.6421 1.217857e-05
     4425.5422 1.274943e-05
     4426.4428 1.285059e-05
     4427.3430 1.264452e-05
     4428.2431 1.272995e-05
     4429.1432 1.322365e-05
     4430.0434 1.345193e-05
     4430.9440 1.278374e-05
     4431.8442 1.229926e-05
     4432.7443 1.290818e-05
     4433.6444 1.342638e-05
     4434.5446 1.277142e-05
     4435.4452 1.143963e-05
     4436.3453 1.060913e-05
     4437.2455 1.110136e-05
     4438.1456 1.258410e-05
     4439.0458 1.400498e-05
     4439.9464 1.482664e-05
     4440.8465 1.477884e-05
     4441.7467 1.379734e-05
     4442.6468 1.251891e-05
     4443.5469 1.170646e-05
     4444.4476 1.179566e-05
     4445.3477 1.282105e-05
     4446.2479 1.419728e-05
     4447.1480 1.484253e-05
     4448.0481 1.446529e-05
     4448.9488 1.418806e-05
     4449.8489 1.443908e-05
     4450.7490 1.434059e-05
     4451.6492 1.397392e-05
     4452.5493 1.400008e-05
     4453.4499 1.400606e-05
     4454.3501 1.334541e-05
     4455.2502 1.210454e-05
     4456.1504 1.103436e-05
     4457.0505 1.099169e-05
     4457.9511 1.163302e-05
     4458.8513 1.191640e-05
     4459.7514 1.167232e-05
     4460.6516 1.146306e-05
     4461.5517 1.133040e-05
     4462.4523 1.095425e-05
     4463.3525 1.111349e-05
     4464.2526 1.242449e-05
     4465.1527 1.358733e-05
     4466.0529 1.362489e-05
     4466.9535 1.329885e-05
     4467.8536 1.331350e-05
     4468.7538 1.347908e-05
     4469.6539 1.326488e-05
     4470.5541 1.285391e-05
     4471.4547 1.295476e-05
     4472.3548 1.353210e-05
     4473.2550 1.419980e-05
     4474.1551 1.479934e-05
     4475.0553 1.507262e-05
     4475.9559 1.485598e-05
     4476.8560 1.472158e-05
     4477.7562 1.526271e-05
     4478.6563 1.598229e-05
     4479.5564 1.589870e-05
     4480.4571 1.478303e-05
     4481.3572 1.335805e-05
     4482.2573 1.245062e-05
     4483.1575 1.234711e-05
     4484.0576 1.318141e-05
     4484.9583 1.449736e-05
     4485.8584 1.548165e-05
     4486.7585 1.597331e-05
     4487.6587 1.598355e-05
     4488.5588 1.534800e-05
     4489.4594 1.422637e-05
     4490.3596 1.323795e-05
     4491.2597 1.303143e-05
     4492.1599 1.373411e-05
     4493.0600 1.467941e-05
     4493.9606 1.492811e-05
     4494.8608 1.403602e-05
     4495.7609 1.284313e-05
     4496.6611 1.252518e-05
     4497.5612 1.308592e-05
     4498.4618 1.407126e-05
     4499.3620 1.501370e-05
     4500.2621 1.551975e-05
     4501.1622 1.544134e-05
     4502.0624 1.478784e-05
     4502.9630 1.451940e-05
     4503.8631 1.547130e-05
     4504.7633 1.671412e-05
     4505.6634 1.712151e-05
     4506.5636 1.682297e-05
     4507.4642 1.632203e-05
     4508.3643 1.592522e-05
     4509.2645 1.582255e-05
     4510.1646 1.600865e-05
     4511.0648 1.635384e-05
     4511.9654 1.647039e-05
     4512.8655 1.600414e-05
     4513.7657 1.526388e-05
     4514.6658 1.474606e-05
     4515.5659 1.459193e-05
     4516.4666 1.486554e-05
     4517.3667 1.521334e-05
     4518.2669 1.500501e-05
     4519.1670 1.458226e-05
     4520.0671 1.485757e-05
     4520.9678 1.563793e-05
     4521.8679 1.622905e-05
     4522.7680 1.612756e-05
     4523.6682 1.529315e-05
     4524.5683 1.473556e-05
     4525.4689 1.465836e-05
     4526.3691 1.417989e-05
     4527.2692 1.323557e-05
     4528.1694 1.233770e-05
     4529.0695 1.175004e-05
     4529.9701 1.161918e-05
     4530.8703 1.200349e-05
     4531.7704 1.249852e-05
     4532.6706 1.307554e-05
     4533.5707 1.362137e-05
     4534.4713 1.338094e-05
     4535.3715 1.254413e-05
     4536.2716 1.198745e-05
     4537.1717 1.266543e-05
     4538.0719 1.455849e-05
     4538.9725 1.589973e-05
     4539.8727 1.576281e-05
     4540.7728 1.492990e-05
     4541.6729 1.421111e-05
     4542.5731 1.414689e-05
     4543.4737 1.478870e-05
     4544.3738 1.529619e-05
     4545.2740 1.492381e-05
     4546.1741 1.421895e-05
     4547.0743 1.412684e-05
     4547.9749 1.447598e-05
     4548.8750 1.458550e-05
     4549.7752 1.415542e-05
     4550.6753 1.375239e-05
     4551.5754 1.416716e-05
     4552.4761 1.474556e-05
     4553.3762 1.459798e-05
     4554.2764 1.415808e-05
     4555.1765 1.382332e-05
     4556.0766 1.366713e-05
     4556.9773 1.406499e-05
     4557.8774 1.505190e-05
     4558.7775 1.595952e-05
     4559.6777 1.632977e-05
     4560.5778 1.627844e-05
     4561.4785 1.607329e-05
     4562.3786 1.613511e-05
     4563.2787 1.621489e-05
     4564.1789 1.561926e-05
     4565.0790 1.457324e-05
     4565.9796 1.388031e-05
     4566.8798 1.404755e-05
     4567.7799 1.509938e-05
     4568.6801 1.620659e-05
     4569.5802 1.651478e-05
     4570.4808 1.621702e-05
     4571.3810 1.557788e-05
     4572.2811 1.460246e-05
     4573.1813 1.439715e-05
     4574.0814 1.547000e-05
     4574.9820 1.631247e-05
     4575.8822 1.613422e-05
     4576.7823 1.587720e-05
     4577.6824 1.597143e-05
     4578.5826 1.593532e-05
     4579.4832 1.542211e-05
     4580.3834 1.450484e-05
     4581.2835 1.367850e-05
     4582.1836 1.357257e-05
     4583.0838 1.425828e-05
     4583.9844 1.493172e-05
     4584.8845 1.494853e-05
     4585.7847 1.454929e-05
     4586.6848 1.410239e-05
     4587.5850 1.409842e-05
     4588.4856 1.491624e-05
     4589.3857 1.595582e-05
     4590.2859 1.647691e-05
     4591.1860 1.626794e-05
     4592.0862 1.550609e-05
     4592.9868 1.476103e-05
     4593.8869 1.452069e-05
     4594.7871 1.457025e-05
     4595.6872 1.444486e-05
     4596.5873 1.427040e-05
     4597.4880 1.431829e-05
     4598.3881 1.443974e-05
     4599.2883 1.464224e-05
     4600.1884 1.492250e-05
     4601.0885 1.471875e-05
     4601.9892 1.436670e-05
     4602.8893 1.459631e-05
     4603.7894 1.491254e-05
     4604.6896 1.492383e-05
     4605.5897 1.473844e-05
     4606.4903 1.451582e-05
     4607.3905 1.472200e-05
     4608.2906 1.548963e-05
     4609.1908 1.652148e-05
     4610.0909 1.725154e-05
     4610.9915 1.715060e-05
     4611.8917 1.644350e-05
     4612.7918 1.584112e-05
     4613.6920 1.555744e-05
     4614.5921 1.546926e-05
     4615.4927 1.586647e-05
     4616.3929 1.637287e-05
     4617.2930 1.644013e-05
     4618.1931 1.651528e-05
     4619.0933 1.655917e-05
     4619.9939 1.611904e-05
     4620.8941 1.586488e-05
     4621.7942 1.634376e-05
     4622.6943 1.664249e-05
     4623.5945 1.634045e-05
     4624.4951 1.623890e-05
     4625.3952 1.635969e-05
     4626.2954 1.611164e-05
     4627.1955 1.581123e-05
     4628.0957 1.601324e-05
     4628.9963 1.635601e-05
     4629.8964 1.619928e-05
     4630.7966 1.591219e-05
     4631.6967 1.623046e-05
     4632.5969 1.670503e-05
     4633.4975 1.638765e-05
     4634.3976 1.562206e-05
     4635.2978 1.534086e-05
     4636.1979 1.551010e-05
     4637.0981 1.559037e-05
     4637.9987 1.525300e-05
     4638.8988 1.471986e-05
     4639.7990 1.442075e-05
     4640.6991 1.421732e-05
     4641.5992 1.435514e-05
     4642.4999 1.514186e-05
     4643.4000 1.572965e-05
     4644.3002 1.551204e-05
     4645.2003 1.500669e-05
     4646.1004 1.447209e-05
     4647.0011 1.360702e-05
     4647.9012 1.286904e-05
     4648.8013 1.290211e-05
     4649.7015 1.350484e-05
     4650.6016 1.424924e-05
     4651.5023 1.493036e-05
     4652.4024 1.538384e-05
     4653.3025 1.568578e-05
     4654.2027 1.578201e-05
     4655.1028 1.526365e-05
     4656.0034 1.452317e-05
     4656.9036 1.426479e-05
     4657.8037 1.455298e-05
     4658.7039 1.539122e-05
     4659.6040 1.650355e-05
     4660.5046 1.729054e-05
     4661.4048 1.738890e-05
     4662.3049 1.683374e-05
     4663.2051 1.597819e-05
     4664.1052 1.523052e-05
     4665.0058 1.495381e-05
     4665.9060 1.501434e-05
     4666.8061 1.449782e-05
     4667.7062 1.308577e-05
     4668.6064 1.191373e-05
     4669.5070 1.215898e-05
     4670.4072 1.351102e-05
     4671.3073 1.489334e-05
     4672.2074 1.569437e-05
     4673.1076 1.575870e-05
     4674.0082 1.534126e-05
     4674.9083 1.497422e-05
     4675.8085 1.500043e-05
     4676.7086 1.555027e-05
     4677.6088 1.617003e-05
     4678.5094 1.609824e-05
     4679.4095 1.539985e-05
     4680.3097 1.475663e-05
     4681.2098 1.439185e-05
     4682.1100 1.417051e-05
     4683.0106 1.423879e-05
     4683.9107 1.480222e-05
     4684.8109 1.542767e-05
     4685.7110 1.557885e-05
     4686.6111 1.552206e-05
     4687.5118 1.545068e-05
     4688.4119 1.518125e-05
     4689.3121 1.496085e-05
     4690.2122 1.507318e-05
     4691.1123 1.514884e-05
     4692.0130 1.490782e-05
     4692.9131 1.475120e-05
     4693.8132 1.492051e-05
     4694.7134 1.518787e-05
     4695.6135 1.556484e-05
     4696.5142 1.606632e-05
     4697.4143 1.629762e-05
     4698.3144 1.581299e-05
     4699.2146 1.477090e-05
     4700.1147 1.406737e-05
     4701.0154 1.421773e-05
     4701.9155 1.450566e-05
     4702.8156 1.432310e-05
     4703.7158 1.387425e-05
     4704.6159 1.383829e-05
     4705.5165 1.450808e-05
     4706.4167 1.512679e-05
     4707.3168 1.506497e-05
     4708.2170 1.455470e-05
     4709.1171 1.418215e-05
     4710.0177 1.410976e-05
     4710.9179 1.435304e-05
     4711.8180 1.511097e-05
     4712.7182 1.580597e-05
     4713.6183 1.576325e-05
     4714.5189 1.514141e-05
     4715.4191 1.441760e-05
     4716.3192 1.442732e-05
     4717.2193 1.535602e-05
     4718.1195 1.619863e-05
     4719.0201 1.647385e-05
     4719.9203 1.673928e-05
     4720.8204 1.713586e-05
     4721.7205 1.721982e-05
     4722.6207 1.683606e-05
     4723.5213 1.633196e-05
     4724.4214 1.627658e-05
     4725.3216 1.677685e-05
     4726.2217 1.721985e-05
     4727.1219 1.691278e-05
     4728.0225 1.567017e-05
     4728.9226 1.429578e-05
     4729.8228 1.373867e-05
     4730.7229 1.388483e-05
     4731.6231 1.420547e-05
     4732.5237 1.463913e-05
     4733.4238 1.520826e-05
     4734.3240 1.554219e-05
     4735.2241 1.568015e-05
     4736.1243 1.589555e-05
     4737.0249 1.561948e-05
     4737.9250 1.500373e-05
     4738.8252 1.527963e-05
     4739.7253 1.623663e-05
     4740.6254 1.650076e-05
     4741.5261 1.599367e-05
     4742.4262 1.562576e-05
     4743.3264 1.584547e-05
     4744.2265 1.631469e-05
     4745.1266 1.642162e-05
     4746.0273 1.614404e-05
     4746.9274 1.620442e-05
     4747.8276 1.667923e-05
     4748.7277 1.685983e-05
     4749.6278 1.671081e-05
     4750.5285 1.666597e-05
     4751.4286 1.672923e-05
     4752.3287 1.656770e-05
     4753.2289 1.613562e-05
     4754.1290 1.576492e-05
     4755.0297 1.551035e-05
     4755.9298 1.541447e-05
     4756.8299 1.546988e-05
     4757.7301 1.552247e-05
     4758.6302 1.563061e-05
     4759.5308 1.580794e-05
     4760.4310 1.611250e-05
     4761.3311 1.633561e-05
     4762.2313 1.595300e-05
     4763.1314 1.518242e-05
     4764.0320 1.480191e-05
     4764.9322 1.476951e-05
     4765.8323 1.448141e-05
     4766.7325 1.396845e-05
     4767.6326 1.385673e-05
     4768.5332 1.439095e-05
     4769.4334 1.513887e-05
     4770.3335 1.585211e-05
     4771.2337 1.620353e-05
     4772.1338 1.582250e-05
     4773.0344 1.525637e-05
     4773.9346 1.529147e-05
     4774.8347 1.596252e-05
     4775.7348 1.662871e-05
     4776.6350 1.663876e-05
     4777.5356 1.639884e-05
     4778.4358 1.656357e-05
     4779.3359 1.675304e-05
     4780.2360 1.655792e-05
     4781.1362 1.629163e-05
     4782.0368 1.619009e-05
     4782.9369 1.594176e-05
     4783.8371 1.535494e-05
     4784.7372 1.499599e-05
     4785.6374 1.536487e-05
     4786.5380 1.561743e-05
     4787.4381 1.521991e-05
     4788.3383 1.511363e-05
     4789.2384 1.544823e-05
     4790.1386 1.542171e-05
     4791.0392 1.526620e-05
     4791.9393 1.545553e-05
     4792.8395 1.576620e-05
     4793.7396 1.617333e-05
     4794.6398 1.687000e-05
     4795.5404 1.756021e-05
     4796.4405 1.774881e-05
     4797.3407 1.740881e-05
     4798.2408 1.689583e-05
     4799.1410 1.632492e-05
     4800.0416 1.572147e-05
     4800.9417 1.542404e-05
     4801.8419 1.574284e-05
     4802.7420 1.656173e-05
     4803.6421 1.725177e-05
     4804.5428 1.735336e-05
     4805.4429 1.684607e-05
     4806.3431 1.621945e-05
     4807.2432 1.599086e-05
     4808.1433 1.578829e-05
     4809.0440 1.546695e-05
     4809.9441 1.555886e-05
     4810.8442 1.606823e-05
     4811.7444 1.644455e-05
     4812.6445 1.649270e-05
     4813.5452 1.640103e-05
     4814.4453 1.631543e-05
     4815.3454 1.634100e-05
     4816.2456 1.649268e-05
     4817.1457 1.676635e-05
     4818.0464 1.706803e-05
     4818.9465 1.725120e-05
     4819.8466 1.742312e-05
     4820.7468 1.754288e-05
     4821.6469 1.740464e-05
     4822.5475 1.710506e-05
     4823.4477 1.647227e-05
     4824.3478 1.546909e-05
     4825.2480 1.508658e-05
     4826.1481 1.576716e-05
     4827.0487 1.657168e-05
     4827.9489 1.674310e-05
     4828.8490 1.638280e-05
     4829.7492 1.603637e-05
     4830.6493 1.607374e-05
     4831.5499 1.621706e-05
     4832.4501 1.580434e-05
     4833.3502 1.529279e-05
     4834.2504 1.557857e-05
     4835.1505 1.629845e-05
     4836.0511 1.665440e-05
     4836.9513 1.657070e-05
     4837.8514 1.650846e-05
     4838.7515 1.651269e-05
     4839.6517 1.613842e-05
     4840.5523 1.554502e-05
     4841.4525 1.533331e-05
     4842.3526 1.563515e-05
     4843.2527 1.582730e-05
     4844.1529 1.555668e-05
     4845.0535 1.555693e-05
     4845.9537 1.624546e-05
     4846.8538 1.693626e-05
     4847.7539 1.701662e-05
     4848.6541 1.648371e-05
     4849.5547 1.579877e-05
     4850.4548 1.573633e-05
     4851.3550 1.631589e-05
     4852.2551 1.660091e-05
     4853.1553 1.646730e-05
     4854.0559 1.642937e-05
     4854.9560 1.611308e-05
     4855.8562 1.514252e-05
     4856.7563 1.438222e-05
     4857.6565 1.472141e-05
     4858.5571 1.546299e-05
     4859.4572 1.542903e-05
     4860.3574 1.442613e-05
     4861.2575 1.284266e-05
     4862.1577 1.144294e-05
     4863.0583 1.148150e-05
     4863.9584 1.294622e-05
     4864.8586 1.411349e-05
     4865.7587 1.456620e-05
     4866.6589 1.506357e-05
     4867.5595 1.552054e-05
     4868.4596 1.557218e-05
     4869.3598 1.546957e-05
     4870.2599 1.553168e-05
     4871.1600 1.504445e-05
     4872.0607 1.359537e-05
     4872.9608 1.263755e-05
     4873.8610 1.336567e-05
     4874.7611 1.472307e-05
     4875.6612 1.529629e-05
     4876.5619 1.528250e-05
     4877.4620 1.549612e-05
     4878.3622 1.578145e-05
     4879.2623 1.592574e-05
     4880.1624 1.649192e-05
     4881.0631 1.692506e-05
     4881.9632 1.629535e-05
     4882.8633 1.548071e-05
     4883.7635 1.564536e-05
     4884.6636 1.615122e-05
     4885.5643 1.581779e-05
     4886.4644 1.484767e-05
     4887.3645 1.426505e-05
     4888.2647 1.447360e-05
     4889.1648 1.495359e-05
     4890.0655 1.507873e-05
     4890.9656 1.449086e-05
     4891.8657 1.327201e-05
     4892.7659 1.291694e-05
     4893.6660 1.441087e-05
     4894.5666 1.632571e-05
     4895.4668 1.750484e-05
     4896.3669 1.803579e-05
     4897.2671 1.806822e-05
     4898.1672 1.789595e-05
     4899.0678 1.776411e-05
     4899.9680 1.735841e-05
     4900.8681 1.666827e-05
     4901.7683 1.645667e-05
     4902.6684 1.673813e-05
     4903.5690 1.658581e-05
     4904.4692 1.602510e-05
     4905.3693 1.599888e-05
     4906.2695 1.678442e-05
     4907.1696 1.761611e-05
     4908.0702 1.766945e-05
     4908.9704 1.701728e-05
     4909.8705 1.618935e-05
     4910.7707 1.541245e-05
     4911.6708 1.502520e-05
     4912.5714 1.535690e-05
     4913.4716 1.602249e-05
     4914.3717 1.647047e-05
     4915.2719 1.679663e-05
     4916.1720 1.728076e-05
     4917.0726 1.755753e-05
     4917.9728 1.710572e-05
     4918.8729 1.577613e-05
     4919.7730 1.390934e-05
     4920.6732 1.236401e-05
     4921.5738 1.194788e-05
     4922.4740 1.295866e-05
     4923.3741 1.463287e-05
     4924.2742 1.558855e-05
     4925.1744 1.543617e-05
     4926.0750 1.517104e-05
     4926.9752 1.572618e-05
     4927.8753 1.657862e-05
     4928.7754 1.698187e-05
     4929.6756 1.733416e-05
     4930.5762 1.775616e-05
     4931.4763 1.780101e-05
     4932.3765 1.767544e-05
     4933.2766 1.726864e-05
     4934.1768 1.618370e-05
     4935.0774 1.536844e-05
     4935.9775 1.583492e-05
     4936.8777 1.658471e-05
     4937.7778 1.627274e-05
     4938.6780 1.504599e-05
     4939.5786 1.390958e-05
     4940.4787 1.386683e-05
     4941.3789 1.507744e-05
     4942.2790 1.643061e-05
     4943.1792 1.700363e-05
     4944.0798 1.727991e-05
     4944.9799 1.763565e-05
     4945.8801 1.749872e-05
     4946.7802 1.688331e-05
     4947.6804 1.672229e-05
     4948.5810 1.720738e-05
     4949.4811 1.762023e-05
     4950.3813 1.768079e-05
     4951.2814 1.769711e-05
     4952.1816 1.786411e-05
     4953.0822 1.781218e-05
     4953.9823 1.737481e-05
     4954.8825 1.699251e-05
     4955.7826 1.683464e-05
     4956.6827 1.643760e-05
     4957.5834 1.492437e-05
     4958.4835 1.282399e-05
     4959.3837 1.261072e-05
     4960.2838 1.469574e-05
     4961.1839 1.668925e-05
     4962.0846 1.725018e-05
     4962.9847 1.701653e-05
     4963.8849 1.693641e-05
     4964.7850 1.697060e-05
     4965.6851 1.645259e-05
     4966.5858 1.557179e-05
     4967.4859 1.518743e-05
     4968.3861 1.532155e-05
     4969.2862 1.546313e-05
     4970.1863 1.563615e-05
     4971.0870 1.586301e-05
     4971.9871 1.612808e-05
     4972.8872 1.657904e-05
     4973.7874 1.694144e-05
     4974.6875 1.710847e-05
     4975.5882 1.721529e-05
     4976.4883 1.709792e-05
     4977.3884 1.684923e-05
     4978.2886 1.653961e-05
     4979.1887 1.594076e-05
     4980.0894 1.541853e-05
     4980.9895 1.539294e-05
     4981.8896 1.529060e-05
     4982.7898 1.443039e-05
     4983.6899 1.331020e-05
     4984.5905 1.301530e-05
     4985.4907 1.358071e-05
     4986.3908 1.424599e-05
     4987.2910 1.492915e-05
     4988.1911 1.583873e-05
     4989.0917 1.640590e-05
     4989.9919 1.631021e-05
     4990.8920 1.595564e-05
     4991.7922 1.559145e-05
     4992.6923 1.557738e-05
     4993.5929 1.599561e-05
     4994.4931 1.602743e-05
     4995.3932 1.577167e-05
     4996.2934 1.600744e-05
     4997.1935 1.635821e-05
     4998.0941 1.636221e-05
     4998.9943 1.619071e-05
     4999.8944 1.567620e-05
     5000.7946 1.487278e-05
     5001.6947 1.444311e-05
     5002.5953 1.448063e-05
     5003.4955 1.464561e-05
     5004.3956 1.483621e-05
     5005.2958 1.479571e-05
     5006.1959 1.414046e-05
     5007.0965 1.322241e-05
     5007.9967 1.316772e-05
     5008.8968 1.428167e-05
     5009.7970 1.546478e-05
     5010.6971 1.581823e-05
     5011.5977 1.562413e-05
     5012.4979 1.506563e-05
     5013.3980 1.412476e-05
     5014.2981 1.331927e-05
     5015.1983 1.296119e-05
     5016.0989 1.327787e-05
     5016.9991 1.410583e-05
     5017.8992 1.452620e-05
     5018.7993 1.431301e-05
     5019.6995 1.425134e-05
     5020.6001 1.466011e-05
     5021.5003 1.495176e-05
     5022.4004 1.468781e-05
     5023.3005 1.417122e-05
     5024.2007 1.426239e-05
     5025.1013 1.500111e-05
     5026.0015 1.550416e-05
     5026.9016 1.554302e-05
     5027.8017 1.512459e-05
     5028.7019 1.445786e-05
     5029.6025 1.457598e-05
     5030.5027 1.541711e-05
     5031.4028 1.596294e-05
     5032.3029 1.618870e-05
     5033.2031 1.657127e-05
     5034.1037 1.706272e-05
     5035.0038 1.717093e-05
     5035.9040 1.636967e-05
     5036.8041 1.502443e-05
     5037.7043 1.451114e-05
     5038.6049 1.502506e-05
     5039.5050 1.511713e-05
     5040.4052 1.423276e-05
     5041.3053 1.291241e-05
     5042.2055 1.190399e-05
     5043.1061 1.236959e-05
     5044.0062 1.414471e-05
     5044.9064 1.560499e-05
     5045.8065 1.639841e-05
     5046.7067 1.704567e-05
     5047.6073 1.732611e-05
     5048.5074 1.670294e-05
     5049.4076 1.540365e-05
     5050.3077 1.442065e-05
     5051.2079 1.427440e-05
     5052.1085 1.452832e-05
     5053.0086 1.472229e-05
     5053.9088 1.504556e-05
     5054.8089 1.560743e-05
     5055.7091 1.616668e-05
     5056.6097 1.643478e-05
     5057.5098 1.640012e-05
     5058.4100 1.642469e-05
     5059.3101 1.659954e-05
     5060.2103 1.667946e-05
     5061.1109 1.675614e-05
     5062.0110 1.706114e-05
     5062.9112 1.729346e-05
     5063.8113 1.709289e-05
     5064.7115 1.623952e-05
     5065.6121 1.490650e-05
     5066.5122 1.428280e-05
     5067.4124 1.478433e-05
     5068.3125 1.518155e-05
     5069.2126 1.495688e-05
     5070.1133 1.493069e-05
     5071.0134 1.550760e-05
     5071.9136 1.587837e-05
     5072.8137 1.539527e-05
     5073.7138 1.490183e-05
     5074.6145 1.526000e-05
     5075.5146 1.574334e-05
     5076.4148 1.558370e-05
     5077.3149 1.533437e-05
     5078.2150 1.559771e-05
     5079.1157 1.564551e-05
     5080.0158 1.451522e-05
     5080.9160 1.311143e-05
     5081.8161 1.292865e-05
     5082.7162 1.370356e-05
     5083.6169 1.424673e-05
     5084.5170 1.433432e-05
     5085.4172 1.460702e-05
     5086.3173 1.518410e-05
     5087.2174 1.562190e-05
     5088.1181 1.569298e-05
     5089.0182 1.561036e-05
     5089.9184 1.569037e-05
     5090.8185 1.586798e-05
     5091.7186 1.590615e-05
     5092.6193 1.596867e-05
     5093.5194 1.636826e-05
     5094.4195 1.682447e-05
     5095.3197 1.674456e-05
     5096.2198 1.617161e-05
     5097.1205 1.561231e-05
     5098.0206 1.518284e-05
     5098.9207 1.457408e-05
     5099.8209 1.373275e-05
     5100.7210 1.352046e-05
     5101.6217 1.440716e-05
     5102.5218 1.546691e-05
     5103.4219 1.588371e-05
     5104.3221 1.567711e-05
     5105.2222 1.529496e-05
     5106.1229 1.510915e-05
     5107.0230 1.506059e-05
     5107.9231 1.475922e-05
     5108.8233 1.435395e-05
     5109.7234 1.434544e-05
     5110.6241 1.438883e-05
     5111.5242 1.431056e-05
     5112.4243 1.467274e-05
     5113.3245 1.526126e-05
     5114.2246 1.552065e-05
     5115.1253 1.573515e-05
     5116.0254 1.599878e-05
     5116.9255 1.607713e-05
     5117.8257 1.626199e-05
     5118.7258 1.662512e-05
     5119.6264 1.671908e-05
     5120.5266 1.644497e-05
     5121.4267 1.595423e-05
     5122.3269 1.544911e-05
     5123.2270 1.503093e-05
     5124.1276 1.439990e-05
     5125.0278 1.371123e-05
     5125.9279 1.360817e-05
     5126.8281 1.395646e-05
     5127.7282 1.421245e-05
     5128.6288 1.422181e-05
     5129.5290 1.414150e-05
     5130.4291 1.405670e-05
     5131.3293 1.421833e-05
     5132.2294 1.478140e-05
     5133.1300 1.530437e-05
     5134.0302 1.539386e-05
     5134.9303 1.528379e-05
     5135.8305 1.557854e-05
     5136.7306 1.595435e-05
     5137.6312 1.563877e-05
     5138.5314 1.493359e-05
     5139.4315 1.427829e-05
     5140.3317 1.378194e-05
     5141.2318 1.414386e-05
     5142.1324 1.492548e-05
     5143.0326 1.465407e-05
     5143.9327 1.394571e-05
     5144.8329 1.422140e-05
     5145.7330 1.482130e-05
     5146.6336 1.467462e-05
     5147.5338 1.418943e-05
     5148.4339 1.396022e-05
     5149.3341 1.413236e-05
     5150.2342 1.455835e-05
     5151.1348 1.469782e-05
     5152.0350 1.438551e-05
     5152.9351 1.408076e-05
     5153.8353 1.398051e-05
     5154.7354 1.395421e-05
     5155.6360 1.414339e-05
     5156.5362 1.468356e-05
     5157.4363 1.533312e-05
     5158.3365 1.590757e-05
     5159.2366 1.617885e-05
     5160.1372 1.603116e-05
     5161.0374 1.596525e-05
     5161.9375 1.610509e-05
     5162.8377 1.576922e-05
     5163.7378 1.507593e-05
     5164.6384 1.474746e-05
     5165.5386 1.434301e-05
     5166.4387 1.312327e-05
     5167.3389 1.129080e-05
     5168.2390 9.592465e-06
     5169.1396 9.105280e-06
     5170.0398 1.027193e-05
     5170.9399 1.201062e-05
     5171.8401 1.242174e-05
     5172.7402 1.074116e-05
     5173.6408 8.732660e-06
     5174.5410 8.832723e-06
     5175.4411 1.112639e-05
     5176.3412 1.346243e-05
     5177.2414 1.446937e-05
     5178.1420 1.467809e-05
     5179.0422 1.483309e-05
     5179.9423 1.489220e-05
     5180.8424 1.464123e-05
     5181.7426 1.408129e-05
     5182.6432 1.298957e-05
     5183.5434 1.102029e-05
     5184.4435 8.863575e-06
     5185.3436 8.494740e-06
     5186.2438 1.058503e-05
     5187.1444 1.329465e-05
     5188.0446 1.491985e-05
     5188.9447 1.528071e-05
     5189.8448 1.525986e-05
     5190.7450 1.570558e-05
     5191.6456 1.578375e-05
     5192.5458 1.444153e-05
     5193.4459 1.298032e-05
     5194.3460 1.312232e-05
     5195.2462 1.412163e-05
     5196.1468 1.446566e-05
     5197.0470 1.447947e-05
     5197.9471 1.493853e-05
     5198.8472 1.552122e-05
     5199.7474 1.588491e-05
     5200.6480 1.615906e-05
     5201.5482 1.626019e-05
     5202.4483 1.601900e-05
     5203.3484 1.565035e-05
     5204.2486 1.531820e-05
     5205.1492 1.454797e-05
     5206.0494 1.323770e-05
     5206.9495 1.241235e-05
     5207.8496 1.249802e-05
     5208.7498 1.252739e-05
     5209.6504 1.210693e-05
     5210.5506 1.233849e-05
     5211.4507 1.340576e-05
     5212.3508 1.468814e-05
     5213.2510 1.587165e-05
     5214.1516 1.660109e-05
     5215.0518 1.661868e-05
     5215.9519 1.590429e-05
     5216.8520 1.504065e-05
     5217.7522 1.479404e-05
     5218.6528 1.525292e-05
     5219.5529 1.604613e-05
     5220.4531 1.668095e-05
     5221.3532 1.693072e-05
     5222.2534 1.702082e-05
     5223.1540 1.692531e-05
     5224.0541 1.642738e-05
     5224.9543 1.555644e-05
     5225.8544 1.454642e-05
     5226.7546 1.350909e-05
     5227.6552 1.252716e-05
     5228.5553 1.250853e-05
     5229.4555 1.404660e-05
     5230.3556 1.573414e-05
     5231.2558 1.643680e-05
     5232.1564 1.662596e-05
     5233.0565 1.625041e-05
     5233.9567 1.521255e-05
     5234.8568 1.469080e-05
     5235.7570 1.512902e-05
     5236.6576 1.586508e-05
     5237.5577 1.666131e-05
     5238.4579 1.728274e-05
     5239.3580 1.741669e-05
     5240.2582 1.721219e-05
     5241.1588 1.704922e-05
     5242.0589 1.711049e-05
     5242.9591 1.714531e-05
     5243.8592 1.698852e-05
     5244.7594 1.708591e-05
     5245.6600 1.755576e-05
     5246.5601 1.753994e-05
     5247.4603 1.646583e-05
     5248.3604 1.531462e-05
     5249.2606 1.530600e-05
     5250.1612 1.579238e-05
     5251.0613 1.553674e-05
     5251.9615 1.508559e-05
     5252.8616 1.542136e-05
     5253.7618 1.611667e-05
     5254.6624 1.633690e-05
     5255.5625 1.586157e-05
     5256.4627 1.542920e-05
     5257.3628 1.604930e-05
     5258.2630 1.725759e-05
     5259.1636 1.797896e-05
     5260.0637 1.807410e-05
     5260.9639 1.770159e-05
     5261.8640 1.696002e-05
     5262.7642 1.588386e-05
     5263.6648 1.466033e-05
     5264.5649 1.366823e-05
     5265.4651 1.302725e-05
     5266.3652 1.251034e-05
     5267.2654 1.233041e-05
     5268.1660 1.317540e-05
     5269.0661 1.397099e-05
     5269.9663 1.284741e-05
     5270.8664 1.096133e-05
     5271.7666 1.120788e-05
     5272.6672 1.349693e-05
     5273.5673 1.527263e-05
     5274.4675 1.568085e-05
     5275.3676 1.555704e-05
     5276.2678 1.522910e-05
     5277.1684 1.527973e-05
     5278.0685 1.635482e-05
     5278.9687 1.759213e-05
     5279.8688 1.799681e-05
     5280.7690 1.758411e-05
     5281.6696 1.678461e-05
     5282.5697 1.604863e-05
     5283.4699 1.554266e-05
     5284.3700 1.515935e-05
     5285.2702 1.521242e-05
     5286.1708 1.628582e-05
     5287.0709 1.778669e-05
     5287.9711 1.853951e-05
     5288.8712 1.835835e-05
     5289.7714 1.797668e-05
     5290.6720 1.805131e-05
     5291.5721 1.846243e-05
     5292.4723 1.865190e-05
     5293.3724 1.839198e-05
     5294.2726 1.798240e-05
     5295.1732 1.783785e-05
     5296.0733 1.774813e-05
     5296.9735 1.709775e-05
     5297.8736 1.575423e-05
     5298.7738 1.446936e-05
     5299.6744 1.441213e-05
     5300.5745 1.560068e-05
     5301.4747 1.652630e-05
     5302.3748 1.650338e-05
     5303.2750 1.642924e-05
     5304.1756 1.701017e-05
     5305.0757 1.798161e-05
     5305.9759 1.868768e-05
     5306.8760 1.879299e-05
     5307.7762 1.836784e-05
     5308.6768 1.795007e-05
     5309.5769 1.807562e-05
     5310.4771 1.855107e-05
     5311.3772 1.881654e-05
     5312.2774 1.874673e-05
     5313.1780 1.850903e-05
     5314.0781 1.820523e-05
     5314.9783 1.803647e-05
     5315.8784 1.801784e-05
     5316.7786 1.783328e-05
     5317.6792 1.749816e-05
     5318.5793 1.742450e-05
     5319.4795 1.761284e-05
     5320.3796 1.767760e-05
     5321.2798 1.763399e-05
     5322.1804 1.760725e-05
     5323.0805 1.751084e-05
     5323.9807 1.706627e-05
     5324.8808 1.615991e-05
     5325.7810 1.564873e-05
     5326.6816 1.605923e-05
     5327.5817 1.601221e-05
     5328.4819 1.426346e-05
     5329.3820 1.216667e-05
     5330.2822 1.227090e-05
     5331.1828 1.444241e-05
     5332.0829 1.640746e-05
     5332.9831 1.702843e-05
     5333.8832 1.685183e-05
     5334.7834 1.700768e-05
     5335.6840 1.771127e-05
     5336.5841 1.817146e-05
     5337.4843 1.805523e-05
     5338.3844 1.782037e-05
     5339.2846 1.768585e-05
     5340.1852 1.709471e-05
     5341.0853 1.583541e-05
     5341.9855 1.503650e-05
     5342.8856 1.567682e-05
     5343.7858 1.688593e-05
     5344.6864 1.750470e-05
     5345.5865 1.748255e-05
     5346.4867 1.705744e-05
     5347.3868 1.677591e-05
     5348.2870 1.693667e-05
     5349.1876 1.680280e-05
     5350.0877 1.626013e-05
     5350.9879 1.624410e-05
     5351.8880 1.705446e-05
     5352.7882 1.792605e-05
     5353.6888 1.820428e-05
     5354.5889 1.818009e-05
     5355.4891 1.846740e-05
     5356.3892 1.893880e-05
     5357.2894 1.914840e-05
     5358.1900 1.916544e-05
     5359.0901 1.915462e-05
     5359.9903 1.911212e-05
     5360.8904 1.899849e-05
     5361.7906 1.869094e-05
     5362.6912 1.817807e-05
     5363.5913 1.781824e-05
     5364.4915 1.775982e-05
     5365.3916 1.757385e-05
     5366.2918 1.718962e-05
     5367.1924 1.708629e-05
     5368.0925 1.718006e-05
     5368.9927 1.718062e-05
     5369.8928 1.692160e-05
     5370.7930 1.598504e-05
     5371.6936 1.463085e-05
     5372.5937 1.401433e-05
     5373.4939 1.500336e-05
     5374.3940 1.683044e-05
     5375.2942 1.808310e-05
     5376.1948 1.855237e-05
     5377.0949 1.846581e-05
     5377.9951 1.807964e-05
     5378.8952 1.798157e-05
     5379.7954 1.827282e-05
     5380.6960 1.839692e-05
     5381.5961 1.816846e-05
     5382.4963 1.790408e-05
     5383.3964 1.763021e-05
     5384.2966 1.726455e-05
     5385.1972 1.728961e-05
     5386.0973 1.782790e-05
     5386.9975 1.820238e-05
     5387.8976 1.814389e-05
     5388.7978 1.792324e-05
     5389.6984 1.759529e-05
     5390.5985 1.709110e-05
     5391.4987 1.665259e-05
     5392.3988 1.648921e-05
     5393.2990 1.651032e-05
     5394.1996 1.651944e-05
     5395.0997 1.650415e-05
     5395.9999 1.655938e-05
     5396.9000 1.626073e-05
     5397.8002 1.527212e-05
     5398.7008 1.474967e-05
     5399.6009 1.566821e-05
     5400.5011 1.678649e-05
     5401.4012 1.698673e-05
     5402.3014 1.693620e-05
     5403.2020 1.725540e-05
     5404.1021 1.722210e-05
     5405.0023 1.613920e-05
     5405.9024 1.460678e-05
     5406.8026 1.375754e-05
     5407.7032 1.419829e-05
     5408.6033 1.544656e-05
     5409.5035 1.618341e-05
     5410.4036 1.580459e-05
     5411.3038 1.527582e-05
     5412.2044 1.574898e-05
     5413.1045 1.687868e-05
     5414.0047 1.764825e-05
     5414.9048 1.772558e-05
     5415.8050 1.745810e-05
     5416.7056 1.744130e-05
     5417.6057 1.794335e-05
     5418.5059 1.843101e-05
     5419.4060 1.842904e-05
     5420.3062 1.801407e-05
     5421.2068 1.746930e-05
     5422.1069 1.725037e-05
     5423.0071 1.759530e-05
     5423.9072 1.776722e-05
     5424.8074 1.712217e-05
     5425.7080 1.656082e-05
     5426.6081 1.707009e-05
     5427.5083 1.809484e-05
     5428.4084 1.865052e-05
     5429.3086 1.799250e-05
     5430.2092 1.619384e-05
     5431.1093 1.507724e-05
     5432.0095 1.584800e-05
     5432.9096 1.688912e-05
     5433.8098 1.674017e-05
     5434.7104 1.599747e-05
     5435.6105 1.544773e-05
     5436.5107 1.543172e-05
     5437.4108 1.591908e-05
     5438.3110 1.667543e-05
     5439.2116 1.758609e-05
     5440.1117 1.834766e-05
     5441.0119 1.875343e-05
     5441.9120 1.884170e-05
     5442.8122 1.878196e-05
     5443.7128 1.877152e-05
     5444.6129 1.867880e-05
     5445.5131 1.812793e-05
     5446.4132 1.696452e-05
     5447.3134 1.547129e-05
     5448.2140 1.466496e-05
     5449.1142 1.542070e-05
     5450.0143 1.689498e-05
     5450.9144 1.781878e-05
     5451.8146 1.801714e-05
     5452.7152 1.785125e-05
     5453.6154 1.761741e-05
     5454.5155 1.725487e-05
     5455.4156 1.644821e-05
     5456.3158 1.530861e-05
     5457.2164 1.496767e-05
     5458.1166 1.604792e-05
     5459.0167 1.746982e-05
     5459.9168 1.818339e-05
     5460.8170 1.809751e-05
     5461.7176 1.764692e-05
     5462.6178 1.718212e-05
     5463.5179 1.659050e-05
     5464.4180 1.610137e-05
     5465.3182 1.640084e-05
     5466.2188 1.716043e-05
     5467.1190 1.745183e-05
     5468.0191 1.739635e-05
     5468.9192 1.755383e-05
     5469.8194 1.768160e-05
     5470.7200 1.738767e-05
     5471.6202 1.698280e-05
     5472.5203 1.701131e-05
     5473.4204 1.714330e-05
     5474.3206 1.683009e-05
     5475.2212 1.654887e-05
     5476.1214 1.651639e-05
     5477.0215 1.588828e-05
     5477.9216 1.489653e-05
     5478.8218 1.508539e-05
     5479.7224 1.643905e-05
     5480.6226 1.732994e-05
     5481.5227 1.690073e-05
     5482.4228 1.594888e-05
     5483.3230 1.573603e-05
     5484.2236 1.634412e-05
     5485.1238 1.718321e-05
     5486.0239 1.792543e-05
     5486.9240 1.813069e-05
     5487.8242 1.751860e-05
     5488.7248 1.668974e-05
     5489.6250 1.656312e-05
     5490.5251 1.694650e-05
     5491.4252 1.719173e-05
     5492.3254 1.744033e-05
     5493.2260 1.766376e-05
     5494.1262 1.744103e-05
     5495.0263 1.708629e-05
     5495.9265 1.719548e-05
     5496.8266 1.745512e-05
     5497.7272 1.718646e-05
     5498.6274 1.673037e-05
     5499.5275 1.702962e-05
     5500.4277 1.779916e-05
     5501.3278 1.790127e-05
     5502.2284 1.722709e-05
     5503.1286 1.666762e-05
     5504.0287 1.666304e-05
     5504.9289 1.689244e-05
     5505.8290 1.698413e-05
     5506.7296 1.661980e-05
     5507.6298 1.610622e-05
     5508.5299 1.633368e-05
     5509.4301 1.712872e-05
     5510.3302 1.750841e-05
     5511.2308 1.733718e-05
     5512.1310 1.690882e-05
     5513.0311 1.624615e-05
     5513.9313 1.570758e-05
     5514.8314 1.570352e-05
     5515.7320 1.602644e-05
     5516.6322 1.641844e-05
     5517.5323 1.675715e-05
     5518.4325 1.714665e-05
     5519.3326 1.774539e-05
     5520.2332 1.816716e-05
     5521.1334 1.813118e-05
     5522.0335 1.794218e-05
     5522.9337 1.787585e-05
     5523.8338 1.789101e-05
     5524.7344 1.791303e-05
     5525.6346 1.786141e-05
     5526.5347 1.766758e-05
     5527.4349 1.731622e-05
     5528.3350 1.664459e-05
     5529.2356 1.584636e-05
     5530.1358 1.583470e-05
     5531.0359 1.677952e-05
     5531.9361 1.761990e-05
     5532.8362 1.775771e-05
     5533.7368 1.756473e-05
     5534.6370 1.747148e-05
     5535.5371 1.734953e-05
     5536.4373 1.712861e-05
     5537.3374 1.718509e-05
     5538.2380 1.738669e-05
     5539.1382 1.738532e-05
     5540.0383 1.746405e-05
     5540.9385 1.785204e-05
     5541.8386 1.825993e-05
     5542.7392 1.833813e-05
     5543.6394 1.798945e-05
     5544.5395 1.756549e-05
     5545.4397 1.752866e-05
     5546.3398 1.767861e-05
     5547.2404 1.760834e-05
     5548.1406 1.761932e-05
     5549.0407 1.805485e-05
     5549.9409 1.850694e-05
     5550.8410 1.862185e-05
     5551.7416 1.859347e-05
     5552.6418 1.853591e-05
     5553.5419 1.833603e-05
     5554.4421 1.793592e-05
     5555.3422 1.757954e-05
     5556.2428 1.754506e-05
     5557.1430 1.777296e-05
     5558.0431 1.786512e-05
     5558.9433 1.775364e-05
     5559.8434 1.776838e-05
     5560.7441 1.789376e-05
     5561.6442 1.788042e-05
     5562.5443 1.769400e-05
     5563.4445 1.737136e-05
     5564.3446 1.714850e-05
     5565.2453 1.723494e-05
     5566.1454 1.726369e-05
     5567.0455 1.697993e-05
     5567.9457 1.682107e-05
     5568.8458 1.698876e-05
     5569.7465 1.706193e-05
     5570.6466 1.689312e-05
     5571.5467 1.707053e-05
     5572.4469 1.747635e-05
     5573.3470 1.715477e-05
     5574.2477 1.656875e-05
     5575.1478 1.690269e-05
     5576.0479 1.760120e-05
     5576.9481 1.766274e-05
     5577.8482 1.756034e-05
     5578.7489 1.773216e-05
     5579.6490 1.776129e-05
     5580.5491 1.772959e-05
     5581.4493 1.788248e-05
     5582.3494 1.782018e-05
     5583.2501 1.751861e-05
     5584.1502 1.745670e-05
     5585.0504 1.749561e-05
     5585.9505 1.723094e-05
     5586.8506 1.657953e-05
     5587.7513 1.564552e-05
     5588.6514 1.491624e-05
     5589.5516 1.478054e-05
     5590.4517 1.508453e-05
     5591.3518 1.567899e-05
     5592.2525 1.632157e-05
     5593.1526 1.661653e-05
     5594.0528 1.655282e-05
     5594.9529 1.634505e-05
     5595.8530 1.636647e-05
     5596.7537 1.707919e-05
     5597.6538 1.784291e-05
     5598.5540 1.761379e-05
     5599.4541 1.673589e-05
     5600.3542 1.631828e-05
     5601.2549 1.635829e-05
     5602.1550 1.616904e-05
     5603.0552 1.580658e-05
     5603.9553 1.570331e-05
     5604.8554 1.620494e-05
     5605.7561 1.718867e-05
     5606.6562 1.801915e-05
     5607.5564 1.839953e-05
     5608.4565 1.843840e-05
     5609.3566 1.833629e-05
     5610.2573 1.824010e-05
     5611.1574 1.820331e-05
     5612.0576 1.828126e-05
     5612.9577 1.847462e-05
     5613.8579 1.859862e-05
     5614.7585 1.817907e-05
     5615.6586 1.680784e-05
     5616.5588 1.527605e-05
     5617.4589 1.511031e-05
     5618.3591 1.621131e-05
     5619.2597 1.706749e-05
     5620.1598 1.711939e-05
     5621.0600 1.694702e-05
     5621.9601 1.712994e-05
     5622.8603 1.761274e-05
     5623.7609 1.779669e-05
     5624.6610 1.716458e-05
     5625.5612 1.610154e-05
     5626.4613 1.572204e-05
     5627.3615 1.631621e-05
     5628.2621 1.699538e-05
     5629.1622 1.728400e-05
     5630.0624 1.756948e-05
     5630.9625 1.796763e-05
     5631.8627 1.820463e-05
     5632.7633 1.822407e-05
     5633.6634 1.812376e-05
     5634.5636 1.792399e-05
     5635.4637 1.766572e-05
     5636.3639 1.742319e-05
     5637.2645 1.715595e-05
     5638.1646 1.687971e-05
     5639.0648 1.681762e-05
     5639.9649 1.708761e-05
     5640.8651 1.735480e-05
     5641.7657 1.719699e-05
     5642.6658 1.684885e-05
     5643.5660 1.684119e-05
     5644.4661 1.706123e-05
     5645.3663 1.718227e-05
     5646.2669 1.730278e-05
     5647.1670 1.746448e-05
     5648.0672 1.761492e-05
     5648.9673 1.769050e-05
     5649.8675 1.756557e-05
     5650.7681 1.735390e-05
     5651.6683 1.738234e-05
     5652.5684 1.772155e-05
     5653.4685 1.806752e-05
     5654.3687 1.806598e-05
     5655.2693 1.760433e-05
     5656.1695 1.714104e-05
     5657.0696 1.725747e-05
     5657.9697 1.740149e-05
     5658.8699 1.659815e-05
     5659.7705 1.554346e-05
     5660.6707 1.570817e-05
     5661.5708 1.669715e-05
     5662.4709 1.703193e-05
     5663.3711 1.662916e-05
     5664.2717 1.650596e-05
     5665.1719 1.700991e-05
     5666.0720 1.761317e-05
     5666.9721 1.784789e-05
     5667.8723 1.760084e-05
     5668.7729 1.719829e-05
     5669.6731 1.709932e-05
     5670.5732 1.726642e-05
     5671.4733 1.736948e-05
     5672.3735 1.742810e-05
     5673.2741 1.775611e-05
     5674.1743 1.827784e-05
     5675.0744 1.852095e-05
     5675.9746 1.831581e-05
     5676.8747 1.811219e-05
     5677.7753 1.829373e-05
     5678.6755 1.848331e-05
     5679.5756 1.828186e-05
     5680.4758 1.797733e-05
     5681.3759 1.793090e-05
     5682.2765 1.787189e-05
     5683.1767 1.740217e-05
     5684.0768 1.694874e-05
     5684.9770 1.711962e-05
     5685.8771 1.760358e-05
     5686.7777 1.773421e-05
     5687.6779 1.734351e-05
     5688.5780 1.689516e-05
     5689.4782 1.681172e-05
     5690.3783 1.714007e-05
     5691.2789 1.764415e-05
     5692.1791 1.799800e-05
     5693.0792 1.825675e-05
     5693.9794 1.845006e-05
     5694.8795 1.837645e-05
     5695.7801 1.814940e-05
     5696.6803 1.809268e-05
     5697.5804 1.820797e-05
     5698.4806 1.807729e-05
     5699.3807 1.756153e-05
     5700.2813 1.723689e-05
     5701.1815 1.721140e-05
     5702.0816 1.697385e-05
     5702.9818 1.663419e-05
     5703.8819 1.669675e-05
     5704.7825 1.716749e-05
     5705.6827 1.754496e-05
     5706.5828 1.739389e-05
     5707.4830 1.687277e-05
     5708.3831 1.645641e-05
     5709.2838 1.611206e-05
     5710.1839 1.577095e-05
     5711.0840 1.580848e-05
     5711.9842 1.604543e-05
     5712.8843 1.604826e-05
     5713.7850 1.635641e-05
     5714.6851 1.717558e-05
     5715.5852 1.775107e-05
     5716.4854 1.790927e-05
     5717.3855 1.802591e-05
     5718.2862 1.807815e-05
     5719.1863 1.804383e-05
     5720.0864 1.816684e-05
     5720.9866 1.837034e-05
     5721.8867 1.847849e-05
     5722.7874 1.864637e-05
     5723.6875 1.887251e-05
     5724.5876 1.892896e-05
     5725.4878 1.883883e-05
     5726.3879 1.871684e-05
     5727.2886 1.837367e-05
     5728.1887 1.782132e-05
     5729.0889 1.768608e-05
     5729.9890 1.819611e-05
     5730.8891 1.860702e-05
     5731.7898 1.831488e-05
     5732.6899 1.773397e-05
     5733.5901 1.771615e-05
     5734.4902 1.824281e-05
     5735.3903 1.865805e-05
     5736.2910 1.875763e-05
     5737.1911 1.864662e-05
     5738.0913 1.843853e-05
     5738.9914 1.831778e-05
     5739.8915 1.830433e-05
     5740.7922 1.832324e-05
     5741.6923 1.838444e-05
     5742.5925 1.839500e-05
     5743.4926 1.824684e-05
     5744.3928 1.810483e-05
     5745.2934 1.828473e-05
     5746.1935 1.872752e-05
     5747.0937 1.898516e-05
     5747.9938 1.870277e-05
     5748.8940 1.802205e-05
     5749.7946 1.767966e-05
     5750.6947 1.807342e-05
     5751.5949 1.864321e-05
     5752.4950 1.870145e-05
     5753.3952 1.814211e-05
     5754.2958 1.734786e-05
     5755.1959 1.687299e-05
     5756.0961 1.714911e-05
     5756.9962 1.798269e-05
     5757.8964 1.867096e-05
     5758.7970 1.893159e-05
     5759.6971 1.887044e-05
     5760.5973 1.851282e-05
     5761.4974 1.797849e-05
     5762.3976 1.744276e-05
     5763.2982 1.698248e-05
     5764.1983 1.689172e-05
     5765.0985 1.752927e-05
     5765.9986 1.843268e-05
     5766.8988 1.887877e-05
     5767.7994 1.893120e-05
     5768.6995 1.893709e-05
     5769.5997 1.891139e-05
     5770.4998 1.882029e-05
     5771.4000 1.873065e-05
     5772.3006 1.857812e-05
     5773.2008 1.833689e-05
     5774.1009 1.822049e-05
     5775.0010 1.820074e-05
     5775.9012 1.810615e-05
     5776.8018 1.815082e-05
     5777.7020 1.839532e-05
     5778.6021 1.858855e-05
     5779.5022 1.859041e-05
     5780.4024 1.832455e-05
     5781.3030 1.759799e-05
     5782.2032 1.662652e-05
     5783.1033 1.615346e-05
     5784.0034 1.638769e-05
     5784.9036 1.667518e-05
     5785.8042 1.646318e-05
     5786.7044 1.618302e-05
     5787.6045 1.657875e-05
     5788.5047 1.737288e-05
     5789.4048 1.789552e-05
     5790.3054 1.813490e-05
     5791.2056 1.800970e-05
     5792.1057 1.757443e-05
     5793.0059 1.751727e-05
     5793.9060 1.796405e-05
     5794.8066 1.839331e-05
     5795.7068 1.870615e-05
     5796.6069 1.890450e-05
     5797.5071 1.870795e-05
     5798.4072 1.809581e-05
     5799.3078 1.766517e-05
     5800.2080 1.800904e-05
     5801.1081 1.876711e-05
     5802.0083 1.922083e-05
     5802.9084 1.933551e-05
     5803.8090 1.925564e-05
     5804.7092 1.882756e-05
     5805.6093 1.823118e-05
     5806.5095 1.797546e-05
     5807.4096 1.808137e-05
     5808.3102 1.825960e-05
     5809.2104 1.838708e-05
     5810.1105 1.843990e-05
     5811.0107 1.851656e-05
     5811.9108 1.868711e-05
     5812.8114 1.880028e-05
     5813.7116 1.878456e-05
     5814.6117 1.870552e-05
     5815.5119 1.850288e-05
     5816.4120 1.809827e-05
     5817.3127 1.770885e-05
     5818.2128 1.776095e-05
     5819.1129 1.832798e-05
     5820.0131 1.890594e-05
     5820.9132 1.913972e-05
     5821.8139 1.914999e-05
     5822.7140 1.906388e-05
     5823.6141 1.889205e-05
     5824.5143 1.873507e-05
     5825.4144 1.873657e-05
     5826.3151 1.887342e-05
     5827.2152 1.894793e-05
     5828.1153 1.888872e-05
     5829.0155 1.882341e-05
     5829.9156 1.889126e-05
     5830.8163 1.903300e-05
     5831.7164 1.903438e-05
     5832.6166 1.890979e-05
     5833.5167 1.884394e-05
     5834.4168 1.879569e-05
     5835.3175 1.859157e-05
     5836.2176 1.840052e-05
     5837.1178 1.852746e-05
     5838.0179 1.873642e-05
     5838.9180 1.860961e-05
     5839.8187 1.838039e-05
     5840.7188 1.848510e-05
     5841.6190 1.883876e-05
     5842.5191 1.911521e-05
     5843.4192 1.921043e-05
     5844.3199 1.918211e-05
     5845.2200 1.905783e-05
     5846.1202 1.886775e-05
     5847.0203 1.862526e-05
     5847.9205 1.832592e-05
     5848.8211 1.811201e-05
     5849.7212 1.813020e-05
     5850.6214 1.829503e-05
     5851.5215 1.841111e-05
     5852.4217 1.831907e-05
     5853.3223 1.797412e-05
     5854.2224 1.756509e-05
     5855.1226 1.749273e-05
     5856.0227 1.776817e-05
     5856.9229 1.783669e-05
     5857.8235 1.730858e-05
     5858.7236 1.657953e-05
     5859.6238 1.646297e-05
     5860.5239 1.702531e-05
     5861.4241 1.766271e-05
     5862.3247 1.799654e-05
     5863.2248 1.789346e-05
     5864.1250 1.769367e-05
     5865.0251 1.782526e-05
     5865.9253 1.808625e-05
     5866.8259 1.801449e-05
     5867.7260 1.763414e-05
     5868.6262 1.750656e-05
     5869.5263 1.785542e-05
     5870.4265 1.830360e-05
     5871.3271 1.854552e-05
     5872.2273 1.857008e-05
     5873.1274 1.842072e-05
     5874.0275 1.818273e-05
     5874.9277 1.810079e-05
     5875.8283 1.826489e-05
     5876.7285 1.836362e-05
     5877.6286 1.822497e-05
     5878.5287 1.802470e-05
     5879.4289 1.786191e-05
     5880.3295 1.762545e-05
     5881.2297 1.729333e-05
     5882.1298 1.720748e-05
     5883.0300 1.748304e-05
     5883.9301 1.764758e-05
     5884.8307 1.742371e-05
     5885.7309 1.718852e-05
     5886.6310 1.725100e-05
     5887.5312 1.731561e-05
     5888.4313 1.690662e-05
     5889.3319 1.555713e-05
     5890.2321 1.306869e-05
     5891.1322 1.069638e-05
     5892.0324 1.056664e-05
     5892.9325 1.252261e-05
     5893.8331 1.438706e-05
     5894.7333 1.517584e-05
     5895.6334 1.479389e-05
     5896.5336 1.313633e-05
     5897.4337 1.178487e-05
     5898.3343 1.263724e-05
     5899.2345 1.469570e-05
     5900.1346 1.598606e-05
     5901.0348 1.651785e-05
     5901.9349 1.700385e-05
     5902.8355 1.738192e-05
     5903.7357 1.749549e-05
     5904.6358 1.755519e-05
     5905.5360 1.760575e-05
     5906.4361 1.748730e-05
     5907.3368 1.735184e-05
     5908.2369 1.746676e-05
     5909.1370 1.774014e-05
     5910.0372 1.788822e-05
     5910.9373 1.785839e-05
     5911.8380 1.790216e-05
     5912.7381 1.807915e-05
     5913.6382 1.806335e-05
     5914.5384 1.763417e-05
     5915.4385 1.707398e-05
     5916.3392 1.683205e-05
     5917.2393 1.691365e-05
     5918.1394 1.718821e-05
     5919.0396 1.752928e-05
     5919.9397 1.772074e-05
     5920.8404 1.787471e-05
     5921.7405 1.801107e-05
     5922.6407 1.791145e-05
     5923.5408 1.770234e-05
     5924.4409 1.769547e-05
     5925.3416 1.785215e-05
     5926.2417 1.800233e-05
     5927.1419 1.814198e-05
     5928.0420 1.817273e-05
     5928.9421 1.800159e-05
     5929.8428 1.770167e-05
     5930.7429 1.734538e-05
     5931.6431 1.720631e-05
     5932.5432 1.757098e-05
     5933.4434 1.807102e-05
     5934.3440 1.814728e-05
     5935.2441 1.773361e-05
     5936.1443 1.733796e-05
     5937.0444 1.749044e-05
     5937.9446 1.790303e-05
     5938.8452 1.809380e-05
     5939.7453 1.819918e-05
     5940.6455 1.828122e-05
     5941.5456 1.802576e-05
     5942.4458 1.755277e-05
     5943.3464 1.737627e-05
     5944.2465 1.757040e-05
     5945.1467 1.784702e-05
     5946.0468 1.810606e-05
     5946.9470 1.832426e-05
     5947.8476 1.836909e-05
     5948.7477 1.809663e-05
     5949.6479 1.756635e-05
     5950.5480 1.725961e-05
     5951.4482 1.754045e-05
     5952.3488 1.795750e-05
     5953.2489 1.783083e-05
     5954.1491 1.736175e-05
     5955.0492 1.734579e-05
     5955.9494 1.777801e-05
     5956.8500 1.791549e-05
     5957.7502 1.759398e-05
     5958.6503 1.732788e-05
     5959.5504 1.741577e-05
     5960.4506 1.771589e-05
     5961.3512 1.805593e-05
     5962.2514 1.830645e-05
     5963.1515 1.840568e-05
     5964.0516 1.837836e-05
     5964.9518 1.831073e-05
     5965.8524 1.818445e-05
     5966.7526 1.793816e-05
     5967.6527 1.783853e-05
     5968.5529 1.806383e-05
     5969.4530 1.831332e-05
     5970.3536 1.841696e-05
     5971.2538 1.849768e-05
     5972.1539 1.858480e-05
     5973.0541 1.859756e-05
     5973.9542 1.856458e-05
     5974.8548 1.850636e-05
     5975.7550 1.830927e-05
     5976.6551 1.792547e-05
     5977.5553 1.754779e-05
     5978.4554 1.737286e-05
     5979.3560 1.739794e-05
     5980.2562 1.760383e-05
     5981.1563 1.798034e-05
     5982.0565 1.827961e-05
     5982.9566 1.828994e-05
     5983.8572 1.797675e-05
     5984.7574 1.736847e-05
     5985.6575 1.687251e-05
     5986.5577 1.701342e-05
     5987.4578 1.752728e-05
     5988.3585 1.779723e-05
     5989.2586 1.787194e-05
     5990.1587 1.804880e-05
     5991.0589 1.824331e-05
     5991.9590 1.819027e-05
     5992.8597 1.795816e-05
     5993.7598 1.799043e-05
     5994.6599 1.835984e-05
     5995.5601 1.863645e-05
     5996.4602 1.858023e-05
     5997.3609 1.825685e-05
     5998.2610 1.781069e-05
     5999.1612 1.749602e-05
     6000.0613 1.751099e-05
     6000.9614 1.776144e-05
     6001.8621 1.803394e-05
     6002.7622 1.806646e-05
     6003.6624 1.774285e-05
     6004.5625 1.751709e-05
     6005.4626 1.773945e-05
     6006.3633 1.798097e-05
     6007.2634 1.787296e-05
     6008.1636 1.747606e-05
     6009.0637 1.695203e-05
     6009.9639 1.682867e-05
     6010.8645 1.745104e-05
     6011.7646 1.819326e-05
     6012.6648 1.832878e-05
     6013.5649 1.787225e-05
     6014.4651 1.736073e-05
     6015.3657 1.733548e-05
     6016.2658 1.764882e-05
     6017.1660 1.766510e-05
     6018.0661 1.741119e-05
     6018.9663 1.743914e-05
     6019.8669 1.764522e-05
     6020.7670 1.752289e-05
     6021.6672 1.722686e-05
     6022.5673 1.717870e-05
     6023.4675 1.737557e-05
     6024.3681 1.756696e-05
     6025.2682 1.763027e-05
     6026.1684 1.780749e-05
     6027.0685 1.808629e-05
     6027.9687 1.811911e-05
     6028.8693 1.809561e-05
     6029.7695 1.830646e-05
     6030.6696 1.851566e-05
     6031.5697 1.849925e-05
     6032.4699 1.842022e-05
     6033.3705 1.850266e-05
     6034.2707 1.866828e-05
     6035.1708 1.873267e-05
     6036.0709 1.868844e-05
     6036.9711 1.863848e-05
     6037.8717 1.863456e-05
     6038.7719 1.867637e-05
     6039.6720 1.867038e-05
     6040.5722 1.850980e-05
     6041.4723 1.834574e-05
     6042.3729 1.832602e-05
     6043.2731 1.833890e-05
     6044.1732 1.846141e-05
     6045.0734 1.872309e-05
     6045.9735 1.887925e-05
     6046.8741 1.890075e-05
     6047.7743 1.892259e-05
     6048.6744 1.892758e-05
     6049.5746 1.884512e-05
     6050.4747 1.878796e-05
     6051.3753 1.887302e-05
     6052.2755 1.896362e-05
     6053.1756 1.888537e-05
     6054.0758 1.865391e-05
     6054.9759 1.842472e-05
     6055.8765 1.831525e-05
     6056.7767 1.819198e-05
     6057.6768 1.800972e-05
     6058.5770 1.798266e-05
     6059.4771 1.816828e-05
     6060.3778 1.846676e-05
     6061.2779 1.871150e-05
     6062.1780 1.876777e-05
     6063.0782 1.862578e-05
     6063.9783 1.835223e-05
     6064.8790 1.806210e-05
     6065.7791 1.765191e-05
     6066.6792 1.726952e-05
     6067.5794 1.754903e-05
     6068.4795 1.837181e-05
     6069.3802 1.896781e-05
     6070.2803 1.913499e-05
     6071.1805 1.913078e-05
     6072.0806 1.911919e-05
     6072.9807 1.913025e-05
     6073.8814 1.914514e-05
     6074.7815 1.915178e-05
     6075.6817 1.914874e-05
     6076.5818 1.908844e-05
     6077.4819 1.894631e-05
     6078.3826 1.869938e-05
     6079.2827 1.827992e-05
     6080.1829 1.793433e-05
     6081.0830 1.801099e-05
     6081.9832 1.816100e-05
     6082.8838 1.793887e-05
     6083.7839 1.772037e-05
     6084.6841 1.790922e-05
     6085.5842 1.815989e-05
     6086.4844 1.809610e-05
     6087.3850 1.798831e-05
     6088.2851 1.812539e-05
     6089.1853 1.836883e-05
     6090.0854 1.836697e-05
     6090.9856 1.796659e-05
     6091.8862 1.759873e-05
     6092.7863 1.763616e-05
     6093.6865 1.778619e-05
     6094.5866 1.784601e-05
     6095.4868 1.808798e-05
     6096.3874 1.850881e-05
     6097.2875 1.863119e-05
     6098.1877 1.837557e-05
     6099.0878 1.822211e-05
     6099.9880 1.840987e-05
     6100.8886 1.873308e-05
     6101.7888 1.879153e-05
     6102.6889 1.809606e-05
     6103.5890 1.673366e-05
     6104.4892 1.602081e-05
     6105.3898 1.680707e-05
     6106.2900 1.800552e-05
     6107.1901 1.853585e-05
     6108.0902 1.846818e-05
     6108.9904 1.821361e-05
     6109.8910 1.821502e-05
     6110.7912 1.851689e-05
     6111.6913 1.858632e-05
     6112.5915 1.828603e-05
     6113.4916 1.818541e-05
     6114.3922 1.851946e-05
     6115.2924 1.889634e-05
     6116.1925 1.894798e-05
     6117.0927 1.859108e-05
     6117.9928 1.824269e-05
     6118.8934 1.833361e-05
     6119.7936 1.848150e-05
     6120.6937 1.820319e-05
     6121.5939 1.766344e-05
     6122.4940 1.698051e-05
     6123.3946 1.630962e-05
     6124.2948 1.648909e-05
     6125.1949 1.756890e-05
     6126.0951 1.833417e-05
     6126.9952 1.833970e-05
     6127.8959 1.808880e-05
     6128.7960 1.785077e-05
     6129.6961 1.770203e-05
     6130.5963 1.785116e-05
     6131.4964 1.825653e-05
     6132.3971 1.856910e-05
     6133.2972 1.866402e-05
     6134.1973 1.869838e-05
     6135.0975 1.857764e-05
     6135.9976 1.803722e-05
     6136.8983 1.701849e-05
     6137.7984 1.571380e-05
     6138.6986 1.499612e-05
     6139.5987 1.577948e-05
     6140.4988 1.742134e-05
     6141.3995 1.840717e-05
     6142.2996 1.821442e-05
     6143.1998 1.765121e-05
     6144.0999 1.771457e-05
     6145.0000 1.832415e-05
     6145.9007 1.873300e-05
     6146.8008 1.874416e-05
     6147.7010 1.864162e-05
     6148.6011 1.849240e-05
     6149.5013 1.818513e-05
     6150.4019 1.781932e-05
     6151.3020 1.760121e-05
     6152.2022 1.766951e-05
     6153.1023 1.796891e-05
     6154.0025 1.826103e-05
     6154.9031 1.822509e-05
     6155.8032 1.784023e-05
     6156.7034 1.761044e-05
     6157.6035 1.773151e-05
     6158.5037 1.783127e-05
     6159.4043 1.777547e-05
     6160.3044 1.768943e-05
     6161.2046 1.727453e-05
     6162.1047 1.611478e-05
     6163.0049 1.466088e-05
     6163.9055 1.402833e-05
     6164.8057 1.460876e-05
     6165.7058 1.573763e-05
     6166.6059 1.656486e-05
     6167.5061 1.689513e-05
     6168.4067 1.713588e-05
     6169.3069 1.710389e-05
     6170.2070 1.628370e-05
     6171.1071 1.537999e-05
     6172.0073 1.560208e-05
     6172.9079 1.668125e-05
     6173.8081 1.735124e-05
     6174.7082 1.732865e-05
     6175.6084 1.726562e-05
     6176.5085 1.732844e-05
     6177.4091 1.725955e-05
     6178.3093 1.716033e-05
     6179.2094 1.734302e-05
     6180.1096 1.764864e-05
     6181.0097 1.763930e-05
     6181.9103 1.752412e-05
     6182.8105 1.769584e-05
     6183.7106 1.791744e-05
     6184.6108 1.791381e-05
     6185.5109 1.785323e-05
     6186.4115 1.776611e-05
     6187.3117 1.743192e-05
     6188.2118 1.701179e-05
     6189.1120 1.682690e-05
     6190.0121 1.685646e-05
     6190.9128 1.684718e-05
     6191.8129 1.638344e-05
     6192.7130 1.564253e-05
     6193.6132 1.568774e-05
     6194.5133 1.662060e-05
     6195.4140 1.737659e-05
     6196.3141 1.761987e-05
     6197.2142 1.774087e-05
     6198.1144 1.791517e-05
     6199.0145 1.792134e-05
     6199.9152 1.748805e-05
     6200.8153 1.682089e-05
     6201.7155 1.659333e-05
     6202.6156 1.703804e-05
     6203.5157 1.765011e-05
     6204.4164 1.794569e-05
     6205.3165 1.789999e-05
     6206.2167 1.778199e-05
     6207.1168 1.780853e-05
     6208.0170 1.790847e-05
     6208.9176 1.794180e-05
     6209.8177 1.791458e-05
     6210.7179 1.781284e-05
     6211.6180 1.761799e-05
     6212.5182 1.745633e-05
     6213.4188 1.727707e-05
     6214.3189 1.677267e-05
     6215.2191 1.610346e-05
     6216.1192 1.574241e-05
     6217.0194 1.575807e-05
     6217.9200 1.612802e-05
     6218.8201 1.668375e-05
     6219.7203 1.686231e-05
     6220.6204 1.649884e-05
     6221.5206 1.614035e-05
     6222.4212 1.620199e-05
     6223.3213 1.657163e-05
     6224.2215 1.687185e-05
     6225.1216 1.684563e-05
     6226.0218 1.675442e-05
     6226.9224 1.689020e-05
     6227.8226 1.705142e-05
     6228.7227 1.708855e-05
     6229.6228 1.701235e-05
     6230.5230 1.656328e-05
     6231.4236 1.570224e-05
     6232.3238 1.512306e-05
     6233.2239 1.533792e-05
     6234.1241 1.590337e-05
     6235.0242 1.651462e-05
     6235.9248 1.720929e-05
     6236.8250 1.761999e-05
     6237.7251 1.755359e-05
     6238.6253 1.724811e-05
     6239.5254 1.692760e-05
     6240.4260 1.656193e-05
     6241.3262 1.619371e-05
     6242.2263 1.620166e-05
     6243.1265 1.638832e-05
     6244.0266 1.611285e-05
     6244.9272 1.573614e-05
     6245.8274 1.586264e-05
     6246.7275 1.608952e-05
     6247.6277 1.615868e-05
     6248.5278 1.648926e-05
     6249.4285 1.704900e-05
     6250.3286 1.732630e-05
     6251.2287 1.728541e-05
     6252.1289 1.705365e-05
     6253.0290 1.648655e-05
     6253.9297 1.585024e-05
     6254.8298 1.565048e-05
     6255.7299 1.582233e-05
     6256.6301 1.600452e-05
     6257.5302 1.589191e-05
     6258.4309 1.548865e-05
     6259.3310 1.507506e-05
     6260.2312 1.506498e-05
     6261.1313 1.568776e-05
     6262.0314 1.632337e-05
     6262.9321 1.664886e-05
     6263.8322 1.707711e-05
     6264.7324 1.746184e-05
     6265.6325 1.727113e-05
     6266.5327 1.671547e-05
     6267.4333 1.656512e-05
     6268.3334 1.690346e-05
     6269.2336 1.710738e-05
     6270.1337 1.697765e-05
     6271.0339 1.684970e-05
     6271.9345 1.687921e-05
     6272.8346 1.701693e-05
     6273.7348 1.722394e-05
     6274.6349 1.733326e-05
     6275.5351 1.725742e-05
     6276.4357 1.719729e-05
     6277.3358 1.724343e-05
     6278.2360 1.727726e-05
     6279.1361 1.729691e-05
     6280.0363 1.727887e-05
     6280.9369 1.702393e-05
     6281.8371 1.665955e-05
     6282.7372 1.660787e-05
     6283.6373 1.687570e-05
     6284.5375 1.722839e-05
     6285.4381 1.749609e-05
     6286.3383 1.748319e-05
     6287.2384 1.742110e-05
     6288.1385 1.759893e-05
     6289.0387 1.787237e-05
     6289.9393 1.804810e-05
     6290.8395 1.799045e-05
     6291.7396 1.766531e-05
     6292.6398 1.730978e-05
     6293.5399 1.712470e-05
     6294.4405 1.711475e-05
     6295.3407 1.729630e-05
     6296.2408 1.743504e-05
     6297.1410 1.716259e-05
     6298.0411 1.665935e-05
     6298.9417 1.645861e-05
     6299.8419 1.671313e-05
     6300.7420 1.707675e-05
     6301.6422 1.707520e-05
     6302.5423 1.663421e-05
     6303.4429 1.626144e-05
     6304.3431 1.643763e-05
     6305.2432 1.692593e-05
     6306.1434 1.716236e-05
     6307.0435 1.713814e-05
     6307.9442 1.733713e-05
     6308.8443 1.776944e-05
     6309.7444 1.799985e-05
     6310.6446 1.789826e-05
     6311.5447 1.757436e-05
     6312.4454 1.722020e-05
     6313.3455 1.708633e-05
     6314.2457 1.723052e-05
     6315.1458 1.723632e-05
     6316.0459 1.681634e-05
     6316.9466 1.651953e-05
     6317.8467 1.665454e-05
     6318.7469 1.656844e-05
     6319.6470 1.612894e-05
     6320.5471 1.613777e-05
     6321.4478 1.674335e-05
     6322.3479 1.723065e-05
     6323.2481 1.725623e-05
     6324.1482 1.718368e-05
     6325.0484 1.738963e-05
     6325.9490 1.767405e-05
     6326.8491 1.776623e-05
     6327.7493 1.769897e-05
     6328.6494 1.758211e-05
     6329.5496 1.764380e-05
     6330.4502 1.776268e-05
     6331.3503 1.760969e-05
     6332.2505 1.746609e-05
     6333.1506 1.766528e-05
     6334.0508 1.799537e-05
     6334.9514 1.805767e-05
     6335.8515 1.753906e-05
     6336.7517 1.666542e-05
     6337.6518 1.620378e-05
     6338.5520 1.648361e-05
     6339.4526 1.697689e-05
     6340.3528 1.719485e-05
     6341.2529 1.739555e-05
     6342.1530 1.771469e-05
     6343.0532 1.774762e-05
     6343.9538 1.735871e-05
     6344.8540 1.680905e-05
     6345.7541 1.654701e-05
     6346.6543 1.684493e-05
     6347.5544 1.733502e-05
     6348.4550 1.759328e-05
     6349.3552 1.770883e-05
     6350.2553 1.781026e-05
     6351.1555 1.783579e-05
     6352.0556 1.783684e-05
     6352.9562 1.788234e-05
     6353.8564 1.786493e-05
     6354.7565 1.763529e-05
     6355.6567 1.720240e-05
     6356.5568 1.690496e-05
     6357.4574 1.704191e-05
     6358.3576 1.720540e-05
     6359.2577 1.687552e-05
     6360.1579 1.634299e-05
     6361.0580 1.615442e-05
     6361.9587 1.620226e-05
     6362.8588 1.607523e-05
     6363.7589 1.587588e-05
     6364.6591 1.595150e-05
     6365.5592 1.630300e-05
     6366.4599 1.669120e-05
     6367.3600 1.698695e-05
     6368.2602 1.725143e-05
     6369.1603 1.759359e-05
     6370.0604 1.782413e-05
     6370.9611 1.777873e-05
     6371.8612 1.764448e-05
     6372.7614 1.770951e-05
     6373.6615 1.797459e-05
     6374.5616 1.815260e-05
     6375.4623 1.810111e-05
     6376.3624 1.798813e-05
     6377.2626 1.799559e-05
     6378.1627 1.803160e-05
     6379.0629 1.785206e-05
     6379.9635 1.753856e-05
     6380.8636 1.739770e-05
     6381.7638 1.739286e-05
     6382.6639 1.743527e-05
     6383.5641 1.764162e-05
     6384.4647 1.783533e-05
     6385.3648 1.776789e-05
     6386.2650 1.762498e-05
     6387.1651 1.769978e-05
     6388.0653 1.788709e-05
     6388.9659 1.794738e-05
     6389.8660 1.791303e-05
     6390.7662 1.795508e-05
     6391.6663 1.803536e-05
     6392.5665 1.793080e-05
     6393.4671 1.741493e-05
     6394.3673 1.661318e-05
     6395.2674 1.625780e-05
     6396.1675 1.677082e-05
     6397.0677 1.756965e-05
     6397.9683 1.805754e-05
     6398.8685 1.817862e-05
     6399.7686 1.785260e-05
     6400.6688 1.690217e-05
     6401.5689 1.601610e-05
     6402.4695 1.634936e-05
     6403.3697 1.746627e-05
     6404.2698 1.815600e-05
     6405.1700 1.830604e-05
     6406.0701 1.824765e-05
     6406.9707 1.807116e-05
     6407.8709 1.776379e-05
     6408.7710 1.729772e-05
     6409.6712 1.705342e-05
     6410.5713 1.741489e-05
     6411.4719 1.774694e-05
     6412.3721 1.740670e-05
     6413.2722 1.696629e-05
     6414.1724 1.708159e-05
     6415.0725 1.739959e-05
     6415.9732 1.755218e-05
     6416.8733 1.770372e-05
     6417.7734 1.788799e-05
     6418.6736 1.789848e-05
     6419.5737 1.771797e-05
     6420.4744 1.736015e-05
     6421.3745 1.684795e-05
     6422.2747 1.650500e-05
     6423.1748 1.674637e-05
     6424.0749 1.751260e-05
     6424.9756 1.810612e-05
     6425.8757 1.814619e-05
     6426.7759 1.802524e-05
     6427.6760 1.810197e-05
     6428.5762 1.828411e-05
     6429.4768 1.833412e-05
     6430.3769 1.805940e-05
     6431.2771 1.737484e-05
     6432.1772 1.665995e-05
     6433.0774 1.662935e-05
     6433.9780 1.722958e-05
     6434.8781 1.776452e-05
     6435.7783 1.799678e-05
     6436.6784 1.810138e-05
     6437.5786 1.816426e-05
     6438.4792 1.800410e-05
     6439.3793 1.737132e-05
     6440.2795 1.662756e-05
     6441.1796 1.667896e-05
     6442.0798 1.753931e-05
     6442.9804 1.828112e-05
     6443.8806 1.849924e-05
     6444.7807 1.844126e-05
     6445.6808 1.838210e-05
     6446.5810 1.843982e-05
     6447.4816 1.856396e-05
     6448.3818 1.855779e-05
     6449.2819 1.812491e-05
     6450.1821 1.704481e-05
     6451.0822 1.582622e-05
     6451.9828 1.561749e-05
     6452.8830 1.653069e-05
     6453.7831 1.753045e-05
     6454.6833 1.807877e-05
     6455.5834 1.810090e-05
     6456.4840 1.766923e-05
     6457.3842 1.731711e-05
     6458.2843 1.750804e-05
     6459.1845 1.801181e-05
     6460.0846 1.839758e-05
     6460.9852 1.856746e-05
     6461.8854 1.845325e-05
     6462.7855 1.775466e-05
     6463.6857 1.664404e-05
     6464.5858 1.620293e-05
     6465.4865 1.685230e-05
     6466.3866 1.766600e-05
     6467.2867 1.806695e-05
     6468.1869 1.820935e-05
     6469.0870 1.824874e-05
     6469.9877 1.812273e-05
     6470.8878 1.788063e-05
     6471.7880 1.766194e-05
     6472.6881 1.744336e-05
     6473.5882 1.745879e-05
     6474.4889 1.780051e-05
     6475.3890 1.795805e-05
     6476.2892 1.774385e-05
     6477.1893 1.759308e-05
     6478.0895 1.779432e-05
     6478.9901 1.803890e-05
     6479.8902 1.806451e-05
     6480.7904 1.803420e-05
     6481.6905 1.792134e-05
     6482.5907 1.746695e-05
     6483.4913 1.687023e-05
     6484.3914 1.669927e-05
     6485.2916 1.704374e-05
     6486.1917 1.748915e-05
     6487.0919 1.774224e-05
     6487.9925 1.783506e-05
     6488.8926 1.790530e-05
     6489.7928 1.792266e-05
     6490.6929 1.776638e-05
     6491.5931 1.749499e-05
     6492.4937 1.731456e-05
     6493.3939 1.719998e-05
     6494.2940 1.670275e-05
     6495.1941 1.556118e-05
     6496.0943 1.448715e-05
     6496.9949 1.431999e-05
     6497.8951 1.486415e-05
     6498.7952 1.554831e-05
     6499.6954 1.599630e-05
     6500.5955 1.610800e-05
     6501.4961 1.633994e-05
     6502.3963 1.682368e-05
     6503.2964 1.721852e-05
     6504.1966 1.744583e-05
     6505.0967 1.756653e-05
     6505.9973 1.766729e-05
     6506.8975 1.783081e-05
     6507.7976 1.795539e-05
     6508.6978 1.786266e-05
     6509.5979 1.760188e-05
     6510.4985 1.749458e-05
     6511.3987 1.768039e-05
     6512.2988 1.791665e-05
     6513.1990 1.798744e-05
     6514.0991 1.796963e-05
     6514.9998 1.796270e-05
     6515.8999 1.786841e-05
     6516.8000 1.765428e-05
     6517.7002 1.747477e-05
     6518.6003 1.734928e-05
     6519.5010 1.714323e-05
     6520.4011 1.707324e-05
     6521.3013 1.739855e-05
     6522.2014 1.782955e-05
     6523.1015 1.801384e-05
     6524.0022 1.798086e-05
     6524.9023 1.795974e-05
     6525.8025 1.804419e-05
     6526.7026 1.803784e-05
     6527.6028 1.775618e-05
     6528.5034 1.744691e-05
     6529.4035 1.746657e-05
     6530.3037 1.773939e-05
     6531.2038 1.795584e-05
     6532.1040 1.792138e-05
     6533.0046 1.765768e-05
     6533.9047 1.739696e-05
     6534.8049 1.734337e-05
     6535.7050 1.756069e-05
     6536.6052 1.791143e-05
     6537.5058 1.808041e-05
     6538.4059 1.795296e-05
     6539.3061 1.781827e-05
     6540.2062 1.794725e-05
     6541.1064 1.820618e-05
     6542.0070 1.828538e-05
     6542.9072 1.810399e-05
     6543.8073 1.781870e-05
     6544.7074 1.760914e-05
     6545.6076 1.750646e-05
     6546.5082 1.725952e-05
     6547.4084 1.681134e-05
     6548.3085 1.667409e-05
     6549.2087 1.704250e-05
     6550.1088 1.746589e-05
     6551.0094 1.762115e-05
     6551.9096 1.749794e-05
     6552.8097 1.728086e-05
     6553.7099 1.717693e-05
     6554.6100 1.708388e-05
     6555.5106 1.679551e-05
     6556.4108 1.643163e-05
     6557.3109 1.628746e-05
     6558.2111 1.648509e-05
     6559.1112 1.679540e-05
     6560.0119 1.693120e-05
     6560.9120 1.685090e-05
     6561.8121 1.644626e-05
     6562.7123 1.508678e-05
     6563.6124 1.265142e-05
     6564.5131 1.115412e-05
     6565.4132 1.239054e-05
     6566.3134 1.485444e-05
     6567.2135 1.642032e-05
     6568.1136 1.703581e-05
     6569.0143 1.722756e-05
     6569.9144 1.701450e-05
     6570.8146 1.667300e-05
     6571.7147 1.667349e-05
     6572.6148 1.684550e-05
     6573.5155 1.673178e-05
     6574.4156 1.639476e-05
     6575.3158 1.615316e-05
     6576.2159 1.614145e-05
     6577.1161 1.648279e-05
     6578.0167 1.706189e-05
     6578.9168 1.749696e-05
     6579.8170 1.763273e-05
     6580.7171 1.750963e-05
     6581.6173 1.718890e-05
     6582.5179 1.691497e-05
     6583.4180 1.697490e-05
     6584.3182 1.725530e-05
     6585.2183 1.745655e-05
     6586.1185 1.747266e-05
     6587.0191 1.732552e-05
     6587.9193 1.723622e-05
     6588.8194 1.742214e-05
     6589.7195 1.767810e-05
     6590.6197 1.777067e-05
     6591.5203 1.775544e-05
     6592.4205 1.753764e-05
     6593.3206 1.685452e-05
     6594.2208 1.592439e-05
     6595.1209 1.557138e-05
     6596.0215 1.613859e-05
     6596.9217 1.692364e-05
     6597.8218 1.726103e-05
     6598.7220 1.715763e-05
     6599.6221 1.691528e-05
     6600.5227 1.689277e-05
     6601.4229 1.721557e-05
     6602.3230 1.760477e-05
     6603.2232 1.777901e-05
     6604.1233 1.773598e-05
     6605.0240 1.755052e-05
     6605.9241 1.728442e-05
     6606.8242 1.707109e-05
     6607.7244 1.699715e-05
     6608.6245 1.692379e-05
     6609.5252 1.666197e-05
     6610.4253 1.634830e-05
     6611.3254 1.647142e-05
     6612.2256 1.707428e-05
     6613.1257 1.754952e-05
     6614.0264 1.755445e-05
     6614.9265 1.734476e-05
     6615.8267 1.735261e-05
     6616.7268 1.760121e-05
     6617.6269 1.771668e-05
     6618.5276 1.760526e-05
     6619.4277 1.749412e-05
     6620.3279 1.754473e-05
     6621.2280 1.768149e-05
     6622.1282 1.776928e-05
     6623.0288 1.774636e-05
     6623.9289 1.758647e-05
     6624.8291 1.725129e-05
     6625.7292 1.682308e-05
     6626.6294 1.664513e-05
     6627.5300 1.689003e-05
     6628.4301 1.717304e-05
     6629.3303 1.723659e-05
     6630.2304 1.720997e-05
     6631.1306 1.715091e-05
     6632.0312 1.707510e-05
     6632.9314 1.694645e-05
     6633.8315 1.664881e-05
     6634.7316 1.623386e-05
     6635.6318 1.605373e-05
     6636.5324 1.635896e-05
     6637.4326 1.686215e-05
     6638.3327 1.721871e-05
     6639.2329 1.733658e-05
     6640.1330 1.720715e-05
     6641.0336 1.699567e-05
     6641.9338 1.702188e-05
     6642.8339 1.724339e-05
     6643.7341 1.716861e-05
     6644.6342 1.671173e-05
     6645.5348 1.648953e-05
     6646.4350 1.679046e-05
     6647.3351 1.712628e-05
     6648.2353 1.713661e-05
     6649.1354 1.701845e-05
     6650.0361 1.705002e-05
     6650.9362 1.717643e-05
     6651.8363 1.719387e-05
     6652.7365 1.710726e-05
     6653.6366 1.704384e-05
     6654.5373 1.703172e-05
     6655.4374 1.705450e-05
     6656.3375 1.711782e-05
     6657.2377 1.714076e-05
     6658.1378 1.706702e-05
     6659.0385 1.705176e-05
     6659.9386 1.711501e-05
     6660.8388 1.709610e-05
     6661.7389 1.697393e-05
     6662.6390 1.683533e-05
     6663.5397 1.660405e-05
     6664.4398 1.621856e-05
     6665.3400 1.606020e-05
     6666.2401 1.632113e-05
     6667.1403 1.655987e-05
     6668.0409 1.655435e-05
     6668.9410 1.649601e-05
     6669.8412 1.658240e-05
     6670.7413 1.683509e-05
     6671.6415 1.711452e-05
     6672.5421 1.725753e-05
     6673.4422 1.724395e-05
     6674.3424 1.720274e-05
     6675.2425 1.719794e-05
     6676.1427 1.721149e-05
     6677.0433 1.717549e-05
     6677.9435 1.682836e-05
     6678.8436 1.607708e-05
     6679.7437 1.556265e-05
     6680.6439 1.588372e-05
     6681.5445 1.652578e-05
     6682.4447 1.679222e-05
     6683.3448 1.681022e-05
     6684.2450 1.688273e-05
     6685.1451 1.698903e-05
     6686.0457 1.705182e-05
     6686.9459 1.706707e-05
     6687.8460 1.703382e-05
     6688.7462 1.694346e-05
     6689.6463 1.688331e-05
     6690.5469 1.692928e-05
     6691.4471 1.700057e-05
     6692.3472 1.703076e-05
     6693.2474 1.703568e-05
     6694.1475 1.703107e-05
     6695.0482 1.703198e-05
     6695.9483 1.693082e-05
     6696.8484 1.658522e-05
     6697.7486 1.621284e-05
     6698.6487 1.614731e-05
     6699.5494 1.632291e-05
     6700.4495 1.654932e-05
     6701.3497 1.681727e-05
     6702.2498 1.702263e-05
     6703.1499 1.704058e-05
     6704.0506 1.687370e-05
     6704.9507 1.658373e-05
     6705.8509 1.639180e-05
     6706.7510 1.647009e-05
     6707.6512 1.670556e-05
     6708.5518 1.685654e-05
     6709.4519 1.687062e-05
     6710.3521 1.681413e-05
     6711.2522 1.667855e-05
     6712.1524 1.658281e-05
     6713.0530 1.661418e-05
     6713.9531 1.655676e-05
     6714.8533 1.636991e-05
     6715.7534 1.622074e-05
     6716.6536 1.607489e-05
     6717.5542 1.582186e-05
     6718.4543 1.548735e-05
     6719.3545 1.540024e-05
     6720.2546 1.585128e-05
     6721.1548 1.642680e-05
     6722.0554 1.664292e-05
     6722.9556 1.656593e-05
     6723.8557 1.653401e-05
     6724.7558 1.668726e-05
     6725.6560 1.680251e-05
     6726.5566 1.668010e-05
     6727.4568 1.645029e-05
     6728.3569 1.638539e-05
     6729.2571 1.652609e-05
     6730.1572 1.668095e-05
     6731.0578 1.678941e-05
     6731.9580 1.686890e-05
     6732.8581 1.686799e-05
     6733.7583 1.676603e-05
     6734.6584 1.663326e-05
     6735.5590 1.661285e-05
     6736.4592 1.671786e-05
     6737.3593 1.682388e-05
     6738.2595 1.678130e-05
     6739.1596 1.654010e-05
     6740.0603 1.626616e-05
     6740.9604 1.620935e-05
     6741.8605 1.640734e-05
     6742.7607 1.657112e-05
     6743.6608 1.645154e-05
     6744.5615 1.625722e-05
     6745.4616 1.630244e-05
     6746.3618 1.645053e-05
     6747.2619 1.644792e-05
     6748.1620 1.636196e-05
     6749.0627 1.631566e-05
     6749.9628 1.628027e-05
     6750.8630 1.618333e-05
     6751.7631 1.612225e-05
     6752.6633 1.620981e-05
     6753.5639 1.621088e-05
     6754.4640 1.607512e-05
     6755.3642 1.615264e-05
     6756.2643 1.639027e-05
     6757.1645 1.653988e-05
     6758.0651 1.667925e-05
     6758.9652 1.684966e-05
     6759.8654 1.695823e-05
     6760.7655 1.699724e-05
     6761.6657 1.700752e-05
     6762.5663 1.696428e-05
     6763.4665 1.688190e-05
     6764.3666 1.686305e-05
     6765.2667 1.688374e-05
     6766.1669 1.684473e-05
     6767.0675 1.669120e-05
     6767.9677 1.642110e-05
     6768.8678 1.618435e-05
     6769.7680 1.620480e-05
     6770.6681 1.640902e-05
     6771.5687 1.647315e-05
     6772.4689 1.633165e-05
     6773.3690 1.627933e-05
     6774.2692 1.647352e-05
     6775.1693 1.677410e-05
     6776.0699 1.701064e-05
     6776.9701 1.711757e-05
     6777.8702 1.708722e-05
     6778.7704 1.699095e-05
     6779.6705 1.699715e-05
     6780.5712 1.711373e-05
     6781.4713 1.714905e-05
     6782.3714 1.702358e-05
     6783.2716 1.676300e-05
     6784.1717 1.638446e-05
     6785.0724 1.600260e-05
     6785.9725 1.584475e-05
     6786.8727 1.593423e-05
     6787.7728 1.610290e-05
     6788.6729 1.634209e-05
     6789.5736 1.660840e-05
     6790.4737 1.669624e-05
     6791.3739 1.665569e-05
     6792.2740 1.669210e-05
     6793.1742 1.674521e-05
     6794.0748 1.662890e-05
     6794.9749 1.641607e-05
     6795.8751 1.635921e-05
     6796.7752 1.642827e-05
     6797.6754 1.646426e-05
     6798.5760 1.651115e-05
     6799.4761 1.655209e-05
     6800.3763 1.657332e-05
     6801.2764 1.665376e-05
     6802.1766 1.676057e-05
     6803.0772 1.683369e-05
     6803.9774 1.681776e-05
     6804.8775 1.667509e-05
     6805.7776 1.656871e-05
     6806.6778 1.661086e-05
     6807.5784 1.661259e-05
     6808.4786 1.654402e-05
     6809.3787 1.661479e-05
     6810.2789 1.670187e-05
     6811.1790 1.660605e-05
     6812.0796 1.652321e-05
     6812.9798 1.660775e-05
     6813.8799 1.670948e-05
     6814.7801 1.668063e-05
     6815.6802 1.647895e-05
     6816.5808 1.630817e-05
     6817.4810 1.644973e-05
     6818.3811 1.675606e-05
     6819.2813 1.689146e-05
     6820.1814 1.677797e-05
     6821.0821 1.654949e-05
     6821.9822 1.644260e-05
     6822.8823 1.658846e-05
     6823.7825 1.681776e-05
     6824.6826 1.694798e-05
     6825.5833 1.697906e-05
     6826.4834 1.698351e-05
     6827.3836 1.697870e-05
     6828.2837 1.685503e-05
     6829.1838 1.657646e-05
     6830.0845 1.636818e-05
     6830.9846 1.644538e-05
     6831.8848 1.669572e-05
     6832.7849 1.684275e-05
     6833.6851 1.679407e-05
     6834.5857 1.672780e-05
     6835.4858 1.680215e-05
     6836.3860 1.693098e-05
     6837.2861 1.694836e-05
     6838.1863 1.683632e-05
     6839.0869 1.669490e-05
     6839.9870 1.650986e-05
     6840.8872 1.623814e-05
     6841.7873 1.594182e-05
     6842.6875 1.568854e-05
     6843.5881 1.561839e-05
     6844.4883 1.581239e-05
     6845.3884 1.616799e-05
     6846.2885 1.654278e-05
     6847.1887 1.676415e-05
     6848.0893 1.680973e-05
     6848.9895 1.680337e-05
     6849.8896 1.678343e-05
     6850.7898 1.672489e-05
     6851.6899 1.666169e-05
     6852.5905 1.663529e-05
     6853.4907 1.668348e-05
     6854.3908 1.674815e-05
     6855.2910 1.658652e-05
     6856.1911 1.616825e-05
     6857.0917 1.590185e-05
     6857.9919 1.600222e-05
     6858.8920 1.617927e-05
     6859.7922 1.629059e-05
     6860.6923 1.638585e-05
     6861.5930 1.629745e-05
     6862.4931 1.598686e-05
     6863.3932 1.582812e-05
     6864.2934 1.611608e-05
     6865.1935 1.661259e-05
     6866.0942 1.689868e-05
     6866.9943 1.683451e-05
     6867.8945 1.648678e-05
     6868.7946 1.606204e-05
     6869.6947 1.590865e-05
     6870.5954 1.615347e-05
     6871.4955 1.645197e-05
     6872.3957 1.646863e-05
     6873.2958 1.626812e-05
     6874.1960 1.614787e-05
     6875.0966 1.625709e-05
     6875.9967 1.636889e-05
     6876.8969 1.635159e-05
     6877.7970 1.638528e-05
     6878.6972 1.658494e-05
     6879.5978 1.678047e-05
     6880.4979 1.680834e-05
     6881.3981 1.671718e-05
     6882.2982 1.650119e-05
     6883.1984 1.614593e-05
     6884.0990 1.588727e-05
     6884.9992 1.601410e-05
     6885.8993 1.637088e-05
     6886.7994 1.650019e-05
     6887.6996 1.645298e-05
     6888.6002 1.658313e-05
     6889.5004 1.678089e-05
     6890.4005 1.685275e-05
     6891.3007 1.692918e-05
     6892.2008 1.703784e-05
     6893.1014 1.700012e-05
     6894.0016 1.687258e-05
     6894.9017 1.687285e-05
     6895.8019 1.685770e-05
     6896.7020 1.664884e-05
     6897.6026 1.652475e-05
     6898.5028 1.669496e-05
     6899.4029 1.689680e-05
     6900.3031 1.685107e-05
     6901.2032 1.667158e-05
     6902.1039 1.665772e-05
     6903.0040 1.685219e-05
     6903.9041 1.698893e-05
     6904.8043 1.694730e-05
     6905.7044 1.687302e-05
     6906.6051 1.685963e-05
     6907.5052 1.689684e-05
     6908.4054 1.696443e-05
     6909.3055 1.701675e-05
     6910.2056 1.706388e-05
     6911.1063 1.712599e-05
     6912.0064 1.707415e-05
     6912.9066 1.689693e-05
     6913.8067 1.672329e-05
     6914.7069 1.653585e-05
     6915.6075 1.635537e-05
     6916.5076 1.636522e-05
     6917.4078 1.647673e-05
     6918.3079 1.646251e-05
     6919.2081 1.645735e-05
     6920.1087 1.661734e-05
     6921.0088 1.683892e-05
     6921.9090 1.700371e-05
     6922.8091 1.709632e-05
     6923.7093 1.709066e-05
     6924.6099 1.689301e-05
     6925.5101 1.650287e-05
     6926.4102 1.614013e-05
     6927.3103 1.605536e-05
     6928.2105 1.630667e-05
     6929.1111 1.665942e-05
     6930.0113 1.684498e-05
     6930.9114 1.689351e-05
     6931.8116 1.690348e-05
     6932.7117 1.686140e-05
     6933.6123 1.670347e-05
     6934.5125 1.646821e-05
     6935.4126 1.644099e-05
     6936.3128 1.668536e-05
     6937.2129 1.687281e-05
     6938.1135 1.687479e-05
     6939.0137 1.682832e-05
     6939.9138 1.684161e-05
     6940.8140 1.693794e-05
     6941.7141 1.708004e-05
     6942.6148 1.716298e-05
     6943.5149 1.708580e-05
     6944.4150 1.687229e-05
     6945.3152 1.658140e-05
     6946.2153 1.627556e-05
     6947.1160 1.621212e-05
     6948.0161 1.650155e-05
     6948.9163 1.682051e-05
     6949.8164 1.698753e-05
     6950.7165 1.705555e-05
     6951.6172 1.694700e-05
     6952.5173 1.666038e-05
     6953.4175 1.646707e-05
     6954.3176 1.645445e-05
     6955.2178 1.647685e-05
     6956.1184 1.653663e-05
     6957.0185 1.669429e-05
     6957.9187 1.689926e-05
     6958.8188 1.702850e-05
     6959.7190 1.705497e-05
     6960.6196 1.704856e-05
     6961.5197 1.703344e-05
     6962.4199 1.704937e-05
     6963.3200 1.710655e-05
     6964.2202 1.714277e-05
     6965.1208 1.716793e-05
     6966.0210 1.713439e-05
     6966.9211 1.696773e-05
     6967.8212 1.687031e-05
     6968.7214 1.704178e-05
     6969.6220 1.730240e-05
     6970.5222 1.738239e-05
     6971.4223 1.724245e-05
     6972.3225 1.701909e-05
     6973.2226 1.694399e-05
     6974.1232 1.710578e-05
     6975.0234 1.724920e-05
     6975.9235 1.712681e-05
     6976.8237 1.684741e-05
     6977.7238 1.655969e-05
     6978.6244 1.615321e-05
     6979.5246 1.556916e-05
     6980.4247 1.522420e-05
     6981.3249 1.557367e-05
     6982.2250 1.629789e-05
     6983.1257 1.682609e-05
     6984.0258 1.710022e-05
     6984.9259 1.726039e-05
     6985.8261 1.733266e-05
     6986.7262 1.733216e-05
     6987.6269 1.729130e-05
     6988.5270 1.721857e-05
     6989.4272 1.707473e-05
     6990.3273 1.687242e-05
     6991.2275 1.677195e-05
     6992.1281 1.690009e-05
     6993.0282 1.714812e-05
     6993.9284 1.731428e-05
     6994.8285 1.730465e-05
     6995.7287 1.716864e-05
     6996.6293 1.709515e-05
     6997.5294 1.715708e-05
     6998.4296 1.723044e-05
     6999.3297 1.720770e-05
     7000.2299 1.697401e-05
     7001.1305 1.661170e-05
     7002.0307 1.648557e-05
     7002.9308 1.673400e-05
     7003.8309 1.704687e-05
     7004.7311 1.705055e-05
     7005.6317 1.679497e-05
     7006.5319 1.660743e-05
     7007.4320 1.658728e-05
     7008.3322 1.665478e-05
     7009.2323 1.678151e-05
     7010.1329 1.696278e-05
     7011.0331 1.708545e-05
     7011.9332 1.701956e-05
     7012.8334 1.689506e-05
     7013.7335 1.692435e-05
     7014.6341 1.707417e-05
     7015.5343 1.707710e-05
     7016.4344 1.667472e-05
     7017.3346 1.597746e-05
     7018.2347 1.563677e-05
     7019.1354 1.608059e-05
     7020.0355 1.682344e-05
     7020.9356 1.728462e-05
     7021.8358 1.746019e-05
     7022.7359 1.745134e-05
     7023.6366 1.717024e-05
     7024.5367 1.665843e-05
     7025.4369 1.625797e-05
     7026.3370 1.625958e-05
     7027.2371 1.657638e-05
     7028.1378 1.686789e-05
     7029.0379 1.698553e-05
     7029.9381 1.703577e-05
     7030.8382 1.709751e-05
     7031.7384 1.716236e-05
     7032.6390 1.716771e-05
     7033.5391 1.709474e-05
     7034.4393 1.703068e-05
     7035.3394 1.700411e-05
     7036.2396 1.700478e-05
     7037.1402 1.711934e-05
     7038.0403 1.718271e-05
     7038.9405 1.683574e-05
     7039.8406 1.631206e-05
     7040.7408 1.632684e-05
     7041.6414 1.696823e-05
     7042.5416 1.762519e-05
     7043.4417 1.793395e-05
     7044.3418 1.793817e-05
     7045.2420 1.770804e-05
     7046.1426 1.735691e-05
     7047.0428 1.717909e-05
     7047.9429 1.732218e-05
     7048.8431 1.759379e-05
     7049.7432 1.778532e-05
     7050.6438 1.782739e-05
     7051.5440 1.773783e-05
     7052.4441 1.751930e-05
     7053.3443 1.705853e-05
     7054.2444 1.640398e-05
     7055.1451 1.593019e-05
     7056.0452 1.585831e-05
     7056.9453 1.608405e-05
     7057.8455 1.642685e-05
     7058.7456 1.666916e-05
     7059.6463 1.664897e-05
     7060.5464 1.635231e-05
     7061.4466 1.596046e-05
     7062.3467 1.580971e-05
     7063.2468 1.596034e-05
     7064.1475 1.614215e-05
     7065.0476 1.629388e-05
     7065.9478 1.646157e-05
     7066.8479 1.646705e-05
     7067.7481 1.622391e-05
     7068.6487 1.585186e-05
     7069.5488 1.549818e-05
     7070.4490 1.544344e-05
     7071.3491 1.582805e-05
     7072.2493 1.631852e-05
     7073.1499 1.654740e-05
     7074.0500 1.656627e-05
     7074.9502 1.657858e-05
     7075.8503 1.659777e-05
     7076.7505 1.657656e-05
     7077.6511 1.653851e-05
     7078.5513 1.654405e-05
     7079.4514 1.661071e-05
     7080.3515 1.667755e-05
     7081.2517 1.674652e-05
     7082.1523 1.683294e-05
     7083.0525 1.681470e-05
     7083.9526 1.654398e-05
     7084.8528 1.599254e-05
     7085.7529 1.537063e-05
     7086.6535 1.510923e-05
     7087.5537 1.527993e-05
     7088.4538 1.541904e-05
     7089.3540 1.536434e-05
     7090.2541 1.531641e-05
     7091.1547 1.526497e-05
     7092.0549 1.520314e-05
     7092.9550 1.525112e-05
     7093.8552 1.531602e-05
     7094.7553 1.530876e-05
     7095.6560 1.532070e-05
     7096.5561 1.531845e-05
     7097.4562 1.528985e-05
     7098.3564 1.531152e-05
     7099.2565 1.542298e-05
     7100.1572 1.570125e-05
     7101.0573 1.592970e-05
     7101.9575 1.595911e-05
     7102.8576 1.583882e-05
     7103.7578 1.566448e-05
     7104.6584 1.560333e-05
     7105.5585 1.576754e-05
     7106.4587 1.600972e-05
     7107.3588 1.605955e-05
     7108.2590 1.588300e-05
     7109.1596 1.572667e-05
     7110.0597 1.574873e-05
     7110.9599 1.576313e-05
     7111.8600 1.557691e-05
     7112.7602 1.534592e-05
     7113.6608 1.533927e-05
     7114.5610 1.555530e-05
     7115.4611 1.577595e-05
     7116.3612 1.588512e-05
     7117.2614 1.596979e-05
     7118.1620 1.603375e-05
     7119.0622 1.600404e-05
     7119.9623 1.594548e-05
     7120.8625 1.591147e-05
     7121.7626 1.588526e-05
     7122.6632 1.579599e-05
     7123.5634 1.562120e-05
     7124.4635 1.560042e-05
     7125.3637 1.574691e-05
     7126.2638 1.569451e-05
     7127.1644 1.542457e-05
     7128.0646 1.525732e-05
     7128.9647 1.532375e-05
     7129.8649 1.546828e-05
     7130.7650 1.539502e-05
     7131.6657 1.503978e-05
     7132.5658 1.474760e-05
     7133.4659 1.484576e-05
     7134.3661 1.518788e-05
     7135.2662 1.551863e-05
     7136.1669 1.572255e-05
     7137.0670 1.576918e-05
     7137.9672 1.579704e-05
     7138.8673 1.585656e-05
     7139.7674 1.576997e-05
     7140.6681 1.555734e-05
     7141.5682 1.552341e-05
     7142.4684 1.571465e-05
     7143.3685 1.583601e-05
     7144.2687 1.578726e-05
     7145.1693 1.573992e-05
     7146.0694 1.572713e-05
     7146.9696 1.571785e-05
     7147.8697 1.566667e-05
     7148.7699 1.536062e-05
     7149.6705 1.492784e-05
     7150.5707 1.488310e-05
     7151.4708 1.522029e-05
     7152.3709 1.551851e-05
     7153.2711 1.573638e-05
     7154.1717 1.598623e-05
     7155.0719 1.611886e-05
     7155.9720 1.598233e-05
     7156.8722 1.576628e-05
     7157.7723 1.582049e-05
     7158.6729 1.607456e-05
     7159.5731 1.613322e-05
     7160.4732 1.594331e-05
     7161.3734 1.574208e-05
     7162.2735 1.571716e-05
     7163.1741 1.587775e-05
     7164.0743 1.595589e-05
     7164.9744 1.565942e-05
     7165.8746 1.510451e-05
     7166.7747 1.481085e-05
     7167.6754 1.506548e-05
     7168.5755 1.559675e-05
     7169.4756 1.600276e-05
     7170.3758 1.610488e-05
     7171.2759 1.602391e-05
     7172.1766 1.601344e-05
     7173.0767 1.615138e-05
     7173.9769 1.630060e-05
     7174.8770 1.636807e-05
     7175.7771 1.630146e-05
     7176.6778 1.604359e-05
     7177.5779 1.573661e-05
     7178.4781 1.573061e-05
     7179.3782 1.603884e-05
     7180.2784 1.617665e-05
     7181.1790 1.586150e-05
     7182.0791 1.533576e-05
     7182.9793 1.508588e-05
     7183.8794 1.537660e-05
     7184.7796 1.589744e-05
     7185.6802 1.619200e-05
     7186.5804 1.617829e-05
     7187.4805 1.589131e-05
     7188.3806 1.538357e-05
     7189.2808 1.496646e-05
     7190.1814 1.489193e-05
     7191.0816 1.507231e-05
     7191.9817 1.539212e-05
     7192.8819 1.566854e-05
     7193.7820 1.566369e-05
     7194.6826 1.548194e-05
     7195.5828 1.549184e-05
     7196.4829 1.572585e-05
     7197.3831 1.581078e-05
     7198.2832 1.561317e-05
     7199.1838 1.551149e-05
     7200.0840 1.570883e-05
     7200.9841 1.592229e-05
     7201.8843 1.595289e-05
     7202.7844 1.583062e-05
     7203.6851 1.567771e-05
     7204.5852 1.574390e-05
     7205.4853 1.606283e-05
     7206.3855 1.628483e-05
     7207.2856 1.604329e-05
     7208.1863 1.536776e-05
     7209.0864 1.479937e-05
     7209.9866 1.477366e-05
     7210.8867 1.514779e-05
     7211.7869 1.567394e-05
     7212.6875 1.610486e-05
     7213.5876 1.617391e-05
     7214.4878 1.595878e-05
     7215.3879 1.575436e-05
     7216.2881 1.566312e-05
     7217.1887 1.564925e-05
     7218.0888 1.577980e-05
     7218.9890 1.607026e-05
     7219.8891 1.627474e-05
     7220.7893 1.622949e-05
     7221.6899 1.606362e-05
     7222.5901 1.594730e-05
     7223.4902 1.589651e-05
     7224.3903 1.584780e-05
     7225.2905 1.588513e-05
     7226.1911 1.609290e-05
     7227.0913 1.630419e-05
     7227.9914 1.639593e-05
     7228.8916 1.637444e-05
     7229.7917 1.621376e-05
     7230.6923 1.606469e-05
     7231.5925 1.614153e-05
     7232.4926 1.638383e-05
     7233.3928 1.658050e-05
     7234.2929 1.667104e-05
     7235.1935 1.671966e-05
     7236.0937 1.671154e-05
     7236.9938 1.657259e-05
     7237.8940 1.637485e-05
     7238.7941 1.629409e-05
     7239.6948 1.631905e-05
     7240.5949 1.628350e-05
     7241.4951 1.623848e-05
     7242.3952 1.637417e-05
     7243.2953 1.657939e-05
     7244.1960 1.659223e-05
     7245.0961 1.637566e-05
     7245.9963 1.608576e-05
     7246.8964 1.595268e-05
     7247.7966 1.614357e-05
     7248.6972 1.651288e-05
     7249.5973 1.678234e-05
     7250.4975 1.679790e-05
     7251.3976 1.654893e-05
     7252.2978 1.616346e-05
     7253.1984 1.591364e-05
     7254.0985 1.599591e-05
     7254.9987 1.625536e-05
     7255.8988 1.640573e-05
     7256.7990 1.644492e-05
     7257.6996 1.655985e-05
     7258.5998 1.676785e-05
     7259.4999 1.688766e-05
     7260.4000 1.681121e-05
     7261.3002 1.654444e-05
     7262.2008 1.608483e-05
     7263.1010 1.569825e-05
     7264.0011 1.582348e-05
     7264.9013 1.630776e-05
     7265.8014 1.665615e-05
     7266.7020 1.678882e-05
     7267.6022 1.686758e-05
     7268.5023 1.693356e-05
     7269.4025 1.693062e-05
     7270.3026 1.685232e-05
     7271.2033 1.674353e-05
     7272.1034 1.662818e-05
     7273.0035 1.653134e-05
     7273.9037 1.651899e-05
     7274.8038 1.661073e-05
     7275.7045 1.672430e-05
     7276.6046 1.679397e-05
     7277.5048 1.685607e-05
     7278.4049 1.688003e-05
     7279.3050 1.679097e-05
     7280.2057 1.665261e-05
     7281.1058 1.658234e-05
     7282.0060 1.652857e-05
     7282.9061 1.636271e-05
     7283.8063 1.610035e-05
     7284.7069 1.590235e-05
     7285.6070 1.586951e-05
     7286.5072 1.601828e-05
     7287.4073 1.630591e-05
     7288.3075 1.651973e-05
     7289.2081 1.644322e-05
     7290.1082 1.610490e-05
     7291.0084 1.582181e-05
     7291.9085 1.575660e-05
     7292.8087 1.571037e-05
     7293.7093 1.561603e-05
     7294.6095 1.567610e-05
     7295.5096 1.602158e-05
     7296.4098 1.648878e-05
     7297.3099 1.688079e-05
     7298.2105 1.707988e-05
     7299.1107 1.701095e-05
     7300.0108 1.678337e-05
     7300.9110 1.660530e-05
     7301.8111 1.660223e-05
     7302.7117 1.671016e-05
     7303.6119 1.678871e-05
     7304.5120 1.683695e-05
     7305.4122 1.674627e-05
     7306.3123 1.702971e-05
     7307.2130 1.695957e-05
     7308.1131 1.673627e-05
     7309.0132 1.652971e-05
     7309.9134 1.651651e-05
     7310.8135 1.668501e-05
     7311.7142 1.675036e-05
     7312.6143 1.660005e-05
     7313.5145 1.654370e-05
     7314.4146 1.675677e-05
     7315.3147 1.701670e-05
     7316.2154 1.709168e-05
     7317.1155 1.696798e-05
     7318.0157 1.678697e-05
     7318.9158 1.668727e-05
     7319.8160 1.672258e-05
     7320.7166 1.685385e-05
     7321.6167 1.693648e-05
     7322.5169 1.694862e-05
     7323.4170 1.697513e-05
     7324.3172 1.693416e-05
     7325.2178 1.675590e-05
     7326.1180 1.649061e-05
     7327.0181 1.620319e-05
     7327.9182 1.611586e-05
     7328.8184 1.643190e-05
     7329.7190 1.686230e-05
     7330.6192 1.701415e-05
     7331.5193 1.691987e-05
     7332.4195 1.682828e-05
     7333.3196 1.684967e-05
     7334.2202 1.691102e-05
     7335.1204 1.693657e-05
     7336.0205 1.698867e-05
     7336.9207 1.712614e-05
     7337.8208 1.728771e-05
     7338.7214 1.737861e-05
     7339.6216 1.738256e-05
     7340.5217 1.737525e-05
     7341.4219 1.741653e-05
     7342.3220 1.749713e-05
     7343.2227 1.750975e-05
     7344.1228 1.730873e-05
     7345.0230 1.689877e-05
     7345.9231 1.657789e-05
     7346.8232 1.663937e-05
     7347.7239 1.696133e-05
     7348.6240 1.724534e-05
     7349.5242 1.738548e-05
     7350.4243 1.735500e-05
     7351.3245 1.712511e-05
     7352.2251 1.682395e-05
     7353.1252 1.668044e-05
     7354.0254 1.675507e-05
     7354.9255 1.682255e-05
     7355.8257 1.664181e-05
     7356.7263 1.648620e-05
     7357.6264 1.594137e-05
     7358.5266 1.603181e-05
     7359.4267 1.652710e-05
     7360.3269 1.704612e-05
     7361.2275 1.726613e-05
     7362.1277 1.708800e-05
     7363.0278 1.667810e-05
     7363.9279 1.633408e-05
     7364.8281 1.626452e-05
     7365.7287 1.643827e-05
     7366.6289 1.670439e-05
     7367.5290 1.691869e-05
     7368.4292 1.706867e-05
     7369.3293 1.719165e-05
     7370.2299 1.725553e-05
     7371.1301 1.728067e-05
     7372.0302 1.738350e-05
     7372.9304 1.751552e-05
     7373.8305 1.755106e-05
     7374.7312 1.747279e-05
     7375.6313 1.735378e-05
     7376.5314 1.724719e-05
     7377.4316 1.718374e-05
     7378.3317 1.724079e-05
     7379.2324 1.741471e-05
     7380.1325 1.758189e-05
     7381.0327 1.759422e-05
     7381.9328 1.740520e-05
     7382.8329 1.708615e-05
     7383.7336 1.682839e-05
     7384.6337 1.673615e-05
     7385.5339 1.667971e-05
     7386.4340 1.647841e-05
     7387.3342 1.620877e-05
     7388.2348 1.606711e-05
     7389.1349 1.600836e-05
     7390.0351 1.588661e-05
     7390.9352 1.581214e-05
     7391.8354 1.601837e-05
     7392.7360 1.640471e-05
     7393.6362 1.659420e-05
     7394.5363 1.652883e-05
     7395.4364 1.649711e-05
     7396.3366 1.667937e-05
     7397.2372 1.689875e-05
     7398.1374 1.696618e-05
     7399.0375 1.691752e-05
     7399.9377 1.678160e-05
     7400.8378 1.656898e-05
     7401.7384 1.639101e-05
     7410.0000 1.814421e-05
     7430.0000 1.870847e-05
     7450.0000 1.866811e-05
     7470.0000 1.907590e-05
     7490.0000 1.907100e-05
     7510.0000 1.922572e-05
     7530.0000 1.960001e-05
     7550.0000 1.975539e-05
     7570.0000 1.956872e-05
     7590.0000 1.877500e-05
     7610.0000 1.832857e-05
     7630.0000 1.787495e-05
     7650.0000 1.731890e-05
     7670.0000 1.644315e-05
     7690.0000 1.689310e-05
     7710.0000 1.659993e-05
     7730.0000 1.669142e-05
     7750.0000 1.654577e-05
     7770.0000 1.688008e-05
     7790.0000 1.686770e-05
     7810.0000 1.693941e-05
     7830.0000 1.695571e-05
     7850.0000 1.682065e-05
     7870.0000 1.704116e-05
     7890.0000 1.701204e-05
     7910.0000 1.660174e-05
     7930.0000 1.667473e-05
     7950.0000 1.671717e-05
     7970.0000 1.719869e-05
     7990.0000 1.719601e-05
     8010.0000 1.751529e-05
     8030.0000 1.764385e-05
     8050.0000 1.762722e-05
     8070.0000 1.805765e-05
     8090.0000 1.799329e-05
     8110.0000 1.819908e-05
     8130.0000 1.876184e-05
     8150.0000 1.908141e-05
     8170.0000 1.919991e-05
     8190.0000 1.822156e-05
     8210.0000 1.826488e-05
     8230.0000 1.826719e-05
     8250.0000 1.830950e-05
     8270.0000 1.834266e-05
     8290.0000 1.812216e-05
     8310.0000 1.762692e-05
     8330.0000 1.738701e-05
     8350.0000 1.746256e-05
     8370.0000 1.751592e-05
     8390.0000 1.687915e-05
     8410.0000 1.754223e-05
     8430.0000 1.681159e-05
     8450.0000 1.654509e-05
     8470.0000 1.640702e-05
     8490.0000 1.662478e-05
     8510.0000 1.603825e-05
     8530.0000 1.665394e-05
     8550.0000 1.604751e-05
     8570.0000 1.709053e-05
     8590.0000 1.686037e-05
     8610.0000 1.706316e-05
     8630.0000 1.739297e-05
     8650.0000 1.748846e-05
     8670.0000 1.638004e-05
     8690.0000 1.703106e-05
     8710.0000 1.768523e-05
     8730.0000 1.780860e-05
     8750.0000 1.773483e-05
     8770.0000 1.799069e-05
     8790.0000 1.821835e-05
     8810.0000 1.786974e-05
     8830.0000 1.800334e-05
     8850.0000 1.792342e-05
     8870.0000 1.720654e-05
     8890.0000 1.729828e-05
     8910.0000 1.749295e-05
     8930.0000 1.728309e-05
     8950.0000 1.730993e-05
     8970.0000 1.740050e-05
     8990.0000 1.742389e-05
     9010.0000 1.705095e-05
     9030.0000 1.766827e-05
     9050.0000 1.814417e-05
     9070.0000 1.810060e-05
     9090.0000 1.781226e-05
     9110.0000 1.805370e-05
     9130.0000 1.830109e-05
     9150.0000 1.822029e-05
     9170.0000 1.816533e-05
     9190.0000 1.826017e-05
     9210.0000 1.772358e-05
     9230.0000 1.741446e-05
     9250.0000 1.725913e-05
     9270.0000 1.740733e-05
     9290.0000 1.714487e-05
     9310.0000 1.719697e-05
     9330.0000 1.722678e-05
     9350.0000 1.714107e-05
     9370.0000 1.685287e-05
     9390.0000 1.711110e-05
     9410.0000 1.685607e-05
     9430.0000 1.722664e-05
     9450.0000 1.697848e-05
     9470.0000 1.730758e-05
     9490.0000 1.733649e-05
     9510.0000 1.709865e-05
     9530.0000 1.722274e-05
     9550.0000 1.699625e-05
     9570.0000 1.707837e-05
     9590.0000 1.729142e-05
     9610.0000 1.705165e-05
     9630.0000 1.714409e-05
     9650.0000 1.680115e-05
     9670.0000 1.680576e-05
     9690.0000 1.701519e-05
     9710.0000 1.677950e-05
     9730.0000 1.662094e-05
     9750.0000 1.658378e-05
     9770.0000 1.664283e-05
     9790.0000 1.635951e-05
     9810.0000 1.681014e-05
     9830.0000 1.667163e-05
     9850.0000 1.675603e-05
     9870.0000 1.665411e-05
     9890.0000 1.664579e-05
     9910.0000 1.632388e-05
     9930.0000 1.646808e-05
     9950.0000 1.653497e-05
     9970.0000 1.656069e-05
     9990.0000 1.649757e-05
    10025.0000 1.646867e-05
    10075.0000 1.630215e-05
    10125.0000 1.637828e-05
    10175.0000 1.618934e-05
    10225.0000 1.619022e-05
    10275.0000 1.617043e-05
    10325.0000 1.596784e-05
    10375.0000 1.585719e-05
    10425.0000 1.584728e-05
    10475.0000 1.559141e-05
    10525.0000 1.546166e-05
    10575.0000 1.519167e-05
    10625.0000 1.511482e-05
    10675.0000 1.494159e-05
    10725.0000 1.493047e-05
    10775.0000 1.484045e-05
    10825.0000 1.461240e-05
    10875.0000 1.452152e-05
    10925.0000 1.441698e-05
    10975.0000 1.413765e-05
    11025.0000 1.398949e-05
    11075.0000 1.380147e-05
    11125.0000 1.371556e-05
    11175.0000 1.362347e-05
    11225.0000 1.361429e-05
    11275.0000 1.344383e-05
    11325.0000 1.339658e-05
    11375.0000 1.321704e-05
    11425.0000 1.307116e-05
    11475.0000 1.324443e-05
    11525.0000 1.319223e-05
    11575.0000 1.302868e-05
    11625.0000 1.282222e-05
    11675.0000 1.280304e-05
    11725.0000 1.286475e-05
    11775.0000 1.257012e-05
    11825.0000 1.251317e-05
    11875.0000 1.234634e-05
    11925.0000 1.249785e-05
    11975.0000 1.208248e-05
    12025.0000 1.225945e-05
    12075.0000 1.216457e-05
    12125.0000 1.214982e-05
    12175.0000 1.216043e-05
    12225.0000 1.206888e-05
    12275.0000 1.196683e-05
    12325.0000 1.189810e-05
    12375.0000 1.184622e-05
    12425.0000 1.167473e-05
    12475.0000 1.167343e-05
    12525.0000 1.154304e-05
    12575.0000 1.153599e-05
    12625.0000 1.146342e-05
    12675.0000 1.133677e-05
    12725.0000 1.135278e-05
    12775.0000 1.133412e-05
    12825.0000 1.101173e-05
    12875.0000 1.112200e-05
    12925.0000 1.099275e-05
    12975.0000 1.105124e-05
    13025.0000 1.095063e-05
    13075.0000 1.093783e-05
    13125.0000 1.068730e-05
    13175.0000 1.070330e-05
    13225.0000 1.069764e-05
    13275.0000 1.051322e-05
    13325.0000 1.037612e-05
    13375.0000 1.018053e-05
    13425.0000 1.015049e-05
    13475.0000 1.010221e-05
    13525.0000 1.003139e-05
    13575.0000 9.887350e-06
    13625.0000 9.837191e-06
    13675.0000 9.869320e-06
    13725.0000 9.884619e-06
    13775.0000 9.848152e-06
    13825.0000 9.830529e-06
    13875.0000 9.731107e-06
    13925.0000 9.343672e-06
    13975.0000 9.281397e-06
    14025.0000 9.183652e-06
    14075.0000 9.216058e-06
    14125.0000 9.116849e-06
    14175.0000 9.138625e-06
    14225.0000 9.049902e-06
    14275.0000 8.938508e-06
    14325.0000 9.096496e-06
    14375.0000 9.143180e-06
    14425.0000 8.990719e-06
    14475.0000 9.107382e-06
    14525.0000 9.034992e-06
    14570.0000 9.061455e-06
    14620.0000 8.813948e-06
    14675.0000 8.793266e-06
    14725.0000 8.805252e-06
    14775.0000 8.821310e-06
    14825.0000 8.858510e-06
    14875.0000 8.785830e-06
    14925.0000 8.980650e-06
    14975.0000 8.949570e-06
    15025.0000 8.751771e-06
    15075.0000 8.852957e-06
    15125.0000 8.981993e-06
    15175.0000 9.013967e-06
    15225.0000 9.042315e-06
    15275.0000 9.050229e-06
    15325.0000 9.051009e-06
    15375.0000 9.029000e-06
    15425.0000 8.976541e-06
    15475.0000 9.072474e-06
    15525.0000 9.042817e-06
    15575.0000 8.784876e-06
    15625.0000 8.878911e-06
    15675.0000 8.903452e-06
    15725.0000 8.967336e-06
    15775.0000 8.531101e-06
    15825.0000 8.586726e-06
    15875.0000 8.624412e-06
    15925.0000 8.830962e-06
    15975.0000 8.663916e-06
    16050.0000 8.690183e-06
    16150.0000 8.836516e-06
    16250.0000 8.538931e-06
    16350.0000 8.757814e-06
    16450.0000 8.465209e-06
    16550.0000 8.610929e-06
    16650.0000 8.423691e-06
    16750.0000 8.318514e-06
    16850.0000 8.222163e-06
    16950.0000 8.199382e-06
    17050.0000 8.040220e-06
    17150.0000 7.880942e-06
    17250.0000 7.724617e-06
    17350.0000 7.519066e-06
    17450.0000 7.398212e-06
    17550.0000 7.218801e-06
    17650.0000 7.117452e-06
    17750.0000 6.890829e-06
    17850.0000 6.769955e-06
    17950.0000 6.672653e-06
    18050.0000 6.515915e-06
    18150.0000 6.416161e-06
    18250.0000 6.328091e-06
    18350.0000 6.237650e-06
    18450.0000 6.108925e-06
    18550.0000 6.053614e-06
    18650.0000 5.922310e-06
    18750.0000 5.799748e-06
    18850.0000 5.753179e-06
    18950.0000 5.583478e-06
    19050.0000 5.578894e-06
    19150.0000 5.470674e-06
    19250.0000 5.384234e-06
    19350.0000 5.248716e-06
    19450.0000 5.135447e-06
    19550.0000 5.055752e-06
    19650.0000 4.971486e-06
    19750.0000 4.836272e-06
    19850.0000 4.785717e-06
    19950.0000 4.728659e-06
    20050.0000 4.689499e-06
    20150.0000 4.633357e-06
    20250.0000 4.545825e-06
    20350.0000 4.483472e-06
    20450.0000 4.457679e-06
    20550.0000 4.396474e-06
    20650.0000 4.344028e-06
    20750.0000 4.307208e-06
    20850.0000 4.259635e-06
    20950.0000 4.194686e-06
    21050.0000 4.176413e-06
    21150.0000 4.120816e-06
    21250.0000 4.077134e-06
    21350.0000 4.035741e-06
    21450.0000 3.986662e-06
    21550.0000 3.930295e-06
    21650.0000 3.869473e-06
    21750.0000 3.811038e-06
    21850.0000 3.763564e-06
    21950.0000 3.724411e-06
    22050.0000 3.624267e-06
    22150.0000 3.628973e-06
    22250.0000 3.552838e-06
    22350.0000 3.503719e-06
    22450.0000 3.456609e-06
    22550.0000 3.414045e-06
    22650.0000 3.337058e-06
    22750.0000 3.323126e-06
    22850.0000 3.257056e-06
    22950.0000 2.725339e-06
    23050.0000 2.905063e-06
    23150.0000 2.900819e-06
    23250.0000 2.493986e-06
    23350.0000 2.670799e-06
    23450.0000 2.548970e-06
    23550.0000 2.312490e-06
    23650.0000 2.477094e-06
    23750.0000 2.366382e-06
    23850.0000 2.190784e-06
    23950.0000 2.309933e-06
    24050.0000 2.259119e-06
    24150.0000 2.099091e-06
    24250.0000 2.161569e-06
    24350.0000 2.093211e-06
    24450.0000 2.019781e-06
    24550.0000 2.000737e-06
    24650.0000 1.996650e-06
    24750.0000 1.930218e-06
    24850.0000 1.734619e-06
    24950.0000 1.667008e-06
    25050.0000 1.695564e-06
    25150.0000 1.635640e-06
    25250.0000 1.667079e-06
    25350.0000 1.679818e-06
    25450.0000 1.665033e-06
    25550.0000 1.668637e-06
    25650.0000 1.686042e-06
    25750.0000 1.700972e-06
    25850.0000 1.670834e-06
    25950.0000 1.699825e-06
    26050.0000 1.694785e-06
    26150.0000 1.676275e-06
    26250.0000 1.628369e-06
    26350.0000 1.628537e-06
    26450.0000 1.611523e-06
    26550.0000 1.592330e-06
    26650.0000 1.572815e-06
    26750.0000 1.579624e-06
    26850.0000 1.562529e-06
    26950.0000 1.543968e-06
    27050.0000 1.540547e-06
    27150.0000 1.517838e-06
    27250.0000 1.504974e-06
    27350.0000 1.484744e-06
    27450.0000 1.478520e-06
    27550.0000 1.471793e-06
    27650.0000 1.448555e-06
    27750.0000 1.430409e-06
    27850.0000 1.418430e-06
    27950.0000 1.410044e-06
    28050.0000 1.381710e-06
    28150.0000 1.377761e-06
    28250.0000 1.373594e-06
    28350.0000 1.363077e-06
    28450.0000 1.351343e-06
    28550.0000 1.325686e-06
    28650.0000 1.311412e-06
    28750.0000 1.312671e-06
    28850.0000 1.292605e-06
    28950.0000 1.285108e-06
    29050.0000 1.270673e-06
    29150.0000 1.261847e-06
    29250.0000 1.243357e-06
    29350.0000 1.234968e-06
    29450.0000 1.207198e-06
    29550.0000 1.207436e-06
    29650.0000 1.187040e-06
    29750.0000 1.178600e-06
    29850.0000 1.172948e-06
    29950.0000 1.161014e-06
    30050.0000 1.149906e-06
    30150.0000 1.141506e-06
    30250.0000 1.130606e-06
    30350.0000 1.118935e-06
    30450.0000 1.112162e-06
    30550.0000 1.102170e-06
    30650.0000 1.092722e-06
    30750.0000 1.084872e-06
    30850.0000 1.073932e-06
    30950.0000 1.065866e-06
    31050.0000 1.058274e-06
    31150.0000 1.044822e-06
    31250.0000 1.039056e-06
    31350.0000 1.030501e-06
    31450.0000 1.021362e-06
    31550.0000 1.011201e-06
    31650.0000 1.002149e-06
    31750.0000 9.947306e-07
    31850.0000 9.862618e-07
    31950.0000 9.781021e-07
    32100.0000 9.645607e-07
    32300.0000 9.477783e-07
    32500.0000 9.312383e-07
    32700.0000 9.142554e-07
    32900.0000 8.966589e-07
    33100.0000 8.810900e-07
    33300.0000 8.643530e-07
    33500.0000 8.495527e-07
    33700.0000 8.333596e-07
    33900.0000 8.169587e-07
    34100.0000 8.007805e-07
    34300.0000 7.867799e-07
    34500.0000 7.721764e-07
    34700.0000 7.572291e-07
    34900.0000 7.430426e-07
    35100.0000 7.291317e-07
    35300.0000 7.144685e-07
    35500.0000 7.013553e-07
    35700.0000 6.877511e-07
    35900.0000 6.750045e-07
    36100.0000 6.632525e-07
    36300.0000 6.508112e-07
    36500.0000 6.379143e-07
    36700.0000 6.257621e-07
    36900.0000 6.129235e-07
    37100.0000 6.010882e-07
    37300.0000 5.912495e-07
    37500.0000 5.785726e-07
    37700.0000 5.694940e-07
    37900.0000 5.587928e-07
    38100.0000 5.489534e-07
    38300.0000 5.393677e-07
    38500.0000 5.295520e-07
    38700.0000 5.188843e-07
    38900.0000 5.096017e-07
    39100.0000 5.005856e-07
    39300.0000 4.914270e-07
    39500.0000 4.812083e-07
    39700.0000 4.725102e-07
    39900.0000 4.620251e-07
    40100.0000 4.545380e-07
    40300.0000 4.465107e-07
    40500.0000 4.373477e-07
    40700.0000 4.293379e-07
    40900.0000 4.214934e-07
    41100.0000 4.137133e-07
    41300.0000 4.061929e-07
    41500.0000 3.981856e-07
    41700.0000 3.906590e-07
    41900.0000 3.828201e-07
    42100.0000 3.749638e-07
    42300.0000 3.690210e-07
    42500.0000 3.614113e-07
    42700.0000 3.548430e-07
    42900.0000 3.406383e-07
    43100.0000 3.262966e-07
    43300.0000 3.237757e-07
    43500.0000 3.103744e-07
    43700.0000 3.027819e-07
    43900.0000 2.964035e-07
    44100.0000 2.872130e-07
    44300.0000 2.802919e-07
    44500.0000 2.752009e-07
    44700.0000 2.686695e-07
    44900.0000 2.645727e-07
    45100.0000 2.599013e-07
    45300.0000 2.550671e-07
    45500.0000 2.514923e-07
    45700.0000 2.474922e-07
    45900.0000 2.405236e-07
    46100.0000 2.391705e-07
    46300.0000 2.352325e-07
    46500.0000 2.321058e-07
    46700.0000 2.305916e-07
    46900.0000 2.261770e-07
    47100.0000 2.227626e-07
    47300.0000 2.216167e-07
    47500.0000 2.165040e-07
    47700.0000 2.147482e-07
    47900.0000 2.122362e-07
    48100.0000 2.072977e-07
    48300.0000 2.075371e-07
    48500.0000 2.030652e-07
    48700.0000 1.997184e-07
    48900.0000 1.968121e-07
    49100.0000 1.937296e-07
    49300.0000 1.922404e-07
    49500.0000 1.889103e-07
    49700.0000 1.877308e-07
    49900.0000 1.838761e-07
    50100.0000 1.815977e-07
    50300.0000 1.791412e-07
    50500.0000 1.760835e-07
    50700.0000 1.740159e-07
    50900.0000 1.717630e-07
    51100.0000 1.690309e-07
    51300.0000 1.673030e-07
    51500.0000 1.647341e-07
    51700.0000 1.632223e-07
    51900.0000 1.606396e-07
    52100.0000 1.588176e-07
    52300.0000 1.565137e-07
    52500.0000 1.550625e-07
    52700.0000 1.538290e-07
    52900.0000 1.511266e-07
    53100.0000 1.493832e-07
    53300.0000 1.479114e-07
    53500.0000 1.462004e-07
    53700.0000 1.446045e-07
    53900.0000 1.429979e-07
    54100.0000 1.412752e-07
    54300.0000 1.390509e-07
    54500.0000 1.377622e-07
    54700.0000 1.357984e-07
    54900.0000 1.341357e-07
    55100.0000 1.324191e-07
    55300.0000 1.316142e-07
    55500.0000 1.291491e-07
    55700.0000 1.282465e-07
    55900.0000 1.264874e-07
    56100.0000 1.252073e-07
    56300.0000 1.232924e-07
    56500.0000 1.222454e-07
    56700.0000 1.208114e-07
    56900.0000 1.190557e-07
    57100.0000 1.181091e-07
    57300.0000 1.166840e-07
    57500.0000 1.153552e-07
    57700.0000 1.139063e-07
    57900.0000 1.129483e-07
    58100.0000 1.113334e-07
    58300.0000 1.102071e-07
    58500.0000 1.089923e-07
    58700.0000 1.075387e-07
    58900.0000 1.063588e-07
    59100.0000 1.052310e-07
    59300.0000 1.040705e-07
    59500.0000 1.027631e-07
    59700.0000 1.017501e-07
    59900.0000 1.005826e-07
    60100.0000 9.943321e-08
    60300.0000 9.829408e-08
    60500.0000 9.704494e-08
    60700.0000 9.595805e-08
    60900.0000 9.485485e-08
    61100.0000 9.369739e-08
    61300.0000 9.272331e-08
    61500.0000 9.169851e-08
    61700.0000 9.070661e-08
    61900.0000 8.966150e-08
    62100.0000 8.866138e-08
    62300.0000 8.754108e-08
    62500.0000 8.645908e-08
    62700.0000 8.546261e-08
    62900.0000 8.450939e-08
    63100.0000 8.347848e-08
    63300.0000 8.261426e-08
    63500.0000 8.157772e-08
    63700.0000 8.069893e-08
    63900.0000 7.967037e-08
    64200.0000 7.828039e-08
    64600.0000 7.641877e-08
    65000.0000 7.463939e-08
    65400.0000 7.290706e-08
    65800.0000 7.125631e-08
    66200.0000 6.960224e-08
    66600.0000 6.803394e-08
    67000.0000 6.651722e-08
    67400.0000 6.502128e-08
    67800.0000 6.361486e-08
    68200.0000 6.223889e-08
    68600.0000 6.092984e-08
    69000.0000 5.963481e-08
    69400.0000 5.839433e-08
    69800.0000 5.719424e-08
    70200.0000 5.599992e-08
    70600.0000 5.487567e-08
    71000.0000 5.376392e-08
    71400.0000 5.267959e-08
    71800.0000 5.161696e-08
    72200.0000 5.058754e-08
    72600.0000 4.957057e-08
    73000.0000 4.858972e-08
    73400.0000 4.761708e-08
    73800.0000 4.668255e-08
    74200.0000 4.574415e-08
    74600.0000 4.484186e-08
    75000.0000 4.395715e-08
    75400.0000 4.308862e-08
    75800.0000 4.228738e-08
    76200.0000 4.147122e-08
    76600.0000 4.068419e-08
    77000.0000 3.991081e-08
    77400.0000 3.916758e-08
    77800.0000 3.847007e-08
    78200.0000 3.775337e-08
    78600.0000 3.705742e-08
    79000.0000 3.637558e-08
    79400.0000 3.570887e-08
    79800.0000 3.505802e-08
    80200.0000 3.441612e-08
    80600.0000 3.378287e-08
    81000.0000 3.322433e-08
    81400.0000 3.262707e-08
    81800.0000 3.205269e-08
    82200.0000 3.148645e-08
    82600.0000 3.095179e-08
    83000.0000 3.041079e-08
    83400.0000 2.986012e-08
    83800.0000 2.932719e-08
    84200.0000 2.882301e-08
    84600.0000 2.832596e-08
    85000.0000 2.784006e-08
    85400.0000 2.743012e-08
    85800.0000 2.697588e-08
    86200.0000 2.653606e-08
    86600.0000 2.610230e-08
    87000.0000 2.570425e-08
    87400.0000 2.528699e-08
    87800.0000 2.490750e-08
    88200.0000 2.451387e-08
    88600.0000 2.412596e-08
    89000.0000 2.379222e-08
    89400.0000 2.342032e-08
    89800.0000 2.307330e-08
    90200.0000 2.272166e-08
    90600.0000 2.238337e-08
    91000.0000 2.204221e-08
    91400.0000 2.172261e-08
    91800.0000 2.141134e-08
    92200.0000 2.113092e-08
    92600.0000 2.083525e-08
    93000.0000 2.051083e-08
    93400.0000 2.021714e-08
    93800.0000 1.992873e-08
    94200.0000 1.962045e-08
    94600.0000 1.936369e-08
    95000.0000 1.906816e-08
    95400.0000 1.879665e-08
    95800.0000 1.853112e-08
    96200.0000 1.825423e-08
    96600.0000 1.801484e-08
    97000.0000 1.775897e-08
    97400.0000 1.749303e-08
    97800.0000 1.726819e-08
    98200.0000 1.701910e-08
    98600.0000 1.678502e-08
    99000.0000 1.655025e-08
    99400.0000 1.630399e-08
    99800.0000 1.608826e-08
   100000.0000 1.591788e-08
   100900.0000 1.544858e-08
   101900.0000 1.489804e-08
   102800.0000 1.442599e-08
   103800.0000 1.392095e-08
   104700.0000 1.348551e-08
   105700.0000 1.301098e-08
   106700.0000 1.255937e-08
   107600.0000 1.216808e-08
   108600.0000 1.174588e-08
   109600.0000 1.134113e-08
   110700.0000 1.091602e-08
   111700.0000 1.054431e-08
   112700.0000 1.019273e-08
   113800.0000 9.805089e-09
   114800.0000 9.469505e-09
   115900.0000 9.113552e-09
   116900.0000 8.795792e-09
   118000.0000 8.458829e-09
   119100.0000 8.130037e-09
