# FSPS 0.4.7 SSP; isochrones/spectra ('mist', 'miles'); imf_type 2; logzsol -0.50; tage 8.0 Gyr; sfh 0; no nebular; rest wavelength [A] VACUUM as shipped by FSPS; f_lambda [L_sun/A], arbitrary normalization
      905.0000 2.488036e-07
      915.0000 4.466679e-07
      925.0000 4.209600e-07
      935.0000 5.641310e-07
      945.0000 5.555090e-07
      955.0000 5.842596e-07
      965.0000 5.937075e-07
      975.0000 4.230371e-07
      985.0000 4.541808e-07
      995.0000 5.400518e-07
     1005.0000 5.401327e-07
     1015.0000 5.360912e-07
     1025.0000 3.671120e-07
     1035.0000 4.912975e-07
     1045.0000 5.457741e-07
     1055.0000 5.320180e-07
     1065.0000 5.009075e-07
     1075.0000 4.766951e-07
     1085.0000 3.411736e-07
     1095.0000 4.853095e-07
     1105.0000 4.672347e-07
     1115.0000 4.259907e-07
     1125.0000 3.618012e-07
     1135.0000 4.421678e-07
     1145.0000 4.270462e-07
     1155.0000 3.582668e-07
     1165.0000 3.553678e-07
     1175.0000 3.328967e-07
     1185.0000 3.898070e-07
     1195.0000 3.614248e-07
     1205.0000 3.300058e-07
     1215.0000 2.373308e-07
     1225.0000 3.288819e-07
     1235.0000 3.235398e-07
     1245.0000 3.421991e-07
     1255.0000 3.223661e-07
     1265.0000 3.315149e-07
     1275.0000 3.310287e-07
     1285.0000 3.041805e-07
     1295.0000 2.906650e-07
     1305.0000 3.020389e-07
     1315.0000 2.916845e-07
     1325.0000 2.828878e-07
     1335.0000 2.863441e-07
     1345.0000 2.589852e-07
     1355.0000 2.803496e-07
     1365.0000 2.681422e-07
     1375.0000 2.605644e-07
     1385.0000 2.478072e-07
     1395.0000 2.410573e-07
     1405.0000 2.554735e-07
     1415.0000 2.353592e-07
     1425.0000 2.217509e-07
     1435.0000 2.309308e-07
     1442.0000 2.314785e-07
     1447.0000 2.279153e-07
     1455.0000 2.253724e-07
     1465.0000 2.124199e-07
     1475.0000 2.158667e-07
     1485.0000 2.074762e-07
     1495.0000 2.096404e-07
     1505.0000 2.004338e-07
     1512.0000 1.901571e-07
     1517.0000 1.927782e-07
     1525.0000 1.822789e-07
     1535.0000 1.808921e-07
     1545.0000 1.413495e-07
     1555.0000 1.837007e-07
     1565.0000 1.499077e-07
     1575.0000 1.738119e-07
     1585.0000 1.529639e-07
     1595.0000 1.734510e-07
     1605.0000 1.715178e-07
     1615.0000 1.685603e-07
     1625.0000 1.652132e-07
     1635.0000 1.641147e-07
     1645.0000 1.618540e-07
     1655.0000 1.595451e-07
     1665.0000 1.609195e-07
     1672.0000 1.554067e-07
     1677.0000 1.761731e-07
     1685.0000 1.745754e-07
     1695.0000 1.694630e-07
     1705.0000 1.736176e-07
     1715.0000 1.879948e-07
     1725.0000 1.977695e-07
     1735.0000 2.164860e-07
     1745.0000 2.189217e-07
     1755.0000 2.546824e-07
     1765.0000 2.176091e-07
     1775.0000 2.419638e-07
     1785.0000 2.663168e-07
     1795.0000 3.278313e-07
     1805.0000 3.328611e-07
     1815.0000 3.245925e-07
     1825.0000 3.331764e-07
     1835.0000 3.393733e-07
     1845.0000 2.449809e-07
     1855.0000 3.440419e-07
     1865.0000 4.349476e-07
     1875.0000 4.206763e-07
     1885.0000 4.313318e-07
     1895.0000 5.085015e-07
     1905.0000 4.825263e-07
     1915.0000 5.302900e-07
     1925.0000 4.556760e-07
     1935.0000 2.682076e-07
     1945.0000 5.837656e-07
     1955.0000 6.151824e-07
     1967.0000 7.433711e-07
     1976.0000 6.617726e-07
     1984.0000 7.435361e-07
     1995.0000 7.767419e-07
     2005.0000 7.049507e-07
     2015.0000 7.654116e-07
     2025.0000 5.943219e-07
     2035.0000 8.528405e-07
     2045.0000 9.746740e-07
     2055.0000 9.410127e-07
     2065.0000 8.893260e-07
     2074.0000 1.068698e-06
     2078.0000 1.633180e-06
     2085.0000 1.840012e-06
     2095.0000 1.699364e-06
     2105.0000 1.586997e-06
     2115.0000 1.820760e-06
     2125.0000 1.574966e-06
     2135.0000 1.473332e-06
     2145.0000 1.906000e-06
     2155.0000 1.886064e-06
     2165.0000 1.620959e-06
     2175.0000 1.663215e-06
     2185.0000 2.069565e-06
     2195.0000 2.150664e-06
     2205.0000 2.040000e-06
     2215.0000 1.600278e-06
     2225.0000 1.852918e-06
     2235.0000 2.447473e-06
     2245.0000 2.300124e-06
     2255.0000 1.744431e-06
     2265.0000 1.642687e-06
     2275.0000 1.794956e-06
     2285.0000 2.365756e-06
     2295.0000 1.969912e-06
     2305.0000 2.404385e-06
     2315.0000 2.113490e-06
     2325.0000 1.713848e-06
     2335.0000 1.455577e-06
     2345.0000 9.338601e-07
     2355.0000 1.963416e-06
     2365.0000 1.047797e-06
     2375.0000 1.487059e-06
     2385.0000 7.464766e-07
     2395.0000 1.022301e-06
     2405.0000 1.025682e-06
     2415.0000 1.266115e-06
     2425.0000 2.310235e-06
     2435.0000 2.276479e-06
     2445.0000 2.723997e-06
     2455.0000 2.841273e-06
     2465.0000 2.573486e-06
     2475.0000 2.193478e-06
     2485.0000 1.359121e-06
     2495.0000 1.659466e-06
     2505.0000 2.633511e-06
     2513.0000 1.087250e-06
     2518.0000 6.992923e-07
     2525.0000 8.705969e-07
     2535.0000 1.571043e-06
     2545.0000 1.712375e-06
     2555.0000 2.891280e-06
     2565.0000 2.210434e-06
     2575.0000 2.804731e-06
     2585.0000 2.498639e-06
     2595.0000 2.231942e-06
     2605.0000 1.880401e-06
     2615.0000 1.642587e-06
     2625.0000 2.381009e-06
     2635.0000 3.896945e-06
     2645.0000 5.337872e-06
     2655.0000 6.924938e-06
     2665.0000 4.798586e-06
     2675.0000 5.437285e-06
     2685.0000 6.129541e-06
     2695.0000 4.556083e-06
     2705.0000 5.461510e-06
     2715.0000 4.014755e-06
     2725.0000 3.467297e-06
     2735.0000 4.265782e-06
     2745.0000 2.333673e-06
     2755.0000 3.250623e-06
     2765.0000 4.275922e-06
     2775.0000 4.625234e-06
     2785.0000 2.717425e-06
     2795.0000 9.392779e-07
     2805.0000 1.219398e-06
     2815.0000 4.140308e-06
     2825.0000 5.912863e-06
     2835.0000 5.580803e-06
     2845.0000 4.247323e-06
     2855.0000 2.328997e-06
     2865.0000 5.605797e-06
     2875.0000 7.001161e-06
     2885.0000 6.387625e-06
     2895.0000 7.365405e-06
     2910.0000 9.615109e-06
     2930.0000 8.572479e-06
     2950.0000 8.071742e-06
     2970.0000 8.405185e-06
     2990.0000 8.552789e-06
     3010.0000 8.704265e-06
     3030.0000 9.068487e-06
     3050.0000 9.565218e-06
     3070.0000 9.949717e-06
     3090.0000 9.732728e-06
     3110.0000 1.071785e-05
     3130.0000 1.012342e-05
     3150.0000 9.920714e-06
     3170.0000 1.084569e-05
     3190.0000 9.698896e-06
     3210.0000 1.070740e-05
     3230.0000 9.345378e-06
     3250.0000 1.228018e-05
     3270.0000 1.409110e-05
     3290.0000 1.381512e-05
     3310.0000 1.321670e-05
     3330.0000 1.341016e-05
     3350.0000 1.299112e-05
     3370.0000 1.018312e-05
     3390.0000 1.160253e-05
     3410.0000 1.189363e-05
     3430.0000 1.274400e-05
     3450.0000 1.308304e-05
     3470.0000 1.351428e-05
     3490.0000 1.472691e-05
     3510.0000 1.554923e-05
     3530.0000 1.429874e-05
     3550.0000 1.632131e-05
     3570.0000 1.240041e-05
     3590.0000 1.229695e-05
     3601.8274 1.746047e-05
     3602.7275 1.582670e-05
     3603.6279 1.434298e-05
     3604.5280 1.373409e-05
     3605.4282 1.336096e-05
     3606.3286 1.322653e-05
     3607.2287 1.374748e-05
     3608.1291 1.387615e-05
     3609.0292 1.262688e-05
     3609.9293 1.126298e-05
     3610.8297 1.144381e-05
     3611.7299 1.290095e-05
     3612.6302 1.406914e-05
     3613.5304 1.395522e-05
     3614.4305 1.358012e-05
     3615.3309 1.447296e-05
     3616.2310 1.578085e-05
     3617.1314 1.595178e-05
     3618.0315 1.430889e-05
     3618.9317 1.166387e-05
     3619.8320 1.024444e-05
     3620.7322 1.115804e-05
     3621.6326 1.307967e-05
     3622.5327 1.475217e-05
     3623.4328 1.574513e-05
     3624.3332 1.557928e-05
     3625.2333 1.536419e-05
     3626.1337 1.646310e-05
     3627.0339 1.803937e-05
     3627.9340 1.868091e-05
     3628.8344 1.847036e-05
     3629.7345 1.759221e-05
     3630.6349 1.549448e-05
     3631.5350 1.248154e-05
     3632.4351 1.092810e-05
     3633.3355 1.184236e-05
     3634.2357 1.320956e-05
     3635.1360 1.353692e-05
     3636.0362 1.367497e-05
     3636.9363 1.427325e-05
     3637.8367 1.493780e-05
     3638.7368 1.573430e-05
     3639.6372 1.674254e-05
     3640.5373 1.745757e-05
     3641.4375 1.740060e-05
     3642.3379 1.668493e-05
     3643.2380 1.580477e-05
     3644.1384 1.503342e-05
     3645.0385 1.420489e-05
     3645.9386 1.381676e-05
     3646.8390 1.389642e-05
     3647.7391 1.356675e-05
     3648.6395 1.285119e-05
     3649.5397 1.287096e-05
     3650.4398 1.356409e-05
     3651.3402 1.439828e-05
     3652.2403 1.534343e-05
     3653.1407 1.644179e-05
     3654.0408 1.712333e-05
     3654.9410 1.726277e-05
     3655.8413 1.721665e-05
     3656.7415 1.746052e-05
     3657.6419 1.796798e-05
     3658.5420 1.845031e-05
     3659.4421 1.882266e-05
     3660.3425 1.881662e-05
     3661.2426 1.854698e-05
     3662.1430 1.836831e-05
     3663.0432 1.791878e-05
     3663.9433 1.717373e-05
     3664.8437 1.683695e-05
     3665.7438 1.734439e-05
     3666.6442 1.789898e-05
     3667.5443 1.778797e-05
     3668.4445 1.743767e-05
     3669.3448 1.659124e-05
     3670.2450 1.562924e-05
     3671.1453 1.587459e-05
     3672.0455 1.737767e-05
     3672.9456 1.861429e-05
     3673.8460 1.839779e-05
     3674.7461 1.791113e-05
     3675.6465 1.820577e-05
     3676.5466 1.828983e-05
     3677.4468 1.719555e-05
     3678.3472 1.597909e-05
     3679.2473 1.550701e-05
     3680.1477 1.512589e-05
     3681.0478 1.481948e-05
     3681.9479 1.547737e-05
     3682.8483 1.642050e-05
     3683.7485 1.690525e-05
     3684.6488 1.704946e-05
     3685.5490 1.657016e-05
     3686.4491 1.553004e-05
     3687.3495 1.443874e-05
     3688.2496 1.388771e-05
     3689.1500 1.437880e-05
     3690.0501 1.582232e-05
     3690.9503 1.744860e-05
     3691.8507 1.882359e-05
     3692.7508 1.935687e-05
     3693.6512 1.855811e-05
     3694.5513 1.741722e-05
     3695.4514 1.724568e-05
     3696.3518 1.757046e-05
     3697.2520 1.752160e-05
     3698.1523 1.759297e-05
     3699.0525 1.856428e-05
     3699.9526 1.998478e-05
     3700.8530 2.060853e-05
     3701.7531 2.012885e-05
     3702.6535 1.923298e-05
     3703.5536 1.788021e-05
     3704.4538 1.590694e-05
     3705.3541 1.402049e-05
     3706.2543 1.307411e-05
     3707.1547 1.343772e-05
     3708.0548 1.422519e-05
     3708.9549 1.434597e-05
     3709.8553 1.418375e-05
     3710.7554 1.480415e-05
     3711.6558 1.607561e-05
     3712.5560 1.727059e-05
     3713.4561 1.866856e-05
     3714.3565 2.029887e-05
     3715.2566 2.106521e-05
     3716.1570 2.053459e-05
     3717.0571 1.990695e-05
     3717.9573 1.953786e-05
     3718.8576 1.813954e-05
     3719.7578 1.518872e-05
     3720.6582 1.214745e-05
     3721.5583 1.053622e-05
     3722.4584 1.049112e-05
     3723.3588 1.191594e-05
     3724.2589 1.442835e-05
     3725.1593 1.685772e-05
     3726.0595 1.854621e-05
     3726.9596 1.853660e-05
     3727.8600 1.660958e-05
     3728.7601 1.572005e-05
     3729.6605 1.703256e-05
     3730.5606 1.790198e-05
     3731.4608 1.713939e-05
     3732.3611 1.597218e-05
     3733.2613 1.428363e-05
     3734.1617 1.172531e-05
     3735.0618 9.652145e-06
     3735.9619 9.168030e-06
     3736.8623 9.810255e-06
     3737.7624 1.084851e-05
     3738.6628 1.266330e-05
     3739.5630 1.504449e-05
     3740.4631 1.711589e-05
     3741.3635 1.853223e-05
     3742.2636 1.850466e-05
     3743.1640 1.718610e-05
     3744.0641 1.562202e-05
     3744.9643 1.453950e-05
     3745.8646 1.346156e-05
     3746.7648 1.259390e-05
     3747.6652 1.249705e-05
     3748.5653 1.173690e-05
     3749.4654 9.818814e-06
     3750.3658 9.015888e-06
     3751.2659 1.083218e-05
     3752.1663 1.399335e-05
     3753.0665 1.634476e-05
     3753.9666 1.762116e-05
     3754.8670 1.907671e-05
     3755.7671 2.069930e-05
     3756.6675 2.096126e-05
     3757.5676 1.875460e-05
     3758.4678 1.516043e-05
     3759.3681 1.313249e-05
     3760.2683 1.387611e-05
     3761.1687 1.561649e-05
     3762.0688 1.672243e-05
     3762.9689 1.714329e-05
     3763.8693 1.673653e-05
     3764.7694 1.637967e-05
     3765.6698 1.711911e-05
     3766.5700 1.740616e-05
     3767.4701 1.617256e-05
     3768.3705 1.534070e-05
     3769.2706 1.601735e-05
     3770.1710 1.644198e-05
     3771.0711 1.576481e-05
     3771.9713 1.596369e-05
     3772.8716 1.775339e-05
     3773.7718 1.951202e-05
     3774.6722 1.998114e-05
     3775.5723 1.959388e-05
     3776.4724 1.936040e-05
     3777.3728 1.959232e-05
     3778.2729 1.985328e-05
     3779.1733 1.997852e-05
     3780.0735 2.065707e-05
     3780.9736 2.173129e-05
     3781.8740 2.218269e-05
     3782.7741 2.195016e-05
     3783.6745 2.192174e-05
     3784.5746 2.245262e-05
     3785.4748 2.243023e-05
     3786.3751 2.054626e-05
     3787.2753 1.816097e-05
     3788.1757 1.721145e-05
     3789.0758 1.702787e-05
     3789.9759 1.659476e-05
     3790.8763 1.659778e-05
     3791.7765 1.755654e-05
     3792.6768 1.825051e-05
     3793.5770 1.764253e-05
     3794.4771 1.639677e-05
     3795.3775 1.545747e-05
     3796.2776 1.505956e-05
     3797.1780 1.462658e-05
     3798.0781 1.337337e-05
     3798.9783 1.219651e-05
     3799.8787 1.267363e-05
     3800.7788 1.489119e-05
     3801.6792 1.725101e-05
     3802.5793 1.867234e-05
     3803.4794 1.994081e-05
     3804.3798 2.110706e-05
     3805.2800 2.136663e-05
     3806.1803 2.071964e-05
     3807.0805 1.950421e-05
     3807.9806 1.848534e-05
     3808.8810 1.883468e-05
     3809.7811 2.022933e-05
     3810.6815 2.141564e-05
     3811.5816 2.178401e-05
     3812.4818 2.119231e-05
     3813.3822 1.964918e-05
     3814.2823 1.772050e-05
     3815.1827 1.632226e-05
     3816.0828 1.532114e-05
     3816.9830 1.530882e-05
     3817.8833 1.689815e-05
     3818.7835 1.834741e-05
     3819.6838 1.749967e-05
     3820.5840 1.486843e-05
     3821.4841 1.338109e-05
     3822.3845 1.468882e-05
     3823.2846 1.676839e-05
     3824.1850 1.678206e-05
     3825.0852 1.481905e-05
     3825.9853 1.298322e-05
     3826.8857 1.242736e-05
     3827.7858 1.274995e-05
     3828.6862 1.302664e-05
     3829.5863 1.314351e-05
     3830.4865 1.362162e-05
     3831.3868 1.400056e-05
     3832.2870 1.308914e-05
     3833.1874 1.134836e-05
     3834.0875 1.029523e-05
     3834.9876 1.008303e-05
     3835.8880 1.057726e-05
     3836.7881 1.169558e-05
     3837.6885 1.234097e-05
     3838.5887 1.183427e-05
     3839.4888 1.130747e-05
     3840.3892 1.159727e-05
     3841.2893 1.233785e-05
     3842.1897 1.389609e-05
     3843.0898 1.617702e-05
     3843.9900 1.784688e-05
     3844.8904 1.852088e-05
     3845.7905 1.857236e-05
     3846.6909 1.842376e-05
     3847.5910 1.884939e-05
     3848.4911 1.960359e-05
     3849.3915 1.930629e-05
     3850.2917 1.788595e-05
     3851.1920 1.715013e-05
     3852.0922 1.815874e-05
     3852.9923 1.943360e-05
     3853.8927 1.954044e-05
     3854.7928 1.891969e-05
     3855.6932 1.817414e-05
     3856.5933 1.739954e-05
     3857.4935 1.713618e-05
     3858.3939 1.706869e-05
     3859.2940 1.583336e-05
     3860.1944 1.412950e-05
     3861.0945 1.399553e-05
     3861.9947 1.585749e-05
     3862.8950 1.835296e-05
     3863.7952 1.996720e-05
     3864.6956 2.012133e-05
     3865.5957 1.942417e-05
     3866.4958 1.879272e-05
     3867.3962 1.876022e-05
     3868.2963 1.899056e-05
     3869.1967 1.900231e-05
     3870.0969 1.860014e-05
     3870.9970 1.760015e-05
     3871.8974 1.615927e-05
     3872.7975 1.489550e-05
     3873.6979 1.489150e-05
     3874.5980 1.655498e-05
     3875.4982 1.876571e-05
     3876.3985 1.986895e-05
     3877.2987 1.920428e-05
     3878.1991 1.714853e-05
     3879.0992 1.537659e-05
     3879.9993 1.585643e-05
     3880.8997 1.750470e-05
     3881.7999 1.764474e-05
     3882.7002 1.631190e-05
     3883.6004 1.594658e-05
     3884.5005 1.732435e-05
     3885.4009 1.806956e-05
     3886.3010 1.643107e-05
     3887.2014 1.422634e-05
     3888.1015 1.345516e-05
     3889.0017 1.334061e-05
     3889.9021 1.327585e-05
     3890.8022 1.444845e-05
     3891.7026 1.674436e-05
     3892.6027 1.878116e-05
     3893.5029 1.966945e-05
     3894.4032 1.952106e-05
     3895.3034 1.890636e-05
     3896.2038 1.845166e-05
     3897.1039 1.913094e-05
     3898.0040 2.036403e-05
     3898.9044 2.040136e-05
     3899.8045 1.962244e-05
     3900.7049 1.930907e-05
     3901.6051 2.006288e-05
     3902.5052 2.076461e-05
     3903.4056 2.018762e-05
     3904.3057 1.949892e-05
     3905.2061 1.922720e-05
     3906.1062 1.823489e-05
     3907.0064 1.756718e-05
     3907.9068 1.871574e-05
     3908.8069 2.066176e-05
     3909.7073 2.193415e-05
     3910.6074 2.221441e-05
     3911.5075 2.235605e-05
     3912.4079 2.304397e-05
     3913.3081 2.339836e-05
     3914.2084 2.279977e-05
     3915.1086 2.221063e-05
     3916.0087 2.204156e-05
     3916.9091 2.161546e-05
     3917.8092 2.120741e-05
     3918.7096 2.104296e-05
     3919.6098 2.049001e-05
     3920.5099 1.935396e-05
     3921.4103 1.808999e-05
     3922.3104 1.762312e-05
     3923.2108 1.804166e-05
     3924.1109 1.872780e-05
     3925.0111 1.919734e-05
     3925.9114 1.876358e-05
     3926.8116 1.755338e-05
     3927.7120 1.602626e-05
     3928.6121 1.403092e-05
     3929.5122 1.196777e-05
     3930.4126 1.026064e-05
     3931.3128 8.594076e-06
     3932.2131 6.933539e-06
     3933.1133 5.440936e-06
     3934.0134 4.348628e-06
     3934.9138 4.083863e-06
     3935.8139 4.843376e-06
     3936.7143 6.398347e-06
     3937.6144 8.367743e-06
     3938.5146 1.045412e-05
     3939.4150 1.262687e-05
     3940.3151 1.469568e-05
     3941.2155 1.601944e-05
     3942.1156 1.652358e-05
     3943.0158 1.674448e-05
     3943.9161 1.647954e-05
     3944.8163 1.601825e-05
     3945.7167 1.692991e-05
     3946.6168 1.928045e-05
     3947.5169 2.085605e-05
     3948.4173 2.053910e-05
     3949.3174 1.995357e-05
     3950.2178 2.068615e-05
     3951.1180 2.218780e-05
     3952.0181 2.273271e-05
     3952.9185 2.170069e-05
     3953.8186 2.085839e-05
     3954.7190 2.197357e-05
     3955.6191 2.324885e-05
     3956.5193 2.245168e-05
     3957.4197 2.086232e-05
     3958.3198 2.055894e-05
     3959.2202 2.150889e-05
     3960.1203 2.220875e-05
     3961.0205 2.104633e-05
     3961.9208 1.799726e-05
     3962.8210 1.528961e-05
     3963.7214 1.437337e-05
     3964.6215 1.412429e-05
     3965.5216 1.311446e-05
     3966.4220 1.106776e-05
     3967.3221 8.496279e-06
     3968.2225 6.193285e-06
     3969.1227 4.775901e-06
     3970.0228 4.715426e-06
     3970.9232 6.017232e-06
     3971.8233 8.103094e-06
     3972.7237 1.030154e-05
     3973.6238 1.219536e-05
     3974.5240 1.383946e-05
     3975.4244 1.567588e-05
     3976.3245 1.751721e-05
     3977.2249 1.875960e-05
     3978.1250 1.981450e-05
     3979.0252 2.123507e-05
     3979.9255 2.273432e-05
     3980.8257 2.392968e-05
     3981.7261 2.421590e-05
     3982.6262 2.348067e-05
     3983.5263 2.273973e-05
     3984.4267 2.278615e-05
     3985.3268 2.349847e-05
     3986.2272 2.419048e-05
     3987.1274 2.433051e-05
     3988.0275 2.462597e-05
     3988.9279 2.566638e-05
     3989.8280 2.600159e-05
     3990.7284 2.528532e-05
     3991.6285 2.517244e-05
     3992.5287 2.601912e-05
     3993.4291 2.683713e-05
     3994.3292 2.688636e-05
     3995.2296 2.615568e-05
     3996.1297 2.538651e-05
     3997.0299 2.478689e-05
     3997.9302 2.403032e-05
     3998.8304 2.373923e-05
     3999.7308 2.497739e-05
     4000.6309 2.676023e-05
     4001.5310 2.736192e-05
     4002.4314 2.736633e-05
     4003.3315 2.803969e-05
     4004.2319 2.837257e-05
     4005.1321 2.661263e-05
     4006.0322 2.350484e-05
     4006.9326 2.225109e-05
     4007.8327 2.384100e-05
     4008.7331 2.605709e-05
     4009.6332 2.721519e-05
     4010.5334 2.745618e-05
     4011.4338 2.755760e-05
     4012.3339 2.759267e-05
     4013.2343 2.753067e-05
     4014.1344 2.749182e-05
     4015.0346 2.748985e-05
     4015.9349 2.792485e-05
     4016.8351 2.831795e-05
     4017.7355 2.759661e-05
     4018.6356 2.683432e-05
     4019.5357 2.754216e-05
     4020.4361 2.863187e-05
     4021.3363 2.853789e-05
     4022.2366 2.796355e-05
     4023.1368 2.788295e-05
     4024.0369 2.787911e-05
     4024.9373 2.718451e-05
     4025.8374 2.669667e-05
     4026.7378 2.758275e-05
     4027.6379 2.899239e-05
     4028.5381 2.988752e-05
     4029.4385 3.004427e-05
     4030.3386 2.871485e-05
     4031.2390 2.593673e-05
     4032.1391 2.392070e-05
     4033.0393 2.355097e-05
     4033.9396 2.363414e-05
     4034.8398 2.399017e-05
     4035.7402 2.490719e-05
     4036.6403 2.647603e-05
     4037.5404 2.855736e-05
     4038.4408 3.028418e-05
     4039.3410 3.078522e-05
     4040.2413 3.002164e-05
     4041.1415 2.866320e-05
     4042.0416 2.804017e-05
     4042.9420 2.877721e-05
     4043.8421 2.910507e-05
     4044.7425 2.701576e-05
     4045.6427 2.305541e-05
     4046.5428 2.016629e-05
     4047.4432 2.129828e-05
     4048.3433 2.525562e-05
     4049.2437 2.801681e-05
     4050.1438 2.879430e-05
     4051.0440 2.928095e-05
     4051.9443 2.962173e-05
     4052.8445 2.910160e-05
     4053.7449 2.817580e-05
     4054.6450 2.744145e-05
     4055.5451 2.677643e-05
     4056.4455 2.657053e-05
     4057.3457 2.662105e-05
     4058.2460 2.587958e-05
     4059.1462 2.520538e-05
     4060.0463 2.611378e-05
     4060.9467 2.801675e-05
     4061.8468 2.911650e-05
     4062.7472 2.799600e-05
     4063.6474 2.474827e-05
     4064.5475 2.212094e-05
     4065.4479 2.296551e-05
     4066.3480 2.551116e-05
     4067.2484 2.629800e-05
     4068.1485 2.605071e-05
     4069.0487 2.717470e-05
     4069.9491 2.918536e-05
     4070.8492 2.954527e-05
     4071.7496 2.719506e-05
     4072.6497 2.467967e-05
     4073.5499 2.527488e-05
     4074.4502 2.771647e-05
     4075.3504 2.866758e-05
     4076.2508 2.740854e-05
     4077.1509 2.492366e-05
     4078.0510 2.270479e-05
     4078.9514 2.248371e-05
     4079.8516 2.433654e-05
     4080.7519 2.687708e-05
     4081.6521 2.909430e-05
     4082.5522 3.011111e-05
     4083.4526 2.936887e-05
     4084.3527 2.782327e-05
     4085.2531 2.689290e-05
     4086.1532 2.696033e-05
     4087.0534 2.784837e-05
     4087.9538 2.939152e-05
     4088.8539 3.106281e-05
     4089.7543 3.189427e-05
     4090.6544 3.151413e-05
     4091.5546 3.063993e-05
     4092.4549 2.972027e-05
     4093.3551 2.907575e-05
     4094.2555 2.942171e-05
     4095.1556 2.968563e-05
     4096.0557 2.832471e-05
     4096.9561 2.641599e-05
     4097.8565 2.552605e-05
     4098.7566 2.557224e-05
     4099.6568 2.546783e-05
     4100.5569 2.423731e-05
     4101.4571 2.143690e-05
     4102.3577 1.878821e-05
     4103.2578 1.895156e-05
     4104.1580 2.155315e-05
     4105.0581 2.406783e-05
     4105.9582 2.578445e-05
     4106.8589 2.717362e-05
     4107.7590 2.795984e-05
     4108.6591 2.806269e-05
     4109.5593 2.773889e-05
     4110.4594 2.717078e-05
     4111.3600 2.680960e-05
     4112.2602 2.693385e-05
     4113.1603 2.740722e-05
     4114.0605 2.828220e-05
     4114.9606 2.915940e-05
     4115.8612 2.958257e-05
     4116.7614 2.993081e-05
     4117.6615 3.009535e-05
     4118.5616 2.916075e-05
     4119.4618 2.739414e-05
     4120.3624 2.678311e-05
     4121.2625 2.773852e-05
     4122.1627 2.840413e-05
     4123.0628 2.809939e-05
     4123.9630 2.786237e-05
     4124.8636 2.844388e-05
     4125.7637 2.941363e-05
     4126.6639 2.959864e-05
     4127.5640 2.884165e-05
     4128.4641 2.793622e-05
     4129.3648 2.750969e-05
     4130.2649 2.763236e-05
     4131.1650 2.773609e-05
     4132.0652 2.704508e-05
     4132.9653 2.551831e-05
     4133.8659 2.466167e-05
     4134.7661 2.503082e-05
     4135.6662 2.619621e-05
     4136.5664 2.812381e-05
     4137.4665 2.939596e-05
     4138.3671 2.954994e-05
     4139.2673 2.993800e-05
     4140.1674 3.051212e-05
     4141.0675 3.060218e-05
     4141.9677 2.994115e-05
     4142.8683 2.779817e-05
     4143.7684 2.458619e-05
     4144.6686 2.284871e-05
     4145.5687 2.423606e-05
     4146.4689 2.696158e-05
     4147.3695 2.862203e-05
     4148.2696 2.907014e-05
     4149.1698 2.883614e-05
     4150.0699 2.800582e-05
     4150.9700 2.730453e-05
     4151.8707 2.745139e-05
     4152.7708 2.773231e-05
     4153.6709 2.759030e-05
     4154.5711 2.702599e-05
     4155.4712 2.649660e-05
     4156.3718 2.658048e-05
     4157.2720 2.669973e-05
     4158.1721 2.700816e-05
     4159.0723 2.798675e-05
     4159.9724 2.897936e-05
     4160.8730 2.940256e-05
     4161.7732 2.930027e-05
     4162.6733 2.950025e-05
     4163.5734 3.028693e-05
     4164.4736 3.046907e-05
     4165.3742 2.985402e-05
     4166.2743 2.939952e-05
     4167.1745 2.887333e-05
     4168.0746 2.782957e-05
     4168.9748 2.746908e-05
     4169.8754 2.841126e-05
     4170.7755 2.920062e-05
     4171.6757 2.861191e-05
     4172.5758 2.652920e-05
     4173.4759 2.429659e-05
     4174.3766 2.378789e-05
     4175.2767 2.500767e-05
     4176.1768 2.640646e-05
     4177.0770 2.705035e-05
     4177.9771 2.678315e-05
     4178.8777 2.629192e-05
     4179.7779 2.683531e-05
     4180.6780 2.806263e-05
     4181.5782 2.840860e-05
     4182.4783 2.751530e-05
     4183.3789 2.683118e-05
     4184.2791 2.723718e-05
     4185.1792 2.828209e-05
     4186.0793 2.931160e-05
     4186.9795 2.894772e-05
     4187.8801 2.691481e-05
     4188.7802 2.577293e-05
     4189.6804 2.693604e-05
     4190.5805 2.845208e-05
     4191.4807 2.852874e-05
     4192.3813 2.791739e-05
     4193.2814 2.861855e-05
     4194.1816 3.023865e-05
     4195.0817 3.036757e-05
     4195.9818 2.862377e-05
     4196.8825 2.690029e-05
     4197.7826 2.613909e-05
     4198.6827 2.542961e-05
     4199.5829 2.480383e-05
     4200.4830 2.542927e-05
     4201.3836 2.631309e-05
     4202.2838 2.593357e-05
     4203.1839 2.543884e-05
     4204.0841 2.623507e-05
     4204.9842 2.720728e-05
     4205.8848 2.748172e-05
     4206.7850 2.798126e-05
     4207.6851 2.888864e-05
     4208.5852 2.976990e-05
     4209.4854 3.016584e-05
     4210.3860 2.962462e-05
     4211.2861 2.892672e-05
     4212.1863 2.919309e-05
     4213.0864 2.996402e-05
     4213.9866 3.008907e-05
     4214.8872 2.913880e-05
     4215.7873 2.713388e-05
     4216.6875 2.544644e-05
     4217.5876 2.628004e-05
     4218.4877 2.867462e-05
     4219.3884 3.016560e-05
     4220.2885 3.063006e-05
     4221.1886 3.114881e-05
     4222.0888 3.154730e-05
     4222.9889 3.078954e-05
     4223.8895 2.904738e-05
     4224.7897 2.711087e-05
     4225.6898 2.475117e-05
     4226.5900 2.136382e-05
     4227.4901 1.826261e-05
     4228.3907 1.888627e-05
     4229.2909 2.349744e-05
     4230.1910 2.778289e-05
     4231.0911 2.963768e-05
     4231.9913 3.039414e-05
     4232.8919 3.012943e-05
     4233.7921 2.872233e-05
     4234.6922 2.795036e-05
     4235.5923 2.812175e-05
     4236.4925 2.735172e-05
     4237.3931 2.620649e-05
     4238.2932 2.648660e-05
     4239.1934 2.729957e-05
     4240.0935 2.751116e-05
     4240.9936 2.784490e-05
     4241.8943 2.902194e-05
     4242.7944 2.976953e-05
     4243.6946 2.937055e-05
     4244.5947 2.966026e-05
     4245.4948 3.100806e-05
     4246.3955 3.138137e-05
     4247.2956 3.008078e-05
     4248.1957 2.831626e-05
     4249.0959 2.727800e-05
     4249.9960 2.676193e-05
     4250.8966 2.597060e-05
     4251.7968 2.594730e-05
     4252.6969 2.771692e-05
     4253.5971 2.924371e-05
     4254.4972 2.847965e-05
     4255.3978 2.664524e-05
     4256.2980 2.638632e-05
     4257.1981 2.832244e-05
     4258.0982 3.033193e-05
     4258.9984 2.996471e-05
     4259.8990 2.770940e-05
     4260.7991 2.543564e-05
     4261.6993 2.436182e-05
     4262.5994 2.566819e-05
     4263.4996 2.854805e-05
     4264.4002 3.063937e-05
     4265.3003 3.118790e-05
     4266.2005 3.146546e-05
     4267.1006 3.167725e-05
     4268.0007 3.075190e-05
     4268.9014 2.931496e-05
     4269.8015 2.856882e-05
     4270.7016 2.763765e-05
     4271.6018 2.523155e-05
     4272.5019 2.263143e-05
     4273.4026 2.259009e-05
     4274.3027 2.417051e-05
     4275.2028 2.452564e-05
     4276.1030 2.470273e-05
     4277.0031 2.665054e-05
     4277.9037 2.922567e-05
     4278.8039 3.078051e-05
     4279.7040 3.071104e-05
     4280.6042 2.887877e-05
     4281.5043 2.711396e-05
     4282.4049 2.716055e-05
     4283.3051 2.797743e-05
     4284.2052 2.871795e-05
     4285.1053 2.894467e-05
     4286.0055 2.779311e-05
     4286.9061 2.644151e-05
     4287.8062 2.646676e-05
     4288.7064 2.691742e-05
     4289.6065 2.578987e-05
     4290.5067 2.349483e-05
     4291.4073 2.267114e-05
     4292.3074 2.425783e-05
     4293.2076 2.682278e-05
     4294.1077 2.837793e-05
     4295.0078 2.790860e-05
     4295.9085 2.698695e-05
     4296.8086 2.677830e-05
     4297.7087 2.615135e-05
     4298.6089 2.468686e-05
     4299.5090 2.251095e-05
     4300.4097 2.006832e-05
     4301.3098 1.926084e-05
     4302.2099 2.030356e-05
     4303.1101 2.101617e-05
     4304.0102 2.104563e-05
     4304.9108 2.160229e-05
     4305.8110 2.212756e-05
     4306.7111 2.197439e-05
     4307.6113 2.125485e-05
     4308.5114 1.965836e-05
     4309.4120 1.829486e-05
     4310.3122 1.868995e-05
     4311.2123 2.015228e-05
     4312.1124 2.156401e-05
     4313.0126 2.280331e-05
     4313.9132 2.415833e-05
     4314.8133 2.540250e-05
     4315.7135 2.691255e-05
     4316.6136 3.006756e-05
     4317.5138 3.360238e-05
     4318.4144 3.498372e-05
     4319.3145 3.456615e-05
     4320.2147 3.391164e-05
     4321.1148 3.318521e-05
     4322.0149 3.218086e-05
     4322.9156 3.139319e-05
     4323.8157 2.960478e-05
     4324.7158 2.635213e-05
     4325.6160 2.331439e-05
     4326.5161 2.175237e-05
     4327.4168 2.316131e-05
     4328.3169 2.731356e-05
     4329.2170 3.125883e-05
     4330.1172 3.278450e-05
     4331.0173 3.214140e-05
     4331.9179 3.135982e-05
     4332.8181 3.170736e-05
     4333.7182 3.225576e-05
     4334.6184 3.235197e-05
     4335.5185 3.263923e-05
     4336.4191 3.293736e-05
     4337.3193 3.152963e-05
     4338.2194 2.799402e-05
     4339.1195 2.474782e-05
     4340.0197 2.265314e-05
     4340.9203 2.057535e-05
     4341.8204 2.013652e-05
     4342.7206 2.310197e-05
     4343.6207 2.674143e-05
     4344.5209 2.815177e-05
     4345.4215 2.887429e-05
     4346.3216 3.040709e-05
     4347.2218 3.125906e-05
     4348.1219 3.102171e-05
     4349.0220 3.145367e-05
     4349.9227 3.294591e-05
     4350.8228 3.318849e-05
     4351.7230 3.030613e-05
     4352.6231 2.646844e-05
     4353.5232 2.561888e-05
     4354.4239 2.791232e-05
     4355.3240 2.995705e-05
     4356.2241 3.050396e-05
     4357.1243 3.121623e-05
     4358.0244 3.237813e-05
     4358.9250 3.228299e-05
     4359.8252 3.070407e-05
     4360.7253 2.997023e-05
     4361.6255 3.130183e-05
     4362.5256 3.308736e-05
     4363.4262 3.342770e-05
     4364.3264 3.301383e-05
     4365.2265 3.364178e-05
     4366.1266 3.473099e-05
     4367.0268 3.423820e-05
     4367.9274 3.214652e-05
     4368.8276 3.059319e-05
     4369.7277 3.078736e-05
     4370.6278 3.143160e-05
     4371.5280 3.147507e-05
     4372.4286 3.155228e-05
     4373.3287 3.160127e-05
     4374.2289 3.058170e-05
     4375.1290 2.857294e-05
     4376.0292 2.721615e-05
     4376.9298 2.796391e-05
     4377.8299 3.033795e-05
     4378.7301 3.240091e-05
     4379.6302 3.298372e-05
     4380.5303 3.248622e-05
     4381.4310 3.199294e-05
     4382.3311 3.136237e-05
     4383.2312 2.861044e-05
     4384.1314 2.368158e-05
     4385.0315 2.063783e-05
     4385.9322 2.225883e-05
     4386.8323 2.655612e-05
     4387.7324 2.973494e-05
     4388.6326 3.040551e-05
     4389.5327 3.007183e-05
     4390.4333 2.959626e-05
     4391.3335 2.909146e-05
     4392.2336 2.937211e-05
     4393.1338 3.062876e-05
     4394.0339 3.145956e-05
     4394.9345 3.075059e-05
     4395.8347 2.953864e-05
     4396.7348 2.993939e-05
     4397.6349 3.215880e-05
     4398.5351 3.381692e-05
     4399.4357 3.350583e-05
     4400.3359 3.176742e-05
     4401.2360 2.974964e-05
     4402.1361 2.944344e-05
     4403.0363 3.138379e-05
     4403.9369 3.227973e-05
     4404.8370 2.960823e-05
     4405.7372 2.633269e-05
     4406.6373 2.666951e-05
     4407.5375 2.914587e-05
     4408.4381 2.980559e-05
     4409.3382 2.905632e-05
     4410.2384 2.978068e-05
     4411.1385 3.206450e-05
     4412.0386 3.386511e-05
     4412.9393 3.471021e-05
     4413.8394 3.501021e-05
     4414.7395 3.373058e-05
     4415.6397 3.059879e-05
     4416.5398 2.854923e-05
     4417.4405 2.935788e-05
     4418.3406 3.104761e-05
     4419.2407 3.255237e-05
     4420.1409 3.419659e-05
     4421.0410 3.504528e-05
     4421.9416 3.425499e-05
     4422.8418 3.245408e-05
     4423.7419 3.129832e-05
     4424.6421 3.173558e-05
     4425.5422 3.257377e-05
     4426.4428 3.256029e-05
     4427.3430 3.213065e-05
     4428.2431 3.214712e-05
     4429.1432 3.287927e-05
     4430.0434 3.317698e-05
     4430.9440 3.204977e-05
     4431.8442 3.138888e-05
     4432.7443 3.245670e-05
     4433.6444 3.316223e-05
     4434.5446 3.198474e-05
     4435.4452 2.984184e-05
     4436.3453 2.857854e-05
     4437.2455 2.963911e-05
     4438.1456 3.230848e-05
     4439.0458 3.459853e-05
     4439.9464 3.568891e-05
     4440.8465 3.539814e-05
     4441.7467 3.383836e-05
     4442.6468 3.177287e-05
     4443.5469 3.016384e-05
     4444.4476 2.990353e-05
     4445.3477 3.141383e-05
     4446.2479 3.380719e-05
     4447.1480 3.500038e-05
     4448.0481 3.447325e-05
     4448.9488 3.410578e-05
     4449.8489 3.447029e-05
     4450.7490 3.407639e-05
     4451.6492 3.337177e-05
     4452.5493 3.366338e-05
     4453.4499 3.406915e-05
     4454.3501 3.311308e-05
     4455.2502 3.086693e-05
     4456.1504 2.902801e-05
     4457.0505 2.923169e-05
     4457.9511 3.051857e-05
     4458.8513 3.099774e-05
     4459.7514 3.055516e-05
     4460.6516 3.029171e-05
     4461.5517 3.013853e-05
     4462.4523 2.938393e-05
     4463.3525 2.955509e-05
     4464.2526 3.158892e-05
     4465.1527 3.322523e-05
     4466.0529 3.331522e-05
     4466.9535 3.307254e-05
     4467.8536 3.309003e-05
     4468.7538 3.297786e-05
     4469.6539 3.216900e-05
     4470.5541 3.146548e-05
     4471.4547 3.192938e-05
     4472.3548 3.310163e-05
     4473.2550 3.431786e-05
     4474.1551 3.540149e-05
     4475.0553 3.609149e-05
     4475.9559 3.590121e-05
     4476.8560 3.554329e-05
     4477.7562 3.617764e-05
     4478.6563 3.718185e-05
     4479.5564 3.690013e-05
     4480.4571 3.500807e-05
     4481.3572 3.265974e-05
     4482.2573 3.114495e-05
     4483.1575 3.107159e-05
     4484.0576 3.265684e-05
     4484.9583 3.482169e-05
     4485.8584 3.623161e-05
     4486.7585 3.688609e-05
     4487.6587 3.695037e-05
     4488.5588 3.604621e-05
     4489.4594 3.419257e-05
     4490.3596 3.250696e-05
     4491.2597 3.232960e-05
     4492.1599 3.367613e-05
     4493.0600 3.529385e-05
     4493.9606 3.567853e-05
     4494.8608 3.431287e-05
     4495.7609 3.265305e-05
     4496.6611 3.219438e-05
     4497.5612 3.281224e-05
     4498.4618 3.421921e-05
     4499.3620 3.570492e-05
     4500.2621 3.641246e-05
     4501.1622 3.603404e-05
     4502.0624 3.484803e-05
     4502.9630 3.462457e-05
     4503.8631 3.633013e-05
     4504.7633 3.822479e-05
     4505.6634 3.879884e-05
     4506.5636 3.842888e-05
     4507.4642 3.774091e-05
     4508.3643 3.706782e-05
     4509.2645 3.676172e-05
     4510.1646 3.704048e-05
     4511.0648 3.766791e-05
     4511.9654 3.787723e-05
     4512.8655 3.719377e-05
     4513.7657 3.617802e-05
     4514.6658 3.544969e-05
     4515.5659 3.509235e-05
     4516.4666 3.531846e-05
     4517.3667 3.574443e-05
     4518.2669 3.532698e-05
     4519.1670 3.459430e-05
     4520.0671 3.499370e-05
     4520.9678 3.611460e-05
     4521.8679 3.696604e-05
     4522.7680 3.661460e-05
     4523.6682 3.504186e-05
     4524.5683 3.429761e-05
     4525.4689 3.447787e-05
     4526.3691 3.393099e-05
     4527.2692 3.264654e-05
     4528.1694 3.144999e-05
     4529.0695 3.060752e-05
     4529.9701 3.027260e-05
     4530.8703 3.079011e-05
     4531.7704 3.162235e-05
     4532.6706 3.264758e-05
     4533.5707 3.331488e-05
     4534.4713 3.243472e-05
     4535.3715 3.090703e-05
     4536.2716 3.024436e-05
     4537.1717 3.161851e-05
     4538.0719 3.481116e-05
     4538.9725 3.700614e-05
     4539.8727 3.687959e-05
     4540.7728 3.570083e-05
     4541.6729 3.458308e-05
     4542.5731 3.442072e-05
     4543.4737 3.532888e-05
     4544.3738 3.589505e-05
     4545.2740 3.506219e-05
     4546.1741 3.402229e-05
     4547.0743 3.414458e-05
     4547.9749 3.471849e-05
     4548.8750 3.457139e-05
     4549.7752 3.333813e-05
     4550.6753 3.231077e-05
     4551.5754 3.323573e-05
     4552.4761 3.465402e-05
     4553.3762 3.457434e-05
     4554.2764 3.370819e-05
     4555.1765 3.288329e-05
     4556.0766 3.255888e-05
     4556.9773 3.334703e-05
     4557.8774 3.512719e-05
     4558.7775 3.662260e-05
     4559.6777 3.707352e-05
     4560.5778 3.698672e-05
     4561.4785 3.688856e-05
     4562.3786 3.709227e-05
     4563.2787 3.699323e-05
     4564.1789 3.580845e-05
     4565.0790 3.425195e-05
     4565.9796 3.347363e-05
     4566.8798 3.391363e-05
     4567.7799 3.552850e-05
     4568.6801 3.708397e-05
     4569.5802 3.746884e-05
     4570.4808 3.717210e-05
     4571.3810 3.617838e-05
     4572.2811 3.429336e-05
     4573.1813 3.379205e-05
     4574.0814 3.568220e-05
     4574.9820 3.722595e-05
     4575.8822 3.704559e-05
     4576.7823 3.667841e-05
     4577.6824 3.678805e-05
     4578.5826 3.673744e-05
     4579.4832 3.603179e-05
     4580.3834 3.468148e-05
     4581.2835 3.333962e-05
     4582.1836 3.297637e-05
     4583.0838 3.377091e-05
     4583.9844 3.449992e-05
     4584.8845 3.445916e-05
     4585.7847 3.424430e-05
     4586.6848 3.399159e-05
     4587.5850 3.415700e-05
     4588.4856 3.538480e-05
     4589.3857 3.671551e-05
     4590.2859 3.723380e-05
     4591.1860 3.684177e-05
     4592.0862 3.579148e-05
     4592.9868 3.468082e-05
     4593.8869 3.432469e-05
     4594.7871 3.462395e-05
     4595.6872 3.470321e-05
     4596.5873 3.456767e-05
     4597.4880 3.468898e-05
     4598.3881 3.490393e-05
     4599.2883 3.522331e-05
     4600.1884 3.553314e-05
     4601.0885 3.492712e-05
     4601.9892 3.423552e-05
     4602.8893 3.461869e-05
     4603.7894 3.518272e-05
     4604.6896 3.541133e-05
     4605.5897 3.533898e-05
     4606.4903 3.508819e-05
     4607.3905 3.531035e-05
     4608.2906 3.615473e-05
     4609.1908 3.743808e-05
     4610.0909 3.850121e-05
     4610.9915 3.842856e-05
     4611.8917 3.744477e-05
     4612.7918 3.661147e-05
     4613.6920 3.622138e-05
     4614.5921 3.606620e-05
     4615.4927 3.661870e-05
     4616.3929 3.709582e-05
     4617.2930 3.686664e-05
     4618.1931 3.690936e-05
     4619.0933 3.699679e-05
     4619.9939 3.633152e-05
     4620.8941 3.608184e-05
     4621.7942 3.704424e-05
     4622.6943 3.772725e-05
     4623.5945 3.747854e-05
     4624.4951 3.735786e-05
     4625.3952 3.742214e-05
     4626.2954 3.700486e-05
     4627.1955 3.668154e-05
     4628.0957 3.708097e-05
     4628.9963 3.737923e-05
     4629.8964 3.676608e-05
     4630.7966 3.625041e-05
     4631.6967 3.697919e-05
     4632.5969 3.786821e-05
     4633.4975 3.734594e-05
     4634.3976 3.619943e-05
     4635.2978 3.587150e-05
     4636.1979 3.611619e-05
     4637.0981 3.615769e-05
     4637.9987 3.566234e-05
     4638.8988 3.500244e-05
     4639.7990 3.475018e-05
     4640.6991 3.469857e-05
     4641.5992 3.520217e-05
     4642.4999 3.646527e-05
     4643.4000 3.718522e-05
     4644.3002 3.682903e-05
     4645.2003 3.624879e-05
     4646.1004 3.547587e-05
     4647.0011 3.402195e-05
     4647.9012 3.279128e-05
     4648.8013 3.279111e-05
     4649.7015 3.372454e-05
     4650.6016 3.493925e-05
     4651.5023 3.586242e-05
     4652.4024 3.616242e-05
     4653.3025 3.637209e-05
     4654.2027 3.649660e-05
     4655.1028 3.560447e-05
     4656.0034 3.438933e-05
     4656.9036 3.405798e-05
     4657.8037 3.451589e-05
     4658.7039 3.586851e-05
     4659.6040 3.773652e-05
     4660.5046 3.897789e-05
     4661.4048 3.905379e-05
     4662.3049 3.816951e-05
     4663.2051 3.688504e-05
     4664.1052 3.586464e-05
     4665.0058 3.563499e-05
     4665.9060 3.588358e-05
     4666.8061 3.510945e-05
     4667.7062 3.271874e-05
     4668.6064 3.064966e-05
     4669.5070 3.091541e-05
     4670.4072 3.282382e-05
     4671.3073 3.474280e-05
     4672.2074 3.608928e-05
     4673.1076 3.647444e-05
     4674.0082 3.602332e-05
     4674.9083 3.560323e-05
     4675.8085 3.575113e-05
     4676.7086 3.663586e-05
     4677.6088 3.754463e-05
     4678.5094 3.734419e-05
     4679.4095 3.617853e-05
     4680.3097 3.510649e-05
     4681.2098 3.453216e-05
     4682.1100 3.422226e-05
     4683.0106 3.433745e-05
     4683.9107 3.524605e-05
     4684.8109 3.634348e-05
     4685.7110 3.667695e-05
     4686.6111 3.654702e-05
     4687.5118 3.633385e-05
     4688.4119 3.596570e-05
     4689.3121 3.581059e-05
     4690.2122 3.601353e-05
     4691.1123 3.590918e-05
     4692.0130 3.537118e-05
     4692.9131 3.532808e-05
     4693.8132 3.595487e-05
     4694.7134 3.652324e-05
     4695.6135 3.705250e-05
     4696.5142 3.772254e-05
     4697.4143 3.801192e-05
     4698.3144 3.723220e-05
     4699.2146 3.552968e-05
     4700.1147 3.437549e-05
     4701.0154 3.466401e-05
     4701.9155 3.513248e-05
     4702.8156 3.470215e-05
     4703.7158 3.370690e-05
     4704.6159 3.351029e-05
     4705.5165 3.468742e-05
     4706.4167 3.579326e-05
     4707.3168 3.568993e-05
     4708.2170 3.471176e-05
     4709.1171 3.386728e-05
     4710.0177 3.359099e-05
     4710.9179 3.401829e-05
     4711.8180 3.540373e-05
     4712.7182 3.674814e-05
     4713.6183 3.695595e-05
     4714.5189 3.612495e-05
     4715.4191 3.493107e-05
     4716.3192 3.477302e-05
     4717.2193 3.605033e-05
     4718.1195 3.730153e-05
     4719.0201 3.767179e-05
     4719.9203 3.786129e-05
     4720.8204 3.823021e-05
     4721.7205 3.828979e-05
     4722.6207 3.777965e-05
     4723.5213 3.716762e-05
     4724.4214 3.725539e-05
     4725.3216 3.806355e-05
     4726.2217 3.866599e-05
     4727.1219 3.812370e-05
     4728.0225 3.622082e-05
     4728.9226 3.427873e-05
     4729.8228 3.373797e-05
     4730.7229 3.416661e-05
     4731.6231 3.454364e-05
     4732.5237 3.490952e-05
     4733.4238 3.554287e-05
     4734.3240 3.603083e-05
     4735.2241 3.639733e-05
     4736.1243 3.681768e-05
     4737.0249 3.633744e-05
     4737.9250 3.537807e-05
     4738.8252 3.577695e-05
     4739.7253 3.708078e-05
     4740.6254 3.731821e-05
     4741.5261 3.650883e-05
     4742.4262 3.602101e-05
     4743.3264 3.644937e-05
     4744.2265 3.720616e-05
     4745.1266 3.740346e-05
     4746.0273 3.703189e-05
     4746.9274 3.708575e-05
     4747.8276 3.770710e-05
     4748.7277 3.793638e-05
     4749.6278 3.769053e-05
     4750.5285 3.763901e-05
     4751.4286 3.782670e-05
     4752.3287 3.770122e-05
     4753.2289 3.712665e-05
     4754.1290 3.657454e-05
     4755.0297 3.615074e-05
     4755.9298 3.595725e-05
     4756.8299 3.592560e-05
     4757.7301 3.589945e-05
     4758.6302 3.606789e-05
     4759.5308 3.639204e-05
     4760.4310 3.691461e-05
     4761.3311 3.730802e-05
     4762.2313 3.667472e-05
     4763.1314 3.520918e-05
     4764.0320 3.434580e-05
     4764.9322 3.436703e-05
     4765.8323 3.429545e-05
     4766.7325 3.389378e-05
     4767.6326 3.398570e-05
     4768.5332 3.485327e-05
     4769.4334 3.580603e-05
     4770.3335 3.675100e-05
     4771.2337 3.727658e-05
     4772.1338 3.666585e-05
     4773.0344 3.575610e-05
     4773.9346 3.579605e-05
     4774.8347 3.684898e-05
     4775.7348 3.791386e-05
     4776.6350 3.795015e-05
     4777.5356 3.757927e-05
     4778.4358 3.774209e-05
     4779.3359 3.784517e-05
     4780.2360 3.735312e-05
     4781.1362 3.691177e-05
     4782.0368 3.699798e-05
     4782.9369 3.687702e-05
     4783.8371 3.608280e-05
     4784.7372 3.557286e-05
     4785.6374 3.614697e-05
     4786.5380 3.632618e-05
     4787.4381 3.539407e-05
     4788.3383 3.513376e-05
     4789.2384 3.563219e-05
     4790.1386 3.550955e-05
     4791.0392 3.538828e-05
     4791.9393 3.590504e-05
     4792.8395 3.637207e-05
     4793.7396 3.684153e-05
     4794.6398 3.784135e-05
     4795.5404 3.884010e-05
     4796.4405 3.910771e-05
     4797.3407 3.866924e-05
     4798.2408 3.792584e-05
     4799.1410 3.692637e-05
     4800.0416 3.599531e-05
     4800.9417 3.573031e-05
     4801.8419 3.630279e-05
     4802.7420 3.744976e-05
     4803.6421 3.831795e-05
     4804.5428 3.831383e-05
     4805.4429 3.746996e-05
     4806.3431 3.655510e-05
     4807.2432 3.641299e-05
     4808.1433 3.639219e-05
     4809.0440 3.610509e-05
     4809.9441 3.624978e-05
     4810.8442 3.683974e-05
     4811.7444 3.717536e-05
     4812.6445 3.720658e-05
     4813.5452 3.723079e-05
     4814.4453 3.730979e-05
     4815.3454 3.744215e-05
     4816.2456 3.765165e-05
     4817.1457 3.797710e-05
     4818.0464 3.829763e-05
     4818.9465 3.844243e-05
     4819.8466 3.863126e-05
     4820.7468 3.870827e-05
     4821.6469 3.847714e-05
     4822.5475 3.817310e-05
     4823.4477 3.731616e-05
     4824.3478 3.571546e-05
     4825.2480 3.505756e-05
     4826.1481 3.614556e-05
     4827.0487 3.745076e-05
     4827.9489 3.776012e-05
     4828.8490 3.722408e-05
     4829.7492 3.661678e-05
     4830.6493 3.654776e-05
     4831.5499 3.674944e-05
     4832.4501 3.621626e-05
     4833.3502 3.559171e-05
     4834.2504 3.608570e-05
     4835.1505 3.710567e-05
     4836.0511 3.748209e-05
     4836.9513 3.723264e-05
     4837.8514 3.717453e-05
     4838.7515 3.724002e-05
     4839.6517 3.659299e-05
     4840.5523 3.557668e-05
     4841.4525 3.519141e-05
     4842.3526 3.574833e-05
     4843.2527 3.620640e-05
     4844.1529 3.585660e-05
     4845.0535 3.583943e-05
     4845.9537 3.680727e-05
     4846.8538 3.770111e-05
     4847.7539 3.767889e-05
     4848.6541 3.674206e-05
     4849.5547 3.563020e-05
     4850.4548 3.561084e-05
     4851.3550 3.654383e-05
     4852.2551 3.690289e-05
     4853.1553 3.666044e-05
     4854.0559 3.657761e-05
     4854.9560 3.596806e-05
     4855.8562 3.420714e-05
     4856.7563 3.277519e-05
     4857.6565 3.326594e-05
     4858.5571 3.436203e-05
     4859.4572 3.393314e-05
     4860.3574 3.152522e-05
     4861.2575 2.752157e-05
     4862.1577 2.377140e-05
     4863.0583 2.384937e-05
     4863.9584 2.769947e-05
     4864.8586 3.092487e-05
     4865.7587 3.234866e-05
     4866.6589 3.346617e-05
     4867.5595 3.442037e-05
     4868.4596 3.479343e-05
     4869.3598 3.493754e-05
     4870.2599 3.524150e-05
     4871.1600 3.453906e-05
     4872.0607 3.240527e-05
     4872.9608 3.114857e-05
     4873.8610 3.237645e-05
     4874.7611 3.433330e-05
     4875.6612 3.510001e-05
     4876.5619 3.504952e-05
     4877.4620 3.528214e-05
     4878.3622 3.558096e-05
     4879.2623 3.576050e-05
     4880.1624 3.676049e-05
     4881.0631 3.761516e-05
     4881.9632 3.673192e-05
     4882.8633 3.546306e-05
     4883.7635 3.561577e-05
     4884.6636 3.628286e-05
     4885.5643 3.583363e-05
     4886.4644 3.460939e-05
     4887.3645 3.396719e-05
     4888.2647 3.433470e-05
     4889.1648 3.490576e-05
     4890.0655 3.489871e-05
     4890.9656 3.404347e-05
     4891.8657 3.242042e-05
     4892.7659 3.217929e-05
     4893.6660 3.458459e-05
     4894.5666 3.729560e-05
     4895.4668 3.881037e-05
     4896.3669 3.951744e-05
     4897.2671 3.963793e-05
     4898.1672 3.951582e-05
     4899.0678 3.934205e-05
     4899.9680 3.853581e-05
     4900.8681 3.726848e-05
     4901.7683 3.696563e-05
     4902.6684 3.755738e-05
     4903.5690 3.735346e-05
     4904.4692 3.641166e-05
     4905.3693 3.634868e-05
     4906.2695 3.758020e-05
     4907.1696 3.883928e-05
     4908.0702 3.890472e-05
     4908.9704 3.794906e-05
     4909.8705 3.669056e-05
     4910.7707 3.532126e-05
     4911.6708 3.450655e-05
     4912.5714 3.504771e-05
     4913.4716 3.625288e-05
     4914.3717 3.700583e-05
     4915.2719 3.748887e-05
     4916.1720 3.830318e-05
     4917.0726 3.885392e-05
     4917.9728 3.819291e-05
     4918.8729 3.613203e-05
     4919.7730 3.339002e-05
     4920.6732 3.123080e-05
     4921.5738 3.062593e-05
     4922.4740 3.204897e-05
     4923.3741 3.440916e-05
     4924.2742 3.553641e-05
     4925.1744 3.506887e-05
     4926.0750 3.479754e-05
     4926.9752 3.591243e-05
     4927.8753 3.727829e-05
     4928.7754 3.778043e-05
     4929.6756 3.818570e-05
     4930.5762 3.874475e-05
     4931.4763 3.884391e-05
     4932.3765 3.874735e-05
     4933.2766 3.807154e-05
     4934.1768 3.607257e-05
     4935.0774 3.450012e-05
     4935.9775 3.530289e-05
     4936.8777 3.679972e-05
     4937.7778 3.662549e-05
     4938.6780 3.491603e-05
     4939.5786 3.318093e-05
     4940.4787 3.309375e-05
     4941.3789 3.503990e-05
     4942.2790 3.719054e-05
     4943.1792 3.795944e-05
     4944.0798 3.822545e-05
     4944.9799 3.870383e-05
     4945.8801 3.850318e-05
     4946.7802 3.756262e-05
     4947.6804 3.727793e-05
     4948.5810 3.804783e-05
     4949.4811 3.874256e-05
     4950.3813 3.883668e-05
     4951.2814 3.883723e-05
     4952.1816 3.902769e-05
     4953.0822 3.883490e-05
     4953.9823 3.818299e-05
     4954.8825 3.783595e-05
     4955.7826 3.786240e-05
     4956.6827 3.740080e-05
     4957.5834 3.499583e-05
     4958.4835 3.165189e-05
     4959.3837 3.156559e-05
     4960.2838 3.499309e-05
     4961.1839 3.785372e-05
     4962.0846 3.848009e-05
     4962.9847 3.805575e-05
     4963.8849 3.794319e-05
     4964.7850 3.804157e-05
     4965.6851 3.733784e-05
     4966.5858 3.606208e-05
     4967.4859 3.547260e-05
     4968.3861 3.563537e-05
     4969.2862 3.577416e-05
     4970.1863 3.592472e-05
     4971.0870 3.613147e-05
     4971.9871 3.644975e-05
     4972.8872 3.711905e-05
     4973.7874 3.765976e-05
     4974.6875 3.799523e-05
     4975.5882 3.830307e-05
     4976.4883 3.816559e-05
     4977.3884 3.773016e-05
     4978.2886 3.722496e-05
     4979.1887 3.636806e-05
     4980.0894 3.571661e-05
     4980.9895 3.568282e-05
     4981.8896 3.528787e-05
     4982.7898 3.376189e-05
     4983.6899 3.203941e-05
     4984.5905 3.164633e-05
     4985.4907 3.249810e-05
     4986.3908 3.352636e-05
     4987.2910 3.472228e-05
     4988.1911 3.624215e-05
     4989.0917 3.704850e-05
     4989.9919 3.672563e-05
     4990.8920 3.602438e-05
     4991.7922 3.538746e-05
     4992.6923 3.547335e-05
     4993.5929 3.627761e-05
     4994.4931 3.628837e-05
     4995.3932 3.592805e-05
     4996.2934 3.650645e-05
     4997.1935 3.708526e-05
     4998.0941 3.697886e-05
     4998.9943 3.665536e-05
     4999.8944 3.580125e-05
     5000.7946 3.456049e-05
     5001.6947 3.400328e-05
     5002.5953 3.417790e-05
     5003.4955 3.456413e-05
     5004.3956 3.500253e-05
     5005.2958 3.497386e-05
     5006.1959 3.385664e-05
     5007.0965 3.233985e-05
     5007.9967 3.227865e-05
     5008.8968 3.410209e-05
     5009.7970 3.599626e-05
     5010.6971 3.646719e-05
     5011.5977 3.595468e-05
     5012.4979 3.483535e-05
     5013.3980 3.324752e-05
     5014.2981 3.201159e-05
     5015.1983 3.152062e-05
     5016.0989 3.218552e-05
     5016.9991 3.361333e-05
     5017.8992 3.417742e-05
     5018.7993 3.357476e-05
     5019.6995 3.328994e-05
     5020.6001 3.408516e-05
     5021.5003 3.489072e-05
     5022.4004 3.469469e-05
     5023.3005 3.390009e-05
     5024.2007 3.400860e-05
     5025.1013 3.508449e-05
     5026.0015 3.574027e-05
     5026.9016 3.572816e-05
     5027.8017 3.506850e-05
     5028.7019 3.415029e-05
     5029.6025 3.451217e-05
     5030.5027 3.580606e-05
     5031.4028 3.643509e-05
     5032.3029 3.660557e-05
     5033.2031 3.722241e-05
     5034.1037 3.802835e-05
     5035.0038 3.807356e-05
     5035.9040 3.661707e-05
     5036.8041 3.445166e-05
     5037.7043 3.381213e-05
     5038.6049 3.471820e-05
     5039.5050 3.477923e-05
     5040.4052 3.331332e-05
     5041.3053 3.113592e-05
     5042.2055 2.939957e-05
     5043.1061 3.022070e-05
     5044.0062 3.329442e-05
     5044.9064 3.571441e-05
     5045.8065 3.691819e-05
     5046.7067 3.786839e-05
     5047.6073 3.830052e-05
     5048.5074 3.743015e-05
     5049.4076 3.551709e-05
     5050.3077 3.404934e-05
     5051.2079 3.382562e-05
     5052.1085 3.410927e-05
     5053.0086 3.434024e-05
     5053.9088 3.507936e-05
     5054.8089 3.621545e-05
     5055.7091 3.707383e-05
     5056.6097 3.742835e-05
     5057.5098 3.738879e-05
     5058.4100 3.734157e-05
     5059.3101 3.744735e-05
     5060.2103 3.743420e-05
     5061.1109 3.741890e-05
     5062.0110 3.778794e-05
     5062.9112 3.817286e-05
     5063.8113 3.794924e-05
     5064.7115 3.659664e-05
     5065.6121 3.440103e-05
     5066.5122 3.345152e-05
     5067.4124 3.444912e-05
     5068.3125 3.525732e-05
     5069.2126 3.495388e-05
     5070.1133 3.487952e-05
     5071.0134 3.576616e-05
     5071.9136 3.628617e-05
     5072.8137 3.540423e-05
     5073.7138 3.461586e-05
     5074.6145 3.520500e-05
     5075.5146 3.585650e-05
     5076.4148 3.559173e-05
     5077.3149 3.537735e-05
     5078.2150 3.585513e-05
     5079.1157 3.572199e-05
     5080.0158 3.361425e-05
     5080.9160 3.129590e-05
     5081.8161 3.124214e-05
     5082.7162 3.276230e-05
     5083.6169 3.370915e-05
     5084.5170 3.377986e-05
     5085.4172 3.427517e-05
     5086.3173 3.535371e-05
     5087.2174 3.602926e-05
     5088.1181 3.593737e-05
     5089.0182 3.572545e-05
     5089.9184 3.593386e-05
     5090.8185 3.622729e-05
     5091.7186 3.618664e-05
     5092.6193 3.627079e-05
     5093.5194 3.687629e-05
     5094.4195 3.749906e-05
     5095.3197 3.744032e-05
     5096.2198 3.677467e-05
     5097.1205 3.596187e-05
     5098.0206 3.509731e-05
     5098.9207 3.392979e-05
     5099.8209 3.256009e-05
     5100.7210 3.237186e-05
     5101.6217 3.397336e-05
     5102.5218 3.573266e-05
     5103.4219 3.633149e-05
     5104.3221 3.599211e-05
     5105.2222 3.547933e-05
     5106.1229 3.516706e-05
     5107.0230 3.491887e-05
     5107.9231 3.422583e-05
     5108.8233 3.351040e-05
     5109.7234 3.368383e-05
     5110.6241 3.386357e-05
     5111.5242 3.370020e-05
     5112.4243 3.436543e-05
     5113.3245 3.544585e-05
     5114.2246 3.586541e-05
     5115.1253 3.605952e-05
     5116.0254 3.627794e-05
     5116.9255 3.635215e-05
     5117.8257 3.675051e-05
     5118.7258 3.733793e-05
     5119.6264 3.745605e-05
     5120.5266 3.704431e-05
     5121.4267 3.634468e-05
     5122.3269 3.560361e-05
     5123.2270 3.490017e-05
     5124.1276 3.377842e-05
     5125.0278 3.266841e-05
     5125.9279 3.261641e-05
     5126.8281 3.325479e-05
     5127.7282 3.369305e-05
     5128.6288 3.369795e-05
     5129.5290 3.354441e-05
     5130.4291 3.333184e-05
     5131.3293 3.354582e-05
     5132.2294 3.430424e-05
     5133.1300 3.494500e-05
     5134.0302 3.507383e-05
     5134.9303 3.508715e-05
     5135.8305 3.572568e-05
     5136.7306 3.627814e-05
     5137.6312 3.556339e-05
     5138.5314 3.435224e-05
     5139.4315 3.342254e-05
     5140.3317 3.266945e-05
     5141.2318 3.324547e-05
     5142.1324 3.441623e-05
     5143.0326 3.370526e-05
     5143.9327 3.240121e-05
     5144.8329 3.307423e-05
     5145.7330 3.436141e-05
     5146.6336 3.426044e-05
     5147.5338 3.350249e-05
     5148.4339 3.312505e-05
     5149.3341 3.343897e-05
     5150.2342 3.425286e-05
     5151.1348 3.446886e-05
     5152.0350 3.371214e-05
     5152.9351 3.302911e-05
     5153.8353 3.296179e-05
     5154.7354 3.308393e-05
     5155.6360 3.339999e-05
     5156.5362 3.422623e-05
     5157.4363 3.529058e-05
     5158.3365 3.625047e-05
     5159.2366 3.667008e-05
     5160.1372 3.645981e-05
     5161.0374 3.644057e-05
     5161.9375 3.663789e-05
     5162.8377 3.605208e-05
     5163.7378 3.513819e-05
     5164.6384 3.496696e-05
     5165.5386 3.448163e-05
     5166.4387 3.239015e-05
     5167.3389 2.903004e-05
     5168.2390 2.573529e-05
     5169.1396 2.469740e-05
     5170.0398 2.677326e-05
     5170.9399 3.001635e-05
     5171.8401 3.095218e-05
     5172.7402 2.786965e-05
     5173.6408 2.402495e-05
     5174.5410 2.437479e-05
     5175.4411 2.887527e-05
     5176.3412 3.301675e-05
     5177.2414 3.454491e-05
     5178.1420 3.482038e-05
     5179.0422 3.511058e-05
     5179.9423 3.523321e-05
     5180.8424 3.491010e-05
     5181.7426 3.420973e-05
     5182.6432 3.256298e-05
     5183.5434 2.888510e-05
     5184.4435 2.432626e-05
     5185.3436 2.341772e-05
     5186.2438 2.754238e-05
     5187.1444 3.238544e-05
     5188.0446 3.481594e-05
     5188.9447 3.496968e-05
     5189.8448 3.457300e-05
     5190.7450 3.526375e-05
     5191.6456 3.559110e-05
     5192.5458 3.358059e-05
     5193.4459 3.132864e-05
     5194.3460 3.165926e-05
     5195.2462 3.320721e-05
     5196.1468 3.352891e-05
     5197.0470 3.345484e-05
     5197.9471 3.417025e-05
     5198.8472 3.494166e-05
     5199.7474 3.544326e-05
     5200.6480 3.602783e-05
     5201.5482 3.632065e-05
     5202.4483 3.600383e-05
     5203.3484 3.545615e-05
     5204.2486 3.505205e-05
     5205.1492 3.403436e-05
     5206.0494 3.217382e-05
     5206.9495 3.109965e-05
     5207.8496 3.144243e-05
     5208.7498 3.151158e-05
     5209.6504 3.069566e-05
     5210.5506 3.099033e-05
     5211.4507 3.250036e-05
     5212.3508 3.421788e-05
     5213.2510 3.585014e-05
     5214.1516 3.696567e-05
     5215.0518 3.708460e-05
     5215.9519 3.597941e-05
     5216.8520 3.451010e-05
     5217.7522 3.397227e-05
     5218.6528 3.459168e-05
     5219.5529 3.578469e-05
     5220.4531 3.671102e-05
     5221.3532 3.711396e-05
     5222.2534 3.739242e-05
     5223.1540 3.738312e-05
     5224.0541 3.672308e-05
     5224.9543 3.547363e-05
     5225.8544 3.389861e-05
     5226.7546 3.211612e-05
     5227.6552 3.027540e-05
     5228.5553 3.017689e-05
     5229.4555 3.280421e-05
     5230.3556 3.541626e-05
     5231.2558 3.638326e-05
     5232.1564 3.680950e-05
     5233.0565 3.642306e-05
     5233.9567 3.487327e-05
     5234.8568 3.394061e-05
     5235.7570 3.429771e-05
     5236.6576 3.522540e-05
     5237.5577 3.650999e-05
     5238.4579 3.751403e-05
     5239.3580 3.773049e-05
     5240.2582 3.746160e-05
     5241.1588 3.729632e-05
     5242.0589 3.750614e-05
     5242.9591 3.755394e-05
     5243.8592 3.720463e-05
     5244.7594 3.730137e-05
     5245.6600 3.804757e-05
     5246.5601 3.809521e-05
     5247.4603 3.648922e-05
     5248.3604 3.472099e-05
     5249.2606 3.472912e-05
     5250.1612 3.543331e-05
     5251.0613 3.489963e-05
     5251.9615 3.418901e-05
     5252.8616 3.475619e-05
     5253.7618 3.578141e-05
     5254.6624 3.607744e-05
     5255.5625 3.540502e-05
     5256.4627 3.482598e-05
     5257.3628 3.584633e-05
     5258.2630 3.762585e-05
     5259.1636 3.862281e-05
     5260.0637 3.871346e-05
     5260.9639 3.818581e-05
     5261.8640 3.707518e-05
     5262.7642 3.528084e-05
     5263.6648 3.334544e-05
     5264.5649 3.196623e-05
     5265.4651 3.107487e-05
     5266.3652 3.032113e-05
     5267.2654 3.022411e-05
     5268.1660 3.188730e-05
     5269.0661 3.332758e-05
     5269.9663 3.146583e-05
     5270.8664 2.835332e-05
     5271.7666 2.882959e-05
     5272.6672 3.252169e-05
     5273.5673 3.498244e-05
     5274.4675 3.514537e-05
     5275.3676 3.477603e-05
     5276.2678 3.423111e-05
     5277.1684 3.422589e-05
     5278.0685 3.595336e-05
     5278.9687 3.803996e-05
     5279.8688 3.872937e-05
     5280.7690 3.808105e-05
     5281.6696 3.688548e-05
     5282.5697 3.580950e-05
     5283.4699 3.502493e-05
     5284.3700 3.435162e-05
     5285.2702 3.435848e-05
     5286.1708 3.601764e-05
     5287.0709 3.824069e-05
     5287.9711 3.924871e-05
     5288.8712 3.895209e-05
     5289.7714 3.840215e-05
     5290.6720 3.849255e-05
     5291.5721 3.901218e-05
     5292.4723 3.922952e-05
     5293.3724 3.884722e-05
     5294.2726 3.828207e-05
     5295.1732 3.814158e-05
     5296.0733 3.802742e-05
     5296.9735 3.700329e-05
     5297.8736 3.497452e-05
     5298.7738 3.309644e-05
     5299.6744 3.310445e-05
     5300.5745 3.497137e-05
     5301.4747 3.632102e-05
     5302.3748 3.620486e-05
     5303.2750 3.600737e-05
     5304.1756 3.678770e-05
     5305.0757 3.818409e-05
     5305.9759 3.916146e-05
     5306.8760 3.917027e-05
     5307.7762 3.842557e-05
     5308.6768 3.781325e-05
     5309.5769 3.812293e-05
     5310.4771 3.892997e-05
     5311.3772 3.931252e-05
     5312.2774 3.917100e-05
     5313.1780 3.886361e-05
     5314.0781 3.851482e-05
     5314.9783 3.833107e-05
     5315.8784 3.827783e-05
     5316.7786 3.778227e-05
     5317.6792 3.695375e-05
     5318.5793 3.684428e-05
     5319.4795 3.746643e-05
     5320.3796 3.780477e-05
     5321.2798 3.774696e-05
     5322.1804 3.765820e-05
     5323.0805 3.749887e-05
     5323.9807 3.695131e-05
     5324.8808 3.578451e-05
     5325.7810 3.513322e-05
     5326.6816 3.579288e-05
     5327.5817 3.574492e-05
     5328.4819 3.303397e-05
     5329.3820 2.962327e-05
     5330.2822 2.979744e-05
     5331.1828 3.325970e-05
     5332.0829 3.616942e-05
     5332.9831 3.690061e-05
     5333.8832 3.649632e-05
     5334.7834 3.669833e-05
     5335.6840 3.771892e-05
     5336.5841 3.825417e-05
     5337.4843 3.788105e-05
     5338.3844 3.745276e-05
     5339.2846 3.744408e-05
     5340.1852 3.688026e-05
     5341.0853 3.518198e-05
     5341.9855 3.398246e-05
     5342.8856 3.486950e-05
     5343.7858 3.661498e-05
     5344.6864 3.753679e-05
     5345.5865 3.759542e-05
     5346.4867 3.700033e-05
     5347.3868 3.656612e-05
     5348.2870 3.678989e-05
     5349.1876 3.653874e-05
     5350.0877 3.568382e-05
     5350.9879 3.565813e-05
     5351.8880 3.687648e-05
     5352.7882 3.808409e-05
     5353.6888 3.828664e-05
     5354.5889 3.810019e-05
     5355.4891 3.855577e-05
     5356.3892 3.934591e-05
     5357.2894 3.965859e-05
     5358.1900 3.964147e-05
     5359.0901 3.964244e-05
     5359.9903 3.965924e-05
     5360.8904 3.954486e-05
     5361.7906 3.905305e-05
     5362.6912 3.819603e-05
     5363.5913 3.753992e-05
     5364.4915 3.738606e-05
     5365.3916 3.714983e-05
     5366.2918 3.661531e-05
     5367.1924 3.658167e-05
     5368.0925 3.689754e-05
     5368.9927 3.698605e-05
     5369.8928 3.666205e-05
     5370.7930 3.536302e-05
     5371.6936 3.350083e-05
     5372.5937 3.269290e-05
     5373.4939 3.415432e-05
     5374.3940 3.669619e-05
     5375.2942 3.831012e-05
     5376.1948 3.893715e-05
     5377.0949 3.892458e-05
     5377.9951 3.850472e-05
     5378.8952 3.836874e-05
     5379.7954 3.852601e-05
     5380.6960 3.835424e-05
     5381.5961 3.783266e-05
     5382.4963 3.749708e-05
     5383.3964 3.730924e-05
     5384.2966 3.693463e-05
     5385.1972 3.702996e-05
     5386.0973 3.780175e-05
     5386.9975 3.832119e-05
     5387.8976 3.828388e-05
     5388.7978 3.801812e-05
     5389.6984 3.753903e-05
     5390.5985 3.681673e-05
     5391.4987 3.631103e-05
     5392.3988 3.616483e-05
     5393.2990 3.610732e-05
     5394.1996 3.595364e-05
     5395.0997 3.589619e-05
     5395.9999 3.604282e-05
     5396.9000 3.563388e-05
     5397.8002 3.416024e-05
     5398.7008 3.347033e-05
     5399.6009 3.492144e-05
     5400.5011 3.651721e-05
     5401.4012 3.671657e-05
     5402.3014 3.665152e-05
     5403.2020 3.714109e-05
     5404.1021 3.693764e-05
     5405.0023 3.521742e-05
     5405.9024 3.315770e-05
     5406.8026 3.223910e-05
     5407.7032 3.307500e-05
     5408.6033 3.485845e-05
     5409.5035 3.570399e-05
     5410.4036 3.496060e-05
     5411.3038 3.417857e-05
     5412.2044 3.492441e-05
     5413.1045 3.660327e-05
     5414.0047 3.773174e-05
     5414.9048 3.776546e-05
     5415.8050 3.720639e-05
     5416.7056 3.705924e-05
     5417.6057 3.775587e-05
     5418.5059 3.840644e-05
     5419.4060 3.830865e-05
     5420.3062 3.772719e-05
     5421.2068 3.711635e-05
     5422.1069 3.698539e-05
     5423.0071 3.750860e-05
     5423.9072 3.768875e-05
     5424.8074 3.670397e-05
     5425.7080 3.582955e-05
     5426.6081 3.650300e-05
     5427.5083 3.799154e-05
     5428.4084 3.884314e-05
     5429.3086 3.793788e-05
     5430.2092 3.538058e-05
     5431.1093 3.383924e-05
     5432.0095 3.503651e-05
     5432.9096 3.652594e-05
     5433.8098 3.629230e-05
     5434.7104 3.529372e-05
     5435.6105 3.452525e-05
     5436.5107 3.447329e-05
     5437.4108 3.518401e-05
     5438.3110 3.632813e-05
     5439.2116 3.766011e-05
     5440.1117 3.865144e-05
     5441.0119 3.909393e-05
     5441.9120 3.913983e-05
     5442.8122 3.904183e-05
     5443.7128 3.905500e-05
     5444.6129 3.892610e-05
     5445.5131 3.804970e-05
     5446.4132 3.628944e-05
     5447.3134 3.414346e-05
     5448.2140 3.314513e-05
     5449.1142 3.452661e-05
     5450.0143 3.675650e-05
     5450.9144 3.796747e-05
     5451.8146 3.816374e-05
     5452.7152 3.799036e-05
     5453.6154 3.774979e-05
     5454.5155 3.722908e-05
     5455.4156 3.592400e-05
     5456.3158 3.407834e-05
     5457.2164 3.363361e-05
     5458.1166 3.544989e-05
     5459.0167 3.755351e-05
     5459.9168 3.842140e-05
     5460.8170 3.819172e-05
     5461.7176 3.756247e-05
     5462.6178 3.691007e-05
     5463.5179 3.594587e-05
     5464.4180 3.516966e-05
     5465.3182 3.570800e-05
     5466.2188 3.687750e-05
     5467.1190 3.724798e-05
     5468.0191 3.714580e-05
     5468.9192 3.741718e-05
     5469.8194 3.766343e-05
     5470.7200 3.730772e-05
     5471.6202 3.678184e-05
     5472.5203 3.678248e-05
     5473.4204 3.683223e-05
     5474.3206 3.628374e-05
     5475.2212 3.589869e-05
     5476.1214 3.582086e-05
     5477.0215 3.469900e-05
     5477.9216 3.312524e-05
     5478.8218 3.359304e-05
     5479.7224 3.578735e-05
     5480.6226 3.711602e-05
     5481.5227 3.645703e-05
     5482.4228 3.510914e-05
     5483.3230 3.484552e-05
     5484.2236 3.566235e-05
     5485.1238 3.678475e-05
     5486.0239 3.779397e-05
     5486.9240 3.804244e-05
     5487.8242 3.718973e-05
     5488.7248 3.611058e-05
     5489.6250 3.601088e-05
     5490.5251 3.650765e-05
     5491.4252 3.674399e-05
     5492.3254 3.706649e-05
     5493.2260 3.743592e-05
     5494.1262 3.718320e-05
     5495.0263 3.675468e-05
     5495.9265 3.697929e-05
     5496.8266 3.734100e-05
     5497.7272 3.683240e-05
     5498.6274 3.604323e-05
     5499.5275 3.648588e-05
     5500.4277 3.766332e-05
     5501.3278 3.776773e-05
     5502.2284 3.668417e-05
     5503.1286 3.587763e-05
     5504.0287 3.604312e-05
     5504.9289 3.660187e-05
     5505.8290 3.683146e-05
     5506.7296 3.619085e-05
     5507.6298 3.525322e-05
     5508.5299 3.550247e-05
     5509.4301 3.665697e-05
     5510.3302 3.719278e-05
     5511.2308 3.697156e-05
     5512.1310 3.643647e-05
     5513.0311 3.549734e-05
     5513.9313 3.467956e-05
     5514.8314 3.467418e-05
     5515.7320 3.525111e-05
     5516.6322 3.600439e-05
     5517.5323 3.657448e-05
     5518.4325 3.707076e-05
     5519.3326 3.779803e-05
     5520.2332 3.831436e-05
     5521.1334 3.827487e-05
     5522.0335 3.801945e-05
     5522.9337 3.786195e-05
     5523.8338 3.782134e-05
     5524.7344 3.788045e-05
     5525.6346 3.780938e-05
     5526.5347 3.736987e-05
     5527.4349 3.661489e-05
     5528.3350 3.551339e-05
     5529.2356 3.443960e-05
     5530.1358 3.462528e-05
     5531.0359 3.615673e-05
     5531.9361 3.742083e-05
     5532.8362 3.763390e-05
     5533.7368 3.734942e-05
     5534.6370 3.710672e-05
     5535.5371 3.673137e-05
     5536.4373 3.635855e-05
     5537.3374 3.663576e-05
     5538.2380 3.714254e-05
     5539.1382 3.724356e-05
     5540.0383 3.739213e-05
     5540.9385 3.793736e-05
     5541.8386 3.846682e-05
     5542.7392 3.847618e-05
     5543.6394 3.786221e-05
     5544.5395 3.717186e-05
     5545.4397 3.708357e-05
     5546.3398 3.730098e-05
     5547.2404 3.726303e-05
     5548.1406 3.736159e-05
     5549.0407 3.798407e-05
     5549.9409 3.855834e-05
     5550.8410 3.867818e-05
     5551.7416 3.866315e-05
     5552.6418 3.860693e-05
     5553.5419 3.828870e-05
     5554.4421 3.764246e-05
     5555.3422 3.707441e-05
     5556.2428 3.708222e-05
     5557.1430 3.750380e-05
     5558.0431 3.770161e-05
     5558.9433 3.758679e-05
     5559.8434 3.763497e-05
     5560.7441 3.779026e-05
     5561.6442 3.775132e-05
     5562.5443 3.753267e-05
     5563.4445 3.704667e-05
     5564.3446 3.654700e-05
     5565.2453 3.652949e-05
     5566.1454 3.659254e-05
     5567.0455 3.634962e-05
     5567.9457 3.630011e-05
     5568.8458 3.656698e-05
     5569.7465 3.657783e-05
     5570.6466 3.625927e-05
     5571.5467 3.650538e-05
     5572.4469 3.703622e-05
     5573.3470 3.651471e-05
     5574.2477 3.574514e-05
     5575.1478 3.631804e-05
     5576.0479 3.723531e-05
     5576.9481 3.718994e-05
     5577.8482 3.703296e-05
     5578.7489 3.735666e-05
     5579.6490 3.745929e-05
     5580.5491 3.748977e-05
     5581.4493 3.772573e-05
     5582.3494 3.752709e-05
     5583.2501 3.706046e-05
     5584.1502 3.707806e-05
     5585.0504 3.730628e-05
     5585.9505 3.708414e-05
     5586.8506 3.617202e-05
     5587.7513 3.471282e-05
     5588.6514 3.353704e-05
     5589.5516 3.324181e-05
     5590.4517 3.363138e-05
     5591.3518 3.450983e-05
     5592.2525 3.548742e-05
     5593.1526 3.596088e-05
     5594.0528 3.585563e-05
     5594.9529 3.541539e-05
     5595.8530 3.531064e-05
     5596.7537 3.636112e-05
     5597.6538 3.749504e-05
     5598.5540 3.707274e-05
     5599.4541 3.571074e-05
     5600.3542 3.518109e-05
     5601.2549 3.542091e-05
     5602.1550 3.522000e-05
     5603.0552 3.456526e-05
     5603.9553 3.423607e-05
     5604.8554 3.503171e-05
     5605.7561 3.669278e-05
     5606.6562 3.795573e-05
     5607.5564 3.843178e-05
     5608.4565 3.846719e-05
     5609.3566 3.834437e-05
     5610.2573 3.825923e-05
     5611.1574 3.821563e-05
     5612.0576 3.827042e-05
     5612.9577 3.846686e-05
     5613.8579 3.858991e-05
     5614.7585 3.796835e-05
     5615.6586 3.599159e-05
     5616.5588 3.385879e-05
     5617.4589 3.384725e-05
     5618.3591 3.555415e-05
     5619.2597 3.670676e-05
     5620.1598 3.673505e-05
     5621.0600 3.658149e-05
     5621.9601 3.689929e-05
     5622.8603 3.748022e-05
     5623.7609 3.758152e-05
     5624.6610 3.658152e-05
     5625.5612 3.509345e-05
     5626.4613 3.472568e-05
     5627.3615 3.570158e-05
     5628.2621 3.662292e-05
     5629.1622 3.697926e-05
     5630.0624 3.737871e-05
     5630.9625 3.789541e-05
     5631.8627 3.819139e-05
     5632.7633 3.822398e-05
     5633.6634 3.805303e-05
     5634.5636 3.773456e-05
     5635.4637 3.739871e-05
     5636.3639 3.711240e-05
     5637.2645 3.676186e-05
     5638.1646 3.630605e-05
     5639.0648 3.610974e-05
     5639.9649 3.646309e-05
     5640.8651 3.683217e-05
     5641.7657 3.654428e-05
     5642.6658 3.606150e-05
     5643.5660 3.622682e-05
     5644.4661 3.666167e-05
     5645.3663 3.681148e-05
     5646.2669 3.691528e-05
     5647.1670 3.708093e-05
     5648.0672 3.727227e-05
     5648.9673 3.742037e-05
     5649.8675 3.728298e-05
     5650.7681 3.700381e-05
     5651.6683 3.698843e-05
     5652.5684 3.737301e-05
     5653.4685 3.783251e-05
     5654.3687 3.784475e-05
     5655.2693 3.722459e-05
     5656.1695 3.656760e-05
     5657.0696 3.662006e-05
     5657.9697 3.655658e-05
     5658.8699 3.506206e-05
     5659.7705 3.348777e-05
     5660.6707 3.405612e-05
     5661.5708 3.582089e-05
     5662.4709 3.634572e-05
     5663.3711 3.563581e-05
     5664.2717 3.541999e-05
     5665.1719 3.623715e-05
     5666.0720 3.716729e-05
     5666.9721 3.741443e-05
     5667.8723 3.692858e-05
     5668.7729 3.632601e-05
     5669.6731 3.618437e-05
     5670.5732 3.640723e-05
     5671.4733 3.663739e-05
     5672.3735 3.685156e-05
     5673.2741 3.737457e-05
     5674.1743 3.805729e-05
     5675.0744 3.827119e-05
     5675.9746 3.792606e-05
     5676.8747 3.766126e-05
     5677.7753 3.796836e-05
     5678.6755 3.823878e-05
     5679.5756 3.792414e-05
     5680.4758 3.750310e-05
     5681.3759 3.747741e-05
     5682.2765 3.740844e-05
     5683.1767 3.670173e-05
     5684.0768 3.599723e-05
     5684.9770 3.609940e-05
     5685.8771 3.661638e-05
     5686.7777 3.685872e-05
     5687.6779 3.646258e-05
     5688.5780 3.585763e-05
     5689.4782 3.565526e-05
     5690.3783 3.608606e-05
     5691.2789 3.683004e-05
     5692.1791 3.737117e-05
     5693.0792 3.776111e-05
     5693.9794 3.801354e-05
     5694.8795 3.789178e-05
     5695.7801 3.764714e-05
     5696.6803 3.765950e-05
     5697.5804 3.779269e-05
     5698.4806 3.751531e-05
     5699.3807 3.679406e-05
     5700.2813 3.642478e-05
     5701.1815 3.639850e-05
     5702.0816 3.597187e-05
     5702.9818 3.546546e-05
     5703.8819 3.563951e-05
     5704.7825 3.638091e-05
     5705.6827 3.688030e-05
     5706.5828 3.653512e-05
     5707.4830 3.573685e-05
     5708.3831 3.516992e-05
     5709.2838 3.459204e-05
     5710.1839 3.393555e-05
     5711.0840 3.390147e-05
     5711.9842 3.421594e-05
     5712.8843 3.430313e-05
     5713.7850 3.499423e-05
     5714.6851 3.633097e-05
     5715.5852 3.708712e-05
     5716.4854 3.721325e-05
     5717.3855 3.734839e-05
     5718.2862 3.740786e-05
     5719.1863 3.734203e-05
     5720.0864 3.755666e-05
     5720.9866 3.791124e-05
     5721.8867 3.808511e-05
     5722.7874 3.829218e-05
     5723.6875 3.855344e-05
     5724.5876 3.861210e-05
     5725.4878 3.851675e-05
     5726.3879 3.831948e-05
     5727.2886 3.778161e-05
     5728.1887 3.699329e-05
     5729.0889 3.687034e-05
     5729.9890 3.760341e-05
     5730.8891 3.810609e-05
     5731.7898 3.770401e-05
     5732.6899 3.700309e-05
     5733.5901 3.705556e-05
     5734.4902 3.774159e-05
     5735.3903 3.821994e-05
     5736.2910 3.833119e-05
     5737.1911 3.818270e-05
     5738.0913 3.792562e-05
     5738.9914 3.785030e-05
     5739.8915 3.788893e-05
     5740.7922 3.787536e-05
     5741.6923 3.784149e-05
     5742.5925 3.776910e-05
     5743.4926 3.759313e-05
     5744.3928 3.748435e-05
     5745.2934 3.776351e-05
     5746.1935 3.830687e-05
     5747.0937 3.859160e-05
     5747.9938 3.818259e-05
     5748.8940 3.728600e-05
     5749.7946 3.689961e-05
     5750.6947 3.748402e-05
     5751.5949 3.819207e-05
     5752.4950 3.812294e-05
     5753.3952 3.721622e-05
     5754.2958 3.609455e-05
     5755.1959 3.551686e-05
     5756.0961 3.597797e-05
     5756.9962 3.715700e-05
     5757.8964 3.808520e-05
     5758.7970 3.847788e-05
     5759.6971 3.849984e-05
     5760.5973 3.808373e-05
     5761.4974 3.741614e-05
     5762.3976 3.674002e-05
     5763.2982 3.606727e-05
     5764.1983 3.580645e-05
     5765.0985 3.660662e-05
     5765.9986 3.782230e-05
     5766.8988 3.839219e-05
     5767.7994 3.845196e-05
     5768.6995 3.846166e-05
     5769.5997 3.841498e-05
     5770.4998 3.829366e-05
     5771.4000 3.818308e-05
     5772.3006 3.797798e-05
     5773.2008 3.765766e-05
     5774.1009 3.751364e-05
     5775.0010 3.747180e-05
     5775.9012 3.732345e-05
     5776.8018 3.736248e-05
     5777.7020 3.767360e-05
     5778.6021 3.791892e-05
     5779.5022 3.787733e-05
     5780.4024 3.744105e-05
     5781.3030 3.641001e-05
     5782.2032 3.512319e-05
     5783.1033 3.460108e-05
     5784.0034 3.502641e-05
     5784.9036 3.547249e-05
     5785.8042 3.526982e-05
     5786.7044 3.501079e-05
     5787.6045 3.559874e-05
     5788.5047 3.659390e-05
     5789.4048 3.720530e-05
     5790.3054 3.747783e-05
     5791.2056 3.721871e-05
     5792.1057 3.656542e-05
     5793.0059 3.650917e-05
     5793.9060 3.707522e-05
     5794.8066 3.754188e-05
     5795.7068 3.787822e-05
     5796.6069 3.809727e-05
     5797.5071 3.782073e-05
     5798.4072 3.701945e-05
     5799.3078 3.652771e-05
     5800.2080 3.708384e-05
     5801.1081 3.809688e-05
     5802.0083 3.866178e-05
     5802.9084 3.880614e-05
     5803.8090 3.869559e-05
     5804.7092 3.811456e-05
     5805.6093 3.733293e-05
     5806.5095 3.700125e-05
     5807.4096 3.713025e-05
     5808.3102 3.740090e-05
     5809.2104 3.758053e-05
     5810.1105 3.764555e-05
     5811.0107 3.779245e-05
     5811.9108 3.804654e-05
     5812.8114 3.820942e-05
     5813.7116 3.822431e-05
     5814.6117 3.814864e-05
     5815.5119 3.787175e-05
     5816.4120 3.731647e-05
     5817.3127 3.682245e-05
     5818.2128 3.696277e-05
     5819.1129 3.772481e-05
     5820.0131 3.839294e-05
     5820.9132 3.860953e-05
     5821.8139 3.862057e-05
     5822.7140 3.854030e-05
     5823.6141 3.836434e-05
     5824.5143 3.820220e-05
     5825.4144 3.822183e-05
     5826.3151 3.840129e-05
     5827.2152 3.847729e-05
     5828.1153 3.842465e-05
     5829.0155 3.837151e-05
     5829.9156 3.841095e-05
     5830.8163 3.854103e-05
     5831.7164 3.852293e-05
     5832.6166 3.839624e-05
     5833.5167 3.835389e-05
     5834.4168 3.826604e-05
     5835.3175 3.802042e-05
     5836.2176 3.784486e-05
     5837.1178 3.801367e-05
     5838.0179 3.824475e-05
     5838.9180 3.807398e-05
     5839.8187 3.781754e-05
     5840.7188 3.795132e-05
     5841.6190 3.834317e-05
     5842.5191 3.864027e-05
     5843.4192 3.871456e-05
     5844.3199 3.867612e-05
     5845.2200 3.855984e-05
     5846.1202 3.833787e-05
     5847.0203 3.800917e-05
     5847.9205 3.757290e-05
     5848.8211 3.729677e-05
     5849.7212 3.737191e-05
     5850.6214 3.760698e-05
     5851.5215 3.773953e-05
     5852.4217 3.759992e-05
     5853.3223 3.706889e-05
     5854.2224 3.636285e-05
     5855.1226 3.616920e-05
     5856.0227 3.663728e-05
     5856.9229 3.686821e-05
     5857.8235 3.616035e-05
     5858.7236 3.510681e-05
     5859.6238 3.500572e-05
     5860.5239 3.584751e-05
     5861.4241 3.670697e-05
     5862.3247 3.713352e-05
     5863.2248 3.696039e-05
     5864.1250 3.671636e-05
     5865.0251 3.699311e-05
     5865.9253 3.739115e-05
     5866.8259 3.721849e-05
     5867.7260 3.660705e-05
     5868.6262 3.645711e-05
     5869.5263 3.699648e-05
     5870.4265 3.758757e-05
     5871.3271 3.788868e-05
     5872.2273 3.793723e-05
     5873.1274 3.777616e-05
     5874.0275 3.751423e-05
     5874.9277 3.744147e-05
     5875.8283 3.763409e-05
     5876.7285 3.770850e-05
     5877.6286 3.751612e-05
     5878.5287 3.728049e-05
     5879.4289 3.706569e-05
     5880.3295 3.672485e-05
     5881.2297 3.629075e-05
     5882.1298 3.623544e-05
     5883.0300 3.660321e-05
     5883.9301 3.673733e-05
     5884.8307 3.640105e-05
     5885.7309 3.618992e-05
     5886.6310 3.643870e-05
     5887.5312 3.667714e-05
     5888.4313 3.631439e-05
     5889.3319 3.457470e-05
     5890.2321 3.072908e-05
     5891.1322 2.660890e-05
     5892.0324 2.629993e-05
     5892.9325 2.975986e-05
     5893.8331 3.291793e-05
     5894.7333 3.413359e-05
     5895.6334 3.348415e-05
     5896.5336 3.061400e-05
     5897.4337 2.808653e-05
     5898.3343 2.941614e-05
     5899.2345 3.283118e-05
     5900.1346 3.479343e-05
     5901.0348 3.540346e-05
     5901.9349 3.594783e-05
     5902.8355 3.640493e-05
     5903.7357 3.655183e-05
     5904.6358 3.662808e-05
     5905.5360 3.666519e-05
     5906.4361 3.648553e-05
     5907.3368 3.631225e-05
     5908.2369 3.646492e-05
     5909.1370 3.682397e-05
     5910.0372 3.699262e-05
     5910.9373 3.687609e-05
     5911.8380 3.690284e-05
     5912.7381 3.716089e-05
     5913.6382 3.711028e-05
     5914.5384 3.639814e-05
     5915.4385 3.550679e-05
     5916.3392 3.521761e-05
     5917.2393 3.544562e-05
     5918.1394 3.587260e-05
     5919.0396 3.633207e-05
     5919.9397 3.655567e-05
     5920.8404 3.676066e-05
     5921.7405 3.694603e-05
     5922.6407 3.676656e-05
     5923.5408 3.648366e-05
     5924.4409 3.655349e-05
     5925.3416 3.683661e-05
     5926.2417 3.705010e-05
     5927.1419 3.721015e-05
     5928.0420 3.718920e-05
     5928.9421 3.692172e-05
     5929.8428 3.654231e-05
     5930.7429 3.604627e-05
     5931.6431 3.584145e-05
     5932.5432 3.638196e-05
     5933.4434 3.710266e-05
     5934.3440 3.718187e-05
     5935.2441 3.655986e-05
     5936.1443 3.599884e-05
     5937.0444 3.624474e-05
     5937.9446 3.682073e-05
     5938.8452 3.709005e-05
     5939.7453 3.721532e-05
     5940.6455 3.723264e-05
     5941.5456 3.681224e-05
     5942.4458 3.618803e-05
     5943.3464 3.601879e-05
     5944.2465 3.631246e-05
     5945.1467 3.665503e-05
     5946.0468 3.698648e-05
     5946.9470 3.730853e-05
     5947.8476 3.737539e-05
     5948.7477 3.691005e-05
     5949.6479 3.608024e-05
     5950.5480 3.569601e-05
     5951.4482 3.620254e-05
     5952.3488 3.682766e-05
     5953.2489 3.661153e-05
     5954.1491 3.595049e-05
     5955.0492 3.599854e-05
     5955.9494 3.662378e-05
     5956.8500 3.675103e-05
     5957.7502 3.626671e-05
     5958.6503 3.597171e-05
     5959.5504 3.619835e-05
     5960.4506 3.663592e-05
     5961.3512 3.709173e-05
     5962.2514 3.743244e-05
     5963.1515 3.756917e-05
     5964.0516 3.753757e-05
     5964.9518 3.743804e-05
     5965.8524 3.721249e-05
     5966.7526 3.681980e-05
     5967.6527 3.668450e-05
     5968.5529 3.702210e-05
     5969.4530 3.736662e-05
     5970.3536 3.752090e-05
     5971.2538 3.763725e-05
     5972.1539 3.773605e-05
     5973.0541 3.775240e-05
     5973.9542 3.771595e-05
     5974.8548 3.764106e-05
     5975.7550 3.733583e-05
     5976.6551 3.675281e-05
     5977.5553 3.621470e-05
     5978.4554 3.598474e-05
     5979.3560 3.606988e-05
     5980.2562 3.642706e-05
     5981.1563 3.695901e-05
     5982.0565 3.731667e-05
     5982.9566 3.729815e-05
     5983.8572 3.687548e-05
     5984.7574 3.599008e-05
     5985.6575 3.526025e-05
     5986.5577 3.548142e-05
     5987.4578 3.618233e-05
     5988.3585 3.652308e-05
     5989.2586 3.663018e-05
     5990.1587 3.688327e-05
     5991.0589 3.711629e-05
     5991.9590 3.696408e-05
     5992.8597 3.662546e-05
     5993.7598 3.674637e-05
     5994.6599 3.728437e-05
     5995.5601 3.764735e-05
     5996.4602 3.756370e-05
     5997.3609 3.716961e-05
     5998.2610 3.664614e-05
     5999.1612 3.629176e-05
     6000.0613 3.633680e-05
     6000.9614 3.662514e-05
     6001.8621 3.694171e-05
     6002.7622 3.694096e-05
     6003.6624 3.642876e-05
     6004.5625 3.606417e-05
     6005.4626 3.636932e-05
     6006.3633 3.672779e-05
     6007.2634 3.659697e-05
     6008.1636 3.603210e-05
     6009.0637 3.527339e-05
     6009.9639 3.509293e-05
     6010.8645 3.595479e-05
     6011.7646 3.698984e-05
     6012.6648 3.719483e-05
     6013.5649 3.659266e-05
     6014.4651 3.595211e-05
     6015.3657 3.601621e-05
     6016.2658 3.646390e-05
     6017.1660 3.639496e-05
     6018.0661 3.599773e-05
     6018.9663 3.607356e-05
     6019.8669 3.635821e-05
     6020.7670 3.608946e-05
     6021.6672 3.555898e-05
     6022.5673 3.547524e-05
     6023.4675 3.580119e-05
     6024.3681 3.608002e-05
     6025.2682 3.610477e-05
     6026.1684 3.633914e-05
     6027.0685 3.676454e-05
     6027.9687 3.678310e-05
     6028.8693 3.672755e-05
     6029.7695 3.706432e-05
     6030.6696 3.736959e-05
     6031.5697 3.733510e-05
     6032.4699 3.720822e-05
     6033.3705 3.732938e-05
     6034.2707 3.755102e-05
     6035.1708 3.760161e-05
     6036.0709 3.756417e-05
     6036.9711 3.756382e-05
     6037.8717 3.759790e-05
     6038.7719 3.764258e-05
     6039.6720 3.758333e-05
     6040.5722 3.733002e-05
     6041.4723 3.711742e-05
     6042.3729 3.708793e-05
     6043.2731 3.705640e-05
     6044.1732 3.720207e-05
     6045.0734 3.757014e-05
     6045.9735 3.778762e-05
     6046.8741 3.779970e-05
     6047.7743 3.780237e-05
     6048.6744 3.783601e-05
     6049.5746 3.778028e-05
     6050.4747 3.768638e-05
     6051.3753 3.775154e-05
     6052.2755 3.786771e-05
     6053.1756 3.779868e-05
     6054.0758 3.757051e-05
     6054.9759 3.733851e-05
     6055.8765 3.718599e-05
     6056.7767 3.692213e-05
     6057.6768 3.663986e-05
     6058.5770 3.668486e-05
     6059.4771 3.697993e-05
     6060.3778 3.734967e-05
     6061.2779 3.763834e-05
     6062.1780 3.769793e-05
     6063.0782 3.750989e-05
     6063.9783 3.713560e-05
     6064.8790 3.673716e-05
     6065.7791 3.608379e-05
     6066.6792 3.541706e-05
     6067.5794 3.577331e-05
     6068.4795 3.695292e-05
     6069.3802 3.777395e-05
     6070.2803 3.799275e-05
     6071.1805 3.800805e-05
     6072.0806 3.801435e-05
     6072.9807 3.801847e-05
     6073.8814 3.803579e-05
     6074.7815 3.804153e-05
     6075.6817 3.800260e-05
     6076.5818 3.793194e-05
     6077.4819 3.776316e-05
     6078.3826 3.738132e-05
     6079.2827 3.673496e-05
     6080.1829 3.625578e-05
     6081.0830 3.645194e-05
     6081.9832 3.673866e-05
     6082.8838 3.647842e-05
     6083.7839 3.617235e-05
     6084.6841 3.636138e-05
     6085.5842 3.659189e-05
     6086.4844 3.644392e-05
     6087.3850 3.637378e-05
     6088.2851 3.667757e-05
     6089.1853 3.704199e-05
     6090.0854 3.696850e-05
     6090.9856 3.636893e-05
     6091.8862 3.592773e-05
     6092.7863 3.604127e-05
     6093.6865 3.626540e-05
     6094.5866 3.635063e-05
     6095.4868 3.666940e-05
     6096.3874 3.721739e-05
     6097.2875 3.734929e-05
     6098.1877 3.703291e-05
     6099.0878 3.691432e-05
     6099.9880 3.716284e-05
     6100.8886 3.749379e-05
     6101.7888 3.748689e-05
     6102.6889 3.647460e-05
     6103.5890 3.456774e-05
     6104.4892 3.364900e-05
     6105.3898 3.486614e-05
     6106.2900 3.656317e-05
     6107.1901 3.726702e-05
     6108.0902 3.709229e-05
     6108.9904 3.660360e-05
     6109.8910 3.653766e-05
     6110.7912 3.700151e-05
     6111.6913 3.715983e-05
     6112.5915 3.679535e-05
     6113.4916 3.666992e-05
     6114.3922 3.707910e-05
     6115.2924 3.752129e-05
     6116.1925 3.756532e-05
     6117.0927 3.711889e-05
     6117.9928 3.671182e-05
     6118.8934 3.689358e-05
     6119.7936 3.711343e-05
     6120.6937 3.672989e-05
     6121.5939 3.607530e-05
     6122.4940 3.522528e-05
     6123.3946 3.429359e-05
     6124.2948 3.454484e-05
     6125.1949 3.602738e-05
     6126.0951 3.696984e-05
     6126.9952 3.681896e-05
     6127.8959 3.639590e-05
     6128.7960 3.610553e-05
     6129.6961 3.597446e-05
     6130.5963 3.618769e-05
     6131.4964 3.670183e-05
     6132.3971 3.711228e-05
     6133.2972 3.722212e-05
     6134.1973 3.725427e-05
     6135.0975 3.715226e-05
     6135.9976 3.651281e-05
     6136.8983 3.509790e-05
     6137.7984 3.307686e-05
     6138.6986 3.192776e-05
     6139.5987 3.316625e-05
     6140.4988 3.562292e-05
     6141.3995 3.691787e-05
     6142.2996 3.634290e-05
     6143.1998 3.531065e-05
     6144.0999 3.547409e-05
     6145.0000 3.655216e-05
     6145.9007 3.726180e-05
     6146.8008 3.733179e-05
     6147.7010 3.719674e-05
     6148.6011 3.696288e-05
     6149.5013 3.655324e-05
     6150.4019 3.614753e-05
     6151.3020 3.590508e-05
     6152.2022 3.596879e-05
     6153.1023 3.634190e-05
     6154.0025 3.678790e-05
     6154.9031 3.684174e-05
     6155.8032 3.636481e-05
     6156.7034 3.606494e-05
     6157.6035 3.625017e-05
     6158.5037 3.637993e-05
     6159.4043 3.631296e-05
     6160.3044 3.627229e-05
     6161.2046 3.578375e-05
     6162.1047 3.418493e-05
     6163.0049 3.212746e-05
     6163.9055 3.121630e-05
     6164.8057 3.200951e-05
     6165.7058 3.352159e-05
     6166.6059 3.455918e-05
     6167.5061 3.490559e-05
     6168.4067 3.520082e-05
     6169.3069 3.512735e-05
     6170.2070 3.391983e-05
     6171.1071 3.269234e-05
     6172.0073 3.311536e-05
     6172.9079 3.464368e-05
     6173.8081 3.547802e-05
     6174.7082 3.537025e-05
     6175.6084 3.530840e-05
     6176.5085 3.542872e-05
     6177.4091 3.533650e-05
     6178.3093 3.521441e-05
     6179.2094 3.552057e-05
     6180.1096 3.596343e-05
     6181.0097 3.588834e-05
     6181.9103 3.570186e-05
     6182.8105 3.598358e-05
     6183.7106 3.633578e-05
     6184.6108 3.638142e-05
     6185.5109 3.629885e-05
     6186.4115 3.615363e-05
     6187.3117 3.572787e-05
     6188.2118 3.520077e-05
     6189.1120 3.492099e-05
     6190.0121 3.489375e-05
     6190.9128 3.482213e-05
     6191.8129 3.404506e-05
     6192.7130 3.286259e-05
     6193.6132 3.298626e-05
     6194.5133 3.446055e-05
     6195.4140 3.559415e-05
     6196.3141 3.589179e-05
     6197.2142 3.597117e-05
     6198.1144 3.614336e-05
     6199.0145 3.612072e-05
     6199.9152 3.555295e-05
     6200.8153 3.467410e-05
     6201.7155 3.435967e-05
     6202.6156 3.492960e-05
     6203.5157 3.570440e-05
     6204.4164 3.607851e-05
     6205.3165 3.605018e-05
     6206.2167 3.595945e-05
     6207.1168 3.605168e-05
     6208.0170 3.621275e-05
     6208.9176 3.628532e-05
     6209.8177 3.628219e-05
     6210.7179 3.616703e-05
     6211.6180 3.592461e-05
     6212.5182 3.571238e-05
     6213.4188 3.542142e-05
     6214.3189 3.460744e-05
     6215.2191 3.366007e-05
     6216.1192 3.329656e-05
     6217.0194 3.343458e-05
     6217.9200 3.399775e-05
     6218.8201 3.477642e-05
     6219.7203 3.493080e-05
     6220.6204 3.427826e-05
     6221.5206 3.376522e-05
     6222.4212 3.395662e-05
     6223.3213 3.453931e-05
     6224.2215 3.499009e-05
     6225.1216 3.495417e-05
     6226.0218 3.480063e-05
     6226.9224 3.497456e-05
     6227.8226 3.519094e-05
     6228.7227 3.523732e-05
     6229.6228 3.512261e-05
     6230.5230 3.445912e-05
     6231.4236 3.320123e-05
     6232.3238 3.236166e-05
     6233.2239 3.269661e-05
     6234.1241 3.353017e-05
     6235.0242 3.442879e-05
     6235.9248 3.542508e-05
     6236.8250 3.597258e-05
     6237.7251 3.583342e-05
     6238.6253 3.534546e-05
     6239.5254 3.483904e-05
     6240.4260 3.436965e-05
     6241.3262 3.396023e-05
     6242.2263 3.402529e-05
     6243.1265 3.427824e-05
     6244.0266 3.386936e-05
     6244.9272 3.332885e-05
     6245.8274 3.344288e-05
     6246.7275 3.361864e-05
     6247.6277 3.358357e-05
     6248.5278 3.398743e-05
     6249.4285 3.482500e-05
     6250.3286 3.538008e-05
     6251.2287 3.549533e-05
     6252.1289 3.520553e-05
     6253.0290 3.426376e-05
     6253.9297 3.320479e-05
     6254.8298 3.286658e-05
     6255.7299 3.313686e-05
     6256.6301 3.341739e-05
     6257.5302 3.322037e-05
     6258.4309 3.267088e-05
     6259.3310 3.217764e-05
     6260.2312 3.226341e-05
     6261.1313 3.319616e-05
     6262.0314 3.402004e-05
     6262.9321 3.436977e-05
     6263.8322 3.495907e-05
     6264.7324 3.553023e-05
     6265.6325 3.526281e-05
     6266.5327 3.445155e-05
     6267.4333 3.428658e-05
     6268.3334 3.486503e-05
     6269.2336 3.519621e-05
     6270.1337 3.498446e-05
     6271.0339 3.471616e-05
     6271.9345 3.470181e-05
     6272.8346 3.495689e-05
     6273.7348 3.531250e-05
     6274.6349 3.544803e-05
     6275.5351 3.529555e-05
     6276.4357 3.522315e-05
     6277.3358 3.536990e-05
     6278.2360 3.545743e-05
     6279.1361 3.539721e-05
     6280.0363 3.519594e-05
     6280.9369 3.469281e-05
     6281.8371 3.413329e-05
     6282.7372 3.413274e-05
     6283.6373 3.457201e-05
     6284.5375 3.498867e-05
     6285.4381 3.521357e-05
     6286.3383 3.515439e-05
     6287.2384 3.517002e-05
     6288.1385 3.553667e-05
     6289.0387 3.597732e-05
     6289.9393 3.623336e-05
     6290.8395 3.615780e-05
     6291.7396 3.571418e-05
     6292.6398 3.525415e-05
     6293.5399 3.505665e-05
     6294.4405 3.509049e-05
     6295.3407 3.534872e-05
     6296.2408 3.549075e-05
     6297.1410 3.507775e-05
     6298.0411 3.435774e-05
     6298.9417 3.402312e-05
     6299.8419 3.433258e-05
     6300.7420 3.479472e-05
     6301.6422 3.470263e-05
     6302.5423 3.404433e-05
     6303.4429 3.358150e-05
     6304.3431 3.389395e-05
     6305.2432 3.464524e-05
     6306.1434 3.508352e-05
     6307.0435 3.513674e-05
     6307.9442 3.540916e-05
     6308.8443 3.591618e-05
     6309.7444 3.613171e-05
     6310.6446 3.591533e-05
     6311.5447 3.546944e-05
     6312.4454 3.504444e-05
     6313.3455 3.490635e-05
     6314.2457 3.511439e-05
     6315.1458 3.507914e-05
     6316.0459 3.438608e-05
     6316.9466 3.392945e-05
     6317.8467 3.422164e-05
     6318.7469 3.420006e-05
     6319.6470 3.359094e-05
     6320.5471 3.359213e-05
     6321.4478 3.439302e-05
     6322.3479 3.498946e-05
     6323.2481 3.495373e-05
     6324.1482 3.480930e-05
     6325.0484 3.513527e-05
     6325.9490 3.560230e-05
     6326.8491 3.577354e-05
     6327.7493 3.569969e-05
     6328.6494 3.551466e-05
     6329.5496 3.554196e-05
     6330.4502 3.566219e-05
     6331.3503 3.544287e-05
     6332.2505 3.529072e-05
     6333.1506 3.561588e-05
     6334.0508 3.606428e-05
     6334.9514 3.611281e-05
     6335.8515 3.530674e-05
     6336.7517 3.402546e-05
     6337.6518 3.341887e-05
     6338.5520 3.387991e-05
     6339.4526 3.461583e-05
     6340.3528 3.498157e-05
     6341.2529 3.531418e-05
     6342.1530 3.577972e-05
     6343.0532 3.589852e-05
     6343.9538 3.550408e-05
     6344.8540 3.477117e-05
     6345.7541 3.431180e-05
     6346.6543 3.463416e-05
     6347.5544 3.520425e-05
     6348.4550 3.546570e-05
     6349.3552 3.562207e-05
     6350.2553 3.581471e-05
     6351.1555 3.591337e-05
     6352.0556 3.594522e-05
     6352.9562 3.597456e-05
     6353.8564 3.591672e-05
     6354.7565 3.559409e-05
     6355.6567 3.496496e-05
     6356.5568 3.453103e-05
     6357.4574 3.479499e-05
     6358.3576 3.511471e-05
     6359.2577 3.465120e-05
     6360.1579 3.387893e-05
     6361.0580 3.371863e-05
     6361.9587 3.397366e-05
     6362.8588 3.393517e-05
     6363.7589 3.367289e-05
     6364.6591 3.366293e-05
     6365.5592 3.398889e-05
     6366.4599 3.440424e-05
     6367.3600 3.472727e-05
     6368.2602 3.503796e-05
     6369.1603 3.546580e-05
     6370.0604 3.572727e-05
     6370.9611 3.559324e-05
     6371.8612 3.539936e-05
     6372.7614 3.548562e-05
     6373.6615 3.583560e-05
     6374.5616 3.611588e-05
     6375.4623 3.611531e-05
     6376.3624 3.599142e-05
     6377.2626 3.597279e-05
     6378.1627 3.598250e-05
     6379.0629 3.577473e-05
     6379.9635 3.540538e-05
     6380.8636 3.519959e-05
     6381.7638 3.515312e-05
     6382.6639 3.523065e-05
     6383.5641 3.553291e-05
     6384.4647 3.580368e-05
     6385.3648 3.572266e-05
     6386.2650 3.554944e-05
     6387.1651 3.563603e-05
     6388.0653 3.585307e-05
     6388.9659 3.593577e-05
     6389.8660 3.591149e-05
     6390.7662 3.590857e-05
     6391.6663 3.589523e-05
     6392.5665 3.572135e-05
     6393.4671 3.507047e-05
     6394.3673 3.397590e-05
     6395.2674 3.345732e-05
     6396.1675 3.420272e-05
     6397.0677 3.537073e-05
     6397.9683 3.607662e-05
     6398.8685 3.623680e-05
     6399.7686 3.575549e-05
     6400.6688 3.437008e-05
     6401.5689 3.303128e-05
     6402.4695 3.346014e-05
     6403.3697 3.508245e-05
     6404.2698 3.612139e-05
     6405.1700 3.637772e-05
     6406.0701 3.631956e-05
     6406.9707 3.609720e-05
     6407.8709 3.565668e-05
     6408.7710 3.494384e-05
     6409.6712 3.456853e-05
     6410.5713 3.507281e-05
     6411.4719 3.557214e-05
     6412.3721 3.511330e-05
     6413.2722 3.444887e-05
     6414.1724 3.459425e-05
     6415.0725 3.511529e-05
     6415.9732 3.537327e-05
     6416.8733 3.551075e-05
     6417.7734 3.567087e-05
     6418.6736 3.568687e-05
     6419.5737 3.553618e-05
     6420.4744 3.513619e-05
     6421.3745 3.436777e-05
     6422.2747 3.373183e-05
     6423.1748 3.398381e-05
     6424.0749 3.507762e-05
     6424.9756 3.599925e-05
     6425.8757 3.614763e-05
     6426.7759 3.599161e-05
     6427.6760 3.604867e-05
     6428.5762 3.625745e-05
     6429.4768 3.632965e-05
     6430.3769 3.596484e-05
     6431.2771 3.499621e-05
     6432.1772 3.395316e-05
     6433.0774 3.385990e-05
     6433.9780 3.464047e-05
     6434.8781 3.535826e-05
     6435.7783 3.574929e-05
     6436.6784 3.597326e-05
     6437.5786 3.606673e-05
     6438.4792 3.584754e-05
     6439.3793 3.496505e-05
     6440.2795 3.386361e-05
     6441.1796 3.388498e-05
     6442.0798 3.510269e-05
     6442.9804 3.616621e-05
     6443.8806 3.648653e-05
     6444.7807 3.645245e-05
     6445.6808 3.638260e-05
     6446.5810 3.637405e-05
     6447.4816 3.646576e-05
     6448.3818 3.649312e-05
     6449.2819 3.602095e-05
     6450.1821 3.461554e-05
     6451.0822 3.283365e-05
     6451.9828 3.242086e-05
     6452.8830 3.372604e-05
     6453.7831 3.519774e-05
     6454.6833 3.589943e-05
     6455.5834 3.581877e-05
     6456.4840 3.512565e-05
     6457.3842 3.447708e-05
     6458.2843 3.463517e-05
     6459.1845 3.542295e-05
     6460.0846 3.609897e-05
     6460.9852 3.638726e-05
     6461.8854 3.622877e-05
     6462.7855 3.521506e-05
     6463.6857 3.351269e-05
     6464.5858 3.278575e-05
     6465.4865 3.377103e-05
     6466.3866 3.504881e-05
     6467.2867 3.571540e-05
     6468.1869 3.597941e-05
     6469.0870 3.601244e-05
     6469.9877 3.579158e-05
     6470.8878 3.544082e-05
     6471.7880 3.509679e-05
     6472.6881 3.468841e-05
     6473.5882 3.461487e-05
     6474.4889 3.514054e-05
     6475.3890 3.549597e-05
     6476.2892 3.521837e-05
     6477.1893 3.490537e-05
     6478.0895 3.511175e-05
     6478.9901 3.553661e-05
     6479.8902 3.570843e-05
     6480.7904 3.570854e-05
     6481.6905 3.550385e-05
     6482.5907 3.478933e-05
     6483.4913 3.390385e-05
     6484.3914 3.367960e-05
     6485.2916 3.425567e-05
     6486.1917 3.497130e-05
     6487.0919 3.535316e-05
     6487.9925 3.546645e-05
     6488.8926 3.552039e-05
     6489.7928 3.551378e-05
     6490.6929 3.533373e-05
     6491.5931 3.498246e-05
     6492.4937 3.464372e-05
     6493.3939 3.437235e-05
     6494.2940 3.366727e-05
     6495.1941 3.211582e-05
     6496.0943 3.061233e-05
     6496.9949 3.028031e-05
     6497.8951 3.082365e-05
     6498.7952 3.165423e-05
     6499.6954 3.238824e-05
     6500.5955 3.270802e-05
     6501.4961 3.312958e-05
     6502.3963 3.392294e-05
     6503.2964 3.456509e-05
     6504.1966 3.491372e-05
     6505.0967 3.508057e-05
     6505.9973 3.516358e-05
     6506.8975 3.531175e-05
     6507.7976 3.543237e-05
     6508.6978 3.530408e-05
     6509.5979 3.501804e-05
     6510.4985 3.493869e-05
     6511.3987 3.516181e-05
     6512.2988 3.541430e-05
     6513.1990 3.547871e-05
     6514.0991 3.541209e-05
     6514.9998 3.531512e-05
     6515.8999 3.509529e-05
     6516.8000 3.473456e-05
     6517.7002 3.443734e-05
     6518.6003 3.425749e-05
     6519.5010 3.404531e-05
     6520.4011 3.403890e-05
     6521.3013 3.453964e-05
     6522.2014 3.513196e-05
     6523.1015 3.535512e-05
     6524.0022 3.532992e-05
     6524.9023 3.532643e-05
     6525.8025 3.540983e-05
     6526.7026 3.534288e-05
     6527.6028 3.491906e-05
     6528.5034 3.449264e-05
     6529.4035 3.453499e-05
     6530.3037 3.491696e-05
     6531.2038 3.519154e-05
     6532.1040 3.511867e-05
     6533.0046 3.478193e-05
     6533.9047 3.443576e-05
     6534.8049 3.433314e-05
     6535.7050 3.458589e-05
     6536.6052 3.501336e-05
     6537.5058 3.524624e-05
     6538.4059 3.513416e-05
     6539.3061 3.496971e-05
     6540.2062 3.505526e-05
     6541.1064 3.529644e-05
     6542.0070 3.539973e-05
     6542.9072 3.523544e-05
     6543.8073 3.492527e-05
     6544.7074 3.468311e-05
     6545.6076 3.452805e-05
     6546.5082 3.411958e-05
     6547.4084 3.338396e-05
     6548.3085 3.311847e-05
     6549.2087 3.368009e-05
     6550.1088 3.430712e-05
     6551.0094 3.448767e-05
     6551.9096 3.429481e-05
     6552.8097 3.401493e-05
     6553.7099 3.387176e-05
     6554.6100 3.370394e-05
     6555.5106 3.326171e-05
     6556.4108 3.269711e-05
     6557.3109 3.241961e-05
     6558.2111 3.261124e-05
     6559.1112 3.292959e-05
     6560.0119 3.293847e-05
     6560.9120 3.254025e-05
     6561.8121 3.150722e-05
     6562.7123 2.867372e-05
     6563.6124 2.374077e-05
     6564.5131 2.053606e-05
     6565.4132 2.282833e-05
     6566.3134 2.795008e-05
     6567.2135 3.139959e-05
     6568.1136 3.275313e-05
     6569.0143 3.320918e-05
     6569.9144 3.308723e-05
     6570.8146 3.278577e-05
     6571.7147 3.291546e-05
     6572.6148 3.325119e-05
     6573.5155 3.314487e-05
     6574.4156 3.265434e-05
     6575.3158 3.229223e-05
     6576.2159 3.231036e-05
     6577.1161 3.287392e-05
     6578.0167 3.380757e-05
     6578.9168 3.448009e-05
     6579.8170 3.468149e-05
     6580.7171 3.454240e-05
     6581.6173 3.414664e-05
     6582.5179 3.380127e-05
     6583.4180 3.389881e-05
     6584.3182 3.428983e-05
     6585.2183 3.453362e-05
     6586.1185 3.448017e-05
     6587.0191 3.422051e-05
     6587.9193 3.403670e-05
     6588.8194 3.424283e-05
     6589.7195 3.463049e-05
     6590.6197 3.482492e-05
     6591.5203 3.484848e-05
     6592.4205 3.456698e-05
     6593.3206 3.362010e-05
     6594.2208 3.225393e-05
     6595.1209 3.164873e-05
     6596.0215 3.246723e-05
     6596.9217 3.371171e-05
     6597.8218 3.428495e-05
     6598.7220 3.415779e-05
     6599.6221 3.376956e-05
     6600.5227 3.368269e-05
     6601.4229 3.413841e-05
     6602.3230 3.471259e-05
     6603.2232 3.494231e-05
     6604.1233 3.484996e-05
     6605.0240 3.456741e-05
     6605.9241 3.418241e-05
     6606.8242 3.391941e-05
     6607.7244 3.387242e-05
     6608.6245 3.379071e-05
     6609.5252 3.340905e-05
     6610.4253 3.295116e-05
     6611.3254 3.311131e-05
     6612.2256 3.395014e-05
     6613.1257 3.463449e-05
     6614.0264 3.464911e-05
     6614.9265 3.430141e-05
     6615.8267 3.420592e-05
     6616.7268 3.450314e-05
     6617.6269 3.472733e-05
     6618.5276 3.469683e-05
     6619.4277 3.463403e-05
     6620.3279 3.467672e-05
     6621.2280 3.479079e-05
     6622.1282 3.489105e-05
     6623.0288 3.488683e-05
     6623.9289 3.469671e-05
     6624.8291 3.429287e-05
     6625.7292 3.375100e-05
     6626.6294 3.349668e-05
     6627.5300 3.379205e-05
     6628.4301 3.416692e-05
     6629.3303 3.426632e-05
     6630.2304 3.424959e-05
     6631.1306 3.415398e-05
     6632.0312 3.404478e-05
     6632.9314 3.391974e-05
     6633.8315 3.357269e-05
     6634.7316 3.301754e-05
     6635.6318 3.273710e-05
     6636.5324 3.313167e-05
     6637.4326 3.382257e-05
     6638.3327 3.427578e-05
     6639.2329 3.438832e-05
     6640.1330 3.423490e-05
     6641.0336 3.402842e-05
     6641.9338 3.407160e-05
     6642.8339 3.431145e-05
     6643.7341 3.416233e-05
     6644.6342 3.341144e-05
     6645.5348 3.294147e-05
     6646.4350 3.333874e-05
     6647.3351 3.390906e-05
     6648.2353 3.404242e-05
     6649.1354 3.394868e-05
     6650.0361 3.402672e-05
     6650.9362 3.423478e-05
     6651.8363 3.428247e-05
     6652.7365 3.415506e-05
     6653.6366 3.405919e-05
     6654.5373 3.407066e-05
     6655.4374 3.412673e-05
     6656.3375 3.418613e-05
     6657.2377 3.416659e-05
     6658.1378 3.409232e-05
     6659.0385 3.412330e-05
     6659.9386 3.421403e-05
     6660.8388 3.417867e-05
     6661.7389 3.402759e-05
     6662.6390 3.385070e-05
     6663.5397 3.350549e-05
     6664.4398 3.286424e-05
     6665.3400 3.252787e-05
     6666.2401 3.292056e-05
     6667.1403 3.338944e-05
     6668.0409 3.348056e-05
     6668.9410 3.341616e-05
     6669.8412 3.349567e-05
     6670.7413 3.378976e-05
     6671.6415 3.410047e-05
     6672.5421 3.425389e-05
     6673.4422 3.424298e-05
     6674.3424 3.418973e-05
     6675.2425 3.416800e-05
     6676.1427 3.418700e-05
     6677.0433 3.415386e-05
     6677.9435 3.368347e-05
     6678.8436 3.260708e-05
     6679.7437 3.179533e-05
     6680.6439 3.219159e-05
     6681.5445 3.314797e-05
     6682.4447 3.361143e-05
     6683.3448 3.369203e-05
     6684.2450 3.378742e-05
     6685.1451 3.391022e-05
     6686.0457 3.399198e-05
     6686.9459 3.399948e-05
     6687.8460 3.394715e-05
     6688.7462 3.383889e-05
     6689.6463 3.373431e-05
     6690.5469 3.375990e-05
     6691.4471 3.385233e-05
     6692.3472 3.389758e-05
     6693.2474 3.390506e-05
     6694.1475 3.389598e-05
     6695.0482 3.391506e-05
     6695.9483 3.380610e-05
     6696.8484 3.340949e-05
     6697.7486 3.298333e-05
     6698.6487 3.292963e-05
     6699.5494 3.314484e-05
     6700.4495 3.338017e-05
     6701.3497 3.365514e-05
     6702.2498 3.387824e-05
     6703.1499 3.388295e-05
     6704.0506 3.363902e-05
     6704.9507 3.326258e-05
     6705.8509 3.301104e-05
     6706.7510 3.308103e-05
     6707.6512 3.334483e-05
     6708.5518 3.352995e-05
     6709.4519 3.354450e-05
     6710.3521 3.350038e-05
     6711.2522 3.339246e-05
     6712.1524 3.331043e-05
     6713.0530 3.339794e-05
     6713.9531 3.342148e-05
     6714.8533 3.322395e-05
     6715.7534 3.300111e-05
     6716.6536 3.278568e-05
     6717.5542 3.242986e-05
     6718.4543 3.188541e-05
     6719.3545 3.160906e-05
     6720.2546 3.213306e-05
     6721.1548 3.298240e-05
     6722.0554 3.337776e-05
     6722.9556 3.331752e-05
     6723.8557 3.325084e-05
     6724.7558 3.341028e-05
     6725.6560 3.354106e-05
     6726.5566 3.340406e-05
     6727.4568 3.311992e-05
     6728.3569 3.302674e-05
     6729.2571 3.323640e-05
     6730.1572 3.347395e-05
     6731.0578 3.359914e-05
     6731.9580 3.366275e-05
     6732.8581 3.363559e-05
     6733.7583 3.348075e-05
     6734.6584 3.331136e-05
     6735.5590 3.330469e-05
     6736.4592 3.342895e-05
     6737.3593 3.354422e-05
     6738.2595 3.351171e-05
     6739.1596 3.325732e-05
     6740.0603 3.290955e-05
     6740.9604 3.276977e-05
     6741.8605 3.296236e-05
     6742.7607 3.317914e-05
     6743.6608 3.303620e-05
     6744.5615 3.275306e-05
     6745.4616 3.279634e-05
     6746.3618 3.306202e-05
     6747.2619 3.316627e-05
     6748.1620 3.310495e-05
     6749.0627 3.304757e-05
     6749.9628 3.293757e-05
     6750.8630 3.267059e-05
     6751.7631 3.247384e-05
     6752.6633 3.260240e-05
     6753.5639 3.274113e-05
     6754.4640 3.266031e-05
     6755.3642 3.277195e-05
     6756.2643 3.310681e-05
     6757.1645 3.333505e-05
     6758.0651 3.348663e-05
     6758.9652 3.361963e-05
     6759.8654 3.369643e-05
     6760.7655 3.373026e-05
     6761.6657 3.374466e-05
     6762.5663 3.370869e-05
     6763.4665 3.360264e-05
     6764.3666 3.356530e-05
     6765.2667 3.360854e-05
     6766.1669 3.357316e-05
     6767.0675 3.338210e-05
     6767.9677 3.298954e-05
     6768.8678 3.253041e-05
     6769.7680 3.243750e-05
     6770.6681 3.274943e-05
     6771.5687 3.292394e-05
     6772.4689 3.275514e-05
     6773.3690 3.267197e-05
     6774.2692 3.292191e-05
     6775.1693 3.329759e-05
     6776.0699 3.360701e-05
     6776.9701 3.377088e-05
     6777.8702 3.377343e-05
     6778.7704 3.371179e-05
     6779.6705 3.374017e-05
     6780.5712 3.386573e-05
     6781.4713 3.390420e-05
     6782.3714 3.377331e-05
     6783.2716 3.349163e-05
     6784.1717 3.306225e-05
     6785.0724 3.264961e-05
     6785.9725 3.249021e-05
     6786.8727 3.257736e-05
     6787.7728 3.273018e-05
     6788.6729 3.295533e-05
     6789.5736 3.325233e-05
     6790.4737 3.339413e-05
     6791.3739 3.334927e-05
     6792.2740 3.334584e-05
     6793.1742 3.337656e-05
     6794.0748 3.324385e-05
     6794.9749 3.300840e-05
     6795.8751 3.294261e-05
     6796.7752 3.302423e-05
     6797.6754 3.309525e-05
     6798.5760 3.317917e-05
     6799.4761 3.322805e-05
     6800.3763 3.324067e-05
     6801.2764 3.332681e-05
     6802.1766 3.342971e-05
     6803.0772 3.348812e-05
     6803.9774 3.347243e-05
     6804.8775 3.333677e-05
     6805.7776 3.321004e-05
     6806.6778 3.320600e-05
     6807.5784 3.314711e-05
     6808.4786 3.301252e-05
     6809.3787 3.308908e-05
     6810.2789 3.325717e-05
     6811.1790 3.317875e-05
     6812.0796 3.305107e-05
     6812.9798 3.314509e-05
     6813.8799 3.331270e-05
     6814.7801 3.331389e-05
     6815.6802 3.304629e-05
     6816.5808 3.278074e-05
     6817.4810 3.290698e-05
     6818.3811 3.329162e-05
     6819.2813 3.351251e-05
     6820.1814 3.340825e-05
     6821.0821 3.311416e-05
     6821.9822 3.294366e-05
     6822.8823 3.310209e-05
     6823.7825 3.341113e-05
     6824.6826 3.358627e-05
     6825.5833 3.362597e-05
     6826.4834 3.364938e-05
     6827.3836 3.365852e-05
     6828.2837 3.352951e-05
     6829.1838 3.316700e-05
     6830.0845 3.284436e-05
     6830.9846 3.291777e-05
     6831.8848 3.326859e-05
     6832.7849 3.349827e-05
     6833.6851 3.345127e-05
     6834.5857 3.337660e-05
     6835.4858 3.347389e-05
     6836.3860 3.363894e-05
     6837.2861 3.367528e-05
     6838.1863 3.351572e-05
     6839.0869 3.327436e-05
     6839.9870 3.298796e-05
     6840.8872 3.265115e-05
     6841.7873 3.229282e-05
     6842.6875 3.192764e-05
     6843.5881 3.174776e-05
     6844.4883 3.192954e-05
     6845.3884 3.239055e-05
     6846.2885 3.290881e-05
     6847.1887 3.321981e-05
     6848.0893 3.329717e-05
     6848.9895 3.332984e-05
     6849.8896 3.333694e-05
     6850.7898 3.328366e-05
     6851.6899 3.323189e-05
     6852.5905 3.320055e-05
     6853.4907 3.324687e-05
     6854.3908 3.331445e-05
     6855.2910 3.312040e-05
     6856.1911 3.256505e-05
     6857.0917 3.217534e-05
     6857.9919 3.230065e-05
     6858.8920 3.255486e-05
     6859.7922 3.270624e-05
     6860.6923 3.284292e-05
     6861.5930 3.279302e-05
     6862.4931 3.244935e-05
     6863.3932 3.221549e-05
     6864.2934 3.250234e-05
     6865.1935 3.308354e-05
     6866.0942 3.341768e-05
     6866.9943 3.336329e-05
     6867.8945 3.310235e-05
     6868.7946 3.278961e-05
     6869.6947 3.254699e-05
     6870.5954 3.254247e-05
     6871.4955 3.273981e-05
     6872.3957 3.283045e-05
     6873.2958 3.261655e-05
     6874.1960 3.242724e-05
     6875.0966 3.260412e-05
     6875.9967 3.284001e-05
     6876.8969 3.286818e-05
     6877.7970 3.293233e-05
     6878.6972 3.314367e-05
     6879.5978 3.333254e-05
     6880.4979 3.337550e-05
     6881.3981 3.327376e-05
     6882.2982 3.302783e-05
     6883.1984 3.262383e-05
     6884.0990 3.232177e-05
     6884.9992 3.241766e-05
     6885.8993 3.276942e-05
     6886.7994 3.293825e-05
     6887.6996 3.288448e-05
     6888.6002 3.296733e-05
     6889.5004 3.322445e-05
     6890.4005 3.342538e-05
     6891.3007 3.348070e-05
     6892.2008 3.349435e-05
     6893.1014 3.354036e-05
     6894.0016 3.351975e-05
     6894.9017 3.341015e-05
     6895.8019 3.330132e-05
     6896.7020 3.322071e-05
     6897.6026 3.317434e-05
     6898.5028 3.316402e-05
     6899.4029 3.320394e-05
     6900.3031 3.325058e-05
     6901.2032 3.320163e-05
     6902.1039 3.310341e-05
     6903.0040 3.318097e-05
     6903.9041 3.342361e-05
     6904.8043 3.361147e-05
     6905.7044 3.356786e-05
     6906.6051 3.336945e-05
     6907.5052 3.328593e-05
     6908.4054 3.346530e-05
     6909.3055 3.371208e-05
     6910.2056 3.377183e-05
     6911.1063 3.365564e-05
     6912.0064 3.346736e-05
     6912.9066 3.330406e-05
     6913.8067 3.321707e-05
     6914.7069 3.297708e-05
     6915.6075 3.254607e-05
     6916.5076 3.237416e-05
     6917.4078 3.253417e-05
     6918.3079 3.270011e-05
     6919.2081 3.285235e-05
     6920.1087 3.307151e-05
     6921.0088 3.325008e-05
     6921.9090 3.341320e-05
     6922.8091 3.360950e-05
     6923.7093 3.374645e-05
     6924.6099 3.357900e-05
     6925.5101 3.299580e-05
     6926.4102 3.243648e-05
     6927.3103 3.233938e-05
     6928.2105 3.268510e-05
     6929.1111 3.314706e-05
     6930.0113 3.337405e-05
     6930.9114 3.338908e-05
     6931.8116 3.335090e-05
     6932.7117 3.328307e-05
     6933.6123 3.310379e-05
     6934.5125 3.280671e-05
     6935.4126 3.271332e-05
     6936.3128 3.297605e-05
     6937.2129 3.322382e-05
     6938.1135 3.324599e-05
     6939.0137 3.319047e-05
     6939.9138 3.317396e-05
     6940.8140 3.326007e-05
     6941.7141 3.341539e-05
     6942.6148 3.352027e-05
     6943.5149 3.348031e-05
     6944.4150 3.328085e-05
     6945.3152 3.290618e-05
     6946.2153 3.237806e-05
     6947.1160 3.215655e-05
     6948.0161 3.252887e-05
     6948.9163 3.304063e-05
     6949.8164 3.331517e-05
     6950.7165 3.340819e-05
     6951.6172 3.329086e-05
     6952.5173 3.296398e-05
     6953.4175 3.273231e-05
     6954.3176 3.273786e-05
     6955.2178 3.277231e-05
     6956.1184 3.282130e-05
     6957.0185 3.298289e-05
     6957.9187 3.322569e-05
     6958.8188 3.339300e-05
     6959.7190 3.343944e-05
     6960.6196 3.344283e-05
     6961.5197 3.342047e-05
     6962.4199 3.343531e-05
     6963.3200 3.350646e-05
     6964.2202 3.357366e-05
     6965.1208 3.362782e-05
     6966.0210 3.357383e-05
     6966.9211 3.337445e-05
     6967.8212 3.327306e-05
     6968.7214 3.345693e-05
     6969.6220 3.374101e-05
     6970.5222 3.382887e-05
     6971.4223 3.365876e-05
     6972.3225 3.339915e-05
     6973.2226 3.329860e-05
     6974.1232 3.344454e-05
     6975.0234 3.358045e-05
     6975.9235 3.345711e-05
     6976.8237 3.315891e-05
     6977.7238 3.278756e-05
     6978.6244 3.222479e-05
     6979.5246 3.139491e-05
     6980.4247 3.084674e-05
     6981.3249 3.127060e-05
     6982.2250 3.230525e-05
     6983.1257 3.309452e-05
     6984.0258 3.346231e-05
     6984.9259 3.363188e-05
     6985.8261 3.369576e-05
     6986.7262 3.367162e-05
     6987.6269 3.362316e-05
     6988.5270 3.355189e-05
     6989.4272 3.336643e-05
     6990.3273 3.310471e-05
     6991.2275 3.301425e-05
     6992.1281 3.321416e-05
     6993.0282 3.350698e-05
     6993.9284 3.366795e-05
     6994.8285 3.363886e-05
     6995.7287 3.351225e-05
     6996.6293 3.347183e-05
     6997.5294 3.352890e-05
     6998.4296 3.356789e-05
     6999.3297 3.348760e-05
     7000.2299 3.314604e-05
     7001.1305 3.266438e-05
     7002.0307 3.250879e-05
     7002.9308 3.284346e-05
     7003.8309 3.324813e-05
     7004.7311 3.322330e-05
     7005.6317 3.286049e-05
     7006.5319 3.260684e-05
     7007.4320 3.258673e-05
     7008.3322 3.269908e-05
     7009.2323 3.289399e-05
     7010.1329 3.312805e-05
     7011.0331 3.328377e-05
     7011.9332 3.323541e-05
     7012.8334 3.311382e-05
     7013.7335 3.313593e-05
     7014.6341 3.327101e-05
     7015.5343 3.323375e-05
     7016.4344 3.269049e-05
     7017.3346 3.174203e-05
     7018.2347 3.121117e-05
     7019.1354 3.175804e-05
     7020.0355 3.279892e-05
     7020.9356 3.348090e-05
     7021.8358 3.372093e-05
     7022.7359 3.369914e-05
     7023.6366 3.336462e-05
     7024.5367 3.274945e-05
     7025.4369 3.224043e-05
     7026.3370 3.221087e-05
     7027.2371 3.261191e-05
     7028.1378 3.302787e-05
     7029.0379 3.317098e-05
     7029.9381 3.315948e-05
     7030.8382 3.317382e-05
     7031.7384 3.325203e-05
     7032.6390 3.332538e-05
     7033.5391 3.330567e-05
     7034.4393 3.322140e-05
     7035.3394 3.313008e-05
     7036.2396 3.305687e-05
     7037.1402 3.310697e-05
     7038.0403 3.315184e-05
     7038.9405 3.277983e-05
     7039.8406 3.219818e-05
     7040.7408 3.224560e-05
     7041.6414 3.306403e-05
     7042.5416 3.387097e-05
     7043.4417 3.423280e-05
     7044.3418 3.427566e-05
     7045.2420 3.407728e-05
     7046.1426 3.373760e-05
     7047.0428 3.352537e-05
     7047.9429 3.362229e-05
     7048.8431 3.390985e-05
     7049.7432 3.412320e-05
     7050.6438 3.415927e-05
     7051.5440 3.404108e-05
     7052.4441 3.374706e-05
     7053.3443 3.319939e-05
     7054.2444 3.250108e-05
     7055.1451 3.205301e-05
     7056.0452 3.202452e-05
     7056.9453 3.226187e-05
     7057.8455 3.261547e-05
     7058.7456 3.290599e-05
     7059.6463 3.295169e-05
     7060.5464 3.266661e-05
     7061.4466 3.220275e-05
     7062.3467 3.195669e-05
     7063.2468 3.207422e-05
     7064.1475 3.229065e-05
     7065.0476 3.249009e-05
     7065.9478 3.266109e-05
     7066.8479 3.262571e-05
     7067.7481 3.237602e-05
     7068.6487 3.201852e-05
     7069.5488 3.159773e-05
     7070.4490 3.144364e-05
     7071.3491 3.181664e-05
     7072.2493 3.236216e-05
     7073.1499 3.263557e-05
     7074.0500 3.268016e-05
     7074.9502 3.272974e-05
     7075.8503 3.277654e-05
     7076.7505 3.273744e-05
     7077.6511 3.267788e-05
     7078.5513 3.267558e-05
     7079.4514 3.274037e-05
     7080.3515 3.278891e-05
     7081.2517 3.282302e-05
     7082.1523 3.289593e-05
     7083.0525 3.287947e-05
     7083.9526 3.257714e-05
     7084.8528 3.192619e-05
     7085.7529 3.112944e-05
     7086.6535 3.072829e-05
     7087.5537 3.090923e-05
     7088.4538 3.113948e-05
     7089.3540 3.113795e-05
     7090.2541 3.108935e-05
     7091.1547 3.097731e-05
     7092.0549 3.084117e-05
     7092.9550 3.089901e-05
     7093.8552 3.102189e-05
     7094.7553 3.102114e-05
     7095.6560 3.102014e-05
     7096.5561 3.102609e-05
     7097.4562 3.100418e-05
     7098.3564 3.099992e-05
     7099.2565 3.108836e-05
     7100.1572 3.137633e-05
     7101.0573 3.173625e-05
     7101.9575 3.185162e-05
     7102.8576 3.174024e-05
     7103.7578 3.149461e-05
     7104.6584 3.136989e-05
     7105.5585 3.155432e-05
     7106.4587 3.186778e-05
     7107.3588 3.196636e-05
     7108.2590 3.180195e-05
     7109.1596 3.164212e-05
     7110.0597 3.164858e-05
     7110.9599 3.160916e-05
     7111.8600 3.132308e-05
     7112.7602 3.098793e-05
     7113.6608 3.095720e-05
     7114.5610 3.124332e-05
     7115.4611 3.155842e-05
     7116.3612 3.172408e-05
     7117.2614 3.181485e-05
     7118.1620 3.189441e-05
     7119.0622 3.191498e-05
     7119.9623 3.189240e-05
     7120.8625 3.184447e-05
     7121.7626 3.175952e-05
     7122.6632 3.157031e-05
     7123.5634 3.128789e-05
     7124.4635 3.124573e-05
     7125.3637 3.150291e-05
     7126.2638 3.155803e-05
     7127.1644 3.131273e-05
     7128.0646 3.112864e-05
     7128.9647 3.120020e-05
     7129.8649 3.134570e-05
     7130.7650 3.122905e-05
     7131.6657 3.078622e-05
     7132.5658 3.040840e-05
     7133.4659 3.049739e-05
     7134.3661 3.092963e-05
     7135.2662 3.136258e-05
     7136.1669 3.163928e-05
     7137.0670 3.172950e-05
     7137.9672 3.177204e-05
     7138.8673 3.179853e-05
     7139.7674 3.166615e-05
     7140.6681 3.144869e-05
     7141.5682 3.143849e-05
     7142.4684 3.166731e-05
     7143.3685 3.181819e-05
     7144.2687 3.178653e-05
     7145.1693 3.176553e-05
     7146.0694 3.176005e-05
     7146.9696 3.171141e-05
     7147.8697 3.158797e-05
     7148.7699 3.116478e-05
     7149.6705 3.057207e-05
     7150.5707 3.048077e-05
     7151.4708 3.095116e-05
     7152.3709 3.139541e-05
     7153.2711 3.167308e-05
     7154.1717 3.196737e-05
     7155.0719 3.214953e-05
     7155.9720 3.202864e-05
     7156.8722 3.181653e-05
     7157.7723 3.187934e-05
     7158.6729 3.216910e-05
     7159.5731 3.225179e-05
     7160.4732 3.204010e-05
     7161.3734 3.179558e-05
     7162.2735 3.173699e-05
     7163.1741 3.189707e-05
     7164.0743 3.198099e-05
     7164.9744 3.160755e-05
     7165.8746 3.086674e-05
     7166.7747 3.040778e-05
     7167.6754 3.065751e-05
     7168.5755 3.132510e-05
     7169.4756 3.184495e-05
     7170.3758 3.200994e-05
     7171.2759 3.199847e-05
     7172.1766 3.203089e-05
     7173.0767 3.216714e-05
     7173.9769 3.232645e-05
     7174.8770 3.239788e-05
     7175.7771 3.231793e-05
     7176.6778 3.205061e-05
     7177.5779 3.172073e-05
     7178.4781 3.165854e-05
     7179.3782 3.190674e-05
     7180.2784 3.201957e-05
     7181.1790 3.166026e-05
     7182.0791 3.105014e-05
     7182.9793 3.072441e-05
     7183.8794 3.099673e-05
     7184.7796 3.166083e-05
     7185.6802 3.214156e-05
     7186.5804 3.218678e-05
     7187.4805 3.184219e-05
     7188.3806 3.114653e-05
     7189.2808 3.047418e-05
     7190.1814 3.031899e-05
     7191.0816 3.062088e-05
     7191.9817 3.111003e-05
     7192.8819 3.148684e-05
     7193.7820 3.153464e-05
     7194.6826 3.140591e-05
     7195.5828 3.141087e-05
     7196.4829 3.161413e-05
     7197.3831 3.168950e-05
     7198.2832 3.146119e-05
     7199.1838 3.133064e-05
     7200.0840 3.155441e-05
     7200.9841 3.186443e-05
     7201.8843 3.195245e-05
     7202.7844 3.172149e-05
     7203.6851 3.142203e-05
     7204.5852 3.148662e-05
     7205.4853 3.190137e-05
     7206.3855 3.220725e-05
     7207.2856 3.197035e-05
     7208.1863 3.113955e-05
     7209.0864 3.032650e-05
     7209.9866 3.018641e-05
     7210.8867 3.065808e-05
     7211.7869 3.136988e-05
     7212.6875 3.199515e-05
     7213.5876 3.219338e-05
     7214.4878 3.200059e-05
     7215.3879 3.174680e-05
     7216.2881 3.157095e-05
     7217.1887 3.148695e-05
     7218.0888 3.160237e-05
     7218.9890 3.192929e-05
     7219.8891 3.219704e-05
     7220.7893 3.216860e-05
     7221.6899 3.199216e-05
     7222.5901 3.187248e-05
     7223.4902 3.181148e-05
     7224.3903 3.170957e-05
     7225.2905 3.165828e-05
     7226.1911 3.185894e-05
     7227.0913 3.217683e-05
     7227.9914 3.236882e-05
     7228.8916 3.238369e-05
     7229.7917 3.220661e-05
     7230.6923 3.204887e-05
     7231.5925 3.216589e-05
     7232.4926 3.248190e-05
     7233.3928 3.273952e-05
     7234.2929 3.283401e-05
     7235.1935 3.285883e-05
     7236.0937 3.279942e-05
     7236.9938 3.256638e-05
     7237.8940 3.232801e-05
     7238.7941 3.229273e-05
     7239.6948 3.235822e-05
     7240.5949 3.230904e-05
     7241.4951 3.221443e-05
     7242.3952 3.228600e-05
     7243.2953 3.250432e-05
     7244.1960 3.258633e-05
     7245.0961 3.235141e-05
     7245.9963 3.195598e-05
     7246.8964 3.179113e-05
     7247.7966 3.206402e-05
     7248.6972 3.254374e-05
     7249.5973 3.286263e-05
     7250.4975 3.286721e-05
     7251.3976 3.255494e-05
     7252.2978 3.204164e-05
     7253.1984 3.170311e-05
     7254.0985 3.180306e-05
     7254.9987 3.214542e-05
     7255.8988 3.239987e-05
     7256.7990 3.254092e-05
     7257.6996 3.272132e-05
     7258.5998 3.292668e-05
     7259.4999 3.301803e-05
     7260.4000 3.293937e-05
     7261.3002 3.263757e-05
     7262.2008 3.204099e-05
     7263.1010 3.149725e-05
     7264.0011 3.158511e-05
     7264.9013 3.218368e-05
     7265.8014 3.269816e-05
     7266.7020 3.294488e-05
     7267.6022 3.304981e-05
     7268.5023 3.310872e-05
     7269.4025 3.311454e-05
     7270.3026 3.305429e-05
     7271.2033 3.293973e-05
     7272.1034 3.277179e-05
     7273.0035 3.264243e-05
     7273.9037 3.263800e-05
     7274.8038 3.270209e-05
     7275.7045 3.277429e-05
     7276.6046 3.282834e-05
     7277.5048 3.289349e-05
     7278.4049 3.294512e-05
     7279.3050 3.288595e-05
     7280.2057 3.277512e-05
     7281.1058 3.271131e-05
     7282.0060 3.261084e-05
     7282.9061 3.235555e-05
     7283.8063 3.200951e-05
     7284.7069 3.177931e-05
     7285.6070 3.174890e-05
     7286.5072 3.188214e-05
     7287.4073 3.215627e-05
     7288.3075 3.238611e-05
     7289.2081 3.224570e-05
     7290.1082 3.175453e-05
     7291.0084 3.134140e-05
     7291.9085 3.121439e-05
     7292.8087 3.114882e-05
     7293.7093 3.108637e-05
     7294.6095 3.123408e-05
     7295.5096 3.169916e-05
     7296.4098 3.230691e-05
     7297.3099 3.281816e-05
     7298.2105 3.308987e-05
     7299.1107 3.303544e-05
     7300.0108 3.278559e-05
     7300.9110 3.258895e-05
     7301.8111 3.257389e-05
     7302.7117 3.271128e-05
     7303.6119 3.286312e-05
     7304.5120 3.297330e-05
     7305.4122 3.307429e-05
     7306.3123 3.311327e-05
     7307.2130 3.296722e-05
     7308.1131 3.265862e-05
     7309.0132 3.238151e-05
     7309.9134 3.235159e-05
     7310.8135 3.254857e-05
     7311.7142 3.263065e-05
     7312.6143 3.245824e-05
     7313.5145 3.239519e-05
     7314.4146 3.263686e-05
     7315.3147 3.291735e-05
     7316.2154 3.297885e-05
     7317.1155 3.280753e-05
     7318.0157 3.260526e-05
     7318.9158 3.251550e-05
     7319.8160 3.254981e-05
     7320.7166 3.267841e-05
     7321.6167 3.276620e-05
     7322.5169 3.275827e-05
     7323.4170 3.274484e-05
     7324.3172 3.264495e-05
     7325.2178 3.241019e-05
     7326.1180 3.214582e-05
     7327.0181 3.187552e-05
     7327.9182 3.172932e-05
     7328.8184 3.203053e-05
     7329.7190 3.251883e-05
     7330.6192 3.271336e-05
     7331.5193 3.263716e-05
     7332.4195 3.255759e-05
     7333.3196 3.257646e-05
     7334.2202 3.263147e-05
     7335.1204 3.267606e-05
     7336.0205 3.276528e-05
     7336.9207 3.292812e-05
     7337.8208 3.310225e-05
     7338.7214 3.321437e-05
     7339.6216 3.323525e-05
     7340.5217 3.321409e-05
     7341.4219 3.325087e-05
     7342.3220 3.334565e-05
     7343.2227 3.335195e-05
     7344.1228 3.309557e-05
     7345.0230 3.257668e-05
     7345.9231 3.215355e-05
     7346.8232 3.222057e-05
     7347.7239 3.263165e-05
     7348.6240 3.297409e-05
     7349.5242 3.313031e-05
     7350.4243 3.312342e-05
     7351.3245 3.291177e-05
     7352.2251 3.260050e-05
     7353.1252 3.242421e-05
     7354.0254 3.246050e-05
     7354.9255 3.247612e-05
     7355.8257 3.222697e-05
     7356.7263 3.174472e-05
     7357.6264 3.135117e-05
     7358.5266 3.140595e-05
     7359.4267 3.189012e-05
     7360.3269 3.246051e-05
     7361.2275 3.275449e-05
     7362.1277 3.260753e-05
     7363.0278 3.218368e-05
     7363.9279 3.180938e-05
     7364.8281 3.169706e-05
     7365.7287 3.182873e-05
     7366.6289 3.206485e-05
     7367.5290 3.225899e-05
     7368.4292 3.242612e-05
     7369.3293 3.261577e-05
     7370.2299 3.269477e-05
     7371.1301 3.267632e-05
     7372.0302 3.273096e-05
     7372.9304 3.283933e-05
     7373.8305 3.290252e-05
     7374.7312 3.279218e-05
     7375.6313 3.267779e-05
     7376.5314 3.257747e-05
     7377.4316 3.251443e-05
     7378.3317 3.253247e-05
     7379.2324 3.265288e-05
     7380.1325 3.279366e-05
     7381.0327 3.281630e-05
     7381.9328 3.267165e-05
     7382.8329 3.227720e-05
     7383.7336 3.204384e-05
     7384.6337 3.181206e-05
     7385.5339 3.167947e-05
     7386.4340 3.138427e-05
     7387.3342 3.101525e-05
     7388.2348 3.081863e-05
     7389.1349 3.070332e-05
     7390.0351 3.054218e-05
     7390.9352 3.045272e-05
     7391.8354 3.067004e-05
     7392.7360 3.109535e-05
     7393.6362 3.133271e-05
     7394.5363 3.127748e-05
     7395.4364 3.123094e-05
     7396.3366 3.141897e-05
     7397.2372 3.168743e-05
     7398.1374 3.182377e-05
     7399.0375 3.182831e-05
     7399.9377 3.171845e-05
     7400.8378 3.148971e-05
     7401.7384 3.125182e-05
     7410.0000 3.308940e-05
     7430.0000 3.363192e-05
     7450.0000 3.366359e-05
     7470.0000 3.378801e-05
     7490.0000 3.362587e-05
     7510.0000 3.372073e-05
     7530.0000 3.388804e-05
     7550.0000 3.398178e-05
     7570.0000 3.371695e-05
     7590.0000 3.329805e-05
     7610.0000 3.302577e-05
     7630.0000 3.275421e-05
     7650.0000 3.249127e-05
     7670.0000 3.148642e-05
     7690.0000 3.206792e-05
     7710.0000 3.160537e-05
     7730.0000 3.176679e-05
     7750.0000 3.149093e-05
     7770.0000 3.188139e-05
     7790.0000 3.181941e-05
     7810.0000 3.189671e-05
     7830.0000 3.173279e-05
     7850.0000 3.156875e-05
     7870.0000 3.178587e-05
     7890.0000 3.155573e-05
     7910.0000 3.103675e-05
     7930.0000 3.093726e-05
     7950.0000 3.085247e-05
     7970.0000 3.144985e-05
     7990.0000 3.139552e-05
     8010.0000 3.167120e-05
     8030.0000 3.173870e-05
     8050.0000 3.156317e-05
     8070.0000 3.168505e-05
     8090.0000 3.143027e-05
     8110.0000 3.152782e-05
     8130.0000 3.168090e-05
     8150.0000 3.167887e-05
     8170.0000 3.162659e-05
     8190.0000 3.083279e-05
     8210.0000 3.105804e-05
     8230.0000 3.104738e-05
     8250.0000 3.113473e-05
     8270.0000 3.121870e-05
     8290.0000 3.102972e-05
     8310.0000 3.063612e-05
     8330.0000 3.030228e-05
     8350.0000 3.049572e-05
     8370.0000 3.043903e-05
     8390.0000 2.974413e-05
     8410.0000 3.033822e-05
     8430.0000 2.971248e-05
     8450.0000 2.979760e-05
     8470.0000 2.949408e-05
     8490.0000 2.956077e-05
     8510.0000 2.862923e-05
     8530.0000 2.948497e-05
     8550.0000 2.743310e-05
     8570.0000 2.976549e-05
     8590.0000 2.947927e-05
     8610.0000 2.944624e-05
     8630.0000 2.967381e-05
     8650.0000 2.960377e-05
     8670.0000 2.737537e-05
     8690.0000 2.892892e-05
     8710.0000 2.945414e-05
     8730.0000 2.947453e-05
     8750.0000 2.908801e-05
     8770.0000 2.939966e-05
     8790.0000 2.933455e-05
     8810.0000 2.892500e-05
     8830.0000 2.896273e-05
     8850.0000 2.903073e-05
     8870.0000 2.845734e-05
     8890.0000 2.881560e-05
     8910.0000 2.886585e-05
     8930.0000 2.860884e-05
     8950.0000 2.850349e-05
     8970.0000 2.854358e-05
     8990.0000 2.852819e-05
     9010.0000 2.775535e-05
     9030.0000 2.832278e-05
     9050.0000 2.856990e-05
     9070.0000 2.834175e-05
     9090.0000 2.783067e-05
     9110.0000 2.801986e-05
     9130.0000 2.812948e-05
     9150.0000 2.803817e-05
     9170.0000 2.790120e-05
     9190.0000 2.787203e-05
     9210.0000 2.747376e-05
     9230.0000 2.720352e-05
     9250.0000 2.726395e-05
     9270.0000 2.735355e-05
     9290.0000 2.723818e-05
     9310.0000 2.727334e-05
     9330.0000 2.716673e-05
     9350.0000 2.701448e-05
     9370.0000 2.674963e-05
     9390.0000 2.687651e-05
     9410.0000 2.648271e-05
     9430.0000 2.678582e-05
     9450.0000 2.652020e-05
     9470.0000 2.666103e-05
     9490.0000 2.665022e-05
     9510.0000 2.652698e-05
     9530.0000 2.649375e-05
     9550.0000 2.598863e-05
     9570.0000 2.622158e-05
     9590.0000 2.631623e-05
     9610.0000 2.606032e-05
     9630.0000 2.602744e-05
     9650.0000 2.572382e-05
     9670.0000 2.565451e-05
     9690.0000 2.577765e-05
     9710.0000 2.562295e-05
     9730.0000 2.552200e-05
     9750.0000 2.541360e-05
     9770.0000 2.542916e-05
     9790.0000 2.514937e-05
     9810.0000 2.543965e-05
     9830.0000 2.534933e-05
     9850.0000 2.534153e-05
     9870.0000 2.520160e-05
     9890.0000 2.512627e-05
     9910.0000 2.490440e-05
     9930.0000 2.494108e-05
     9950.0000 2.491948e-05
     9970.0000 2.489353e-05
     9990.0000 2.480480e-05
    10025.0000 2.459159e-05
    10075.0000 2.426639e-05
    10125.0000 2.426617e-05
    10175.0000 2.398017e-05
    10225.0000 2.389096e-05
    10275.0000 2.380153e-05
    10325.0000 2.345879e-05
    10375.0000 2.329161e-05
    10425.0000 2.323584e-05
    10475.0000 2.297289e-05
    10525.0000 2.288978e-05
    10575.0000 2.262991e-05
    10625.0000 2.246122e-05
    10675.0000 2.210052e-05
    10725.0000 2.204160e-05
    10775.0000 2.184134e-05
    10825.0000 2.153659e-05
    10875.0000 2.137654e-05
    10925.0000 2.115527e-05
    10975.0000 2.089077e-05
    11025.0000 2.079854e-05
    11075.0000 2.066810e-05
    11125.0000 2.049045e-05
    11175.0000 2.030281e-05
    11225.0000 2.026762e-05
    11275.0000 2.000838e-05
    11325.0000 1.991346e-05
    11375.0000 1.971191e-05
    11425.0000 1.950297e-05
    11475.0000 1.961954e-05
    11525.0000 1.950335e-05
    11575.0000 1.929162e-05
    11625.0000 1.900192e-05
    11675.0000 1.896532e-05
    11725.0000 1.900545e-05
    11775.0000 1.867257e-05
    11825.0000 1.854919e-05
    11875.0000 1.834196e-05
    11925.0000 1.848989e-05
    11975.0000 1.796795e-05
    12025.0000 1.812370e-05
    12075.0000 1.795697e-05
    12125.0000 1.791050e-05
    12175.0000 1.788725e-05
    12225.0000 1.774812e-05
    12275.0000 1.758725e-05
    12325.0000 1.750000e-05
    12375.0000 1.738585e-05
    12425.0000 1.723057e-05
    12475.0000 1.717190e-05
    12525.0000 1.699877e-05
    12575.0000 1.693375e-05
    12625.0000 1.681615e-05
    12675.0000 1.665465e-05
    12725.0000 1.663701e-05
    12775.0000 1.656252e-05
    12825.0000 1.608607e-05
    12875.0000 1.626350e-05
    12925.0000 1.611039e-05
    12975.0000 1.612440e-05
    13025.0000 1.597453e-05
    13075.0000 1.593626e-05
    13125.0000 1.567993e-05
    13175.0000 1.563944e-05
    13225.0000 1.561557e-05
    13275.0000 1.539186e-05
    13325.0000 1.526831e-05
    13375.0000 1.502908e-05
    13425.0000 1.499970e-05
    13475.0000 1.489237e-05
    13525.0000 1.481287e-05
    13575.0000 1.462970e-05
    13625.0000 1.455302e-05
    13675.0000 1.453338e-05
    13725.0000 1.449593e-05
    13775.0000 1.441754e-05
    13825.0000 1.436754e-05
    13875.0000 1.424252e-05
    13925.0000 1.404810e-05
    13975.0000 1.397835e-05
    14025.0000 1.382323e-05
    14075.0000 1.383491e-05
    14125.0000 1.369135e-05
    14175.0000 1.369342e-05
    14225.0000 1.352900e-05
    14275.0000 1.340265e-05
    14325.0000 1.351844e-05
    14375.0000 1.352964e-05
    14425.0000 1.329361e-05
    14475.0000 1.342948e-05
    14525.0000 1.329561e-05
    14570.0000 1.325318e-05
    14620.0000 1.306050e-05
    14675.0000 1.308490e-05
    14725.0000 1.303549e-05
    14775.0000 1.299970e-05
    14825.0000 1.302448e-05
    14875.0000 1.289549e-05
    14925.0000 1.307835e-05
    14975.0000 1.297500e-05
    15025.0000 1.274246e-05
    15075.0000 1.278247e-05
    15125.0000 1.291164e-05
    15175.0000 1.291077e-05
    15225.0000 1.288881e-05
    15275.0000 1.284115e-05
    15325.0000 1.283950e-05
    15375.0000 1.280088e-05
    15425.0000 1.270898e-05
    15475.0000 1.281450e-05
    15525.0000 1.272652e-05
    15575.0000 1.243402e-05
    15625.0000 1.259829e-05
    15675.0000 1.253179e-05
    15725.0000 1.251948e-05
    15775.0000 1.210346e-05
    15825.0000 1.223763e-05
    15875.0000 1.212410e-05
    15925.0000 1.232487e-05
    15975.0000 1.217811e-05
    16050.0000 1.215043e-05
    16150.0000 1.213542e-05
    16250.0000 1.189367e-05
    16350.0000 1.195538e-05
    16450.0000 1.153950e-05
    16550.0000 1.163312e-05
    16650.0000 1.135193e-05
    16750.0000 1.117320e-05
    16850.0000 1.091840e-05
    16950.0000 1.091969e-05
    17050.0000 1.064528e-05
    17150.0000 1.047522e-05
    17250.0000 1.022980e-05
    17350.0000 9.925736e-06
    17450.0000 9.835507e-06
    17550.0000 9.601608e-06
    17650.0000 9.461485e-06
    17750.0000 9.225710e-06
    17850.0000 9.048419e-06
    17950.0000 8.889355e-06
    18050.0000 8.696062e-06
    18150.0000 8.498725e-06
    18250.0000 8.400345e-06
    18350.0000 8.273588e-06
    18450.0000 8.100568e-06
    18550.0000 8.002808e-06
    18650.0000 7.827360e-06
    18750.0000 7.602562e-06
    18850.0000 7.588879e-06
    18950.0000 7.373999e-06
    19050.0000 7.349513e-06
    19150.0000 7.206926e-06
    19250.0000 7.089775e-06
    19350.0000 6.923002e-06
    19450.0000 6.741045e-06
    19550.0000 6.680467e-06
    19650.0000 6.579457e-06
    19750.0000 6.425269e-06
    19850.0000 6.357678e-06
    19950.0000 6.262648e-06
    20050.0000 6.215982e-06
    20150.0000 6.131380e-06
    20250.0000 6.012792e-06
    20350.0000 5.905520e-06
    20450.0000 5.854415e-06
    20550.0000 5.756046e-06
    20650.0000 5.666001e-06
    20750.0000 5.605049e-06
    20850.0000 5.530437e-06
    20950.0000 5.433872e-06
    21050.0000 5.388094e-06
    21150.0000 5.304887e-06
    21250.0000 5.229524e-06
    21350.0000 5.161518e-06
    21450.0000 5.086499e-06
    21550.0000 5.010940e-06
    21650.0000 4.901947e-06
    21750.0000 4.845756e-06
    21850.0000 4.775971e-06
    21950.0000 4.718867e-06
    22050.0000 4.607462e-06
    22150.0000 4.584386e-06
    22250.0000 4.489141e-06
    22350.0000 4.430593e-06
    22450.0000 4.360546e-06
    22550.0000 4.302773e-06
    22650.0000 4.217263e-06
    22750.0000 4.178672e-06
    22850.0000 4.102353e-06
    22950.0000 3.568144e-06
    23050.0000 3.749294e-06
    23150.0000 3.722566e-06
    23250.0000 3.280431e-06
    23350.0000 3.483492e-06
    23450.0000 3.374464e-06
    23550.0000 3.066729e-06
    23650.0000 3.249401e-06
    23750.0000 3.152218e-06
    23850.0000 2.921925e-06
    23950.0000 3.059915e-06
    24050.0000 3.012786e-06
    24150.0000 2.814211e-06
    24250.0000 2.896218e-06
    24350.0000 2.844254e-06
    24450.0000 2.733093e-06
    24550.0000 2.722980e-06
    24650.0000 2.754060e-06
    24750.0000 2.663928e-06
    24850.0000 2.488093e-06
    24950.0000 2.451788e-06
    25050.0000 2.490833e-06
    25150.0000 2.407622e-06
    25250.0000 2.445337e-06
    25350.0000 2.460200e-06
    25450.0000 2.427285e-06
    25550.0000 2.420272e-06
    25650.0000 2.436040e-06
    25750.0000 2.447054e-06
    25850.0000 2.373106e-06
    25950.0000 2.402557e-06
    26050.0000 2.397144e-06
    26150.0000 2.359527e-06
    26250.0000 2.287863e-06
    26350.0000 2.303455e-06
    26450.0000 2.267972e-06
    26550.0000 2.227228e-06
    26650.0000 2.205833e-06
    26750.0000 2.223456e-06
    26850.0000 2.203579e-06
    26950.0000 2.161334e-06
    27050.0000 2.157392e-06
    27150.0000 2.127468e-06
    27250.0000 2.111691e-06
    27350.0000 2.080377e-06
    27450.0000 2.063335e-06
    27550.0000 2.038334e-06
    27650.0000 2.024977e-06
    27750.0000 1.996314e-06
    27850.0000 1.976805e-06
    27950.0000 1.964010e-06
    28050.0000 1.935939e-06
    28150.0000 1.912941e-06
    28250.0000 1.899399e-06
    28350.0000 1.888828e-06
    28450.0000 1.866062e-06
    28550.0000 1.843407e-06
    28650.0000 1.820117e-06
    28750.0000 1.805595e-06
    28850.0000 1.783911e-06
    28950.0000 1.766778e-06
    29050.0000 1.744656e-06
    29150.0000 1.734482e-06
    29250.0000 1.703302e-06
    29350.0000 1.687555e-06
    29450.0000 1.658573e-06
    29550.0000 1.646210e-06
    29650.0000 1.622375e-06
    29750.0000 1.610967e-06
    29850.0000 1.595729e-06
    29950.0000 1.577207e-06
    30050.0000 1.557145e-06
    30150.0000 1.541265e-06
    30250.0000 1.523104e-06
    30350.0000 1.500334e-06
    30450.0000 1.489302e-06
    30550.0000 1.473443e-06
    30650.0000 1.456840e-06
    30750.0000 1.442414e-06
    30850.0000 1.424811e-06
    30950.0000 1.409455e-06
    31050.0000 1.395668e-06
    31150.0000 1.375785e-06
    31250.0000 1.364270e-06
    31350.0000 1.349744e-06
    31450.0000 1.334926e-06
    31550.0000 1.318546e-06
    31650.0000 1.304712e-06
    31750.0000 1.291450e-06
    31850.0000 1.277335e-06
    31950.0000 1.263560e-06
    32100.0000 1.242124e-06
    32300.0000 1.215970e-06
    32500.0000 1.189873e-06
    32700.0000 1.164080e-06
    32900.0000 1.136302e-06
    33100.0000 1.114347e-06
    33300.0000 1.089883e-06
    33500.0000 1.068064e-06
    33700.0000 1.044924e-06
    33900.0000 1.021845e-06
    34100.0000 9.997187e-07
    34300.0000 9.801828e-07
    34500.0000 9.601938e-07
    34700.0000 9.398212e-07
    34900.0000 9.204050e-07
    35100.0000 9.016925e-07
    35300.0000 8.821614e-07
    35500.0000 8.647295e-07
    35700.0000 8.465331e-07
    35900.0000 8.294521e-07
    36100.0000 8.134949e-07
    36300.0000 7.971364e-07
    36500.0000 7.802518e-07
    36700.0000 7.645165e-07
    36900.0000 7.480242e-07
    37100.0000 7.330107e-07
    37300.0000 7.196996e-07
    37500.0000 7.031363e-07
    37700.0000 6.921759e-07
    37900.0000 6.787591e-07
    38100.0000 6.661628e-07
    38300.0000 6.539512e-07
    38500.0000 6.418236e-07
    38700.0000 6.287901e-07
    38900.0000 6.171826e-07
    39100.0000 6.059596e-07
    39300.0000 5.949418e-07
    39500.0000 5.829064e-07
    39700.0000 5.724143e-07
    39900.0000 5.602960e-07
    40100.0000 5.508777e-07
    40300.0000 5.411452e-07
    40500.0000 5.296176e-07
    40700.0000 5.208924e-07
    40900.0000 5.114498e-07
    41100.0000 5.020527e-07
    41300.0000 4.929385e-07
    41500.0000 4.833724e-07
    41700.0000 4.740424e-07
    41900.0000 4.649183e-07
    42100.0000 4.554548e-07
    42300.0000 4.480063e-07
    42500.0000 4.387959e-07
    42700.0000 4.307714e-07
    42900.0000 4.134057e-07
    43100.0000 3.971818e-07
    43300.0000 3.941156e-07
    43500.0000 3.777304e-07
    43700.0000 3.683032e-07
    43900.0000 3.608601e-07
    44100.0000 3.475366e-07
    44300.0000 3.410990e-07
    44500.0000 3.344533e-07
    44700.0000 3.239992e-07
    44900.0000 3.210676e-07
    45100.0000 3.141301e-07
    45300.0000 3.062788e-07
    45500.0000 3.031583e-07
    45700.0000 2.986588e-07
    45900.0000 2.893933e-07
    46100.0000 2.883695e-07
    46300.0000 2.831099e-07
    46500.0000 2.791354e-07
    46700.0000 2.766797e-07
    46900.0000 2.719413e-07
    47100.0000 2.673668e-07
    47300.0000 2.661667e-07
    47500.0000 2.605550e-07
    47700.0000 2.575180e-07
    47900.0000 2.543510e-07
    48100.0000 2.488013e-07
    48300.0000 2.486207e-07
    48500.0000 2.438294e-07
    48700.0000 2.395665e-07
    48900.0000 2.363789e-07
    49100.0000 2.328286e-07
    49300.0000 2.301279e-07
    49500.0000 2.263797e-07
    49700.0000 2.244774e-07
    49900.0000 2.206774e-07
    50100.0000 2.179391e-07
    50300.0000 2.149750e-07
    50500.0000 2.109990e-07
    50700.0000 2.085317e-07
    50900.0000 2.059734e-07
    51100.0000 2.025125e-07
    51300.0000 2.003324e-07
    51500.0000 1.973493e-07
    51700.0000 1.958315e-07
    51900.0000 1.924942e-07
    52100.0000 1.903030e-07
    52300.0000 1.873999e-07
    52500.0000 1.856584e-07
    52700.0000 1.843286e-07
    52900.0000 1.806227e-07
    53100.0000 1.784660e-07
    53300.0000 1.766672e-07
    53500.0000 1.745580e-07
    53700.0000 1.725770e-07
    53900.0000 1.706012e-07
    54100.0000 1.684954e-07
    54300.0000 1.657801e-07
    54500.0000 1.644114e-07
    54700.0000 1.620159e-07
    54900.0000 1.600858e-07
    55100.0000 1.580278e-07
    55300.0000 1.572791e-07
    55500.0000 1.540752e-07
    55700.0000 1.531678e-07
    55900.0000 1.510476e-07
    56100.0000 1.495575e-07
    56300.0000 1.470416e-07
    56500.0000 1.458819e-07
    56700.0000 1.440917e-07
    56900.0000 1.418736e-07
    57100.0000 1.408184e-07
    57300.0000 1.390815e-07
    57500.0000 1.374512e-07
    57700.0000 1.356707e-07
    57900.0000 1.346508e-07
    58100.0000 1.325579e-07
    58300.0000 1.312839e-07
    58500.0000 1.298157e-07
    58700.0000 1.280199e-07
    58900.0000 1.266023e-07
    59100.0000 1.251333e-07
    59300.0000 1.238231e-07
    59500.0000 1.222172e-07
    59700.0000 1.210231e-07
    59900.0000 1.196048e-07
    60100.0000 1.182207e-07
    60300.0000 1.168410e-07
    60500.0000 1.153021e-07
    60700.0000 1.139945e-07
    60900.0000 1.126721e-07
    61100.0000 1.112626e-07
    61300.0000 1.101105e-07
    61500.0000 1.088952e-07
    61700.0000 1.077443e-07
    61900.0000 1.064993e-07
    62100.0000 1.053258e-07
    62300.0000 1.039817e-07
    62500.0000 1.026935e-07
    62700.0000 1.015423e-07
    62900.0000 1.004149e-07
    63100.0000 9.922515e-08
    63300.0000 9.823611e-08
    63500.0000 9.702692e-08
    63700.0000 9.605175e-08
    63900.0000 9.479156e-08
    64200.0000 9.325426e-08
    64600.0000 9.111446e-08
    65000.0000 8.908975e-08
    65400.0000 8.709598e-08
    65800.0000 8.520813e-08
    66200.0000 8.328571e-08
    66600.0000 8.146266e-08
    67000.0000 7.969088e-08
    67400.0000 7.792052e-08
    67800.0000 7.624258e-08
    68200.0000 7.459011e-08
    68600.0000 7.300462e-08
    69000.0000 7.142495e-08
    69400.0000 6.990380e-08
    69800.0000 6.842744e-08
    70200.0000 6.695925e-08
    70600.0000 6.557082e-08
    71000.0000 6.419238e-08
    71400.0000 6.285818e-08
    71800.0000 6.154544e-08
    72200.0000 6.027386e-08
    72600.0000 5.902351e-08
    73000.0000 5.781858e-08
    73400.0000 5.662687e-08
    73800.0000 5.548291e-08
    74200.0000 5.434386e-08
    74600.0000 5.321339e-08
    75000.0000 5.211956e-08
    75400.0000 5.106612e-08
    75800.0000 5.010151e-08
    76200.0000 4.908405e-08
    76600.0000 4.812420e-08
    77000.0000 4.718065e-08
    77400.0000 4.626998e-08
    77800.0000 4.545001e-08
    78200.0000 4.461443e-08
    78600.0000 4.376319e-08
    79000.0000 4.292824e-08
    79400.0000 4.211641e-08
    79800.0000 4.132484e-08
    80200.0000 4.054612e-08
    80600.0000 3.976432e-08
    81000.0000 3.906509e-08
    81400.0000 3.834220e-08
    81800.0000 3.764971e-08
    82200.0000 3.696860e-08
    82600.0000 3.635373e-08
    83000.0000 3.570312e-08
    83400.0000 3.505626e-08
    83800.0000 3.440653e-08
    84200.0000 3.380045e-08
    84600.0000 3.320349e-08
    85000.0000 3.262188e-08
    85400.0000 3.212559e-08
    85800.0000 3.156432e-08
    86200.0000 3.101994e-08
    86600.0000 3.048430e-08
    87000.0000 3.002485e-08
    87400.0000 2.953148e-08
    87800.0000 2.909163e-08
    88200.0000 2.861339e-08
    88600.0000 2.812732e-08
    89000.0000 2.771477e-08
    89400.0000 2.725001e-08
    89800.0000 2.684832e-08
    90200.0000 2.640629e-08
    90600.0000 2.603380e-08
    91000.0000 2.561817e-08
    91400.0000 2.522625e-08
    91800.0000 2.481651e-08
    92200.0000 2.446543e-08
    92600.0000 2.413104e-08
    93000.0000 2.373635e-08
    93400.0000 2.338525e-08
    93800.0000 2.304212e-08
    94200.0000 2.266907e-08
    94600.0000 2.236139e-08
    95000.0000 2.201098e-08
    95400.0000 2.168957e-08
    95800.0000 2.137414e-08
    96200.0000 2.103135e-08
    96600.0000 2.073382e-08
    97000.0000 2.042893e-08
    97400.0000 2.012190e-08
    97800.0000 1.985105e-08
    98200.0000 1.954209e-08
    98600.0000 1.926725e-08
    99000.0000 1.899067e-08
    99400.0000 1.870477e-08
    99800.0000 1.845627e-08
   100000.0000 1.823881e-08
   100900.0000 1.769417e-08
   101900.0000 1.704427e-08
   102800.0000 1.649567e-08
   103800.0000 1.590671e-08
   104700.0000 1.540300e-08
   105700.0000 1.484609e-08
   106700.0000 1.431632e-08
   107600.0000 1.386359e-08
   108600.0000 1.337562e-08
   109600.0000 1.290979e-08
   110700.0000 1.242289e-08
   111700.0000 1.199895e-08
   112700.0000 1.159844e-08
   113800.0000 1.115412e-08
   114800.0000 1.077039e-08
   115900.0000 1.035930e-08
   116900.0000 1.001029e-08
   118000.0000 9.629040e-09
   119100.0000 9.253469e-09
