# FSPS 0.4.7 SSP; isochrones/spectra ('mist', 'c3k_a'); imf_type 2; logzsol +0.50; tage 8.0 Gyr; sfh 0; no nebular; rest wavelength [A] VACUUM as shipped by FSPS; f_lambda [L_sun/A], arbitrary normalization
      900.6982 6.007757e-07
      902.5013 6.017952e-07
      904.3082 5.923692e-07
      906.1186 5.861039e-07
      907.9326 5.959887e-07
      909.7503 5.888395e-07
      911.5716 5.880361e-07
      913.3966 5.843591e-07
      915.2252 5.779962e-07
      917.0575 5.686604e-07
      918.8935 5.625164e-07
      920.7331 5.509956e-07
      922.5764 5.722094e-07
      924.4234 6.251254e-07
      926.2741 4.574869e-07
      928.1285 6.917877e-07
      929.9866 5.937877e-07
      931.8484 6.703497e-07
      933.7140 7.090221e-07
      935.5833 7.763780e-07
      937.4563 4.554923e-07
      939.3331 7.410204e-07
      941.2137 8.105137e-07
      943.0980 7.253327e-07
      944.9861 8.268616e-07
      946.8779 8.311827e-07
      948.7736 5.753441e-07
      950.6730 6.389647e-07
      952.5763 8.281701e-07
      954.4833 8.717516e-07
      956.3942 8.549192e-07
      958.3089 6.052790e-07
      960.2275 8.253330e-07
      962.1498 8.589529e-07
      964.0761 8.542212e-07
      966.0061 8.641330e-07
      967.9401 8.175187e-07
      969.8779 7.778174e-07
      971.8196 4.674436e-07
      973.7652 6.441989e-07
      975.7147 7.549758e-07
      977.6680 7.914395e-07
      979.6253 7.566658e-07
      981.5865 8.165343e-07
      983.5517 7.510107e-07
      985.5208 7.877822e-07
      987.4938 7.985153e-07
      989.4707 7.667172e-07
      991.4517 5.798330e-07
      993.4365 6.318915e-07
      995.4254 7.172006e-07
      997.4182 7.630914e-07
      999.4151 7.472426e-07
     1000.0000 7.817823e-07
     1001.0005 7.209335e-07
     1002.0020 7.366600e-07
     1003.0045 7.547617e-07
     1004.0080 7.474923e-07
     1005.0125 7.409867e-07
     1006.0180 7.155383e-07
     1007.0246 7.112726e-07
     1008.0321 7.517821e-07
     1009.0406 7.418816e-07
     1010.0502 6.487089e-07
     1011.0607 6.888801e-07
     1012.0723 7.065645e-07
     1013.0849 7.370158e-07
     1014.0985 7.420033e-07
     1015.1131 6.958742e-07
     1016.1287 7.271262e-07
     1017.1453 6.857462e-07
     1018.1630 7.367360e-07
     1019.1816 6.825173e-07
     1020.2013 7.193242e-07
     1021.2221 6.919964e-07
     1022.2438 6.895999e-07
     1023.2665 6.397715e-07
     1024.2903 5.482963e-07
     1025.3151 2.650858e-07
     1026.3409 4.374277e-07
     1027.3678 5.740829e-07
     1028.3957 6.422553e-07
     1029.4246 6.957064e-07
     1030.4545 6.899357e-07
     1031.4855 6.910782e-07
     1032.5175 6.934517e-07
     1033.5505 7.039959e-07
     1034.5846 6.750999e-07
     1035.6197 7.022361e-07
     1036.6558 7.036364e-07
     1037.6930 7.025359e-07
     1038.7312 7.106349e-07
     1039.7705 6.998550e-07
     1040.8108 6.865553e-07
     1041.8521 7.139122e-07
     1042.8945 7.035512e-07
     1043.9379 7.053498e-07
     1044.9824 6.903003e-07
     1046.0279 6.762526e-07
     1047.0744 6.636438e-07
     1048.1220 6.489093e-07
     1049.1707 6.855429e-07
     1050.2204 6.893344e-07
     1051.2711 6.847316e-07
     1052.3229 6.931977e-07
     1053.3757 6.489484e-07
     1054.4296 6.633587e-07
     1055.4846 6.780986e-07
     1056.5406 6.598098e-07
     1057.5977 6.633031e-07
     1058.6558 6.384566e-07
     1059.7150 6.231047e-07
     1060.7752 6.416853e-07
     1061.8365 6.509343e-07
     1062.8989 6.410152e-07
     1063.9623 6.608198e-07
     1065.0268 6.550209e-07
     1066.0924 6.477689e-07
     1067.1590 6.446079e-07
     1068.2267 6.423173e-07
     1069.2955 6.296745e-07
     1070.3653 6.318937e-07
     1071.4362 6.354443e-07
     1072.5082 6.273719e-07
     1073.5812 6.051574e-07
     1074.6553 6.266799e-07
     1075.7305 6.102491e-07
     1076.8068 6.312384e-07
     1077.8842 6.215175e-07
     1078.9626 6.262221e-07
     1080.0421 6.281567e-07
     1081.1227 6.023945e-07
     1082.2043 6.082685e-07
     1083.2871 5.621147e-07
     1084.3709 4.200943e-07
     1085.4558 4.113290e-07
     1086.5418 5.446993e-07
     1087.6289 5.767751e-07
     1088.7171 5.958705e-07
     1089.8063 5.871396e-07
     1090.8967 5.890991e-07
     1091.9881 5.872509e-07
     1093.0807 5.822351e-07
     1094.1743 6.023908e-07
     1095.2690 5.919626e-07
     1096.3648 6.047570e-07
     1097.4617 5.888191e-07
     1098.5597 5.840038e-07
     1099.6589 5.840170e-07
     1100.7591 6.067434e-07
     1101.8604 5.838528e-07
     1102.9628 5.964927e-07
     1104.0663 5.855292e-07
     1105.1709 5.721188e-07
     1106.2766 5.834702e-07
     1107.3835 5.265152e-07
     1108.4914 5.536096e-07
     1109.6005 5.581426e-07
     1110.7106 5.560629e-07
     1111.8219 5.586592e-07
     1112.9343 5.604932e-07
     1114.0477 5.602489e-07
     1115.1624 5.504052e-07
     1116.2781 5.681155e-07
     1117.3949 5.515893e-07
     1118.5129 5.399659e-07
     1119.6319 5.635314e-07
     1120.7521 5.548014e-07
     1121.8734 5.395817e-07
     1122.9959 5.440992e-07
     1124.1194 5.311398e-07
     1125.2441 5.329737e-07
     1126.3699 5.411317e-07
     1127.4969 5.236828e-07
     1128.6249 5.174327e-07
     1129.7541 5.183903e-07
     1130.8844 5.298141e-07
     1132.0159 5.423793e-07
     1133.1485 5.358463e-07
     1134.2822 4.874007e-07
     1135.4170 5.039718e-07
     1136.5530 5.453813e-07
     1137.6901 5.265411e-07
     1138.8284 5.312462e-07
     1139.9678 5.242833e-07
     1141.1083 5.147010e-07
     1142.2500 5.040155e-07
     1143.3928 5.262912e-07
     1144.5368 4.850390e-07
     1145.6819 5.144000e-07
     1146.8281 5.301487e-07
     1147.9756 5.310990e-07
     1149.1241 5.081636e-07
     1150.2738 4.953108e-07
     1151.4246 4.947578e-07
     1152.5766 4.643586e-07
     1153.7298 5.051622e-07
     1154.8841 4.630070e-07
     1156.0396 4.896081e-07
     1157.1962 4.944392e-07
     1158.3540 4.897303e-07
     1159.5129 4.924722e-07
     1160.6730 4.800168e-07
     1161.8342 4.907623e-07
     1162.9967 4.982986e-07
     1164.1602 4.908859e-07
     1165.3250 4.732277e-07
     1166.4909 4.825587e-07
     1167.6580 4.545537e-07
     1168.8262 3.283023e-07
     1169.9956 4.721439e-07
     1171.1662 4.879974e-07
     1172.3379 4.780341e-07
     1173.5109 4.641685e-07
     1174.6850 4.381352e-07
     1175.8602 4.501758e-07
     1177.0367 4.354714e-07
     1178.2143 4.651427e-07
     1179.3931 4.747127e-07
     1180.5731 4.487055e-07
     1181.7543 4.534354e-07
     1182.9366 4.700862e-07
     1184.1201 4.489269e-07
     1185.3049 4.638567e-07
     1186.4907 4.504926e-07
     1187.6778 4.569042e-07
     1188.8661 4.489019e-07
     1190.0556 4.428894e-07
     1191.2462 4.456149e-07
     1192.4381 4.442936e-07
     1193.6311 4.459315e-07
     1194.8253 4.407834e-07
     1196.0207 4.321435e-07
     1197.2174 4.381777e-07
     1198.4152 3.815341e-07
     1199.6142 4.344630e-07
     1200.8144 4.372452e-07
     1202.0158 4.254705e-07
     1203.2184 4.357419e-07
     1204.4223 4.226635e-07
     1205.6273 4.012544e-07
     1206.8335 4.160763e-07
     1208.0410 4.096619e-07
     1209.2496 4.010589e-07
     1210.4595 3.766728e-07
     1211.6705 3.676257e-07
     1212.8828 3.504003e-07
     1214.0963 2.874429e-07
     1215.3110 1.788823e-07
     1216.5269 2.569468e-07
     1217.7440 3.401091e-07
     1218.9624 3.862503e-07
     1220.1820 3.842385e-07
     1221.4028 3.982207e-07
     1222.6248 3.904902e-07
     1223.8480 4.043334e-07
     1225.0725 4.194525e-07
     1226.2982 4.183315e-07
     1227.5251 4.032194e-07
     1228.7532 3.621441e-07
     1229.9826 3.843234e-07
     1231.2132 4.035213e-07
     1232.4450 3.853802e-07
     1233.6781 4.094200e-07
     1234.9124 4.109469e-07
     1236.1479 4.118627e-07
     1237.3847 4.024588e-07
     1238.6227 3.854189e-07
     1239.8619 3.008803e-07
     1241.1024 3.983800e-07
     1242.3441 4.010663e-07
     1243.5871 4.027536e-07
     1244.8313 4.036051e-07
     1246.0767 3.852371e-07
     1247.3234 3.819546e-07
     1248.5714 3.707557e-07
     1249.8206 3.890543e-07
     1251.0710 3.948105e-07
     1252.3227 3.728713e-07
     1253.5757 3.564548e-07
     1254.8299 3.924513e-07
     1256.0853 3.958671e-07
     1257.3420 3.885299e-07
     1258.6000 3.742513e-07
     1259.8592 3.500287e-07
     1261.1197 3.688339e-07
     1262.3815 3.873532e-07
     1263.6445 3.786801e-07
     1264.9088 3.772054e-07
     1266.1743 3.356094e-07
     1267.4411 3.734901e-07
     1268.7092 3.808472e-07
     1269.9785 3.749511e-07
     1271.2492 3.593562e-07
     1272.5210 3.709478e-07
     1273.7942 3.710501e-07
     1275.0686 3.826866e-07
     1276.3443 3.712271e-07
     1277.6213 3.557094e-07
     1278.8996 3.584857e-07
     1280.1791 3.639778e-07
     1281.4599 3.751185e-07
     1282.7420 3.686667e-07
     1284.0254 3.426055e-07
     1285.3101 3.454105e-07
     1286.5960 3.348207e-07
     1287.8833 3.554255e-07
     1289.1718 3.691271e-07
     1290.4616 3.637104e-07
     1291.7527 3.536927e-07
     1293.0451 3.439535e-07
     1294.3388 3.532135e-07
     1295.6338 3.150939e-07
     1296.9301 3.189617e-07
     1298.2277 3.442122e-07
     1299.5265 3.489160e-07
     1300.8267 3.372658e-07
     1302.1282 3.290481e-07
     1303.4310 3.352405e-07
     1304.7351 3.388504e-07
     1306.0404 3.338781e-07
     1307.3471 3.409095e-07
     1308.6551 3.402713e-07
     1309.9645 3.177145e-07
     1311.2751 3.309216e-07
     1312.5870 3.436514e-07
     1313.9002 3.389904e-07
     1315.2148 3.358479e-07
     1316.5307 3.398690e-07
     1317.8479 3.129375e-07
     1319.1664 3.416518e-07
     1320.4862 3.252055e-07
     1321.8073 3.296140e-07
     1323.1298 3.297489e-07
     1324.4536 3.142963e-07
     1325.7787 3.329656e-07
     1327.1052 3.187552e-07
     1328.4329 3.218221e-07
     1329.7620 3.261600e-07
     1331.0925 3.054548e-07
     1332.4242 3.188069e-07
     1333.7573 3.169380e-07
     1335.0917 3.149977e-07
     1336.4275 3.134070e-07
     1337.7646 2.823701e-07
     1339.1030 3.135265e-07
     1340.4428 3.186441e-07
     1341.7839 3.173521e-07
     1343.1264 3.021876e-07
     1344.4702 3.079595e-07
     1345.8153 3.009682e-07
     1347.1618 3.125450e-07
     1348.5096 3.088473e-07
     1349.8588 3.036251e-07
     1351.2093 2.661819e-07
     1352.5612 3.084977e-07
     1353.9145 3.082496e-07
     1355.2691 3.074376e-07
     1356.6250 3.065081e-07
     1357.9823 2.885468e-07
     1359.3410 2.887193e-07
     1360.7010 3.027710e-07
     1362.0624 2.826113e-07
     1363.4251 2.789257e-07
     1364.7892 2.842894e-07
     1366.1547 2.910386e-07
     1367.5215 2.995204e-07
     1368.8897 2.949035e-07
     1370.2593 2.870240e-07
     1371.6303 2.840520e-07
     1373.0026 2.899735e-07
     1374.3763 2.532669e-07
     1375.7513 2.705748e-07
     1377.1278 2.849439e-07
     1378.5056 2.777249e-07
     1379.8848 2.773720e-07
     1381.2654 2.835375e-07
     1382.6473 2.863903e-07
     1384.0306 2.789893e-07
     1385.4154 2.637680e-07
     1386.8015 2.666847e-07
     1388.1890 2.622927e-07
     1389.5779 2.729420e-07
     1390.9681 2.653471e-07
     1392.3598 2.633214e-07
     1393.7528 2.531181e-07
     1395.1473 2.586653e-07
     1396.5431 2.700938e-07
     1397.9404 2.688413e-07
     1399.3390 2.745569e-07
     1400.7391 2.664152e-07
     1402.1405 2.537927e-07
     1403.5433 2.612476e-07
     1404.9476 2.666370e-07
     1406.3532 2.589925e-07
     1407.7603 2.623519e-07
     1409.1688 2.402173e-07
     1410.5786 2.682218e-07
     1411.9899 2.699312e-07
     1413.4026 2.679905e-07
     1414.8167 2.536490e-07
     1416.2322 2.574822e-07
     1417.6492 2.542683e-07
     1419.0675 2.627607e-07
     1420.4873 2.369111e-07
     1421.9085 2.580863e-07
     1423.3311 2.590104e-07
     1424.7552 2.544318e-07
     1426.1807 2.577068e-07
     1427.6075 2.454742e-07
     1429.0359 2.388377e-07
     1430.4656 2.386491e-07
     1431.8968 2.514360e-07
     1433.3294 2.559274e-07
     1434.7635 2.556438e-07
     1436.1989 2.574042e-07
     1437.6359 2.569398e-07
     1439.0742 2.543014e-07
     1440.5140 2.303484e-07
     1441.9552 2.462120e-07
     1443.3979 2.510438e-07
     1444.8420 2.518490e-07
     1446.2876 2.356211e-07
     1447.7346 2.466279e-07
     1449.1831 2.429603e-07
     1450.6330 2.398493e-07
     1452.0843 2.460636e-07
     1453.5372 2.290708e-07
     1454.9914 2.346519e-07
     1456.4471 2.340337e-07
     1457.9043 2.411724e-07
     1459.3629 2.321861e-07
     1460.8230 2.360919e-07
     1462.2846 2.370656e-07
     1463.7476 2.351311e-07
     1465.2121 2.202565e-07
     1466.6780 2.342433e-07
     1468.1454 2.258508e-07
     1469.6143 2.282122e-07
     1471.0847 2.316599e-07
     1472.5565 2.161330e-07
     1474.0298 2.325017e-07
     1475.5046 2.240187e-07
     1476.9808 2.287693e-07
     1478.4585 2.223579e-07
     1479.9377 2.188360e-07
     1481.4184 2.296789e-07
     1482.9005 2.262710e-07
     1484.3842 2.204294e-07
     1485.8693 2.231482e-07
     1487.3559 2.263799e-07
     1488.8440 2.277490e-07
     1490.3336 2.256175e-07
     1491.8247 2.234926e-07
     1493.3173 2.229088e-07
     1494.8113 2.213016e-07
     1496.3069 2.197968e-07
     1497.8039 2.214231e-07
     1499.3025 2.188017e-07
     1500.8026 2.172119e-07
     1502.3041 2.179734e-07
     1503.8072 2.156005e-07
     1505.3117 2.177579e-07
     1506.8178 2.183469e-07
     1508.3254 2.172941e-07
     1509.8344 2.128077e-07
     1511.3450 2.121590e-07
     1512.8571 2.091760e-07
     1514.3707 2.095562e-07
     1515.8859 2.095105e-07
     1517.4025 2.085560e-07
     1518.9207 2.118603e-07
     1520.4404 2.108377e-07
     1521.9616 2.120439e-07
     1523.4843 2.087951e-07
     1525.0085 2.053814e-07
     1526.5343 2.000733e-07
     1528.0616 2.031628e-07
     1529.5904 2.036380e-07
     1531.1208 2.003357e-07
     1532.6527 1.928620e-07
     1534.1861 1.967718e-07
     1535.7210 1.992245e-07
     1537.2575 1.973419e-07
     1538.7955 1.960238e-07
     1540.3351 1.953825e-07
     1541.8762 1.950121e-07
     1543.4189 1.935401e-07
     1544.9631 1.931955e-07
     1546.5088 1.891706e-07
     1548.0561 1.765868e-07
     1549.6049 1.615305e-07
     1551.1553 1.778176e-07
     1552.7072 1.866165e-07
     1554.2607 1.839970e-07
     1555.8157 1.899061e-07
     1557.3723 1.854764e-07
     1558.9305 1.873064e-07
     1560.4902 1.855452e-07
     1562.0515 1.867434e-07
     1563.6143 1.863405e-07
     1565.1787 1.829592e-07
     1566.7447 1.852222e-07
     1568.3122 1.832938e-07
     1569.8813 1.845263e-07
     1571.4519 1.844103e-07
     1573.0242 1.863363e-07
     1574.5980 1.839390e-07
     1576.1734 1.787606e-07
     1577.7503 1.818626e-07
     1579.3289 1.840150e-07
     1580.9090 1.813580e-07
     1582.4907 1.771707e-07
     1584.0740 1.800975e-07
     1585.6589 1.651544e-07
     1587.2453 1.811123e-07
     1588.8333 1.730677e-07
     1590.4230 1.790241e-07
     1592.0142 1.790078e-07
     1593.6070 1.761264e-07
     1595.2014 1.769997e-07
     1596.7974 1.764990e-07
     1598.3950 1.738534e-07
     1599.9942 1.737078e-07
     1601.5950 1.743990e-07
     1603.1974 1.748372e-07
     1604.8014 1.735651e-07
     1606.4070 1.705109e-07
     1608.0142 1.710241e-07
     1609.6230 1.663998e-07
     1611.2334 1.690275e-07
     1612.8455 1.687533e-07
     1614.4591 1.677793e-07
     1616.0744 1.665871e-07
     1617.6913 1.692645e-07
     1619.3098 1.660083e-07
     1620.9299 1.670185e-07
     1622.5516 1.684831e-07
     1624.1750 1.666072e-07
     1625.8000 1.667044e-07
     1627.4266 1.654939e-07
     1629.0548 1.643519e-07
     1630.6847 1.624732e-07
     1632.3162 1.618323e-07
     1633.9494 1.628295e-07
     1635.5841 1.611515e-07
     1637.2205 1.496712e-07
     1638.8586 1.373885e-07
     1640.4982 8.173736e-08
     1642.1396 1.395963e-07
     1643.7825 1.532935e-07
     1645.4271 1.599414e-07
     1647.0734 1.612908e-07
     1648.7213 1.611814e-07
     1650.3708 1.617740e-07
     1652.0220 1.565141e-07
     1653.6749 1.558826e-07
     1655.3294 1.578811e-07
     1656.9855 1.561519e-07
     1658.6433 1.558182e-07
     1660.3028 1.548190e-07
     1661.9639 1.571971e-07
     1663.6267 1.577952e-07
     1665.2912 1.571611e-07
     1666.9573 1.556397e-07
     1668.6251 1.541767e-07
     1670.2946 1.513642e-07
     1671.9657 1.509176e-07
     1673.6385 1.513386e-07
     1675.3130 1.532648e-07
     1676.9891 1.518579e-07
     1678.6670 1.552378e-07
     1680.3465 1.548468e-07
     1682.0276 1.540692e-07
     1683.7105 1.547872e-07
     1685.3951 1.537521e-07
     1687.0813 1.513501e-07
     1688.7692 1.511823e-07
     1690.4588 1.496328e-07
     1692.1502 1.493382e-07
     1693.8431 1.488403e-07
     1695.5378 1.489090e-07
     1697.2342 1.487449e-07
     1698.9323 1.471011e-07
     1700.6321 1.457271e-07
     1702.3336 1.457964e-07
     1704.0368 1.458607e-07
     1705.7416 1.449966e-07
     1707.4482 1.425155e-07
     1709.1565 1.427220e-07
     1710.8666 1.421306e-07
     1712.5783 1.416578e-07
     1714.2917 1.423556e-07
     1716.0069 1.411193e-07
     1717.7237 1.377697e-07
     1719.4423 1.372156e-07
     1721.1626 1.366267e-07
     1722.8846 1.360866e-07
     1724.6084 1.370913e-07
     1726.3339 1.378247e-07
     1728.0611 1.383959e-07
     1729.7900 1.380750e-07
     1731.5206 1.381781e-07
     1733.2530 1.376407e-07
     1734.9871 1.381625e-07
     1736.7230 1.374488e-07
     1738.4606 1.357763e-07
     1740.1999 1.349225e-07
     1741.9410 1.351886e-07
     1743.6838 1.361043e-07
     1745.4284 1.356560e-07
     1747.1747 1.337053e-07
     1748.9227 1.322957e-07
     1750.6725 1.313078e-07
     1752.4240 1.317759e-07
     1754.1773 1.333500e-07
     1755.9324 1.349985e-07
     1757.6892 1.340555e-07
     1759.4478 1.313747e-07
     1761.2081 1.303335e-07
     1762.9702 1.291988e-07
     1764.7341 1.300860e-07
     1766.4997 1.295413e-07
     1768.2671 1.291509e-07
     1770.0362 1.282897e-07
     1771.8071 1.276866e-07
     1773.5798 1.273632e-07
     1775.3543 1.271109e-07
     1777.1305 1.269752e-07
     1778.9085 1.269024e-07
     1780.6883 1.270139e-07
     1782.4699 1.263998e-07
     1784.2533 1.257321e-07
     1786.0384 1.248242e-07
     1787.8254 1.241517e-07
     1789.6141 1.235842e-07
     1791.4046 1.226945e-07
     1793.1969 1.232105e-07
     1794.9910 1.240796e-07
     1796.7869 1.240976e-07
     1798.5846 1.231903e-07
     1800.3840 1.243262e-07
     1802.1853 1.241056e-07
     1803.9884 1.231757e-07
     1805.7933 1.222371e-07
     1807.6000 1.208775e-07
     1809.4085 1.200618e-07
     1811.2188 1.193099e-07
     1813.0309 1.187061e-07
     1814.8449 1.182596e-07
     1816.6606 1.164669e-07
     1818.4782 1.172611e-07
     1820.2976 1.167769e-07
     1822.1188 1.171814e-07
     1823.9418 1.172534e-07
     1825.7667 1.168745e-07
     1827.5934 1.158013e-07
     1829.4219 1.151516e-07
     1831.2522 1.150105e-07
     1833.0844 1.158957e-07
     1834.9184 1.166005e-07
     1836.7542 1.156731e-07
     1838.5919 1.132773e-07
     1840.4314 1.124440e-07
     1842.2728 1.111030e-07
     1844.1159 1.106841e-07
     1845.9610 1.100800e-07
     1847.8079 1.101142e-07
     1849.6566 1.101259e-07
     1851.5072 1.097000e-07
     1853.3596 1.078169e-07
     1855.2139 1.071889e-07
     1857.0700 1.090120e-07
     1858.9280 1.092220e-07
     1860.7879 1.067029e-07
     1862.6496 1.068865e-07
     1864.5132 1.072288e-07
     1866.3786 1.086556e-07
     1868.2460 1.097365e-07
     1870.1151 1.091116e-07
     1871.9862 1.080932e-07
     1873.8591 1.082363e-07
     1875.7339 1.087183e-07
     1877.6106 1.084345e-07
     1879.4891 1.070877e-07
     1881.3696 1.050813e-07
     1883.2519 1.040891e-07
     1885.1361 1.040516e-07
     1887.0221 1.035923e-07
     1888.9101 1.034640e-07
     1890.8000 1.026540e-07
     1892.6917 1.016766e-07
     1894.5853 1.016958e-07
     1896.4809 9.981375e-08
     1898.3783 1.004964e-07
     1900.2776 1.027332e-07
     1902.1789 1.014389e-07
     1904.0820 1.015093e-07
     1905.9870 1.019622e-07
     1907.8940 1.013814e-07
     1909.8028 1.008943e-07
     1911.7136 1.007821e-07
     1913.6262 9.992964e-08
     1915.5408 9.912412e-08
     1917.4573 9.857022e-08
     1919.3757 9.867144e-08
     1921.2961 9.876939e-08
     1923.2183 9.768083e-08
     1925.1425 9.694554e-08
     1927.0686 9.569900e-08
     1928.9967 9.470114e-08
     1930.9266 9.592900e-08
     1932.8585 9.741312e-08
     1934.7923 9.691647e-08
     1936.7281 9.519155e-08
     1938.6658 9.581076e-08
     1940.6054 9.657448e-08
     1942.5470 9.721159e-08
     1944.4905 9.702347e-08
     1946.4360 9.657991e-08
     1948.3834 9.579733e-08
     1950.3328 9.467562e-08
     1952.2841 9.362992e-08
     1954.2373 9.291141e-08
     1956.1925 9.369518e-08
     1958.1497 9.372559e-08
     1960.1088 9.353341e-08
     1962.0699 9.315755e-08
     1964.0330 9.285169e-08
     1965.9980 9.394097e-08
     1967.9650 9.460356e-08
     1969.9339 9.444302e-08
     1971.9048 9.434472e-08
     1973.8777 9.411181e-08
     1975.8526 9.363072e-08
     1977.8294 9.270274e-08
     1979.8083 9.220060e-08
     1981.7891 9.221694e-08
     1983.7718 9.131342e-08
     1985.7566 9.137459e-08
     1987.7433 9.145467e-08
     1989.7321 9.037507e-08
     1991.7228 8.944578e-08
     1993.7155 8.905583e-08
     1995.7102 8.976021e-08
     1997.7070 9.005557e-08
     1999.7057 8.882827e-08
     2001.7064 8.849489e-08
     2003.7091 8.897713e-08
     2005.7138 8.941324e-08
     2007.7205 8.928031e-08
     2009.7292 8.879663e-08
     2011.7400 8.784508e-08
     2013.7527 8.754890e-08
     2015.7675 8.757001e-08
     2017.7842 8.764387e-08
     2019.8030 8.804300e-08
     2021.8238 8.788764e-08
     2023.8467 8.735162e-08
     2025.8715 8.638495e-08
     2027.8984 8.596654e-08
     2029.9273 8.667304e-08
     2031.9583 8.650234e-08
     2033.9913 8.484763e-08
     2036.0263 8.400350e-08
     2038.0633 8.388274e-08
     2040.1024 8.414052e-08
     2042.1435 8.497876e-08
     2044.1867 8.513703e-08
     2046.2319 8.487429e-08
     2048.2791 8.526404e-08
     2050.3285 8.483014e-08
     2052.3798 8.464756e-08
     2054.4332 8.388332e-08
     2056.4887 8.277303e-08
     2058.5462 8.229419e-08
     2060.6058 8.231705e-08
     2062.6674 8.225955e-08
     2064.7311 8.237012e-08
     2066.7969 8.169972e-08
     2068.8647 8.147804e-08
     2070.9346 8.222048e-08
     2073.0066 8.270110e-08
     2075.0806 8.301892e-08
     2077.1567 8.187760e-08
     2079.2349 8.067620e-08
     2081.3152 8.162467e-08
     2083.3976 8.093768e-08
     2085.4820 8.070011e-08
     2087.5685 8.128624e-08
     2089.6571 8.157306e-08
     2091.7478 8.182220e-08
     2093.8406 8.187618e-08
     2095.9355 8.174560e-08
     2098.0325 8.259538e-08
     2100.1316 8.327101e-08
     2102.2328 8.443897e-08
     2104.3360 8.469884e-08
     2106.4414 8.635065e-08
     2108.5489 8.476408e-08
     2110.6585 8.577603e-08
     2112.7702 8.682220e-08
     2114.8841 8.604658e-08
     2117.0000 8.839665e-08
     2119.1181 8.979781e-08
     2121.2383 8.896023e-08
     2123.3606 8.422318e-08
     2125.4850 8.181431e-08
     2127.6115 8.427273e-08
     2129.7402 8.563575e-08
     2131.8710 8.513369e-08
     2134.0039 8.423068e-08
     2136.1390 8.416214e-08
     2138.2762 8.458263e-08
     2140.4156 8.407603e-08
     2142.5571 8.526661e-08
     2144.7007 8.503527e-08
     2146.8465 8.465431e-08
     2148.9944 8.502732e-08
     2151.1444 8.464004e-08
     2153.2967 8.459801e-08
     2155.4510 8.582043e-08
     2157.6076 8.457883e-08
     2159.7663 8.324695e-08
     2161.9271 8.430740e-08
     2164.0901 8.223165e-08
     2166.2553 7.743940e-08
     2168.4226 8.022140e-08
     2170.5921 8.376550e-08
     2172.7638 8.454455e-08
     2174.9377 8.363758e-08
     2177.1137 8.286723e-08
     2179.2919 8.397903e-08
     2181.4723 8.646847e-08
     2183.6548 8.502425e-08
     2185.8396 8.062723e-08
     2188.0265 7.884157e-08
     2190.2156 8.237224e-08
     2192.4069 8.387553e-08
     2194.6004 8.751038e-08
     2196.7961 8.897674e-08
     2198.9940 8.722485e-08
     2201.1941 8.494086e-08
     2203.3964 8.702318e-08
     2205.6009 8.671346e-08
     2207.8076 8.258235e-08
     2210.0165 7.851121e-08
     2212.2277 7.855885e-08
     2214.4410 7.719971e-08
     2216.6565 7.612060e-08
     2218.8743 7.893045e-08
     2221.0943 8.135094e-08
     2223.3165 8.195262e-08
     2225.5409 8.223225e-08
     2227.7676 8.228801e-08
     2229.9965 8.314048e-08
     2232.2276 8.722300e-08
     2234.4609 9.145004e-08
     2236.6965 9.134182e-08
     2238.9343 8.997840e-08
     2241.1744 9.082606e-08
     2243.4167 8.732539e-08
     2245.6612 8.575029e-08
     2247.9080 8.643558e-08
     2250.1570 8.423855e-08
     2252.4083 7.981541e-08
     2254.6618 7.844686e-08
     2256.9176 7.953124e-08
     2259.1757 7.971496e-08
     2261.4360 8.018366e-08
     2263.6985 8.194688e-08
     2265.9634 8.267575e-08
     2268.2305 8.430609e-08
     2270.4998 8.755872e-08
     2272.7715 8.846096e-08
     2275.0454 8.592850e-08
     2277.3216 8.733374e-08
     2279.6000 9.140485e-08
     2281.8808 9.189749e-08
     2284.1638 8.807827e-08
     2286.4491 8.824172e-08
     2288.7367 8.716972e-08
     2291.0266 8.726812e-08
     2293.3187 8.985367e-08
     2295.6132 8.693315e-08
     2297.9100 7.970732e-08
     2300.2090 7.692588e-08
     2302.5104 7.782506e-08
     2304.8140 7.959162e-08
     2307.1200 7.792882e-08
     2309.4283 8.384523e-08
     2311.7389 7.966056e-08
     2314.0518 7.894955e-08
     2316.3670 8.298758e-08
     2318.6845 8.072693e-08
     2321.0043 7.851839e-08
     2323.3265 8.424431e-08
     2325.6510 8.478600e-08
     2327.9778 8.126075e-08
     2330.3070 8.188224e-08
     2332.6384 8.225627e-08
     2334.9722 8.489255e-08
     2337.3084 8.497827e-08
     2339.6469 8.391538e-08
     2341.9877 8.360952e-08
     2344.3308 7.660032e-08
     2346.6763 7.368653e-08
     2349.0242 7.748254e-08
     2351.3744 8.349075e-08
     2353.7269 8.420171e-08
     2356.0818 8.148217e-08
     2358.4391 8.145825e-08
     2360.7987 8.106855e-08
     2363.1607 8.249993e-08
     2365.5250 7.963353e-08
     2367.8917 7.994212e-08
     2370.2608 8.417830e-08
     2372.6323 8.406044e-08
     2375.0061 8.376062e-08
     2377.3823 8.609395e-08
     2379.7609 7.961692e-08
     2382.1418 7.211846e-08
     2384.5251 7.358702e-08
     2386.9109 7.538323e-08
     2389.2990 7.980444e-08
     2391.6895 8.463851e-08
     2394.0823 8.369792e-08
     2396.4776 8.001318e-08
     2398.8753 8.251417e-08
     2401.2754 8.422294e-08
     2403.6778 8.220670e-08
     2406.0827 7.721885e-08
     2408.4900 8.232994e-08
     2410.8997 8.190062e-08
     2413.3118 7.757696e-08
     2415.7263 7.974921e-08
     2418.1433 8.407002e-08
     2420.5626 8.621772e-08
     2422.9844 8.807120e-08
     2425.4086 8.867950e-08
     2427.8352 9.090583e-08
     2430.2643 9.076799e-08
     2432.6957 9.213108e-08
     2435.1297 9.056912e-08
     2437.5660 8.732380e-08
     2440.0048 8.792381e-08
     2442.4460 9.297387e-08
     2444.8897 9.762114e-08
     2447.3358 1.007236e-07
     2449.7843 9.936904e-08
     2452.2354 9.826886e-08
     2454.6888 1.043789e-07
     2457.1447 1.075558e-07
     2459.6031 9.991597e-08
     2462.0639 8.832396e-08
     2464.5272 8.699937e-08
     2466.9930 9.312083e-08
     2469.4612 9.391164e-08
     2471.9319 8.801336e-08
     2474.4051 8.494886e-08
     2476.8807 8.850846e-08
     2479.3589 8.317497e-08
     2481.8395 7.357217e-08
     2484.3225 6.703892e-08
     2486.8081 6.572534e-08
     2489.2962 6.070812e-08
     2491.7867 6.213749e-08
     2494.2797 7.254658e-08
     2496.7753 7.911713e-08
     2499.2733 8.185056e-08
     2501.7738 8.228633e-08
     2504.2768 8.194352e-08
     2506.7824 7.683867e-08
     2509.2904 7.579766e-08
     2511.8009 6.833060e-08
     2514.3140 6.790984e-08
     2516.8296 6.260070e-08
     2519.3477 6.433411e-08
     2521.8683 6.662277e-08
     2524.3914 6.510187e-08
     2526.9170 6.620881e-08
     2529.4452 6.932436e-08
     2531.9759 8.600951e-08
     2534.5092 9.361982e-08
     2537.0450 9.385119e-08
     2539.5833 9.572742e-08
     2542.1241 9.440136e-08
     2544.6675 9.524879e-08
     2547.2135 1.025584e-07
     2549.7619 1.244915e-07
     2552.3130 1.738178e-07
     2554.8666 1.994634e-07
     2557.4227 1.853692e-07
     2559.9814 1.687934e-07
     2562.5427 1.437114e-07
     2565.1065 1.453944e-07
     2567.6729 1.743924e-07
     2570.2419 2.318277e-07
     2572.8134 2.490801e-07
     2575.3875 1.994737e-07
     2577.9642 1.793837e-07
     2580.5434 2.042260e-07
     2583.1252 2.065722e-07
     2585.7097 1.741833e-07
     2588.2967 1.659589e-07
     2590.8863 1.785100e-07
     2593.4784 1.724441e-07
     2596.0732 1.609971e-07
     2598.6706 1.332064e-07
     2601.2706 1.447390e-07
     2603.8731 1.835883e-07
     2606.4783 1.679426e-07
     2609.0861 1.545475e-07
     2611.6965 1.485494e-07
     2614.3095 1.502500e-07
     2616.9251 1.805713e-07
     2619.5433 2.128459e-07
     2622.1642 2.245747e-07
     2624.7877 2.036446e-07
     2627.4138 1.704311e-07
     2630.0425 1.522633e-07
     2632.6738 1.865375e-07
     2635.3078 2.773641e-07
     2637.9445 3.732187e-07
     2640.5837 4.782064e-07
     2643.2256 5.576519e-07
     2645.8702 5.073561e-07
     2648.5174 4.266881e-07
     2651.1672 4.053115e-07
     2653.8197 4.186420e-07
     2656.4749 5.001571e-07
     2659.1327 5.537146e-07
     2661.7931 4.613723e-07
     2664.4562 3.491410e-07
     2667.1220 3.366570e-07
     2669.7905 3.403333e-07
     2672.4616 3.814807e-07
     2675.1354 5.037607e-07
     2677.8119 5.192970e-07
     2680.4910 4.485883e-07
     2683.1729 4.837368e-07
     2685.8574 6.079459e-07
     2688.5446 6.160759e-07
     2691.2345 5.336693e-07
     2693.9271 5.009474e-07
     2696.6223 4.976461e-07
     2699.3203 5.911995e-07
     2702.0210 6.236731e-07
     2704.7243 5.524148e-07
     2707.4304 5.456614e-07
     2710.1392 5.241819e-07
     2712.8507 4.810930e-07
     2715.5649 3.612457e-07
     2718.2818 2.265127e-07
     2721.0015 1.809770e-07
     2723.7238 2.081658e-07
     2726.4489 2.465672e-07
     2729.1767 3.112064e-07
     2731.9073 3.090076e-07
     2734.6405 2.522605e-07
     2737.3766 2.369093e-07
     2740.1153 2.309544e-07
     2742.8568 2.078185e-07
     2745.6010 2.132425e-07
     2748.3480 2.268850e-07
     2750.0000 1.403066e-07
     2750.4584 1.162067e-07
     2750.9168 1.334153e-07
     2751.3753 1.891869e-07
     2751.8339 2.821343e-07
     2752.2926 3.340098e-07
     2752.7514 3.651472e-07
     2753.2102 4.216938e-07
     2753.6691 4.423012e-07
     2754.1281 3.655454e-07
     2754.5872 2.971102e-07
     2755.0463 2.940075e-07
     2755.5055 2.866381e-07
     2755.9648 2.228072e-07
     2756.4242 1.528607e-07
     2756.8836 1.415429e-07
     2757.3431 1.855626e-07
     2757.8027 2.078961e-07
     2758.2624 2.347272e-07
     2758.7221 3.582328e-07
     2759.1820 5.190848e-07
     2759.6419 4.761568e-07
     2760.1018 3.685704e-07
     2760.5619 3.700757e-07
     2761.0220 4.337507e-07
     2761.4822 5.112080e-07
     2761.9425 4.190843e-07
     2762.4029 2.400679e-07
     2762.8633 2.284802e-07
     2763.3238 2.769866e-07
     2763.7844 3.902695e-07
     2764.2451 4.755950e-07
     2764.7058 4.069074e-07
     2765.1667 5.132186e-07
     2765.6276 5.972711e-07
     2766.0885 6.150466e-07
     2766.5496 5.833147e-07
     2767.0107 4.460683e-07
     2767.4719 3.905618e-07
     2767.9332 4.288197e-07
     2768.3946 4.319348e-07
     2768.8560 4.406053e-07
     2769.3175 3.471332e-07
     2769.7791 2.683352e-07
     2770.2408 3.219356e-07
     2770.7025 4.322107e-07
     2771.1644 4.378189e-07
     2771.6263 4.408095e-07
     2772.0882 4.934644e-07
     2772.5503 3.712778e-07
     2773.0124 2.610047e-07
     2773.4746 3.304680e-07
     2773.9369 4.626194e-07
     2774.3993 5.570375e-07
     2774.8617 6.080013e-07
     2775.3242 5.433717e-07
     2775.7868 3.964879e-07
     2776.2495 3.689203e-07
     2776.7122 4.212537e-07
     2777.1751 3.877535e-07
     2777.6380 4.573529e-07
     2778.1009 5.758072e-07
     2778.5640 4.018636e-07
     2779.0271 2.225922e-07
     2779.4903 2.205609e-07
     2779.9536 2.644864e-07
     2780.4170 2.410587e-07
     2780.8804 2.260811e-07
     2781.3439 2.520529e-07
     2781.8075 2.540559e-07
     2782.2712 2.527352e-07
     2782.7350 3.280268e-07
     2783.1988 3.914924e-07
     2783.6627 3.096840e-07
     2784.1267 2.748503e-07
     2784.5907 3.001703e-07
     2785.0549 3.385367e-07
     2785.5191 3.676133e-07
     2785.9834 3.578020e-07
     2786.4478 3.159146e-07
     2786.9122 3.211328e-07
     2787.3767 3.659494e-07
     2787.8413 3.579273e-07
     2788.3060 3.020315e-07
     2788.7708 2.266993e-07
     2789.2356 2.356276e-07
     2789.7005 2.629325e-07
     2790.1655 2.278241e-07
     2790.6306 2.133997e-07
     2791.0957 2.239569e-07
     2791.5609 2.047514e-07
     2792.0262 1.905429e-07
     2792.4916 1.863023e-07
     2792.9571 1.794784e-07
     2793.4226 1.703877e-07
     2793.8882 1.553772e-07
     2794.3539 1.328597e-07
     2794.8196 1.056628e-07
     2795.2855 7.621606e-08
     2795.7514 5.051248e-08
     2796.2174 3.998546e-08
     2796.6835 4.769057e-08
     2797.1496 6.878815e-08
     2797.6159 9.156928e-08
     2798.0822 1.076363e-07
     2798.5486 1.037823e-07
     2799.0150 1.000084e-07
     2799.4816 1.200593e-07
     2799.9482 1.445340e-07
     2800.4149 1.633493e-07
     2800.8817 1.673203e-07
     2801.3485 1.470542e-07
     2801.8154 1.153440e-07
     2802.2824 1.011413e-07
     2802.7495 8.308265e-08
     2803.2167 5.625098e-08
     2803.6839 4.962189e-08
     2804.1513 7.160914e-08
     2804.6187 1.034899e-07
     2805.0861 1.243121e-07
     2805.5537 1.366229e-07
     2806.0213 1.599699e-07
     2806.4890 1.873991e-07
     2806.9568 2.218582e-07
     2807.4247 2.258867e-07
     2807.8926 1.992588e-07
     2808.3606 2.275785e-07
     2808.8287 2.422257e-07
     2809.2969 2.556507e-07
     2809.7652 3.069129e-07
     2810.2335 3.562965e-07
     2810.7019 3.473898e-07
     2811.1704 3.023682e-07
     2811.6390 3.015888e-07
     2812.1076 3.386278e-07
     2812.5763 3.434219e-07
     2813.0451 3.202838e-07
     2813.5140 3.081869e-07
     2813.9830 2.891842e-07
     2814.4520 3.170668e-07
     2814.9211 3.638439e-07
     2815.3903 4.071097e-07
     2815.8596 4.599967e-07
     2816.3289 5.265140e-07
     2816.7984 5.782416e-07
     2817.2679 4.866366e-07
     2817.7375 4.043494e-07
     2818.2071 3.894804e-07
     2818.6769 4.609680e-07
     2819.1467 6.066832e-07
     2819.6166 5.895124e-07
     2820.0866 5.435132e-07
     2820.5566 5.856099e-07
     2821.0267 6.442972e-07
     2821.4970 5.945108e-07
     2821.9672 5.047014e-07
     2822.4376 5.374718e-07
     2822.9081 5.111071e-07
     2823.3786 4.202095e-07
     2823.8492 4.293532e-07
     2824.3199 5.571675e-07
     2824.7906 6.964922e-07
     2825.2615 7.163465e-07
     2825.7324 6.881306e-07
     2826.2034 4.866244e-07
     2826.6744 4.206122e-07
     2827.1456 5.088072e-07
     2827.6168 5.708763e-07
     2828.0881 5.648685e-07
     2828.5595 4.623491e-07
     2829.0310 4.223418e-07
     2829.5025 4.416081e-07
     2829.9742 5.691422e-07
     2830.4459 7.617407e-07
     2830.9176 7.096898e-07
     2831.3895 5.944585e-07
     2831.8614 7.842085e-07
     2832.3334 7.523436e-07
     2832.8055 4.940269e-07
     2833.2777 4.337610e-07
     2833.7500 5.243950e-07
     2834.2223 5.949189e-07
     2834.6947 5.831752e-07
     2835.1672 4.614730e-07
     2835.6398 5.305633e-07
     2836.1124 5.178904e-07
     2836.5851 3.865747e-07
     2837.0579 4.450121e-07
     2837.5308 5.758401e-07
     2838.0038 6.366299e-07
     2838.4768 5.989405e-07
     2838.9499 4.813691e-07
     2839.4231 4.949117e-07
     2839.8964 4.727624e-07
     2840.3698 4.130896e-07
     2840.8432 3.471694e-07
     2841.3167 2.909543e-07
     2841.7903 3.398996e-07
     2842.2640 4.195574e-07
     2842.7377 4.060880e-07
     2843.2116 3.933577e-07
     2843.6855 3.424339e-07
     2844.1595 2.473444e-07
     2844.6335 2.174971e-07
     2845.1077 2.919531e-07
     2845.5819 3.422705e-07
     2846.0562 3.006574e-07
     2846.5306 2.377521e-07
     2847.0050 2.282822e-07
     2847.4796 2.034056e-07
     2847.9542 1.984786e-07
     2848.4289 1.957964e-07
     2848.9037 1.647297e-07
     2849.3785 1.391895e-07
     2849.8535 1.297170e-07
     2850.3285 1.131911e-07
     2850.8036 9.332051e-08
     2851.2788 7.911493e-08
     2851.7540 6.296721e-08
     2852.2293 4.747158e-08
     2852.7047 3.769486e-08
     2853.1802 3.772988e-08
     2853.6558 4.695330e-08
     2854.1315 6.076819e-08
     2854.6072 7.754491e-08
     2855.0830 9.852690e-08
     2855.5589 1.182756e-07
     2856.0348 1.323678e-07
     2856.5109 1.487348e-07
     2856.9870 1.740576e-07
     2857.4632 1.905456e-07
     2857.9395 2.073776e-07
     2858.4159 2.309591e-07
     2858.8923 2.293212e-07
     2859.3688 2.313474e-07
     2859.8454 2.943873e-07
     2860.3221 3.601356e-07
     2860.7989 3.549790e-07
     2861.2757 3.516729e-07
     2861.7526 3.756089e-07
     2862.2296 4.519263e-07
     2862.7067 4.695538e-07
     2863.1839 3.901364e-07
     2863.6611 4.194844e-07
     2864.1384 4.268868e-07
     2864.6158 4.650443e-07
     2865.0933 5.982371e-07
     2865.5708 6.324111e-07
     2866.0485 4.873871e-07
     2866.5262 5.176710e-07
     2867.0040 5.815584e-07
     2867.4819 5.384071e-07
     2867.9598 5.850451e-07
     2868.4378 5.725712e-07
     2868.9160 5.476955e-07
     2869.3942 5.380091e-07
     2869.8724 5.612545e-07
     2870.3508 6.659448e-07
     2870.8292 7.626321e-07
     2871.3077 7.710709e-07
     2871.7863 7.600325e-07
     2872.2650 8.837380e-07
     2872.7437 9.485141e-07
     2873.2226 7.743364e-07
     2873.7015 7.501444e-07
     2874.1805 6.159192e-07
     2874.6595 4.420802e-07
     2875.1387 6.603276e-07
     2875.6179 7.931720e-07
     2876.0972 6.486556e-07
     2876.5766 5.823149e-07
     2877.0561 5.523387e-07
     2877.5356 6.415889e-07
     2878.0153 6.883194e-07
     2878.4950 6.371049e-07
     2878.9748 6.107259e-07
     2879.4546 4.535032e-07
     2879.9346 3.838837e-07
     2880.4146 4.224913e-07
     2880.8947 3.864474e-07
     2881.3749 2.659679e-07
     2881.8552 1.619897e-07
     2882.3355 1.183042e-07
     2882.8160 1.594475e-07
     2883.2965 2.596624e-07
     2883.7771 3.851726e-07
     2884.2577 5.008042e-07
     2884.7385 6.424328e-07
     2885.2193 8.773670e-07
     2885.7002 1.037904e-06
     2886.1812 1.207223e-06
     2886.6623 1.005451e-06
     2887.1434 7.933220e-07
     2887.6247 8.143868e-07
     2888.1060 7.693418e-07
     2888.5874 7.398870e-07
     2889.0688 8.004583e-07
     2889.5504 8.531928e-07
     2890.0320 7.581366e-07
     2890.5137 7.186461e-07
     2890.9955 1.037856e-06
     2891.4774 1.255370e-06
     2891.9593 1.012144e-06
     2892.4414 8.395751e-07
     2892.9235 9.838023e-07
     2893.4057 7.820959e-07
     2893.8880 5.990416e-07
     2894.3703 7.357546e-07
     2894.8527 8.775920e-07
     2895.3353 6.777757e-07
     2895.8179 6.979158e-07
     2896.3005 1.254956e-06
     2896.7833 1.576839e-06
     2897.2661 1.366794e-06
     2897.7490 1.290853e-06
     2898.2320 1.362448e-06
     2898.7151 1.468677e-06
     2899.1983 1.466301e-06
     2899.6815 1.104746e-06
     2900.1648 9.029836e-07
     2900.6482 1.079826e-06
     2901.1317 1.471682e-06
     2901.6153 1.933194e-06
     2902.0989 1.700584e-06
     2902.5827 1.229723e-06
     2903.0665 1.333724e-06
     2903.5503 1.533445e-06
     2904.0343 1.712117e-06
     2904.5184 1.921600e-06
     2905.0025 1.548641e-06
     2905.4867 1.561771e-06
     2905.9710 1.745790e-06
     2906.4553 1.502011e-06
     2906.9398 1.608727e-06
     2907.4243 1.684104e-06
     2907.9089 1.517337e-06
     2908.3936 1.382759e-06
     2908.8784 1.534105e-06
     2909.3633 1.419614e-06
     2909.8482 1.040685e-06
     2910.3332 9.977928e-07
     2910.8183 1.198096e-06
     2911.3035 1.281581e-06
     2911.7887 1.206324e-06
     2912.2741 1.463062e-06
     2912.7595 1.227029e-06
     2913.2450 1.113173e-06
     2913.7306 1.210686e-06
     2914.2162 1.106493e-06
     2914.7020 1.106952e-06
     2915.1878 1.066762e-06
     2915.6737 1.476252e-06
     2916.1597 1.792242e-06
     2916.6458 1.983365e-06
     2917.1319 2.312471e-06
     2917.6181 2.393396e-06
     2918.1045 1.837346e-06
     2918.5908 1.484559e-06
     2919.0773 1.237710e-06
     2919.5639 1.565745e-06
     2920.0505 2.128549e-06
     2920.5372 1.915773e-06
     2921.0240 1.467937e-06
     2921.5109 1.804635e-06
     2921.9979 2.249735e-06
     2922.4849 2.369419e-06
     2922.9720 1.907576e-06
     2923.4592 1.425814e-06
     2923.9465 1.136755e-06
     2924.4339 7.597804e-07
     2924.9213 8.997786e-07
     2925.4088 1.016944e-06
     2925.8964 9.784353e-07
     2926.3841 8.263607e-07
     2926.8719 7.965455e-07
     2927.3598 8.440312e-07
     2927.8477 1.230470e-06
     2928.3357 1.439135e-06
     2928.8238 1.041967e-06
     2929.3120 6.227497e-07
     2929.8002 4.531829e-07
     2930.2886 1.023323e-06
     2930.7770 1.848492e-06
     2931.2655 1.861472e-06
     2931.7541 1.621625e-06
     2932.2428 1.557003e-06
     2932.7315 1.835329e-06
     2933.2203 2.019282e-06
     2933.7093 1.440900e-06
     2934.1982 1.169594e-06
     2934.6873 1.219687e-06
     2935.1765 1.350797e-06
     2935.6657 1.837371e-06
     2936.1550 2.280531e-06
     2936.6444 1.878109e-06
     2937.1339 8.413376e-07
     2937.6235 3.618632e-07
     2938.1131 4.627052e-07
     2938.6028 7.730688e-07
     2939.0927 9.425953e-07
     2939.5825 8.146791e-07
     2940.0725 7.783854e-07
     2940.5626 1.094412e-06
     2941.0527 1.032901e-06
     2941.5429 8.649299e-07
     2942.0332 8.035974e-07
     2942.5236 8.624851e-07
     2943.0141 1.096806e-06
     2943.5046 1.334967e-06
     2943.9952 1.448034e-06
     2944.4859 1.111791e-06
     2944.9767 9.125863e-07
     2945.4676 1.450194e-06
     2945.9585 1.934671e-06
     2946.4496 1.982141e-06
     2946.9407 2.269499e-06
     2947.4319 2.022587e-06
     2947.9232 1.091873e-06
     2948.4145 4.414858e-07
     2948.9060 3.150006e-07
     2949.3975 4.598093e-07
     2949.8891 6.304615e-07
     2950.3808 1.046589e-06
     2950.8726 1.522899e-06
     2951.3644 1.846221e-06
     2951.8564 1.646945e-06
     2952.3484 1.700415e-06
     2952.8405 2.026119e-06
     2953.3327 2.171771e-06
     2953.8249 1.816889e-06
     2954.3173 9.488837e-07
     2954.8097 4.292857e-07
     2955.3022 5.292836e-07
     2955.7948 9.641637e-07
     2956.2875 1.573800e-06
     2956.7802 1.512340e-06
     2957.2731 9.814410e-07
     2957.7660 6.182654e-07
     2958.2590 5.090897e-07
     2958.7521 8.818171e-07
     2959.2452 1.735074e-06
     2959.7385 2.297477e-06
     2960.2318 1.806124e-06
     2960.7252 1.192079e-06
     2961.2187 1.025208e-06
     2961.7123 1.270395e-06
     2962.2060 1.657489e-06
     2962.6997 1.896830e-06
     2963.1935 1.669362e-06
     2963.6874 1.503391e-06
     2964.1814 1.338514e-06
     2964.6755 1.386018e-06
     2965.1696 1.284679e-06
     2965.6639 7.557236e-07
     2966.1582 4.390446e-07
     2966.6526 3.762154e-07
     2967.1471 3.219038e-07
     2967.6416 2.577804e-07
     2968.1363 3.921146e-07
     2968.6310 7.368620e-07
     2969.1258 9.831388e-07
     2969.6207 1.117480e-06
     2970.1157 8.527863e-07
     2970.6108 4.625630e-07
     2971.1059 3.980213e-07
     2971.6011 7.846989e-07
     2972.0964 1.500663e-06
     2972.5918 1.624225e-06
     2973.0873 1.152161e-06
     2973.5829 6.353880e-07
     2974.0785 3.710665e-07
     2974.5742 6.637456e-07
     2975.0700 1.205942e-06
     2975.5659 1.509666e-06
     2976.0619 1.376909e-06
     2976.5579 1.132129e-06
     2977.0541 1.327365e-06
     2977.5503 1.768273e-06
     2978.0466 2.241357e-06
     2978.5430 2.159160e-06
     2979.0394 1.676624e-06
     2979.5360 1.320545e-06
     2980.0326 1.305731e-06
     2980.5293 1.633174e-06
     2981.0261 1.792960e-06
     2981.5230 1.311704e-06
     2982.0200 7.934453e-07
     2982.5170 5.421540e-07
     2983.0141 7.694882e-07
     2983.5113 8.602437e-07
     2984.0086 5.345387e-07
     2984.5060 2.936525e-07
     2985.0035 3.953459e-07
     2985.5010 5.254958e-07
     2985.9986 5.551464e-07
     2986.4964 5.502697e-07
     2986.9941 6.902108e-07
     2987.4920 8.234447e-07
     2987.9900 6.633978e-07
     2988.4880 6.352300e-07
     2988.9861 9.609489e-07
     2989.4843 1.177859e-06
     2989.9826 1.557569e-06
     2990.4810 2.336920e-06
     2990.9795 2.734762e-06
     2991.4780 2.695943e-06
     2991.9766 2.213276e-06
     2992.4753 1.311149e-06
     2992.9741 1.053801e-06
     2993.4730 1.216423e-06
     2993.9719 1.322767e-06
     2994.4710 8.625684e-07
     2994.9701 3.898626e-07
     2995.4693 2.874679e-07
     2995.9686 5.412409e-07
     2996.4679 1.118026e-06
     2996.9674 1.495528e-06
     2997.4669 1.242119e-06
     2997.9666 1.132637e-06
     2998.4663 1.254857e-06
     2998.9660 1.735326e-06
     2999.4659 1.746966e-06
     2999.9659 9.383746e-07
     3000.4659 4.927533e-07
     3000.9660 4.817347e-07
     3001.4662 3.554078e-07
     3001.9665 3.438189e-07
     3002.4669 4.959980e-07
     3002.9673 4.717642e-07
     3003.4679 3.650159e-07
     3003.9685 4.080991e-07
     3004.4692 5.439436e-07
     3004.9700 1.005201e-06
     3005.4709 1.765246e-06
     3005.9718 1.980203e-06
     3006.4728 1.593816e-06
     3006.9740 1.144174e-06
     3007.4752 7.831800e-07
     3007.9765 6.409250e-07
     3008.4778 5.023036e-07
     3008.9793 4.068074e-07
     3009.4808 5.157059e-07
     3009.9824 5.571759e-07
     3010.4841 7.170667e-07
     3010.9859 1.439495e-06
     3011.4878 2.159139e-06
     3011.9898 1.787968e-06
     3012.4918 9.865019e-07
     3012.9939 8.246114e-07
     3013.4961 1.249961e-06
     3013.9984 1.552774e-06
     3014.5008 1.636212e-06
     3015.0033 1.759460e-06
     3015.5058 1.381706e-06
     3016.0084 1.073959e-06
     3016.5111 1.287829e-06
     3017.0139 1.341193e-06
     3017.5168 1.428726e-06
     3018.0198 1.003878e-06
     3018.5228 5.088193e-07
     3019.0259 4.665596e-07
     3019.5292 4.053600e-07
     3020.0325 3.249785e-07
     3020.5358 3.392835e-07
     3021.0393 2.199916e-07
     3021.5428 1.128882e-07
     3022.0465 1.650524e-07
     3022.5502 4.050411e-07
     3023.0540 7.451669e-07
     3023.5579 1.132145e-06
     3024.0619 1.431277e-06
     3024.5659 1.186852e-06
     3025.0700 9.230284e-07
     3025.5743 9.522405e-07
     3026.0786 6.556378e-07
     3026.5830 3.613059e-07
     3027.0874 4.615092e-07
     3027.5920 1.034934e-06
     3028.0966 1.801549e-06
     3028.6013 1.886879e-06
     3029.1062 1.954949e-06
     3029.6111 2.094487e-06
     3030.1160 1.857146e-06
     3030.6211 1.776520e-06
     3031.1262 1.589976e-06
     3031.6315 1.378997e-06
     3032.1368 9.117274e-07
     3032.6422 1.260181e-06
     3033.1477 2.393935e-06
     3033.6532 2.841051e-06
     3034.1589 2.693606e-06
     3034.6646 2.246953e-06
     3035.1704 1.900458e-06
     3035.6763 2.334513e-06
     3036.1823 2.589155e-06
     3036.6884 2.022900e-06
     3037.1946 1.425253e-06
     3037.7008 8.426264e-07
     3038.2071 3.959353e-07
     3038.7135 4.892963e-07
     3039.2200 1.060760e-06
     3039.7266 1.594238e-06
     3040.2333 1.639764e-06
     3040.7400 1.607675e-06
     3041.2468 1.369209e-06
     3041.7538 1.342967e-06
     3042.2608 1.380219e-06
     3042.7679 9.468436e-07
     3043.2750 9.677117e-07
     3043.7823 1.480248e-06
     3044.2896 1.893085e-06
     3044.7970 1.812733e-06
     3045.3045 1.883272e-06
     3045.8121 1.937286e-06
     3046.3198 2.109863e-06
     3046.8276 2.054140e-06
     3047.3354 1.564422e-06
     3047.8434 7.448620e-07
     3048.3514 3.907796e-07
     3048.8595 6.319313e-07
     3049.3677 1.138399e-06
     3049.8759 1.662411e-06
     3050.3843 2.247084e-06
     3050.8927 2.044742e-06
     3051.4013 1.291463e-06
     3051.9099 1.577024e-06
     3052.4186 2.765564e-06
     3052.9273 3.490923e-06
     3053.4362 3.014448e-06
     3053.9451 2.014383e-06
     3054.4542 1.114171e-06
     3054.9633 7.549145e-07
     3055.4725 9.640301e-07
     3055.9818 1.444281e-06
     3056.4912 2.019333e-06
     3057.0006 2.038440e-06
     3057.5102 1.295912e-06
     3058.0198 6.494670e-07
     3058.5295 3.863806e-07
     3059.0393 4.856286e-07
     3059.5492 4.504958e-07
     3060.0591 3.967510e-07
     3060.5692 7.084858e-07
     3061.0793 1.055436e-06
     3061.5896 1.201549e-06
     3062.0999 1.480225e-06
     3062.6103 1.679830e-06
     3063.1207 2.275663e-06
     3063.6313 2.345526e-06
     3064.1419 1.558258e-06
     3064.6527 1.180766e-06
     3065.1635 1.263889e-06
     3065.6744 1.822674e-06
     3066.1854 2.384884e-06
     3066.6965 2.025645e-06
     3067.2076 1.003843e-06
     3067.7189 6.163771e-07
     3068.2302 5.952440e-07
     3068.7416 8.438076e-07
     3069.2531 1.458092e-06
     3069.7647 2.288282e-06
     3070.2764 2.538158e-06
     3070.7881 2.320525e-06
     3071.3000 2.007024e-06
     3071.8119 2.228057e-06
     3072.3239 2.537735e-06
     3072.8360 1.900930e-06
     3073.3482 1.472628e-06
     3073.8604 1.545760e-06
     3074.3728 1.571684e-06
     3074.8852 1.651813e-06
     3075.3978 2.185601e-06
     3075.9104 1.837291e-06
     3076.4231 8.812609e-07
     3076.9358 9.353657e-07
     3077.4487 1.663967e-06
     3077.9617 1.911719e-06
     3078.4747 1.925106e-06
     3078.9878 2.036886e-06
     3079.5010 2.305980e-06
     3080.0143 3.414651e-06
     3080.5277 3.236378e-06
     3081.0412 2.257343e-06
     3081.5547 2.037606e-06
     3082.0683 1.941012e-06
     3082.5821 1.282242e-06
     3083.0959 9.671535e-07
     3083.6098 1.137141e-06
     3084.1237 1.035252e-06
     3084.6378 1.274324e-06
     3085.1520 2.286829e-06
     3085.6662 2.939597e-06
     3086.1805 3.383385e-06
     3086.6949 3.906935e-06
     3087.2094 3.188851e-06
     3087.7240 2.598029e-06
     3088.2386 2.153423e-06
     3088.7534 1.351977e-06
     3089.2682 1.557434e-06
     3089.7832 2.119039e-06
     3090.2982 1.587537e-06
     3090.8133 1.098260e-06
     3091.3284 1.222216e-06
     3091.8437 9.811090e-07
     3092.3590 7.358313e-07
     3092.8745 8.534961e-07
     3093.3900 6.163933e-07
     3093.9056 4.220276e-07
     3094.4213 7.025584e-07
     3094.9371 1.190158e-06
     3095.4530 1.548727e-06
     3095.9689 1.627525e-06
     3096.4849 1.622707e-06
     3097.0011 1.209240e-06
     3097.5173 7.207093e-07
     3098.0336 7.096223e-07
     3098.5500 1.163023e-06
     3099.0664 1.499355e-06
     3099.5830 1.291355e-06
     3100.0996 8.264988e-07
     3100.6163 4.795688e-07
     3101.1332 3.425074e-07
     3101.6501 4.307504e-07
     3102.1670 5.222668e-07
     3102.6841 5.625425e-07
     3103.2013 1.026709e-06
     3103.7185 2.010378e-06
     3104.2358 2.662560e-06
     3104.7533 2.848843e-06
     3105.2708 3.500070e-06
     3105.7883 3.225579e-06
     3106.3060 2.429676e-06
     3106.8238 2.344112e-06
     3107.3416 2.653640e-06
     3107.8596 2.941592e-06
     3108.3776 2.738608e-06
     3108.8957 3.501119e-06
     3109.4139 3.843718e-06
     3109.9322 3.607327e-06
     3110.4505 3.619397e-06
     3110.9690 2.640872e-06
     3111.4875 1.686217e-06
     3112.0061 2.125057e-06
     3112.5248 2.812717e-06
     3113.0436 2.797101e-06
     3113.5625 2.958382e-06
     3114.0815 2.957433e-06
     3114.6006 2.688961e-06
     3115.1197 2.922142e-06
     3115.6389 3.134529e-06
     3116.1582 2.849182e-06
     3116.6776 2.513379e-06
     3117.1971 2.097583e-06
     3117.7167 2.324005e-06
     3118.2364 2.587038e-06
     3118.7561 2.167410e-06
     3119.2760 1.882817e-06
     3119.7959 2.059871e-06
     3120.3159 1.680742e-06
     3120.8360 1.175377e-06
     3121.3562 1.482274e-06
     3121.8764 1.984578e-06
     3122.3968 1.779576e-06
     3122.9172 1.382146e-06
     3123.4378 1.354822e-06
     3123.9584 1.945875e-06
     3124.4791 3.130101e-06
     3124.9999 3.722594e-06
     3125.5208 2.991835e-06
     3126.0417 1.835345e-06
     3126.5628 1.570138e-06
     3127.0839 1.665804e-06
     3127.6051 1.711290e-06
     3128.1264 1.625068e-06
     3128.6478 1.889274e-06
     3129.1693 2.204921e-06
     3129.6909 1.713577e-06
     3130.2126 1.592512e-06
     3130.7343 1.877155e-06
     3131.2561 1.962938e-06
     3131.7781 2.370676e-06
     3132.3001 2.550981e-06
     3132.8222 2.207963e-06
     3133.3443 2.139405e-06
     3133.8666 2.145054e-06
     3134.3890 1.710308e-06
     3134.9114 1.230918e-06
     3135.4339 1.628257e-06
     3135.9565 2.452016e-06
     3136.4792 2.348461e-06
     3137.0020 1.896004e-06
     3137.5249 1.618646e-06
     3138.0479 2.082573e-06
     3138.5709 2.618062e-06
     3139.0941 2.672952e-06
     3139.6173 2.691010e-06
     3140.1406 3.031834e-06
     3140.6640 2.521658e-06
     3141.1875 2.170993e-06
     3141.7111 2.634553e-06
     3142.2347 3.440891e-06
     3142.7585 3.379299e-06
     3143.2823 2.661183e-06
     3143.8062 1.935598e-06
     3144.3303 1.532045e-06
     3144.8544 1.285620e-06
     3145.3785 8.977553e-07
     3145.9028 7.370892e-07
     3146.4272 1.294285e-06
     3146.9516 2.112429e-06
     3147.4762 1.917659e-06
     3148.0008 1.309674e-06
     3148.5255 1.183905e-06
     3149.0503 2.239616e-06
     3149.5752 4.480112e-06
     3150.1001 4.998194e-06
     3150.6252 3.463798e-06
     3151.1504 2.388902e-06
     3151.6756 2.531891e-06
     3152.2009 3.183675e-06
     3152.7263 2.957507e-06
     3153.2518 2.481509e-06
     3153.7774 2.301723e-06
     3154.3031 2.506312e-06
     3154.8288 2.989192e-06
     3155.3547 2.350139e-06
     3155.8806 2.532809e-06
     3156.4067 2.671797e-06
     3156.9328 2.471090e-06
     3157.4590 1.877174e-06
     3157.9852 1.175821e-06
     3158.5116 1.097313e-06
     3159.0381 1.173040e-06
     3159.5646 9.375637e-07
     3160.0913 1.123982e-06
     3160.6180 1.706693e-06
     3161.1448 1.638658e-06
     3161.6717 1.084088e-06
     3162.1987 9.945297e-07
     3162.7258 1.138282e-06
     3163.2529 1.383891e-06
     3163.7802 1.972497e-06
     3164.3075 2.252621e-06
     3164.8350 2.219807e-06
     3165.3625 2.094847e-06
     3165.8901 1.804330e-06
     3166.4178 2.319732e-06
     3166.9456 2.680545e-06
     3167.4734 2.841616e-06
     3168.0014 3.617783e-06
     3168.5294 3.087724e-06
     3169.0576 1.830298e-06
     3169.5858 1.381051e-06
     3170.1141 1.953203e-06
     3170.6425 3.031334e-06
     3171.1710 3.712335e-06
     3171.6995 4.079500e-06
     3172.2282 3.974622e-06
     3172.7570 3.588948e-06
     3173.2858 3.289805e-06
     3173.8147 2.470797e-06
     3174.3437 2.083047e-06
     3174.8728 2.763833e-06
     3175.4020 3.471454e-06
     3175.9313 3.305749e-06
     3176.4607 3.031161e-06
     3176.9901 3.410481e-06
     3177.5197 3.901919e-06
     3178.0493 3.412035e-06
     3178.5790 2.588703e-06
     3179.1088 2.083481e-06
     3179.6387 1.739886e-06
     3180.1687 1.438341e-06
     3180.6988 1.500043e-06
     3181.2289 1.685251e-06
     3181.7592 1.873771e-06
     3182.2895 1.318084e-06
     3182.8199 7.857421e-07
     3183.3505 8.201119e-07
     3183.8811 1.009041e-06
     3184.4118 1.507009e-06
     3184.9425 1.630786e-06
     3185.4734 1.662258e-06
     3186.0044 2.142911e-06
     3186.5354 2.695020e-06
     3187.0665 2.197327e-06
     3187.5978 1.292602e-06
     3188.1291 1.268632e-06
     3188.6605 1.526704e-06
     3189.1920 1.857238e-06
     3189.7235 2.764670e-06
     3190.2552 3.995857e-06
     3190.7869 3.949452e-06
     3191.3188 3.015470e-06
     3191.8507 1.740614e-06
     3192.3827 1.060778e-06
     3192.9148 9.350863e-07
     3193.4470 1.048336e-06
     3193.9793 1.293297e-06
     3194.5117 1.734625e-06
     3195.0442 2.117332e-06
     3195.5767 2.489202e-06
     3196.1094 2.532775e-06
     3196.6421 2.113442e-06
     3197.1749 1.570906e-06
     3197.7078 1.527343e-06
     3198.2408 2.591184e-06
     3198.7739 3.377745e-06
     3199.3071 3.009569e-06
     3199.8403 2.805974e-06
     3200.3737 2.328039e-06
     3200.9071 1.907410e-06
     3201.4407 1.779338e-06
     3201.9743 2.379456e-06
     3202.5080 2.705258e-06
     3203.0418 2.366789e-06
     3203.5757 2.309389e-06
     3204.1096 2.997872e-06
     3204.6437 3.954790e-06
     3205.1778 4.715803e-06
     3205.7121 4.218962e-06
     3206.2464 2.839262e-06
     3206.7808 3.160515e-06
     3207.3153 3.677286e-06
     3207.8499 3.012071e-06
     3208.3846 3.157197e-06
     3208.9194 3.740819e-06
     3209.4543 2.945751e-06
     3209.9892 2.472516e-06
     3210.5243 2.535325e-06
     3211.0594 1.871058e-06
     3211.5946 1.787714e-06
     3212.1299 2.161441e-06
     3212.6653 1.460247e-06
     3213.2008 1.386587e-06
     3213.7364 1.613765e-06
     3214.2721 1.223350e-06
     3214.8078 9.758646e-07
     3215.3437 1.344944e-06
     3215.8796 2.012416e-06
     3216.4156 2.300400e-06
     3216.9517 2.498134e-06
     3217.4879 2.202263e-06
     3218.0242 1.860426e-06
     3218.5606 2.566037e-06
     3219.0971 3.239268e-06
     3219.6336 3.489654e-06
     3220.1703 2.474205e-06
     3220.7070 2.177310e-06
     3221.2439 2.916504e-06
     3221.7808 3.011942e-06
     3222.3178 2.195571e-06
     3222.8549 1.754201e-06
     3223.3921 2.073718e-06
     3223.9294 2.106922e-06
     3224.4667 2.881456e-06
     3225.0042 3.668501e-06
     3225.5417 3.238209e-06
     3226.0794 2.017209e-06
     3226.6171 1.334599e-06
     3227.1549 1.430067e-06
     3227.6928 1.845960e-06
     3228.2308 1.968882e-06
     3228.7689 1.449076e-06
     3229.3070 1.293647e-06
     3229.8453 1.397423e-06
     3230.3837 1.195496e-06
     3230.9221 1.527050e-06
     3231.4606 2.045718e-06
     3231.9993 1.987429e-06
     3232.5380 2.724621e-06
     3233.0768 3.407186e-06
     3233.6157 2.752360e-06
     3234.1546 1.985174e-06
     3234.6937 1.716722e-06
     3235.2329 1.263999e-06
     3235.7721 1.482100e-06
     3236.3115 2.287431e-06
     3236.8509 2.250982e-06
     3237.3904 1.531014e-06
     3237.9300 1.859559e-06
     3238.4697 2.844617e-06
     3239.0095 3.373451e-06
     3239.5494 2.599456e-06
     3240.0894 1.791749e-06
     3240.6294 2.861427e-06
     3241.1696 3.889008e-06
     3241.7098 3.497755e-06
     3242.2501 3.142533e-06
     3242.7906 2.741892e-06
     3243.3311 2.944383e-06
     3243.8717 2.581613e-06
     3244.4124 1.939351e-06
     3244.9531 2.275282e-06
     3245.4940 3.822237e-06
     3246.0350 4.697708e-06
     3246.5760 4.338484e-06
     3247.1172 4.045297e-06
     3247.6584 3.258440e-06
     3248.1997 1.912338e-06
     3248.7411 1.757276e-06
     3249.2826 1.908059e-06
     3249.8242 2.128889e-06
     3250.3659 2.574086e-06
     3250.9077 3.113079e-06
     3251.4495 2.790955e-06
     3251.9915 2.862154e-06
     3252.5335 3.418119e-06
     3253.0757 3.403099e-06
     3253.6179 2.884958e-06
     3254.1602 2.571104e-06
     3254.7026 2.291900e-06
     3255.2451 2.878342e-06
     3255.7877 4.822178e-06
     3256.3304 4.686038e-06
     3256.8731 3.845365e-06
     3257.4160 4.430740e-06
     3257.9590 4.193156e-06
     3258.5020 3.428914e-06
     3259.0451 2.982869e-06
     3259.5883 3.614769e-06
     3260.1317 5.114563e-06
     3260.6751 4.536566e-06
     3261.2185 3.980740e-06
     3261.7621 4.284701e-06
     3262.3058 3.940193e-06
     3262.8496 4.247463e-06
     3263.3934 5.249349e-06
     3263.9374 4.096783e-06
     3264.4814 2.290277e-06
     3265.0255 1.573819e-06
     3265.5697 1.365903e-06
     3266.1140 1.723207e-06
     3266.6584 2.644397e-06
     3267.2029 4.038764e-06
     3267.7475 4.851273e-06
     3268.2922 4.922073e-06
     3268.8369 4.062502e-06
     3269.3818 3.407538e-06
     3269.9267 3.113888e-06
     3270.4718 3.075924e-06
     3271.0169 3.341832e-06
     3271.5621 2.993859e-06
     3272.1074 1.881061e-06
     3272.6528 1.527289e-06
     3273.1983 2.358685e-06
     3273.7439 3.556223e-06
     3274.2895 3.568959e-06
     3274.8353 2.557465e-06
     3275.3812 2.868346e-06
     3275.9271 4.300812e-06
     3276.4731 4.191899e-06
     3277.0193 2.895874e-06
     3277.5655 2.544260e-06
     3278.1118 3.155409e-06
     3278.6582 3.562605e-06
     3279.2047 3.320276e-06
     3279.7512 3.107369e-06
     3280.2979 3.431832e-06
     3280.8447 3.308431e-06
     3281.3915 3.493166e-06
     3281.9385 3.520736e-06
     3282.4855 2.819590e-06
     3283.0326 2.745376e-06
     3283.5799 2.634641e-06
     3284.1272 2.658072e-06
     3284.6746 3.235328e-06
     3285.2221 3.752812e-06
     3285.7696 4.027984e-06
     3286.3173 3.905233e-06
     3286.8651 3.508343e-06
     3287.4129 2.582280e-06
     3287.9609 2.241424e-06
     3288.5089 2.794844e-06
     3289.0570 3.029007e-06
     3289.6053 3.697577e-06
     3290.1536 5.751228e-06
     3290.7020 6.720607e-06
     3291.2505 5.264062e-06
     3291.7991 3.674504e-06
     3292.3477 3.440402e-06
     3292.8965 4.062185e-06
     3293.4454 4.768995e-06
     3293.9943 4.700344e-06
     3294.5434 4.556344e-06
     3295.0925 5.439858e-06
     3295.6417 5.338681e-06
     3296.1911 4.724231e-06
     3296.7405 4.110806e-06
     3297.2900 3.948008e-06
     3297.8396 4.391942e-06
     3298.3893 5.068466e-06
     3298.9390 4.228400e-06
     3299.4889 3.462190e-06
     3300.0389 4.351477e-06
     3300.5889 5.513489e-06
     3301.1391 6.346232e-06
     3301.6893 5.761501e-06
     3302.2396 4.629584e-06
     3302.7900 3.116756e-06
     3303.3406 2.405231e-06
     3303.8912 2.891621e-06
     3304.4418 4.046016e-06
     3304.9926 5.142822e-06
     3305.5435 4.897433e-06
     3306.0945 3.942441e-06
     3306.6455 2.920683e-06
     3307.1967 2.026026e-06
     3307.7479 2.588617e-06
     3308.2993 3.091952e-06
     3308.8507 2.905166e-06
     3309.4022 2.888287e-06
     3309.9538 3.882793e-06
     3310.5055 4.241089e-06
     3311.0573 3.098871e-06
     3311.6092 2.383438e-06
     3312.1612 3.436395e-06
     3312.7133 4.179300e-06
     3313.2655 3.238566e-06
     3313.8177 2.874188e-06
     3314.3701 2.960389e-06
     3314.9225 2.486480e-06
     3315.4750 2.154829e-06
     3316.0277 2.020813e-06
     3316.5804 1.654012e-06
     3317.1332 1.776026e-06
     3317.6861 2.226290e-06
     3318.2391 3.114097e-06
     3318.7922 3.774522e-06
     3319.3453 4.022554e-06
     3319.8986 4.074591e-06
     3320.4520 4.331727e-06
     3321.0054 4.020552e-06
     3321.5590 3.737704e-06
     3322.1126 4.089148e-06
     3322.6664 3.260315e-06
     3323.2202 2.405259e-06
     3323.7741 1.863794e-06
     3324.3281 1.824562e-06
     3324.8822 2.061363e-06
     3325.4364 2.612028e-06
     3325.9907 3.208063e-06
     3326.5451 4.345244e-06
     3327.0995 4.599215e-06
     3327.6541 3.013197e-06
     3328.2087 2.949799e-06
     3328.7635 4.265544e-06
     3329.3183 4.592924e-06
     3329.8733 3.670045e-06
     3330.4283 2.679725e-06
     3330.9834 2.942555e-06
     3331.5386 3.854398e-06
     3332.0939 4.281541e-06
     3332.6493 3.668373e-06
     3333.2048 3.069550e-06
     3333.7604 2.934389e-06
     3334.3161 2.871668e-06
     3334.8718 3.339074e-06
     3335.4277 3.677777e-06
     3335.9836 3.201070e-06
     3336.5397 2.263160e-06
     3337.0958 1.905916e-06
     3337.6520 1.868993e-06
     3338.2084 2.517251e-06
     3338.7648 3.233249e-06
     3339.3213 3.812253e-06
     3339.8779 3.532090e-06
     3340.4346 2.890966e-06
     3340.9914 2.481493e-06
     3341.5482 3.078378e-06
     3342.1052 3.862993e-06
     3342.6623 2.825985e-06
     3343.2194 2.268456e-06
     3343.7767 3.391167e-06
     3344.3340 3.835954e-06
     3344.8915 3.399060e-06
     3345.4490 3.224112e-06
     3346.0066 3.838403e-06
     3346.5643 4.680387e-06
     3347.1221 4.551176e-06
     3347.6800 3.973052e-06
     3348.2380 3.596024e-06
     3348.7961 3.193153e-06
     3349.3543 3.403348e-06
     3349.9126 2.193726e-06
     3350.4709 1.801211e-06
     3351.0294 2.416437e-06
     3351.5879 2.642085e-06
     3352.1466 2.743460e-06
     3352.7053 3.586214e-06
     3353.2642 5.478190e-06
     3353.8231 5.243981e-06
     3354.3821 3.833232e-06
     3354.9412 2.888840e-06
     3355.5004 2.957421e-06
     3356.0597 4.232422e-06
     3356.6191 5.244693e-06
     3357.1786 4.368494e-06
     3357.7382 4.200858e-06
     3358.2978 4.138807e-06
     3358.8576 2.937288e-06
     3359.4174 1.848959e-06
     3359.9774 1.307189e-06
     3360.5374 1.059430e-06
     3361.0976 9.961421e-07
     3361.6578 9.235483e-07
     3362.2181 7.609177e-07
     3362.7785 1.046344e-06
     3363.3390 1.821770e-06
     3363.8997 2.357261e-06
     3364.4603 2.654007e-06
     3365.0211 3.150296e-06
     3365.5820 3.611541e-06
     3366.1430 3.379651e-06
     3366.7041 2.787501e-06
     3367.2652 2.264095e-06
     3367.8265 1.972330e-06
     3368.3878 2.199977e-06
     3368.9493 2.399668e-06
     3369.5108 2.094160e-06
     3370.0725 1.461649e-06
     3370.6342 1.394703e-06
     3371.1960 1.452337e-06
     3371.7579 1.295368e-06
     3372.3199 1.405093e-06
     3372.8820 1.388362e-06
     3373.4442 1.249781e-06
     3374.0065 1.578436e-06
     3374.5689 1.823149e-06
     3375.1314 1.636941e-06
     3375.6939 2.129422e-06
     3376.2566 3.367972e-06
     3376.8193 4.278707e-06
     3377.3822 4.076107e-06
     3377.9451 3.507599e-06
     3378.5082 3.795432e-06
     3379.0713 4.427178e-06
     3379.6345 3.546007e-06
     3380.1979 2.692532e-06
     3380.7613 2.117622e-06
     3381.3248 1.170627e-06
     3381.8884 1.373949e-06
     3382.4521 2.528900e-06
     3383.0159 2.676593e-06
     3383.5797 2.413051e-06
     3384.1437 2.364009e-06
     3384.7078 1.938918e-06
     3385.2720 2.321452e-06
     3385.8362 2.486183e-06
     3386.4006 2.265897e-06
     3386.9650 2.578081e-06
     3387.5296 2.825308e-06
     3388.0942 2.631237e-06
     3388.6589 1.927760e-06
     3389.2237 1.721672e-06
     3389.7887 2.255921e-06
     3390.3537 3.308942e-06
     3390.9188 3.810253e-06
     3391.4840 2.986228e-06
     3392.0493 2.083405e-06
     3392.6147 2.111001e-06
     3393.1801 1.902698e-06
     3393.7457 1.515648e-06
     3394.3114 1.782447e-06
     3394.8772 2.057892e-06
     3395.4430 2.081762e-06
     3396.0090 2.466482e-06
     3396.5750 2.603032e-06
     3397.1412 2.932797e-06
     3397.7074 3.707317e-06
     3398.2737 3.900190e-06
     3398.8402 3.830054e-06
     3399.4067 3.846969e-06
     3399.9733 3.318707e-06
     3400.5400 3.727827e-06
     3401.1068 5.719600e-06
     3401.6737 6.574963e-06
     3402.2407 4.754641e-06
     3402.8078 2.810934e-06
     3403.3750 2.343228e-06
     3403.9422 2.557765e-06
     3404.5096 2.677612e-06
     3405.0771 2.551631e-06
     3405.6446 1.951739e-06
     3406.2123 2.075783e-06
     3406.7801 2.663888e-06
     3407.3479 2.433668e-06
     3407.9158 2.240525e-06
     3408.4839 2.565324e-06
     3409.0520 3.376172e-06
     3409.6202 3.129485e-06
     3410.1885 2.081718e-06
     3410.7569 1.973641e-06
     3411.3255 2.701069e-06
     3411.8941 3.247867e-06
     3412.4628 3.715989e-06
     3413.0315 3.091320e-06
     3413.6004 1.839258e-06
     3414.1694 1.336017e-06
     3414.7385 1.289279e-06
     3415.3077 1.152244e-06
     3415.8769 1.163057e-06
     3416.4463 1.960768e-06
     3417.0157 2.677619e-06
     3417.5853 2.480358e-06
     3418.1549 1.953683e-06
     3418.7247 2.165756e-06
     3419.2945 2.950297e-06
     3419.8644 3.669628e-06
     3420.4345 4.030379e-06
     3421.0046 3.659513e-06
     3421.5748 3.063070e-06
     3422.1451 2.788967e-06
     3422.7155 3.269881e-06
     3423.2860 2.871006e-06
     3423.8566 2.121707e-06
     3424.4273 1.847518e-06
     3424.9981 1.683609e-06
     3425.5690 2.205721e-06
     3426.1399 3.154505e-06
     3426.7110 3.768588e-06
     3427.2822 2.717786e-06
     3427.8534 2.134654e-06
     3428.4248 2.936961e-06
     3428.9962 3.341131e-06
     3429.5678 3.977477e-06
     3430.1394 5.363143e-06
     3430.7112 5.722360e-06
     3431.2830 5.119656e-06
     3431.8549 4.222743e-06
     3432.4270 3.131769e-06
     3432.9991 2.664532e-06
     3433.5713 2.550894e-06
     3434.1436 1.861767e-06
     3434.7160 1.915873e-06
     3435.2885 3.366794e-06
     3435.8611 4.359656e-06
     3436.4338 3.811129e-06
     3437.0066 3.570646e-06
     3437.5795 4.073029e-06
     3438.1524 3.416997e-06
     3438.7255 3.058510e-06
     3439.2987 2.809803e-06
     3439.8719 2.399789e-06
     3440.4453 1.974470e-06
     3441.0188 1.358977e-06
     3441.5923 7.667360e-07
     3442.1660 8.494284e-07
     3442.7397 1.197647e-06
     3443.3135 1.340187e-06
     3443.8875 1.456433e-06
     3444.4615 1.258381e-06
     3445.0356 1.372389e-06
     3445.6098 2.199161e-06
     3446.1842 2.420265e-06
     3446.7586 1.898089e-06
     3447.3331 1.761224e-06
     3447.9077 2.464352e-06
     3448.4824 4.108212e-06
     3449.0572 5.612374e-06
     3449.6321 4.875247e-06
     3450.2071 3.502843e-06
     3450.7821 3.911584e-06
     3451.3573 4.683945e-06
     3451.9326 5.108442e-06
     3452.5080 4.092395e-06
     3453.0834 2.359535e-06
     3453.6590 1.399007e-06
     3454.2346 1.644279e-06
     3454.8104 3.526517e-06
     3455.3862 5.144184e-06
     3455.9622 4.676761e-06
     3456.5382 4.189258e-06
     3457.1144 4.400907e-06
     3457.6906 3.805451e-06
     3458.2669 3.521333e-06
     3458.8434 2.800540e-06
     3459.4199 1.982973e-06
     3459.9965 2.448897e-06
     3460.5732 2.534146e-06
     3461.1500 2.088816e-06
     3461.7269 2.146502e-06
     3462.3039 2.264872e-06
     3462.8810 2.697955e-06
     3463.4582 3.417936e-06
     3464.0355 3.531982e-06
     3464.6129 4.123264e-06
     3465.1904 4.333721e-06
     3465.7680 3.849262e-06
     3466.3456 2.539590e-06
     3466.9234 1.758068e-06
     3467.5013 2.444963e-06
     3468.0793 3.327226e-06
     3468.6573 4.201617e-06
     3469.2355 4.653521e-06
     3469.8137 3.934958e-06
     3470.3921 3.584356e-06
     3470.9705 4.188838e-06
     3471.5491 4.962263e-06
     3472.1277 4.543264e-06
     3472.7064 4.454027e-06
     3473.2853 4.418651e-06
     3473.8642 4.364483e-06
     3474.4432 3.431064e-06
     3475.0224 2.172194e-06
     3475.6016 1.913046e-06
     3476.1809 1.472817e-06
     3476.7603 1.191733e-06
     3477.3398 1.285421e-06
     3477.9194 1.762837e-06
     3478.4991 3.277256e-06
     3479.0789 3.791229e-06
     3479.6588 2.978798e-06
     3480.2388 2.924100e-06
     3480.8189 3.159537e-06
     3481.3991 3.410927e-06
     3481.9794 4.260269e-06
     3482.5597 6.049365e-06
     3483.1402 7.038753e-06
     3483.7208 5.197190e-06
     3484.3014 3.123014e-06
     3484.8822 3.352098e-06
     3485.4631 4.225097e-06
     3486.0440 3.801619e-06
     3486.6251 4.335504e-06
     3487.2062 5.889219e-06
     3487.7875 7.309312e-06
     3488.3688 6.479896e-06
     3488.9503 4.922448e-06
     3489.5318 4.738442e-06
     3490.1135 4.173854e-06
     3490.6952 2.655848e-06
     3491.2770 1.621170e-06
     3491.8590 1.547318e-06
     3492.4410 2.541305e-06
     3493.0231 3.060180e-06
     3493.6053 2.228586e-06
     3494.1876 1.890637e-06
     3494.7700 3.250150e-06
     3495.3526 4.407902e-06
     3495.9352 4.425733e-06
     3496.5179 3.255798e-06
     3497.1007 2.473324e-06
     3497.6836 2.345993e-06
     3498.2666 2.040409e-06
     3498.8497 2.445178e-06
     3499.4328 3.737647e-06
     3500.0161 4.314458e-06
     3500.5995 4.584228e-06
     3501.1830 4.252566e-06
     3501.7666 4.068134e-06
     3502.3503 5.322998e-06
     3502.9340 5.759952e-06
     3503.5179 5.785802e-06
     3504.1019 7.701623e-06
     3504.6859 8.422684e-06
     3505.2701 7.010429e-06
     3505.8544 4.843138e-06
     3506.4387 4.583027e-06
     3507.0232 4.013682e-06
     3507.6077 3.944163e-06
     3508.1924 5.494295e-06
     3508.7771 5.748641e-06
     3509.3620 4.900755e-06
     3509.9469 4.709292e-06
     3510.5319 4.192835e-06
     3511.1171 2.771096e-06
     3511.7023 3.467730e-06
     3512.2877 5.263191e-06
     3512.8731 4.949243e-06
     3513.4586 3.716333e-06
     3514.0442 2.317100e-06
     3514.6300 1.858888e-06
     3515.2158 2.084849e-06
     3515.8017 1.901964e-06
     3516.3877 2.658513e-06
     3516.9738 4.370559e-06
     3517.5600 5.082783e-06
     3518.1463 5.218437e-06
     3518.7328 5.068398e-06
     3519.3193 4.566128e-06
     3519.9059 4.709289e-06
     3520.4926 4.442771e-06
     3521.0794 3.724106e-06
     3521.6663 3.614095e-06
     3522.2532 2.331617e-06
     3522.8403 2.274944e-06
     3523.4275 3.037102e-06
     3524.0148 2.358813e-06
     3524.6022 1.475424e-06
     3525.1897 1.083124e-06
     3525.7773 1.373375e-06
     3526.3649 1.846486e-06
     3526.9527 1.333295e-06
     3527.5406 1.537225e-06
     3528.1286 3.339487e-06
     3528.7166 4.045088e-06
     3529.3048 4.337802e-06
     3529.8931 4.200206e-06
     3530.4814 3.243156e-06
     3531.0699 3.261713e-06
     3531.6585 3.751436e-06
     3532.2471 4.250345e-06
     3532.8359 4.126980e-06
     3533.4247 3.944566e-06
     3534.0137 3.186023e-06
     3534.6027 3.821817e-06
     3535.1919 4.939209e-06
     3535.7811 4.626706e-06
     3536.3705 4.258401e-06
     3536.9599 3.885388e-06
     3537.5495 3.917846e-06
     3538.1391 4.145705e-06
     3538.7288 3.539233e-06
     3539.3187 3.794153e-06
     3539.9086 5.213721e-06
     3540.4986 6.182422e-06
     3541.0888 5.084453e-06
     3541.6790 3.377000e-06
     3542.2693 3.541832e-06
     3542.8598 3.859176e-06
     3543.4503 3.837042e-06
     3544.0409 4.244882e-06
     3544.6316 4.946921e-06
     3545.2225 5.566739e-06
     3545.8134 5.036453e-06
     3546.4044 3.877622e-06
     3546.9955 4.366689e-06
     3547.5867 5.458763e-06
     3548.1780 4.569656e-06
     3548.7695 3.117429e-06
     3549.3610 3.325735e-06
     3549.9526 4.187485e-06
     3550.5443 4.097652e-06
     3551.1361 4.188640e-06
     3551.7280 4.155158e-06
     3552.3200 3.648584e-06
     3552.9121 3.869817e-06
     3553.5043 3.789969e-06
     3554.0966 2.940658e-06
     3554.6890 2.680484e-06
     3555.2815 2.540972e-06
     3555.8741 2.662254e-06
     3556.4668 3.873377e-06
     3557.0596 4.699938e-06
     3557.6525 3.914307e-06
     3558.2455 4.069936e-06
     3558.8386 3.959167e-06
     3559.4318 2.502381e-06
     3560.0250 2.442618e-06
     3560.6184 2.701601e-06
     3561.2119 2.593393e-06
     3561.8055 2.935476e-06
     3562.3992 3.330250e-06
     3562.9930 3.632273e-06
     3563.5868 4.559011e-06
     3564.1808 4.994788e-06
     3564.7749 4.570409e-06
     3565.3691 3.082776e-06
     3565.9634 1.505387e-06
     3566.5577 9.688354e-07
     3567.1522 1.205679e-06
     3567.7468 1.936460e-06
     3568.3415 2.653270e-06
     3568.9362 2.954360e-06
     3569.5311 2.557520e-06
     3570.1261 1.584944e-06
     3570.7212 9.198998e-07
     3571.3163 1.074234e-06
     3571.9116 1.852424e-06
     3572.5070 2.225392e-06
     3573.1024 2.215489e-06
     3573.6980 2.695544e-06
     3574.2937 2.807652e-06
     3574.8894 2.509766e-06
     3575.4853 2.857123e-06
     3576.0813 2.529900e-06
     3576.6773 2.560839e-06
     3577.2735 2.715641e-06
     3577.8697 2.544245e-06
     3578.4661 2.123441e-06
     3579.0626 1.527453e-06
     3579.6591 1.320044e-06
     3580.2558 1.800195e-06
     3580.8525 1.884674e-06
     3581.4494 1.351240e-06
     3582.0464 7.959077e-07
     3582.6434 8.445723e-07
     3583.2406 1.407223e-06
     3583.8378 2.045473e-06
     3584.4352 2.114705e-06
     3585.0326 1.729402e-06
     3585.6302 1.113505e-06
     3586.2278 7.669471e-07
     3586.8256 9.490586e-07
     3587.4235 1.177782e-06
     3588.0214 1.217395e-06
     3588.6195 1.872793e-06
     3589.2176 2.471251e-06
     3589.8159 2.018632e-06
     3590.4142 1.607285e-06
     3591.0127 2.138359e-06
     3591.6112 3.517627e-06
     3592.2099 3.948961e-06
     3592.8086 4.138227e-06
     3593.4075 4.033828e-06
     3594.0064 2.612795e-06
     3594.6055 2.143331e-06
     3595.2046 2.816295e-06
     3595.8039 3.178173e-06
     3596.4032 3.668804e-06
     3597.0027 4.629683e-06
     3597.6022 5.790648e-06
     3598.2019 5.294729e-06
     3598.8016 4.843122e-06
     3599.4015 5.542838e-06
     3600.0014 5.736230e-06
     3600.6015 6.190424e-06
     3601.2016 7.358107e-06
     3601.8019 7.005511e-06
     3602.4022 5.167799e-06
     3603.0027 3.166399e-06
     3603.6032 2.796181e-06
     3604.2039 3.559273e-06
     3604.8046 3.732127e-06
     3605.4055 3.275423e-06
     3606.0064 2.391287e-06
     3606.6075 2.721793e-06
     3607.2086 3.438942e-06
     3607.8099 3.252966e-06
     3608.4112 3.618398e-06
     3609.0127 3.071878e-06
     3609.6143 1.693324e-06
     3610.2159 1.474924e-06
     3610.8177 1.974462e-06
     3611.4195 2.257243e-06
     3612.0215 3.433286e-06
     3612.6235 3.922763e-06
     3613.2257 3.703914e-06
     3613.8279 3.139866e-06
     3614.4303 2.973041e-06
     3615.0327 3.782551e-06
     3615.6353 4.190545e-06
     3616.2379 4.407956e-06
     3616.8407 5.083635e-06
     3617.4436 5.185925e-06
     3618.0465 4.243886e-06
     3618.6496 2.376925e-06
     3619.2527 1.179685e-06
     3619.8560 8.052280e-07
     3620.4594 1.139901e-06
     3621.0628 2.205022e-06
     3621.6664 3.004792e-06
     3622.2700 2.880175e-06
     3622.8738 3.417936e-06
     3623.4777 5.234214e-06
     3624.0816 5.700203e-06
     3624.6857 3.968290e-06
     3625.2899 2.902368e-06
     3625.8941 3.838771e-06
     3626.4985 6.259525e-06
     3627.1030 7.644946e-06
     3627.7075 7.659166e-06
     3628.3122 6.328196e-06
     3628.9170 5.474039e-06
     3629.5218 5.731795e-06
     3630.1268 6.127220e-06
     3630.7319 5.400431e-06
     3631.3370 3.367374e-06
     3631.9423 1.654058e-06
     3632.5477 1.230013e-06
     3633.1532 2.178333e-06
     3633.7587 3.344178e-06
     3634.3644 3.791854e-06
     3634.9702 3.144037e-06
     3635.5761 2.044363e-06
     3636.1821 1.981653e-06
     3636.7881 3.154129e-06
     3637.3943 3.636199e-06
     3638.0006 4.376021e-06
     3638.6070 5.493269e-06
     3639.2135 5.734813e-06
     3639.8201 7.029953e-06
     3640.4267 6.962121e-06
     3641.0335 6.130996e-06
     3641.6404 5.906277e-06
     3642.2474 6.030984e-06
     3642.8545 5.928050e-06
     3643.4617 5.068756e-06
     3644.0690 4.788398e-06
     3644.6764 4.885826e-06
     3645.2839 4.386198e-06
     3645.8915 3.121703e-06
     3646.4992 2.998118e-06
     3647.1070 3.801067e-06
     3647.7149 3.427262e-06
     3648.3229 1.908627e-06
     3648.9310 1.180564e-06
     3649.5392 1.655649e-06
     3650.1475 2.082675e-06
     3650.7559 2.118099e-06
     3651.3644 2.808729e-06
     3651.9730 3.511242e-06
     3652.5817 3.838004e-06
     3653.1906 5.642303e-06
     3653.7995 6.469124e-06
     3654.4085 5.445125e-06
     3655.0176 5.416934e-06
     3655.6268 6.793817e-06
     3656.2362 7.504634e-06
     3656.8456 7.136585e-06
     3657.4551 7.348068e-06
     3658.0647 8.502587e-06
     3658.6745 8.179095e-06
     3659.2843 8.293994e-06
     3659.8942 9.628290e-06
     3660.5043 8.950092e-06
     3661.1144 7.850136e-06
     3661.7246 6.798609e-06
     3662.3350 6.363824e-06
     3662.9454 5.928603e-06
     3663.5559 6.530536e-06
     3664.1666 5.978766e-06
     3664.7773 5.413834e-06
     3665.3882 4.966774e-06
     3665.9991 6.310798e-06
     3666.6102 8.256704e-06
     3667.2213 6.842058e-06
     3667.8326 5.232034e-06
     3668.4439 6.027408e-06
     3669.0554 6.539159e-06
     3669.6670 5.610773e-06
     3670.2786 3.855817e-06
     3670.8904 3.272604e-06
     3671.5023 4.148919e-06
     3672.1142 6.299646e-06
     3672.7263 7.722497e-06
     3673.3385 7.776105e-06
     3673.9507 7.231305e-06
     3674.5631 6.374126e-06
     3675.1756 5.749565e-06
     3675.7882 6.352560e-06
     3676.4009 7.295553e-06
     3677.0136 7.699840e-06
     3677.6265 5.654258e-06
     3678.2395 3.587440e-06
     3678.8526 3.750150e-06
     3679.4658 5.461507e-06
     3680.0791 5.097664e-06
     3680.6925 3.263852e-06
     3681.3060 2.351292e-06
     3681.9196 3.506547e-06
     3682.5333 4.847156e-06
     3683.1471 4.453542e-06
     3683.7610 4.305489e-06
     3684.3750 5.052434e-06
     3684.9891 5.732797e-06
     3685.6034 5.940016e-06
     3686.2177 4.915471e-06
     3686.8321 3.902145e-06
     3687.4466 3.357453e-06
     3688.0612 2.579718e-06
     3688.6760 2.478934e-06
     3689.2908 3.615234e-06
     3689.9057 4.215437e-06
     3690.5208 4.434375e-06
     3691.1359 5.259798e-06
     3691.7511 7.366501e-06
     3692.3665 1.075157e-05
     3692.9819 1.124034e-05
     3693.5975 8.634344e-06
     3694.2131 5.893288e-06
     3694.8289 4.372589e-06
     3695.4447 5.163904e-06
     3696.0607 5.713956e-06
     3696.6768 6.149516e-06
     3697.2929 6.831727e-06
     3697.9092 7.352639e-06
     3698.5256 7.426556e-06
     3699.1420 7.320020e-06
     3699.7586 7.901046e-06
     3700.3753 8.800476e-06
     3700.9921 8.370976e-06
     3701.6090 7.127850e-06
     3702.2259 5.866466e-06
     3702.8430 5.606736e-06
     3703.4602 5.991742e-06
     3704.0775 6.151626e-06
     3704.6949 4.216988e-06
     3705.3124 3.120917e-06
     3705.9300 2.802819e-06
     3706.5477 2.168300e-06
     3707.1655 2.925070e-06
     3707.7834 3.863080e-06
     3708.4015 3.057973e-06
     3709.0196 3.170298e-06
     3709.6378 3.297048e-06
     3710.2561 2.400809e-06
     3710.8746 3.294649e-06
     3711.4931 5.299915e-06
     3712.1117 6.098208e-06
     3712.7305 6.504949e-06
     3713.3493 7.562170e-06
     3713.9682 7.660794e-06
     3714.5873 7.755762e-06
     3715.2064 9.025946e-06
     3715.8257 9.058992e-06
     3716.4450 6.868625e-06
     3717.0645 5.754660e-06
     3717.6841 5.686597e-06
     3718.3037 5.141713e-06
     3718.9235 4.282415e-06
     3719.5434 3.435263e-06
     3720.1633 2.333764e-06
     3720.7834 1.349600e-06
     3721.4036 1.396280e-06
     3722.0239 1.746279e-06
     3722.6443 1.774192e-06
     3723.2648 1.892319e-06
     3723.8854 2.609315e-06
     3724.5061 3.760288e-06
     3725.1269 3.955658e-06
     3725.7478 4.020951e-06
     3726.3688 4.899123e-06
     3726.9899 5.698035e-06
     3727.6111 4.463491e-06
     3728.2324 2.358042e-06
     3728.8539 2.188307e-06
     3729.4754 3.711473e-06
     3730.0970 5.477700e-06
     3730.7188 5.649746e-06
     3731.3406 3.926260e-06
     3731.9625 3.160542e-06
     3732.5846 3.602087e-06
     3733.2067 3.057349e-06
     3733.8290 2.213960e-06
     3734.4513 1.731323e-06
     3735.0738 1.486829e-06
     3735.6964 1.038460e-06
     3736.3190 1.095496e-06
     3736.9418 1.626614e-06
     3737.5647 1.536893e-06
     3738.1877 1.252963e-06
     3738.8107 1.891101e-06
     3739.4339 2.878754e-06
     3740.0572 3.326602e-06
     3740.6806 3.770062e-06
     3741.3041 4.988373e-06
     3741.9277 5.496000e-06
     3742.5514 4.846864e-06
     3743.1752 4.111007e-06
     3743.7992 3.035379e-06
     3744.4232 2.106580e-06
     3745.0473 2.344370e-06
     3745.6715 2.662775e-06
     3746.2958 1.843009e-06
     3746.9203 1.312081e-06
     3747.5448 1.929670e-06
     3748.1695 2.597678e-06
     3748.7942 2.264226e-06
     3749.4191 1.386162e-06
     3750.0440 9.819787e-07
     3750.6691 1.112953e-06
     3751.2942 1.956930e-06
     3751.9195 3.057244e-06
     3752.5449 4.097742e-06
     3753.1704 4.405601e-06
     3753.7959 3.899885e-06
     3754.4216 4.329561e-06
     3755.0474 5.717692e-06
     3755.6733 6.188297e-06
     3756.2993 6.995916e-06
     3756.9254 6.945492e-06
     3757.5516 5.722582e-06
     3758.1779 3.694391e-06
     3758.8043 1.927725e-06
     3759.4309 1.435812e-06
     3760.0575 1.972578e-06
     3760.6842 2.905661e-06
     3761.3110 3.764684e-06
     3761.9380 4.096956e-06
     3762.5650 4.164216e-06
     3763.1922 4.703131e-06
     3763.8194 4.366179e-06
     3764.4468 2.798576e-06
     3765.0742 2.512208e-06
     3765.7018 4.350617e-06
     3766.3295 4.750672e-06
     3766.9572 4.150694e-06
     3767.5851 3.281987e-06
     3768.2131 2.204738e-06
     3768.8412 3.012971e-06
     3769.4694 5.200079e-06
     3770.0977 6.369938e-06
     3770.7261 5.607023e-06
     3771.3546 4.900223e-06
     3771.9832 5.214840e-06
     3772.6119 6.152927e-06
     3773.2407 7.628788e-06
     3773.8697 7.266523e-06
     3774.4987 7.477690e-06
     3775.1278 8.022635e-06
     3775.7571 6.598380e-06
     3776.3864 6.426763e-06
     3777.0159 5.908963e-06
     3777.6454 5.019812e-06
     3778.2751 5.011176e-06
     3778.9048 5.613720e-06
     3779.5347 5.272102e-06
     3780.1647 6.485401e-06
     3780.7948 8.418039e-06
     3781.4250 8.791721e-06
     3782.0552 8.240638e-06
     3782.6856 7.481463e-06
     3783.3161 6.616607e-06
     3783.9467 6.475665e-06
     3784.5775 6.321234e-06
     3785.2083 7.840582e-06
     3785.8392 8.571614e-06
     3786.4702 6.648356e-06
     3787.1014 4.049831e-06
     3787.7326 3.612813e-06
     3788.3639 3.534964e-06
     3788.9954 3.100863e-06
     3789.6269 3.521793e-06
     3790.2586 3.683873e-06
     3790.8903 3.132878e-06
     3791.5222 3.554526e-06
     3792.1542 4.945304e-06
     3792.7863 5.299569e-06
     3793.4185 5.570668e-06
     3794.0507 5.251817e-06
     3794.6831 4.000312e-06
     3795.3156 3.299203e-06
     3795.9482 2.708588e-06
     3796.5809 3.179447e-06
     3797.2138 4.587459e-06
     3797.8467 5.304484e-06
     3798.4797 4.000556e-06
     3799.1128 2.548838e-06
     3799.7461 2.165079e-06
     3800.3794 2.430313e-06
     3801.0129 3.927784e-06
     3801.6464 5.378598e-06
     3802.2801 4.774781e-06
     3802.9139 4.226710e-06
     3803.5477 5.960264e-06
     3804.1817 6.655323e-06
     3804.8158 6.753631e-06
     3805.4500 7.240502e-06
     3806.0843 6.116940e-06
     3806.7187 4.916518e-06
     3807.3532 4.020668e-06
     3807.9878 3.260842e-06
     3808.6225 3.818570e-06
     3809.2573 4.525680e-06
     3809.8923 5.614320e-06
     3810.5273 6.356404e-06
     3811.1624 6.301106e-06
     3811.7977 5.869989e-06
     3812.4330 5.103429e-06
     3813.0685 5.197455e-06
     3813.7041 4.188711e-06
     3814.3397 3.014475e-06
     3814.9755 3.203775e-06
     3815.6114 3.093671e-06
     3816.2474 2.455243e-06
     3816.8835 1.742246e-06
     3817.5197 2.085165e-06
     3818.1560 2.934986e-06
     3818.7924 3.043576e-06
     3819.4289 2.969457e-06
     3820.0655 2.751164e-06
     3820.7023 1.872839e-06
     3821.3391 1.143321e-06
     3821.9760 1.352194e-06
     3822.6131 2.141999e-06
     3823.2503 3.101644e-06
     3823.8875 3.291365e-06
     3824.5249 2.582403e-06
     3825.1624 1.928328e-06
     3825.7999 1.593794e-06
     3826.4376 1.362552e-06
     3827.0754 1.172461e-06
     3827.7133 1.591244e-06
     3828.3513 1.889033e-06
     3828.9894 1.820452e-06
     3829.6276 2.073408e-06
     3830.2660 1.945444e-06
     3830.9044 2.115800e-06
     3831.5429 2.416675e-06
     3832.1816 2.120807e-06
     3832.8203 1.667915e-06
     3833.4592 1.410186e-06
     3834.0982 1.502938e-06
     3834.7372 1.412148e-06
     3835.3764 1.432094e-06
     3836.0157 2.088083e-06
     3836.6551 2.501683e-06
     3837.2946 2.421072e-06
     3837.9342 2.383452e-06
     3838.5739 2.148376e-06
     3839.2137 1.608150e-06
     3839.8536 1.667727e-06
     3840.4936 1.983870e-06
     3841.1338 1.705954e-06
     3841.7740 1.261095e-06
     3842.4144 1.690035e-06
     3843.0548 2.787885e-06
     3843.6954 3.174593e-06
     3844.3361 3.046657e-06
     3844.9768 3.385382e-06
     3845.6177 3.397216e-06
     3846.2587 3.018090e-06
     3846.8998 2.966073e-06
     3847.5410 2.930619e-06
     3848.1823 3.252118e-06
     3848.8237 3.754793e-06
     3849.4653 3.509495e-06
     3850.1069 2.855482e-06
     3850.7486 2.060917e-06
     3851.3905 2.030380e-06
     3852.0324 2.551718e-06
     3852.6745 2.957428e-06
     3853.3167 2.776303e-06
     3853.9589 2.735701e-06
     3854.6013 3.078243e-06
     3855.2438 3.335549e-06
     3855.8864 3.635587e-06
     3856.5291 2.925687e-06
     3857.1719 1.931096e-06
     3857.8148 2.210375e-06
     3858.4578 2.697087e-06
     3859.1010 2.162971e-06
     3859.7442 1.659373e-06
     3860.3875 1.382291e-06
     3861.0310 1.195763e-06
     3861.6746 1.482778e-06
     3862.3182 2.195889e-06
     3862.9620 3.483769e-06
     3863.6059 3.710747e-06
     3864.2499 3.167644e-06
     3864.8940 3.187596e-06
     3865.5382 3.404914e-06
     3866.1825 2.896404e-06
     3866.8269 2.589447e-06
     3867.4714 3.210007e-06
     3868.1160 3.168291e-06
     3868.7608 2.678164e-06
     3869.4056 2.725715e-06
     3870.0506 2.988607e-06
     3870.6956 2.597899e-06
     3871.3408 2.177418e-06
     3871.9861 1.863511e-06
     3872.6315 1.875766e-06
     3873.2770 1.838382e-06
     3873.9226 2.001755e-06
     3874.5683 2.650407e-06
     3875.2141 3.537380e-06
     3875.8600 4.253386e-06
     3876.5060 3.977840e-06
     3877.1522 3.767094e-06
     3877.7984 3.535731e-06
     3878.4448 2.638912e-06
     3879.0912 1.640658e-06
     3879.7378 1.698561e-06
     3880.3845 2.906162e-06
     3881.0313 3.739574e-06
     3881.6782 3.649529e-06
     3882.3252 2.831633e-06
     3882.9723 2.029083e-06
     3883.6195 1.860301e-06
     3884.2668 3.339791e-06
     3884.9143 5.658402e-06
     3885.5618 5.359480e-06
     3886.2094 3.829891e-06
     3886.8572 2.330686e-06
     3887.5051 1.728438e-06
     3888.1530 2.665914e-06
     3888.8011 4.012556e-06
     3889.4493 3.556978e-06
     3890.0976 3.420501e-06
     3890.7460 4.123563e-06
     3891.3945 4.525669e-06
     3892.0431 5.209272e-06
     3892.6919 6.336244e-06
     3893.3407 7.174968e-06
     3893.9896 6.550419e-06
     3894.6387 5.984745e-06
     3895.2878 5.868031e-06
     3895.9371 4.685598e-06
     3896.5865 3.404904e-06
     3897.2360 4.945789e-06
     3897.8856 7.057437e-06
     3898.5353 6.344391e-06
     3899.1851 4.962696e-06
     3899.8350 4.941819e-06
     3900.4850 3.941600e-06
     3901.1352 3.878788e-06
     3901.7854 5.589995e-06
     3902.4358 6.660461e-06
     3903.0862 5.709855e-06
     3903.7368 4.023280e-06
     3904.3875 3.413143e-06
     3905.0382 3.858308e-06
     3905.6891 4.034438e-06
     3906.3401 3.251455e-06
     3906.9913 2.864844e-06
     3907.6425 3.440603e-06
     3908.2938 4.664937e-06
     3908.9452 5.417646e-06
     3909.5968 6.167223e-06
     3910.2484 7.126031e-06
     3910.9002 6.683164e-06
     3911.5521 5.579877e-06
     3912.2041 5.570187e-06
     3912.8561 6.866825e-06
     3913.5083 8.227133e-06
     3914.1606 7.804987e-06
     3914.8131 6.747100e-06
     3915.4656 6.923184e-06
     3916.1182 7.433684e-06
     3916.7710 6.049172e-06
     3917.4238 4.752765e-06
     3918.0768 4.859737e-06
     3918.7298 5.507697e-06
     3919.3830 4.705983e-06
     3920.0363 4.204480e-06
     3920.6897 4.264135e-06
     3921.3432 3.095461e-06
     3921.9968 2.551411e-06
     3922.6505 3.293687e-06
     3923.3043 3.665720e-06
     3923.9583 3.164913e-06
     3924.6123 3.957708e-06
     3925.2665 4.873967e-06
     3925.9208 4.719159e-06
     3926.5751 3.959484e-06
     3927.2296 3.654214e-06
     3927.8842 3.744792e-06
     3928.5389 2.999341e-06
     3929.1937 2.177938e-06
     3929.8486 2.204234e-06
     3930.5037 2.094403e-06
     3931.1588 1.658038e-06
     3931.8141 1.540832e-06
     3932.4694 1.536226e-06
     3933.1249 1.282175e-06
     3933.7805 8.636145e-07
     3934.4361 4.979491e-07
     3935.0919 4.989465e-07
     3935.7478 8.574443e-07
     3936.4039 1.199308e-06
     3937.0600 1.527743e-06
     3937.7162 1.951709e-06
     3938.3725 2.208092e-06
     3939.0290 2.512574e-06
     3939.6856 3.082678e-06
     3940.3422 3.735774e-06
     3940.9990 4.027906e-06
     3941.6559 3.710937e-06
     3942.3129 3.247482e-06
     3942.9700 3.443734e-06
     3943.6272 3.556668e-06
     3944.2845 3.045745e-06
     3944.9420 2.289817e-06
     3945.5995 2.492706e-06
     3946.2572 4.036252e-06
     3946.9149 6.474790e-06
     3947.5728 7.078436e-06
     3948.2308 5.450131e-06
     3948.8889 4.289613e-06
     3949.5471 4.181625e-06
     3950.2054 4.741481e-06
     3950.8638 5.751290e-06
     3951.5224 6.787727e-06
     3952.1810 7.637183e-06
     3952.8398 7.111278e-06
     3953.4986 5.311607e-06
     3954.1576 5.078905e-06
     3954.8167 7.300679e-06
     3955.4759 8.606631e-06
     3956.1352 7.875096e-06
     3956.7946 6.359259e-06
     3957.4541 4.787180e-06
     3958.1137 4.714398e-06
     3958.7735 5.242552e-06
     3959.4333 5.966108e-06
     3960.0933 7.130347e-06
     3960.7533 6.704869e-06
     3961.4135 5.194926e-06
     3962.0738 3.310323e-06
     3962.7342 2.215291e-06
     3963.3947 2.638251e-06
     3964.0553 3.093945e-06
     3964.7161 3.280998e-06
     3965.3769 3.180412e-06
     3966.0379 2.941488e-06
     3966.6989 2.373863e-06
     3967.3601 1.751344e-06
     3968.0214 1.418315e-06
     3968.6828 1.028987e-06
     3969.3443 6.132052e-07
     3970.0059 6.201893e-07
     3970.6676 1.054239e-06
     3971.3294 1.604675e-06
     3971.9914 2.109401e-06
     3972.6534 2.472483e-06
     3973.3156 2.780899e-06
     3973.9779 3.041573e-06
     3974.6403 3.200465e-06
     3975.3028 3.631025e-06
     3975.9654 4.197639e-06
     3976.6281 5.133732e-06
     3977.2909 5.131850e-06
     3977.9538 4.711182e-06
     3978.6169 5.566311e-06
     3979.2801 6.391001e-06
     3979.9433 6.932455e-06
     3980.6067 7.676111e-06
     3981.2702 8.969771e-06
     3981.9338 8.564693e-06
     3982.5975 6.929272e-06
     3983.2613 6.683161e-06
     3983.9253 7.522497e-06
     3984.5893 7.626111e-06
     3985.2535 6.941934e-06
     3985.9177 7.016980e-06
     3986.5821 7.168033e-06
     3987.2466 6.481921e-06
     3987.9112 6.371224e-06
     3988.5759 8.916846e-06
     3989.2407 1.094847e-05
     3989.9056 9.867035e-06
     3990.5707 7.415411e-06
     3991.2358 6.679039e-06
     3991.9011 8.618774e-06
     3992.5665 8.944929e-06
     3993.2319 8.648323e-06
     3993.8975 9.902181e-06
     3994.5632 1.049778e-05
     3995.2290 9.704088e-06
     3995.8950 9.854513e-06
     3996.5610 9.158658e-06
     3997.2272 8.303860e-06
     3997.8934 7.901414e-06
     3998.5598 7.020409e-06
     3999.2263 6.051388e-06
     3999.8929 7.352136e-06
     4000.5596 1.128700e-05
     4001.2264 1.278519e-05
     4001.8933 1.317701e-05
     4002.5604 1.229013e-05
     4003.2275 1.093894e-05
     4003.8948 1.042051e-05
     4004.5621 1.056163e-05
     4005.2296 9.999957e-06
     4005.8972 7.020770e-06
     4006.5649 5.094936e-06
     4007.2327 6.436233e-06
     4007.9007 8.284700e-06
     4008.5687 1.142994e-05
     4009.2369 1.272133e-05
     4009.9051 1.096814e-05
     4010.5735 9.999094e-06
     4011.2420 9.515913e-06
     4011.9106 9.394335e-06
     4012.5793 9.388693e-06
     4013.2481 9.790187e-06
     4013.9170 1.222040e-05
     4014.5861 1.122502e-05
     4015.2552 8.308753e-06
     4015.9245 9.812882e-06
     4016.5939 1.178392e-05
     4017.2633 1.239809e-05
     4017.9329 1.047975e-05
     4018.6027 8.906821e-06
     4019.2725 9.549580e-06
     4019.9424 1.187656e-05
     4020.6125 1.282922e-05
     4021.2826 1.181055e-05
     4021.9529 1.188909e-05
     4022.6233 1.071180e-05
     4023.2938 9.827616e-06
     4023.9644 1.102299e-05
     4024.6351 1.043525e-05
     4025.3059 8.558208e-06
     4025.9769 7.538429e-06
     4026.6479 9.358410e-06
     4027.3191 1.061455e-05
     4027.9903 1.087941e-05
     4028.6617 1.208048e-05
     4029.3332 1.232908e-05
     4030.0048 1.245927e-05
     4030.6766 1.045441e-05
     4031.3484 6.024394e-06
     4032.0204 4.505617e-06
     4032.6924 6.151964e-06
     4033.3646 6.346582e-06
     4034.0369 5.137241e-06
     4034.7093 5.448993e-06
     4035.3818 6.182074e-06
     4036.0544 8.076400e-06
     4036.7271 9.579445e-06
     4037.4000 1.103887e-05
     4038.0729 1.218367e-05
     4038.7460 1.264413e-05
     4039.4192 1.218065e-05
     4040.0925 1.203707e-05
     4040.7659 1.197533e-05
     4041.4394 1.022233e-05
     4042.1130 9.276938e-06
     4042.7868 9.681098e-06
     4043.4606 1.143237e-05
     4044.1346 1.118190e-05
     4044.8087 8.277105e-06
     4045.4828 5.690383e-06
     4046.1571 4.095676e-06
     4046.8316 2.911706e-06
     4047.5061 4.271927e-06
     4048.1807 6.905402e-06
     4048.8555 8.637352e-06
     4049.5304 8.482547e-06
     4050.2053 8.418836e-06
     4050.8804 9.899646e-06
     4051.5556 1.100319e-05
     4052.2309 1.123444e-05
     4052.9064 1.126066e-05
     4053.5819 1.022689e-05
     4054.2576 1.048397e-05
     4054.9333 9.884252e-06
     4055.6092 8.165932e-06
     4056.2852 8.264163e-06
     4056.9613 1.030401e-05
     4057.6375 1.084387e-05
     4058.3138 8.115091e-06
     4058.9903 6.730519e-06
     4059.6668 7.796124e-06
     4060.3435 8.492580e-06
     4061.0203 1.024267e-05
     4061.6972 1.159434e-05
     4062.3742 1.077568e-05
     4063.0513 8.874317e-06
     4063.7285 6.634536e-06
     4064.4059 4.164184e-06
     4065.0833 3.977250e-06
     4065.7609 6.460640e-06
     4066.4386 7.767789e-06
     4067.1164 8.016390e-06
     4067.7943 7.683794e-06
     4068.4723 7.759807e-06
     4069.1505 8.616373e-06
     4069.8287 1.005881e-05
     4070.5071 1.058718e-05
     4071.1855 9.216093e-06
     4071.8641 6.428297e-06
     4072.5428 4.390211e-06
     4073.2216 5.069055e-06
     4073.9006 8.462334e-06
     4074.5796 1.136462e-05
     4075.2588 1.205822e-05
     4075.9380 1.106520e-05
     4076.6174 1.062337e-05
     4077.2969 7.779137e-06
     4077.9765 5.348712e-06
     4078.6562 5.710917e-06
     4079.3361 7.258362e-06
     4080.0160 8.338540e-06
     4080.6961 9.088781e-06
     4081.3762 1.130664e-05
     4082.0565 1.219132e-05
     4082.7369 1.150320e-05
     4083.4174 9.961992e-06
     4084.0981 9.409246e-06
     4084.7788 9.395582e-06
     4085.4597 9.551889e-06
     4086.1406 9.571702e-06
     4086.8217 1.014621e-05
     4087.5029 1.086070e-05
     4088.1842 1.256013e-05
     4088.8656 1.474767e-05
     4089.5472 1.461892e-05
     4090.2288 1.346782e-05
     4090.9106 1.254633e-05
     4091.5924 1.184001e-05
     4092.2744 1.296377e-05
     4092.9565 1.164070e-05
     4093.6388 9.163794e-06
     4094.3211 1.211472e-05
     4095.0035 1.463587e-05
     4095.6861 1.234258e-05
     4096.3688 9.648471e-06
     4097.0515 8.413931e-06
     4097.7344 8.149483e-06
     4098.4175 8.770834e-06
     4099.1006 8.564746e-06
     4099.7838 8.645955e-06
     4100.4672 9.205099e-06
     4101.1506 7.897689e-06
     4101.8342 6.564034e-06
     4102.5179 6.189454e-06
     4103.2017 6.921249e-06
     4103.8857 8.124052e-06
     4104.5697 9.281042e-06
     4105.2538 8.891570e-06
     4105.9381 9.001271e-06
     4106.6225 1.227285e-05
     4107.3070 1.275666e-05
     4107.9916 1.046836e-05
     4108.6763 9.347707e-06
     4109.3611 9.404081e-06
     4110.0461 1.011806e-05
     4110.7312 1.014484e-05
     4111.4163 1.014315e-05
     4112.1016 9.845159e-06
     4112.7870 8.923433e-06
     4113.4726 8.291770e-06
     4114.1582 9.199842e-06
     4114.8440 1.123253e-05
     4115.5298 1.150998e-05
     4116.2158 1.050905e-05
     4116.9019 1.095314e-05
     4117.5881 1.074087e-05
     4118.2744 1.132314e-05
     4118.9609 1.049438e-05
     4119.6474 8.066339e-06
     4120.3341 7.840850e-06
     4121.0208 8.783282e-06
     4121.7077 9.381885e-06
     4122.3948 8.901007e-06
     4123.0819 8.367563e-06
     4123.7691 8.452933e-06
     4124.4565 7.509362e-06
     4125.1439 8.457967e-06
     4125.8315 1.047609e-05
     4126.5192 1.029566e-05
     4127.2070 9.961951e-06
     4127.8949 1.049624e-05
     4128.5830 8.667415e-06
     4129.2711 7.881407e-06
     4129.9594 9.745154e-06
     4130.6478 9.993186e-06
     4131.3363 9.710576e-06
     4132.0249 9.341178e-06
     4132.7136 7.484591e-06
     4133.4025 6.107420e-06
     4134.0914 7.604890e-06
     4134.7805 7.638796e-06
     4135.4697 6.092307e-06
     4136.1590 8.112285e-06
     4136.8484 1.054851e-05
     4137.5379 1.008380e-05
     4138.2276 9.151242e-06
     4138.9174 9.915051e-06
     4139.6072 1.085014e-05
     4140.2972 1.071773e-05
     4140.9873 1.003311e-05
     4141.6776 9.923318e-06
     4142.3679 1.002267e-05
     4143.0583 8.069967e-06
     4143.7489 5.620165e-06
     4144.4396 4.326804e-06
     4145.1304 4.601735e-06
     4145.8213 7.099174e-06
     4146.5123 9.052977e-06
     4147.2035 9.883183e-06
     4147.8947 1.027193e-05
     4148.5861 9.471540e-06
     4149.2776 9.916153e-06
     4149.9692 9.522405e-06
     4150.6609 8.046379e-06
     4151.3528 7.531191e-06
     4152.0447 7.947806e-06
     4152.7368 8.647675e-06
     4153.4289 8.405043e-06
     4154.1212 8.542772e-06
     4154.8137 7.476566e-06
     4155.5062 6.906155e-06
     4156.1988 9.371505e-06
     4156.8916 1.047672e-05
     4157.5845 8.238855e-06
     4158.2774 7.758930e-06
     4158.9705 9.660569e-06
     4159.6638 1.089049e-05
     4160.3571 1.026828e-05
     4161.0505 9.398074e-06
     4161.7441 9.125185e-06
     4162.4378 8.692227e-06
     4163.1316 9.428934e-06
     4163.8255 1.086637e-05
     4164.5195 1.097257e-05
     4165.2137 9.682537e-06
     4165.9079 8.113492e-06
     4166.6023 8.491506e-06
     4167.2968 9.798629e-06
     4167.9914 8.296015e-06
     4168.6861 7.028477e-06
     4169.3810 8.494108e-06
     4170.0759 9.191571e-06
     4170.7710 9.160535e-06
     4171.4662 1.012472e-05
     4172.1615 9.509907e-06
     4172.8569 7.063347e-06
     4173.5524 5.938969e-06
     4174.2481 6.415297e-06
     4174.9439 7.053523e-06
     4175.6397 7.658160e-06
     4176.3357 7.980447e-06
     4177.0319 8.304486e-06
     4177.7281 8.286785e-06
     4178.4244 7.395329e-06
     4179.1209 6.325576e-06
     4179.8175 6.281344e-06
     4180.5142 7.455426e-06
     4181.2110 8.961117e-06
     4181.9079 8.490611e-06
     4182.6049 7.767364e-06
     4183.3021 7.906653e-06
     4183.9994 7.701340e-06
     4184.6968 7.280085e-06
     4185.3943 8.144832e-06
     4186.0919 1.039666e-05
     4186.7896 1.182799e-05
     4187.4875 1.009507e-05
     4188.1855 7.220124e-06
     4188.8836 6.732718e-06
     4189.5818 8.677405e-06
     4190.2801 9.953668e-06
     4190.9785 9.993769e-06
     4191.6771 9.447544e-06
     4192.3758 7.870420e-06
     4193.0745 7.595919e-06
     4193.7734 1.016400e-05
     4194.4725 1.082809e-05
     4195.1716 1.018757e-05
     4195.8709 8.941007e-06
     4196.5702 7.206267e-06
     4197.2697 6.287770e-06
     4197.9693 7.194900e-06
     4198.6690 8.926884e-06
     4199.3689 7.076593e-06
     4200.0688 6.169737e-06
     4200.7689 7.876632e-06
     4201.4691 8.187653e-06
     4202.1694 7.516214e-06
     4202.8698 6.588301e-06
     4203.5703 6.703667e-06
     4204.2710 8.257809e-06
     4204.9718 8.547573e-06
     4205.6727 8.746494e-06
     4206.3737 9.095259e-06
     4207.0748 1.019824e-05
     4207.7760 1.040288e-05
     4208.4774 1.104406e-05
     4209.1788 1.130909e-05
     4209.8804 1.056038e-05
     4210.5821 1.005483e-05
     4211.2840 8.842186e-06
     4211.9859 9.237285e-06
     4212.6879 9.711402e-06
     4213.3901 9.276393e-06
     4214.0924 8.770579e-06
     4214.7948 8.066700e-06
     4215.4973 7.812320e-06
     4216.2000 6.810999e-06
     4216.9027 5.152058e-06
     4217.6056 6.304302e-06
     4218.3086 9.304246e-06
     4219.0117 1.122001e-05
     4219.7149 1.141702e-05
     4220.4183 1.021373e-05
     4221.1218 1.019683e-05
     4221.8253 1.177952e-05
     4222.5290 1.164305e-05
     4223.2328 9.881100e-06
     4223.9368 9.052806e-06
     4224.6408 8.345975e-06
     4225.3450 6.922900e-06
     4226.0493 5.595322e-06
     4226.7537 4.073490e-06
     4227.4582 2.380946e-06
     4228.1628 2.112998e-06
     4228.8676 4.163958e-06
     4229.5724 6.948007e-06
     4230.2774 8.202600e-06
     4230.9825 8.951628e-06
     4231.6878 1.051152e-05
     4232.3931 1.135160e-05
     4233.0986 1.079449e-05
     4233.8041 8.723381e-06
     4234.5098 7.466695e-06
     4235.2156 8.551571e-06
     4235.9216 9.017621e-06
     4236.6276 7.040534e-06
     4237.3338 6.993606e-06
     4238.0401 8.681061e-06
     4238.7465 9.458544e-06
     4239.4530 9.859377e-06
     4240.1596 9.799712e-06
     4240.8664 9.273230e-06
     4241.5732 9.700303e-06
     4242.2802 1.138834e-05
     4242.9873 1.142149e-05
     4243.6945 1.017371e-05
     4244.4019 1.074661e-05
     4245.1093 1.276631e-05
     4245.8169 1.437479e-05
     4246.5246 1.340015e-05
     4247.2324 1.175225e-05
     4247.9404 1.014335e-05
     4248.6484 8.954931e-06
     4249.3566 8.598028e-06
     4250.0649 9.604890e-06
     4250.7733 9.074098e-06
     4251.4818 6.637607e-06
     4252.1904 7.396250e-06
     4252.8992 1.023151e-05
     4253.6081 1.144369e-05
     4254.3171 1.059799e-05
     4255.0262 7.400152e-06
     4255.7354 6.060508e-06
     4256.4447 7.240801e-06
     4257.1542 9.172473e-06
     4257.8638 1.289040e-05
     4258.5735 1.393314e-05
     4259.2833 1.059828e-05
     4259.9933 8.924594e-06
     4260.7033 8.792048e-06
     4261.4135 6.571623e-06
     4262.1238 6.665796e-06
     4262.8342 8.457614e-06
     4263.5447 1.104854e-05
     4264.2554 1.296318e-05
     4264.9662 1.294585e-05
     4265.6770 1.315367e-05
     4266.3880 1.340941e-05
     4267.0992 1.269736e-05
     4267.8104 1.248892e-05
     4268.5218 1.160375e-05
     4269.2333 9.922912e-06
     4269.9449 9.525854e-06
     4270.6566 9.616174e-06
     4271.3684 8.142020e-06
     4272.0804 5.711980e-06
     4272.7924 4.212039e-06
     4273.5046 6.142887e-06
     4274.2169 8.200451e-06
     4274.9294 7.576934e-06
     4275.6419 6.083113e-06
     4276.3546 6.354644e-06
     4277.0674 9.253815e-06
     4277.7803 1.098434e-05
     4278.4933 1.148206e-05
     4279.2064 1.283808e-05
     4279.9197 1.339744e-05
     4280.6331 1.139831e-05
     4281.3466 8.653137e-06
     4282.0602 8.943104e-06
     4282.7739 1.034731e-05
     4283.4878 9.226420e-06
     4284.2017 1.008930e-05
     4284.9158 1.236681e-05
     4285.6301 1.042428e-05
     4286.3444 8.672234e-06
     4287.0588 8.416056e-06
     4287.7734 9.510919e-06
     4288.4881 9.662553e-06
     4289.2029 8.601236e-06
     4289.9178 7.073540e-06
     4290.6329 4.857622e-06
     4291.3480 5.401999e-06
     4292.0633 7.052276e-06
     4292.7787 7.962033e-06
     4293.4942 9.248015e-06
     4294.2099 1.023851e-05
     4294.9257 8.498444e-06
     4295.6415 6.785883e-06
     4296.3575 7.845282e-06
     4297.0737 8.902630e-06
     4297.7899 9.014658e-06
     4298.5062 8.818530e-06
     4299.2227 8.030611e-06
     4299.9393 5.677646e-06
     4300.6560 4.402214e-06
     4301.3729 5.075618e-06
     4302.0898 6.571523e-06
     4302.8069 7.491131e-06
     4303.5241 6.100487e-06
     4304.2414 6.255119e-06
     4304.9588 7.646366e-06
     4305.6764 7.581854e-06
     4306.3941 6.285877e-06
     4307.1119 5.951983e-06
     4307.8298 6.353842e-06
     4308.5478 4.855806e-06
     4309.2660 3.733379e-06
     4309.9842 4.446099e-06
     4310.7026 4.981734e-06
     4311.4211 6.209609e-06
     4312.1398 7.722261e-06
     4312.8585 8.372935e-06
     4313.5774 7.926846e-06
     4314.2964 8.588264e-06
     4315.0155 9.136046e-06
     4315.7347 8.459987e-06
     4316.4541 1.103291e-05
     4317.1735 1.517003e-05
     4317.8931 1.618634e-05
     4318.6128 1.645892e-05
     4319.3327 1.488947e-05
     4320.0526 1.325568e-05
     4320.7727 1.439750e-05
     4321.4929 1.314460e-05
     4322.2132 1.117494e-05
     4322.9336 1.302164e-05
     4323.6541 1.387114e-05
     4324.3748 1.044728e-05
     4325.0956 8.228569e-06
     4325.8165 6.831696e-06
     4326.5375 4.568119e-06
     4327.2587 4.733781e-06
     4327.9800 8.002879e-06
     4328.7014 1.178690e-05
     4329.4229 1.426397e-05
     4330.1445 1.515752e-05
     4330.8662 1.403037e-05
     4331.5881 1.208402e-05
     4332.3101 1.151160e-05
     4333.0322 1.323809e-05
     4333.7545 1.425009e-05
     4334.4768 1.495739e-05
     4335.1993 1.487810e-05
     4335.9219 1.422048e-05
     4336.6446 1.550329e-05
     4337.3674 1.523667e-05
     4338.0904 1.042721e-05
     4338.8134 8.109094e-06
     4339.5366 9.649568e-06
     4340.2600 9.741096e-06
     4340.9834 8.184486e-06
     4341.7070 7.801874e-06
     4342.4306 9.360530e-06
     4343.1544 1.333296e-05
     4343.8784 1.446519e-05
     4344.6024 1.174037e-05
     4345.3266 1.037396e-05
     4346.0508 1.233075e-05
     4346.7752 1.502325e-05
     4347.4998 1.352385e-05
     4348.2244 1.247285e-05
     4348.9492 1.320974e-05
     4349.6741 1.467086e-05
     4350.3991 1.717991e-05
     4351.1242 1.734768e-05
     4351.8494 1.292843e-05
     4352.5748 8.314054e-06
     4353.3003 7.210573e-06
     4354.0259 9.400771e-06
     4354.7516 1.235448e-05
     4355.4775 1.193225e-05
     4356.2035 1.071934e-05
     4356.9296 1.108595e-05
     4357.6558 1.140939e-05
     4358.3821 1.289514e-05
     4359.1086 1.340932e-05
     4359.8351 1.175033e-05
     4360.5618 1.087336e-05
     4361.2887 1.159336e-05
     4362.0156 1.304673e-05
     4362.7427 1.482709e-05
     4363.4699 1.500227e-05
     4364.1972 1.390553e-05
     4364.9246 1.466482e-05
     4365.6521 1.724102e-05
     4366.3798 1.839408e-05
     4367.1076 1.553346e-05
     4367.8355 1.290797e-05
     4368.5635 1.107256e-05
     4369.2917 1.128670e-05
     4370.0200 1.391139e-05
     4370.7484 1.362769e-05
     4371.4769 1.290527e-05
     4372.2055 1.230170e-05
     4372.9343 1.312119e-05
     4373.6632 1.366713e-05
     4374.3922 1.171938e-05
     4375.1213 9.968282e-06
     4375.8505 9.407938e-06
     4376.5799 9.085009e-06
     4377.3094 1.025383e-05
     4378.0390 1.244433e-05
     4378.7688 1.343851e-05
     4379.4986 1.360962e-05
     4380.2286 1.222411e-05
     4380.9587 1.197858e-05
     4381.6889 1.200982e-05
     4382.4192 1.141682e-05
     4383.1497 1.003036e-05
     4383.8803 6.673518e-06
     4384.6110 3.823228e-06
     4385.3418 3.807104e-06
     4386.0728 5.706471e-06
     4386.8039 9.901647e-06
     4387.5351 1.275823e-05
     4388.2664 1.190242e-05
     4388.9978 1.146327e-05
     4389.7294 1.253403e-05
     4390.4611 1.226976e-05
     4391.1929 1.058018e-05
     4391.9248 1.009670e-05
     4392.6568 1.049672e-05
     4393.3890 1.159608e-05
     4394.1213 1.181909e-05
     4394.8537 1.074532e-05
     4395.5862 1.087600e-05
     4396.3189 1.003124e-05
     4397.0517 1.232751e-05
     4397.7846 1.589414e-05
     4398.5176 1.653728e-05
     4399.2508 1.523450e-05
     4399.9840 1.355040e-05
     4400.7174 1.212711e-05
     4401.4509 1.077057e-05
     4402.1846 1.063955e-05
     4402.9183 1.253809e-05
     4403.6522 1.367616e-05
     4404.3862 1.179787e-05
     4405.1203 8.248456e-06
     4405.8546 5.309929e-06
     4406.5890 6.788716e-06
     4407.3235 9.563288e-06
     4408.0581 1.073548e-05
     4408.7928 1.026016e-05
     4409.5277 9.217531e-06
     4410.2626 1.090211e-05
     4410.9978 1.311857e-05
     4411.7330 1.324831e-05
     4412.4683 1.359085e-05
     4413.2038 1.293853e-05
     4413.9394 1.435182e-05
     4414.6751 1.499824e-05
     4415.4110 1.088909e-05
     4416.1469 7.399745e-06
     4416.8830 9.286316e-06
     4417.6192 1.217419e-05
     4418.3555 1.295188e-05
     4419.0920 1.441958e-05
     4419.8286 1.591965e-05
     4420.5653 1.583604e-05
     4421.3021 1.429825e-05
     4422.0390 1.343734e-05
     4422.7761 1.292958e-05
     4423.5133 1.214412e-05
     4424.2506 1.181926e-05
     4424.9881 1.243822e-05
     4425.7256 1.332709e-05
     4426.4633 1.318535e-05
     4427.2011 1.307691e-05
     4427.9390 1.360269e-05
     4428.6771 1.276530e-05
     4429.4153 1.474501e-05
     4430.1536 1.483697e-05
     4430.8920 1.219101e-05
     4431.6305 1.065274e-05
     4432.3692 1.350083e-05
     4433.1080 1.506357e-05
     4433.8469 1.388087e-05
     4434.5859 1.238487e-05
     4435.3251 1.157932e-05
     4436.0644 1.006398e-05
     4436.8038 9.340914e-06
     4437.5433 1.072999e-05
     4438.2829 1.331107e-05
     4439.0227 1.494843e-05
     4439.7626 1.691453e-05
     4440.5026 1.723614e-05
     4441.2428 1.447117e-05
     4441.9831 1.176519e-05
     4442.7235 1.015654e-05
     4443.4640 1.001309e-05
     4444.2046 1.080744e-05
     4444.9454 1.156765e-05
     4445.6863 1.318339e-05
     4446.4273 1.595892e-05
     4447.1684 1.714411e-05
     4447.9097 1.501894e-05
     4448.6510 1.302856e-05
     4449.3925 1.525197e-05
     4450.1342 1.628069e-05
     4450.8759 1.417661e-05
     4451.6178 1.261293e-05
     4452.3598 1.356865e-05
     4453.1019 1.375576e-05
     4453.8442 1.265353e-05
     4454.5865 1.145253e-05
     4455.3290 9.825732e-06
     4456.0716 8.258131e-06
     4456.8144 9.589922e-06
     4457.5572 1.126553e-05
     4458.3002 1.116336e-05
     4459.0433 1.065828e-05
     4459.7866 1.046212e-05
     4460.5299 1.033692e-05
     4461.2734 1.112309e-05
     4462.0170 1.038202e-05
     4462.7608 8.193810e-06
     4463.5046 9.273368e-06
     4464.2486 1.277195e-05
     4464.9927 1.436748e-05
     4465.7369 1.282108e-05
     4466.4813 1.219755e-05
     4467.2257 1.240088e-05
     4467.9703 1.254945e-05
     4468.7151 1.423888e-05
     4469.4599 1.392343e-05
     4470.2049 1.228184e-05
     4470.9500 1.181203e-05
     4471.6952 1.284629e-05
     4472.4406 1.394753e-05
     4473.1860 1.556341e-05
     4473.9316 1.553945e-05
     4474.6773 1.625275e-05
     4475.4232 1.649648e-05
     4476.1691 1.516719e-05
     4476.9152 1.462645e-05
     4477.6614 1.629933e-05
     4478.4078 1.732140e-05
     4479.1542 1.744684e-05
     4479.9008 1.768237e-05
     4480.6475 1.478524e-05
     4481.3944 1.169989e-05
     4482.1413 1.195394e-05
     4482.8884 1.198023e-05
     4483.6356 1.247274e-05
     4484.3830 1.546125e-05
     4485.1304 1.596398e-05
     4485.8780 1.609114e-05
     4486.6257 1.705276e-05
     4487.3736 1.806395e-05
     4488.1215 1.734310e-05
     4488.8696 1.383874e-05
     4489.6178 1.114202e-05
     4490.3661 9.590207e-06
     4491.1146 1.047627e-05
     4491.8632 1.312008e-05
     4492.6119 1.516790e-05
     4493.3607 1.578629e-05
     4494.1097 1.650646e-05
     4494.8588 1.533778e-05
     4495.6080 1.215152e-05
     4496.3573 1.173204e-05
     4497.1067 1.222774e-05
     4497.8563 1.312308e-05
     4498.6060 1.559168e-05
     4499.3559 1.754425e-05
     4500.1058 1.743128e-05
     4500.8559 1.798015e-05
     4501.6061 1.694398e-05
     4502.3564 1.462777e-05
     4503.1069 1.402807e-05
     4503.8575 1.702777e-05
     4504.6082 2.042575e-05
     4505.3590 2.085782e-05
     4506.1100 1.970248e-05
     4506.8610 1.837236e-05
     4507.6122 1.685227e-05
     4508.3636 1.682954e-05
     4509.1150 1.825539e-05
     4509.8666 1.842255e-05
     4510.6183 1.816234e-05
     4511.3702 1.877919e-05
     4512.1221 1.926503e-05
     4512.8742 1.806523e-05
     4513.6264 1.610473e-05
     4514.3787 1.602087e-05
     4515.1312 1.523952e-05
     4515.8838 1.445881e-05
     4516.6365 1.601429e-05
     4517.3893 1.744115e-05
     4518.1423 1.615826e-05
     4518.8954 1.341338e-05
     4519.6486 1.367879e-05
     4520.4019 1.665965e-05
     4521.1554 1.677708e-05
     4521.9090 1.860125e-05
     4522.6627 2.039008e-05
     4523.4165 1.726456e-05
     4524.1705 1.480264e-05
     4524.9246 1.642433e-05
     4525.6788 1.558577e-05
     4526.4331 1.366699e-05
     4527.1876 1.258774e-05
     4527.9422 1.060267e-05
     4528.6969 1.036243e-05
     4529.4518 1.028976e-05
     4530.2067 1.062572e-05
     4530.9618 1.251032e-05
     4531.7171 1.240829e-05
     4532.4724 1.142677e-05
     4533.2279 1.411918e-05
     4533.9835 1.364275e-05
     4534.7392 1.152444e-05
     4535.4951 1.118056e-05
     4536.2511 8.795053e-06
     4537.0072 7.992826e-06
     4537.7634 1.232965e-05
     4538.5197 1.660919e-05
     4539.2762 1.637557e-05
     4540.0328 1.477797e-05
     4540.7896 1.530876e-05
     4541.5464 1.416348e-05
     4542.3034 1.306149e-05
     4543.0605 1.416054e-05
     4543.8178 1.558537e-05
     4544.5751 1.646696e-05
     4545.3326 1.435569e-05
     4546.0903 1.200575e-05
     4546.8480 1.250454e-05
     4547.6059 1.423508e-05
     4548.3639 1.427876e-05
     4549.1220 1.515846e-05
     4549.8802 1.496641e-05
     4550.6386 1.335683e-05
     4551.3971 1.546711e-05
     4552.1557 1.745648e-05
     4552.9145 1.481862e-05
     4553.6734 1.325249e-05
     4554.4324 1.462195e-05
     4555.1915 1.426153e-05
     4555.9508 1.263725e-05
     4556.7102 1.232302e-05
     4557.4697 1.465833e-05
     4558.2293 1.712555e-05
     4558.9891 1.715077e-05
     4559.7490 1.707061e-05
     4560.5090 1.840006e-05
     4561.2692 1.739667e-05
     4562.0294 1.648259e-05
     4562.7898 1.742772e-05
     4563.5504 1.863874e-05
     4564.3110 1.727677e-05
     4565.0718 1.517184e-05
     4565.8327 1.469053e-05
     4566.5938 1.337654e-05
     4567.3549 1.379346e-05
     4568.1162 1.598369e-05
     4568.8776 1.856571e-05
     4569.6392 1.765565e-05
     4570.4008 1.640763e-05
     4571.1626 1.682438e-05
     4571.9246 1.476708e-05
     4572.6866 1.201086e-05
     4573.4488 1.371080e-05
     4574.2111 1.800041e-05
     4574.9735 1.935337e-05
     4575.7361 1.748418e-05
     4576.4988 1.680620e-05
     4577.2616 1.688184e-05
     4578.0245 1.655816e-05
     4578.7876 1.704141e-05
     4579.5508 1.578449e-05
     4580.3141 1.364384e-05
     4581.0776 1.254155e-05
     4581.8411 1.202650e-05
     4582.6048 1.341387e-05
     4583.3687 1.600831e-05
     4584.1326 1.581747e-05
     4584.8967 1.405562e-05
     4585.6609 1.301374e-05
     4586.4253 1.261911e-05
     4587.1897 1.220361e-05
     4587.9543 1.444629e-05
     4588.7191 1.701741e-05
     4589.4839 1.805305e-05
     4590.2489 1.777186e-05
     4591.0140 1.657836e-05
     4591.7792 1.500706e-05
     4592.5446 1.322094e-05
     4593.3101 1.254572e-05
     4594.0757 1.391918e-05
     4594.8414 1.520054e-05
     4595.6073 1.401980e-05
     4596.3733 1.221318e-05
     4597.1394 1.265117e-05
     4597.9057 1.463519e-05
     4598.6721 1.405071e-05
     4599.4386 1.353408e-05
     4600.2052 1.537168e-05
     4600.9720 1.497239e-05
     4601.7389 1.206385e-05
     4602.5059 1.246135e-05
     4603.2730 1.392811e-05
     4604.0403 1.355602e-05
     4604.8077 1.319265e-05
     4605.5752 1.193512e-05
     4606.3429 1.181706e-05
     4607.1107 1.356340e-05
     4607.8786 1.472406e-05
     4608.6466 1.450564e-05
     4609.4148 1.726351e-05
     4610.1831 1.907696e-05
     4610.9515 1.842676e-05
     4611.7201 1.783681e-05
     4612.4888 1.599642e-05
     4613.2576 1.614864e-05
     4614.0265 1.549787e-05
     4614.7956 1.386211e-05
     4615.5648 1.505926e-05
     4616.3341 1.611334e-05
     4617.1036 1.508290e-05
     4617.8732 1.612355e-05
     4618.6429 1.886176e-05
     4619.4127 2.003488e-05
     4620.1827 1.731877e-05
     4620.9528 1.441445e-05
     4621.7230 1.420286e-05
     4622.4933 1.546714e-05
     4623.2638 1.571175e-05
     4624.0344 1.553130e-05
     4624.8052 1.752375e-05
     4625.5760 1.794232e-05
     4626.3470 1.703015e-05
     4627.1182 1.567588e-05
     4627.8894 1.517090e-05
     4628.6608 1.612580e-05
     4629.4323 1.705853e-05
     4630.2039 1.673739e-05
     4630.9757 1.635868e-05
     4631.7476 1.842839e-05
     4632.5196 1.965635e-05
     4633.2918 1.811557e-05
     4634.0640 1.534137e-05
     4634.8364 1.460363e-05
     4635.6090 1.538538e-05
     4636.3816 1.589148e-05
     4637.1544 1.653317e-05
     4637.9274 1.678252e-05
     4638.7004 1.423637e-05
     4639.4736 1.464339e-05
     4640.2469 1.604152e-05
     4641.0203 1.473405e-05
     4641.7939 1.585300e-05
     4642.5676 1.741708e-05
     4643.3414 1.783063e-05
     4644.1154 1.813917e-05
     4644.8895 1.836199e-05
     4645.6637 1.929719e-05
     4646.4380 1.816961e-05
     4647.2125 1.488245e-05
     4647.9871 1.355688e-05
     4648.7618 1.448945e-05
     4649.5367 1.486796e-05
     4650.3117 1.480946e-05
     4651.0868 1.598961e-05
     4651.8620 1.685402e-05
     4652.6374 1.532019e-05
     4653.4129 1.463974e-05
     4654.1886 1.634063e-05
     4654.9643 1.649549e-05
     4655.7402 1.527038e-05
     4656.5162 1.621302e-05
     4657.2924 1.571296e-05
     4658.0687 1.487056e-05
     4658.8451 1.628144e-05
     4659.6216 1.911871e-05
     4660.3983 2.034005e-05
     4661.1751 1.978453e-05
     4661.9520 1.783366e-05
     4662.7291 1.593713e-05
     4663.5062 1.596225e-05
     4664.2836 1.580091e-05
     4665.0610 1.498468e-05
     4665.8386 1.540452e-05
     4666.6163 1.604095e-05
     4667.3941 1.440992e-05
     4668.1721 1.135723e-05
     4668.9502 9.997050e-06
     4669.7284 1.188488e-05
     4670.5068 1.451345e-05
     4671.2852 1.638597e-05
     4672.0638 1.829720e-05
     4672.8426 1.891025e-05
     4673.6215 1.693685e-05
     4674.4005 1.574289e-05
     4675.1796 1.591794e-05
     4675.9589 1.510807e-05
     4676.7382 1.678980e-05
     4677.5178 1.882983e-05
     4678.2974 1.788711e-05
     4679.0772 1.711142e-05
     4679.8571 1.638507e-05
     4680.6372 1.497167e-05
     4681.4173 1.365874e-05
     4682.1976 1.392707e-05
     4682.9781 1.376301e-05
     4683.7586 1.473935e-05
     4684.5393 1.732920e-05
     4685.3201 1.709605e-05
     4686.1011 1.582619e-05
     4686.8822 1.651338e-05
     4687.6634 1.699348e-05
     4688.4447 1.586869e-05
     4689.2262 1.561393e-05
     4690.0078 1.716846e-05
     4690.7895 1.752401e-05
     4691.5714 1.648187e-05
     4692.3534 1.568834e-05
     4693.1355 1.653509e-05
     4693.9178 1.665612e-05
     4694.7002 1.674489e-05
     4695.4827 1.781340e-05
     4696.2653 1.861312e-05
     4697.0481 1.930894e-05
     4697.8310 1.844153e-05
     4698.6140 1.802366e-05
     4699.3972 1.679057e-05
     4700.1805 1.494215e-05
     4700.9639 1.603127e-05
     4701.7475 1.546035e-05
     4702.5312 1.471992e-05
     4703.3150 1.550353e-05
     4704.0989 1.447702e-05
     4704.8830 1.505479e-05
     4705.6672 1.752621e-05
     4706.4516 1.815514e-05
     4707.2361 1.755326e-05
     4708.0207 1.567833e-05
     4708.8054 1.475767e-05
     4709.5903 1.571473e-05
     4710.3753 1.530537e-05
     4711.1604 1.460797e-05
     4711.9456 1.593615e-05
     4712.7310 1.768145e-05
     4713.5166 1.896927e-05
     4714.3022 1.920602e-05
     4715.0880 1.569624e-05
     4715.8739 1.351795e-05
     4716.6600 1.472419e-05
     4717.4461 1.676916e-05
     4718.2324 1.771119e-05
     4719.0189 1.727755e-05
     4719.8054 1.719810e-05
     4720.5921 1.819460e-05
     4721.3790 1.977152e-05
     4722.1659 1.963411e-05
     4722.9530 1.832696e-05
     4723.7403 1.640179e-05
     4724.5276 1.704218e-05
     4725.3151 2.000617e-05
     4726.1027 2.120749e-05
     4726.8905 2.088641e-05
     4727.6783 1.912643e-05
     4728.4664 1.575581e-05
     4729.2545 1.397725e-05
     4730.0428 1.409663e-05
     4730.8312 1.406362e-05
     4731.6197 1.500252e-05
     4732.4084 1.478338e-05
     4733.1972 1.449811e-05
     4733.9861 1.645190e-05
     4734.7752 1.647228e-05
     4735.5644 1.684532e-05
     4736.3537 1.878177e-05
     4737.1432 1.773691e-05
     4737.9327 1.483031e-05
     4738.7225 1.511513e-05
     4739.5123 1.824923e-05
     4740.3023 1.804857e-05
     4741.0924 1.692421e-05
     4741.8827 1.624760e-05
     4742.6731 1.568322e-05
     4743.4636 1.638058e-05
     4744.2542 1.751854e-05
     4745.0450 1.842220e-05
     4745.8359 1.709379e-05
     4746.6269 1.673560e-05
     4747.4181 1.813835e-05
     4748.2094 1.914194e-05
     4749.0008 1.955183e-05
     4749.7924 1.980782e-05
     4750.5841 1.791259e-05
     4751.3759 1.839219e-05
     4752.1679 1.966874e-05
     4752.9600 1.843320e-05
     4753.7522 1.833631e-05
     4754.5446 1.898065e-05
     4755.3371 1.752200e-05
     4756.1297 1.797655e-05
     4756.9224 1.826584e-05
     4757.7153 1.701856e-05
     4758.5083 1.726806e-05
     4759.3015 1.744157e-05
     4760.0948 1.776234e-05
     4760.8882 1.801008e-05
     4761.6817 1.861514e-05
     4762.4754 1.798647e-05
     4763.2692 1.631457e-05
     4764.0632 1.664296e-05
     4764.8572 1.807948e-05
     4765.6515 1.736868e-05
     4766.4458 1.683800e-05
     4767.2403 1.489599e-05
     4768.0349 1.477659e-05
     4768.8296 1.648025e-05
     4769.6245 1.601591e-05
     4770.4195 1.727921e-05
     4771.2146 1.905720e-05
     4772.0099 1.888641e-05
     4772.8053 1.696382e-05
     4773.6008 1.562913e-05
     4774.3965 1.638452e-05
     4775.1923 1.927971e-05
     4775.9882 2.012441e-05
     4776.7843 1.828521e-05
     4777.5805 1.746023e-05
     4778.3768 1.917999e-05
     4779.1733 1.952774e-05
     4779.9699 1.908595e-05
     4780.7666 1.812310e-05
     4781.5635 1.826000e-05
     4782.3605 1.813391e-05
     4783.1576 1.733028e-05
     4783.9548 1.657676e-05
     4784.7522 1.572818e-05
     4785.5498 1.775870e-05
     4786.3474 1.847940e-05
     4787.1452 1.664029e-05
     4787.9431 1.464402e-05
     4788.7412 1.551730e-05
     4789.5394 1.616421e-05
     4790.3377 1.502991e-05
     4791.1362 1.479330e-05
     4791.9348 1.585233e-05
     4792.7335 1.646277e-05
     4793.5323 1.624337e-05
     4794.3313 1.729101e-05
     4795.1304 1.925430e-05
     4795.9297 2.031263e-05
     4796.7291 2.015732e-05
     4797.5286 1.808047e-05
     4798.3283 1.737114e-05
     4799.1280 1.645883e-05
     4799.9280 1.572303e-05
     4800.7280 1.592007e-05
     4801.5282 1.525860e-05
     4802.3285 1.558871e-05
     4803.1290 1.714297e-05
     4803.9296 1.796694e-05
     4804.7303 1.908678e-05
     4805.5312 1.946397e-05
     4806.3321 1.796892e-05
     4807.1333 1.746845e-05
     4807.9345 1.735669e-05
     4808.7359 1.610799e-05
     4809.5374 1.551904e-05
     4810.3391 1.634135e-05
     4811.1409 1.760460e-05
     4811.9428 1.752614e-05
     4812.7449 1.787612e-05
     4813.5471 1.806104e-05
     4814.3494 1.778813e-05
     4815.1518 1.767158e-05
     4815.9544 1.706425e-05
     4816.7572 1.625955e-05
     4817.5600 1.673439e-05
     4818.3630 1.849528e-05
     4819.1661 1.913278e-05
     4819.9694 1.909974e-05
     4820.7728 1.891817e-05
     4821.5763 1.828339e-05
     4822.3800 1.803910e-05
     4823.1838 1.805628e-05
     4823.9877 1.646492e-05
     4824.7918 1.485698e-05
     4825.5960 1.612071e-05
     4826.4003 1.833432e-05
     4827.2048 1.945260e-05
     4828.0094 1.915508e-05
     4828.8141 1.788180e-05
     4829.6190 1.778855e-05
     4830.4240 1.748432e-05
     4831.2291 1.941494e-05
     4832.0344 1.965818e-05
     4832.8398 1.691879e-05
     4833.6453 1.570645e-05
     4834.4510 1.701053e-05
     4835.2568 1.819645e-05
     4836.0628 1.777447e-05
     4836.8688 1.681765e-05
     4837.6751 1.741192e-05
     4838.4814 1.944201e-05
     4839.2879 1.845344e-05
     4840.0945 1.616742e-05
     4840.9012 1.465455e-05
     4841.7081 1.542172e-05
     4842.5152 1.752970e-05
     4843.3223 1.755807e-05
     4844.1296 1.502110e-05
     4844.9370 1.379088e-05
     4845.7446 1.569604e-05
     4846.5523 1.648085e-05
     4847.3601 1.568382e-05
     4848.1680 1.610523e-05
     4848.9761 1.684091e-05
     4849.7844 1.661371e-05
     4850.5927 1.795750e-05
     4851.4012 1.997011e-05
     4852.2099 1.869094e-05
     4853.0186 1.575546e-05
     4853.8275 1.638201e-05
     4854.6366 1.861339e-05
     4855.4458 1.825812e-05
     4856.2551 1.515822e-05
     4857.0645 1.410098e-05
     4857.8741 1.682129e-05
     4858.6838 1.812876e-05
     4859.4936 1.780616e-05
     4860.3036 1.620571e-05
     4861.1138 1.431384e-05
     4861.9240 1.338135e-05
     4862.7344 1.275095e-05
     4863.5449 1.464303e-05
     4864.3556 1.572988e-05
     4865.1664 1.464122e-05
     4865.9773 1.541415e-05
     4866.7884 1.720891e-05
     4867.5996 1.748619e-05
     4868.4109 1.694992e-05
     4869.2224 1.505638e-05
     4870.0340 1.603648e-05
     4870.8457 1.757295e-05
     4871.6576 1.568890e-05
     4872.4696 1.229464e-05
     4873.2817 1.217514e-05
     4874.0940 1.475917e-05
     4874.9064 1.603053e-05
     4875.7190 1.626450e-05
     4876.5317 1.526203e-05
     4877.3445 1.560308e-05
     4878.1575 1.786589e-05
     4878.9706 1.748818e-05
     4879.7838 1.741998e-05
     4880.5971 2.040559e-05
     4881.4106 2.040116e-05
     4882.2243 1.765685e-05
     4883.0381 1.551644e-05
     4883.8520 1.728877e-05
     4884.6660 1.919541e-05
     4885.4802 1.879946e-05
     4886.2945 1.623891e-05
     4887.1089 1.386424e-05
     4887.9235 1.350382e-05
     4888.7383 1.361308e-05
     4889.5531 1.408169e-05
     4890.3681 1.506795e-05
     4891.1832 1.649487e-05
     4891.9985 1.287888e-05
     4892.8139 1.150672e-05
     4893.6294 1.551495e-05
     4894.4451 1.819015e-05
     4895.2609 2.027491e-05
     4896.0769 2.207497e-05
     4896.8929 2.265101e-05
     4897.7092 2.199053e-05
     4898.5255 2.178654e-05
     4899.3420 2.173582e-05
     4900.1586 2.046949e-05
     4900.9754 1.735077e-05
     4901.7923 1.663242e-05
     4902.6093 1.804716e-05
     4903.4265 1.818201e-05
     4904.2438 1.652627e-05
     4905.0612 1.577352e-05
     4905.8788 1.738421e-05
     4906.6965 2.015578e-05
     4907.5144 2.091041e-05
     4908.3324 1.804400e-05
     4909.1505 1.565186e-05
     4909.9688 1.594351e-05
     4910.7872 1.584130e-05
     4911.6057 1.475874e-05
     4912.4244 1.542293e-05
     4913.2432 1.649708e-05
     4914.0621 1.797369e-05
     4914.8812 1.822857e-05
     4915.7004 1.905447e-05
     4916.5197 2.016375e-05
     4917.3392 2.057403e-05
     4918.1589 2.004779e-05
     4918.9786 1.772498e-05
     4919.7985 1.439071e-05
     4920.6186 1.261457e-05
     4921.4387 1.161134e-05
     4922.2590 1.264864e-05
     4923.0795 1.581579e-05
     4923.9001 1.793699e-05
     4924.7208 1.878597e-05
     4925.5416 1.680187e-05
     4926.3626 1.544603e-05
     4927.1838 1.725867e-05
     4928.0050 1.896910e-05
     4928.8264 1.795794e-05
     4929.6480 1.869371e-05
     4930.4696 2.063512e-05
     4931.2915 1.959654e-05
     4932.1134 1.987880e-05
     4932.9355 2.113643e-05
     4933.7577 1.964532e-05
     4934.5801 1.568540e-05
     4935.4026 1.490247e-05
     4936.2252 1.843186e-05
     4937.0480 1.918338e-05
     4937.8709 1.763189e-05
     4938.6939 1.548463e-05
     4939.5171 1.337857e-05
     4940.3404 1.327229e-05
     4941.1639 1.627170e-05
     4941.9875 1.940763e-05
     4942.8112 1.938432e-05
     4943.6351 1.848664e-05
     4944.4591 1.962845e-05
     4945.2833 2.031850e-05
     4946.1075 1.881332e-05
     4946.9320 1.720883e-05
     4947.7565 1.765039e-05
     4948.5812 1.916798e-05
     4949.4060 1.948192e-05
     4950.2310 2.027508e-05
     4951.0561 1.997946e-05
     4951.8814 2.032138e-05
     4952.7067 2.142414e-05
     4953.5323 2.034571e-05
     4954.3579 1.791387e-05
     4955.1837 1.710366e-05
     4956.0097 1.814529e-05
     4956.8357 1.880544e-05
     4957.6619 1.662782e-05
     4958.4883 1.151640e-05
     4959.3148 1.075831e-05
     4960.1414 1.549694e-05
     4960.9681 1.851247e-05
     4961.7950 1.908466e-05
     4962.6221 1.903411e-05
     4963.4492 1.825813e-05
     4964.2766 1.840973e-05
     4965.1040 1.860074e-05
     4965.9316 1.680277e-05
     4966.7593 1.533558e-05
     4967.5872 1.562459e-05
     4968.4152 1.611493e-05
     4969.2433 1.509964e-05
     4970.0716 1.564669e-05
     4970.9000 1.712259e-05
     4971.7286 1.611779e-05
     4972.5573 1.637167e-05
     4973.3861 1.802524e-05
     4974.2150 1.843204e-05
     4975.0442 1.844213e-05
     4975.8734 1.875740e-05
     4976.7028 1.853525e-05
     4977.5323 1.825385e-05
     4978.3620 1.856965e-05
     4979.1917 1.664010e-05
     4980.0217 1.435569e-05
     4980.8518 1.399258e-05
     4981.6820 1.451888e-05
     4982.5123 1.518592e-05
     4983.3428 1.309238e-05
     4984.1734 1.177136e-05
     4985.0042 1.234011e-05
     4985.8351 1.387940e-05
     4986.6661 1.386350e-05
     4987.4973 1.455500e-05
     4988.3286 1.660589e-05
     4989.1601 1.695671e-05
     4989.9917 1.623664e-05
     4990.8234 1.776093e-05
     4991.6553 1.835626e-05
     4992.4873 1.561785e-05
     4993.3195 1.643342e-05
     4994.1518 1.765921e-05
     4994.9842 1.585590e-05
     4995.8167 1.524600e-05
     4996.6495 1.609150e-05
     4997.4823 1.620263e-05
     4998.3153 1.502901e-05
     4999.1484 1.506296e-05
     4999.9817 1.547236e-05
     5000.8151 1.438818e-05
     5001.6486 1.413928e-05
     5002.4823 1.490374e-05
     5003.3161 1.452795e-05
     5004.1501 1.514980e-05
     5004.9841 1.588504e-05
     5005.8184 1.540889e-05
     5006.6528 1.408591e-05
     5007.4873 1.273880e-05
     5008.3219 1.345104e-05
     5009.1567 1.503220e-05
     5009.9916 1.691376e-05
     5010.8267 1.627361e-05
     5011.6619 1.587758e-05
     5012.4973 1.624863e-05
     5013.3327 1.444163e-05
     5014.1684 1.430578e-05
     5015.0041 1.423014e-05
     5015.8400 1.337395e-05
     5016.6761 1.454174e-05
     5017.5123 1.493890e-05
     5018.3486 1.524753e-05
     5019.1850 1.504722e-05
     5020.0216 1.511648e-05
     5020.8584 1.513199e-05
     5021.6953 1.463888e-05
     5022.5323 1.449124e-05
     5023.3694 1.278728e-05
     5024.2067 1.356412e-05
     5025.0442 1.663913e-05
     5025.8818 1.730634e-05
     5026.7195 1.643332e-05
     5027.5573 1.697570e-05
     5028.3953 1.565207e-05
     5029.2335 1.471913e-05
     5030.0717 1.704608e-05
     5030.9101 1.795569e-05
     5031.7487 1.740055e-05
     5032.5874 1.782526e-05
     5033.4262 1.952698e-05
     5034.2652 2.098334e-05
     5035.1043 2.027652e-05
     5035.9436 1.757087e-05
     5036.7830 1.415246e-05
     5037.6225 1.305946e-05
     5038.4622 1.645744e-05
     5039.3020 1.738641e-05
     5040.1419 1.546007e-05
     5040.9820 1.420421e-05
     5041.8223 1.192551e-05
     5042.6626 1.019851e-05
     5043.5032 1.301831e-05
     5044.3438 1.662202e-05
     5045.1846 1.746970e-05
     5046.0255 1.857157e-05
     5046.8666 1.884143e-05
     5047.7078 1.826019e-05
     5048.5492 1.749552e-05
     5049.3907 1.533236e-05
     5050.2323 1.378167e-05
     5051.0741 1.416684e-05
     5051.9160 1.564363e-05
     5052.7581 1.578342e-05
     5053.6003 1.647079e-05
     5054.4426 1.803636e-05
     5055.2851 1.883731e-05
     5056.1277 1.867466e-05
     5056.9704 1.760937e-05
     5057.8133 1.680556e-05
     5058.6564 1.719441e-05
     5059.4996 1.861387e-05
     5060.3429 1.962860e-05
     5061.1863 1.869379e-05
     5062.0299 1.954955e-05
     5062.8737 1.988591e-05
     5063.7176 1.932514e-05
     5064.5616 1.864724e-05
     5065.4058 1.592014e-05
     5066.2501 1.304312e-05
     5067.0945 1.495671e-05
     5067.9391 1.709464e-05
     5068.7838 1.565289e-05
     5069.6287 1.467112e-05
     5070.4737 1.530001e-05
     5071.3188 1.664029e-05
     5072.1641 1.701313e-05
     5073.0096 1.552604e-05
     5073.8551 1.463364e-05
     5074.7009 1.700527e-05
     5075.5467 1.899158e-05
     5076.3927 1.801592e-05
     5077.2388 1.596438e-05
     5078.0851 1.586741e-05
     5078.9315 1.836023e-05
     5079.7781 1.766425e-05
     5080.6248 1.341546e-05
     5081.4716 1.163593e-05
     5082.3186 1.284084e-05
     5083.1657 1.449605e-05
     5084.0130 1.434457e-05
     5084.8604 1.396225e-05
     5085.7080 1.438774e-05
     5086.5556 1.419447e-05
     5087.4035 1.411324e-05
     5088.2514 1.390702e-05
     5089.0996 1.534943e-05
     5089.9478 1.563179e-05
     5090.7962 1.554713e-05
     5091.6447 1.461816e-05
     5092.4934 1.241192e-05
     5093.3422 1.297499e-05
     5094.1912 1.623116e-05
     5095.0403 1.780642e-05
     5095.8896 1.678466e-05
     5096.7389 1.563188e-05
     5097.5885 1.456657e-05
     5098.4381 1.392468e-05
     5099.2879 1.346186e-05
     5100.1379 1.079254e-05
     5100.9880 1.112051e-05
     5101.8382 1.416278e-05
     5102.6886 1.633361e-05
     5103.5391 1.731370e-05
     5104.3898 1.685661e-05
     5105.2406 1.642529e-05
     5106.0915 1.576239e-05
     5106.9426 1.579570e-05
     5107.7938 1.568799e-05
     5108.6452 1.400036e-05
     5109.4967 1.373921e-05
     5110.3484 1.419088e-05
     5111.2002 1.394975e-05
     5112.0521 1.425673e-05
     5112.9042 1.590974e-05
     5113.7564 1.619538e-05
     5114.6088 1.535293e-05
     5115.4613 1.646967e-05
     5116.3139 1.669621e-05
     5117.1667 1.597868e-05
     5118.0197 1.713843e-05
     5118.8727 1.910202e-05
     5119.7259 1.844783e-05
     5120.5793 1.793818e-05
     5121.4328 1.728886e-05
     5122.2865 1.579393e-05
     5123.1402 1.528373e-05
     5123.9942 1.492374e-05
     5124.8482 1.286678e-05
     5125.7024 1.287693e-05
     5126.5568 1.336621e-05
     5127.4113 1.305421e-05
     5128.2659 1.282401e-05
     5129.1207 1.360075e-05
     5129.9756 1.460306e-05
     5130.8307 1.355179e-05
     5131.6859 1.424185e-05
     5132.5413 1.585869e-05
     5133.3968 1.652560e-05
     5134.2524 1.603301e-05
     5135.1082 1.509570e-05
     5135.9641 1.657561e-05
     5136.8202 1.786213e-05
     5137.6764 1.672680e-05
     5138.5327 1.556011e-05
     5139.3892 1.597320e-05
     5140.2459 1.386142e-05
     5141.1026 1.357635e-05
     5141.9596 1.664348e-05
     5142.8166 1.620386e-05
     5143.6738 1.327622e-05
     5144.5312 1.326728e-05
     5145.3887 1.586037e-05
     5146.2463 1.555208e-05
     5147.1041 1.412206e-05
     5147.9620 1.384378e-05
     5148.8201 1.361310e-05
     5149.6783 1.353766e-05
     5150.5366 1.476432e-05
     5151.3951 1.453429e-05
     5152.2538 1.423647e-05
     5153.1126 1.429646e-05
     5153.9715 1.436537e-05
     5154.8305 1.365770e-05
     5155.6898 1.340677e-05
     5156.5491 1.467271e-05
     5157.4086 1.562633e-05
     5158.2682 1.634925e-05
     5159.1280 1.704100e-05
     5159.9880 1.610705e-05
     5160.8480 1.494727e-05
     5161.7082 1.532493e-05
     5162.5686 1.450057e-05
     5163.4291 1.263454e-05
     5164.2897 1.325154e-05
     5165.1505 1.456234e-05
     5166.0115 1.304915e-05
     5166.8725 1.047616e-05
     5167.7337 8.103597e-06
     5168.5951 6.578009e-06
     5169.4566 7.789943e-06
     5170.3183 1.002402e-05
     5171.1800 1.266607e-05
     5172.0420 1.240071e-05
     5172.9041 9.291558e-06
     5173.7663 6.517740e-06
     5174.6287 6.482305e-06
     5175.4912 9.250830e-06
     5176.3538 1.252722e-05
     5177.2166 1.355916e-05
     5178.0796 1.347845e-05
     5178.9426 1.391972e-05
     5179.8059 1.462607e-05
     5180.6692 1.467607e-05
     5181.5328 1.406219e-05
     5182.3964 1.301662e-05
     5183.2602 1.132937e-05
     5184.1242 8.504717e-06
     5184.9883 6.161297e-06
     5185.8525 7.798847e-06
     5186.7169 1.134306e-05
     5187.5814 1.364424e-05
     5188.4461 1.534924e-05
     5189.3109 1.496892e-05
     5190.1758 1.507055e-05
     5191.0409 1.776018e-05
     5191.9062 1.775295e-05
     5192.7716 1.361705e-05
     5193.6371 1.073667e-05
     5194.5028 1.215610e-05
     5195.3686 1.483537e-05
     5196.2346 1.426280e-05
     5197.1007 1.331726e-05
     5197.9670 1.460456e-05
     5198.8334 1.620142e-05
     5199.6999 1.663700e-05
     5200.5666 1.645906e-05
     5201.4334 1.534604e-05
     5202.3004 1.546669e-05
     5203.1675 1.595038e-05
     5204.0348 1.569977e-05
     5204.9022 1.577351e-05
     5205.7698 1.309657e-05
     5206.6375 1.114780e-05
     5207.5053 1.052823e-05
     5208.3733 1.170775e-05
     5209.2414 1.056369e-05
     5210.1097 9.624320e-06
     5210.9781 1.198037e-05
     5211.8467 1.330405e-05
     5212.7154 1.563248e-05
     5213.5843 1.714166e-05
     5214.4533 1.727345e-05
     5215.3224 1.735326e-05
     5216.1917 1.655990e-05
     5217.0611 1.583962e-05
     5217.9307 1.567673e-05
     5218.8005 1.571382e-05
     5219.6703 1.664398e-05
     5220.5403 1.833632e-05
     5221.4105 1.819651e-05
     5222.2808 1.817651e-05
     5223.1513 1.789416e-05
     5224.0219 1.721549e-05
     5224.8926 1.572443e-05
     5225.7635 1.361351e-05
     5226.6345 1.258272e-05
     5227.5057 1.144126e-05
     5228.3770 1.028929e-05
     5229.2485 1.326587e-05
     5230.1201 1.746626e-05
     5230.9919 1.786782e-05
     5231.8638 1.769311e-05
     5232.7358 1.895891e-05
     5233.6080 1.734190e-05
     5234.4804 1.487708e-05
     5235.3529 1.588595e-05
     5236.2255 1.695239e-05
     5237.0983 1.776683e-05
     5237.9712 1.899670e-05
     5238.8443 1.967836e-05
     5239.7175 1.916566e-05
     5240.5908 1.838664e-05
     5241.4643 1.790178e-05
     5242.3380 1.888217e-05
     5243.2118 1.968704e-05
     5244.0857 1.819372e-05
     5244.9598 1.781696e-05
     5245.8340 1.958880e-05
     5246.7084 1.935644e-05
     5247.5829 1.673113e-05
     5248.4576 1.474244e-05
     5249.3324 1.624703e-05
     5250.2074 1.881795e-05
     5251.0825 1.765623e-05
     5251.9577 1.585942e-05
     5252.8331 1.714384e-05
     5253.7087 1.847031e-05
     5254.5844 1.835571e-05
     5255.4602 1.792039e-05
     5256.3362 1.559019e-05
     5257.2123 1.636762e-05
     5258.0886 2.007374e-05
     5258.9650 2.089554e-05
     5259.8416 2.044086e-05
     5260.7183 1.868914e-05
     5261.5952 1.728626e-05
     5262.4722 1.649142e-05
     5263.3493 1.511737e-05
     5264.2266 1.373299e-05
     5265.1041 1.255313e-05
     5265.9817 1.311096e-05
     5266.8594 1.212039e-05
     5267.7373 1.156693e-05
     5268.6153 1.456963e-05
     5269.4935 1.499153e-05
     5270.3718 1.071022e-05
     5271.2503 8.353514e-06
     5272.1289 1.204147e-05
     5273.0077 1.660943e-05
     5273.8866 1.721903e-05
     5274.7656 1.619176e-05
     5275.6448 1.748530e-05
     5276.5242 1.647057e-05
     5277.4037 1.608572e-05
     5278.2833 1.917829e-05
     5279.1631 2.108406e-05
     5280.0430 2.154215e-05
     5280.9231 2.034652e-05
     5281.8033 1.827188e-05
     5282.6837 1.755116e-05
     5283.5642 1.694929e-05
     5284.4449 1.629627e-05
     5285.3257 1.526740e-05
     5286.2067 1.736017e-05
     5287.0878 2.063606e-05
     5287.9690 2.219167e-05
     5288.8504 2.117311e-05
     5289.7320 1.963091e-05
     5290.6137 2.008338e-05
     5291.4955 2.207833e-05
     5292.3775 2.288374e-05
     5293.2596 2.200633e-05
     5294.1419 2.031288e-05
     5295.0244 1.959585e-05
     5295.9069 1.996889e-05
     5296.7897 1.983420e-05
     5297.6725 1.769627e-05
     5298.5555 1.464812e-05
     5299.4387 1.308022e-05
     5300.3220 1.605817e-05
     5301.2055 1.959787e-05
     5302.0891 1.847386e-05
     5302.9728 1.777104e-05
     5303.8568 1.867908e-05
     5304.7408 2.013558e-05
     5305.6250 2.009649e-05
     5306.5093 2.071262e-05
     5307.3938 2.153712e-05
     5308.2785 2.085010e-05
     5309.1633 1.989474e-05
     5310.0482 1.982527e-05
     5310.9333 2.087208e-05
     5311.8185 2.158853e-05
     5312.7039 2.191100e-05
     5313.5894 2.169713e-05
     5314.4751 2.058895e-05
     5315.3609 2.096573e-05
     5316.2469 2.051999e-05
     5317.1330 1.952414e-05
     5318.0192 1.891015e-05
     5318.9057 1.894109e-05
     5319.7922 1.857707e-05
     5320.6789 1.748731e-05
     5321.5658 1.790444e-05
     5322.4528 1.833622e-05
     5323.3399 1.772671e-05
     5324.2272 1.834173e-05
     5325.1147 1.725401e-05
     5326.0023 1.667317e-05
     5326.8900 1.746756e-05
     5327.7779 1.647103e-05
     5328.6659 1.307601e-05
     5329.5541 8.770944e-06
     5330.4424 1.056492e-05
     5331.3309 1.521684e-05
     5332.2196 1.815810e-05
     5333.1083 1.911150e-05
     5333.9973 1.851016e-05
     5334.8863 1.865076e-05
     5335.7756 1.967658e-05
     5336.6649 2.046134e-05
     5337.5544 2.085096e-05
     5338.4441 2.067768e-05
     5339.3339 2.098076e-05
     5340.2239 2.037955e-05
     5341.1140 1.758809e-05
     5342.0043 1.555499e-05
     5342.8947 1.761508e-05
     5343.7852 1.996002e-05
     5344.6759 1.980054e-05
     5345.5668 1.974118e-05
     5346.4578 1.834318e-05
     5347.3489 1.715653e-05
     5348.2402 1.884742e-05
     5349.1317 1.891773e-05
     5350.0233 1.698235e-05
     5350.9150 1.604136e-05
     5351.8069 1.806680e-05
     5352.6990 2.068733e-05
     5353.5911 2.117455e-05
     5354.4835 2.028021e-05
     5355.3760 2.083474e-05
     5356.2686 2.271945e-05
     5357.1614 2.275925e-05
     5358.0543 2.250986e-05
     5358.9474 2.203981e-05
     5359.8406 2.171050e-05
     5360.7340 2.190921e-05
     5361.6276 2.245679e-05
     5362.5212 2.158577e-05
     5363.4151 2.015646e-05
     5364.3090 1.954585e-05
     5365.2032 1.918535e-05
     5366.0974 1.799298e-05
     5366.9919 1.843122e-05
     5367.8864 1.943714e-05
     5368.7812 1.876512e-05
     5369.6760 1.946447e-05
     5370.5711 1.820996e-05
     5371.4662 1.545506e-05
     5372.3615 1.375560e-05
     5373.2570 1.417243e-05
     5374.1526 1.812964e-05
     5375.0484 1.986753e-05
     5375.9443 2.105188e-05
     5376.8404 2.175939e-05
     5377.7366 2.084785e-05
     5378.6330 1.953704e-05
     5379.5295 1.966220e-05
     5380.4261 2.066526e-05
     5381.3229 2.051613e-05
     5382.2199 1.985589e-05
     5383.1170 1.920316e-05
     5384.0143 1.808894e-05
     5384.9117 1.732493e-05
     5385.8093 1.849688e-05
     5386.7070 1.885119e-05
     5387.6048 1.918184e-05
     5388.5028 1.920853e-05
     5389.4010 1.872096e-05
     5390.2993 1.803437e-05
     5391.1978 1.688699e-05
     5392.0964 1.692976e-05
     5392.9951 1.707802e-05
     5393.8940 1.762587e-05
     5394.7931 1.783350e-05
     5395.6923 1.806000e-05
     5396.5916 1.867688e-05
     5397.4912 1.788868e-05
     5398.3908 1.423742e-05
     5399.2906 1.513776e-05
     5400.1906 1.837500e-05
     5401.0907 1.853231e-05
     5401.9909 1.651567e-05
     5402.8913 1.647810e-05
     5403.7919 1.836401e-05
     5404.6926 1.771572e-05
     5405.5935 1.504584e-05
     5406.4945 1.343044e-05
     5407.3956 1.267554e-05
     5408.2969 1.474666e-05
     5409.1984 1.715447e-05
     5410.1000 1.775904e-05
     5411.0018 1.584050e-05
     5411.9037 1.620934e-05
     5412.8057 1.818190e-05
     5413.7079 1.995231e-05
     5414.6103 2.040934e-05
     5415.5128 2.034525e-05
     5416.4155 1.901168e-05
     5417.3183 1.949234e-05
     5418.2212 2.092103e-05
     5419.1244 2.108435e-05
     5420.0276 1.968543e-05
     5420.9310 1.824246e-05
     5421.8346 1.784473e-05
     5422.7383 1.918964e-05
     5423.6422 2.091574e-05
     5424.5462 2.022164e-05
     5425.4504 1.706098e-05
     5426.3547 1.756399e-05
     5427.2591 1.985149e-05
     5428.1638 2.121003e-05
     5429.0685 2.165991e-05
     5429.9735 1.876352e-05
     5430.8785 1.445896e-05
     5431.7837 1.587351e-05
     5432.6891 1.958715e-05
     5433.5946 1.892065e-05
     5434.5003 1.725201e-05
     5435.4061 1.626539e-05
     5436.3121 1.523648e-05
     5437.2182 1.622665e-05
     5438.1245 1.699353e-05
     5439.0310 1.872655e-05
     5439.9375 2.038580e-05
     5440.8443 2.175866e-05
     5441.7512 2.211356e-05
     5442.6582 2.162978e-05
     5443.5654 2.145247e-05
     5444.4727 2.149797e-05
     5445.3802 2.126529e-05
     5446.2878 1.937884e-05
     5447.1956 1.699709e-05
     5448.1036 1.392034e-05
     5449.0117 1.485565e-05
     5449.9199 1.723881e-05
     5450.8283 1.877909e-05
     5451.7368 2.023789e-05
     5452.6455 2.035661e-05
     5453.5544 1.939078e-05
     5454.4634 1.876267e-05
     5455.3725 1.846346e-05
     5456.2819 1.625184e-05
     5457.1913 1.430761e-05
     5458.1009 1.714992e-05
     5459.0107 1.935575e-05
     5459.9206 2.047916e-05
     5460.8306 2.073903e-05
     5461.7409 1.941609e-05
     5462.6512 1.885936e-05
     5463.5617 1.860131e-05
     5464.4724 1.696094e-05
     5465.3832 1.772303e-05
     5466.2942 1.990188e-05
     5467.2053 1.968528e-05
     5468.1166 1.857258e-05
     5469.0280 1.911761e-05
     5469.9396 1.952177e-05
     5470.8514 1.913232e-05
     5471.7632 1.827621e-05
     5472.6753 1.880729e-05
     5473.5875 1.955505e-05
     5474.4998 1.798187e-05
     5475.4123 1.692607e-05
     5476.3249 1.846862e-05
     5477.2377 1.752011e-05
     5478.1507 1.382380e-05
     5479.0638 1.500803e-05
     5479.9770 1.796369e-05
     5480.8904 1.954145e-05
     5481.8040 1.836271e-05
     5482.7177 1.567416e-05
     5483.6316 1.630138e-05
     5484.5456 1.768185e-05
     5485.4598 1.925424e-05
     5486.3741 2.093655e-05
     5487.2886 2.113163e-05
     5488.2032 1.899009e-05
     5489.1180 1.595710e-05
     5490.0329 1.712301e-05
     5490.9480 1.828021e-05
     5491.8632 1.795598e-05
     5492.7786 1.947957e-05
     5493.6941 1.995281e-05
     5494.6098 1.829318e-05
     5495.5257 1.786272e-05
     5496.4417 1.916565e-05
     5497.3578 2.001556e-05
     5498.2741 1.889813e-05
     5499.1906 1.772336e-05
     5500.1072 1.958785e-05
     5501.0239 2.083843e-05
     5501.9408 1.999954e-05
     5502.8579 1.829316e-05
     5503.7751 1.865362e-05
     5504.6925 1.808670e-05
     5505.6100 1.747247e-05
     5506.5277 1.771861e-05
     5507.4455 1.637947e-05
     5508.3635 1.631901e-05
     5509.2817 1.881568e-05
     5510.2000 1.972739e-05
     5511.1184 1.881295e-05
     5512.0370 1.877240e-05
     5512.9557 1.726146e-05
     5513.8746 1.477400e-05
     5514.7937 1.609194e-05
     5515.7129 1.670162e-05
     5516.6323 1.717619e-05
     5517.5518 1.787661e-05
     5518.4715 1.823462e-05
     5519.3913 2.003160e-05
     5520.3113 2.066196e-05
     5521.2314 2.002208e-05
     5522.1517 1.892153e-05
     5523.0721 1.894571e-05
     5523.9927 1.965847e-05
     5524.9134 1.926760e-05
     5525.8343 1.931085e-05
     5526.7554 1.919807e-05
     5527.6766 1.898020e-05
     5528.5979 1.797021e-05
     5529.5194 1.540306e-05
     5530.4411 1.581348e-05
     5531.3629 1.863493e-05
     5532.2849 1.994108e-05
     5533.2070 2.001634e-05
     5534.1293 1.878399e-05
     5535.0517 1.938418e-05
     5535.9743 1.931239e-05
     5536.8971 1.884812e-05
     5537.8199 2.018677e-05
     5538.7430 2.039601e-05
     5539.6662 1.931605e-05
     5540.5895 1.950198e-05
     5541.5131 2.054311e-05
     5542.4367 2.138080e-05
     5543.3605 2.155848e-05
     5544.2845 2.077449e-05
     5545.2086 2.002109e-05
     5546.1329 2.013608e-05
     5547.0573 2.023733e-05
     5547.9819 1.956318e-05
     5548.9067 2.039262e-05
     5549.8316 2.147640e-05
     5550.7566 2.085972e-05
     5551.6818 2.075684e-05
     5552.6072 2.127325e-05
     5553.5327 2.098647e-05
     5554.4584 2.050549e-05
     5555.3842 1.959245e-05
     5556.3101 1.914455e-05
     5557.2363 1.985418e-05
     5558.1626 2.036348e-05
     5559.0890 1.979724e-05
     5560.0156 1.960956e-05
     5560.9423 1.903427e-05
     5561.8692 1.893750e-05
     5562.7963 1.875576e-05
     5563.7235 1.778788e-05
     5564.6509 1.826480e-05
     5565.5784 1.977501e-05
     5566.5061 1.967406e-05
     5567.4339 1.826846e-05
     5568.3619 1.834547e-05
     5569.2900 1.894429e-05
     5570.2183 1.895389e-05
     5571.1467 1.816775e-05
     5572.0753 1.956187e-05
     5573.0041 1.957383e-05
     5573.9330 1.684498e-05
     5574.8621 1.712244e-05
     5575.7913 2.026901e-05
     5576.7207 2.053832e-05
     5577.6502 1.946170e-05
     5578.5799 2.015805e-05
     5579.5097 2.043560e-05
     5580.4397 2.038032e-05
     5581.3699 2.161593e-05
     5582.3002 2.144969e-05
     5583.2306 1.938364e-05
     5584.1613 1.920521e-05
     5585.0920 1.860769e-05
     5586.0230 1.749731e-05
     5586.9540 1.805542e-05
     5587.8853 1.667615e-05
     5588.8167 1.538391e-05
     5589.7482 1.455167e-05
     5590.6799 1.425352e-05
     5591.6118 1.585187e-05
     5592.5438 1.769920e-05
     5593.4760 1.748671e-05
     5594.4083 1.719108e-05
     5595.3408 1.699477e-05
     5596.2734 1.745383e-05
     5597.2062 2.041342e-05
     5598.1391 2.128551e-05
     5599.0722 1.873753e-05
     5600.0055 1.620458e-05
     5600.9389 1.734938e-05
     5601.8725 1.772041e-05
     5602.8062 1.738954e-05
     5603.7401 1.733497e-05
     5604.6741 1.710691e-05
     5605.6083 1.854069e-05
     5606.5426 1.989304e-05
     5607.4771 2.120546e-05
     5608.4118 2.150385e-05
     5609.3466 2.121142e-05
     5610.2816 2.054787e-05
     5611.2167 2.040054e-05
     5612.1520 2.040311e-05
     5613.0874 2.019580e-05
     5614.0230 2.072884e-05
     5614.9588 2.085873e-05
     5615.8947 1.811293e-05
     5616.8307 1.471806e-05
     5617.7669 1.632966e-05
     5618.7033 1.872171e-05
     5619.6399 1.851214e-05
     5620.5765 1.791927e-05
     5621.5134 1.777539e-05
     5622.4504 1.878707e-05
     5623.3875 1.956871e-05
     5624.3248 1.925309e-05
     5625.2623 1.749775e-05
     5626.1999 1.592460e-05
     5627.1377 1.727483e-05
     5628.0756 1.923379e-05
     5629.0137 1.940006e-05
     5629.9520 1.973533e-05
     5630.8904 2.030445e-05
     5631.8289 2.030194e-05
     5632.7677 2.081647e-05
     5633.7065 2.092135e-05
     5634.6456 2.038752e-05
     5635.5847 1.971716e-05
     5636.5241 1.962035e-05
     5637.4636 1.884464e-05
     5638.4032 1.834306e-05
     5639.3431 1.860027e-05
     5640.2830 1.922170e-05
     5641.2231 1.999950e-05
     5642.1634 1.907500e-05
     5643.1039 1.795473e-05
     5644.0445 1.847287e-05
     5644.9852 1.844957e-05
     5645.9261 1.828868e-05
     5646.8672 1.833816e-05
     5647.8084 1.823144e-05
     5648.7498 1.836846e-05
     5649.6913 1.746173e-05
     5650.6330 1.787814e-05
     5651.5749 1.873787e-05
     5652.5169 1.969163e-05
     5653.4590 2.020226e-05
     5654.4014 2.072963e-05
     5655.3438 2.073069e-05
     5656.2865 1.974211e-05
     5657.2293 1.972088e-05
     5658.1722 2.042610e-05
     5659.1153 1.799127e-05
     5660.0586 1.501810e-05
     5661.0020 1.673453e-05
     5661.9456 1.882892e-05
     5662.8893 1.801326e-05
     5663.8332 1.681338e-05
     5664.7773 1.792601e-05
     5665.7215 1.956738e-05
     5666.6659 2.011376e-05
     5667.6104 1.988962e-05
     5668.5551 1.862968e-05
     5669.4999 1.822363e-05
     5670.4449 1.920480e-05
     5671.3900 1.911299e-05
     5672.3354 1.798851e-05
     5673.2808 1.867645e-05
     5674.2264 2.075640e-05
     5675.1722 2.121511e-05
     5676.1182 2.032375e-05
     5677.0643 2.004001e-05
     5678.0105 2.133994e-05
     5678.9569 2.179316e-05
     5679.9035 2.112976e-05
     5680.8502 2.041496e-05
     5681.7971 2.059972e-05
     5682.7442 2.028736e-05
     5683.6914 1.847675e-05
     5684.6387 1.863111e-05
     5685.5863 1.987340e-05
     5686.5339 1.986569e-05
     5687.4818 1.849960e-05
     5688.4298 1.733421e-05
     5689.3779 1.723527e-05
     5690.3262 1.792008e-05
     5691.2747 1.917427e-05
     5692.2233 1.965281e-05
     5693.1721 2.065496e-05
     5694.1210 2.128696e-05
     5695.0701 2.137207e-05
     5696.0194 2.087366e-05
     5696.9688 2.075453e-05
     5697.9184 2.153619e-05
     5698.8681 2.083252e-05
     5699.8180 1.824848e-05
     5700.7681 1.847424e-05
     5701.7183 1.886942e-05
     5702.6686 1.751525e-05
     5703.6191 1.717488e-05
     5704.5698 1.839747e-05
     5705.5207 1.965340e-05
     5706.4717 1.981816e-05
     5707.4228 1.844441e-05
     5708.3741 1.772750e-05
     5709.3256 1.701403e-05
     5710.2773 1.577210e-05
     5711.2290 1.678144e-05
     5712.1810 1.798606e-05
     5713.1331 1.690345e-05
     5714.0854 1.803206e-05
     5715.0378 2.002135e-05
     5715.9904 1.984040e-05
     5716.9431 1.989617e-05
     5717.8960 2.065884e-05
     5718.8491 2.025042e-05
     5719.8023 2.009668e-05
     5720.7557 2.080044e-05
     5721.7092 2.042161e-05
     5722.6629 2.031724e-05
     5723.6168 2.159801e-05
     5724.5708 2.223723e-05
     5725.5250 2.210081e-05
     5726.4793 2.195301e-05
     5727.4338 2.082676e-05
     5728.3885 1.918453e-05
     5729.3433 1.938496e-05
     5730.2982 2.119741e-05
     5731.2534 2.193422e-05
     5732.2087 2.042947e-05
     5733.1641 1.876021e-05
     5734.1197 2.005188e-05
     5735.0755 2.120525e-05
     5736.0314 2.123019e-05
     5736.9875 2.116659e-05
     5737.9437 2.083848e-05
     5738.9001 2.089884e-05
     5739.8567 2.113087e-05
     5740.8134 2.054004e-05
     5741.7703 2.059487e-05
     5742.7273 2.088432e-05
     5743.6845 2.018994e-05
     5744.6419 1.898018e-05
     5745.5994 1.927425e-05
     5746.5571 2.079284e-05
     5747.5149 2.156227e-05
     5748.4729 2.099503e-05
     5749.4311 1.937905e-05
     5750.3894 1.959019e-05
     5751.3479 2.142141e-05
     5752.3065 2.203639e-05
     5753.2653 2.077979e-05
     5754.2243 1.882251e-05
     5755.1834 1.745664e-05
     5756.1427 1.737525e-05
     5757.1021 1.981980e-05
     5758.0617 2.147728e-05
     5759.0215 2.151418e-05
     5759.9814 2.146619e-05
     5760.9415 2.054586e-05
     5761.9017 1.899930e-05
     5762.8621 1.796054e-05
     5763.8227 1.743621e-05
     5764.7834 1.855112e-05
     5765.7443 2.100221e-05
     5766.7053 2.182178e-05
     5767.6665 2.134295e-05
     5768.6279 2.140898e-05
     5769.5894 2.170764e-05
     5770.5510 2.118969e-05
     5771.5129 2.091573e-05
     5772.4749 2.109063e-05
     5773.4370 2.047541e-05
     5774.3994 2.056727e-05
     5775.3618 2.085859e-05
     5776.3245 2.043679e-05
     5777.2873 2.072954e-05
     5778.2502 2.114895e-05
     5779.2134 2.132149e-05
     5780.1767 2.125226e-05
     5781.1401 2.044768e-05
     5782.1037 1.721460e-05
     5783.0675 1.539346e-05
     5784.0314 1.673799e-05
     5784.9955 1.772093e-05
     5785.9597 1.680485e-05
     5786.9241 1.560800e-05
     5787.8887 1.737045e-05
     5788.8534 1.912189e-05
     5789.8183 1.925740e-05
     5790.7834 2.023115e-05
     5791.7486 1.966822e-05
     5792.7139 1.844694e-05
     5793.6795 2.021662e-05
     5794.6452 2.135855e-05
     5795.6110 2.095137e-05
     5796.5770 2.128428e-05
     5797.5432 2.161731e-05
     5798.5096 2.073870e-05
     5799.4761 1.956011e-05
     5800.4427 2.090439e-05
     5801.4095 2.254015e-05
     5802.3765 2.275566e-05
     5803.3437 2.280444e-05
     5804.3110 2.246273e-05
     5805.2784 2.055898e-05
     5806.2461 1.951828e-05
     5807.2138 2.005686e-05
     5808.1818 2.014553e-05
     5809.1499 2.034287e-05
     5810.1182 2.072258e-05
     5811.0866 2.099946e-05
     5812.0552 2.119742e-05
     5813.0240 2.092178e-05
     5813.9929 2.044616e-05
     5814.9620 2.025641e-05
     5815.9312 1.996315e-05
     5816.9006 1.921077e-05
     5817.8702 1.890948e-05
     5818.8399 2.019912e-05
     5819.8098 2.201553e-05
     5820.7798 2.264861e-05
     5821.7500 2.264587e-05
     5822.7204 2.246654e-05
     5823.6910 2.205250e-05
     5824.6616 2.179741e-05
     5825.6325 2.181826e-05
     5826.6035 2.229296e-05
     5827.5747 2.214328e-05
     5828.5461 2.190376e-05
     5829.5176 2.197254e-05
     5830.4892 2.250055e-05
     5831.4611 2.240455e-05
     5832.4330 2.163915e-05
     5833.4052 2.099460e-05
     5834.3775 2.139449e-05
     5835.3500 2.100553e-05
     5836.3226 2.044970e-05
     5837.2954 2.111841e-05
     5838.2684 2.144064e-05
     5839.2415 2.046502e-05
     5840.2148 1.988189e-05
     5841.1883 1.993505e-05
     5842.1619 2.016595e-05
     5843.1356 2.121899e-05
     5844.1096 2.174694e-05
     5845.0837 2.184838e-05
     5846.0579 2.171997e-05
     5847.0324 2.104736e-05
     5848.0070 1.990081e-05
     5848.9817 1.985418e-05
     5849.9566 2.044504e-05
     5850.9317 2.089007e-05
     5851.9069 2.121726e-05
     5852.8823 2.096643e-05
     5853.8579 1.954889e-05
     5854.8336 1.895966e-05
     5855.8095 2.009962e-05
     5856.7855 2.046099e-05
     5857.7618 1.962794e-05
     5858.7381 1.801280e-05
     5859.7147 1.793452e-05
     5860.6914 1.883056e-05
     5861.6682 1.953540e-05
     5862.6453 2.037308e-05
     5863.6225 1.976142e-05
     5864.5998 1.983258e-05
     5865.5773 2.063088e-05
     5866.5550 2.078476e-05
     5867.5328 1.961439e-05
     5868.5108 1.949300e-05
     5869.4890 2.067538e-05
     5870.4673 2.115034e-05
     5871.4458 2.155784e-05
     5872.4245 2.179489e-05
     5873.4033 2.136849e-05
     5874.3823 2.062773e-05
     5875.3614 2.093708e-05
     5876.3407 2.169457e-05
     5877.3202 2.136994e-05
     5878.2998 2.077448e-05
     5879.2796 2.048722e-05
     5880.2596 2.025022e-05
     5881.2397 1.886394e-05
     5882.2200 1.788417e-05
     5883.2005 1.909688e-05
     5884.1811 1.999013e-05
     5885.1619 1.920641e-05
     5886.1428 1.909229e-05
     5887.1239 1.954648e-05
     5888.1052 1.930784e-05
     5889.0866 1.767437e-05
     5890.0682 1.422727e-05
     5891.0500 9.827953e-06
     5892.0319 9.347675e-06
     5893.0140 1.315580e-05
     5893.9962 1.539039e-05
     5894.9786 1.623499e-05
     5895.9612 1.556913e-05
     5896.9440 1.184393e-05
     5897.9269 1.113138e-05
     5898.9099 1.516395e-05
     5899.8932 1.754506e-05
     5900.8766 1.816766e-05
     5901.8601 1.948741e-05
     5902.8439 1.984511e-05
     5903.8277 1.931095e-05
     5904.8118 1.926874e-05
     5905.7960 1.995016e-05
     5906.7804 1.983825e-05
     5907.7649 1.990438e-05
     5908.7497 2.073003e-05
     5909.7345 2.085503e-05
     5910.7196 2.048267e-05
     5911.7048 1.986372e-05
     5912.6901 1.996171e-05
     5913.6757 1.981740e-05
     5914.6614 1.924627e-05
     5915.6472 1.850190e-05
     5916.6332 1.857466e-05
     5917.6194 1.781453e-05
     5918.6058 1.854567e-05
     5919.5923 1.977064e-05
     5920.5790 2.009714e-05
     5921.5658 2.046860e-05
     5922.5528 1.928954e-05
     5923.5400 1.859151e-05
     5924.5273 1.957202e-05
     5925.5149 2.004022e-05
     5926.5025 2.036655e-05
     5927.4904 2.092844e-05
     5928.4784 2.049925e-05
     5929.4665 1.977121e-05
     5930.4548 1.991357e-05
     5931.4433 1.950239e-05
     5932.4320 2.011707e-05
     5933.4208 2.127062e-05
     5934.4098 2.131524e-05
     5935.3989 2.013692e-05
     5936.3883 1.884460e-05
     5937.3777 1.983308e-05
     5938.3674 2.070980e-05
     5939.3572 2.050205e-05
     5940.3472 2.109391e-05
     5941.3373 2.089803e-05
     5942.3276 1.936645e-05
     5943.3181 1.862167e-05
     5944.3087 1.920525e-05
     5945.2995 1.981645e-05
     5946.2905 2.043019e-05
     5947.2816 2.113932e-05
     5948.2729 2.126024e-05
     5949.2644 2.031140e-05
     5950.2560 1.908037e-05
     5951.2478 1.958510e-05
     5952.2398 2.066153e-05
     5953.2319 2.031868e-05
     5954.2242 1.881362e-05
     5955.2166 1.894893e-05
     5956.2092 2.031097e-05
     5957.2020 2.032594e-05
     5958.1950 1.945329e-05
     5959.1881 1.911807e-05
     5960.1814 1.926320e-05
     5961.1748 1.981492e-05
     5962.1684 2.060308e-05
     5963.1622 2.108283e-05
     5964.1561 2.095259e-05
     5965.1503 2.070591e-05
     5966.1445 2.030797e-05
     5967.1390 1.945367e-05
     5968.1336 1.997652e-05
     5969.1283 2.107604e-05
     5970.1233 2.134787e-05
     5971.1184 2.127923e-05
     5972.1137 2.141586e-05
     5973.1091 2.126934e-05
     5974.1047 2.102477e-05
     5975.1005 2.101223e-05
     5976.0964 2.057332e-05
     5977.0925 1.980678e-05
     5978.0888 1.955750e-05
     5979.0852 1.963335e-05
     5980.0818 1.936557e-05
     5981.0786 2.013927e-05
     5982.0755 2.082066e-05
     5983.0726 2.050044e-05
     5984.0698 1.967018e-05
     5985.0673 1.840145e-05
     5986.0649 1.768017e-05
     5987.0626 1.940992e-05
     5988.0605 2.047789e-05
     5989.0586 2.012584e-05
     5990.0569 2.004761e-05
     5991.0553 2.047609e-05
     5992.0539 2.017864e-05
     5993.0527 1.915396e-05
     5994.0516 1.987595e-05
     5995.0507 2.077202e-05
     5996.0500 2.084836e-05
     5997.0494 2.023862e-05
     5998.0490 1.914201e-05
     5999.0487 1.877724e-05
     6000.0487 1.927962e-05
     6001.0487 1.965928e-05
     6002.0490 2.018580e-05
     6003.0494 2.035121e-05
     6004.0500 1.943034e-05
     6005.0508 1.942838e-05
     6006.0517 2.025675e-05
     6007.0528 2.018595e-05
     6008.0541 2.001581e-05
     6009.0555 1.878699e-05
     6010.0571 1.802525e-05
     6011.0588 1.966032e-05
     6012.0608 2.114741e-05
     6013.0629 2.096988e-05
     6014.0651 1.964911e-05
     6015.0675 1.895432e-05
     6016.0701 1.975710e-05
     6017.0729 1.963515e-05
     6018.0758 1.846774e-05
     6019.0789 1.908266e-05
     6020.0822 1.982668e-05
     6021.0856 1.968045e-05
     6022.0892 1.953662e-05
     6023.0930 1.941251e-05
     6024.0969 1.952097e-05
     6025.1010 1.910197e-05
     6026.1053 1.924076e-05
     6027.1097 2.046887e-05
     6028.1143 2.034545e-05
     6029.1191 2.014400e-05
     6030.1240 2.085052e-05
     6031.1291 2.130138e-05
     6032.1344 2.138378e-05
     6033.1398 2.120751e-05
     6034.1454 2.158325e-05
     6035.1512 2.173344e-05
     6036.1572 2.153998e-05
     6037.1633 2.145012e-05
     6038.1696 2.125611e-05
     6039.1760 2.140132e-05
     6040.1826 2.147763e-05
     6041.1894 2.090754e-05
     6042.1963 2.087178e-05
     6043.2035 2.050631e-05
     6044.2107 2.078759e-05
     6045.2182 2.181571e-05
     6046.2258 2.210937e-05
     6047.2336 2.170934e-05
     6048.2416 2.103634e-05
     6049.2497 2.106599e-05
     6050.2580 2.158979e-05
     6051.2664 2.206360e-05
     6052.2751 2.231836e-05
     6053.2839 2.204713e-05
     6054.2928 2.159950e-05
     6055.3020 2.117666e-05
     6056.3113 2.090104e-05
     6057.3207 2.007681e-05
     6058.3304 1.959228e-05
     6059.3402 1.934513e-05
     6060.3501 1.974259e-05
     6061.3603 2.085614e-05
     6062.3706 2.100148e-05
     6063.3811 2.073553e-05
     6064.3917 1.922664e-05
     6065.4025 1.920359e-05
     6066.4135 1.905157e-05
     6067.4247 1.932501e-05
     6068.4360 2.121774e-05
     6069.4475 2.213491e-05
     6070.4592 2.246507e-05
     6071.4710 2.242893e-05
     6072.4830 2.238481e-05
     6073.4951 2.237483e-05
     6074.5075 2.250336e-05
     6075.5200 2.275433e-05
     6076.5326 2.270655e-05
     6077.5455 2.241334e-05
     6078.5585 2.202019e-05
     6079.5717 2.094148e-05
     6080.5850 2.022663e-05
     6081.5985 2.106768e-05
     6082.6122 2.050326e-05
     6083.6261 1.932140e-05
     6084.6401 1.978568e-05
     6085.6543 2.079013e-05
     6086.6686 2.028142e-05
     6087.6832 2.006891e-05
     6088.6979 2.076548e-05
     6089.7127 2.153425e-05
     6090.7278 2.135632e-05
     6091.7430 1.996623e-05
     6092.7584 1.971708e-05
     6093.7739 2.003541e-05
     6094.7896 1.975983e-05
     6095.8055 2.081547e-05
     6096.8216 2.189207e-05
     6097.8378 2.109693e-05
     6098.8542 1.999489e-05
     6099.8707 2.035534e-05
     6100.8875 2.127915e-05
     6101.9044 2.168085e-05
     6102.9214 2.036062e-05
     6103.9387 1.715060e-05
     6104.9561 1.727134e-05
     6105.9736 2.010463e-05
     6106.9914 2.094633e-05
     6108.0093 2.043593e-05
     6109.0274 1.954952e-05
     6110.0457 2.025258e-05
     6111.0641 2.168968e-05
     6112.0827 2.117633e-05
     6113.1014 2.005271e-05
     6114.1204 2.073634e-05
     6115.1395 2.173788e-05
     6116.1588 2.225207e-05
     6117.1782 2.168759e-05
     6118.1978 2.084726e-05
     6119.2176 2.134878e-05
     6120.2376 2.141046e-05
     6121.2577 2.019401e-05
     6122.2780 1.935632e-05
     6123.2984 1.775530e-05
     6124.3191 1.800566e-05
     6125.3399 2.082527e-05
     6126.3609 2.136035e-05
     6127.3820 2.060629e-05
     6128.4033 1.995832e-05
     6129.4248 1.913779e-05
     6130.4465 1.908353e-05
     6131.4683 2.035457e-05
     6132.4903 2.149622e-05
     6133.5124 2.171510e-05
     6134.5348 2.181624e-05
     6135.5573 2.098323e-05
     6136.5800 1.913298e-05
     6137.6028 1.685533e-05
     6138.6258 1.465630e-05
     6139.6490 1.654260e-05
     6140.6724 2.031688e-05
     6141.6959 2.132169e-05
     6142.7196 2.031292e-05
     6143.7435 1.961402e-05
     6144.7675 2.059721e-05
     6145.7917 2.130362e-05
     6146.8161 2.062164e-05
     6147.8407 2.044096e-05
     6148.8654 2.085564e-05
     6149.8903 2.080075e-05
     6150.9154 2.020351e-05
     6151.9406 1.977434e-05
     6152.9660 2.002842e-05
     6153.9916 2.057294e-05
     6155.0173 2.086164e-05
     6156.0433 1.983181e-05
     6157.0694 1.926730e-05
     6158.0956 1.913119e-05
     6159.1221 1.879335e-05
     6160.1487 1.912804e-05
     6161.1754 1.942547e-05
     6162.2024 1.728669e-05
     6163.2295 1.448867e-05
     6164.2568 1.444707e-05
     6165.2843 1.587185e-05
     6166.3119 1.761127e-05
     6167.3397 1.796609e-05
     6168.3677 1.856362e-05
     6169.3958 1.934890e-05
     6170.4241 1.709725e-05
     6171.4526 1.554274e-05
     6172.4813 1.757973e-05
     6173.5101 1.991178e-05
     6174.5391 1.970923e-05
     6175.5683 1.938516e-05
     6176.5977 1.949816e-05
     6177.6272 1.926883e-05
     6178.6569 1.894336e-05
     6179.6867 1.976379e-05
     6180.7168 2.034503e-05
     6181.7470 1.968997e-05
     6182.7773 2.014996e-05
     6183.8079 2.067779e-05
     6184.8386 2.048651e-05
     6185.8695 2.043117e-05
     6186.9006 1.992768e-05
     6187.9318 1.892616e-05
     6188.9632 1.870913e-05
     6189.9948 1.863153e-05
     6191.0265 1.856963e-05
     6192.0585 1.784013e-05
     6193.0906 1.607713e-05
     6194.1228 1.750577e-05
     6195.1553 1.918664e-05
     6196.1879 1.986690e-05
     6197.2207 2.033365e-05
     6198.2536 2.036990e-05
     6199.2867 1.969493e-05
     6200.3200 1.861060e-05
     6201.3535 1.777051e-05
     6202.3872 1.874946e-05
     6203.4210 2.047556e-05
     6204.4550 2.107848e-05
     6205.4891 2.068962e-05
     6206.5235 1.992006e-05
     6207.5580 1.962586e-05
     6208.5927 1.939943e-05
     6209.6275 1.963995e-05
     6210.6625 2.003111e-05
     6211.6977 1.978280e-05
     6212.7331 1.934016e-05
     6213.7686 1.887596e-05
     6214.8044 1.699932e-05
     6215.8402 1.554031e-05
     6216.8763 1.551623e-05
     6217.9125 1.699690e-05
     6218.9489 1.878985e-05
     6219.9855 1.886614e-05
     6221.0223 1.760701e-05
     6222.0592 1.701921e-05
     6223.0963 1.738795e-05
     6224.1336 1.832880e-05
     6225.1710 1.791424e-05
     6226.2086 1.731255e-05
     6227.2464 1.817760e-05
     6228.2844 1.893866e-05
     6229.3225 1.970989e-05
     6230.3608 1.921322e-05
     6231.3993 1.720422e-05
     6232.4379 1.568457e-05
     6233.4768 1.675560e-05
     6234.5158 1.736554e-05
     6235.5549 1.867254e-05
     6236.5943 2.021623e-05
     6237.6338 2.030253e-05
     6238.6735 1.926293e-05
     6239.7134 1.842337e-05
     6240.7534 1.748898e-05
     6241.7936 1.657157e-05
     6242.8340 1.801460e-05
     6243.8746 1.800102e-05
     6244.9153 1.623825e-05
     6245.9562 1.699701e-05
     6246.9973 1.761111e-05
     6248.0385 1.759620e-05
     6249.0800 1.888090e-05
     6250.1216 1.980044e-05
     6251.1633 1.972101e-05
     6252.2053 1.940980e-05
     6253.2474 1.774550e-05
     6254.2897 1.628168e-05
     6255.3322 1.647142e-05
     6256.3748 1.739043e-05
     6257.4176 1.795342e-05
     6258.4606 1.674770e-05
     6259.5038 1.530067e-05
     6260.5471 1.542665e-05
     6261.5906 1.783338e-05
     6262.6343 1.799231e-05
     6263.6782 1.843019e-05
     6264.7222 1.983135e-05
     6265.7664 1.945058e-05
     6266.8108 1.754205e-05
     6267.8553 1.790602e-05
     6268.9001 1.884985e-05
     6269.9450 1.843960e-05
     6270.9901 1.846933e-05
     6272.0353 1.867560e-05
     6273.0807 1.906662e-05
     6274.1263 1.966005e-05
     6275.1721 1.941259e-05
     6276.2181 1.905819e-05
     6277.2642 1.940745e-05
     6278.3105 1.964079e-05
     6279.3569 1.990037e-05
     6280.4036 1.973812e-05
     6281.4504 1.852000e-05
     6282.4974 1.778819e-05
     6283.5446 1.840443e-05
     6284.5919 1.894348e-05
     6285.6394 1.991409e-05
     6286.6871 1.959716e-05
     6287.7350 1.958918e-05
     6288.7831 2.021097e-05
     6289.8313 2.087762e-05
     6290.8797 2.099511e-05
     6291.9282 1.980632e-05
     6292.9770 1.916331e-05
     6294.0259 1.916239e-05
     6295.0750 1.886592e-05
     6296.1242 1.956810e-05
     6297.1737 1.915421e-05
     6298.2233 1.769619e-05
     6299.2731 1.737317e-05
     6300.3231 1.863981e-05
     6301.3732 1.970386e-05
     6302.4235 1.900808e-05
     6303.4740 1.768932e-05
     6304.5247 1.784020e-05
     6305.5755 1.809622e-05
     6306.6265 1.767219e-05
     6307.6777 1.811017e-05
     6308.7291 1.999604e-05
     6309.7806 2.076593e-05
     6310.8324 2.051495e-05
     6311.8842 1.987126e-05
     6312.9363 1.905351e-05
     6313.9886 1.887250e-05
     6315.0410 1.933493e-05
     6316.0936 1.819288e-05
     6317.1463 1.700789e-05
     6318.1993 1.753297e-05
     6319.2524 1.647245e-05
     6320.3057 1.588410e-05
     6321.3592 1.760944e-05
     6322.4128 1.897323e-05
     6323.4667 1.895803e-05
     6324.5206 1.896981e-05
     6325.5748 2.004427e-05
     6326.6292 2.022787e-05
     6327.6837 2.030627e-05
     6328.7384 1.989731e-05
     6329.7933 2.018046e-05
     6330.8483 2.051273e-05
     6331.9036 1.977145e-05
     6332.9590 1.987971e-05
     6334.0145 2.037282e-05
     6335.0703 2.065794e-05
     6336.1262 1.945799e-05
     6337.1823 1.761042e-05
     6338.2386 1.769000e-05
     6339.2951 1.903421e-05
     6340.3517 1.907353e-05
     6341.4085 1.920707e-05
     6342.4655 1.970994e-05
     6343.5227 1.888484e-05
     6344.5800 1.758809e-05
     6345.6376 1.689372e-05
     6346.6953 1.810462e-05
     6347.7531 1.968604e-05
     6348.8112 2.014172e-05
     6349.8694 2.036053e-05
     6350.9278 2.019948e-05
     6351.9864 1.993644e-05
     6353.0451 2.024660e-05
     6354.1041 1.982549e-05
     6355.1632 1.833681e-05
     6356.2224 1.798456e-05
     6357.2819 1.894036e-05
     6358.3415 1.980049e-05
     6359.4013 1.895189e-05
     6360.4613 1.752162e-05
     6361.5215 1.708916e-05
     6362.5818 1.646125e-05
     6363.6424 1.598743e-05
     6364.7031 1.645786e-05
     6365.7639 1.724729e-05
     6366.8250 1.763384e-05
     6367.8862 1.803850e-05
     6368.9476 1.926953e-05
     6370.0092 1.996935e-05
     6371.0709 1.959908e-05
     6372.1329 1.927667e-05
     6373.1950 1.932816e-05
     6374.2573 1.967365e-05
     6375.3197 2.024314e-05
     6376.3824 2.012084e-05
     6377.4452 2.037368e-05
     6378.5082 2.082748e-05
     6379.5714 2.011907e-05
     6380.6347 1.937367e-05
     6381.6982 1.965936e-05
     6382.7620 1.969008e-05
     6383.8258 2.018900e-05
     6384.8899 2.038376e-05
     6385.9541 1.988942e-05
     6387.0185 1.983081e-05
     6388.0831 2.044328e-05
     6389.1479 2.076588e-05
     6390.2129 2.076503e-05
     6391.2780 2.094174e-05
     6392.3433 2.087683e-05
     6393.4088 2.017877e-05
     6394.4744 1.837233e-05
     6395.5403 1.779403e-05
     6396.6063 1.956800e-05
     6397.6725 2.058593e-05
     6398.7388 2.079645e-05
     6399.8054 2.060341e-05
     6400.8721 1.874653e-05
     6401.9390 1.697936e-05
     6403.0061 1.916547e-05
     6404.0733 2.075257e-05
     6405.1408 2.104220e-05
     6406.2084 2.111491e-05
     6407.2762 2.078219e-05
     6408.3441 2.016062e-05
     6409.4123 1.869674e-05
     6410.4806 1.882392e-05
     6411.5491 1.989145e-05
     6412.6178 1.907474e-05
     6413.6866 1.828701e-05
     6414.7557 1.898054e-05
     6415.8249 1.942917e-05
     6416.8943 1.978568e-05
     6417.9639 1.997359e-05
     6419.0336 1.933782e-05
     6420.1035 1.901735e-05
     6421.1736 1.854054e-05
     6422.2439 1.801500e-05
     6423.3144 1.836897e-05
     6424.3850 2.001313e-05
     6425.4559 2.019269e-05
     6426.5269 1.966814e-05
     6427.5980 2.021559e-05
     6428.6694 2.103833e-05
     6429.7409 2.099095e-05
     6430.8126 2.000184e-05
     6431.8845 1.811744e-05
     6432.9566 1.770366e-05
     6434.0288 1.943762e-05
     6435.1013 2.034655e-05
     6436.1739 2.022260e-05
     6437.2467 2.020322e-05
     6438.3196 2.055379e-05
     6439.3928 1.952243e-05
     6440.4661 1.733760e-05
     6441.5396 1.804496e-05
     6442.6133 2.020123e-05
     6443.6871 2.104267e-05
     6444.7612 2.097348e-05
     6445.8354 2.083846e-05
     6446.9098 2.087516e-05
     6447.9844 2.115687e-05
     6449.0591 2.122121e-05
     6450.1340 2.014406e-05
     6451.2091 1.735333e-05
     6452.2844 1.650133e-05
     6453.3599 1.832849e-05
     6454.4356 1.967971e-05
     6455.5114 2.037838e-05
     6456.5874 1.875402e-05
     6457.6636 1.714047e-05
     6458.7400 1.865255e-05
     6459.8165 2.039210e-05
     6460.8932 2.028424e-05
     6461.9701 1.943033e-05
     6463.0472 1.729380e-05
     6464.1245 1.482515e-05
     6465.2019 1.638738e-05
     6466.2795 1.967226e-05
     6467.3573 2.068276e-05
     6468.4353 2.051427e-05
     6469.5135 2.057750e-05
     6470.5918 2.018869e-05
     6471.6704 1.992635e-05
     6472.7491 1.935972e-05
     6473.8279 1.940277e-05
     6474.9070 2.079931e-05
     6475.9862 2.107441e-05
     6477.0657 2.049275e-05
     6478.1453 2.082892e-05
     6479.2250 2.109971e-05
     6480.3050 2.079802e-05
     6481.3851 2.086981e-05
     6482.4655 2.040050e-05
     6483.5460 1.899391e-05
     6484.6267 1.871411e-05
     6485.7075 1.949937e-05
     6486.7886 2.030367e-05
     6487.8698 2.062975e-05
     6488.9512 2.081827e-05
     6490.0328 2.091766e-05
     6491.1145 2.045650e-05
     6492.1965 1.976578e-05
     6493.2786 1.949142e-05
     6494.3609 1.870871e-05
     6495.4434 1.610065e-05
     6496.5260 1.477890e-05
     6497.6089 1.588775e-05
     6498.6919 1.702472e-05
     6499.7751 1.779342e-05
     6500.8585 1.733925e-05
     6501.9421 1.833445e-05
     6503.0258 1.977952e-05
     6504.1097 2.032450e-05
     6505.1939 2.036273e-05
     6506.2781 2.037551e-05
     6507.3626 2.076586e-05
     6508.4473 2.084897e-05
     6509.5321 2.005248e-05
     6510.6171 1.932360e-05
     6511.7023 2.000222e-05
     6512.7877 2.091541e-05
     6513.8732 2.101402e-05
     6514.9590 2.096962e-05
     6516.0449 2.082125e-05
     6517.1310 2.029964e-05
     6518.2173 1.972833e-05
     6519.3037 1.914117e-05
     6520.3904 1.882508e-05
     6521.4772 1.990606e-05
     6522.5642 2.092198e-05
     6523.6514 2.110601e-05
     6524.7387 2.092204e-05
     6525.8263 2.097120e-05
     6526.9140 2.090216e-05
     6528.0019 2.018576e-05
     6529.0900 1.984442e-05
     6530.1783 2.055456e-05
     6531.2667 2.077762e-05
     6532.3554 2.055063e-05
     6533.4442 2.001672e-05
     6534.5332 1.978697e-05
     6535.6224 2.007913e-05
     6536.7117 2.084729e-05
     6537.8013 2.115808e-05
     6538.8910 2.060307e-05
     6539.9809 2.024018e-05
     6541.0710 2.094908e-05
     6542.1613 2.129995e-05
     6543.2517 2.087425e-05
     6544.3423 2.070028e-05
     6545.4332 2.042275e-05
     6546.5242 2.001615e-05
     6547.6153 1.881649e-05
     6548.7067 1.854453e-05
     6549.7982 1.952628e-05
     6550.8900 2.046092e-05
     6551.9819 2.019181e-05
     6553.0740 1.955070e-05
     6554.1662 1.978846e-05
     6555.2587 1.956171e-05
     6556.3513 1.860922e-05
     6557.4441 1.815414e-05
     6558.5371 1.874563e-05
     6559.6303 1.945585e-05
     6560.7237 1.951991e-05
     6561.8172 1.905384e-05
     6562.9109 1.854903e-05
     6564.0048 1.660552e-05
     6565.0989 1.559978e-05
     6566.1932 1.768327e-05
     6567.2877 1.925593e-05
     6568.3823 2.010537e-05
     6569.4771 2.037970e-05
     6570.5721 1.955753e-05
     6571.6673 1.954338e-05
     6572.7627 2.013847e-05
     6573.8582 1.936626e-05
     6574.9540 1.844008e-05
     6576.0499 1.830700e-05
     6577.1460 1.889881e-05
     6578.2423 2.014742e-05
     6579.3387 2.074732e-05
     6580.4354 2.067202e-05
     6581.5322 1.985850e-05
     6582.6292 1.804120e-05
     6583.7264 1.749670e-05
     6584.8238 1.918792e-05
     6585.9214 2.005639e-05
     6587.0191 1.991014e-05
     6588.1170 1.972374e-05
     6589.2152 2.041404e-05
     6590.3134 2.089502e-05
     6591.4119 2.092704e-05
     6592.5106 2.047258e-05
     6593.6094 1.879902e-05
     6594.7085 1.677935e-05
     6595.8077 1.756605e-05
     6596.9071 1.937638e-05
     6598.0066 1.987120e-05
     6599.1064 1.979387e-05
     6600.2063 1.952515e-05
     6601.3065 1.997461e-05
     6602.4068 2.089794e-05
     6603.5073 2.110265e-05
     6604.6079 2.082496e-05
     6605.7088 2.019427e-05
     6606.8098 1.956978e-05
     6607.9111 1.958418e-05
     6609.0125 1.977439e-05
     6610.1141 1.894591e-05
     6611.2159 1.837265e-05
     6612.3178 1.975150e-05
     6613.4200 2.077881e-05
     6614.5223 2.047783e-05
     6615.6248 2.001868e-05
     6616.7275 2.069091e-05
     6617.8304 2.099739e-05
     6618.9334 2.050391e-05
     6620.0367 2.012067e-05
     6621.1401 2.048382e-05
     6622.2437 2.100097e-05
     6623.3475 2.098216e-05
     6624.4515 2.069924e-05
     6625.5557 2.009344e-05
     6626.6600 1.919339e-05
     6627.7646 1.971421e-05
     6628.8693 2.015673e-05
     6629.9742 2.007998e-05
     6631.0793 1.992865e-05
     6632.1846 1.975187e-05
     6633.2900 1.917453e-05
     6634.3956 1.812272e-05
     6635.5015 1.768966e-05
     6636.6075 1.869943e-05
     6637.7137 1.973758e-05
     6638.8201 2.021143e-05
     6639.9266 2.033284e-05
     6641.0334 1.964869e-05
     6642.1403 1.960724e-05
     6643.2474 2.039126e-05
     6644.3547 1.990776e-05
     6645.4622 1.895855e-05
     6646.5699 1.913535e-05
     6647.6777 1.964713e-05
     6648.7858 2.021413e-05
     6649.8940 2.018826e-05
     6651.0024 2.035628e-05
     6652.1110 2.020079e-05
     6653.2198 1.969400e-05
     6654.3287 1.943041e-05
     6655.4379 1.944990e-05
     6656.5472 1.975852e-05
     6657.6567 1.984537e-05
     6658.7664 1.954774e-05
     6659.8763 1.963183e-05
     6660.9864 1.977142e-05
     6662.0966 1.959272e-05
     6663.2071 1.936177e-05
     6664.3177 1.850949e-05
     6665.4285 1.759767e-05
     6666.5395 1.803260e-05
     6667.6507 1.775036e-05
     6668.7621 1.758909e-05
     6669.8736 1.831080e-05
     6670.9854 1.925398e-05
     6672.0973 1.974589e-05
     6673.2094 1.989073e-05
     6674.3217 2.010889e-05
     6675.4342 2.026724e-05
     6676.5468 2.027679e-05
     6677.6597 1.995692e-05
     6678.7727 1.837408e-05
     6679.8859 1.681124e-05
     6680.9993 1.794372e-05
     6682.1129 1.910072e-05
     6683.2267 1.919532e-05
     6684.3407 1.930696e-05
     6685.4548 1.959340e-05
     6686.5692 1.963955e-05
     6687.6837 1.958582e-05
     6688.7984 1.918111e-05
     6689.9133 1.886136e-05
     6691.0284 1.919736e-05
     6692.1436 1.959850e-05
     6693.2591 1.966445e-05
     6694.3747 1.943432e-05
     6695.4905 1.954707e-05
     6696.6065 1.926865e-05
     6697.7227 1.843385e-05
     6698.8391 1.825725e-05
     6699.9557 1.826438e-05
     6701.0724 1.886952e-05
     6702.1894 1.967610e-05
     6703.3065 1.979474e-05
     6704.4238 1.942835e-05
     6705.5413 1.859185e-05
     6706.6590 1.840978e-05
     6707.7769 1.909309e-05
     6708.8949 1.892650e-05
     6710.0132 1.837659e-05
     6711.1316 1.874301e-05
     6712.2502 1.855856e-05
     6713.3690 1.789163e-05
     6714.4880 1.712357e-05
     6715.6072 1.738220e-05
     6716.7265 1.755764e-05
     6717.8461 1.746363e-05
     6718.9658 1.713243e-05
     6720.0857 1.734990e-05
     6721.2058 1.825804e-05
     6722.3261 1.875131e-05
     6723.4466 1.878013e-05
     6724.5673 1.892918e-05
     6725.6881 1.908962e-05
     6726.8092 1.860590e-05
     6727.9304 1.823164e-05
     6729.0518 1.860233e-05
     6730.1734 1.890233e-05
     6731.2952 1.862122e-05
     6732.4172 1.861931e-05
     6733.5393 1.894975e-05
     6734.6617 1.882325e-05
     6735.7842 1.883520e-05
     6736.9070 1.903514e-05
     6738.0299 1.907641e-05
     6739.1530 1.877308e-05
     6740.2763 1.824882e-05
     6741.3997 1.810820e-05
     6742.5234 1.861384e-05
     6743.6472 1.847274e-05
     6744.7713 1.802904e-05
     6745.8955 1.840803e-05
     6747.0199 1.850156e-05
     6748.1445 1.829121e-05
     6749.2693 1.830030e-05
     6750.3943 1.816160e-05
     6751.5194 1.799052e-05
     6752.6448 1.831034e-05
     6753.7703 1.812363e-05
     6754.8960 1.741362e-05
     6756.0219 1.834305e-05
     6757.1480 1.913633e-05
     6758.2743 1.914594e-05
     6759.4008 1.901815e-05
     6760.5274 1.915922e-05
     6761.6543 1.939496e-05
     6762.7813 1.924499e-05
     6763.9086 1.889439e-05
     6765.0360 1.838571e-05
     6766.1636 1.731057e-05
     6767.2914 1.630576e-05
     6768.4193 1.669423e-05
     6769.5475 1.745127e-05
     6770.6758 1.827511e-05
     6771.8044 1.830287e-05
     6772.9331 1.793196e-05
     6774.0620 1.839108e-05
     6775.1911 1.923516e-05
     6776.3204 1.953603e-05
     6777.4499 1.946742e-05
     6778.5796 1.930777e-05
     6779.7094 1.918033e-05
     6780.8395 1.960196e-05
     6781.9697 1.983382e-05
     6783.1001 1.956150e-05
     6784.2307 1.900230e-05
     6785.3615 1.832975e-05
     6786.4925 1.758078e-05
     6787.6237 1.725103e-05
     6788.7551 1.762492e-05
     6789.8866 1.858213e-05
     6791.0184 1.900280e-05
     6792.1503 1.896615e-05
     6793.2824 1.897841e-05
     6794.4147 1.854219e-05
     6795.5472 1.794095e-05
     6796.6799 1.812307e-05
     6797.8128 1.811011e-05
     6798.9459 1.857428e-05
     6800.0791 1.867831e-05
     6801.2125 1.868042e-05
     6802.3462 1.878614e-05
     6803.4800 1.862603e-05
     6804.6140 1.844279e-05
     6805.7482 1.782796e-05
     6806.8826 1.810893e-05
     6808.0172 1.822925e-05
     6809.1519 1.814437e-05
     6810.2869 1.879241e-05
     6811.4220 1.843425e-05
     6812.5574 1.846768e-05
     6813.6929 1.894293e-05
     6814.8286 1.874222e-05
     6815.9645 1.834265e-05
     6817.1006 1.813081e-05
     6818.2368 1.868299e-05
     6819.3733 1.909076e-05
     6820.5100 1.901055e-05
     6821.6468 1.850454e-05
     6822.7839 1.863755e-05
     6823.9211 1.911860e-05
     6825.0585 1.944469e-05
     6826.1961 1.958357e-05
     6827.3339 1.964772e-05
     6828.4719 1.946431e-05
     6829.6101 1.876777e-05
     6830.7484 1.847684e-05
     6831.8870 1.892645e-05
     6833.0257 1.903646e-05
     6834.1646 1.888915e-05
     6835.3038 1.911120e-05
     6836.4431 1.950068e-05
     6837.5826 1.945272e-05
     6838.7223 1.912404e-05
     6839.8622 1.890973e-05
     6841.0022 1.821213e-05
     6842.1425 1.717420e-05
     6843.2829 1.659969e-05
     6844.4236 1.726188e-05
     6845.5644 1.814305e-05
     6846.7054 1.905990e-05
     6847.8466 1.946172e-05
     6848.9881 1.932902e-05
     6850.1296 1.915269e-05
     6851.2714 1.891291e-05
     6852.4134 1.878374e-05
     6853.5556 1.875362e-05
     6854.6979 1.893919e-05
     6855.8405 1.840891e-05
     6856.9832 1.748952e-05
     6858.1261 1.793404e-05
     6859.2692 1.815293e-05
     6860.4125 1.837132e-05
     6861.5560 1.861506e-05
     6862.6997 1.795772e-05
     6863.8436 1.796943e-05
     6864.9877 1.905372e-05
     6866.1319 1.953693e-05
     6867.2764 1.961547e-05
     6868.4210 1.961073e-05
     6869.5659 1.950361e-05
     6870.7109 1.937149e-05
     6871.8561 1.945426e-05
     6873.0015 1.916482e-05
     6874.1471 1.850744e-05
     6875.2929 1.867012e-05
     6876.4389 1.886922e-05
     6877.5850 1.881713e-05
     6878.7314 1.912321e-05
     6879.8779 1.951136e-05
     6881.0247 1.953325e-05
     6882.1716 1.891880e-05
     6883.3187 1.779581e-05
     6884.4661 1.756325e-05
     6885.6136 1.860268e-05
     6886.7613 1.936096e-05
     6887.9092 1.937676e-05
     6889.0572 1.956243e-05
     6890.2055 1.964352e-05
     6891.3540 1.958172e-05
     6892.5026 1.965254e-05
     6893.6515 1.980383e-05
     6894.8005 1.979012e-05
     6895.9497 1.936320e-05
     6897.0992 1.922153e-05
     6898.2488 1.977589e-05
     6899.3986 1.968843e-05
     6900.5486 1.936019e-05
     6901.6988 1.943769e-05
     6902.8491 1.962185e-05
     6903.9997 1.968290e-05
     6905.1505 1.982759e-05
     6906.3014 1.969639e-05
     6907.4526 1.889726e-05
     6908.6039 1.843162e-05
     6909.7554 1.884244e-05
     6910.9072 1.976105e-05
     6912.0591 1.979419e-05
     6913.2112 1.950300e-05
     6914.3635 1.951014e-05
     6915.5160 1.900832e-05
     6916.6687 1.884879e-05
     6917.8215 1.913225e-05
     6918.9746 1.913205e-05
     6920.1279 1.959052e-05
     6921.2813 1.976562e-05
     6922.4349 1.981986e-05
     6923.5888 1.989215e-05
     6924.7428 1.962585e-05
     6925.8970 1.840422e-05
     6927.0514 1.761034e-05
     6928.2060 1.808937e-05
     6929.3608 1.887950e-05
     6930.5158 1.936268e-05
     6931.6710 1.965704e-05
     6932.8264 1.948768e-05
     6933.9820 1.885983e-05
     6935.1377 1.830640e-05
     6936.2937 1.910751e-05
     6937.4498 1.958968e-05
     6938.6062 1.943176e-05
     6939.7627 1.938375e-05
     6940.9194 1.967667e-05
     6942.0763 2.018938e-05
     6943.2334 2.006438e-05
     6944.3907 1.910947e-05
     6945.5482 1.859323e-05
     6946.7059 1.836130e-05
     6947.8638 1.883331e-05
     6949.0219 1.957246e-05
     6950.1801 1.968513e-05
     6951.3386 1.954560e-05
     6952.4973 1.910093e-05
     6953.6561 1.864627e-05
     6954.8151 1.878984e-05
     6955.9744 1.888326e-05
     6957.1338 1.913516e-05
     6958.2934 1.934327e-05
     6959.4532 1.956374e-05
     6960.6132 1.977362e-05
     6961.7734 1.979279e-05
     6962.9338 1.993965e-05
     6964.0944 1.958186e-05
     6965.2552 1.938171e-05
     6966.4162 1.965825e-05
     6967.5773 1.940924e-05
     6968.7387 1.981286e-05
     6969.9002 2.045777e-05
     6971.0620 2.031246e-05
     6972.2239 1.945814e-05
     6973.3861 1.930435e-05
     6974.5484 2.000813e-05
     6975.7109 2.006576e-05
     6976.8736 1.948399e-05
     6978.0365 1.902422e-05
     6979.1996 1.802983e-05
     6980.3629 1.673210e-05
     6981.5264 1.754111e-05
     6982.6901 1.903200e-05
     6983.8540 1.973049e-05
     6985.0181 1.997011e-05
     6986.1823 2.010491e-05
     6987.3468 2.037108e-05
     6988.5114 2.036028e-05
     6989.6763 2.010174e-05
     6990.8413 1.942664e-05
     6992.0066 1.918824e-05
     6993.1720 1.963397e-05
     6994.3376 2.011666e-05
     6995.5034 2.001337e-05
     6996.6695 1.957155e-05
     6997.8357 1.954843e-05
     6999.0021 1.944734e-05
     7000.1687 1.962193e-05
     7001.3355 1.901121e-05
     7002.5025 1.883109e-05
     7003.6696 1.949141e-05
     7004.8370 1.974123e-05
     7006.0046 1.900229e-05
     7007.1723 1.845930e-05
     7008.3403 1.878472e-05
     7009.5085 1.915902e-05
     7010.6768 1.948192e-05
     7011.8453 1.921460e-05
     7013.0141 1.846104e-05
     7014.1830 1.945795e-05
     7015.3521 2.040411e-05
     7016.5215 1.963430e-05
     7017.6910 1.792847e-05
     7018.8607 1.772104e-05
     7020.0306 1.939411e-05
     7021.2007 2.034369e-05
     7022.3710 2.043816e-05
     7023.5415 2.006473e-05
     7024.7122 1.882428e-05
     7025.8831 1.814353e-05
     7027.0542 1.882107e-05
     7028.2254 1.964244e-05
     7029.3969 1.917471e-05
     7030.5686 1.844585e-05
     7031.7404 1.875405e-05
     7032.9125 1.922396e-05
     7034.0847 1.963103e-05
     7035.2572 1.979487e-05
     7036.4298 1.966063e-05
     7037.6026 2.015855e-05
     7038.7757 2.026860e-05
     7039.9489 1.883150e-05
     7041.1223 1.889292e-05
     7042.2959 2.053795e-05
     7043.4698 2.126009e-05
     7044.6438 2.138420e-05
     7045.8180 2.088459e-05
     7046.9924 2.009823e-05
     7048.1670 2.027306e-05
     7049.3418 2.094774e-05
     7050.5167 2.148461e-05
     7051.6919 2.123844e-05
     7052.8673 2.063539e-05
     7054.0429 1.917837e-05
     7055.2187 1.771445e-05
     7056.3946 1.757474e-05
     7057.5708 1.822415e-05
     7058.7472 1.878574e-05
     7059.9237 1.830713e-05
     7061.1005 1.715982e-05
     7062.2774 1.680854e-05
     7063.4546 1.772469e-05
     7064.6319 1.801747e-05
     7065.8094 1.833258e-05
     7066.9872 1.853389e-05
     7068.1651 1.822209e-05
     7069.3432 1.719716e-05
     7070.5215 1.640990e-05
     7071.7001 1.750712e-05
     7072.8788 1.838555e-05
     7074.0577 1.842816e-05
     7075.2368 1.882026e-05
     7076.4161 1.912947e-05
     7077.5956 1.911506e-05
     7078.7753 1.916917e-05
     7079.9552 1.920958e-05
     7081.1353 1.905540e-05
     7082.3156 1.938456e-05
     7083.4961 1.916213e-05
     7084.6767 1.805750e-05
     7085.8576 1.658777e-05
     7087.0387 1.645680e-05
     7088.2200 1.742429e-05
     7089.4014 1.725234e-05
     7090.5831 1.724717e-05
     7091.7650 1.710531e-05
     7092.9470 1.712425e-05
     7094.1293 1.720829e-05
     7095.3117 1.726272e-05
     7096.4944 1.749836e-05
     7097.6772 1.740367e-05
     7098.8603 1.733899e-05
     7100.0435 1.717461e-05
     7101.2269 1.745858e-05
     7102.4106 1.764280e-05
     7103.5944 1.743531e-05
     7104.7784 1.711721e-05
     7105.9627 1.758488e-05
     7107.1471 1.804787e-05
     7108.3317 1.750222e-05
     7109.5165 1.713468e-05
     7110.7016 1.746225e-05
     7111.8868 1.721168e-05
     7113.0722 1.653937e-05
     7114.2578 1.665822e-05
     7115.4436 1.719779e-05
     7116.6296 1.729741e-05
     7117.8158 1.759076e-05
     7119.0022 1.777172e-05
     7120.1888 1.775074e-05
     7121.3756 1.772923e-05
     7122.5626 1.771761e-05
     7123.7498 1.734818e-05
     7124.9372 1.748133e-05
     7126.1248 1.779596e-05
     7127.3126 1.703340e-05
     7128.5006 1.647621e-05
     7129.6887 1.660568e-05
     7130.8771 1.653496e-05
     7132.0657 1.575890e-05
     7133.2545 1.560977e-05
     7134.4434 1.618630e-05
     7135.6326 1.669580e-05
     7136.8220 1.691546e-05
     7138.0116 1.686129e-05
     7139.2013 1.725067e-05
     7140.3913 1.684026e-05
     7141.5815 1.644489e-05
     7142.7718 1.692623e-05
     7143.9624 1.698488e-05
     7145.1531 1.702800e-05
     7146.3441 1.715744e-05
     7147.5353 1.708915e-05
     7148.7266 1.665568e-05
     7149.9182 1.526034e-05
     7151.1099 1.559167e-05
     7152.3019 1.662998e-05
     7153.4940 1.707518e-05
     7154.6864 1.739828e-05
     7155.8789 1.703893e-05
     7157.0717 1.656332e-05
     7158.2646 1.726526e-05
     7159.4578 1.777547e-05
     7160.6511 1.720447e-05
     7161.8446 1.679331e-05
     7163.0384 1.692228e-05
     7164.2323 1.726904e-05
     7165.4265 1.671103e-05
     7166.6208 1.553158e-05
     7167.8153 1.615149e-05
     7169.0101 1.749112e-05
     7170.2050 1.793419e-05
     7171.4001 1.766370e-05
     7172.5955 1.770939e-05
     7173.7910 1.812177e-05
     7174.9867 1.826166e-05
     7176.1827 1.808956e-05
     7177.3788 1.751123e-05
     7178.5751 1.723582e-05
     7179.7716 1.791201e-05
     7180.9684 1.772617e-05
     7182.1653 1.646091e-05
     7183.3624 1.595248e-05
     7184.5598 1.717446e-05
     7185.7573 1.808662e-05
     7186.9550 1.767253e-05
     7188.1529 1.690048e-05
     7189.3511 1.577199e-05
     7190.5494 1.565003e-05
     7191.7479 1.607319e-05
     7192.9466 1.670041e-05
     7194.1456 1.625241e-05
     7195.3447 1.596717e-05
     7196.5440 1.696470e-05
     7197.7435 1.749007e-05
     7198.9433 1.701103e-05
     7200.1432 1.720409e-05
     7201.3433 1.757811e-05
     7202.5436 1.748081e-05
     7203.7441 1.719284e-05
     7204.9449 1.757607e-05
     7206.1458 1.822884e-05
     7207.3469 1.783829e-05
     7208.5482 1.607434e-05
     7209.7498 1.536296e-05
     7210.9515 1.608307e-05
     7212.1534 1.719010e-05
     7213.3555 1.796788e-05
     7214.5579 1.742745e-05
     7215.7604 1.727301e-05
     7216.9631 1.747276e-05
     7218.1661 1.754633e-05
     7219.3692 1.810852e-05
     7220.5725 1.811344e-05
     7221.7760 1.722923e-05
     7222.9798 1.693388e-05
     7224.1837 1.730919e-05
     7225.3878 1.721588e-05
     7226.5922 1.770205e-05
     7227.7967 1.804998e-05
     7229.0014 1.834991e-05
     7230.2064 1.833292e-05
     7231.4115 1.827729e-05
     7232.6168 1.875143e-05
     7233.8224 1.892678e-05
     7235.0281 1.875549e-05
     7236.2340 1.864351e-05
     7237.4402 1.811114e-05
     7238.6465 1.789989e-05
     7239.8531 1.828893e-05
     7241.0598 1.817787e-05
     7242.2668 1.789794e-05
     7243.4739 1.841334e-05
     7244.6812 1.878054e-05
     7245.8888 1.807208e-05
     7247.0965 1.753988e-05
     7248.3045 1.840169e-05
     7249.5126 1.922624e-05
     7250.7210 1.926578e-05
     7251.9296 1.840433e-05
     7253.1383 1.746015e-05
     7254.3473 1.740579e-05
     7255.5564 1.788488e-05
     7256.7658 1.831890e-05
     7257.9753 1.873672e-05
     7259.1851 1.904332e-05
     7260.3951 1.853001e-05
     7261.6052 1.823296e-05
     7262.8156 1.764264e-05
     7264.0262 1.744768e-05
     7265.2369 1.849755e-05
     7266.4479 1.866546e-05
     7267.6591 1.828520e-05
     7268.8705 1.839821e-05
     7270.0821 1.883555e-05
     7271.2938 1.894787e-05
     7272.5058 1.861291e-05
     7273.7180 1.821685e-05
     7274.9304 1.828000e-05
     7276.1430 1.847445e-05
     7277.3558 1.872396e-05
     7278.5688 1.900103e-05
     7279.7820 1.873353e-05
     7280.9954 1.843965e-05
     7282.2090 1.824241e-05
     7283.4228 1.780146e-05
     7284.6368 1.753248e-05
     7285.8510 1.750287e-05
     7287.0654 1.768710e-05
     7288.2800 1.881485e-05
     7289.4948 1.868476e-05
     7290.7098 1.753721e-05
     7291.9250 1.741927e-05
     7293.1405 1.707382e-05
     7294.3561 1.693347e-05
     7295.5719 1.776075e-05
     7296.7880 1.861287e-05
     7298.0042 1.889567e-05
     7299.2206 1.890623e-05
     7300.4373 1.875565e-05
     7301.6541 1.835362e-05
     7302.8711 1.854427e-05
     7304.0884 1.906273e-05
     7305.3058 1.912978e-05
     7306.5235 1.935050e-05
     7307.7413 1.891773e-05
     7308.9594 1.834937e-05
     7310.1777 1.834688e-05
     7311.3961 1.890127e-05
     7312.6148 1.849815e-05
     7313.8337 1.836846e-05
     7315.0527 1.921517e-05
     7316.2720 1.960068e-05
     7317.4915 1.924459e-05
     7318.7112 1.902727e-05
     7319.9311 1.872899e-05
     7321.1512 1.891313e-05
     7322.3715 1.914871e-05
     7323.5920 1.940054e-05
     7324.8127 1.944560e-05
     7326.0336 1.885933e-05
     7327.2547 1.781517e-05
     7328.4760 1.722390e-05
     7329.6975 1.863495e-05
     7330.9192 1.929965e-05
     7332.1411 1.893403e-05
     7333.3633 1.881735e-05
     7334.5856 1.895987e-05
     7335.8081 1.907353e-05
     7337.0309 1.927320e-05
     7338.2538 1.980115e-05
     7339.4769 2.005510e-05
     7340.7003 1.993657e-05
     7341.9238 2.012506e-05
     7343.1476 2.051184e-05
     7344.3716 2.050414e-05
     7345.5957 1.943856e-05
     7346.8201 1.875057e-05
     7348.0447 1.963793e-05
     7349.2694 2.018502e-05
     7350.4944 2.033896e-05
     7351.7196 1.979436e-05
     7352.9450 1.877373e-05
     7354.1706 1.900775e-05
     7355.3964 1.958711e-05
     7356.6224 1.912113e-05
     7357.8486 1.803787e-05
     7359.0750 1.816777e-05
     7360.3016 1.955600e-05
     7361.5284 2.044919e-05
     7362.7555 1.942364e-05
     7363.9827 1.792553e-05
     7365.2101 1.805284e-05
     7366.4378 1.895560e-05
     7367.6656 1.956124e-05
     7368.8936 1.967087e-05
     7370.1219 2.012345e-05
     7371.3503 2.011430e-05
     7372.5790 2.046212e-05
     7373.8079 2.078848e-05
     7375.0369 2.052291e-05
     7376.2662 2.038865e-05
     7377.4957 2.021719e-05
     7378.7254 2.029208e-05
     7379.9553 2.092059e-05
     7381.1854 2.131096e-05
     7382.4157 2.090480e-05
     7383.6462 2.008086e-05
     7384.8769 1.994140e-05
     7386.1078 2.007839e-05
     7387.3389 1.908219e-05
     7388.5702 1.830409e-05
     7389.8018 1.813065e-05
     7391.0335 1.790223e-05
     7392.2655 1.882712e-05
     7393.4976 2.007926e-05
     7394.7300 2.021952e-05
     7395.9625 2.006566e-05
     7397.1953 2.052802e-05
     7398.4282 2.073967e-05
     7399.6614 2.071715e-05
     7400.8948 2.022106e-05
     7402.1284 1.914535e-05
     7403.3622 1.905504e-05
     7404.5962 2.032796e-05
     7405.8304 2.122731e-05
     7407.0648 2.059139e-05
     7408.2994 2.017263e-05
     7409.5342 2.063781e-05
     7410.7692 1.977932e-05
     7412.0045 1.937762e-05
     7413.2399 1.962069e-05
     7414.4756 2.037895e-05
     7415.7114 2.003313e-05
     7416.9475 1.877523e-05
     7418.1837 1.876843e-05
     7419.4202 1.905239e-05
     7420.6569 1.937024e-05
     7421.8937 2.017515e-05
     7423.1308 1.998015e-05
     7424.3681 1.877832e-05
     7425.6056 1.852271e-05
     7426.8433 1.961062e-05
     7428.0812 2.088190e-05
     7429.3193 2.164786e-05
     7430.5577 2.172489e-05
     7431.7962 2.095939e-05
     7433.0349 1.983237e-05
     7434.2739 1.971653e-05
     7435.5130 2.059352e-05
     7436.7524 2.129007e-05
     7437.9919 2.120680e-05
     7439.2317 2.134096e-05
     7440.4717 2.136471e-05
     7441.7119 2.024138e-05
     7442.9523 1.940938e-05
     7444.1928 1.992518e-05
     7445.4337 2.040835e-05
     7446.6747 2.034479e-05
     7447.9159 1.965083e-05
     7449.1573 2.029746e-05
     7450.3989 2.104277e-05
     7451.6408 2.132075e-05
     7452.8828 2.133238e-05
     7454.1251 2.124170e-05
     7455.3675 2.106551e-05
     7456.6102 2.104960e-05
     7457.8531 2.112337e-05
     7459.0961 2.087692e-05
     7460.3394 2.118129e-05
     7461.5829 2.122820e-05
     7462.8266 2.024405e-05
     7464.0705 1.897073e-05
     7465.3146 1.948653e-05
     7466.5590 2.054674e-05
     7467.8035 2.127852e-05
     7469.0482 2.155855e-05
     7470.2932 2.136682e-05
     7471.5383 2.099373e-05
     7472.7837 2.058922e-05
     7474.0293 2.035869e-05
     7475.2750 2.054835e-05
     7476.5210 2.069636e-05
     7477.7672 2.070409e-05
     7479.0136 2.087733e-05
     7480.2602 2.104282e-05
     7481.5070 2.103006e-05
     7482.7540 2.108425e-05
     7484.0013 2.085668e-05
     7485.2487 2.091011e-05
     7486.4964 2.120345e-05
     7487.7442 2.171063e-05
     7488.9923 2.181011e-05
     7490.2405 2.120440e-05
     7491.4890 2.053419e-05
     7492.7377 2.031549e-05
     7493.9866 2.027145e-05
     7495.2357 2.020660e-05
     7496.4850 1.885175e-05
     7497.7345 1.899741e-05
     7498.9843 2.080003e-05
     7500.2342 2.117888e-05
     7501.4843 2.076350e-05
     7502.7347 2.041730e-05
     7503.9852 2.073267e-05
     7505.2360 2.108037e-05
     7506.4870 2.032654e-05
     7507.7382 1.999485e-05
     7508.9896 2.051469e-05
     7510.2412 2.120208e-05
     7511.4930 2.070766e-05
     7512.7450 1.917056e-05
     7513.9972 1.950024e-05
     7515.2497 2.092628e-05
     7516.5023 2.139390e-05
     7517.7552 2.161765e-05
     7519.0082 2.189520e-05
     7520.2615 2.196182e-05
     7521.5150 2.201978e-05
     7522.7687 2.171486e-05
     7524.0226 2.068214e-05
     7525.2767 2.023345e-05
     7526.5310 2.065534e-05
     7527.7855 2.100773e-05
     7529.0403 2.161068e-05
     7530.2952 2.177734e-05
     7531.5504 2.161020e-05
     7532.8057 2.105532e-05
     7534.0613 2.108322e-05
     7535.3171 2.136232e-05
     7536.5731 2.155517e-05
     7537.8293 2.180181e-05
     7539.0857 2.187157e-05
     7540.3423 2.178613e-05
     7541.5991 2.169467e-05
     7542.8562 2.170758e-05
     7544.1134 2.186150e-05
     7545.3709 2.206360e-05
     7546.6285 2.208393e-05
     7547.8864 2.173926e-05
     7549.1445 2.153764e-05
     7550.4028 2.162369e-05
     7551.6613 2.167454e-05
     7552.9200 2.171132e-05
     7554.1789 2.170392e-05
     7555.4381 2.138691e-05
     7556.6974 2.070307e-05
     7557.9570 2.078253e-05
     7559.2167 2.173376e-05
     7560.4767 2.173153e-05
     7561.7369 2.140914e-05
     7562.9973 2.169811e-05
     7564.2579 2.168009e-05
     7565.5187 2.143948e-05
     7566.7797 2.127918e-05
     7568.0410 2.144563e-05
     7569.3024 2.144638e-05
     7570.5641 2.074165e-05
     7571.8259 2.089412e-05
     7573.0880 2.161251e-05
     7574.3503 2.159263e-05
     7575.6128 2.075969e-05
     7576.8755 2.079752e-05
     7578.1384 2.174277e-05
     7579.4015 2.203174e-05
     7580.6649 2.177326e-05
     7581.9284 2.150065e-05
     7583.1922 2.130638e-05
     7584.4562 2.073436e-05
     7585.7203 2.003737e-05
     7586.9847 1.994518e-05
     7588.2493 1.935875e-05
     7589.5142 1.948795e-05
     7590.7792 1.947432e-05
     7592.0444 1.910757e-05
     7593.3099 1.921411e-05
     7594.5755 1.964041e-05
     7595.8414 1.974223e-05
     7597.1075 1.986751e-05
     7598.3738 1.969808e-05
     7599.6403 1.957937e-05
     7600.9070 1.999623e-05
     7602.1739 1.978336e-05
     7603.4410 1.915588e-05
     7604.7084 1.916400e-05
     7605.9759 1.978811e-05
     7607.2437 1.951554e-05
     7608.5117 1.931521e-05
     7609.7799 1.979858e-05
     7611.0483 1.916338e-05
     7612.3169 1.846523e-05
     7613.5857 1.947447e-05
     7614.8547 2.003414e-05
     7616.1240 1.953717e-05
     7617.3935 1.873336e-05
     7618.6631 1.807886e-05
     7619.9330 1.804276e-05
     7621.2031 1.848731e-05
     7622.4734 1.874192e-05
     7623.7439 1.957759e-05
     7625.0147 2.020051e-05
     7626.2856 2.009207e-05
     7627.5568 1.984373e-05
     7628.8281 1.975078e-05
     7630.0997 1.921882e-05
     7631.3715 1.904459e-05
     7632.6435 1.940679e-05
     7633.9157 1.966164e-05
     7635.1881 1.962938e-05
     7636.4608 1.960620e-05
     7637.7336 1.959597e-05
     7639.0067 1.925457e-05
     7640.2799 1.868860e-05
     7641.5534 1.869679e-05
     7642.8271 1.932718e-05
     7644.1010 1.986152e-05
     7645.3752 1.978810e-05
     7646.6495 1.957913e-05
     7647.9241 1.958195e-05
     7649.1988 1.936602e-05
     7650.4738 1.932784e-05
     7651.7490 1.961421e-05
     7653.0244 1.955373e-05
     7654.3000 1.938732e-05
     7655.5758 1.854696e-05
     7656.8518 1.820512e-05
     7658.1281 1.868541e-05
     7659.4045 1.801056e-05
     7660.6812 1.727050e-05
     7661.9581 1.739690e-05
     7663.2352 1.783080e-05
     7664.5125 1.794077e-05
     7665.7900 1.604897e-05
     7667.0678 1.503744e-05
     7668.3457 1.724234e-05
     7669.6239 1.832850e-05
     7670.9023 1.805076e-05
     7672.1809 1.814632e-05
     7673.4597 1.846453e-05
     7674.7387 1.829838e-05
     7676.0179 1.832975e-05
     7677.2974 1.847109e-05
     7678.5770 1.850394e-05
     7679.8569 1.865878e-05
     7681.1370 1.852393e-05
     7682.4173 1.838274e-05
     7683.6978 1.867233e-05
     7684.9785 1.886112e-05
     7686.2594 1.888952e-05
     7687.5406 1.898018e-05
     7688.8219 1.893245e-05
     7690.1035 1.864672e-05
     7691.3853 1.828725e-05
     7692.6673 1.776813e-05
     7693.9495 1.754968e-05
     7695.2320 1.842135e-05
     7696.5146 1.888870e-05
     7697.7975 1.881133e-05
     7699.0805 1.842321e-05
     7700.3638 1.719250e-05
     7701.6473 1.708320e-05
     7702.9310 1.848875e-05
     7704.2150 1.893975e-05
     7705.4991 1.893643e-05
     7706.7835 1.871875e-05
     7708.0680 1.855729e-05
     7709.3528 1.851929e-05
     7710.6378 1.828570e-05
     7711.9230 1.743855e-05
     7713.2085 1.728094e-05
     7714.4941 1.735902e-05
     7715.7800 1.665421e-05
     7717.0660 1.628612e-05
     7718.3523 1.751482e-05
     7719.6388 1.855762e-05
     7720.9255 1.847651e-05
     7722.2125 1.828065e-05
     7723.4996 1.801850e-05
     7724.7870 1.747914e-05
     7726.0745 1.785445e-05
     7727.3623 1.837270e-05
     7728.6503 1.820672e-05
     7729.9385 1.815477e-05
     7731.2270 1.876763e-05
     7732.5156 1.897314e-05
     7733.8045 1.899807e-05
     7735.0936 1.888293e-05
     7736.3828 1.891953e-05
     7737.6723 1.917984e-05
     7738.9621 1.933884e-05
     7740.2520 1.940869e-05
     7741.5421 1.931924e-05
     7742.8325 1.902070e-05
     7744.1231 1.825938e-05
     7745.4139 1.794805e-05
     7746.7049 1.824674e-05
     7747.9961 1.802242e-05
     7749.2876 1.731579e-05
     7750.5792 1.620430e-05
     7751.8711 1.681892e-05
     7753.1632 1.772240e-05
     7754.4555 1.825196e-05
     7755.7480 1.849930e-05
     7757.0407 1.862081e-05
     7758.3337 1.875297e-05
     7759.6268 1.865611e-05
     7760.9202 1.827244e-05
     7762.2138 1.816855e-05
     7763.5076 1.860516e-05
     7764.8016 1.890076e-05
     7766.0959 1.880836e-05
     7767.3903 1.869086e-05
     7768.6850 1.873068e-05
     7769.9799 1.865891e-05
     7771.2750 1.873676e-05
     7772.5703 1.880853e-05
     7773.8659 1.877516e-05
     7775.1616 1.875887e-05
     7776.4576 1.868131e-05
     7777.7538 1.875866e-05
     7779.0502 1.888668e-05
     7780.3468 1.882872e-05
     7781.6436 1.810241e-05
     7782.9407 1.751879e-05
     7784.2379 1.823036e-05
     7785.5354 1.870395e-05
     7786.8331 1.874870e-05
     7788.1310 1.835511e-05
     7789.4292 1.779554e-05
     7790.7275 1.737569e-05
     7792.0261 1.778211e-05
     7793.3248 1.862996e-05
     7794.6238 1.900427e-05
     7795.9231 1.900262e-05
     7797.2225 1.886150e-05
     7798.5221 1.854297e-05
     7799.8220 1.800692e-05
     7801.1221 1.786911e-05
     7802.4224 1.804468e-05
     7803.7229 1.859281e-05
     7805.0236 1.888017e-05
     7806.3246 1.906938e-05
     7807.6257 1.904358e-05
     7808.9271 1.863394e-05
     7810.2287 1.841625e-05
     7811.5305 1.853575e-05
     7812.8325 1.797836e-05
     7814.1348 1.829267e-05
     7815.4372 1.907042e-05
     7816.7399 1.928986e-05
     7818.0428 1.925638e-05
     7819.3459 1.922585e-05
     7820.6493 1.918842e-05
     7821.9528 1.888059e-05
     7823.2566 1.875390e-05
     7824.5606 1.903405e-05
     7825.8648 1.924645e-05
     7827.1692 1.910388e-05
     7828.4738 1.848451e-05
     7829.7787 1.845188e-05
     7831.0838 1.879466e-05
     7832.3890 1.852594e-05
     7833.6946 1.754189e-05
     7835.0003 1.744246e-05
     7836.3062 1.764902e-05
     7837.6124 1.693706e-05
     7838.9188 1.746588e-05
     7840.2254 1.846776e-05
     7841.5322 1.830253e-05
     7842.8392 1.772149e-05
     7844.1464 1.821672e-05
     7845.4539 1.850539e-05
     7846.7616 1.811908e-05
     7848.0695 1.828185e-05
     7849.3776 1.883480e-05
     7850.6860 1.855093e-05
     7851.9945 1.795078e-05
     7853.3033 1.803385e-05
     7854.6123 1.818406e-05
     7855.9215 1.837216e-05
     7857.2309 1.814366e-05
     7858.5406 1.832471e-05
     7859.8504 1.885467e-05
     7861.1605 1.910510e-05
     7862.4708 1.900041e-05
     7863.7813 1.878742e-05
     7865.0921 1.878558e-05
     7866.4030 1.890138e-05
     7867.7142 1.914200e-05
     7869.0256 1.915408e-05
     7870.3372 1.900076e-05
     7871.6491 1.870327e-05
     7872.9611 1.868686e-05
     7874.2734 1.851483e-05
     7875.5859 1.828654e-05
     7876.8986 1.840173e-05
     7878.2115 1.846991e-05
     7879.5246 1.847993e-05
     7880.8380 1.846888e-05
     7882.1516 1.843065e-05
     7883.4654 1.827479e-05
     7884.7794 1.836936e-05
     7886.0937 1.846548e-05
     7887.4081 1.841786e-05
     7888.7228 1.861882e-05
     7890.0377 1.826404e-05
     7891.3528 1.798470e-05
     7892.6681 1.842002e-05
     7893.9837 1.875042e-05
     7895.2995 1.836867e-05
     7896.6155 1.768438e-05
     7897.9317 1.773470e-05
     7899.2481 1.811730e-05
     7900.5648 1.832362e-05
     7901.8816 1.836813e-05
     7903.1987 1.831123e-05
     7904.5160 1.826159e-05
     7905.8336 1.816322e-05
     7907.1513 1.829440e-05
     7908.4693 1.843406e-05
     7909.7875 1.802117e-05
     7911.1059 1.740370e-05
     7912.4245 1.752627e-05
     7913.7433 1.735129e-05
     7915.0624 1.654488e-05
     7916.3817 1.727833e-05
     7917.7012 1.792735e-05
     7919.0209 1.755692e-05
     7920.3409 1.732717e-05
     7921.6610 1.793672e-05
     7922.9814 1.831252e-05
     7924.3020 1.816752e-05
     7925.6229 1.785591e-05
     7926.9439 1.800777e-05
     7928.2652 1.790917e-05
     7929.5867 1.793867e-05
     7930.9084 1.819439e-05
     7932.2303 1.821965e-05
     7933.5525 1.797989e-05
     7934.8748 1.754471e-05
     7936.1974 1.800113e-05
     7937.5202 1.826388e-05
     7938.8433 1.708825e-05
     7940.1665 1.680839e-05
     7941.4900 1.772845e-05
     7942.8137 1.766601e-05
     7944.1376 1.730850e-05
     7945.4617 1.705092e-05
     7946.7861 1.650476e-05
     7948.1106 1.662007e-05
     7949.4354 1.747066e-05
     7950.7605 1.765634e-05
     7952.0857 1.772183e-05
     7953.4111 1.812774e-05
     7954.7368 1.854125e-05
     7956.0627 1.825797e-05
     7957.3888 1.772120e-05
     7958.7152 1.774616e-05
     7960.0418 1.817443e-05
     7961.3685 1.827731e-05
     7962.6955 1.835031e-05
     7964.0228 1.836558e-05
     7965.3502 1.832157e-05
     7966.6779 1.843433e-05
     7968.0058 1.864737e-05
     7969.3339 1.888355e-05
     7970.6622 1.882390e-05
     7971.9908 1.864427e-05
     7973.3195 1.863105e-05
     7974.6485 1.876128e-05
     7975.9778 1.873250e-05
     7977.3072 1.862356e-05
     7978.6369 1.866407e-05
     7979.9668 1.809505e-05
     7981.2969 1.764236e-05
     7982.6272 1.834051e-05
     7983.9577 1.906484e-05
     7985.2885 1.935315e-05
     7986.6195 1.904462e-05
     7987.9507 1.851406e-05
     7989.2821 1.765404e-05
     7990.6138 1.811139e-05
     7991.9457 1.916908e-05
     7993.2778 1.911005e-05
     7994.6101 1.874639e-05
     7995.9427 1.857220e-05
     7997.2754 1.812239e-05
     7998.6084 1.804955e-05
     7999.9416 1.793065e-05
     8001.2751 1.739657e-05
     8002.6087 1.807050e-05
     8003.9426 1.835429e-05
     8005.2767 1.794134e-05
     8006.6110 1.848356e-05
     8007.9456 1.885005e-05
     8009.2803 1.856604e-05
     8010.6153 1.859172e-05
     8011.9505 1.894184e-05
     8013.2860 1.899127e-05
     8014.6216 1.900584e-05
     8015.9575 1.946627e-05
     8017.2936 1.948759e-05
     8018.6300 1.916576e-05
     8019.9665 1.906172e-05
     8021.3033 1.927903e-05
     8022.6403 1.911444e-05
     8023.9775 1.903092e-05
     8025.3149 1.903493e-05
     8026.6526 1.826613e-05
     8027.9905 1.750065e-05
     8029.3286 1.668788e-05
     8030.6669 1.710115e-05
     8032.0055 1.857823e-05
     8033.3443 1.929514e-05
     8034.6833 1.953260e-05
     8036.0225 1.947706e-05
     8037.3619 1.923995e-05
     8038.7016 1.952026e-05
     8040.0415 1.959713e-05
     8041.3816 1.935998e-05
     8042.7220 1.906544e-05
     8044.0625 1.900647e-05
     8045.4033 1.875078e-05
     8046.7443 1.825622e-05
     8048.0856 1.761580e-05
     8049.4270 1.740013e-05
     8050.7687 1.804930e-05
     8052.1106 1.856932e-05
     8053.4527 1.911921e-05
     8054.7951 1.919724e-05
     8056.1377 1.889614e-05
     8057.4805 1.908922e-05
     8058.8235 1.934599e-05
     8060.1668 1.953143e-05
     8061.5102 1.948448e-05
     8062.8539 1.925757e-05
     8064.1978 1.909634e-05
     8065.5420 1.899318e-05
     8066.8864 1.927296e-05
     8068.2309 1.910188e-05
     8069.5758 1.839354e-05
     8070.9208 1.792229e-05
     8072.2661 1.766689e-05
     8073.6116 1.769858e-05
     8074.9573 1.816950e-05
     8076.3032 1.826644e-05
     8077.6494 1.822053e-05
     8078.9958 1.906634e-05
     8080.3424 1.934484e-05
     8081.6892 1.898629e-05
     8083.0363 1.840270e-05
     8084.3836 1.869899e-05
     8085.7311 1.885615e-05
     8087.0788 1.822338e-05
     8088.4268 1.879968e-05
     8089.7749 1.953416e-05
     8091.1234 1.895596e-05
     8092.4720 1.833366e-05
     8093.8208 1.791086e-05
     8095.1699 1.713247e-05
     8096.5192 1.810873e-05
     8097.8688 1.888360e-05
     8099.2185 1.847971e-05
     8100.5685 1.842691e-05
     8101.9187 1.876497e-05
     8103.2691 1.917816e-05
     8104.6198 1.925882e-05
     8105.9707 1.891126e-05
     8107.3218 1.881452e-05
     8108.6731 1.895627e-05
     8110.0247 1.890472e-05
     8111.3765 1.882669e-05
     8112.7285 1.905609e-05
     8114.0807 1.912893e-05
     8115.4332 1.902504e-05
     8116.7859 1.861844e-05
     8118.1388 1.780203e-05
     8119.4919 1.793800e-05
     8120.8453 1.904112e-05
     8122.1988 1.926350e-05
     8123.5527 1.959341e-05
     8124.9067 1.984032e-05
     8126.2610 1.975543e-05
     8127.6155 1.933479e-05
     8128.9702 1.915237e-05
     8130.3251 1.945671e-05
     8131.6803 1.952619e-05
     8133.0357 1.911804e-05
     8134.3913 1.915532e-05
     8135.7471 1.946132e-05
     8137.1032 1.982720e-05
     8138.4595 1.966267e-05
     8139.8160 1.967658e-05
     8141.1728 1.986068e-05
     8142.5297 1.959723e-05
     8143.8870 1.947000e-05
     8145.2444 1.950059e-05
     8146.6020 1.961134e-05
     8147.9599 1.984065e-05
     8149.3180 1.974704e-05
     8150.6764 1.943158e-05
     8152.0349 1.910727e-05
     8153.3937 1.965164e-05
     8154.7527 1.983663e-05
     8156.1119 1.965202e-05
     8157.4714 1.966945e-05
     8158.8311 2.024443e-05
     8160.1910 2.035880e-05
     8161.5512 1.985969e-05
     8162.9115 1.860757e-05
     8164.2721 1.838561e-05
     8165.6330 1.961485e-05
     8166.9940 2.017178e-05
     8168.3553 1.991118e-05
     8169.7168 1.965896e-05
     8171.0785 1.951519e-05
     8172.4405 1.959403e-05
     8173.8027 1.979318e-05
     8175.1651 1.966916e-05
     8176.5277 1.970833e-05
     8177.8906 2.020608e-05
     8179.2537 2.031091e-05
     8180.6170 1.991687e-05
     8181.9806 1.948478e-05
     8183.3443 1.920524e-05
     8184.7084 1.811805e-05
     8186.0726 1.775934e-05
     8187.4370 1.889647e-05
     8188.8017 1.892915e-05
     8190.1666 1.913790e-05
     8191.5318 2.027162e-05
     8192.8972 2.080827e-05
     8194.2628 1.985208e-05
     8195.6286 1.803704e-05
     8196.9946 1.627036e-05
     8198.3609 1.686436e-05
     8199.7274 1.773132e-05
     8201.0942 1.785285e-05
     8202.4611 1.827851e-05
     8203.8283 1.837393e-05
     8205.1957 1.806053e-05
     8206.5634 1.732997e-05
     8207.9312 1.750373e-05
     8209.2993 1.767091e-05
     8210.6677 1.774862e-05
     8212.0362 1.836267e-05
     8213.4050 1.831024e-05
     8214.7740 1.733217e-05
     8216.1433 1.744632e-05
     8217.5128 1.821434e-05
     8218.8825 1.870140e-05
     8220.2524 1.875529e-05
     8221.6225 1.775657e-05
     8222.9929 1.702288e-05
     8224.3635 1.788182e-05
     8225.7344 1.885689e-05
     8227.1054 1.939858e-05
     8228.4767 1.958724e-05
     8229.8483 1.929667e-05
     8231.2200 1.910874e-05
     8232.5920 1.897514e-05
     8233.9642 1.840253e-05
     8235.3367 1.859359e-05
     8236.7093 1.896245e-05
     8238.0822 1.881709e-05
     8239.4554 1.867274e-05
     8240.8287 1.859640e-05
     8242.2023 1.885728e-05
     8243.5761 1.885307e-05
     8244.9502 1.889197e-05
     8246.3244 1.926167e-05
     8247.6989 1.954384e-05
     8249.0737 1.895644e-05
     8250.4486 1.862931e-05
     8251.8238 1.914136e-05
     8253.1992 1.902274e-05
     8254.5749 1.849280e-05
     8255.9508 1.824668e-05
     8257.3269 1.828976e-05
     8258.7032 1.807429e-05
     8260.0798 1.851519e-05
     8261.4566 1.921034e-05
     8262.8336 1.953567e-05
     8264.2108 1.946774e-05
     8265.5883 1.924385e-05
     8266.9660 1.922233e-05
     8268.3440 1.889177e-05
     8269.7222 1.837192e-05
     8271.1006 1.821786e-05
     8272.4792 1.834463e-05
     8273.8580 1.857961e-05
     8275.2371 1.855073e-05
     8276.6165 1.845215e-05
     8277.9960 1.820682e-05
     8279.3758 1.805365e-05
     8280.7558 1.837770e-05
     8282.1360 1.878246e-05
     8283.5165 1.869401e-05
     8284.8972 1.827666e-05
     8286.2781 1.828144e-05
     8287.6593 1.831685e-05
     8289.0407 1.802906e-05
     8290.4223 1.780756e-05
     8291.8042 1.799441e-05
     8293.1863 1.814966e-05
     8294.5686 1.771110e-05
     8295.9511 1.751574e-05
     8297.3339 1.784995e-05
     8298.7169 1.802257e-05
     8300.1001 1.777637e-05
     8301.4836 1.785855e-05
     8302.8673 1.825677e-05
     8304.2512 1.808470e-05
     8305.6354 1.769335e-05
     8307.0198 1.720714e-05
     8308.4044 1.656211e-05
     8309.7892 1.681332e-05
     8311.1743 1.722951e-05
     8312.5596 1.664637e-05
     8313.9452 1.708908e-05
     8315.3309 1.801367e-05
     8316.7169 1.827154e-05
     8318.1032 1.831092e-05
     8319.4896 1.838570e-05
     8320.8763 1.825843e-05
     8322.2633 1.792893e-05
     8323.6504 1.775113e-05
     8325.0378 1.801645e-05
     8326.4254 1.809997e-05
     8327.8133 1.720985e-05
     8329.2014 1.613973e-05
     8330.5897 1.732035e-05
     8331.9782 1.818208e-05
     8333.3670 1.735620e-05
     8334.7560 1.700133e-05
     8336.1453 1.720293e-05
     8337.5347 1.763076e-05
     8338.9244 1.799537e-05
     8340.3144 1.728496e-05
     8341.7046 1.720147e-05
     8343.0950 1.785560e-05
     8344.4856 1.747036e-05
     8345.8764 1.736939e-05
     8347.2675 1.753645e-05
     8348.6589 1.743809e-05
     8350.0504 1.717338e-05
     8351.4422 1.701901e-05
     8352.8342 1.775337e-05
     8354.2265 1.793374e-05
     8355.6190 1.766759e-05
     8357.0117 1.780043e-05
     8358.4047 1.789611e-05
     8359.7978 1.777492e-05
     8361.1913 1.782955e-05
     8362.5849 1.794074e-05
     8363.9788 1.775524e-05
     8365.3729 1.706744e-05
     8366.7672 1.646539e-05
     8368.1618 1.719980e-05
     8369.5566 1.835524e-05
     8370.9517 1.838376e-05
     8372.3469 1.789511e-05
     8373.7425 1.776972e-05
     8375.1382 1.782355e-05
     8376.5342 1.825447e-05
     8377.9304 1.822037e-05
     8379.3268 1.724166e-05
     8380.7235 1.729052e-05
     8382.1204 1.832428e-05
     8383.5175 1.738897e-05
     8384.9149 1.568454e-05
     8386.3125 1.676057e-05
     8387.7103 1.750917e-05
     8389.1084 1.612284e-05
     8390.5067 1.560886e-05
     8391.9052 1.690178e-05
     8393.3040 1.801406e-05
     8394.7030 1.872968e-05
     8396.1022 1.884281e-05
     8397.5017 1.839825e-05
     8398.9014 1.736514e-05
     8400.3013 1.749075e-05
     8401.7015 1.818593e-05
     8403.1019 1.773314e-05
     8404.5025 1.759420e-05
     8405.9034 1.830534e-05
     8407.3045 1.845289e-05
     8408.7058 1.863552e-05
     8410.1074 1.867867e-05
     8411.5092 1.869605e-05
     8412.9112 1.832173e-05
     8414.3135 1.731148e-05
     8415.7160 1.743967e-05
     8417.1187 1.813868e-05
     8418.5217 1.791303e-05
     8419.9249 1.743255e-05
     8421.3284 1.757010e-05
     8422.7320 1.784227e-05
     8424.1359 1.788457e-05
     8425.5401 1.734559e-05
     8426.9445 1.678818e-05
     8428.3491 1.603241e-05
     8429.7539 1.692860e-05
     8431.1590 1.839015e-05
     8432.5643 1.848046e-05
     8433.9698 1.783503e-05
     8435.3756 1.683987e-05
     8436.7816 1.508498e-05
     8438.1879 1.516073e-05
     8439.5944 1.688781e-05
     8441.0011 1.667570e-05
     8442.4080 1.662518e-05
     8443.8152 1.736490e-05
     8445.2226 1.716600e-05
     8446.6303 1.685466e-05
     8448.0382 1.669860e-05
     8449.4463 1.681468e-05
     8450.8547 1.728512e-05
     8452.2632 1.682673e-05
     8453.6721 1.692321e-05
     8455.0811 1.737514e-05
     8456.4904 1.724390e-05
     8457.9000 1.683948e-05
     8459.3097 1.660487e-05
     8460.7197 1.690130e-05
     8462.1300 1.731149e-05
     8463.5404 1.779322e-05
     8464.9512 1.774787e-05
     8466.3621 1.707470e-05
     8467.7733 1.642727e-05
     8469.1847 1.587047e-05
     8470.5963 1.548882e-05
     8472.0082 1.633073e-05
     8473.4203 1.677587e-05
     8474.8327 1.683501e-05
     8476.2453 1.694903e-05
     8477.6581 1.647722e-05
     8479.0712 1.672944e-05
     8480.4845 1.730167e-05
     8481.8980 1.713492e-05
     8483.3118 1.677436e-05
     8484.7258 1.685819e-05
     8486.1400 1.744090e-05
     8487.5545 1.777307e-05
     8488.9692 1.768346e-05
     8490.3841 1.746922e-05
     8491.7993 1.774505e-05
     8493.2147 1.773253e-05
     8494.6304 1.740336e-05
     8496.0463 1.684547e-05
     8497.4624 1.567351e-05
     8498.8788 1.310292e-05
     8500.2954 1.117535e-05
     8501.7122 1.313091e-05
     8503.1293 1.528509e-05
     8504.5466 1.575632e-05
     8505.9641 1.646299e-05
     8507.3819 1.709181e-05
     8508.7999 1.756731e-05
     8510.2182 1.785274e-05
     8511.6367 1.772258e-05
     8513.0554 1.732179e-05
     8514.4743 1.681781e-05
     8515.8935 1.565318e-05
     8517.3130 1.528705e-05
     8518.7326 1.605847e-05
     8520.1525 1.580896e-05
     8521.5727 1.625929e-05
     8522.9931 1.704708e-05
     8524.4137 1.728758e-05
     8525.8345 1.739674e-05
     8527.2556 1.712406e-05
     8528.6770 1.663654e-05
     8530.0985 1.682269e-05
     8531.5203 1.712424e-05
     8532.9424 1.700744e-05
     8534.3646 1.688764e-05
     8535.7872 1.688812e-05
     8537.2099 1.650112e-05
     8538.6329 1.566568e-05
     8540.0561 1.452652e-05
     8541.4796 1.283211e-05
     8542.9033 1.028913e-05
     8544.3272 8.369945e-06
     8545.7514 9.953723e-06
     8547.1758 1.288359e-05
     8548.6004 1.457518e-05
     8550.0253 1.500844e-05
     8551.4504 1.556605e-05
     8552.8758 1.641838e-05
     8554.3014 1.720760e-05
     8555.7272 1.753423e-05
     8557.1533 1.709736e-05
     8558.5796 1.674043e-05
     8560.0062 1.720803e-05
     8561.4330 1.745665e-05
     8562.8600 1.729023e-05
     8564.2872 1.753409e-05
     8565.7147 1.768540e-05
     8567.1425 1.748047e-05
     8568.5705 1.752464e-05
     8569.9987 1.762968e-05
     8571.4271 1.748680e-05
     8572.8558 1.745151e-05
     8574.2847 1.750381e-05
     8575.7139 1.743762e-05
     8577.1433 1.726189e-05
     8578.5730 1.750257e-05
     8580.0028 1.780418e-05
     8581.4330 1.792857e-05
     8582.8633 1.756893e-05
     8584.2939 1.674069e-05
     8585.7248 1.696620e-05
     8587.1558 1.749196e-05
     8588.5871 1.765649e-05
     8590.0187 1.763267e-05
     8591.4505 1.761249e-05
     8592.8825 1.764594e-05
     8594.3148 1.764835e-05
     8595.7473 1.778027e-05
     8597.1800 1.774820e-05
     8598.6130 1.733709e-05
     8600.0462 1.707556e-05
     8601.4797 1.735864e-05
     8602.9134 1.788074e-05
     8604.3473 1.788658e-05
     8605.7815 1.770088e-05
     8607.2159 1.762564e-05
     8608.6506 1.768467e-05
     8610.0855 1.793488e-05
     8611.5206 1.776849e-05
     8612.9560 1.685372e-05
     8614.3916 1.642238e-05
     8615.8274 1.703546e-05
     8617.2635 1.756577e-05
     8618.6999 1.768847e-05
     8620.1364 1.782472e-05
     8621.5732 1.795460e-05
     8623.0103 1.764723e-05
     8624.4476 1.727809e-05
     8625.8851 1.796811e-05
     8627.3229 1.850919e-05
     8628.7609 1.848527e-05
     8630.1991 1.845985e-05
     8631.6376 1.839613e-05
     8633.0763 1.826206e-05
     8634.5153 1.807102e-05
     8635.9545 1.816879e-05
     8637.3940 1.819700e-05
     8638.8336 1.803700e-05
     8640.2736 1.805288e-05
     8641.7137 1.806768e-05
     8643.1541 1.802236e-05
     8644.5948 1.785083e-05
     8646.0357 1.802815e-05
     8647.4768 1.831046e-05
     8648.9182 1.804094e-05
     8650.3598 1.736270e-05
     8651.8016 1.730202e-05
     8653.2437 1.767438e-05
     8654.6860 1.762622e-05
     8656.1286 1.745573e-05
     8657.5714 1.735718e-05
     8659.0145 1.712442e-05
     8660.4577 1.618836e-05
     8661.9013 1.418582e-05
     8663.3450 1.085794e-05
     8664.7891 9.453583e-06
     8666.2333 1.219489e-05
     8667.6778 1.513977e-05
     8669.1225 1.655346e-05
     8670.5675 1.714770e-05
     8672.0127 1.761686e-05
     8673.4582 1.767665e-05
     8674.9039 1.736996e-05
     8676.3498 1.641702e-05
     8677.7960 1.632065e-05
     8679.2424 1.792117e-05
     8680.6891 1.824524e-05
     8682.1360 1.780462e-05
     8683.5831 1.766726e-05
     8685.0305 1.740547e-05
     8686.4781 1.781659e-05
     8687.9260 1.801195e-05
     8689.3741 1.656917e-05
     8690.8225 1.493033e-05
     8692.2710 1.601201e-05
     8693.7199 1.761775e-05
     8695.1690 1.814819e-05
     8696.6183 1.860317e-05
     8698.0678 1.874464e-05
     8699.5176 1.847578e-05
     8700.9677 1.770382e-05
     8702.4179 1.764185e-05
     8703.8685 1.812417e-05
     8705.3192 1.822390e-05
     8706.7702 1.849843e-05
     8708.2215 1.881344e-05
     8709.6730 1.873726e-05
     8711.1247 1.839496e-05
     8712.5767 1.782888e-05
     8714.0289 1.754125e-05
     8715.4814 1.734400e-05
     8716.9341 1.829239e-05
     8718.3870 1.870741e-05
     8719.8402 1.812089e-05
     8721.2936 1.813881e-05
     8722.7473 1.880605e-05
     8724.2012 1.918859e-05
     8725.6554 1.907534e-05
     8727.1098 1.890556e-05
     8728.5644 1.881686e-05
     8730.0193 1.836096e-05
     8731.4744 1.807829e-05
     8732.9298 1.860528e-05
     8734.3854 1.900764e-05
     8735.8412 1.858369e-05
     8737.2973 1.780818e-05
     8738.7537 1.787243e-05
     8740.2102 1.853151e-05
     8741.6671 1.872305e-05
     8743.1241 1.818732e-05
     8744.5814 1.807483e-05
     8746.0390 1.857028e-05
     8747.4968 1.878472e-05
     8748.9548 1.854164e-05
     8750.4131 1.850383e-05
     8751.8716 1.855826e-05
     8753.3304 1.805084e-05
     8754.7894 1.799571e-05
     8756.2487 1.871081e-05
     8757.7082 1.881176e-05
     8759.1679 1.816631e-05
     8760.6279 1.861394e-05
     8762.0881 1.930417e-05
     8763.5486 1.918005e-05
     8765.0093 1.864935e-05
     8766.4702 1.811462e-05
     8767.9314 1.813074e-05
     8769.3929 1.826627e-05
     8770.8546 1.902903e-05
     8772.3165 1.905065e-05
     8773.7787 1.821288e-05
     8775.2411 1.735652e-05
     8776.7038 1.787979e-05
     8778.1667 1.916675e-05
     8779.6298 1.933025e-05
     8781.0932 1.882129e-05
     8782.5569 1.909953e-05
     8784.0207 1.959494e-05
     8785.4849 1.941782e-05
     8786.9492 1.902798e-05
     8788.4138 1.942083e-05
     8789.8787 1.972693e-05
     8791.3438 1.923988e-05
     8792.8091 1.866135e-05
     8794.2747 1.857701e-05
     8795.7406 1.835303e-05
     8797.2067 1.889930e-05
     8798.6730 1.911341e-05
     8800.1395 1.931579e-05
     8801.6064 1.943196e-05
     8803.0734 1.923163e-05
     8804.5407 1.916888e-05
     8806.0083 1.833065e-05
     8807.4760 1.644397e-05
     8808.9441 1.480007e-05
     8810.4124 1.577692e-05
     8811.8809 1.799237e-05
     8813.3497 1.947176e-05
     8814.8187 1.975417e-05
     8816.2879 1.971203e-05
     8817.7574 1.978901e-05
     8819.2272 1.982664e-05
     8820.6972 1.961029e-05
     8822.1674 1.925398e-05
     8823.6379 1.905180e-05
     8825.1086 1.811282e-05
     8826.5796 1.710418e-05
     8828.0508 1.838809e-05
     8829.5223 1.947016e-05
     8830.9940 1.967550e-05
     8832.4659 2.002445e-05
     8833.9381 2.015077e-05
     8835.4106 1.985426e-05
     8836.8833 1.954380e-05
     8838.3562 1.908182e-05
     8839.8294 1.847831e-05
     8841.3028 1.853897e-05
     8842.7765 1.934246e-05
     8844.2504 1.950280e-05
     8845.7246 1.968637e-05
     8847.1990 1.976122e-05
     8848.6737 1.949706e-05
     8850.1486 1.965205e-05
     8851.6237 1.991662e-05
     8853.0991 2.001761e-05
     8854.5747 2.010046e-05
     8856.0506 2.003474e-05
     8857.5268 1.979282e-05
     8859.0031 1.872980e-05
     8860.4798 1.724760e-05
     8861.9566 1.672115e-05
     8863.4337 1.641911e-05
     8864.9111 1.628376e-05
     8866.3887 1.695103e-05
     8867.8666 1.685696e-05
     8869.3447 1.570772e-05
     8870.8230 1.572373e-05
     8872.3016 1.647083e-05
     8873.7804 1.669798e-05
     8875.2595 1.677109e-05
     8876.7389 1.669286e-05
     8878.2184 1.635673e-05
     8879.6983 1.620740e-05
     8881.1783 1.633373e-05
     8882.6587 1.678126e-05
     8884.1392 1.696214e-05
     8885.6200 1.689086e-05
     8887.1011 1.697726e-05
     8888.5824 1.717757e-05
     8890.0640 1.730021e-05
     8891.5458 1.730374e-05
     8893.0278 1.697473e-05
     8894.5101 1.680240e-05
     8895.9927 1.708833e-05
     8897.4754 1.728101e-05
     8898.9585 1.719060e-05
     8900.4418 1.704379e-05
     8901.9253 1.709974e-05
     8903.4091 1.742478e-05
     8904.8931 1.746551e-05
     8906.3774 1.742588e-05
     8907.8619 1.745296e-05
     8909.3467 1.753567e-05
     8910.8317 1.750295e-05
     8912.3169 1.746977e-05
     8913.8024 1.739692e-05
     8915.2882 1.738987e-05
     8916.7742 1.761188e-05
     8918.2605 1.759385e-05
     8919.7470 1.751418e-05
     8921.2337 1.695330e-05
     8922.7207 1.665948e-05
     8924.2079 1.719584e-05
     8925.6954 1.712089e-05
     8927.1832 1.700025e-05
     8928.6712 1.703572e-05
     8930.1594 1.734794e-05
     8931.6479 1.750872e-05
     8933.1366 1.735449e-05
     8934.6256 1.703143e-05
     8936.1148 1.711928e-05
     8937.6043 1.720601e-05
     8939.0940 1.725779e-05
     8940.5840 1.733870e-05
     8942.0742 1.726523e-05
     8943.5647 1.722510e-05
     8945.0554 1.689955e-05
     8946.5464 1.634347e-05
     8948.0376 1.578816e-05
     8949.5291 1.584169e-05
     8951.0208 1.640465e-05
     8952.5127 1.687241e-05
     8954.0049 1.727728e-05
     8955.4974 1.739134e-05
     8956.9901 1.736638e-05
     8958.4831 1.739598e-05
     8959.9763 1.749677e-05
     8961.4697 1.741808e-05
     8962.9634 1.726773e-05
     8964.4574 1.724936e-05
     8965.9516 1.726676e-05
     8967.4460 1.694171e-05
     8968.9407 1.668190e-05
     8970.4357 1.686313e-05
     8971.9309 1.723414e-05
     8973.4263 1.723420e-05
     8974.9220 1.722138e-05
     8976.4180 1.703339e-05
     8977.9142 1.637279e-05
     8979.4106 1.650864e-05
     8980.9073 1.708214e-05
     8982.4042 1.755654e-05
     8983.9014 1.792475e-05
     8985.3989 1.785158e-05
     8986.8966 1.747442e-05
     8988.3945 1.737640e-05
     8989.8927 1.759023e-05
     8991.3911 1.746506e-05
     8992.8898 1.745980e-05
     8994.3888 1.753742e-05
     8995.8879 1.748239e-05
     8997.3874 1.746193e-05
     8998.8871 1.756360e-05
     9000.3870 1.715738e-05
     9001.8872 1.643347e-05
     9003.3876 1.715674e-05
     9004.8883 1.786836e-05
     9006.3893 1.805144e-05
     9007.8905 1.791246e-05
     9009.3919 1.740605e-05
     9010.8936 1.657070e-05
     9012.3955 1.578636e-05
     9013.8977 1.602449e-05
     9015.4002 1.626190e-05
     9016.9029 1.615784e-05
     9018.4058 1.624704e-05
     9019.9090 1.669621e-05
     9021.4124 1.710770e-05
     9022.9161 1.668654e-05
     9024.4201 1.647060e-05
     9025.9243 1.675023e-05
     9027.4287 1.709696e-05
     9028.9334 1.720712e-05
     9030.4384 1.722857e-05
     9031.9436 1.751927e-05
     9033.4490 1.756408e-05
     9034.9547 1.784408e-05
     9036.4607 1.773000e-05
     9037.9669 1.731755e-05
     9039.4733 1.745278e-05
     9040.9800 1.777792e-05
     9042.4870 1.813604e-05
     9043.9942 1.835012e-05
     9045.5016 1.828145e-05
     9047.0094 1.813799e-05
     9048.5173 1.795910e-05
     9050.0255 1.806444e-05
     9051.5340 1.816099e-05
     9053.0427 1.794992e-05
     9054.5517 1.791307e-05
     9056.0609 1.819367e-05
     9057.5704 1.836780e-05
     9059.0801 1.839416e-05
     9060.5901 1.829588e-05
     9062.1003 1.812847e-05
     9063.6108 1.771745e-05
     9065.1215 1.770339e-05
     9066.6325 1.835079e-05
     9068.1437 1.853264e-05
     9069.6552 1.845023e-05
     9071.1669 1.821518e-05
     9072.6789 1.786717e-05
     9074.1911 1.809860e-05
     9075.7036 1.849088e-05
     9077.2164 1.865680e-05
     9078.7294 1.869011e-05
     9080.2426 1.830700e-05
     9081.7561 1.754577e-05
     9083.2699 1.782300e-05
     9084.7839 1.849962e-05
     9086.2981 1.829477e-05
     9087.8126 1.786054e-05
     9089.3274 1.707471e-05
     9090.8424 1.580444e-05
     9092.3577 1.613787e-05
     9093.8732 1.757576e-05
     9095.3890 1.825601e-05
     9096.9050 1.812036e-05
     9098.4213 1.817405e-05
     9099.9378 1.826360e-05
     9100.0000 1.787777e-05
     9109.1046 1.806919e-05
     9118.2182 1.818880e-05
     9127.3410 1.847086e-05
     9136.4729 1.838982e-05
     9145.6139 1.806573e-05
     9154.7641 1.814629e-05
     9163.9235 1.809519e-05
     9173.0920 1.781696e-05
     9182.2697 1.800724e-05
     9191.4565 1.817273e-05
     9200.6526 1.789886e-05
     9209.8578 1.741085e-05
     9219.0723 1.715532e-05
     9228.2960 1.704243e-05
     9237.5289 1.690403e-05
     9246.7710 1.684542e-05
     9256.0224 1.682116e-05
     9265.2831 1.703835e-05
     9274.5530 1.722597e-05
     9283.8322 1.709272e-05
     9293.1207 1.688616e-05
     9302.4184 1.689460e-05
     9311.7255 1.695989e-05
     9321.0419 1.697560e-05
     9330.3676 1.712823e-05
     9339.7026 1.730180e-05
     9349.0470 1.715854e-05
     9358.4007 1.677738e-05
     9367.7638 1.661438e-05
     9377.1363 1.666712e-05
     9386.5181 1.673769e-05
     9395.9093 1.676649e-05
     9405.3099 1.664741e-05
     9414.7199 1.646033e-05
     9424.1394 1.666767e-05
     9433.5682 1.672182e-05
     9443.0065 1.657793e-05
     9452.4542 1.669775e-05
     9461.9114 1.697851e-05
     9471.3780 1.720842e-05
     9480.8542 1.734032e-05
     9490.3398 1.742529e-05
     9499.8348 1.741812e-05
     9509.3394 1.739897e-05
     9518.8535 1.755193e-05
     9528.3771 1.769240e-05
     9537.9103 1.759670e-05
     9547.4530 1.736815e-05
     9557.0052 1.747481e-05
     9566.5670 1.765849e-05
     9576.1383 1.766557e-05
     9585.7193 1.788267e-05
     9595.3098 1.792211e-05
     9604.9099 1.778160e-05
     9614.5196 1.790836e-05
     9624.1389 1.787560e-05
     9633.7679 1.769291e-05
     9643.4065 1.754869e-05
     9653.0547 1.745328e-05
     9662.7126 1.744860e-05
     9672.3801 1.756745e-05
     9682.0573 1.769701e-05
     9691.7442 1.778808e-05
     9701.4408 1.783820e-05
     9711.1471 1.789451e-05
     9720.8631 1.760785e-05
     9730.5889 1.689283e-05
     9740.3243 1.646306e-05
     9750.0695 1.647791e-05
     9759.8244 1.668626e-05
     9769.5892 1.671946e-05
     9779.3636 1.669681e-05
     9789.1479 1.673351e-05
     9798.9419 1.707265e-05
     9808.7458 1.707779e-05
     9818.5594 1.688389e-05
     9828.3829 1.676649e-05
     9838.2162 1.675873e-05
     9848.0593 1.687059e-05
     9857.9123 1.704140e-05
     9867.7752 1.719852e-05
     9877.6479 1.732849e-05
     9887.5305 1.725792e-05
     9897.4229 1.693266e-05
     9907.3253 1.664530e-05
     9917.2376 1.652970e-05
     9927.1598 1.654865e-05
     9937.0919 1.676723e-05
     9947.0340 1.694477e-05
     9956.9860 1.715363e-05
     9966.9479 1.736201e-05
     9976.9199 1.735247e-05
     9986.9018 1.715726e-05
     9996.8937 1.704204e-05
    10006.8956 1.704350e-05
    10016.9075 1.718167e-05
    10026.9294 1.709107e-05
    10036.9613 1.693814e-05
    10047.0033 1.691146e-05
    10057.0554 1.684423e-05
    10067.1174 1.700962e-05
    10077.1896 1.713862e-05
    10087.2718 1.719390e-05
    10097.3641 1.748106e-05
    10107.4666 1.761921e-05
    10117.5791 1.759605e-05
    10127.7017 1.759881e-05
    10137.8345 1.741482e-05
    10147.9774 1.724125e-05
    10158.1304 1.729540e-05
    10168.2937 1.739087e-05
    10178.4670 1.750136e-05
    10188.6506 1.749097e-05
    10198.8443 1.749016e-05
    10209.0483 1.759239e-05
    10219.2624 1.756104e-05
    10229.4868 1.767273e-05
    10239.7214 1.787702e-05
    10249.9663 1.782396e-05
    10260.2213 1.757973e-05
    10270.4867 1.754165e-05
    10280.7623 1.762198e-05
    10291.0482 1.764140e-05
    10301.3444 1.768686e-05
    10311.6509 1.775960e-05
    10321.9677 1.768858e-05
    10332.2949 1.746759e-05
    10342.6323 1.725216e-05
    10352.9801 1.742539e-05
    10363.3383 1.773694e-05
    10373.7068 1.767011e-05
    10384.0857 1.755891e-05
    10394.4750 1.748931e-05
    10404.8747 1.768096e-05
    10415.2847 1.786549e-05
    10425.7052 1.777948e-05
    10436.1362 1.790680e-05
    10446.5775 1.803331e-05
    10457.0293 1.781825e-05
    10467.4916 1.753670e-05
    10477.9643 1.743337e-05
    10488.4475 1.738734e-05
    10498.9412 1.742677e-05
    10509.4454 1.738818e-05
    10519.9601 1.742603e-05
    10530.4853 1.731830e-05
    10541.0211 1.732420e-05
    10551.5674 1.726167e-05
    10562.1242 1.715645e-05
    10572.6916 1.703426e-05
    10583.2696 1.682159e-05
    10593.8582 1.689771e-05
    10604.4573 1.698279e-05
    10615.0671 1.711148e-05
    10625.6874 1.738398e-05
    10636.3184 1.753581e-05
    10646.9601 1.746213e-05
    10657.6124 1.716741e-05
    10668.2753 1.704119e-05
    10678.9489 1.712562e-05
    10689.6332 1.710602e-05
    10700.3282 1.724275e-05
    10711.0339 1.742685e-05
    10721.7503 1.726800e-05
    10732.4774 1.709231e-05
    10743.2152 1.724815e-05
    10753.9638 1.738193e-05
    10764.7232 1.757262e-05
    10775.4933 1.740510e-05
    10786.2741 1.717926e-05
    10797.0658 1.726342e-05
    10807.8683 1.728460e-05
    10818.6816 1.705867e-05
    10829.5056 1.695961e-05
    10840.3406 1.719646e-05
    10851.1863 1.745282e-05
    10862.0429 1.727301e-05
    10872.9104 1.682669e-05
    10883.7888 1.676969e-05
    10894.6780 1.693094e-05
    10905.5781 1.716225e-05
    10916.4892 1.713783e-05
    10927.4111 1.687768e-05
    10938.3440 1.678151e-05
    10949.2878 1.667448e-05
    10960.2426 1.628117e-05
    10971.2083 1.587394e-05
    10982.1850 1.588096e-05
    10993.1727 1.597056e-05
    11004.1713 1.601569e-05
    11015.1810 1.597184e-05
    11026.2017 1.578316e-05
    11037.2334 1.548715e-05
    11048.2762 1.546130e-05
    11059.3300 1.550450e-05
    11070.3948 1.558944e-05
    11081.4708 1.566405e-05
    11092.5578 1.569574e-05
    11103.6559 1.573738e-05
    11114.7651 1.579738e-05
    11125.8854 1.578248e-05
    11137.0169 1.589724e-05
    11148.1595 1.592854e-05
    11159.3132 1.581686e-05
    11170.4781 1.587507e-05
    11181.6542 1.583817e-05
    11192.8414 1.566406e-05
    11204.0398 1.592401e-05
    11215.2495 1.610830e-05
    11226.4703 1.620520e-05
    11237.7024 1.613735e-05
    11248.9458 1.585822e-05
    11260.2003 1.586434e-05
    11271.4662 1.616479e-05
    11282.7433 1.607389e-05
    11294.0316 1.592436e-05
    11305.3313 1.593001e-05
    11316.6423 1.596231e-05
    11327.9646 1.598868e-05
    11339.2982 1.589335e-05
    11350.6432 1.603807e-05
    11361.9995 1.610703e-05
    11373.3672 1.592574e-05
    11384.7463 1.572529e-05
    11396.1367 1.571621e-05
    11407.5386 1.583020e-05
    11418.9518 1.604602e-05
    11430.3765 1.607864e-05
    11441.8126 1.616217e-05
    11453.2601 1.636039e-05
    11464.7191 1.639628e-05
    11476.1895 1.630215e-05
    11487.6715 1.616877e-05
    11499.1649 1.616954e-05
    11510.6698 1.628252e-05
    11522.1862 1.639843e-05
    11533.7142 1.644838e-05
    11545.2537 1.659978e-05
    11556.8047 1.661627e-05
    11568.3673 1.654103e-05
    11579.9414 1.644823e-05
    11591.5272 1.611653e-05
    11603.1245 1.583791e-05
    11614.7334 1.586379e-05
    11626.3540 1.616710e-05
    11637.9861 1.609408e-05
    11649.6299 1.622397e-05
    11661.2854 1.637898e-05
    11672.9525 1.630172e-05
    11684.6313 1.604767e-05
    11696.3218 1.597293e-05
    11708.0239 1.627265e-05
    11719.7378 1.643171e-05
    11731.4634 1.640651e-05
    11743.2007 1.642875e-05
    11754.9498 1.628533e-05
    11766.7107 1.594022e-05
    11778.4832 1.566622e-05
    11790.2676 1.581510e-05
    11802.0638 1.609472e-05
    11813.8718 1.605406e-05
    11825.6915 1.561533e-05
    11837.5231 1.554904e-05
    11849.3666 1.597041e-05
    11861.2219 1.617329e-05
    11873.0890 1.595024e-05
    11884.9681 1.544045e-05
    11896.8590 1.559634e-05
    11908.7618 1.597600e-05
    11920.6765 1.613080e-05
    11932.6031 1.618030e-05
    11944.5417 1.604117e-05
    11956.4922 1.587089e-05
    11968.4547 1.554358e-05
    11980.4291 1.522691e-05
    11992.4156 1.547128e-05
    12004.4140 1.579830e-05
    12016.4244 1.593472e-05
    12028.4468 1.578148e-05
    12040.4813 1.577115e-05
    12052.5278 1.599310e-05
    12064.5864 1.603120e-05
    12076.6570 1.588878e-05
    12088.7397 1.575362e-05
    12100.8345 1.577751e-05
    12112.9413 1.576755e-05
    12125.0603 1.595669e-05
    12137.1915 1.610592e-05
    12149.3347 1.618263e-05
    12161.4901 1.615260e-05
    12173.6577 1.607432e-05
    12185.8375 1.597794e-05
    12198.0294 1.596698e-05
    12210.2335 1.598006e-05
    12222.4499 1.595210e-05
    12234.6784 1.596733e-05
    12246.9192 1.592393e-05
    12259.1723 1.585013e-05
    12271.4376 1.574299e-05
    12283.7151 1.578846e-05
    12296.0050 1.586140e-05
    12308.3072 1.585440e-05
    12320.6216 1.578371e-05
    12332.9484 1.574081e-05
    12345.2875 1.571312e-05
    12357.6390 1.579491e-05
    12370.0028 1.585734e-05
    12382.3790 1.585669e-05
    12394.7676 1.572646e-05
    12407.1685 1.560719e-05
    12419.5819 1.521192e-05
    12432.0077 1.487814e-05
    12444.4459 1.509959e-05
    12456.8966 1.534416e-05
    12469.3597 1.538239e-05
    12481.8353 1.537666e-05
    12494.3234 1.542838e-05
    12506.8240 1.535724e-05
    12519.3371 1.510234e-05
    12531.8627 1.515282e-05
    12544.4008 1.535500e-05
    12556.9515 1.529016e-05
    12569.5147 1.514765e-05
    12582.0905 1.515520e-05
    12594.6789 1.514486e-05
    12607.2799 1.515140e-05
    12619.8934 1.520636e-05
    12632.5196 1.518592e-05
    12645.1585 1.512346e-05
    12657.8100 1.517589e-05
    12670.4741 1.510114e-05
    12683.1509 1.502506e-05
    12695.8404 1.519505e-05
    12708.5426 1.524074e-05
    12721.2575 1.524664e-05
    12733.9851 1.512953e-05
    12746.7255 1.507719e-05
    12759.4786 1.523975e-05
    12772.2444 1.534852e-05
    12785.0231 1.532901e-05
    12797.8145 1.521954e-05
    12810.6187 1.493876e-05
    12823.4357 1.457931e-05
    12836.2656 1.471938e-05
    12849.1083 1.502378e-05
    12861.9638 1.518207e-05
    12874.8322 1.515266e-05
    12887.7135 1.498501e-05
    12900.6076 1.474330e-05
    12913.5147 1.475107e-05
    12926.4347 1.483492e-05
    12939.3676 1.489073e-05
    12952.3134 1.512235e-05
    12965.2722 1.518683e-05
    12978.2440 1.507638e-05
    12991.2287 1.509049e-05
    13004.2264 1.501718e-05
    13017.2371 1.499698e-05
    13030.2609 1.505334e-05
    13043.2977 1.507869e-05
    13056.3475 1.512936e-05
    13069.4104 1.511816e-05
    13082.4863 1.505405e-05
    13095.5753 1.498368e-05
    13108.6775 1.488023e-05
    13121.7927 1.459201e-05
    13134.9211 1.459508e-05
    13148.0626 1.458425e-05
    13161.2172 1.475918e-05
    13174.3850 1.499874e-05
    13187.5660 1.501154e-05
    13200.7601 1.494774e-05
    13213.9675 1.489760e-05
    13227.1881 1.496531e-05
    13240.4219 1.501345e-05
    13253.6689 1.490168e-05
    13266.9292 1.480835e-05
    13280.2028 1.452529e-05
    13293.4896 1.423882e-05
    13306.7898 1.426747e-05
    13320.1032 1.409488e-05
    13333.4300 1.423653e-05
    13346.7701 1.405395e-05
    13360.1235 1.400479e-05
    13373.4903 1.388340e-05
    13386.8705 1.383640e-05
    13400.2641 1.386437e-05
    13413.6710 1.379855e-05
    13427.0914 1.380705e-05
    13440.5252 1.393456e-05
    13453.9725 1.394589e-05
    13467.4332 1.387514e-05
    13480.9073 1.390970e-05
    13494.3950 1.379254e-05
    13507.8961 1.373814e-05
    13521.4108 1.386023e-05
    13534.9390 1.386632e-05
    13548.4807 1.370497e-05
    13562.0359 1.361828e-05
    13575.6047 1.364049e-05
    13589.1871 1.353028e-05
    13602.7831 1.347161e-05
    13616.3927 1.355117e-05
    13630.0159 1.350044e-05
    13643.6528 1.350215e-05
    13657.3032 1.356911e-05
    13670.9674 1.352983e-05
    13684.6452 1.342200e-05
    13698.3367 1.343674e-05
    13712.0418 1.349750e-05
    13725.7607 1.353782e-05
    13739.4934 1.359740e-05
    13753.2397 1.365093e-05
    13766.9999 1.360590e-05
    13780.7737 1.351657e-05
    13794.5614 1.358307e-05
    13808.3629 1.369530e-05
    13822.1781 1.361032e-05
    13836.0072 1.349890e-05
    13849.8502 1.337811e-05
    13863.7069 1.331853e-05
    13877.5776 1.334064e-05
    13891.4621 1.325582e-05
    13905.3605 1.280449e-05
    13919.2728 1.253017e-05
    13933.1991 1.276460e-05
    13947.1392 1.290961e-05
    13961.0933 1.294240e-05
    13975.0614 1.294026e-05
    13989.0435 1.290709e-05
    14003.0395 1.280563e-05
    14017.0495 1.296375e-05
    14031.0736 1.309921e-05
    14045.1117 1.304189e-05
    14059.1638 1.292763e-05
    14073.2300 1.271589e-05
    14087.3103 1.271844e-05
    14101.4047 1.276420e-05
    14115.5131 1.257532e-05
    14129.6357 1.237243e-05
    14143.7724 1.247622e-05
    14157.9232 1.259834e-05
    14172.0882 1.252741e-05
    14186.2674 1.236411e-05
    14200.4608 1.240393e-05
    14214.6683 1.244926e-05
    14228.8901 1.233443e-05
    14243.1261 1.221318e-05
    14257.3764 1.218211e-05
    14271.6409 1.232034e-05
    14285.9197 1.239316e-05
    14300.2127 1.253333e-05
    14314.5201 1.257026e-05
    14328.8418 1.250514e-05
    14343.1778 1.237533e-05
    14357.5281 1.230962e-05
    14371.8928 1.236996e-05
    14386.2719 1.245756e-05
    14400.6654 1.226878e-05
    14415.0733 1.223733e-05
    14429.4955 1.229319e-05
    14443.9323 1.208397e-05
    14458.3834 1.221824e-05
    14472.8490 1.244665e-05
    14487.3291 1.262126e-05
    14501.8237 1.247132e-05
    14516.3328 1.233898e-05
    14530.8564 1.221107e-05
    14545.3945 1.212922e-05
    14559.9472 1.199076e-05
    14574.5144 1.222927e-05
    14589.0962 1.224682e-05
    14603.6926 1.161966e-05
    14618.3036 1.139900e-05
    14632.9292 1.177966e-05
    14647.5694 1.187522e-05
    14662.2243 1.174176e-05
    14676.8939 1.176905e-05
    14691.5781 1.179411e-05
    14706.2771 1.176371e-05
    14720.9907 1.195290e-05
    14735.7190 1.193727e-05
    14750.4621 1.181051e-05
    14765.2200 1.180589e-05
    14779.9926 1.199048e-05
    14794.7800 1.197764e-05
    14809.5821 1.203599e-05
    14824.3991 1.212875e-05
    14839.2309 1.217076e-05
    14854.0776 1.216782e-05
    14868.9391 1.194836e-05
    14883.8155 1.170484e-05
    14898.7067 1.200805e-05
    14913.6129 1.219119e-05
    14928.5340 1.226871e-05
    14943.4700 1.226331e-05
    14958.4209 1.237622e-05
    14973.3868 1.240014e-05
    14988.3677 1.231893e-05
    15003.3636 1.215479e-05
    15018.3744 1.164638e-05
    15033.4003 1.123834e-05
    15048.4412 1.125073e-05
    15063.4972 1.175179e-05
    15078.5682 1.217434e-05
    15093.6543 1.231726e-05
    15108.7555 1.222652e-05
    15123.8719 1.202184e-05
    15139.0033 1.198144e-05
    15154.1499 1.210530e-05
    15169.3116 1.206230e-05
    15184.4885 1.218431e-05
    15199.6806 1.231828e-05
    15214.8879 1.231078e-05
    15230.1104 1.230040e-05
    15245.3481 1.231352e-05
    15260.6011 1.221902e-05
    15275.8693 1.211317e-05
    15291.1528 1.211139e-05
    15306.4516 1.235779e-05
    15321.7657 1.248434e-05
    15337.0951 1.255951e-05
    15352.4399 1.257109e-05
    15367.8000 1.230670e-05
    15383.1755 1.193259e-05
    15398.5664 1.189831e-05
    15413.9727 1.206391e-05
    15429.3943 1.213823e-05
    15444.8315 1.265722e-05
    15460.2840 1.275175e-05
    15475.7520 1.263692e-05
    15491.2355 1.256575e-05
    15506.7345 1.239537e-05
    15522.2490 1.252660e-05
    15537.7790 1.223955e-05
    15553.3246 1.201257e-05
    15568.8857 1.182125e-05
    15584.4623 1.156499e-05
    15600.0546 1.166278e-05
    15615.6624 1.196315e-05
    15631.2859 1.205454e-05
    15646.9250 1.210539e-05
    15662.5798 1.225330e-05
    15678.2502 1.222056e-05
    15693.9363 1.221779e-05
    15709.6381 1.250466e-05
    15725.3556 1.250353e-05
    15741.0888 1.232722e-05
    15756.8377 1.173258e-05
    15772.6025 1.114757e-05
    15788.3830 1.133768e-05
    15804.1792 1.184866e-05
    15819.9913 1.186353e-05
    15835.8192 1.180859e-05
    15851.6630 1.212531e-05
    15867.5226 1.213172e-05
    15883.3980 1.144221e-05
    15899.2894 1.094272e-05
    15915.1966 1.143981e-05
    15931.1198 1.213561e-05
    15947.0588 1.257643e-05
    15963.0139 1.241131e-05
    15978.9849 1.192380e-05
    15994.9719 1.171765e-05
    16010.9748 1.172943e-05
    16026.9938 1.191458e-05
    16043.0288 1.204414e-05
    16059.0799 1.204684e-05
    16075.1470 1.204895e-05
    16091.2302 1.238839e-05
    16107.3294 1.256760e-05
    16123.4448 1.244214e-05
    16139.5763 1.247386e-05
    16155.7240 1.236753e-05
    16171.8878 1.216220e-05
    16188.0678 1.125388e-05
    16204.2639 1.074947e-05
    16220.4763 1.103441e-05
    16236.7049 1.137897e-05
    16252.9497 1.162793e-05
    16269.2108 1.228787e-05
    16285.4881 1.262848e-05
    16301.7818 1.249041e-05
    16318.0917 1.234096e-05
    16334.4180 1.244792e-05
    16350.7606 1.246576e-05
    16367.1195 1.239516e-05
    16383.4948 1.202909e-05
    16399.8865 1.140055e-05
    16416.2946 1.137611e-05
    16432.7191 1.153548e-05
    16449.1600 1.154219e-05
    16465.6174 1.184456e-05
    16482.0913 1.196339e-05
    16498.5816 1.214975e-05
    16515.0884 1.212188e-05
    16531.6118 1.177969e-05
    16548.1517 1.191457e-05
    16564.7081 1.218110e-05
    16581.2811 1.221171e-05
    16597.8707 1.208733e-05
    16614.4768 1.151690e-05
    16631.0996 1.128978e-05
    16647.7390 1.132823e-05
    16664.3951 1.134108e-05
    16681.0678 1.157735e-05
    16697.7572 1.175561e-05
    16714.4634 1.159185e-05
    16731.1862 1.157737e-05
    16747.9257 1.149676e-05
    16764.6820 1.166479e-05
    16781.4551 1.211414e-05
    16798.2449 1.211976e-05
    16815.0516 1.188518e-05
    16831.8751 1.148952e-05
    16848.7153 1.102887e-05
    16865.5725 1.074492e-05
    16882.4465 1.075312e-05
    16899.3374 1.096242e-05
    16916.2452 1.130471e-05
    16933.1699 1.135970e-05
    16950.1115 1.125365e-05
    16967.0701 1.132510e-05
    16984.0457 1.145403e-05
    17001.0382 1.119578e-05
    17018.0478 1.123534e-05
    17035.0743 1.141941e-05
    17052.1179 1.125472e-05
    17069.1786 1.084724e-05
    17086.2563 1.081792e-05
    17103.3511 1.050110e-05
    17120.4630 1.059765e-05
    17137.5920 1.103901e-05
    17154.7382 1.112605e-05
    17171.9015 1.094010e-05
    17189.0820 1.082603e-05
    17206.2797 1.069441e-05
    17223.4945 1.058919e-05
    17240.7267 1.068444e-05
    17257.9760 1.084863e-05
    17275.2426 1.080076e-05
    17292.5265 1.042961e-05
    17309.8277 1.007378e-05
    17327.1462 9.952672e-06
    17344.4820 9.998147e-06
    17361.8351 1.021075e-05
    17379.2056 1.028904e-05
    17396.5935 1.018426e-05
    17413.9988 1.013249e-05
    17431.4215 1.022993e-05
    17448.8617 1.039366e-05
    17466.3193 1.032248e-05
    17483.7943 1.035175e-05
    17501.2869 1.013281e-05
    17518.7969 1.000161e-05
    17536.3245 9.808406e-06
    17553.8696 9.750781e-06
    17571.4322 9.789588e-06
    17589.0124 9.786238e-06
    17606.6102 9.634500e-06
    17624.2257 9.599827e-06
    17641.8587 9.907368e-06
    17659.5094 9.975823e-06
    17677.1777 9.745577e-06
    17694.8637 9.606964e-06
    17712.5675 9.409594e-06
    17730.2889 9.388272e-06
    17748.0280 9.272956e-06
    17765.7849 9.259313e-06
    17783.5596 9.293687e-06
    17801.3521 9.350714e-06
    17819.1623 9.065494e-06
    17836.9904 9.002990e-06
    17854.8363 8.948489e-06
    17872.7001 9.228901e-06
    17890.5817 9.402694e-06
    17908.4813 9.166101e-06
    17926.3987 8.950232e-06
    17944.3341 8.888078e-06
    17962.2874 8.934728e-06
    17980.2586 8.916557e-06
    17998.2479 8.669624e-06
    18016.2551 8.417186e-06
    18034.2804 8.376982e-06
    18052.3237 8.521576e-06
    18070.3851 8.634165e-06
    18088.4645 8.673620e-06
    18106.5620 8.610132e-06
    18124.6776 8.677140e-06
    18142.8114 8.706143e-06
    18160.9632 8.743228e-06
    18179.1333 8.734567e-06
    18197.3215 8.720465e-06
    18215.5279 8.797797e-06
    18233.7526 8.895907e-06
    18251.9954 8.868615e-06
    18270.2566 8.573606e-06
    18288.5360 8.369278e-06
    18306.8336 8.488409e-06
    18325.1496 8.620162e-06
    18343.4840 8.502158e-06
    18361.8366 8.286763e-06
    18380.2076 8.277469e-06
    18398.5970 8.182976e-06
    18417.0048 7.995327e-06
    18435.4310 8.014621e-06
    18453.8757 8.089611e-06
    18472.3388 8.050356e-06
    18490.8204 8.114837e-06
    18509.3205 8.122892e-06
    18527.8390 7.959540e-06
    18546.3761 7.867239e-06
    18564.9318 7.881017e-06
    18583.5060 8.012343e-06
    18602.0988 8.144222e-06
    18620.7102 8.170030e-06
    18639.3402 8.058362e-06
    18657.9889 7.844799e-06
    18676.6562 7.857756e-06
    18695.3422 8.039424e-06
    18714.0469 7.989016e-06
    18732.7703 7.831653e-06
    18751.5125 7.796943e-06
    18770.2733 7.842206e-06
    18789.0530 7.949775e-06
    18807.8515 8.002113e-06
    18826.6687 7.892840e-06
    18845.5048 7.728937e-06
    18864.3597 7.704517e-06
    18883.2335 7.754634e-06
    18902.1262 7.586865e-06
    18921.0378 7.404872e-06
    18939.9683 7.526709e-06
    18958.9177 7.690435e-06
    18977.8861 7.799230e-06
    18996.8735 7.863394e-06
    19015.8799 7.829445e-06
    19034.9053 7.685051e-06
    19053.9497 7.597409e-06
    19073.0132 7.606469e-06
    19092.0957 7.590032e-06
    19111.1974 7.561173e-06
    19130.3181 7.608387e-06
    19149.4580 7.591504e-06
    19168.6171 7.525898e-06
    19187.7953 7.495683e-06
    19206.9927 7.475887e-06
    19226.2093 7.547223e-06
    19245.4451 7.558905e-06
    19264.7002 7.454475e-06
    19283.9745 7.347083e-06
    19303.2681 7.168303e-06
    19322.5810 7.099583e-06
    19341.9133 7.216402e-06
    19361.2649 7.333927e-06
    19380.6358 7.266356e-06
    19400.0261 7.126395e-06
    19419.4359 7.071905e-06
    19438.8650 6.858767e-06
    19458.3136 6.675519e-06
    19477.7817 6.768136e-06
    19497.2692 6.796253e-06
    19516.7762 6.806670e-06
    19536.3027 7.034125e-06
    19555.8488 7.117524e-06
    19575.4144 7.175851e-06
    19594.9996 6.980811e-06
    19614.6044 6.827992e-06
    19634.2289 6.697537e-06
    19653.8729 6.855767e-06
    19673.5366 6.978344e-06
    19693.2200 7.026614e-06
    19712.9231 6.783303e-06
    19732.6458 6.525056e-06
    19752.3884 6.402911e-06
    19772.1506 6.274731e-06
    19791.9327 6.277166e-06
    19811.7345 6.446014e-06
    19831.5561 6.550784e-06
    19851.3976 6.402790e-06
    19871.2589 6.339315e-06
    19891.1401 6.453664e-06
    19911.0412 6.405718e-06
    19930.9622 6.350667e-06
    19950.9032 6.336949e-06
    19970.8640 6.339739e-06
    19990.8449 6.430099e-06
    20010.8457 6.444325e-06
    20030.8666 6.428609e-06
    20050.9075 6.421852e-06
    20070.9684 6.458241e-06
    20091.0494 6.429253e-06
    20111.1505 6.427904e-06
    20131.2717 6.435364e-06
    20151.4131 6.386318e-06
    20171.5746 6.308541e-06
    20191.7562 6.211579e-06
    20211.9581 6.269599e-06
    20232.1801 6.293209e-06
    20252.4224 6.257955e-06
    20272.6850 6.200497e-06
    20292.9678 6.127121e-06
    20313.2709 6.279067e-06
    20333.5944 6.305557e-06
    20353.9381 6.262057e-06
    20374.3023 6.302631e-06
    20394.6868 6.256860e-06
    20415.0916 6.316819e-06
    20435.5169 6.247910e-06
    20455.9627 6.194179e-06
    20476.4289 6.194970e-06
    20496.9155 6.102168e-06
    20517.4227 6.034026e-06
    20537.9504 5.963655e-06
    20558.4986 6.004508e-06
    20579.0674 6.057770e-06
    20599.6568 6.042302e-06
    20620.2667 5.999141e-06
    20640.8973 5.953721e-06
    20661.5485 6.031296e-06
    20682.2204 5.994840e-06
    20702.9130 5.933752e-06
    20723.6262 5.845868e-06
    20744.3602 5.889909e-06
    20765.1150 6.008567e-06
    20785.8905 6.011261e-06
    20806.6868 5.908938e-06
    20827.5038 5.875461e-06
    20848.3418 5.856571e-06
    20869.2005 5.870173e-06
    20890.0802 5.885832e-06
    20910.9807 5.927666e-06
    20931.9021 5.869665e-06
    20952.8445 5.812628e-06
    20973.8078 5.844356e-06
    20994.7921 5.895677e-06
    21015.7974 5.883485e-06
    21036.8237 5.870065e-06
    21057.8711 5.781562e-06
    21078.9395 5.685103e-06
    21100.0290 5.754120e-06
    21121.1396 5.781358e-06
    21142.2713 5.753687e-06
    21163.4241 5.636823e-06
    21184.5981 5.626962e-06
    21205.7933 5.618889e-06
    21227.0097 5.675450e-06
    21248.2473 5.708837e-06
    21269.5062 5.644400e-06
    21290.7864 5.609289e-06
    21312.0878 5.628504e-06
    21333.4105 5.563929e-06
    21354.7546 5.533408e-06
    21376.1201 5.570811e-06
    21397.5069 5.588020e-06
    21418.9151 5.607382e-06
    21440.3447 5.629142e-06
    21461.7958 5.587599e-06
    21483.2683 5.560277e-06
    21504.7623 5.563520e-06
    21526.2778 5.531883e-06
    21547.8149 5.487001e-06
    21569.3735 5.467602e-06
    21590.9536 5.473862e-06
    21612.5554 5.497770e-06
    21634.1787 5.450726e-06
    21655.8237 5.439654e-06
    21677.4904 5.448787e-06
    21699.1787 5.468521e-06
    21720.8888 5.462136e-06
    21742.6205 5.433502e-06
    21764.3740 5.331156e-06
    21786.1493 5.253188e-06
    21807.9463 5.271732e-06
    21829.7652 5.265267e-06
    21851.6059 5.272441e-06
    21873.4684 5.253608e-06
    21895.3528 5.250374e-06
    21917.2591 5.323502e-06
    21939.1873 5.319661e-06
    21961.1375 5.298511e-06
    21983.1096 5.261428e-06
    22005.1037 5.188767e-06
    22027.1198 5.157139e-06
    22049.1580 5.066971e-06
    22071.2181 4.959891e-06
    22093.3004 5.054330e-06
    22115.4048 5.192103e-06
    22137.5312 5.224301e-06
    22159.6798 5.233279e-06
    22181.8506 5.214523e-06
    22204.0435 5.125438e-06
    22226.2587 5.107015e-06
    22248.4961 5.059469e-06
    22270.7557 4.937237e-06
    22293.0376 4.990750e-06
    22315.3418 5.057993e-06
    22337.6683 5.059842e-06
    22360.0171 5.007497e-06
    22382.3883 4.914428e-06
    22404.7819 4.889760e-06
    22427.1979 4.914150e-06
    22449.6363 4.963938e-06
    22472.0972 4.937388e-06
    22494.5805 4.909134e-06
    22517.0863 4.918034e-06
    22539.6147 4.883453e-06
    22562.1656 4.874380e-06
    22584.7390 4.847543e-06
    22607.3351 4.721939e-06
    22629.9537 4.560121e-06
    22652.5950 4.589169e-06
    22675.2589 4.707073e-06
    22697.9455 4.750131e-06
    22720.6548 4.765070e-06
    22743.3868 4.783192e-06
    22766.1416 4.770864e-06
    22788.9191 4.691116e-06
    22811.7194 4.642835e-06
    22834.5425 4.610132e-06
    22857.3885 4.640410e-06
    22880.2573 4.655247e-06
    22903.1490 4.578982e-06
    22926.0636 4.095501e-06
    22949.0012 3.604010e-06
    22971.9616 3.727128e-06
    22994.9451 3.980938e-06
    23017.9515 4.162749e-06
    23040.9810 4.160149e-06
    23064.0335 4.114486e-06
    23087.1091 4.123146e-06
    23110.2077 4.145464e-06
    23133.3295 4.139392e-06
    23156.4744 4.111736e-06
    23179.6425 4.081902e-06
    23202.8337 3.944518e-06
    23226.0481 3.439316e-06
    23249.2858 3.343726e-06
    23272.5467 3.522580e-06
    23295.8309 3.630300e-06
    23319.1384 3.752938e-06
    23342.4692 3.805197e-06
    23365.8233 3.802449e-06
    23389.2008 3.747135e-06
    23412.6017 3.763328e-06
    23436.0261 3.668889e-06
    23459.4738 3.577144e-06
    23482.9450 3.578730e-06
    23506.4397 3.344636e-06
    23529.9579 2.981695e-06
    23553.4996 3.008882e-06
    23577.0649 3.173719e-06
    23600.6538 3.296144e-06
    23624.2662 3.358583e-06
    23647.9023 3.428641e-06
    23671.5620 3.468068e-06
    23695.2454 3.486799e-06
    23718.9525 3.395051e-06
    23742.6833 3.288561e-06
    23766.4379 3.296360e-06
    23790.2162 3.273247e-06
    23814.0183 3.098689e-06
    23837.8443 2.813725e-06
    23861.6940 2.844152e-06
    23885.5677 3.030007e-06
    23909.4652 3.085817e-06
    23933.3866 3.155792e-06
    23957.3320 3.188924e-06
    23981.3013 3.234428e-06
    24000.0000 3.170162e-06
    24241.2040 2.997113e-06
    24484.8322 2.748222e-06
    24730.9088 2.543910e-06
    24979.4586 2.568654e-06
    25230.5063 2.454171e-06
    25484.0771 2.405469e-06
    25740.1964 2.399873e-06
    25998.8896 2.399551e-06
    26260.1828 2.379125e-06
    26524.1020 2.292444e-06
    26790.6737 2.219667e-06
    27059.9244 2.173822e-06
    27331.8812 2.071071e-06
    27606.5712 1.985859e-06
    27884.0218 1.900303e-06
    28164.2609 1.839255e-06
    28447.3164 1.815365e-06
    28733.2167 1.766075e-06
    29021.9903 1.726888e-06
    29313.6662 1.681391e-06
    29608.2734 1.629971e-06
    29905.8415 1.570501e-06
    30206.4002 1.540903e-06
    30509.9796 1.511348e-06
    30816.6100 1.469591e-06
    31126.3221 1.430469e-06
    31439.1468 1.398238e-06
    31755.1155 1.364915e-06
    32074.2597 1.331997e-06
    32396.6114 1.301805e-06
    32722.2027 1.268173e-06
    33051.0663 1.233550e-06
    33383.2351 1.197837e-06
    33718.7422 1.163033e-06
    34057.6212 1.134629e-06
    34399.9059 1.108103e-06
    34745.6308 1.077162e-06
    35094.8301 1.046750e-06
    35447.5391 1.017747e-06
    35803.7927 9.878152e-07
    36163.6268 9.572377e-07
    36527.0773 9.273013e-07
    36894.1806 9.049345e-07
    37264.9732 8.864914e-07
    37639.4925 8.651260e-07
    38017.7756 8.410988e-07
    38399.8606 8.136960e-07
    38785.7857 7.833358e-07
    39175.5893 7.549213e-07
    39569.3105 7.259952e-07
    39966.9887 6.882271e-07
    40368.6636 6.440720e-07
    40774.3754 6.057048e-07
    41184.1647 5.739497e-07
    41598.0724 5.460270e-07
    42016.1400 5.222895e-07
    42438.4092 4.972823e-07
    42864.9223 4.675627e-07
    43295.7220 4.344057e-07
    43730.8512 4.055193e-07
    44170.3536 3.824096e-07
    44614.2730 3.591750e-07
    45062.6539 3.411610e-07
    45515.5411 3.293031e-07
    45972.9799 3.190613e-07
    46435.0160 3.100931e-07
    46901.6957 2.974195e-07
    47373.0656 2.873448e-07
    47849.1728 2.854005e-07
    48330.0650 2.788198e-07
    48815.7902 2.680755e-07
    49306.3971 2.586340e-07
    49801.9346 2.510301e-07
    50302.4523 2.464251e-07
    50808.0004 2.395020e-07
    51318.6293 2.313878e-07
    51834.3901 2.252152e-07
    52355.3344 2.173634e-07
    52881.5142 2.099852e-07
    53412.9823 2.026213e-07
    53949.7917 1.978396e-07
    54491.9961 1.936358e-07
    55039.6498 1.878655e-07
    55592.8074 1.833038e-07
    56151.5244 1.807378e-07
    56715.8566 1.764135e-07
    57285.8605 1.712171e-07
    57861.5930 1.655752e-07
    58443.1116 1.606227e-07
    59030.4747 1.573488e-07
    59623.7408 1.538600e-07
    60222.9694 1.489794e-07
    60828.2203 1.439590e-07
    61439.5540 1.395577e-07
    62057.0318 1.348818e-07
    62680.7154 1.304830e-07
    63310.6670 1.262280e-07
    63946.9498 1.210084e-07
    64589.6273 1.151509e-07
    65238.7639 1.096419e-07
    65894.4244 1.048426e-07
    66556.6743 1.009234e-07
    67225.5800 9.738197e-08
    67901.2083 9.338222e-08
    68583.6268 9.017013e-08
    69272.9037 8.769507e-08
    69969.1080 8.541506e-08
    70672.3092 8.286645e-08
    71382.5777 8.019411e-08
    72099.9846 7.785639e-08
    72824.6015 7.547562e-08
    73556.5009 7.305787e-08
    74295.7560 7.076428e-08
    75042.4408 6.834570e-08
    75796.6298 6.548381e-08
    76558.3986 6.229662e-08
    77327.8233 5.964958e-08
    78104.9809 5.772174e-08
    78889.9490 5.585193e-08
    79682.8061 5.398054e-08
    80483.6317 5.218623e-08
    81292.5056 5.102238e-08
    82109.5089 4.993664e-08
    82934.7232 4.883579e-08
    83768.2310 4.787172e-08
    84610.1157 4.697852e-08
    85460.4615 4.662426e-08
    86319.3534 4.641864e-08
    87186.8773 4.600998e-08
    88063.1200 4.571001e-08
    88948.1691 4.555264e-08
    89842.1131 4.533610e-08
    90745.0413 4.483064e-08
    91657.0441 4.424051e-08
    92578.2127 4.375677e-08
    93508.6392 4.313166e-08
    94448.4167 4.240265e-08
    95397.6391 4.161364e-08
    96356.4013 4.085135e-08
    97324.7992 4.014666e-08
    98302.9297 3.935129e-08
    99290.8906 3.859405e-08
   100288.7806 3.798464e-08
   101296.6996 3.721948e-08
   102314.7484 3.638459e-08
   103343.0287 3.557682e-08
   104381.6434 3.476063e-08
   105430.6963 3.390616e-08
   106490.2925 3.310319e-08
   107560.5377 3.227657e-08
   108641.5391 3.144375e-08
   109733.4047 3.055598e-08
   110836.2437 2.969269e-08
   111950.1665 2.879828e-08
   113075.2844 2.794840e-08
   114211.7099 2.705237e-08
   115359.5567 2.611365e-08
   116518.9395 2.510719e-08
   117689.9743 2.397618e-08
   118872.7782 2.280912e-08
