# FSPS 0.4.7 SSP; isochrones/spectra ('mist', 'c3k_a'); imf_type 2; logzsol +0.00; tage 8.0 Gyr; sfh 0; no nebular; rest wavelength [A] VACUUM as shipped by FSPS; f_lambda [L_sun/A], arbitrary normalization
      900.6982 1.667253e-07
      902.5013 1.662626e-07
      904.3082 1.647721e-07
      906.1186 1.647133e-07
      907.9326 1.665729e-07
      909.7503 1.651521e-07
      911.5716 1.646146e-07
      913.3966 1.622815e-07
      915.2252 1.589025e-07
      917.0575 1.564182e-07
      918.8935 1.610440e-07
      920.7331 1.597890e-07
      922.5764 1.633296e-07
      924.4234 1.827257e-07
      926.2741 1.588828e-07
      928.1285 2.234670e-07
      929.9866 2.028117e-07
      931.8484 2.253999e-07
      933.7140 2.515382e-07
      935.5833 2.654434e-07
      937.4563 1.803391e-07
      939.3331 2.593262e-07
      941.2137 2.982615e-07
      943.0980 2.764282e-07
      944.9861 2.933000e-07
      946.8779 2.888543e-07
      948.7736 2.108473e-07
      950.6730 2.273666e-07
      952.5763 3.023657e-07
      954.4833 3.196269e-07
      956.3942 3.245633e-07
      958.3089 2.770421e-07
      960.2275 3.287244e-07
      962.1498 3.360152e-07
      964.0761 3.265016e-07
      966.0061 3.244171e-07
      967.9401 3.088556e-07
      969.8779 2.782966e-07
      971.8196 1.802233e-07
      973.7652 2.101706e-07
      975.7147 2.380925e-07
      977.6680 2.418779e-07
      979.6253 2.490821e-07
      981.5865 2.834158e-07
      983.5517 2.803948e-07
      985.5208 2.874571e-07
      987.4938 2.947558e-07
      989.4707 2.803944e-07
      991.4517 2.282647e-07
      993.4365 2.409950e-07
      995.4254 2.706813e-07
      997.4182 2.899090e-07
      999.4151 2.953417e-07
     1000.0000 3.030808e-07
     1001.0005 2.859305e-07
     1002.0020 2.828600e-07
     1003.0045 2.893089e-07
     1004.0080 2.961255e-07
     1005.0125 2.912631e-07
     1006.0180 2.796884e-07
     1007.0246 2.803792e-07
     1008.0321 2.927120e-07
     1009.0406 2.845361e-07
     1010.0502 2.607751e-07
     1011.0607 2.765644e-07
     1012.0723 2.819656e-07
     1013.0849 2.933469e-07
     1014.0985 2.946412e-07
     1015.1131 2.779063e-07
     1016.1287 2.833658e-07
     1017.1453 2.737990e-07
     1018.1630 2.865660e-07
     1019.1816 2.753103e-07
     1020.2013 2.744714e-07
     1021.2221 2.625373e-07
     1022.2438 2.639304e-07
     1023.2665 2.462556e-07
     1024.2903 2.035556e-07
     1025.3151 1.144100e-07
     1026.3409 1.531773e-07
     1027.3678 2.084669e-07
     1028.3957 2.421445e-07
     1029.4246 2.661132e-07
     1030.4545 2.692459e-07
     1031.4855 2.723190e-07
     1032.5175 2.741193e-07
     1033.5505 2.725442e-07
     1034.5846 2.662190e-07
     1035.6197 2.654326e-07
     1036.6558 2.633518e-07
     1037.6930 2.719251e-07
     1038.7312 2.818379e-07
     1039.7705 2.807619e-07
     1040.8108 2.780885e-07
     1041.8521 2.923641e-07
     1042.8945 2.948147e-07
     1043.9379 2.955076e-07
     1044.9824 2.899444e-07
     1046.0279 2.851559e-07
     1047.0744 2.839428e-07
     1048.1220 2.841892e-07
     1049.1707 2.869154e-07
     1050.2204 2.841783e-07
     1051.2711 2.845902e-07
     1052.3229 2.894055e-07
     1053.3757 2.810823e-07
     1054.4296 2.811281e-07
     1055.4846 2.791860e-07
     1056.5406 2.762032e-07
     1057.5977 2.802847e-07
     1058.6558 2.748791e-07
     1059.7150 2.644483e-07
     1060.7752 2.596386e-07
     1061.8365 2.568257e-07
     1062.8989 2.557772e-07
     1063.9623 2.676483e-07
     1065.0268 2.649289e-07
     1066.0924 2.535176e-07
     1067.1590 2.532431e-07
     1068.2267 2.597301e-07
     1069.2955 2.592344e-07
     1070.3653 2.596130e-07
     1071.4362 2.621706e-07
     1072.5082 2.523738e-07
     1073.5812 2.457215e-07
     1074.6553 2.567421e-07
     1075.7305 2.595771e-07
     1076.8068 2.608458e-07
     1077.8842 2.574814e-07
     1078.9626 2.554693e-07
     1080.0421 2.571686e-07
     1081.1227 2.542399e-07
     1082.2043 2.511038e-07
     1083.2871 2.281957e-07
     1084.3709 1.809040e-07
     1085.4558 1.772645e-07
     1086.5418 2.228535e-07
     1087.6289 2.411266e-07
     1088.7171 2.446414e-07
     1089.8063 2.449962e-07
     1090.8967 2.464269e-07
     1091.9881 2.453255e-07
     1093.0807 2.446138e-07
     1094.1743 2.529074e-07
     1095.2690 2.479572e-07
     1096.3648 2.483427e-07
     1097.4617 2.424288e-07
     1098.5597 2.401126e-07
     1099.6589 2.422770e-07
     1100.7591 2.521638e-07
     1101.8604 2.478661e-07
     1102.9628 2.495956e-07
     1104.0663 2.472950e-07
     1105.1709 2.452363e-07
     1106.2766 2.421745e-07
     1107.3835 2.211476e-07
     1108.4914 2.238495e-07
     1109.6005 2.285277e-07
     1110.7106 2.313282e-07
     1111.8219 2.311271e-07
     1112.9343 2.274005e-07
     1114.0477 2.307796e-07
     1115.1624 2.353897e-07
     1116.2781 2.400841e-07
     1117.3949 2.316446e-07
     1118.5129 2.252053e-07
     1119.6319 2.343232e-07
     1120.7521 2.279381e-07
     1121.8734 2.124364e-07
     1122.9959 2.105007e-07
     1124.1194 2.155470e-07
     1125.2441 2.192601e-07
     1126.3699 2.184773e-07
     1127.4969 2.024396e-07
     1128.6249 1.942150e-07
     1129.7541 2.075419e-07
     1130.8844 2.164068e-07
     1132.0159 2.212767e-07
     1133.1485 2.248846e-07
     1134.2822 2.160428e-07
     1135.4170 2.192359e-07
     1136.5530 2.282195e-07
     1137.6901 2.234233e-07
     1138.8284 2.178647e-07
     1139.9678 2.136056e-07
     1141.1083 2.103798e-07
     1142.2500 2.076900e-07
     1143.3928 2.119058e-07
     1144.5368 2.035787e-07
     1145.6819 2.110688e-07
     1146.8281 2.210183e-07
     1147.9756 2.228766e-07
     1149.1241 2.143043e-07
     1150.2738 2.085434e-07
     1151.4246 2.064629e-07
     1152.5766 1.971082e-07
     1153.7298 2.012095e-07
     1154.8841 1.955038e-07
     1156.0396 1.997951e-07
     1157.1962 2.023915e-07
     1158.3540 2.055669e-07
     1159.5129 2.086635e-07
     1160.6730 2.061701e-07
     1161.8342 2.068486e-07
     1162.9967 2.073350e-07
     1164.1602 2.060765e-07
     1165.3250 2.002736e-07
     1166.4909 1.973965e-07
     1167.6580 1.899062e-07
     1168.8262 1.581054e-07
     1169.9956 1.944900e-07
     1171.1662 2.033633e-07
     1172.3379 1.989825e-07
     1173.5109 1.818739e-07
     1174.6850 1.514562e-07
     1175.8602 1.416812e-07
     1177.0367 1.595616e-07
     1178.2143 1.842459e-07
     1179.3931 1.933536e-07
     1180.5731 1.897965e-07
     1181.7543 1.868405e-07
     1182.9366 1.889895e-07
     1184.1201 1.881494e-07
     1185.3049 1.953555e-07
     1186.4907 1.942960e-07
     1187.6778 1.903597e-07
     1188.8661 1.885623e-07
     1190.0556 1.881112e-07
     1191.2462 1.866719e-07
     1192.4381 1.820222e-07
     1193.6311 1.789167e-07
     1194.8253 1.792894e-07
     1196.0207 1.795069e-07
     1197.2174 1.820435e-07
     1198.4152 1.686012e-07
     1199.6142 1.746698e-07
     1200.8144 1.721377e-07
     1202.0158 1.716586e-07
     1203.2184 1.744807e-07
     1204.4223 1.665792e-07
     1205.6273 1.528615e-07
     1206.8335 1.519376e-07
     1208.0410 1.573049e-07
     1209.2496 1.604522e-07
     1210.4595 1.568276e-07
     1211.6705 1.516229e-07
     1212.8828 1.409951e-07
     1214.0963 1.151891e-07
     1215.3110 7.839164e-08
     1216.5269 1.003288e-07
     1217.7440 1.354027e-07
     1218.9624 1.584111e-07
     1220.1820 1.677772e-07
     1221.4028 1.730073e-07
     1222.6248 1.726309e-07
     1223.8480 1.724100e-07
     1225.0725 1.764931e-07
     1226.2982 1.787826e-07
     1227.5251 1.764066e-07
     1228.7532 1.660938e-07
     1229.9826 1.657394e-07
     1231.2132 1.723214e-07
     1232.4450 1.726877e-07
     1233.6781 1.726276e-07
     1234.9124 1.721900e-07
     1236.1479 1.752008e-07
     1237.3847 1.742667e-07
     1238.6227 1.678045e-07
     1239.8619 1.494421e-07
     1241.1024 1.720238e-07
     1242.3441 1.712251e-07
     1243.5871 1.716182e-07
     1244.8313 1.722868e-07
     1246.0767 1.636423e-07
     1247.3234 1.581507e-07
     1248.5714 1.628544e-07
     1249.8206 1.681868e-07
     1251.0710 1.677577e-07
     1252.3227 1.637071e-07
     1253.5757 1.612084e-07
     1254.8299 1.689895e-07
     1256.0853 1.694190e-07
     1257.3420 1.681133e-07
     1258.6000 1.653978e-07
     1259.8592 1.598287e-07
     1261.1197 1.641050e-07
     1262.3815 1.685421e-07
     1263.6445 1.656481e-07
     1264.9088 1.623754e-07
     1266.1743 1.545279e-07
     1267.4411 1.603640e-07
     1268.7092 1.614442e-07
     1269.9785 1.608195e-07
     1271.2492 1.605774e-07
     1272.5210 1.635786e-07
     1273.7942 1.632409e-07
     1275.0686 1.671933e-07
     1276.3443 1.666070e-07
     1277.6213 1.647316e-07
     1278.8996 1.620596e-07
     1280.1791 1.602505e-07
     1281.4599 1.629768e-07
     1282.7420 1.621916e-07
     1284.0254 1.577270e-07
     1285.3101 1.585136e-07
     1286.5960 1.545249e-07
     1287.8833 1.572865e-07
     1289.1718 1.613215e-07
     1290.4616 1.603147e-07
     1291.7527 1.587954e-07
     1293.0451 1.553183e-07
     1294.3388 1.548859e-07
     1295.6338 1.444895e-07
     1296.9301 1.442449e-07
     1298.2277 1.482347e-07
     1299.5265 1.495202e-07
     1300.8267 1.485463e-07
     1302.1282 1.477202e-07
     1303.4310 1.483721e-07
     1304.7351 1.500076e-07
     1306.0404 1.496919e-07
     1307.3471 1.517485e-07
     1308.6551 1.519803e-07
     1309.9645 1.476458e-07
     1311.2751 1.506860e-07
     1312.5870 1.524201e-07
     1313.9002 1.517494e-07
     1315.2148 1.500515e-07
     1316.5307 1.505119e-07
     1317.8479 1.441622e-07
     1319.1664 1.504971e-07
     1320.4862 1.478307e-07
     1321.8073 1.492419e-07
     1323.1298 1.459500e-07
     1324.4536 1.419038e-07
     1325.7787 1.480768e-07
     1327.1052 1.435756e-07
     1328.4329 1.408655e-07
     1329.7620 1.416282e-07
     1331.0925 1.411037e-07
     1332.4242 1.449304e-07
     1333.7573 1.412093e-07
     1335.0917 1.356457e-07
     1336.4275 1.367392e-07
     1337.7646 1.335805e-07
     1339.1030 1.392895e-07
     1340.4428 1.419803e-07
     1341.7839 1.386611e-07
     1343.1264 1.315172e-07
     1344.4702 1.332908e-07
     1345.8153 1.333891e-07
     1347.1618 1.365116e-07
     1348.5096 1.371839e-07
     1349.8588 1.362831e-07
     1351.2093 1.281402e-07
     1352.5612 1.370985e-07
     1353.9145 1.371141e-07
     1355.2691 1.356148e-07
     1356.6250 1.346677e-07
     1357.9823 1.316495e-07
     1359.3410 1.314946e-07
     1360.7010 1.334473e-07
     1362.0624 1.275253e-07
     1363.4251 1.257607e-07
     1364.7892 1.261177e-07
     1366.1547 1.283585e-07
     1367.5215 1.330380e-07
     1368.8897 1.334715e-07
     1370.2593 1.309458e-07
     1371.6303 1.277370e-07
     1373.0026 1.272275e-07
     1374.3763 1.193146e-07
     1375.7513 1.222827e-07
     1377.1278 1.245188e-07
     1378.5056 1.228310e-07
     1379.8848 1.237166e-07
     1381.2654 1.256661e-07
     1382.6473 1.257417e-07
     1384.0306 1.226429e-07
     1385.4154 1.188726e-07
     1386.8015 1.184782e-07
     1388.1890 1.173458e-07
     1389.5779 1.213451e-07
     1390.9681 1.169286e-07
     1392.3598 1.068898e-07
     1393.7528 9.677728e-08
     1395.1473 1.024649e-07
     1396.5431 1.134849e-07
     1397.9404 1.165707e-07
     1399.3390 1.182670e-07
     1400.7391 1.116193e-07
     1402.1405 1.012535e-07
     1403.5433 1.044791e-07
     1404.9476 1.134592e-07
     1406.3532 1.138644e-07
     1407.7603 1.154325e-07
     1409.1688 1.105144e-07
     1410.5786 1.177934e-07
     1411.9899 1.195987e-07
     1413.4026 1.192005e-07
     1414.8167 1.143088e-07
     1416.2322 1.137339e-07
     1417.6492 1.123794e-07
     1419.0675 1.142270e-07
     1420.4873 1.079784e-07
     1421.9085 1.130040e-07
     1423.3311 1.129707e-07
     1424.7552 1.095931e-07
     1426.1807 1.073081e-07
     1427.6075 1.030356e-07
     1429.0359 1.034985e-07
     1430.4656 1.049255e-07
     1431.8968 1.108181e-07
     1433.3294 1.135989e-07
     1434.7635 1.146183e-07
     1436.1989 1.148770e-07
     1437.6359 1.136632e-07
     1439.0742 1.119734e-07
     1440.5140 1.060379e-07
     1441.9552 1.096117e-07
     1443.3979 1.117673e-07
     1444.8420 1.111841e-07
     1446.2876 1.072343e-07
     1447.7346 1.101819e-07
     1449.1831 1.090909e-07
     1450.6330 1.077717e-07
     1452.0843 1.075632e-07
     1453.5372 1.034930e-07
     1454.9914 1.044944e-07
     1456.4471 1.045566e-07
     1457.9043 1.061469e-07
     1459.3629 1.039704e-07
     1460.8230 1.042165e-07
     1462.2846 1.053399e-07
     1463.7476 1.051005e-07
     1465.2121 1.007923e-07
     1466.6780 1.031150e-07
     1468.1454 1.020527e-07
     1469.6143 1.023442e-07
     1471.0847 1.024784e-07
     1472.5565 9.874341e-08
     1474.0298 1.032704e-07
     1475.5046 1.014896e-07
     1476.9808 1.005105e-07
     1478.4585 9.867973e-08
     1479.9377 9.928908e-08
     1481.4184 1.015130e-07
     1482.9005 9.933840e-08
     1484.3842 9.703814e-08
     1485.8693 9.821945e-08
     1487.3559 1.007568e-07
     1488.8440 1.013407e-07
     1490.3336 9.999541e-08
     1491.8247 9.906064e-08
     1493.3173 9.905959e-08
     1494.8113 9.850865e-08
     1496.3069 9.772274e-08
     1497.8039 9.670407e-08
     1499.3025 9.455183e-08
     1500.8026 9.414172e-08
     1502.3041 9.482572e-08
     1503.8072 9.478416e-08
     1505.3117 9.611079e-08
     1506.8178 9.745178e-08
     1508.3254 9.760999e-08
     1509.8344 9.573621e-08
     1511.3450 9.347675e-08
     1512.8571 9.114541e-08
     1514.3707 9.163210e-08
     1515.8859 9.207601e-08
     1517.4025 9.342949e-08
     1518.9207 9.500550e-08
     1520.4404 9.464360e-08
     1521.9616 9.551681e-08
     1523.4843 9.311639e-08
     1525.0085 8.928472e-08
     1526.5343 8.662354e-08
     1528.0616 8.846926e-08
     1529.5904 8.799909e-08
     1531.1208 8.469840e-08
     1532.6527 8.167734e-08
     1534.1861 8.456489e-08
     1535.7210 8.617757e-08
     1537.2575 8.579449e-08
     1538.7955 8.465610e-08
     1540.3351 8.423475e-08
     1541.8762 8.373226e-08
     1543.4189 8.270224e-08
     1544.9631 8.236403e-08
     1546.5088 7.723709e-08
     1548.0561 6.904441e-08
     1549.6049 6.515027e-08
     1551.1553 6.986421e-08
     1552.7072 7.628307e-08
     1554.2607 8.049204e-08
     1555.8157 8.177257e-08
     1557.3723 8.021163e-08
     1558.9305 7.989214e-08
     1560.4902 7.851467e-08
     1562.0515 7.961867e-08
     1563.6143 7.975969e-08
     1565.1787 7.967751e-08
     1566.7447 7.972361e-08
     1568.3122 7.892037e-08
     1569.8813 7.974023e-08
     1571.4519 8.148893e-08
     1573.0242 8.230327e-08
     1574.5980 8.066299e-08
     1576.1734 7.844676e-08
     1577.7503 7.880563e-08
     1579.3289 8.007452e-08
     1580.9090 7.911866e-08
     1582.4907 7.825091e-08
     1584.0740 7.874380e-08
     1585.6589 7.671309e-08
     1587.2453 8.002128e-08
     1588.8333 7.837741e-08
     1590.4230 7.882047e-08
     1592.0142 7.767876e-08
     1593.6070 7.765528e-08
     1595.2014 7.804249e-08
     1596.7974 7.843930e-08
     1598.3950 7.738955e-08
     1599.9942 7.652984e-08
     1601.5950 7.551466e-08
     1603.1974 7.718215e-08
     1604.8014 7.661830e-08
     1606.4070 7.519610e-08
     1608.0142 7.500415e-08
     1609.6230 7.273136e-08
     1611.2334 7.312762e-08
     1612.8455 7.390069e-08
     1614.4591 7.465727e-08
     1616.0744 7.529590e-08
     1617.6913 7.502374e-08
     1619.3098 7.273355e-08
     1620.9299 7.173544e-08
     1622.5516 7.430495e-08
     1624.1750 7.477015e-08
     1625.8000 7.442659e-08
     1627.4266 7.256393e-08
     1629.0548 7.166872e-08
     1630.6847 7.124501e-08
     1632.3162 7.223028e-08
     1633.9494 7.389134e-08
     1635.5841 7.419321e-08
     1637.2205 7.147134e-08
     1638.8586 6.523058e-08
     1640.4982 5.051825e-08
     1642.1396 6.633562e-08
     1643.7825 7.244855e-08
     1645.4271 7.435271e-08
     1647.0734 7.470924e-08
     1648.7213 7.491581e-08
     1650.3708 7.425945e-08
     1652.0220 7.197477e-08
     1653.6749 7.082434e-08
     1655.3294 7.207929e-08
     1656.9855 7.115343e-08
     1658.6433 7.121099e-08
     1660.3028 7.151957e-08
     1661.9639 7.199495e-08
     1663.6267 7.255370e-08
     1665.2912 7.226874e-08
     1666.9573 7.160701e-08
     1668.6251 7.077109e-08
     1670.2946 6.906965e-08
     1671.9657 6.810215e-08
     1673.6385 6.864806e-08
     1675.3130 7.048190e-08
     1676.9891 7.092502e-08
     1678.6670 7.301179e-08
     1680.3465 7.246126e-08
     1682.0276 7.165398e-08
     1683.7105 7.311582e-08
     1685.3951 7.253290e-08
     1687.0813 7.026200e-08
     1688.7692 7.045391e-08
     1690.4588 6.990026e-08
     1692.1502 7.000978e-08
     1693.8431 6.986376e-08
     1695.5378 6.975898e-08
     1697.2342 7.002840e-08
     1698.9323 6.894458e-08
     1700.6321 6.792603e-08
     1702.3336 6.858325e-08
     1704.0368 6.853989e-08
     1705.7416 6.761532e-08
     1707.4482 6.640760e-08
     1709.1565 6.694461e-08
     1710.8666 6.711366e-08
     1712.5783 6.699727e-08
     1714.2917 6.721939e-08
     1716.0069 6.667960e-08
     1717.7237 6.449532e-08
     1719.4423 6.420899e-08
     1721.1626 6.373655e-08
     1722.8846 6.244232e-08
     1724.6084 6.338753e-08
     1726.3339 6.491013e-08
     1728.0611 6.579538e-08
     1729.7900 6.556415e-08
     1731.5206 6.621903e-08
     1733.2530 6.730082e-08
     1734.9871 6.809227e-08
     1736.7230 6.745797e-08
     1738.4606 6.563968e-08
     1740.1999 6.438030e-08
     1741.9410 6.471347e-08
     1743.6838 6.646249e-08
     1745.4284 6.670992e-08
     1747.1747 6.503610e-08
     1748.9227 6.454614e-08
     1750.6725 6.422313e-08
     1752.4240 6.384945e-08
     1754.1773 6.693980e-08
     1755.9324 7.035799e-08
     1757.6892 6.941945e-08
     1759.4478 6.702950e-08
     1761.2081 6.553765e-08
     1762.9702 6.488174e-08
     1764.7341 6.419744e-08
     1766.4997 6.493542e-08
     1768.2671 6.555374e-08
     1770.0362 6.553025e-08
     1771.8071 6.705999e-08
     1773.5798 6.716669e-08
     1775.3543 6.455639e-08
     1777.1305 6.536674e-08
     1778.9085 6.987290e-08
     1780.6883 7.135736e-08
     1782.4699 6.966584e-08
     1784.2533 6.942228e-08
     1786.0384 6.862078e-08
     1787.8254 6.711230e-08
     1789.6141 6.650396e-08
     1791.4046 6.591818e-08
     1793.1969 6.576358e-08
     1794.9910 6.701862e-08
     1796.7869 6.786026e-08
     1798.5846 6.882778e-08
     1800.3840 6.968496e-08
     1802.1853 6.888182e-08
     1803.9884 6.691149e-08
     1805.7933 6.391799e-08
     1807.6000 6.221311e-08
     1809.4085 6.370447e-08
     1811.2188 6.341041e-08
     1813.0309 6.159356e-08
     1814.8449 6.079405e-08
     1816.6606 6.045198e-08
     1818.4782 6.113091e-08
     1820.2976 6.128086e-08
     1822.1188 6.528139e-08
     1823.9418 6.770297e-08
     1825.7667 6.480404e-08
     1827.5934 6.178047e-08
     1829.4219 6.175168e-08
     1831.2522 6.415100e-08
     1833.0844 6.636443e-08
     1834.9184 6.691179e-08
     1836.7542 6.590160e-08
     1838.5919 6.425994e-08
     1840.4314 6.143517e-08
     1842.2728 5.883822e-08
     1844.1159 5.844419e-08
     1845.9610 5.734167e-08
     1847.8079 5.666628e-08
     1849.6566 5.718274e-08
     1851.5072 5.820127e-08
     1853.3596 6.099015e-08
     1855.2139 6.532442e-08
     1857.0700 6.757862e-08
     1858.9280 6.452921e-08
     1860.7879 6.223669e-08
     1862.6496 6.399530e-08
     1864.5132 6.503890e-08
     1866.3786 6.776366e-08
     1868.2460 7.226612e-08
     1870.1151 7.271064e-08
     1871.9862 7.164617e-08
     1873.8591 7.143584e-08
     1875.7339 7.185255e-08
     1877.6106 7.138658e-08
     1879.4891 6.974394e-08
     1881.3696 6.803515e-08
     1883.2519 6.917509e-08
     1885.1361 7.178360e-08
     1887.0221 7.444205e-08
     1888.9101 7.654855e-08
     1890.8000 7.494007e-08
     1892.6917 7.087241e-08
     1894.5853 7.095083e-08
     1896.4809 7.161978e-08
     1898.3783 6.994978e-08
     1900.2776 6.667829e-08
     1902.1789 6.525694e-08
     1904.0820 6.897004e-08
     1905.9870 7.138403e-08
     1907.8940 7.059457e-08
     1909.8028 6.823091e-08
     1911.7136 6.781033e-08
     1913.6262 6.852230e-08
     1915.5408 6.840538e-08
     1917.4573 6.755918e-08
     1919.3757 6.811666e-08
     1921.2961 6.900125e-08
     1923.2183 6.773992e-08
     1925.1425 6.658466e-08
     1927.0686 6.479036e-08
     1928.9967 6.073428e-08
     1930.9266 5.629961e-08
     1932.8585 5.552975e-08
     1934.7923 5.491649e-08
     1936.7281 5.530755e-08
     1938.6658 6.117384e-08
     1940.6054 6.829532e-08
     1942.5470 7.561987e-08
     1944.4905 7.835065e-08
     1946.4360 7.917250e-08
     1948.3834 8.143424e-08
     1950.3328 7.743808e-08
     1952.2841 7.286062e-08
     1954.2373 7.410203e-08
     1956.1925 7.593405e-08
     1958.1497 7.552391e-08
     1960.1088 7.468497e-08
     1962.0699 7.403751e-08
     1964.0330 7.698045e-08
     1965.9980 8.202932e-08
     1967.9650 8.228684e-08
     1969.9339 8.143189e-08
     1971.9048 8.231786e-08
     1973.8777 8.252048e-08
     1975.8526 8.010732e-08
     1977.8294 7.822443e-08
     1979.8083 7.770793e-08
     1981.7891 8.045491e-08
     1983.7718 8.199375e-08
     1985.7566 8.577948e-08
     1987.7433 8.736474e-08
     1989.7321 8.478636e-08
     1991.7228 8.525457e-08
     1993.7155 8.482452e-08
     1995.7102 8.428523e-08
     1997.7070 8.511291e-08
     1999.7057 8.590945e-08
     2001.7064 8.688584e-08
     2003.7091 8.700746e-08
     2005.7138 8.876913e-08
     2007.7205 9.015844e-08
     2009.7292 9.029933e-08
     2011.7400 8.870396e-08
     2013.7527 9.131263e-08
     2015.7675 9.368054e-08
     2017.7842 9.034417e-08
     2019.8030 8.427450e-08
     2021.8238 8.240453e-08
     2023.8467 8.408498e-08
     2025.8715 7.984456e-08
     2027.8984 7.970573e-08
     2029.9273 8.843356e-08
     2031.9583 9.248899e-08
     2033.9913 8.755929e-08
     2036.0263 8.597149e-08
     2038.0633 8.960573e-08
     2040.1024 9.231828e-08
     2042.1435 9.355669e-08
     2044.1867 9.724779e-08
     2046.2319 1.012607e-07
     2048.2791 1.020913e-07
     2050.3285 1.013227e-07
     2052.3798 9.815829e-08
     2054.4332 9.087430e-08
     2056.4887 8.686213e-08
     2058.5462 8.689071e-08
     2060.6058 8.655953e-08
     2062.6674 8.870083e-08
     2064.7311 9.207782e-08
     2066.7969 9.293401e-08
     2068.8647 9.686416e-08
     2070.9346 1.035535e-07
     2073.0066 1.062099e-07
     2075.0806 1.074550e-07
     2077.1567 1.058122e-07
     2079.2349 1.029897e-07
     2081.3152 1.050390e-07
     2083.3976 1.012601e-07
     2085.4820 1.006481e-07
     2087.5685 1.101312e-07
     2089.6571 1.176109e-07
     2091.7478 1.307683e-07
     2093.8406 1.428982e-07
     2095.9355 1.517904e-07
     2098.0325 1.784772e-07
     2100.1316 1.946321e-07
     2102.2328 2.189371e-07
     2104.3360 2.661126e-07
     2106.4414 3.015415e-07
     2108.5489 2.617667e-07
     2110.6585 2.637084e-07
     2112.7702 3.053660e-07
     2114.8841 3.111574e-07
     2117.0000 3.856896e-07
     2119.1181 4.295196e-07
     2121.2383 3.930242e-07
     2123.3606 2.498351e-07
     2125.4850 1.872801e-07
     2127.6115 2.603219e-07
     2129.7402 2.997398e-07
     2131.8710 2.884853e-07
     2134.0039 2.681695e-07
     2136.1390 2.833689e-07
     2138.2762 3.034051e-07
     2140.4156 2.913764e-07
     2142.5571 3.423316e-07
     2144.7007 3.385623e-07
     2146.8465 3.261398e-07
     2148.9944 3.606933e-07
     2151.1444 3.462232e-07
     2153.2967 3.343609e-07
     2155.4510 3.649494e-07
     2157.6076 3.382905e-07
     2159.7663 3.131260e-07
     2161.9271 3.426221e-07
     2164.0901 3.019638e-07
     2166.2553 2.274873e-07
     2168.4226 2.497923e-07
     2170.5921 3.310087e-07
     2172.7638 3.368046e-07
     2174.9377 2.800403e-07
     2177.1137 2.647737e-07
     2179.2919 3.455236e-07
     2181.4723 4.529196e-07
     2183.6548 4.424434e-07
     2185.8396 3.712990e-07
     2188.0265 3.461172e-07
     2190.2156 3.522217e-07
     2192.4069 3.674045e-07
     2194.6004 4.362116e-07
     2196.7961 4.826651e-07
     2198.9940 4.735490e-07
     2201.1941 4.233372e-07
     2203.3964 4.505550e-07
     2205.6009 4.034702e-07
     2207.8076 2.802154e-07
     2210.0165 1.978621e-07
     2212.2277 2.248747e-07
     2214.4410 2.628093e-07
     2216.6565 2.213674e-07
     2218.8743 2.479650e-07
     2221.0943 3.120710e-07
     2223.3165 3.089074e-07
     2225.5409 2.900198e-07
     2227.7676 2.885446e-07
     2229.9965 3.263734e-07
     2232.2276 4.328751e-07
     2234.4609 5.258080e-07
     2236.6965 5.339158e-07
     2238.9343 5.387853e-07
     2241.1744 5.568090e-07
     2243.4167 4.617749e-07
     2245.6612 4.063671e-07
     2247.9080 3.895826e-07
     2250.1570 3.396928e-07
     2252.4083 3.398710e-07
     2254.6618 3.144139e-07
     2256.9176 3.240572e-07
     2259.1757 3.468484e-07
     2261.4360 3.362587e-07
     2263.6985 3.519386e-07
     2265.9634 3.405278e-07
     2268.2305 3.540125e-07
     2270.4998 4.261594e-07
     2272.7715 4.728396e-07
     2275.0454 4.240560e-07
     2277.3216 4.232067e-07
     2279.6000 4.953954e-07
     2281.8808 5.121379e-07
     2284.1638 4.670955e-07
     2286.4491 4.627151e-07
     2288.7367 4.464307e-07
     2291.0266 4.462491e-07
     2293.3187 4.782340e-07
     2295.6132 4.097813e-07
     2297.9100 2.943617e-07
     2300.2090 2.985899e-07
     2302.5104 3.446202e-07
     2304.8140 4.022983e-07
     2307.1200 4.656332e-07
     2309.4283 4.428801e-07
     2311.7389 3.388194e-07
     2314.0518 2.783442e-07
     2316.3670 3.082614e-07
     2318.6845 2.982605e-07
     2321.0043 3.011635e-07
     2323.3265 3.960860e-07
     2325.6510 3.737363e-07
     2327.9778 2.690221e-07
     2330.3070 2.449875e-07
     2332.6384 2.247904e-07
     2334.9722 2.669765e-07
     2337.3084 2.870410e-07
     2339.6469 2.537318e-07
     2341.9877 2.349711e-07
     2344.3308 1.760752e-07
     2346.6763 1.663891e-07
     2349.0242 2.122937e-07
     2351.3744 3.121995e-07
     2353.7269 3.503718e-07
     2356.0818 3.043112e-07
     2358.4391 2.667509e-07
     2360.7987 2.241768e-07
     2363.1607 2.300043e-07
     2365.5250 2.177613e-07
     2367.8917 2.347553e-07
     2370.2608 2.846242e-07
     2372.6323 2.914009e-07
     2375.0061 2.705993e-07
     2377.3823 2.902479e-07
     2379.7609 2.223126e-07
     2382.1418 1.444264e-07
     2384.5251 1.665185e-07
     2386.9109 2.066671e-07
     2389.2990 2.132907e-07
     2391.6895 2.504900e-07
     2394.0823 2.357832e-07
     2396.4776 1.879402e-07
     2398.8753 1.973539e-07
     2401.2754 2.232758e-07
     2403.6778 2.116481e-07
     2406.0827 1.762046e-07
     2408.4900 1.945273e-07
     2410.8997 1.960588e-07
     2413.3118 1.989497e-07
     2415.7263 2.737507e-07
     2418.1433 3.477484e-07
     2420.5626 3.799163e-07
     2422.9844 3.818546e-07
     2425.4086 3.586492e-07
     2427.8352 3.713175e-07
     2430.2643 3.704360e-07
     2432.6957 3.909978e-07
     2435.1297 3.630817e-07
     2437.5660 3.252278e-07
     2440.0048 3.550035e-07
     2442.4460 4.168039e-07
     2444.8897 4.340018e-07
     2447.3358 4.558743e-07
     2449.7843 4.490631e-07
     2452.2354 4.336667e-07
     2454.6888 5.035742e-07
     2457.1447 5.369701e-07
     2459.6031 4.535575e-07
     2462.0639 3.485339e-07
     2464.5272 3.406934e-07
     2466.9930 3.908792e-07
     2469.4612 3.961497e-07
     2471.9319 3.584319e-07
     2474.4051 3.355931e-07
     2476.8807 3.420113e-07
     2479.3589 2.928104e-07
     2481.8395 2.403330e-07
     2484.3225 2.085844e-07
     2486.8081 2.020602e-07
     2489.2962 1.671624e-07
     2491.7867 1.701149e-07
     2494.2797 2.293693e-07
     2496.7753 2.667906e-07
     2499.2733 2.862161e-07
     2501.7738 2.935383e-07
     2504.2768 2.826031e-07
     2506.7824 2.400489e-07
     2509.2904 2.376526e-07
     2511.8009 2.348176e-07
     2514.3140 1.897648e-07
     2516.8296 1.541452e-07
     2519.3477 1.664611e-07
     2521.8683 1.809569e-07
     2524.3914 1.739170e-07
     2526.9170 1.752242e-07
     2529.4452 2.003400e-07
     2531.9759 2.966941e-07
     2534.5092 3.329945e-07
     2537.0450 3.309190e-07
     2539.5833 3.501655e-07
     2542.1241 3.310092e-07
     2544.6675 3.166417e-07
     2547.2135 3.651487e-07
     2549.7619 4.975255e-07
     2552.3130 8.001836e-07
     2554.8666 9.578144e-07
     2557.4227 8.587716e-07
     2559.9814 7.166390e-07
     2562.5427 5.250121e-07
     2565.1065 5.565381e-07
     2567.6729 7.724365e-07
     2570.2419 1.114910e-06
     2572.8134 1.184229e-06
     2575.3875 8.567483e-07
     2577.9642 7.148467e-07
     2580.5434 8.338138e-07
     2583.1252 7.820198e-07
     2585.7097 5.930494e-07
     2588.2967 6.265985e-07
     2590.8863 7.539552e-07
     2593.4784 6.602303e-07
     2596.0732 5.371341e-07
     2598.6706 3.789295e-07
     2601.2706 4.180813e-07
     2603.8731 5.813518e-07
     2606.4783 5.075648e-07
     2609.0861 4.393355e-07
     2611.6965 4.108797e-07
     2614.3095 4.352849e-07
     2616.9251 5.824002e-07
     2619.5433 7.182529e-07
     2622.1642 7.692627e-07
     2624.7877 6.728082e-07
     2627.4138 5.005392e-07
     2630.0425 4.207071e-07
     2632.6738 6.219226e-07
     2635.3078 1.108123e-06
     2637.9445 1.579965e-06
     2640.5837 2.052854e-06
     2643.2256 2.416756e-06
     2645.8702 2.246001e-06
     2648.5174 1.919721e-06
     2651.1672 1.811048e-06
     2653.8197 1.850281e-06
     2656.4749 2.123006e-06
     2659.1327 2.310083e-06
     2661.7931 1.993468e-06
     2664.4562 1.517634e-06
     2667.1220 1.482874e-06
     2669.7905 1.582219e-06
     2672.4616 1.772716e-06
     2675.1354 2.184977e-06
     2677.8119 2.114550e-06
     2680.4910 1.905939e-06
     2683.1729 2.075729e-06
     2685.8574 2.422704e-06
     2688.5446 2.431944e-06
     2691.2345 2.208791e-06
     2693.9271 2.122425e-06
     2696.6223 2.060706e-06
     2699.3203 2.305940e-06
     2702.0210 2.388137e-06
     2704.7243 2.239388e-06
     2707.4304 2.220525e-06
     2710.1392 2.067649e-06
     2712.8507 1.838874e-06
     2715.5649 1.362470e-06
     2718.2818 9.239332e-07
     2721.0015 8.342108e-07
     2723.7238 9.315402e-07
     2726.4489 9.553903e-07
     2729.1767 1.163958e-06
     2731.9073 1.234261e-06
     2734.6405 1.084994e-06
     2737.3766 9.251149e-07
     2740.1153 7.716177e-07
     2742.8568 6.600777e-07
     2745.6010 6.483611e-07
     2748.3480 6.528070e-07
     2750.0000 3.173563e-07
     2750.4584 2.980578e-07
     2750.9168 4.135655e-07
     2751.3753 6.103708e-07
     2751.8339 9.323587e-07
     2752.2926 1.174458e-06
     2752.7514 1.265711e-06
     2753.2102 1.420022e-06
     2753.6691 1.431477e-06
     2754.1281 1.178699e-06
     2754.5872 1.009287e-06
     2755.0463 9.536361e-07
     2755.5055 8.392192e-07
     2755.9648 5.954152e-07
     2756.4242 3.741868e-07
     2756.8836 3.661727e-07
     2757.3431 5.439626e-07
     2757.8027 6.439625e-07
     2758.2624 7.941784e-07
     2758.7221 1.376757e-06
     2759.1820 2.085818e-06
     2759.6419 1.910035e-06
     2760.1018 1.443611e-06
     2760.5619 1.429805e-06
     2761.0220 1.628730e-06
     2761.4822 1.876025e-06
     2761.9425 1.552430e-06
     2762.4029 8.393571e-07
     2762.8633 6.955112e-07
     2763.3238 8.753796e-07
     2763.7844 1.420085e-06
     2764.2451 1.774767e-06
     2764.7058 1.490936e-06
     2765.1667 1.814993e-06
     2765.6276 2.137744e-06
     2766.0885 2.124224e-06
     2766.5496 1.994829e-06
     2767.0107 1.580295e-06
     2767.4719 1.393348e-06
     2767.9332 1.607212e-06
     2768.3946 1.644158e-06
     2768.8560 1.662528e-06
     2769.3175 1.203264e-06
     2769.7791 8.128683e-07
     2770.2408 1.098057e-06
     2770.7025 1.683380e-06
     2771.1644 1.765955e-06
     2771.6263 1.770411e-06
     2772.0882 1.943201e-06
     2772.5503 1.497609e-06
     2773.0124 1.013639e-06
     2773.4746 1.111305e-06
     2773.9369 1.572758e-06
     2774.3993 2.043387e-06
     2774.8617 2.244838e-06
     2775.3242 1.946037e-06
     2775.7868 1.481377e-06
     2776.2495 1.401913e-06
     2776.7122 1.587959e-06
     2777.1751 1.444004e-06
     2777.6380 1.642422e-06
     2778.1009 2.046541e-06
     2778.5640 1.387022e-06
     2779.0271 7.317409e-07
     2779.4903 7.256532e-07
     2779.9536 8.644980e-07
     2780.4170 7.958792e-07
     2780.8804 7.557357e-07
     2781.3439 8.776799e-07
     2781.8075 9.060936e-07
     2782.2712 8.941722e-07
     2782.7350 1.108343e-06
     2783.1988 1.254789e-06
     2783.6627 9.826273e-07
     2784.1267 8.531925e-07
     2784.5907 8.880861e-07
     2785.0549 9.889324e-07
     2785.5191 1.062342e-06
     2785.9834 1.011117e-06
     2786.4478 9.214583e-07
     2786.9122 9.417864e-07
     2787.3767 1.024656e-06
     2787.8413 9.772823e-07
     2788.3060 8.136011e-07
     2788.7708 6.186695e-07
     2789.2356 6.363237e-07
     2789.7005 6.920605e-07
     2790.1655 6.043020e-07
     2790.6306 5.580532e-07
     2791.0957 5.595756e-07
     2791.5609 4.997618e-07
     2792.0262 4.692084e-07
     2792.4916 4.572313e-07
     2792.9571 4.276677e-07
     2793.4226 3.941325e-07
     2793.8882 3.538914e-07
     2794.3539 2.969248e-07
     2794.8196 2.312541e-07
     2795.2855 1.605935e-07
     2795.7514 9.443113e-08
     2796.2174 6.179509e-08
     2796.6835 7.951305e-08
     2797.1496 1.352915e-07
     2797.6159 1.964041e-07
     2798.0822 2.396605e-07
     2798.5486 2.386048e-07
     2799.0150 2.444684e-07
     2799.4816 2.954516e-07
     2799.9482 3.417251e-07
     2800.4149 3.806090e-07
     2800.8817 3.917049e-07
     2801.3485 3.484776e-07
     2801.8154 2.769005e-07
     2802.2824 2.317611e-07
     2802.7495 1.746441e-07
     2803.2167 1.030795e-07
     2803.6839 8.669104e-08
     2804.1513 1.458310e-07
     2804.6187 2.281441e-07
     2805.0861 2.854008e-07
     2805.5537 3.269501e-07
     2806.0213 3.931770e-07
     2806.4890 4.674227e-07
     2806.9568 5.460486e-07
     2807.4247 5.623296e-07
     2807.8926 5.267286e-07
     2808.3606 6.114959e-07
     2808.8287 6.624828e-07
     2809.2969 7.122356e-07
     2809.7652 8.430858e-07
     2810.2335 9.581246e-07
     2810.7019 9.481833e-07
     2811.1704 8.761832e-07
     2811.6390 8.878933e-07
     2812.1076 9.769259e-07
     2812.5763 1.015249e-06
     2813.0451 9.738199e-07
     2813.5140 9.604672e-07
     2813.9830 9.160223e-07
     2814.4520 1.011211e-06
     2814.9211 1.207611e-06
     2815.3903 1.389047e-06
     2815.8596 1.535107e-06
     2816.3289 1.716073e-06
     2816.7984 1.859824e-06
     2817.2679 1.608338e-06
     2817.7375 1.429120e-06
     2818.2071 1.412179e-06
     2818.6769 1.617528e-06
     2819.1467 2.084585e-06
     2819.6166 2.096856e-06
     2820.0866 1.992937e-06
     2820.5566 2.146838e-06
     2821.0267 2.315717e-06
     2821.4970 2.180323e-06
     2821.9672 1.976705e-06
     2822.4376 2.075702e-06
     2822.9081 1.875291e-06
     2823.3786 1.551779e-06
     2823.8492 1.718372e-06
     2824.3199 2.303741e-06
     2824.7906 2.813889e-06
     2825.2615 2.834645e-06
     2825.7324 2.704563e-06
     2826.2034 1.935641e-06
     2826.6744 1.647786e-06
     2827.1456 2.001960e-06
     2827.6168 2.343379e-06
     2828.0881 2.383849e-06
     2828.5595 1.986856e-06
     2829.0310 1.821324e-06
     2829.5025 1.849275e-06
     2829.9742 2.393218e-06
     2830.4459 3.109122e-06
     2830.9176 2.677603e-06
     2831.3895 2.100366e-06
     2831.8614 2.727305e-06
     2832.3334 2.724941e-06
     2832.8055 2.005143e-06
     2833.2777 1.910423e-06
     2833.7500 2.361710e-06
     2834.2223 2.609985e-06
     2834.6947 2.468559e-06
     2835.1672 1.864356e-06
     2835.6398 2.066273e-06
     2836.1124 1.957315e-06
     2836.5851 1.376846e-06
     2837.0579 1.719571e-06
     2837.5308 2.448609e-06
     2838.0038 2.725917e-06
     2838.4768 2.537557e-06
     2838.9499 2.091587e-06
     2839.4231 2.211750e-06
     2839.8964 2.053621e-06
     2840.3698 1.714046e-06
     2840.8432 1.433183e-06
     2841.3167 1.172647e-06
     2841.7903 1.438184e-06
     2842.2640 1.988934e-06
     2842.7377 1.989264e-06
     2843.2116 1.866301e-06
     2843.6855 1.483855e-06
     2844.1595 9.564126e-07
     2844.6335 1.023431e-06
     2845.1077 1.712059e-06
     2845.5819 2.062753e-06
     2846.0562 1.734311e-06
     2846.5306 1.310944e-06
     2847.0050 1.279363e-06
     2847.4796 1.100382e-06
     2847.9542 1.127106e-06
     2848.4289 1.122011e-06
     2848.9037 8.489978e-07
     2849.3785 6.960945e-07
     2849.8535 6.666734e-07
     2850.3285 5.499973e-07
     2850.8036 4.442524e-07
     2851.2788 3.959470e-07
     2851.7540 3.056124e-07
     2852.2293 1.948157e-07
     2852.7047 1.117062e-07
     2853.1802 1.147253e-07
     2853.6558 1.963444e-07
     2854.1315 2.891310e-07
     2854.6072 3.804047e-07
     2855.0830 5.041304e-07
     2855.5589 6.165332e-07
     2856.0348 6.645250e-07
     2856.5109 7.428543e-07
     2856.9870 9.090105e-07
     2857.4632 1.029027e-06
     2857.9395 1.186635e-06
     2858.4159 1.407676e-06
     2858.8923 1.302527e-06
     2859.3688 1.188901e-06
     2859.8454 1.752891e-06
     2860.3221 2.373847e-06
     2860.7989 2.268905e-06
     2861.2757 1.983123e-06
     2861.7526 1.913365e-06
     2862.2296 2.301976e-06
     2862.7067 2.383933e-06
     2863.1839 1.917761e-06
     2863.6611 2.090418e-06
     2864.1384 2.155830e-06
     2864.6158 2.274993e-06
     2865.0933 2.825370e-06
     2865.5708 2.835304e-06
     2866.0485 2.053720e-06
     2866.5262 2.275575e-06
     2867.0040 2.594850e-06
     2867.4819 2.232134e-06
     2867.9598 2.309342e-06
     2868.4378 2.372085e-06
     2868.9160 2.408025e-06
     2869.3942 2.247675e-06
     2869.8724 2.147495e-06
     2870.3508 2.510766e-06
     2870.8292 2.795645e-06
     2871.3077 2.820206e-06
     2871.7863 2.848764e-06
     2872.2650 3.292861e-06
     2872.7437 3.543864e-06
     2873.2226 2.936226e-06
     2873.7015 2.705457e-06
     2874.1805 2.191107e-06
     2874.6595 1.797822e-06
     2875.1387 2.787902e-06
     2875.6179 3.135798e-06
     2876.0972 2.413752e-06
     2876.5766 2.118956e-06
     2877.0561 2.028541e-06
     2877.5356 2.390155e-06
     2878.0153 2.591318e-06
     2878.4950 2.423895e-06
     2878.9748 2.388811e-06
     2879.4546 1.850845e-06
     2879.9346 1.576739e-06
     2880.4146 1.696308e-06
     2880.8947 1.489957e-06
     2881.3749 9.363453e-07
     2881.8552 5.089836e-07
     2882.3355 3.605865e-07
     2882.8160 5.211636e-07
     2883.2965 9.578544e-07
     2883.7771 1.585012e-06
     2884.2577 2.063983e-06
     2884.7385 2.471444e-06
     2885.2193 3.280241e-06
     2885.7002 3.801715e-06
     2886.1812 4.308578e-06
     2886.6623 3.656227e-06
     2887.1434 2.966592e-06
     2887.6247 3.033975e-06
     2888.1060 2.828785e-06
     2888.5874 2.587729e-06
     2889.0688 2.732761e-06
     2889.5504 2.899752e-06
     2890.0320 2.510591e-06
     2890.5137 2.418448e-06
     2890.9955 3.428912e-06
     2891.4774 3.992075e-06
     2891.9593 3.248863e-06
     2892.4414 2.924877e-06
     2892.9235 3.314996e-06
     2893.4057 2.558671e-06
     2893.8880 2.122730e-06
     2894.3703 2.556988e-06
     2894.8527 2.780227e-06
     2895.3353 2.176849e-06
     2895.8179 2.284331e-06
     2896.3005 3.932821e-06
     2896.7833 4.766614e-06
     2897.2661 4.050016e-06
     2897.7490 3.951638e-06
     2898.2320 4.246748e-06
     2898.7151 4.428598e-06
     2899.1983 4.239955e-06
     2899.6815 3.358924e-06
     2900.1648 3.182675e-06
     2900.6482 3.952206e-06
     2901.1317 4.636797e-06
     2901.6153 5.435931e-06
     2902.0989 4.976713e-06
     2902.5827 4.028353e-06
     2903.0665 4.334409e-06
     2903.5503 4.840137e-06
     2904.0343 5.257526e-06
     2904.5184 5.702196e-06
     2905.0025 4.772232e-06
     2905.4867 4.865630e-06
     2905.9710 5.084369e-06
     2906.4553 4.411310e-06
     2906.9398 4.692148e-06
     2907.4243 5.083621e-06
     2907.9089 4.828635e-06
     2908.3936 4.170933e-06
     2908.8784 4.304889e-06
     2909.3633 4.125906e-06
     2909.8482 3.480011e-06
     2910.3332 3.593608e-06
     2910.8183 3.919767e-06
     2911.3035 3.906821e-06
     2911.7887 3.750186e-06
     2912.2741 4.559329e-06
     2912.7595 4.093761e-06
     2913.2450 4.114022e-06
     2913.7306 4.498507e-06
     2914.2162 3.832034e-06
     2914.7020 3.556164e-06
     2915.1878 3.521551e-06
     2915.6737 4.625677e-06
     2916.1597 5.337391e-06
     2916.6458 5.543086e-06
     2917.1319 6.116752e-06
     2917.6181 6.193007e-06
     2918.1045 4.938157e-06
     2918.5908 4.253654e-06
     2919.0773 3.804918e-06
     2919.5639 4.557394e-06
     2920.0505 5.854419e-06
     2920.5372 5.477356e-06
     2921.0240 4.419454e-06
     2921.5109 5.112718e-06
     2921.9979 6.186890e-06
     2922.4849 6.268090e-06
     2922.9720 5.033264e-06
     2923.4592 4.385537e-06
     2923.9465 3.801846e-06
     2924.4339 2.481790e-06
     2924.9213 2.867044e-06
     2925.4088 3.435049e-06
     2925.8964 3.468537e-06
     2926.3841 2.966940e-06
     2926.8719 2.733860e-06
     2927.3598 2.647753e-06
     2927.8477 3.572540e-06
     2928.3357 4.274415e-06
     2928.8238 3.429368e-06
     2929.3120 2.174811e-06
     2929.8002 1.518336e-06
     2930.2886 3.010938e-06
     2930.7770 5.200061e-06
     2931.2655 5.264202e-06
     2931.7541 4.686010e-06
     2932.2428 4.701648e-06
     2932.7315 5.268266e-06
     2933.2203 5.399807e-06
     2933.7093 3.955158e-06
     2934.1982 3.561544e-06
     2934.6873 3.852249e-06
     2935.1765 4.172108e-06
     2935.6657 5.345274e-06
     2936.1550 6.356041e-06
     2936.6444 5.413993e-06
     2937.1339 2.737201e-06
     2937.6235 1.457056e-06
     2938.1131 2.169904e-06
     2938.6028 3.288244e-06
     2939.0927 3.520984e-06
     2939.5825 2.819878e-06
     2940.0725 2.410622e-06
     2940.5626 3.386510e-06
     2941.0527 3.602598e-06
     2941.5429 3.279473e-06
     2942.0332 3.028670e-06
     2942.5236 3.151396e-06
     2943.0141 3.718777e-06
     2943.5046 4.177066e-06
     2943.9952 4.528122e-06
     2944.4859 3.766360e-06
     2944.9767 2.919875e-06
     2945.4676 3.987020e-06
     2945.9585 5.290783e-06
     2946.4496 5.491077e-06
     2946.9407 6.305188e-06
     2947.4319 5.830433e-06
     2947.9232 3.421410e-06
     2948.4145 1.539059e-06
     2948.9060 1.262954e-06
     2949.3975 1.741461e-06
     2949.8891 1.993017e-06
     2950.3808 3.110593e-06
     2950.8726 4.461640e-06
     2951.3644 5.072037e-06
     2951.8564 4.480770e-06
     2952.3484 4.610338e-06
     2952.8405 5.534864e-06
     2953.3327 6.148499e-06
     2953.8249 5.344440e-06
     2954.3173 2.934994e-06
     2954.8097 1.604556e-06
     2955.3022 2.119377e-06
     2955.7948 3.486764e-06
     2956.2875 5.234621e-06
     2956.7802 4.962928e-06
     2957.2731 3.474144e-06
     2957.7660 2.543599e-06
     2958.2590 2.275521e-06
     2958.7521 3.157771e-06
     2959.2452 4.869649e-06
     2959.7385 5.958089e-06
     2960.2318 4.966594e-06
     2960.7252 3.588129e-06
     2961.2187 3.250681e-06
     2961.7123 4.009463e-06
     2962.2060 4.993074e-06
     2962.6997 5.488115e-06
     2963.1935 4.966212e-06
     2963.6874 4.743815e-06
     2964.1814 4.380969e-06
     2964.6755 4.348088e-06
     2965.1696 3.801145e-06
     2965.6639 2.304402e-06
     2966.1582 1.666415e-06
     2966.6526 1.695140e-06
     2967.1471 1.584480e-06
     2967.6416 1.304134e-06
     2968.1363 1.884592e-06
     2968.6310 3.283207e-06
     2969.1258 3.884522e-06
     2969.6207 3.860140e-06
     2970.1157 2.977858e-06
     2970.6108 1.824462e-06
     2971.1059 1.474729e-06
     2971.6011 2.582661e-06
     2972.0964 4.623449e-06
     2972.5918 5.135837e-06
     2973.0873 4.219981e-06
     2973.5829 2.702919e-06
     2974.0785 1.782033e-06
     2974.5742 3.090450e-06
     2975.0700 4.848149e-06
     2975.5659 5.451095e-06
     2976.0619 4.746502e-06
     2976.5579 3.643793e-06
     2977.0541 3.850651e-06
     2977.5503 5.040840e-06
     2978.0466 6.478528e-06
     2978.5430 6.300526e-06
     2979.0394 5.338393e-06
     2979.5360 4.558927e-06
     2980.0326 3.968746e-06
     2980.5293 4.538168e-06
     2981.0261 5.173571e-06
     2981.5230 4.080200e-06
     2982.0200 2.625633e-06
     2982.5170 1.901965e-06
     2983.0141 2.865922e-06
     2983.5113 3.598462e-06
     2984.0086 2.528602e-06
     2984.5060 1.396876e-06
     2985.0035 1.577937e-06
     2985.5010 1.741906e-06
     2985.9986 1.621330e-06
     2986.4964 1.729068e-06
     2986.9941 2.438016e-06
     2987.4920 2.917286e-06
     2987.9900 2.402807e-06
     2988.4880 2.294267e-06
     2988.9861 3.308423e-06
     2989.4843 3.946354e-06
     2989.9826 4.647280e-06
     2990.4810 6.132826e-06
     2990.9795 7.075418e-06
     2991.4780 7.040971e-06
     2991.9766 5.871782e-06
     2992.4753 3.923428e-06
     2992.9741 3.561725e-06
     2993.4730 4.166869e-06
     2993.9719 4.543675e-06
     2994.4710 3.220813e-06
     2994.9701 1.736974e-06
     2995.4693 1.327587e-06
     2995.9686 2.122793e-06
     2996.4679 3.659922e-06
     2996.9674 4.654336e-06
     2997.4669 4.177350e-06
     2997.9666 3.988482e-06
     2998.4663 4.413299e-06
     2998.9660 5.621094e-06
     2999.4659 5.413259e-06
     2999.9659 3.211752e-06
     3000.4659 2.123646e-06
     3000.9660 2.236990e-06
     3001.4662 1.709752e-06
     3001.9665 1.723519e-06
     3002.4669 2.408293e-06
     3002.9673 2.097329e-06
     3003.4679 1.494484e-06
     3003.9685 1.728179e-06
     3004.4692 2.174825e-06
     3004.9700 3.457782e-06
     3005.4709 5.368530e-06
     3005.9718 5.883424e-06
     3006.4728 5.170004e-06
     3006.9740 4.047316e-06
     3007.4752 3.001083e-06
     3007.9765 2.657492e-06
     3008.4778 2.347776e-06
     3008.9793 1.979863e-06
     3009.4808 2.344229e-06
     3009.9824 2.501422e-06
     3010.4841 3.023821e-06
     3010.9859 4.999585e-06
     3011.4878 6.710721e-06
     3011.9898 5.682181e-06
     3012.4918 3.540881e-06
     3012.9939 3.093452e-06
     3013.4961 4.094024e-06
     3013.9984 4.612376e-06
     3014.5008 4.705259e-06
     3015.0033 5.035807e-06
     3015.5058 4.309317e-06
     3016.0084 3.891351e-06
     3016.5111 4.459792e-06
     3017.0139 4.380825e-06
     3017.5168 4.494457e-06
     3018.0198 3.295161e-06
     3018.5228 1.990390e-06
     3019.0259 2.092422e-06
     3019.5292 1.918808e-06
     3020.0325 1.695905e-06
     3020.5358 1.829092e-06
     3021.0393 1.111200e-06
     3021.5428 5.262685e-07
     3022.0465 8.157855e-07
     3022.5502 2.120676e-06
     3023.0540 3.624343e-06
     3023.5579 4.684734e-06
     3024.0619 5.427163e-06
     3024.5659 4.498052e-06
     3025.0700 3.602944e-06
     3025.5743 3.804308e-06
     3026.0786 2.789453e-06
     3026.5830 1.713876e-06
     3027.0874 2.066169e-06
     3027.5920 3.622328e-06
     3028.0966 5.553785e-06
     3028.6013 5.674451e-06
     3029.1062 5.736949e-06
     3029.6111 6.061252e-06
     3030.1160 5.444650e-06
     3030.6211 5.144794e-06
     3031.1262 4.799016e-06
     3031.6315 4.374386e-06
     3032.1368 3.131382e-06
     3032.6422 3.994353e-06
     3033.1477 6.562841e-06
     3033.6532 7.284050e-06
     3034.1589 6.854241e-06
     3034.6646 6.133467e-06
     3035.1704 5.538475e-06
     3035.6763 6.457833e-06
     3036.1823 7.145488e-06
     3036.6884 6.179808e-06
     3037.1946 4.907917e-06
     3037.7008 3.207605e-06
     3038.2071 1.651223e-06
     3038.7135 1.866913e-06
     3039.2200 3.527349e-06
     3039.7266 4.839978e-06
     3040.2333 4.989602e-06
     3040.7400 5.055913e-06
     3041.2468 4.488030e-06
     3041.7538 4.330833e-06
     3042.2608 4.362526e-06
     3042.7679 3.328812e-06
     3043.2750 3.334451e-06
     3043.7823 4.376980e-06
     3044.2896 5.216507e-06
     3044.7970 5.013113e-06
     3045.3045 5.229688e-06
     3045.8121 5.365724e-06
     3046.3198 6.014447e-06
     3046.8276 6.339448e-06
     3047.3354 5.151189e-06
     3047.8434 2.814572e-06
     3048.3514 1.795384e-06
     3048.8595 2.696730e-06
     3049.3677 4.052704e-06
     3049.8759 4.972725e-06
     3050.3843 6.105479e-06
     3050.8927 5.625081e-06
     3051.4013 3.993777e-06
     3051.9099 4.722332e-06
     3052.4186 7.425104e-06
     3052.9273 8.864958e-06
     3053.4362 7.805670e-06
     3053.9451 5.592694e-06
     3054.4542 3.609372e-06
     3054.9633 2.978139e-06
     3055.4725 3.603118e-06
     3055.9818 4.704605e-06
     3056.4912 5.723826e-06
     3057.0006 5.773419e-06
     3057.5102 4.185199e-06
     3058.0198 2.396330e-06
     3058.5295 1.522740e-06
     3059.0393 2.048858e-06
     3059.5492 2.060392e-06
     3060.0591 1.706273e-06
     3060.5692 2.628142e-06
     3061.0793 3.651192e-06
     3061.5896 3.953182e-06
     3062.0999 4.669648e-06
     3062.6103 5.057784e-06
     3063.1207 6.048413e-06
     3063.6313 6.119937e-06
     3064.1419 4.505256e-06
     3064.6527 3.586621e-06
     3065.1635 3.611316e-06
     3065.6744 4.574246e-06
     3066.1854 5.755718e-06
     3066.6965 5.086831e-06
     3067.2076 2.972765e-06
     3067.7189 2.398793e-06
     3068.2302 2.395082e-06
     3068.7416 2.911550e-06
     3069.2531 4.256775e-06
     3069.7647 5.897534e-06
     3070.2764 6.348003e-06
     3070.7881 5.986898e-06
     3071.3000 5.392141e-06
     3071.8119 5.953586e-06
     3072.3239 6.570675e-06
     3072.8360 5.059242e-06
     3073.3482 4.021476e-06
     3073.8604 4.511143e-06
     3074.3728 5.162914e-06
     3074.8852 5.236292e-06
     3075.3978 5.872533e-06
     3075.9104 4.824678e-06
     3076.4231 2.757825e-06
     3076.9358 3.254652e-06
     3077.4487 5.235332e-06
     3077.9617 5.535166e-06
     3078.4747 5.171748e-06
     3078.9878 5.071320e-06
     3079.5010 5.363369e-06
     3080.0143 7.582401e-06
     3080.5277 7.521227e-06
     3081.0412 5.921898e-06
     3081.5547 5.623825e-06
     3082.0683 5.315504e-06
     3082.5821 3.989196e-06
     3083.0959 3.547134e-06
     3083.6098 4.099675e-06
     3084.1237 3.629060e-06
     3084.6378 4.104083e-06
     3085.1520 6.502025e-06
     3085.6662 7.782044e-06
     3086.1805 8.457631e-06
     3086.6949 9.224917e-06
     3087.2094 7.441035e-06
     3087.7240 6.079868e-06
     3088.2386 5.086720e-06
     3088.7534 3.507057e-06
     3089.2682 4.216742e-06
     3089.7832 5.702512e-06
     3090.2982 4.463615e-06
     3090.8133 3.443898e-06
     3091.3284 3.888817e-06
     3091.8437 3.136270e-06
     3092.3590 2.588799e-06
     3092.8745 3.123905e-06
     3093.3900 2.215442e-06
     3093.9056 1.422128e-06
     3094.4213 2.256890e-06
     3094.9371 3.637126e-06
     3095.4530 4.550017e-06
     3095.9689 4.658024e-06
     3096.4849 4.714674e-06
     3097.0011 3.631970e-06
     3097.5173 2.219672e-06
     3098.0336 2.281533e-06
     3098.5500 3.767150e-06
     3099.0664 4.789791e-06
     3099.5830 4.040864e-06
     3100.0996 2.641060e-06
     3100.6163 1.777097e-06
     3101.1332 1.436216e-06
     3101.6501 1.678220e-06
     3102.1670 1.923228e-06
     3102.6841 1.956200e-06
     3103.2013 3.175163e-06
     3103.7185 5.284502e-06
     3104.2358 6.445036e-06
     3104.7533 6.842809e-06
     3105.2708 8.092621e-06
     3105.7883 7.345322e-06
     3106.3060 5.630526e-06
     3106.8238 5.443857e-06
     3107.3416 6.211310e-06
     3107.8596 7.244672e-06
     3108.3776 7.048309e-06
     3108.8957 8.452870e-06
     3109.4139 8.999985e-06
     3109.9322 8.264822e-06
     3110.4505 8.017277e-06
     3110.9690 6.044787e-06
     3111.4875 4.387263e-06
     3112.0061 5.436866e-06
     3112.5248 6.523339e-06
     3113.0436 6.492467e-06
     3113.5625 7.336526e-06
     3114.0815 7.309930e-06
     3114.6006 6.418053e-06
     3115.1197 6.611246e-06
     3115.6389 7.133964e-06
     3116.1582 7.229651e-06
     3116.6776 6.940670e-06
     3117.1971 5.783410e-06
     3117.7167 5.779794e-06
     3118.2364 6.292982e-06
     3118.7561 5.469206e-06
     3119.2760 4.766095e-06
     3119.7959 5.111799e-06
     3120.3159 4.422666e-06
     3120.8360 3.469043e-06
     3121.3562 4.103611e-06
     3121.8764 5.042620e-06
     3122.3968 4.582918e-06
     3122.9172 3.643453e-06
     3123.4378 3.636692e-06
     3123.9584 4.996370e-06
     3124.4791 7.234162e-06
     3124.9999 8.186294e-06
     3125.5208 6.701667e-06
     3126.0417 4.518553e-06
     3126.5628 4.215328e-06
     3127.0839 4.433065e-06
     3127.6051 4.668179e-06
     3128.1264 4.692058e-06
     3128.6478 4.948521e-06
     3129.1693 5.307752e-06
     3129.6909 4.414699e-06
     3130.2126 4.267342e-06
     3130.7343 4.653087e-06
     3131.2561 4.482863e-06
     3131.7781 5.270894e-06
     3132.3001 5.973400e-06
     3132.8222 5.406381e-06
     3133.3443 5.369557e-06
     3133.8666 5.406055e-06
     3134.3890 4.644902e-06
     3134.9114 3.612679e-06
     3135.4339 4.327310e-06
     3135.9565 6.120660e-06
     3136.4792 5.952251e-06
     3137.0020 4.891113e-06
     3137.5249 4.207310e-06
     3138.0479 5.439616e-06
     3138.5709 6.766294e-06
     3139.0941 7.054639e-06
     3139.6173 6.906551e-06
     3140.1406 7.137051e-06
     3140.6640 6.233543e-06
     3141.1875 5.782750e-06
     3141.7111 6.681170e-06
     3142.2347 8.194082e-06
     3142.7585 8.123320e-06
     3143.2823 6.602192e-06
     3143.8062 4.971740e-06
     3144.3303 4.002536e-06
     3144.8544 3.249124e-06
     3145.3785 2.183573e-06
     3145.9028 1.816875e-06
     3146.4272 3.065565e-06
     3146.9516 4.927290e-06
     3147.4762 4.816197e-06
     3148.0008 3.543554e-06
     3148.5255 3.281813e-06
     3149.0503 5.357049e-06
     3149.5752 9.557603e-06
     3150.1001 1.067026e-05
     3150.6252 7.824368e-06
     3151.1504 5.979129e-06
     3151.6756 6.619395e-06
     3152.2009 7.772023e-06
     3152.7263 6.933044e-06
     3153.2518 5.929291e-06
     3153.7774 5.853223e-06
     3154.3031 6.326567e-06
     3154.8288 6.940875e-06
     3155.3547 5.653391e-06
     3155.8806 6.070745e-06
     3156.4067 6.071571e-06
     3156.9328 5.619726e-06
     3157.4590 4.539505e-06
     3157.9852 3.017491e-06
     3158.5116 2.949893e-06
     3159.0381 3.200493e-06
     3159.5646 2.521257e-06
     3160.0913 2.905091e-06
     3160.6180 4.339889e-06
     3161.1448 4.276879e-06
     3161.6717 2.954283e-06
     3162.1987 2.655576e-06
     3162.7258 2.937017e-06
     3163.2529 3.409347e-06
     3163.7802 4.780527e-06
     3164.3075 5.740117e-06
     3164.8350 5.772141e-06
     3165.3625 5.477270e-06
     3165.8901 4.825210e-06
     3166.4178 5.763228e-06
     3166.9456 6.200475e-06
     3167.4734 6.393287e-06
     3168.0014 8.086941e-06
     3168.5294 7.239855e-06
     3169.0576 4.717843e-06
     3169.5858 3.621035e-06
     3170.1141 4.823497e-06
     3170.6425 6.945574e-06
     3171.1710 8.058818e-06
     3171.6995 8.832726e-06
     3172.2282 8.567241e-06
     3172.7570 8.090506e-06
     3173.2858 8.001518e-06
     3173.8147 6.368949e-06
     3174.3437 5.319970e-06
     3174.8728 6.378009e-06
     3175.4020 7.596410e-06
     3175.9313 7.612634e-06
     3176.4607 7.467219e-06
     3176.9901 8.152113e-06
     3177.5197 8.982255e-06
     3178.0493 8.251315e-06
     3178.5790 6.468468e-06
     3179.1088 5.516978e-06
     3179.6387 4.701681e-06
     3180.1687 3.587294e-06
     3180.6988 3.782246e-06
     3181.2289 4.328128e-06
     3181.7592 4.496952e-06
     3182.2895 3.122047e-06
     3182.8199 2.183917e-06
     3183.3505 2.481150e-06
     3183.8811 2.814356e-06
     3184.4118 3.751882e-06
     3184.9425 4.034617e-06
     3185.4734 4.300727e-06
     3186.0044 5.305064e-06
     3186.5354 6.126427e-06
     3187.0665 5.011709e-06
     3187.5978 3.353493e-06
     3188.1291 3.503451e-06
     3188.6605 4.149506e-06
     3189.1920 4.918110e-06
     3189.7235 6.412696e-06
     3190.2552 8.652166e-06
     3190.7869 8.908930e-06
     3191.3188 7.076989e-06
     3191.8507 4.430131e-06
     3192.3827 3.093612e-06
     3192.9148 2.854507e-06
     3193.4470 3.026205e-06
     3193.9793 3.519160e-06
     3194.5117 4.618898e-06
     3195.0442 5.355073e-06
     3195.5767 5.873719e-06
     3196.1094 5.982323e-06
     3196.6421 5.175661e-06
     3197.1749 4.218472e-06
     3197.7078 4.157612e-06
     3198.2408 6.171375e-06
     3198.7739 7.801806e-06
     3199.3071 7.294740e-06
     3199.8403 6.978843e-06
     3200.3737 6.027054e-06
     3200.9071 5.026947e-06
     3201.4407 4.606731e-06
     3201.9743 5.791276e-06
     3202.5080 6.809968e-06
     3203.0418 6.350107e-06
     3203.5757 5.990572e-06
     3204.1096 6.944027e-06
     3204.6437 8.366110e-06
     3205.1778 1.001758e-05
     3205.7121 9.234897e-06
     3206.2464 7.052416e-06
     3206.7808 7.713286e-06
     3207.3153 8.288912e-06
     3207.8499 7.296677e-06
     3208.3846 7.912801e-06
     3208.9194 8.554818e-06
     3209.4543 6.869528e-06
     3209.9892 6.103836e-06
     3210.5243 6.096907e-06
     3211.0594 4.732025e-06
     3211.5946 4.656473e-06
     3212.1299 5.543106e-06
     3212.6653 3.910515e-06
     3213.2008 3.842847e-06
     3213.7364 4.269202e-06
     3214.2721 3.294579e-06
     3214.8078 2.901449e-06
     3215.3437 3.748926e-06
     3215.8796 5.366568e-06
     3216.4156 6.142308e-06
     3216.9517 6.548104e-06
     3217.4879 5.573745e-06
     3218.0242 4.551740e-06
     3218.5606 6.073295e-06
     3219.0971 7.596046e-06
     3219.6336 8.505293e-06
     3220.1703 6.731177e-06
     3220.7070 5.936455e-06
     3221.2439 7.273571e-06
     3221.7808 7.350096e-06
     3222.3178 5.738004e-06
     3222.8549 4.923582e-06
     3223.3921 5.637396e-06
     3223.9294 5.540785e-06
     3224.4667 6.697232e-06
     3225.0042 7.997959e-06
     3225.5417 7.262695e-06
     3226.0794 5.152698e-06
     3226.6171 3.928067e-06
     3227.1549 4.341513e-06
     3227.6928 5.199520e-06
     3228.2308 5.162536e-06
     3228.7689 3.702620e-06
     3229.3070 3.290003e-06
     3229.8453 3.462265e-06
     3230.3837 3.132174e-06
     3230.9221 3.955554e-06
     3231.4606 5.219807e-06
     3231.9993 5.077621e-06
     3232.5380 6.289888e-06
     3233.0768 7.684437e-06
     3233.6157 6.594387e-06
     3234.1546 5.250259e-06
     3234.6937 4.528808e-06
     3235.2329 3.275993e-06
     3235.7721 3.794610e-06
     3236.3115 5.619022e-06
     3236.8509 5.393530e-06
     3237.3904 3.793629e-06
     3237.9300 4.625808e-06
     3238.4697 6.452041e-06
     3239.0095 7.373252e-06
     3239.5494 5.920811e-06
     3240.0894 4.293758e-06
     3240.6294 6.571976e-06
     3241.1696 8.780885e-06
     3241.7098 8.074071e-06
     3242.2501 7.296936e-06
     3242.7906 6.211048e-06
     3243.3311 6.621052e-06
     3243.8717 6.328718e-06
     3244.4124 5.360897e-06
     3244.9531 5.971832e-06
     3245.4940 8.670790e-06
     3246.0350 1.002559e-05
     3246.5760 9.342077e-06
     3247.1172 9.039086e-06
     3247.6584 7.693508e-06
     3248.1997 4.956139e-06
     3248.7411 4.774207e-06
     3249.2826 4.992767e-06
     3249.8242 5.318281e-06
     3250.3659 6.308061e-06
     3250.9077 7.407118e-06
     3251.4495 6.808998e-06
     3251.9915 7.011561e-06
     3252.5335 7.913366e-06
     3253.0757 7.729997e-06
     3253.6179 6.768829e-06
     3254.1602 6.359224e-06
     3254.7026 5.681267e-06
     3255.2451 6.247088e-06
     3255.7877 9.696467e-06
     3256.3304 9.863024e-06
     3256.8731 8.609852e-06
     3257.4160 9.720050e-06
     3257.9590 9.369042e-06
     3258.5020 8.135188e-06
     3259.0451 7.499259e-06
     3259.5883 8.217605e-06
     3260.1317 1.038628e-05
     3260.6751 9.713601e-06
     3261.2185 9.000277e-06
     3261.7621 9.459818e-06
     3262.3058 8.570457e-06
     3262.8496 8.919945e-06
     3263.3934 1.072895e-05
     3263.9374 9.027891e-06
     3264.4814 5.996385e-06
     3265.0255 4.524428e-06
     3265.5697 4.074987e-06
     3266.1140 5.091881e-06
     3266.6584 6.933898e-06
     3267.2029 9.137115e-06
     3267.7475 1.005302e-05
     3268.2922 1.006722e-05
     3268.8369 8.985747e-06
     3269.3818 8.175558e-06
     3269.9267 7.575919e-06
     3270.4718 7.357402e-06
     3271.0169 8.169893e-06
     3271.5621 7.713659e-06
     3272.1074 5.333684e-06
     3272.6528 4.487145e-06
     3273.1983 6.093666e-06
     3273.7439 8.463175e-06
     3274.2895 8.513051e-06
     3274.8353 6.643631e-06
     3275.3812 7.114415e-06
     3275.9271 9.445280e-06
     3276.4731 9.344076e-06
     3277.0193 6.887569e-06
     3277.5655 5.874247e-06
     3278.1118 7.008244e-06
     3278.6582 8.355158e-06
     3279.2047 8.038389e-06
     3279.7512 6.974408e-06
     3280.2979 7.239736e-06
     3280.8447 7.224486e-06
     3281.3915 7.745428e-06
     3281.9385 7.747122e-06
     3282.4855 6.835461e-06
     3283.0326 6.818455e-06
     3283.5799 6.306555e-06
     3284.1272 6.503983e-06
     3284.6746 7.810745e-06
     3285.2221 8.465589e-06
     3285.7696 8.640408e-06
     3286.3173 8.591939e-06
     3286.8651 8.098993e-06
     3287.4129 6.469276e-06
     3287.9609 5.953673e-06
     3288.5089 7.075679e-06
     3289.0570 7.201452e-06
     3289.6053 7.842490e-06
     3290.1536 1.113403e-05
     3290.7020 1.304579e-05
     3291.2505 1.094460e-05
     3291.7991 8.627204e-06
     3292.3477 8.432392e-06
     3292.8965 9.071871e-06
     3293.4454 1.014086e-05
     3293.9943 1.051968e-05
     3294.5434 1.055185e-05
     3295.0925 1.177532e-05
     3295.6417 1.116254e-05
     3296.1911 9.807587e-06
     3296.7405 8.903955e-06
     3297.2900 8.718509e-06
     3297.8396 9.263772e-06
     3298.3893 1.049754e-05
     3298.9390 9.324363e-06
     3299.4889 8.257804e-06
     3300.0389 9.567325e-06
     3300.5889 1.083899e-05
     3301.1391 1.241708e-05
     3301.6893 1.206395e-05
     3302.2396 1.010438e-05
     3302.7900 7.150558e-06
     3303.3406 5.775573e-06
     3303.8912 6.832378e-06
     3304.4418 9.091017e-06
     3304.9926 1.107541e-05
     3305.5435 1.026993e-05
     3306.0945 8.369133e-06
     3306.6455 6.577767e-06
     3307.1967 4.963987e-06
     3307.7479 6.125581e-06
     3308.2993 7.132906e-06
     3308.8507 6.955185e-06
     3309.4022 7.182216e-06
     3309.9538 8.738330e-06
     3310.5055 9.255759e-06
     3311.0573 7.125605e-06
     3311.6092 5.877570e-06
     3312.1612 7.727241e-06
     3312.7133 8.781411e-06
     3313.2655 7.256883e-06
     3313.8177 6.894661e-06
     3314.3701 7.018681e-06
     3314.9225 5.850361e-06
     3315.4750 5.294836e-06
     3316.0277 5.308351e-06
     3316.5804 4.820014e-06
     3317.1332 5.277629e-06
     3317.6861 5.999872e-06
     3318.2391 7.319252e-06
     3318.7922 8.393406e-06
     3319.3453 8.795441e-06
     3319.8986 8.830669e-06
     3320.4520 9.041294e-06
     3321.0054 8.483170e-06
     3321.5590 8.173871e-06
     3322.1126 9.020968e-06
     3322.6664 7.645376e-06
     3323.2202 5.751749e-06
     3323.7741 4.522032e-06
     3324.3281 4.673192e-06
     3324.8822 5.401143e-06
     3325.4364 6.676963e-06
     3325.9907 7.766779e-06
     3326.5451 9.392438e-06
     3327.0995 9.569244e-06
     3327.6541 6.987366e-06
     3328.2087 7.042098e-06
     3328.7635 8.707923e-06
     3329.3183 9.336810e-06
     3329.8733 8.082707e-06
     3330.4283 6.161850e-06
     3330.9834 6.662412e-06
     3331.5386 8.495859e-06
     3332.0939 9.495038e-06
     3332.6493 8.533427e-06
     3333.2048 7.733101e-06
     3333.7604 7.541354e-06
     3334.3161 7.067066e-06
     3334.8718 7.632545e-06
     3335.4277 8.169433e-06
     3335.9836 7.258024e-06
     3336.5397 5.566286e-06
     3337.0958 4.858429e-06
     3337.6520 4.719141e-06
     3338.2084 6.069123e-06
     3338.7648 7.328963e-06
     3339.3213 8.421600e-06
     3339.8779 8.108648e-06
     3340.4346 6.749638e-06
     3340.9914 5.819276e-06
     3341.5482 6.969465e-06
     3342.1052 8.662147e-06
     3342.6623 6.706282e-06
     3343.2194 5.586375e-06
     3343.7767 7.630723e-06
     3344.3340 8.376939e-06
     3344.8915 7.998523e-06
     3345.4490 7.896306e-06
     3346.0066 8.513246e-06
     3346.5643 9.779343e-06
     3347.1221 9.716390e-06
     3347.6800 8.474702e-06
     3348.2380 7.659180e-06
     3348.7961 7.066103e-06
     3349.3543 7.244153e-06
     3349.9126 4.665654e-06
     3350.4709 4.017533e-06
     3351.0294 5.608527e-06
     3351.5879 6.348051e-06
     3352.1466 6.555693e-06
     3352.7053 7.625639e-06
     3353.2642 1.058860e-05
     3353.8231 1.052055e-05
     3354.3821 8.251889e-06
     3354.9412 6.729719e-06
     3355.5004 7.209230e-06
     3356.0597 9.437022e-06
     3356.6191 1.081581e-05
     3357.1786 9.186612e-06
     3357.7382 8.894901e-06
     3358.2978 8.803884e-06
     3358.8576 6.805135e-06
     3359.4174 4.515800e-06
     3359.9774 3.194241e-06
     3360.5374 2.586071e-06
     3361.0976 2.344207e-06
     3361.6578 2.183220e-06
     3362.2181 1.933327e-06
     3362.7785 2.784477e-06
     3363.3390 4.618111e-06
     3363.8997 5.782043e-06
     3364.4603 6.134781e-06
     3365.0211 6.812819e-06
     3365.5820 7.982892e-06
     3366.1430 7.995045e-06
     3366.7041 6.817131e-06
     3367.2652 5.758227e-06
     3367.8265 5.235451e-06
     3368.3878 5.610013e-06
     3368.9493 5.869237e-06
     3369.5108 5.108357e-06
     3370.0725 3.722425e-06
     3370.6342 3.648823e-06
     3371.1960 3.952314e-06
     3371.7579 3.594123e-06
     3372.3199 3.698685e-06
     3372.8820 3.499488e-06
     3373.4442 3.025501e-06
     3374.0065 3.825323e-06
     3374.5689 4.672175e-06
     3375.1314 4.244325e-06
     3375.6939 5.070747e-06
     3376.2566 7.352922e-06
     3376.8193 8.957830e-06
     3377.3822 8.725709e-06
     3377.9451 7.864020e-06
     3378.5082 8.199640e-06
     3379.0713 8.987214e-06
     3379.6345 7.389920e-06
     3380.1979 6.068298e-06
     3380.7613 4.863696e-06
     3381.3248 2.966714e-06
     3381.8884 3.698449e-06
     3382.4521 6.390059e-06
     3383.0159 6.673071e-06
     3383.5797 6.129994e-06
     3384.1437 6.047123e-06
     3384.7078 4.893613e-06
     3385.2720 5.733962e-06
     3385.8362 6.321364e-06
     3386.4006 5.839998e-06
     3386.9650 6.271628e-06
     3387.5296 6.892701e-06
     3388.0942 6.471959e-06
     3388.6589 4.654400e-06
     3389.2237 4.230764e-06
     3389.7887 5.622887e-06
     3390.3537 7.713423e-06
     3390.9188 8.551941e-06
     3391.4840 7.168762e-06
     3392.0493 5.356193e-06
     3392.6147 5.234563e-06
     3393.1801 4.775112e-06
     3393.7457 3.940134e-06
     3394.3114 4.463277e-06
     3394.8772 4.983660e-06
     3395.4430 5.054763e-06
     3396.0090 5.949436e-06
     3396.5750 6.211815e-06
     3397.1412 6.834359e-06
     3397.7074 8.341025e-06
     3398.2737 8.855647e-06
     3398.8402 8.867180e-06
     3399.4067 8.744889e-06
     3399.9733 7.596049e-06
     3400.5400 8.293396e-06
     3401.1068 1.170486e-05
     3401.6737 1.305410e-05
     3402.2407 1.010099e-05
     3402.8078 6.864300e-06
     3403.3750 5.948834e-06
     3403.9422 6.277874e-06
     3404.5096 6.530265e-06
     3405.0771 6.457862e-06
     3405.6446 5.184144e-06
     3406.2123 5.263946e-06
     3406.7801 6.329920e-06
     3407.3479 5.874035e-06
     3407.9158 5.445951e-06
     3408.4839 6.119476e-06
     3409.0520 7.735076e-06
     3409.6202 7.143949e-06
     3410.1885 5.214646e-06
     3410.7569 4.999485e-06
     3411.3255 6.573066e-06
     3411.8941 7.613689e-06
     3412.4628 8.270717e-06
     3413.0315 7.213446e-06
     3413.6004 4.875668e-06
     3414.1694 3.777657e-06
     3414.7385 3.772134e-06
     3415.3077 3.560131e-06
     3415.8769 3.551029e-06
     3416.4463 5.217120e-06
     3417.0157 6.429643e-06
     3417.5853 5.910693e-06
     3418.1549 4.933355e-06
     3418.7247 5.538458e-06
     3419.2945 6.953115e-06
     3419.8644 8.185409e-06
     3420.4345 9.012305e-06
     3421.0046 8.523567e-06
     3421.5748 7.405622e-06
     3422.1451 6.861311e-06
     3422.7155 7.904709e-06
     3423.2860 7.067671e-06
     3423.8566 5.741571e-06
     3424.4273 5.258928e-06
     3424.9981 4.621159e-06
     3425.5690 5.524063e-06
     3426.1399 7.410614e-06
     3426.7110 8.678123e-06
     3427.2822 6.743898e-06
     3427.8534 5.572632e-06
     3428.4248 7.270735e-06
     3428.9962 7.902356e-06
     3429.5678 8.745384e-06
     3430.1394 1.134289e-05
     3430.7112 1.200762e-05
     3431.2830 1.066289e-05
     3431.8549 9.282078e-06
     3432.4270 7.413064e-06
     3432.9991 6.508457e-06
     3433.5713 6.407119e-06
     3434.1436 4.873882e-06
     3434.7160 4.887092e-06
     3435.2885 7.969765e-06
     3435.8611 1.022084e-05
     3436.4338 9.265070e-06
     3437.0066 8.420410e-06
     3437.5795 8.832527e-06
     3438.1524 7.579287e-06
     3438.7255 7.138180e-06
     3439.2987 6.812513e-06
     3439.8719 6.330193e-06
     3440.4453 5.659042e-06
     3441.0188 4.105976e-06
     3441.5923 2.401213e-06
     3442.1660 2.609575e-06
     3442.7397 3.479833e-06
     3443.3135 3.774365e-06
     3443.8875 4.132749e-06
     3444.4615 3.646247e-06
     3445.0356 3.885399e-06
     3445.6098 5.827459e-06
     3446.1842 6.392480e-06
     3446.7586 5.276037e-06
     3447.3331 4.945957e-06
     3447.9077 6.407592e-06
     3448.4824 9.307966e-06
     3449.0572 1.186872e-05
     3449.6321 1.054824e-05
     3450.2071 7.962298e-06
     3450.7821 8.797629e-06
     3451.3573 1.043875e-05
     3451.9326 1.106932e-05
     3452.5080 8.993441e-06
     3453.0834 5.787621e-06
     3453.6590 3.926773e-06
     3454.2346 4.345939e-06
     3454.8104 7.806332e-06
     3455.3862 1.081303e-05
     3455.9622 1.035576e-05
     3456.5382 9.777365e-06
     3457.1144 1.000521e-05
     3457.6906 8.974262e-06
     3458.2669 8.424972e-06
     3458.8434 6.932143e-06
     3459.4199 5.304917e-06
     3459.9965 6.357915e-06
     3460.5732 6.329355e-06
     3461.1500 5.144206e-06
     3461.7269 5.409580e-06
     3462.3039 5.692038e-06
     3462.8810 6.402050e-06
     3463.4582 7.624376e-06
     3464.0355 7.990813e-06
     3464.6129 9.269261e-06
     3465.1904 9.670702e-06
     3465.7680 8.966743e-06
     3466.3456 6.426289e-06
     3466.9234 4.802350e-06
     3467.5013 6.359365e-06
     3468.0793 7.980140e-06
     3468.6573 9.406930e-06
     3469.2355 1.023519e-05
     3469.8137 8.723245e-06
     3470.3921 8.144462e-06
     3470.9705 9.758830e-06
     3471.5491 1.124653e-05
     3472.1277 1.004035e-05
     3472.7064 9.863604e-06
     3473.2853 1.001282e-05
     3473.8642 9.703289e-06
     3474.4432 7.850727e-06
     3475.0224 5.555398e-06
     3475.6016 5.196249e-06
     3476.1809 4.077082e-06
     3476.7603 3.439829e-06
     3477.3398 3.747631e-06
     3477.9194 4.499675e-06
     3478.4991 7.481049e-06
     3479.0789 8.587535e-06
     3479.6588 7.209962e-06
     3480.2388 7.200892e-06
     3480.8189 7.787476e-06
     3481.3991 8.428994e-06
     3481.9794 9.575287e-06
     3482.5597 1.211240e-05
     3483.1402 1.344705e-05
     3483.7208 1.038112e-05
     3484.3014 6.985762e-06
     3484.8822 7.368677e-06
     3485.4631 8.928788e-06
     3486.0440 8.333795e-06
     3486.6251 9.438034e-06
     3487.2062 1.206834e-05
     3487.7875 1.417131e-05
     3488.3688 1.278168e-05
     3488.9503 1.029558e-05
     3489.5318 1.000495e-05
     3490.1135 9.120157e-06
     3490.6952 6.584443e-06
     3491.2770 4.596578e-06
     3491.8590 4.347353e-06
     3492.4410 6.595223e-06
     3493.0231 7.834298e-06
     3493.6053 5.940361e-06
     3494.1876 4.789750e-06
     3494.7700 7.302709e-06
     3495.3526 9.582774e-06
     3495.9352 9.514328e-06
     3496.5179 7.180706e-06
     3497.1007 5.834216e-06
     3497.6836 5.639958e-06
     3498.2666 5.086142e-06
     3498.8497 6.024944e-06
     3499.4328 8.804374e-06
     3500.0161 1.010017e-05
     3500.5995 1.027931e-05
     3501.1830 9.371575e-06
     3501.7666 8.943991e-06
     3502.3503 1.078036e-05
     3502.9340 1.108071e-05
     3503.5179 1.120807e-05
     3504.1019 1.438314e-05
     3504.6859 1.554210e-05
     3505.2701 1.322719e-05
     3505.8544 9.903977e-06
     3506.4387 9.597778e-06
     3507.0232 8.465578e-06
     3507.6077 8.364839e-06
     3508.1924 1.108743e-05
     3508.7771 1.171039e-05
     3509.3620 1.052677e-05
     3509.9469 1.039567e-05
     3510.5319 9.313294e-06
     3511.1171 6.445976e-06
     3511.7023 7.534898e-06
     3512.2877 1.075495e-05
     3512.8731 1.032221e-05
     3513.4586 8.263459e-06
     3514.0442 5.966783e-06
     3514.6300 5.116626e-06
     3515.2158 5.582268e-06
     3515.8017 5.196614e-06
     3516.3877 6.688955e-06
     3516.9738 9.901696e-06
     3517.5600 1.091980e-05
     3518.1463 1.122496e-05
     3518.7328 1.112111e-05
     3519.3193 1.005008e-05
     3519.9059 1.025776e-05
     3520.4926 9.823960e-06
     3521.0794 8.410443e-06
     3521.6663 8.244836e-06
     3522.2532 5.969292e-06
     3522.8403 6.068824e-06
     3523.4275 7.660372e-06
     3524.0148 6.169447e-06
     3524.6022 4.252740e-06
     3525.1897 3.272765e-06
     3525.7773 4.121473e-06
     3526.3649 5.437931e-06
     3526.9527 3.875410e-06
     3527.5406 3.843565e-06
     3528.1286 7.576400e-06
     3528.7166 9.087730e-06
     3529.3048 9.570856e-06
     3529.8931 9.235636e-06
     3530.4814 7.670367e-06
     3531.0699 7.928371e-06
     3531.6585 8.923741e-06
     3532.2471 9.692891e-06
     3532.8359 9.059869e-06
     3533.4247 8.730495e-06
     3534.0137 7.530102e-06
     3534.6027 8.769556e-06
     3535.1919 1.057222e-05
     3535.7811 9.941784e-06
     3536.3705 9.248722e-06
     3536.9599 8.927568e-06
     3537.5495 9.301626e-06
     3538.1391 9.588429e-06
     3538.7288 8.285520e-06
     3539.3187 8.746978e-06
     3539.9086 1.142956e-05
     3540.4986 1.304293e-05
     3541.0888 1.089413e-05
     3541.6790 7.977903e-06
     3542.2693 8.508591e-06
     3542.8598 9.058876e-06
     3543.4503 8.963032e-06
     3544.0409 9.813434e-06
     3544.6316 1.094130e-05
     3545.2225 1.200364e-05
     3545.8134 1.099256e-05
     3546.4044 8.939178e-06
     3546.9955 9.812340e-06
     3547.5867 1.165444e-05
     3548.1780 1.027535e-05
     3548.7695 7.646300e-06
     3549.3610 8.012119e-06
     3549.9526 9.751082e-06
     3550.5443 9.632685e-06
     3551.1361 9.769055e-06
     3551.7280 9.678058e-06
     3552.3200 8.775834e-06
     3552.9121 8.963294e-06
     3553.5043 8.711785e-06
     3554.0966 7.454885e-06
     3554.6890 6.925315e-06
     3555.2815 6.386646e-06
     3555.8741 6.722099e-06
     3556.4668 9.457620e-06
     3557.0596 1.099572e-05
     3557.6525 9.151744e-06
     3558.2455 9.600962e-06
     3558.8386 9.529221e-06
     3559.4318 6.682468e-06
     3560.0250 6.664468e-06
     3560.6184 7.237369e-06
     3561.2119 6.984169e-06
     3561.8055 7.453232e-06
     3562.3992 8.091471e-06
     3562.9930 8.721875e-06
     3563.5868 1.066756e-05
     3564.1808 1.176275e-05
     3564.7749 1.101253e-05
     3565.3691 7.918894e-06
     3565.9634 4.332718e-06
     3566.5577 2.899844e-06
     3567.1522 3.477168e-06
     3567.7468 5.394050e-06
     3568.3415 7.088469e-06
     3568.9362 7.740574e-06
     3569.5311 6.867979e-06
     3570.1261 4.586560e-06
     3570.7212 2.862480e-06
     3571.3163 3.341939e-06
     3571.9116 5.594101e-06
     3572.5070 6.409161e-06
     3573.1024 6.000035e-06
     3573.6980 6.809268e-06
     3574.2937 7.010539e-06
     3574.8894 6.343449e-06
     3575.4853 7.063475e-06
     3576.0813 6.450793e-06
     3576.6773 6.738133e-06
     3577.2735 7.126049e-06
     3577.8697 7.119174e-06
     3578.4661 6.664374e-06
     3579.0626 5.188526e-06
     3579.6591 4.642862e-06
     3580.2558 6.184309e-06
     3580.8525 6.519233e-06
     3581.4494 4.678809e-06
     3582.0464 2.624313e-06
     3582.6434 2.666632e-06
     3583.2406 4.361586e-06
     3583.8378 6.196267e-06
     3584.4352 6.379893e-06
     3585.0326 5.291416e-06
     3585.6302 3.425759e-06
     3586.2278 2.300158e-06
     3586.8256 2.871978e-06
     3587.4235 3.594169e-06
     3588.0214 3.521978e-06
     3588.6195 4.977491e-06
     3589.2176 6.415215e-06
     3589.8159 5.531286e-06
     3590.4142 4.714146e-06
     3591.0127 5.773572e-06
     3591.6112 8.293743e-06
     3592.2099 9.261561e-06
     3592.8086 9.602072e-06
     3593.4075 9.325490e-06
     3594.0064 6.761319e-06
     3594.6055 6.230183e-06
     3595.2046 7.733863e-06
     3595.8039 7.904361e-06
     3596.4032 8.343497e-06
     3597.0027 9.560729e-06
     3597.6022 1.156173e-05
     3598.2019 1.111294e-05
     3598.8016 1.057316e-05
     3599.4015 1.191127e-05
     3600.0014 1.216335e-05
     3600.6015 1.257654e-05
     3601.2016 1.384750e-05
     3601.8019 1.327660e-05
     3602.4022 1.096418e-05
     3603.0027 7.586101e-06
     3603.6032 6.904051e-06
     3604.2039 8.267694e-06
     3604.8046 8.514464e-06
     3605.4055 8.012696e-06
     3606.0064 6.436991e-06
     3606.6075 6.971445e-06
     3607.2086 8.244409e-06
     3607.8099 7.794942e-06
     3608.4112 8.743789e-06
     3609.0127 7.723437e-06
     3609.6143 4.710676e-06
     3610.2159 4.238142e-06
     3610.8177 5.331614e-06
     3611.4195 5.596519e-06
     3612.0215 7.687676e-06
     3612.6235 8.900150e-06
     3613.2257 8.666440e-06
     3613.8279 7.283275e-06
     3614.4303 6.552611e-06
     3615.0327 8.131483e-06
     3615.6353 9.483188e-06
     3616.2379 1.007792e-05
     3616.8407 1.096441e-05
     3617.4436 1.121129e-05
     3618.0465 9.733935e-06
     3618.6496 6.101355e-06
     3619.2527 3.381518e-06
     3619.8560 2.392113e-06
     3620.4594 3.231480e-06
     3621.0628 5.698794e-06
     3621.6664 7.369311e-06
     3622.2700 6.898480e-06
     3622.8738 7.676609e-06
     3623.4777 1.080104e-05
     3624.0816 1.161268e-05
     3624.6857 8.789665e-06
     3625.2899 6.981016e-06
     3625.8941 8.369695e-06
     3626.4985 1.261910e-05
     3627.1030 1.509012e-05
     3627.7075 1.472702e-05
     3628.3122 1.238291e-05
     3628.9170 1.109185e-05
     3629.5218 1.178186e-05
     3630.1268 1.249630e-05
     3630.7319 1.128277e-05
     3631.3370 7.675936e-06
     3631.9423 4.276793e-06
     3632.5477 3.404879e-06
     3633.1532 5.522216e-06
     3633.7587 7.809252e-06
     3634.3644 8.667136e-06
     3634.9702 7.360468e-06
     3635.5761 5.075219e-06
     3636.1821 4.983109e-06
     3636.7881 7.038916e-06
     3637.3943 7.699617e-06
     3638.0006 8.761128e-06
     3638.6070 1.051841e-05
     3639.2135 1.092290e-05
     3639.8201 1.283339e-05
     3640.4267 1.295918e-05
     3641.0335 1.221729e-05
     3641.6404 1.197805e-05
     3642.2474 1.181629e-05
     3642.8545 1.156369e-05
     3643.4617 1.014120e-05
     3644.0690 9.591222e-06
     3644.6764 9.883156e-06
     3645.2839 9.260692e-06
     3645.8915 7.126037e-06
     3646.4992 7.014319e-06
     3647.1070 8.885047e-06
     3647.7149 8.286798e-06
     3648.3229 5.052483e-06
     3648.9310 3.394294e-06
     3649.5392 4.589263e-06
     3650.1475 5.529103e-06
     3650.7559 5.402962e-06
     3651.3644 6.455145e-06
     3651.9730 7.786566e-06
     3652.5817 8.180412e-06
     3653.1906 1.112315e-05
     3653.7995 1.267911e-05
     3654.4085 1.108776e-05
     3655.0176 1.098167e-05
     3655.6268 1.283429e-05
     3656.2362 1.356261e-05
     3656.8456 1.305618e-05
     3657.4551 1.348587e-05
     3658.0647 1.503806e-05
     3658.6745 1.432200e-05
     3659.2843 1.443077e-05
     3659.8942 1.643202e-05
     3660.5043 1.519415e-05
     3661.1144 1.354766e-05
     3661.7246 1.254581e-05
     3662.3350 1.227088e-05
     3662.9454 1.152028e-05
     3663.5559 1.225368e-05
     3664.1666 1.158735e-05
     3664.7773 1.056032e-05
     3665.3882 9.754961e-06
     3665.9991 1.203527e-05
     3666.6102 1.524102e-05
     3667.2213 1.302807e-05
     3667.8326 1.066098e-05
     3668.4439 1.208706e-05
     3669.0554 1.274151e-05
     3669.6670 1.107578e-05
     3670.2786 8.141989e-06
     3670.8904 7.196926e-06
     3671.5023 8.534946e-06
     3672.1142 1.207194e-05
     3672.7263 1.441443e-05
     3673.3385 1.437132e-05
     3673.9507 1.326519e-05
     3674.5631 1.230409e-05
     3675.1756 1.143195e-05
     3675.7882 1.239652e-05
     3676.4009 1.388476e-05
     3677.0136 1.390309e-05
     3677.6265 1.090121e-05
     3678.2395 7.770464e-06
     3678.8526 7.999956e-06
     3679.4658 1.121085e-05
     3680.0791 1.079124e-05
     3680.6925 7.620151e-06
     3681.3060 5.847106e-06
     3681.9196 7.779653e-06
     3682.5333 1.000505e-05
     3683.1471 9.251078e-06
     3683.7610 9.043165e-06
     3684.3750 1.047060e-05
     3684.9891 1.167869e-05
     3685.6034 1.183539e-05
     3686.2177 9.917769e-06
     3686.8321 8.612811e-06
     3687.4466 8.025767e-06
     3688.0612 6.493893e-06
     3688.6760 6.160681e-06
     3689.2908 8.341022e-06
     3689.9057 9.400668e-06
     3690.5208 9.850149e-06
     3691.1359 1.111834e-05
     3691.7511 1.364749e-05
     3692.3665 1.758377e-05
     3692.9819 1.821953e-05
     3693.5975 1.521952e-05
     3694.2131 1.141934e-05
     3694.8289 9.300562e-06
     3695.4447 1.092637e-05
     3696.0607 1.201655e-05
     3696.6768 1.272590e-05
     3697.2929 1.340742e-05
     3697.9092 1.322142e-05
     3698.5256 1.264246e-05
     3699.1420 1.253551e-05
     3699.7586 1.380879e-05
     3700.3753 1.579566e-05
     3700.9921 1.570274e-05
     3701.6090 1.395269e-05
     3702.2259 1.202816e-05
     3702.8430 1.161730e-05
     3703.4602 1.197577e-05
     3704.0775 1.187216e-05
     3704.6949 8.502228e-06
     3705.3124 7.117275e-06
     3705.9300 7.010539e-06
     3706.5477 5.474727e-06
     3707.1655 6.667345e-06
     3707.7834 8.801859e-06
     3708.4015 7.340219e-06
     3709.0196 7.552157e-06
     3709.6378 7.961641e-06
     3710.2561 6.129319e-06
     3710.8746 7.557607e-06
     3711.4931 1.069517e-05
     3712.1117 1.153876e-05
     3712.7305 1.168404e-05
     3713.3493 1.322753e-05
     3713.9682 1.393519e-05
     3714.5873 1.490944e-05
     3715.2064 1.689678e-05
     3715.8257 1.653339e-05
     3716.4450 1.337456e-05
     3717.0645 1.208415e-05
     3717.6841 1.241602e-05
     3718.3037 1.199983e-05
     3718.9235 1.058646e-05
     3719.5434 8.840046e-06
     3720.1633 6.392726e-06
     3720.7834 3.865575e-06
     3721.4036 3.939587e-06
     3722.0239 4.652538e-06
     3722.6443 4.274101e-06
     3723.2648 4.545432e-06
     3723.8854 6.322429e-06
     3724.5061 8.637297e-06
     3725.1269 9.052689e-06
     3725.7478 9.438418e-06
     3726.3688 1.125641e-05
     3726.9899 1.290244e-05
     3727.6111 1.048727e-05
     3728.2324 6.073717e-06
     3728.8539 5.834557e-06
     3729.4754 9.106506e-06
     3730.0970 1.223890e-05
     3730.7188 1.236763e-05
     3731.3406 9.219883e-06
     3731.9625 7.927183e-06
     3732.5846 8.852377e-06
     3733.2067 7.638208e-06
     3733.8290 5.772442e-06
     3734.4513 4.646382e-06
     3735.0738 4.012344e-06
     3735.6964 2.893921e-06
     3736.3190 3.212589e-06
     3736.9418 4.724668e-06
     3737.5647 4.371682e-06
     3738.1877 3.555142e-06
     3738.8107 5.266968e-06
     3739.4339 7.498897e-06
     3740.0572 8.380249e-06
     3740.6806 9.222565e-06
     3741.3041 1.162942e-05
     3741.9277 1.249607e-05
     3742.5514 1.117751e-05
     3743.1752 1.001963e-05
     3743.7992 7.896656e-06
     3744.4232 5.775241e-06
     3745.0473 6.498985e-06
     3745.6715 7.433458e-06
     3746.2958 5.274701e-06
     3746.9203 3.791051e-06
     3747.5448 5.411088e-06
     3748.1695 7.029899e-06
     3748.7942 6.094043e-06
     3749.4191 3.806835e-06
     3750.0440 2.764011e-06
     3750.6691 2.921508e-06
     3751.2942 4.655643e-06
     3751.9195 7.015092e-06
     3752.5449 9.250175e-06
     3753.1704 1.012099e-05
     3753.7959 9.459703e-06
     3754.4216 1.030179e-05
     3755.0474 1.268548e-05
     3755.6733 1.345086e-05
     3756.2993 1.486318e-05
     3756.9254 1.497870e-05
     3757.5516 1.312306e-05
     3758.1779 9.301519e-06
     3758.8043 5.386385e-06
     3759.4309 4.223838e-06
     3760.0575 5.368306e-06
     3760.6842 7.310215e-06
     3761.3110 9.184384e-06
     3761.9380 9.616105e-06
     3762.5650 9.457661e-06
     3763.1922 1.092827e-05
     3763.8194 1.095203e-05
     3764.4468 7.628237e-06
     3765.0742 6.551231e-06
     3765.7018 1.044174e-05
     3766.3295 1.135947e-05
     3766.9572 1.008368e-05
     3767.5851 8.296498e-06
     3768.2131 6.007353e-06
     3768.8412 7.529470e-06
     3769.4694 1.119455e-05
     3770.0977 1.285891e-05
     3770.7261 1.107665e-05
     3771.3546 9.048527e-06
     3771.9832 9.333725e-06
     3772.6119 1.132497e-05
     3773.2407 1.381619e-05
     3773.8697 1.385858e-05
     3774.4987 1.437379e-05
     3775.1278 1.472364e-05
     3775.7571 1.284489e-05
     3776.3864 1.282737e-05
     3777.0159 1.217518e-05
     3777.6454 1.134043e-05
     3778.2751 1.156738e-05
     3778.9048 1.228068e-05
     3779.5347 1.136472e-05
     3780.1647 1.302487e-05
     3780.7948 1.648720e-05
     3781.4250 1.763160e-05
     3782.0552 1.666039e-05
     3782.6856 1.544661e-05
     3783.3161 1.406699e-05
     3783.9467 1.376410e-05
     3784.5775 1.331006e-05
     3785.2083 1.583755e-05
     3785.8392 1.724480e-05
     3786.4702 1.396820e-05
     3787.1014 9.331420e-06
     3787.7326 9.081667e-06
     3788.3639 9.338205e-06
     3788.9954 8.452540e-06
     3789.6269 9.252166e-06
     3790.2586 9.584777e-06
     3790.8903 8.523287e-06
     3791.5222 8.896767e-06
     3792.1542 1.126523e-05
     3792.7863 1.195342e-05
     3793.4185 1.230702e-05
     3794.0507 1.160371e-05
     3794.6831 9.339280e-06
     3795.3156 8.286607e-06
     3795.9482 7.179657e-06
     3796.5809 8.159486e-06
     3797.2138 1.028083e-05
     3797.8467 1.067707e-05
     3798.4797 8.043609e-06
     3799.1128 5.641720e-06
     3799.7461 5.570707e-06
     3800.3794 6.432902e-06
     3801.0129 9.309716e-06
     3801.6464 1.230201e-05
     3802.2801 1.128026e-05
     3802.9139 9.953158e-06
     3803.5477 1.282161e-05
     3804.1817 1.429852e-05
     3804.8158 1.459802e-05
     3805.4500 1.527672e-05
     3806.0843 1.366553e-05
     3806.7187 1.207594e-05
     3807.3532 1.050841e-05
     3807.9878 8.853296e-06
     3808.6225 9.778310e-06
     3809.2573 1.114324e-05
     3809.8923 1.259697e-05
     3810.5273 1.382234e-05
     3811.1624 1.425977e-05
     3811.7977 1.343315e-05
     3812.4330 1.223266e-05
     3813.0685 1.230584e-05
     3813.7041 1.036706e-05
     3814.3397 7.955007e-06
     3814.9755 8.190010e-06
     3815.6114 8.137504e-06
     3816.2474 6.892358e-06
     3816.8835 5.103017e-06
     3817.5197 6.135376e-06
     3818.1560 8.495506e-06
     3818.7924 9.095683e-06
     3819.4289 9.112413e-06
     3820.0655 8.384596e-06
     3820.7023 5.810902e-06
     3821.3391 3.670356e-06
     3821.9760 4.388971e-06
     3822.6131 6.789746e-06
     3823.2503 9.156461e-06
     3823.8875 9.684775e-06
     3824.5249 7.875032e-06
     3825.1624 5.810567e-06
     3825.7999 4.839832e-06
     3826.4376 4.230487e-06
     3827.0754 3.713422e-06
     3827.7133 4.942530e-06
     3828.3513 5.640243e-06
     3828.9894 5.291936e-06
     3829.6276 5.889449e-06
     3830.2660 5.320642e-06
     3830.9044 5.747196e-06
     3831.5429 6.582803e-06
     3832.1816 5.534713e-06
     3832.8203 4.093195e-06
     3833.4592 3.499055e-06
     3834.0982 4.043775e-06
     3834.7372 4.072600e-06
     3835.3764 3.893318e-06
     3836.0157 4.972731e-06
     3836.6551 5.719112e-06
     3837.2946 5.797750e-06
     3837.9342 6.050815e-06
     3838.5739 5.587858e-06
     3839.2137 4.119980e-06
     3839.8536 4.393156e-06
     3840.4936 5.519266e-06
     3841.1338 4.946615e-06
     3841.7740 3.809670e-06
     3842.4144 5.147652e-06
     3843.0548 7.979090e-06
     3843.6954 8.766939e-06
     3844.3361 8.502767e-06
     3844.9768 9.482907e-06
     3845.6177 9.535755e-06
     3846.2587 8.432090e-06
     3846.8998 8.159835e-06
     3847.5410 8.124751e-06
     3848.1823 9.207286e-06
     3848.8237 1.048422e-05
     3849.4653 9.854088e-06
     3850.1069 8.290559e-06
     3850.7486 6.354571e-06
     3851.3905 6.502363e-06
     3852.0324 7.906607e-06
     3852.6745 8.743094e-06
     3853.3167 8.359244e-06
     3853.9589 8.358006e-06
     3854.6013 9.038355e-06
     3855.2438 9.394435e-06
     3855.8864 9.929069e-06
     3856.5291 8.166691e-06
     3857.1719 5.734121e-06
     3857.8148 6.704134e-06
     3858.4578 8.100057e-06
     3859.1010 6.768108e-06
     3859.7442 5.373746e-06
     3860.3875 4.335554e-06
     3861.0310 3.671041e-06
     3861.6746 4.750372e-06
     3862.3182 6.565927e-06
     3862.9620 9.258482e-06
     3863.6059 9.803851e-06
     3864.2499 8.734706e-06
     3864.8940 8.935209e-06
     3865.5382 9.555523e-06
     3866.1825 8.412749e-06
     3866.8269 7.627498e-06
     3867.4714 8.840202e-06
     3868.1160 8.472093e-06
     3868.7608 7.678731e-06
     3869.4056 8.143103e-06
     3870.0506 8.653025e-06
     3870.6956 7.680888e-06
     3871.3408 6.724811e-06
     3871.9861 5.604153e-06
     3872.6315 5.099590e-06
     3873.2770 4.907624e-06
     3873.9226 5.428173e-06
     3874.5683 7.125913e-06
     3875.2141 8.984549e-06
     3875.8600 1.060232e-05
     3876.5060 1.038155e-05
     3877.1522 9.961919e-06
     3877.7984 9.426492e-06
     3878.4448 7.431134e-06
     3879.0912 4.766670e-06
     3879.7378 4.765392e-06
     3880.3845 7.827279e-06
     3881.0313 9.511396e-06
     3881.6782 9.234644e-06
     3882.3252 7.761717e-06
     3882.9723 5.958498e-06
     3883.6195 5.272177e-06
     3884.2668 7.692429e-06
     3884.9143 1.188011e-05
     3885.5618 1.147640e-05
     3886.2094 8.857659e-06
     3886.8572 6.006676e-06
     3887.5051 4.700705e-06
     3888.1530 6.491871e-06
     3888.8011 8.908565e-06
     3889.4493 7.519109e-06
     3890.0976 6.564605e-06
     3890.7460 7.948669e-06
     3891.3945 9.071741e-06
     3892.0431 1.034228e-05
     3892.6919 1.221580e-05
     3893.3407 1.334263e-05
     3893.9896 1.225024e-05
     3894.6387 1.168869e-05
     3895.2878 1.184570e-05
     3895.9371 9.942520e-06
     3896.5865 7.671782e-06
     3897.2360 1.061425e-05
     3897.8856 1.453214e-05
     3898.5353 1.325463e-05
     3899.1851 1.069228e-05
     3899.8350 1.080667e-05
     3900.4850 9.232826e-06
     3901.1352 9.101495e-06
     3901.7854 1.196598e-05
     3902.4358 1.361497e-05
     3903.0862 1.176586e-05
     3903.7368 9.004079e-06
     3904.3875 8.147252e-06
     3905.0382 9.165405e-06
     3905.6891 9.555936e-06
     3906.3401 7.542689e-06
     3906.9913 6.575393e-06
     3907.6425 7.893573e-06
     3908.2938 1.010509e-05
     3908.9452 1.137067e-05
     3909.5968 1.267409e-05
     3910.2484 1.408852e-05
     3910.9002 1.292831e-05
     3911.5521 1.112448e-05
     3912.2041 1.185726e-05
     3912.8561 1.432365e-05
     3913.5083 1.627670e-05
     3914.1606 1.505390e-05
     3914.8131 1.251844e-05
     3915.4656 1.275672e-05
     3916.1182 1.391468e-05
     3916.7710 1.181675e-05
     3917.4238 1.015020e-05
     3918.0768 1.071027e-05
     3918.7298 1.189131e-05
     3919.3830 1.025509e-05
     3920.0363 9.410622e-06
     3920.6897 9.846335e-06
     3921.3432 7.561184e-06
     3921.9968 6.308508e-06
     3922.6505 7.754998e-06
     3923.3043 8.587633e-06
     3923.9583 7.592397e-06
     3924.6123 9.000409e-06
     3925.2665 1.057298e-05
     3925.9208 1.008914e-05
     3926.5751 8.493159e-06
     3927.2296 7.855487e-06
     3927.8842 8.014049e-06
     3928.5389 6.499497e-06
     3929.1937 4.725811e-06
     3929.8486 4.686123e-06
     3930.5037 4.474469e-06
     3931.1588 3.604652e-06
     3931.8141 3.238999e-06
     3932.4694 3.112397e-06
     3933.1249 2.602334e-06
     3933.7805 1.840990e-06
     3934.4361 1.142866e-06
     3935.0919 1.143247e-06
     3935.7478 1.834281e-06
     3936.4039 2.477649e-06
     3937.0600 3.081870e-06
     3937.7162 3.844607e-06
     3938.3725 4.365543e-06
     3939.0290 4.980325e-06
     3939.6856 6.089399e-06
     3940.3422 7.435472e-06
     3940.9990 8.171912e-06
     3941.6559 7.816519e-06
     3942.3129 7.205376e-06
     3942.9700 7.731848e-06
     3943.6272 8.051483e-06
     3944.2845 7.329254e-06
     3944.9420 5.959441e-06
     3945.5995 6.352583e-06
     3946.2572 9.035059e-06
     3946.9149 1.321778e-05
     3947.5728 1.413511e-05
     3948.2308 1.133092e-05
     3948.8889 9.389718e-06
     3949.5471 9.278306e-06
     3950.2054 1.030991e-05
     3950.8638 1.211840e-05
     3951.5224 1.345953e-05
     3952.1810 1.449351e-05
     3952.8398 1.375289e-05
     3953.4986 1.075795e-05
     3954.1576 1.014106e-05
     3954.8167 1.388300e-05
     3955.4759 1.611613e-05
     3956.1352 1.506854e-05
     3956.7946 1.269395e-05
     3957.4541 1.005537e-05
     3958.1137 1.019791e-05
     3958.7735 1.142750e-05
     3959.4333 1.254240e-05
     3960.0933 1.437117e-05
     3960.7533 1.380949e-05
     3961.4135 1.145140e-05
     3962.0738 8.012670e-06
     3962.7342 5.715195e-06
     3963.3947 6.407684e-06
     3964.0553 7.018746e-06
     3964.7161 7.052259e-06
     3965.3769 6.656659e-06
     3966.0379 5.986666e-06
     3966.6989 4.817073e-06
     3967.3601 3.598348e-06
     3968.0214 2.912767e-06
     3968.6828 2.161040e-06
     3969.3443 1.369221e-06
     3970.0059 1.396095e-06
     3970.6676 2.222843e-06
     3971.3294 3.222234e-06
     3971.9914 4.159867e-06
     3972.6534 4.906226e-06
     3973.3156 5.631484e-06
     3973.9779 6.345075e-06
     3974.6403 6.659990e-06
     3975.3028 7.265427e-06
     3975.9654 8.431369e-06
     3976.6281 1.034346e-05
     3977.2909 1.044923e-05
     3977.9538 9.841794e-06
     3978.6169 1.126378e-05
     3979.2801 1.267909e-05
     3979.9433 1.359313e-05
     3980.6067 1.467065e-05
     3981.2702 1.654902e-05
     3981.9338 1.598135e-05
     3982.5975 1.357966e-05
     3983.2613 1.292418e-05
     3983.9253 1.387330e-05
     3984.5893 1.419894e-05
     3985.2535 1.374722e-05
     3985.9177 1.432390e-05
     3986.5821 1.452446e-05
     3987.2466 1.305858e-05
     3987.9112 1.258089e-05
     3988.5759 1.657449e-05
     3989.2407 1.969778e-05
     3989.9056 1.827271e-05
     3990.5707 1.466292e-05
     3991.2358 1.348877e-05
     3991.9011 1.620156e-05
     3992.5665 1.686437e-05
     3993.2319 1.700112e-05
     3993.8975 1.863654e-05
     3994.5632 1.885034e-05
     3995.2290 1.703196e-05
     3995.8950 1.675450e-05
     3996.5610 1.595591e-05
     3997.2272 1.541394e-05
     3997.8934 1.504127e-05
     3998.5598 1.352868e-05
     3999.2263 1.239557e-05
     3999.8929 1.449232e-05
     4000.5596 1.961873e-05
     4001.2264 2.113133e-05
     4001.8933 2.101814e-05
     4002.5604 2.000218e-05
     4003.2275 1.909835e-05
     4003.8948 1.896827e-05
     4004.5621 1.930219e-05
     4005.2296 1.851544e-05
     4005.8972 1.345624e-05
     4006.5649 1.041383e-05
     4007.2327 1.290784e-05
     4007.9007 1.525870e-05
     4008.5687 1.933379e-05
     4009.2369 2.140421e-05
     4009.9051 1.937923e-05
     4010.5735 1.805475e-05
     4011.2420 1.732914e-05
     4011.9106 1.730955e-05
     4012.5793 1.715914e-05
     4013.2481 1.717308e-05
     4013.9170 2.001720e-05
     4014.5861 1.862331e-05
     4015.2552 1.519266e-05
     4015.9245 1.771578e-05
     4016.5939 2.019026e-05
     4017.2633 2.096655e-05
     4017.9329 1.861332e-05
     4018.6027 1.613408e-05
     4019.2725 1.673569e-05
     4019.9424 2.002685e-05
     4020.6125 2.158360e-05
     4021.2826 2.029393e-05
     4021.9529 2.052380e-05
     4022.6233 1.897088e-05
     4023.2938 1.801293e-05
     4023.9644 1.959582e-05
     4024.6351 1.867734e-05
     4025.3059 1.610986e-05
     4025.9769 1.457102e-05
     4026.6479 1.680771e-05
     4027.3191 1.841372e-05
     4027.9903 1.898837e-05
     4028.6617 2.059830e-05
     4029.3332 2.113780e-05
     4030.0048 2.162063e-05
     4030.6766 1.875711e-05
     4031.3484 1.215526e-05
     4032.0204 1.004848e-05
     4032.6924 1.310355e-05
     4033.3646 1.337717e-05
     4034.0369 1.142935e-05
     4034.7093 1.222880e-05
     4035.3818 1.315184e-05
     4036.0544 1.552071e-05
     4036.7271 1.740829e-05
     4037.4000 1.945000e-05
     4038.0729 2.084563e-05
     4038.7460 2.137286e-05
     4039.4192 2.087618e-05
     4040.0925 2.083998e-05
     4040.7659 2.058067e-05
     4041.4394 1.781613e-05
     4042.1130 1.641739e-05
     4042.7868 1.746066e-05
     4043.4606 1.996797e-05
     4044.1346 1.954303e-05
     4044.8087 1.577318e-05
     4045.4828 1.243201e-05
     4046.1571 9.686595e-06
     4046.8316 7.176576e-06
     4047.5061 1.004372e-05
     4048.1807 1.484087e-05
     4048.8555 1.729547e-05
     4049.5304 1.692610e-05
     4050.2053 1.649914e-05
     4050.8804 1.843925e-05
     4051.5556 2.027677e-05
     4052.2309 2.042080e-05
     4052.9064 1.963438e-05
     4053.5819 1.781445e-05
     4054.2576 1.812994e-05
     4054.9333 1.765083e-05
     4055.6092 1.559127e-05
     4056.2852 1.569864e-05
     4056.9613 1.864868e-05
     4057.6375 1.966827e-05
     4058.3138 1.578889e-05
     4058.9903 1.351083e-05
     4059.6668 1.492923e-05
     4060.3435 1.601107e-05
     4061.0203 1.866888e-05
     4061.6972 2.068312e-05
     4062.3742 1.967489e-05
     4063.0513 1.721946e-05
     4063.7285 1.388367e-05
     4064.4059 9.513028e-06
     4065.0833 9.154345e-06
     4065.7609 1.345507e-05
     4066.4386 1.559679e-05
     4067.1164 1.556011e-05
     4067.7943 1.444089e-05
     4068.4723 1.498949e-05
     4069.1505 1.683385e-05
     4069.8287 1.876238e-05
     4070.5071 1.912532e-05
     4071.1855 1.711586e-05
     4071.8641 1.316344e-05
     4072.5428 1.003944e-05
     4073.2216 1.130294e-05
     4073.9006 1.672835e-05
     4074.5796 2.031790e-05
     4075.2588 2.059772e-05
     4075.9380 1.901273e-05
     4076.6174 1.851053e-05
     4077.2969 1.487433e-05
     4077.9765 1.143998e-05
     4078.6562 1.168062e-05
     4079.3361 1.394786e-05
     4080.0160 1.577065e-05
     4080.6961 1.643867e-05
     4081.3762 1.931017e-05
     4082.0565 2.108431e-05
     4082.7369 2.062491e-05
     4083.4174 1.850381e-05
     4084.0981 1.739877e-05
     4084.7788 1.690306e-05
     4085.4597 1.701907e-05
     4086.1406 1.702489e-05
     4086.8217 1.801416e-05
     4087.5029 1.914366e-05
     4088.1842 2.134398e-05
     4088.8656 2.408577e-05
     4089.5472 2.390180e-05
     4090.2288 2.251514e-05
     4090.9106 2.157012e-05
     4091.5924 2.084620e-05
     4092.2744 2.182201e-05
     4092.9565 1.997214e-05
     4093.6388 1.690527e-05
     4094.3211 2.085822e-05
     4095.0035 2.389071e-05
     4095.6861 2.105328e-05
     4096.3688 1.788888e-05
     4097.0515 1.612162e-05
     4097.7344 1.568691e-05
     4098.4175 1.679110e-05
     4099.1006 1.647213e-05
     4099.7838 1.621155e-05
     4100.4672 1.672114e-05
     4101.1506 1.456506e-05
     4101.8342 1.216013e-05
     4102.5179 1.081559e-05
     4103.2017 1.165672e-05
     4103.8857 1.396850e-05
     4104.5697 1.619669e-05
     4105.2538 1.616887e-05
     4105.9381 1.628655e-05
     4106.6225 1.976756e-05
     4107.3070 2.014130e-05
     4107.9916 1.786679e-05
     4108.6763 1.703449e-05
     4109.3611 1.771705e-05
     4110.0461 1.832383e-05
     4110.7312 1.766023e-05
     4111.4163 1.784373e-05
     4112.1016 1.791419e-05
     4112.7870 1.706784e-05
     4113.4726 1.637786e-05
     4114.1582 1.746838e-05
     4114.8440 1.991856e-05
     4115.5298 1.984739e-05
     4116.2158 1.872184e-05
     4116.9019 1.979325e-05
     4117.5881 1.986480e-05
     4118.2744 2.047152e-05
     4118.9609 1.908939e-05
     4119.6474 1.541738e-05
     4120.3341 1.520673e-05
     4121.0208 1.707042e-05
     4121.7077 1.806445e-05
     4122.3948 1.711053e-05
     4123.0819 1.634011e-05
     4123.7691 1.637948e-05
     4124.4565 1.530671e-05
     4125.1439 1.678724e-05
     4125.8315 1.927440e-05
     4126.5192 1.882002e-05
     4127.2070 1.829806e-05
     4127.8949 1.903737e-05
     4128.5830 1.661012e-05
     4129.2711 1.555809e-05
     4129.9594 1.804414e-05
     4130.6478 1.838551e-05
     4131.3363 1.838348e-05
     4132.0249 1.814285e-05
     4132.7136 1.528626e-05
     4133.4025 1.285560e-05
     4134.0914 1.486417e-05
     4134.7805 1.479852e-05
     4135.4697 1.268854e-05
     4136.1590 1.601415e-05
     4136.8484 1.974966e-05
     4137.5379 1.889620e-05
     4138.2276 1.745880e-05
     4138.9174 1.867941e-05
     4139.6072 2.014851e-05
     4140.2972 2.015266e-05
     4140.9873 1.913155e-05
     4141.6776 1.884783e-05
     4142.3679 1.869645e-05
     4143.0583 1.578485e-05
     4143.7489 1.264721e-05
     4144.4396 1.042878e-05
     4145.1304 1.059313e-05
     4145.8213 1.467537e-05
     4146.5123 1.742800e-05
     4147.2035 1.866736e-05
     4147.8947 1.926906e-05
     4148.5861 1.799604e-05
     4149.2776 1.860935e-05
     4149.9692 1.773350e-05
     4150.6609 1.522106e-05
     4151.3528 1.518326e-05
     4152.0447 1.658700e-05
     4152.7368 1.743932e-05
     4153.4289 1.698805e-05
     4154.1212 1.719377e-05
     4154.8137 1.496261e-05
     4155.5062 1.356815e-05
     4156.1988 1.722828e-05
     4156.8916 1.893965e-05
     4157.5845 1.558847e-05
     4158.2774 1.519857e-05
     4158.9705 1.797712e-05
     4159.6638 1.948090e-05
     4160.3571 1.871475e-05
     4161.0505 1.777206e-05
     4161.7441 1.733915e-05
     4162.4378 1.671748e-05
     4163.1316 1.789068e-05
     4163.8255 1.975454e-05
     4164.5195 1.970268e-05
     4165.2137 1.807029e-05
     4165.9079 1.616705e-05
     4166.6023 1.657651e-05
     4167.2968 1.876042e-05
     4167.9914 1.664827e-05
     4168.6861 1.431779e-05
     4169.3810 1.634878e-05
     4170.0759 1.747907e-05
     4170.7710 1.723292e-05
     4171.4662 1.831503e-05
     4172.1615 1.743933e-05
     4172.8569 1.382668e-05
     4173.5524 1.194360e-05
     4174.2481 1.254207e-05
     4174.9439 1.376532e-05
     4175.6397 1.515202e-05
     4176.3357 1.573330e-05
     4177.0319 1.644863e-05
     4177.7281 1.658071e-05
     4178.4244 1.487059e-05
     4179.1209 1.289589e-05
     4179.8175 1.297692e-05
     4180.5142 1.519998e-05
     4181.2110 1.778156e-05
     4181.9079 1.701320e-05
     4182.6049 1.544942e-05
     4183.3021 1.553176e-05
     4183.9994 1.540582e-05
     4184.6968 1.471435e-05
     4185.3943 1.566016e-05
     4186.0919 1.844939e-05
     4186.7896 2.058752e-05
     4187.4875 1.843783e-05
     4188.1855 1.419218e-05
     4188.8836 1.356880e-05
     4189.5818 1.653000e-05
     4190.2801 1.804052e-05
     4190.9785 1.840035e-05
     4191.6771 1.761233e-05
     4192.3758 1.508666e-05
     4193.0745 1.460169e-05
     4193.7734 1.835795e-05
     4194.4725 1.969890e-05
     4195.1716 1.884578e-05
     4195.8709 1.693616e-05
     4196.5702 1.464947e-05
     4197.2697 1.370698e-05
     4197.9693 1.509321e-05
     4198.6690 1.690247e-05
     4199.3689 1.352029e-05
     4200.0688 1.249863e-05
     4200.7689 1.548521e-05
     4201.4691 1.585672e-05
     4202.1694 1.480791e-05
     4202.8698 1.341044e-05
     4203.5703 1.360123e-05
     4204.2710 1.629571e-05
     4204.9718 1.640873e-05
     4205.6727 1.598839e-05
     4206.3737 1.626572e-05
     4207.0748 1.791823e-05
     4207.7760 1.794026e-05
     4208.4774 1.914029e-05
     4209.1788 2.011014e-05
     4209.8804 1.900531e-05
     4210.5821 1.836615e-05
     4211.2840 1.681596e-05
     4211.9859 1.718928e-05
     4212.6879 1.811679e-05
     4213.3901 1.773227e-05
     4214.0924 1.709000e-05
     4214.7948 1.627080e-05
     4215.4973 1.626010e-05
     4216.2000 1.445402e-05
     4216.9027 1.137487e-05
     4217.6056 1.268928e-05
     4218.3086 1.657728e-05
     4219.0117 1.934594e-05
     4219.7149 1.975461e-05
     4220.4183 1.855808e-05
     4221.1218 1.909481e-05
     4221.8253 2.127120e-05
     4222.5290 2.115092e-05
     4223.2328 1.874028e-05
     4223.9368 1.757971e-05
     4224.6408 1.661434e-05
     4225.3450 1.463211e-05
     4226.0493 1.274542e-05
     4226.7537 1.021572e-05
     4227.4582 6.768168e-06
     4228.1628 6.009896e-06
     4228.8676 1.026420e-05
     4229.5724 1.554972e-05
     4230.2774 1.736195e-05
     4230.9825 1.791649e-05
     4231.6878 1.977420e-05
     4232.3931 2.026088e-05
     4233.0986 1.955234e-05
     4233.8041 1.664472e-05
     4234.5098 1.456686e-05
     4235.2156 1.625722e-05
     4235.9216 1.677000e-05
     4236.6276 1.347905e-05
     4237.3338 1.314137e-05
     4238.0401 1.576207e-05
     4238.7465 1.734437e-05
     4239.4530 1.787315e-05
     4240.1596 1.763928e-05
     4240.8664 1.692748e-05
     4241.5732 1.749414e-05
     4242.2802 1.983881e-05
     4242.9873 1.968593e-05
     4243.6945 1.722010e-05
     4244.4019 1.769420e-05
     4245.1093 2.087686e-05
     4245.8169 2.303732e-05
     4246.5246 2.149908e-05
     4247.2324 1.962344e-05
     4247.9404 1.753426e-05
     4248.6484 1.592307e-05
     4249.3566 1.572925e-05
     4250.0649 1.689533e-05
     4250.7733 1.629060e-05
     4251.4818 1.335391e-05
     4252.1904 1.487050e-05
     4252.8992 1.916066e-05
     4253.6081 2.059737e-05
     4254.3171 1.919693e-05
     4255.0262 1.484487e-05
     4255.7354 1.292095e-05
     4256.4447 1.421236e-05
     4257.1542 1.692824e-05
     4257.8638 2.199488e-05
     4258.5735 2.275739e-05
     4259.2833 1.787567e-05
     4259.9933 1.569103e-05
     4260.7033 1.556594e-05
     4261.4135 1.241267e-05
     4262.1238 1.283506e-05
     4262.8342 1.532278e-05
     4263.5447 1.874585e-05
     4264.2554 2.113912e-05
     4264.9662 2.072451e-05
     4265.6770 2.072830e-05
     4266.3880 2.169353e-05
     4267.0992 2.134253e-05
     4267.8104 2.048642e-05
     4268.5218 1.867737e-05
     4269.2333 1.692253e-05
     4269.9449 1.716923e-05
     4270.6566 1.734821e-05
     4271.3684 1.565414e-05
     4272.0804 1.191614e-05
     4272.7924 9.245818e-06
     4273.5046 1.274264e-05
     4274.2169 1.571994e-05
     4274.9294 1.425041e-05
     4275.6419 1.231236e-05
     4276.3546 1.265451e-05
     4277.0674 1.681105e-05
     4277.7803 1.936159e-05
     4278.4933 1.964375e-05
     4279.2064 2.112696e-05
     4279.9197 2.151034e-05
     4280.6331 1.819274e-05
     4281.3466 1.444550e-05
     4282.0602 1.541504e-05
     4282.7739 1.786829e-05
     4283.4878 1.647943e-05
     4284.2017 1.768025e-05
     4284.9158 2.062723e-05
     4285.6301 1.788417e-05
     4286.3444 1.522110e-05
     4287.0588 1.436755e-05
     4287.7734 1.559611e-05
     4288.4881 1.626986e-05
     4289.2029 1.542293e-05
     4289.9178 1.332273e-05
     4290.6329 1.000464e-05
     4291.3480 1.066538e-05
     4292.0633 1.300065e-05
     4292.7787 1.459917e-05
     4293.4942 1.666829e-05
     4294.2099 1.801464e-05
     4294.9257 1.574294e-05
     4295.6415 1.290253e-05
     4296.3575 1.357954e-05
     4297.0737 1.505323e-05
     4297.7899 1.504841e-05
     4298.5062 1.458330e-05
     4299.2227 1.379848e-05
     4299.9393 1.049665e-05
     4300.6560 8.612295e-06
     4301.3729 9.653966e-06
     4302.0898 1.181300e-05
     4302.8069 1.299197e-05
     4303.5241 1.085853e-05
     4304.2414 1.084667e-05
     4304.9588 1.249164e-05
     4305.6764 1.267703e-05
     4306.3941 1.149471e-05
     4307.1119 1.149529e-05
     4307.8298 1.228472e-05
     4308.5478 9.678442e-06
     4309.2660 7.495704e-06
     4309.9842 8.508126e-06
     4310.7026 9.147305e-06
     4311.4211 1.052591e-05
     4312.1398 1.208437e-05
     4312.8585 1.279930e-05
     4313.5774 1.267681e-05
     4314.2964 1.427881e-05
     4315.0155 1.542436e-05
     4315.7347 1.484667e-05
     4316.4541 1.880568e-05
     4317.1735 2.449313e-05
     4317.8931 2.552732e-05
     4318.6128 2.559464e-05
     4319.3327 2.402669e-05
     4320.0526 2.265192e-05
     4320.7727 2.423162e-05
     4321.4929 2.232096e-05
     4322.2132 1.973041e-05
     4322.9336 2.178485e-05
     4323.6541 2.187098e-05
     4324.3748 1.655881e-05
     4325.0956 1.378159e-05
     4325.8165 1.265598e-05
     4326.5375 9.571193e-06
     4327.2587 1.014448e-05
     4327.9800 1.520063e-05
     4328.7014 1.991912e-05
     4329.4229 2.252360e-05
     4330.1445 2.335954e-05
     4330.8662 2.199383e-05
     4331.5881 1.982562e-05
     4332.3101 1.929048e-05
     4333.0322 2.130677e-05
     4333.7545 2.269178e-05
     4334.4768 2.315216e-05
     4335.1993 2.264931e-05
     4335.9219 2.244419e-05
     4336.6446 2.445976e-05
     4337.3674 2.388070e-05
     4338.0904 1.744431e-05
     4338.8134 1.406311e-05
     4339.5366 1.575511e-05
     4340.2600 1.550753e-05
     4340.9834 1.306535e-05
     4341.7070 1.250142e-05
     4342.4306 1.504723e-05
     4343.1544 2.020858e-05
     4343.8784 2.171719e-05
     4344.6024 1.845871e-05
     4345.3266 1.730634e-05
     4346.0508 2.039680e-05
     4346.7752 2.364472e-05
     4347.4998 2.165549e-05
     4348.2244 2.008166e-05
     4348.9492 2.040797e-05
     4349.6741 2.211861e-05
     4350.3991 2.518548e-05
     4351.1242 2.542712e-05
     4351.8494 2.028763e-05
     4352.5748 1.449672e-05
     4353.3003 1.277398e-05
     4354.0259 1.578988e-05
     4354.7516 1.987616e-05
     4355.4775 1.940656e-05
     4356.2035 1.767138e-05
     4356.9296 1.808784e-05
     4357.6558 1.888469e-05
     4358.3821 2.099405e-05
     4359.1086 2.126118e-05
     4359.8351 1.889992e-05
     4360.5618 1.773987e-05
     4361.2887 1.893420e-05
     4362.0156 2.139543e-05
     4362.7427 2.347424e-05
     4363.4699 2.318898e-05
     4364.1972 2.151983e-05
     4364.9246 2.219319e-05
     4365.6521 2.547500e-05
     4366.3798 2.725025e-05
     4367.1076 2.416483e-05
     4367.8355 2.082687e-05
     4368.5635 1.844272e-05
     4369.2917 1.914940e-05
     4370.0200 2.260846e-05
     4370.7484 2.170587e-05
     4371.4769 2.082744e-05
     4372.2055 2.015600e-05
     4372.9343 2.093357e-05
     4373.6632 2.135858e-05
     4374.3922 1.906067e-05
     4375.1213 1.693706e-05
     4375.8505 1.604893e-05
     4376.5799 1.616521e-05
     4377.3094 1.805650e-05
     4378.0390 2.051060e-05
     4378.7688 2.157609e-05
     4379.4986 2.191730e-05
     4380.2286 2.037737e-05
     4380.9587 2.027659e-05
     4381.6889 2.056617e-05
     4382.4192 2.026380e-05
     4383.1497 1.848774e-05
     4383.8803 1.308711e-05
     4384.6110 8.277296e-06
     4385.3418 8.394518e-06
     4386.0728 1.119399e-05
     4386.8039 1.707130e-05
     4387.5351 2.101817e-05
     4388.2664 1.982464e-05
     4388.9978 1.914523e-05
     4389.7294 2.008333e-05
     4390.4611 1.938492e-05
     4391.1929 1.767627e-05
     4391.9248 1.731500e-05
     4392.6568 1.801267e-05
     4393.3890 1.989634e-05
     4394.1213 2.031843e-05
     4394.8537 1.870132e-05
     4395.5862 1.836055e-05
     4396.3189 1.690134e-05
     4397.0517 1.938158e-05
     4397.7846 2.372390e-05
     4398.5176 2.471146e-05
     4399.2508 2.306263e-05
     4399.9840 2.106703e-05
     4400.7174 1.922965e-05
     4401.4509 1.754391e-05
     4402.1846 1.757933e-05
     4402.9183 2.015363e-05
     4403.6522 2.221666e-05
     4404.3862 2.052137e-05
     4405.1203 1.581303e-05
     4405.8546 1.123822e-05
     4406.5890 1.367841e-05
     4407.3235 1.811095e-05
     4408.0581 1.937653e-05
     4408.7928 1.805850e-05
     4409.5277 1.635470e-05
     4410.2626 1.864605e-05
     4410.9978 2.183941e-05
     4411.7330 2.218728e-05
     4412.4683 2.233142e-05
     4413.2038 2.145900e-05
     4413.9394 2.316070e-05
     4414.6751 2.402654e-05
     4415.4110 1.915059e-05
     4416.1469 1.403918e-05
     4416.8830 1.622974e-05
     4417.6192 2.029112e-05
     4418.3555 2.100680e-05
     4419.0920 2.226769e-05
     4419.8286 2.428480e-05
     4420.5653 2.491907e-05
     4421.3021 2.347030e-05
     4422.0390 2.236973e-05
     4422.7761 2.185335e-05
     4423.5133 2.064339e-05
     4424.2506 2.010299e-05
     4424.9881 2.107010e-05
     4425.7256 2.237414e-05
     4426.4633 2.215325e-05
     4427.2011 2.178298e-05
     4427.9390 2.195704e-05
     4428.6771 2.078266e-05
     4429.4153 2.329281e-05
     4430.1536 2.360024e-05
     4430.8920 2.056585e-05
     4431.6305 1.873418e-05
     4432.3692 2.229993e-05
     4433.1080 2.432919e-05
     4433.8469 2.290030e-05
     4434.5859 2.104546e-05
     4435.3251 2.026061e-05
     4436.0644 1.822401e-05
     4436.8038 1.717357e-05
     4437.5433 1.924571e-05
     4438.2829 2.223201e-05
     4439.0227 2.409640e-05
     4439.7626 2.605348e-05
     4440.5026 2.630959e-05
     4441.2428 2.346470e-05
     4441.9831 2.066462e-05
     4442.7235 1.860554e-05
     4443.4640 1.778396e-05
     4444.2046 1.835386e-05
     4444.9454 1.937699e-05
     4445.6863 2.157783e-05
     4446.4273 2.495199e-05
     4447.1684 2.625965e-05
     4447.9097 2.359981e-05
     4448.6510 2.117652e-05
     4449.3925 2.375615e-05
     4450.1342 2.525487e-05
     4450.8759 2.313856e-05
     4451.6178 2.111186e-05
     4452.3598 2.217919e-05
     4453.1019 2.306901e-05
     4453.8442 2.210738e-05
     4454.5865 2.042512e-05
     4455.3290 1.800885e-05
     4456.0716 1.559223e-05
     4456.8144 1.728899e-05
     4457.5572 1.951735e-05
     4458.3002 1.959216e-05
     4459.0433 1.886933e-05
     4459.7866 1.827051e-05
     4460.5299 1.797505e-05
     4461.2734 1.933962e-05
     4462.0170 1.846230e-05
     4462.7608 1.532881e-05
     4463.5046 1.677506e-05
     4464.2486 2.140315e-05
     4464.9927 2.340586e-05
     4465.7369 2.154049e-05
     4466.4813 2.124581e-05
     4467.2257 2.137611e-05
     4467.9703 2.111395e-05
     4468.7151 2.322240e-05
     4469.4599 2.265365e-05
     4470.2049 2.036193e-05
     4470.9500 1.982432e-05
     4471.6952 2.109981e-05
     4472.4406 2.280171e-05
     4473.1860 2.473375e-05
     4473.9316 2.430865e-05
     4474.6773 2.537529e-05
     4475.4232 2.618986e-05
     4476.1691 2.500028e-05
     4476.9152 2.407884e-05
     4477.6614 2.566415e-05
     4478.4078 2.721415e-05
     4479.1542 2.734623e-05
     4479.9008 2.733212e-05
     4480.6475 2.392008e-05
     4481.3944 2.052726e-05
     4482.1413 2.047392e-05
     4482.8884 1.987757e-05
     4483.6356 2.042984e-05
     4484.3830 2.438611e-05
     4485.1304 2.539070e-05
     4485.8780 2.566654e-05
     4486.6257 2.631227e-05
     4487.3736 2.699070e-05
     4488.1215 2.645354e-05
     4488.8696 2.273790e-05
     4489.6178 1.920964e-05
     4490.3661 1.716335e-05
     4491.1146 1.839214e-05
     4491.8632 2.160464e-05
     4492.6119 2.420331e-05
     4493.3607 2.534906e-05
     4494.1097 2.587943e-05
     4494.8588 2.438109e-05
     4495.6080 2.102301e-05
     4496.3573 2.078529e-05
     4497.1067 2.121365e-05
     4497.8563 2.184806e-05
     4498.6060 2.478886e-05
     4499.3559 2.697571e-05
     4500.1058 2.661865e-05
     4500.8559 2.718077e-05
     4501.6061 2.599535e-05
     4502.3564 2.326919e-05
     4503.1069 2.288677e-05
     4503.8575 2.628174e-05
     4504.6082 2.986517e-05
     4505.3590 3.035494e-05
     4506.1100 2.926669e-05
     4506.8610 2.847338e-05
     4507.6122 2.715437e-05
     4508.3636 2.685070e-05
     4509.1150 2.761802e-05
     4509.8666 2.754744e-05
     4510.6183 2.763775e-05
     4511.3702 2.826884e-05
     4512.1221 2.877394e-05
     4512.8742 2.776006e-05
     4513.6264 2.576155e-05
     4514.3787 2.557768e-05
     4515.1312 2.466726e-05
     4515.8838 2.345152e-05
     4516.6365 2.501789e-05
     4517.3893 2.682130e-05
     4518.1423 2.561074e-05
     4518.8954 2.241133e-05
     4519.6486 2.262366e-05
     4520.4019 2.591561e-05
     4521.1554 2.574947e-05
     4521.9090 2.766148e-05
     4522.6627 2.947058e-05
     4523.4165 2.552404e-05
     4524.1705 2.283918e-05
     4524.9246 2.532660e-05
     4525.6788 2.460558e-05
     4526.4331 2.259850e-05
     4527.1876 2.159790e-05
     4527.9422 1.905473e-05
     4528.6969 1.892605e-05
     4529.4518 1.860357e-05
     4530.2067 1.848542e-05
     4530.9618 2.083477e-05
     4531.7171 2.065792e-05
     4532.4724 1.948103e-05
     4533.2279 2.334809e-05
     4533.9835 2.305884e-05
     4534.7392 1.985192e-05
     4535.4951 1.899685e-05
     4536.2511 1.647396e-05
     4537.0072 1.551200e-05
     4537.7634 2.133078e-05
     4538.5197 2.659388e-05
     4539.2762 2.617946e-05
     4540.0328 2.440555e-05
     4540.7896 2.498931e-05
     4541.5464 2.355385e-05
     4542.3034 2.222994e-05
     4543.0605 2.346974e-05
     4543.8178 2.484213e-05
     4544.5751 2.547688e-05
     4545.3326 2.307135e-05
     4546.0903 2.069837e-05
     4546.8480 2.138594e-05
     4547.6059 2.317604e-05
     4548.3639 2.314426e-05
     4549.1220 2.404777e-05
     4549.8802 2.346174e-05
     4550.6386 2.090273e-05
     4551.3971 2.368323e-05
     4552.1557 2.687379e-05
     4552.9145 2.428300e-05
     4553.6734 2.240163e-05
     4554.4324 2.380066e-05
     4555.1915 2.284790e-05
     4555.9508 2.114346e-05
     4556.7102 2.055320e-05
     4557.4697 2.281183e-05
     4558.2293 2.619311e-05
     4558.9891 2.644706e-05
     4559.7490 2.561729e-05
     4560.5090 2.693041e-05
     4561.2692 2.647145e-05
     4562.0294 2.597727e-05
     4562.7898 2.699067e-05
     4563.5504 2.794762e-05
     4564.3110 2.640781e-05
     4565.0718 2.426222e-05
     4565.8327 2.389523e-05
     4566.5938 2.217772e-05
     4567.3549 2.271086e-05
     4568.1162 2.506139e-05
     4568.8776 2.751861e-05
     4569.6392 2.652583e-05
     4570.4008 2.578675e-05
     4571.1626 2.649029e-05
     4571.9246 2.402013e-05
     4572.6866 2.045303e-05
     4573.4488 2.208932e-05
     4574.2111 2.705442e-05
     4574.9735 2.871892e-05
     4575.7361 2.687184e-05
     4576.4988 2.644882e-05
     4577.2616 2.630183e-05
     4578.0245 2.571190e-05
     4578.7876 2.640759e-05
     4579.5508 2.530625e-05
     4580.3141 2.314964e-05
     4581.0776 2.146700e-05
     4581.8411 2.048522e-05
     4582.6048 2.185249e-05
     4583.3687 2.482481e-05
     4584.1326 2.449877e-05
     4584.8967 2.213212e-05
     4585.6609 2.126495e-05
     4586.4253 2.142784e-05
     4587.1897 2.090826e-05
     4587.9543 2.322903e-05
     4588.7191 2.627349e-05
     4589.4839 2.733971e-05
     4590.2489 2.704847e-05
     4591.0140 2.576991e-05
     4591.7792 2.422196e-05
     4592.5446 2.238668e-05
     4593.3101 2.121486e-05
     4594.0757 2.243478e-05
     4594.8414 2.436702e-05
     4595.6073 2.335693e-05
     4596.3733 2.098868e-05
     4597.1394 2.116505e-05
     4597.9057 2.381632e-05
     4598.6721 2.344695e-05
     4599.4386 2.285243e-05
     4600.2052 2.513005e-05
     4600.9720 2.428558e-05
     4601.7389 2.070744e-05
     4602.5059 2.121308e-05
     4603.2730 2.273522e-05
     4604.0403 2.233794e-05
     4604.8077 2.211446e-05
     4605.5752 2.088215e-05
     4606.3429 2.085695e-05
     4607.1107 2.323460e-05
     4607.8786 2.468532e-05
     4608.6466 2.398678e-05
     4609.4148 2.681464e-05
     4610.1831 2.917586e-05
     4610.9515 2.881896e-05
     4611.7201 2.793614e-05
     4612.4888 2.548348e-05
     4613.2576 2.581980e-05
     4614.0265 2.503071e-05
     4614.7956 2.327962e-05
     4615.5648 2.507279e-05
     4616.3341 2.611315e-05
     4617.1036 2.457552e-05
     4617.8732 2.526882e-05
     4618.6429 2.799124e-05
     4619.4127 2.892741e-05
     4620.1827 2.568254e-05
     4620.9528 2.300822e-05
     4621.7230 2.335533e-05
     4622.4933 2.507556e-05
     4623.2638 2.532359e-05
     4624.0344 2.505215e-05
     4624.8052 2.697701e-05
     4625.5760 2.711358e-05
     4626.3470 2.614018e-05
     4627.1182 2.514870e-05
     4627.8894 2.493371e-05
     4628.6608 2.611993e-05
     4629.4323 2.693721e-05
     4630.2039 2.603897e-05
     4630.9757 2.536855e-05
     4631.7476 2.782286e-05
     4632.5196 2.944746e-05
     4633.2918 2.774947e-05
     4634.0640 2.446234e-05
     4634.8364 2.389089e-05
     4635.6090 2.505949e-05
     4636.3816 2.555589e-05
     4637.1544 2.595741e-05
     4637.9274 2.608662e-05
     4638.7004 2.313520e-05
     4639.4736 2.365045e-05
     4640.2469 2.543538e-05
     4641.0203 2.431531e-05
     4641.7939 2.593546e-05
     4642.5676 2.759160e-05
     4643.3414 2.775572e-05
     4644.1154 2.765036e-05
     4644.8895 2.767784e-05
     4645.6637 2.884283e-05
     4646.4380 2.767686e-05
     4647.2125 2.408922e-05
     4647.9871 2.263309e-05
     4648.7618 2.356126e-05
     4649.5367 2.401540e-05
     4650.3117 2.408275e-05
     4651.0868 2.567886e-05
     4651.8620 2.642339e-05
     4652.6374 2.419831e-05
     4653.4129 2.325743e-05
     4654.1886 2.556816e-05
     4654.9643 2.572740e-05
     4655.7402 2.372713e-05
     4656.5162 2.504920e-05
     4657.2924 2.486658e-05
     4658.0687 2.353592e-05
     4658.8451 2.509078e-05
     4659.6216 2.859929e-05
     4660.3983 3.014378e-05
     4661.1751 2.959358e-05
     4661.9520 2.761885e-05
     4662.7291 2.562171e-05
     4663.5062 2.547953e-05
     4664.2836 2.520867e-05
     4665.0610 2.437337e-05
     4665.8386 2.476108e-05
     4666.6163 2.561659e-05
     4667.3941 2.386857e-05
     4668.1721 2.002266e-05
     4668.9502 1.805903e-05
     4669.7284 2.056725e-05
     4670.5068 2.370555e-05
     4671.2852 2.548416e-05
     4672.0638 2.746761e-05
     4672.8426 2.845920e-05
     4673.6215 2.633372e-05
     4674.4005 2.478186e-05
     4675.1796 2.527539e-05
     4675.9589 2.472355e-05
     4676.7382 2.660013e-05
     4677.5178 2.890647e-05
     4678.2974 2.813133e-05
     4679.0772 2.725779e-05
     4679.8571 2.589038e-05
     4680.6372 2.404166e-05
     4681.4173 2.264607e-05
     4682.1976 2.306628e-05
     4682.9781 2.291297e-05
     4683.7586 2.393084e-05
     4684.5393 2.682362e-05
     4685.3201 2.697276e-05
     4686.1011 2.587950e-05
     4686.8822 2.621357e-05
     4687.6634 2.652770e-05
     4688.4447 2.540884e-05
     4689.2262 2.536875e-05
     4690.0078 2.701969e-05
     4690.7895 2.696857e-05
     4691.5714 2.573911e-05
     4692.3534 2.485918e-05
     4693.1355 2.585149e-05
     4693.9178 2.654993e-05
     4694.7002 2.666157e-05
     4695.4827 2.759523e-05
     4696.2653 2.853474e-05
     4697.0481 2.934428e-05
     4697.8310 2.860590e-05
     4698.6140 2.784554e-05
     4699.3972 2.595947e-05
     4700.1805 2.431478e-05
     4700.9639 2.579258e-05
     4701.7475 2.483247e-05
     4702.5312 2.386867e-05
     4703.3150 2.503608e-05
     4704.0989 2.374198e-05
     4704.8830 2.423048e-05
     4705.6672 2.684276e-05
     4706.4516 2.746831e-05
     4707.2361 2.719046e-05
     4708.0207 2.511472e-05
     4708.8054 2.353924e-05
     4709.5903 2.431747e-05
     4710.3753 2.376640e-05
     4711.1604 2.309483e-05
     4711.9456 2.509934e-05
     4712.7310 2.749458e-05
     4713.5166 2.864558e-05
     4714.3022 2.866952e-05
     4715.0880 2.486624e-05
     4715.8739 2.251984e-05
     4716.6600 2.398217e-05
     4717.4461 2.635613e-05
     4718.2324 2.765020e-05
     4719.0189 2.715441e-05
     4719.8054 2.682544e-05
     4720.5921 2.773589e-05
     4721.3790 2.926120e-05
     4722.1659 2.912681e-05
     4722.9530 2.773221e-05
     4723.7403 2.580774e-05
     4724.5276 2.640357e-05
     4725.3151 2.921449e-05
     4726.1027 3.056506e-05
     4726.8905 3.042242e-05
     4727.6783 2.846745e-05
     4728.4664 2.466505e-05
     4729.2545 2.287662e-05
     4730.0428 2.337633e-05
     4730.8312 2.353030e-05
     4731.6197 2.428747e-05
     4732.4084 2.390648e-05
     4733.1972 2.364029e-05
     4733.9861 2.564390e-05
     4734.7752 2.557375e-05
     4735.5644 2.631495e-05
     4736.3537 2.838840e-05
     4737.1432 2.708199e-05
     4737.9327 2.371928e-05
     4738.7225 2.376262e-05
     4739.5123 2.718517e-05
     4740.3023 2.731805e-05
     4741.0924 2.629054e-05
     4741.8827 2.550642e-05
     4742.6731 2.493320e-05
     4743.4636 2.593125e-05
     4744.2542 2.724339e-05
     4745.0450 2.796577e-05
     4745.8359 2.653652e-05
     4746.6269 2.603471e-05
     4747.4181 2.749432e-05
     4748.2094 2.892531e-05
     4749.0008 2.937123e-05
     4749.7924 2.924495e-05
     4750.5841 2.700142e-05
     4751.3759 2.752551e-05
     4752.1679 2.934908e-05
     4752.9600 2.819788e-05
     4753.7522 2.761055e-05
     4754.5446 2.783460e-05
     4755.3371 2.604347e-05
     4756.1297 2.682165e-05
     4756.9224 2.733647e-05
     4757.7153 2.607069e-05
     4758.5083 2.650325e-05
     4759.3015 2.669536e-05
     4760.0948 2.713164e-05
     4760.8882 2.756948e-05
     4761.6817 2.822091e-05
     4762.4754 2.724158e-05
     4763.2692 2.492335e-05
     4764.0632 2.490710e-05
     4764.8572 2.659590e-05
     4765.6515 2.625545e-05
     4766.4458 2.581646e-05
     4767.2403 2.353265e-05
     4768.0349 2.364718e-05
     4768.8296 2.583479e-05
     4769.6245 2.549315e-05
     4770.4195 2.710145e-05
     4771.2146 2.896284e-05
     4772.0099 2.851525e-05
     4772.8053 2.624900e-05
     4773.6008 2.437995e-05
     4774.3965 2.512765e-05
     4775.1923 2.866361e-05
     4775.9882 2.992713e-05
     4776.7843 2.810972e-05
     4777.5805 2.716311e-05
     4778.3768 2.892196e-05
     4779.1733 2.935792e-05
     4779.9699 2.870319e-05
     4780.7666 2.728752e-05
     4781.5635 2.741612e-05
     4782.3605 2.764745e-05
     4783.1576 2.690276e-05
     4783.9548 2.585594e-05
     4784.7522 2.463232e-05
     4785.5498 2.709674e-05
     4786.3474 2.826279e-05
     4787.1452 2.600136e-05
     4787.9431 2.345679e-05
     4788.7412 2.484880e-05
     4789.5394 2.555441e-05
     4790.3377 2.382821e-05
     4791.1362 2.375478e-05
     4791.9348 2.543067e-05
     4792.7335 2.605021e-05
     4793.5323 2.550827e-05
     4794.3313 2.662351e-05
     4795.1304 2.881556e-05
     4795.9297 2.980746e-05
     4796.7291 2.974986e-05
     4797.5286 2.808682e-05
     4798.3283 2.744240e-05
     4799.1280 2.605345e-05
     4799.9280 2.481854e-05
     4800.7280 2.505366e-05
     4801.5282 2.433605e-05
     4802.3285 2.470928e-05
     4803.1290 2.656027e-05
     4803.9296 2.739870e-05
     4804.7303 2.849710e-05
     4805.5312 2.877227e-05
     4806.3321 2.716279e-05
     4807.1333 2.694874e-05
     4807.9345 2.703092e-05
     4808.7359 2.585033e-05
     4809.5374 2.535945e-05
     4810.3391 2.616026e-05
     4811.1409 2.717877e-05
     4811.9428 2.697597e-05
     4812.7449 2.755486e-05
     4813.5471 2.788685e-05
     4814.3494 2.751267e-05
     4815.1518 2.731460e-05
     4815.9544 2.677403e-05
     4816.7572 2.614878e-05
     4817.5600 2.681774e-05
     4818.3630 2.822404e-05
     4819.1661 2.859552e-05
     4819.9694 2.888600e-05
     4820.7728 2.871803e-05
     4821.5763 2.772126e-05
     4822.3800 2.756669e-05
     4823.1838 2.786407e-05
     4823.9877 2.601437e-05
     4824.7918 2.366065e-05
     4825.5960 2.505315e-05
     4826.4003 2.777690e-05
     4827.2048 2.900724e-05
     4828.0094 2.873753e-05
     4828.8141 2.743324e-05
     4829.6190 2.700730e-05
     4830.4240 2.625079e-05
     4831.2291 2.822213e-05
     4832.0344 2.852565e-05
     4832.8398 2.584552e-05
     4833.6453 2.480380e-05
     4834.4510 2.620353e-05
     4835.2568 2.727157e-05
     4836.0628 2.652499e-05
     4836.8688 2.570980e-05
     4837.6751 2.662035e-05
     4838.4814 2.876810e-05
     4839.2879 2.774508e-05
     4840.0945 2.531313e-05
     4840.9012 2.358660e-05
     4841.7081 2.398001e-05
     4842.5152 2.619467e-05
     4843.3223 2.658938e-05
     4844.1296 2.394053e-05
     4844.9370 2.288016e-05
     4845.7446 2.508158e-05
     4846.5523 2.591190e-05
     4847.3601 2.542472e-05
     4848.1680 2.605387e-05
     4848.9761 2.637004e-05
     4849.7844 2.550226e-05
     4850.5927 2.689452e-05
     4851.4012 2.929227e-05
     4852.2099 2.804192e-05
     4853.0186 2.505980e-05
     4853.8275 2.568661e-05
     4854.6366 2.791509e-05
     4855.4458 2.748665e-05
     4856.2551 2.373878e-05
     4857.0645 2.207770e-05
     4857.8741 2.517995e-05
     4858.6838 2.675030e-05
     4859.4936 2.641153e-05
     4860.3036 2.442868e-05
     4861.1138 2.174830e-05
     4861.9240 1.970662e-05
     4862.7344 1.822177e-05
     4863.5449 2.117818e-05
     4864.3556 2.346289e-05
     4865.1664 2.277341e-05
     4865.9773 2.369181e-05
     4866.7884 2.562761e-05
     4867.5996 2.613974e-05
     4868.4109 2.583247e-05
     4869.2224 2.391731e-05
     4870.0340 2.509129e-05
     4870.8457 2.666126e-05
     4871.6576 2.426983e-05
     4872.4696 2.019706e-05
     4873.2817 2.017826e-05
     4874.0940 2.366366e-05
     4874.9064 2.537983e-05
     4875.7190 2.567809e-05
     4876.5317 2.452535e-05
     4877.3445 2.461755e-05
     4878.1575 2.686629e-05
     4878.9706 2.625166e-05
     4879.7838 2.613347e-05
     4880.5971 2.954943e-05
     4881.4106 2.980381e-05
     4882.2243 2.683735e-05
     4883.0381 2.411811e-05
     4883.8520 2.612498e-05
     4884.6660 2.816678e-05
     4885.4802 2.764339e-05
     4886.2945 2.508724e-05
     4887.1089 2.271961e-05
     4887.9235 2.218144e-05
     4888.7383 2.215323e-05
     4889.5531 2.264789e-05
     4890.3681 2.347008e-05
     4891.1832 2.527349e-05
     4891.9985 2.104595e-05
     4892.8139 1.955984e-05
     4893.6294 2.466638e-05
     4894.4451 2.771447e-05
     4895.2609 2.966536e-05
     4896.0769 3.126248e-05
     4896.8929 3.177101e-05
     4897.7092 3.118166e-05
     4898.5255 3.115161e-05
     4899.3420 3.114479e-05
     4900.1586 2.972463e-05
     4900.9754 2.628174e-05
     4901.7923 2.584687e-05
     4902.6093 2.778539e-05
     4903.4265 2.780943e-05
     4904.2438 2.584473e-05
     4905.0612 2.488680e-05
     4905.8788 2.639313e-05
     4906.6965 2.923489e-05
     4907.5144 3.026892e-05
     4908.3324 2.743681e-05
     4909.1505 2.496829e-05
     4909.9688 2.540282e-05
     4910.7872 2.474893e-05
     4911.6057 2.297457e-05
     4912.4244 2.393792e-05
     4913.2432 2.550274e-05
     4914.0621 2.708494e-05
     4914.8812 2.720960e-05
     4915.7004 2.816258e-05
     4916.5197 2.961483e-05
     4917.3392 3.012380e-05
     4918.1589 2.943207e-05
     4918.9786 2.683681e-05
     4919.7985 2.300039e-05
     4920.6186 2.123887e-05
     4921.4387 2.012693e-05
     4922.2590 2.116404e-05
     4923.0795 2.499939e-05
     4923.9001 2.730719e-05
     4924.7208 2.769243e-05
     4925.5416 2.525606e-05
     4926.3626 2.426390e-05
     4927.1838 2.647309e-05
     4928.0050 2.813236e-05
     4928.8264 2.704764e-05
     4929.6480 2.790900e-05
     4930.4696 3.007813e-05
     4931.2915 2.911495e-05
     4932.1134 2.925783e-05
     4932.9355 3.047423e-05
     4933.7577 2.877063e-05
     4934.5801 2.416146e-05
     4935.4026 2.304999e-05
     4936.2252 2.729219e-05
     4937.0480 2.831664e-05
     4937.8709 2.691786e-05
     4938.6939 2.482208e-05
     4939.5171 2.228031e-05
     4940.3404 2.165563e-05
     4941.1639 2.494405e-05
     4941.9875 2.887955e-05
     4942.8112 2.912243e-05
     4943.6351 2.794063e-05
     4944.4591 2.901952e-05
     4945.2833 2.992945e-05
     4946.1075 2.847558e-05
     4946.9320 2.647540e-05
     4947.7565 2.678563e-05
     4948.5812 2.864260e-05
     4949.4060 2.925197e-05
     4950.2310 2.997242e-05
     4951.0561 2.941630e-05
     4951.8814 2.966942e-05
     4952.7067 3.094979e-05
     4953.5323 2.986924e-05
     4954.3579 2.716929e-05
     4955.1837 2.637928e-05
     4956.0097 2.761437e-05
     4956.8357 2.843912e-05
     4957.6619 2.600820e-05
     4958.4883 1.941749e-05
     4959.3148 1.865104e-05
     4960.1414 2.489598e-05
     4960.9681 2.835505e-05
     4961.7950 2.900764e-05
     4962.6221 2.885410e-05
     4963.4492 2.785853e-05
     4964.2766 2.817751e-05
     4965.1040 2.859055e-05
     4965.9316 2.662172e-05
     4966.7593 2.476390e-05
     4967.5872 2.478839e-05
     4968.4152 2.557625e-05
     4969.2433 2.452352e-05
     4970.0716 2.489706e-05
     4970.9000 2.625046e-05
     4971.7286 2.506197e-05
     4972.5573 2.536365e-05
     4973.3861 2.723702e-05
     4974.2150 2.774095e-05
     4975.0442 2.802774e-05
     4975.8734 2.854709e-05
     4976.7028 2.823640e-05
     4977.5323 2.782192e-05
     4978.3620 2.816159e-05
     4979.1917 2.612905e-05
     4980.0217 2.366817e-05
     4980.8518 2.350538e-05
     4981.6820 2.385592e-05
     4982.5123 2.425350e-05
     4983.3428 2.173263e-05
     4984.1734 2.024386e-05
     4985.0042 2.077996e-05
     4985.8351 2.252528e-05
     4986.6661 2.263577e-05
     4987.4973 2.375036e-05
     4988.3286 2.622498e-05
     4989.1601 2.674640e-05
     4989.9917 2.585278e-05
     4990.8234 2.702993e-05
     4991.6553 2.735169e-05
     4992.4873 2.437022e-05
     4993.3195 2.581303e-05
     4994.1518 2.719102e-05
     4994.9842 2.470430e-05
     4995.8167 2.436839e-05
     4996.6495 2.600751e-05
     4997.4823 2.614921e-05
     4998.3153 2.470586e-05
     4999.1484 2.466137e-05
     4999.9817 2.489144e-05
     5000.8151 2.334938e-05
     5001.6486 2.285340e-05
     5002.4823 2.372111e-05
     5003.3161 2.322861e-05
     5004.1501 2.400042e-05
     5004.9841 2.523389e-05
     5005.8184 2.502965e-05
     5006.6528 2.318543e-05
     5007.4873 2.133879e-05
     5008.3219 2.247267e-05
     5009.1567 2.462413e-05
     5009.9916 2.666898e-05
     5010.8267 2.580697e-05
     5011.6619 2.516537e-05
     5012.4973 2.516640e-05
     5013.3327 2.274534e-05
     5014.1684 2.259973e-05
     5015.0041 2.250864e-05
     5015.8400 2.161590e-05
     5016.6761 2.321552e-05
     5017.5123 2.378542e-05
     5018.3486 2.396270e-05
     5019.1850 2.339603e-05
     5020.0216 2.351304e-05
     5020.8584 2.407230e-05
     5021.6953 2.378175e-05
     5022.5323 2.349429e-05
     5023.3694 2.123610e-05
     5024.2067 2.212397e-05
     5025.0442 2.590916e-05
     5025.8818 2.658989e-05
     5026.7195 2.567237e-05
     5027.5573 2.636346e-05
     5028.3953 2.460369e-05
     5029.2335 2.346504e-05
     5030.0717 2.601877e-05
     5030.9101 2.712708e-05
     5031.7487 2.661263e-05
     5032.5874 2.694171e-05
     5033.4262 2.879161e-05
     5034.2652 3.017131e-05
     5035.1043 2.930117e-05
     5035.9436 2.633598e-05
     5036.7830 2.242257e-05
     5037.6225 2.122021e-05
     5038.4622 2.526771e-05
     5039.3020 2.633179e-05
     5040.1419 2.395859e-05
     5040.9820 2.245071e-05
     5041.8223 1.972782e-05
     5042.6626 1.739379e-05
     5043.5032 2.095197e-05
     5044.3438 2.571019e-05
     5045.1846 2.658582e-05
     5046.0255 2.772592e-05
     5046.8666 2.859301e-05
     5047.7078 2.844873e-05
     5048.5492 2.739136e-05
     5049.3907 2.431941e-05
     5050.2323 2.232298e-05
     5051.0741 2.284246e-05
     5051.9160 2.455857e-05
     5052.7581 2.430696e-05
     5053.6003 2.510178e-05
     5054.4426 2.730575e-05
     5055.2851 2.826325e-05
     5056.1277 2.813446e-05
     5056.9704 2.736833e-05
     5057.8133 2.663051e-05
     5058.6564 2.668859e-05
     5059.4996 2.777391e-05
     5060.3429 2.874839e-05
     5061.1863 2.771751e-05
     5062.0299 2.858543e-05
     5062.8737 2.915066e-05
     5063.7176 2.873348e-05
     5064.5616 2.812725e-05
     5065.4058 2.499614e-05
     5066.2501 2.131263e-05
     5067.0945 2.348756e-05
     5067.9391 2.604785e-05
     5068.7838 2.474525e-05
     5069.6287 2.363520e-05
     5070.4737 2.427861e-05
     5071.3188 2.614268e-05
     5072.1641 2.654430e-05
     5073.0096 2.457059e-05
     5073.8551 2.339413e-05
     5074.7009 2.599053e-05
     5075.5467 2.796039e-05
     5076.3927 2.703824e-05
     5077.2388 2.520597e-05
     5078.0851 2.511523e-05
     5078.9315 2.765811e-05
     5079.7781 2.641751e-05
     5080.6248 2.117616e-05
     5081.4716 1.923525e-05
     5082.3186 2.106716e-05
     5083.1657 2.341865e-05
     5084.0130 2.328452e-05
     5084.8604 2.271704e-05
     5085.7080 2.360398e-05
     5086.5556 2.399725e-05
     5087.4035 2.392224e-05
     5088.2514 2.327697e-05
     5089.0996 2.455656e-05
     5089.9478 2.506633e-05
     5090.7962 2.515065e-05
     5091.6447 2.399974e-05
     5092.4934 2.140628e-05
     5093.3422 2.220086e-05
     5094.1912 2.584821e-05
     5095.0403 2.759543e-05
     5095.8896 2.654758e-05
     5096.7389 2.542910e-05
     5097.5885 2.413300e-05
     5098.4381 2.298536e-05
     5099.2879 2.215705e-05
     5100.1379 1.861521e-05
     5100.9880 1.926664e-05
     5101.8382 2.344513e-05
     5102.6886 2.600848e-05
     5103.5391 2.684687e-05
     5104.3898 2.624780e-05
     5105.2406 2.576662e-05
     5106.0915 2.501795e-05
     5106.9426 2.481985e-05
     5107.7938 2.458451e-05
     5108.6452 2.228507e-05
     5109.4967 2.230970e-05
     5110.3484 2.335995e-05
     5111.2002 2.265479e-05
     5112.0521 2.297474e-05
     5112.9042 2.523891e-05
     5113.7564 2.564946e-05
     5114.6088 2.480471e-05
     5115.4613 2.597354e-05
     5116.3139 2.612836e-05
     5117.1667 2.538973e-05
     5118.0197 2.662672e-05
     5118.8727 2.847027e-05
     5119.7259 2.781012e-05
     5120.5793 2.726134e-05
     5121.4328 2.653972e-05
     5122.2865 2.499437e-05
     5123.1402 2.433821e-05
     5123.9942 2.372715e-05
     5124.8482 2.132302e-05
     5125.7024 2.161532e-05
     5126.5568 2.232319e-05
     5127.4113 2.197360e-05
     5128.2659 2.143035e-05
     5129.1207 2.226490e-05
     5129.9756 2.347514e-05
     5130.8307 2.223235e-05
     5131.6859 2.311629e-05
     5132.5413 2.457985e-05
     5133.3968 2.526229e-05
     5134.2524 2.500655e-05
     5135.1082 2.399652e-05
     5135.9641 2.578568e-05
     5136.8202 2.725015e-05
     5137.6764 2.580671e-05
     5138.5327 2.417076e-05
     5139.3892 2.483725e-05
     5140.2459 2.226373e-05
     5141.1026 2.168139e-05
     5141.9596 2.549727e-05
     5142.8166 2.485507e-05
     5143.6738 2.098304e-05
     5144.5312 2.096355e-05
     5145.3887 2.450087e-05
     5146.2463 2.436169e-05
     5147.1041 2.283903e-05
     5147.9620 2.258557e-05
     5148.8201 2.228349e-05
     5149.6783 2.229038e-05
     5150.5366 2.412088e-05
     5151.3951 2.368685e-05
     5152.2538 2.274744e-05
     5153.1126 2.263575e-05
     5153.9715 2.303216e-05
     5154.8305 2.251870e-05
     5155.6898 2.227055e-05
     5156.5491 2.362623e-05
     5157.4086 2.467824e-05
     5158.2682 2.569092e-05
     5159.1280 2.645872e-05
     5159.9880 2.544669e-05
     5160.8480 2.440677e-05
     5161.7082 2.508108e-05
     5162.5686 2.403230e-05
     5163.4291 2.173090e-05
     5164.2897 2.274801e-05
     5165.1505 2.448521e-05
     5166.0115 2.248336e-05
     5166.8725 1.894331e-05
     5167.7337 1.525736e-05
     5168.5951 1.268509e-05
     5169.4566 1.458418e-05
     5170.3183 1.770057e-05
     5171.1800 2.173781e-05
     5172.0420 2.184036e-05
     5172.9041 1.730412e-05
     5173.7663 1.281769e-05
     5174.6287 1.290151e-05
     5175.4912 1.747384e-05
     5176.3538 2.217085e-05
     5177.2166 2.318300e-05
     5178.0796 2.295979e-05
     5178.9426 2.376988e-05
     5179.8059 2.468564e-05
     5180.6692 2.459398e-05
     5181.5328 2.389780e-05
     5182.3964 2.292718e-05
     5183.2602 2.088344e-05
     5184.1242 1.636691e-05
     5184.9883 1.206336e-05
     5185.8525 1.478096e-05
     5186.7169 2.025989e-05
     5187.5814 2.321977e-05
     5188.4461 2.515476e-05
     5189.3109 2.427405e-05
     5190.1758 2.388033e-05
     5191.0409 2.707586e-05
     5191.9062 2.724107e-05
     5192.7716 2.236876e-05
     5193.6371 1.875516e-05
     5194.5028 2.064317e-05
     5195.3686 2.401189e-05
     5196.2346 2.285757e-05
     5197.1007 2.161357e-05
     5197.9670 2.329040e-05
     5198.8334 2.493418e-05
     5199.6999 2.526258e-05
     5200.5666 2.532701e-05
     5201.4334 2.455966e-05
     5202.3004 2.483748e-05
     5203.1675 2.505781e-05
     5204.0348 2.474318e-05
     5204.9022 2.515112e-05
     5205.7698 2.196670e-05
     5206.6375 1.970860e-05
     5207.5053 1.900713e-05
     5208.3733 2.079646e-05
     5209.2414 1.914890e-05
     5210.1097 1.764476e-05
     5210.9781 2.079613e-05
     5211.8467 2.230774e-05
     5212.7154 2.475955e-05
     5213.5843 2.655251e-05
     5214.4533 2.711582e-05
     5215.3224 2.721663e-05
     5216.1917 2.573733e-05
     5217.0611 2.440944e-05
     5217.9307 2.411157e-05
     5218.8005 2.429075e-05
     5219.6703 2.565040e-05
     5220.5403 2.759185e-05
     5221.4105 2.739220e-05
     5222.2808 2.731284e-05
     5223.1513 2.700166e-05
     5224.0219 2.641504e-05
     5224.8926 2.501710e-05
     5225.7635 2.264254e-05
     5226.6345 2.107561e-05
     5227.5057 1.930557e-05
     5228.3770 1.751578e-05
     5229.2485 2.158680e-05
     5230.1201 2.654227e-05
     5230.9919 2.675256e-05
     5231.8638 2.680503e-05
     5232.7358 2.842884e-05
     5233.6080 2.644257e-05
     5234.4804 2.363354e-05
     5235.3529 2.480704e-05
     5236.2255 2.539673e-05
     5237.0983 2.616795e-05
     5237.9712 2.782385e-05
     5238.8443 2.877000e-05
     5239.7175 2.849453e-05
     5240.5908 2.775021e-05
     5241.4643 2.748555e-05
     5242.3380 2.853936e-05
     5243.2118 2.883676e-05
     5244.0857 2.713649e-05
     5244.9598 2.704357e-05
     5245.8340 2.882680e-05
     5246.7084 2.844253e-05
     5247.5829 2.579680e-05
     5248.4576 2.342671e-05
     5249.3324 2.491559e-05
     5250.2074 2.778721e-05
     5251.0825 2.639866e-05
     5251.9577 2.441833e-05
     5252.8331 2.618088e-05
     5253.7087 2.765295e-05
     5254.5844 2.733458e-05
     5255.4602 2.670942e-05
     5256.3362 2.403399e-05
     5257.2123 2.488394e-05
     5258.0886 2.903945e-05
     5258.9650 3.010555e-05
     5259.8416 2.953959e-05
     5260.7183 2.774351e-05
     5261.5952 2.666249e-05
     5262.4722 2.577077e-05
     5263.3493 2.369429e-05
     5264.2266 2.202348e-05
     5265.1041 2.068336e-05
     5265.9817 2.116827e-05
     5266.8594 2.001887e-05
     5267.7373 1.955140e-05
     5268.6153 2.342881e-05
     5269.4935 2.404593e-05
     5270.3718 1.850497e-05
     5271.2503 1.511268e-05
     5272.1289 1.997229e-05
     5273.0077 2.583090e-05
     5273.8866 2.604511e-05
     5274.7656 2.429267e-05
     5275.6448 2.587934e-05
     5276.5242 2.482436e-05
     5277.4037 2.412602e-05
     5278.2833 2.756884e-05
     5279.1631 2.993702e-05
     5280.0430 3.056103e-05
     5280.9231 2.912713e-05
     5281.8033 2.695020e-05
     5282.6837 2.622783e-05
     5283.5642 2.571844e-05
     5284.4449 2.507010e-05
     5285.3257 2.363528e-05
     5286.2067 2.608968e-05
     5287.0878 2.979083e-05
     5287.9690 3.130309e-05
     5288.8504 3.041889e-05
     5289.7320 2.887522e-05
     5290.6137 2.922148e-05
     5291.4955 3.098417e-05
     5292.3775 3.165765e-05
     5293.2596 3.089358e-05
     5294.1419 2.940371e-05
     5295.0244 2.886554e-05
     5295.9069 2.919536e-05
     5296.7897 2.888162e-05
     5297.6725 2.646921e-05
     5298.5555 2.306347e-05
     5299.4387 2.117726e-05
     5300.3220 2.443562e-05
     5301.2055 2.845381e-05
     5302.0891 2.727958e-05
     5302.9728 2.639921e-05
     5303.8568 2.721689e-05
     5304.7408 2.908278e-05
     5305.6250 2.944744e-05
     5306.5093 2.995210e-05
     5307.3938 3.044001e-05
     5308.2785 2.938769e-05
     5309.1633 2.848130e-05
     5310.0482 2.888848e-05
     5310.9333 3.009759e-05
     5311.8185 3.074682e-05
     5312.7039 3.093704e-05
     5313.5894 3.069429e-05
     5314.4751 2.967004e-05
     5315.3609 2.988636e-05
     5316.2469 2.944454e-05
     5317.1330 2.840289e-05
     5318.0192 2.745868e-05
     5318.9057 2.791595e-05
     5319.7922 2.798750e-05
     5320.6789 2.679943e-05
     5321.5658 2.702687e-05
     5322.4528 2.738460e-05
     5323.3399 2.677932e-05
     5324.2272 2.746992e-05
     5325.1147 2.613514e-05
     5326.0023 2.543875e-05
     5326.8900 2.645139e-05
     5327.7779 2.556810e-05
     5328.6659 2.134627e-05
     5329.5541 1.534142e-05
     5330.4424 1.787429e-05
     5331.3309 2.403890e-05
     5332.2196 2.748280e-05
     5333.1083 2.828845e-05
     5333.9973 2.724997e-05
     5334.8863 2.741586e-05
     5335.7756 2.875643e-05
     5336.6649 2.952534e-05
     5337.5544 2.968185e-05
     5338.4441 2.927589e-05
     5339.3339 2.984618e-05
     5340.2239 2.946498e-05
     5341.1140 2.645755e-05
     5342.0043 2.406818e-05
     5342.8947 2.604258e-05
     5343.7852 2.869380e-05
     5344.6759 2.871581e-05
     5345.5668 2.901780e-05
     5346.4578 2.765905e-05
     5347.3489 2.616092e-05
     5348.2402 2.805123e-05
     5349.1317 2.801107e-05
     5350.0233 2.586043e-05
     5350.9150 2.507433e-05
     5351.8069 2.733943e-05
     5352.6990 2.983322e-05
     5353.5911 2.999926e-05
     5354.4835 2.883562e-05
     5355.3760 2.941433e-05
     5356.2686 3.153246e-05
     5357.1614 3.176666e-05
     5358.0543 3.146150e-05
     5358.9474 3.103147e-05
     5359.8406 3.084961e-05
     5360.7340 3.107590e-05
     5361.6276 3.144815e-05
     5362.5212 3.046601e-05
     5363.4151 2.907552e-05
     5364.3090 2.848471e-05
     5365.2032 2.806828e-05
     5366.0974 2.648276e-05
     5366.9919 2.689889e-05
     5367.8864 2.834829e-05
     5368.7812 2.766813e-05
     5369.6760 2.849658e-05
     5370.5711 2.723205e-05
     5371.4662 2.421578e-05
     5372.3615 2.216732e-05
     5373.2570 2.243766e-05
     5374.1526 2.710465e-05
     5375.0484 2.903646e-05
     5375.9443 3.022468e-05
     5376.8404 3.101126e-05
     5377.7366 3.020020e-05
     5378.6330 2.892986e-05
     5379.5295 2.896817e-05
     5380.4261 2.972555e-05
     5381.3229 2.940121e-05
     5382.2199 2.880862e-05
     5383.1170 2.854118e-05
     5384.0143 2.759575e-05
     5384.9117 2.657335e-05
     5385.8093 2.789898e-05
     5386.7070 2.833944e-05
     5387.6048 2.854069e-05
     5388.5028 2.850248e-05
     5389.4010 2.800380e-05
     5390.2993 2.708000e-05
     5391.1978 2.596629e-05
     5392.0964 2.636703e-05
     5392.9951 2.644913e-05
     5393.8940 2.668337e-05
     5394.7931 2.657758e-05
     5395.6923 2.682004e-05
     5396.5916 2.748447e-05
     5397.4912 2.658724e-05
     5398.3908 2.244194e-05
     5399.2906 2.362354e-05
     5400.1906 2.744474e-05
     5401.0907 2.779364e-05
     5401.9909 2.589550e-05
     5402.8913 2.637711e-05
     5403.7919 2.802825e-05
     5404.6926 2.657851e-05
     5405.5935 2.345301e-05
     5406.4945 2.183051e-05
     5407.3956 2.085297e-05
     5408.2969 2.326965e-05
     5409.1984 2.603034e-05
     5410.1000 2.665402e-05
     5411.0018 2.439532e-05
     5411.9037 2.475499e-05
     5412.8057 2.704893e-05
     5413.7079 2.919315e-05
     5414.6103 2.967969e-05
     5415.5128 2.926530e-05
     5416.4155 2.770097e-05
     5417.3183 2.843617e-05
     5418.2212 3.011532e-05
     5419.1244 3.039403e-05
     5420.0276 2.920495e-05
     5420.9310 2.777413e-05
     5421.8346 2.692160e-05
     5422.7383 2.824550e-05
     5423.6422 3.005003e-05
     5424.5462 2.910508e-05
     5425.4504 2.553894e-05
     5426.3547 2.601430e-05
     5427.2591 2.857006e-05
     5428.1638 3.006225e-05
     5429.0685 3.062335e-05
     5429.9735 2.760923e-05
     5430.8785 2.253015e-05
     5431.7837 2.414613e-05
     5432.6891 2.840319e-05
     5433.5946 2.756888e-05
     5434.5003 2.594287e-05
     5435.4061 2.492151e-05
     5436.3121 2.375432e-05
     5437.2182 2.486639e-05
     5438.1245 2.569810e-05
     5439.0310 2.784895e-05
     5439.9375 2.960694e-05
     5440.8443 3.072894e-05
     5441.7512 3.108479e-05
     5442.6582 3.066801e-05
     5443.5654 3.050270e-05
     5444.4727 3.063569e-05
     5445.3802 3.023154e-05
     5446.2878 2.806230e-05
     5447.1956 2.548532e-05
     5448.1036 2.192755e-05
     5449.0117 2.343832e-05
     5449.9199 2.672334e-05
     5450.8283 2.832490e-05
     5451.7368 2.956079e-05
     5452.6455 2.966522e-05
     5453.5544 2.883917e-05
     5454.4634 2.820156e-05
     5455.3725 2.767233e-05
     5456.2819 2.477200e-05
     5457.1913 2.236132e-05
     5458.1009 2.602222e-05
     5459.0107 2.867410e-05
     5459.9206 2.969386e-05
     5460.8306 2.985025e-05
     5461.7409 2.853057e-05
     5462.6512 2.796453e-05
     5463.5617 2.743117e-05
     5464.4724 2.545344e-05
     5465.3832 2.641216e-05
     5466.2942 2.878923e-05
     5467.2053 2.854913e-05
     5468.1166 2.737319e-05
     5469.0280 2.824645e-05
     5469.9396 2.883966e-05
     5470.8514 2.834114e-05
     5471.7632 2.736044e-05
     5472.6753 2.783380e-05
     5473.5875 2.854414e-05
     5474.4998 2.692577e-05
     5475.4123 2.588085e-05
     5476.3249 2.740484e-05
     5477.2377 2.586133e-05
     5478.1507 2.141005e-05
     5479.0638 2.315866e-05
     5479.9770 2.642860e-05
     5480.8904 2.793400e-05
     5481.8040 2.706001e-05
     5482.7177 2.432225e-05
     5483.6316 2.509251e-05
     5484.5456 2.647676e-05
     5485.4598 2.808339e-05
     5486.3741 2.980955e-05
     5487.2886 3.000261e-05
     5488.2032 2.784318e-05
     5489.1180 2.471128e-05
     5490.0329 2.607613e-05
     5490.9480 2.733313e-05
     5491.8632 2.689664e-05
     5492.7786 2.843253e-05
     5493.6941 2.889601e-05
     5494.6098 2.704841e-05
     5495.5257 2.675830e-05
     5496.4417 2.822364e-05
     5497.3578 2.907923e-05
     5498.2741 2.765288e-05
     5499.1906 2.628561e-05
     5500.1072 2.850603e-05
     5501.0239 2.983372e-05
     5501.9408 2.878680e-05
     5502.8579 2.674975e-05
     5503.7751 2.725492e-05
     5504.6925 2.716290e-05
     5505.6100 2.685444e-05
     5506.5277 2.684533e-05
     5507.4455 2.491824e-05
     5508.3635 2.477220e-05
     5509.2817 2.772360e-05
     5510.2000 2.881033e-05
     5511.1184 2.787039e-05
     5512.0370 2.772755e-05
     5512.9557 2.618055e-05
     5513.8746 2.346567e-05
     5514.7937 2.472472e-05
     5515.7129 2.547862e-05
     5516.6323 2.621123e-05
     5517.5518 2.709098e-05
     5518.4715 2.738590e-05
     5519.3913 2.913425e-05
     5520.3113 2.982862e-05
     5521.2314 2.926033e-05
     5522.1517 2.803668e-05
     5523.0721 2.778852e-05
     5523.9927 2.847531e-05
     5524.9134 2.831635e-05
     5525.8343 2.839344e-05
     5526.7554 2.805864e-05
     5527.6766 2.766190e-05
     5528.5979 2.665319e-05
     5529.5194 2.408899e-05
     5530.4411 2.456899e-05
     5531.3629 2.773162e-05
     5532.2849 2.890056e-05
     5533.2070 2.887992e-05
     5534.1293 2.778096e-05
     5535.0517 2.835056e-05
     5535.9743 2.798263e-05
     5536.8971 2.736882e-05
     5537.8199 2.893604e-05
     5538.7430 2.925386e-05
     5539.6662 2.828174e-05
     5540.5895 2.859703e-05
     5541.5131 2.973104e-05
     5542.4367 3.049296e-05
     5543.3605 3.057019e-05
     5544.2845 2.981229e-05
     5545.2086 2.891940e-05
     5546.1329 2.896712e-05
     5547.0573 2.908858e-05
     5547.9819 2.838685e-05
     5548.9067 2.920768e-05
     5549.8316 3.036175e-05
     5550.7566 2.997599e-05
     5551.6818 2.983518e-05
     5552.6072 3.022343e-05
     5553.5327 3.001029e-05
     5554.4584 2.940277e-05
     5555.3842 2.835621e-05
     5556.3101 2.787524e-05
     5557.2363 2.878483e-05
     5558.1626 2.946632e-05
     5559.0890 2.883317e-05
     5560.0156 2.855965e-05
     5560.9423 2.803090e-05
     5561.8692 2.785731e-05
     5562.7963 2.750789e-05
     5563.7235 2.624568e-05
     5564.6509 2.650187e-05
     5565.5784 2.810486e-05
     5566.5061 2.822654e-05
     5567.4339 2.696456e-05
     5568.3619 2.711330e-05
     5569.2900 2.774956e-05
     5570.2183 2.782586e-05
     5571.1467 2.684585e-05
     5572.0753 2.834147e-05
     5573.0041 2.846005e-05
     5573.9330 2.541951e-05
     5574.8621 2.568149e-05
     5575.7913 2.917538e-05
     5576.7207 2.933753e-05
     5577.6502 2.807692e-05
     5578.5799 2.899714e-05
     5579.5097 2.928406e-05
     5580.4397 2.906359e-05
     5581.3699 3.034869e-05
     5582.3002 3.018080e-05
     5583.2306 2.805517e-05
     5584.1613 2.807376e-05
     5585.0920 2.768005e-05
     5586.0230 2.653572e-05
     5586.9540 2.703114e-05
     5587.8853 2.523610e-05
     5588.8167 2.369789e-05
     5589.7482 2.295119e-05
     5590.6799 2.276141e-05
     5591.6118 2.456361e-05
     5592.5438 2.655359e-05
     5593.4760 2.628273e-05
     5594.4083 2.602548e-05
     5595.3408 2.559191e-05
     5596.2734 2.577968e-05
     5597.2062 2.905035e-05
     5598.1391 3.009589e-05
     5599.0722 2.738276e-05
     5600.0055 2.453425e-05
     5600.9389 2.588272e-05
     5601.8725 2.629623e-05
     5602.8062 2.566630e-05
     5603.7401 2.542277e-05
     5604.6741 2.544482e-05
     5605.6083 2.757654e-05
     5606.5426 2.906624e-05
     5607.4771 3.013418e-05
     5608.4118 3.037394e-05
     5609.3466 3.013395e-05
     5610.2816 2.953485e-05
     5611.2167 2.945353e-05
     5612.1520 2.959234e-05
     5613.0874 2.950994e-05
     5614.0230 2.987556e-05
     5614.9588 2.980068e-05
     5615.8947 2.681494e-05
     5616.8307 2.285681e-05
     5617.7669 2.483277e-05
     5618.7033 2.788662e-05
     5619.6399 2.773795e-05
     5620.5765 2.701660e-05
     5621.5134 2.691287e-05
     5622.4504 2.796373e-05
     5623.3875 2.892229e-05
     5624.3248 2.854321e-05
     5625.2623 2.645803e-05
     5626.1999 2.461969e-05
     5627.1377 2.622621e-05
     5628.0756 2.834895e-05
     5629.0137 2.845729e-05
     5629.9520 2.877896e-05
     5630.8904 2.939518e-05
     5631.8289 2.946234e-05
     5632.7677 2.991065e-05
     5633.7065 2.998743e-05
     5634.6456 2.939457e-05
     5635.5847 2.873761e-05
     5636.5241 2.883488e-05
     5637.4636 2.814704e-05
     5638.4032 2.744992e-05
     5639.3431 2.744747e-05
     5640.2830 2.810217e-05
     5641.2231 2.890598e-05
     5642.1634 2.782325e-05
     5643.1039 2.685763e-05
     5644.0445 2.763373e-05
     5644.9852 2.731768e-05
     5645.9261 2.694479e-05
     5646.8672 2.711074e-05
     5647.8084 2.718710e-05
     5648.7498 2.763578e-05
     5649.6913 2.701600e-05
     5650.6330 2.735089e-05
     5651.5749 2.793548e-05
     5652.5169 2.867215e-05
     5653.4590 2.915637e-05
     5654.4014 2.970207e-05
     5655.3438 2.962287e-05
     5656.2865 2.847040e-05
     5657.2293 2.824424e-05
     5658.1722 2.897231e-05
     5659.1153 2.614484e-05
     5660.0586 2.270129e-05
     5661.0020 2.502156e-05
     5661.9456 2.783637e-05
     5662.8893 2.703624e-05
     5663.8332 2.536392e-05
     5664.7773 2.639218e-05
     5665.7215 2.831097e-05
     5666.6659 2.880513e-05
     5667.6104 2.854642e-05
     5668.5551 2.722654e-05
     5669.4999 2.672270e-05
     5670.4449 2.783043e-05
     5671.3900 2.801693e-05
     5672.3354 2.705354e-05
     5673.2808 2.769193e-05
     5674.2264 2.962784e-05
     5675.1722 3.007763e-05
     5676.1182 2.925859e-05
     5677.0643 2.896545e-05
     5678.0105 3.014375e-05
     5678.9569 3.051419e-05
     5679.9035 2.981938e-05
     5680.8502 2.918947e-05
     5681.7971 2.947814e-05
     5682.7442 2.906542e-05
     5683.6914 2.707630e-05
     5684.6387 2.722102e-05
     5685.5863 2.838574e-05
     5686.5339 2.854234e-05
     5687.4818 2.740659e-05
     5688.4298 2.625304e-05
     5689.3779 2.607199e-05
     5690.3262 2.670266e-05
     5691.2747 2.798911e-05
     5692.2233 2.839924e-05
     5693.1721 2.936122e-05
     5694.1210 3.009829e-05
     5695.0701 3.020238e-05
     5696.0194 2.957282e-05
     5696.9688 2.939769e-05
     5697.9184 3.013362e-05
     5698.8681 2.941546e-05
     5699.8180 2.687949e-05
     5700.7681 2.707693e-05
     5701.7183 2.742873e-05
     5702.6686 2.598780e-05
     5703.6191 2.584625e-05
     5704.5698 2.723299e-05
     5705.5207 2.844856e-05
     5706.4717 2.853348e-05
     5707.4228 2.706842e-05
     5708.3741 2.648657e-05
     5709.3256 2.571267e-05
     5710.2773 2.407854e-05
     5711.2290 2.478682e-05
     5712.1810 2.615399e-05
     5713.1331 2.504576e-05
     5714.0854 2.637967e-05
     5715.0378 2.874092e-05
     5715.9904 2.865799e-05
     5716.9431 2.867058e-05
     5717.8960 2.947571e-05
     5718.8491 2.909014e-05
     5719.8023 2.901135e-05
     5720.7557 2.977327e-05
     5721.7092 2.935793e-05
     5722.6629 2.909843e-05
     5723.6168 3.021894e-05
     5724.5708 3.081171e-05
     5725.5250 3.074024e-05
     5726.4793 3.069295e-05
     5727.4338 2.968375e-05
     5728.3885 2.790087e-05
     5729.3433 2.807661e-05
     5730.2982 2.990302e-05
     5731.2534 3.055981e-05
     5732.2087 2.912292e-05
     5733.1641 2.764786e-05
     5734.1197 2.899275e-05
     5735.0755 3.015792e-05
     5736.0314 3.022604e-05
     5736.9875 3.019284e-05
     5737.9437 2.979522e-05
     5738.9001 2.968495e-05
     5739.8567 2.999618e-05
     5740.8134 2.952053e-05
     5741.7703 2.948468e-05
     5742.7273 2.967869e-05
     5743.6845 2.905780e-05
     5744.6419 2.810995e-05
     5745.5994 2.841704e-05
     5746.5571 2.976594e-05
     5747.5149 3.047062e-05
     5748.4729 2.992794e-05
     5749.4311 2.833144e-05
     5750.3894 2.849408e-05
     5751.3479 3.018361e-05
     5752.3065 3.068093e-05
     5753.2653 2.947745e-05
     5754.2243 2.755418e-05
     5755.1834 2.606366e-05
     5756.1427 2.589765e-05
     5757.1021 2.845466e-05
     5758.0617 3.030051e-05
     5759.0215 3.053067e-05
     5759.9814 3.040043e-05
     5760.9415 2.946498e-05
     5761.9017 2.809600e-05
     5762.8621 2.721287e-05
     5763.8227 2.643369e-05
     5764.7834 2.722252e-05
     5765.7443 2.972773e-05
     5766.7053 3.059940e-05
     5767.6665 3.024552e-05
     5768.6279 3.029399e-05
     5769.5894 3.047685e-05
     5770.5510 3.005155e-05
     5771.5129 2.982957e-05
     5772.4749 2.988196e-05
     5773.4370 2.922523e-05
     5774.3994 2.935040e-05
     5775.3618 2.964269e-05
     5776.3245 2.907941e-05
     5777.2873 2.933089e-05
     5778.2502 2.989981e-05
     5779.2134 3.001080e-05
     5780.1767 2.985287e-05
     5781.1401 2.918061e-05
     5782.1037 2.616882e-05
     5783.0675 2.431697e-05
     5784.0314 2.559913e-05
     5784.9955 2.668982e-05
     5785.9597 2.577059e-05
     5786.9241 2.460803e-05
     5787.8887 2.643539e-05
     5788.8534 2.808943e-05
     5789.8183 2.821389e-05
     5790.7834 2.909722e-05
     5791.7486 2.840123e-05
     5792.7139 2.718236e-05
     5793.6795 2.891094e-05
     5794.6452 2.993837e-05
     5795.6110 2.961694e-05
     5796.5770 2.993303e-05
     5797.5432 3.018174e-05
     5798.5096 2.943943e-05
     5799.4761 2.829702e-05
     5800.4427 2.942144e-05
     5801.4095 3.096284e-05
     5802.3765 3.123151e-05
     5803.3437 3.127126e-05
     5804.3110 3.086025e-05
     5805.2784 2.911324e-05
     5806.2461 2.817340e-05
     5807.2138 2.869200e-05
     5808.1818 2.887264e-05
     5809.1499 2.911760e-05
     5810.1182 2.931566e-05
     5811.0866 2.949817e-05
     5812.0552 2.983951e-05
     5813.0240 2.965309e-05
     5813.9929 2.928997e-05
     5814.9620 2.915859e-05
     5815.9312 2.887660e-05
     5816.9006 2.808938e-05
     5817.8702 2.766878e-05
     5818.8399 2.891804e-05
     5819.8098 3.052648e-05
     5820.7798 3.102054e-05
     5821.7500 3.102163e-05
     5822.7204 3.090457e-05
     5823.6910 3.060676e-05
     5824.6616 3.039887e-05
     5825.6325 3.041635e-05
     5826.6035 3.077648e-05
     5827.5747 3.066552e-05
     5828.5461 3.048857e-05
     5829.5176 3.047465e-05
     5830.4892 3.088251e-05
     5831.4611 3.086612e-05
     5832.4330 3.027998e-05
     5833.4052 2.975919e-05
     5834.3775 3.003570e-05
     5835.3500 2.960951e-05
     5836.3226 2.919290e-05
     5837.2954 2.987856e-05
     5838.2684 3.028451e-05
     5839.2415 2.949023e-05
     5840.2148 2.887383e-05
     5841.1883 2.863541e-05
     5842.1619 2.869682e-05
     5843.1356 2.977130e-05
     5844.1096 3.033533e-05
     5845.0837 3.047052e-05
     5846.0579 3.036203e-05
     5847.0324 2.979157e-05
     5848.0070 2.868102e-05
     5848.9817 2.837085e-05
     5849.9566 2.886468e-05
     5850.9317 2.944039e-05
     5851.9069 2.977570e-05
     5852.8823 2.947525e-05
     5853.8579 2.788913e-05
     5854.8336 2.691440e-05
     5855.8095 2.813952e-05
     5856.7855 2.891240e-05
     5857.7618 2.810960e-05
     5858.7381 2.632523e-05
     5859.7147 2.633843e-05
     5860.6914 2.737440e-05
     5861.6682 2.812153e-05
     5862.6453 2.893908e-05
     5863.6225 2.815003e-05
     5864.5998 2.835246e-05
     5865.5773 2.938117e-05
     5866.5550 2.946405e-05
     5867.5328 2.820097e-05
     5868.5108 2.810201e-05
     5869.4890 2.934950e-05
     5870.4673 2.972371e-05
     5871.4458 3.002189e-05
     5872.4245 3.023475e-05
     5873.4033 2.987605e-05
     5874.3823 2.924001e-05
     5875.3614 2.950007e-05
     5876.3407 3.013391e-05
     5877.3202 2.993299e-05
     5878.2998 2.947338e-05
     5879.2796 2.919497e-05
     5880.2596 2.896931e-05
     5881.2397 2.776348e-05
     5882.2200 2.691987e-05
     5883.2005 2.795538e-05
     5884.1811 2.862389e-05
     5885.1619 2.777237e-05
     5886.1428 2.780370e-05
     5887.1239 2.843418e-05
     5888.1052 2.838474e-05
     5889.0866 2.710876e-05
     5890.0682 2.359785e-05
     5891.0500 1.789025e-05
     5892.0319 1.715881e-05
     5893.0140 2.218616e-05
     5893.9962 2.455625e-05
     5894.9786 2.535031e-05
     5895.9612 2.487107e-05
     5896.9440 2.042287e-05
     5897.9269 1.948069e-05
     5898.9099 2.432313e-05
     5899.8932 2.667220e-05
     5900.8766 2.693369e-05
     5901.8601 2.812370e-05
     5902.8439 2.853376e-05
     5903.8277 2.800904e-05
     5904.8118 2.793836e-05
     5905.7960 2.853418e-05
     5906.7804 2.833217e-05
     5907.7649 2.839080e-05
     5908.7497 2.922901e-05
     5909.7345 2.937427e-05
     5910.7196 2.890533e-05
     5911.7048 2.825441e-05
     5912.6901 2.854909e-05
     5913.6757 2.854468e-05
     5914.6614 2.778232e-05
     5915.6472 2.666479e-05
     5916.6332 2.685608e-05
     5917.6194 2.649250e-05
     5918.6058 2.736527e-05
     5919.5923 2.840914e-05
     5920.5790 2.863875e-05
     5921.5658 2.890624e-05
     5922.5528 2.755863e-05
     5923.5400 2.687565e-05
     5924.5273 2.808261e-05
     5925.5149 2.876486e-05
     5926.5025 2.911650e-05
     5927.4904 2.953905e-05
     5928.4784 2.913658e-05
     5929.4665 2.844132e-05
     5930.4548 2.838425e-05
     5931.4433 2.781070e-05
     5932.4320 2.849168e-05
     5933.4208 2.967310e-05
     5934.4098 2.971874e-05
     5935.3989 2.857391e-05
     5936.3883 2.728762e-05
     5937.3777 2.826783e-05
     5938.3674 2.913647e-05
     5939.3572 2.896922e-05
     5940.3472 2.950968e-05
     5941.3373 2.932426e-05
     5942.3276 2.786414e-05
     5943.3181 2.729520e-05
     5944.3087 2.801224e-05
     5945.2995 2.847949e-05
     5946.2905 2.896482e-05
     5947.2816 2.959583e-05
     5948.2729 2.967773e-05
     5949.2644 2.865257e-05
     5950.2560 2.727705e-05
     5951.2478 2.791658e-05
     5952.2398 2.918509e-05
     5953.2319 2.884816e-05
     5954.2242 2.724635e-05
     5955.2166 2.747876e-05
     5956.2092 2.888509e-05
     5957.2020 2.875556e-05
     5958.1950 2.774860e-05
     5959.1881 2.765964e-05
     5960.1814 2.804144e-05
     5961.1748 2.864728e-05
     5962.1684 2.929299e-05
     5963.1622 2.964964e-05
     5964.1561 2.949039e-05
     5965.1503 2.927873e-05
     5966.1445 2.898813e-05
     5967.1390 2.811232e-05
     5968.1336 2.851852e-05
     5969.1283 2.956564e-05
     5970.1233 2.982212e-05
     5971.1184 2.978963e-05
     5972.1137 2.989095e-05
     5973.1091 2.976690e-05
     5974.1047 2.956786e-05
     5975.1005 2.954230e-05
     5976.0964 2.896771e-05
     5977.0925 2.799420e-05
     5978.0888 2.773524e-05
     5979.0852 2.799710e-05
     5980.0818 2.798994e-05
     5981.0786 2.877338e-05
     5982.0755 2.939436e-05
     5983.0726 2.913110e-05
     5984.0698 2.833286e-05
     5985.0673 2.686508e-05
     5986.0649 2.601352e-05
     5987.0626 2.768849e-05
     5988.0605 2.872511e-05
     5989.0586 2.845621e-05
     5990.0569 2.855024e-05
     5991.0553 2.894341e-05
     5992.0539 2.856210e-05
     5993.0527 2.745586e-05
     5994.0516 2.824856e-05
     5995.0507 2.933085e-05
     5996.0500 2.948744e-05
     5997.0494 2.895880e-05
     5998.0490 2.799442e-05
     5999.0487 2.753467e-05
     6000.0487 2.794000e-05
     6001.0487 2.836354e-05
     6002.0490 2.886201e-05
     6003.0494 2.894824e-05
     6004.0500 2.785606e-05
     6005.0508 2.775615e-05
     6006.0517 2.867675e-05
     6007.0528 2.863231e-05
     6008.0541 2.846059e-05
     6009.0555 2.712056e-05
     6010.0571 2.625682e-05
     6011.0588 2.799586e-05
     6012.0608 2.953407e-05
     6013.0629 2.935104e-05
     6014.0651 2.801721e-05
     6015.0675 2.724898e-05
     6016.0701 2.816189e-05
     6017.0729 2.810220e-05
     6018.0758 2.686936e-05
     6019.0789 2.758730e-05
     6020.0822 2.847999e-05
     6021.0856 2.809938e-05
     6022.0892 2.764032e-05
     6023.0930 2.746108e-05
     6024.0969 2.772495e-05
     6025.1010 2.740471e-05
     6026.1053 2.752526e-05
     6027.1097 2.885490e-05
     6028.1143 2.863720e-05
     6029.1191 2.842757e-05
     6030.1240 2.923344e-05
     6031.1291 2.968891e-05
     6032.1344 2.973348e-05
     6033.1398 2.955912e-05
     6034.1454 2.989354e-05
     6035.1512 3.003439e-05
     6036.1572 2.989744e-05
     6037.1633 2.985959e-05
     6038.1696 2.974715e-05
     6039.1760 2.985711e-05
     6040.1826 2.980997e-05
     6041.1894 2.920307e-05
     6042.1963 2.924750e-05
     6043.2035 2.908391e-05
     6044.2107 2.930265e-05
     6045.2182 3.007523e-05
     6046.2258 3.031219e-05
     6047.2336 2.999913e-05
     6048.2416 2.942418e-05
     6049.2497 2.947519e-05
     6050.2580 2.994312e-05
     6051.2664 3.029573e-05
     6052.2751 3.045748e-05
     6053.2839 3.025787e-05
     6054.2928 2.991614e-05
     6055.3020 2.957640e-05
     6056.3113 2.927992e-05
     6057.3207 2.837465e-05
     6058.3304 2.806860e-05
     6059.3402 2.797558e-05
     6060.3501 2.817295e-05
     6061.3603 2.911339e-05
     6062.3706 2.925058e-05
     6063.3811 2.903923e-05
     6064.3917 2.767155e-05
     6065.4025 2.754399e-05
     6066.4135 2.706688e-05
     6067.4247 2.722204e-05
     6068.4360 2.937191e-05
     6069.4475 3.036251e-05
     6070.4592 3.060667e-05
     6071.4710 3.057300e-05
     6072.4830 3.054475e-05
     6073.4951 3.054760e-05
     6074.5075 3.063713e-05
     6075.5200 3.079749e-05
     6076.5326 3.074127e-05
     6077.5455 3.049035e-05
     6078.5585 3.012853e-05
     6079.5717 2.899309e-05
     6080.5850 2.830259e-05
     6081.5985 2.928261e-05
     6082.6122 2.882635e-05
     6083.6261 2.767996e-05
     6084.6401 2.805803e-05
     6085.6543 2.888423e-05
     6086.6686 2.822174e-05
     6087.6832 2.813909e-05
     6088.6979 2.907842e-05
     6089.7127 2.988087e-05
     6090.7278 2.958770e-05
     6091.7430 2.819769e-05
     6092.7584 2.807239e-05
     6093.7739 2.845142e-05
     6094.7896 2.812872e-05
     6095.8055 2.907677e-05
     6096.8216 3.005714e-05
     6097.8378 2.934661e-05
     6098.8542 2.849005e-05
     6099.8707 2.890025e-05
     6100.8875 2.963846e-05
     6101.9044 2.989893e-05
     6102.9214 2.846873e-05
     6103.9387 2.501376e-05
     6104.9561 2.516855e-05
     6105.9736 2.834450e-05
     6106.9914 2.935497e-05
     6108.0093 2.881198e-05
     6109.0274 2.766900e-05
     6110.0457 2.813342e-05
     6111.0641 2.967505e-05
     6112.0827 2.935034e-05
     6113.1014 2.831813e-05
     6114.1204 2.898630e-05
     6115.1395 2.991797e-05
     6116.1588 3.029283e-05
     6117.1782 2.968196e-05
     6118.1978 2.893077e-05
     6119.2176 2.948368e-05
     6120.2376 2.950754e-05
     6121.2577 2.829986e-05
     6122.2780 2.759738e-05
     6123.2984 2.598884e-05
     6124.3191 2.614459e-05
     6125.3399 2.897140e-05
     6126.3609 2.952055e-05
     6127.3820 2.873863e-05
     6128.4033 2.808471e-05
     6129.4248 2.724275e-05
     6130.4465 2.703297e-05
     6131.4683 2.831257e-05
     6132.4903 2.955590e-05
     6133.5124 2.986267e-05
     6134.5348 3.001900e-05
     6135.5573 2.924467e-05
     6136.5800 2.748445e-05
     6137.6028 2.485349e-05
     6138.6258 2.202284e-05
     6139.6490 2.415222e-05
     6140.6724 2.843154e-05
     6141.6959 2.948632e-05
     6142.7196 2.812843e-05
     6143.7435 2.728921e-05
     6144.7675 2.853859e-05
     6145.7917 2.938467e-05
     6146.8161 2.884716e-05
     6147.8407 2.869578e-05
     6148.8654 2.886040e-05
     6149.8903 2.868336e-05
     6150.9154 2.821626e-05
     6151.9406 2.783813e-05
     6152.9660 2.803320e-05
     6153.9916 2.867903e-05
     6155.0173 2.910821e-05
     6156.0433 2.818041e-05
     6157.0694 2.766891e-05
     6158.0956 2.760535e-05
     6159.1221 2.722101e-05
     6160.1487 2.754487e-05
     6161.1754 2.783306e-05
     6162.2024 2.558073e-05
     6163.2295 2.261983e-05
     6164.2568 2.246511e-05
     6165.2843 2.384414e-05
     6166.3119 2.572854e-05
     6167.3397 2.610155e-05
     6168.3677 2.662380e-05
     6169.3958 2.746197e-05
     6170.4241 2.501926e-05
     6171.4526 2.338531e-05
     6172.4813 2.570101e-05
     6173.5101 2.805742e-05
     6174.5391 2.765808e-05
     6175.5683 2.737636e-05
     6176.5977 2.764309e-05
     6177.6272 2.738761e-05
     6178.6569 2.713865e-05
     6179.6867 2.802778e-05
     6180.7168 2.848863e-05
     6181.7470 2.775917e-05
     6182.7773 2.830151e-05
     6183.8079 2.892948e-05
     6184.8386 2.873526e-05
     6185.8695 2.866728e-05
     6186.9006 2.828751e-05
     6187.9318 2.736471e-05
     6188.9632 2.697310e-05
     6189.9948 2.679058e-05
     6191.0265 2.683987e-05
     6192.0585 2.589876e-05
     6193.0906 2.373941e-05
     6194.1228 2.551828e-05
     6195.1553 2.764496e-05
     6196.1879 2.830011e-05
     6197.2207 2.862687e-05
     6198.2536 2.866756e-05
     6199.2867 2.813916e-05
     6200.3200 2.694517e-05
     6201.3535 2.586523e-05
     6202.3872 2.677409e-05
     6203.4210 2.853989e-05
     6204.4550 2.913923e-05
     6205.4891 2.886837e-05
     6206.5235 2.835016e-05
     6207.5580 2.822204e-05
     6208.5927 2.802521e-05
     6209.6275 2.805282e-05
     6210.6625 2.827190e-05
     6211.6977 2.796165e-05
     6212.7331 2.761248e-05
     6213.7686 2.727876e-05
     6214.8044 2.523874e-05
     6215.8402 2.372196e-05
     6216.8763 2.369879e-05
     6217.9125 2.511267e-05
     6218.9489 2.697137e-05
     6219.9855 2.698668e-05
     6221.0223 2.556471e-05
     6222.0592 2.525268e-05
     6223.0963 2.584286e-05
     6224.1336 2.678210e-05
     6225.1710 2.630100e-05
     6226.2086 2.573652e-05
     6227.2464 2.668127e-05
     6228.2844 2.724970e-05
     6229.3225 2.780361e-05
     6230.3608 2.721050e-05
     6231.3993 2.507029e-05
     6232.4379 2.334079e-05
     6233.4768 2.453084e-05
     6234.5158 2.534034e-05
     6235.5549 2.683121e-05
     6236.5943 2.837653e-05
     6237.6338 2.845901e-05
     6238.6735 2.748273e-05
     6239.7134 2.662479e-05
     6240.7534 2.567486e-05
     6241.7936 2.466231e-05
     6242.8340 2.597898e-05
     6243.8746 2.603091e-05
     6244.9153 2.442854e-05
     6245.9562 2.524444e-05
     6246.9973 2.556087e-05
     6248.0385 2.528883e-05
     6249.0800 2.667392e-05
     6250.1216 2.780035e-05
     6251.1633 2.789891e-05
     6252.2053 2.759128e-05
     6253.2474 2.570377e-05
     6254.2897 2.407031e-05
     6255.3322 2.434016e-05
     6256.3748 2.530629e-05
     6257.4176 2.584227e-05
     6258.4606 2.463141e-05
     6259.5038 2.323540e-05
     6260.5471 2.329899e-05
     6261.5906 2.579272e-05
     6262.6343 2.599256e-05
     6263.6782 2.653229e-05
     6264.7222 2.796722e-05
     6265.7664 2.746462e-05
     6266.8108 2.551588e-05
     6267.8553 2.609452e-05
     6268.9001 2.718938e-05
     6269.9450 2.685873e-05
     6270.9901 2.668276e-05
     6272.0353 2.667663e-05
     6273.0807 2.717513e-05
     6274.1263 2.788190e-05
     6275.1721 2.768014e-05
     6276.2181 2.725796e-05
     6277.2642 2.761859e-05
     6278.3105 2.792733e-05
     6279.3569 2.813322e-05
     6280.4036 2.783431e-05
     6281.4504 2.641718e-05
     6282.4974 2.567902e-05
     6283.5446 2.650556e-05
     6284.5919 2.709597e-05
     6285.6394 2.798577e-05
     6286.6871 2.765568e-05
     6287.7350 2.776332e-05
     6288.7831 2.845607e-05
     6289.8313 2.899191e-05
     6290.8797 2.898927e-05
     6291.9282 2.782631e-05
     6292.9770 2.719037e-05
     6294.0259 2.723173e-05
     6295.0750 2.708131e-05
     6296.1242 2.779393e-05
     6297.1737 2.735824e-05
     6298.2233 2.584702e-05
     6299.2731 2.544801e-05
     6300.3231 2.684017e-05
     6301.3732 2.783795e-05
     6302.4235 2.679016e-05
     6303.4740 2.528217e-05
     6304.5247 2.566974e-05
     6305.5755 2.630810e-05
     6306.6265 2.594644e-05
     6307.6777 2.633259e-05
     6308.7291 2.817478e-05
     6309.7806 2.891020e-05
     6310.8324 2.862443e-05
     6311.8842 2.799780e-05
     6312.9363 2.725900e-05
     6313.9886 2.712290e-05
     6315.0410 2.750190e-05
     6316.0936 2.614656e-05
     6317.1463 2.510205e-05
     6318.1993 2.611990e-05
     6319.2524 2.520811e-05
     6320.3057 2.470900e-05
     6321.3592 2.647511e-05
     6322.4128 2.748071e-05
     6323.4667 2.713442e-05
     6324.5206 2.690896e-05
     6325.5748 2.807010e-05
     6326.6292 2.836121e-05
     6327.6837 2.839241e-05
     6328.7384 2.794540e-05
     6329.7933 2.811990e-05
     6330.8483 2.841004e-05
     6331.9036 2.770896e-05
     6332.9590 2.789936e-05
     6334.0145 2.841553e-05
     6335.0703 2.871823e-05
     6336.1262 2.739409e-05
     6337.1823 2.533657e-05
     6338.2386 2.543670e-05
     6339.2951 2.694435e-05
     6340.3517 2.719918e-05
     6341.4085 2.754741e-05
     6342.4655 2.836291e-05
     6343.5227 2.799802e-05
     6344.5800 2.704008e-05
     6345.6376 2.613331e-05
     6346.6953 2.698448e-05
     6347.7531 2.823610e-05
     6348.8112 2.844419e-05
     6349.8694 2.861944e-05
     6350.9278 2.852297e-05
     6351.9864 2.828044e-05
     6353.0451 2.851914e-05
     6354.1041 2.810977e-05
     6355.1632 2.665756e-05
     6356.2224 2.612109e-05
     6357.2819 2.703437e-05
     6358.3415 2.804722e-05
     6359.4013 2.719741e-05
     6360.4613 2.584299e-05
     6361.5215 2.601227e-05
     6362.5818 2.596291e-05
     6363.6424 2.558401e-05
     6364.7031 2.564276e-05
     6365.7639 2.603081e-05
     6366.8250 2.619001e-05
     6367.8862 2.647057e-05
     6368.9476 2.752682e-05
     6370.0092 2.814873e-05
     6371.0709 2.773775e-05
     6372.1329 2.739942e-05
     6373.1950 2.745594e-05
     6374.2573 2.779404e-05
     6375.3197 2.839667e-05
     6376.3824 2.845320e-05
     6377.4452 2.861178e-05
     6378.5082 2.880950e-05
     6379.5714 2.812815e-05
     6380.6347 2.750402e-05
     6381.6982 2.762142e-05
     6382.7620 2.758498e-05
     6383.8258 2.817074e-05
     6384.8899 2.837687e-05
     6385.9541 2.788179e-05
     6387.0185 2.784799e-05
     6388.0831 2.841956e-05
     6389.1479 2.865775e-05
     6390.2129 2.861843e-05
     6391.2780 2.874252e-05
     6392.3433 2.870729e-05
     6393.4088 2.810395e-05
     6394.4744 2.621402e-05
     6395.5403 2.549788e-05
     6396.6063 2.747172e-05
     6397.6725 2.859169e-05
     6398.7388 2.877761e-05
     6399.8054 2.848574e-05
     6400.8721 2.634824e-05
     6401.9390 2.429237e-05
     6403.0061 2.674282e-05
     6404.0733 2.860964e-05
     6405.1408 2.894287e-05
     6406.2084 2.901253e-05
     6407.2762 2.871648e-05
     6408.3441 2.806714e-05
     6409.4123 2.660346e-05
     6410.4806 2.694739e-05
     6411.5491 2.805506e-05
     6412.6178 2.700448e-05
     6413.6866 2.612309e-05
     6414.7557 2.706807e-05
     6415.8249 2.757639e-05
     6416.8943 2.781636e-05
     6417.9639 2.788237e-05
     6419.0336 2.729698e-05
     6420.1035 2.710098e-05
     6421.1736 2.649114e-05
     6422.2439 2.563284e-05
     6423.3144 2.586193e-05
     6424.3850 2.777786e-05
     6425.4559 2.829152e-05
     6426.5269 2.792046e-05
     6427.5980 2.829778e-05
     6428.6694 2.893648e-05
     6429.7409 2.895253e-05
     6430.8126 2.807273e-05
     6431.8845 2.601107e-05
     6432.9566 2.542885e-05
     6434.0288 2.721141e-05
     6435.1013 2.819690e-05
     6436.1739 2.814207e-05
     6437.2467 2.812540e-05
     6438.3196 2.847578e-05
     6439.3928 2.746468e-05
     6440.4661 2.519015e-05
     6441.5396 2.591408e-05
     6442.6133 2.816111e-05
     6443.6871 2.896807e-05
     6444.7612 2.896788e-05
     6445.8354 2.883542e-05
     6446.9098 2.882364e-05
     6447.9844 2.902523e-05
     6449.0591 2.903570e-05
     6450.1340 2.792658e-05
     6451.2091 2.492446e-05
     6452.2844 2.418219e-05
     6453.3599 2.638568e-05
     6454.4356 2.770746e-05
     6455.5114 2.828225e-05
     6456.5874 2.672223e-05
     6457.6636 2.516531e-05
     6458.7400 2.662939e-05
     6459.8165 2.830907e-05
     6460.8932 2.828662e-05
     6461.9701 2.768408e-05
     6463.0472 2.552811e-05
     6464.1245 2.230330e-05
     6465.2019 2.386605e-05
     6466.2795 2.754367e-05
     6467.3573 2.862179e-05
     6468.4353 2.852918e-05
     6469.5135 2.852400e-05
     6470.5918 2.803320e-05
     6471.6704 2.779044e-05
     6472.7491 2.714125e-05
     6473.8279 2.712254e-05
     6474.9070 2.859561e-05
     6475.9862 2.882355e-05
     6477.0657 2.810803e-05
     6478.1453 2.844434e-05
     6479.2250 2.889162e-05
     6480.3050 2.870245e-05
     6481.3851 2.873709e-05
     6482.4655 2.815447e-05
     6483.5460 2.662273e-05
     6484.6267 2.637219e-05
     6485.7075 2.724608e-05
     6486.7886 2.815328e-05
     6487.8698 2.853172e-05
     6488.9512 2.869721e-05
     6490.0328 2.877019e-05
     6491.1145 2.837383e-05
     6492.1965 2.771130e-05
     6493.2786 2.733465e-05
     6494.3609 2.650833e-05
     6495.4434 2.369790e-05
     6496.5260 2.215872e-05
     6497.6089 2.322006e-05
     6498.6919 2.437178e-05
     6499.7751 2.540290e-05
     6500.8585 2.493910e-05
     6501.9421 2.596468e-05
     6503.0258 2.762325e-05
     6504.1097 2.824001e-05
     6505.1939 2.829367e-05
     6506.2781 2.829015e-05
     6507.3626 2.862769e-05
     6508.4473 2.870543e-05
     6509.5321 2.801976e-05
     6510.6171 2.740407e-05
     6511.7023 2.800635e-05
     6512.7877 2.876958e-05
     6513.8732 2.883904e-05
     6514.9590 2.877323e-05
     6516.0449 2.860552e-05
     6517.1310 2.810534e-05
     6518.2173 2.767283e-05
     6519.3037 2.710841e-05
     6520.3904 2.669325e-05
     6521.4772 2.781583e-05
     6522.5642 2.876958e-05
     6523.6514 2.893885e-05
     6524.7387 2.882193e-05
     6525.8263 2.889232e-05
     6526.9140 2.881516e-05
     6528.0019 2.814736e-05
     6529.0900 2.780798e-05
     6530.1783 2.845165e-05
     6531.2667 2.867661e-05
     6532.3554 2.838776e-05
     6533.4442 2.782844e-05
     6534.5332 2.758902e-05
     6535.6224 2.789522e-05
     6536.7117 2.865479e-05
     6537.8013 2.894185e-05
     6538.8910 2.843987e-05
     6539.9809 2.811543e-05
     6541.0710 2.871202e-05
     6542.1613 2.898531e-05
     6543.2517 2.864903e-05
     6544.3423 2.854563e-05
     6545.4332 2.833619e-05
     6546.5242 2.779916e-05
     6547.6153 2.627718e-05
     6548.7067 2.598476e-05
     6549.7982 2.718051e-05
     6550.8900 2.816128e-05
     6551.9819 2.794942e-05
     6553.0740 2.732216e-05
     6554.1662 2.748660e-05
     6555.2587 2.725273e-05
     6556.3513 2.636219e-05
     6557.4441 2.585754e-05
     6558.5371 2.634243e-05
     6559.6303 2.696055e-05
     6560.7237 2.677654e-05
     6561.8172 2.609011e-05
     6562.9109 2.501588e-05
     6564.0048 2.200327e-05
     6565.0989 2.104775e-05
     6566.1932 2.422332e-05
     6567.2877 2.635469e-05
     6568.3823 2.731221e-05
     6569.4771 2.762868e-05
     6570.5721 2.690790e-05
     6571.6673 2.700769e-05
     6572.7627 2.767333e-05
     6573.8582 2.685446e-05
     6574.9540 2.583125e-05
     6576.0499 2.562532e-05
     6577.1460 2.632023e-05
     6578.2423 2.776268e-05
     6579.3387 2.842113e-05
     6580.4354 2.839022e-05
     6581.5322 2.768926e-05
     6582.6292 2.613374e-05
     6583.7264 2.580630e-05
     6584.8238 2.731442e-05
     6585.9214 2.802981e-05
     6587.0191 2.773167e-05
     6588.1170 2.734269e-05
     6589.2152 2.803621e-05
     6590.3134 2.857261e-05
     6591.4119 2.862834e-05
     6592.5106 2.823455e-05
     6593.6094 2.645114e-05
     6594.7085 2.410916e-05
     6595.8077 2.496555e-05
     6596.9071 2.714255e-05
     6598.0066 2.775628e-05
     6599.1064 2.754936e-05
     6600.2063 2.716577e-05
     6601.3065 2.758794e-05
     6602.4068 2.853330e-05
     6603.5073 2.876402e-05
     6604.6079 2.850641e-05
     6605.7088 2.787749e-05
     6606.8098 2.733318e-05
     6607.9111 2.741967e-05
     6609.0125 2.747529e-05
     6610.1141 2.649456e-05
     6611.2159 2.581102e-05
     6612.3178 2.729663e-05
     6613.4200 2.843136e-05
     6614.5223 2.815967e-05
     6615.6248 2.766520e-05
     6616.7275 2.827472e-05
     6617.8304 2.862216e-05
     6618.9334 2.831071e-05
     6620.0367 2.805237e-05
     6621.1401 2.828893e-05
     6622.2437 2.863354e-05
     6623.3475 2.862527e-05
     6624.4515 2.842750e-05
     6625.5557 2.782811e-05
     6626.6600 2.692623e-05
     6627.7646 2.743537e-05
     6628.8693 2.790862e-05
     6629.9742 2.789726e-05
     6631.0793 2.773924e-05
     6632.1846 2.755086e-05
     6633.2900 2.704793e-05
     6634.3956 2.593638e-05
     6635.5015 2.540698e-05
     6636.6075 2.644691e-05
     6637.7137 2.755211e-05
     6638.8201 2.800731e-05
     6639.9266 2.804394e-05
     6641.0334 2.735454e-05
     6642.1403 2.731857e-05
     6643.2474 2.807326e-05
     6644.3547 2.749744e-05
     6645.4622 2.645900e-05
     6646.5699 2.694131e-05
     6647.6777 2.761006e-05
     6648.7858 2.793508e-05
     6649.8940 2.779912e-05
     6651.0024 2.799275e-05
     6652.1110 2.789046e-05
     6653.2198 2.746681e-05
     6654.3287 2.726742e-05
     6655.4379 2.727724e-05
     6656.5472 2.753282e-05
     6657.6567 2.761357e-05
     6658.7664 2.741764e-05
     6659.8763 2.748200e-05
     6660.9864 2.754426e-05
     6662.0966 2.739545e-05
     6663.2071 2.713901e-05
     6664.3177 2.605912e-05
     6665.4285 2.507518e-05
     6666.5395 2.576514e-05
     6667.6507 2.571763e-05
     6668.7621 2.566150e-05
     6669.8736 2.637527e-05
     6670.9854 2.720898e-05
     6672.0973 2.755499e-05
     6673.2094 2.762034e-05
     6674.3217 2.777940e-05
     6675.4342 2.790065e-05
     6676.5468 2.791345e-05
     6677.6597 2.761710e-05
     6678.7727 2.601424e-05
     6679.8859 2.437697e-05
     6680.9993 2.566932e-05
     6682.1129 2.692425e-05
     6683.2267 2.699246e-05
     6684.3407 2.705540e-05
     6685.4548 2.730657e-05
     6686.5692 2.737447e-05
     6687.6837 2.731516e-05
     6688.7984 2.697089e-05
     6689.9133 2.676480e-05
     6691.0284 2.709007e-05
     6692.1436 2.737518e-05
     6693.2591 2.733288e-05
     6694.3747 2.711807e-05
     6695.4905 2.724358e-05
     6696.6065 2.699677e-05
     6697.7227 2.625033e-05
     6698.8391 2.613862e-05
     6699.9557 2.616325e-05
     6701.0724 2.667619e-05
     6702.1894 2.737382e-05
     6703.3065 2.745605e-05
     6704.4238 2.699951e-05
     6705.5413 2.615285e-05
     6706.6590 2.600989e-05
     6707.7769 2.671374e-05
     6708.8949 2.672207e-05
     6710.0132 2.629448e-05
     6711.1316 2.650180e-05
     6712.2502 2.620473e-05
     6713.3690 2.555891e-05
     6714.4880 2.483032e-05
     6715.6072 2.518708e-05
     6716.7265 2.556690e-05
     6717.8461 2.542577e-05
     6718.9658 2.483553e-05
     6720.0857 2.501358e-05
     6721.2058 2.608504e-05
     6722.3261 2.658356e-05
     6723.4466 2.658189e-05
     6724.5673 2.668634e-05
     6725.6881 2.679944e-05
     6726.8092 2.634605e-05
     6727.9304 2.593835e-05
     6729.0518 2.624695e-05
     6730.1734 2.659044e-05
     6731.2952 2.631273e-05
     6732.4172 2.622022e-05
     6733.5393 2.656066e-05
     6734.6617 2.647535e-05
     6735.7842 2.656657e-05
     6736.9070 2.681611e-05
     6738.0299 2.685247e-05
     6739.1530 2.658649e-05
     6740.2763 2.608949e-05
     6741.3997 2.585239e-05
     6742.5234 2.627958e-05
     6743.6472 2.614642e-05
     6744.7713 2.569057e-05
     6745.8955 2.613793e-05
     6747.0199 2.638610e-05
     6748.1445 2.617844e-05
     6749.2693 2.612885e-05
     6750.3943 2.592531e-05
     6751.5194 2.546773e-05
     6752.6448 2.572574e-05
     6753.7703 2.578187e-05
     6754.8960 2.523445e-05
     6756.0219 2.609235e-05
     6757.1480 2.681668e-05
     6758.2743 2.688491e-05
     6759.4008 2.681377e-05
     6760.5274 2.691320e-05
     6761.6543 2.707595e-05
     6762.7813 2.696272e-05
     6763.9086 2.672282e-05
     6765.0360 2.643117e-05
     6766.1636 2.569985e-05
     6767.2914 2.486747e-05
     6768.4193 2.488704e-05
     6769.5475 2.501554e-05
     6770.6758 2.581942e-05
     6771.8044 2.595029e-05
     6772.9331 2.542410e-05
     6774.0620 2.579538e-05
     6775.1911 2.670976e-05
     6776.3204 2.712402e-05
     6777.4499 2.715335e-05
     6778.5796 2.702322e-05
     6779.7094 2.691491e-05
     6780.8395 2.725464e-05
     6781.9697 2.742392e-05
     6783.1001 2.715942e-05
     6784.2307 2.668657e-05
     6785.3615 2.617615e-05
     6786.4925 2.554356e-05
     6787.6237 2.521380e-05
     6788.7551 2.548708e-05
     6789.8866 2.630935e-05
     6791.0184 2.669822e-05
     6792.1503 2.667260e-05
     6793.2824 2.666516e-05
     6794.4147 2.622254e-05
     6795.5472 2.567105e-05
     6796.6799 2.582546e-05
     6797.8128 2.583485e-05
     6798.9459 2.632829e-05
     6800.0791 2.652537e-05
     6801.2125 2.656605e-05
     6802.3462 2.654090e-05
     6803.4800 2.622583e-05
     6804.6140 2.608170e-05
     6805.7482 2.556737e-05
     6806.8826 2.573454e-05
     6808.0172 2.562493e-05
     6809.1519 2.551619e-05
     6810.2869 2.637792e-05
     6811.4220 2.615774e-05
     6812.5574 2.613945e-05
     6813.6929 2.659926e-05
     6814.8286 2.644923e-05
     6815.9645 2.597049e-05
     6817.1006 2.569944e-05
     6818.2368 2.634224e-05
     6819.3733 2.677677e-05
     6820.5100 2.668100e-05
     6821.6468 2.619134e-05
     6822.7839 2.628367e-05
     6823.9211 2.673068e-05
     6825.0585 2.700451e-05
     6826.1961 2.711438e-05
     6827.3339 2.717257e-05
     6828.4719 2.699060e-05
     6829.6101 2.629940e-05
     6830.7484 2.604293e-05
     6831.8870 2.655760e-05
     6833.0257 2.664211e-05
     6834.1646 2.650899e-05
     6835.3038 2.672286e-05
     6836.4431 2.705157e-05
     6837.5826 2.700648e-05
     6838.7223 2.671878e-05
     6839.8622 2.654435e-05
     6841.0022 2.586443e-05
     6842.1425 2.484196e-05
     6843.2829 2.422804e-05
     6844.4236 2.475854e-05
     6845.5644 2.555283e-05
     6846.7054 2.651944e-05
     6847.8466 2.697933e-05
     6848.9881 2.689202e-05
     6850.1296 2.676777e-05
     6851.2714 2.657386e-05
     6852.4134 2.636575e-05
     6853.5556 2.626353e-05
     6854.6979 2.647957e-05
     6855.8405 2.597666e-05
     6856.9832 2.501869e-05
     6858.1261 2.540992e-05
     6859.2692 2.557654e-05
     6860.4125 2.581926e-05
     6861.5560 2.621224e-05
     6862.6997 2.570048e-05
     6863.8436 2.567387e-05
     6864.9877 2.659449e-05
     6866.1319 2.701749e-05
     6867.2764 2.707136e-05
     6868.4210 2.707320e-05
     6869.5659 2.702540e-05
     6870.7109 2.693217e-05
     6871.8561 2.694518e-05
     6873.0015 2.657991e-05
     6874.1471 2.589701e-05
     6875.2929 2.616213e-05
     6876.4389 2.641307e-05
     6877.5850 2.636122e-05
     6878.7314 2.666075e-05
     6879.8779 2.702218e-05
     6881.0247 2.703886e-05
     6882.1716 2.649233e-05
     6883.3187 2.548945e-05
     6884.4661 2.519843e-05
     6885.6136 2.610149e-05
     6886.7613 2.676228e-05
     6887.9092 2.676607e-05
     6889.0572 2.702146e-05
     6890.2055 2.712963e-05
     6891.3540 2.703709e-05
     6892.5026 2.709640e-05
     6893.6515 2.722979e-05
     6894.8005 2.723217e-05
     6895.9497 2.695751e-05
     6897.0992 2.685977e-05
     6898.2488 2.720855e-05
     6899.3986 2.706245e-05
     6900.5486 2.679676e-05
     6901.6988 2.690003e-05
     6902.8491 2.705510e-05
     6903.9997 2.710938e-05
     6905.1505 2.725288e-05
     6906.3014 2.724196e-05
     6907.4526 2.675628e-05
     6908.6039 2.636332e-05
     6909.7554 2.657244e-05
     6910.9072 2.724171e-05
     6912.0591 2.725931e-05
     6913.2112 2.701341e-05
     6914.3635 2.695298e-05
     6915.5160 2.631412e-05
     6916.6687 2.598170e-05
     6917.8215 2.630584e-05
     6918.9746 2.642207e-05
     6920.1279 2.696582e-05
     6921.2813 2.715918e-05
     6922.4349 2.725776e-05
     6923.5888 2.734448e-05
     6924.7428 2.704613e-05
     6925.8970 2.591573e-05
     6927.0514 2.525652e-05
     6928.2060 2.576277e-05
     6929.3608 2.649797e-05
     6930.5158 2.691031e-05
     6931.6710 2.715145e-05
     6932.8264 2.701665e-05
     6933.9820 2.642541e-05
     6935.1377 2.580610e-05
     6936.2937 2.650189e-05
     6937.4498 2.706975e-05
     6938.6062 2.698561e-05
     6939.7627 2.695093e-05
     6940.9194 2.717513e-05
     6942.0763 2.754888e-05
     6943.2334 2.746613e-05
     6944.3907 2.675088e-05
     6945.5482 2.617985e-05
     6946.7059 2.560199e-05
     6947.8638 2.607009e-05
     6949.0219 2.699379e-05
     6950.1801 2.714328e-05
     6951.3386 2.696440e-05
     6952.4973 2.648472e-05
     6953.6561 2.610949e-05
     6954.8151 2.633612e-05
     6955.9744 2.641160e-05
     6957.1338 2.660065e-05
     6958.2934 2.683740e-05
     6959.4532 2.705224e-05
     6960.6132 2.722847e-05
     6961.7734 2.726102e-05
     6962.9338 2.732789e-05
     6964.0944 2.687990e-05
     6965.2552 2.667719e-05
     6966.4162 2.713612e-05
     6967.5773 2.702364e-05
     6968.7387 2.727828e-05
     6969.9002 2.777591e-05
     6971.0620 2.759435e-05
     6972.2239 2.679271e-05
     6973.3861 2.667748e-05
     6974.5484 2.734941e-05
     6975.7109 2.744857e-05
     6976.8736 2.696628e-05
     6978.0365 2.657138e-05
     6979.1996 2.546899e-05
     6980.3629 2.396244e-05
     6981.5264 2.483517e-05
     6982.6901 2.649751e-05
     6983.8540 2.719061e-05
     6985.0181 2.743280e-05
     6986.1823 2.750928e-05
     6987.3468 2.768254e-05
     6988.5114 2.764590e-05
     6989.6763 2.730062e-05
     6990.8413 2.669609e-05
     6992.0066 2.665164e-05
     6993.1720 2.709598e-05
     6994.3376 2.749018e-05
     6995.5034 2.731720e-05
     6996.6695 2.683508e-05
     6997.8357 2.688216e-05
     6999.0021 2.685673e-05
     7000.1687 2.690674e-05
     7001.3355 2.622225e-05
     7002.5025 2.604875e-05
     7003.6696 2.669731e-05
     7004.8370 2.702816e-05
     7006.0046 2.640294e-05
     7007.1723 2.583967e-05
     7008.3403 2.617306e-05
     7009.5085 2.660700e-05
     7010.6768 2.688981e-05
     7011.8453 2.668606e-05
     7013.0141 2.608580e-05
     7014.1830 2.692020e-05
     7015.3521 2.767552e-05
     7016.5215 2.687274e-05
     7017.6910 2.506599e-05
     7018.8607 2.485795e-05
     7020.0306 2.664902e-05
     7021.2007 2.763267e-05
     7022.3710 2.775222e-05
     7023.5415 2.735295e-05
     7024.7122 2.610431e-05
     7025.8831 2.547754e-05
     7027.0542 2.613490e-05
     7028.2254 2.700372e-05
     7029.3969 2.659586e-05
     7030.5686 2.573113e-05
     7031.7404 2.603794e-05
     7032.9125 2.666882e-05
     7034.0847 2.703682e-05
     7035.2572 2.713578e-05
     7036.4298 2.699513e-05
     7037.6026 2.744300e-05
     7038.7757 2.745637e-05
     7039.9489 2.604053e-05
     7041.1223 2.618557e-05
     7042.2959 2.777048e-05
     7043.4698 2.843143e-05
     7044.6438 2.850590e-05
     7045.8180 2.803159e-05
     7046.9924 2.737894e-05
     7048.1670 2.755624e-05
     7049.3418 2.810332e-05
     7050.5167 2.853029e-05
     7051.6919 2.834226e-05
     7052.8673 2.777340e-05
     7054.0429 2.628443e-05
     7055.2187 2.493449e-05
     7056.3946 2.499647e-05
     7057.5708 2.567943e-05
     7058.7472 2.618778e-05
     7059.9237 2.578233e-05
     7061.1005 2.486323e-05
     7062.2774 2.462191e-05
     7063.4546 2.531095e-05
     7064.6319 2.542483e-05
     7065.8094 2.568690e-05
     7066.9872 2.588581e-05
     7068.1651 2.558730e-05
     7069.3432 2.460619e-05
     7070.5215 2.388000e-05
     7071.7001 2.500097e-05
     7072.8788 2.574017e-05
     7074.0577 2.570201e-05
     7075.2368 2.607587e-05
     7076.4161 2.635001e-05
     7077.5956 2.632741e-05
     7078.7753 2.637845e-05
     7079.9552 2.646718e-05
     7081.1353 2.638432e-05
     7082.3156 2.662196e-05
     7083.4961 2.640267e-05
     7084.6767 2.549502e-05
     7085.8576 2.417129e-05
     7087.0387 2.379562e-05
     7088.2200 2.465280e-05
     7089.4014 2.462352e-05
     7090.5831 2.460306e-05
     7091.7650 2.433588e-05
     7092.9470 2.436889e-05
     7094.1293 2.458090e-05
     7095.3117 2.465811e-05
     7096.4944 2.490880e-05
     7097.6772 2.488143e-05
     7098.8603 2.482613e-05
     7100.0435 2.471853e-05
     7101.2269 2.491081e-05
     7102.4106 2.498770e-05
     7103.5944 2.480092e-05
     7104.7784 2.451525e-05
     7105.9627 2.493700e-05
     7107.1471 2.535609e-05
     7108.3317 2.482413e-05
     7109.5165 2.442086e-05
     7110.7016 2.483317e-05
     7111.8868 2.457005e-05
     7113.0722 2.383642e-05
     7114.2578 2.400892e-05
     7115.4436 2.455974e-05
     7116.6296 2.464918e-05
     7117.8158 2.496015e-05
     7119.0022 2.513381e-05
     7120.1888 2.509345e-05
     7121.3756 2.504745e-05
     7122.5626 2.493427e-05
     7123.7498 2.434751e-05
     7124.9372 2.453480e-05
     7126.1248 2.505444e-05
     7127.3126 2.440736e-05
     7128.5006 2.386253e-05
     7129.6887 2.395311e-05
     7130.8771 2.388810e-05
     7132.0657 2.306356e-05
     7133.2545 2.282833e-05
     7134.4434 2.344075e-05
     7135.6326 2.400813e-05
     7136.8220 2.431504e-05
     7138.0116 2.432510e-05
     7139.2013 2.463806e-05
     7140.3913 2.420946e-05
     7141.5815 2.385969e-05
     7142.7718 2.432780e-05
     7143.9624 2.434435e-05
     7145.1531 2.434210e-05
     7146.3441 2.440280e-05
     7147.5353 2.428595e-05
     7148.7266 2.383284e-05
     7149.9182 2.237011e-05
     7151.1099 2.287393e-05
     7152.3019 2.404842e-05
     7153.4940 2.446005e-05
     7154.6864 2.473068e-05
     7155.8789 2.428842e-05
     7157.0717 2.375867e-05
     7158.2646 2.446307e-05
     7159.4578 2.500782e-05
     7160.6511 2.451714e-05
     7161.8446 2.417536e-05
     7163.0384 2.430690e-05
     7164.2323 2.456768e-05
     7165.4265 2.384834e-05
     7166.6208 2.258245e-05
     7167.8153 2.332278e-05
     7169.0101 2.472214e-05
     7170.2050 2.515361e-05
     7171.4001 2.491363e-05
     7172.5955 2.495897e-05
     7173.7910 2.532745e-05
     7174.9867 2.545905e-05
     7176.1827 2.527957e-05
     7177.3788 2.466052e-05
     7178.5751 2.436043e-05
     7179.7716 2.502738e-05
     7180.9684 2.476984e-05
     7182.1653 2.341921e-05
     7183.3624 2.289509e-05
     7184.5598 2.420611e-05
     7185.7573 2.526180e-05
     7186.9550 2.495242e-05
     7188.1529 2.408116e-05
     7189.3511 2.282354e-05
     7190.5494 2.282407e-05
     7191.7479 2.327991e-05
     7192.9466 2.398211e-05
     7194.1456 2.377891e-05
     7195.3447 2.356018e-05
     7196.5440 2.437484e-05
     7197.7435 2.472758e-05
     7198.9433 2.412538e-05
     7200.1432 2.439196e-05
     7201.3433 2.483370e-05
     7202.5436 2.470790e-05
     7203.7441 2.431460e-05
     7204.9449 2.468483e-05
     7206.1458 2.537478e-05
     7207.3469 2.497645e-05
     7208.5482 2.307582e-05
     7209.7498 2.232049e-05
     7210.9515 2.318073e-05
     7212.1534 2.431663e-05
     7213.3555 2.512410e-05
     7214.5579 2.464720e-05
     7215.7604 2.447643e-05
     7216.9631 2.458373e-05
     7218.1661 2.465886e-05
     7219.3692 2.526251e-05
     7220.5725 2.533737e-05
     7221.7760 2.458260e-05
     7222.9798 2.425085e-05
     7224.1837 2.442221e-05
     7225.3878 2.420508e-05
     7226.5922 2.474640e-05
     7227.7967 2.522704e-05
     7229.0014 2.552793e-05
     7230.2064 2.552959e-05
     7231.4115 2.548499e-05
     7232.6168 2.588465e-05
     7233.8224 2.603232e-05
     7235.0281 2.588961e-05
     7236.2340 2.572836e-05
     7237.4402 2.522024e-05
     7238.6465 2.510582e-05
     7239.8531 2.545082e-05
     7241.0598 2.528651e-05
     7242.2668 2.504646e-05
     7243.4739 2.559343e-05
     7244.6812 2.590134e-05
     7245.8888 2.510235e-05
     7247.0965 2.452722e-05
     7248.3045 2.544605e-05
     7249.5126 2.628142e-05
     7250.7210 2.632425e-05
     7251.9296 2.544153e-05
     7253.1383 2.447258e-05
     7254.3473 2.452759e-05
     7255.5564 2.507560e-05
     7256.7658 2.548858e-05
     7257.9753 2.587322e-05
     7259.1851 2.612572e-05
     7260.3951 2.564747e-05
     7261.6052 2.538539e-05
     7262.8156 2.472880e-05
     7264.0262 2.441689e-05
     7265.2369 2.551586e-05
     7266.4479 2.582489e-05
     7267.6591 2.554297e-05
     7268.8705 2.565491e-05
     7270.0821 2.606506e-05
     7271.2938 2.612379e-05
     7272.5058 2.580720e-05
     7273.7180 2.548883e-05
     7274.9304 2.555444e-05
     7276.1430 2.565753e-05
     7277.3558 2.579686e-05
     7278.5688 2.611529e-05
     7279.7820 2.594776e-05
     7280.9954 2.572008e-05
     7282.2090 2.558900e-05
     7283.4228 2.516052e-05
     7284.6368 2.485238e-05
     7285.8510 2.478220e-05
     7287.0654 2.485452e-05
     7288.2800 2.588204e-05
     7289.4948 2.569034e-05
     7290.7098 2.442921e-05
     7291.9250 2.438380e-05
     7293.1405 2.409294e-05
     7294.3561 2.382971e-05
     7295.5719 2.466642e-05
     7296.7880 2.565434e-05
     7298.0042 2.600757e-05
     7299.2206 2.606422e-05
     7300.4373 2.592017e-05
     7301.6541 2.553109e-05
     7302.8711 2.567456e-05
     7304.0884 2.614292e-05
     7305.3058 2.621616e-05
     7306.5235 2.637442e-05
     7307.7413 2.592353e-05
     7308.9594 2.529288e-05
     7310.1777 2.528173e-05
     7311.3961 2.587893e-05
     7312.6148 2.546608e-05
     7313.8337 2.539358e-05
     7315.0527 2.625097e-05
     7316.2720 2.663291e-05
     7317.4915 2.633873e-05
     7318.7112 2.613562e-05
     7319.9311 2.585071e-05
     7321.1512 2.596006e-05
     7322.3715 2.607792e-05
     7323.5920 2.632432e-05
     7324.8127 2.638003e-05
     7326.0336 2.583125e-05
     7327.2547 2.482694e-05
     7328.4760 2.425716e-05
     7329.6975 2.568312e-05
     7330.9192 2.636443e-05
     7332.1411 2.607901e-05
     7333.3633 2.598037e-05
     7334.5856 2.607438e-05
     7335.8081 2.617064e-05
     7337.0309 2.644635e-05
     7338.2538 2.689451e-05
     7339.4769 2.705949e-05
     7340.7003 2.694463e-05
     7341.9238 2.708633e-05
     7343.1476 2.739302e-05
     7344.3716 2.735305e-05
     7345.5957 2.635273e-05
     7346.8201 2.569525e-05
     7348.0447 2.656570e-05
     7349.2694 2.710432e-05
     7350.4944 2.725099e-05
     7351.7196 2.674522e-05
     7352.9450 2.576485e-05
     7354.1706 2.599058e-05
     7355.3964 2.653698e-05
     7356.6224 2.600373e-05
     7357.8486 2.492741e-05
     7359.0750 2.510760e-05
     7360.3016 2.639516e-05
     7361.5284 2.728132e-05
     7362.7555 2.650423e-05
     7363.9827 2.523129e-05
     7365.2101 2.520288e-05
     7366.4378 2.588841e-05
     7367.6656 2.650664e-05
     7368.8936 2.667082e-05
     7370.1219 2.708153e-05
     7371.3503 2.704349e-05
     7372.5790 2.731373e-05
     7373.8079 2.760522e-05
     7375.0369 2.740333e-05
     7376.2662 2.730331e-05
     7377.4957 2.716369e-05
     7378.7254 2.719360e-05
     7379.9553 2.765422e-05
     7381.1854 2.796583e-05
     7382.4157 2.764164e-05
     7383.6462 2.693467e-05
     7384.8769 2.676695e-05
     7386.1078 2.678974e-05
     7387.3389 2.578333e-05
     7388.5702 2.520030e-05
     7389.8018 2.518985e-05
     7391.0335 2.477349e-05
     7392.2655 2.564001e-05
     7393.4976 2.691939e-05
     7394.7300 2.696830e-05
     7395.9625 2.678252e-05
     7397.1953 2.727191e-05
     7398.4282 2.749226e-05
     7399.6614 2.746513e-05
     7400.8948 2.691092e-05
     7402.1284 2.577519e-05
     7403.3622 2.577150e-05
     7404.5962 2.703875e-05
     7405.8304 2.783525e-05
     7407.0648 2.718009e-05
     7408.2994 2.678596e-05
     7409.5342 2.718059e-05
     7410.7692 2.615544e-05
     7412.0045 2.570059e-05
     7413.2399 2.607366e-05
     7414.4756 2.695610e-05
     7415.7114 2.655528e-05
     7416.9475 2.528459e-05
     7418.1837 2.534909e-05
     7419.4202 2.570629e-05
     7420.6569 2.607564e-05
     7421.8937 2.693720e-05
     7423.1308 2.665361e-05
     7424.3681 2.530140e-05
     7425.6056 2.516569e-05
     7426.8433 2.639183e-05
     7428.0812 2.755148e-05
     7429.3193 2.816317e-05
     7430.5577 2.818981e-05
     7431.7962 2.748017e-05
     7433.0349 2.653852e-05
     7434.2739 2.655437e-05
     7435.5130 2.731133e-05
     7436.7524 2.783838e-05
     7437.9919 2.774827e-05
     7439.2317 2.787093e-05
     7440.4717 2.789031e-05
     7441.7119 2.689166e-05
     7442.9523 2.612418e-05
     7444.1928 2.654961e-05
     7445.4337 2.694618e-05
     7446.6747 2.677843e-05
     7447.9159 2.602935e-05
     7449.1573 2.675815e-05
     7450.3989 2.754536e-05
     7451.6408 2.780358e-05
     7452.8828 2.787180e-05
     7454.1251 2.780533e-05
     7455.3675 2.762256e-05
     7456.6102 2.761777e-05
     7457.8531 2.767406e-05
     7459.0961 2.745009e-05
     7460.3394 2.770210e-05
     7461.5829 2.773580e-05
     7462.8266 2.670618e-05
     7464.0705 2.536630e-05
     7465.3146 2.606226e-05
     7466.5590 2.722299e-05
     7467.8035 2.782715e-05
     7469.0482 2.801231e-05
     7470.2932 2.783246e-05
     7471.5383 2.750194e-05
     7472.7837 2.714602e-05
     7474.0293 2.696614e-05
     7475.2750 2.715479e-05
     7476.5210 2.729871e-05
     7477.7672 2.731606e-05
     7479.0136 2.748404e-05
     7480.2602 2.759502e-05
     7481.5070 2.754382e-05
     7482.7540 2.760781e-05
     7484.0013 2.744083e-05
     7485.2487 2.746218e-05
     7486.4964 2.768966e-05
     7487.7442 2.810172e-05
     7488.9923 2.818763e-05
     7490.2405 2.771044e-05
     7491.4890 2.711969e-05
     7492.7377 2.681946e-05
     7493.9866 2.672467e-05
     7495.2357 2.670494e-05
     7496.4850 2.530244e-05
     7497.7345 2.543993e-05
     7498.9843 2.722498e-05
     7500.2342 2.762387e-05
     7501.4843 2.740412e-05
     7502.7347 2.724535e-05
     7503.9852 2.749587e-05
     7505.2360 2.773181e-05
     7506.4870 2.714862e-05
     7507.7382 2.682646e-05
     7508.9896 2.708422e-05
     7510.2412 2.759804e-05
     7511.4930 2.710441e-05
     7512.7450 2.550832e-05
     7513.9972 2.582256e-05
     7515.2497 2.727222e-05
     7516.5023 2.772800e-05
     7517.7552 2.789593e-05
     7519.0082 2.813785e-05
     7520.2615 2.823634e-05
     7521.5150 2.828995e-05
     7522.7687 2.801816e-05
     7524.0226 2.701668e-05
     7525.2767 2.652695e-05
     7526.5310 2.682982e-05
     7527.7855 2.718940e-05
     7529.0403 2.790815e-05
     7530.2952 2.810414e-05
     7531.5504 2.789833e-05
     7532.8057 2.729271e-05
     7534.0613 2.738557e-05
     7535.3171 2.781792e-05
     7536.5731 2.802063e-05
     7537.8293 2.815122e-05
     7539.0857 2.816176e-05
     7540.3423 2.809066e-05
     7541.5991 2.802617e-05
     7542.8562 2.804323e-05
     7544.1134 2.816847e-05
     7545.3709 2.830814e-05
     7546.6285 2.831586e-05
     7547.8864 2.806757e-05
     7549.1445 2.792249e-05
     7550.4028 2.799164e-05
     7551.6613 2.801866e-05
     7552.9200 2.803506e-05
     7554.1789 2.799410e-05
     7555.4381 2.768820e-05
     7556.6974 2.692998e-05
     7557.9570 2.685522e-05
     7559.2167 2.785002e-05
     7560.4767 2.794299e-05
     7561.7369 2.766238e-05
     7562.9973 2.792042e-05
     7564.2579 2.799007e-05
     7565.5187 2.790769e-05
     7566.7797 2.783666e-05
     7568.0410 2.788796e-05
     7569.3024 2.773049e-05
     7570.5641 2.699107e-05
     7571.8259 2.718488e-05
     7573.0880 2.790690e-05
     7574.3503 2.785927e-05
     7575.6128 2.704811e-05
     7576.8755 2.708581e-05
     7578.1384 2.794276e-05
     7579.4015 2.818896e-05
     7580.6649 2.801584e-05
     7581.9284 2.782376e-05
     7583.1922 2.764902e-05
     7584.4562 2.702669e-05
     7585.7203 2.617355e-05
     7586.9847 2.607168e-05
     7588.2493 2.576011e-05
     7589.5142 2.618736e-05
     7590.7792 2.624645e-05
     7592.0444 2.590298e-05
     7593.3099 2.599893e-05
     7594.5755 2.638600e-05
     7595.8414 2.652134e-05
     7597.1075 2.665135e-05
     7598.3738 2.656560e-05
     7599.6403 2.647825e-05
     7600.9070 2.670563e-05
     7602.1739 2.653276e-05
     7603.4410 2.614378e-05
     7604.7084 2.616942e-05
     7605.9759 2.650341e-05
     7607.2437 2.618508e-05
     7608.5117 2.604961e-05
     7609.7799 2.645175e-05
     7611.0483 2.599549e-05
     7612.3169 2.545128e-05
     7613.5857 2.623209e-05
     7614.8547 2.667577e-05
     7616.1240 2.625200e-05
     7617.3935 2.548402e-05
     7618.6631 2.461409e-05
     7619.9330 2.459473e-05
     7621.2031 2.508073e-05
     7622.4734 2.530143e-05
     7623.7439 2.614733e-05
     7625.0147 2.674485e-05
     7626.2856 2.668893e-05
     7627.5568 2.653840e-05
     7628.8281 2.638703e-05
     7630.0997 2.587150e-05
     7631.3715 2.571749e-05
     7632.6435 2.600886e-05
     7633.9157 2.621622e-05
     7635.1881 2.620788e-05
     7636.4608 2.618811e-05
     7637.7336 2.616972e-05
     7639.0067 2.589980e-05
     7640.2799 2.546186e-05
     7641.5534 2.545035e-05
     7642.8271 2.591342e-05
     7644.1010 2.632978e-05
     7645.3752 2.629022e-05
     7646.6495 2.613634e-05
     7647.9241 2.612846e-05
     7649.1988 2.595238e-05
     7650.4738 2.592906e-05
     7651.7490 2.614347e-05
     7653.0244 2.608780e-05
     7654.3000 2.590724e-05
     7655.5758 2.515475e-05
     7656.8518 2.495716e-05
     7658.1281 2.533677e-05
     7659.4045 2.460428e-05
     7660.6812 2.391820e-05
     7661.9581 2.399120e-05
     7663.2352 2.432838e-05
     7664.5125 2.445580e-05
     7665.7900 2.242667e-05
     7667.0678 2.132492e-05
     7668.3457 2.375793e-05
     7669.6239 2.501625e-05
     7670.9023 2.481864e-05
     7672.1809 2.484745e-05
     7673.4597 2.511842e-05
     7674.7387 2.499343e-05
     7676.0179 2.502563e-05
     7677.2974 2.514298e-05
     7678.5770 2.518503e-05
     7679.8569 2.530135e-05
     7681.1370 2.511430e-05
     7682.4173 2.492797e-05
     7683.6978 2.520979e-05
     7684.9785 2.539548e-05
     7686.2594 2.542105e-05
     7687.5406 2.550360e-05
     7688.8219 2.547697e-05
     7690.1035 2.525611e-05
     7691.3853 2.499356e-05
     7692.6673 2.457301e-05
     7693.9495 2.435579e-05
     7695.2320 2.509341e-05
     7696.5146 2.546978e-05
     7697.7975 2.538500e-05
     7699.0805 2.496123e-05
     7700.3638 2.359089e-05
     7701.6473 2.345034e-05
     7702.9310 2.496259e-05
     7704.2150 2.548173e-05
     7705.4991 2.551041e-05
     7706.7835 2.532006e-05
     7708.0680 2.517483e-05
     7709.3528 2.516235e-05
     7710.6378 2.490552e-05
     7711.9230 2.401272e-05
     7713.2085 2.375216e-05
     7714.4941 2.379183e-05
     7715.7800 2.301186e-05
     7717.0660 2.259573e-05
     7718.3523 2.392162e-05
     7719.6388 2.506309e-05
     7720.9255 2.507449e-05
     7722.2125 2.498114e-05
     7723.4996 2.481101e-05
     7724.7870 2.426620e-05
     7726.0745 2.451355e-05
     7727.3623 2.499524e-05
     7728.6503 2.472267e-05
     7729.9385 2.454604e-05
     7731.2270 2.523147e-05
     7732.5156 2.552198e-05
     7733.8045 2.554904e-05
     7735.0936 2.547391e-05
     7736.3828 2.550308e-05
     7737.6723 2.569068e-05
     7738.9621 2.580802e-05
     7740.2520 2.585448e-05
     7741.5421 2.577868e-05
     7742.8325 2.553487e-05
     7744.1231 2.484690e-05
     7745.4139 2.457220e-05
     7746.7049 2.488876e-05
     7747.9961 2.466951e-05
     7749.2876 2.375548e-05
     7750.5792 2.244477e-05
     7751.8711 2.322122e-05
     7753.1632 2.425755e-05
     7754.4555 2.482851e-05
     7755.7480 2.512318e-05
     7757.0407 2.524604e-05
     7758.3337 2.532118e-05
     7759.6268 2.522785e-05
     7760.9202 2.495958e-05
     7762.2138 2.488036e-05
     7763.5076 2.518300e-05
     7764.8016 2.539500e-05
     7766.0959 2.533183e-05
     7767.3903 2.523326e-05
     7768.6850 2.523762e-05
     7769.9799 2.518127e-05
     7771.2750 2.525677e-05
     7772.5703 2.528362e-05
     7773.8659 2.519754e-05
     7775.1616 2.516890e-05
     7776.4576 2.510568e-05
     7777.7538 2.520346e-05
     7779.0502 2.535300e-05
     7780.3468 2.527949e-05
     7781.6436 2.448553e-05
     7782.9407 2.390774e-05
     7784.2379 2.473325e-05
     7785.5354 2.521634e-05
     7786.8331 2.526369e-05
     7788.1310 2.499326e-05
     7789.4292 2.443759e-05
     7790.7275 2.376198e-05
     7792.0261 2.420315e-05
     7793.3248 2.512822e-05
     7794.6238 2.545194e-05
     7795.9231 2.546179e-05
     7797.2225 2.534353e-05
     7798.5221 2.493944e-05
     7799.8220 2.435898e-05
     7801.1221 2.439304e-05
     7802.4224 2.466739e-05
     7803.7229 2.514038e-05
     7805.0236 2.537576e-05
     7806.3246 2.552673e-05
     7807.6257 2.550218e-05
     7808.9271 2.511520e-05
     7810.2287 2.488437e-05
     7811.5305 2.510525e-05
     7812.8325 2.478789e-05
     7814.1348 2.504808e-05
     7815.4372 2.559634e-05
     7816.7399 2.571943e-05
     7818.0428 2.568114e-05
     7819.3459 2.564837e-05
     7820.6493 2.561562e-05
     7821.9528 2.537743e-05
     7823.2566 2.527216e-05
     7824.5606 2.548383e-05
     7825.8648 2.563281e-05
     7827.1692 2.545584e-05
     7828.4738 2.483706e-05
     7829.7787 2.483940e-05
     7831.0838 2.521237e-05
     7832.3890 2.494984e-05
     7833.6946 2.390895e-05
     7835.0003 2.384281e-05
     7836.3062 2.431492e-05
     7837.6124 2.383422e-05
     7838.9188 2.423546e-05
     7840.2254 2.501718e-05
     7841.5322 2.489631e-05
     7842.8392 2.445962e-05
     7844.1464 2.484341e-05
     7845.4539 2.506145e-05
     7846.7616 2.474539e-05
     7848.0695 2.486641e-05
     7849.3776 2.529449e-05
     7850.6860 2.504393e-05
     7851.9945 2.454732e-05
     7853.3033 2.461771e-05
     7854.6123 2.468271e-05
     7855.9215 2.484968e-05
     7857.2309 2.470519e-05
     7858.5406 2.488189e-05
     7859.8504 2.531550e-05
     7861.1605 2.550272e-05
     7862.4708 2.540654e-05
     7863.7813 2.521660e-05
     7865.0921 2.520586e-05
     7866.4030 2.530703e-05
     7867.7142 2.551627e-05
     7869.0256 2.553210e-05
     7870.3372 2.541715e-05
     7871.6491 2.520291e-05
     7872.9611 2.519203e-05
     7874.2734 2.497633e-05
     7875.5859 2.473413e-05
     7876.8986 2.488830e-05
     7878.2115 2.500352e-05
     7879.5246 2.502278e-05
     7880.8380 2.499668e-05
     7882.1516 2.491147e-05
     7883.4654 2.471839e-05
     7884.7794 2.479516e-05
     7886.0937 2.489967e-05
     7887.4081 2.485499e-05
     7888.7228 2.505306e-05
     7890.0377 2.479144e-05
     7891.3528 2.455900e-05
     7892.6681 2.489483e-05
     7893.9837 2.517491e-05
     7895.2995 2.482856e-05
     7896.6155 2.420963e-05
     7897.9317 2.424374e-05
     7899.2481 2.455809e-05
     7900.5648 2.474843e-05
     7901.8816 2.482158e-05
     7903.1987 2.479789e-05
     7904.5160 2.482925e-05
     7905.8336 2.474672e-05
     7907.1513 2.478647e-05
     7908.4693 2.490296e-05
     7909.7875 2.453040e-05
     7911.1059 2.392615e-05
     7912.4245 2.397966e-05
     7913.7433 2.373144e-05
     7915.0624 2.288639e-05
     7916.3817 2.365162e-05
     7917.7012 2.434900e-05
     7919.0209 2.400443e-05
     7920.3409 2.373662e-05
     7921.6610 2.432309e-05
     7922.9814 2.471898e-05
     7924.3020 2.458519e-05
     7925.6229 2.429581e-05
     7926.9439 2.448722e-05
     7928.2652 2.441664e-05
     7929.5867 2.439609e-05
     7930.9084 2.462112e-05
     7932.2303 2.471796e-05
     7933.5525 2.447057e-05
     7934.8748 2.392938e-05
     7936.1974 2.434741e-05
     7937.5202 2.461616e-05
     7938.8433 2.339560e-05
     7940.1665 2.314827e-05
     7941.4900 2.409358e-05
     7942.8137 2.400032e-05
     7944.1376 2.369049e-05
     7945.4617 2.345530e-05
     7946.7861 2.283368e-05
     7948.1106 2.287219e-05
     7949.4354 2.383177e-05
     7950.7605 2.405950e-05
     7952.0857 2.413658e-05
     7953.4111 2.456216e-05
     7954.7368 2.496865e-05
     7956.0627 2.475512e-05
     7957.3888 2.423320e-05
     7958.7152 2.418820e-05
     7960.0418 2.457441e-05
     7961.3685 2.470754e-05
     7962.6955 2.479711e-05
     7964.0228 2.480705e-05
     7965.3502 2.473486e-05
     7966.6779 2.485321e-05
     7968.0058 2.504151e-05
     7969.3339 2.525400e-05
     7970.6622 2.519588e-05
     7971.9908 2.501836e-05
     7973.3195 2.499939e-05
     7974.6485 2.513121e-05
     7975.9778 2.514477e-05
     7977.3072 2.514013e-05
     7978.6369 2.513540e-05
     7979.9668 2.448780e-05
     7981.2969 2.405730e-05
     7982.6272 2.469263e-05
     7983.9577 2.534353e-05
     7985.2885 2.561992e-05
     7986.6195 2.533877e-05
     7987.9507 2.482729e-05
     7989.2821 2.397888e-05
     7990.6138 2.442301e-05
     7991.9457 2.548365e-05
     7993.2778 2.545805e-05
     7994.6101 2.510921e-05
     7995.9427 2.494139e-05
     7997.2754 2.452215e-05
     7998.6084 2.452672e-05
     7999.9416 2.431706e-05
     8001.2751 2.364958e-05
     8002.6087 2.435973e-05
     8003.9426 2.473855e-05
     8005.2767 2.441711e-05
     8006.6110 2.488716e-05
     8007.9456 2.522933e-05
     8009.2803 2.500157e-05
     8010.6153 2.498971e-05
     8011.9505 2.525259e-05
     8013.2860 2.528325e-05
     8014.6216 2.531345e-05
     8015.9575 2.572571e-05
     8017.2936 2.573642e-05
     8018.6300 2.542919e-05
     8019.9665 2.534269e-05
     8021.3033 2.555721e-05
     8022.6403 2.541801e-05
     8023.9775 2.536356e-05
     8025.3149 2.534906e-05
     8026.6526 2.462841e-05
     8027.9905 2.392528e-05
     8029.3286 2.314434e-05
     8030.6669 2.343122e-05
     8032.0055 2.483693e-05
     8033.3443 2.552867e-05
     8034.6833 2.574264e-05
     8036.0225 2.567618e-05
     8037.3619 2.548103e-05
     8038.7016 2.576924e-05
     8040.0415 2.584602e-05
     8041.3816 2.563702e-05
     8042.7220 2.540435e-05
     8044.0625 2.537309e-05
     8045.4033 2.508922e-05
     8046.7443 2.452015e-05
     8048.0856 2.376681e-05
     8049.4270 2.355740e-05
     8050.7687 2.436566e-05
     8052.1106 2.499077e-05
     8053.4527 2.541577e-05
     8054.7951 2.546935e-05
     8056.1377 2.525155e-05
     8057.4805 2.542340e-05
     8058.8235 2.562706e-05
     8060.1668 2.576532e-05
     8061.5102 2.571090e-05
     8062.8539 2.551272e-05
     8064.1978 2.537341e-05
     8065.5420 2.526960e-05
     8066.8864 2.554139e-05
     8068.2309 2.541386e-05
     8069.5758 2.473393e-05
     8070.9208 2.431148e-05
     8072.2661 2.407405e-05
     8073.6116 2.400505e-05
     8074.9573 2.439311e-05
     8076.3032 2.448175e-05
     8077.6494 2.445605e-05
     8078.9958 2.530999e-05
     8080.3424 2.559980e-05
     8081.6892 2.523048e-05
     8083.0363 2.463429e-05
     8084.3836 2.490652e-05
     8085.7311 2.500003e-05
     8087.0788 2.430560e-05
     8088.4268 2.489970e-05
     8089.7749 2.566105e-05
     8091.1234 2.516579e-05
     8092.4720 2.459631e-05
     8093.8208 2.414120e-05
     8095.1699 2.336305e-05
     8096.5192 2.425693e-05
     8097.8688 2.502090e-05
     8099.2185 2.475748e-05
     8100.5685 2.488040e-05
     8101.9187 2.518508e-05
     8103.2691 2.543252e-05
     8104.6198 2.542718e-05
     8105.9707 2.508714e-05
     8107.3218 2.499446e-05
     8108.6731 2.513351e-05
     8110.0247 2.512182e-05
     8111.3765 2.506477e-05
     8112.7285 2.521187e-05
     8114.0807 2.523888e-05
     8115.4332 2.513308e-05
     8116.7859 2.476824e-05
     8118.1388 2.406214e-05
     8119.4919 2.418750e-05
     8120.8453 2.517757e-05
     8122.1988 2.538529e-05
     8123.5527 2.566661e-05
     8124.9067 2.588366e-05
     8126.2610 2.576583e-05
     8127.6155 2.534517e-05
     8128.9702 2.523046e-05
     8130.3251 2.553786e-05
     8131.6803 2.555158e-05
     8133.0357 2.515689e-05
     8134.3913 2.524982e-05
     8135.7471 2.554443e-05
     8137.1032 2.581462e-05
     8138.4595 2.563696e-05
     8139.8160 2.564587e-05
     8141.1728 2.580383e-05
     8142.5297 2.557056e-05
     8143.8870 2.546514e-05
     8145.2444 2.548961e-05
     8146.6020 2.555125e-05
     8147.9599 2.574194e-05
     8149.3180 2.569029e-05
     8150.6764 2.539287e-05
     8152.0349 2.510923e-05
     8153.3937 2.563241e-05
     8154.7527 2.579933e-05
     8156.1119 2.562364e-05
     8157.4714 2.561262e-05
     8158.8311 2.607855e-05
     8160.1910 2.619660e-05
     8161.5512 2.578257e-05
     8162.9115 2.466560e-05
     8164.2721 2.447559e-05
     8165.6330 2.555062e-05
     8166.9940 2.601026e-05
     8168.3553 2.585301e-05
     8169.7168 2.564940e-05
     8171.0785 2.558099e-05
     8172.4405 2.570579e-05
     8173.8027 2.582323e-05
     8175.1651 2.570139e-05
     8176.5277 2.561344e-05
     8177.8906 2.593057e-05
     8179.2537 2.597893e-05
     8180.6170 2.558657e-05
     8181.9806 2.524414e-05
     8183.3443 2.502433e-05
     8184.7084 2.394723e-05
     8186.0726 2.360647e-05
     8187.4370 2.472234e-05
     8188.8017 2.472866e-05
     8190.1666 2.486856e-05
     8191.5318 2.585780e-05
     8192.8972 2.633680e-05
     8194.2628 2.556673e-05
     8195.6286 2.395315e-05
     8196.9946 2.229065e-05
     8198.3609 2.308546e-05
     8199.7274 2.400057e-05
     8201.0942 2.397534e-05
     8202.4611 2.432339e-05
     8203.8283 2.442280e-05
     8205.1957 2.413587e-05
     8206.5634 2.337472e-05
     8207.9312 2.357400e-05
     8209.2993 2.381459e-05
     8210.6677 2.392038e-05
     8212.0362 2.455485e-05
     8213.4050 2.450120e-05
     8214.7740 2.358182e-05
     8216.1433 2.370445e-05
     8217.5128 2.441944e-05
     8218.8825 2.483702e-05
     8220.2524 2.480506e-05
     8221.6225 2.371814e-05
     8222.9929 2.299636e-05
     8224.3635 2.396446e-05
     8225.7344 2.490177e-05
     8227.1054 2.535175e-05
     8228.4767 2.546610e-05
     8229.8483 2.516836e-05
     8231.2200 2.499181e-05
     8232.5920 2.488917e-05
     8233.9642 2.432581e-05
     8235.3367 2.453247e-05
     8236.7093 2.501470e-05
     8238.0822 2.492023e-05
     8239.4554 2.467014e-05
     8240.8287 2.446846e-05
     8242.2023 2.472054e-05
     8243.5761 2.483743e-05
     8244.9502 2.485559e-05
     8246.3244 2.513919e-05
     8247.6989 2.539941e-05
     8249.0737 2.484888e-05
     8250.4486 2.449402e-05
     8251.8238 2.500822e-05
     8253.1992 2.499183e-05
     8254.5749 2.455171e-05
     8255.9508 2.434894e-05
     8257.3269 2.440818e-05
     8258.7032 2.425449e-05
     8260.0798 2.459195e-05
     8261.4566 2.517828e-05
     8262.8336 2.549011e-05
     8264.2108 2.540256e-05
     8265.5883 2.515215e-05
     8266.9660 2.510994e-05
     8268.3440 2.483988e-05
     8269.7222 2.446662e-05
     8271.1006 2.442477e-05
     8272.4792 2.454232e-05
     8273.8580 2.467515e-05
     8275.2371 2.457141e-05
     8276.6165 2.446721e-05
     8277.9960 2.430732e-05
     8279.3758 2.423378e-05
     8280.7558 2.450980e-05
     8282.1360 2.482129e-05
     8283.5165 2.473389e-05
     8284.8972 2.438904e-05
     8286.2781 2.440951e-05
     8287.6593 2.443193e-05
     8289.0407 2.417704e-05
     8290.4223 2.396080e-05
     8291.8042 2.413293e-05
     8293.1863 2.435321e-05
     8294.5686 2.396292e-05
     8295.9511 2.360922e-05
     8297.3339 2.394187e-05
     8298.7169 2.414933e-05
     8300.1001 2.389584e-05
     8301.4836 2.396330e-05
     8302.8673 2.433808e-05
     8304.2512 2.423805e-05
     8305.6354 2.397817e-05
     8307.0198 2.356776e-05
     8308.4044 2.294008e-05
     8309.7892 2.302358e-05
     8311.1743 2.340342e-05
     8312.5596 2.294412e-05
     8313.9452 2.333698e-05
     8315.3309 2.412977e-05
     8316.7169 2.432065e-05
     8318.1032 2.438917e-05
     8319.4896 2.451431e-05
     8320.8763 2.442733e-05
     8322.2633 2.408249e-05
     8323.6504 2.387622e-05
     8325.0378 2.413791e-05
     8326.4254 2.419803e-05
     8327.8133 2.316315e-05
     8329.2014 2.190255e-05
     8330.5897 2.318115e-05
     8331.9782 2.412547e-05
     8333.3670 2.323943e-05
     8334.7560 2.288199e-05
     8336.1453 2.319071e-05
     8337.5347 2.363800e-05
     8338.9244 2.400517e-05
     8340.3144 2.336359e-05
     8341.7046 2.322281e-05
     8343.0950 2.385532e-05
     8344.4856 2.358834e-05
     8345.8764 2.355215e-05
     8347.2675 2.373755e-05
     8348.6589 2.363110e-05
     8350.0504 2.327591e-05
     8351.4422 2.306978e-05
     8352.8342 2.379251e-05
     8354.2265 2.397842e-05
     8355.6190 2.371609e-05
     8357.0117 2.386620e-05
     8358.4047 2.397510e-05
     8359.7978 2.380934e-05
     8361.1913 2.375023e-05
     8362.5849 2.380232e-05
     8363.9788 2.368256e-05
     8365.3729 2.304016e-05
     8366.7672 2.233326e-05
     8368.1618 2.300061e-05
     8369.5566 2.423077e-05
     8370.9517 2.435290e-05
     8372.3469 2.390683e-05
     8373.7425 2.379881e-05
     8375.1382 2.389168e-05
     8376.5342 2.426592e-05
     8377.9304 2.416728e-05
     8379.3268 2.317685e-05
     8380.7235 2.319626e-05
     8382.1204 2.420081e-05
     8383.5175 2.318285e-05
     8384.9149 2.142097e-05
     8386.3125 2.262177e-05
     8387.7103 2.346496e-05
     8389.1084 2.199716e-05
     8390.5067 2.140695e-05
     8391.9052 2.284402e-05
     8393.3040 2.393930e-05
     8394.7030 2.458537e-05
     8396.1022 2.468486e-05
     8397.5017 2.423536e-05
     8398.9014 2.321759e-05
     8400.3013 2.338954e-05
     8401.7015 2.406538e-05
     8403.1019 2.357657e-05
     8404.5025 2.346114e-05
     8405.9034 2.418729e-05
     8407.3045 2.434758e-05
     8408.7058 2.447694e-05
     8410.1074 2.451810e-05
     8411.5092 2.453146e-05
     8412.9112 2.408340e-05
     8414.3135 2.302778e-05
     8415.7160 2.322706e-05
     8417.1187 2.401601e-05
     8418.5217 2.389191e-05
     8419.9249 2.350186e-05
     8421.3284 2.361810e-05
     8422.7320 2.381682e-05
     8424.1359 2.382102e-05
     8425.5401 2.331075e-05
     8426.9445 2.271730e-05
     8428.3491 2.184217e-05
     8429.7539 2.269717e-05
     8431.1590 2.415865e-05
     8432.5643 2.423755e-05
     8433.9698 2.358650e-05
     8435.3756 2.263783e-05
     8436.7816 2.080643e-05
     8438.1879 2.081928e-05
     8439.5944 2.267007e-05
     8441.0011 2.250119e-05
     8442.4080 2.245154e-05
     8443.8152 2.324171e-05
     8445.2226 2.312381e-05
     8446.6303 2.282516e-05
     8448.0382 2.262808e-05
     8449.4463 2.269657e-05
     8450.8547 2.314869e-05
     8452.2632 2.277535e-05
     8453.6721 2.288042e-05
     8455.0811 2.331116e-05
     8456.4904 2.321761e-05
     8457.9000 2.284844e-05
     8459.3097 2.261896e-05
     8460.7197 2.287082e-05
     8462.1300 2.322655e-05
     8463.5404 2.362974e-05
     8464.9512 2.358194e-05
     8466.3621 2.302593e-05
     8467.7733 2.245181e-05
     8469.1847 2.176767e-05
     8470.5963 2.117393e-05
     8472.0082 2.209594e-05
     8473.4203 2.267762e-05
     8474.8327 2.281802e-05
     8476.2453 2.306092e-05
     8477.6581 2.273605e-05
     8479.0712 2.288381e-05
     8480.4845 2.326995e-05
     8481.8980 2.311078e-05
     8483.3118 2.277705e-05
     8484.7258 2.282168e-05
     8486.1400 2.332055e-05
     8487.5545 2.358876e-05
     8488.9692 2.349272e-05
     8490.3841 2.329495e-05
     8491.7993 2.353043e-05
     8493.2147 2.352929e-05
     8494.6304 2.324905e-05
     8496.0463 2.274258e-05
     8497.4624 2.147605e-05
     8498.8788 1.826028e-05
     8500.2954 1.568315e-05
     8501.7122 1.820288e-05
     8503.1293 2.097606e-05
     8504.5466 2.157664e-05
     8505.9641 2.230957e-05
     8507.3819 2.293652e-05
     8508.7999 2.337422e-05
     8510.2182 2.361799e-05
     8511.6367 2.352457e-05
     8513.0554 2.320998e-05
     8514.4743 2.266059e-05
     8515.8935 2.124060e-05
     8517.3130 2.083147e-05
     8518.7326 2.186342e-05
     8520.1525 2.180085e-05
     8521.5727 2.224741e-05
     8522.9931 2.296242e-05
     8524.4137 2.315402e-05
     8525.8345 2.322939e-05
     8527.2556 2.297476e-05
     8528.6770 2.249435e-05
     8530.0985 2.267087e-05
     8531.5203 2.295796e-05
     8532.9424 2.285248e-05
     8534.3646 2.273979e-05
     8535.7872 2.270106e-05
     8537.2099 2.226640e-05
     8538.6329 2.136545e-05
     8540.0561 2.006794e-05
     8541.4796 1.791065e-05
     8542.9033 1.440179e-05
     8544.3272 1.172761e-05
     8545.7514 1.390674e-05
     8547.1758 1.783104e-05
     8548.6004 2.005535e-05
     8550.0253 2.073258e-05
     8551.4504 2.139126e-05
     8552.8758 2.225176e-05
     8554.3014 2.298270e-05
     8555.7272 2.329773e-05
     8557.1533 2.290797e-05
     8558.5796 2.250339e-05
     8560.0062 2.293188e-05
     8561.4330 2.327486e-05
     8562.8600 2.319459e-05
     8564.2872 2.340059e-05
     8565.7147 2.350749e-05
     8567.1425 2.332128e-05
     8568.5705 2.334693e-05
     8569.9987 2.343770e-05
     8571.4271 2.334471e-05
     8572.8558 2.332232e-05
     8574.2847 2.333127e-05
     8575.7139 2.324718e-05
     8577.1433 2.310064e-05
     8578.5730 2.333896e-05
     8580.0028 2.360329e-05
     8581.4330 2.371223e-05
     8582.8633 2.335437e-05
     8584.2939 2.248048e-05
     8585.7248 2.273394e-05
     8587.1558 2.332360e-05
     8588.5871 2.350254e-05
     8590.0187 2.348502e-05
     8591.4505 2.346004e-05
     8592.8825 2.345404e-05
     8594.3148 2.340150e-05
     8595.7473 2.349653e-05
     8597.1800 2.348121e-05
     8598.6130 2.310111e-05
     8600.0462 2.279697e-05
     8601.4797 2.299047e-05
     8602.9134 2.353760e-05
     8604.3473 2.362934e-05
     8605.7815 2.349979e-05
     8607.2159 2.346191e-05
     8608.6506 2.353176e-05
     8610.0855 2.371841e-05
     8611.5206 2.349398e-05
     8612.9560 2.249287e-05
     8614.3916 2.202946e-05
     8615.8274 2.281229e-05
     8617.2635 2.334185e-05
     8618.6999 2.338627e-05
     8620.1364 2.356100e-05
     8621.5732 2.367536e-05
     8623.0103 2.323922e-05
     8624.4476 2.288461e-05
     8625.8851 2.363111e-05
     8627.3229 2.413614e-05
     8628.7609 2.410737e-05
     8630.1991 2.408134e-05
     8631.6376 2.403432e-05
     8633.0763 2.392921e-05
     8634.5153 2.376434e-05
     8635.9545 2.386035e-05
     8637.3940 2.389778e-05
     8638.8336 2.377121e-05
     8640.2736 2.378764e-05
     8641.7137 2.379821e-05
     8643.1541 2.376319e-05
     8644.5948 2.361208e-05
     8646.0357 2.375389e-05
     8647.4768 2.397053e-05
     8648.9182 2.370217e-05
     8650.3598 2.303861e-05
     8651.8016 2.302600e-05
     8653.2437 2.342425e-05
     8654.6860 2.337329e-05
     8656.1286 2.317326e-05
     8657.5714 2.301698e-05
     8659.0145 2.269865e-05
     8660.4577 2.162267e-05
     8661.9013 1.914374e-05
     8663.3450 1.482152e-05
     8664.7891 1.296438e-05
     8666.2333 1.653087e-05
     8667.6778 2.024430e-05
     8669.1225 2.197148e-05
     8670.5675 2.269508e-05
     8672.0127 2.319675e-05
     8673.4582 2.332007e-05
     8674.9039 2.302249e-05
     8676.3498 2.188763e-05
     8677.7960 2.166874e-05
     8679.2424 2.332824e-05
     8680.6891 2.376289e-05
     8682.1360 2.341648e-05
     8683.5831 2.328559e-05
     8685.0305 2.300781e-05
     8686.4781 2.339305e-05
     8687.9260 2.360739e-05
     8689.3741 2.217583e-05
     8690.8225 2.035315e-05
     8692.2710 2.147862e-05
     8693.7199 2.313537e-05
     8695.1690 2.359210e-05
     8696.6183 2.400897e-05
     8698.0678 2.417184e-05
     8699.5176 2.394351e-05
     8700.9677 2.321668e-05
     8702.4179 2.320170e-05
     8703.8685 2.371046e-05
     8705.3192 2.381795e-05
     8706.7702 2.404602e-05
     8708.2215 2.426729e-05
     8709.6730 2.418583e-05
     8711.1247 2.385897e-05
     8712.5767 2.330321e-05
     8714.0289 2.301753e-05
     8715.4814 2.276063e-05
     8716.9341 2.365746e-05
     8718.3870 2.414723e-05
     8719.8402 2.372718e-05
     8721.2936 2.374556e-05
     8722.7473 2.423878e-05
     8724.2012 2.452546e-05
     8725.6554 2.442433e-05
     8727.1098 2.428020e-05
     8728.5644 2.416736e-05
     8730.0193 2.370308e-05
     8731.4744 2.348403e-05
     8732.9298 2.397218e-05
     8734.3854 2.434057e-05
     8735.8412 2.401582e-05
     8737.2973 2.336185e-05
     8738.7537 2.347766e-05
     8740.2102 2.405142e-05
     8741.6671 2.416719e-05
     8743.1241 2.367014e-05
     8744.5814 2.343858e-05
     8746.0390 2.388968e-05
     8747.4968 2.412482e-05
     8748.9548 2.381322e-05
     8750.4131 2.368008e-05
     8751.8716 2.369163e-05
     8753.3304 2.315604e-05
     8754.7894 2.314555e-05
     8756.2487 2.393839e-05
     8757.7082 2.397690e-05
     8759.1679 2.320047e-05
     8760.6279 2.365750e-05
     8762.0881 2.444305e-05
     8763.5486 2.438638e-05
     8765.0093 2.384171e-05
     8766.4702 2.328992e-05
     8767.9314 2.341085e-05
     8769.3929 2.357981e-05
     8770.8546 2.422275e-05
     8772.3165 2.423515e-05
     8773.7787 2.352918e-05
     8775.2411 2.279241e-05
     8776.7038 2.322873e-05
     8778.1667 2.432480e-05
     8779.6298 2.446649e-05
     8781.0932 2.407639e-05
     8782.5569 2.431141e-05
     8784.0207 2.467337e-05
     8785.4849 2.451932e-05
     8786.9492 2.422518e-05
     8788.4138 2.454440e-05
     8789.8787 2.476380e-05
     8791.3438 2.428409e-05
     8792.8091 2.368333e-05
     8794.2747 2.359837e-05
     8795.7406 2.336789e-05
     8797.2067 2.392603e-05
     8798.6730 2.418982e-05
     8800.1395 2.439386e-05
     8801.6064 2.450863e-05
     8803.0734 2.433461e-05
     8804.5407 2.427087e-05
     8806.0083 2.346167e-05
     8807.4760 2.163970e-05
     8808.9441 1.995525e-05
     8810.4124 2.105911e-05
     8811.8809 2.324675e-05
     8813.3497 2.446943e-05
     8814.8187 2.469623e-05
     8816.2879 2.465532e-05
     8817.7574 2.472853e-05
     8819.2272 2.476022e-05
     8820.6972 2.456523e-05
     8822.1674 2.430508e-05
     8823.6379 2.416937e-05
     8825.1086 2.320043e-05
     8826.5796 2.202180e-05
     8828.0508 2.328427e-05
     8829.5223 2.443475e-05
     8830.9940 2.465212e-05
     8832.4659 2.486474e-05
     8833.9381 2.492017e-05
     8835.4106 2.472700e-05
     8836.8833 2.449454e-05
     8838.3562 2.407860e-05
     8839.8294 2.337518e-05
     8841.3028 2.330731e-05
     8842.7765 2.419236e-05
     8844.2504 2.445813e-05
     8845.7246 2.455028e-05
     8847.1990 2.453146e-05
     8848.6737 2.421852e-05
     8850.1486 2.432126e-05
     8851.6237 2.460674e-05
     8853.0991 2.469497e-05
     8854.5747 2.472660e-05
     8856.0506 2.468110e-05
     8857.5268 2.451908e-05
     8859.0031 2.377750e-05
     8860.4798 2.274490e-05
     8861.9566 2.236422e-05
     8863.4337 2.197495e-05
     8864.9111 2.166055e-05
     8866.3887 2.225987e-05
     8867.8666 2.221770e-05
     8869.3447 2.115645e-05
     8870.8230 2.126472e-05
     8872.3016 2.209092e-05
     8873.7804 2.239111e-05
     8875.2595 2.246250e-05
     8876.7389 2.236802e-05
     8878.2184 2.206919e-05
     8879.6983 2.190853e-05
     8881.1783 2.199392e-05
     8882.6587 2.240860e-05
     8884.1392 2.257571e-05
     8885.6200 2.251446e-05
     8887.1011 2.258011e-05
     8888.5824 2.274219e-05
     8890.0640 2.284171e-05
     8891.5458 2.283984e-05
     8893.0278 2.255874e-05
     8894.5101 2.237043e-05
     8895.9927 2.260319e-05
     8897.4754 2.281141e-05
     8898.9585 2.275668e-05
     8900.4418 2.260268e-05
     8901.9253 2.261680e-05
     8903.4091 2.292253e-05
     8904.8931 2.299863e-05
     8906.3774 2.295502e-05
     8907.8619 2.293266e-05
     8909.3467 2.300348e-05
     8910.8317 2.302500e-05
     8912.3169 2.298514e-05
     8913.8024 2.284343e-05
     8915.2882 2.284449e-05
     8916.7742 2.307701e-05
     8918.2605 2.308101e-05
     8919.7470 2.297995e-05
     8921.2337 2.239557e-05
     8922.7207 2.209567e-05
     8924.2079 2.263628e-05
     8925.6954 2.260433e-05
     8927.1832 2.251934e-05
     8928.6712 2.250177e-05
     8930.1594 2.265272e-05
     8931.6479 2.281933e-05
     8933.1366 2.273071e-05
     8934.6256 2.245646e-05
     8936.1148 2.258837e-05
     8937.6043 2.272338e-05
     8939.0940 2.279120e-05
     8940.5840 2.286622e-05
     8942.0742 2.281024e-05
     8943.5647 2.274333e-05
     8945.0554 2.240856e-05
     8946.5464 2.186473e-05
     8948.0376 2.130862e-05
     8949.5291 2.140865e-05
     8951.0208 2.199411e-05
     8952.5127 2.242768e-05
     8954.0049 2.278097e-05
     8955.4974 2.288676e-05
     8956.9901 2.286859e-05
     8958.4831 2.289346e-05
     8959.9763 2.296184e-05
     8961.4697 2.289853e-05
     8962.9634 2.279827e-05
     8964.4574 2.280189e-05
     8965.9516 2.279812e-05
     8967.4460 2.249364e-05
     8968.9407 2.228242e-05
     8970.4357 2.245636e-05
     8971.9309 2.274074e-05
     8973.4263 2.274368e-05
     8974.9220 2.272506e-05
     8976.4180 2.243023e-05
     8977.9142 2.172046e-05
     8979.4106 2.193069e-05
     8980.9073 2.249759e-05
     8982.4042 2.290904e-05
     8983.9014 2.323469e-05
     8985.3989 2.317975e-05
     8986.8966 2.284737e-05
     8988.3945 2.279120e-05
     8989.8927 2.299327e-05
     8991.3911 2.284327e-05
     8992.8898 2.285398e-05
     8994.3888 2.297841e-05
     8995.8879 2.292076e-05
     8997.3874 2.287691e-05
     8998.8871 2.296011e-05
     9000.3870 2.242159e-05
     9001.8872 2.153453e-05
     9003.3876 2.234145e-05
     9004.8883 2.317470e-05
     9006.3893 2.335068e-05
     9007.8905 2.321552e-05
     9009.3919 2.272699e-05
     9010.8936 2.183147e-05
     9012.3955 2.093683e-05
     9013.8977 2.110714e-05
     9015.4002 2.136912e-05
     9016.9029 2.127939e-05
     9018.4058 2.142830e-05
     9019.9090 2.193272e-05
     9021.4124 2.241904e-05
     9022.9161 2.208148e-05
     9024.4201 2.189644e-05
     9025.9243 2.218213e-05
     9027.4287 2.247819e-05
     9028.9334 2.256435e-05
     9030.4384 2.259706e-05
     9031.9436 2.288197e-05
     9033.4490 2.292037e-05
     9034.9547 2.316784e-05
     9036.4607 2.307238e-05
     9037.9669 2.270046e-05
     9039.4733 2.280444e-05
     9040.9800 2.309003e-05
     9042.4870 2.338624e-05
     9043.9942 2.354940e-05
     9045.5016 2.349617e-05
     9047.0094 2.339219e-05
     9048.5173 2.323248e-05
     9050.0255 2.330253e-05
     9051.5340 2.341048e-05
     9053.0427 2.325173e-05
     9054.5517 2.318779e-05
     9056.0609 2.338418e-05
     9057.5704 2.351738e-05
     9059.0801 2.354057e-05
     9060.5901 2.346254e-05
     9062.1003 2.327712e-05
     9063.6108 2.275519e-05
     9065.1215 2.270277e-05
     9066.6325 2.340030e-05
     9068.1437 2.364271e-05
     9069.6552 2.360378e-05
     9071.1669 2.340235e-05
     9072.6789 2.307965e-05
     9074.1911 2.329159e-05
     9075.7036 2.362161e-05
     9077.2164 2.372182e-05
     9078.7294 2.368808e-05
     9080.2426 2.324532e-05
     9081.7561 2.254499e-05
     9083.2699 2.285366e-05
     9084.7839 2.350228e-05
     9086.2981 2.333765e-05
     9087.8126 2.295489e-05
     9089.3274 2.210907e-05
     9090.8424 2.064444e-05
     9092.3577 2.095742e-05
     9093.8732 2.256021e-05
     9095.3890 2.330338e-05
     9096.9050 2.311487e-05
     9098.4213 2.320584e-05
     9099.9378 2.338716e-05
     9100.0000 2.292453e-05
     9109.1046 2.311771e-05
     9118.2182 2.315737e-05
     9127.3410 2.338827e-05
     9136.4729 2.329751e-05
     9145.6139 2.289284e-05
     9154.7641 2.288193e-05
     9163.9235 2.280130e-05
     9173.0920 2.250196e-05
     9182.2697 2.261900e-05
     9191.4565 2.269898e-05
     9200.6526 2.244723e-05
     9209.8578 2.207732e-05
     9219.0723 2.192042e-05
     9228.2960 2.186477e-05
     9237.5289 2.180430e-05
     9246.7710 2.181374e-05
     9256.0224 2.178539e-05
     9265.2831 2.195638e-05
     9274.5530 2.214538e-05
     9283.8322 2.205276e-05
     9293.1207 2.188406e-05
     9302.4184 2.191059e-05
     9311.7255 2.197794e-05
     9321.0419 2.198053e-05
     9330.3676 2.207216e-05
     9339.7026 2.215774e-05
     9349.0470 2.199587e-05
     9358.4007 2.163660e-05
     9367.7638 2.149513e-05
     9377.1363 2.155365e-05
     9386.5181 2.161979e-05
     9395.9093 2.160689e-05
     9405.3099 2.141886e-05
     9414.7199 2.119398e-05
     9424.1394 2.140285e-05
     9433.5682 2.147348e-05
     9443.0065 2.133150e-05
     9452.4542 2.142701e-05
     9461.9114 2.166607e-05
     9471.3780 2.183233e-05
     9480.8542 2.187974e-05
     9490.3398 2.190413e-05
     9499.8348 2.189759e-05
     9509.3394 2.190250e-05
     9518.8535 2.201771e-05
     9528.3771 2.209491e-05
     9537.9103 2.193006e-05
     9547.4530 2.161137e-05
     9557.0052 2.168736e-05
     9566.5670 2.185703e-05
     9576.1383 2.184556e-05
     9585.7193 2.201173e-05
     9595.3098 2.201086e-05
     9604.9099 2.186964e-05
     9614.5196 2.196643e-05
     9624.1389 2.188133e-05
     9633.7679 2.166737e-05
     9643.4065 2.148575e-05
     9653.0547 2.136843e-05
     9662.7126 2.136071e-05
     9672.3801 2.142688e-05
     9682.0573 2.148088e-05
     9691.7442 2.153410e-05
     9701.4408 2.155060e-05
     9711.1471 2.157151e-05
     9720.8631 2.145375e-05
     9730.5889 2.109122e-05
     9740.3243 2.084248e-05
     9750.0695 2.086894e-05
     9759.8244 2.104040e-05
     9769.5892 2.100941e-05
     9779.3636 2.091619e-05
     9789.1479 2.086108e-05
     9798.9419 2.119710e-05
     9808.7458 2.132370e-05
     9818.5594 2.126971e-05
     9828.3829 2.118231e-05
     9838.2162 2.115735e-05
     9848.0593 2.123150e-05
     9857.9123 2.129647e-05
     9867.7752 2.133921e-05
     9877.6479 2.139301e-05
     9887.5305 2.131203e-05
     9897.4229 2.107929e-05
     9907.3253 2.087977e-05
     9917.2376 2.078556e-05
     9927.1598 2.078706e-05
     9937.0919 2.093646e-05
     9947.0340 2.102972e-05
     9956.9860 2.113968e-05
     9966.9479 2.124294e-05
     9976.9199 2.121205e-05
     9986.9018 2.110257e-05
     9996.8937 2.100498e-05
    10006.8956 2.098434e-05
    10016.9075 2.110294e-05
    10026.9294 2.104646e-05
    10036.9613 2.083668e-05
    10047.0033 2.068666e-05
    10057.0554 2.052683e-05
    10067.1174 2.069249e-05
    10077.1896 2.088226e-05
    10087.2718 2.094745e-05
    10097.3641 2.117240e-05
    10107.4666 2.123488e-05
    10117.5791 2.113990e-05
    10127.7017 2.111728e-05
    10137.8345 2.098105e-05
    10147.9774 2.079560e-05
    10158.1304 2.082202e-05
    10168.2937 2.091828e-05
    10178.4670 2.101584e-05
    10188.6506 2.096381e-05
    10198.8443 2.091615e-05
    10209.0483 2.096835e-05
    10219.2624 2.090033e-05
    10229.4868 2.099256e-05
    10239.7214 2.116087e-05
    10249.9663 2.112721e-05
    10260.2213 2.092981e-05
    10270.4867 2.086878e-05
    10280.7623 2.091969e-05
    10291.0482 2.089468e-05
    10301.3444 2.090852e-05
    10311.6509 2.095125e-05
    10321.9677 2.082788e-05
    10332.2949 2.055821e-05
    10342.6323 2.034846e-05
    10352.9801 2.049810e-05
    10363.3383 2.075538e-05
    10373.7068 2.067420e-05
    10384.0857 2.058293e-05
    10394.4750 2.047240e-05
    10404.8747 2.060370e-05
    10415.2847 2.074881e-05
    10425.7052 2.063347e-05
    10436.1362 2.071741e-05
    10446.5775 2.081465e-05
    10457.0293 2.065387e-05
    10467.4916 2.045865e-05
    10477.9643 2.042257e-05
    10488.4475 2.040622e-05
    10498.9412 2.037243e-05
    10509.4454 2.033901e-05
    10519.9601 2.036641e-05
    10530.4853 2.028244e-05
    10541.0211 2.030159e-05
    10551.5674 2.028125e-05
    10562.1242 2.021339e-05
    10572.6916 2.008113e-05
    10583.2696 1.980298e-05
    10593.8582 1.982041e-05
    10604.4573 1.984059e-05
    10615.0671 1.993646e-05
    10625.6874 2.016232e-05
    10636.3184 2.026683e-05
    10646.9601 2.017442e-05
    10657.6124 1.986893e-05
    10668.2753 1.971605e-05
    10678.9489 1.975037e-05
    10689.6332 1.967507e-05
    10700.3282 1.978446e-05
    10711.0339 1.993592e-05
    10721.7503 1.976003e-05
    10732.4774 1.957859e-05
    10743.2152 1.970703e-05
    10753.9638 1.977436e-05
    10764.7232 1.993924e-05
    10775.4933 1.981798e-05
    10786.2741 1.959958e-05
    10797.0658 1.968179e-05
    10807.8683 1.970145e-05
    10818.6816 1.947859e-05
    10829.5056 1.937960e-05
    10840.3406 1.956100e-05
    10851.1863 1.972291e-05
    10862.0429 1.955576e-05
    10872.9104 1.918986e-05
    10883.7888 1.914614e-05
    10894.6780 1.929518e-05
    10905.5781 1.945631e-05
    10916.4892 1.935646e-05
    10927.4111 1.901271e-05
    10938.3440 1.885206e-05
    10949.2878 1.876277e-05
    10960.2426 1.848497e-05
    10971.2083 1.815583e-05
    10982.1850 1.815297e-05
    10993.1727 1.824119e-05
    11004.1713 1.825562e-05
    11015.1810 1.819154e-05
    11026.2017 1.817186e-05
    11037.2334 1.817137e-05
    11048.2762 1.821823e-05
    11059.3300 1.823525e-05
    11070.3948 1.826591e-05
    11081.4708 1.829039e-05
    11092.5578 1.829042e-05
    11103.6559 1.828007e-05
    11114.7651 1.825461e-05
    11125.8854 1.818335e-05
    11137.0169 1.824949e-05
    11148.1595 1.827758e-05
    11159.3132 1.822445e-05
    11170.4781 1.828361e-05
    11181.6542 1.826445e-05
    11192.8414 1.808879e-05
    11204.0398 1.823995e-05
    11215.2495 1.836225e-05
    11226.4703 1.838160e-05
    11237.7024 1.830586e-05
    11248.9458 1.804517e-05
    11260.2003 1.800332e-05
    11271.4662 1.827286e-05
    11282.7433 1.820296e-05
    11294.0316 1.805890e-05
    11305.3313 1.802828e-05
    11316.6423 1.803549e-05
    11327.9646 1.803380e-05
    11339.2982 1.794314e-05
    11350.6432 1.802653e-05
    11361.9995 1.807501e-05
    11373.3672 1.789171e-05
    11384.7463 1.770853e-05
    11396.1367 1.767939e-05
    11407.5386 1.775008e-05
    11418.9518 1.788059e-05
    11430.3765 1.789261e-05
    11441.8126 1.795101e-05
    11453.2601 1.810977e-05
    11464.7191 1.814096e-05
    11476.1895 1.803523e-05
    11487.6715 1.793057e-05
    11499.1649 1.794749e-05
    11510.6698 1.801190e-05
    11522.1862 1.806354e-05
    11533.7142 1.808373e-05
    11545.2537 1.817355e-05
    11556.8047 1.817216e-05
    11568.3673 1.810132e-05
    11579.9414 1.799533e-05
    11591.5272 1.768384e-05
    11603.1245 1.741874e-05
    11614.7334 1.743580e-05
    11626.3540 1.769247e-05
    11637.9861 1.761192e-05
    11649.6299 1.772083e-05
    11661.2854 1.784699e-05
    11672.9525 1.781190e-05
    11684.6313 1.762380e-05
    11696.3218 1.754835e-05
    11708.0239 1.779688e-05
    11719.7378 1.790803e-05
    11731.4634 1.788007e-05
    11743.2007 1.787631e-05
    11754.9498 1.775157e-05
    11766.7107 1.752377e-05
    11778.4832 1.728517e-05
    11790.2676 1.738497e-05
    11802.0638 1.760678e-05
    11813.8718 1.759266e-05
    11825.6915 1.719521e-05
    11837.5231 1.715640e-05
    11849.3666 1.752540e-05
    11861.2219 1.765612e-05
    11873.0890 1.743144e-05
    11884.9681 1.694078e-05
    11896.8590 1.708451e-05
    11908.7618 1.744229e-05
    11920.6765 1.757245e-05
    11932.6031 1.758040e-05
    11944.5417 1.745741e-05
    11956.4922 1.729956e-05
    11968.4547 1.699113e-05
    11980.4291 1.668446e-05
    11992.4156 1.686505e-05
    12004.4140 1.718554e-05
    12016.4244 1.730377e-05
    12028.4468 1.712617e-05
    12040.4813 1.708433e-05
    12052.5278 1.727055e-05
    12064.5864 1.730353e-05
    12076.6570 1.716804e-05
    12088.7397 1.703673e-05
    12100.8345 1.703542e-05
    12112.9413 1.704022e-05
    12125.0603 1.718463e-05
    12137.1915 1.727443e-05
    12149.3347 1.731604e-05
    12161.4901 1.729743e-05
    12173.6577 1.723301e-05
    12185.8375 1.714988e-05
    12198.0294 1.712752e-05
    12210.2335 1.713424e-05
    12222.4499 1.709639e-05
    12234.6784 1.709239e-05
    12246.9192 1.708212e-05
    12259.1723 1.703233e-05
    12271.4376 1.691222e-05
    12283.7151 1.695215e-05
    12296.0050 1.700495e-05
    12308.3072 1.700873e-05
    12320.6216 1.695277e-05
    12332.9484 1.689705e-05
    12345.2875 1.684843e-05
    12357.6390 1.688418e-05
    12370.0028 1.692323e-05
    12382.3790 1.690219e-05
    12394.7676 1.678669e-05
    12407.1685 1.675875e-05
    12419.5819 1.661416e-05
    12432.0077 1.644454e-05
    12444.4459 1.659373e-05
    12456.8966 1.674421e-05
    12469.3597 1.674123e-05
    12481.8353 1.670911e-05
    12494.3234 1.671483e-05
    12506.8240 1.663285e-05
    12519.3371 1.642105e-05
    12531.8627 1.642047e-05
    12544.4008 1.655579e-05
    12556.9515 1.652710e-05
    12569.5147 1.647959e-05
    12582.0905 1.650929e-05
    12594.6789 1.649213e-05
    12607.2799 1.646350e-05
    12619.8934 1.646918e-05
    12632.5196 1.642329e-05
    12645.1585 1.635286e-05
    12657.8100 1.638937e-05
    12670.4741 1.633422e-05
    12683.1509 1.627638e-05
    12695.8404 1.638612e-05
    12708.5426 1.642973e-05
    12721.2575 1.642241e-05
    12733.9851 1.632571e-05
    12746.7255 1.627633e-05
    12759.4786 1.637269e-05
    12772.2444 1.641124e-05
    12785.0231 1.636250e-05
    12797.8145 1.622482e-05
    12810.6187 1.592864e-05
    12823.4357 1.560393e-05
    12836.2656 1.574792e-05
    12849.1083 1.601947e-05
    12861.9638 1.618068e-05
    12874.8322 1.614791e-05
    12887.7135 1.598925e-05
    12900.6076 1.575567e-05
    12913.5147 1.578788e-05
    12926.4347 1.585363e-05
    12939.3676 1.587961e-05
    12952.3134 1.604063e-05
    12965.2722 1.606963e-05
    12978.2440 1.594638e-05
    12991.2287 1.597162e-05
    13004.2264 1.592174e-05
    13017.2371 1.588753e-05
    13030.2609 1.589635e-05
    13043.2977 1.589852e-05
    13056.3475 1.594596e-05
    13069.4104 1.593294e-05
    13082.4863 1.587414e-05
    13095.5753 1.581316e-05
    13108.6775 1.571474e-05
    13121.7927 1.549376e-05
    13134.9211 1.548069e-05
    13148.0626 1.543958e-05
    13161.2172 1.556416e-05
    13174.3850 1.573742e-05
    13187.5660 1.575196e-05
    13200.7601 1.570420e-05
    13213.9675 1.566106e-05
    13227.1881 1.571214e-05
    13240.4219 1.574094e-05
    13253.6689 1.564504e-05
    13266.9292 1.554504e-05
    13280.2028 1.528580e-05
    13293.4896 1.503827e-05
    13306.7898 1.512733e-05
    13320.1032 1.500772e-05
    13333.4300 1.515472e-05
    13346.7701 1.506813e-05
    13360.1235 1.504818e-05
    13373.4903 1.497143e-05
    13386.8705 1.491019e-05
    13400.2641 1.492501e-05
    13413.6710 1.486674e-05
    13427.0914 1.485694e-05
    13440.5252 1.495901e-05
    13453.9725 1.497636e-05
    13467.4332 1.492167e-05
    13480.9073 1.492827e-05
    13494.3950 1.483174e-05
    13507.8961 1.476288e-05
    13521.4108 1.484916e-05
    13534.9390 1.484650e-05
    13548.4807 1.471982e-05
    13562.0359 1.463545e-05
    13575.6047 1.464443e-05
    13589.1871 1.457166e-05
    13602.7831 1.452904e-05
    13616.3927 1.457890e-05
    13630.0159 1.449993e-05
    13643.6528 1.449015e-05
    13657.3032 1.455595e-05
    13670.9674 1.452533e-05
    13684.6452 1.443932e-05
    13698.3367 1.444956e-05
    13712.0418 1.449747e-05
    13725.7607 1.451257e-05
    13739.4934 1.454910e-05
    13753.2397 1.457221e-05
    13766.9999 1.453492e-05
    13780.7737 1.448003e-05
    13794.5614 1.451160e-05
    13808.3629 1.456756e-05
    13822.1781 1.449903e-05
    13836.0072 1.440683e-05
    13849.8502 1.428843e-05
    13863.7069 1.424250e-05
    13877.5776 1.428556e-05
    13891.4621 1.422541e-05
    13905.3605 1.386510e-05
    13919.2728 1.365078e-05
    13933.1991 1.383601e-05
    13947.1392 1.395730e-05
    13961.0933 1.397683e-05
    13975.0614 1.396412e-05
    13989.0435 1.391708e-05
    14003.0395 1.380665e-05
    14017.0495 1.392823e-05
    14031.0736 1.404247e-05
    14045.1117 1.399228e-05
    14059.1638 1.388651e-05
    14073.2300 1.372047e-05
    14087.3103 1.372429e-05
    14101.4047 1.375619e-05
    14115.5131 1.360378e-05
    14129.6357 1.341969e-05
    14143.7724 1.350242e-05
    14157.9232 1.360352e-05
    14172.0882 1.355943e-05
    14186.2674 1.343310e-05
    14200.4608 1.347166e-05
    14214.6683 1.346882e-05
    14228.8901 1.337627e-05
    14243.1261 1.327862e-05
    14257.3764 1.326375e-05
    14271.6409 1.338605e-05
    14285.9197 1.340179e-05
    14300.2127 1.348039e-05
    14314.5201 1.351798e-05
    14328.8418 1.347354e-05
    14343.1778 1.340348e-05
    14357.5281 1.336765e-05
    14371.8928 1.342523e-05
    14386.2719 1.348034e-05
    14400.6654 1.329950e-05
    14415.0733 1.327479e-05
    14429.4955 1.332647e-05
    14443.9323 1.318052e-05
    14458.3834 1.330097e-05
    14472.8490 1.344799e-05
    14487.3291 1.355029e-05
    14501.8237 1.343501e-05
    14516.3328 1.331671e-05
    14530.8564 1.322881e-05
    14545.3945 1.315506e-05
    14559.9472 1.301604e-05
    14574.5144 1.324225e-05
    14589.0962 1.325942e-05
    14603.6926 1.271085e-05
    14618.3036 1.251042e-05
    14632.9292 1.283820e-05
    14647.5694 1.290545e-05
    14662.2243 1.280230e-05
    14676.8939 1.283073e-05
    14691.5781 1.283740e-05
    14706.2771 1.279675e-05
    14720.9907 1.295202e-05
    14735.7190 1.295264e-05
    14750.4621 1.288919e-05
    14765.2200 1.289378e-05
    14779.9926 1.302513e-05
    14794.7800 1.299689e-05
    14809.5821 1.304043e-05
    14824.3991 1.310054e-05
    14839.2309 1.314634e-05
    14854.0776 1.316037e-05
    14868.9391 1.298341e-05
    14883.8155 1.276169e-05
    14898.7067 1.299677e-05
    14913.6129 1.314338e-05
    14928.5340 1.321860e-05
    14943.4700 1.319519e-05
    14958.4209 1.326445e-05
    14973.3868 1.328934e-05
    14988.3677 1.324227e-05
    15003.3636 1.309338e-05
    15018.3744 1.267761e-05
    15033.4003 1.237435e-05
    15048.4412 1.238956e-05
    15063.4972 1.279839e-05
    15078.5682 1.312815e-05
    15093.6543 1.322335e-05
    15108.7555 1.315725e-05
    15123.8719 1.297532e-05
    15139.0033 1.290733e-05
    15154.1499 1.301118e-05
    15169.3116 1.300105e-05
    15184.4885 1.308164e-05
    15199.6806 1.317091e-05
    15214.8879 1.315343e-05
    15230.1104 1.316412e-05
    15245.3481 1.318472e-05
    15260.6011 1.308402e-05
    15275.8693 1.297849e-05
    15291.1528 1.297163e-05
    15306.4516 1.320012e-05
    15321.7657 1.327415e-05
    15337.0951 1.326899e-05
    15352.4399 1.329935e-05
    15367.8000 1.309621e-05
    15383.1755 1.276784e-05
    15398.5664 1.272123e-05
    15413.9727 1.285290e-05
    15429.3943 1.290861e-05
    15444.8315 1.332144e-05
    15460.2840 1.341150e-05
    15475.7520 1.334459e-05
    15491.2355 1.327132e-05
    15506.7345 1.310647e-05
    15522.2490 1.321870e-05
    15537.7790 1.297127e-05
    15553.3246 1.277957e-05
    15568.8857 1.265115e-05
    15584.4623 1.249932e-05
    15600.0546 1.257449e-05
    15615.6624 1.277733e-05
    15631.2859 1.283249e-05
    15646.9250 1.288499e-05
    15662.5798 1.298483e-05
    15678.2502 1.296140e-05
    15693.9363 1.292171e-05
    15709.6381 1.310893e-05
    15725.3556 1.307236e-05
    15741.0888 1.297635e-05
    15756.8377 1.253850e-05
    15772.6025 1.202215e-05
    15788.3830 1.218176e-05
    15804.1792 1.260790e-05
    15819.9913 1.259418e-05
    15835.8192 1.255629e-05
    15851.6630 1.281459e-05
    15867.5226 1.275630e-05
    15883.3980 1.210389e-05
    15899.2894 1.170196e-05
    15915.1966 1.220932e-05
    15931.1198 1.282085e-05
    15947.0588 1.315238e-05
    15963.0139 1.299092e-05
    15978.9849 1.258041e-05
    15994.9719 1.244004e-05
    16010.9748 1.245731e-05
    16026.9938 1.261360e-05
    16043.0288 1.267190e-05
    16059.0799 1.262828e-05
    16075.1470 1.261214e-05
    16091.2302 1.289107e-05
    16107.3294 1.296119e-05
    16123.4448 1.289206e-05
    16139.5763 1.299416e-05
    16155.7240 1.289606e-05
    16171.8878 1.271013e-05
    16188.0678 1.198029e-05
    16204.2639 1.159401e-05
    16220.4763 1.183234e-05
    16236.7049 1.208277e-05
    16252.9497 1.227700e-05
    16269.2108 1.280309e-05
    16285.4881 1.307618e-05
    16301.7818 1.295788e-05
    16318.0917 1.279887e-05
    16334.4180 1.285533e-05
    16350.7606 1.283961e-05
    16367.1195 1.273483e-05
    16383.4948 1.242448e-05
    16399.8865 1.187305e-05
    16416.2946 1.186874e-05
    16432.7191 1.205885e-05
    16449.1600 1.204607e-05
    16465.6174 1.230160e-05
    16482.0913 1.241335e-05
    16498.5816 1.257310e-05
    16515.0884 1.252597e-05
    16531.6118 1.223093e-05
    16548.1517 1.233897e-05
    16564.7081 1.254127e-05
    16581.2811 1.254869e-05
    16597.8707 1.243956e-05
    16614.4768 1.199372e-05
    16631.0996 1.183352e-05
    16647.7390 1.181479e-05
    16664.3951 1.180045e-05
    16681.0678 1.200599e-05
    16697.7572 1.212931e-05
    16714.4634 1.196312e-05
    16731.1862 1.194244e-05
    16747.9257 1.185667e-05
    16764.6820 1.195722e-05
    16781.4551 1.227759e-05
    16798.2449 1.221800e-05
    16815.0516 1.201051e-05
    16831.8751 1.177552e-05
    16848.7153 1.149959e-05
    16865.5725 1.129728e-05
    16882.4465 1.128659e-05
    16899.3374 1.139981e-05
    16916.2452 1.167561e-05
    16933.1699 1.177741e-05
    16950.1115 1.171182e-05
    16967.0701 1.172920e-05
    16984.0457 1.178301e-05
    17001.0382 1.154725e-05
    17018.0478 1.156219e-05
    17035.0743 1.171087e-05
    17052.1179 1.154286e-05
    17069.1786 1.121283e-05
    17086.2563 1.118043e-05
    17103.3511 1.090032e-05
    17120.4630 1.100012e-05
    17137.5920 1.136216e-05
    17154.7382 1.142355e-05
    17171.9015 1.129236e-05
    17189.0820 1.121435e-05
    17206.2797 1.108850e-05
    17223.4945 1.098432e-05
    17240.7267 1.102144e-05
    17257.9760 1.114989e-05
    17275.2426 1.112763e-05
    17292.5265 1.084966e-05
    17309.8277 1.054745e-05
    17327.1462 1.041472e-05
    17344.4820 1.042659e-05
    17361.8351 1.054634e-05
    17379.2056 1.062903e-05
    17396.5935 1.059877e-05
    17413.9988 1.054661e-05
    17431.4215 1.058076e-05
    17448.8617 1.067106e-05
    17466.3193 1.059945e-05
    17483.7943 1.061847e-05
    17501.2869 1.048333e-05
    17518.7969 1.037961e-05
    17536.3245 1.020993e-05
    17553.8696 1.019926e-05
    17571.4322 1.022871e-05
    17589.0124 1.017963e-05
    17606.6102 1.003337e-05
    17624.2257 1.000778e-05
    17641.8587 1.022104e-05
    17659.5094 1.029027e-05
    17677.1777 1.009906e-05
    17694.8637 9.991352e-06
    17712.5675 9.839609e-06
    17730.2889 9.835918e-06
    17748.0280 9.776772e-06
    17765.7849 9.708519e-06
    17783.5596 9.713924e-06
    17801.3521 9.753073e-06
    17819.1623 9.523239e-06
    17836.9904 9.439313e-06
    17854.8363 9.416283e-06
    17872.7001 9.623982e-06
    17890.5817 9.756130e-06
    17908.4813 9.571157e-06
    17926.3987 9.404581e-06
    17944.3341 9.343850e-06
    17962.2874 9.382100e-06
    17980.2586 9.348098e-06
    17998.2479 9.118875e-06
    18016.2551 8.925562e-06
    18034.2804 8.904381e-06
    18052.3237 8.999005e-06
    18070.3851 9.088895e-06
    18088.4645 9.118517e-06
    18106.5620 9.023949e-06
    18124.6776 9.056235e-06
    18142.8114 9.057593e-06
    18160.9632 9.041020e-06
    18179.1333 8.991155e-06
    18197.3215 9.006934e-06
    18215.5279 9.079149e-06
    18233.7526 9.142298e-06
    18251.9954 9.122678e-06
    18270.2566 8.901676e-06
    18288.5360 8.755156e-06
    18306.8336 8.864763e-06
    18325.1496 8.948461e-06
    18343.4840 8.852426e-06
    18361.8366 8.683979e-06
    18380.2076 8.661745e-06
    18398.5970 8.578967e-06
    18417.0048 8.424007e-06
    18435.4310 8.427824e-06
    18453.8757 8.477751e-06
    18472.3388 8.454624e-06
    18490.8204 8.506666e-06
    18509.3205 8.480400e-06
    18527.8390 8.342361e-06
    18546.3761 8.270928e-06
    18564.9318 8.278443e-06
    18583.5060 8.383818e-06
    18602.0988 8.473248e-06
    18620.7102 8.475489e-06
    18639.3402 8.392979e-06
    18657.9889 8.245732e-06
    18676.6562 8.234953e-06
    18695.3422 8.331147e-06
    18714.0469 8.267819e-06
    18732.7703 8.099774e-06
    18751.5125 7.998100e-06
    18770.2733 8.046415e-06
    18789.0530 8.188216e-06
    18807.8515 8.249293e-06
    18826.6687 8.161778e-06
    18845.5048 8.021366e-06
    18864.3597 7.984278e-06
    18883.2335 8.021600e-06
    18902.1262 7.913615e-06
    18921.0378 7.787447e-06
    18939.9683 7.856401e-06
    18958.9177 7.950950e-06
    18977.8861 8.006801e-06
    18996.8735 8.030321e-06
    19015.8799 8.007194e-06
    19034.9053 7.898740e-06
    19053.9497 7.829813e-06
    19073.0132 7.840711e-06
    19092.0957 7.808982e-06
    19111.1974 7.768914e-06
    19130.3181 7.797259e-06
    19149.4580 7.794713e-06
    19168.6171 7.757085e-06
    19187.7953 7.735051e-06
    19206.9927 7.710069e-06
    19226.2093 7.735581e-06
    19245.4451 7.719406e-06
    19264.7002 7.631873e-06
    19283.9745 7.554249e-06
    19303.2681 7.422601e-06
    19322.5810 7.351901e-06
    19341.9133 7.410993e-06
    19361.2649 7.495671e-06
    19380.6358 7.440694e-06
    19400.0261 7.326729e-06
    19419.4359 7.277856e-06
    19438.8650 7.076405e-06
    19458.3136 6.925314e-06
    19477.7817 7.011167e-06
    19497.2692 7.028471e-06
    19516.7762 7.022302e-06
    19536.3027 7.201593e-06
    19555.8488 7.247671e-06
    19575.4144 7.275126e-06
    19594.9996 7.146371e-06
    19614.6044 7.021249e-06
    19634.2289 6.920809e-06
    19653.8729 7.057265e-06
    19673.5366 7.142276e-06
    19693.2200 7.158729e-06
    19712.9231 6.983837e-06
    19732.6458 6.800161e-06
    19752.3884 6.701220e-06
    19772.1506 6.583196e-06
    19791.9327 6.581176e-06
    19811.7345 6.692503e-06
    19831.5561 6.766687e-06
    19851.3976 6.653424e-06
    19871.2589 6.602689e-06
    19891.1401 6.661172e-06
    19911.0412 6.609027e-06
    19930.9622 6.555644e-06
    19950.9032 6.551606e-06
    19970.8640 6.553165e-06
    19990.8449 6.611501e-06
    20010.8457 6.618264e-06
    20030.8666 6.605951e-06
    20050.9075 6.596195e-06
    20070.9684 6.618200e-06
    20091.0494 6.583488e-06
    20111.1505 6.581158e-06
    20131.2717 6.572682e-06
    20151.4131 6.535887e-06
    20171.5746 6.489925e-06
    20191.7562 6.409046e-06
    20211.9581 6.442099e-06
    20232.1801 6.455254e-06
    20252.4224 6.417801e-06
    20272.6850 6.360986e-06
    20292.9678 6.287505e-06
    20313.2709 6.386714e-06
    20333.5944 6.410672e-06
    20353.9381 6.360013e-06
    20374.3023 6.384342e-06
    20394.6868 6.354476e-06
    20415.0916 6.389724e-06
    20435.5169 6.337079e-06
    20455.9627 6.290328e-06
    20476.4289 6.289761e-06
    20496.9155 6.225742e-06
    20517.4227 6.181776e-06
    20537.9504 6.116125e-06
    20558.4986 6.123820e-06
    20579.0674 6.152726e-06
    20599.6568 6.130119e-06
    20620.2667 6.089355e-06
    20640.8973 6.044031e-06
    20661.5485 6.098482e-06
    20682.2204 6.064970e-06
    20702.9130 6.013142e-06
    20723.6262 5.956228e-06
    20744.3602 5.981360e-06
    20765.1150 6.055229e-06
    20785.8905 6.040667e-06
    20806.6868 5.963842e-06
    20827.5038 5.936800e-06
    20848.3418 5.909206e-06
    20869.2005 5.912933e-06
    20890.0802 5.918336e-06
    20910.9807 5.930164e-06
    20931.9021 5.893829e-06
    20952.8445 5.861160e-06
    20973.8078 5.868936e-06
    20994.7921 5.884107e-06
    21015.7974 5.864720e-06
    21036.8237 5.851820e-06
    21057.8711 5.783060e-06
    21078.9395 5.721038e-06
    21100.0290 5.752105e-06
    21121.1396 5.768763e-06
    21142.2713 5.747634e-06
    21163.4241 5.660356e-06
    21184.5981 5.640343e-06
    21205.7933 5.627762e-06
    21227.0097 5.658984e-06
    21248.2473 5.670434e-06
    21269.5062 5.632726e-06
    21290.7864 5.606951e-06
    21312.0878 5.613220e-06
    21333.4105 5.564127e-06
    21354.7546 5.523655e-06
    21376.1201 5.542283e-06
    21397.5069 5.545077e-06
    21418.9151 5.548348e-06
    21440.3447 5.543116e-06
    21461.7958 5.512163e-06
    21483.2683 5.489994e-06
    21504.7623 5.484301e-06
    21526.2778 5.459237e-06
    21547.8149 5.425194e-06
    21569.3735 5.405309e-06
    21590.9536 5.397867e-06
    21612.5554 5.391770e-06
    21634.1787 5.341779e-06
    21655.8237 5.300061e-06
    21677.4904 5.304833e-06
    21699.1787 5.344093e-06
    21720.8888 5.342003e-06
    21742.6205 5.314598e-06
    21764.3740 5.240875e-06
    21786.1493 5.169883e-06
    21807.9463 5.176037e-06
    21829.7652 5.170385e-06
    21851.6059 5.172081e-06
    21873.4684 5.139005e-06
    21895.3528 5.121763e-06
    21917.2591 5.177197e-06
    21939.1873 5.177954e-06
    21961.1375 5.159310e-06
    21983.1096 5.122407e-06
    22005.1037 5.061749e-06
    22027.1198 5.039895e-06
    22049.1580 4.963126e-06
    22071.2181 4.877107e-06
    22093.3004 4.942712e-06
    22115.4048 5.039912e-06
    22137.5312 5.052088e-06
    22159.6798 5.048508e-06
    22181.8506 5.029561e-06
    22204.0435 4.964772e-06
    22226.2587 4.932634e-06
    22248.4961 4.889526e-06
    22270.7557 4.813125e-06
    22293.0376 4.851422e-06
    22315.3418 4.885327e-06
    22337.6683 4.886829e-06
    22360.0171 4.848512e-06
    22382.3883 4.769942e-06
    22404.7819 4.747689e-06
    22427.1979 4.765485e-06
    22449.6363 4.783329e-06
    22472.0972 4.765295e-06
    22494.5805 4.744303e-06
    22517.0863 4.739852e-06
    22539.6147 4.715334e-06
    22562.1656 4.701997e-06
    22584.7390 4.680120e-06
    22607.3351 4.583541e-06
    22629.9537 4.468344e-06
    22652.5950 4.486460e-06
    22675.2589 4.562871e-06
    22697.9455 4.591648e-06
    22720.6548 4.597096e-06
    22743.3868 4.597060e-06
    22766.1416 4.584860e-06
    22788.9191 4.536632e-06
    22811.7194 4.489683e-06
    22834.5425 4.468676e-06
    22857.3885 4.479029e-06
    22880.2573 4.482307e-06
    22903.1490 4.415815e-06
    22926.0636 4.028968e-06
    22949.0012 3.624924e-06
    22971.9616 3.716582e-06
    22994.9451 3.921890e-06
    23017.9515 4.060896e-06
    23040.9810 4.069123e-06
    23064.0335 4.037211e-06
    23087.1091 4.044039e-06
    23110.2077 4.059662e-06
    23133.3295 4.053339e-06
    23156.4744 4.034777e-06
    23179.6425 4.013464e-06
    23202.8337 3.897673e-06
    23226.0481 3.474591e-06
    23249.2858 3.374190e-06
    23272.5467 3.529442e-06
    23295.8309 3.630997e-06
    23319.1384 3.724173e-06
    23342.4692 3.768793e-06
    23365.8233 3.759273e-06
    23389.2008 3.728236e-06
    23412.6017 3.735664e-06
    23436.0261 3.671963e-06
    23459.4738 3.609248e-06
    23482.9450 3.612567e-06
    23506.4397 3.420607e-06
    23529.9579 3.096084e-06
    23553.4996 3.101979e-06
    23577.0649 3.252542e-06
    23600.6538 3.354617e-06
    23624.2662 3.398459e-06
    23647.9023 3.443523e-06
    23671.5620 3.484510e-06
    23695.2454 3.497845e-06
    23718.9525 3.434903e-06
    23742.6833 3.351454e-06
    23766.4379 3.364977e-06
    23790.2162 3.342993e-06
    23814.0183 3.176314e-06
    23837.8443 2.921774e-06
    23861.6940 2.950293e-06
    23885.5677 3.098655e-06
    23909.4652 3.150210e-06
    23933.3866 3.201445e-06
    23957.3320 3.233002e-06
    23981.3013 3.274577e-06
    24000.0000 3.234112e-06
    24241.2040 3.067191e-06
    24484.8322 2.836934e-06
    24730.9088 2.669741e-06
    24979.4586 2.633060e-06
    25230.5063 2.559035e-06
    25484.0771 2.519488e-06
    25740.1964 2.507144e-06
    25998.8896 2.507689e-06
    26260.1828 2.414332e-06
    26524.1020 2.324229e-06
    26790.6737 2.274867e-06
    27059.9244 2.230275e-06
    27331.8812 2.147977e-06
    27606.5712 2.072453e-06
    27884.0218 1.977634e-06
    28164.2609 1.916264e-06
    28447.3164 1.889886e-06
    28733.2167 1.839073e-06
    29021.9903 1.790905e-06
    29313.6662 1.734226e-06
    29608.2734 1.668490e-06
    29905.8415 1.613695e-06
    30206.4002 1.572369e-06
    30509.9796 1.531506e-06
    30816.6100 1.482841e-06
    31126.3221 1.434928e-06
    31439.1468 1.393089e-06
    31755.1155 1.352442e-06
    32074.2597 1.312512e-06
    32396.6114 1.275880e-06
    32722.2027 1.236801e-06
    33051.0663 1.197016e-06
    33383.2351 1.157807e-06
    33718.7422 1.120219e-06
    34057.6212 1.087137e-06
    34399.9059 1.055272e-06
    34745.6308 1.021007e-06
    35094.8301 9.884808e-07
    35447.5391 9.567518e-07
    35803.7927 9.238295e-07
    36163.6268 8.914198e-07
    36527.0773 8.597659e-07
    36894.1806 8.338042e-07
    37264.9732 8.105000e-07
    37639.4925 7.855486e-07
    38017.7756 7.597763e-07
    38399.8606 7.326797e-07
    38785.7857 7.044883e-07
    39175.5893 6.785373e-07
    39569.3105 6.530367e-07
    39966.9887 6.230383e-07
    40368.6636 5.899655e-07
    40774.3754 5.605586e-07
    41184.1647 5.346395e-07
    41598.0724 5.109519e-07
    42016.1400 4.896579e-07
    42438.4092 4.663928e-07
    42864.9223 4.378323e-07
    43295.7220 4.063926e-07
    43730.8512 3.789875e-07
    44170.3536 3.562102e-07
    44614.2730 3.332896e-07
    45062.6539 3.151579e-07
    45515.5411 3.029419e-07
    45972.9799 2.929243e-07
    46435.0160 2.840447e-07
    46901.6957 2.716114e-07
    47373.0656 2.617871e-07
    47849.1728 2.598002e-07
    48330.0650 2.534819e-07
    48815.7902 2.428683e-07
    49306.3971 2.338739e-07
    49801.9346 2.268380e-07
    50302.4523 2.223998e-07
    50808.0004 2.160535e-07
    51318.6293 2.088577e-07
    51834.3901 2.028568e-07
    52355.3344 1.953064e-07
    52881.5142 1.884169e-07
    53412.9823 1.816436e-07
    53949.7917 1.770564e-07
    54491.9961 1.730227e-07
    55039.6498 1.678986e-07
    55592.8074 1.636051e-07
    56151.5244 1.610839e-07
    56715.8566 1.570559e-07
    57285.8605 1.522263e-07
    57861.5930 1.469297e-07
    58443.1116 1.421456e-07
    59030.4747 1.387376e-07
    59623.7408 1.350921e-07
    60222.9694 1.303929e-07
    60828.2203 1.257382e-07
    61439.5540 1.216532e-07
    62057.0318 1.174544e-07
    62680.7154 1.134267e-07
    63310.6670 1.095860e-07
    63946.9498 1.052757e-07
    64589.6273 1.006721e-07
    65238.7639 9.632759e-08
    65894.4244 9.244888e-08
    66556.6743 8.897380e-08
    67225.5800 8.571986e-08
    67901.2083 8.229061e-08
    68583.6268 7.930482e-08
    69272.9037 7.673550e-08
    69969.1080 7.434940e-08
    70672.3092 7.189031e-08
    71382.5777 6.936129e-08
    72099.9846 6.703008e-08
    72824.6015 6.475901e-08
    73556.5009 6.250000e-08
    74295.7560 6.033503e-08
    75042.4408 5.809116e-08
    75796.6298 5.553248e-08
    76558.3986 5.275427e-08
    77327.8233 5.036362e-08
    78104.9809 4.855842e-08
    78889.9490 4.681893e-08
    79682.8061 4.507244e-08
    80483.6317 4.333706e-08
    81292.5056 4.211557e-08
    82109.5089 4.094817e-08
    82934.7232 3.981264e-08
    83768.2310 3.877026e-08
    84610.1157 3.773514e-08
    85460.4615 3.699225e-08
    86319.3534 3.633197e-08
    87186.8773 3.558174e-08
    88063.1200 3.496923e-08
    88948.1691 3.452035e-08
    89842.1131 3.400662e-08
    90745.0413 3.329774e-08
    91657.0441 3.255232e-08
    92578.2127 3.197023e-08
    93508.6392 3.130483e-08
    94448.4167 3.062496e-08
    95397.6391 2.991649e-08
    96356.4013 2.918848e-08
    97324.7992 2.849333e-08
    98302.9297 2.781989e-08
    99290.8906 2.711799e-08
   100288.7806 2.653474e-08
   101296.6996 2.584434e-08
   102314.7484 2.512142e-08
   103343.0287 2.444819e-08
   104381.6434 2.377029e-08
   105430.6963 2.307095e-08
   106490.2925 2.241201e-08
   107560.5377 2.175454e-08
   108641.5391 2.110832e-08
   109733.4047 2.043921e-08
   110836.2437 1.977923e-08
   111950.1665 1.910584e-08
   113075.2844 1.847814e-08
   114211.7099 1.782130e-08
   115359.5567 1.716128e-08
   116518.9395 1.647745e-08
   117689.9743 1.574279e-08
   118872.7782 1.498956e-08
