# An Atlas of Galaxy Spectral Energy Distributions from the Ultraviolet to the Mid-Infrared
# Brown et al. (2014)
# http://dx.doi.org/10.5072/03/529D3551F0117
# 
# Column 1 : Restframe Wavelength (Angstrom)
# Column 2 : Flux per unit wavelength (ergs/s/cm^2/Angstrom)
# Column 3 : Observed wavelength (Angstrom)
# Column 4 : Source (0 = model, 1 = Optical Spectrum, 2 = Akari, 3 = Spitzer IRS)
# 
# CONVERTED air -> vacuum (Morton 2000/SDSS) above 2000 A by sedfit; wavelengths below are unchanged (already vacuum by convention).
    100.040000 5.214700e-30 1.011600e+02 0.000000e+00
    101.900000 9.445600e-30 1.030400e+02 0.000000e+00
    104.030000 1.672000e-29 1.052000e+02 0.000000e+00
    105.970000 2.898900e-29 1.071500e+02 0.000000e+00
    107.940000 4.934300e-29 1.091400e+02 0.000000e+00
    109.950000 8.322000e-29 1.111700e+02 0.000000e+00
    114.070000 2.204100e-28 1.153500e+02 0.000000e+00
    118.080000 5.447900e-28 1.194000e+02 0.000000e+00
    121.110000 1.067200e-27 1.224600e+02 0.000000e+00
    125.080000 2.400100e-27 1.264700e+02 0.000000e+00
    127.110000 3.533700e-27 1.285300e+02 0.000000e+00
    127.990000 4.277900e-27 1.294200e+02 0.000000e+00
    130.970000 7.400000e-27 1.324300e+02 0.000000e+00
    131.880000 8.876200e-27 1.333500e+02 0.000000e+00
    134.020000 1.256700e-26 1.355200e+02 0.000000e+00
    137.140000 2.080800e-26 1.386800e+02 0.000000e+00
    140.020000 3.374600e-26 1.415800e+02 0.000000e+00
    142.950000 5.410400e-26 1.445400e+02 0.000000e+00
    146.950000 9.822700e-26 1.485900e+02 0.000000e+00
    151.070000 1.718800e-25 1.527600e+02 0.000000e+00
    154.950000 2.919000e-25 1.566800e+02 0.000000e+00
    158.920000 4.822000e-25 1.606900e+02 0.000000e+00
    161.870000 6.922000e-25 1.636800e+02 0.000000e+00
    166.030000 1.099600e-24 1.678800e+02 0.000000e+00
    169.890000 1.710900e-24 1.717900e+02 0.000000e+00
    173.050000 2.345500e-24 1.749800e+02 0.000000e+00
    177.080000 3.525600e-24 1.790600e+02 0.000000e+00
    179.960000 4.723100e-24 1.819700e+02 0.000000e+00
    182.040000 5.717800e-24 1.840800e+02 0.000000e+00
    185.860000 8.264700e-24 1.879300e+02 0.000000e+00
    191.060000 1.280100e-23 1.932000e+02 0.000000e+00
    194.170000 1.649000e-23 1.963400e+02 0.000000e+00
    197.780000 2.281500e-23 1.999900e+02 0.000000e+00
    201.920000 3.120500e-23 2.041700e+02 0.000000e+00
    205.200000 3.910500e-23 2.074900e+02 0.000000e+00
    209.980000 5.613400e-23 2.123200e+02 0.000000e+00
    215.860000 8.496300e-23 2.182700e+02 0.000000e+00
    219.880000 1.104700e-22 2.223300e+02 0.000000e+00
    222.940000 1.334200e-22 2.254200e+02 0.000000e+00
    227.080000 1.707000e-22 2.296100e+02 0.000000e+00
    230.240000 1.641500e-21 2.328100e+02 0.000000e+00
    233.980000 1.991700e-21 2.365900e+02 0.000000e+00
    239.980000 2.601500e-21 2.426600e+02 0.000000e+00
    246.140000 3.328300e-21 2.488900e+02 0.000000e+00
    251.870000 4.228900e-21 2.546800e+02 0.000000e+00
    257.150000 4.900400e-21 2.600200e+02 0.000000e+00
    260.120000 5.613400e-21 2.630300e+02 0.000000e+00
    263.740000 6.534700e-21 2.666900e+02 0.000000e+00
    269.260000 7.713100e-21 2.722700e+02 0.000000e+00
    274.270000 9.062100e-21 2.773300e+02 0.000000e+00
    278.730000 1.045300e-20 2.818400e+02 0.000000e+00
    283.910000 1.222400e-20 2.870800e+02 0.000000e+00
    289.850000 1.442900e-20 2.930900e+02 0.000000e+00
    295.920000 1.679700e-20 2.992300e+02 0.000000e+00
    300.730000 1.829100e-20 3.040900e+02 0.000000e+00
    307.740000 2.204100e-20 3.111700e+02 0.000000e+00
    317.820000 2.872300e-20 3.213700e+02 0.000000e+00
    328.230000 3.582900e-20 3.318900e+02 0.000000e+00
    338.200000 4.387600e-20 3.419800e+02 0.000000e+00
    347.680000 5.299400e-20 3.515600e+02 0.000000e+00
    356.600000 6.298400e-20 3.605800e+02 0.000000e+00
    365.750000 7.434100e-20 3.698300e+02 0.000000e+00
    375.130000 8.594700e-20 3.793100e+02 0.000000e+00
    384.750000 9.913500e-20 3.890500e+02 0.000000e+00
    394.620000 1.164700e-19 3.990200e+02 0.000000e+00
    404.740000 1.346600e-19 4.092600e+02 0.000000e+00
    414.170000 1.517800e-19 4.187900e+02 0.000000e+00
    421.870000 1.672000e-19 4.265800e+02 0.000000e+00
    429.710000 1.837500e-19 4.345100e+02 0.000000e+00
    440.740000 2.104900e-19 4.456600e+02 0.000000e+00
    451.000000 2.350900e-19 4.560400e+02 0.000000e+00
    460.450000 2.571800e-19 4.655900e+02 0.000000e+00
    470.090000 2.846000e-19 4.753400e+02 0.000000e+00
    479.930000 3.142200e-19 4.852900e+02 0.000000e+00
    489.980000 3.421600e-19 4.954500e+02 0.000000e+00
    500.240000 3.760400e-19 5.058200e+02 0.000000e+00
    506.030000 4.029300e-19 5.116800e+02 0.000000e+00
    511.890000 4.489800e-19 5.176100e+02 0.000000e+00
    520.210000 4.766800e-19 5.260200e+02 0.000000e+00
    529.880000 5.131300e-19 5.358000e+02 0.000000e+00
    539.730000 5.435400e-19 5.457600e+02 0.000000e+00
    549.770000 5.824100e-19 5.559000e+02 0.000000e+00
    559.990000 6.400700e-19 5.662400e+02 0.000000e+00
    570.400000 6.858500e-19 5.767700e+02 0.000000e+00
    579.670000 7.264900e-19 5.861400e+02 0.000000e+00
    590.440000 7.766600e-19 5.970400e+02 0.000000e+00
    600.040000 8.151300e-19 6.067400e+02 0.000000e+00
    609.790000 8.555200e-19 6.165900e+02 0.000000e+00
    619.700000 9.230600e-19 6.266100e+02 0.000000e+00
    629.760000 9.687900e-19 6.368000e+02 0.000000e+00
    640.000000 1.026200e-18 6.471400e+02 0.000000e+00
    650.400000 1.072100e-18 6.576600e+02 0.000000e+00
    657.930000 1.104700e-18 6.652700e+02 0.000000e+00
    665.550000 1.154100e-18 6.729800e+02 0.000000e+00
    674.810000 1.211200e-18 6.823400e+02 0.000000e+00
    685.770000 1.248000e-18 6.934300e+02 0.000000e+00
    695.310000 1.315900e-18 7.030700e+02 0.000000e+00
    704.980000 1.349700e-18 7.128500e+02 0.000000e+00
    716.440000 1.436200e-18 7.244400e+02 0.000000e+00
    726.400000 1.493600e-18 7.345100e+02 0.000000e+00
    734.820000 1.542500e-18 7.430200e+02 0.000000e+00
    745.040000 1.593000e-18 7.533600e+02 0.000000e+00
    755.400000 1.645200e-18 7.638400e+02 0.000000e+00
    764.150000 1.687400e-18 7.726800e+02 0.000000e+00
    774.780000 1.754800e-18 7.834300e+02 0.000000e+00
    785.560000 1.808100e-18 7.943300e+02 0.000000e+00
    794.650000 1.867400e-18 8.035300e+02 0.000000e+00
    805.710000 1.928500e-18 8.147000e+02 0.000000e+00
    815.040000 1.987100e-18 8.241400e+02 0.000000e+00
    824.480000 2.047500e-18 8.336800e+02 0.000000e+00
    835.950000 2.057000e-18 8.452800e+02 0.000000e+00
    845.630000 2.158900e-18 8.550700e+02 0.000000e+00
    855.420000 2.209200e-18 8.649700e+02 0.000000e+00
    865.320000 2.276300e-18 8.749800e+02 0.000000e+00
    875.340000 2.334700e-18 8.851200e+02 0.000000e+00
    885.480000 2.389100e-18 8.953600e+02 0.000000e+00
    895.730000 2.444700e-18 9.057300e+02 0.000000e+00
    904.020000 2.490200e-18 9.141100e+02 0.000000e+00
    914.490000 3.042500e-18 9.247000e+02 0.000000e+00
    925.080000 4.605000e-18 9.354100e+02 0.000000e+00
    935.790000 6.197700e-18 9.462400e+02 0.000000e+00
    944.450000 8.515900e-18 9.549900e+02 0.000000e+00
    955.380000 9.665600e-18 9.660500e+02 0.000000e+00
    964.230000 1.120000e-17 9.749900e+02 0.000000e+00
    975.390000 7.502900e-18 9.862800e+02 0.000000e+00
    984.420000 1.197400e-17 9.954100e+02 0.000000e+00
    995.810000 1.183700e-17 1.006930e+03 0.000000e+00
   1005.030000 1.286000e-17 1.016250e+03 0.000000e+00
   1014.330000 1.274200e-17 1.025650e+03 0.000000e+00
   1026.070000 8.958400e-18 1.037530e+03 0.000000e+00
   1035.570000 1.259600e-17 1.047130e+03 0.000000e+00
   1045.150000 1.473100e-17 1.056820e+03 0.000000e+00
   1054.820000 1.497000e-17 1.066600e+03 0.000000e+00
   1064.580000 1.459600e-17 1.076470e+03 0.000000e+00
   1074.430000 1.542500e-17 1.086430e+03 0.000000e+00
   1084.370000 1.483300e-17 1.096480e+03 0.000000e+00
   1094.410000 1.622700e-17 1.106620e+03 0.000000e+00
   1104.530000 1.622700e-17 1.116860e+03 0.000000e+00
   1114.750000 1.656600e-17 1.127200e+03 0.000000e+00
   1125.070000 1.630200e-17 1.137630e+03 0.000000e+00
   1135.480000 1.730700e-17 1.148150e+03 0.000000e+00
   1145.980000 1.726700e-17 1.158780e+03 0.000000e+00
   1153.930000 1.775100e-17 1.166810e+03 0.000000e+00
   1164.600000 1.820700e-17 1.177610e+03 0.000000e+00
   1175.380000 1.675800e-17 1.188500e+03 0.000000e+00
   1186.260000 1.858800e-17 1.199500e+03 0.000000e+00
   1194.480000 1.804000e-17 1.207810e+03 0.000000e+00
   1205.530000 1.707000e-17 1.218990e+03 0.000000e+00
   1213.890000 1.239400e-17 1.227440e+03 0.000000e+00
   1225.120000 1.820700e-17 1.238800e+03 0.000000e+00
   1233.610000 2.019400e-17 1.247380e+03 0.000000e+00
   1245.030000 2.100000e-17 1.258930e+03 0.000000e+00
   1253.660000 2.158900e-17 1.267650e+03 0.000000e+00
   1265.260000 2.194000e-17 1.279380e+03 0.000000e+00
   1274.030000 2.292100e-17 1.288250e+03 0.000000e+00
   1285.810000 2.361700e-17 1.300170e+03 0.000000e+00
   1294.730000 2.345500e-17 1.309180e+03 0.000000e+00
   1303.700000 2.411200e-17 1.318260e+03 0.000000e+00
   1315.770000 2.548200e-17 1.330450e+03 0.000000e+00
   1324.890000 2.589600e-17 1.339680e+03 0.000000e+00
   1334.070000 2.619600e-17 1.348960e+03 0.000000e+00
   1346.410000 2.755700e-17 1.361440e+03 0.000000e+00
   1355.750000 2.832900e-17 1.370880e+03 0.000000e+00
   1365.140000 2.885600e-17 1.380380e+03 0.000000e+00
   1374.610000 2.973200e-17 1.389950e+03 0.000000e+00
   1384.130000 3.084800e-17 1.399590e+03 0.000000e+00
   1393.730000 3.028500e-17 1.409290e+03 0.000000e+00
   1403.390000 3.099100e-17 1.419060e+03 0.000000e+00
   1416.380000 3.390200e-17 1.432190e+03 0.000000e+00
   1426.190000 3.477200e-17 1.442120e+03 0.000000e+00
   1436.080000 3.616000e-17 1.452110e+03 0.000000e+00
   1442.710000 3.725900e-17 1.458810e+03 0.000000e+00
   1446.030000 3.786400e-17 1.462180e+03 0.000000e+00
   1456.060000 3.892500e-17 1.472310e+03 0.000000e+00
   1466.150000 4.001600e-17 1.482520e+03 0.000000e+00
   1476.310000 4.151700e-17 1.492790e+03 0.000000e+00
   1486.550000 4.327400e-17 1.503140e+03 0.000000e+00
   1493.410000 4.479500e-17 1.510080e+03 0.000000e+00
   1503.760000 4.647600e-17 1.520550e+03 0.000000e+00
   1510.700000 4.734000e-17 1.527570e+03 0.000000e+00
   1517.670000 4.833100e-17 1.534620e+03 0.000000e+00
   1524.680000 4.991500e-17 1.541700e+03 0.000000e+00
   1535.250000 5.119500e-17 1.552390e+03 0.000000e+00
   1545.890000 5.226700e-17 1.563150e+03 0.000000e+00
   1556.600000 5.523700e-17 1.573980e+03 0.000000e+00
   1563.790000 5.864500e-17 1.581250e+03 0.000000e+00
   1574.630000 6.386000e-17 1.592210e+03 0.000000e+00
   1585.540000 6.937900e-17 1.603250e+03 0.000000e+00
   1596.530000 7.332100e-17 1.614360e+03 0.000000e+00
   1603.900000 7.349000e-17 1.621810e+03 0.000000e+00
   1615.020000 7.929200e-17 1.633050e+03 0.000000e+00
   1626.220000 8.226800e-17 1.644370e+03 0.000000e+00
   1633.720000 8.594700e-17 1.651960e+03 0.000000e+00
   1645.050000 9.511100e-17 1.663410e+03 0.000000e+00
   1656.450000 9.273200e-17 1.674940e+03 0.000000e+00
   1664.100000 1.112300e-16 1.682670e+03 0.000000e+00
   1671.780000 1.050100e-16 1.690440e+03 0.000000e+00
   1675.630000 1.245200e-16 1.694340e+03 0.000000e+00
   1683.370000 1.319000e-16 1.702160e+03 0.000000e+00
   1695.030000 1.334200e-16 1.713960e+03 0.000000e+00
   1706.780000 1.423100e-16 1.725840e+03 0.000000e+00
   1714.660000 1.542500e-16 1.733800e+03 0.000000e+00
   1726.550000 1.618900e-16 1.745820e+03 0.000000e+00
   1734.520000 1.762900e-16 1.753880e+03 0.000000e+00
   1746.540000 1.808100e-16 1.766040e+03 0.000000e+00
   1754.600000 1.955400e-16 1.774190e+03 0.000000e+00
   1766.760000 1.854500e-16 1.786490e+03 0.000000e+00
   1774.920000 2.033400e-16 1.794730e+03 0.000000e+00
   1783.110000 2.153900e-16 1.803020e+03 0.000000e+00
   1795.470000 2.334700e-16 1.815520e+03 0.000000e+00
   1803.760000 2.583600e-16 1.823900e+03 0.000000e+00
   1816.260000 2.686800e-16 1.836540e+03 0.000000e+00
   1824.650000 2.656000e-16 1.845020e+03 0.000000e+00
   1833.070000 2.794000e-16 1.853530e+03 0.000000e+00
   1845.770000 2.625600e-16 1.866380e+03 0.000000e+00
   1854.290000 2.839400e-16 1.874990e+03 0.000000e+00
   1867.150000 3.070600e-16 1.887990e+03 0.000000e+00
   1875.770000 3.142200e-16 1.896710e+03 0.000000e+00
   1884.420000 3.237600e-16 1.905460e+03 0.000000e+00
   1893.120000 3.413700e-16 1.914260e+03 0.000000e+00
   1906.240000 3.445300e-16 1.927530e+03 0.000000e+00
   1915.040000 3.657900e-16 1.936420e+03 0.000000e+00
   1923.880000 3.760400e-16 1.945360e+03 0.000000e+00
   1937.220000 3.591100e-16 1.958840e+03 0.000000e+00
   1946.160000 4.085300e-16 1.967890e+03 0.000000e+00
   1955.140000 4.199800e-16 1.976970e+03 0.000000e+00
   1968.690000 4.520900e-16 1.990670e+03 0.000000e+00
   1977.780000 4.541800e-16 1.999860e+03 0.000000e+00
   1982.340000 4.605000e-16 2.004470e+03 0.000000e+00
   1996.080000 4.690600e-16 2.018370e+03 0.000000e+00
   2005.949011 4.658300e-16 2.027680e+03 0.000000e+00
   2015.200642 4.877900e-16 2.037040e+03 0.000000e+00
   2024.502305 4.701400e-16 2.046450e+03 0.000000e+00
   2033.843996 5.202700e-16 2.055890e+03 0.000000e+00
   2047.946586 5.523700e-16 2.070140e+03 0.000000e+00
   2057.398346 5.250800e-16 2.079700e+03 0.000000e+00
   2066.890132 5.422900e-16 2.089300e+03 0.000000e+00
   2076.431946 6.126700e-16 2.098940e+03 0.000000e+00
   2086.013784 6.356700e-16 2.108630e+03 0.000000e+00
   2095.635646 6.356700e-16 2.118360e+03 0.000000e+00
   2105.307535 6.356700e-16 2.128140e+03 0.000000e+00
   2115.029448 6.687000e-16 2.137960e+03 0.000000e+00
   2124.791385 6.748800e-16 2.147830e+03 0.000000e+00
   2134.593345 6.564900e-16 2.157740e+03 0.000000e+00
   2144.445328 7.115900e-16 2.167700e+03 0.000000e+00
   2154.347336 7.214900e-16 2.177710e+03 0.000000e+00
   2164.289365 7.066900e-16 2.187760e+03 0.000000e+00
   2174.271415 7.248200e-16 2.197860e+03 0.000000e+00
   2184.313491 7.642400e-16 2.208010e+03 0.000000e+00
   2194.395587 8.207800e-16 2.218200e+03 0.000000e+00
   2204.517704 8.151300e-16 2.228440e+03 0.000000e+00
   2214.689843 7.892800e-16 2.238720e+03 0.000000e+00
   2224.912004 8.283800e-16 2.249050e+03 0.000000e+00
   2235.184187 9.062100e-16 2.259440e+03 0.000000e+00
   2245.496390 8.855800e-16 2.269860e+03 0.000000e+00
   2255.868616 8.555200e-16 2.280340e+03 0.000000e+00
   2266.270858 8.574900e-16 2.290870e+03 0.000000e+00
   2276.733125 9.084100e-16 2.301440e+03 0.000000e+00
   2287.245412 9.564900e-16 2.312070e+03 0.000000e+00
   2297.797717 9.266600e-16 2.322740e+03 0.000000e+00
   2303.098879 9.840300e-16 2.328090e+03 0.000000e+00
   2313.721214 1.002700e-15 2.338840e+03 0.000000e+00
   2324.403572 9.470200e-16 2.349630e+03 0.000000e+00
   2335.135950 9.762000e-16 2.360480e+03 0.000000e+00
   2345.908346 9.072200e-16 2.371370e+03 0.000000e+00
   2356.740764 1.068800e-15 2.382320e+03 0.000000e+00
   2367.613199 9.684400e-16 2.393320e+03 0.000000e+00
   2373.074426 1.054800e-15 2.398830e+03 0.000000e+00
   2384.026892 9.254200e-16 2.409910e+03 0.000000e+00
   2395.029377 1.017500e-15 2.421030e+03 0.000000e+00
   2406.081882 1.024900e-15 2.432200e+03 0.000000e+00
   2417.184406 1.059000e-15 2.443430e+03 0.000000e+00
   2428.346952 1.205200e-15 2.454710e+03 0.000000e+00
   2433.938230 1.205400e-15 2.460370e+03 0.000000e+00
   2445.170803 1.271500e-15 2.471720e+03 0.000000e+00
   2456.463397 1.286800e-15 2.483130e+03 0.000000e+00
   2467.796008 1.305200e-15 2.494600e+03 0.000000e+00
   2473.487322 1.264100e-15 2.500350e+03 0.000000e+00
   2484.899962 1.218900e-15 2.511890e+03 0.000000e+00
   2496.372623 1.230700e-15 2.523480e+03 0.000000e+00
   2507.895302 1.403900e-15 2.535130e+03 0.000000e+00
   2513.676649 1.237100e-15 2.540970e+03 0.000000e+00
   2519.468000 1.179000e-15 2.546830e+03 0.000000e+00
   2525.279357 1.184700e-15 2.552700e+03 0.000000e+00
   2536.932083 1.269900e-15 2.564480e+03 0.000000e+00
   2548.644830 1.309100e-15 2.576320e+03 0.000000e+00
   2554.516210 1.435700e-15 2.582260e+03 0.000000e+00
   2566.308985 1.423100e-15 2.594180e+03 0.000000e+00
   2578.151779 1.529100e-15 2.606150e+03 0.000000e+00
   2584.093183 1.532900e-15 2.612160e+03 0.000000e+00
   2596.016004 1.523000e-15 2.624220e+03 0.000000e+00
   2607.998846 1.492400e-15 2.636330e+03 0.000000e+00
   2614.010274 1.455400e-15 2.642410e+03 0.000000e+00
   2626.083146 1.607500e-15 2.654610e+03 0.000000e+00
   2638.206036 1.723200e-15 2.666860e+03 0.000000e+00
   2644.277486 1.933900e-15 2.673010e+03 0.000000e+00
   2656.490406 2.030600e-15 2.685340e+03 0.000000e+00
   2668.743341 1.904600e-15 2.697740e+03 0.000000e+00
   2674.894817 2.004000e-15 2.703960e+03 0.000000e+00
   2687.247785 2.080100e-15 2.716440e+03 0.000000e+00
   2693.439274 1.950700e-15 2.722700e+03 0.000000e+00
   2705.872269 2.038800e-15 2.735270e+03 0.000000e+00
   2718.355282 1.916700e-15 2.747890e+03 0.000000e+00
   2724.626797 1.930400e-15 2.754230e+03 0.000000e+00
   2737.199839 2.031600e-15 2.766940e+03 0.000000e+00
   2743.511368 1.798600e-15 2.773320e+03 0.000000e+00
   2756.174440 1.932500e-15 2.786120e+03 0.000000e+00
   2768.897531 2.095600e-15 2.798980e+03 0.000000e+00
   2775.279083 2.194800e-15 2.805430e+03 0.000000e+00
   2788.092204 2.058700e-15 2.818380e+03 0.000000e+00
   2794.513770 1.495100e-15 2.824880e+03 0.000000e+00
   2807.416919 1.643900e-15 2.837920e+03 0.000000e+00
   2813.888501 2.322600e-15 2.844460e+03 0.000000e+00
   2826.871678 2.438700e-15 2.857590e+03 0.000000e+00
   2833.393275 2.428000e-15 2.864180e+03 0.000000e+00
   2846.466481 2.346600e-15 2.877400e+03 0.000000e+00
   2853.028092 2.087100e-15 2.884030e+03 0.000000e+00
   2866.191326 2.487300e-15 2.897340e+03 0.000000e+00
   2872.802953 2.557500e-15 2.904020e+03 0.000000e+00
   2886.066219 2.582300e-15 2.917430e+03 0.000000e+00
   2892.717859 2.630900e-15 2.924150e+03 0.000000e+00
   2912.762807 2.853600e-15 2.944420e+03 0.000000e+00
   2932.957802 2.848900e-15 2.964830e+03 0.000000e+00
   2953.282838 2.857300e-15 2.985380e+03 0.000000e+00
   2973.757922 2.939300e-15 3.006080e+03 0.000000e+00
   2987.481334 3.016100e-15 3.019950e+03 0.000000e+00
   3008.186491 3.088400e-15 3.040890e+03 0.000000e+00
   3029.041693 3.162400e-15 3.061960e+03 0.000000e+00
   3050.036940 3.268200e-15 3.083190e+03 0.000000e+00
   3071.172230 3.300600e-15 3.104560e+03 0.000000e+00
   3092.457567 3.341000e-15 3.126080e+03 0.000000e+00
   3113.892950 3.413300e-15 3.147750e+03 0.000000e+00
   3128.266564 3.438400e-15 3.162280e+03 0.000000e+00
   3149.952023 3.488600e-15 3.184200e+03 0.000000e+00
   3171.787529 3.613600e-15 3.206270e+03 0.000000e+00
   3193.773080 3.533700e-15 3.228490e+03 0.000000e+00
   3208.516808 3.684900e-15 3.243400e+03 0.000000e+00
   3230.752435 3.636800e-15 3.265880e+03 0.000000e+00
   3253.148111 3.917500e-15 3.288520e+03 0.000000e+00
   3268.161921 4.132400e-15 3.303700e+03 0.000000e+00
   3290.817675 4.183000e-15 3.326600e+03 0.000000e+00
   3313.623476 4.234300e-15 3.349660e+03 0.000000e+00
   3321.265421 4.304000e-15 3.357380e+03 0.000000e+00
   3328.917369 4.111200e-15 3.365120e+03 0.000000e+00
   3336.589324 4.325800e-15 3.372870e+03 0.000000e+00
   3344.281284 4.277300e-15 3.380650e+03 0.000000e+00
   3351.993251 4.123500e-15 3.388440e+03 0.000000e+00
   3359.715220 4.399100e-15 3.396250e+03 0.000000e+00
   3367.467198 4.087500e-15 3.404080e+03 0.000000e+00
   3375.229180 3.694500e-15 3.411930e+03 0.000000e+00
   3383.011167 4.108200e-15 3.419790e+03 0.000000e+00
   3390.803158 4.352600e-15 3.427680e+03 0.000000e+00
   3398.625157 4.333600e-15 3.435580e+03 0.000000e+00
   3406.457159 4.415100e-15 3.443500e+03 0.000000e+00
   3414.309167 4.416100e-15 3.451440e+03 0.000000e+00
   3422.181182 4.625300e-15 3.459390e+03 0.000000e+00
   3430.073202 4.500200e-15 3.467370e+03 0.000000e+00
   3437.975225 4.648700e-15 3.475360e+03 0.000000e+00
   3445.897254 4.270000e-15 3.483370e+03 0.000000e+00
   3453.849292 4.960500e-15 3.491400e+03 0.000000e+00
   3461.801330 4.694800e-15 3.499450e+03 0.000000e+00
   3469.783377 4.599600e-15 3.507520e+03 0.000000e+00
   3477.785430 4.696900e-15 3.515600e+03 0.000000e+00
   3485.797486 4.964900e-15 3.523710e+03 0.000000e+00
   3493.839551 4.841800e-15 3.531830e+03 0.000000e+00
   3501.891618 4.776500e-15 3.539970e+03 0.000000e+00
   3509.963692 4.844000e-15 3.548130e+03 0.000000e+00
   3518.055771 4.669800e-15 3.556310e+03 0.000000e+00
   3526.167857 4.758500e-15 3.564510e+03 0.000000e+00
   3534.289946 5.078700e-15 3.572730e+03 0.000000e+00
   3542.442043 5.260500e-15 3.580960e+03 0.000000e+00
   3550.604143 5.300400e-15 3.589220e+03 0.000000e+00
   3558.786249 5.159300e-15 3.597490e+03 0.000000e+00
   3566.998364 5.418400e-15 3.605790e+03 0.000000e+00
   3575.220482 4.766000e-15 3.614100e+03 0.000000e+00
   3583.462606 5.063300e-15 3.622430e+03 0.000000e+00
   3591.714733 4.494800e-15 3.630780e+03 0.000000e+00
   3599.996868 5.260100e-15 3.639150e+03 0.000000e+00
   3608.299010 5.215300e-15 3.647540e+03 0.000000e+00
   3616.611154 5.206700e-15 3.655950e+03 0.000000e+00
   3624.953307 5.210100e-15 3.664370e+03 0.000000e+00
   3633.305464 5.756100e-15 3.672820e+03 0.000000e+00
   3638.666848 6.636100e-15 3.678240e+03 1.000000e+00
   3641.387551 5.842600e-15 3.680990e+03 1.000000e+00
   3644.108254 5.494900e-15 3.683740e+03 1.000000e+00
   3646.828956 4.976700e-15 3.686490e+03 1.000000e+00
   3649.549659 5.022100e-15 3.689240e+03 1.000000e+00
   3652.270362 5.326900e-15 3.691990e+03 1.000000e+00
   3654.991065 5.662400e-15 3.694740e+03 1.000000e+00
   3657.711769 6.024600e-15 3.697490e+03 1.000000e+00
   3660.432472 4.781900e-15 3.700240e+03 1.000000e+00
   3663.153175 6.286500e-15 3.702990e+03 1.000000e+00
   3665.873878 5.773800e-15 3.705740e+03 1.000000e+00
   3668.594582 5.766300e-15 3.708490e+03 1.000000e+00
   3671.315285 5.963400e-15 3.711240e+03 1.000000e+00
   3674.025986 5.877900e-15 3.713990e+03 1.000000e+00
   3676.746690 5.362000e-15 3.716740e+03 1.000000e+00
   3679.467393 6.452500e-15 3.719490e+03 1.000000e+00
   3682.188097 5.887000e-15 3.722240e+03 1.000000e+00
   3684.908801 5.527200e-15 3.724990e+03 1.000000e+00
   3687.629505 5.274600e-15 3.727740e+03 1.000000e+00
   3690.350209 5.297200e-15 3.730490e+03 1.000000e+00
   3693.070913 4.921900e-15 3.733240e+03 1.000000e+00
   3695.791617 5.952500e-15 3.735990e+03 1.000000e+00
   3698.512321 5.751800e-15 3.738740e+03 1.000000e+00
   3701.233025 5.471300e-15 3.741490e+03 1.000000e+00
   3703.953730 5.663000e-15 3.744240e+03 1.000000e+00
   3706.674434 6.133400e-15 3.746990e+03 1.000000e+00
   3709.395138 5.904200e-15 3.749740e+03 1.000000e+00
   3712.115843 4.962500e-15 3.752490e+03 1.000000e+00
   3714.836547 5.631700e-15 3.755240e+03 1.000000e+00
   3717.557252 5.255800e-15 3.757990e+03 1.000000e+00
   3720.277957 5.695000e-15 3.760740e+03 1.000000e+00
   3722.998661 5.705100e-15 3.763490e+03 1.000000e+00
   3725.719366 6.263400e-15 3.766240e+03 1.000000e+00
   3728.440071 6.747100e-15 3.768990e+03 1.000000e+00
   3731.160776 6.523700e-15 3.771740e+03 1.000000e+00
   3733.881481 6.898900e-15 3.774490e+03 1.000000e+00
   3736.602186 7.646800e-15 3.777240e+03 1.000000e+00
   3739.322891 7.885400e-15 3.779990e+03 1.000000e+00
   3742.043597 6.657700e-15 3.782740e+03 1.000000e+00
   3744.764302 5.814100e-15 3.785490e+03 1.000000e+00
   3747.485007 5.525300e-15 3.788240e+03 1.000000e+00
   3750.195710 5.945100e-15 3.790990e+03 1.000000e+00
   3752.916415 5.614600e-15 3.793740e+03 1.000000e+00
   3755.637121 5.538000e-15 3.796490e+03 1.000000e+00
   3758.357826 4.830800e-15 3.799240e+03 1.000000e+00
   3761.078532 5.115700e-15 3.801990e+03 1.000000e+00
   3763.799238 6.510500e-15 3.804740e+03 1.000000e+00
   3766.519944 6.750400e-15 3.807490e+03 1.000000e+00
   3769.240649 6.008100e-15 3.810240e+03 1.000000e+00
   3771.961355 6.474600e-15 3.812990e+03 1.000000e+00
   3774.682061 6.742000e-15 3.815740e+03 1.000000e+00
   3777.402767 6.198800e-15 3.818490e+03 1.000000e+00
   3780.123473 6.455500e-15 3.821240e+03 1.000000e+00
   3782.844180 6.540700e-15 3.823990e+03 1.000000e+00
   3785.564886 6.791800e-15 3.826740e+03 1.000000e+00
   3788.285592 7.299700e-15 3.829490e+03 1.000000e+00
   3791.006298 8.177200e-15 3.832240e+03 1.000000e+00
   3793.727005 8.353100e-15 3.834990e+03 1.000000e+00
   3796.447711 7.758000e-15 3.837740e+03 1.000000e+00
   3799.168418 7.498300e-15 3.840490e+03 1.000000e+00
   3801.889124 6.870000e-15 3.843240e+03 1.000000e+00
   3804.609831 6.212100e-15 3.845990e+03 1.000000e+00
   3807.330538 5.587800e-15 3.848740e+03 1.000000e+00
   3810.051244 6.293400e-15 3.851490e+03 1.000000e+00
   3812.771951 7.021500e-15 3.854240e+03 1.000000e+00
   3815.492658 7.583500e-15 3.856990e+03 1.000000e+00
   3818.213365 7.532300e-15 3.859740e+03 1.000000e+00
   3820.934072 7.271600e-15 3.862490e+03 1.000000e+00
   3823.644776 7.030300e-15 3.865240e+03 1.000000e+00
   3826.365483 7.441100e-15 3.867990e+03 1.000000e+00
   3829.086191 7.011000e-15 3.870740e+03 1.000000e+00
   3831.806898 6.154000e-15 3.873490e+03 1.000000e+00
   3834.527605 6.376400e-15 3.876240e+03 1.000000e+00
   3837.248312 5.864500e-15 3.878990e+03 1.000000e+00
   3839.969020 6.139300e-15 3.881740e+03 1.000000e+00
   3842.689727 5.515900e-15 3.884490e+03 1.000000e+00
   3845.410435 4.545400e-15 3.887240e+03 1.000000e+00
   3848.131142 5.222600e-15 3.889990e+03 1.000000e+00
   3850.851850 5.924300e-15 3.892740e+03 1.000000e+00
   3853.572558 6.744700e-15 3.895490e+03 1.000000e+00
   3856.293265 6.802900e-15 3.898240e+03 1.000000e+00
   3859.013973 7.067600e-15 3.900990e+03 1.000000e+00
   3861.734681 8.133700e-15 3.903740e+03 1.000000e+00
   3864.455389 8.130200e-15 3.906490e+03 1.000000e+00
   3867.176097 8.315500e-15 3.909240e+03 1.000000e+00
   3869.896805 7.360100e-15 3.911990e+03 1.000000e+00
   3872.617513 7.984300e-15 3.914740e+03 1.000000e+00
   3875.338221 8.795400e-15 3.917490e+03 1.000000e+00
   3878.058929 8.942400e-15 3.920240e+03 1.000000e+00
   3880.779638 7.778500e-15 3.922990e+03 1.000000e+00
   3883.500346 7.405100e-15 3.925740e+03 1.000000e+00
   3886.221054 7.331400e-15 3.928490e+03 1.000000e+00
   3888.941763 7.251800e-15 3.931240e+03 1.000000e+00
   3891.662471 6.787900e-15 3.933990e+03 1.000000e+00
   3894.383180 6.268600e-15 3.936740e+03 1.000000e+00
   3897.103888 6.145600e-15 3.939490e+03 1.000000e+00
   3899.814594 6.326100e-15 3.942240e+03 1.000000e+00
   3902.535303 6.259800e-15 3.944990e+03 1.000000e+00
   3905.256012 6.888800e-15 3.947740e+03 1.000000e+00
   3907.976721 6.974400e-15 3.950490e+03 1.000000e+00
   3910.697429 7.672500e-15 3.953240e+03 1.000000e+00
   3913.418138 7.812500e-15 3.955990e+03 1.000000e+00
   3916.138847 8.247400e-15 3.958740e+03 1.000000e+00
   3918.859556 8.554600e-15 3.961490e+03 1.000000e+00
   3921.580265 8.793100e-15 3.964240e+03 1.000000e+00
   3924.300975 8.688400e-15 3.966990e+03 1.000000e+00
   3927.021684 8.179300e-15 3.969740e+03 1.000000e+00
   3929.742393 8.434800e-15 3.972490e+03 1.000000e+00
   3932.463102 7.921900e-15 3.975240e+03 1.000000e+00
   3935.183812 7.500400e-15 3.977990e+03 1.000000e+00
   3937.904521 6.719700e-15 3.980740e+03 1.000000e+00
   3940.625230 6.007900e-15 3.983490e+03 1.000000e+00
   3943.345940 4.808400e-15 3.986240e+03 1.000000e+00
   3946.066650 5.162200e-15 3.988990e+03 1.000000e+00
   3948.787359 6.248600e-15 3.991740e+03 1.000000e+00
   3951.508069 7.150300e-15 3.994490e+03 1.000000e+00
   3954.228778 7.821000e-15 3.997240e+03 1.000000e+00
   3956.949488 8.192300e-15 3.999990e+03 1.000000e+00
   3959.670198 8.313200e-15 4.002740e+03 1.000000e+00
   3962.390908 8.426600e-15 4.005490e+03 1.000000e+00
   3965.111618 8.377000e-15 4.008240e+03 1.000000e+00
   3967.832328 7.581000e-15 4.010990e+03 1.000000e+00
   3970.553038 7.129400e-15 4.013740e+03 1.000000e+00
   3973.263745 6.182300e-15 4.016490e+03 1.000000e+00
   3975.984455 5.355800e-15 4.019240e+03 1.000000e+00
   3978.705166 4.529500e-15 4.021990e+03 1.000000e+00
   3981.425876 4.838500e-15 4.024740e+03 1.000000e+00
   3984.146586 5.623200e-15 4.027490e+03 1.000000e+00
   3986.867296 6.884600e-15 4.030240e+03 1.000000e+00
   3989.588007 7.787200e-15 4.032990e+03 1.000000e+00
   3992.308717 8.602300e-15 4.035740e+03 1.000000e+00
   3995.029428 9.111900e-15 4.038490e+03 1.000000e+00
   3997.750138 9.439000e-15 4.041240e+03 1.000000e+00
   4000.470849 1.013900e-14 4.043990e+03 1.000000e+00
   4003.191559 1.044500e-14 4.046740e+03 1.000000e+00
   4005.912270 9.947600e-15 4.049490e+03 1.000000e+00
   4008.632981 9.206900e-15 4.052240e+03 1.000000e+00
   4011.353692 9.947600e-15 4.054990e+03 1.000000e+00
   4014.074402 1.001000e-14 4.057740e+03 1.000000e+00
   4016.795113 1.052100e-14 4.060490e+03 1.000000e+00
   4019.515824 1.077400e-14 4.063240e+03 1.000000e+00
   4022.236535 1.066300e-14 4.065990e+03 1.000000e+00
   4024.957246 1.175300e-14 4.068740e+03 1.000000e+00
   4027.677957 1.094100e-14 4.071490e+03 1.000000e+00
   4030.398668 1.081200e-14 4.074240e+03 1.000000e+00
   4033.119379 1.100200e-14 4.076990e+03 1.000000e+00
   4035.840091 1.166300e-14 4.079740e+03 1.000000e+00
   4038.560802 1.136000e-14 4.082490e+03 1.000000e+00
   4041.281513 1.071100e-14 4.085240e+03 1.000000e+00
   4044.002225 1.086400e-14 4.087990e+03 1.000000e+00
   4046.722936 1.047300e-14 4.090740e+03 1.000000e+00
   4049.433645 1.149300e-14 4.093490e+03 1.000000e+00
   4052.154356 1.179300e-14 4.096240e+03 1.000000e+00
   4054.875068 1.106800e-14 4.098990e+03 1.000000e+00
   4057.595779 1.060700e-14 4.101740e+03 1.000000e+00
   4060.316491 1.098400e-14 4.104490e+03 1.000000e+00
   4063.037203 1.097900e-14 4.107240e+03 1.000000e+00
   4065.757914 1.107000e-14 4.109990e+03 1.000000e+00
   4068.478626 1.116200e-14 4.112740e+03 1.000000e+00
   4071.199338 1.057900e-14 4.115490e+03 1.000000e+00
   4073.920050 1.053200e-14 4.118240e+03 1.000000e+00
   4076.640762 1.002000e-14 4.120990e+03 1.000000e+00
   4079.361474 1.005700e-14 4.123740e+03 1.000000e+00
   4082.082186 1.035600e-14 4.126490e+03 1.000000e+00
   4084.802898 1.085700e-14 4.129240e+03 1.000000e+00
   4087.523610 9.877800e-15 4.131990e+03 1.000000e+00
   4090.244322 1.002000e-14 4.134740e+03 1.000000e+00
   4092.965034 1.030800e-14 4.137490e+03 1.000000e+00
   4095.685747 1.038200e-14 4.140240e+03 1.000000e+00
   4098.406459 1.084300e-14 4.142990e+03 1.000000e+00
   4101.127171 1.028000e-14 4.145740e+03 1.000000e+00
   4103.847884 1.041400e-14 4.148490e+03 1.000000e+00
   4106.568596 9.083800e-15 4.151240e+03 1.000000e+00
   4109.289309 7.986600e-15 4.153990e+03 1.000000e+00
   4112.010021 7.789200e-15 4.156740e+03 1.000000e+00
   4114.730734 7.750600e-15 4.159490e+03 1.000000e+00
   4117.451446 8.252400e-15 4.162240e+03 1.000000e+00
   4120.172159 9.848600e-15 4.164990e+03 1.000000e+00
   4122.892872 1.061800e-14 4.167740e+03 1.000000e+00
   4125.603582 9.633400e-15 4.170490e+03 1.000000e+00
   4128.324294 1.085800e-14 4.173240e+03 1.000000e+00
   4131.045007 1.017900e-14 4.175990e+03 1.000000e+00
   4133.765720 1.007400e-14 4.178740e+03 1.000000e+00
   4136.486433 1.044800e-14 4.181490e+03 1.000000e+00
   4139.207146 1.048000e-14 4.184240e+03 1.000000e+00
   4141.927859 9.994700e-15 4.186990e+03 1.000000e+00
   4144.648572 1.087700e-14 4.189740e+03 1.000000e+00
   4147.369285 1.136200e-14 4.192490e+03 1.000000e+00
   4150.089998 1.041400e-14 4.195240e+03 1.000000e+00
   4152.810711 1.112200e-14 4.197990e+03 1.000000e+00
   4155.531425 1.081000e-14 4.200740e+03 1.000000e+00
   4158.252138 1.082700e-14 4.203490e+03 1.000000e+00
   4160.972851 1.103900e-14 4.206240e+03 1.000000e+00
   4163.693565 9.998500e-15 4.208990e+03 1.000000e+00
   4166.414278 1.068800e-14 4.211740e+03 1.000000e+00
   4169.134991 1.053600e-14 4.214490e+03 1.000000e+00
   4171.855705 1.127100e-14 4.217240e+03 1.000000e+00
   4174.576418 1.126400e-14 4.219990e+03 1.000000e+00
   4177.297132 1.149500e-14 4.222740e+03 1.000000e+00
   4180.017846 1.053000e-14 4.225490e+03 1.000000e+00
   4182.738559 1.071000e-14 4.228240e+03 1.000000e+00
   4185.459273 9.725500e-15 4.230990e+03 1.000000e+00
   4188.179987 1.007100e-14 4.233740e+03 1.000000e+00
   4190.900700 9.804300e-15 4.236490e+03 1.000000e+00
   4193.621414 1.085000e-14 4.239240e+03 1.000000e+00
   4196.342128 1.070000e-14 4.241990e+03 1.000000e+00
   4199.062842 1.044400e-14 4.244740e+03 1.000000e+00
   4201.773553 1.076800e-14 4.247490e+03 1.000000e+00
   4204.494267 1.045000e-14 4.250240e+03 1.000000e+00
   4207.214981 1.034600e-14 4.252990e+03 1.000000e+00
   4209.935695 1.088800e-14 4.255740e+03 1.000000e+00
   4212.656410 1.074300e-14 4.258490e+03 1.000000e+00
   4215.377124 1.035700e-14 4.261240e+03 1.000000e+00
   4218.097838 1.110100e-14 4.263990e+03 1.000000e+00
   4220.818552 1.063500e-14 4.266740e+03 1.000000e+00
   4223.539266 1.084400e-14 4.269490e+03 1.000000e+00
   4226.259981 1.072800e-14 4.272240e+03 1.000000e+00
   4228.980695 1.084800e-14 4.274990e+03 1.000000e+00
   4231.701409 1.094800e-14 4.277740e+03 1.000000e+00
   4234.422124 1.037000e-14 4.280490e+03 1.000000e+00
   4237.142838 1.006100e-14 4.283240e+03 1.000000e+00
   4239.863553 1.006000e-14 4.285990e+03 1.000000e+00
   4242.584267 1.063400e-14 4.288740e+03 1.000000e+00
   4245.304982 1.057900e-14 4.291490e+03 1.000000e+00
   4248.025697 1.046200e-14 4.294240e+03 1.000000e+00
   4250.746411 1.100200e-14 4.296990e+03 1.000000e+00
   4253.467126 1.156600e-14 4.299740e+03 1.000000e+00
   4256.187841 1.083000e-14 4.302490e+03 1.000000e+00
   4258.908556 1.099800e-14 4.305240e+03 1.000000e+00
   4261.629270 1.074600e-14 4.307990e+03 1.000000e+00
   4264.349985 1.070100e-14 4.310740e+03 1.000000e+00
   4267.070700 1.025600e-14 4.313490e+03 1.000000e+00
   4269.791415 1.052300e-14 4.316240e+03 1.000000e+00
   4272.512130 1.086500e-14 4.318990e+03 1.000000e+00
   4275.232845 1.093600e-14 4.321740e+03 1.000000e+00
   4277.943558 1.093800e-14 4.324490e+03 1.000000e+00
   4280.664273 1.085700e-14 4.327240e+03 1.000000e+00
   4283.384988 1.030600e-14 4.329990e+03 1.000000e+00
   4286.105703 1.037600e-14 4.332740e+03 1.000000e+00
   4288.826418 1.065500e-14 4.335490e+03 1.000000e+00
   4291.547134 1.121300e-14 4.338240e+03 1.000000e+00
   4294.267849 1.123000e-14 4.340990e+03 1.000000e+00
   4296.988564 1.047800e-14 4.343740e+03 1.000000e+00
   4299.709280 1.054400e-14 4.346490e+03 1.000000e+00
   4302.429995 9.948400e-15 4.349240e+03 1.000000e+00
   4305.150711 1.005700e-14 4.351990e+03 1.000000e+00
   4307.871426 1.026100e-14 4.354740e+03 1.000000e+00
   4310.592142 9.388500e-15 4.357490e+03 1.000000e+00
   4313.312857 9.012300e-15 4.360240e+03 1.000000e+00
   4316.033573 8.525800e-15 4.362990e+03 1.000000e+00
   4318.754288 8.648400e-15 4.365740e+03 1.000000e+00
   4321.475004 9.426700e-15 4.368490e+03 1.000000e+00
   4324.195720 9.765200e-15 4.371240e+03 1.000000e+00
   4326.916436 1.062700e-14 4.373990e+03 1.000000e+00
   4329.637151 1.120700e-14 4.376740e+03 1.000000e+00
   4332.357867 1.087200e-14 4.379490e+03 1.000000e+00
   4335.078583 1.054100e-14 4.382240e+03 1.000000e+00
   4337.799299 1.031500e-14 4.384990e+03 1.000000e+00
   4340.520015 1.024700e-14 4.387740e+03 1.000000e+00
   4343.240731 1.028600e-14 4.390490e+03 1.000000e+00
   4345.961447 9.543300e-15 4.393240e+03 1.000000e+00
   4348.682163 9.152400e-15 4.395990e+03 1.000000e+00
   4351.392876 8.410600e-15 4.398740e+03 1.000000e+00
   4354.113593 8.794100e-15 4.401490e+03 1.000000e+00
   4356.834309 9.596000e-15 4.404240e+03 1.000000e+00
   4359.555025 1.027100e-14 4.406990e+03 1.000000e+00
   4362.275741 1.053100e-14 4.409740e+03 1.000000e+00
   4364.996457 1.026500e-14 4.412490e+03 1.000000e+00
   4367.717174 1.130400e-14 4.415240e+03 1.000000e+00
   4370.437890 1.170300e-14 4.417990e+03 1.000000e+00
   4373.158606 1.208600e-14 4.420740e+03 1.000000e+00
   4375.879323 1.184600e-14 4.423490e+03 1.000000e+00
   4378.600039 1.196500e-14 4.426240e+03 1.000000e+00
   4381.320756 1.119400e-14 4.428990e+03 1.000000e+00
   4384.041472 1.143800e-14 4.431740e+03 1.000000e+00
   4386.762189 1.164900e-14 4.434490e+03 1.000000e+00
   4389.482906 1.114100e-14 4.437240e+03 1.000000e+00
   4392.203622 1.060900e-14 4.439990e+03 1.000000e+00
   4394.924339 1.045200e-14 4.442740e+03 1.000000e+00
   4397.645056 1.070500e-14 4.445490e+03 1.000000e+00
   4400.365772 1.065700e-14 4.448240e+03 1.000000e+00
   4403.086489 1.040900e-14 4.450990e+03 1.000000e+00
   4405.807206 1.118400e-14 4.453740e+03 1.000000e+00
   4408.527923 1.153600e-14 4.456490e+03 1.000000e+00
   4411.248640 1.146500e-14 4.459240e+03 1.000000e+00
   4413.969357 1.119900e-14 4.461990e+03 1.000000e+00
   4416.690073 1.137300e-14 4.464740e+03 1.000000e+00
   4419.410790 1.166900e-14 4.467490e+03 1.000000e+00
   4422.131507 1.171900e-14 4.470240e+03 1.000000e+00
   4424.852225 1.179500e-14 4.472990e+03 1.000000e+00
   4427.562939 1.174900e-14 4.475740e+03 1.000000e+00
   4430.283656 1.177700e-14 4.478490e+03 1.000000e+00
   4433.004373 1.220300e-14 4.481240e+03 1.000000e+00
   4435.725090 1.198200e-14 4.483990e+03 1.000000e+00
   4438.445808 1.183800e-14 4.486740e+03 1.000000e+00
   4441.166525 1.184500e-14 4.489490e+03 1.000000e+00
   4443.887242 1.189700e-14 4.492240e+03 1.000000e+00
   4446.607960 1.193600e-14 4.494990e+03 1.000000e+00
   4449.328677 1.201100e-14 4.497740e+03 1.000000e+00
   4452.049394 1.194200e-14 4.500490e+03 1.000000e+00
   4454.770112 1.204000e-14 4.503240e+03 1.000000e+00
   4457.490829 1.229100e-14 4.505990e+03 1.000000e+00
   4460.211547 1.247200e-14 4.508740e+03 1.000000e+00
   4462.932264 1.228200e-14 4.511490e+03 1.000000e+00
   4465.652982 1.192000e-14 4.514240e+03 1.000000e+00
   4468.373699 1.167600e-14 4.516990e+03 1.000000e+00
   4471.094417 1.174300e-14 4.519740e+03 1.000000e+00
   4473.815135 1.149300e-14 4.522490e+03 1.000000e+00
   4476.535852 1.195200e-14 4.525240e+03 1.000000e+00
   4479.256570 1.206800e-14 4.527990e+03 1.000000e+00
   4481.977288 1.227600e-14 4.530740e+03 1.000000e+00
   4484.698006 1.270700e-14 4.533490e+03 1.000000e+00
   4487.418723 1.251100e-14 4.536240e+03 1.000000e+00
   4490.139441 1.226300e-14 4.538990e+03 1.000000e+00
   4492.860159 1.257100e-14 4.541740e+03 1.000000e+00
   4495.580877 1.213000e-14 4.544490e+03 1.000000e+00
   4498.301595 1.264500e-14 4.547240e+03 1.000000e+00
   4501.012310 1.259200e-14 4.549990e+03 1.000000e+00
   4503.733028 1.232300e-14 4.552740e+03 1.000000e+00
   4506.453747 1.219200e-14 4.555490e+03 1.000000e+00
   4509.174465 1.251300e-14 4.558240e+03 1.000000e+00
   4511.895183 1.289900e-14 4.560990e+03 1.000000e+00
   4514.615901 1.311600e-14 4.563740e+03 1.000000e+00
   4517.336619 1.284300e-14 4.566490e+03 1.000000e+00
   4520.057337 1.360600e-14 4.569240e+03 1.000000e+00
   4522.778056 1.317800e-14 4.571990e+03 1.000000e+00
   4525.498774 1.284800e-14 4.574740e+03 1.000000e+00
   4528.219492 1.259100e-14 4.577490e+03 1.000000e+00
   4530.940210 1.238900e-14 4.580240e+03 1.000000e+00
   4533.660929 1.232000e-14 4.582990e+03 1.000000e+00
   4536.381647 1.223700e-14 4.585740e+03 1.000000e+00
   4539.102366 1.177400e-14 4.588490e+03 1.000000e+00
   4541.823084 1.179300e-14 4.591240e+03 1.000000e+00
   4544.543803 1.141800e-14 4.593990e+03 1.000000e+00
   4547.264521 1.180200e-14 4.596740e+03 1.000000e+00
   4549.985240 1.201300e-14 4.599490e+03 1.000000e+00
   4552.705958 1.213500e-14 4.602240e+03 1.000000e+00
   4555.426677 1.230400e-14 4.604990e+03 1.000000e+00
   4558.147396 1.221600e-14 4.607740e+03 1.000000e+00
   4560.868114 1.216900e-14 4.610490e+03 1.000000e+00
   4563.588833 1.215300e-14 4.613240e+03 1.000000e+00
   4566.309552 1.221800e-14 4.615990e+03 1.000000e+00
   4569.030271 1.238400e-14 4.618740e+03 1.000000e+00
   4571.750989 1.298000e-14 4.621490e+03 1.000000e+00
   4574.471708 1.299000e-14 4.624240e+03 1.000000e+00
   4577.182425 1.308900e-14 4.626990e+03 1.000000e+00
   4579.903143 1.248200e-14 4.629740e+03 1.000000e+00
   4582.623862 1.283400e-14 4.632490e+03 1.000000e+00
   4585.344581 1.325300e-14 4.635240e+03 1.000000e+00
   4588.065300 1.323500e-14 4.637990e+03 1.000000e+00
   4590.786019 1.259000e-14 4.640740e+03 1.000000e+00
   4593.506738 1.255500e-14 4.643490e+03 1.000000e+00
   4596.227457 1.244400e-14 4.646240e+03 1.000000e+00
   4598.948177 1.263000e-14 4.648990e+03 1.000000e+00
   4601.668896 1.254900e-14 4.651740e+03 1.000000e+00
   4604.389615 1.253300e-14 4.654490e+03 1.000000e+00
   4607.110334 1.259200e-14 4.657240e+03 1.000000e+00
   4609.831053 1.287900e-14 4.659990e+03 1.000000e+00
   4612.551773 1.252900e-14 4.662740e+03 1.000000e+00
   4615.272492 1.259800e-14 4.665490e+03 1.000000e+00
   4617.993211 1.320600e-14 4.668240e+03 1.000000e+00
   4620.713931 1.302100e-14 4.670990e+03 1.000000e+00
   4623.434650 1.293800e-14 4.673740e+03 1.000000e+00
   4626.155369 1.319700e-14 4.676490e+03 1.000000e+00
   4628.876089 1.259500e-14 4.679240e+03 1.000000e+00
   4631.596808 1.298900e-14 4.681990e+03 1.000000e+00
   4634.317528 1.323900e-14 4.684740e+03 1.000000e+00
   4637.038247 1.329700e-14 4.687490e+03 1.000000e+00
   4639.758967 1.287900e-14 4.690240e+03 1.000000e+00
   4642.479687 1.305700e-14 4.692990e+03 1.000000e+00
   4645.200406 1.289800e-14 4.695740e+03 1.000000e+00
   4647.921126 1.270500e-14 4.698490e+03 1.000000e+00
   4650.641845 1.250900e-14 4.701240e+03 1.000000e+00
   4653.352563 1.269000e-14 4.703990e+03 1.000000e+00
   4656.073282 1.231200e-14 4.706740e+03 1.000000e+00
   4658.794002 1.214400e-14 4.709490e+03 1.000000e+00
   4661.514722 1.224500e-14 4.712240e+03 1.000000e+00
   4664.235442 1.297600e-14 4.714990e+03 1.000000e+00
   4666.956162 1.291400e-14 4.717740e+03 1.000000e+00
   4669.676881 1.275800e-14 4.720490e+03 1.000000e+00
   4672.397601 1.250300e-14 4.723240e+03 1.000000e+00
   4675.118321 1.259800e-14 4.725990e+03 1.000000e+00
   4677.839041 1.194200e-14 4.728740e+03 1.000000e+00
   4680.559761 1.211300e-14 4.731490e+03 1.000000e+00
   4683.280481 1.233000e-14 4.734240e+03 1.000000e+00
   4686.001201 1.233500e-14 4.736990e+03 1.000000e+00
   4688.721921 1.248700e-14 4.739740e+03 1.000000e+00
   4691.442641 1.275500e-14 4.742490e+03 1.000000e+00
   4694.163362 1.245500e-14 4.745240e+03 1.000000e+00
   4696.884082 1.280200e-14 4.747990e+03 1.000000e+00
   4699.604802 1.278900e-14 4.750740e+03 1.000000e+00
   4702.325522 1.294400e-14 4.753490e+03 1.000000e+00
   4705.046242 1.253500e-14 4.756240e+03 1.000000e+00
   4707.766963 1.252500e-14 4.758990e+03 1.000000e+00
   4710.487683 1.236700e-14 4.761740e+03 1.000000e+00
   4713.208403 1.239500e-14 4.764490e+03 1.000000e+00
   4715.929124 1.216300e-14 4.767240e+03 1.000000e+00
   4718.649844 1.232900e-14 4.769990e+03 1.000000e+00
   4721.370564 1.256700e-14 4.772740e+03 1.000000e+00
   4724.091285 1.220300e-14 4.775490e+03 1.000000e+00
   4726.802003 1.253400e-14 4.778240e+03 1.000000e+00
   4729.522723 1.294000e-14 4.780990e+03 1.000000e+00
   4732.243444 1.319100e-14 4.783740e+03 1.000000e+00
   4734.964164 1.292400e-14 4.786490e+03 1.000000e+00
   4737.684885 1.303900e-14 4.789240e+03 1.000000e+00
   4740.405605 1.309200e-14 4.791990e+03 1.000000e+00
   4743.126326 1.284600e-14 4.794740e+03 1.000000e+00
   4745.847047 1.312300e-14 4.797490e+03 1.000000e+00
   4748.567767 1.265500e-14 4.800240e+03 1.000000e+00
   4751.288488 1.324700e-14 4.802990e+03 1.000000e+00
   4754.009209 1.304800e-14 4.805740e+03 1.000000e+00
   4756.729930 1.319700e-14 4.808490e+03 1.000000e+00
   4759.450650 1.288900e-14 4.811240e+03 1.000000e+00
   4762.171371 1.328800e-14 4.813990e+03 1.000000e+00
   4764.892092 1.317500e-14 4.816740e+03 1.000000e+00
   4767.612813 1.293800e-14 4.819490e+03 1.000000e+00
   4770.333534 1.296300e-14 4.822240e+03 1.000000e+00
   4773.054255 1.274400e-14 4.824990e+03 1.000000e+00
   4775.774976 1.268900e-14 4.827740e+03 1.000000e+00
   4778.495697 1.233100e-14 4.830490e+03 1.000000e+00
   4781.216418 1.294100e-14 4.833240e+03 1.000000e+00
   4783.937139 1.323300e-14 4.835990e+03 1.000000e+00
   4786.657860 1.303200e-14 4.838740e+03 1.000000e+00
   4789.378581 1.332000e-14 4.841490e+03 1.000000e+00
   4792.099302 1.300200e-14 4.844240e+03 1.000000e+00
   4794.820023 1.314600e-14 4.846990e+03 1.000000e+00
   4797.540744 1.266800e-14 4.849740e+03 1.000000e+00
   4800.261465 1.286700e-14 4.852490e+03 1.000000e+00
   4802.972184 1.306400e-14 4.855240e+03 1.000000e+00
   4805.692905 1.363500e-14 4.857990e+03 1.000000e+00
   4808.413627 1.380900e-14 4.860740e+03 1.000000e+00
   4811.134348 1.319300e-14 4.863490e+03 1.000000e+00
   4813.855069 1.294100e-14 4.866240e+03 1.000000e+00
   4816.575790 1.318800e-14 4.868990e+03 1.000000e+00
   4819.296512 1.311100e-14 4.871740e+03 1.000000e+00
   4822.017233 1.339300e-14 4.874490e+03 1.000000e+00
   4824.737955 1.328300e-14 4.877240e+03 1.000000e+00
   4827.458676 1.293500e-14 4.879990e+03 1.000000e+00
   4830.179398 1.328800e-14 4.882740e+03 1.000000e+00
   4832.900119 1.364500e-14 4.885490e+03 1.000000e+00
   4835.620841 1.338000e-14 4.888240e+03 1.000000e+00
   4838.341562 1.306400e-14 4.890990e+03 1.000000e+00
   4841.062284 1.291900e-14 4.893740e+03 1.000000e+00
   4843.783005 1.287700e-14 4.896490e+03 1.000000e+00
   4846.503727 1.334900e-14 4.899240e+03 1.000000e+00
   4849.224449 1.275600e-14 4.901990e+03 1.000000e+00
   4851.945170 1.283000e-14 4.904740e+03 1.000000e+00
   4854.665892 1.240600e-14 4.907490e+03 1.000000e+00
   4857.386614 1.267700e-14 4.910240e+03 1.000000e+00
   4860.107335 1.202700e-14 4.912990e+03 1.000000e+00
   4862.828057 1.174300e-14 4.915740e+03 1.000000e+00
   4865.548779 1.164100e-14 4.918490e+03 1.000000e+00
   4868.269501 1.096200e-14 4.921240e+03 1.000000e+00
   4870.990223 1.066100e-14 4.923990e+03 1.000000e+00
   4873.710944 1.013300e-14 4.926740e+03 1.000000e+00
   4876.431666 1.015900e-14 4.929490e+03 1.000000e+00
   4879.142386 1.078400e-14 4.932240e+03 1.000000e+00
   4881.863108 1.073100e-14 4.934990e+03 1.000000e+00
   4884.583830 1.104800e-14 4.937740e+03 1.000000e+00
   4887.304552 1.131900e-14 4.940490e+03 1.000000e+00
   4890.025274 1.169200e-14 4.943240e+03 1.000000e+00
   4892.745996 1.216900e-14 4.945990e+03 1.000000e+00
   4895.466718 1.218300e-14 4.948740e+03 1.000000e+00
   4898.187440 1.172600e-14 4.951490e+03 1.000000e+00
   4900.908162 1.187800e-14 4.954240e+03 1.000000e+00
   4903.628884 1.246800e-14 4.956990e+03 1.000000e+00
   4906.349606 1.261400e-14 4.959740e+03 1.000000e+00
   4909.070328 1.305400e-14 4.962490e+03 1.000000e+00
   4911.791051 1.301300e-14 4.965240e+03 1.000000e+00
   4914.511773 1.288100e-14 4.967990e+03 1.000000e+00
   4917.232495 1.265100e-14 4.970740e+03 1.000000e+00
   4919.953217 1.269800e-14 4.973490e+03 1.000000e+00
   4922.673940 1.290600e-14 4.976240e+03 1.000000e+00
   4925.394662 1.270900e-14 4.978990e+03 1.000000e+00
   4928.115384 1.263900e-14 4.981740e+03 1.000000e+00
   4930.836107 1.246500e-14 4.984490e+03 1.000000e+00
   4933.556829 1.231500e-14 4.987240e+03 1.000000e+00
   4936.277551 1.198200e-14 4.989990e+03 1.000000e+00
   4938.998274 1.214300e-14 4.992740e+03 1.000000e+00
   4941.718996 1.280400e-14 4.995490e+03 1.000000e+00
   4944.439719 1.282900e-14 4.998240e+03 1.000000e+00
   4947.160441 1.259300e-14 5.000990e+03 1.000000e+00
   4949.881164 1.241400e-14 5.003740e+03 1.000000e+00
   4952.591884 1.288200e-14 5.006490e+03 1.000000e+00
   4955.312606 1.288600e-14 5.009240e+03 1.000000e+00
   4958.033329 1.329100e-14 5.011990e+03 1.000000e+00
   4960.754052 1.301100e-14 5.014740e+03 1.000000e+00
   4963.474774 1.305000e-14 5.017490e+03 1.000000e+00
   4966.195497 1.312700e-14 5.020240e+03 1.000000e+00
   4968.916220 1.309600e-14 5.022990e+03 1.000000e+00
   4971.636942 1.310800e-14 5.025740e+03 1.000000e+00
   4974.357665 1.263400e-14 5.028490e+03 1.000000e+00
   4977.078388 1.305300e-14 5.031240e+03 1.000000e+00
   4979.799111 1.302300e-14 5.033990e+03 1.000000e+00
   4982.519833 1.280200e-14 5.036740e+03 1.000000e+00
   4985.240556 1.265700e-14 5.039490e+03 1.000000e+00
   4987.961279 1.271500e-14 5.042240e+03 1.000000e+00
   4990.682002 1.272800e-14 5.044990e+03 1.000000e+00
   4993.402725 1.248800e-14 5.047740e+03 1.000000e+00
   4996.123448 1.226200e-14 5.050490e+03 1.000000e+00
   4998.844171 1.225000e-14 5.053240e+03 1.000000e+00
   5001.564894 1.213500e-14 5.055990e+03 1.000000e+00
   5004.285617 1.231100e-14 5.058740e+03 1.000000e+00
   5007.006340 1.244800e-14 5.061490e+03 1.000000e+00
   5009.727063 1.267400e-14 5.064240e+03 1.000000e+00
   5012.447786 1.242700e-14 5.066990e+03 1.000000e+00
   5015.168509 1.228900e-14 5.069740e+03 1.000000e+00
   5017.889232 1.263600e-14 5.072490e+03 1.000000e+00
   5020.609955 1.248300e-14 5.075240e+03 1.000000e+00
   5023.330678 1.203100e-14 5.077990e+03 1.000000e+00
   5026.051402 1.166900e-14 5.080740e+03 1.000000e+00
   5028.762122 1.179400e-14 5.083490e+03 1.000000e+00
   5031.482845 1.180700e-14 5.086240e+03 1.000000e+00
   5034.203569 1.185700e-14 5.088990e+03 1.000000e+00
   5036.924292 1.222100e-14 5.091740e+03 1.000000e+00
   5039.645015 1.232500e-14 5.094490e+03 1.000000e+00
   5042.365738 1.245900e-14 5.097240e+03 1.000000e+00
   5045.086462 1.261700e-14 5.099990e+03 1.000000e+00
   5047.807185 1.240400e-14 5.102740e+03 1.000000e+00
   5050.527908 1.179000e-14 5.105490e+03 1.000000e+00
   5053.248632 1.187400e-14 5.108240e+03 1.000000e+00
   5055.969355 1.201700e-14 5.110990e+03 1.000000e+00
   5058.690079 1.247300e-14 5.113740e+03 1.000000e+00
   5061.410802 1.246300e-14 5.116490e+03 1.000000e+00
   5064.131526 1.240200e-14 5.119240e+03 1.000000e+00
   5066.852249 1.261600e-14 5.121990e+03 1.000000e+00
   5069.572973 1.283400e-14 5.124740e+03 1.000000e+00
   5072.293696 1.299400e-14 5.127490e+03 1.000000e+00
   5075.014420 1.300700e-14 5.130240e+03 1.000000e+00
   5077.735143 1.268500e-14 5.132990e+03 1.000000e+00
   5080.455867 1.257300e-14 5.135740e+03 1.000000e+00
   5083.176591 1.231000e-14 5.138490e+03 1.000000e+00
   5085.897314 1.263600e-14 5.141240e+03 1.000000e+00
   5088.618038 1.248800e-14 5.143990e+03 1.000000e+00
   5091.338762 1.209600e-14 5.146740e+03 1.000000e+00
   5094.059485 1.176900e-14 5.149490e+03 1.000000e+00
   5096.780209 1.204000e-14 5.152240e+03 1.000000e+00
   5099.500933 1.271900e-14 5.154990e+03 1.000000e+00
   5102.211654 1.265300e-14 5.157740e+03 1.000000e+00
   5104.932378 1.220500e-14 5.160490e+03 1.000000e+00
   5107.653102 1.221000e-14 5.163240e+03 1.000000e+00
   5110.373825 1.237400e-14 5.165990e+03 1.000000e+00
   5113.094549 1.223300e-14 5.168740e+03 1.000000e+00
   5115.815273 1.246800e-14 5.171490e+03 1.000000e+00
   5118.535997 1.212100e-14 5.174240e+03 1.000000e+00
   5121.256721 1.218300e-14 5.176990e+03 1.000000e+00
   5123.977445 1.225900e-14 5.179740e+03 1.000000e+00
   5126.698169 1.240700e-14 5.182490e+03 1.000000e+00
   5129.418893 1.288100e-14 5.185240e+03 1.000000e+00
   5132.139617 1.270300e-14 5.187990e+03 1.000000e+00
   5134.860341 1.233200e-14 5.190740e+03 1.000000e+00
   5137.581065 1.207900e-14 5.193490e+03 1.000000e+00
   5140.301789 1.230900e-14 5.196240e+03 1.000000e+00
   5143.022513 1.222000e-14 5.198990e+03 1.000000e+00
   5145.743237 1.203000e-14 5.201740e+03 1.000000e+00
   5148.463961 1.214900e-14 5.204490e+03 1.000000e+00
   5151.184685 1.196200e-14 5.207240e+03 1.000000e+00
   5153.905410 1.177200e-14 5.209990e+03 1.000000e+00
   5156.626134 1.168300e-14 5.212740e+03 1.000000e+00
   5159.346858 1.148200e-14 5.215490e+03 1.000000e+00
   5162.067582 1.186000e-14 5.218240e+03 1.000000e+00
   5164.788307 1.190300e-14 5.220990e+03 1.000000e+00
   5167.509031 1.205200e-14 5.223740e+03 1.000000e+00
   5170.229755 1.249000e-14 5.226490e+03 1.000000e+00
   5172.950479 1.211700e-14 5.229240e+03 1.000000e+00
   5175.671204 1.158800e-14 5.231990e+03 1.000000e+00
   5178.381925 1.093400e-14 5.234740e+03 1.000000e+00
   5181.102650 1.036400e-14 5.237490e+03 1.000000e+00
   5183.823374 1.017900e-14 5.240240e+03 1.000000e+00
   5186.544099 1.057900e-14 5.242990e+03 1.000000e+00
   5189.264823 1.100400e-14 5.245740e+03 1.000000e+00
   5191.985547 1.136600e-14 5.248490e+03 1.000000e+00
   5194.706272 1.122500e-14 5.251240e+03 1.000000e+00
   5197.426996 1.124500e-14 5.253990e+03 1.000000e+00
   5200.147721 1.129100e-14 5.256740e+03 1.000000e+00
   5202.868445 1.128100e-14 5.259490e+03 1.000000e+00
   5205.589170 1.156500e-14 5.262240e+03 1.000000e+00
   5208.309895 1.175700e-14 5.264990e+03 1.000000e+00
   5211.030619 1.166600e-14 5.267740e+03 1.000000e+00
   5213.751344 1.197900e-14 5.270490e+03 1.000000e+00
   5216.472068 1.215400e-14 5.273240e+03 1.000000e+00
   5219.192793 1.212700e-14 5.275990e+03 1.000000e+00
   5221.913518 1.177200e-14 5.278740e+03 1.000000e+00
   5224.634242 1.199500e-14 5.281490e+03 1.000000e+00
   5227.354967 1.227100e-14 5.284240e+03 1.000000e+00
   5230.075692 1.201700e-14 5.286990e+03 1.000000e+00
   5232.796417 1.223600e-14 5.289740e+03 1.000000e+00
   5235.517141 1.227800e-14 5.292490e+03 1.000000e+00
   5238.237866 1.217600e-14 5.295240e+03 1.000000e+00
   5240.958591 1.195300e-14 5.297990e+03 1.000000e+00
   5243.679316 1.210000e-14 5.300740e+03 1.000000e+00
   5246.400041 1.215600e-14 5.303490e+03 1.000000e+00
   5249.120765 1.233600e-14 5.306240e+03 1.000000e+00
   5251.841490 1.289900e-14 5.308990e+03 1.000000e+00
   5254.552212 1.296200e-14 5.311740e+03 1.000000e+00
   5257.272937 1.278600e-14 5.314490e+03 1.000000e+00
   5259.993662 1.248800e-14 5.317240e+03 1.000000e+00
   5262.714387 1.218100e-14 5.319990e+03 1.000000e+00
   5265.435112 1.236200e-14 5.322740e+03 1.000000e+00
   5268.155837 1.273700e-14 5.325490e+03 1.000000e+00
   5270.876562 1.275000e-14 5.328240e+03 1.000000e+00
   5273.597287 1.232800e-14 5.330990e+03 1.000000e+00
   5276.318012 1.185200e-14 5.333740e+03 1.000000e+00
   5279.038737 1.144200e-14 5.336490e+03 1.000000e+00
   5281.759462 1.156300e-14 5.339240e+03 1.000000e+00
   5284.480188 1.137500e-14 5.341990e+03 1.000000e+00
   5287.200913 1.187100e-14 5.344740e+03 1.000000e+00
   5289.921638 1.244100e-14 5.347490e+03 1.000000e+00
   5292.642363 1.287800e-14 5.350240e+03 1.000000e+00
   5295.363088 1.289800e-14 5.352990e+03 1.000000e+00
   5298.083813 1.279800e-14 5.355740e+03 1.000000e+00
   5300.804539 1.330300e-14 5.358490e+03 1.000000e+00
   5303.525264 1.336600e-14 5.361240e+03 1.000000e+00
   5306.245989 1.356200e-14 5.363990e+03 1.000000e+00
   5308.966714 1.331900e-14 5.366740e+03 1.000000e+00
   5311.687440 1.284000e-14 5.369490e+03 1.000000e+00
   5314.408165 1.280100e-14 5.372240e+03 1.000000e+00
   5317.128890 1.345900e-14 5.374990e+03 1.000000e+00
   5319.849616 1.321000e-14 5.377740e+03 1.000000e+00
   5322.570341 1.344500e-14 5.380490e+03 1.000000e+00
   5325.291066 1.346600e-14 5.383240e+03 1.000000e+00
   5328.001789 1.320500e-14 5.385990e+03 1.000000e+00
   5330.722514 1.309100e-14 5.388740e+03 1.000000e+00
   5333.443240 1.256000e-14 5.391490e+03 1.000000e+00
   5336.163965 1.274600e-14 5.394240e+03 1.000000e+00
   5338.884691 1.244100e-14 5.396990e+03 1.000000e+00
   5341.605416 1.240200e-14 5.399740e+03 1.000000e+00
   5344.326142 1.254200e-14 5.402490e+03 1.000000e+00
   5347.046867 1.244900e-14 5.405240e+03 1.000000e+00
   5349.767593 1.309900e-14 5.407990e+03 1.000000e+00
   5352.488318 1.264500e-14 5.410740e+03 1.000000e+00
   5355.209044 1.243700e-14 5.413490e+03 1.000000e+00
   5357.929770 1.273900e-14 5.416240e+03 1.000000e+00
   5360.650495 1.265000e-14 5.418990e+03 1.000000e+00
   5363.371221 1.289300e-14 5.421740e+03 1.000000e+00
   5366.091946 1.335700e-14 5.424490e+03 1.000000e+00
   5368.812672 1.332600e-14 5.427240e+03 1.000000e+00
   5371.533398 1.342600e-14 5.429990e+03 1.000000e+00
   5374.254124 1.326000e-14 5.432740e+03 1.000000e+00
   5376.974849 1.288800e-14 5.435490e+03 1.000000e+00
   5379.695575 1.249600e-14 5.438240e+03 1.000000e+00
   5382.416301 1.259300e-14 5.440990e+03 1.000000e+00
   5385.137027 1.274300e-14 5.443740e+03 1.000000e+00
   5387.857752 1.281000e-14 5.446490e+03 1.000000e+00
   5390.578478 1.296900e-14 5.449240e+03 1.000000e+00
   5393.299204 1.306100e-14 5.451990e+03 1.000000e+00
   5396.019930 1.339200e-14 5.454740e+03 1.000000e+00
   5398.740656 1.299100e-14 5.457490e+03 1.000000e+00
   5401.461381 1.337300e-14 5.460240e+03 1.000000e+00
   5404.172105 1.301400e-14 5.462990e+03 1.000000e+00
   5406.892831 1.283700e-14 5.465740e+03 1.000000e+00
   5409.613557 1.241300e-14 5.468490e+03 1.000000e+00
   5412.334282 1.259000e-14 5.471240e+03 1.000000e+00
   5415.055008 1.233600e-14 5.473990e+03 1.000000e+00
   5417.775734 1.211600e-14 5.476740e+03 1.000000e+00
   5420.496460 1.228200e-14 5.479490e+03 1.000000e+00
   5423.217186 1.221700e-14 5.482240e+03 1.000000e+00
   5425.937912 1.252500e-14 5.484990e+03 1.000000e+00
   5428.658639 1.282100e-14 5.487740e+03 1.000000e+00
   5431.379365 1.296300e-14 5.490490e+03 1.000000e+00
   5434.100091 1.320200e-14 5.493240e+03 1.000000e+00
   5436.820817 1.328400e-14 5.495990e+03 1.000000e+00
   5439.541543 1.280200e-14 5.498740e+03 1.000000e+00
   5442.262269 1.282800e-14 5.501490e+03 1.000000e+00
   5444.982995 1.272600e-14 5.504240e+03 1.000000e+00
   5447.703721 1.277900e-14 5.506990e+03 1.000000e+00
   5450.424447 1.278500e-14 5.509740e+03 1.000000e+00
   5453.145174 1.339700e-14 5.512490e+03 1.000000e+00
   5455.865900 1.347200e-14 5.515240e+03 1.000000e+00
   5458.586626 1.329200e-14 5.517990e+03 1.000000e+00
   5461.307352 1.305800e-14 5.520740e+03 1.000000e+00
   5464.028079 1.311200e-14 5.523490e+03 1.000000e+00
   5466.748805 1.288100e-14 5.526240e+03 1.000000e+00
   5469.469531 1.271900e-14 5.528990e+03 1.000000e+00
   5472.190258 1.295600e-14 5.531740e+03 1.000000e+00
   5474.910984 1.281900e-14 5.534490e+03 1.000000e+00
   5477.621708 1.299800e-14 5.537240e+03 1.000000e+00
   5480.342434 1.290300e-14 5.539990e+03 1.000000e+00
   5483.063160 1.279000e-14 5.542740e+03 1.000000e+00
   5485.783887 1.249100e-14 5.545490e+03 1.000000e+00
   5488.504613 1.247700e-14 5.548240e+03 1.000000e+00
   5491.225340 1.241700e-14 5.550990e+03 1.000000e+00
   5493.946066 1.226500e-14 5.553740e+03 1.000000e+00
   5496.666792 1.246600e-14 5.556490e+03 1.000000e+00
   5499.387519 1.272100e-14 5.559240e+03 1.000000e+00
   5502.108245 1.256700e-14 5.561990e+03 1.000000e+00
   5504.828972 1.280700e-14 5.564740e+03 1.000000e+00
   5507.549698 1.281400e-14 5.567490e+03 1.000000e+00
   5510.270425 1.265400e-14 5.570240e+03 1.000000e+00
   5512.991152 1.255000e-14 5.572990e+03 1.000000e+00
   5515.711878 1.213400e-14 5.575740e+03 1.000000e+00
   5518.432605 1.256100e-14 5.578490e+03 1.000000e+00
   5521.153331 1.213200e-14 5.581240e+03 1.000000e+00
   5523.874058 1.231700e-14 5.583990e+03 1.000000e+00
   5526.594785 1.269200e-14 5.586740e+03 1.000000e+00
   5529.315511 1.305000e-14 5.589490e+03 1.000000e+00
   5532.036238 1.285500e-14 5.592240e+03 1.000000e+00
   5534.756965 1.304800e-14 5.594990e+03 1.000000e+00
   5537.477691 1.318600e-14 5.597740e+03 1.000000e+00
   5540.198418 1.317200e-14 5.600490e+03 1.000000e+00
   5542.919145 1.244400e-14 5.603240e+03 1.000000e+00
   5545.639872 1.231100e-14 5.605990e+03 1.000000e+00
   5548.360598 1.272800e-14 5.608740e+03 1.000000e+00
   5551.081325 1.289400e-14 5.611490e+03 1.000000e+00
   5553.792049 1.318800e-14 5.614240e+03 1.000000e+00
   5556.512776 1.309600e-14 5.616990e+03 1.000000e+00
   5559.233503 1.301800e-14 5.619740e+03 1.000000e+00
   5561.954230 1.291800e-14 5.622490e+03 1.000000e+00
   5564.674957 1.338200e-14 5.625240e+03 1.000000e+00
   5567.395683 1.316400e-14 5.627990e+03 1.000000e+00
   5570.116410 1.347100e-14 5.630740e+03 1.000000e+00
   5572.837137 1.285800e-14 5.633490e+03 1.000000e+00
   5575.557864 1.272900e-14 5.636240e+03 1.000000e+00
   5578.278591 1.306300e-14 5.638990e+03 1.000000e+00
   5580.999318 1.256200e-14 5.641740e+03 1.000000e+00
   5583.720045 1.238500e-14 5.644490e+03 1.000000e+00
   5586.440772 1.235300e-14 5.647240e+03 1.000000e+00
   5589.161499 1.247500e-14 5.649990e+03 1.000000e+00
   5591.882226 1.243400e-14 5.652740e+03 1.000000e+00
   5594.602953 1.270000e-14 5.655490e+03 1.000000e+00
   5597.323680 1.234000e-14 5.658240e+03 1.000000e+00
   5600.044407 1.235200e-14 5.660990e+03 1.000000e+00
   5602.765134 1.226300e-14 5.663740e+03 1.000000e+00
   5605.485861 1.262500e-14 5.666490e+03 1.000000e+00
   5608.206588 1.242000e-14 5.669240e+03 1.000000e+00
   5610.927316 1.272200e-14 5.671990e+03 1.000000e+00
   5613.648043 1.264200e-14 5.674740e+03 1.000000e+00
   5616.368770 1.238900e-14 5.677490e+03 1.000000e+00
   5619.089497 1.291800e-14 5.680240e+03 1.000000e+00
   5621.810224 1.315800e-14 5.682990e+03 1.000000e+00
   5624.530951 1.317100e-14 5.685740e+03 1.000000e+00
   5627.251679 1.292600e-14 5.688490e+03 1.000000e+00
   5629.962403 1.208800e-14 5.691240e+03 1.000000e+00
   5632.683130 1.263800e-14 5.693990e+03 1.000000e+00
   5635.403858 1.239700e-14 5.696740e+03 1.000000e+00
   5638.124585 1.222300e-14 5.699490e+03 1.000000e+00
   5640.845312 1.267400e-14 5.702240e+03 1.000000e+00
   5643.566040 1.295400e-14 5.704990e+03 1.000000e+00
   5646.286767 1.284100e-14 5.707740e+03 1.000000e+00
   5649.007494 1.231400e-14 5.710490e+03 1.000000e+00
   5651.728222 1.259300e-14 5.713240e+03 1.000000e+00
   5654.448949 1.242600e-14 5.715990e+03 1.000000e+00
   5657.169676 1.298500e-14 5.718740e+03 1.000000e+00
   5659.890404 1.298500e-14 5.721490e+03 1.000000e+00
   5662.611131 1.279400e-14 5.724240e+03 1.000000e+00
   5665.331859 1.298700e-14 5.726990e+03 1.000000e+00
   5668.052586 1.264600e-14 5.729740e+03 1.000000e+00
   5670.773313 1.250700e-14 5.732490e+03 1.000000e+00
   5673.494041 1.234900e-14 5.735240e+03 1.000000e+00
   5676.214768 1.244800e-14 5.737990e+03 1.000000e+00
   5678.935496 1.232200e-14 5.740740e+03 1.000000e+00
   5681.656223 1.292000e-14 5.743490e+03 1.000000e+00
   5684.376951 1.292000e-14 5.746240e+03 1.000000e+00
   5687.097678 1.337300e-14 5.748990e+03 1.000000e+00
   5689.818406 1.361500e-14 5.751740e+03 1.000000e+00
   5692.539134 1.347600e-14 5.754490e+03 1.000000e+00
   5695.259861 1.320500e-14 5.757240e+03 1.000000e+00
   5697.980589 1.266900e-14 5.759990e+03 1.000000e+00
   5700.701316 1.273200e-14 5.762740e+03 1.000000e+00
   5703.412041 1.282900e-14 5.765490e+03 1.000000e+00
   5706.132769 1.293400e-14 5.768240e+03 1.000000e+00
   5708.853497 1.317300e-14 5.770990e+03 1.000000e+00
   5711.574224 1.315400e-14 5.773740e+03 1.000000e+00
   5714.294952 1.263100e-14 5.776490e+03 1.000000e+00
   5717.015680 1.268100e-14 5.779240e+03 1.000000e+00
   5719.736407 1.235600e-14 5.781990e+03 1.000000e+00
   5722.457135 1.241300e-14 5.784740e+03 1.000000e+00
   5725.177863 1.229800e-14 5.787490e+03 1.000000e+00
   5727.898591 1.261500e-14 5.790240e+03 1.000000e+00
   5730.619318 1.291200e-14 5.792990e+03 1.000000e+00
   5733.340046 1.279100e-14 5.795740e+03 1.000000e+00
   5736.060774 1.306700e-14 5.798490e+03 1.000000e+00
   5738.781502 1.312500e-14 5.801240e+03 1.000000e+00
   5741.502230 1.310800e-14 5.803990e+03 1.000000e+00
   5744.222957 1.301400e-14 5.806740e+03 1.000000e+00
   5746.943685 1.331400e-14 5.809490e+03 1.000000e+00
   5749.664413 1.309800e-14 5.812240e+03 1.000000e+00
   5752.385141 1.297300e-14 5.814990e+03 1.000000e+00
   5755.105869 1.311100e-14 5.817740e+03 1.000000e+00
   5757.826597 1.334300e-14 5.820490e+03 1.000000e+00
   5760.547325 1.307400e-14 5.823240e+03 1.000000e+00
   5763.268053 1.284400e-14 5.825990e+03 1.000000e+00
   5765.988781 1.302800e-14 5.828740e+03 1.000000e+00
   5768.709509 1.320600e-14 5.831490e+03 1.000000e+00
   5771.430237 1.317900e-14 5.834240e+03 1.000000e+00
   5774.150965 1.294000e-14 5.836990e+03 1.000000e+00
   5776.871693 1.321800e-14 5.839740e+03 1.000000e+00
   5779.582418 1.336600e-14 5.842490e+03 1.000000e+00
   5782.303146 1.329700e-14 5.845240e+03 1.000000e+00
   5785.023874 1.298400e-14 5.847990e+03 1.000000e+00
   5787.744602 1.296800e-14 5.850740e+03 1.000000e+00
   5790.465330 1.281300e-14 5.853490e+03 1.000000e+00
   5793.186058 1.297600e-14 5.856240e+03 1.000000e+00
   5795.906786 1.299300e-14 5.858990e+03 1.000000e+00
   5798.627515 1.206300e-14 5.861740e+03 1.000000e+00
   5801.348243 1.270300e-14 5.864490e+03 1.000000e+00
   5804.068971 1.258900e-14 5.867240e+03 1.000000e+00
   5806.789699 1.291200e-14 5.869990e+03 1.000000e+00
   5809.510427 1.291400e-14 5.872740e+03 1.000000e+00
   5812.231155 1.271900e-14 5.875490e+03 1.000000e+00
   5814.951884 1.336500e-14 5.878240e+03 1.000000e+00
   5817.672612 1.323700e-14 5.880990e+03 1.000000e+00
   5820.393340 1.309600e-14 5.883740e+03 1.000000e+00
   5823.114068 1.316000e-14 5.886490e+03 1.000000e+00
   5825.834796 1.326800e-14 5.889240e+03 1.000000e+00
   5828.555525 1.311700e-14 5.891990e+03 1.000000e+00
   5831.276253 1.337900e-14 5.894740e+03 1.000000e+00
   5833.996981 1.332900e-14 5.897490e+03 1.000000e+00
   5836.717710 1.328600e-14 5.900240e+03 1.000000e+00
   5839.438438 1.371200e-14 5.902990e+03 1.000000e+00
   5842.159166 1.326800e-14 5.905740e+03 1.000000e+00
   5844.879895 1.308100e-14 5.908490e+03 1.000000e+00
   5847.600623 1.324600e-14 5.911240e+03 1.000000e+00
   5850.321351 1.310500e-14 5.913990e+03 1.000000e+00
   5853.042080 1.292000e-14 5.916740e+03 1.000000e+00
   5855.752805 1.286200e-14 5.919490e+03 1.000000e+00
   5858.473534 1.272500e-14 5.922240e+03 1.000000e+00
   5861.194262 1.304200e-14 5.924990e+03 1.000000e+00
   5863.914991 1.281300e-14 5.927740e+03 1.000000e+00
   5866.635719 1.249500e-14 5.930490e+03 1.000000e+00
   5869.356448 1.273600e-14 5.933240e+03 1.000000e+00
   5872.077176 1.218500e-14 5.935990e+03 1.000000e+00
   5874.797905 1.231700e-14 5.938740e+03 1.000000e+00
   5877.518633 1.279800e-14 5.941490e+03 1.000000e+00
   5880.239362 1.259700e-14 5.944240e+03 1.000000e+00
   5882.960090 1.263500e-14 5.946990e+03 1.000000e+00
   5885.680819 1.253700e-14 5.949740e+03 1.000000e+00
   5888.401547 1.288000e-14 5.952490e+03 1.000000e+00
   5891.122276 1.300100e-14 5.955240e+03 1.000000e+00
   5893.843004 1.266000e-14 5.957990e+03 1.000000e+00
   5896.563733 1.270700e-14 5.960740e+03 1.000000e+00
   5899.284462 1.206200e-14 5.963490e+03 1.000000e+00
   5902.005190 1.167700e-14 5.966240e+03 1.000000e+00
   5904.725919 1.116200e-14 5.968990e+03 1.000000e+00
   5907.446648 1.077900e-14 5.971740e+03 1.000000e+00
   5910.167376 1.052100e-14 5.974490e+03 1.000000e+00
   5912.888105 1.132400e-14 5.977240e+03 1.000000e+00
   5915.608834 1.166700e-14 5.979990e+03 1.000000e+00
   5918.329562 1.192600e-14 5.982740e+03 1.000000e+00
   5921.050291 1.218700e-14 5.985490e+03 1.000000e+00
   5923.771020 1.226700e-14 5.988240e+03 1.000000e+00
   5926.491748 1.221000e-14 5.990990e+03 1.000000e+00
   5929.202475 1.251800e-14 5.993740e+03 1.000000e+00
   5931.923203 1.242400e-14 5.996490e+03 1.000000e+00
   5934.643932 1.266200e-14 5.999240e+03 1.000000e+00
   5937.364661 1.271900e-14 6.001990e+03 1.000000e+00
   5940.085390 1.299300e-14 6.004740e+03 1.000000e+00
   5942.806118 1.274600e-14 6.007490e+03 1.000000e+00
   5945.526847 1.300900e-14 6.010240e+03 1.000000e+00
   5948.247576 1.273400e-14 6.012990e+03 1.000000e+00
   5950.968305 1.277500e-14 6.015740e+03 1.000000e+00
   5953.689034 1.355500e-14 6.018490e+03 1.000000e+00
   5956.409763 1.274200e-14 6.021240e+03 1.000000e+00
   5959.130492 1.269900e-14 6.023990e+03 1.000000e+00
   5961.851220 1.269800e-14 6.026740e+03 1.000000e+00
   5964.571949 1.260500e-14 6.029490e+03 1.000000e+00
   5967.292678 1.289600e-14 6.032240e+03 1.000000e+00
   5970.013407 1.237400e-14 6.034990e+03 1.000000e+00
   5972.734136 1.272500e-14 6.037740e+03 1.000000e+00
   5975.454865 1.290400e-14 6.040490e+03 1.000000e+00
   5978.175594 1.293900e-14 6.043240e+03 1.000000e+00
   5980.896323 1.267900e-14 6.045990e+03 1.000000e+00
   5983.617052 1.262800e-14 6.048740e+03 1.000000e+00
   5986.337781 1.316900e-14 6.051490e+03 1.000000e+00
   5989.058510 1.256600e-14 6.054240e+03 1.000000e+00
   5991.779239 1.260600e-14 6.056990e+03 1.000000e+00
   5994.499968 1.220000e-14 6.059740e+03 1.000000e+00
   5997.220697 1.233800e-14 6.062490e+03 1.000000e+00
   5999.941426 1.254000e-14 6.065240e+03 1.000000e+00
   6002.662155 1.267000e-14 6.067990e+03 1.000000e+00
   6005.372882 1.263100e-14 6.070740e+03 1.000000e+00
   6008.093611 1.221600e-14 6.073490e+03 1.000000e+00
   6010.814340 1.317900e-14 6.076240e+03 1.000000e+00
   6013.535069 1.312200e-14 6.078990e+03 1.000000e+00
   6016.255798 1.230500e-14 6.081740e+03 1.000000e+00
   6018.976528 1.257400e-14 6.084490e+03 1.000000e+00
   6021.697257 1.240100e-14 6.087240e+03 1.000000e+00
   6024.417986 1.225900e-14 6.089990e+03 1.000000e+00
   6027.138715 1.262300e-14 6.092740e+03 1.000000e+00
   6029.859444 1.193100e-14 6.095490e+03 1.000000e+00
   6032.580174 1.255300e-14 6.098240e+03 1.000000e+00
   6035.300903 1.171200e-14 6.100990e+03 1.000000e+00
   6038.021632 1.262100e-14 6.103740e+03 1.000000e+00
   6040.742361 1.206100e-14 6.106490e+03 1.000000e+00
   6043.463091 1.234300e-14 6.109240e+03 1.000000e+00
   6046.183820 1.265500e-14 6.111990e+03 1.000000e+00
   6048.904549 1.271600e-14 6.114740e+03 1.000000e+00
   6051.625278 1.271600e-14 6.117490e+03 1.000000e+00
   6054.346008 1.282200e-14 6.120240e+03 1.000000e+00
   6057.066737 1.262900e-14 6.122990e+03 1.000000e+00
   6059.787466 1.278100e-14 6.125740e+03 1.000000e+00
   6062.508196 1.288000e-14 6.128490e+03 1.000000e+00
   6065.228925 1.319200e-14 6.131240e+03 1.000000e+00
   6067.949654 1.292900e-14 6.133990e+03 1.000000e+00
   6070.670384 1.319900e-14 6.136740e+03 1.000000e+00
   6073.391113 1.292400e-14 6.139490e+03 1.000000e+00
   6076.111843 1.236400e-14 6.142240e+03 1.000000e+00
   6078.822569 1.249000e-14 6.144990e+03 1.000000e+00
   6081.543299 1.253900e-14 6.147740e+03 1.000000e+00
   6084.264028 1.298200e-14 6.150490e+03 1.000000e+00
   6086.984758 1.301800e-14 6.153240e+03 1.000000e+00
   6089.705487 1.269900e-14 6.155990e+03 1.000000e+00
   6092.426217 1.276600e-14 6.158740e+03 1.000000e+00
   6095.146946 1.234300e-14 6.161490e+03 1.000000e+00
   6097.867676 1.268800e-14 6.164240e+03 1.000000e+00
   6100.588405 1.254700e-14 6.166990e+03 1.000000e+00
   6103.309135 1.268200e-14 6.169740e+03 1.000000e+00
   6106.029864 1.228800e-14 6.172490e+03 1.000000e+00
   6108.750594 1.217000e-14 6.175240e+03 1.000000e+00
   6111.471323 1.211900e-14 6.177990e+03 1.000000e+00
   6114.192053 1.236500e-14 6.180740e+03 1.000000e+00
   6116.912782 1.279900e-14 6.183490e+03 1.000000e+00
   6119.633512 1.274600e-14 6.186240e+03 1.000000e+00
   6122.354242 1.250100e-14 6.188990e+03 1.000000e+00
   6125.074971 1.290600e-14 6.191740e+03 1.000000e+00
   6127.795701 1.276000e-14 6.194490e+03 1.000000e+00
   6130.516430 1.244200e-14 6.197240e+03 1.000000e+00
   6133.237160 1.271800e-14 6.199990e+03 1.000000e+00
   6135.957890 1.249800e-14 6.202740e+03 1.000000e+00
   6138.678619 1.189300e-14 6.205490e+03 1.000000e+00
   6141.399349 1.188700e-14 6.208240e+03 1.000000e+00
   6144.120079 1.219500e-14 6.210990e+03 1.000000e+00
   6146.840809 1.250400e-14 6.213740e+03 1.000000e+00
   6149.561538 1.217000e-14 6.216490e+03 1.000000e+00
   6152.282268 1.227400e-14 6.219240e+03 1.000000e+00
   6154.992995 1.211100e-14 6.221990e+03 1.000000e+00
   6157.713725 1.253600e-14 6.224740e+03 1.000000e+00
   6160.434455 1.244400e-14 6.227490e+03 1.000000e+00
   6163.155184 1.237700e-14 6.230240e+03 1.000000e+00
   6165.875914 1.289700e-14 6.232990e+03 1.000000e+00
   6168.596644 1.321000e-14 6.235740e+03 1.000000e+00
   6171.317374 1.254300e-14 6.238490e+03 1.000000e+00
   6174.038104 1.191000e-14 6.241240e+03 1.000000e+00
   6176.758833 1.179800e-14 6.243990e+03 1.000000e+00
   6179.479563 1.186500e-14 6.246740e+03 1.000000e+00
   6182.200293 1.200300e-14 6.249490e+03 1.000000e+00
   6184.921023 1.163100e-14 6.252240e+03 1.000000e+00
   6187.641753 1.206200e-14 6.254990e+03 1.000000e+00
   6190.362483 1.238000e-14 6.257740e+03 1.000000e+00
   6193.083213 1.218500e-14 6.260490e+03 1.000000e+00
   6195.803942 1.271700e-14 6.263240e+03 1.000000e+00
   6198.524672 1.232600e-14 6.265990e+03 1.000000e+00
   6201.245402 1.202000e-14 6.268740e+03 1.000000e+00
   6203.966132 1.204600e-14 6.271490e+03 1.000000e+00
   6206.686862 1.236800e-14 6.274240e+03 1.000000e+00
   6209.407592 1.211800e-14 6.276990e+03 1.000000e+00
   6212.128322 1.235800e-14 6.279740e+03 1.000000e+00
   6214.849052 1.235600e-14 6.282490e+03 1.000000e+00
   6217.569782 1.249200e-14 6.285240e+03 1.000000e+00
   6220.290512 1.229900e-14 6.287990e+03 1.000000e+00
   6223.011242 1.270100e-14 6.290740e+03 1.000000e+00
   6225.731972 1.263300e-14 6.293490e+03 1.000000e+00
   6228.452702 1.204500e-14 6.296240e+03 1.000000e+00
   6231.163430 1.219000e-14 6.298990e+03 1.000000e+00
   6233.884160 1.219500e-14 6.301740e+03 1.000000e+00
   6236.604890 1.158900e-14 6.304490e+03 1.000000e+00
   6239.325620 1.169900e-14 6.307240e+03 1.000000e+00
   6242.046350 1.182000e-14 6.309990e+03 1.000000e+00
   6244.767080 1.197100e-14 6.312740e+03 1.000000e+00
   6247.487810 1.177000e-14 6.315490e+03 1.000000e+00
   6250.208540 1.186300e-14 6.318240e+03 1.000000e+00
   6252.929270 1.195900e-14 6.320990e+03 1.000000e+00
   6255.650000 1.173100e-14 6.323740e+03 1.000000e+00
   6258.370731 1.220300e-14 6.326490e+03 1.000000e+00
   6261.091461 1.144800e-14 6.329240e+03 1.000000e+00
   6263.812191 1.150100e-14 6.331990e+03 1.000000e+00
   6266.532921 1.161900e-14 6.334740e+03 1.000000e+00
   6269.253651 1.150200e-14 6.337490e+03 1.000000e+00
   6271.974381 1.106900e-14 6.340240e+03 1.000000e+00
   6274.695112 1.185800e-14 6.342990e+03 1.000000e+00
   6277.415842 1.177600e-14 6.345740e+03 1.000000e+00
   6280.136572 1.219500e-14 6.348490e+03 1.000000e+00
   6282.857302 1.203700e-14 6.351240e+03 1.000000e+00
   6285.578033 1.214700e-14 6.353990e+03 1.000000e+00
   6288.298763 1.186500e-14 6.356740e+03 1.000000e+00
   6291.019493 1.172600e-14 6.359490e+03 1.000000e+00
   6293.740224 1.213200e-14 6.362240e+03 1.000000e+00
   6296.460954 1.165600e-14 6.364990e+03 1.000000e+00
   6299.181684 1.219700e-14 6.367740e+03 1.000000e+00
   6301.902414 1.223500e-14 6.370490e+03 1.000000e+00
   6304.613142 1.224100e-14 6.373240e+03 1.000000e+00
   6307.333872 1.200100e-14 6.375990e+03 1.000000e+00
   6310.054603 1.213700e-14 6.378740e+03 1.000000e+00
   6312.775333 1.147300e-14 6.381490e+03 1.000000e+00
   6315.496064 1.214500e-14 6.384240e+03 1.000000e+00
   6318.216794 1.213600e-14 6.386990e+03 1.000000e+00
   6320.937524 1.225400e-14 6.389740e+03 1.000000e+00
   6323.658255 1.217100e-14 6.392490e+03 1.000000e+00
   6326.378985 1.215700e-14 6.395240e+03 1.000000e+00
   6329.099716 1.162100e-14 6.397990e+03 1.000000e+00
   6331.820446 1.212300e-14 6.400740e+03 1.000000e+00
   6334.541176 1.162700e-14 6.403490e+03 1.000000e+00
   6337.261907 1.195800e-14 6.406240e+03 1.000000e+00
   6339.982637 1.171700e-14 6.408990e+03 1.000000e+00
   6342.703368 1.208400e-14 6.411740e+03 1.000000e+00
   6345.424098 1.245800e-14 6.414490e+03 1.000000e+00
   6348.144829 1.237600e-14 6.417240e+03 1.000000e+00
   6350.865559 1.222800e-14 6.419990e+03 1.000000e+00
   6353.586290 1.177000e-14 6.422740e+03 1.000000e+00
   6356.307020 1.200700e-14 6.425490e+03 1.000000e+00
   6359.027751 1.204800e-14 6.428240e+03 1.000000e+00
   6361.748481 1.231600e-14 6.430990e+03 1.000000e+00
   6364.469212 1.225100e-14 6.433740e+03 1.000000e+00
   6367.189943 1.204200e-14 6.436490e+03 1.000000e+00
   6369.910673 1.176400e-14 6.439240e+03 1.000000e+00
   6372.631404 1.204900e-14 6.441990e+03 1.000000e+00
   6375.352134 1.173600e-14 6.444740e+03 1.000000e+00
   6378.072865 1.159500e-14 6.447490e+03 1.000000e+00
   6380.783593 1.195300e-14 6.450240e+03 1.000000e+00
   6383.504323 1.197700e-14 6.452990e+03 1.000000e+00
   6386.225054 1.215200e-14 6.455740e+03 1.000000e+00
   6388.945785 1.220900e-14 6.458490e+03 1.000000e+00
   6391.666515 1.247600e-14 6.461240e+03 1.000000e+00
   6394.387246 1.252700e-14 6.463990e+03 1.000000e+00
   6397.107977 1.237600e-14 6.466740e+03 1.000000e+00
   6399.828707 1.232900e-14 6.469490e+03 1.000000e+00
   6402.549438 1.190200e-14 6.472240e+03 1.000000e+00
   6405.270169 1.183700e-14 6.474990e+03 1.000000e+00
   6407.990899 1.179300e-14 6.477740e+03 1.000000e+00
   6410.711630 1.165100e-14 6.480490e+03 1.000000e+00
   6413.432361 1.175400e-14 6.483240e+03 1.000000e+00
   6416.153092 1.167600e-14 6.485990e+03 1.000000e+00
   6418.873822 1.189600e-14 6.488740e+03 1.000000e+00
   6421.594553 1.215000e-14 6.491490e+03 1.000000e+00
   6424.315284 1.183200e-14 6.494240e+03 1.000000e+00
   6427.036015 1.221500e-14 6.496990e+03 1.000000e+00
   6429.756746 1.241000e-14 6.499740e+03 1.000000e+00
   6432.477476 1.215200e-14 6.502490e+03 1.000000e+00
   6435.198207 1.225300e-14 6.505240e+03 1.000000e+00
   6437.918938 1.184400e-14 6.507990e+03 1.000000e+00
   6440.639669 1.202700e-14 6.510740e+03 1.000000e+00
   6443.360400 1.248600e-14 6.513490e+03 1.000000e+00
   6446.081131 1.189400e-14 6.516240e+03 1.000000e+00
   6448.801861 1.197900e-14 6.518990e+03 1.000000e+00
   6451.522592 1.214200e-14 6.521740e+03 1.000000e+00
   6454.243323 1.232000e-14 6.524490e+03 1.000000e+00
   6456.954051 1.217400e-14 6.527240e+03 1.000000e+00
   6459.674782 1.251900e-14 6.529990e+03 1.000000e+00
   6462.395513 1.276600e-14 6.532740e+03 1.000000e+00
   6465.116244 1.192500e-14 6.535490e+03 1.000000e+00
   6467.836975 1.198600e-14 6.538240e+03 1.000000e+00
   6470.557706 1.192300e-14 6.540990e+03 1.000000e+00
   6473.278437 1.223000e-14 6.543740e+03 1.000000e+00
   6475.999168 1.227200e-14 6.546490e+03 1.000000e+00
   6478.719899 1.213000e-14 6.549240e+03 1.000000e+00
   6481.440630 1.277200e-14 6.551990e+03 1.000000e+00
   6484.161361 1.278100e-14 6.554740e+03 1.000000e+00
   6486.882092 1.218200e-14 6.557490e+03 1.000000e+00
   6489.602823 1.210700e-14 6.560240e+03 1.000000e+00
   6492.323554 1.241400e-14 6.562990e+03 1.000000e+00
   6495.044285 1.172200e-14 6.565740e+03 1.000000e+00
   6497.765016 1.219100e-14 6.568490e+03 1.000000e+00
   6500.485747 1.186900e-14 6.571240e+03 1.000000e+00
   6503.206478 1.237800e-14 6.573990e+03 1.000000e+00
   6505.927209 1.164200e-14 6.576740e+03 1.000000e+00
   6508.647940 1.184100e-14 6.579490e+03 1.000000e+00
   6511.368671 1.124600e-14 6.582240e+03 1.000000e+00
   6514.089402 1.089900e-14 6.584990e+03 1.000000e+00
   6516.810133 1.122700e-14 6.587740e+03 1.000000e+00
   6519.530864 1.174900e-14 6.590490e+03 1.000000e+00
   6522.251595 1.194700e-14 6.593240e+03 1.000000e+00
   6524.972327 1.193000e-14 6.595990e+03 1.000000e+00
   6527.693058 1.230700e-14 6.598740e+03 1.000000e+00
   6530.403786 1.233400e-14 6.601490e+03 1.000000e+00
   6533.124517 1.211100e-14 6.604240e+03 1.000000e+00
   6535.845248 1.174900e-14 6.606990e+03 1.000000e+00
   6538.565980 1.204000e-14 6.609740e+03 1.000000e+00
   6541.286711 1.213100e-14 6.612490e+03 1.000000e+00
   6544.007442 1.210600e-14 6.615240e+03 1.000000e+00
   6546.728173 1.224500e-14 6.617990e+03 1.000000e+00
   6549.448904 1.210200e-14 6.620740e+03 1.000000e+00
   6552.169636 1.205500e-14 6.623490e+03 1.000000e+00
   6554.890367 1.206700e-14 6.626240e+03 1.000000e+00
   6557.611098 1.244200e-14 6.628990e+03 1.000000e+00
   6560.331829 1.253100e-14 6.631740e+03 1.000000e+00
   6563.052561 1.261400e-14 6.634490e+03 1.000000e+00
   6565.773292 1.224500e-14 6.637240e+03 1.000000e+00
   6568.494023 1.192800e-14 6.639990e+03 1.000000e+00
   6571.214754 1.137600e-14 6.642740e+03 1.000000e+00
   6573.935486 1.117400e-14 6.645490e+03 1.000000e+00
   6576.656217 1.123800e-14 6.648240e+03 1.000000e+00
   6579.376948 1.107700e-14 6.650990e+03 1.000000e+00
   6582.097680 1.103400e-14 6.653740e+03 1.000000e+00
   6584.818411 1.126200e-14 6.656490e+03 1.000000e+00
   6587.539142 1.158800e-14 6.659240e+03 1.000000e+00
   6590.259874 1.200700e-14 6.661990e+03 1.000000e+00
   6592.980605 1.210800e-14 6.664740e+03 1.000000e+00
   6595.701336 1.275200e-14 6.667490e+03 1.000000e+00
   6598.422068 1.392100e-14 6.670240e+03 1.000000e+00
   6601.142799 1.434900e-14 6.672990e+03 1.000000e+00
   6603.863530 1.375500e-14 6.675740e+03 1.000000e+00
   6606.574259 1.264200e-14 6.678490e+03 1.000000e+00
   6609.294991 1.191100e-14 6.681240e+03 1.000000e+00
   6612.015722 1.142700e-14 6.683990e+03 1.000000e+00
   6614.736453 1.170400e-14 6.686740e+03 1.000000e+00
   6617.457185 1.193500e-14 6.689490e+03 1.000000e+00
   6620.177916 1.192500e-14 6.692240e+03 1.000000e+00
   6622.898648 1.198500e-14 6.694990e+03 1.000000e+00
   6625.619379 1.202800e-14 6.697740e+03 1.000000e+00
   6628.340111 1.230200e-14 6.700490e+03 1.000000e+00
   6631.060842 1.265000e-14 6.703240e+03 1.000000e+00
   6633.781574 1.198500e-14 6.705990e+03 1.000000e+00
   6636.502305 1.256800e-14 6.708740e+03 1.000000e+00
   6639.223037 1.192100e-14 6.711490e+03 1.000000e+00
   6641.943768 1.219000e-14 6.714240e+03 1.000000e+00
   6644.664500 1.176600e-14 6.716990e+03 1.000000e+00
   6647.385231 1.201100e-14 6.719740e+03 1.000000e+00
   6650.105963 1.207600e-14 6.722490e+03 1.000000e+00
   6652.826694 1.238500e-14 6.725240e+03 1.000000e+00
   6655.547426 1.214600e-14 6.727990e+03 1.000000e+00
   6658.268157 1.209900e-14 6.730740e+03 1.000000e+00
   6660.988889 1.203300e-14 6.733490e+03 1.000000e+00
   6663.709621 1.205400e-14 6.736240e+03 1.000000e+00
   6666.430352 1.157600e-14 6.738990e+03 1.000000e+00
   6669.151084 1.195400e-14 6.741740e+03 1.000000e+00
   6671.871815 1.175300e-14 6.744490e+03 1.000000e+00
   6674.592547 1.207100e-14 6.747240e+03 1.000000e+00
   6677.313279 1.153200e-14 6.749990e+03 1.000000e+00
   6680.024007 1.187900e-14 6.752740e+03 1.000000e+00
   6682.744739 1.226700e-14 6.755490e+03 1.000000e+00
   6685.465471 1.191500e-14 6.758240e+03 1.000000e+00
   6688.186202 1.191600e-14 6.760990e+03 1.000000e+00
   6690.906934 1.132000e-14 6.763740e+03 1.000000e+00
   6693.627666 1.171400e-14 6.766490e+03 1.000000e+00
   6696.348397 1.165700e-14 6.769240e+03 1.000000e+00
   6699.069129 1.213900e-14 6.771990e+03 1.000000e+00
   6701.789861 1.181900e-14 6.774740e+03 1.000000e+00
   6704.510593 1.215100e-14 6.777490e+03 1.000000e+00
   6707.231324 1.181000e-14 6.780240e+03 1.000000e+00
   6709.952056 1.160600e-14 6.782990e+03 1.000000e+00
   6712.672788 1.149800e-14 6.785740e+03 1.000000e+00
   6715.393519 1.116300e-14 6.788490e+03 1.000000e+00
   6718.114251 1.196600e-14 6.791240e+03 1.000000e+00
   6720.834983 1.199600e-14 6.793990e+03 1.000000e+00
   6723.555715 1.126500e-14 6.796740e+03 1.000000e+00
   6726.276447 1.194100e-14 6.799490e+03 1.000000e+00
   6728.997178 1.196300e-14 6.802240e+03 1.000000e+00
   6731.717910 1.206900e-14 6.804990e+03 1.000000e+00
   6734.438642 1.163000e-14 6.807740e+03 1.000000e+00
   6737.159374 1.157000e-14 6.810490e+03 1.000000e+00
   6739.880106 1.173600e-14 6.813240e+03 1.000000e+00
   6742.600837 1.256000e-14 6.815990e+03 1.000000e+00
   6745.321569 1.240800e-14 6.818740e+03 1.000000e+00
   6748.042301 1.216800e-14 6.821490e+03 1.000000e+00
   6750.763033 1.194100e-14 6.824240e+03 1.000000e+00
   6753.483765 1.256400e-14 6.826990e+03 1.000000e+00
   6756.194494 1.173100e-14 6.829740e+03 1.000000e+00
   6765.476991 1.205700e-14 6.839120e+03 0.000000e+00
   6781.071186 1.200400e-14 6.854880e+03 0.000000e+00
   6796.705392 1.203400e-14 6.870680e+03 0.000000e+00
   6812.369607 1.206400e-14 6.886520e+03 0.000000e+00
   6828.073832 1.198300e-14 6.902400e+03 0.000000e+00
   6843.808066 1.201300e-14 6.918310e+03 0.000000e+00
   6859.592314 1.196000e-14 6.934260e+03 0.000000e+00
   6875.406569 1.193500e-14 6.950240e+03 0.000000e+00
   6891.250834 1.191000e-14 6.966260e+03 0.000000e+00
   6907.145112 1.196700e-14 6.982330e+03 0.000000e+00
   6923.059395 1.197000e-14 6.998420e+03 0.000000e+00
   6939.023693 1.205500e-14 7.014550e+03 0.000000e+00
   6955.017998 1.203000e-14 7.030720e+03 0.000000e+00
   6971.052315 1.203200e-14 7.046930e+03 0.000000e+00
   6987.116640 1.189700e-14 7.063180e+03 0.000000e+00
   7003.220976 1.195400e-14 7.079460e+03 0.000000e+00
   7019.375326 1.201100e-14 7.095780e+03 0.000000e+00
   7035.549682 1.198600e-14 7.112140e+03 0.000000e+00
   7051.774051 1.218300e-14 7.128530e+03 0.000000e+00
   7068.028428 1.210200e-14 7.144960e+03 0.000000e+00
   7084.322817 1.213200e-14 7.161430e+03 0.000000e+00
   7100.647214 1.210700e-14 7.177940e+03 0.000000e+00
   7117.021624 1.210900e-14 7.194490e+03 0.000000e+00
   7133.426043 1.211200e-14 7.211080e+03 0.000000e+00
   7149.870473 1.208600e-14 7.227700e+03 0.000000e+00
   7166.344912 1.211700e-14 7.244360e+03 0.000000e+00
   7182.869364 1.149400e-14 7.261060e+03 0.000000e+00
   7199.433827 1.131300e-14 7.277800e+03 0.000000e+00
   7216.028298 1.163200e-14 7.294570e+03 0.000000e+00
   7232.662781 1.190500e-14 7.311390e+03 0.000000e+00
   7249.337274 1.163700e-14 7.328250e+03 0.000000e+00
   7266.041776 1.191000e-14 7.345140e+03 0.000000e+00
   7282.796291 1.161500e-14 7.362070e+03 0.000000e+00
   7299.580815 1.161700e-14 7.379040e+03 0.000000e+00
   7316.405350 1.191800e-14 7.396050e+03 0.000000e+00
   7333.269896 1.208600e-14 7.413100e+03 0.000000e+00
   7350.184456 1.225700e-14 7.430190e+03 0.000000e+00
   7367.129024 1.203600e-14 7.447320e+03 0.000000e+00
   7384.103600 1.220600e-14 7.464490e+03 0.000000e+00
   7401.128190 1.204100e-14 7.481700e+03 0.000000e+00
   7418.192791 1.209900e-14 7.498940e+03 0.000000e+00
   7435.287400 1.210100e-14 7.516230e+03 0.000000e+00
   7452.432024 1.213200e-14 7.533560e+03 0.000000e+00
   7469.616658 1.216200e-14 7.550920e+03 0.000000e+00
   7486.831300 1.222100e-14 7.568330e+03 0.000000e+00
   7504.095957 1.202800e-14 7.585780e+03 0.000000e+00
   7521.390621 1.205900e-14 7.603260e+03 0.000000e+00
   7538.725297 1.220100e-14 7.620790e+03 0.000000e+00
   7556.099983 1.220300e-14 7.638360e+03 0.000000e+00
   7573.524684 1.215000e-14 7.655970e+03 0.000000e+00
   7590.979392 1.212500e-14 7.673610e+03 0.000000e+00
   7608.484115 1.198800e-14 7.691300e+03 0.000000e+00
   7626.018845 1.204600e-14 7.709040e+03 0.000000e+00
   7643.603590 1.196600e-14 7.726810e+03 0.000000e+00
   7661.218343 1.196900e-14 7.744620e+03 0.000000e+00
   7678.883109 1.132800e-14 7.762470e+03 0.000000e+00
   7696.587887 1.186400e-14 7.780370e+03 0.000000e+00
   7714.322672 1.178500e-14 7.798300e+03 0.000000e+00
   7732.107472 1.184200e-14 7.816280e+03 0.000000e+00
   7749.932283 1.187200e-14 7.834300e+03 0.000000e+00
   7767.797104 1.179300e-14 7.852360e+03 0.000000e+00
   7785.701937 1.160700e-14 7.870460e+03 0.000000e+00
   7803.656783 1.171700e-14 7.888600e+03 0.000000e+00
   7821.641638 1.177300e-14 7.906790e+03 0.000000e+00
   7839.666504 1.177600e-14 7.925010e+03 0.000000e+00
   7857.741383 1.191500e-14 7.943280e+03 0.000000e+00
   7875.856274 1.191800e-14 7.961590e+03 0.000000e+00
   7894.011175 1.189300e-14 7.979950e+03 0.000000e+00
   7912.216091 1.186800e-14 7.998340e+03 0.000000e+00
   7930.451014 1.178900e-14 8.016780e+03 0.000000e+00
   7948.735952 1.171100e-14 8.035260e+03 0.000000e+00
   7967.050897 1.171300e-14 8.053780e+03 0.000000e+00
   7985.425859 1.177000e-14 8.072350e+03 0.000000e+00
   8003.830830 1.177300e-14 8.090960e+03 0.000000e+00
   8022.275811 1.172100e-14 8.109610e+03 0.000000e+00
   8040.770806 1.177800e-14 8.128310e+03 0.000000e+00
   8059.305812 1.169900e-14 8.147040e+03 0.000000e+00
   8077.890832 1.175600e-14 8.165820e+03 0.000000e+00
   8096.515863 1.159700e-14 8.184650e+03 0.000000e+00
   8115.170902 1.178900e-14 8.203520e+03 0.000000e+00
   8133.875955 1.176400e-14 8.222430e+03 0.000000e+00
   8152.631022 1.149900e-14 8.241380e+03 0.000000e+00
   8171.426100 1.100900e-14 8.260380e+03 0.000000e+00
   8190.261189 1.126800e-14 8.279420e+03 0.000000e+00
   8209.136288 1.114200e-14 8.298510e+03 0.000000e+00
   8228.071404 1.161600e-14 8.317640e+03 0.000000e+00
   8247.036529 1.151200e-14 8.336810e+03 0.000000e+00
   8266.041665 1.151500e-14 8.356030e+03 0.000000e+00
   8285.106817 1.130700e-14 8.375290e+03 0.000000e+00
   8304.201977 1.144100e-14 8.394600e+03 0.000000e+00
   8323.337148 1.149700e-14 8.413950e+03 0.000000e+00
   8342.532336 1.147300e-14 8.433350e+03 0.000000e+00
   8361.757532 1.166200e-14 8.452790e+03 0.000000e+00
   8381.032742 1.158400e-14 8.472270e+03 0.000000e+00
   8400.357965 1.127100e-14 8.491800e+03 0.000000e+00
   8419.723200 1.153700e-14 8.511380e+03 0.000000e+00
   8439.128445 1.153900e-14 8.531000e+03 0.000000e+00
   8458.583705 1.146300e-14 8.550670e+03 0.000000e+00
   8478.088978 1.120400e-14 8.570380e+03 0.000000e+00
   8497.624259 1.170800e-14 8.590140e+03 0.000000e+00
   8517.219557 1.149700e-14 8.609940e+03 0.000000e+00
   8536.854866 1.158000e-14 8.629790e+03 0.000000e+00
   8556.530185 1.015800e-14 8.649680e+03 0.000000e+00
   8576.255519 1.158500e-14 8.669620e+03 0.000000e+00
   8596.020864 1.142900e-14 8.689600e+03 0.000000e+00
   8615.846225 1.137900e-14 8.709640e+03 0.000000e+00
   8635.701594 1.143500e-14 8.729710e+03 0.000000e+00
   8655.606977 1.130600e-14 8.749840e+03 0.000000e+00
   8675.562374 9.320400e-15 8.770010e+03 0.000000e+00
   8695.557782 1.110600e-14 8.790230e+03 0.000000e+00
   8715.603203 1.121100e-14 8.810490e+03 0.000000e+00
   8735.698638 1.142200e-14 8.830800e+03 0.000000e+00
   8755.834085 1.113900e-14 8.851160e+03 0.000000e+00
   8776.019545 1.121900e-14 8.871560e+03 0.000000e+00
   8796.245016 1.124800e-14 8.892010e+03 0.000000e+00
   8816.530503 1.091900e-14 8.912510e+03 0.000000e+00
   8836.856001 1.084600e-14 8.933050e+03 0.000000e+00
   8857.221511 1.097500e-14 8.953650e+03 0.000000e+00
   8877.647037 1.048300e-14 8.974290e+03 0.000000e+00
   8898.102571 1.103100e-14 8.994980e+03 0.000000e+00
   8918.618122 1.108400e-14 9.015710e+03 0.000000e+00
   8939.183686 1.068600e-14 9.036500e+03 0.000000e+00
   8959.789262 1.068900e-14 9.057330e+03 0.000000e+00
   8980.434848 1.047200e-14 9.078200e+03 0.000000e+00
   9001.140451 9.686100e-15 9.099130e+03 0.000000e+00
   9021.896067 1.014500e-14 9.120110e+03 0.000000e+00
   9042.691695 1.112700e-14 9.141130e+03 0.000000e+00
   9063.537336 1.141500e-14 9.162200e+03 0.000000e+00
   9084.432991 1.043700e-14 9.183330e+03 0.000000e+00
   9105.368658 1.058500e-14 9.204500e+03 0.000000e+00
   9126.354337 1.085900e-14 9.225710e+03 0.000000e+00
   9147.400034 1.023100e-14 9.246980e+03 0.000000e+00
   9168.485741 1.028100e-14 9.268300e+03 0.000000e+00
   9189.621462 1.054700e-14 9.289660e+03 0.000000e+00
   9210.807197 1.089600e-14 9.311080e+03 0.000000e+00
   9232.042945 1.079800e-14 9.332540e+03 0.000000e+00
   9253.318704 1.082600e-14 9.354060e+03 0.000000e+00
   9274.644478 1.098000e-14 9.375620e+03 0.000000e+00
   9296.030267 1.061000e-14 9.397230e+03 0.000000e+00
   9317.456068 1.058800e-14 9.418900e+03 0.000000e+00
   9338.941885 1.054200e-14 9.440610e+03 0.000000e+00
   9360.467713 1.052000e-14 9.462370e+03 0.000000e+00
   9382.043555 1.047500e-14 9.484180e+03 0.000000e+00
   9403.669410 1.035800e-14 9.506050e+03 0.000000e+00
   9425.355282 1.040800e-14 9.527960e+03 0.000000e+00
   9447.081165 1.038700e-14 9.549930e+03 0.000000e+00
   9468.857062 1.036600e-14 9.571940e+03 0.000000e+00
   9490.682973 1.034500e-14 9.594010e+03 0.000000e+00
   9512.558897 1.030000e-14 9.616120e+03 0.000000e+00
   9534.494837 1.023200e-14 9.638290e+03 0.000000e+00
   9556.470789 9.841500e-15 9.660510e+03 0.000000e+00
   9578.506757 1.016700e-14 9.682780e+03 0.000000e+00
   9600.582736 1.021600e-14 9.705100e+03 0.000000e+00
   9622.708729 1.017200e-14 9.727470e+03 0.000000e+00
   9644.894738 1.008100e-14 9.749900e+03 0.000000e+00
   9667.130761 1.006100e-14 9.772370e+03 0.000000e+00
   9689.416798 1.006400e-14 9.794900e+03 0.000000e+00
   9711.752848 1.004300e-14 9.817480e+03 0.000000e+00
   9734.138912 9.999700e-15 9.840110e+03 0.000000e+00
   9756.574990 9.979400e-15 9.862790e+03 0.000000e+00
   9779.061082 9.959200e-15 9.885530e+03 0.000000e+00
   9801.617192 9.916100e-15 9.908320e+03 0.000000e+00
   9824.203311 9.896000e-15 9.931160e+03 0.000000e+00
   9846.849447 9.875900e-15 9.954050e+03 0.000000e+00
   9869.555599 9.833200e-15 9.977000e+03 0.000000e+00
   9892.301761 9.813200e-15 1.000000e+04 0.000000e+00
   9915.107941 9.770800e-15 1.002305e+04 0.000000e+00
   9937.964134 9.751000e-15 1.004615e+04 0.000000e+00
   9960.870341 9.731300e-15 1.006931e+04 0.000000e+00
   9983.836564 9.711600e-15 1.009253e+04 0.000000e+00
  10029.919051 9.561500e-15 1.013912e+04 0.000000e+00
  10076.211597 9.413900e-15 1.018591e+04 0.000000e+00
  10122.734205 9.484400e-15 1.023294e+04 0.000000e+00
  10169.446865 9.424400e-15 1.028017e+04 0.000000e+00
  10216.389589 9.364700e-15 1.032761e+04 0.000000e+00
  10287.208785 9.308100e-15 1.039921e+04 0.000000e+00
  10310.925214 9.268000e-15 1.042318e+04 0.000000e+00
  10502.617183 9.015200e-15 1.061696e+04 0.000000e+00
  10697.870127 8.717700e-15 1.081434e+04 0.000000e+00
  10896.754066 8.383000e-15 1.101539e+04 0.000000e+00
  11099.349022 8.230000e-15 1.122019e+04 0.000000e+00
  11305.695005 7.987300e-15 1.142879e+04 0.000000e+00
  11515.882040 7.769600e-15 1.164126e+04 0.000000e+00
  11703.002824 7.540500e-15 1.183041e+04 0.000000e+00
  11893.154437 7.318100e-15 1.202264e+04 0.000000e+00
  12114.264462 7.135100e-15 1.224616e+04 0.000000e+00
  12311.107907 6.956700e-15 1.244514e+04 0.000000e+00
  12511.152227 6.798300e-15 1.264737e+04 0.000000e+00
  12714.447437 6.628300e-15 1.285287e+04 0.000000e+00
  12891.305472 6.477400e-15 1.303166e+04 0.000000e+00
  13100.782373 6.330000e-15 1.324342e+04 0.000000e+00
  13313.660204 6.200100e-15 1.345861e+04 0.000000e+00
  13498.870523 6.073000e-15 1.364584e+04 0.000000e+00
  13718.210121 5.962100e-15 1.386756e+04 0.000000e+00
  13909.031975 5.839800e-15 1.406047e+04 0.000000e+00
  14102.524559 5.733300e-15 1.425607e+04 0.000000e+00
  14298.717881 5.628600e-15 1.445439e+04 0.000000e+00
  14497.631947 5.538600e-15 1.465547e+04 0.000000e+00
  14699.316770 5.450100e-15 1.485935e+04 0.000000e+00
  14903.802358 5.350600e-15 1.506607e+04 0.000000e+00
  15111.138726 5.265000e-15 1.527566e+04 0.000000e+00
  15321.355880 5.192800e-15 1.548817e+04 0.000000e+00
  15498.774121 5.157000e-15 1.566752e+04 0.000000e+00
  15714.382748 5.028100e-15 1.588548e+04 0.000000e+00
  15896.332226 4.924900e-15 1.606941e+04 0.000000e+00
  16117.472365 4.879800e-15 1.629296e+04 0.000000e+00
  16304.113125 4.823900e-15 1.648162e+04 0.000000e+00
  16492.904472 4.649400e-15 1.667248e+04 0.000000e+00
  16722.346878 4.543600e-15 1.690442e+04 0.000000e+00
  16915.969545 4.369200e-15 1.710014e+04 0.000000e+00
  17111.852829 4.269700e-15 1.729816e+04 0.000000e+00
  17309.996730 4.096400e-15 1.749847e+04 0.000000e+00
  17510.441260 4.021600e-15 1.770110e+04 0.000000e+00
  17713.186418 3.894100e-15 1.790605e+04 0.000000e+00
  17918.302223 3.779200e-15 1.811340e+04 0.000000e+00
  18125.788675 3.625800e-15 1.832314e+04 0.000000e+00
  18293.514311 3.551400e-15 1.849270e+04 0.000000e+00
  18505.331946 3.446700e-15 1.870681e+04 0.000000e+00
  18719.610253 3.291600e-15 1.892343e+04 0.000000e+00
  18892.837391 3.246400e-15 1.909854e+04 0.000000e+00
  19111.586918 3.157900e-15 1.931967e+04 0.000000e+00
  19288.435044 3.064800e-15 1.949844e+04 0.000000e+00
  19511.785828 2.933600e-15 1.972423e+04 0.000000e+00
  19692.314959 2.886700e-15 1.990672e+04 0.000000e+00
  19920.347020 2.801600e-15 2.013724e+04 0.000000e+00
  20104.677189 2.731500e-15 2.032357e+04 0.000000e+00
  20290.687816 2.644900e-15 2.051161e+04 0.000000e+00
  20525.651769 2.578700e-15 2.074913e+04 0.000000e+00
  20715.573464 2.502700e-15 2.094113e+04 0.000000e+00
  20907.245637 2.434500e-15 2.113488e+04 0.000000e+00
  21100.708298 2.368100e-15 2.133045e+04 0.000000e+00
  21295.951445 2.303600e-15 2.152783e+04 0.000000e+00
  21492.985080 2.246000e-15 2.172701e+04 0.000000e+00
  21691.869221 2.154800e-15 2.192805e+04 0.000000e+00
  21892.563856 2.125200e-15 2.213094e+04 0.000000e+00
  22095.149006 2.067300e-15 2.233572e+04 0.000000e+00
  22299.604667 2.011000e-15 2.254240e+04 0.000000e+00
  22505.920836 1.960700e-15 2.275097e+04 0.000000e+00
  22714.177534 1.907200e-15 2.296149e+04 0.000000e+00
  22924.334751 1.800000e-15 2.317393e+04 0.000000e+00
  23083.248017 1.736100e-15 2.333458e+04 0.000000e+00
  23296.846173 1.619600e-15 2.355050e+04 0.000000e+00
  23512.394860 1.545100e-15 2.376840e+04 0.000000e+00
  23729.964099 1.490100e-15 2.398834e+04 0.000000e+00
  23894.438883 1.401900e-15 2.415460e+04 0.000000e+00
  24115.539085 1.340900e-15 2.437811e+04 0.000000e+00
  24282.684597 1.292500e-15 2.454708e+04 0.000000e+00
  24507.385782 1.217600e-15 2.477422e+04 0.000000e+00
  24734.127523 1.167300e-15 2.500344e+04 0.000000e+00
  24905.594214 1.100000e-15 2.517677e+04 0.000000e+00
  25078.221222 1.057800e-15 2.535128e+04 0.000000e+00
  25212.087675 8.822200e-16 2.548660e+04 2.000000e+00
  25307.843750 8.505600e-16 2.558340e+04 2.000000e+00
  25403.499799 8.815500e-16 2.568010e+04 2.000000e+00
  25499.255874 8.868000e-16 2.577690e+04 2.000000e+00
  25594.921926 8.798900e-16 2.587360e+04 2.000000e+00
  25690.678002 9.103700e-16 2.597040e+04 2.000000e+00
  25786.434078 9.034000e-16 2.606720e+04 2.000000e+00
  25882.090127 9.151800e-16 2.616390e+04 2.000000e+00
  25977.846204 9.119900e-16 2.626070e+04 2.000000e+00
  26073.602281 8.836100e-16 2.635750e+04 2.000000e+00
  26169.268333 9.001100e-16 2.645420e+04 2.000000e+00
  26265.024411 8.896600e-16 2.655100e+04 2.000000e+00
  26360.680461 9.052300e-16 2.664770e+04 2.000000e+00
  26456.436538 8.997400e-16 2.674450e+04 2.000000e+00
  26552.192616 8.790200e-16 2.684130e+04 2.000000e+00
  26647.848666 8.695100e-16 2.693800e+04 2.000000e+00
  26743.614747 8.591000e-16 2.703480e+04 2.000000e+00
  26839.270797 8.504900e-16 2.713150e+04 2.000000e+00
  26935.026876 8.391100e-16 2.722830e+04 2.000000e+00
  27030.782954 8.324800e-16 2.732510e+04 2.000000e+00
  27126.439005 8.420400e-16 2.742180e+04 2.000000e+00
  27222.195084 8.173200e-16 2.751860e+04 2.000000e+00
  27317.951163 8.298300e-16 2.761540e+04 2.000000e+00
  27413.617217 8.042200e-16 2.771210e+04 2.000000e+00
  27509.373296 8.373200e-16 2.780890e+04 2.000000e+00
  27605.129375 7.831200e-16 2.790570e+04 2.000000e+00
  27700.785427 7.941200e-16 2.800240e+04 2.000000e+00
  27796.551509 7.906800e-16 2.809920e+04 2.000000e+00
  27892.207562 7.674700e-16 2.819590e+04 2.000000e+00
  27987.963641 7.400100e-16 2.829270e+04 2.000000e+00
  28083.719721 7.715500e-16 2.838950e+04 2.000000e+00
  28179.375774 7.446200e-16 2.848620e+04 2.000000e+00
  28275.131854 7.543100e-16 2.858300e+04 2.000000e+00
  28370.787907 7.195900e-16 2.867970e+04 2.000000e+00
  28466.553990 7.356600e-16 2.877650e+04 2.000000e+00
  28562.310070 7.365900e-16 2.887330e+04 2.000000e+00
  28657.966124 7.174200e-16 2.897000e+04 2.000000e+00
  28753.722204 7.166200e-16 2.906680e+04 2.000000e+00
  28849.478285 7.163600e-16 2.916360e+04 2.000000e+00
  28945.134339 6.877100e-16 2.926030e+04 2.000000e+00
  29040.900423 7.005100e-16 2.935710e+04 2.000000e+00
  29136.556476 6.973000e-16 2.945380e+04 2.000000e+00
  29232.312558 6.835600e-16 2.955060e+04 2.000000e+00
  29328.068639 6.723700e-16 2.964740e+04 2.000000e+00
  29423.724693 6.882900e-16 2.974410e+04 2.000000e+00
  29519.480775 6.701800e-16 2.984090e+04 2.000000e+00
  29615.236857 6.569800e-16 2.993770e+04 2.000000e+00
  29710.902914 6.497900e-16 3.003440e+04 2.000000e+00
  29806.658996 6.576800e-16 3.013120e+04 2.000000e+00
  29902.315051 6.486300e-16 3.022790e+04 2.000000e+00
  29998.071133 6.300500e-16 3.032470e+04 2.000000e+00
  30093.827215 6.238600e-16 3.042150e+04 2.000000e+00
  30189.493273 6.078400e-16 3.051820e+04 2.000000e+00
  30285.249355 5.885400e-16 3.061500e+04 2.000000e+00
  30381.005438 5.891100e-16 3.071180e+04 2.000000e+00
  30476.661493 5.817200e-16 3.080850e+04 2.000000e+00
  30572.417576 5.854000e-16 3.090530e+04 2.000000e+00
  30668.073632 5.836300e-16 3.100200e+04 2.000000e+00
  30763.839717 5.907700e-16 3.109880e+04 2.000000e+00
  30859.595800 5.782500e-16 3.119560e+04 2.000000e+00
  30955.251856 5.905600e-16 3.129230e+04 2.000000e+00
  31051.007939 5.773300e-16 3.138910e+04 2.000000e+00
  31146.764023 5.539400e-16 3.148590e+04 2.000000e+00
  31242.430082 5.633000e-16 3.158260e+04 2.000000e+00
  31338.176162 5.890500e-16 3.167940e+04 2.000000e+00
  31433.842222 5.831200e-16 3.177610e+04 2.000000e+00
  31529.598305 5.671500e-16 3.187290e+04 2.000000e+00
  31625.354389 5.628000e-16 3.196970e+04 2.000000e+00
  31721.010446 5.680500e-16 3.206640e+04 2.000000e+00
  31816.776532 5.446400e-16 3.216320e+04 2.000000e+00
  31912.532616 5.486400e-16 3.226000e+04 2.000000e+00
  32008.188673 5.470200e-16 3.235670e+04 2.000000e+00
  32103.944758 5.534400e-16 3.245350e+04 2.000000e+00
  32199.600815 5.414300e-16 3.255020e+04 2.000000e+00
  32295.356899 5.337600e-16 3.264700e+04 2.000000e+00
  32391.112983 5.599100e-16 3.274380e+04 2.000000e+00
  32486.779044 5.709900e-16 3.284050e+04 2.000000e+00
  32582.535128 5.703200e-16 3.293730e+04 2.000000e+00
  32678.291213 5.885800e-16 3.303410e+04 2.000000e+00
  32773.947270 5.796900e-16 3.313080e+04 2.000000e+00
  32869.703355 5.798000e-16 3.322760e+04 2.000000e+00
  32965.369416 6.021400e-16 3.332430e+04 2.000000e+00
  33061.115498 5.938100e-16 3.342110e+04 2.000000e+00
  33156.881586 5.706100e-16 3.351790e+04 2.000000e+00
  33252.537644 5.536400e-16 3.361460e+04 2.000000e+00
  33348.293729 5.329200e-16 3.371140e+04 2.000000e+00
  33444.049814 5.233600e-16 3.380820e+04 2.000000e+00
  33539.715875 5.240100e-16 3.390490e+04 2.000000e+00
  33635.471961 4.871500e-16 3.400170e+04 2.000000e+00
  33731.128019 4.804900e-16 3.409840e+04 2.000000e+00
  33826.884105 5.020000e-16 3.419520e+04 2.000000e+00
  33922.640191 4.819800e-16 3.429200e+04 2.000000e+00
  34018.296249 4.819900e-16 3.438870e+04 2.000000e+00
  34114.052335 4.839800e-16 3.448550e+04 2.000000e+00
  34209.818424 4.812900e-16 3.458230e+04 2.000000e+00
  34305.474482 4.700300e-16 3.467900e+04 2.000000e+00
  34401.230568 4.590500e-16 3.477580e+04 2.000000e+00
  34496.886627 4.676600e-16 3.487250e+04 2.000000e+00
  34592.642714 4.761100e-16 3.496930e+04 2.000000e+00
  34688.398800 4.714200e-16 3.506610e+04 2.000000e+00
  34784.064862 4.557200e-16 3.516280e+04 2.000000e+00
  34879.820948 4.141500e-16 3.525960e+04 2.000000e+00
  34975.577035 4.320200e-16 3.535640e+04 2.000000e+00
  35071.233094 4.210400e-16 3.545310e+04 2.000000e+00
  35166.999183 4.163300e-16 3.554990e+04 2.000000e+00
  35262.655243 3.983700e-16 3.564660e+04 2.000000e+00
  35358.411329 4.171900e-16 3.574340e+04 2.000000e+00
  35454.167416 4.004300e-16 3.584020e+04 2.000000e+00
  35549.823476 3.999100e-16 3.593690e+04 2.000000e+00
  35645.579563 4.020300e-16 3.603370e+04 2.000000e+00
  35741.335650 4.058600e-16 3.613050e+04 2.000000e+00
  35836.991710 3.788900e-16 3.622720e+04 2.000000e+00
  35932.757799 3.916700e-16 3.632400e+04 2.000000e+00
  36028.413859 3.935900e-16 3.642070e+04 2.000000e+00
  36124.169947 3.854500e-16 3.651750e+04 2.000000e+00
  36219.926034 3.815000e-16 3.661430e+04 2.000000e+00
  36315.582094 3.758000e-16 3.671100e+04 2.000000e+00
  36411.348184 3.785700e-16 3.680780e+04 2.000000e+00
  36507.104272 3.625800e-16 3.690460e+04 2.000000e+00
  36602.760332 3.644300e-16 3.700130e+04 2.000000e+00
  36698.516419 3.646200e-16 3.709810e+04 2.000000e+00
  36794.172480 3.689500e-16 3.719480e+04 2.000000e+00
  36889.928567 3.678300e-16 3.729160e+04 2.000000e+00
  36985.694658 3.502900e-16 3.738840e+04 2.000000e+00
  37081.340716 3.454600e-16 3.748510e+04 2.000000e+00
  37177.106806 3.476400e-16 3.758190e+04 2.000000e+00
  37272.862894 3.518500e-16 3.767870e+04 2.000000e+00
  37368.518955 3.467500e-16 3.777540e+04 2.000000e+00
  37464.275043 3.494400e-16 3.787220e+04 2.000000e+00
  37559.931104 3.452800e-16 3.796890e+04 2.000000e+00
  37655.697195 3.470900e-16 3.806570e+04 2.000000e+00
  37751.453283 3.510000e-16 3.816250e+04 2.000000e+00
  37847.109344 3.441700e-16 3.825920e+04 2.000000e+00
  37942.865432 3.368000e-16 3.835600e+04 2.000000e+00
  38038.621521 3.400600e-16 3.845280e+04 2.000000e+00
  38134.277582 3.367700e-16 3.854950e+04 2.000000e+00
  38230.043673 3.322800e-16 3.864630e+04 2.000000e+00
  38325.699734 3.297800e-16 3.874300e+04 2.000000e+00
  38421.455823 3.107700e-16 3.883980e+04 2.000000e+00
  38517.211911 3.198200e-16 3.893660e+04 2.000000e+00
  38612.867973 3.027600e-16 3.903330e+04 2.000000e+00
  38708.624061 3.102000e-16 3.913010e+04 2.000000e+00
  38804.380150 3.113900e-16 3.922690e+04 2.000000e+00
  38900.046214 3.132700e-16 3.932360e+04 2.000000e+00
  38995.802303 3.057800e-16 3.942040e+04 2.000000e+00
  39091.458365 3.238500e-16 3.951710e+04 2.000000e+00
  39187.214454 2.933600e-16 3.961390e+04 2.000000e+00
  39282.970543 2.958500e-16 3.971070e+04 2.000000e+00
  39378.636607 3.095900e-16 3.980740e+04 2.000000e+00
  39474.392696 3.018600e-16 3.990420e+04 2.000000e+00
  39570.148785 2.934100e-16 4.000100e+04 2.000000e+00
  39665.804847 2.946200e-16 4.009770e+04 2.000000e+00
  39761.560937 2.942000e-16 4.019450e+04 2.000000e+00
  39857.216999 2.899100e-16 4.029120e+04 2.000000e+00
  39952.973088 2.974500e-16 4.038800e+04 2.000000e+00
  40048.739180 3.010100e-16 4.048480e+04 2.000000e+00
  40144.395242 2.932600e-16 4.058150e+04 2.000000e+00
  40240.151332 2.809700e-16 4.067830e+04 2.000000e+00
  40335.907421 2.858400e-16 4.077510e+04 2.000000e+00
  40431.573486 2.772900e-16 4.087180e+04 2.000000e+00
  40527.319573 2.696600e-16 4.096860e+04 2.000000e+00
  40622.985638 2.758200e-16 4.106530e+04 2.000000e+00
  40718.741728 2.681200e-16 4.116210e+04 2.000000e+00
  40814.497817 2.586600e-16 4.125890e+04 2.000000e+00
  40910.163882 2.559700e-16 4.135560e+04 2.000000e+00
  41005.909969 2.445200e-16 4.145240e+04 2.000000e+00
  41101.676062 2.520400e-16 4.154920e+04 2.000000e+00
  41197.332125 2.527000e-16 4.164590e+04 2.000000e+00
  41293.088214 2.530700e-16 4.174270e+04 2.000000e+00
  41388.744277 2.420500e-16 4.183940e+04 2.000000e+00
  41484.510370 2.283300e-16 4.193620e+04 2.000000e+00
  41580.256457 2.252500e-16 4.203300e+04 2.000000e+00
  41675.922523 2.440400e-16 4.212970e+04 2.000000e+00
  41771.678613 2.312400e-16 4.222650e+04 2.000000e+00
  41867.434703 2.402700e-16 4.232330e+04 2.000000e+00
  41963.090766 2.372700e-16 4.242000e+04 2.000000e+00
  42058.846856 2.401100e-16 4.251680e+04 2.000000e+00
  42154.512922 2.290300e-16 4.261350e+04 2.000000e+00
  42250.269012 2.211400e-16 4.271030e+04 2.000000e+00
  42346.025102 2.084600e-16 4.280710e+04 2.000000e+00
  42441.681165 2.282200e-16 4.290380e+04 2.000000e+00
  42537.437256 2.145500e-16 4.300060e+04 2.000000e+00
  42633.203349 2.051600e-16 4.309740e+04 2.000000e+00
  42728.849409 1.970500e-16 4.319410e+04 2.000000e+00
  42824.615503 1.964400e-16 4.329090e+04 2.000000e+00
  42920.271566 1.934400e-16 4.338760e+04 2.000000e+00
  43016.027656 2.022700e-16 4.348440e+04 2.000000e+00
  43111.783747 2.087100e-16 4.358120e+04 2.000000e+00
  43207.449813 2.043300e-16 4.367790e+04 2.000000e+00
  43303.195901 2.024000e-16 4.377470e+04 2.000000e+00
  43398.961994 1.996100e-16 4.387150e+04 2.000000e+00
  43494.618058 1.948400e-16 4.396820e+04 2.000000e+00
  43590.374149 1.883500e-16 4.406500e+04 2.000000e+00
  43686.040215 1.974200e-16 4.416170e+04 2.000000e+00
  43781.786303 1.963900e-16 4.425850e+04 2.000000e+00
  43877.552397 2.023400e-16 4.435530e+04 2.000000e+00
  43973.208460 1.802600e-16 4.445200e+04 2.000000e+00
  44068.964551 1.750700e-16 4.454880e+04 2.000000e+00
  44164.720642 1.768500e-16 4.464560e+04 2.000000e+00
  44260.376706 1.721100e-16 4.474230e+04 2.000000e+00
  44356.132797 1.772900e-16 4.483910e+04 2.000000e+00
  44451.788861 1.647500e-16 4.493580e+04 2.000000e+00
  44547.554955 1.585700e-16 4.503260e+04 2.000000e+00
  44643.311046 1.651300e-16 4.512940e+04 2.000000e+00
  44738.967110 1.708500e-16 4.522610e+04 2.000000e+00
  44834.723201 1.629500e-16 4.532290e+04 2.000000e+00
  44930.479292 1.597000e-16 4.541970e+04 2.000000e+00
  45026.135356 1.534400e-16 4.551640e+04 2.000000e+00
  45121.901450 1.584500e-16 4.561320e+04 2.000000e+00
  45217.557514 1.512000e-16 4.570990e+04 2.000000e+00
  45313.313606 1.724100e-16 4.580670e+04 2.000000e+00
  45409.069697 1.494400e-16 4.590350e+04 2.000000e+00
  45504.725761 1.595400e-16 4.600020e+04 2.000000e+00
  45600.491855 1.439000e-16 4.609700e+04 2.000000e+00
  45696.247947 1.484900e-16 4.619380e+04 2.000000e+00
  45791.894008 1.393000e-16 4.629050e+04 2.000000e+00
  45887.660103 1.395800e-16 4.638730e+04 2.000000e+00
  45983.316167 1.345800e-16 4.648400e+04 2.000000e+00
  46079.072259 1.313200e-16 4.658080e+04 2.000000e+00
  46174.828350 1.392600e-16 4.667760e+04 2.000000e+00
  46270.494417 1.341600e-16 4.677430e+04 2.000000e+00
  46366.250509 1.383600e-16 4.687110e+04 2.000000e+00
  46462.006601 1.309600e-16 4.696790e+04 2.000000e+00
  46557.662665 1.308700e-16 4.706460e+04 2.000000e+00
  46653.418757 1.504000e-16 4.716140e+04 2.000000e+00
  46749.084824 1.398700e-16 4.725810e+04 2.000000e+00
  46844.840916 1.714100e-16 4.735490e+04 2.000000e+00
  46940.597008 1.483900e-16 4.745170e+04 2.000000e+00
  47036.253072 1.648700e-16 4.754840e+04 2.000000e+00
  47132.009164 1.580100e-16 4.764520e+04 2.000000e+00
  47227.765256 1.471500e-16 4.774200e+04 2.000000e+00
  47323.431324 1.397100e-16 4.783870e+04 2.000000e+00
  47419.187416 1.519200e-16 4.793550e+04 2.000000e+00
  47514.843480 1.408700e-16 4.803220e+04 2.000000e+00
  47610.599572 1.338900e-16 4.812900e+04 2.000000e+00
  47706.355664 1.377100e-16 4.822580e+04 2.000000e+00
  47802.011729 1.367600e-16 4.832250e+04 2.000000e+00
  47897.777824 1.490900e-16 4.841930e+04 2.000000e+00
  47993.533916 1.605400e-16 4.851610e+04 2.000000e+00
  48089.189981 1.455100e-16 4.861280e+04 2.000000e+00
  48184.946073 1.394300e-16 4.870960e+04 2.000000e+00
  48280.602138 1.234300e-16 4.880630e+04 2.000000e+00
  48376.358231 1.335100e-16 4.890310e+04 2.000000e+00
  48472.124326 1.383000e-16 4.899990e+04 2.000000e+00
  48567.770388 1.300300e-16 4.909660e+04 2.000000e+00
  48663.536483 1.474900e-16 4.919340e+04 2.000000e+00
  48759.292575 1.287400e-16 4.929020e+04 2.000000e+00
  48854.948640 1.248700e-16 4.938690e+04 2.000000e+00
  48951.695003 1.333100e-16 4.948470e+04 2.000000e+00
  49441.218392 1.247800e-16 4.997955e+04 0.000000e+00
  49935.623112 1.161600e-16 5.047934e+04 0.000000e+00
  50434.979183 1.074600e-16 5.098414e+04 0.000000e+00
  50939.326613 9.866600e-17 5.149398e+04 0.000000e+00
  51448.725421 8.978700e-17 5.200892e+04 0.000000e+00
  51610.549517 8.696600e-17 5.217250e+04 3.000000e+00
  51909.691032 8.610600e-17 5.247490e+04 3.000000e+00
  52208.832547 9.822000e-17 5.277730e+04 3.000000e+00
  52507.974061 1.104100e-16 5.307970e+04 3.000000e+00
  52807.115577 1.050000e-16 5.338210e+04 3.000000e+00
  53106.357119 1.077500e-16 5.368460e+04 3.000000e+00
  53405.508637 1.095400e-16 5.398700e+04 3.000000e+00
  53704.640150 1.009800e-16 5.428940e+04 3.000000e+00
  54003.781666 9.815300e-17 5.459180e+04 3.000000e+00
  54302.933185 9.114400e-17 5.489420e+04 3.000000e+00
  54602.174728 9.670200e-17 5.519670e+04 3.000000e+00
  54901.316244 1.093500e-16 5.549910e+04 3.000000e+00
  55200.457761 1.257300e-16 5.580150e+04 3.000000e+00
  55499.599278 1.158500e-16 5.610390e+04 3.000000e+00
  55798.740794 1.156400e-16 5.640630e+04 3.000000e+00
  56097.982339 1.221900e-16 5.670880e+04 3.000000e+00
  56397.123856 1.251700e-16 5.701120e+04 3.000000e+00
  56696.265373 1.361400e-16 5.731360e+04 3.000000e+00
  56995.416893 1.316800e-16 5.761600e+04 3.000000e+00
  57294.558411 1.252000e-16 5.791840e+04 3.000000e+00
  57593.799956 1.194800e-16 5.822090e+04 3.000000e+00
  57892.941474 1.103200e-16 5.852330e+04 3.000000e+00
  58192.082992 1.010800e-16 5.882570e+04 3.000000e+00
  58491.224510 1.009600e-16 5.912810e+04 3.000000e+00
  58790.366028 1.024600e-16 5.943050e+04 3.000000e+00
  59089.607574 1.008700e-16 5.973300e+04 3.000000e+00
  59388.749092 1.009200e-16 6.003540e+04 3.000000e+00
  59687.900614 1.157100e-16 6.033780e+04 3.000000e+00
  59987.042133 1.287200e-16 6.064020e+04 3.000000e+00
  60286.183652 1.428900e-16 6.094260e+04 3.000000e+00
  60585.425198 1.428800e-16 6.124510e+04 3.000000e+00
  60884.566717 1.455800e-16 6.154750e+04 3.000000e+00
  61183.708236 1.696200e-16 6.184990e+04 3.000000e+00
  61482.849756 2.114600e-16 6.215230e+04 3.000000e+00
  61781.991275 2.859500e-16 6.245470e+04 3.000000e+00
  62081.242825 3.326400e-16 6.275720e+04 3.000000e+00
  62380.384345 3.364000e-16 6.305960e+04 3.000000e+00
  62679.525865 3.014800e-16 6.336200e+04 3.000000e+00
  62978.667385 2.559200e-16 6.366440e+04 3.000000e+00
  63277.808905 2.214800e-16 6.396680e+04 3.000000e+00
  63577.050452 1.918600e-16 6.426930e+04 3.000000e+00
  63876.191973 1.765600e-16 6.457170e+04 3.000000e+00
  64175.333493 1.612600e-16 6.487410e+04 3.000000e+00
  64474.475014 1.513300e-16 6.517650e+04 3.000000e+00
  64773.626537 1.403800e-16 6.547890e+04 3.000000e+00
  65072.858082 1.343000e-16 6.578140e+04 3.000000e+00
  65371.999603 1.352900e-16 6.608380e+04 3.000000e+00
  65671.141124 1.318400e-16 6.638620e+04 3.000000e+00
  65970.292648 1.373500e-16 6.668860e+04 3.000000e+00
  66269.434169 1.407200e-16 6.699100e+04 3.000000e+00
  66568.675717 1.406400e-16 6.729350e+04 3.000000e+00
  66867.817239 1.384200e-16 6.759590e+04 3.000000e+00
  67166.968763 1.405900e-16 6.789830e+04 3.000000e+00
  67466.100282 1.359400e-16 6.820070e+04 3.000000e+00
  67765.251806 1.366500e-16 6.850310e+04 3.000000e+00
  68064.493355 1.376400e-16 6.880560e+04 3.000000e+00
  68363.634877 1.335200e-16 6.910800e+04 3.000000e+00
  68662.776398 1.383800e-16 6.941040e+04 3.000000e+00
  68961.917920 1.603100e-16 6.971280e+04 3.000000e+00
  69261.059442 1.800100e-16 7.001520e+04 3.000000e+00
  69560.300992 1.597600e-16 7.031770e+04 3.000000e+00
  69859.442514 1.622900e-16 7.062010e+04 3.000000e+00
  70158.584036 1.605300e-16 7.092250e+04 3.000000e+00
  70457.725559 1.520000e-16 7.122490e+04 3.000000e+00
  70756.867081 1.678500e-16 7.152730e+04 3.000000e+00
  71056.108631 1.798200e-16 7.182980e+04 3.000000e+00
  71355.260156 1.830100e-16 7.213220e+04 3.000000e+00
  71654.401679 1.811400e-16 7.243460e+04 3.000000e+00
  71953.543201 1.832900e-16 7.273700e+04 3.000000e+00
  72252.684724 1.895100e-16 7.303940e+04 3.000000e+00
  72551.926274 1.951600e-16 7.334190e+04 3.000000e+00
  72851.067797 1.978800e-16 7.364430e+04 3.000000e+00
  73150.219323 2.076500e-16 7.394670e+04 3.000000e+00
  73449.360846 2.169900e-16 7.424910e+04 3.000000e+00
  73748.502369 2.382700e-16 7.455150e+04 3.000000e+00
  74047.743920 2.615200e-16 7.485400e+04 3.000000e+00
  74346.885443 2.800100e-16 7.515640e+04 3.000000e+00
  74646.026966 3.081100e-16 7.545880e+04 3.000000e+00
  74945.168490 3.222900e-16 7.576120e+04 3.000000e+00
  75543.451537 3.732100e-16 7.636600e+04 3.000000e+00
  76141.834611 3.963600e-16 7.697090e+04 3.000000e+00
  76740.117659 3.833200e-16 7.757570e+04 3.000000e+00
  77338.410709 3.728200e-16 7.818050e+04 3.000000e+00
  77936.793785 3.679300e-16 7.878540e+04 3.000000e+00
  78535.086836 3.533900e-16 7.939020e+04 3.000000e+00
  79133.469911 3.319800e-16 7.999510e+04 3.000000e+00
  79731.752960 2.991600e-16 8.059990e+04 3.000000e+00
  80330.036009 2.729500e-16 8.120470e+04 3.000000e+00
  80928.419085 2.378500e-16 8.180959e+04 3.000000e+00
  81526.702135 2.100400e-16 8.241440e+04 3.000000e+00
  82124.995187 1.957300e-16 8.301920e+04 3.000000e+00
  82723.368261 1.861800e-16 8.362409e+04 3.000000e+00
  83321.661314 1.802400e-16 8.422890e+04 3.000000e+00
  83919.944364 1.716900e-16 8.483370e+04 3.000000e+00
  84518.337444 1.665900e-16 8.543860e+04 3.000000e+00
  85116.620495 1.644900e-16 8.604340e+04 3.000000e+00
  85715.003573 1.634900e-16 8.664830e+04 3.000000e+00
  86313.286623 1.514400e-16 8.725310e+04 3.000000e+00
  86911.579677 1.321600e-16 8.785791e+04 3.000000e+00
  87509.962756 1.066400e-16 8.846280e+04 3.000000e+00
  88108.245807 8.500900e-17 8.906760e+04 3.000000e+00
  88706.538861 6.729700e-17 8.967241e+04 3.000000e+00
  89304.911937 5.651700e-17 9.027730e+04 3.000000e+00
  89903.204992 4.957600e-17 9.088210e+04 3.000000e+00
  90501.488044 4.536900e-17 9.148690e+04 3.000000e+00
  91099.871123 4.112100e-17 9.209180e+04 3.000000e+00
  91698.154175 3.916600e-17 9.269660e+04 3.000000e+00
  92296.537255 3.701100e-17 9.330150e+04 3.000000e+00
  92894.820308 3.522900e-17 9.390630e+04 3.000000e+00
  93493.113363 3.331800e-17 9.451110e+04 3.000000e+00
  94091.486440 3.204300e-17 9.511599e+04 3.000000e+00
  94689.779496 3.052400e-17 9.572080e+04 3.000000e+00
  95288.072552 3.079400e-17 9.632560e+04 3.000000e+00
  95886.455632 3.149300e-17 9.693050e+04 3.000000e+00
  96484.728683 4.647200e-17 9.753530e+04 3.000000e+00
  97083.011736 4.378500e-17 9.814009e+04 3.000000e+00
  97681.404820 3.052200e-17 9.874500e+04 3.000000e+00
  98279.697876 2.576400e-17 9.934980e+04 3.000000e+00
  98878.080957 2.441800e-17 9.995470e+04 3.000000e+00
  99476.364011 2.536900e-17 1.005595e+05 3.000000e+00
 100074.657068 2.559500e-17 1.011643e+05 3.000000e+00
 100673.040149 2.501200e-17 1.017692e+05 3.000000e+00
 101271.323203 2.473200e-17 1.023740e+05 3.000000e+00
 101869.606258 2.325500e-17 1.029788e+05 3.000000e+00
 102467.979337 2.292100e-17 1.035837e+05 3.000000e+00
 103066.272394 2.436200e-17 1.041885e+05 3.000000e+00
 103664.555449 2.441500e-17 1.047933e+05 3.000000e+00
 104262.938531 2.591000e-17 1.053982e+05 3.000000e+00
 104861.231588 2.767400e-17 1.060030e+05 3.000000e+00
 105459.624673 3.093400e-17 1.066079e+05 3.000000e+00
 106057.897725 3.226500e-17 1.072127e+05 3.000000e+00
 106656.180780 3.221100e-17 1.078175e+05 3.000000e+00
 107254.573866 3.420200e-17 1.084224e+05 3.000000e+00
 107852.856921 3.406000e-17 1.090272e+05 3.000000e+00
 108451.139976 3.309800e-17 1.096320e+05 3.000000e+00
 109049.523059 3.488000e-17 1.102369e+05 3.000000e+00
 109647.816117 4.143500e-17 1.108417e+05 3.000000e+00
 110246.109176 4.990800e-17 1.114465e+05 3.000000e+00
 110844.482256 5.645500e-17 1.120514e+05 3.000000e+00
 111442.775314 7.853200e-17 1.126562e+05 3.000000e+00
 112041.158398 1.298600e-16 1.132611e+05 3.000000e+00
 112639.431451 1.655100e-16 1.138659e+05 3.000000e+00
 113237.724510 1.469900e-16 1.144707e+05 3.000000e+00
 113836.107593 1.187700e-16 1.150756e+05 3.000000e+00
 114434.390649 1.007500e-16 1.156804e+05 3.000000e+00
 115032.683708 8.482300e-17 1.162852e+05 3.000000e+00
 115631.056789 7.772200e-17 1.168901e+05 3.000000e+00
 116229.349848 6.938500e-17 1.174949e+05 3.000000e+00
 116827.632904 6.568100e-17 1.180997e+05 3.000000e+00
 117426.015988 6.498400e-17 1.187046e+05 3.000000e+00
 118024.299045 6.678200e-17 1.193094e+05 3.000000e+00
 118622.692132 7.306200e-17 1.199143e+05 3.000000e+00
 119220.975188 7.801000e-17 1.205191e+05 3.000000e+00
 119819.258245 8.250800e-17 1.211239e+05 3.000000e+00
 120417.651332 8.498600e-17 1.217288e+05 3.000000e+00
 121015.934389 8.637400e-17 1.223336e+05 3.000000e+00
 121614.227449 8.848800e-17 1.229384e+05 3.000000e+00
 122212.600530 9.488300e-17 1.235433e+05 3.000000e+00
 122810.883587 1.096000e-16 1.241481e+05 3.000000e+00
 123409.176647 1.151200e-16 1.247529e+05 3.000000e+00
 124007.549729 1.148300e-16 1.253578e+05 3.000000e+00
 124605.842789 1.184300e-16 1.259626e+05 3.000000e+00
 125204.225873 1.262300e-16 1.265675e+05 3.000000e+00
 125802.508931 1.345400e-16 1.271723e+05 3.000000e+00
 126400.801991 1.409500e-16 1.277771e+05 3.000000e+00
 126999.185076 1.459400e-16 1.283820e+05 3.000000e+00
 127597.468133 1.529300e-16 1.289868e+05 3.000000e+00
 128195.751191 1.560200e-16 1.295916e+05 3.000000e+00
 128794.144279 1.458100e-16 1.301965e+05 3.000000e+00
 129392.417334 1.259800e-16 1.308013e+05 3.000000e+00
 129990.700391 1.208300e-16 1.314061e+05 3.000000e+00
 130589.093479 1.187500e-16 1.320110e+05 3.000000e+00
 131187.376537 1.194800e-16 1.326158e+05 3.000000e+00
 131785.659595 1.187700e-16 1.332206e+05 3.000000e+00
 132384.052683 1.181600e-16 1.338255e+05 3.000000e+00
 132982.335741 1.181700e-16 1.344303e+05 3.000000e+00
 133580.718826 1.171600e-16 1.350352e+05 3.000000e+00
 134179.001884 1.163100e-16 1.356400e+05 3.000000e+00
 134777.284942 1.178000e-16 1.362448e+05 3.000000e+00
 135375.678031 1.197100e-16 1.368497e+05 3.000000e+00
 135973.961089 1.191600e-16 1.374545e+05 3.000000e+00
 136572.244147 1.154400e-16 1.380593e+05 3.000000e+00
 137170.637235 1.116700e-16 1.386642e+05 3.000000e+00
 137768.920294 1.110600e-16 1.392690e+05 3.000000e+00
 138367.203352 1.149800e-16 1.398738e+05 3.000000e+00
 138965.586438 1.159400e-16 1.404787e+05 3.000000e+00
 139563.869496 1.178800e-16 1.410835e+05 3.000000e+00
 140162.262585 1.178000e-16 1.416884e+05 3.000000e+00
 140760.545643 1.182500e-16 1.422932e+05 3.000000e+00
 141358.828702 1.166700e-16 1.428980e+05 3.000000e+00
 141957.221791 1.142100e-16 1.435029e+05 3.000000e+00
 142555.504849 1.121000e-16 1.441077e+05 3.000000e+00
 143153.787908 1.088800e-16 1.447125e+05 3.000000e+00
 144203.944122 1.248600e-16 1.457741e+05 3.000000e+00
 145041.632430 1.261000e-16 1.466209e+05 3.000000e+00
 145879.310734 1.273000e-16 1.474677e+05 3.000000e+00
 146716.989039 1.276700e-16 1.483145e+05 3.000000e+00
 147554.567317 1.297300e-16 1.491612e+05 3.000000e+00
 148392.245622 1.292700e-16 1.500080e+05 3.000000e+00
 149229.923927 1.280200e-16 1.508548e+05 3.000000e+00
 150067.502205 1.284900e-16 1.517015e+05 3.000000e+00
 150905.180510 1.272900e-16 1.525483e+05 3.000000e+00
 151742.858815 1.241900e-16 1.533951e+05 3.000000e+00
 152580.437093 1.215300e-16 1.542418e+05 3.000000e+00
 153418.115399 1.189300e-16 1.550886e+05 3.000000e+00
 154255.803707 1.175800e-16 1.559354e+05 3.000000e+00
 155093.391988 1.159000e-16 1.567821e+05 3.000000e+00
 155931.070293 1.161000e-16 1.576289e+05 3.000000e+00
 156768.738596 1.110400e-16 1.584757e+05 3.000000e+00
 157606.306872 1.078100e-16 1.593224e+05 3.000000e+00
 158444.005183 1.072900e-16 1.601692e+05 3.000000e+00
 159281.673486 1.046200e-16 1.610160e+05 3.000000e+00
 160119.351792 1.010300e-16 1.618628e+05 3.000000e+00
 160956.940073 1.021000e-16 1.627095e+05 3.000000e+00
 161794.628382 9.508900e-17 1.635563e+05 3.000000e+00
 162632.286682 9.636700e-17 1.644031e+05 3.000000e+00
 163469.884967 1.003300e-16 1.652498e+05 3.000000e+00
 164307.543267 1.044900e-16 1.660966e+05 3.000000e+00
 165145.221573 1.050500e-16 1.669434e+05 3.000000e+00
 165982.819858 1.006400e-16 1.677901e+05 3.000000e+00
 166820.478158 9.955700e-17 1.686369e+05 3.000000e+00
 167658.176470 1.009300e-16 1.694837e+05 3.000000e+00
 168495.744746 1.008700e-16 1.703304e+05 3.000000e+00
 169333.433055 1.014600e-16 1.711772e+05 3.000000e+00
 170171.111362 1.147700e-16 1.720240e+05 3.000000e+00
 171008.679638 1.262800e-16 1.728707e+05 3.000000e+00
 171846.367948 1.041500e-16 1.737175e+05 3.000000e+00
 172684.046254 1.023400e-16 1.745643e+05 3.000000e+00
 173521.724561 1.003100e-16 1.754111e+05 3.000000e+00
 174359.302840 9.955200e-17 1.762578e+05 3.000000e+00
 175196.991149 9.751200e-17 1.771046e+05 3.000000e+00
 176034.659453 9.493300e-17 1.779514e+05 3.000000e+00
 176872.257738 9.608300e-17 1.787981e+05 3.000000e+00
 177709.926042 9.542500e-17 1.796449e+05 3.000000e+00
 178547.604349 9.722400e-17 1.804917e+05 3.000000e+00
 179385.192631 9.678900e-17 1.813384e+05 3.000000e+00
 180222.850933 9.798300e-17 1.821852e+05 3.000000e+00
 181060.539242 9.845100e-17 1.830320e+05 3.000000e+00
 181898.127525 1.020600e-16 1.838787e+05 3.000000e+00
 182735.795829 1.034000e-16 1.847255e+05 3.000000e+00
 183573.474136 1.057400e-16 1.855723e+05 3.000000e+00
 184411.042413 1.058300e-16 1.864190e+05 3.000000e+00
 185248.730723 1.069600e-16 1.872658e+05 3.000000e+00
 186086.429035 1.104100e-16 1.881126e+05 3.000000e+00
 186924.097340 1.141500e-16 1.889594e+05 3.000000e+00
 187761.665617 1.163600e-16 1.898061e+05 3.000000e+00
 188599.363930 1.199100e-16 1.906529e+05 3.000000e+00
 189437.022232 1.254000e-16 1.914997e+05 3.000000e+00
 190274.620517 1.263900e-16 1.923464e+05 3.000000e+00
 191112.298824 1.311800e-16 1.931932e+05 3.000000e+00
 191949.967129 1.315200e-16 1.940400e+05 3.000000e+00
 192787.555412 1.365600e-16 1.948867e+05 3.000000e+00
 193625.243722 1.408200e-16 1.957335e+05 3.000000e+00
 194462.902024 1.461000e-16 1.965803e+05 3.000000e+00
 195300.490307 1.470500e-16 1.974270e+05 3.000000e+00
 196138.168614 1.524400e-16 1.982738e+05 3.000000e+00
 196975.836919 1.577800e-16 1.991206e+05 3.000000e+00
 197813.445208 1.570500e-16 1.999673e+05 3.000000e+00
 198651.103510 1.600700e-16 2.008141e+05 3.000000e+00
 199488.791820 1.694100e-16 2.016609e+05 3.000000e+00
 200326.470128 1.768300e-16 2.025077e+05 3.000000e+00
 201164.038405 1.827300e-16 2.033544e+05 3.000000e+00
 202001.726716 1.887700e-16 2.042012e+05 3.000000e+00
 203676.983304 2.036600e-16 2.058947e+05 3.000000e+00
 205352.339919 2.114500e-16 2.075883e+05 3.000000e+00
 207027.616513 2.223700e-16 2.092818e+05 3.000000e+00
 208702.853096 2.341300e-16 2.109753e+05 3.000000e+00
 210378.209712 2.441500e-16 2.126689e+05 3.000000e+00
 212053.466301 2.569500e-16 2.143624e+05 3.000000e+00
 213728.832920 2.664400e-16 2.160560e+05 3.000000e+00
 215404.089508 2.776900e-16 2.177495e+05 3.000000e+00
 217079.356100 2.892800e-16 2.194430e+05 3.000000e+00
 218754.722719 2.985300e-16 2.211366e+05 3.000000e+00
 220429.979308 3.128500e-16 2.228301e+05 3.000000e+00
 222105.225895 3.227800e-16 2.245236e+05 3.000000e+00
 223780.572508 3.387500e-16 2.262172e+05 3.000000e+00
 225455.849103 3.471300e-16 2.279107e+05 3.000000e+00
 227131.205720 3.546800e-16 2.296043e+05 3.000000e+00
 228806.462309 3.725400e-16 2.312978e+05 3.000000e+00
 230481.718899 3.850000e-16 2.329913e+05 3.000000e+00
 232157.085518 4.014600e-16 2.346849e+05 3.000000e+00
 233832.342108 4.171800e-16 2.363784e+05 3.000000e+00
 235507.608701 4.251100e-16 2.380719e+05 3.000000e+00
 237182.945312 4.433400e-16 2.397655e+05 3.000000e+00
 238858.211905 4.626200e-16 2.414590e+05 3.000000e+00
 240533.568522 4.807800e-16 2.431526e+05 3.000000e+00
 242208.825112 4.898700e-16 2.448461e+05 3.000000e+00
 243884.081702 5.109600e-16 2.465396e+05 3.000000e+00
 245559.448322 5.339800e-16 2.482332e+05 3.000000e+00
 247234.714915 5.470000e-16 2.499267e+05 3.000000e+00
 248909.971505 5.618600e-16 2.516202e+05 3.000000e+00
 250585.338126 5.803900e-16 2.533138e+05 3.000000e+00
 252260.594716 5.999100e-16 2.550073e+05 3.000000e+00
 253935.931328 6.151600e-16 2.567009e+05 3.000000e+00
 255611.197921 6.262900e-16 2.583944e+05 3.000000e+00
 257286.454512 6.464600e-16 2.600879e+05 3.000000e+00
 258961.821132 6.612900e-16 2.617815e+05 3.000000e+00
 260637.077723 6.803000e-16 2.634750e+05 3.000000e+00
 262312.334314 6.941300e-16 2.651685e+05 3.000000e+00
 263987.690932 7.107900e-16 2.668621e+05 3.000000e+00
 265662.947522 7.306300e-16 2.685556e+05 3.000000e+00
 267338.304141 7.485000e-16 2.702492e+05 3.000000e+00
 269013.560731 7.635100e-16 2.719427e+05 3.000000e+00
 270688.847330 7.821700e-16 2.736362e+05 3.000000e+00
 272364.203949 8.019900e-16 2.753298e+05 3.000000e+00
 274039.430531 8.130600e-16 2.770233e+05 3.000000e+00
 275714.687122 8.374700e-16 2.787168e+05 3.000000e+00
 277390.073749 8.509600e-16 2.804104e+05 3.000000e+00
 279065.330340 8.748000e-16 2.821039e+05 3.000000e+00
 280740.686958 8.835200e-16 2.837975e+05 3.000000e+00
 282415.943550 8.996300e-16 2.854910e+05 3.000000e+00
 284091.200141 9.146600e-16 2.871845e+05 3.000000e+00
 285766.556759 9.332600e-16 2.888781e+05 3.000000e+00
 287441.813351 9.558600e-16 2.905716e+05 3.000000e+00
 289117.069942 9.713800e-16 2.922651e+05 3.000000e+00
 290792.426561 9.917000e-16 2.939587e+05 3.000000e+00
 292467.683152 1.005300e-15 2.956522e+05 3.000000e+00
 294143.029768 1.020600e-15 2.973458e+05 3.000000e+00
 295818.326370 1.044200e-15 2.990393e+05 3.000000e+00
 297493.582962 1.059000e-15 3.007328e+05 3.000000e+00
 299168.929578 1.077100e-15 3.024264e+05 3.000000e+00
 300844.196172 1.087900e-15 3.041199e+05 3.000000e+00
 302519.452764 1.098900e-15 3.058134e+05 3.000000e+00
 304194.799380 1.119200e-15 3.075070e+05 3.000000e+00
 305870.065974 1.138100e-15 3.092005e+05 3.000000e+00
 307545.412590 1.145300e-15 3.108941e+05 3.000000e+00
 309220.679185 1.153100e-15 3.125876e+05 3.000000e+00
 310895.935777 1.166900e-15 3.142811e+05 3.000000e+00
 312571.282393 1.201800e-15 3.159747e+05 3.000000e+00
 314246.578996 1.197700e-15 3.176682e+05 3.000000e+00
 315921.835587 1.198400e-15 3.193617e+05 3.000000e+00
 317597.182204 1.207600e-15 3.210553e+05 3.000000e+00
 319272.418790 1.227300e-15 3.227488e+05 3.000000e+00
 320947.795415 1.251000e-15 3.244424e+05 3.000000e+00
 322623.052007 1.266100e-15 3.261359e+05 3.000000e+00
 324298.318602 1.255100e-15 3.278294e+05 3.000000e+00
 325973.665218 1.267000e-15 3.295230e+05 3.000000e+00
 327648.921810 1.293500e-15 3.312165e+05 3.000000e+00
 329324.188405 1.308100e-15 3.329100e+05 3.000000e+00
 330999.565030 1.331900e-15 3.346036e+05 3.000000e+00
 332674.831624 1.304200e-15 3.362971e+05 3.000000e+00
 334350.148233 1.356000e-15 3.379907e+05 3.000000e+00
 336025.404825 1.401100e-15 3.396842e+05 3.000000e+00
 337700.701428 1.353100e-15 3.413777e+05 3.000000e+00
 339376.018037 1.360400e-15 3.430713e+05 3.000000e+00
 341051.274629 1.362100e-15 3.447648e+05 3.000000e+00
 342726.541224 1.382300e-15 3.464583e+05 3.000000e+00
 344401.917849 1.416500e-15 3.481519e+05 3.000000e+00
 346077.144433 1.412500e-15 3.498454e+05 3.000000e+00
