# An Atlas of Galaxy Spectral Energy Distributions from the Ultraviolet to the Mid-Infrared
# Brown et al. (2014)
# http://dx.doi.org/10.5072/03/529D3551F0117
# 
# Column 1 : Restframe Wavelength (Angstrom)
# Column 2 : Flux per unit wavelength (ergs/s/cm^2/Angstrom)
# Column 3 : Observed wavelength (Angstrom)
# Column 4 : Source (0 = model, 1 = Optical Spectrum, 2 = Akari, 3 = Spitzer IRS)
# 
# CONVERTED air -> vacuum (Morton 2000/SDSS) above 2000 A by sedfit; wavelengths below are unchanged (already vacuum by convention).
    100.090000 5.806900e-18 1.006900e+02 0.000000e+00
    101.950000 7.243400e-18 1.025700e+02 0.000000e+00
    104.090000 8.278300e-18 1.047100e+02 0.000000e+00
    106.020000 9.726100e-18 1.066600e+02 0.000000e+00
    107.990000 1.164000e-17 1.086400e+02 0.000000e+00
    110.000000 1.625300e-17 1.106600e+02 0.000000e+00
    114.130000 2.108300e-17 1.148200e+02 0.000000e+00
    117.870000 2.599800e-17 1.185800e+02 0.000000e+00
    120.890000 8.164700e-17 1.216200e+02 0.000000e+00
    125.140000 9.681500e-17 1.258900e+02 0.000000e+00
    126.880000 1.032600e-16 1.276400e+02 0.000000e+00
    128.060000 1.078800e-16 1.288200e+02 0.000000e+00
    131.040000 1.169300e-16 1.318300e+02 0.000000e+00
    131.950000 1.342600e-16 1.327400e+02 0.000000e+00
    134.090000 1.409100e-16 1.349000e+02 0.000000e+00
    136.900000 1.701900e-16 1.377200e+02 0.000000e+00
    140.090000 1.827900e-16 1.409300e+02 0.000000e+00
    143.020000 4.149000e-16 1.438800e+02 0.000000e+00
    147.030000 8.569200e-16 1.479100e+02 0.000000e+00
    151.150000 9.097900e-16 1.520500e+02 0.000000e+00
    155.020000 9.748600e-16 1.559600e+02 0.000000e+00
    159.000000 1.049400e-15 1.599600e+02 0.000000e+00
    161.960000 1.101400e-15 1.629300e+02 0.000000e+00
    166.110000 1.185600e-15 1.671100e+02 0.000000e+00
    169.980000 1.255900e-15 1.710000e+02 0.000000e+00
    173.140000 1.315000e-15 1.741800e+02 0.000000e+00
    177.170000 1.386600e-15 1.782400e+02 0.000000e+00
    180.050000 1.441900e-15 1.811300e+02 0.000000e+00
    182.140000 1.482300e-15 1.832300e+02 0.000000e+00
    185.950000 1.555800e-15 1.870700e+02 0.000000e+00
    191.160000 1.651700e-15 1.923100e+02 0.000000e+00
    193.820000 1.717700e-15 1.949800e+02 0.000000e+00
    197.880000 1.790400e-15 1.990700e+02 0.000000e+00
    202.020000 1.874700e-15 2.032400e+02 0.000000e+00
    204.830000 1.936200e-15 2.060600e+02 0.000000e+00
    210.090000 1.954100e-15 2.113500e+02 0.000000e+00
    215.970000 2.147500e-15 2.172700e+02 0.000000e+00
    219.990000 2.238400e-15 2.213100e+02 0.000000e+00
    223.050000 2.274800e-15 2.243900e+02 0.000000e+00
    227.190000 2.371100e-15 2.285600e+02 0.000000e+00
    229.830000 3.564000e-15 2.312100e+02 0.000000e+00
    234.100000 5.942100e-15 2.355000e+02 0.000000e+00
    240.100000 7.446300e-15 2.415500e+02 0.000000e+00
    246.260000 7.029800e-15 2.477400e+02 0.000000e+00
    252.000000 7.412100e-15 2.535100e+02 0.000000e+00
    257.270000 6.080500e-15 2.588200e+02 0.000000e+00
    260.250000 7.127600e-15 2.618200e+02 0.000000e+00
    263.870000 7.480700e-15 2.654600e+02 0.000000e+00
    268.780000 7.412100e-15 2.704000e+02 0.000000e+00
    273.780000 7.344100e-15 2.754200e+02 0.000000e+00
    278.870000 7.243400e-15 2.805400e+02 0.000000e+00
    284.050000 7.226700e-15 2.857600e+02 0.000000e+00
    290.000000 6.838200e-15 2.917400e+02 0.000000e+00
    296.070000 6.853900e-15 2.978500e+02 0.000000e+00
    300.880000 6.606000e-15 3.026900e+02 0.000000e+00
    307.890000 6.636500e-15 3.097400e+02 0.000000e+00
    317.980000 6.667200e-15 3.198900e+02 0.000000e+00
    327.640000 6.530400e-15 3.296100e+02 0.000000e+00
    338.370000 6.337800e-15 3.404100e+02 0.000000e+00
    347.850000 6.122700e-15 3.499500e+02 0.000000e+00
    356.780000 6.010900e-15 3.589200e+02 0.000000e+00
    365.930000 5.969500e-15 3.681300e+02 0.000000e+00
    375.320000 5.793500e-15 3.775700e+02 0.000000e+00
    384.940000 5.419300e-15 3.872600e+02 0.000000e+00
    394.820000 5.469400e-15 3.971900e+02 0.000000e+00
    404.950000 5.394400e-15 4.073800e+02 0.000000e+00
    414.380000 5.235300e-15 4.168700e+02 0.000000e+00
    422.080000 5.045900e-15 4.246200e+02 0.000000e+00
    429.930000 4.897100e-15 4.325100e+02 0.000000e+00
    440.960000 4.796700e-15 4.436100e+02 0.000000e+00
    451.230000 4.623200e-15 4.539400e+02 0.000000e+00
    459.620000 4.456000e-15 4.623800e+02 0.000000e+00
    470.320000 4.314600e-15 4.731500e+02 0.000000e+00
    480.170000 4.226100e-15 4.830600e+02 0.000000e+00
    490.230000 4.026600e-15 4.931700e+02 0.000000e+00
    500.490000 3.971400e-15 5.035000e+02 0.000000e+00
    506.290000 3.854300e-15 5.093300e+02 0.000000e+00
    512.150000 3.998900e-15 5.152300e+02 0.000000e+00
    520.470000 3.881000e-15 5.236000e+02 0.000000e+00
    530.150000 3.714800e-15 5.333300e+02 0.000000e+00
    540.000000 3.499000e-15 5.432500e+02 0.000000e+00
    550.040000 3.364700e-15 5.533500e+02 0.000000e+00
    560.270000 3.388000e-15 5.636400e+02 0.000000e+00
    569.370000 3.356900e-15 5.728000e+02 0.000000e+00
    579.960000 3.220600e-15 5.834500e+02 0.000000e+00
    589.380000 3.154600e-15 5.929300e+02 0.000000e+00
    600.340000 2.971300e-15 6.039500e+02 0.000000e+00
    610.090000 2.605800e-15 6.137600e+02 0.000000e+00
    620.010000 2.896900e-15 6.237300e+02 0.000000e+00
    630.080000 2.772900e-15 6.338700e+02 0.000000e+00
    640.320000 2.753900e-15 6.441700e+02 0.000000e+00
    650.720000 2.654200e-15 6.546400e+02 0.000000e+00
    658.260000 2.552400e-15 6.622200e+02 0.000000e+00
    664.350000 2.564100e-15 6.683400e+02 0.000000e+00
    675.150000 2.517300e-15 6.792000e+02 0.000000e+00
    684.540000 2.360200e-15 6.886500e+02 0.000000e+00
    695.660000 2.376500e-15 6.998400e+02 0.000000e+00
    705.340000 2.212800e-15 7.095800e+02 0.000000e+00
    716.800000 2.259100e-15 7.211100e+02 0.000000e+00
    726.770000 2.207700e-15 7.311400e+02 0.000000e+00
    735.190000 2.162400e-15 7.396100e+02 0.000000e+00
    745.410000 2.084200e-15 7.498900e+02 0.000000e+00
    755.780000 2.027400e-15 7.603300e+02 0.000000e+00
    764.530000 1.823600e-15 7.691300e+02 0.000000e+00
    775.170000 1.927300e-15 7.798300e+02 0.000000e+00
    784.150000 1.827900e-15 7.888600e+02 0.000000e+00
    795.060000 1.819500e-15 7.998300e+02 0.000000e+00
    804.260000 1.794500e-15 8.091000e+02 0.000000e+00
    815.450000 1.753600e-15 8.203500e+02 0.000000e+00
    824.890000 1.717700e-15 8.298500e+02 0.000000e+00
    834.440000 1.562900e-15 8.394600e+02 0.000000e+00
    844.110000 1.629100e-15 8.491800e+02 0.000000e+00
    855.850000 1.581000e-15 8.609900e+02 0.000000e+00
    865.760000 1.559300e-15 8.709600e+02 0.000000e+00
    875.780000 1.530900e-15 8.810500e+02 0.000000e+00
    885.930000 1.492600e-15 8.912500e+02 0.000000e+00
    894.120000 1.462000e-15 8.995000e+02 0.000000e+00
    904.480000 1.422100e-15 9.099100e+02 0.000000e+00
    914.950000 1.527400e-15 9.204500e+02 0.000000e+00
    925.540000 2.426300e-15 9.311100e+02 0.000000e+00
    934.110000 3.349200e-15 9.397200e+02 0.000000e+00
    944.920000 4.168100e-15 9.506000e+02 0.000000e+00
    955.870000 4.666000e-15 9.616100e+02 0.000000e+00
    964.710000 4.953800e-15 9.705100e+02 0.000000e+00
    975.880000 2.716100e-15 9.817500e+02 0.000000e+00
    984.910000 4.304700e-15 9.908300e+02 0.000000e+00
    994.020000 4.158500e-15 1.000000e+03 0.000000e+00
   1005.540000 4.818800e-15 1.011580e+03 0.000000e+00
   1014.840000 4.796700e-15 1.020940e+03 0.000000e+00
   1024.230000 3.118500e-15 1.030390e+03 0.000000e+00
   1036.090000 4.216400e-15 1.042320e+03 0.000000e+00
   1045.680000 5.431800e-15 1.051960e+03 0.000000e+00
   1055.350000 5.259500e-15 1.061700e+03 0.000000e+00
   1065.120000 4.591400e-15 1.071520e+03 0.000000e+00
   1074.970000 4.931100e-15 1.081430e+03 0.000000e+00
   1084.920000 4.129900e-15 1.091440e+03 0.000000e+00
   1094.960000 4.965200e-15 1.101540e+03 0.000000e+00
   1105.090000 4.752700e-15 1.111730e+03 0.000000e+00
   1115.310000 4.623200e-15 1.122020e+03 0.000000e+00
   1125.630000 4.177700e-15 1.132400e+03 0.000000e+00
   1136.050000 4.741800e-15 1.142880e+03 0.000000e+00
   1143.920000 4.497200e-15 1.150800e+03 0.000000e+00
   1154.510000 4.517900e-15 1.161450e+03 0.000000e+00
   1165.190000 4.466200e-15 1.172200e+03 0.000000e+00
   1175.970000 3.388000e-15 1.183040e+03 0.000000e+00
   1184.120000 4.255400e-15 1.191240e+03 0.000000e+00
   1195.080000 3.663900e-15 1.202260e+03 0.000000e+00
   1206.140000 3.147300e-15 1.213390e+03 0.000000e+00
   1214.500000 2.317100e-15 1.221800e+03 0.000000e+00
   1225.740000 3.531300e-15 1.233110e+03 0.000000e+00
   1234.230000 4.120400e-15 1.241650e+03 0.000000e+00
   1245.650000 4.226100e-15 1.253140e+03 0.000000e+00
   1254.290000 4.101500e-15 1.261830e+03 0.000000e+00
   1265.890000 3.889900e-15 1.273500e+03 0.000000e+00
   1274.670000 4.275000e-15 1.282330e+03 0.000000e+00
   1286.460000 4.314600e-15 1.294200e+03 0.000000e+00
   1295.380000 3.740600e-15 1.303170e+03 0.000000e+00
   1304.360000 3.732000e-15 1.312200e+03 0.000000e+00
   1316.430000 4.168100e-15 1.324340e+03 0.000000e+00
   1325.550000 3.998900e-15 1.333520e+03 0.000000e+00
   1334.740000 3.706300e-15 1.342770e+03 0.000000e+00
   1343.990000 4.017400e-15 1.352070e+03 0.000000e+00
   1356.430000 3.907900e-15 1.364580e+03 0.000000e+00
   1365.830000 3.630300e-15 1.374040e+03 0.000000e+00
   1375.300000 3.638700e-15 1.383570e+03 0.000000e+00
   1384.830000 3.613600e-15 1.393160e+03 0.000000e+00
   1394.430000 2.985000e-15 1.402810e+03 0.000000e+00
   1404.100000 2.964400e-15 1.412540e+03 0.000000e+00
   1413.830000 3.364700e-15 1.422330e+03 0.000000e+00
   1423.630000 3.303200e-15 1.432190e+03 0.000000e+00
   1433.500000 3.349200e-15 1.442120e+03 0.000000e+00
   1443.430000 3.395800e-15 1.452110e+03 0.000000e+00
   1446.760000 3.395800e-15 1.455460e+03 0.000000e+00
   1453.440000 3.295600e-15 1.462180e+03 0.000000e+00
   1463.520000 3.118500e-15 1.472310e+03 0.000000e+00
   1473.660000 3.111300e-15 1.482520e+03 0.000000e+00
   1483.870000 3.118500e-15 1.492790e+03 0.000000e+00
   1494.160000 3.082800e-15 1.503140e+03 0.000000e+00
   1504.520000 2.944000e-15 1.513560e+03 0.000000e+00
   1511.460000 2.716100e-15 1.520550e+03 0.000000e+00
   1518.440000 2.805100e-15 1.527570e+03 0.000000e+00
   1525.450000 2.766600e-15 1.534620e+03 0.000000e+00
   1536.020000 2.460000e-15 1.545250e+03 0.000000e+00
   1546.670000 2.387500e-15 1.555970e+03 0.000000e+00
   1553.810000 2.327800e-15 1.563150e+03 0.000000e+00
   1564.580000 2.454400e-15 1.573980e+03 0.000000e+00
   1575.420000 2.564100e-15 1.584890e+03 0.000000e+00
   1586.340000 2.611800e-15 1.595880e+03 0.000000e+00
   1593.670000 2.623900e-15 1.603250e+03 0.000000e+00
   1604.710000 2.552400e-15 1.614360e+03 0.000000e+00
   1615.840000 2.523100e-15 1.625550e+03 0.000000e+00
   1623.290000 2.443100e-15 1.633050e+03 0.000000e+00
   1634.550000 2.534800e-15 1.644370e+03 0.000000e+00
   1645.880000 2.534800e-15 1.655770e+03 0.000000e+00
   1653.470000 2.431900e-15 1.663410e+03 0.000000e+00
   1664.930000 2.540600e-15 1.674940e+03 0.000000e+00
   1672.620000 2.333100e-15 1.682670e+03 0.000000e+00
   1676.480000 2.672600e-15 1.686550e+03 0.000000e+00
   1684.210000 2.691200e-15 1.694340e+03 0.000000e+00
   1695.890000 2.540600e-15 1.706080e+03 0.000000e+00
   1703.720000 2.488500e-15 1.713960e+03 0.000000e+00
   1715.530000 2.454400e-15 1.725840e+03 0.000000e+00
   1723.440000 2.454400e-15 1.733800e+03 0.000000e+00
   1735.390000 2.611800e-15 1.745820e+03 0.000000e+00
   1743.400000 2.546500e-15 1.753880e+03 0.000000e+00
   1755.490000 2.716100e-15 1.766040e+03 0.000000e+00
   1763.590000 2.482800e-15 1.774190e+03 0.000000e+00
   1775.810000 2.558200e-15 1.786490e+03 0.000000e+00
   1784.010000 2.605800e-15 1.794730e+03 0.000000e+00
   1796.380000 2.857200e-15 1.807170e+03 0.000000e+00
   1804.670000 2.766600e-15 1.815520e+03 0.000000e+00
   1813.000000 2.636000e-15 1.823900e+03 0.000000e+00
   1825.560000 2.660400e-15 1.836540e+03 0.000000e+00
   1833.990000 2.570000e-15 1.845020e+03 0.000000e+00
   1846.700000 2.295800e-15 1.857800e+03 0.000000e+00
   1855.230000 2.460000e-15 1.866380e+03 0.000000e+00
   1863.790000 2.666500e-15 1.874990e+03 0.000000e+00
   1876.710000 2.709800e-15 1.887990e+03 0.000000e+00
   1885.370000 2.599800e-15 1.896710e+03 0.000000e+00
   1894.080000 2.678800e-15 1.905460e+03 0.000000e+00
   1902.820000 2.709800e-15 1.914260e+03 0.000000e+00
   1916.010000 2.703600e-15 1.927530e+03 0.000000e+00
   1924.850000 2.511500e-15 1.936420e+03 0.000000e+00
   1933.740000 2.187500e-15 1.945360e+03 0.000000e+00
   1947.140000 2.863800e-15 1.958840e+03 0.000000e+00
   1956.130000 2.798600e-15 1.967890e+03 0.000000e+00
   1965.160000 3.147300e-15 1.976970e+03 0.000000e+00
   1974.230000 3.047500e-15 1.986100e+03 0.000000e+00
   1983.340000 3.132900e-15 1.995260e+03 0.000000e+00
   1997.090000 3.118500e-15 2.009090e+03 0.000000e+00
   2006.959188 3.033500e-15 2.018370e+03 0.000000e+00
   2016.220824 3.040500e-15 2.027680e+03 0.000000e+00
   2025.522489 2.837500e-15 2.037040e+03 0.000000e+00
   2034.874184 3.161800e-15 2.046450e+03 0.000000e+00
   2044.265906 3.411500e-15 2.055890e+03 0.000000e+00
   2053.697655 3.205800e-15 2.065380e+03 0.000000e+00
   2067.930329 3.132900e-15 2.079700e+03 0.000000e+00
   2072.701235 3.555800e-15 2.084490e+03 0.000000e+00
   2077.472145 4.976700e-15 2.089300e+03 0.000000e+00
   2087.063986 5.700900e-15 2.098940e+03 0.000000e+00
   2096.695853 5.295900e-15 2.108630e+03 0.000000e+00
   2106.367743 5.057600e-15 2.118360e+03 0.000000e+00
   2116.089658 5.532700e-15 2.128140e+03 0.000000e+00
   2125.861598 5.092600e-15 2.137960e+03 0.000000e+00
   2135.673561 4.720000e-15 2.147830e+03 0.000000e+00
   2145.525546 5.780200e-15 2.157740e+03 0.000000e+00
   2155.427556 5.780200e-15 2.167700e+03 0.000000e+00
   2165.379588 5.127900e-15 2.177710e+03 0.000000e+00
   2175.371642 5.175400e-15 2.187760e+03 0.000000e+00
   2185.413719 6.207800e-15 2.197860e+03 0.000000e+00
   2195.495817 6.265300e-15 2.208010e+03 0.000000e+00
   2205.627937 6.052600e-15 2.218200e+03 0.000000e+00
   2215.810079 4.863400e-15 2.228440e+03 0.000000e+00
   2226.032242 5.456800e-15 2.238720e+03 0.000000e+00
   2236.314428 7.046000e-15 2.249050e+03 0.000000e+00
   2246.636634 6.682500e-15 2.259440e+03 0.000000e+00
   2256.998859 5.259500e-15 2.269860e+03 0.000000e+00
   2267.421107 4.976700e-15 2.280340e+03 0.000000e+00
   2277.883374 5.469400e-15 2.290870e+03 0.000000e+00
   2283.134516 7.062200e-15 2.296150e+03 0.000000e+00
   2293.666814 5.914000e-15 2.306750e+03 0.000000e+00
   2304.259134 7.059800e-15 2.317390e+03 0.000000e+00
   2314.891472 6.091200e-15 2.328090e+03 0.000000e+00
   2325.573831 4.804100e-15 2.338840e+03 0.000000e+00
   2336.306210 4.461900e-15 2.349630e+03 0.000000e+00
   2347.088609 3.216800e-15 2.360480e+03 0.000000e+00
   2357.921028 5.653700e-15 2.371370e+03 0.000000e+00
   2363.362246 3.509800e-15 2.376840e+03 0.000000e+00
   2374.264693 4.448300e-15 2.387810e+03 0.000000e+00
   2385.227163 2.838500e-15 2.398830e+03 0.000000e+00
   2396.239651 3.475400e-15 2.409910e+03 0.000000e+00
   2407.292157 3.474600e-15 2.421030e+03 0.000000e+00
   2418.404684 4.006900e-15 2.432200e+03 0.000000e+00
   2423.985957 6.557800e-15 2.437810e+03 0.000000e+00
   2435.168511 6.586600e-15 2.449060e+03 0.000000e+00
   2446.411088 7.808500e-15 2.460370e+03 0.000000e+00
   2457.693680 8.250300e-15 2.471720e+03 0.000000e+00
   2463.364986 7.168400e-15 2.477420e+03 0.000000e+00
   2474.737611 6.328800e-15 2.488860e+03 0.000000e+00
   2486.160254 4.199800e-15 2.500350e+03 0.000000e+00
   2497.632915 4.899200e-15 2.511890e+03 0.000000e+00
   2503.384252 7.517500e-15 2.517680e+03 0.000000e+00
   2514.946945 3.572500e-15 2.529300e+03 0.000000e+00
   2520.738296 2.870300e-15 2.535130e+03 0.000000e+00
   2526.549654 3.154100e-15 2.540970e+03 0.000000e+00
   2538.212383 4.917800e-15 2.552700e+03 0.000000e+00
   2544.063755 5.232700e-15 2.558590e+03 0.000000e+00
   2555.806513 9.324500e-15 2.570400e+03 0.000000e+00
   2567.599289 6.942600e-15 2.582260e+03 0.000000e+00
   2573.520686 8.901600e-15 2.588210e+03 0.000000e+00
   2585.393490 7.895300e-15 2.600160e+03 0.000000e+00
   2597.326315 7.083800e-15 2.612160e+03 0.000000e+00
   2603.317735 6.126500e-15 2.618180e+03 0.000000e+00
   2615.330588 5.509500e-15 2.630270e+03 0.000000e+00
   2627.403461 7.603300e-15 2.642410e+03 0.000000e+00
   2633.464906 1.312100e-14 2.648500e+03 0.000000e+00
   2645.617806 1.777700e-14 2.660720e+03 0.000000e+00
   2657.830727 2.475900e-14 2.673010e+03 0.000000e+00
   2663.952193 1.558400e-14 2.679170e+03 0.000000e+00
   2676.245141 1.780700e-14 2.691540e+03 0.000000e+00
   2688.598110 2.062900e-14 2.703960e+03 0.000000e+00
   2694.799602 1.494200e-14 2.710190e+03 0.000000e+00
   2707.232597 1.859100e-14 2.722700e+03 0.000000e+00
   2713.474103 1.337400e-14 2.728980e+03 0.000000e+00
   2725.997128 1.064500e-14 2.741570e+03 0.000000e+00
   2738.580173 1.358400e-14 2.754230e+03 0.000000e+00
   2744.891703 7.550700e-15 2.760580e+03 0.000000e+00
   2757.564777 1.034800e-14 2.773320e+03 0.000000e+00
   2763.916320 1.364000e-14 2.779710e+03 0.000000e+00
   2776.679424 1.464600e-14 2.792540e+03 0.000000e+00
   2783.080983 8.702700e-15 2.798980e+03 0.000000e+00
   2795.924114 3.806700e-15 2.811900e+03 0.000000e+00
   2808.827264 4.649800e-15 2.824880e+03 0.000000e+00
   2815.298846 1.292300e-14 2.831390e+03 0.000000e+00
   2828.302028 1.902200e-14 2.844460e+03 0.000000e+00
   2834.813623 1.791500e-14 2.851020e+03 0.000000e+00
   2847.896832 1.297500e-14 2.864180e+03 0.000000e+00
   2854.468445 7.621400e-15 2.870780e+03 0.000000e+00
   2867.641683 1.798500e-14 2.884030e+03 0.000000e+00
   2874.253310 2.442700e-14 2.890680e+03 0.000000e+00
   2887.516577 2.211800e-14 2.904020e+03 0.000000e+00
   2894.178219 2.714500e-14 2.910720e+03 0.000000e+00
   2907.531515 3.694600e-14 2.924150e+03 0.000000e+00
   2927.686497 3.209200e-14 2.944420e+03 0.000000e+00
   2947.981524 2.959500e-14 2.964830e+03 0.000000e+00
   2968.406592 3.104900e-14 2.985380e+03 0.000000e+00
   2988.981708 3.161300e-14 3.006080e+03 0.000000e+00
   3009.706869 3.174600e-14 3.026910e+03 0.000000e+00
   3030.562073 3.392300e-14 3.047890e+03 0.000000e+00
   3051.567323 3.550700e-14 3.069020e+03 0.000000e+00
   3072.722619 3.873800e-14 3.090300e+03 0.000000e+00
   3094.017958 3.784000e-14 3.111720e+03 0.000000e+00
   3108.301545 4.393600e-14 3.126080e+03 0.000000e+00
   3129.846961 4.051700e-14 3.147750e+03 0.000000e+00
   3151.542424 4.059200e-14 3.169570e+03 0.000000e+00
   3173.387933 4.479700e-14 3.191540e+03 0.000000e+00
   3188.031630 3.864800e-14 3.206270e+03 0.000000e+00
   3210.127215 4.294700e-14 3.228490e+03 0.000000e+00
   3232.382848 3.611900e-14 3.250870e+03 0.000000e+00
   3247.296628 5.088700e-14 3.265880e+03 0.000000e+00
   3269.812340 5.962200e-14 3.288520e+03 0.000000e+00
   3292.478098 5.837300e-14 3.311310e+03 0.000000e+00
   3307.671961 5.471100e-14 3.326600e+03 0.000000e+00
   3322.935846 5.151600e-14 3.341950e+03 0.000000e+00
   3330.597798 5.779300e-14 3.349660e+03 0.000000e+00
   3338.279755 5.355600e-14 3.357380e+03 0.000000e+00
   3345.971715 5.466900e-14 3.365120e+03 0.000000e+00
   3353.683682 4.973600e-14 3.372870e+03 0.000000e+00
   3361.415654 5.657200e-14 3.380650e+03 0.000000e+00
   3369.167632 5.591600e-14 3.388440e+03 0.000000e+00
   3376.929614 4.400200e-14 3.396250e+03 0.000000e+00
   3384.711601 4.481300e-14 3.404080e+03 0.000000e+00
   3392.513595 5.679800e-14 3.411930e+03 0.000000e+00
   3400.335594 5.864900e-14 3.419790e+03 0.000000e+00
   3408.177599 5.638900e-14 3.427680e+03 0.000000e+00
   3416.029608 5.371900e-14 3.435580e+03 0.000000e+00
   3423.901622 6.324900e-14 3.443500e+03 0.000000e+00
   3431.803645 5.874700e-14 3.451440e+03 0.000000e+00
   3439.705668 5.996800e-14 3.459390e+03 0.000000e+00
   3447.637700 3.961400e-14 3.467370e+03 0.000000e+00
   3455.589738 5.858400e-14 3.475360e+03 0.000000e+00
   3463.551779 4.794100e-14 3.483370e+03 0.000000e+00
   3471.533826 5.516100e-14 3.491400e+03 0.000000e+00
   3479.535879 4.340800e-14 3.499450e+03 0.000000e+00
   3487.557938 5.290500e-14 3.507520e+03 0.000000e+00
   3495.600003 4.736100e-14 3.515600e+03 0.000000e+00
   3503.652071 6.072300e-14 3.523710e+03 0.000000e+00
   3511.734147 6.057300e-14 3.531830e+03 0.000000e+00
   3519.826227 5.299200e-14 3.539970e+03 0.000000e+00
   3527.938312 4.809900e-14 3.548130e+03 0.000000e+00
   3536.070403 5.998800e-14 3.556310e+03 0.000000e+00
   3544.222501 6.760800e-14 3.564510e+03 0.000000e+00
   3552.394604 6.590600e-14 3.572730e+03 0.000000e+00
   3560.586713 6.178100e-14 3.580960e+03 0.000000e+00
   3568.788825 5.659500e-14 3.589220e+03 0.000000e+00
   3577.020946 4.872000e-14 3.597490e+03 0.000000e+00
   3585.263070 3.746600e-14 3.605790e+03 0.000000e+00
   3593.525200 4.715900e-14 3.614100e+03 0.000000e+00
   3601.817338 6.846800e-14 3.622430e+03 0.000000e+00
   3610.119479 5.437700e-14 3.630780e+03 0.000000e+00
   3611.529843 5.638000e-14 3.632200e+03 1.000000e+00
   3614.260548 5.295400e-14 3.634950e+03 1.000000e+00
   3616.991252 5.412800e-14 3.637700e+03 1.000000e+00
   3619.731960 5.981500e-14 3.640450e+03 1.000000e+00
   3622.462664 5.476800e-14 3.643200e+03 1.000000e+00
   3625.203372 6.224900e-14 3.645950e+03 1.000000e+00
   3627.934077 6.094000e-14 3.648700e+03 1.000000e+00
   3630.664782 6.168100e-14 3.651450e+03 1.000000e+00
   3633.405489 6.372100e-14 3.654200e+03 1.000000e+00
   3636.136195 6.753500e-14 3.656950e+03 1.000000e+00
   3638.866900 6.638700e-14 3.659700e+03 1.000000e+00
   3641.607608 6.599200e-14 3.662450e+03 1.000000e+00
   3644.338313 6.081600e-14 3.665200e+03 1.000000e+00
   3647.069018 6.853100e-14 3.667950e+03 1.000000e+00
   3649.809727 7.056400e-14 3.670700e+03 1.000000e+00
   3652.540432 7.307600e-14 3.673450e+03 1.000000e+00
   3655.271138 7.402900e-14 3.676200e+03 1.000000e+00
   3658.011846 7.910200e-14 3.678950e+03 1.000000e+00
   3660.742552 8.042700e-14 3.681700e+03 1.000000e+00
   3663.483260 8.073200e-14 3.684450e+03 1.000000e+00
   3666.213966 7.997500e-14 3.687200e+03 1.000000e+00
   3668.944672 7.664000e-14 3.689950e+03 1.000000e+00
   3671.685381 7.628300e-14 3.692700e+03 1.000000e+00
   3674.416087 7.523400e-14 3.695450e+03 1.000000e+00
   3677.146793 6.896900e-14 3.698200e+03 1.000000e+00
   3679.887502 6.792200e-14 3.700950e+03 1.000000e+00
   3682.618208 6.509100e-14 3.703700e+03 1.000000e+00
   3685.348915 6.736100e-14 3.706450e+03 1.000000e+00
   3688.089624 7.133900e-14 3.709200e+03 1.000000e+00
   3690.820330 7.525700e-14 3.711950e+03 1.000000e+00
   3693.551037 7.730200e-14 3.714700e+03 1.000000e+00
   3696.291746 7.976800e-14 3.717450e+03 1.000000e+00
   3699.022453 7.515700e-14 3.720200e+03 1.000000e+00
   3701.763163 7.204700e-14 3.722950e+03 1.000000e+00
   3704.493869 6.730600e-14 3.725700e+03 1.000000e+00
   3707.224576 7.036100e-14 3.728450e+03 1.000000e+00
   3709.965286 7.329100e-14 3.731200e+03 1.000000e+00
   3712.695993 7.208800e-14 3.733950e+03 1.000000e+00
   3715.426700 7.410300e-14 3.736700e+03 1.000000e+00
   3718.167410 6.768600e-14 3.739450e+03 1.000000e+00
   3720.898117 6.701400e-14 3.742200e+03 1.000000e+00
   3723.628825 6.611200e-14 3.744950e+03 1.000000e+00
   3726.369535 6.361500e-14 3.747700e+03 1.000000e+00
   3729.100242 6.186100e-14 3.750450e+03 1.000000e+00
   3731.830950 6.036300e-14 3.753200e+03 1.000000e+00
   3734.571660 5.561200e-14 3.755950e+03 1.000000e+00
   3737.302368 5.786700e-14 3.758700e+03 1.000000e+00
   3740.033075 6.227100e-14 3.761450e+03 1.000000e+00
   3742.773786 5.750800e-14 3.764200e+03 1.000000e+00
   3745.504494 5.678700e-14 3.766950e+03 1.000000e+00
   3748.245204 6.002400e-14 3.769700e+03 1.000000e+00
   3750.975912 6.589100e-14 3.772450e+03 1.000000e+00
   3753.706620 6.725900e-14 3.775200e+03 1.000000e+00
   3756.447331 7.409000e-14 3.777950e+03 1.000000e+00
   3759.178039 7.429500e-14 3.780700e+03 1.000000e+00
   3761.908747 7.032900e-14 3.783450e+03 1.000000e+00
   3764.649458 6.881500e-14 3.786200e+03 1.000000e+00
   3767.380167 7.471600e-14 3.788950e+03 1.000000e+00
   3770.110875 7.367900e-14 3.791700e+03 1.000000e+00
   3772.851586 8.024100e-14 3.794450e+03 1.000000e+00
   3775.582295 7.992200e-14 3.797200e+03 1.000000e+00
   3778.313004 8.340800e-14 3.799950e+03 1.000000e+00
   3781.053715 8.805700e-14 3.802700e+03 1.000000e+00
   3783.784424 8.045000e-14 3.805450e+03 1.000000e+00
   3786.525135 7.701500e-14 3.808200e+03 1.000000e+00
   3789.255844 7.673200e-14 3.810950e+03 1.000000e+00
   3791.986553 7.012400e-14 3.813700e+03 1.000000e+00
   3794.727264 6.552900e-14 3.816450e+03 1.000000e+00
   3797.457973 6.942500e-14 3.819200e+03 1.000000e+00
   3800.188683 7.382000e-14 3.821950e+03 1.000000e+00
   3802.929394 7.145900e-14 3.824700e+03 1.000000e+00
   3805.660104 7.673400e-14 3.827450e+03 1.000000e+00
   3808.390813 7.757800e-14 3.830200e+03 1.000000e+00
   3811.131525 7.200700e-14 3.832950e+03 1.000000e+00
   3813.862234 6.431500e-14 3.835700e+03 1.000000e+00
   3816.592944 6.185300e-14 3.838450e+03 1.000000e+00
   3819.333656 5.617100e-14 3.841200e+03 1.000000e+00
   3822.064366 5.370800e-14 3.843950e+03 1.000000e+00
   3824.805078 4.998500e-14 3.846700e+03 1.000000e+00
   3827.535788 5.083800e-14 3.849450e+03 1.000000e+00
   3830.266497 4.729300e-14 3.852200e+03 1.000000e+00
   3833.007210 4.334700e-14 3.854950e+03 1.000000e+00
   3835.737920 4.839400e-14 3.857700e+03 1.000000e+00
   3838.468630 5.452300e-14 3.860450e+03 1.000000e+00
   3841.209342 6.004100e-14 3.863200e+03 1.000000e+00
   3843.940052 6.034000e-14 3.865950e+03 1.000000e+00
   3846.670763 6.693000e-14 3.868700e+03 1.000000e+00
   3849.411475 6.839600e-14 3.871450e+03 1.000000e+00
   3852.142186 6.112700e-14 3.874200e+03 1.000000e+00
   3854.872896 6.240900e-14 3.876950e+03 1.000000e+00
   3857.613609 6.076100e-14 3.879700e+03 1.000000e+00
   3860.344319 6.549100e-14 3.882450e+03 1.000000e+00
   3863.085032 6.582600e-14 3.885200e+03 1.000000e+00
   3865.815743 6.709800e-14 3.887950e+03 1.000000e+00
   3868.546454 6.628700e-14 3.890700e+03 1.000000e+00
   3871.287167 6.687900e-14 3.893450e+03 1.000000e+00
   3874.017878 6.712700e-14 3.896200e+03 1.000000e+00
   3876.748588 6.830200e-14 3.898950e+03 1.000000e+00
   3879.489302 6.301700e-14 3.901700e+03 1.000000e+00
   3882.220013 6.560400e-14 3.904450e+03 1.000000e+00
   3884.950724 6.973100e-14 3.907200e+03 1.000000e+00
   3887.691437 7.155200e-14 3.909950e+03 1.000000e+00
   3890.422148 7.735000e-14 3.912700e+03 1.000000e+00
   3893.152859 7.780600e-14 3.915450e+03 1.000000e+00
   3895.893573 8.256700e-14 3.918200e+03 1.000000e+00
   3898.624284 8.128200e-14 3.920950e+03 1.000000e+00
   3901.364998 8.136200e-14 3.923700e+03 1.000000e+00
   3904.095710 8.423800e-14 3.926450e+03 1.000000e+00
   3906.826421 8.712000e-14 3.929200e+03 1.000000e+00
   3909.567135 8.744800e-14 3.931950e+03 1.000000e+00
   3912.297846 8.825500e-14 3.934700e+03 1.000000e+00
   3915.028558 8.375000e-14 3.937450e+03 1.000000e+00
   3917.769272 8.010900e-14 3.940200e+03 1.000000e+00
   3920.499984 7.475700e-14 3.942950e+03 1.000000e+00
   3923.230696 6.436200e-14 3.945700e+03 1.000000e+00
   3925.971410 5.628500e-14 3.948450e+03 1.000000e+00
   3928.702122 4.435900e-14 3.951200e+03 1.000000e+00
   3931.432834 4.151200e-14 3.953950e+03 1.000000e+00
   3934.173548 4.197100e-14 3.956700e+03 1.000000e+00
   3936.904260 5.063100e-14 3.959450e+03 1.000000e+00
   3939.644975 6.078400e-14 3.962200e+03 1.000000e+00
   3942.375687 7.026700e-14 3.964950e+03 1.000000e+00
   3945.106399 7.534400e-14 3.967700e+03 1.000000e+00
   3947.847114 8.356600e-14 3.970450e+03 1.000000e+00
   3950.577826 8.582100e-14 3.973200e+03 1.000000e+00
   3953.308538 8.593400e-14 3.975950e+03 1.000000e+00
   3956.049253 7.893400e-14 3.978700e+03 1.000000e+00
   3958.779966 6.889300e-14 3.981450e+03 1.000000e+00
   3961.510678 5.647200e-14 3.984200e+03 1.000000e+00
   3964.251393 5.039100e-14 3.986950e+03 1.000000e+00
   3966.982106 4.890000e-14 3.989700e+03 1.000000e+00
   3969.712819 5.456100e-14 3.992450e+03 1.000000e+00
   3972.453534 6.765800e-14 3.995200e+03 1.000000e+00
   3975.184247 8.336900e-14 3.997950e+03 1.000000e+00
   3977.924962 9.351200e-14 4.000700e+03 1.000000e+00
   3980.655675 9.961700e-14 4.003450e+03 1.000000e+00
   3983.386388 1.069700e-13 4.006200e+03 1.000000e+00
   3986.127103 1.082100e-13 4.008950e+03 1.000000e+00
   3988.857816 1.095100e-13 4.011700e+03 1.000000e+00
   3991.588529 1.148700e-13 4.014450e+03 1.000000e+00
   3994.329245 1.137200e-13 4.017200e+03 1.000000e+00
   3997.059958 1.160400e-13 4.019950e+03 1.000000e+00
   3999.790671 1.163700e-13 4.022700e+03 1.000000e+00
   4002.531387 1.227800e-13 4.025450e+03 1.000000e+00
   4005.262100 1.183100e-13 4.028200e+03 1.000000e+00
   4007.992814 1.229900e-13 4.030950e+03 1.000000e+00
   4010.733529 1.241300e-13 4.033700e+03 1.000000e+00
   4013.464243 1.259800e-13 4.036450e+03 1.000000e+00
   4016.204959 1.265300e-13 4.039200e+03 1.000000e+00
   4018.935673 1.257500e-13 4.041950e+03 1.000000e+00
   4021.666386 1.259800e-13 4.044700e+03 1.000000e+00
   4024.407102 1.218300e-13 4.047450e+03 1.000000e+00
   4027.137816 1.207600e-13 4.050200e+03 1.000000e+00
   4029.868530 1.170700e-13 4.052950e+03 1.000000e+00
   4032.609246 1.184300e-13 4.055700e+03 1.000000e+00
   4035.339960 1.236200e-13 4.058450e+03 1.000000e+00
   4038.070674 1.230500e-13 4.061200e+03 1.000000e+00
   4040.811390 1.194200e-13 4.063950e+03 1.000000e+00
   4043.542104 1.146700e-13 4.066700e+03 1.000000e+00
   4046.272818 1.154900e-13 4.069450e+03 1.000000e+00
   4049.013535 1.224100e-13 4.072200e+03 1.000000e+00
   4051.744249 1.199800e-13 4.074950e+03 1.000000e+00
   4054.484966 1.175300e-13 4.077700e+03 1.000000e+00
   4057.215680 1.170400e-13 4.080450e+03 1.000000e+00
   4059.946394 1.148000e-13 4.083200e+03 1.000000e+00
   4062.687111 1.151300e-13 4.085950e+03 1.000000e+00
   4065.417826 1.164900e-13 4.088700e+03 1.000000e+00
   4068.148540 1.171100e-13 4.091450e+03 1.000000e+00
   4070.889257 1.157100e-13 4.094200e+03 1.000000e+00
   4073.619971 1.204900e-13 4.096950e+03 1.000000e+00
   4076.350686 1.269400e-13 4.099700e+03 1.000000e+00
   4079.091403 1.251000e-13 4.102450e+03 1.000000e+00
   4081.822118 1.286200e-13 4.105200e+03 1.000000e+00
   4084.552832 1.320100e-13 4.107950e+03 1.000000e+00
   4087.293550 1.322200e-13 4.110700e+03 1.000000e+00
   4090.024265 1.297900e-13 4.113450e+03 1.000000e+00
   4092.764982 1.245000e-13 4.116200e+03 1.000000e+00
   4095.495697 1.171700e-13 4.118950e+03 1.000000e+00
   4098.226412 1.140000e-13 4.121700e+03 1.000000e+00
   4100.967129 1.146400e-13 4.124450e+03 1.000000e+00
   4103.697844 1.187100e-13 4.127200e+03 1.000000e+00
   4106.428559 1.219800e-13 4.129950e+03 1.000000e+00
   4109.169277 1.254200e-13 4.132700e+03 1.000000e+00
   4111.899992 1.255000e-13 4.135450e+03 1.000000e+00
   4114.630707 1.263100e-13 4.138200e+03 1.000000e+00
   4117.371425 1.242900e-13 4.140950e+03 1.000000e+00
   4120.102141 1.250000e-13 4.143700e+03 1.000000e+00
   4122.832856 1.262700e-13 4.146450e+03 1.000000e+00
   4125.573574 1.201900e-13 4.149200e+03 1.000000e+00
   4128.304289 1.184200e-13 4.151950e+03 1.000000e+00
   4131.045007 1.199300e-13 4.154700e+03 1.000000e+00
   4133.775723 1.236400e-13 4.157450e+03 1.000000e+00
   4136.506438 1.198000e-13 4.160200e+03 1.000000e+00
   4139.247157 1.197300e-13 4.162950e+03 1.000000e+00
   4141.977872 1.171000e-13 4.165700e+03 1.000000e+00
   4144.708588 1.168600e-13 4.168450e+03 1.000000e+00
   4147.449306 1.174300e-13 4.171200e+03 1.000000e+00
   4150.180022 1.148200e-13 4.173950e+03 1.000000e+00
   4152.910738 1.173500e-13 4.176700e+03 1.000000e+00
   4155.651456 1.193700e-13 4.179450e+03 1.000000e+00
   4158.382172 1.204400e-13 4.182200e+03 1.000000e+00
   4161.112888 1.240600e-13 4.184950e+03 1.000000e+00
   4163.853607 1.223900e-13 4.187700e+03 1.000000e+00
   4166.584323 1.190300e-13 4.190450e+03 1.000000e+00
   4169.325041 1.167000e-13 4.193200e+03 1.000000e+00
   4172.055757 1.122600e-13 4.195950e+03 1.000000e+00
   4174.786474 1.135000e-13 4.198700e+03 1.000000e+00
   4177.527192 1.163300e-13 4.201450e+03 1.000000e+00
   4180.257909 1.203100e-13 4.204200e+03 1.000000e+00
   4182.988625 1.210500e-13 4.206950e+03 1.000000e+00
   4185.729344 1.196700e-13 4.209700e+03 1.000000e+00
   4188.460060 1.199200e-13 4.212450e+03 1.000000e+00
   4191.190777 1.213000e-13 4.215200e+03 1.000000e+00
   4193.931496 1.180600e-13 4.217950e+03 1.000000e+00
   4196.662212 1.168400e-13 4.220700e+03 1.000000e+00
   4199.392929 1.186500e-13 4.223450e+03 1.000000e+00
   4202.133648 1.195300e-13 4.226200e+03 1.000000e+00
   4204.864365 1.229800e-13 4.228950e+03 1.000000e+00
   4207.605084 1.280300e-13 4.231700e+03 1.000000e+00
   4210.335800 1.321100e-13 4.234450e+03 1.000000e+00
   4213.066517 1.287900e-13 4.237200e+03 1.000000e+00
   4215.807237 1.284600e-13 4.239950e+03 1.000000e+00
   4218.537953 1.261100e-13 4.242700e+03 1.000000e+00
   4221.268670 1.154700e-13 4.245450e+03 1.000000e+00
   4224.009390 1.139900e-13 4.248200e+03 1.000000e+00
   4226.740107 1.164600e-13 4.250950e+03 1.000000e+00
   4229.470824 1.220300e-13 4.253700e+03 1.000000e+00
   4232.211543 1.264400e-13 4.256450e+03 1.000000e+00
   4234.942261 1.287700e-13 4.259200e+03 1.000000e+00
   4237.672978 1.285300e-13 4.261950e+03 1.000000e+00
   4240.413697 1.347100e-13 4.264700e+03 1.000000e+00
   4243.144415 1.325300e-13 4.267450e+03 1.000000e+00
   4245.885134 1.288300e-13 4.270200e+03 1.000000e+00
   4248.615852 1.259900e-13 4.272950e+03 1.000000e+00
   4251.346569 1.237900e-13 4.275700e+03 1.000000e+00
   4254.087289 1.262200e-13 4.278450e+03 1.000000e+00
   4256.818006 1.269600e-13 4.281200e+03 1.000000e+00
   4259.548724 1.322100e-13 4.283950e+03 1.000000e+00
   4262.289444 1.330000e-13 4.286700e+03 1.000000e+00
   4265.020161 1.277300e-13 4.289450e+03 1.000000e+00
   4267.750879 1.232900e-13 4.292200e+03 1.000000e+00
   4270.491599 1.213900e-13 4.294950e+03 1.000000e+00
   4273.222317 1.223500e-13 4.297700e+03 1.000000e+00
   4275.953035 1.279500e-13 4.300450e+03 1.000000e+00
   4278.693755 1.268500e-13 4.303200e+03 1.000000e+00
   4281.424473 1.270600e-13 4.305950e+03 1.000000e+00
   4284.165193 1.245100e-13 4.308700e+03 1.000000e+00
   4286.895911 1.218800e-13 4.311450e+03 1.000000e+00
   4289.626629 1.214600e-13 4.314200e+03 1.000000e+00
   4292.367349 1.182300e-13 4.316950e+03 1.000000e+00
   4295.098067 1.095700e-13 4.319700e+03 1.000000e+00
   4297.828785 1.015600e-13 4.322450e+03 1.000000e+00
   4300.569506 9.703300e-14 4.325200e+03 1.000000e+00
   4303.300224 9.558500e-14 4.327950e+03 1.000000e+00
   4306.030942 9.844500e-14 4.330700e+03 1.000000e+00
   4308.771663 1.076300e-13 4.333450e+03 1.000000e+00
   4311.502381 1.251100e-13 4.336200e+03 1.000000e+00
   4314.233099 1.375500e-13 4.338950e+03 1.000000e+00
   4316.973820 1.418700e-13 4.341700e+03 1.000000e+00
   4319.704538 1.386200e-13 4.344450e+03 1.000000e+00
   4322.445259 1.346700e-13 4.347200e+03 1.000000e+00
   4325.175978 1.374300e-13 4.349950e+03 1.000000e+00
   4327.906696 1.426700e-13 4.352700e+03 1.000000e+00
   4330.647417 1.430000e-13 4.355450e+03 1.000000e+00
   4333.378136 1.388600e-13 4.358200e+03 1.000000e+00
   4336.108854 1.364600e-13 4.360950e+03 1.000000e+00
   4338.849575 1.324800e-13 4.363700e+03 1.000000e+00
   4341.580294 1.380400e-13 4.366450e+03 1.000000e+00
   4344.311013 1.443400e-13 4.369200e+03 1.000000e+00
   4347.051734 1.433800e-13 4.371950e+03 1.000000e+00
   4349.782453 1.420500e-13 4.374700e+03 1.000000e+00
   4352.513171 1.424600e-13 4.377450e+03 1.000000e+00
   4355.253893 1.435000e-13 4.380200e+03 1.000000e+00
   4357.984612 1.476100e-13 4.382950e+03 1.000000e+00
   4360.725333 1.523200e-13 4.385700e+03 1.000000e+00
   4363.456052 1.516700e-13 4.388450e+03 1.000000e+00
   4366.186771 1.480600e-13 4.391200e+03 1.000000e+00
   4368.927492 1.429300e-13 4.393950e+03 1.000000e+00
   4371.658211 1.383600e-13 4.396700e+03 1.000000e+00
   4374.388930 1.376700e-13 4.399450e+03 1.000000e+00
   4377.129652 1.318500e-13 4.402200e+03 1.000000e+00
   4379.860371 1.275900e-13 4.404950e+03 1.000000e+00
   4382.591090 1.282200e-13 4.407700e+03 1.000000e+00
   4385.331812 1.271600e-13 4.410450e+03 1.000000e+00
   4388.062531 1.325600e-13 4.413200e+03 1.000000e+00
   4390.793251 1.377100e-13 4.415950e+03 1.000000e+00
   4393.533973 1.429300e-13 4.418700e+03 1.000000e+00
   4396.264692 1.440400e-13 4.421450e+03 1.000000e+00
   4399.005414 1.410600e-13 4.424200e+03 1.000000e+00
   4401.736133 1.410200e-13 4.426950e+03 1.000000e+00
   4404.466853 1.405800e-13 4.429700e+03 1.000000e+00
   4407.207575 1.450600e-13 4.432450e+03 1.000000e+00
   4409.938294 1.485900e-13 4.435200e+03 1.000000e+00
   4412.669014 1.530500e-13 4.437950e+03 1.000000e+00
   4415.409736 1.549400e-13 4.440700e+03 1.000000e+00
   4418.140456 1.577800e-13 4.443450e+03 1.000000e+00
   4420.871175 1.552000e-13 4.446200e+03 1.000000e+00
   4423.611898 1.555500e-13 4.448950e+03 1.000000e+00
   4426.342617 1.537800e-13 4.451700e+03 1.000000e+00
   4429.073337 1.538200e-13 4.454450e+03 1.000000e+00
   4431.814059 1.534400e-13 4.457200e+03 1.000000e+00
   4434.544779 1.554500e-13 4.459950e+03 1.000000e+00
   4437.285502 1.590600e-13 4.462700e+03 1.000000e+00
   4440.016222 1.600800e-13 4.465450e+03 1.000000e+00
   4442.746942 1.635200e-13 4.468200e+03 1.000000e+00
   4445.487664 1.644700e-13 4.470950e+03 1.000000e+00
   4448.218384 1.623000e-13 4.473700e+03 1.000000e+00
   4450.949104 1.567900e-13 4.476450e+03 1.000000e+00
   4453.689827 1.531100e-13 4.479200e+03 1.000000e+00
   4456.420547 1.495800e-13 4.481950e+03 1.000000e+00
   4459.151267 1.522000e-13 4.484700e+03 1.000000e+00
   4461.891990 1.551000e-13 4.487450e+03 1.000000e+00
   4464.622710 1.599500e-13 4.490200e+03 1.000000e+00
   4467.353430 1.655200e-13 4.492950e+03 1.000000e+00
   4470.094153 1.692200e-13 4.495700e+03 1.000000e+00
   4472.824873 1.725000e-13 4.498450e+03 1.000000e+00
   4475.565596 1.707900e-13 4.501200e+03 1.000000e+00
   4478.296317 1.710400e-13 4.503950e+03 1.000000e+00
   4481.027037 1.727100e-13 4.506700e+03 1.000000e+00
   4483.767760 1.727400e-13 4.509450e+03 1.000000e+00
   4486.498481 1.694300e-13 4.512200e+03 1.000000e+00
   4489.229201 1.733800e-13 4.514950e+03 1.000000e+00
   4491.969924 1.684800e-13 4.517700e+03 1.000000e+00
   4494.700645 1.686200e-13 4.520450e+03 1.000000e+00
   4497.431365 1.709600e-13 4.523200e+03 1.000000e+00
   4500.172089 1.785700e-13 4.525950e+03 1.000000e+00
   4502.902809 1.824200e-13 4.528700e+03 1.000000e+00
   4505.633530 1.857500e-13 4.531450e+03 1.000000e+00
   4508.374253 1.845000e-13 4.534200e+03 1.000000e+00
   4511.104974 1.768000e-13 4.536950e+03 1.000000e+00
   4513.845698 1.732100e-13 4.539700e+03 1.000000e+00
   4516.576418 1.744700e-13 4.542450e+03 1.000000e+00
   4519.307139 1.715700e-13 4.545200e+03 1.000000e+00
   4522.047863 1.699100e-13 4.547950e+03 1.000000e+00
   4524.778584 1.626100e-13 4.550700e+03 1.000000e+00
   4527.509305 1.608100e-13 4.553450e+03 1.000000e+00
   4530.250028 1.590100e-13 4.556200e+03 1.000000e+00
   4532.980749 1.616300e-13 4.558950e+03 1.000000e+00
   4535.711470 1.693400e-13 4.561700e+03 1.000000e+00
   4538.452194 1.712200e-13 4.564450e+03 1.000000e+00
   4541.182915 1.697600e-13 4.567200e+03 1.000000e+00
   4543.913636 1.700100e-13 4.569950e+03 1.000000e+00
   4546.654360 1.697100e-13 4.572700e+03 1.000000e+00
   4549.385081 1.703500e-13 4.575450e+03 1.000000e+00
   4552.125805 1.719300e-13 4.578200e+03 1.000000e+00
   4554.856526 1.765300e-13 4.580950e+03 1.000000e+00
   4557.587248 1.791000e-13 4.583700e+03 1.000000e+00
   4560.327972 1.836700e-13 4.586450e+03 1.000000e+00
   4563.058693 1.806200e-13 4.589200e+03 1.000000e+00
   4565.789414 1.806500e-13 4.591950e+03 1.000000e+00
   4568.530138 1.810300e-13 4.594700e+03 1.000000e+00
   4571.260860 1.812500e-13 4.597450e+03 1.000000e+00
   4573.991581 1.801800e-13 4.600200e+03 1.000000e+00
   4576.732306 1.747700e-13 4.602950e+03 1.000000e+00
   4579.463027 1.755700e-13 4.605700e+03 1.000000e+00
   4582.193749 1.763500e-13 4.608450e+03 1.000000e+00
   4584.934473 1.750500e-13 4.611200e+03 1.000000e+00
   4587.665195 1.800000e-13 4.613950e+03 1.000000e+00
   4590.405919 1.758900e-13 4.616700e+03 1.000000e+00
   4593.136641 1.756200e-13 4.619450e+03 1.000000e+00
   4595.867362 1.753700e-13 4.622200e+03 1.000000e+00
   4598.608087 1.793000e-13 4.624950e+03 1.000000e+00
   4601.338808 1.800600e-13 4.627700e+03 1.000000e+00
   4604.069530 1.844900e-13 4.630450e+03 1.000000e+00
   4606.810255 1.849100e-13 4.633200e+03 1.000000e+00
   4609.540977 1.915100e-13 4.635950e+03 1.000000e+00
   4612.271699 1.900700e-13 4.638700e+03 1.000000e+00
   4615.012423 1.938600e-13 4.641450e+03 1.000000e+00
   4617.743145 1.936000e-13 4.644200e+03 1.000000e+00
   4620.473867 1.938000e-13 4.646950e+03 1.000000e+00
   4623.214592 1.933400e-13 4.649700e+03 1.000000e+00
   4625.945314 1.882100e-13 4.652450e+03 1.000000e+00
   4628.676036 1.848600e-13 4.655200e+03 1.000000e+00
   4631.416761 1.851500e-13 4.657950e+03 1.000000e+00
   4634.147483 1.823300e-13 4.660700e+03 1.000000e+00
   4636.888208 1.769500e-13 4.663450e+03 1.000000e+00
   4639.618930 1.752500e-13 4.666200e+03 1.000000e+00
   4642.349652 1.772500e-13 4.668950e+03 1.000000e+00
   4645.090377 1.739300e-13 4.671700e+03 1.000000e+00
   4647.821099 1.749600e-13 4.674450e+03 1.000000e+00
   4650.551822 1.767400e-13 4.677200e+03 1.000000e+00
   4653.292547 1.814100e-13 4.679950e+03 1.000000e+00
   4656.023269 1.814800e-13 4.682700e+03 1.000000e+00
   4658.753991 1.778400e-13 4.685450e+03 1.000000e+00
   4661.494717 1.769100e-13 4.688200e+03 1.000000e+00
   4664.225439 1.740100e-13 4.690950e+03 1.000000e+00
   4666.956162 1.691400e-13 4.693700e+03 1.000000e+00
   4669.696887 1.718400e-13 4.696450e+03 1.000000e+00
   4672.427609 1.769400e-13 4.699200e+03 1.000000e+00
   4675.168334 1.747600e-13 4.701950e+03 1.000000e+00
   4677.899057 1.747100e-13 4.704700e+03 1.000000e+00
   4680.629780 1.734200e-13 4.707450e+03 1.000000e+00
   4683.370505 1.744200e-13 4.710200e+03 1.000000e+00
   4686.101228 1.765200e-13 4.712950e+03 1.000000e+00
   4688.831950 1.783000e-13 4.715700e+03 1.000000e+00
   4691.572676 1.766700e-13 4.718450e+03 1.000000e+00
   4694.303399 1.731300e-13 4.721200e+03 1.000000e+00
   4697.034121 1.716800e-13 4.723950e+03 1.000000e+00
   4699.774847 1.701000e-13 4.726700e+03 1.000000e+00
   4702.505570 1.711500e-13 4.729450e+03 1.000000e+00
   4705.236293 1.756200e-13 4.732200e+03 1.000000e+00
   4707.977018 1.773500e-13 4.734950e+03 1.000000e+00
   4710.707741 1.796200e-13 4.737700e+03 1.000000e+00
   4713.448467 1.820200e-13 4.740450e+03 1.000000e+00
   4716.179190 1.838600e-13 4.743200e+03 1.000000e+00
   4718.909913 1.872500e-13 4.745950e+03 1.000000e+00
   4721.650639 1.857400e-13 4.748700e+03 1.000000e+00
   4724.381362 1.802400e-13 4.751450e+03 1.000000e+00
   4727.112085 1.778700e-13 4.754200e+03 1.000000e+00
   4729.852811 1.772400e-13 4.756950e+03 1.000000e+00
   4732.583534 1.785300e-13 4.759700e+03 1.000000e+00
   4735.314257 1.812000e-13 4.762450e+03 1.000000e+00
   4738.054983 1.834300e-13 4.765200e+03 1.000000e+00
   4740.785706 1.865200e-13 4.767950e+03 1.000000e+00
   4743.516429 1.879600e-13 4.770700e+03 1.000000e+00
   4746.257155 1.889600e-13 4.773450e+03 1.000000e+00
   4748.987879 1.896700e-13 4.776200e+03 1.000000e+00
   4751.728605 1.863500e-13 4.778950e+03 1.000000e+00
   4754.459328 1.863800e-13 4.781700e+03 1.000000e+00
   4757.190052 1.851100e-13 4.784450e+03 1.000000e+00
   4759.930778 1.814500e-13 4.787200e+03 1.000000e+00
   4762.661501 1.798000e-13 4.789950e+03 1.000000e+00
   4765.392225 1.794700e-13 4.792700e+03 1.000000e+00
   4768.132951 1.823100e-13 4.795450e+03 1.000000e+00
   4770.863674 1.871500e-13 4.798200e+03 1.000000e+00
   4773.594398 1.900800e-13 4.800950e+03 1.000000e+00
   4776.335124 1.908500e-13 4.803700e+03 1.000000e+00
   4779.065848 1.870100e-13 4.806450e+03 1.000000e+00
   4781.796571 1.846400e-13 4.809200e+03 1.000000e+00
   4784.537298 1.856700e-13 4.811950e+03 1.000000e+00
   4787.268022 1.886600e-13 4.814700e+03 1.000000e+00
   4790.008748 1.900400e-13 4.817450e+03 1.000000e+00
   4792.739472 1.880100e-13 4.820200e+03 1.000000e+00
   4795.470195 1.928500e-13 4.822950e+03 1.000000e+00
   4798.210922 1.936600e-13 4.825700e+03 1.000000e+00
   4800.941646 1.942300e-13 4.828450e+03 1.000000e+00
   4803.672370 1.949700e-13 4.831200e+03 1.000000e+00
   4806.413096 1.947500e-13 4.833950e+03 1.000000e+00
   4809.143820 1.954000e-13 4.836700e+03 1.000000e+00
   4811.874544 1.974900e-13 4.839450e+03 1.000000e+00
   4814.615271 1.994500e-13 4.842200e+03 1.000000e+00
   4817.345995 1.994300e-13 4.844950e+03 1.000000e+00
   4820.076719 1.932100e-13 4.847700e+03 1.000000e+00
   4822.817445 1.937100e-13 4.850450e+03 1.000000e+00
   4825.548169 1.923600e-13 4.853200e+03 1.000000e+00
   4828.288896 1.912400e-13 4.855950e+03 1.000000e+00
   4831.019620 1.884100e-13 4.858700e+03 1.000000e+00
   4833.750345 1.885100e-13 4.861450e+03 1.000000e+00
   4836.491071 1.863800e-13 4.864200e+03 1.000000e+00
   4839.221796 1.859000e-13 4.866950e+03 1.000000e+00
   4841.952520 1.868500e-13 4.869700e+03 1.000000e+00
   4844.693247 1.832900e-13 4.872450e+03 1.000000e+00
   4847.423971 1.823800e-13 4.875200e+03 1.000000e+00
   4850.154695 1.795500e-13 4.877950e+03 1.000000e+00
   4852.895422 1.746300e-13 4.880700e+03 1.000000e+00
   4855.626147 1.667000e-13 4.883450e+03 1.000000e+00
   4858.356871 1.608800e-13 4.886200e+03 1.000000e+00
   4861.097598 1.575700e-13 4.888950e+03 1.000000e+00
   4863.828322 1.575900e-13 4.891700e+03 1.000000e+00
   4866.569050 1.635800e-13 4.894450e+03 1.000000e+00
   4869.299774 1.685300e-13 4.897200e+03 1.000000e+00
   4872.030499 1.702200e-13 4.899950e+03 1.000000e+00
   4874.771226 1.756500e-13 4.902700e+03 1.000000e+00
   4877.501950 1.779700e-13 4.905450e+03 1.000000e+00
   4880.232675 1.748400e-13 4.908200e+03 1.000000e+00
   4882.973402 1.722100e-13 4.910950e+03 1.000000e+00
   4885.704127 1.721100e-13 4.913700e+03 1.000000e+00
   4888.434851 1.732100e-13 4.916450e+03 1.000000e+00
   4891.175579 1.779200e-13 4.919200e+03 1.000000e+00
   4893.906303 1.812500e-13 4.921950e+03 1.000000e+00
   4896.637028 1.873700e-13 4.924700e+03 1.000000e+00
   4899.377756 1.873000e-13 4.927450e+03 1.000000e+00
   4902.108480 1.871600e-13 4.930200e+03 1.000000e+00
   4904.849208 1.860500e-13 4.932950e+03 1.000000e+00
   4907.579933 1.818000e-13 4.935700e+03 1.000000e+00
   4910.310658 1.818700e-13 4.938450e+03 1.000000e+00
   4913.051385 1.784900e-13 4.941200e+03 1.000000e+00
   4915.782110 1.740700e-13 4.943950e+03 1.000000e+00
   4918.512835 1.738400e-13 4.946700e+03 1.000000e+00
   4921.253562 1.764000e-13 4.949450e+03 1.000000e+00
   4923.984287 1.808900e-13 4.952200e+03 1.000000e+00
   4926.715012 1.872300e-13 4.954950e+03 1.000000e+00
   4929.455740 1.859600e-13 4.957700e+03 1.000000e+00
   4932.186465 1.843400e-13 4.960450e+03 1.000000e+00
   4934.917190 1.859100e-13 4.963200e+03 1.000000e+00
   4937.657918 1.838500e-13 4.965950e+03 1.000000e+00
   4940.388643 1.853000e-13 4.968700e+03 1.000000e+00
   4943.129371 1.922700e-13 4.971450e+03 1.000000e+00
   4945.860096 1.937400e-13 4.974200e+03 1.000000e+00
   4948.590821 1.917300e-13 4.976950e+03 1.000000e+00
   4951.331549 1.883800e-13 4.979700e+03 1.000000e+00
   4954.062274 1.859800e-13 4.982450e+03 1.000000e+00
   4956.793000 1.854000e-13 4.985200e+03 1.000000e+00
   4959.533727 1.852100e-13 4.987950e+03 1.000000e+00
   4962.264453 1.844500e-13 4.990700e+03 1.000000e+00
   4964.995178 1.829700e-13 4.993450e+03 1.000000e+00
   4967.735906 1.861200e-13 4.996200e+03 1.000000e+00
   4970.466631 1.845800e-13 4.998950e+03 1.000000e+00
   4973.197357 1.829400e-13 5.001700e+03 1.000000e+00
   4975.938085 1.802400e-13 5.004450e+03 1.000000e+00
   4978.668810 1.764800e-13 5.007200e+03 1.000000e+00
   4981.409539 1.708400e-13 5.009950e+03 1.000000e+00
   4984.140264 1.715900e-13 5.012700e+03 1.000000e+00
   4986.870990 1.759600e-13 5.015450e+03 1.000000e+00
   4989.611718 1.779500e-13 5.018200e+03 1.000000e+00
   4992.342443 1.766600e-13 5.020950e+03 1.000000e+00
   4995.073169 1.752600e-13 5.023700e+03 1.000000e+00
   4997.813897 1.735300e-13 5.026450e+03 1.000000e+00
   5000.544623 1.742000e-13 5.029200e+03 1.000000e+00
   5003.275348 1.708400e-13 5.031950e+03 1.000000e+00
   5006.016077 1.715900e-13 5.034700e+03 1.000000e+00
   5008.746802 1.698600e-13 5.037450e+03 1.000000e+00
   5011.477528 1.670000e-13 5.040200e+03 1.000000e+00
   5014.218256 1.654600e-13 5.042950e+03 1.000000e+00
   5016.948982 1.662700e-13 5.045700e+03 1.000000e+00
   5019.689711 1.657700e-13 5.048450e+03 1.000000e+00
   5022.420436 1.694000e-13 5.051200e+03 1.000000e+00
   5025.151162 1.731100e-13 5.053950e+03 1.000000e+00
   5027.891891 1.754900e-13 5.056700e+03 1.000000e+00
   5030.622617 1.759000e-13 5.059450e+03 1.000000e+00
   5033.353343 1.729600e-13 5.062200e+03 1.000000e+00
   5036.094071 1.707300e-13 5.064950e+03 1.000000e+00
   5038.824797 1.681700e-13 5.067700e+03 1.000000e+00
   5041.555523 1.708300e-13 5.070450e+03 1.000000e+00
   5044.296252 1.732300e-13 5.073200e+03 1.000000e+00
   5047.026978 1.765600e-13 5.075950e+03 1.000000e+00
   5049.757704 1.781300e-13 5.078700e+03 1.000000e+00
   5052.498432 1.799900e-13 5.081450e+03 1.000000e+00
   5055.229158 1.834300e-13 5.084200e+03 1.000000e+00
   5057.969887 1.837800e-13 5.086950e+03 1.000000e+00
   5060.700613 1.813000e-13 5.089700e+03 1.000000e+00
   5063.431339 1.817500e-13 5.092450e+03 1.000000e+00
   5066.172068 1.780900e-13 5.095200e+03 1.000000e+00
   5068.902794 1.742400e-13 5.097950e+03 1.000000e+00
   5071.633521 1.726700e-13 5.100700e+03 1.000000e+00
   5074.374250 1.727200e-13 5.103450e+03 1.000000e+00
   5077.104976 1.709000e-13 5.106200e+03 1.000000e+00
   5079.835702 1.719800e-13 5.108950e+03 1.000000e+00
   5082.576431 1.754900e-13 5.111700e+03 1.000000e+00
   5085.307157 1.748400e-13 5.114450e+03 1.000000e+00
   5088.037884 1.763800e-13 5.117200e+03 1.000000e+00
   5090.778613 1.778100e-13 5.119950e+03 1.000000e+00
   5093.509339 1.773600e-13 5.122700e+03 1.000000e+00
   5096.250068 1.772400e-13 5.125450e+03 1.000000e+00
   5098.980794 1.730000e-13 5.128200e+03 1.000000e+00
   5101.711521 1.731400e-13 5.130950e+03 1.000000e+00
   5104.452250 1.708000e-13 5.133700e+03 1.000000e+00
   5107.182976 1.729400e-13 5.136450e+03 1.000000e+00
   5109.913703 1.753700e-13 5.139200e+03 1.000000e+00
   5112.654432 1.758100e-13 5.141950e+03 1.000000e+00
   5115.385159 1.766500e-13 5.144700e+03 1.000000e+00
   5118.115885 1.766100e-13 5.147450e+03 1.000000e+00
   5120.856614 1.716800e-13 5.150200e+03 1.000000e+00
   5123.587341 1.695800e-13 5.152950e+03 1.000000e+00
   5126.318068 1.703100e-13 5.155700e+03 1.000000e+00
   5129.058797 1.683600e-13 5.158450e+03 1.000000e+00
   5131.789524 1.703900e-13 5.161200e+03 1.000000e+00
   5134.530253 1.704200e-13 5.163950e+03 1.000000e+00
   5137.260980 1.691400e-13 5.166700e+03 1.000000e+00
   5139.991706 1.688400e-13 5.169450e+03 1.000000e+00
   5142.732436 1.641300e-13 5.172200e+03 1.000000e+00
   5145.463163 1.657600e-13 5.174950e+03 1.000000e+00
   5148.193889 1.663100e-13 5.177700e+03 1.000000e+00
   5150.934619 1.642900e-13 5.180450e+03 1.000000e+00
   5153.665346 1.667000e-13 5.183200e+03 1.000000e+00
   5156.396073 1.698100e-13 5.185950e+03 1.000000e+00
   5159.136802 1.645500e-13 5.188700e+03 1.000000e+00
   5161.867529 1.564000e-13 5.191450e+03 1.000000e+00
   5164.598256 1.473600e-13 5.194200e+03 1.000000e+00
   5167.338986 1.388700e-13 5.196950e+03 1.000000e+00
   5170.069712 1.366400e-13 5.199700e+03 1.000000e+00
   5172.810442 1.378100e-13 5.202450e+03 1.000000e+00
   5175.541169 1.436600e-13 5.205200e+03 1.000000e+00
   5178.271896 1.470600e-13 5.207950e+03 1.000000e+00
   5181.012626 1.453700e-13 5.210700e+03 1.000000e+00
   5183.743353 1.477400e-13 5.213450e+03 1.000000e+00
   5186.474080 1.561600e-13 5.216200e+03 1.000000e+00
   5189.214810 1.609700e-13 5.218950e+03 1.000000e+00
   5191.945537 1.635700e-13 5.221700e+03 1.000000e+00
   5194.676264 1.679200e-13 5.224450e+03 1.000000e+00
   5197.416994 1.682000e-13 5.227200e+03 1.000000e+00
   5200.147721 1.689200e-13 5.229950e+03 1.000000e+00
   5202.878448 1.628700e-13 5.232700e+03 1.000000e+00
   5205.619178 1.632600e-13 5.235450e+03 1.000000e+00
   5208.349905 1.666100e-13 5.238200e+03 1.000000e+00
   5211.090635 1.697100e-13 5.240950e+03 1.000000e+00
   5213.821362 1.751100e-13 5.243700e+03 1.000000e+00
   5216.552090 1.766300e-13 5.246450e+03 1.000000e+00
   5219.292820 1.776600e-13 5.249200e+03 1.000000e+00
   5222.023547 1.772900e-13 5.251950e+03 1.000000e+00
   5224.754274 1.757600e-13 5.254700e+03 1.000000e+00
   5227.495004 1.743000e-13 5.257450e+03 1.000000e+00
   5230.225732 1.764900e-13 5.260200e+03 1.000000e+00
   5232.956459 1.799700e-13 5.262950e+03 1.000000e+00
   5235.697189 1.840800e-13 5.265700e+03 1.000000e+00
   5238.427917 1.890300e-13 5.268450e+03 1.000000e+00
   5241.158644 1.895300e-13 5.271200e+03 1.000000e+00
   5243.899374 1.894200e-13 5.273950e+03 1.000000e+00
   5246.630102 1.848600e-13 5.276700e+03 1.000000e+00
   5249.370832 1.818200e-13 5.279450e+03 1.000000e+00
   5252.101560 1.823200e-13 5.282200e+03 1.000000e+00
   5254.832287 1.827800e-13 5.284950e+03 1.000000e+00
   5257.573017 1.807300e-13 5.287700e+03 1.000000e+00
   5260.303745 1.732200e-13 5.290450e+03 1.000000e+00
   5263.034473 1.645900e-13 5.293200e+03 1.000000e+00
   5265.775203 1.624400e-13 5.295950e+03 1.000000e+00
   5268.505931 1.639700e-13 5.298700e+03 1.000000e+00
   5271.236658 1.718000e-13 5.301450e+03 1.000000e+00
   5273.977389 1.774500e-13 5.304200e+03 1.000000e+00
   5276.708116 1.811100e-13 5.306950e+03 1.000000e+00
   5279.438844 1.869500e-13 5.309700e+03 1.000000e+00
   5282.179574 1.927700e-13 5.312450e+03 1.000000e+00
   5284.910302 1.944100e-13 5.315200e+03 1.000000e+00
   5287.641030 1.977600e-13 5.317950e+03 1.000000e+00
   5290.381760 1.978900e-13 5.320700e+03 1.000000e+00
   5293.112488 1.928500e-13 5.323450e+03 1.000000e+00
   5295.853219 1.911900e-13 5.326200e+03 1.000000e+00
   5298.583947 1.910600e-13 5.328950e+03 1.000000e+00
   5301.314675 1.919000e-13 5.331700e+03 1.000000e+00
   5304.055405 1.997700e-13 5.334450e+03 1.000000e+00
   5306.786133 2.032100e-13 5.337200e+03 1.000000e+00
   5309.516861 2.033400e-13 5.339950e+03 1.000000e+00
   5312.257592 2.033300e-13 5.342700e+03 1.000000e+00
   5314.988320 2.047100e-13 5.345450e+03 1.000000e+00
   5317.719048 1.985700e-13 5.348200e+03 1.000000e+00
   5320.459778 1.916700e-13 5.350950e+03 1.000000e+00
   5323.190506 1.870300e-13 5.353700e+03 1.000000e+00
   5325.921234 1.810000e-13 5.356450e+03 1.000000e+00
   5328.661965 1.833700e-13 5.359200e+03 1.000000e+00
   5331.392693 1.883200e-13 5.361950e+03 1.000000e+00
   5334.133424 1.888600e-13 5.364700e+03 1.000000e+00
   5336.864152 1.905400e-13 5.367450e+03 1.000000e+00
   5339.594880 1.904900e-13 5.370200e+03 1.000000e+00
   5342.335611 1.930800e-13 5.372950e+03 1.000000e+00
   5345.066339 1.936300e-13 5.375700e+03 1.000000e+00
   5347.797067 1.967100e-13 5.378450e+03 1.000000e+00
   5350.537798 2.008500e-13 5.381200e+03 1.000000e+00
   5353.268527 2.049100e-13 5.383950e+03 1.000000e+00
   5355.999255 2.071300e-13 5.386700e+03 1.000000e+00
   5358.739986 2.037500e-13 5.389450e+03 1.000000e+00
   5361.470714 1.986300e-13 5.392200e+03 1.000000e+00
   5364.201442 1.947500e-13 5.394950e+03 1.000000e+00
   5366.942173 1.900200e-13 5.397700e+03 1.000000e+00
   5369.672902 1.873700e-13 5.400450e+03 1.000000e+00
   5372.413633 1.910500e-13 5.403200e+03 1.000000e+00
   5375.144361 1.950500e-13 5.405950e+03 1.000000e+00
   5377.875089 1.967200e-13 5.408700e+03 1.000000e+00
   5380.615820 1.973200e-13 5.411450e+03 1.000000e+00
   5383.346549 1.964500e-13 5.414200e+03 1.000000e+00
   5386.077277 1.951400e-13 5.416950e+03 1.000000e+00
   5388.818008 1.892300e-13 5.419700e+03 1.000000e+00
   5391.548737 1.882500e-13 5.422450e+03 1.000000e+00
   5394.279465 1.864100e-13 5.425200e+03 1.000000e+00
   5397.020197 1.849600e-13 5.427950e+03 1.000000e+00
   5399.750925 1.825300e-13 5.430700e+03 1.000000e+00
   5402.481654 1.816300e-13 5.433450e+03 1.000000e+00
   5405.222385 1.794800e-13 5.436200e+03 1.000000e+00
   5407.953114 1.829500e-13 5.438950e+03 1.000000e+00
   5410.693845 1.877800e-13 5.441700e+03 1.000000e+00
   5413.424573 1.926200e-13 5.444450e+03 1.000000e+00
   5416.155302 1.940400e-13 5.447200e+03 1.000000e+00
   5418.896033 1.945500e-13 5.449950e+03 1.000000e+00
   5421.626762 1.906600e-13 5.452700e+03 1.000000e+00
   5424.357491 1.895200e-13 5.455450e+03 1.000000e+00
   5427.098222 1.910700e-13 5.458200e+03 1.000000e+00
   5429.828951 1.901900e-13 5.460950e+03 1.000000e+00
   5432.559680 1.897300e-13 5.463700e+03 1.000000e+00
   5435.300411 1.910300e-13 5.466450e+03 1.000000e+00
   5438.031140 1.944100e-13 5.469200e+03 1.000000e+00
   5440.761869 1.965600e-13 5.471950e+03 1.000000e+00
   5443.502600 1.956800e-13 5.474700e+03 1.000000e+00
   5446.233329 1.924600e-13 5.477450e+03 1.000000e+00
   5448.974060 1.912300e-13 5.480200e+03 1.000000e+00
   5451.704789 1.885900e-13 5.482950e+03 1.000000e+00
   5454.435518 1.849200e-13 5.485700e+03 1.000000e+00
   5457.176250 1.868000e-13 5.488450e+03 1.000000e+00
   5459.906979 1.894000e-13 5.491200e+03 1.000000e+00
   5462.637708 1.889300e-13 5.493950e+03 1.000000e+00
   5465.378439 1.885600e-13 5.496700e+03 1.000000e+00
   5468.109168 1.916500e-13 5.499450e+03 1.000000e+00
   5470.839897 1.861400e-13 5.502200e+03 1.000000e+00
   5473.580629 1.837700e-13 5.504950e+03 1.000000e+00
   5476.311358 1.836200e-13 5.507700e+03 1.000000e+00
   5479.042087 1.861500e-13 5.510450e+03 1.000000e+00
   5481.782818 1.865600e-13 5.513200e+03 1.000000e+00
   5484.513548 1.880300e-13 5.515950e+03 1.000000e+00
   5487.254279 1.902300e-13 5.518700e+03 1.000000e+00
   5489.985008 1.900300e-13 5.521450e+03 1.000000e+00
   5492.715737 1.901500e-13 5.524200e+03 1.000000e+00
   5495.456469 1.880100e-13 5.526950e+03 1.000000e+00
   5498.187198 1.895800e-13 5.529700e+03 1.000000e+00
   5500.917928 1.891100e-13 5.532450e+03 1.000000e+00
   5503.658659 1.871500e-13 5.535200e+03 1.000000e+00
   5506.389389 1.864800e-13 5.537950e+03 1.000000e+00
   5509.120118 1.865200e-13 5.540700e+03 1.000000e+00
   5511.860850 1.862900e-13 5.543450e+03 1.000000e+00
   5514.591579 1.877500e-13 5.546200e+03 1.000000e+00
   5517.322308 1.911700e-13 5.548950e+03 1.000000e+00
   5520.063040 1.939900e-13 5.551700e+03 1.000000e+00
   5522.793769 1.952700e-13 5.554450e+03 1.000000e+00
   5525.534501 1.869400e-13 5.557200e+03 1.000000e+00
   5528.265231 1.847000e-13 5.559950e+03 1.000000e+00
   5530.995960 1.866300e-13 5.562700e+03 1.000000e+00
   5533.736692 1.899900e-13 5.565450e+03 1.000000e+00
   5536.467421 1.894100e-13 5.568200e+03 1.000000e+00
   5539.198151 1.930000e-13 5.570950e+03 1.000000e+00
   5541.938883 1.975900e-13 5.573700e+03 1.000000e+00
   5544.669612 1.898200e-13 5.576450e+03 1.000000e+00
   5547.400342 1.907300e-13 5.579200e+03 1.000000e+00
   5550.141074 1.940500e-13 5.581950e+03 1.000000e+00
   5552.871803 1.958200e-13 5.584700e+03 1.000000e+00
   5555.602533 1.952200e-13 5.587450e+03 1.000000e+00
   5558.343265 1.903000e-13 5.590200e+03 1.000000e+00
   5561.073995 1.918400e-13 5.592950e+03 1.000000e+00
   5563.814727 1.894200e-13 5.595700e+03 1.000000e+00
   5566.545456 1.841100e-13 5.598450e+03 1.000000e+00
   5569.276186 1.868200e-13 5.601200e+03 1.000000e+00
   5572.016918 1.905100e-13 5.603950e+03 1.000000e+00
   5574.747648 1.887800e-13 5.606700e+03 1.000000e+00
   5577.478377 1.919200e-13 5.609450e+03 1.000000e+00
   5580.219110 1.890100e-13 5.612200e+03 1.000000e+00
   5582.949839 1.864700e-13 5.614950e+03 1.000000e+00
   5585.680569 1.832000e-13 5.617700e+03 1.000000e+00
   5588.421301 1.832900e-13 5.620450e+03 1.000000e+00
   5591.152031 1.845200e-13 5.623200e+03 1.000000e+00
   5593.882761 1.796000e-13 5.625950e+03 1.000000e+00
   5596.623493 1.830500e-13 5.628700e+03 1.000000e+00
   5599.354223 1.846100e-13 5.631450e+03 1.000000e+00
   5602.094955 1.873300e-13 5.634200e+03 1.000000e+00
   5604.825685 1.916400e-13 5.636950e+03 1.000000e+00
   5607.556415 1.930200e-13 5.639700e+03 1.000000e+00
   5610.297147 1.954900e-13 5.642450e+03 1.000000e+00
   5613.027877 1.914600e-13 5.645200e+03 1.000000e+00
   5615.758607 1.866800e-13 5.647950e+03 1.000000e+00
   5618.499339 1.852200e-13 5.650700e+03 1.000000e+00
   5621.230069 1.876400e-13 5.653450e+03 1.000000e+00
   5623.960799 1.886100e-13 5.656200e+03 1.000000e+00
   5626.701532 1.871800e-13 5.658950e+03 1.000000e+00
   5629.432261 1.901700e-13 5.661700e+03 1.000000e+00
   5632.162991 1.921400e-13 5.664450e+03 1.000000e+00
   5634.903724 1.876800e-13 5.667200e+03 1.000000e+00
   5637.634454 1.892600e-13 5.669950e+03 1.000000e+00
   5640.375187 1.891800e-13 5.672700e+03 1.000000e+00
   5643.105917 1.872800e-13 5.675450e+03 1.000000e+00
   5645.836647 1.899200e-13 5.678200e+03 1.000000e+00
   5648.577379 1.914200e-13 5.680950e+03 1.000000e+00
   5651.308109 1.895200e-13 5.683700e+03 1.000000e+00
   5654.038839 1.860100e-13 5.686450e+03 1.000000e+00
   5656.779572 1.843000e-13 5.689200e+03 1.000000e+00
   5659.510302 1.858800e-13 5.691950e+03 1.000000e+00
   5662.241032 1.825000e-13 5.694700e+03 1.000000e+00
   5664.981765 1.920700e-13 5.697450e+03 1.000000e+00
   5667.712495 1.896800e-13 5.700200e+03 1.000000e+00
   5670.443225 1.925100e-13 5.702950e+03 1.000000e+00
   5673.183958 1.909900e-13 5.705700e+03 1.000000e+00
   5675.914688 1.904500e-13 5.708450e+03 1.000000e+00
   5678.655421 1.936000e-13 5.711200e+03 1.000000e+00
   5681.386151 1.917900e-13 5.713950e+03 1.000000e+00
   5684.116881 1.915900e-13 5.716700e+03 1.000000e+00
   5686.857614 1.912900e-13 5.719450e+03 1.000000e+00
   5689.588344 1.916100e-13 5.722200e+03 1.000000e+00
   5692.319075 1.986700e-13 5.724950e+03 1.000000e+00
   5695.059808 1.952400e-13 5.727700e+03 1.000000e+00
   5697.790538 1.900300e-13 5.730450e+03 1.000000e+00
   5700.521268 1.861100e-13 5.733200e+03 1.000000e+00
   5703.262001 1.847600e-13 5.735950e+03 1.000000e+00
   5705.992732 1.816600e-13 5.738700e+03 1.000000e+00
   5708.723462 1.861700e-13 5.741450e+03 1.000000e+00
   5711.464195 1.858800e-13 5.744200e+03 1.000000e+00
   5714.194925 1.909400e-13 5.746950e+03 1.000000e+00
   5716.935658 1.945700e-13 5.749700e+03 1.000000e+00
   5719.666389 1.993100e-13 5.752450e+03 1.000000e+00
   5722.397119 1.963400e-13 5.755200e+03 1.000000e+00
   5725.137852 1.953000e-13 5.757950e+03 1.000000e+00
   5727.868583 1.960100e-13 5.760700e+03 1.000000e+00
   5730.599313 1.994700e-13 5.763450e+03 1.000000e+00
   5733.340046 1.987500e-13 5.766200e+03 1.000000e+00
   5736.070777 1.982600e-13 5.768950e+03 1.000000e+00
   5738.801507 1.960000e-13 5.771700e+03 1.000000e+00
   5741.542240 1.975400e-13 5.774450e+03 1.000000e+00
   5744.272971 1.945200e-13 5.777200e+03 1.000000e+00
   5747.003701 1.935100e-13 5.779950e+03 1.000000e+00
   5749.744435 1.941100e-13 5.782700e+03 1.000000e+00
   5752.475165 1.957700e-13 5.785450e+03 1.000000e+00
   5755.215898 1.910100e-13 5.788200e+03 1.000000e+00
   5757.946629 1.955700e-13 5.790950e+03 1.000000e+00
   5760.677360 1.965300e-13 5.793700e+03 1.000000e+00
   5763.418093 1.965900e-13 5.796450e+03 1.000000e+00
   5766.148824 2.000100e-13 5.799200e+03 1.000000e+00
   5768.879554 2.025500e-13 5.801950e+03 1.000000e+00
   5771.620287 1.972900e-13 5.804700e+03 1.000000e+00
   5774.351018 1.949800e-13 5.807450e+03 1.000000e+00
   5777.081749 1.915800e-13 5.810200e+03 1.000000e+00
   5779.822482 1.880900e-13 5.812950e+03 1.000000e+00
   5782.553213 1.878400e-13 5.815700e+03 1.000000e+00
   5785.283944 1.882100e-13 5.818450e+03 1.000000e+00
   5788.024677 1.898400e-13 5.821200e+03 1.000000e+00
   5790.755408 1.909700e-13 5.823950e+03 1.000000e+00
   5793.496141 1.949400e-13 5.826700e+03 1.000000e+00
   5796.226872 1.973400e-13 5.829450e+03 1.000000e+00
   5798.957603 2.005200e-13 5.832200e+03 1.000000e+00
   5801.698336 2.006200e-13 5.834950e+03 1.000000e+00
   5804.429067 1.987100e-13 5.837700e+03 1.000000e+00
   5807.159798 1.977800e-13 5.840450e+03 1.000000e+00
   5809.900532 1.954100e-13 5.843200e+03 1.000000e+00
   5812.631262 1.965800e-13 5.845950e+03 1.000000e+00
   5815.361993 1.953900e-13 5.848700e+03 1.000000e+00
   5818.102727 1.972000e-13 5.851450e+03 1.000000e+00
   5820.833458 1.984000e-13 5.854200e+03 1.000000e+00
   5823.564189 1.998300e-13 5.856950e+03 1.000000e+00
   5826.304922 1.995800e-13 5.859700e+03 1.000000e+00
   5829.035653 2.008200e-13 5.862450e+03 1.000000e+00
   5831.776387 2.050700e-13 5.865200e+03 1.000000e+00
   5834.507118 1.983500e-13 5.867950e+03 1.000000e+00
   5837.237849 2.020200e-13 5.870700e+03 1.000000e+00
   5839.978583 1.996800e-13 5.873450e+03 1.000000e+00
   5842.709314 2.039900e-13 5.876200e+03 1.000000e+00
   5845.440045 1.972200e-13 5.878950e+03 1.000000e+00
   5848.180778 1.968100e-13 5.881700e+03 1.000000e+00
   5850.911509 1.896600e-13 5.884450e+03 1.000000e+00
   5853.642240 1.928600e-13 5.887200e+03 1.000000e+00
   5856.382974 1.923400e-13 5.889950e+03 1.000000e+00
   5859.113705 1.889000e-13 5.892700e+03 1.000000e+00
   5861.844436 1.919900e-13 5.895450e+03 1.000000e+00
   5864.585170 1.849400e-13 5.898200e+03 1.000000e+00
   5867.315901 1.905900e-13 5.900950e+03 1.000000e+00
   5870.056635 1.909400e-13 5.903700e+03 1.000000e+00
   5872.787366 1.906300e-13 5.906450e+03 1.000000e+00
   5875.518097 1.880300e-13 5.909200e+03 1.000000e+00
   5878.258831 1.830000e-13 5.911950e+03 1.000000e+00
   5880.989563 1.774800e-13 5.914700e+03 1.000000e+00
   5883.720294 1.729800e-13 5.917450e+03 1.000000e+00
   5886.461028 1.651700e-13 5.920200e+03 1.000000e+00
   5889.191759 1.564400e-13 5.922950e+03 1.000000e+00
   5891.922490 1.554400e-13 5.925700e+03 1.000000e+00
   5894.663224 1.588600e-13 5.928450e+03 1.000000e+00
   5897.393955 1.648200e-13 5.931200e+03 1.000000e+00
   5900.124687 1.691800e-13 5.933950e+03 1.000000e+00
   5902.865421 1.791400e-13 5.936700e+03 1.000000e+00
   5905.596152 1.811300e-13 5.939450e+03 1.000000e+00
   5908.336886 1.837500e-13 5.942200e+03 1.000000e+00
   5911.067617 1.841600e-13 5.944950e+03 1.000000e+00
   5913.798349 1.857300e-13 5.947700e+03 1.000000e+00
   5916.539083 1.840600e-13 5.950450e+03 1.000000e+00
   5919.269814 1.867600e-13 5.953200e+03 1.000000e+00
   5922.000545 1.889700e-13 5.955950e+03 1.000000e+00
   5924.741280 1.888100e-13 5.958700e+03 1.000000e+00
   5927.472011 1.907100e-13 5.961450e+03 1.000000e+00
   5930.202742 1.883700e-13 5.964200e+03 1.000000e+00
   5932.943477 1.879300e-13 5.966950e+03 1.000000e+00
   5935.674208 1.891700e-13 5.969700e+03 1.000000e+00
   5938.404939 1.877800e-13 5.972450e+03 1.000000e+00
   5941.145674 1.893500e-13 5.975200e+03 1.000000e+00
   5943.876405 1.905200e-13 5.977950e+03 1.000000e+00
   5946.617139 1.917200e-13 5.980700e+03 1.000000e+00
   5949.347871 1.883500e-13 5.983450e+03 1.000000e+00
   5952.078602 1.885700e-13 5.986200e+03 1.000000e+00
   5954.819337 1.874000e-13 5.988950e+03 1.000000e+00
   5957.550068 1.881400e-13 5.991700e+03 1.000000e+00
   5960.280800 1.917100e-13 5.994450e+03 1.000000e+00
   5963.021534 1.901000e-13 5.997200e+03 1.000000e+00
   5965.752266 1.908800e-13 5.999950e+03 1.000000e+00
   5968.482997 1.922400e-13 6.002700e+03 1.000000e+00
   5971.223732 1.885900e-13 6.005450e+03 1.000000e+00
   5973.954463 1.925600e-13 6.008200e+03 1.000000e+00
   5976.685195 1.915300e-13 6.010950e+03 1.000000e+00
   5979.425929 1.864600e-13 6.013700e+03 1.000000e+00
   5982.156661 1.875600e-13 6.016450e+03 1.000000e+00
   5984.887393 1.877800e-13 6.019200e+03 1.000000e+00
   5987.628127 1.891400e-13 6.021950e+03 1.000000e+00
   5990.358859 1.870000e-13 6.024700e+03 1.000000e+00
   5993.099593 1.899000e-13 6.027450e+03 1.000000e+00
   5995.830325 1.903800e-13 6.030200e+03 1.000000e+00
   5998.561056 1.907000e-13 6.032950e+03 1.000000e+00
   6001.301791 1.882900e-13 6.035700e+03 1.000000e+00
   6004.032523 1.880300e-13 6.038450e+03 1.000000e+00
   6006.763254 1.885300e-13 6.041200e+03 1.000000e+00
   6009.503989 1.839200e-13 6.043950e+03 1.000000e+00
   6012.234721 1.835900e-13 6.046700e+03 1.000000e+00
   6014.965453 1.878000e-13 6.049450e+03 1.000000e+00
   6017.706187 1.867400e-13 6.052200e+03 1.000000e+00
   6020.436919 1.865900e-13 6.054950e+03 1.000000e+00
   6023.167651 1.900400e-13 6.057700e+03 1.000000e+00
   6025.908385 1.917900e-13 6.060450e+03 1.000000e+00
   6028.639117 1.900200e-13 6.063200e+03 1.000000e+00
   6031.379852 1.924300e-13 6.065950e+03 1.000000e+00
   6034.110584 1.960300e-13 6.068700e+03 1.000000e+00
   6036.841316 1.954700e-13 6.071450e+03 1.000000e+00
   6039.582050 1.945500e-13 6.074200e+03 1.000000e+00
   6042.312782 1.960100e-13 6.076950e+03 1.000000e+00
   6045.043514 1.955200e-13 6.079700e+03 1.000000e+00
   6047.784249 1.984500e-13 6.082450e+03 1.000000e+00
   6050.514981 1.940600e-13 6.085200e+03 1.000000e+00
   6053.245713 1.924600e-13 6.087950e+03 1.000000e+00
   6055.986447 1.916400e-13 6.090700e+03 1.000000e+00
   6058.717179 1.921800e-13 6.093450e+03 1.000000e+00
   6061.447911 1.944900e-13 6.096200e+03 1.000000e+00
   6064.188646 1.942200e-13 6.098950e+03 1.000000e+00
   6066.919378 1.936100e-13 6.101700e+03 1.000000e+00
   6069.660113 1.953900e-13 6.104450e+03 1.000000e+00
   6072.390845 1.985100e-13 6.107200e+03 1.000000e+00
   6075.121577 1.949700e-13 6.109950e+03 1.000000e+00
   6077.862312 1.952900e-13 6.112700e+03 1.000000e+00
   6080.593044 1.937600e-13 6.115450e+03 1.000000e+00
   6083.323776 1.913700e-13 6.118200e+03 1.000000e+00
   6086.064511 1.935800e-13 6.120950e+03 1.000000e+00
   6088.795243 1.895700e-13 6.123700e+03 1.000000e+00
   6091.525975 1.905100e-13 6.126450e+03 1.000000e+00
   6094.266710 1.893900e-13 6.129200e+03 1.000000e+00
   6096.997442 1.907700e-13 6.131950e+03 1.000000e+00
   6099.728174 1.887200e-13 6.134700e+03 1.000000e+00
   6102.468909 1.911900e-13 6.137450e+03 1.000000e+00
   6105.199642 1.897900e-13 6.140200e+03 1.000000e+00
   6107.940376 1.919800e-13 6.142950e+03 1.000000e+00
   6110.671109 1.939900e-13 6.145700e+03 1.000000e+00
   6113.401841 1.903600e-13 6.148450e+03 1.000000e+00
   6116.142576 1.910500e-13 6.151200e+03 1.000000e+00
   6118.873308 1.914600e-13 6.153950e+03 1.000000e+00
   6121.604040 1.870200e-13 6.156700e+03 1.000000e+00
   6124.344775 1.896600e-13 6.159450e+03 1.000000e+00
   6127.075508 1.908200e-13 6.162200e+03 1.000000e+00
   6129.806240 1.842300e-13 6.164950e+03 1.000000e+00
   6132.546975 1.857900e-13 6.167700e+03 1.000000e+00
   6135.277707 1.828100e-13 6.170450e+03 1.000000e+00
   6138.008440 1.830900e-13 6.173200e+03 1.000000e+00
   6140.749175 1.832300e-13 6.175950e+03 1.000000e+00
   6143.479907 1.907900e-13 6.178700e+03 1.000000e+00
   6146.220642 1.873200e-13 6.181450e+03 1.000000e+00
   6148.951375 1.897300e-13 6.184200e+03 1.000000e+00
   6151.682107 1.860600e-13 6.186950e+03 1.000000e+00
   6154.422842 1.834100e-13 6.189700e+03 1.000000e+00
   6157.153575 1.767200e-13 6.192450e+03 1.000000e+00
   6159.884307 1.748400e-13 6.195200e+03 1.000000e+00
   6162.625042 1.714300e-13 6.197950e+03 1.000000e+00
   6165.355775 1.736800e-13 6.200700e+03 1.000000e+00
   6168.086507 1.766600e-13 6.203450e+03 1.000000e+00
   6170.827242 1.784100e-13 6.206200e+03 1.000000e+00
   6173.557975 1.812900e-13 6.208950e+03 1.000000e+00
   6176.288707 1.803300e-13 6.211700e+03 1.000000e+00
   6179.029442 1.816200e-13 6.214450e+03 1.000000e+00
   6181.760175 1.849900e-13 6.217200e+03 1.000000e+00
   6184.500910 1.825100e-13 6.219950e+03 1.000000e+00
   6187.231643 1.800600e-13 6.222700e+03 1.000000e+00
   6189.962375 1.790500e-13 6.225450e+03 1.000000e+00
   6192.703111 1.800600e-13 6.228200e+03 1.000000e+00
   6195.433843 1.821600e-13 6.230950e+03 1.000000e+00
   6198.164576 1.816900e-13 6.233700e+03 1.000000e+00
   6200.905311 1.814700e-13 6.236450e+03 1.000000e+00
   6203.636044 1.839400e-13 6.239200e+03 1.000000e+00
   6206.366776 1.838900e-13 6.241950e+03 1.000000e+00
   6209.107512 1.823800e-13 6.244700e+03 1.000000e+00
   6211.838244 1.806900e-13 6.247450e+03 1.000000e+00
   6214.568977 1.777200e-13 6.250200e+03 1.000000e+00
   6217.309712 1.784700e-13 6.252950e+03 1.000000e+00
   6220.040445 1.784800e-13 6.255700e+03 1.000000e+00
   6222.781180 1.753300e-13 6.258450e+03 1.000000e+00
   6225.511913 1.755900e-13 6.261200e+03 1.000000e+00
   6228.242646 1.751000e-13 6.263950e+03 1.000000e+00
   6230.983381 1.734700e-13 6.266700e+03 1.000000e+00
   6233.714114 1.732400e-13 6.269450e+03 1.000000e+00
   6236.444847 1.797700e-13 6.272200e+03 1.000000e+00
   6239.185582 1.744100e-13 6.274950e+03 1.000000e+00
   6241.916315 1.774700e-13 6.277700e+03 1.000000e+00
   6244.647048 1.761400e-13 6.280450e+03 1.000000e+00
   6247.387783 1.768800e-13 6.283200e+03 1.000000e+00
   6250.118516 1.759600e-13 6.285950e+03 1.000000e+00
   6252.849249 1.756900e-13 6.288700e+03 1.000000e+00
   6255.589984 1.745700e-13 6.291450e+03 1.000000e+00
   6258.320717 1.801000e-13 6.294200e+03 1.000000e+00
   6261.061453 1.792500e-13 6.296950e+03 1.000000e+00
   6263.792186 1.807700e-13 6.299700e+03 1.000000e+00
   6266.522918 1.840000e-13 6.302450e+03 1.000000e+00
   6269.263654 1.764800e-13 6.305200e+03 1.000000e+00
   6271.994387 1.826900e-13 6.307950e+03 1.000000e+00
   6274.725120 1.827200e-13 6.310700e+03 1.000000e+00
   6277.465855 1.764600e-13 6.313450e+03 1.000000e+00
   6280.196588 1.842900e-13 6.316200e+03 1.000000e+00
   6282.927321 1.850700e-13 6.318950e+03 1.000000e+00
   6285.668057 1.849100e-13 6.321700e+03 1.000000e+00
   6288.398790 1.844700e-13 6.324450e+03 1.000000e+00
   6291.129523 1.831900e-13 6.327200e+03 1.000000e+00
   6293.870258 1.816400e-13 6.329950e+03 1.000000e+00
   6296.600991 1.779500e-13 6.332700e+03 1.000000e+00
   6299.341727 1.805700e-13 6.335450e+03 1.000000e+00
   6302.072460 1.778100e-13 6.338200e+03 1.000000e+00
   6304.803193 1.824900e-13 6.340950e+03 1.000000e+00
   6307.543929 1.810500e-13 6.343700e+03 1.000000e+00
   6310.274662 1.792900e-13 6.346450e+03 1.000000e+00
   6313.005395 1.786600e-13 6.349200e+03 1.000000e+00
   6315.746131 1.781900e-13 6.351950e+03 1.000000e+00
   6318.476864 1.896400e-13 6.354700e+03 1.000000e+00
   6321.207597 1.842700e-13 6.357450e+03 1.000000e+00
   6323.948333 1.872200e-13 6.360200e+03 1.000000e+00
   6326.679066 1.917500e-13 6.362950e+03 1.000000e+00
   6329.409799 1.841300e-13 6.365700e+03 1.000000e+00
   6332.150535 1.887200e-13 6.368450e+03 1.000000e+00
   6334.881268 1.887700e-13 6.371200e+03 1.000000e+00
   6337.622004 1.883200e-13 6.373950e+03 1.000000e+00
   6340.352737 1.881800e-13 6.376700e+03 1.000000e+00
   6343.083470 1.867600e-13 6.379450e+03 1.000000e+00
   6345.824206 1.823000e-13 6.382200e+03 1.000000e+00
   6348.554939 1.859100e-13 6.384950e+03 1.000000e+00
   6351.285672 1.918500e-13 6.387700e+03 1.000000e+00
   6354.026408 1.853000e-13 6.390450e+03 1.000000e+00
   6356.757141 1.793900e-13 6.393200e+03 1.000000e+00
   6359.487874 1.780200e-13 6.395950e+03 1.000000e+00
   6362.228610 1.809000e-13 6.398700e+03 1.000000e+00
   6364.959344 1.823000e-13 6.401450e+03 1.000000e+00
   6367.690077 1.830000e-13 6.404200e+03 1.000000e+00
   6370.430813 1.861100e-13 6.406950e+03 1.000000e+00
   6373.161546 1.867200e-13 6.409700e+03 1.000000e+00
   6375.902282 1.862100e-13 6.412450e+03 1.000000e+00
   6378.633015 1.869000e-13 6.415200e+03 1.000000e+00
   6381.363749 1.880500e-13 6.417950e+03 1.000000e+00
   6384.104485 1.884700e-13 6.420700e+03 1.000000e+00
   6386.835218 1.885200e-13 6.423450e+03 1.000000e+00
   6389.565951 1.852900e-13 6.426200e+03 1.000000e+00
   6392.306687 1.835000e-13 6.428950e+03 1.000000e+00
   6395.037421 1.840900e-13 6.431700e+03 1.000000e+00
   6397.768154 1.843900e-13 6.434450e+03 1.000000e+00
   6400.508890 1.851400e-13 6.437200e+03 1.000000e+00
   6403.239623 1.853700e-13 6.439950e+03 1.000000e+00
   6405.970357 1.860600e-13 6.442700e+03 1.000000e+00
   6408.711093 1.878600e-13 6.445450e+03 1.000000e+00
   6411.441826 1.841700e-13 6.448200e+03 1.000000e+00
   6414.182562 1.855500e-13 6.450950e+03 1.000000e+00
   6416.913296 1.843000e-13 6.453700e+03 1.000000e+00
   6419.644029 1.840300e-13 6.456450e+03 1.000000e+00
   6422.384765 1.863500e-13 6.459200e+03 1.000000e+00
   6425.115499 1.815000e-13 6.461950e+03 1.000000e+00
   6427.846232 1.846600e-13 6.464700e+03 1.000000e+00
   6430.586969 1.830100e-13 6.467450e+03 1.000000e+00
   6433.317702 1.822200e-13 6.470200e+03 1.000000e+00
   6436.048436 1.814200e-13 6.472950e+03 1.000000e+00
   6438.789172 1.840000e-13 6.475700e+03 1.000000e+00
   6441.519905 1.870000e-13 6.478450e+03 1.000000e+00
   6444.250639 1.861000e-13 6.481200e+03 1.000000e+00
   6446.991375 1.863700e-13 6.483950e+03 1.000000e+00
   6449.722109 1.840400e-13 6.486700e+03 1.000000e+00
   6452.462845 1.834500e-13 6.489450e+03 1.000000e+00
   6455.193578 1.839600e-13 6.492200e+03 1.000000e+00
   6457.924312 1.858500e-13 6.494950e+03 1.000000e+00
   6460.665048 1.870700e-13 6.497700e+03 1.000000e+00
   6463.395782 1.896500e-13 6.500450e+03 1.000000e+00
   6466.126515 1.883800e-13 6.503200e+03 1.000000e+00
   6468.867252 1.876800e-13 6.505950e+03 1.000000e+00
   6471.597985 1.891200e-13 6.508700e+03 1.000000e+00
   6474.328719 1.902100e-13 6.511450e+03 1.000000e+00
   6477.069455 1.912200e-13 6.514200e+03 1.000000e+00
   6479.800189 1.899900e-13 6.516950e+03 1.000000e+00
   6482.530923 1.885600e-13 6.519700e+03 1.000000e+00
   6485.271659 1.880700e-13 6.522450e+03 1.000000e+00
   6488.002393 1.884600e-13 6.525200e+03 1.000000e+00
   6490.743129 1.862700e-13 6.527950e+03 1.000000e+00
   6493.473863 1.811200e-13 6.530700e+03 1.000000e+00
   6496.204597 1.802400e-13 6.533450e+03 1.000000e+00
   6498.945333 1.826100e-13 6.536200e+03 1.000000e+00
   6501.676067 1.839800e-13 6.538950e+03 1.000000e+00
   6504.406800 1.884000e-13 6.541700e+03 1.000000e+00
   6507.147537 1.903900e-13 6.544450e+03 1.000000e+00
   6509.878271 1.924600e-13 6.547200e+03 1.000000e+00
   6512.609004 1.936500e-13 6.549950e+03 1.000000e+00
   6515.349741 1.911400e-13 6.552700e+03 1.000000e+00
   6518.080475 1.891800e-13 6.555450e+03 1.000000e+00
   6520.811208 1.900900e-13 6.558200e+03 1.000000e+00
   6523.551945 1.904700e-13 6.560950e+03 1.000000e+00
   6526.282679 1.892600e-13 6.563700e+03 1.000000e+00
   6529.023415 1.913400e-13 6.566450e+03 1.000000e+00
   6531.754149 1.938000e-13 6.569200e+03 1.000000e+00
   6534.484883 1.920300e-13 6.571950e+03 1.000000e+00
   6537.225619 1.901600e-13 6.574700e+03 1.000000e+00
   6539.956353 1.887700e-13 6.577450e+03 1.000000e+00
   6542.687087 1.848000e-13 6.580200e+03 1.000000e+00
   6545.427824 1.846100e-13 6.582950e+03 1.000000e+00
   6548.158558 1.818600e-13 6.585700e+03 1.000000e+00
   6550.889292 1.814600e-13 6.588450e+03 1.000000e+00
   6553.630028 1.772700e-13 6.591200e+03 1.000000e+00
   6556.360762 1.699900e-13 6.593950e+03 1.000000e+00
   6559.091496 1.660200e-13 6.596700e+03 1.000000e+00
   6561.832233 1.691200e-13 6.599450e+03 1.000000e+00
   6564.562967 1.712600e-13 6.602200e+03 1.000000e+00
   6567.303703 1.724400e-13 6.604950e+03 1.000000e+00
   6570.034437 1.761300e-13 6.607700e+03 1.000000e+00
   6572.765171 1.788100e-13 6.610450e+03 1.000000e+00
   6575.505908 1.807200e-13 6.613200e+03 1.000000e+00
   6578.236642 1.821300e-13 6.615950e+03 1.000000e+00
   6580.967376 1.840700e-13 6.618700e+03 1.000000e+00
   6583.708112 1.884100e-13 6.621450e+03 1.000000e+00
   6586.438847 1.842100e-13 6.624200e+03 1.000000e+00
   6589.169581 1.851600e-13 6.626950e+03 1.000000e+00
   6591.910317 1.814900e-13 6.629700e+03 1.000000e+00
   6594.641051 1.779800e-13 6.632450e+03 1.000000e+00
   6597.371785 1.809700e-13 6.635200e+03 1.000000e+00
   6600.112522 1.841700e-13 6.637950e+03 1.000000e+00
   6602.843256 1.892600e-13 6.640700e+03 1.000000e+00
   6605.583993 1.858200e-13 6.643450e+03 1.000000e+00
   6608.314727 1.839200e-13 6.646200e+03 1.000000e+00
   6611.045461 1.839700e-13 6.648950e+03 1.000000e+00
   6613.786198 1.837100e-13 6.651700e+03 1.000000e+00
   6616.516932 1.849600e-13 6.654450e+03 1.000000e+00
   6619.247666 1.902100e-13 6.657200e+03 1.000000e+00
   6621.988403 1.880800e-13 6.659950e+03 1.000000e+00
   6624.719137 1.881700e-13 6.662700e+03 1.000000e+00
   6627.449871 1.859900e-13 6.665450e+03 1.000000e+00
   6630.190608 1.834200e-13 6.668200e+03 1.000000e+00
   6632.921342 1.825000e-13 6.670950e+03 1.000000e+00
   6635.652077 1.839800e-13 6.673700e+03 1.000000e+00
   6638.392813 1.866800e-13 6.676450e+03 1.000000e+00
   6641.123548 1.872300e-13 6.679200e+03 1.000000e+00
   6643.854282 1.853500e-13 6.681950e+03 1.000000e+00
   6646.595019 1.837800e-13 6.684700e+03 1.000000e+00
   6649.325753 1.850700e-13 6.687450e+03 1.000000e+00
   6652.066490 1.858200e-13 6.690200e+03 1.000000e+00
   6654.797224 1.851400e-13 6.692950e+03 1.000000e+00
   6657.527958 1.809600e-13 6.695700e+03 1.000000e+00
   6660.268695 1.810600e-13 6.698450e+03 1.000000e+00
   6662.999430 1.802200e-13 6.701200e+03 1.000000e+00
   6665.730164 1.799500e-13 6.703950e+03 1.000000e+00
   6668.470901 1.809800e-13 6.706700e+03 1.000000e+00
   6671.201635 1.809900e-13 6.709450e+03 1.000000e+00
   6673.932369 1.825400e-13 6.712200e+03 1.000000e+00
   6676.673106 1.780500e-13 6.714950e+03 1.000000e+00
   6679.403841 1.797400e-13 6.717700e+03 1.000000e+00
   6682.134575 1.820600e-13 6.720450e+03 1.000000e+00
   6684.875312 1.831900e-13 6.723200e+03 1.000000e+00
   6687.606046 1.814100e-13 6.725950e+03 1.000000e+00
   6690.346783 1.799600e-13 6.728700e+03 1.000000e+00
   6693.077518 1.792800e-13 6.731450e+03 1.000000e+00
   6695.808252 1.801200e-13 6.734200e+03 1.000000e+00
   6698.548989 1.768200e-13 6.736950e+03 1.000000e+00
   6701.279724 1.770400e-13 6.739700e+03 1.000000e+00
   6704.010458 1.785000e-13 6.742450e+03 1.000000e+00
   6706.751195 1.771500e-13 6.745200e+03 1.000000e+00
   6709.481930 1.775400e-13 6.747950e+03 1.000000e+00
   6712.212664 1.776600e-13 6.750700e+03 1.000000e+00
   6714.953401 1.770800e-13 6.753450e+03 1.000000e+00
   6717.684136 1.762600e-13 6.756200e+03 1.000000e+00
   6720.414870 1.755800e-13 6.758950e+03 1.000000e+00
   6723.155607 1.776700e-13 6.761700e+03 1.000000e+00
   6725.886342 1.737200e-13 6.764450e+03 1.000000e+00
   6728.627079 1.758700e-13 6.767200e+03 1.000000e+00
   6731.357813 1.758000e-13 6.769950e+03 1.000000e+00
   6734.088548 1.750900e-13 6.772700e+03 1.000000e+00
   6736.829285 1.743800e-13 6.775450e+03 1.000000e+00
   6739.560019 1.767400e-13 6.778200e+03 1.000000e+00
   6742.290754 1.728400e-13 6.780950e+03 1.000000e+00
   6745.031491 1.738300e-13 6.783700e+03 1.000000e+00
   6747.762226 1.750500e-13 6.786450e+03 1.000000e+00
   6750.492960 1.757800e-13 6.789200e+03 1.000000e+00
   6753.233697 1.777300e-13 6.791950e+03 1.000000e+00
   6755.964432 1.793700e-13 6.794700e+03 1.000000e+00
   6758.695167 1.753700e-13 6.797450e+03 1.000000e+00
   6761.435904 1.757500e-13 6.800200e+03 1.000000e+00
   6764.166638 1.790700e-13 6.802950e+03 1.000000e+00
   6766.907376 1.779900e-13 6.805700e+03 1.000000e+00
   6769.638110 1.792500e-13 6.808450e+03 1.000000e+00
   6772.368845 1.776700e-13 6.811200e+03 1.000000e+00
   6775.109582 1.798100e-13 6.813950e+03 1.000000e+00
   6777.840317 1.783100e-13 6.816700e+03 1.000000e+00
   6780.571051 1.756600e-13 6.819450e+03 1.000000e+00
   6783.311789 1.765200e-13 6.822200e+03 1.000000e+00
   6786.042523 1.764000e-13 6.824950e+03 1.000000e+00
   6788.773258 1.722200e-13 6.827700e+03 1.000000e+00
   6800.126313 1.779100e-13 6.839120e+03 0.000000e+00
   6815.800530 1.783400e-13 6.854880e+03 0.000000e+00
   6831.514758 1.808400e-13 6.870680e+03 0.000000e+00
   6847.268997 1.755200e-13 6.886520e+03 0.000000e+00
   6863.053245 1.751300e-13 6.902400e+03 0.000000e+00
   6878.867501 1.739400e-13 6.918310e+03 0.000000e+00
   6894.731771 1.696100e-13 6.934260e+03 0.000000e+00
   6910.616046 1.747800e-13 6.950240e+03 0.000000e+00
   6926.550335 1.743900e-13 6.966260e+03 0.000000e+00
   6942.524635 1.797100e-13 6.982330e+03 0.000000e+00
   6958.518941 1.822300e-13 6.998420e+03 0.000000e+00
   6974.563260 1.814100e-13 7.014550e+03 0.000000e+00
   6990.637588 1.797600e-13 7.030720e+03 0.000000e+00
   7006.761930 1.806100e-13 7.046930e+03 0.000000e+00
   7022.906277 1.789700e-13 7.063180e+03 0.000000e+00
   7039.100638 1.823100e-13 7.079460e+03 0.000000e+00
   7055.325007 1.874400e-13 7.095780e+03 0.000000e+00
   7071.589387 1.733400e-13 7.112140e+03 0.000000e+00
   7087.893779 1.794500e-13 7.128530e+03 0.000000e+00
   7104.228178 1.694300e-13 7.144960e+03 0.000000e+00
   7120.602589 1.667300e-13 7.161430e+03 0.000000e+00
   7137.017011 1.652200e-13 7.177940e+03 0.000000e+00
   7153.471443 1.675400e-13 7.194490e+03 0.000000e+00
   7169.965887 1.691000e-13 7.211080e+03 0.000000e+00
   7186.490339 1.668000e-13 7.227700e+03 0.000000e+00
   7203.054802 1.615200e-13 7.244360e+03 0.000000e+00
   7219.669279 1.707200e-13 7.261060e+03 0.000000e+00
   7236.303762 1.735100e-13 7.277800e+03 0.000000e+00
   7252.988258 1.699700e-13 7.294570e+03 0.000000e+00
   7269.712765 1.692000e-13 7.311390e+03 0.000000e+00
   7286.467281 1.727600e-13 7.328250e+03 0.000000e+00
   7303.261807 1.704100e-13 7.345140e+03 0.000000e+00
   7320.096345 1.752000e-13 7.362070e+03 0.000000e+00
   7336.970894 1.780600e-13 7.379040e+03 0.000000e+00
   7353.885453 1.776700e-13 7.396050e+03 0.000000e+00
   7370.840024 1.768700e-13 7.413100e+03 0.000000e+00
   7387.834606 1.886700e-13 7.430190e+03 0.000000e+00
   7404.859196 1.852500e-13 7.447320e+03 0.000000e+00
   7421.923797 1.818800e-13 7.464490e+03 0.000000e+00
   7439.038412 1.857100e-13 7.481700e+03 0.000000e+00
   7456.193038 1.815000e-13 7.498940e+03 0.000000e+00
   7473.377672 1.815200e-13 7.516230e+03 0.000000e+00
   7490.602317 1.857700e-13 7.533560e+03 0.000000e+00
   7507.876976 1.870700e-13 7.550920e+03 0.000000e+00
   7525.181644 1.892600e-13 7.568330e+03 0.000000e+00
   7542.526322 1.879800e-13 7.585780e+03 0.000000e+00
   7559.911011 1.875600e-13 7.603260e+03 0.000000e+00
   7577.335712 1.867200e-13 7.620790e+03 0.000000e+00
   7594.810426 1.854500e-13 7.638360e+03 0.000000e+00
   7612.315148 1.837700e-13 7.655970e+03 0.000000e+00
   7629.859882 1.759200e-13 7.673610e+03 0.000000e+00
   7647.454629 1.796300e-13 7.691300e+03 0.000000e+00
   7665.079384 1.808900e-13 7.709040e+03 0.000000e+00
   7682.754154 1.751700e-13 7.726810e+03 0.000000e+00
   7700.458931 1.751900e-13 7.744620e+03 0.000000e+00
   7718.213723 1.740000e-13 7.762470e+03 0.000000e+00
   7736.008525 1.716300e-13 7.780370e+03 0.000000e+00
   7753.833336 1.700800e-13 7.798300e+03 0.000000e+00
   7771.708160 1.724600e-13 7.816280e+03 0.000000e+00
   7789.632998 1.677800e-13 7.834300e+03 0.000000e+00
   7807.587844 1.685700e-13 7.852360e+03 0.000000e+00
   7825.582702 1.769400e-13 7.870460e+03 0.000000e+00
   7843.627573 1.674500e-13 7.888600e+03 0.000000e+00
   7861.702453 1.725500e-13 7.906790e+03 0.000000e+00
   7879.827346 1.745700e-13 7.925010e+03 0.000000e+00
   7897.992250 1.766100e-13 7.943280e+03 0.000000e+00
   7916.197166 1.734000e-13 7.961590e+03 0.000000e+00
   7934.442092 1.698600e-13 7.979950e+03 0.000000e+00
   7952.737032 1.652500e-13 7.998340e+03 0.000000e+00
   7971.071983 1.706900e-13 8.016780e+03 0.000000e+00
   7989.446945 1.703100e-13 8.035260e+03 0.000000e+00
   8007.861918 1.683800e-13 8.053780e+03 0.000000e+00
   8026.326905 1.771500e-13 8.072350e+03 0.000000e+00
   8044.821900 1.784000e-13 8.090960e+03 0.000000e+00
   8063.366909 1.776000e-13 8.109610e+03 0.000000e+00
   8081.961932 1.711900e-13 8.128310e+03 0.000000e+00
   8100.586963 1.708200e-13 8.147040e+03 0.000000e+00
   8119.262008 1.756200e-13 8.165820e+03 0.000000e+00
   8137.987066 1.772600e-13 8.184650e+03 0.000000e+00
   8156.742133 1.732500e-13 8.203520e+03 0.000000e+00
   8175.547213 1.658500e-13 8.222430e+03 0.000000e+00
   8194.392305 1.643500e-13 8.241380e+03 0.000000e+00
   8213.277407 1.729100e-13 8.260380e+03 0.000000e+00
   8232.212523 1.697700e-13 8.279420e+03 0.000000e+00
   8251.187651 1.790200e-13 8.298510e+03 0.000000e+00
   8270.212792 1.765900e-13 8.317640e+03 0.000000e+00
   8289.277944 1.725900e-13 8.336810e+03 0.000000e+00
   8308.383107 1.710200e-13 8.356030e+03 0.000000e+00
   8327.538284 1.730200e-13 8.375290e+03 0.000000e+00
   8346.733471 1.675500e-13 8.394600e+03 0.000000e+00
   8365.978673 1.722700e-13 8.413950e+03 0.000000e+00
   8385.263885 1.711000e-13 8.433350e+03 0.000000e+00
   8404.589109 1.743000e-13 8.452790e+03 0.000000e+00
   8423.964346 1.664800e-13 8.472270e+03 0.000000e+00
   8443.379595 1.719500e-13 8.491800e+03 0.000000e+00
   8462.854859 1.665100e-13 8.511380e+03 0.000000e+00
   8482.360132 1.627400e-13 8.531000e+03 0.000000e+00
   8501.915419 1.688700e-13 8.550670e+03 0.000000e+00
   8521.510717 1.661900e-13 8.570380e+03 0.000000e+00
   8541.156029 1.639300e-13 8.590140e+03 0.000000e+00
   8560.841351 1.554900e-13 8.609940e+03 0.000000e+00
   8580.576687 1.654800e-13 8.629790e+03 0.000000e+00
   8600.362037 1.658800e-13 8.649680e+03 0.000000e+00
   8620.187399 1.651400e-13 8.669620e+03 0.000000e+00
   8640.052771 1.666900e-13 8.689600e+03 0.000000e+00
   8659.978159 1.588400e-13 8.709640e+03 0.000000e+00
   8679.933556 1.556000e-13 8.729710e+03 0.000000e+00
   8699.938966 1.479300e-13 8.749840e+03 0.000000e+00
   8720.004393 1.641000e-13 8.770010e+03 0.000000e+00
   8740.099829 1.637400e-13 8.790230e+03 0.000000e+00
   8760.245278 1.645100e-13 8.810490e+03 0.000000e+00
   8780.450743 1.660600e-13 8.830800e+03 0.000000e+00
   8800.686217 1.649300e-13 8.851160e+03 0.000000e+00
   8820.971704 1.597200e-13 8.871560e+03 0.000000e+00
   8841.307206 1.668800e-13 8.892010e+03 0.000000e+00
   8861.692721 1.672900e-13 8.912510e+03 0.000000e+00
   8882.118247 1.568600e-13 8.933050e+03 0.000000e+00
   8902.593786 1.583300e-13 8.953650e+03 0.000000e+00
   8923.119340 1.579800e-13 8.974290e+03 0.000000e+00
   8943.684904 1.576400e-13 8.994980e+03 0.000000e+00
   8964.300482 1.562100e-13 9.015710e+03 0.000000e+00
   8984.966074 1.502400e-13 9.036500e+03 0.000000e+00
   9005.681680 1.502500e-13 9.057330e+03 0.000000e+00
   9026.437296 1.471900e-13 9.078200e+03 0.000000e+00
   9047.252929 1.670800e-13 9.099130e+03 0.000000e+00
   9068.108574 1.706000e-13 9.120110e+03 0.000000e+00
   9089.004229 1.599700e-13 9.141130e+03 0.000000e+00
   9109.959900 1.622100e-13 9.162200e+03 0.000000e+00
   9130.965585 1.436000e-13 9.183330e+03 0.000000e+00
   9152.011282 1.556700e-13 9.204500e+03 0.000000e+00
   9173.106992 1.589500e-13 9.225710e+03 0.000000e+00
   9194.252715 1.571500e-13 9.246980e+03 0.000000e+00
   9215.448453 1.586200e-13 9.268300e+03 0.000000e+00
   9236.694204 1.508000e-13 9.289660e+03 0.000000e+00
   9257.989969 1.508200e-13 9.311080e+03 0.000000e+00
   9279.325745 1.661600e-13 9.332540e+03 0.000000e+00
   9300.711535 1.494800e-13 9.354060e+03 0.000000e+00
   9322.157341 1.609300e-13 9.375620e+03 0.000000e+00
   9343.653161 1.605800e-13 9.397230e+03 0.000000e+00
   9365.188991 1.580300e-13 9.418900e+03 0.000000e+00
   9386.774836 1.606200e-13 9.440610e+03 0.000000e+00
   9408.410694 1.577000e-13 9.462370e+03 0.000000e+00
   9430.106569 1.614000e-13 9.484180e+03 0.000000e+00
   9451.842455 1.592000e-13 9.506050e+03 0.000000e+00
   9473.628354 1.621800e-13 9.527960e+03 0.000000e+00
   9495.474270 1.622000e-13 9.549930e+03 0.000000e+00
   9517.360197 1.592600e-13 9.571940e+03 0.000000e+00
   9539.296138 1.603900e-13 9.594010e+03 0.000000e+00
   9561.292095 1.574800e-13 9.616120e+03 0.000000e+00
   9583.328063 1.593300e-13 9.638290e+03 0.000000e+00
   9605.414045 1.593500e-13 9.660510e+03 0.000000e+00
   9627.560043 1.601000e-13 9.682780e+03 0.000000e+00
   9649.756055 1.572000e-13 9.705100e+03 0.000000e+00
   9672.002080 1.575800e-13 9.727470e+03 0.000000e+00
   9694.298120 1.590600e-13 9.749900e+03 0.000000e+00
   9716.644173 1.569000e-13 9.772370e+03 0.000000e+00
   9739.040240 1.551200e-13 9.794900e+03 0.000000e+00
   9761.496323 1.551400e-13 9.817480e+03 0.000000e+00
   9784.002420 1.533900e-13 9.840110e+03 0.000000e+00
   9806.548528 1.566200e-13 9.862790e+03 0.000000e+00
   9829.154653 1.555600e-13 9.885530e+03 0.000000e+00
   9851.820794 1.559400e-13 9.908320e+03 0.000000e+00
   9874.526946 1.548900e-13 9.931160e+03 0.000000e+00
   9897.293114 1.545500e-13 9.954050e+03 0.000000e+00
   9920.109296 1.528000e-13 9.977000e+03 0.000000e+00
   9942.975492 1.538800e-13 1.000000e+04 0.000000e+00
   9965.891701 1.542600e-13 1.002305e+04 0.000000e+00
   9988.867927 1.535700e-13 1.004615e+04 0.000000e+00
  10034.980423 1.536100e-13 1.009253e+04 0.000000e+00
  10081.292974 1.515400e-13 1.013912e+04 0.000000e+00
  10127.825585 1.526400e-13 1.018591e+04 0.000000e+00
  10174.578256 1.509300e-13 1.023294e+04 0.000000e+00
  10221.540985 1.513200e-13 1.028017e+04 0.000000e+00
  10268.713772 1.513600e-13 1.032761e+04 0.000000e+00
  10292.390190 1.503400e-13 1.035142e+04 0.000000e+00
  10507.908617 1.457500e-13 1.056818e+04 0.000000e+00
  10703.261589 1.399400e-13 1.076465e+04 0.000000e+00
  10902.255558 1.351900e-13 1.096478e+04 0.000000e+00
  11104.940539 1.294000e-13 1.116863e+04 0.000000e+00
  11311.406555 1.261700e-13 1.137628e+04 0.000000e+00
  11495.196427 1.244300e-13 1.156113e+04 0.000000e+00
  11708.904426 1.207600e-13 1.177606e+04 0.000000e+00
  11899.156066 1.164000e-13 1.196741e+04 0.000000e+00
  12092.498553 1.137500e-13 1.216186e+04 0.000000e+00
  12317.309591 1.116700e-13 1.238796e+04 0.000000e+00
  12517.453938 1.083800e-13 1.258925e+04 0.000000e+00
  12691.591229 1.056700e-13 1.276439e+04 0.000000e+00
  12897.807238 1.030200e-13 1.297179e+04 0.000000e+00
  13107.384166 1.009100e-13 1.318256e+04 0.000000e+00
  13289.723701 9.793600e-14 1.336595e+04 0.000000e+00
  13505.662369 9.614800e-14 1.358313e+04 0.000000e+00
  13693.543418 9.439300e-14 1.377209e+04 0.000000e+00
  13916.043880 9.097900e-14 1.399587e+04 0.000000e+00
  14109.636492 8.728500e-14 1.419057e+04 0.000000e+00
  14305.929841 8.589000e-14 1.438799e+04 0.000000e+00
  14504.943934 8.628600e-14 1.458814e+04 0.000000e+00
  14706.728785 8.335700e-14 1.479109e+04 0.000000e+00
  14911.324403 8.393500e-14 1.499685e+04 0.000000e+00
  15118.760798 8.412800e-14 1.520548e+04 0.000000e+00
  15293.808390 8.510200e-14 1.538154e+04 0.000000e+00
  15506.566239 8.412800e-14 1.559552e+04 0.000000e+00
  15722.294900 8.297400e-14 1.581248e+04 0.000000e+00
  15904.354408 8.034200e-14 1.599558e+04 0.000000e+00
  16088.514490 8.052700e-14 1.618080e+04 0.000000e+00
  16312.335361 7.978900e-14 1.640590e+04 0.000000e+00
  16501.206730 7.851300e-14 1.659586e+04 0.000000e+00
  16692.288703 7.725800e-14 1.678804e+04 0.000000e+00
  16885.581279 7.567300e-14 1.698244e+04 0.000000e+00
  17120.475174 7.361100e-14 1.721869e+04 0.000000e+00
  17318.729106 7.078500e-14 1.741808e+04 0.000000e+00
  17519.253657 6.838200e-14 1.761975e+04 0.000000e+00
  17722.128851 6.575700e-14 1.782379e+04 0.000000e+00
  17886.113465 6.337800e-14 1.798871e+04 0.000000e+00
  18093.229816 6.052600e-14 1.819702e+04 0.000000e+00
  18302.726818 5.887600e-14 1.840771e+04 0.000000e+00
  18514.664485 5.687800e-14 1.862087e+04 0.000000e+00
  18685.981102 5.444300e-14 1.879318e+04 0.000000e+00
  18902.339976 5.283700e-14 1.901077e+04 0.000000e+00
  19121.229542 5.175400e-14 1.923091e+04 0.000000e+00
  19298.157690 4.988200e-14 1.940886e+04 0.000000e+00
  19521.628506 4.785600e-14 1.963361e+04 0.000000e+00
  19702.247662 4.633800e-14 1.981527e+04 0.000000e+00
  19884.557279 4.476500e-14 1.999862e+04 0.000000e+00
  20114.819949 4.404900e-14 2.023020e+04 0.000000e+00
  20300.920601 4.245600e-14 2.041738e+04 0.000000e+00
  20488.771731 4.168100e-14 2.060630e+04 0.000000e+00
  20726.006304 4.054500e-14 2.084490e+04 0.000000e+00
  20917.788506 3.953100e-14 2.103778e+04 0.000000e+00
  21111.351195 3.872000e-14 2.123245e+04 0.000000e+00
  21306.674364 3.775200e-14 2.142890e+04 0.000000e+00
  21503.828032 3.689300e-14 2.162719e+04 0.000000e+00
  21702.812200 3.564000e-14 2.182731e+04 0.000000e+00
  21903.616865 3.490900e-14 2.202926e+04 0.000000e+00
  22106.292040 3.380200e-14 2.223311e+04 0.000000e+00
  22310.827723 3.288100e-14 2.243881e+04 0.000000e+00
  22517.273927 3.205800e-14 2.264644e+04 0.000000e+00
  22725.630653 3.118500e-14 2.285600e+04 0.000000e+00
  22883.143536 2.792200e-14 2.301442e+04 0.000000e+00
  23094.891187 2.766600e-14 2.322738e+04 0.000000e+00
  23308.569364 2.415100e-14 2.344228e+04 0.000000e+00
  23524.258090 2.280000e-14 2.365920e+04 0.000000e+00
  23687.302484 2.311700e-14 2.382319e+04 0.000000e+00
  23906.492165 2.118100e-14 2.404363e+04 0.000000e+00
  24127.702397 2.050900e-14 2.426611e+04 0.000000e+00
  24294.937934 2.027400e-14 2.443431e+04 0.000000e+00
  24519.749148 1.887700e-14 2.466040e+04 0.000000e+00
  24689.695424 1.861800e-14 2.483133e+04 0.000000e+00
  24918.157635 1.570100e-14 2.506110e+04 0.000000e+00
  25090.864664 1.548600e-14 2.523480e+04 0.000000e+00
  25323.047890 1.555800e-14 2.546831e+04 0.000000e+00
  25498.565686 1.541500e-14 2.564484e+04 0.000000e+00
  25734.509938 1.562900e-14 2.588213e+04 0.000000e+00
  25912.878512 1.534400e-14 2.606153e+04 0.000000e+00
  26092.517432 1.527400e-14 2.624220e+04 0.000000e+00
  26333.923174 1.489200e-14 2.648499e+04 0.000000e+00
  26516.482891 1.468700e-14 2.666859e+04 0.000000e+00
  26700.272943 1.441900e-14 2.685344e+04 0.000000e+00
  26885.363350 1.418900e-14 2.703959e+04 0.000000e+00
  27134.111095 1.393000e-14 2.728977e+04 0.000000e+00
  27322.212323 1.364400e-14 2.747895e+04 0.000000e+00
  27511.583898 1.342600e-14 2.766941e+04 0.000000e+00
  27702.305841 1.309000e-14 2.786122e+04 0.000000e+00
  27894.318136 1.291000e-14 2.805433e+04 0.000000e+00
  28087.690803 1.264600e-14 2.824881e+04 0.000000e+00
  28282.363824 1.241500e-14 2.844461e+04 0.000000e+00
  28478.397216 1.213200e-14 2.864177e+04 0.000000e+00
  28675.820987 1.188300e-14 2.884032e+04 0.000000e+00
  28941.163257 1.166700e-14 2.910719e+04 0.000000e+00
  29074.739639 1.142700e-14 2.924153e+04 0.000000e+00
  29276.264529 1.119300e-14 2.944421e+04 0.000000e+00
  29479.209806 1.096300e-14 2.964832e+04 0.000000e+00
  29683.535460 1.076300e-14 2.985382e+04 0.000000e+00
  29889.311509 1.054200e-14 3.006077e+04 0.000000e+00
  30096.477937 1.035000e-14 3.026913e+04 0.000000e+00
  30305.114766 1.013800e-14 3.047896e+04 0.000000e+00
  30515.161980 9.998600e-15 3.069022e+04 0.000000e+00
  30726.669593 9.838800e-15 3.090294e+04 0.000000e+00
  30939.677614 9.681500e-15 3.111717e+04 0.000000e+00
  31082.476511 9.504800e-15 3.126079e+04 0.000000e+00
  31297.945204 9.374300e-15 3.147749e+04 0.000000e+00
  31514.884297 9.203200e-15 3.169567e+04 0.000000e+00
  31733.353808 9.035300e-15 3.191539e+04 0.000000e+00
  31879.813704 8.890800e-15 3.206270e+04 0.000000e+00
  32100.773894 8.748600e-15 3.228493e+04 0.000000e+00
  32323.304512 8.589000e-15 3.250874e+04 0.000000e+00
  32472.495152 8.451600e-15 3.265878e+04 0.000000e+00
  32697.606475 8.316500e-15 3.288518e+04 0.000000e+00
  32924.238211 8.183500e-15 3.311311e+04 0.000000e+00
  33076.189604 8.052700e-15 3.326594e+04 0.000000e+00
  33305.492069 7.851300e-15 3.349655e+04 0.000000e+00
  33536.334954 7.708000e-15 3.372872e+04 0.000000e+00
  33691.157130 7.549900e-15 3.388443e+04 0.000000e+00
  33924.670744 7.395000e-15 3.411929e+04 0.000000e+00
  34081.253400 7.243400e-15 3.427677e+04 0.000000e+00
  34317.517763 7.127600e-15 3.451438e+04 0.000000e+00
  34475.910913 6.981400e-15 3.467368e+04 0.000000e+00
  34714.906021 6.853900e-15 3.491405e+04 0.000000e+00
  34875.129670 6.713400e-15 3.507520e+04 0.000000e+00
  35116.845520 6.590800e-15 3.531830e+04 0.000000e+00
  35278.969687 6.455700e-15 3.548136e+04 0.000000e+00
  35523.496303 6.337800e-15 3.572728e+04 0.000000e+00
  35687.450970 6.207800e-15 3.589218e+04 0.000000e+00
  35934.848369 6.094500e-15 3.614099e+04 0.000000e+00
  36100.703553 5.983300e-15 3.630780e+04 0.000000e+00
  36350.961733 5.860600e-15 3.655950e+04 0.000000e+00
  36518.737441 5.740400e-15 3.672823e+04 0.000000e+00
  36687.293362 5.622600e-15 3.689775e+04 0.000000e+00
  36941.612648 5.507300e-15 3.715354e+04 0.000000e+00
  37112.119101 5.394400e-15 3.732502e+04 0.000000e+00
  37283.405767 5.295900e-15 3.749729e+04 0.000000e+00
  37541.866182 5.175400e-15 3.775723e+04 0.000000e+00
  37715.143391 5.092600e-15 3.793150e+04 0.000000e+00
  37889.210814 4.999700e-15 3.810657e+04 0.000000e+00
  38151.872375 4.908400e-15 3.837073e+04 0.000000e+00
  38327.960350 4.818800e-15 3.854783e+04 0.000000e+00
  38504.858546 4.730900e-15 3.872575e+04 0.000000e+00
  38682.616976 4.633800e-15 3.890453e+04 0.000000e+00
  38950.730023 4.538800e-15 3.917418e+04 0.000000e+00
  39130.509004 4.466200e-15 3.935499e+04 0.000000e+00
  39311.158223 4.384700e-15 3.953667e+04 0.000000e+00
  39492.597656 4.284900e-15 3.971915e+04 0.000000e+00
  39674.877319 4.206700e-15 3.990248e+04 0.000000e+00
  39949.912254 4.110900e-15 4.017909e+04 0.000000e+00
  40134.292490 4.045200e-15 4.036454e+04 0.000000e+00
  40319.532960 3.980500e-15 4.055084e+04 0.000000e+00
  40505.673675 3.898900e-15 4.073804e+04 0.000000e+00
  40692.624612 3.836600e-15 4.092607e+04 0.000000e+00
  40880.435783 3.766500e-15 4.111496e+04 0.000000e+00
  41069.167205 3.706300e-15 4.130477e+04 0.000000e+00
  41353.824763 3.647000e-15 4.159106e+04 0.000000e+00
  41544.686766 3.580500e-15 4.178302e+04 0.000000e+00
  41736.479022 3.515100e-15 4.197591e+04 0.000000e+00
  41929.111508 3.451000e-15 4.216965e+04 0.000000e+00
  42122.634236 3.388000e-15 4.236428e+04 0.000000e+00
  42317.097220 3.349200e-15 4.255986e+04 0.000000e+00
  42512.410437 3.280500e-15 4.275629e+04 0.000000e+00
  42708.623899 3.235500e-15 4.295363e+04 0.000000e+00
  42905.787619 3.097000e-15 4.315193e+04 0.000000e+00
  43103.821578 2.957600e-15 4.335110e+04 0.000000e+00
  43302.765784 2.957600e-15 4.355118e+04 0.000000e+00
  43502.630241 2.831000e-15 4.375219e+04 0.000000e+00
  43703.464963 2.766600e-15 4.395418e+04 0.000000e+00
  43905.169922 2.716100e-15 4.415704e+04 0.000000e+00
  44107.815137 2.623900e-15 4.436085e+04 0.000000e+00
  44311.440620 2.576000e-15 4.456564e+04 0.000000e+00
  44515.956345 2.529000e-15 4.477133e+04 0.000000e+00
  44721.422329 2.465700e-15 4.497797e+04 0.000000e+00
  44927.878584 2.443100e-15 4.518562e+04 0.000000e+00
  45135.235083 2.398500e-15 4.539417e+04 0.000000e+00
  45343.561848 2.349300e-15 4.560368e+04 0.000000e+00
  45552.838871 2.327800e-15 4.581416e+04 0.000000e+00
  45763.136173 2.295800e-15 4.602567e+04 0.000000e+00
  45868.624916 2.228100e-15 4.613176e+04 0.000000e+00
  46080.332602 2.223000e-15 4.634468e+04 0.000000e+00
  46293.060566 2.182400e-15 4.655863e+04 0.000000e+00
  46506.728787 2.157500e-15 4.677352e+04 0.000000e+00
  46721.377274 2.142600e-15 4.698940e+04 0.000000e+00
  46937.016032 2.103500e-15 4.720628e+04 0.000000e+00
  47153.705076 2.069900e-15 4.742421e+04 0.000000e+00
  47262.394692 2.060300e-15 4.753353e+04 0.000000e+00
  47480.534132 2.013400e-15 4.775292e+04 0.000000e+00
  47699.733860 1.995000e-15 4.797337e+04 0.000000e+00
  47919.883848 1.972200e-15 4.819479e+04 0.000000e+00
  48141.054113 1.927300e-15 4.841723e+04 0.000000e+00
  48363.254660 1.931700e-15 4.864070e+04 0.000000e+00
  48474.785051 1.887700e-15 4.875287e+04 0.000000e+00
  48698.516014 1.857600e-15 4.897789e+04 0.000000e+00
  48923.287262 1.827900e-15 4.920395e+04 0.000000e+00
  49149.088790 1.802800e-15 4.943104e+04 0.000000e+00
  49262.429674 1.786200e-15 4.954504e+04 0.000000e+00
  49489.801631 1.753600e-15 4.977371e+04 0.000000e+00
  49718.223873 1.741500e-15 5.000344e+04 0.000000e+00
  49947.746416 1.705200e-15 5.023429e+04 0.000000e+00
  50062.877788 1.679500e-15 5.035008e+04 0.000000e+00
  50293.940751 1.652000e-15 5.058246e+04 0.000000e+00
  50526.074005 1.617500e-15 5.081593e+04 0.000000e+00
  50759.327565 1.598300e-15 5.105052e+04 0.000000e+00
  50876.329447 1.581400e-15 5.116820e+04 0.000000e+00
  50993.611406 1.568400e-15 5.128614e+04 0.000000e+00
  51111.143432 1.551800e-15 5.140436e+04 0.000000e+00
  51228.965538 1.535500e-15 5.152285e+04 0.000000e+00
  51347.047715 1.526300e-15 5.164162e+04 0.000000e+00
  51465.469984 1.510200e-15 5.176071e+04 0.000000e+00
  51584.102311 1.494200e-15 5.188002e+04 0.000000e+00
  51703.004711 1.488700e-15 5.199961e+04 0.000000e+00
  51822.177185 1.473000e-15 5.211947e+04 0.000000e+00
  51941.629735 1.457400e-15 5.223961e+04 0.000000e+00
  52061.362362 1.445300e-15 5.236003e+04 0.000000e+00
  52181.365062 1.433300e-15 5.248072e+04 0.000000e+00
  52301.707855 1.418100e-15 5.260175e+04 0.000000e+00
  52422.270708 1.403100e-15 5.272300e+04 0.000000e+00
  52543.103634 1.394600e-15 5.284453e+04 0.000000e+00
  52664.216637 1.389400e-15 5.296634e+04 0.000000e+00
  52785.619719 1.377800e-15 5.308843e+04 0.000000e+00
  52907.292875 1.360000e-15 5.321080e+04 0.000000e+00
  53029.306123 1.345600e-15 5.333352e+04 0.000000e+00
  53151.539431 1.334400e-15 5.345646e+04 0.000000e+00
  53274.052816 1.323200e-15 5.357968e+04 0.000000e+00
  53396.856280 1.312100e-15 5.370318e+04 0.000000e+00
  53519.939820 1.301200e-15 5.382697e+04 0.000000e+00
  53643.303436 1.290300e-15 5.395105e+04 0.000000e+00
  53766.957131 1.279500e-15 5.407541e+04 0.000000e+00
  53890.950920 1.271700e-15 5.420011e+04 0.000000e+00
  54015.174771 1.258100e-15 5.432505e+04 0.000000e+00
  54139.688701 1.247500e-15 5.445027e+04 0.000000e+00
  54264.482707 1.234200e-15 5.457579e+04 0.000000e+00
  54389.566792 1.221000e-15 5.470159e+04 0.000000e+00
  54514.940957 1.213500e-15 5.482768e+04 0.000000e+00
  54640.595198 1.200600e-15 5.495406e+04 0.000000e+00
  54766.609537 1.190400e-15 5.508079e+04 0.000000e+00
  54892.853938 1.177700e-15 5.520776e+04 0.000000e+00
  55019.378417 1.165100e-15 5.533502e+04 0.000000e+00
  55146.202976 1.155200e-15 5.546257e+04 0.000000e+00
  55273.317615 1.150800e-15 5.559041e+04 0.000000e+00
  55400.732336 1.143700e-15 5.571855e+04 0.000000e+00
  55528.497152 1.126200e-15 5.584705e+04 0.000000e+00
  55656.492031 1.116700e-15 5.597578e+04 0.000000e+00
  55784.786992 1.109800e-15 5.610481e+04 0.000000e+00
  55913.372032 1.097800e-15 5.623413e+04 0.000000e+00
  56042.257153 1.086000e-15 5.636376e+04 0.000000e+00
  56171.442357 1.079300e-15 5.649368e+04 0.000000e+00
  56300.917639 1.067600e-15 5.662390e+04 0.000000e+00
  56430.753020 1.056100e-15 5.675448e+04 0.000000e+00
  56560.828466 1.049500e-15 5.688531e+04 0.000000e+00
  56691.213997 1.040600e-15 5.701643e+04 0.000000e+00
  56821.889606 1.029400e-15 5.714786e+04 0.000000e+00
  56952.865298 1.018200e-15 5.727959e+04 0.000000e+00
  57084.141071 1.011900e-15 5.741162e+04 0.000000e+00
  57215.786945 1.005500e-15 5.754402e+04 0.000000e+00
  57347.682888 9.969500e-16 5.767667e+04 0.000000e+00
  57479.868909 9.861400e-16 5.780962e+04 0.000000e+00
  57612.365015 9.754500e-16 5.794287e+04 0.000000e+00
  57745.161203 9.670900e-16 5.807643e+04 0.000000e+00
  57878.267475 9.610100e-16 5.821030e+04 0.000000e+00
  58011.683832 9.549600e-16 5.834448e+04 0.000000e+00
  58145.470289 9.445800e-16 5.847904e+04 0.000000e+00
  58279.496813 9.343100e-16 5.861383e+04 0.000000e+00
  58413.833420 9.284100e-16 5.874894e+04 0.000000e+00
  58548.480112 9.204100e-16 5.888436e+04 0.000000e+00
  58683.436889 9.124800e-16 5.902009e+04 0.000000e+00
  58818.713753 9.025300e-16 5.915614e+04 0.000000e+00
  58954.290699 8.947400e-16 5.929250e+04 0.000000e+00
  59215.101772 9.776800e-16 5.955481e+04 3.000000e+00
  59523.185727 9.395000e-16 5.986466e+04 3.000000e+00
  59831.269683 9.635800e-16 6.017451e+04 3.000000e+00
  60139.363642 1.048400e-15 6.048437e+04 3.000000e+00
  60447.447598 9.157600e-16 6.079422e+04 3.000000e+00
  60755.531554 8.416400e-16 6.110407e+04 3.000000e+00
  61063.625512 7.242600e-16 6.141393e+04 3.000000e+00
  61371.709469 8.500400e-16 6.172378e+04 3.000000e+00
  61679.783422 8.241700e-16 6.203363e+04 3.000000e+00
  61987.877382 8.577300e-16 6.234349e+04 3.000000e+00
  62295.961338 5.938700e-16 6.265334e+04 3.000000e+00
  62604.045295 7.153100e-16 6.296319e+04 3.000000e+00
  62912.139255 8.372400e-16 6.327305e+04 3.000000e+00
  63220.223212 7.438700e-16 6.358290e+04 3.000000e+00
  63528.317172 8.085700e-16 6.389276e+04 3.000000e+00
  63836.391126 7.235900e-16 6.420261e+04 3.000000e+00
  64144.475084 7.555500e-16 6.451246e+04 3.000000e+00
  64452.569044 6.652600e-16 6.482232e+04 3.000000e+00
  64760.653001 6.706700e-16 6.513217e+04 3.000000e+00
  65068.736959 6.237600e-16 6.544202e+04 3.000000e+00
  65376.830920 6.931100e-16 6.575188e+04 3.000000e+00
  65684.904875 8.004700e-16 6.606173e+04 3.000000e+00
  65992.988833 6.154000e-16 6.637158e+04 3.000000e+00
  66301.092796 5.544700e-16 6.668145e+04 3.000000e+00
  66609.166752 5.598100e-16 6.699129e+04 3.000000e+00
  66917.250710 6.041300e-16 6.730114e+04 3.000000e+00
  67225.344671 5.966300e-16 6.761100e+04 3.000000e+00
  67533.428630 7.168600e-16 6.792085e+04 3.000000e+00
  67841.522591 7.171100e-16 6.823071e+04 3.000000e+00
  68149.606550 5.548600e-16 6.854056e+04 3.000000e+00
  68457.690509 5.801100e-16 6.885041e+04 3.000000e+00
  68765.784470 6.356100e-16 6.916027e+04 3.000000e+00
  69073.858426 5.061700e-16 6.947012e+04 3.000000e+00
  69381.952388 6.132200e-16 6.977998e+04 3.000000e+00
  69690.036347 6.254400e-16 7.008983e+04 3.000000e+00
  69998.120306 4.648100e-16 7.039968e+04 3.000000e+00
  70306.204266 5.342700e-16 7.070954e+04 3.000000e+00
  70614.288225 4.588300e-16 7.101939e+04 3.000000e+00
  70922.372185 3.767300e-16 7.132924e+04 3.000000e+00
  71230.466147 5.139500e-16 7.163910e+04 3.000000e+00
  71538.540104 5.350500e-16 7.194895e+04 3.000000e+00
  71846.644069 5.614400e-16 7.225881e+04 3.000000e+00
  72154.718026 5.496500e-16 7.256866e+04 3.000000e+00
  72462.801986 4.565900e-16 7.287851e+04 3.000000e+00
  72770.905951 3.369600e-16 7.318838e+04 3.000000e+00
  73078.979909 4.521300e-16 7.349822e+04 3.000000e+00
  73387.063869 3.479500e-16 7.380807e+04 3.000000e+00
  73695.157832 2.129700e-16 7.411793e+04 3.000000e+00
  74003.241792 3.156300e-16 7.442778e+04 3.000000e+00
  74311.325752 2.621600e-16 7.473763e+04 3.000000e+00
  74619.409712 5.068900e-16 7.504748e+04 3.000000e+00
  74907.338180 3.856900e-16 7.533706e+04 3.000000e+00
  74927.503676 2.422600e-16 7.535734e+04 3.000000e+00
  75235.597639 3.781000e-16 7.566720e+04 3.000000e+00
  75524.726434 2.984200e-16 7.595799e+04 3.000000e+00
  75543.671597 6.000500e-16 7.597705e+04 3.000000e+00
  76142.124690 4.123100e-16 7.657894e+04 3.000000e+00
  76759.522947 2.572000e-16 7.719988e+04 3.000000e+00
  77376.921204 2.649000e-16 7.782082e+04 3.000000e+00
  77994.319462 4.625400e-16 7.844176e+04 3.000000e+00
  78611.727722 2.588900e-16 7.906271e+04 3.000000e+00
  79229.125980 2.915000e-16 7.968365e+04 3.000000e+00
  79846.524238 3.369200e-16 8.030459e+04 3.000000e+00
  80463.932500 2.306000e-16 8.092554e+04 3.000000e+00
  81081.330758 3.660200e-16 8.154648e+04 3.000000e+00
  81698.729017 2.703100e-16 8.216741e+04 3.000000e+00
  82316.127276 2.663300e-16 8.278836e+04 3.000000e+00
  82933.525535 2.925500e-16 8.340930e+04 3.000000e+00
  83550.933797 2.152400e-16 8.403025e+04 3.000000e+00
  84168.332057 2.720500e-16 8.465119e+04 3.000000e+00
  84785.730317 2.753800e-16 8.527213e+04 3.000000e+00
  85403.128577 2.758000e-16 8.589307e+04 3.000000e+00
  86020.536840 2.719200e-16 8.651402e+04 3.000000e+00
  86637.925098 2.275200e-16 8.713495e+04 3.000000e+00
  87255.333361 2.477900e-16 8.775590e+04 3.000000e+00
  87872.731622 2.642200e-16 8.837684e+04 3.000000e+00
  88490.129883 2.845600e-16 8.899778e+04 3.000000e+00
  89107.528144 2.197200e-16 8.961872e+04 3.000000e+00
  89724.926405 1.910400e-16 9.023966e+04 3.000000e+00
  90342.324667 1.947900e-16 9.086060e+04 3.000000e+00
  90959.732931 2.248300e-16 9.148155e+04 3.000000e+00
  91577.131193 2.274000e-16 9.210249e+04 3.000000e+00
  92194.539457 2.264100e-16 9.272344e+04 3.000000e+00
  92811.937719 1.969700e-16 9.334438e+04 3.000000e+00
  93429.335981 2.813900e-16 9.396532e+04 3.000000e+00
  94046.734244 2.384100e-16 9.458626e+04 3.000000e+00
  94664.122504 1.987800e-16 9.520720e+04 3.000000e+00
  95281.540772 2.521100e-16 9.582815e+04 3.000000e+00
  95898.929032 2.319000e-16 9.644909e+04 3.000000e+00
  96516.327295 2.142200e-16 9.707002e+04 3.000000e+00
  97133.735560 2.173300e-16 9.769098e+04 3.000000e+00
  97751.143826 1.605000e-16 9.831192e+04 3.000000e+00
  98368.542089 1.867400e-16 9.893286e+04 3.000000e+00
  98985.940353 1.965700e-16 9.955380e+04 3.000000e+00
  99603.298605 1.686600e-16 1.001747e+05 3.000000e+00
 100220.746883 1.815800e-16 1.007957e+05 3.000000e+00
 100838.105135 1.852000e-16 1.014166e+05 3.000000e+00
 101455.573418 1.921500e-16 1.020376e+05 3.000000e+00
 102072.931671 1.789600e-16 1.026585e+05 3.000000e+00
 102690.379949 1.878000e-16 1.032795e+05 3.000000e+00
 103307.748205 1.739000e-16 1.039004e+05 3.000000e+00
 103925.106459 1.779300e-16 1.045213e+05 3.000000e+00
 104542.554737 1.640100e-16 1.051423e+05 3.000000e+00
 105159.912990 1.668100e-16 1.057632e+05 3.000000e+00
 105777.381274 1.698600e-16 1.063842e+05 3.000000e+00
 106394.739528 1.570100e-16 1.070051e+05 3.000000e+00
 107012.097782 1.503300e-16 1.076260e+05 3.000000e+00
 107629.556063 1.476500e-16 1.082470e+05 3.000000e+00
 108246.914317 1.587400e-16 1.088679e+05 3.000000e+00
 108864.362596 1.662400e-16 1.094889e+05 3.000000e+00
 109481.720850 1.657600e-16 1.101098e+05 3.000000e+00
 110099.179131 1.736400e-16 1.107308e+05 3.000000e+00
 110716.547389 1.576100e-16 1.113517e+05 3.000000e+00
 111333.905643 1.544600e-16 1.119726e+05 3.000000e+00
 111951.363925 1.377700e-16 1.125936e+05 3.000000e+00
 112568.712177 1.324500e-16 1.132145e+05 3.000000e+00
 113186.170459 1.145900e-16 1.138355e+05 3.000000e+00
 113803.528714 1.424500e-16 1.144564e+05 3.000000e+00
 114420.986996 1.308300e-16 1.150774e+05 3.000000e+00
 115038.345251 1.324700e-16 1.156983e+05 3.000000e+00
 115655.703506 1.498500e-16 1.163192e+05 3.000000e+00
 116273.171791 1.279300e-16 1.169402e+05 3.000000e+00
 116890.520044 1.332300e-16 1.175611e+05 3.000000e+00
 117507.978326 1.058500e-16 1.181821e+05 3.000000e+00
 118125.326579 1.140200e-16 1.188030e+05 3.000000e+00
 118742.794864 1.206100e-16 1.194240e+05 3.000000e+00
 119360.153120 1.068100e-16 1.200449e+05 3.000000e+00
 119977.511376 9.535100e-17 1.206658e+05 3.000000e+00
 120594.979661 8.744000e-17 1.212868e+05 3.000000e+00
 121212.327914 1.102700e-16 1.219077e+05 3.000000e+00
 121829.786197 6.987200e-17 1.225287e+05 3.000000e+00
 122447.134450 9.276200e-17 1.231496e+05 3.000000e+00
 123064.512712 8.342300e-17 1.237705e+05 3.000000e+00
 123681.960992 9.114100e-17 1.243915e+05 3.000000e+00
 124299.319248 8.965300e-17 1.250124e+05 3.000000e+00
 124916.777532 9.214900e-17 1.256334e+05 3.000000e+00
 125534.135788 9.287000e-17 1.262543e+05 3.000000e+00
 126151.594071 8.014500e-17 1.268753e+05 3.000000e+00
 126768.952328 7.238500e-17 1.274962e+05 3.000000e+00
 127386.310584 8.110200e-17 1.281171e+05 3.000000e+00
 128003.768868 7.582700e-17 1.287381e+05 3.000000e+00
 128621.127124 7.896500e-17 1.293590e+05 3.000000e+00
 129238.585408 9.271700e-17 1.299800e+05 3.000000e+00
 129855.943664 7.352300e-17 1.306009e+05 3.000000e+00
 130473.301921 9.403100e-17 1.312218e+05 3.000000e+00
 131090.760205 1.033200e-16 1.318428e+05 3.000000e+00
 131708.118462 8.524100e-17 1.324637e+05 3.000000e+00
 132325.576746 8.808100e-17 1.330847e+05 3.000000e+00
 132942.925000 7.223600e-17 1.337056e+05 3.000000e+00
 133560.383284 5.274600e-17 1.343266e+05 3.000000e+00
 134177.751543 8.406300e-17 1.349475e+05 3.000000e+00
 134795.109800 5.594600e-17 1.355684e+05 3.000000e+00
 135412.568085 6.645200e-17 1.361894e+05 3.000000e+00
 136029.916339 8.059400e-17 1.368103e+05 3.000000e+00
 136647.374623 6.361300e-17 1.374313e+05 3.000000e+00
 137264.742883 7.337500e-17 1.380522e+05 3.000000e+00
 137882.201168 5.692400e-17 1.386732e+05 3.000000e+00
 138499.549422 6.785400e-17 1.392941e+05 3.000000e+00
 139116.917682 7.248600e-17 1.399150e+05 3.000000e+00
 139734.375967 6.310900e-17 1.405360e+05 3.000000e+00
 140351.734224 5.527400e-17 1.411569e+05 3.000000e+00
 140969.182506 6.094700e-17 1.417779e+05 3.000000e+00
 141586.540764 6.070700e-17 1.423988e+05 3.000000e+00
 142203.999048 7.936200e-17 1.430198e+05 3.000000e+00
 142821.367309 7.877200e-17 1.436407e+05 3.000000e+00
 143438.715563 5.674400e-17 1.442616e+05 3.000000e+00
 144056.183851 6.580000e-17 1.448826e+05 3.000000e+00
 144587.438642 4.949300e-17 1.454169e+05 3.000000e+00
 145499.097109 4.550000e-17 1.463338e+05 3.000000e+00
 146410.865607 5.032700e-17 1.472508e+05 3.000000e+00
 147322.544080 5.127400e-17 1.481677e+05 3.000000e+00
 148234.202548 4.857500e-17 1.490846e+05 3.000000e+00
 149145.881022 4.234400e-17 1.500015e+05 3.000000e+00
 150057.649520 4.279400e-17 1.509185e+05 3.000000e+00
 150969.327993 4.201100e-17 1.518354e+05 3.000000e+00
 151880.986461 4.497000e-17 1.527523e+05 3.000000e+00
 152792.754960 4.537300e-17 1.536693e+05 3.000000e+00
 153704.433433 4.105700e-17 1.545862e+05 3.000000e+00
 154616.091902 5.020000e-17 1.555031e+05 3.000000e+00
 155527.770376 5.375100e-17 1.564200e+05 3.000000e+00
 156439.538874 4.761700e-17 1.573370e+05 3.000000e+00
 157351.217348 4.272200e-17 1.582539e+05 3.000000e+00
 158262.875817 3.979800e-17 1.591708e+05 3.000000e+00
 159174.644316 3.469200e-17 1.600878e+05 3.000000e+00
 160086.322790 3.285700e-17 1.610047e+05 3.000000e+00
 160997.981259 3.985200e-17 1.619216e+05 3.000000e+00
 161909.749758 4.047300e-17 1.628386e+05 3.000000e+00
 162821.428232 3.649200e-17 1.637555e+05 3.000000e+00
 163733.086701 3.489600e-17 1.646724e+05 3.000000e+00
 164644.765176 3.823700e-17 1.655893e+05 3.000000e+00
 165556.543678 3.804400e-17 1.665063e+05 3.000000e+00
 166468.192144 3.599000e-17 1.674232e+05 3.000000e+00
 167379.870619 3.371500e-17 1.683401e+05 3.000000e+00
 168291.549094 3.796100e-17 1.692570e+05 3.000000e+00
 169203.317593 3.126700e-17 1.701740e+05 3.000000e+00
 170114.986065 2.893900e-17 1.710909e+05 3.000000e+00
 171026.664540 3.225500e-17 1.720078e+05 3.000000e+00
 171938.433040 3.334300e-17 1.729248e+05 3.000000e+00
 172850.091509 3.745200e-17 1.738417e+05 3.000000e+00
 173761.769984 3.408600e-17 1.747586e+05 3.000000e+00
 174673.538484 3.805100e-17 1.756756e+05 3.000000e+00
 175585.206956 3.577100e-17 1.765925e+05 3.000000e+00
 176496.875429 3.021100e-17 1.775094e+05 3.000000e+00
 177408.533899 2.591000e-17 1.784263e+05 3.000000e+00
 178320.312401 2.775000e-17 1.793433e+05 3.000000e+00
 179231.980874 3.135300e-17 1.802602e+05 3.000000e+00
 180143.649347 2.187100e-17 1.811771e+05 3.000000e+00
 181055.417847 2.435700e-17 1.820941e+05 3.000000e+00
 181967.086319 2.552100e-17 1.830110e+05 3.000000e+00
 182878.754792 2.911000e-17 1.839279e+05 3.000000e+00
 183790.523292 2.287800e-17 1.848449e+05 3.000000e+00
 184702.191765 2.421400e-17 1.857618e+05 3.000000e+00
 185613.870241 2.969700e-17 1.866787e+05 3.000000e+00
 186525.528711 3.063600e-17 1.875956e+05 3.000000e+00
 187437.307214 3.167400e-17 1.885126e+05 3.000000e+00
 188348.975687 2.436100e-17 1.894295e+05 3.000000e+00
 189260.634157 2.296900e-17 1.903464e+05 3.000000e+00
 190172.422663 2.378800e-17 1.912634e+05 3.000000e+00
 191084.101139 2.624600e-17 1.921803e+05 3.000000e+00
 191995.749607 2.572400e-17 1.930972e+05 3.000000e+00
 192907.418080 2.580600e-17 1.940141e+05 3.000000e+00
 193819.206586 2.910600e-17 1.949311e+05 3.000000e+00
 194730.865057 2.603500e-17 1.958480e+05 3.000000e+00
 195642.543533 2.054900e-17 1.967649e+05 3.000000e+00
 196554.312033 2.056600e-17 1.976819e+05 3.000000e+00
 197465.970504 2.585300e-17 1.985988e+05 3.000000e+00
 198377.648980 1.788900e-17 1.995157e+05 3.000000e+00
 199289.327456 2.326800e-17 2.004326e+05 3.000000e+00
 200201.095957 2.156700e-17 2.013496e+05 3.000000e+00
 201112.754428 2.015000e-17 2.022665e+05 3.000000e+00
 202024.432904 2.132200e-17 2.031834e+05 3.000000e+00
 202936.201405 2.943000e-17 2.041004e+05 3.000000e+00
 204030.019523 2.134700e-17 2.052005e+05 3.000000e+00
 205785.257910 2.532300e-17 2.069658e+05 3.000000e+00
 207541.576592 2.308100e-17 2.087322e+05 3.000000e+00
 209298.795519 2.330900e-17 2.104995e+05 3.000000e+00
 211057.094741 2.182100e-17 2.122679e+05 3.000000e+00
 212816.414241 2.156100e-17 2.140373e+05 3.000000e+00
 214576.814036 2.094400e-17 2.158078e+05 3.000000e+00
 216338.094070 2.035500e-17 2.175792e+05 3.000000e+00
 218100.484407 2.180300e-17 2.193517e+05 3.000000e+00
 219863.885020 1.835700e-17 2.211252e+05 3.000000e+00
 221628.355924 1.755000e-17 2.228998e+05 3.000000e+00
 223393.837104 1.651500e-17 2.246754e+05 3.000000e+00
 225160.298551 2.150400e-17 2.264520e+05 3.000000e+00
 226927.850295 1.759600e-17 2.282297e+05 3.000000e+00
 228696.402313 1.812800e-17 2.300084e+05 3.000000e+00
 230465.954602 1.973600e-17 2.317881e+05 3.000000e+00
 232236.597189 1.821200e-17 2.335689e+05 3.000000e+00
 234008.240049 1.814400e-17 2.353507e+05 3.000000e+00
 235780.963203 1.768700e-17 2.371336e+05 3.000000e+00
 237554.786657 1.773700e-17 2.389176e+05 3.000000e+00
 239329.610384 1.817300e-17 2.407026e+05 3.000000e+00
 241105.414378 1.386000e-17 2.424886e+05 3.000000e+00
 242882.338678 1.728000e-17 2.442757e+05 3.000000e+00
 244660.233242 1.580600e-17 2.460638e+05 3.000000e+00
 246439.338136 1.466200e-17 2.478531e+05 3.000000e+00
 248219.323270 1.251200e-17 2.496433e+05 3.000000e+00
 250000.388698 1.293900e-17 2.514346e+05 3.000000e+00
 251782.574432 1.387900e-17 2.532270e+05 3.000000e+00
 253565.840460 1.510800e-17 2.550205e+05 3.000000e+00
 255350.106761 1.537900e-17 2.568150e+05 3.000000e+00
 257135.453357 1.314900e-17 2.586106e+05 3.000000e+00
 258921.910255 1.445600e-17 2.604073e+05 3.000000e+00
 260709.457450 1.592000e-17 2.622051e+05 3.000000e+00
 262498.004918 1.246600e-17 2.640039e+05 3.000000e+00
 264287.612675 1.200900e-17 2.658038e+05 3.000000e+00
 266078.370746 1.246700e-17 2.676048e+05 3.000000e+00
 267870.059070 1.315600e-17 2.694068e+05 3.000000e+00
 269662.997735 1.111000e-17 2.712100e+05 3.000000e+00
 271456.886659 1.100200e-17 2.730142e+05 3.000000e+00
 273251.905892 1.015700e-17 2.748195e+05 3.000000e+00
 275048.005418 1.132600e-17 2.766259e+05 3.000000e+00
 276845.195242 1.165700e-17 2.784334e+05 3.000000e+00
 278643.475363 1.238100e-17 2.802420e+05 3.000000e+00
 280442.845782 1.082200e-17 2.820517e+05 3.000000e+00
 282243.326503 1.145500e-17 2.838625e+05 3.000000e+00
 284044.897521 1.038400e-17 2.856744e+05 3.000000e+00
 285847.548834 1.049300e-17 2.874874e+05 3.000000e+00
 287651.300446 1.085700e-17 2.893015e+05 3.000000e+00
 289456.132353 8.005200e-18 2.911167e+05 3.000000e+00
 291262.084566 8.135100e-18 2.929330e+05 3.000000e+00
 293069.127076 8.796100e-18 2.947504e+05 3.000000e+00
 294877.249880 8.821400e-18 2.965689e+05 3.000000e+00
 296686.563008 1.131000e-17 2.983886e+05 3.000000e+00
 298496.986440 1.009400e-17 3.002094e+05 3.000000e+00
 300308.380135 8.332800e-18 3.020312e+05 3.000000e+00
 302120.974158 1.174800e-17 3.038542e+05 3.000000e+00
 303934.668481 1.058000e-17 3.056783e+05 3.000000e+00
 305749.563131 9.406300e-18 3.075036e+05 3.000000e+00
 307565.458054 9.995600e-18 3.093299e+05 3.000000e+00
 309382.533298 1.112100e-17 3.111574e+05 3.000000e+00
 311200.798867 1.081900e-17 3.129861e+05 3.000000e+00
 313020.074711 9.479000e-18 3.148158e+05 3.000000e+00
 314840.540880 9.077700e-18 3.166467e+05 3.000000e+00
 316662.147360 1.043300e-17 3.184788e+05 3.000000e+00
 318484.784120 9.032000e-18 3.203119e+05 3.000000e+00
 320308.641213 8.971600e-18 3.221462e+05 3.000000e+00
 322133.698633 9.164300e-18 3.239817e+05 3.000000e+00
 323959.786334 9.024000e-18 3.258183e+05 3.000000e+00
 325786.994341 9.107000e-18 3.276560e+05 3.000000e+00
 327615.442685 9.490500e-18 3.294949e+05 3.000000e+00
 329445.041343 7.793700e-18 3.313350e+05 3.000000e+00
 331275.720296 9.641500e-18 3.331762e+05 3.000000e+00
 333107.529556 8.108300e-18 3.350185e+05 3.000000e+00
 334940.509136 1.324100e-17 3.368620e+05 3.000000e+00
 336774.709048 1.108900e-17 3.387067e+05 3.000000e+00
 338610.049271 1.080700e-17 3.405526e+05 3.000000e+00
 340446.519802 7.722400e-18 3.423996e+05 3.000000e+00
 342284.100636 1.065500e-17 3.442477e+05 3.000000e+00
 344122.921808 8.025400e-18 3.460971e+05 3.000000e+00
 345962.903296 8.037900e-18 3.479476e+05 3.000000e+00
 347804.025095 1.126200e-17 3.497993e+05 3.000000e+00
