# An Atlas of Galaxy Spectral Energy Distributions from the Ultraviolet to the Mid-Infrared
# Brown et al. (2014)
# http://dx.doi.org/10.5072/03/529D3551F0117
# 
# Column 1 : Restframe Wavelength (Angstrom)
# Column 2 : Flux per unit wavelength (ergs/s/cm^2/Angstrom)
# Column 3 : Observed wavelength (Angstrom)
# Column 4 : Source (0 = model, 1 = Optical Spectrum, 2 = Akari, 3 = Spitzer IRS)
# 
# CONVERTED air -> vacuum (Morton 2000/SDSS) above 2000 A by sedfit; wavelengths below are unchanged (already vacuum by convention).
    100.030000 1.778600e-19 1.002300e+02 0.000000e+00
    101.890000 2.173100e-19 1.020900e+02 0.000000e+00
    104.020000 2.432600e-19 1.042300e+02 0.000000e+00
    105.960000 2.812400e-19 1.061700e+02 0.000000e+00
    107.930000 3.311900e-19 1.081400e+02 0.000000e+00
    109.930000 4.721500e-19 1.101500e+02 0.000000e+00
    114.060000 6.012800e-19 1.142900e+02 0.000000e+00
    118.070000 7.245700e-19 1.183000e+02 0.000000e+00
    121.100000 2.178100e-18 1.213400e+02 0.000000e+00
    125.060000 2.588700e-18 1.253100e+02 0.000000e+00
    127.100000 2.773800e-18 1.273500e+02 0.000000e+00
    127.980000 2.904500e-18 1.282300e+02 0.000000e+00
    130.960000 3.177400e-18 1.312200e+02 0.000000e+00
    131.870000 3.606400e-18 1.321300e+02 0.000000e+00
    134.010000 3.811300e-18 1.342800e+02 0.000000e+00
    137.130000 4.582200e-18 1.374000e+02 0.000000e+00
    140.000000 4.978300e-18 1.402800e+02 0.000000e+00
    142.930000 9.910100e-18 1.432200e+02 0.000000e+00
    146.940000 1.871000e-17 1.472300e+02 0.000000e+00
    151.050000 2.028000e-17 1.513600e+02 0.000000e+00
    154.930000 2.223700e-17 1.552400e+02 0.000000e+00
    158.900000 2.432600e-17 1.592200e+02 0.000000e+00
    161.860000 2.588700e-17 1.621800e+02 0.000000e+00
    166.010000 2.831900e-17 1.663400e+02 0.000000e+00
    169.880000 3.055500e-17 1.702200e+02 0.000000e+00
    173.040000 3.236500e-17 1.733800e+02 0.000000e+00
    177.070000 3.476000e-17 1.774200e+02 0.000000e+00
    179.940000 3.656600e-17 1.803000e+02 0.000000e+00
    182.030000 3.793800e-17 1.823900e+02 0.000000e+00
    185.840000 4.046500e-17 1.862100e+02 0.000000e+00
    191.040000 4.376000e-17 1.914300e+02 0.000000e+00
    194.150000 4.603400e-17 1.945400e+02 0.000000e+00
    198.210000 4.876200e-17 1.986100e+02 0.000000e+00
    201.900000 5.165100e-17 2.023000e+02 0.000000e+00
    205.180000 5.396100e-17 2.055900e+02 0.000000e+00
    209.960000 5.560000e-17 2.103800e+02 0.000000e+00
    215.840000 6.209800e-17 2.162700e+02 0.000000e+00
    219.850000 6.532500e-17 2.202900e+02 0.000000e+00
    222.910000 6.715500e-17 2.233600e+02 0.000000e+00
    227.060000 7.080700e-17 2.275100e+02 0.000000e+00
    230.220000 1.066800e-16 2.306700e+02 0.000000e+00
    233.960000 1.795100e-16 2.344200e+02 0.000000e+00
    239.960000 2.203300e-16 2.404400e+02 0.000000e+00
    246.110000 2.123600e-16 2.466000e+02 0.000000e+00
    251.850000 2.234000e-16 2.523500e+02 0.000000e+00
    257.120000 1.892700e-16 2.576300e+02 0.000000e+00
    260.100000 2.178100e-16 2.606200e+02 0.000000e+00
    263.710000 2.270300e-16 2.642400e+02 0.000000e+00
    269.240000 2.270300e-16 2.697700e+02 0.000000e+00
    274.240000 2.265000e-16 2.747900e+02 0.000000e+00
    278.700000 2.259800e-16 2.792500e+02 0.000000e+00
    283.880000 2.254600e-16 2.844500e+02 0.000000e+00
    289.820000 2.148200e-16 2.904000e+02 0.000000e+00
    295.890000 2.188200e-16 2.964800e+02 0.000000e+00
    300.700000 2.138300e-16 3.013000e+02 0.000000e+00
    307.700000 2.158100e-16 3.083200e+02 0.000000e+00
    317.790000 2.178100e-16 3.184200e+02 0.000000e+00
    328.200000 2.153200e-16 3.288500e+02 0.000000e+00
    338.170000 2.113900e-16 3.388400e+02 0.000000e+00
    347.640000 2.070500e-16 3.483400e+02 0.000000e+00
    357.380000 2.032700e-16 3.581000e+02 0.000000e+00
    365.710000 2.009500e-16 3.664400e+02 0.000000e+00
    375.090000 1.963700e-16 3.758400e+02 0.000000e+00
    384.710000 1.871000e-16 3.854800e+02 0.000000e+00
    394.580000 1.875300e-16 3.953700e+02 0.000000e+00
    404.700000 1.841100e-16 4.055100e+02 0.000000e+00
    414.130000 1.795100e-16 4.149500e+02 0.000000e+00
    421.830000 1.750200e-16 4.226700e+02 0.000000e+00
    429.670000 1.710300e-16 4.305300e+02 0.000000e+00
    440.690000 1.667500e-16 4.415700e+02 0.000000e+00
    450.960000 1.618400e-16 4.518600e+02 0.000000e+00
    460.400000 1.574300e-16 4.613200e+02 0.000000e+00
    470.040000 1.531400e-16 4.709800e+02 0.000000e+00
    479.880000 1.496500e-16 4.808400e+02 0.000000e+00
    489.930000 1.445700e-16 4.909100e+02 0.000000e+00
    500.190000 1.419300e-16 5.011900e+02 0.000000e+00
    505.980000 1.419300e-16 5.069900e+02 0.000000e+00
    511.840000 1.614600e-16 5.128600e+02 0.000000e+00
    520.160000 1.592500e-16 5.211900e+02 0.000000e+00
    529.830000 1.559800e-16 5.308800e+02 0.000000e+00
    539.680000 1.493100e-16 5.407500e+02 0.000000e+00
    549.710000 1.567000e-16 5.508100e+02 0.000000e+00
    559.930000 1.633300e-16 5.610500e+02 0.000000e+00
    570.340000 1.671400e-16 5.714800e+02 0.000000e+00
    579.610000 1.607200e-16 5.807600e+02 0.000000e+00
    590.380000 1.698500e-16 5.915600e+02 0.000000e+00
    599.980000 1.671400e-16 6.011700e+02 0.000000e+00
    609.730000 1.679100e-16 6.109400e+02 0.000000e+00
    619.630000 1.871000e-16 6.208700e+02 0.000000e+00
    629.700000 1.905800e-16 6.309600e+02 0.000000e+00
    639.930000 1.919000e-16 6.412100e+02 0.000000e+00
    650.330000 2.014100e-16 6.516300e+02 0.000000e+00
    657.860000 2.051500e-16 6.591700e+02 0.000000e+00
    665.480000 2.133400e-16 6.668100e+02 0.000000e+00
    674.740000 2.163100e-16 6.760800e+02 0.000000e+00
    685.700000 2.104200e-16 6.870700e+02 0.000000e+00
    695.240000 2.443900e-16 6.966300e+02 0.000000e+00
    704.910000 2.317800e-16 7.063200e+02 0.000000e+00
    716.370000 2.673500e-16 7.177900e+02 0.000000e+00
    726.330000 2.754700e-16 7.277800e+02 0.000000e+00
    734.740000 2.831900e-16 7.362100e+02 0.000000e+00
    744.960000 3.041400e-16 7.464500e+02 0.000000e+00
    755.330000 3.177400e-16 7.568300e+02 0.000000e+00
    765.830000 3.229100e-16 7.673600e+02 0.000000e+00
    774.700000 3.524300e-16 7.762500e+02 0.000000e+00
    785.480000 3.681900e-16 7.870500e+02 0.000000e+00
    794.570000 3.855500e-16 7.961600e+02 0.000000e+00
    805.630000 4.018600e-16 8.072400e+02 0.000000e+00
    814.960000 4.150300e-16 8.165800e+02 0.000000e+00
    824.390000 4.467600e-16 8.260400e+02 0.000000e+00
    835.860000 3.864400e-16 8.375300e+02 0.000000e+00
    845.540000 4.710600e-16 8.472300e+02 0.000000e+00
    855.330000 4.853800e-16 8.570400e+02 0.000000e+00
    865.240000 5.177000e-16 8.669600e+02 0.000000e+00
    875.250000 5.471100e-16 8.770000e+02 0.000000e+00
    885.390000 5.835500e-16 8.871600e+02 0.000000e+00
    895.640000 6.110500e-16 8.974300e+02 0.000000e+00
    906.010000 6.181300e-16 9.078200e+02 0.000000e+00
    914.400000 8.434900e-16 9.162200e+02 0.000000e+00
    924.980000 4.656700e-15 9.268300e+02 0.000000e+00
    935.700000 9.955800e-15 9.375600e+02 0.000000e+00
    944.350000 1.884000e-14 9.462400e+02 0.000000e+00
    955.290000 2.606600e-14 9.571900e+02 0.000000e+00
    964.130000 3.027500e-14 9.660500e+02 0.000000e+00
    975.290000 5.875900e-15 9.772400e+02 0.000000e+00
    984.320000 2.786600e-14 9.862800e+02 0.000000e+00
    995.710000 2.825400e-14 9.977000e+02 0.000000e+00
   1004.930000 3.828900e-14 1.006930e+03 0.000000e+00
   1014.230000 3.573400e-14 1.016250e+03 0.000000e+00
   1025.970000 1.513800e-14 1.028020e+03 0.000000e+00
   1035.460000 2.606600e-14 1.037530e+03 0.000000e+00
   1045.040000 4.699800e-14 1.047130e+03 0.000000e+00
   1054.710000 4.614000e-14 1.056820e+03 0.000000e+00
   1064.470000 3.767700e-14 1.066600e+03 0.000000e+00
   1074.320000 4.376000e-14 1.076470e+03 0.000000e+00
   1084.260000 3.573400e-14 1.086430e+03 0.000000e+00
   1094.300000 4.509000e-14 1.096480e+03 0.000000e+00
   1104.420000 4.325900e-14 1.106620e+03 0.000000e+00
   1114.640000 4.198300e-14 1.116860e+03 0.000000e+00
   1124.950000 3.802600e-14 1.127200e+03 0.000000e+00
   1135.360000 4.614000e-14 1.137630e+03 0.000000e+00
   1145.870000 4.208000e-14 1.148150e+03 0.000000e+00
   1153.810000 4.406300e-14 1.156110e+03 0.000000e+00
   1164.490000 4.529800e-14 1.166810e+03 0.000000e+00
   1175.260000 3.274000e-14 1.177610e+03 0.000000e+00
   1186.140000 4.335900e-14 1.188500e+03 0.000000e+00
   1194.360000 3.126600e-14 1.196740e+03 0.000000e+00
   1205.410000 2.350100e-14 1.207810e+03 0.000000e+00
   1213.760000 1.425900e-14 1.216190e+03 0.000000e+00
   1225.000000 2.897900e-14 1.227440e+03 0.000000e+00
   1236.330000 4.227400e-14 1.238800e+03 0.000000e+00
   1244.900000 4.624600e-14 1.247380e+03 0.000000e+00
   1256.420000 4.457400e-14 1.258930e+03 0.000000e+00
   1265.130000 3.909100e-14 1.267650e+03 0.000000e+00
   1273.900000 4.842600e-14 1.276440e+03 0.000000e+00
   1285.680000 5.012800e-14 1.288250e+03 0.000000e+00
   1294.600000 4.140700e-14 1.297180e+03 0.000000e+00
   1303.570000 4.074500e-14 1.306170e+03 0.000000e+00
   1315.630000 4.887400e-14 1.318260e+03 0.000000e+00
   1324.750000 4.689000e-14 1.327390e+03 0.000000e+00
   1333.930000 4.237200e-14 1.336600e+03 0.000000e+00
   1346.280000 4.842600e-14 1.348960e+03 0.000000e+00
   1355.610000 4.699800e-14 1.358310e+03 0.000000e+00
   1365.010000 4.276400e-14 1.367730e+03 0.000000e+00
   1374.470000 4.426700e-14 1.377210e+03 0.000000e+00
   1383.990000 4.457400e-14 1.386760e+03 0.000000e+00
   1393.590000 3.891100e-14 1.396370e+03 0.000000e+00
   1406.480000 4.000200e-14 1.409290e+03 0.000000e+00
   1416.230000 4.150300e-14 1.419060e+03 0.000000e+00
   1426.050000 4.188700e-14 1.428890e+03 0.000000e+00
   1435.930000 4.169400e-14 1.438800e+03 0.000000e+00
   1442.560000 4.345900e-14 1.445440e+03 0.000000e+00
   1445.890000 4.386100e-14 1.448770e+03 0.000000e+00
   1455.910000 4.276400e-14 1.458810e+03 0.000000e+00
   1466.000000 3.991000e-14 1.468930e+03 0.000000e+00
   1476.160000 3.963500e-14 1.479110e+03 0.000000e+00
   1486.400000 4.000200e-14 1.489360e+03 0.000000e+00
   1496.700000 4.037200e-14 1.499690e+03 0.000000e+00
   1503.610000 3.846600e-14 1.506610e+03 0.000000e+00
   1510.550000 3.484000e-14 1.513560e+03 0.000000e+00
   1517.520000 3.681900e-14 1.520550e+03 0.000000e+00
   1524.520000 3.581600e-14 1.527570e+03 0.000000e+00
   1535.090000 3.170100e-14 1.538150e+03 0.000000e+00
   1545.730000 3.373500e-14 1.548820e+03 0.000000e+00
   1556.450000 3.199500e-14 1.559550e+03 0.000000e+00
   1563.630000 3.274000e-14 1.566750e+03 0.000000e+00
   1574.470000 3.460000e-14 1.577610e+03 0.000000e+00
   1585.380000 3.573400e-14 1.588550e+03 0.000000e+00
   1596.370000 3.639800e-14 1.599560e+03 0.000000e+00
   1603.740000 3.540600e-14 1.606940e+03 0.000000e+00
   1614.860000 3.532500e-14 1.618080e+03 0.000000e+00
   1626.050000 3.365700e-14 1.629300e+03 0.000000e+00
   1633.560000 3.540600e-14 1.636820e+03 0.000000e+00
   1644.880000 3.565100e-14 1.648160e+03 0.000000e+00
   1656.280000 3.334900e-14 1.659590e+03 0.000000e+00
   1663.930000 3.581600e-14 1.667250e+03 0.000000e+00
   1671.610000 3.251500e-14 1.674940e+03 0.000000e+00
   1675.460000 3.598100e-14 1.678800e+03 0.000000e+00
   1683.200000 3.690400e-14 1.686550e+03 0.000000e+00
   1694.860000 3.492000e-14 1.698240e+03 0.000000e+00
   1706.610000 3.365700e-14 1.710020e+03 0.000000e+00
   1714.490000 3.221600e-14 1.717910e+03 0.000000e+00
   1726.370000 3.192100e-14 1.729820e+03 0.000000e+00
   1734.340000 3.358000e-14 1.737800e+03 0.000000e+00
   1746.360000 3.281500e-14 1.749850e+03 0.000000e+00
   1754.420000 3.444100e-14 1.757920e+03 0.000000e+00
   1766.580000 3.184800e-14 1.770110e+03 0.000000e+00
   1774.740000 3.251500e-14 1.778280e+03 0.000000e+00
   1787.040000 3.289100e-14 1.790610e+03 0.000000e+00
   1795.290000 3.452100e-14 1.798870e+03 0.000000e+00
   1803.580000 3.412500e-14 1.807170e+03 0.000000e+00
   1816.080000 3.199500e-14 1.819700e+03 0.000000e+00
   1824.460000 3.236500e-14 1.828100e+03 0.000000e+00
   1837.110000 3.133800e-14 1.840770e+03 0.000000e+00
   1845.590000 2.897900e-14 1.849270e+03 0.000000e+00
   1854.110000 2.911200e-14 1.857800e+03 0.000000e+00
   1866.960000 2.979000e-14 1.870680e+03 0.000000e+00
   1875.570000 3.155600e-14 1.879320e+03 0.000000e+00
   1884.230000 2.931400e-14 1.887990e+03 0.000000e+00
   1892.930000 2.825400e-14 1.896710e+03 0.000000e+00
   1906.050000 2.958500e-14 1.909850e+03 0.000000e+00
   1914.850000 2.864700e-14 1.918670e+03 0.000000e+00
   1923.690000 2.793000e-14 1.927530e+03 0.000000e+00
   1937.020000 2.845000e-14 1.940890e+03 0.000000e+00
   1945.960000 2.979000e-14 1.949840e+03 0.000000e+00
   1954.940000 2.799500e-14 1.958840e+03 0.000000e+00
   1968.500000 3.006600e-14 1.972420e+03 0.000000e+00
   1977.580000 3.062500e-14 1.981530e+03 0.000000e+00
   1982.140000 2.918000e-14 1.986100e+03 0.000000e+00
   1995.880000 2.845000e-14 1.999860e+03 0.000000e+00
   2005.738974 2.897900e-14 2.009090e+03 0.000000e+00
   2015.000607 2.825400e-14 2.018370e+03 0.000000e+00
   2024.302269 2.904500e-14 2.027680e+03 0.000000e+00
   2033.643959 2.786600e-14 2.037040e+03 0.000000e+00
   2047.736547 2.858100e-14 2.051160e+03 0.000000e+00
   2057.188307 2.698200e-14 2.060630e+03 0.000000e+00
   2066.680093 2.729500e-14 2.070140e+03 0.000000e+00
   2076.221906 2.911200e-14 2.079700e+03 0.000000e+00
   2081.002821 2.825400e-14 2.084490e+03 0.000000e+00
   2085.803743 2.911200e-14 2.089300e+03 0.000000e+00
   2095.425606 2.767400e-14 2.098940e+03 0.000000e+00
   2105.097494 2.780200e-14 2.108630e+03 0.000000e+00
   2114.809405 2.805900e-14 2.118360e+03 0.000000e+00
   2124.571341 2.818900e-14 2.128140e+03 0.000000e+00
   2134.373300 2.655100e-14 2.137960e+03 0.000000e+00
   2144.225284 2.710700e-14 2.147830e+03 0.000000e+00
   2154.127291 2.780200e-14 2.157740e+03 0.000000e+00
   2164.069320 2.685800e-14 2.167700e+03 0.000000e+00
   2174.051370 2.667300e-14 2.177710e+03 0.000000e+00
   2184.093445 2.649000e-14 2.187760e+03 0.000000e+00
   2194.165539 2.742100e-14 2.197860e+03 0.000000e+00
   2204.297658 2.667300e-14 2.208010e+03 0.000000e+00
   2214.469797 2.541400e-14 2.218200e+03 0.000000e+00
   2224.691958 2.483600e-14 2.228440e+03 0.000000e+00
   2234.954138 2.630700e-14 2.238720e+03 0.000000e+00
   2245.276342 2.535600e-14 2.249050e+03 0.000000e+00
   2255.638566 2.427000e-14 2.259440e+03 0.000000e+00
   2266.050811 2.455100e-14 2.269860e+03 0.000000e+00
   2276.503075 2.506600e-14 2.280340e+03 0.000000e+00
   2287.015362 2.564900e-14 2.290870e+03 0.000000e+00
   2297.567667 2.421700e-14 2.301440e+03 0.000000e+00
   2308.169993 2.451800e-14 2.312070e+03 0.000000e+00
   2313.491164 2.358700e-14 2.317390e+03 0.000000e+00
   2324.173521 1.968000e-14 2.328090e+03 0.000000e+00
   2334.895897 2.205000e-14 2.338840e+03 0.000000e+00
   2345.668292 2.117200e-14 2.349630e+03 0.000000e+00
   2356.500710 2.286300e-14 2.360480e+03 0.000000e+00
   2367.373145 2.106200e-14 2.371370e+03 0.000000e+00
   2378.305603 2.167100e-14 2.382320e+03 0.000000e+00
   2383.786838 2.004800e-14 2.387810e+03 0.000000e+00
   2394.789323 2.115600e-14 2.398830e+03 0.000000e+00
   2405.841828 2.050300e-14 2.409910e+03 0.000000e+00
   2416.944352 2.085400e-14 2.421030e+03 0.000000e+00
   2428.096895 2.216000e-14 2.432200e+03 0.000000e+00
   2433.698175 2.141700e-14 2.437810e+03 0.000000e+00
   2444.930748 2.244600e-14 2.449060e+03 0.000000e+00
   2456.213340 2.220800e-14 2.460370e+03 0.000000e+00
   2467.545950 2.192300e-14 2.471720e+03 0.000000e+00
   2473.237264 2.113900e-14 2.477420e+03 0.000000e+00
   2484.649904 2.115800e-14 2.488860e+03 0.000000e+00
   2496.122564 1.990000e-14 2.500350e+03 0.000000e+00
   2507.645244 2.229700e-14 2.511890e+03 0.000000e+00
   2513.416588 1.979000e-14 2.517680e+03 0.000000e+00
   2519.217941 2.002800e-14 2.523480e+03 0.000000e+00
   2525.019296 1.944600e-14 2.529300e+03 0.000000e+00
   2536.672022 1.982500e-14 2.540970e+03 0.000000e+00
   2548.384769 1.966100e-14 2.552700e+03 0.000000e+00
   2554.256149 2.107700e-14 2.558590e+03 0.000000e+00
   2566.048924 2.042700e-14 2.570400e+03 0.000000e+00
   2577.891717 2.140900e-14 2.582260e+03 0.000000e+00
   2583.833121 2.107700e-14 2.588210e+03 0.000000e+00
   2595.755943 2.075900e-14 2.600160e+03 0.000000e+00
   2607.738785 2.002600e-14 2.612160e+03 0.000000e+00
   2613.750212 1.967000e-14 2.618180e+03 0.000000e+00
   2625.813082 2.061600e-14 2.630270e+03 0.000000e+00
   2637.935972 2.160800e-14 2.642410e+03 0.000000e+00
   2644.017424 2.343200e-14 2.648500e+03 0.000000e+00
   2656.220341 2.433400e-14 2.660720e+03 0.000000e+00
   2668.473277 2.190900e-14 2.673010e+03 0.000000e+00
   2674.624752 2.279400e-14 2.679170e+03 0.000000e+00
   2686.977720 2.302700e-14 2.691540e+03 0.000000e+00
   2693.169209 2.159900e-14 2.697740e+03 0.000000e+00
   2705.602204 2.238000e-14 2.710190e+03 0.000000e+00
   2718.085216 2.095400e-14 2.722700e+03 0.000000e+00
   2724.356732 2.072400e-14 2.728980e+03 0.000000e+00
   2736.929774 2.167200e-14 2.741570e+03 0.000000e+00
   2743.231300 1.884100e-14 2.747890e+03 0.000000e+00
   2755.894372 1.947700e-14 2.760580e+03 0.000000e+00
   2768.617463 2.036700e-14 2.773320e+03 0.000000e+00
   2774.999015 2.114200e-14 2.779710e+03 0.000000e+00
   2787.802133 1.952400e-14 2.792540e+03 0.000000e+00
   2794.233701 1.598700e-14 2.798980e+03 0.000000e+00
   2807.126849 1.695100e-14 2.811900e+03 0.000000e+00
   2813.598430 2.067400e-14 2.818380e+03 0.000000e+00
   2826.581607 2.202100e-14 2.831390e+03 0.000000e+00
   2833.103204 2.133300e-14 2.837920e+03 0.000000e+00
   2846.176410 2.053500e-14 2.851020e+03 0.000000e+00
   2852.738020 1.917300e-14 2.857590e+03 0.000000e+00
   2865.901255 2.173400e-14 2.870780e+03 0.000000e+00
   2879.134512 2.221100e-14 2.884030e+03 0.000000e+00
   2885.766145 2.186700e-14 2.890680e+03 0.000000e+00
   2899.089431 2.209100e-14 2.904020e+03 0.000000e+00
   2912.472735 2.413500e-14 2.917430e+03 0.000000e+00
   2932.657727 2.303100e-14 2.937650e+03 0.000000e+00
   2952.982764 2.248900e-14 2.958010e+03 0.000000e+00
   2973.457847 2.288900e-14 2.978520e+03 0.000000e+00
   2994.062972 2.287200e-14 2.999160e+03 0.000000e+00
   3007.886416 2.310700e-14 3.013010e+03 0.000000e+00
   3028.731616 2.314300e-14 3.033890e+03 0.000000e+00
   3049.726862 2.328600e-14 3.054920e+03 0.000000e+00
   3070.862152 2.343100e-14 3.076100e+03 0.000000e+00
   3092.147489 2.346800e-14 3.097420e+03 0.000000e+00
   3113.582872 2.372200e-14 3.118890e+03 0.000000e+00
   3127.956486 2.320700e-14 3.133290e+03 0.000000e+00
   3149.631943 2.319100e-14 3.155010e+03 0.000000e+00
   3171.467448 2.355100e-14 3.176870e+03 0.000000e+00
   3193.452999 2.221900e-14 3.198900e+03 0.000000e+00
   3208.186724 2.307700e-14 3.213660e+03 0.000000e+00
   3230.422352 2.172200e-14 3.235940e+03 0.000000e+00
   3252.818028 2.369200e-14 3.258370e+03 0.000000e+00
   3267.831837 2.483600e-14 3.273410e+03 0.000000e+00
   3290.477589 2.459200e-14 3.296100e+03 0.000000e+00
   3313.293392 2.429500e-14 3.318940e+03 0.000000e+00
   3320.925334 2.414200e-14 3.326600e+03 0.000000e+00
   3328.587285 2.443500e-14 3.334260e+03 0.000000e+00
   3336.259240 2.589700e-14 3.341950e+03 0.000000e+00
   3343.951200 2.401600e-14 3.349660e+03 0.000000e+00
   3351.653164 2.522000e-14 3.357380e+03 0.000000e+00
   3359.385136 2.500200e-14 3.365120e+03 0.000000e+00
   3367.127112 2.340100e-14 3.372870e+03 0.000000e+00
   3374.889093 2.165100e-14 3.380650e+03 0.000000e+00
   3382.661078 2.369800e-14 3.388440e+03 0.000000e+00
   3390.463071 2.494400e-14 3.396250e+03 0.000000e+00
   3398.275067 2.394500e-14 3.404080e+03 0.000000e+00
   3406.117072 2.451600e-14 3.411930e+03 0.000000e+00
   3413.959078 2.408200e-14 3.419790e+03 0.000000e+00
   3421.831092 2.448800e-14 3.427680e+03 0.000000e+00
   3429.723112 2.450200e-14 3.435580e+03 0.000000e+00
   3437.625135 2.451600e-14 3.443500e+03 0.000000e+00
   3445.557167 2.146300e-14 3.451440e+03 0.000000e+00
   3453.499202 2.546500e-14 3.459390e+03 0.000000e+00
   3461.451241 2.361500e-14 3.467370e+03 0.000000e+00
   3469.433287 2.373800e-14 3.475360e+03 0.000000e+00
   3477.435340 2.321100e-14 3.483370e+03 0.000000e+00
   3485.447396 2.398500e-14 3.491400e+03 0.000000e+00
   3493.479458 2.345300e-14 3.499450e+03 0.000000e+00
   3501.541528 2.261700e-14 3.507520e+03 0.000000e+00
   3509.603599 2.419300e-14 3.515600e+03 0.000000e+00
   3517.695679 2.259200e-14 3.523710e+03 0.000000e+00
   3525.807764 2.356100e-14 3.531830e+03 0.000000e+00
   3533.939855 2.462900e-14 3.539970e+03 0.000000e+00
   3542.081950 2.521800e-14 3.548130e+03 0.000000e+00
   3550.244050 2.588000e-14 3.556310e+03 0.000000e+00
   3558.426157 2.455900e-14 3.564510e+03 0.000000e+00
   3566.628269 2.567300e-14 3.572730e+03 0.000000e+00
   3574.850387 2.216800e-14 3.580960e+03 0.000000e+00
   3583.092510 2.264500e-14 3.589220e+03 0.000000e+00
   3591.354640 2.024100e-14 3.597490e+03 0.000000e+00
   3599.636775 2.418200e-14 3.605790e+03 0.000000e+00
   3607.928914 2.321400e-14 3.614100e+03 0.000000e+00
   3608.629095 2.343200e-14 3.614800e+03 1.000000e+00
   3611.379804 1.890200e-14 3.617550e+03 1.000000e+00
   3614.120512 2.715900e-14 3.620300e+03 1.000000e+00
   3616.871221 2.556200e-14 3.623050e+03 1.000000e+00
   3619.611929 2.275000e-14 3.625800e+03 1.000000e+00
   3622.362639 2.119700e-14 3.628550e+03 1.000000e+00
   3625.103346 2.226200e-14 3.631300e+03 1.000000e+00
   3627.844054 3.110100e-14 3.634050e+03 1.000000e+00
   3630.594764 1.994100e-14 3.636800e+03 1.000000e+00
   3633.335471 2.248900e-14 3.639550e+03 1.000000e+00
   3636.086182 1.274900e-14 3.642300e+03 1.000000e+00
   3638.826889 2.013200e-14 3.645050e+03 1.000000e+00
   3641.577600 2.131300e-14 3.647800e+03 1.000000e+00
   3644.318308 1.381200e-14 3.650550e+03 1.000000e+00
   3647.069018 1.825500e-14 3.653300e+03 1.000000e+00
   3649.809727 2.449500e-14 3.656050e+03 1.000000e+00
   3652.560437 2.561100e-14 3.658800e+03 1.000000e+00
   3655.301146 3.311400e-14 3.661550e+03 1.000000e+00
   3658.041854 2.653200e-14 3.664300e+03 1.000000e+00
   3660.792565 2.381100e-14 3.667050e+03 1.000000e+00
   3663.533273 1.945100e-14 3.669800e+03 1.000000e+00
   3666.283984 2.158800e-14 3.672550e+03 1.000000e+00
   3669.024693 2.211800e-14 3.675300e+03 1.000000e+00
   3671.775404 2.657800e-14 3.678050e+03 1.000000e+00
   3674.516113 2.970000e-14 3.680800e+03 1.000000e+00
   3677.266824 2.230000e-14 3.683550e+03 1.000000e+00
   3680.007533 2.434300e-14 3.686300e+03 1.000000e+00
   3682.758245 2.451200e-14 3.689050e+03 1.000000e+00
   3685.498954 1.958600e-14 3.691800e+03 1.000000e+00
   3688.239663 2.590300e-14 3.694550e+03 1.000000e+00
   3690.990374 1.731900e-14 3.697300e+03 1.000000e+00
   3693.731084 2.676200e-14 3.700050e+03 1.000000e+00
   3696.481796 1.871000e-14 3.702800e+03 1.000000e+00
   3699.222505 3.106000e-14 3.705550e+03 1.000000e+00
   3701.973217 2.880400e-14 3.708300e+03 1.000000e+00
   3704.713926 2.047100e-14 3.711050e+03 1.000000e+00
   3707.464639 2.567300e-14 3.713800e+03 1.000000e+00
   3710.205348 2.241700e-14 3.716550e+03 1.000000e+00
   3712.946058 2.633900e-14 3.719300e+03 1.000000e+00
   3715.696770 2.074400e-14 3.722050e+03 1.000000e+00
   3718.437480 3.253700e-14 3.724800e+03 1.000000e+00
   3721.188192 3.235400e-14 3.727550e+03 1.000000e+00
   3723.928902 4.574900e-14 3.730300e+03 1.000000e+00
   3726.679615 5.077400e-14 3.733050e+03 1.000000e+00
   3729.420325 5.611400e-14 3.735800e+03 1.000000e+00
   3732.171038 3.940800e-14 3.738550e+03 1.000000e+00
   3734.911748 3.243400e-14 3.741300e+03 1.000000e+00
   3737.662461 2.526100e-14 3.744050e+03 1.000000e+00
   3740.403171 2.334800e-14 3.746800e+03 1.000000e+00
   3743.143882 2.396000e-14 3.749550e+03 1.000000e+00
   3745.894595 2.458600e-14 3.752300e+03 1.000000e+00
   3748.635305 2.157500e-14 3.755050e+03 1.000000e+00
   3751.386019 1.652700e-14 3.757800e+03 1.000000e+00
   3754.126729 2.067800e-14 3.760550e+03 1.000000e+00
   3756.877443 2.799800e-14 3.763300e+03 1.000000e+00
   3759.618153 3.162100e-14 3.766050e+03 1.000000e+00
   3762.368867 2.891600e-14 3.768800e+03 1.000000e+00
   3765.109578 2.670000e-14 3.771550e+03 1.000000e+00
   3767.860291 2.742700e-14 3.774300e+03 1.000000e+00
   3770.601002 2.497600e-14 3.777050e+03 1.000000e+00
   3773.341713 2.639400e-14 3.779800e+03 1.000000e+00
   3776.092427 2.723000e-14 3.782550e+03 1.000000e+00
   3778.833138 3.147300e-14 3.785300e+03 1.000000e+00
   3781.583852 3.313000e-14 3.788050e+03 1.000000e+00
   3784.324564 3.617200e-14 3.790800e+03 1.000000e+00
   3787.075278 3.269100e-14 3.793550e+03 1.000000e+00
   3789.815989 3.011300e-14 3.796300e+03 1.000000e+00
   3792.566703 2.783600e-14 3.799050e+03 1.000000e+00
   3795.307415 2.335100e-14 3.801800e+03 1.000000e+00
   3798.058129 2.277400e-14 3.804550e+03 1.000000e+00
   3800.798841 2.138900e-14 3.807300e+03 1.000000e+00
   3803.539553 2.746600e-14 3.810050e+03 1.000000e+00
   3806.290267 2.898200e-14 3.812800e+03 1.000000e+00
   3809.030979 2.734600e-14 3.815550e+03 1.000000e+00
   3811.781694 3.265600e-14 3.818300e+03 1.000000e+00
   3814.522406 3.229500e-14 3.821050e+03 1.000000e+00
   3817.273121 3.041600e-14 3.823800e+03 1.000000e+00
   3820.013833 3.002400e-14 3.826550e+03 1.000000e+00
   3822.764548 2.875400e-14 3.829300e+03 1.000000e+00
   3825.505260 2.621900e-14 3.832050e+03 1.000000e+00
   3828.245972 2.142300e-14 3.834800e+03 1.000000e+00
   3830.996687 2.354000e-14 3.837550e+03 1.000000e+00
   3833.737400 2.241000e-14 3.840300e+03 1.000000e+00
   3836.488115 1.782500e-14 3.843050e+03 1.000000e+00
   3839.228827 1.816700e-14 3.845800e+03 1.000000e+00
   3841.979543 2.420900e-14 3.848550e+03 1.000000e+00
   3844.720255 2.745600e-14 3.851300e+03 1.000000e+00
   3847.470971 3.054900e-14 3.854050e+03 1.000000e+00
   3850.211683 3.122000e-14 3.856800e+03 1.000000e+00
   3852.962399 3.247400e-14 3.859550e+03 1.000000e+00
   3855.703112 2.982900e-14 3.862300e+03 1.000000e+00
   3858.443825 3.477000e-14 3.865050e+03 1.000000e+00
   3861.194541 3.508100e-14 3.867800e+03 1.000000e+00
   3863.935254 3.413100e-14 3.870550e+03 1.000000e+00
   3866.685969 3.468900e-14 3.873300e+03 1.000000e+00
   3869.426683 3.287100e-14 3.876050e+03 1.000000e+00
   3872.177399 3.068000e-14 3.878800e+03 1.000000e+00
   3874.918112 3.053800e-14 3.881550e+03 1.000000e+00
   3877.668828 3.119700e-14 3.884300e+03 1.000000e+00
   3880.409541 2.840000e-14 3.887050e+03 1.000000e+00
   3883.160257 2.795600e-14 3.889800e+03 1.000000e+00
   3885.900971 2.334300e-14 3.892550e+03 1.000000e+00
   3888.641685 2.626300e-14 3.895300e+03 1.000000e+00
   3891.392401 2.769000e-14 3.898050e+03 1.000000e+00
   3894.133115 2.829300e-14 3.900800e+03 1.000000e+00
   3896.883831 3.273000e-14 3.903550e+03 1.000000e+00
   3899.624545 3.096000e-14 3.906300e+03 1.000000e+00
   3902.375261 3.445600e-14 3.909050e+03 1.000000e+00
   3905.115975 3.090400e-14 3.911800e+03 1.000000e+00
   3907.866692 3.252200e-14 3.914550e+03 1.000000e+00
   3910.607406 3.283200e-14 3.917300e+03 1.000000e+00
   3913.358123 3.430500e-14 3.920050e+03 1.000000e+00
   3916.098837 3.173600e-14 3.922800e+03 1.000000e+00
   3918.839551 3.646700e-14 3.925550e+03 1.000000e+00
   3921.590268 3.348400e-14 3.928300e+03 1.000000e+00
   3924.330982 3.142300e-14 3.931050e+03 1.000000e+00
   3927.081699 2.996200e-14 3.933800e+03 1.000000e+00
   3929.822414 2.649000e-14 3.936550e+03 1.000000e+00
   3932.573131 2.266200e-14 3.939300e+03 1.000000e+00
   3935.313846 2.807200e-14 3.942050e+03 1.000000e+00
   3938.064563 2.921200e-14 3.944800e+03 1.000000e+00
   3940.805277 3.535500e-14 3.947550e+03 1.000000e+00
   3943.545992 3.420200e-14 3.950300e+03 1.000000e+00
   3946.296710 3.227700e-14 3.953050e+03 1.000000e+00
   3949.037424 3.448400e-14 3.955800e+03 1.000000e+00
   3951.788142 3.344100e-14 3.958550e+03 1.000000e+00
   3954.528857 3.173000e-14 3.961300e+03 1.000000e+00
   3957.279574 2.907100e-14 3.964050e+03 1.000000e+00
   3960.020289 2.533500e-14 3.966800e+03 1.000000e+00
   3962.771007 2.519600e-14 3.969550e+03 1.000000e+00
   3965.511722 2.339800e-14 3.972300e+03 1.000000e+00
   3968.262440 2.211100e-14 3.975050e+03 1.000000e+00
   3971.003155 2.603700e-14 3.977800e+03 1.000000e+00
   3973.743871 2.280200e-14 3.980550e+03 1.000000e+00
   3976.494589 3.155900e-14 3.983300e+03 1.000000e+00
   3979.235304 3.370500e-14 3.986050e+03 1.000000e+00
   3981.986022 2.789600e-14 3.988800e+03 1.000000e+00
   3984.726737 3.331400e-14 3.991550e+03 1.000000e+00
   3987.477456 3.581600e-14 3.994300e+03 1.000000e+00
   3990.218171 3.922300e-14 3.997050e+03 1.000000e+00
   3992.968890 3.727100e-14 3.999800e+03 1.000000e+00
   3995.709605 3.831700e-14 4.002550e+03 1.000000e+00
   3998.460324 3.622700e-14 4.005300e+03 1.000000e+00
   4001.201039 3.679700e-14 4.008050e+03 1.000000e+00
   4003.941755 3.477600e-14 4.010800e+03 1.000000e+00
   4006.692474 3.614200e-14 4.013550e+03 1.000000e+00
   4009.433190 3.292600e-14 4.016300e+03 1.000000e+00
   4012.183908 3.900700e-14 4.019050e+03 1.000000e+00
   4014.924624 3.969800e-14 4.021800e+03 1.000000e+00
   4017.675343 3.610900e-14 4.024550e+03 1.000000e+00
   4020.416059 4.057300e-14 4.027300e+03 1.000000e+00
   4023.166778 3.812000e-14 4.030050e+03 1.000000e+00
   4025.907494 3.903800e-14 4.032800e+03 1.000000e+00
   4028.658213 3.509900e-14 4.035550e+03 1.000000e+00
   4031.398930 3.663800e-14 4.038300e+03 1.000000e+00
   4034.139646 3.534600e-14 4.041050e+03 1.000000e+00
   4036.890365 3.660400e-14 4.043800e+03 1.000000e+00
   4039.631082 3.625000e-14 4.046550e+03 1.000000e+00
   4042.381801 3.815500e-14 4.049300e+03 1.000000e+00
   4045.122517 3.705800e-14 4.052050e+03 1.000000e+00
   4047.873237 3.429200e-14 4.054800e+03 1.000000e+00
   4050.613953 3.673200e-14 4.057550e+03 1.000000e+00
   4053.364673 3.482300e-14 4.060300e+03 1.000000e+00
   4056.105390 3.387200e-14 4.063050e+03 1.000000e+00
   4058.846106 3.046300e-14 4.065800e+03 1.000000e+00
   4061.596826 3.706400e-14 4.068550e+03 1.000000e+00
   4064.337543 3.345200e-14 4.071300e+03 1.000000e+00
   4067.088263 3.525600e-14 4.074050e+03 1.000000e+00
   4069.828980 3.796500e-14 4.076800e+03 1.000000e+00
   4072.579699 3.689200e-14 4.079550e+03 1.000000e+00
   4075.320416 3.312100e-14 4.082300e+03 1.000000e+00
   4078.071136 3.434500e-14 4.085050e+03 1.000000e+00
   4080.811853 3.398300e-14 4.087800e+03 1.000000e+00
   4083.562573 3.294000e-14 4.090550e+03 1.000000e+00
   4086.303291 3.671500e-14 4.093300e+03 1.000000e+00
   4089.044008 3.476400e-14 4.096050e+03 1.000000e+00
   4091.794728 3.430800e-14 4.098800e+03 1.000000e+00
   4094.535445 3.097200e-14 4.101550e+03 1.000000e+00
   4097.286166 3.101900e-14 4.104300e+03 1.000000e+00
   4100.026883 2.883400e-14 4.107050e+03 1.000000e+00
   4102.777603 2.915200e-14 4.109800e+03 1.000000e+00
   4105.518321 3.024700e-14 4.112550e+03 1.000000e+00
   4108.269041 3.127500e-14 4.115300e+03 1.000000e+00
   4111.009759 3.430300e-14 4.118050e+03 1.000000e+00
   4113.760479 3.323300e-14 4.120800e+03 1.000000e+00
   4116.501197 3.523300e-14 4.123550e+03 1.000000e+00
   4119.241915 3.391700e-14 4.126300e+03 1.000000e+00
   4121.992636 3.552500e-14 4.129050e+03 1.000000e+00
   4124.733354 3.421200e-14 4.131800e+03 1.000000e+00
   4127.484074 3.369900e-14 4.134550e+03 1.000000e+00
   4130.224792 3.256800e-14 4.137300e+03 1.000000e+00
   4132.975513 3.573000e-14 4.140050e+03 1.000000e+00
   4135.716231 3.643800e-14 4.142800e+03 1.000000e+00
   4138.466952 3.688900e-14 4.145550e+03 1.000000e+00
   4141.207670 3.645000e-14 4.148300e+03 1.000000e+00
   4143.948389 3.283700e-14 4.151050e+03 1.000000e+00
   4146.699110 3.460000e-14 4.153800e+03 1.000000e+00
   4149.439828 3.511100e-14 4.156550e+03 1.000000e+00
   4152.190549 3.346700e-14 4.159300e+03 1.000000e+00
   4154.931267 3.148200e-14 4.162050e+03 1.000000e+00
   4157.681988 3.602000e-14 4.164800e+03 1.000000e+00
   4160.422707 3.870900e-14 4.167550e+03 1.000000e+00
   4163.173428 3.689800e-14 4.170300e+03 1.000000e+00
   4165.914147 3.498300e-14 4.173050e+03 1.000000e+00
   4168.664868 3.717600e-14 4.175800e+03 1.000000e+00
   4171.405587 3.691900e-14 4.178550e+03 1.000000e+00
   4174.146306 3.603000e-14 4.181300e+03 1.000000e+00
   4176.897027 3.446900e-14 4.184050e+03 1.000000e+00
   4179.637746 3.638200e-14 4.186800e+03 1.000000e+00
   4182.388467 3.883200e-14 4.189550e+03 1.000000e+00
   4185.129186 3.775700e-14 4.192300e+03 1.000000e+00
   4187.879908 3.713600e-14 4.195050e+03 1.000000e+00
   4190.620627 3.621200e-14 4.197800e+03 1.000000e+00
   4193.371349 3.360500e-14 4.200550e+03 1.000000e+00
   4196.112068 3.563500e-14 4.203300e+03 1.000000e+00
   4198.862790 3.668400e-14 4.206050e+03 1.000000e+00
   4201.603509 3.483000e-14 4.208800e+03 1.000000e+00
   4204.344228 3.451900e-14 4.211550e+03 1.000000e+00
   4207.094950 3.519000e-14 4.214300e+03 1.000000e+00
   4209.835669 3.589500e-14 4.217050e+03 1.000000e+00
   4212.586391 3.808500e-14 4.219800e+03 1.000000e+00
   4215.327111 3.821700e-14 4.222550e+03 1.000000e+00
   4218.077833 3.648900e-14 4.225300e+03 1.000000e+00
   4220.818552 3.528500e-14 4.228050e+03 1.000000e+00
   4223.569274 3.526400e-14 4.230800e+03 1.000000e+00
   4226.309994 3.642300e-14 4.233550e+03 1.000000e+00
   4229.060716 3.441500e-14 4.236300e+03 1.000000e+00
   4231.801436 3.374000e-14 4.239050e+03 1.000000e+00
   4234.542155 3.600100e-14 4.241800e+03 1.000000e+00
   4237.292878 3.681400e-14 4.244550e+03 1.000000e+00
   4240.033598 3.620400e-14 4.247300e+03 1.000000e+00
   4242.784320 3.603500e-14 4.250050e+03 1.000000e+00
   4245.525040 3.681800e-14 4.252800e+03 1.000000e+00
   4248.275762 3.561800e-14 4.255550e+03 1.000000e+00
   4251.016482 3.417200e-14 4.258300e+03 1.000000e+00
   4253.767205 3.463900e-14 4.261050e+03 1.000000e+00
   4256.507925 3.663100e-14 4.263800e+03 1.000000e+00
   4259.248645 3.491400e-14 4.266550e+03 1.000000e+00
   4261.999368 3.502400e-14 4.269300e+03 1.000000e+00
   4264.740088 3.584200e-14 4.272050e+03 1.000000e+00
   4267.490811 3.421300e-14 4.274800e+03 1.000000e+00
   4270.231531 3.208400e-14 4.277550e+03 1.000000e+00
   4272.982254 3.330600e-14 4.280300e+03 1.000000e+00
   4275.722974 3.572700e-14 4.283050e+03 1.000000e+00
   4278.473697 3.601000e-14 4.285800e+03 1.000000e+00
   4281.214417 3.385400e-14 4.288550e+03 1.000000e+00
   4283.965140 3.380800e-14 4.291300e+03 1.000000e+00
   4286.705861 3.507500e-14 4.294050e+03 1.000000e+00
   4289.446581 3.413200e-14 4.296800e+03 1.000000e+00
   4292.197305 3.355800e-14 4.299550e+03 1.000000e+00
   4294.938025 3.239100e-14 4.302300e+03 1.000000e+00
   4297.688748 3.109800e-14 4.305050e+03 1.000000e+00
   4300.429469 3.034800e-14 4.307800e+03 1.000000e+00
   4303.180192 2.956700e-14 4.310550e+03 1.000000e+00
   4305.920913 2.974000e-14 4.313300e+03 1.000000e+00
   4308.671636 3.211100e-14 4.316050e+03 1.000000e+00
   4311.412357 3.216000e-14 4.318800e+03 1.000000e+00
   4314.163081 3.354600e-14 4.321550e+03 1.000000e+00
   4316.903802 3.638800e-14 4.324300e+03 1.000000e+00
   4319.644523 3.443500e-14 4.327050e+03 1.000000e+00
   4322.395246 3.518300e-14 4.329800e+03 1.000000e+00
   4325.135967 3.413700e-14 4.332550e+03 1.000000e+00
   4327.886691 3.266900e-14 4.335300e+03 1.000000e+00
   4330.627412 3.262800e-14 4.338050e+03 1.000000e+00
   4333.378136 3.217400e-14 4.340800e+03 1.000000e+00
   4336.118857 3.275700e-14 4.343550e+03 1.000000e+00
   4338.869581 3.390400e-14 4.346300e+03 1.000000e+00
   4341.610302 3.390300e-14 4.349050e+03 1.000000e+00
   4344.361026 3.415200e-14 4.351800e+03 1.000000e+00
   4347.101747 3.357300e-14 4.354550e+03 1.000000e+00
   4349.842468 3.232500e-14 4.357300e+03 1.000000e+00
   4352.593192 3.127800e-14 4.360050e+03 1.000000e+00
   4355.333914 3.396200e-14 4.362800e+03 1.000000e+00
   4358.084638 3.537000e-14 4.365550e+03 1.000000e+00
   4360.825359 3.534000e-14 4.368300e+03 1.000000e+00
   4363.576084 3.659400e-14 4.371050e+03 1.000000e+00
   4366.316805 3.561100e-14 4.373800e+03 1.000000e+00
   4369.067529 3.657100e-14 4.376550e+03 1.000000e+00
   4371.808251 3.773900e-14 4.379300e+03 1.000000e+00
   4374.558975 3.510600e-14 4.382050e+03 1.000000e+00
   4377.299697 3.393800e-14 4.384800e+03 1.000000e+00
   4380.040419 3.527200e-14 4.387550e+03 1.000000e+00
   4382.791143 3.368300e-14 4.390300e+03 1.000000e+00
   4385.531865 3.216200e-14 4.393050e+03 1.000000e+00
   4388.282589 3.210800e-14 4.395800e+03 1.000000e+00
   4391.023311 3.306400e-14 4.398550e+03 1.000000e+00
   4393.774036 3.460000e-14 4.401300e+03 1.000000e+00
   4396.514758 3.378300e-14 4.404050e+03 1.000000e+00
   4399.265482 3.577300e-14 4.406800e+03 1.000000e+00
   4402.006204 3.518000e-14 4.409550e+03 1.000000e+00
   4404.746927 3.613600e-14 4.412300e+03 1.000000e+00
   4407.497651 3.414700e-14 4.415050e+03 1.000000e+00
   4410.238373 3.421500e-14 4.417800e+03 1.000000e+00
   4412.989098 3.533400e-14 4.420550e+03 1.000000e+00
   4415.729820 3.537100e-14 4.423300e+03 1.000000e+00
   4418.480545 3.743700e-14 4.426050e+03 1.000000e+00
   4421.221268 3.491800e-14 4.428800e+03 1.000000e+00
   4423.971993 3.540900e-14 4.431550e+03 1.000000e+00
   4426.712715 3.762100e-14 4.434300e+03 1.000000e+00
   4429.463440 3.543300e-14 4.437050e+03 1.000000e+00
   4432.204162 3.637900e-14 4.439800e+03 1.000000e+00
   4434.944885 3.625600e-14 4.442550e+03 1.000000e+00
   4437.695610 3.790100e-14 4.445300e+03 1.000000e+00
   4440.436332 3.685200e-14 4.448050e+03 1.000000e+00
   4443.187058 3.616600e-14 4.450800e+03 1.000000e+00
   4445.927780 3.740900e-14 4.453550e+03 1.000000e+00
   4448.678505 3.699200e-14 4.456300e+03 1.000000e+00
   4451.419228 3.566600e-14 4.459050e+03 1.000000e+00
   4454.169953 3.572100e-14 4.461800e+03 1.000000e+00
   4456.910676 3.567400e-14 4.464550e+03 1.000000e+00
   4459.661402 3.612500e-14 4.467300e+03 1.000000e+00
   4462.402124 3.522100e-14 4.470050e+03 1.000000e+00
   4465.142847 3.726600e-14 4.472800e+03 1.000000e+00
   4467.893573 3.407500e-14 4.475550e+03 1.000000e+00
   4470.634296 3.738900e-14 4.478300e+03 1.000000e+00
   4473.385021 3.785700e-14 4.481050e+03 1.000000e+00
   4476.125744 3.972500e-14 4.483800e+03 1.000000e+00
   4478.876470 3.798000e-14 4.486550e+03 1.000000e+00
   4481.617193 3.756200e-14 4.489300e+03 1.000000e+00
   4484.367919 3.643000e-14 4.492050e+03 1.000000e+00
   4487.108642 3.537100e-14 4.494800e+03 1.000000e+00
   4489.859367 3.695000e-14 4.497550e+03 1.000000e+00
   4492.600091 3.524700e-14 4.500300e+03 1.000000e+00
   4495.340814 3.769100e-14 4.503050e+03 1.000000e+00
   4498.091540 3.947600e-14 4.505800e+03 1.000000e+00
   4500.832263 3.754700e-14 4.508550e+03 1.000000e+00
   4503.582989 3.993800e-14 4.511300e+03 1.000000e+00
   4506.323712 3.751900e-14 4.514050e+03 1.000000e+00
   4509.074438 3.752600e-14 4.516800e+03 1.000000e+00
   4511.815162 3.882400e-14 4.519550e+03 1.000000e+00
   4514.565888 4.024400e-14 4.522300e+03 1.000000e+00
   4517.306611 3.870700e-14 4.525050e+03 1.000000e+00
   4520.047335 3.838800e-14 4.527800e+03 1.000000e+00
   4522.798061 3.644900e-14 4.530550e+03 1.000000e+00
   4525.538784 3.636000e-14 4.533300e+03 1.000000e+00
   4528.289511 3.638800e-14 4.536050e+03 1.000000e+00
   4531.030234 3.454000e-14 4.538800e+03 1.000000e+00
   4533.780961 3.405200e-14 4.541550e+03 1.000000e+00
   4536.521684 3.783400e-14 4.544300e+03 1.000000e+00
   4539.272411 3.745300e-14 4.547050e+03 1.000000e+00
   4542.013134 3.892000e-14 4.549800e+03 1.000000e+00
   4544.763861 3.634200e-14 4.552550e+03 1.000000e+00
   4547.504585 3.646700e-14 4.555300e+03 1.000000e+00
   4550.245308 3.735700e-14 4.558050e+03 1.000000e+00
   4552.996035 3.825900e-14 4.560800e+03 1.000000e+00
   4555.736759 3.435200e-14 4.563550e+03 1.000000e+00
   4558.487486 3.635800e-14 4.566300e+03 1.000000e+00
   4561.228209 3.811500e-14 4.569050e+03 1.000000e+00
   4563.978936 3.718100e-14 4.571800e+03 1.000000e+00
   4566.719660 3.423500e-14 4.574550e+03 1.000000e+00
   4569.470387 3.854900e-14 4.577300e+03 1.000000e+00
   4572.211111 3.667100e-14 4.580050e+03 1.000000e+00
   4574.961838 3.963200e-14 4.582800e+03 1.000000e+00
   4577.702562 3.769100e-14 4.585550e+03 1.000000e+00
   4580.443286 3.831100e-14 4.588300e+03 1.000000e+00
   4583.194013 3.625200e-14 4.591050e+03 1.000000e+00
   4585.934737 3.572000e-14 4.593800e+03 1.000000e+00
   4588.685464 3.666400e-14 4.596550e+03 1.000000e+00
   4591.426189 3.675700e-14 4.599300e+03 1.000000e+00
   4594.176916 3.670600e-14 4.602050e+03 1.000000e+00
   4596.917640 3.681400e-14 4.604800e+03 1.000000e+00
   4599.668367 3.691100e-14 4.607550e+03 1.000000e+00
   4602.409091 3.746100e-14 4.610300e+03 1.000000e+00
   4605.159819 3.859600e-14 4.613050e+03 1.000000e+00
   4607.900543 3.885800e-14 4.615800e+03 1.000000e+00
   4610.641268 3.940600e-14 4.618550e+03 1.000000e+00
   4613.391995 3.807400e-14 4.621300e+03 1.000000e+00
   4616.132719 4.072100e-14 4.624050e+03 1.000000e+00
   4618.883447 3.742100e-14 4.626800e+03 1.000000e+00
   4621.624171 3.764700e-14 4.629550e+03 1.000000e+00
   4624.374899 3.881500e-14 4.632300e+03 1.000000e+00
   4627.115623 3.755200e-14 4.635050e+03 1.000000e+00
   4629.866351 3.773400e-14 4.637800e+03 1.000000e+00
   4632.607076 3.961500e-14 4.640550e+03 1.000000e+00
   4635.347800 4.045500e-14 4.643300e+03 1.000000e+00
   4638.098528 3.854700e-14 4.646050e+03 1.000000e+00
   4640.839253 3.944200e-14 4.648800e+03 1.000000e+00
   4643.589980 3.854200e-14 4.651550e+03 1.000000e+00
   4646.330705 3.632900e-14 4.654300e+03 1.000000e+00
   4649.081433 3.796400e-14 4.657050e+03 1.000000e+00
   4651.822158 3.817000e-14 4.659800e+03 1.000000e+00
   4654.572885 4.037900e-14 4.662550e+03 1.000000e+00
   4657.313610 4.515500e-14 4.665300e+03 1.000000e+00
   4660.064338 4.420000e-14 4.668050e+03 1.000000e+00
   4662.805063 4.004500e-14 4.670800e+03 1.000000e+00
   4665.545788 3.670500e-14 4.673550e+03 1.000000e+00
   4668.296516 3.625000e-14 4.676300e+03 1.000000e+00
   4671.037241 3.770100e-14 4.679050e+03 1.000000e+00
   4673.787969 3.644100e-14 4.681800e+03 1.000000e+00
   4676.528694 3.729100e-14 4.684550e+03 1.000000e+00
   4679.279422 3.725700e-14 4.687300e+03 1.000000e+00
   4682.020148 3.857000e-14 4.690050e+03 1.000000e+00
   4684.770876 3.707600e-14 4.692800e+03 1.000000e+00
   4687.511601 3.831700e-14 4.695550e+03 1.000000e+00
   4690.262329 3.851900e-14 4.698300e+03 1.000000e+00
   4693.003054 3.842200e-14 4.701050e+03 1.000000e+00
   4695.743780 3.666900e-14 4.703800e+03 1.000000e+00
   4698.494508 3.469000e-14 4.706550e+03 1.000000e+00
   4701.235234 3.316300e-14 4.709300e+03 1.000000e+00
   4703.985962 3.157000e-14 4.712050e+03 1.000000e+00
   4706.726687 3.648000e-14 4.714800e+03 1.000000e+00
   4709.477416 3.535100e-14 4.717550e+03 1.000000e+00
   4712.218141 3.651500e-14 4.720300e+03 1.000000e+00
   4714.968869 3.804200e-14 4.723050e+03 1.000000e+00
   4717.709595 3.546400e-14 4.725800e+03 1.000000e+00
   4720.460323 3.857200e-14 4.728550e+03 1.000000e+00
   4723.201049 3.765200e-14 4.731300e+03 1.000000e+00
   4725.941775 3.563100e-14 4.734050e+03 1.000000e+00
   4728.692503 3.729100e-14 4.736800e+03 1.000000e+00
   4731.433229 3.551200e-14 4.739550e+03 1.000000e+00
   4734.183958 3.471700e-14 4.742300e+03 1.000000e+00
   4736.924684 3.617800e-14 4.745050e+03 1.000000e+00
   4739.675412 3.784300e-14 4.747800e+03 1.000000e+00
   4742.416138 3.755200e-14 4.750550e+03 1.000000e+00
   4745.166867 3.631400e-14 4.753300e+03 1.000000e+00
   4747.907593 3.705400e-14 4.756050e+03 1.000000e+00
   4750.648319 3.605000e-14 4.758800e+03 1.000000e+00
   4753.399047 3.642000e-14 4.761550e+03 1.000000e+00
   4756.139773 3.817100e-14 4.764300e+03 1.000000e+00
   4758.890502 3.946200e-14 4.767050e+03 1.000000e+00
   4761.631228 3.533500e-14 4.769800e+03 1.000000e+00
   4764.381957 3.538100e-14 4.772550e+03 1.000000e+00
   4767.122683 3.531600e-14 4.775300e+03 1.000000e+00
   4769.873412 3.477500e-14 4.778050e+03 1.000000e+00
   4772.614138 3.728600e-14 4.780800e+03 1.000000e+00
   4775.364867 3.756000e-14 4.783550e+03 1.000000e+00
   4778.105593 3.660300e-14 4.786300e+03 1.000000e+00
   4780.846320 3.534500e-14 4.789050e+03 1.000000e+00
   4783.597049 3.460200e-14 4.791800e+03 1.000000e+00
   4786.337775 3.661400e-14 4.794550e+03 1.000000e+00
   4789.088504 3.800900e-14 4.797300e+03 1.000000e+00
   4791.829230 3.676500e-14 4.800050e+03 1.000000e+00
   4794.579959 3.773700e-14 4.802800e+03 1.000000e+00
   4797.320686 3.711500e-14 4.805550e+03 1.000000e+00
   4800.071415 3.573800e-14 4.808300e+03 1.000000e+00
   4802.812142 3.738700e-14 4.811050e+03 1.000000e+00
   4805.562871 3.848400e-14 4.813800e+03 1.000000e+00
   4808.303597 3.760500e-14 4.816550e+03 1.000000e+00
   4811.044324 3.848000e-14 4.819300e+03 1.000000e+00
   4813.795053 3.801800e-14 4.822050e+03 1.000000e+00
   4816.535780 3.741400e-14 4.824800e+03 1.000000e+00
   4819.286509 3.767500e-14 4.827550e+03 1.000000e+00
   4822.027236 3.822700e-14 4.830300e+03 1.000000e+00
   4824.777965 3.629900e-14 4.833050e+03 1.000000e+00
   4827.518692 3.653200e-14 4.835800e+03 1.000000e+00
   4830.269421 3.914800e-14 4.838550e+03 1.000000e+00
   4833.010148 3.684400e-14 4.841300e+03 1.000000e+00
   4835.760878 3.623200e-14 4.844050e+03 1.000000e+00
   4838.501605 3.869900e-14 4.846800e+03 1.000000e+00
   4841.242331 3.536800e-14 4.849550e+03 1.000000e+00
   4843.993061 3.619800e-14 4.852300e+03 1.000000e+00
   4846.733788 3.548300e-14 4.855050e+03 1.000000e+00
   4849.484518 3.532900e-14 4.857800e+03 1.000000e+00
   4852.225245 3.504400e-14 4.860550e+03 1.000000e+00
   4854.975974 3.389600e-14 4.863300e+03 1.000000e+00
   4857.716701 3.737100e-14 4.866050e+03 1.000000e+00
   4860.467431 4.537000e-14 4.868800e+03 1.000000e+00
   4863.208158 4.439600e-14 4.871550e+03 1.000000e+00
   4865.948885 4.242500e-14 4.874300e+03 1.000000e+00
   4868.699615 3.590200e-14 4.877050e+03 1.000000e+00
   4871.440342 3.361600e-14 4.879800e+03 1.000000e+00
   4874.191072 3.402900e-14 4.882550e+03 1.000000e+00
   4876.931799 3.365400e-14 4.885300e+03 1.000000e+00
   4879.682529 3.630600e-14 4.888050e+03 1.000000e+00
   4882.423256 3.576900e-14 4.890800e+03 1.000000e+00
   4885.173986 3.554300e-14 4.893550e+03 1.000000e+00
   4887.914713 3.481100e-14 4.896300e+03 1.000000e+00
   4890.665443 3.453700e-14 4.899050e+03 1.000000e+00
   4893.406171 3.541200e-14 4.901800e+03 1.000000e+00
   4896.146898 3.723300e-14 4.904550e+03 1.000000e+00
   4898.897628 3.672100e-14 4.907300e+03 1.000000e+00
   4901.638356 3.563600e-14 4.910050e+03 1.000000e+00
   4904.389086 3.667200e-14 4.912800e+03 1.000000e+00
   4907.129813 3.775100e-14 4.915550e+03 1.000000e+00
   4909.880543 3.622100e-14 4.918300e+03 1.000000e+00
   4912.621271 3.705100e-14 4.921050e+03 1.000000e+00
   4915.372001 3.494000e-14 4.923800e+03 1.000000e+00
   4918.112729 3.408200e-14 4.926550e+03 1.000000e+00
   4920.863459 3.498700e-14 4.929300e+03 1.000000e+00
   4923.604187 3.296000e-14 4.932050e+03 1.000000e+00
   4926.344914 3.436200e-14 4.934800e+03 1.000000e+00
   4929.095645 3.496400e-14 4.937550e+03 1.000000e+00
   4931.836372 3.668200e-14 4.940300e+03 1.000000e+00
   4934.587103 3.623100e-14 4.943050e+03 1.000000e+00
   4937.327830 3.385800e-14 4.945800e+03 1.000000e+00
   4940.078561 3.713700e-14 4.948550e+03 1.000000e+00
   4942.819289 3.717900e-14 4.951300e+03 1.000000e+00
   4945.570019 3.553900e-14 4.954050e+03 1.000000e+00
   4948.310747 3.510100e-14 4.956800e+03 1.000000e+00
   4951.061477 3.704000e-14 4.959550e+03 1.000000e+00
   4953.802205 3.657700e-14 4.962300e+03 1.000000e+00
   4956.542933 3.614200e-14 4.965050e+03 1.000000e+00
   4959.293664 3.809700e-14 4.967800e+03 1.000000e+00
   4962.034392 3.750200e-14 4.970550e+03 1.000000e+00
   4964.785122 3.849700e-14 4.973300e+03 1.000000e+00
   4967.525850 3.641500e-14 4.976050e+03 1.000000e+00
   4970.276581 3.676500e-14 4.978800e+03 1.000000e+00
   4973.017309 3.697100e-14 4.981550e+03 1.000000e+00
   4975.768040 3.591800e-14 4.984300e+03 1.000000e+00
   4978.508768 3.612300e-14 4.987050e+03 1.000000e+00
   4981.249496 3.539100e-14 4.989800e+03 1.000000e+00
   4984.000227 3.385300e-14 4.992550e+03 1.000000e+00
   4986.740955 3.511600e-14 4.995300e+03 1.000000e+00
   4989.491686 3.538000e-14 4.998050e+03 1.000000e+00
   4992.232414 3.611300e-14 5.000800e+03 1.000000e+00
   4994.983145 3.571000e-14 5.003550e+03 1.000000e+00
   4997.723873 3.507200e-14 5.006300e+03 1.000000e+00
   5000.474604 3.462600e-14 5.009050e+03 1.000000e+00
   5003.215332 3.566900e-14 5.011800e+03 1.000000e+00
   5005.966063 3.799300e-14 5.014550e+03 1.000000e+00
   5008.706792 4.094700e-14 5.017300e+03 1.000000e+00
   5011.447520 3.713300e-14 5.020050e+03 1.000000e+00
   5014.198251 3.390500e-14 5.022800e+03 1.000000e+00
   5016.938980 3.301500e-14 5.025550e+03 1.000000e+00
   5019.689711 3.347200e-14 5.028300e+03 1.000000e+00
   5022.430439 3.341700e-14 5.031050e+03 1.000000e+00
   5025.181170 3.351800e-14 5.033800e+03 1.000000e+00
   5027.921899 3.618700e-14 5.036550e+03 1.000000e+00
   5030.672630 3.289600e-14 5.039300e+03 1.000000e+00
   5033.413359 3.207000e-14 5.042050e+03 1.000000e+00
   5036.164090 3.490600e-14 5.044800e+03 1.000000e+00
   5038.904818 3.476000e-14 5.047550e+03 1.000000e+00
   5041.645547 3.587500e-14 5.050300e+03 1.000000e+00
   5044.396278 3.438900e-14 5.053050e+03 1.000000e+00
   5047.137007 3.452300e-14 5.055800e+03 1.000000e+00
   5049.887738 3.407400e-14 5.058550e+03 1.000000e+00
   5052.628467 3.555400e-14 5.061300e+03 1.000000e+00
   5055.379198 3.422000e-14 5.064050e+03 1.000000e+00
   5058.119927 3.546600e-14 5.066800e+03 1.000000e+00
   5060.870659 3.617500e-14 5.069550e+03 1.000000e+00
   5063.611387 3.640800e-14 5.072300e+03 1.000000e+00
   5066.362119 3.467200e-14 5.075050e+03 1.000000e+00
   5069.102848 3.585900e-14 5.077800e+03 1.000000e+00
   5071.843577 3.379300e-14 5.080550e+03 1.000000e+00
   5074.594308 3.389100e-14 5.083300e+03 1.000000e+00
   5077.335037 3.335300e-14 5.086050e+03 1.000000e+00
   5080.085769 3.502600e-14 5.088800e+03 1.000000e+00
   5082.826497 3.373700e-14 5.091550e+03 1.000000e+00
   5085.577229 3.265000e-14 5.094300e+03 1.000000e+00
   5088.317958 3.460800e-14 5.097050e+03 1.000000e+00
   5091.068690 3.484000e-14 5.099800e+03 1.000000e+00
   5093.809419 3.554100e-14 5.102550e+03 1.000000e+00
   5096.560151 3.386100e-14 5.105300e+03 1.000000e+00
   5099.300880 3.521300e-14 5.108050e+03 1.000000e+00
   5102.041609 3.403500e-14 5.110800e+03 1.000000e+00
   5104.792340 3.436500e-14 5.113550e+03 1.000000e+00
   5107.533070 3.470700e-14 5.116300e+03 1.000000e+00
   5110.283801 3.410000e-14 5.119050e+03 1.000000e+00
   5113.024531 3.378400e-14 5.121800e+03 1.000000e+00
   5115.775262 3.491100e-14 5.124550e+03 1.000000e+00
   5118.515992 3.607100e-14 5.127300e+03 1.000000e+00
   5121.266724 3.446300e-14 5.130050e+03 1.000000e+00
   5124.007453 3.348200e-14 5.132800e+03 1.000000e+00
   5126.748182 3.342900e-14 5.135550e+03 1.000000e+00
   5129.498914 3.302600e-14 5.138300e+03 1.000000e+00
   5132.239643 3.322200e-14 5.141050e+03 1.000000e+00
   5134.990375 3.340400e-14 5.143800e+03 1.000000e+00
   5137.731105 3.152400e-14 5.146550e+03 1.000000e+00
   5140.481837 3.254800e-14 5.149300e+03 1.000000e+00
   5143.222566 3.384300e-14 5.152050e+03 1.000000e+00
   5145.973298 3.280300e-14 5.154800e+03 1.000000e+00
   5148.714028 3.311100e-14 5.157550e+03 1.000000e+00
   5151.464760 3.423200e-14 5.160300e+03 1.000000e+00
   5154.205490 3.550400e-14 5.163050e+03 1.000000e+00
   5156.946219 3.453300e-14 5.165800e+03 1.000000e+00
   5159.696951 3.393300e-14 5.168550e+03 1.000000e+00
   5162.437681 3.382600e-14 5.171300e+03 1.000000e+00
   5165.188413 3.296100e-14 5.174050e+03 1.000000e+00
   5167.929143 3.045200e-14 5.176800e+03 1.000000e+00
   5170.679875 2.920100e-14 5.179550e+03 1.000000e+00
   5173.420605 2.934500e-14 5.182300e+03 1.000000e+00
   5176.171337 2.998400e-14 5.185050e+03 1.000000e+00
   5178.912067 3.140300e-14 5.187800e+03 1.000000e+00
   5181.662799 3.166600e-14 5.190550e+03 1.000000e+00
   5184.403529 3.249200e-14 5.193300e+03 1.000000e+00
   5187.144258 3.330400e-14 5.196050e+03 1.000000e+00
   5189.894991 3.296900e-14 5.198800e+03 1.000000e+00
   5192.635721 3.353900e-14 5.201550e+03 1.000000e+00
   5195.386453 3.203500e-14 5.204300e+03 1.000000e+00
   5198.127183 3.214100e-14 5.207050e+03 1.000000e+00
   5200.877915 3.424600e-14 5.209800e+03 1.000000e+00
   5203.618645 3.262300e-14 5.212550e+03 1.000000e+00
   5206.369378 3.289500e-14 5.215300e+03 1.000000e+00
   5209.110108 3.235100e-14 5.218050e+03 1.000000e+00
   5211.860840 3.466400e-14 5.220800e+03 1.000000e+00
   5214.601570 3.450400e-14 5.223550e+03 1.000000e+00
   5217.342300 3.349800e-14 5.226300e+03 1.000000e+00
   5220.093033 3.619400e-14 5.229050e+03 1.000000e+00
   5222.833763 3.500400e-14 5.231800e+03 1.000000e+00
   5225.584495 3.390900e-14 5.234550e+03 1.000000e+00
   5228.325226 3.350600e-14 5.237300e+03 1.000000e+00
   5231.075958 3.371200e-14 5.240050e+03 1.000000e+00
   5233.816688 3.308000e-14 5.242800e+03 1.000000e+00
   5236.567421 3.165100e-14 5.245550e+03 1.000000e+00
   5239.308151 3.496400e-14 5.248300e+03 1.000000e+00
   5242.048881 3.366400e-14 5.251050e+03 1.000000e+00
   5244.799614 3.396600e-14 5.253800e+03 1.000000e+00
   5247.540344 3.336800e-14 5.256550e+03 1.000000e+00
   5250.291077 3.487200e-14 5.259300e+03 1.000000e+00
   5253.031807 3.315800e-14 5.262050e+03 1.000000e+00
   5255.782540 3.317800e-14 5.264800e+03 1.000000e+00
   5258.523271 3.127700e-14 5.267550e+03 1.000000e+00
   5261.274003 3.407700e-14 5.270300e+03 1.000000e+00
   5264.014734 3.302100e-14 5.273050e+03 1.000000e+00
   5266.765467 3.178800e-14 5.275800e+03 1.000000e+00
   5269.506197 3.155200e-14 5.278550e+03 1.000000e+00
   5272.246927 3.251800e-14 5.281300e+03 1.000000e+00
   5274.997660 3.255400e-14 5.284050e+03 1.000000e+00
   5277.738391 3.348700e-14 5.286800e+03 1.000000e+00
   5280.489124 3.398700e-14 5.289550e+03 1.000000e+00
   5283.229854 3.411100e-14 5.292300e+03 1.000000e+00
   5285.980587 3.521900e-14 5.295050e+03 1.000000e+00
   5288.721318 3.492600e-14 5.297800e+03 1.000000e+00
   5291.472051 3.548500e-14 5.300550e+03 1.000000e+00
   5294.212782 3.427500e-14 5.303300e+03 1.000000e+00
   5296.963515 3.495900e-14 5.306050e+03 1.000000e+00
   5299.704245 3.355100e-14 5.308800e+03 1.000000e+00
   5302.444976 3.453700e-14 5.311550e+03 1.000000e+00
   5305.195709 3.530200e-14 5.314300e+03 1.000000e+00
   5307.936440 3.648200e-14 5.317050e+03 1.000000e+00
   5310.687173 3.669500e-14 5.319800e+03 1.000000e+00
   5313.427904 3.584600e-14 5.322550e+03 1.000000e+00
   5316.178637 3.390200e-14 5.325300e+03 1.000000e+00
   5318.919368 3.366300e-14 5.328050e+03 1.000000e+00
   5321.670101 3.447600e-14 5.330800e+03 1.000000e+00
   5324.410832 3.481300e-14 5.333550e+03 1.000000e+00
   5327.161565 3.323600e-14 5.336300e+03 1.000000e+00
   5329.902296 3.422000e-14 5.339050e+03 1.000000e+00
   5332.643027 3.522200e-14 5.341800e+03 1.000000e+00
   5335.393760 3.170700e-14 5.344550e+03 1.000000e+00
   5338.134491 3.512000e-14 5.347300e+03 1.000000e+00
   5340.885224 3.466100e-14 5.350050e+03 1.000000e+00
   5343.625955 3.559400e-14 5.352800e+03 1.000000e+00
   5346.376689 3.382500e-14 5.355550e+03 1.000000e+00
   5349.117419 3.587700e-14 5.358300e+03 1.000000e+00
   5351.868153 3.717600e-14 5.361050e+03 1.000000e+00
   5354.608884 3.417200e-14 5.363800e+03 1.000000e+00
   5357.349615 3.637200e-14 5.366550e+03 1.000000e+00
   5360.100348 3.701600e-14 5.369300e+03 1.000000e+00
   5362.841079 3.469100e-14 5.372050e+03 1.000000e+00
   5365.591813 3.551300e-14 5.374800e+03 1.000000e+00
   5368.332544 3.479400e-14 5.377550e+03 1.000000e+00
   5371.083278 3.445000e-14 5.380300e+03 1.000000e+00
   5373.824009 3.143300e-14 5.383050e+03 1.000000e+00
   5376.574743 3.331600e-14 5.385800e+03 1.000000e+00
   5379.315474 3.633400e-14 5.388550e+03 1.000000e+00
   5382.066207 3.577700e-14 5.391300e+03 1.000000e+00
   5384.806938 3.402800e-14 5.394050e+03 1.000000e+00
   5387.547670 3.538200e-14 5.396800e+03 1.000000e+00
   5390.298403 3.327900e-14 5.399550e+03 1.000000e+00
   5393.039135 3.416600e-14 5.402300e+03 1.000000e+00
   5395.789868 3.167300e-14 5.405050e+03 1.000000e+00
   5398.530600 3.365300e-14 5.407800e+03 1.000000e+00
   5401.281333 3.315700e-14 5.410550e+03 1.000000e+00
   5404.022065 3.429900e-14 5.413300e+03 1.000000e+00
   5406.772799 3.262300e-14 5.416050e+03 1.000000e+00
   5409.513530 3.195000e-14 5.418800e+03 1.000000e+00
   5412.264264 3.405900e-14 5.421550e+03 1.000000e+00
   5415.004995 3.221300e-14 5.424300e+03 1.000000e+00
   5417.745726 3.525100e-14 5.427050e+03 1.000000e+00
   5420.496460 3.474500e-14 5.429800e+03 1.000000e+00
   5423.237192 3.322100e-14 5.432550e+03 1.000000e+00
   5425.987926 3.437400e-14 5.435300e+03 1.000000e+00
   5428.728657 3.478200e-14 5.438050e+03 1.000000e+00
   5431.479391 3.316300e-14 5.440800e+03 1.000000e+00
   5434.220123 3.296800e-14 5.443550e+03 1.000000e+00
   5436.970857 3.369100e-14 5.446300e+03 1.000000e+00
   5439.711588 3.482900e-14 5.449050e+03 1.000000e+00
   5442.462322 3.307900e-14 5.451800e+03 1.000000e+00
   5445.203054 3.476100e-14 5.454550e+03 1.000000e+00
   5447.943785 3.543800e-14 5.457300e+03 1.000000e+00
   5450.694520 3.528900e-14 5.460050e+03 1.000000e+00
   5453.435251 3.447700e-14 5.462800e+03 1.000000e+00
   5456.185985 3.369800e-14 5.465550e+03 1.000000e+00
   5458.926717 3.252300e-14 5.468300e+03 1.000000e+00
   5461.677451 3.402500e-14 5.471050e+03 1.000000e+00
   5464.418183 3.172900e-14 5.473800e+03 1.000000e+00
   5467.168917 3.399000e-14 5.476550e+03 1.000000e+00
   5469.909649 3.418900e-14 5.479300e+03 1.000000e+00
   5472.650380 3.450400e-14 5.482050e+03 1.000000e+00
   5475.401115 3.285200e-14 5.484800e+03 1.000000e+00
   5478.141846 3.242800e-14 5.487550e+03 1.000000e+00
   5480.892581 3.178300e-14 5.490300e+03 1.000000e+00
   5483.633313 3.442600e-14 5.493050e+03 1.000000e+00
   5486.384047 3.380000e-14 5.495800e+03 1.000000e+00
   5489.124779 3.358300e-14 5.498550e+03 1.000000e+00
   5491.875513 3.345700e-14 5.501300e+03 1.000000e+00
   5494.616245 3.387500e-14 5.504050e+03 1.000000e+00
   5497.366979 3.423800e-14 5.506800e+03 1.000000e+00
   5500.107711 3.427500e-14 5.509550e+03 1.000000e+00
   5502.848443 3.312900e-14 5.512300e+03 1.000000e+00
   5505.599178 3.414400e-14 5.515050e+03 1.000000e+00
   5508.339909 3.321200e-14 5.517800e+03 1.000000e+00
   5511.090644 3.263400e-14 5.520550e+03 1.000000e+00
   5513.831376 3.359300e-14 5.523300e+03 1.000000e+00
   5516.582111 3.248400e-14 5.526050e+03 1.000000e+00
   5519.322842 3.269800e-14 5.528800e+03 1.000000e+00
   5522.073577 3.273900e-14 5.531550e+03 1.000000e+00
   5524.814309 3.291800e-14 5.534300e+03 1.000000e+00
   5527.565044 3.367300e-14 5.537050e+03 1.000000e+00
   5530.305776 3.302000e-14 5.539800e+03 1.000000e+00
   5533.046508 3.455900e-14 5.542550e+03 1.000000e+00
   5535.797242 3.498100e-14 5.545300e+03 1.000000e+00
   5538.537975 3.438000e-14 5.548050e+03 1.000000e+00
   5541.288709 3.467500e-14 5.550800e+03 1.000000e+00
   5544.029441 3.523600e-14 5.553550e+03 1.000000e+00
   5546.780176 3.638400e-14 5.556300e+03 1.000000e+00
   5549.520908 3.656600e-14 5.559050e+03 1.000000e+00
   5552.271643 3.555600e-14 5.561800e+03 1.000000e+00
   5555.012375 3.613500e-14 5.564550e+03 1.000000e+00
   5557.763110 3.333400e-14 5.567300e+03 1.000000e+00
   5560.503842 3.427900e-14 5.570050e+03 1.000000e+00
   5563.244574 3.562000e-14 5.572800e+03 1.000000e+00
   5565.995309 3.314700e-14 5.575550e+03 1.000000e+00
   5568.736042 3.278500e-14 5.578300e+03 1.000000e+00
   5571.486776 3.267200e-14 5.581050e+03 1.000000e+00
   5574.227509 3.342600e-14 5.583800e+03 1.000000e+00
   5576.978244 3.384700e-14 5.586550e+03 1.000000e+00
   5579.718976 3.442000e-14 5.589300e+03 1.000000e+00
   5582.469711 3.253300e-14 5.592050e+03 1.000000e+00
   5585.210443 3.437600e-14 5.594800e+03 1.000000e+00
   5587.951176 3.244200e-14 5.597550e+03 1.000000e+00
   5590.701911 3.231200e-14 5.600300e+03 1.000000e+00
   5593.442643 3.216400e-14 5.603050e+03 1.000000e+00
   5596.193378 3.372300e-14 5.605800e+03 1.000000e+00
   5598.934110 3.306100e-14 5.608550e+03 1.000000e+00
   5601.684846 3.285400e-14 5.611300e+03 1.000000e+00
   5604.425578 3.081600e-14 5.614050e+03 1.000000e+00
   5607.176313 3.168200e-14 5.616800e+03 1.000000e+00
   5609.917046 3.444200e-14 5.619550e+03 1.000000e+00
   5612.667781 3.467800e-14 5.622300e+03 1.000000e+00
   5615.408513 3.413100e-14 5.625050e+03 1.000000e+00
   5618.149246 3.283500e-14 5.627800e+03 1.000000e+00
   5620.899981 3.375100e-14 5.630550e+03 1.000000e+00
   5623.640713 3.372800e-14 5.633300e+03 1.000000e+00
   5626.391449 3.395300e-14 5.636050e+03 1.000000e+00
   5629.132181 3.343500e-14 5.638800e+03 1.000000e+00
   5631.882917 3.402700e-14 5.641550e+03 1.000000e+00
   5634.623649 3.488100e-14 5.644300e+03 1.000000e+00
   5637.374384 3.457100e-14 5.647050e+03 1.000000e+00
   5640.115117 3.425000e-14 5.649800e+03 1.000000e+00
   5642.865852 3.431400e-14 5.652550e+03 1.000000e+00
   5645.606585 3.305300e-14 5.655300e+03 1.000000e+00
   5648.347318 3.345000e-14 5.658050e+03 1.000000e+00
   5651.098053 3.542300e-14 5.660800e+03 1.000000e+00
   5653.838786 3.483000e-14 5.663550e+03 1.000000e+00
   5656.589521 3.458600e-14 5.666300e+03 1.000000e+00
   5659.330254 3.271400e-14 5.669050e+03 1.000000e+00
   5662.080989 3.416400e-14 5.671800e+03 1.000000e+00
   5664.821722 3.384000e-14 5.674550e+03 1.000000e+00
   5667.572458 3.436500e-14 5.677300e+03 1.000000e+00
   5670.313190 3.317800e-14 5.680050e+03 1.000000e+00
   5673.063926 3.307600e-14 5.682800e+03 1.000000e+00
   5675.804659 3.246200e-14 5.685550e+03 1.000000e+00
   5678.545392 3.267700e-14 5.688300e+03 1.000000e+00
   5681.296127 3.319500e-14 5.691050e+03 1.000000e+00
   5684.036860 3.284400e-14 5.693800e+03 1.000000e+00
   5686.787596 3.290700e-14 5.696550e+03 1.000000e+00
   5689.528328 3.155000e-14 5.699300e+03 1.000000e+00
   5692.279064 3.294500e-14 5.702050e+03 1.000000e+00
   5695.019797 3.433600e-14 5.704800e+03 1.000000e+00
   5697.770533 3.462900e-14 5.707550e+03 1.000000e+00
   5700.511266 3.425400e-14 5.710300e+03 1.000000e+00
   5703.251999 3.370500e-14 5.713050e+03 1.000000e+00
   5706.002734 3.285800e-14 5.715800e+03 1.000000e+00
   5708.743467 3.233300e-14 5.718550e+03 1.000000e+00
   5711.494203 3.287600e-14 5.721300e+03 1.000000e+00
   5714.234936 3.259200e-14 5.724050e+03 1.000000e+00
   5716.985672 3.281600e-14 5.726800e+03 1.000000e+00
   5719.726405 3.577100e-14 5.729550e+03 1.000000e+00
   5722.477140 3.509900e-14 5.732300e+03 1.000000e+00
   5725.217874 3.476000e-14 5.735050e+03 1.000000e+00
   5727.968609 3.258900e-14 5.737800e+03 1.000000e+00
   5730.709342 3.311700e-14 5.740550e+03 1.000000e+00
   5733.450076 3.443000e-14 5.743300e+03 1.000000e+00
   5736.200811 3.367000e-14 5.746050e+03 1.000000e+00
   5738.941545 3.291700e-14 5.748800e+03 1.000000e+00
   5741.692280 3.376700e-14 5.751550e+03 1.000000e+00
   5744.433014 3.487700e-14 5.754300e+03 1.000000e+00
   5747.183750 3.438500e-14 5.757050e+03 1.000000e+00
   5749.924483 3.289400e-14 5.759800e+03 1.000000e+00
   5752.675219 3.380000e-14 5.762550e+03 1.000000e+00
   5755.415952 3.455700e-14 5.765300e+03 1.000000e+00
   5758.166688 3.150500e-14 5.768050e+03 1.000000e+00
   5760.907421 3.322900e-14 5.770800e+03 1.000000e+00
   5763.648154 3.294900e-14 5.773550e+03 1.000000e+00
   5766.398890 3.306900e-14 5.776300e+03 1.000000e+00
   5769.139624 3.305200e-14 5.779050e+03 1.000000e+00
   5771.890360 3.502600e-14 5.781800e+03 1.000000e+00
   5774.631093 3.616700e-14 5.784550e+03 1.000000e+00
   5777.381829 3.285200e-14 5.787300e+03 1.000000e+00
   5780.122563 3.188700e-14 5.790050e+03 1.000000e+00
   5782.873299 3.130500e-14 5.792800e+03 1.000000e+00
   5785.614032 3.142600e-14 5.795550e+03 1.000000e+00
   5788.364768 3.249900e-14 5.798300e+03 1.000000e+00
   5791.105502 3.416400e-14 5.801050e+03 1.000000e+00
   5793.846235 3.348100e-14 5.803800e+03 1.000000e+00
   5796.596971 3.394300e-14 5.806550e+03 1.000000e+00
   5799.337705 3.523400e-14 5.809300e+03 1.000000e+00
   5802.088441 3.295800e-14 5.812050e+03 1.000000e+00
   5804.829174 3.367900e-14 5.814800e+03 1.000000e+00
   5807.579910 3.423700e-14 5.817550e+03 1.000000e+00
   5810.320644 3.534700e-14 5.820300e+03 1.000000e+00
   5813.071380 3.496000e-14 5.823050e+03 1.000000e+00
   5815.812114 3.412000e-14 5.825800e+03 1.000000e+00
   5818.552847 3.584300e-14 5.828550e+03 1.000000e+00
   5821.303584 3.561600e-14 5.831300e+03 1.000000e+00
   5824.044317 3.530100e-14 5.834050e+03 1.000000e+00
   5826.795053 3.528200e-14 5.836800e+03 1.000000e+00
   5829.535787 3.547700e-14 5.839550e+03 1.000000e+00
   5832.286523 3.507200e-14 5.842300e+03 1.000000e+00
   5835.027257 3.414100e-14 5.845050e+03 1.000000e+00
   5837.777993 3.569000e-14 5.847800e+03 1.000000e+00
   5840.518727 3.649100e-14 5.850550e+03 1.000000e+00
   5843.269463 3.442000e-14 5.853300e+03 1.000000e+00
   5846.010197 3.593300e-14 5.856050e+03 1.000000e+00
   5848.750931 3.282500e-14 5.858800e+03 1.000000e+00
   5851.501667 3.156000e-14 5.861550e+03 1.000000e+00
   5854.242401 3.041700e-14 5.864300e+03 1.000000e+00
   5856.993138 3.410000e-14 5.867050e+03 1.000000e+00
   5859.733871 3.232400e-14 5.869800e+03 1.000000e+00
   5862.484608 3.430900e-14 5.872550e+03 1.000000e+00
   5865.225342 3.461700e-14 5.875300e+03 1.000000e+00
   5867.976078 3.475400e-14 5.878050e+03 1.000000e+00
   5870.716812 3.514000e-14 5.880800e+03 1.000000e+00
   5873.467548 3.353100e-14 5.883550e+03 1.000000e+00
   5876.208282 3.200600e-14 5.886300e+03 1.000000e+00
   5878.949016 3.465300e-14 5.889050e+03 1.000000e+00
   5881.699753 3.019500e-14 5.891800e+03 1.000000e+00
   5884.440487 3.251100e-14 5.894550e+03 1.000000e+00
   5887.191223 2.926400e-14 5.897300e+03 1.000000e+00
   5889.931957 2.672300e-14 5.900050e+03 1.000000e+00
   5892.682694 2.873600e-14 5.902800e+03 1.000000e+00
   5895.423428 3.041100e-14 5.905550e+03 1.000000e+00
   5898.174164 2.941900e-14 5.908300e+03 1.000000e+00
   5900.914898 3.160900e-14 5.911050e+03 1.000000e+00
   5903.665635 3.169200e-14 5.913800e+03 1.000000e+00
   5906.406369 3.358800e-14 5.916550e+03 1.000000e+00
   5909.147103 3.235700e-14 5.919300e+03 1.000000e+00
   5911.897840 3.109100e-14 5.922050e+03 1.000000e+00
   5914.638574 3.247200e-14 5.924800e+03 1.000000e+00
   5917.389310 3.214200e-14 5.927550e+03 1.000000e+00
   5920.130044 3.056500e-14 5.930300e+03 1.000000e+00
   5922.880781 3.202600e-14 5.933050e+03 1.000000e+00
   5925.621515 3.226600e-14 5.935800e+03 1.000000e+00
   5928.372252 3.113100e-14 5.938550e+03 1.000000e+00
   5931.112986 3.310800e-14 5.941300e+03 1.000000e+00
   5933.863723 3.786300e-14 5.944050e+03 1.000000e+00
   5936.604457 4.245400e-14 5.946800e+03 1.000000e+00
   5939.345191 4.214100e-14 5.949550e+03 1.000000e+00
   5942.095928 3.527900e-14 5.952300e+03 1.000000e+00
   5944.836662 3.341100e-14 5.955050e+03 1.000000e+00
   5947.587399 3.145400e-14 5.957800e+03 1.000000e+00
   5950.328133 3.255400e-14 5.960550e+03 1.000000e+00
   5953.078870 3.088800e-14 5.963300e+03 1.000000e+00
   5955.819605 3.272300e-14 5.966050e+03 1.000000e+00
   5958.570342 3.276200e-14 5.968800e+03 1.000000e+00
   5961.311076 3.090600e-14 5.971550e+03 1.000000e+00
   5964.051810 3.275100e-14 5.974300e+03 1.000000e+00
   5966.802547 2.990500e-14 5.977050e+03 1.000000e+00
   5969.543281 3.284700e-14 5.979800e+03 1.000000e+00
   5972.294018 3.279000e-14 5.982550e+03 1.000000e+00
   5975.034753 3.319700e-14 5.985300e+03 1.000000e+00
   5977.785490 3.191600e-14 5.988050e+03 1.000000e+00
   5980.526224 3.337200e-14 5.990800e+03 1.000000e+00
   5983.276961 3.168100e-14 5.993550e+03 1.000000e+00
   5986.017695 3.327200e-14 5.996300e+03 1.000000e+00
   5988.768432 3.251600e-14 5.999050e+03 1.000000e+00
   5991.509167 3.399000e-14 6.001800e+03 1.000000e+00
   5994.249901 3.469600e-14 6.004550e+03 1.000000e+00
   5997.000638 3.345300e-14 6.007300e+03 1.000000e+00
   5999.741373 3.246200e-14 6.010050e+03 1.000000e+00
   6002.492110 3.316000e-14 6.012800e+03 1.000000e+00
   6005.232844 3.222300e-14 6.015550e+03 1.000000e+00
   6007.983582 3.167600e-14 6.018300e+03 1.000000e+00
   6010.724316 3.258800e-14 6.021050e+03 1.000000e+00
   6013.475053 3.034700e-14 6.023800e+03 1.000000e+00
   6016.215788 2.932400e-14 6.026550e+03 1.000000e+00
   6018.966525 3.264000e-14 6.029300e+03 1.000000e+00
   6021.707259 3.216900e-14 6.032050e+03 1.000000e+00
   6024.447994 3.288200e-14 6.034800e+03 1.000000e+00
   6027.198731 3.288800e-14 6.037550e+03 1.000000e+00
   6029.939466 3.224800e-14 6.040300e+03 1.000000e+00
   6032.690203 3.175100e-14 6.043050e+03 1.000000e+00
   6035.430938 3.326500e-14 6.045800e+03 1.000000e+00
   6038.181675 3.353600e-14 6.048550e+03 1.000000e+00
   6040.922409 3.317000e-14 6.051300e+03 1.000000e+00
   6043.673147 3.202000e-14 6.054050e+03 1.000000e+00
   6046.413881 3.302700e-14 6.056800e+03 1.000000e+00
   6049.164619 3.299700e-14 6.059550e+03 1.000000e+00
   6051.905353 3.278300e-14 6.062300e+03 1.000000e+00
   6054.646088 3.146600e-14 6.065050e+03 1.000000e+00
   6057.396825 3.252300e-14 6.067800e+03 1.000000e+00
   6060.137560 3.249500e-14 6.070550e+03 1.000000e+00
   6062.888298 3.305200e-14 6.073300e+03 1.000000e+00
   6065.629032 3.204500e-14 6.076050e+03 1.000000e+00
   6068.379770 3.115500e-14 6.078800e+03 1.000000e+00
   6071.120504 3.248900e-14 6.081550e+03 1.000000e+00
   6073.871242 3.214100e-14 6.084300e+03 1.000000e+00
   6076.611977 3.359200e-14 6.087050e+03 1.000000e+00
   6079.352711 3.245700e-14 6.089800e+03 1.000000e+00
   6082.103449 3.082600e-14 6.092550e+03 1.000000e+00
   6084.844184 3.189500e-14 6.095300e+03 1.000000e+00
   6087.594921 3.229500e-14 6.098050e+03 1.000000e+00
   6090.335656 3.191000e-14 6.100800e+03 1.000000e+00
   6093.086394 3.055700e-14 6.103550e+03 1.000000e+00
   6095.827128 3.121800e-14 6.106300e+03 1.000000e+00
   6098.577866 3.191200e-14 6.109050e+03 1.000000e+00
   6101.318601 3.124600e-14 6.111800e+03 1.000000e+00
   6104.069338 3.149600e-14 6.114550e+03 1.000000e+00
   6106.810073 3.280500e-14 6.117300e+03 1.000000e+00
   6109.550808 3.262400e-14 6.120050e+03 1.000000e+00
   6112.301546 3.212900e-14 6.122800e+03 1.000000e+00
   6115.042281 3.185800e-14 6.125550e+03 1.000000e+00
   6117.793018 3.251000e-14 6.128300e+03 1.000000e+00
   6120.533753 3.200100e-14 6.131050e+03 1.000000e+00
   6123.284491 3.129600e-14 6.133800e+03 1.000000e+00
   6126.025226 3.254200e-14 6.136550e+03 1.000000e+00
   6128.775964 3.284700e-14 6.139300e+03 1.000000e+00
   6131.516699 3.186700e-14 6.142050e+03 1.000000e+00
   6134.267436 3.140000e-14 6.144800e+03 1.000000e+00
   6137.008171 3.068700e-14 6.147550e+03 1.000000e+00
   6139.748907 3.142700e-14 6.150300e+03 1.000000e+00
   6142.499644 3.248800e-14 6.153050e+03 1.000000e+00
   6145.240379 3.235600e-14 6.155800e+03 1.000000e+00
   6147.991117 3.152400e-14 6.158550e+03 1.000000e+00
   6150.731852 3.140000e-14 6.161300e+03 1.000000e+00
   6153.482590 3.133400e-14 6.164050e+03 1.000000e+00
   6156.223325 3.132700e-14 6.166800e+03 1.000000e+00
   6158.974063 3.175600e-14 6.169550e+03 1.000000e+00
   6161.714798 3.089100e-14 6.172300e+03 1.000000e+00
   6164.465536 3.054800e-14 6.175050e+03 1.000000e+00
   6167.206271 3.071500e-14 6.177800e+03 1.000000e+00
   6169.947006 3.025600e-14 6.180550e+03 1.000000e+00
   6172.697744 2.921900e-14 6.183300e+03 1.000000e+00
   6175.438479 2.944600e-14 6.186050e+03 1.000000e+00
   6178.189217 2.912100e-14 6.188800e+03 1.000000e+00
   6180.929952 2.969300e-14 6.191550e+03 1.000000e+00
   6183.680690 2.958600e-14 6.194300e+03 1.000000e+00
   6186.421425 3.000200e-14 6.197050e+03 1.000000e+00
   6189.172163 2.979800e-14 6.199800e+03 1.000000e+00
   6191.912899 3.014800e-14 6.202550e+03 1.000000e+00
   6194.653634 2.924800e-14 6.205300e+03 1.000000e+00
   6197.404372 3.047900e-14 6.208050e+03 1.000000e+00
   6200.145107 3.063700e-14 6.210800e+03 1.000000e+00
   6202.895845 3.196200e-14 6.213550e+03 1.000000e+00
   6205.636580 3.137900e-14 6.216300e+03 1.000000e+00
   6208.387318 3.142800e-14 6.219050e+03 1.000000e+00
   6211.128054 2.798700e-14 6.221800e+03 1.000000e+00
   6213.878792 2.968600e-14 6.224550e+03 1.000000e+00
   6216.619527 2.909800e-14 6.227300e+03 1.000000e+00
   6219.370265 2.951400e-14 6.230050e+03 1.000000e+00
   6222.111001 3.126800e-14 6.232800e+03 1.000000e+00
   6224.851736 2.998200e-14 6.235550e+03 1.000000e+00
   6227.602474 2.632500e-14 6.238300e+03 1.000000e+00
   6230.343209 2.757300e-14 6.241050e+03 1.000000e+00
   6233.093948 2.921200e-14 6.243800e+03 1.000000e+00
   6235.834683 2.909100e-14 6.246550e+03 1.000000e+00
   6238.585421 2.916900e-14 6.249300e+03 1.000000e+00
   6241.326157 2.962700e-14 6.252050e+03 1.000000e+00
   6244.076895 3.087500e-14 6.254800e+03 1.000000e+00
   6246.817630 3.171700e-14 6.257550e+03 1.000000e+00
   6249.568368 2.849100e-14 6.260300e+03 1.000000e+00
   6252.309104 2.829100e-14 6.263050e+03 1.000000e+00
   6255.049839 2.939200e-14 6.265800e+03 1.000000e+00
   6257.800578 2.905100e-14 6.268550e+03 1.000000e+00
   6260.541313 2.935400e-14 6.271300e+03 1.000000e+00
   6263.292051 3.114500e-14 6.274050e+03 1.000000e+00
   6266.032787 3.024000e-14 6.276800e+03 1.000000e+00
   6268.783525 2.868000e-14 6.279550e+03 1.000000e+00
   6271.524261 2.979000e-14 6.282300e+03 1.000000e+00
   6274.274999 3.002200e-14 6.285050e+03 1.000000e+00
   6277.015735 2.908000e-14 6.287800e+03 1.000000e+00
   6279.766473 3.118800e-14 6.290550e+03 1.000000e+00
   6282.507208 2.851900e-14 6.293300e+03 1.000000e+00
   6285.247944 2.717600e-14 6.296050e+03 1.000000e+00
   6287.998682 3.752400e-14 6.298800e+03 1.000000e+00
   6290.739418 2.568800e-14 6.301550e+03 1.000000e+00
   6293.490156 2.272700e-14 6.304300e+03 1.000000e+00
   6296.230892 2.385400e-14 6.307050e+03 1.000000e+00
   6298.981630 2.848300e-14 6.309800e+03 1.000000e+00
   6301.722366 3.238400e-14 6.312550e+03 1.000000e+00
   6304.473104 3.157900e-14 6.315300e+03 1.000000e+00
   6307.213840 3.118300e-14 6.318050e+03 1.000000e+00
   6309.954576 3.073700e-14 6.320800e+03 1.000000e+00
   6312.705314 3.170300e-14 6.323550e+03 1.000000e+00
   6315.446050 3.024700e-14 6.326300e+03 1.000000e+00
   6318.196789 3.017900e-14 6.329050e+03 1.000000e+00
   6320.937524 3.063500e-14 6.331800e+03 1.000000e+00
   6323.688263 2.922700e-14 6.334550e+03 1.000000e+00
   6326.428999 3.152400e-14 6.337300e+03 1.000000e+00
   6329.179737 2.889500e-14 6.340050e+03 1.000000e+00
   6331.920473 3.114200e-14 6.342800e+03 1.000000e+00
   6334.671211 3.110900e-14 6.345550e+03 1.000000e+00
   6337.411947 3.138500e-14 6.348300e+03 1.000000e+00
   6340.152683 3.052700e-14 6.351050e+03 1.000000e+00
   6342.903422 3.075400e-14 6.353800e+03 1.000000e+00
   6345.644157 2.892900e-14 6.356550e+03 1.000000e+00
   6348.394896 3.062600e-14 6.359300e+03 1.000000e+00
   6351.135632 2.838000e-14 6.362050e+03 1.000000e+00
   6353.886370 3.072600e-14 6.364800e+03 1.000000e+00
   6356.627106 3.001300e-14 6.367550e+03 1.000000e+00
   6359.377845 2.942000e-14 6.370300e+03 1.000000e+00
   6362.118581 2.853900e-14 6.373050e+03 1.000000e+00
   6364.869319 3.082800e-14 6.375800e+03 1.000000e+00
   6367.610055 2.917300e-14 6.378550e+03 1.000000e+00
   6370.350791 3.129100e-14 6.381300e+03 1.000000e+00
   6373.101530 3.137600e-14 6.384050e+03 1.000000e+00
   6375.842266 3.094300e-14 6.386800e+03 1.000000e+00
   6378.593005 3.079500e-14 6.389550e+03 1.000000e+00
   6381.333741 3.143600e-14 6.392300e+03 1.000000e+00
   6384.084479 2.987000e-14 6.395050e+03 1.000000e+00
   6386.825215 3.051600e-14 6.397800e+03 1.000000e+00
   6389.575954 3.067600e-14 6.400550e+03 1.000000e+00
   6392.316690 2.922600e-14 6.403300e+03 1.000000e+00
   6395.067429 3.070700e-14 6.406050e+03 1.000000e+00
   6397.808165 3.112500e-14 6.408800e+03 1.000000e+00
   6400.548901 3.121900e-14 6.411550e+03 1.000000e+00
   6403.299640 3.116300e-14 6.414300e+03 1.000000e+00
   6406.040376 3.038800e-14 6.417050e+03 1.000000e+00
   6408.791114 3.083300e-14 6.419800e+03 1.000000e+00
   6411.531851 3.040900e-14 6.422550e+03 1.000000e+00
   6414.282589 2.974700e-14 6.425300e+03 1.000000e+00
   6417.023325 2.846600e-14 6.428050e+03 1.000000e+00
   6419.774064 2.927800e-14 6.430800e+03 1.000000e+00
   6422.514800 3.001700e-14 6.433550e+03 1.000000e+00
   6425.255537 2.909200e-14 6.436300e+03 1.000000e+00
   6428.006275 2.928600e-14 6.439050e+03 1.000000e+00
   6430.747012 2.852900e-14 6.441800e+03 1.000000e+00
   6433.497750 2.945800e-14 6.444550e+03 1.000000e+00
   6436.238487 3.043000e-14 6.447300e+03 1.000000e+00
   6438.989225 2.920600e-14 6.450050e+03 1.000000e+00
   6441.729962 2.891500e-14 6.452800e+03 1.000000e+00
   6444.480701 2.929500e-14 6.455550e+03 1.000000e+00
   6447.221437 3.036300e-14 6.458300e+03 1.000000e+00
   6449.972176 2.921800e-14 6.461050e+03 1.000000e+00
   6452.712912 2.909600e-14 6.463800e+03 1.000000e+00
   6455.453648 2.823700e-14 6.466550e+03 1.000000e+00
   6458.204387 3.028400e-14 6.469300e+03 1.000000e+00
   6460.945123 3.035200e-14 6.472050e+03 1.000000e+00
   6463.695862 3.106000e-14 6.474800e+03 1.000000e+00
   6466.436599 2.933300e-14 6.477550e+03 1.000000e+00
   6469.187338 2.893100e-14 6.480300e+03 1.000000e+00
   6471.928074 2.858600e-14 6.483050e+03 1.000000e+00
   6474.678813 2.882200e-14 6.485800e+03 1.000000e+00
   6477.419549 2.802100e-14 6.488550e+03 1.000000e+00
   6480.170288 2.953500e-14 6.491300e+03 1.000000e+00
   6482.911025 2.966000e-14 6.494050e+03 1.000000e+00
   6485.651761 3.085600e-14 6.496800e+03 1.000000e+00
   6488.402500 2.773500e-14 6.499550e+03 1.000000e+00
   6491.143237 2.701700e-14 6.502300e+03 1.000000e+00
   6493.893976 2.560000e-14 6.505050e+03 1.000000e+00
   6496.634712 2.643000e-14 6.507800e+03 1.000000e+00
   6499.385451 2.647300e-14 6.510550e+03 1.000000e+00
   6502.126188 2.922700e-14 6.513300e+03 1.000000e+00
   6504.876927 2.969700e-14 6.516050e+03 1.000000e+00
   6507.617663 3.082800e-14 6.518800e+03 1.000000e+00
   6510.368402 2.898200e-14 6.521550e+03 1.000000e+00
   6513.109139 2.894900e-14 6.524300e+03 1.000000e+00
   6515.849875 2.869900e-14 6.527050e+03 1.000000e+00
   6518.600614 2.942500e-14 6.529800e+03 1.000000e+00
   6521.341351 2.844000e-14 6.532550e+03 1.000000e+00
   6524.092090 2.988500e-14 6.535300e+03 1.000000e+00
   6526.832827 2.878200e-14 6.538050e+03 1.000000e+00
   6529.583566 2.959200e-14 6.540800e+03 1.000000e+00
   6532.324302 2.850600e-14 6.543550e+03 1.000000e+00
   6535.075042 3.052800e-14 6.546300e+03 1.000000e+00
   6537.815778 2.934700e-14 6.549050e+03 1.000000e+00
   6540.556515 3.233800e-14 6.551800e+03 1.000000e+00
   6543.307254 3.598100e-14 6.554550e+03 1.000000e+00
   6546.047990 3.498200e-14 6.557300e+03 1.000000e+00
   6548.798730 3.643300e-14 6.560050e+03 1.000000e+00
   6551.539466 3.510400e-14 6.562800e+03 1.000000e+00
   6554.290206 3.365200e-14 6.565550e+03 1.000000e+00
   6557.030942 4.016400e-14 6.568300e+03 1.000000e+00
   6559.781681 5.852100e-14 6.571050e+03 1.000000e+00
   6562.522418 8.067300e-14 6.573800e+03 1.000000e+00
   6565.273157 8.558100e-14 6.576550e+03 1.000000e+00
   6568.013894 6.564900e-14 6.579300e+03 1.000000e+00
   6570.754631 4.284800e-14 6.582050e+03 1.000000e+00
   6573.505370 3.139900e-14 6.584800e+03 1.000000e+00
   6576.246107 2.986500e-14 6.587550e+03 1.000000e+00
   6578.996846 3.655200e-14 6.590300e+03 1.000000e+00
   6581.737583 4.631700e-14 6.593050e+03 1.000000e+00
   6584.488322 5.303100e-14 6.595800e+03 1.000000e+00
   6587.229059 4.965800e-14 6.598550e+03 1.000000e+00
   6589.979798 3.992600e-14 6.601300e+03 1.000000e+00
   6592.720535 3.255900e-14 6.604050e+03 1.000000e+00
   6595.471274 3.041700e-14 6.606800e+03 1.000000e+00
   6598.212011 3.074400e-14 6.609550e+03 1.000000e+00
   6600.952748 3.149900e-14 6.612300e+03 1.000000e+00
   6603.703487 2.982700e-14 6.615050e+03 1.000000e+00
   6606.444224 3.039400e-14 6.617800e+03 1.000000e+00
   6609.194964 2.916300e-14 6.620550e+03 1.000000e+00
   6611.935700 2.792800e-14 6.623300e+03 1.000000e+00
   6614.686440 3.034900e-14 6.626050e+03 1.000000e+00
   6617.427177 2.965300e-14 6.628800e+03 1.000000e+00
   6620.177916 2.995000e-14 6.631550e+03 1.000000e+00
   6622.918653 3.007500e-14 6.634300e+03 1.000000e+00
   6625.669393 2.988600e-14 6.637050e+03 1.000000e+00
   6628.410129 2.945200e-14 6.639800e+03 1.000000e+00
   6631.150866 2.951100e-14 6.642550e+03 1.000000e+00
   6633.901606 2.868000e-14 6.645300e+03 1.000000e+00
   6636.642343 2.963300e-14 6.648050e+03 1.000000e+00
   6639.393082 2.925200e-14 6.650800e+03 1.000000e+00
   6642.133819 2.950600e-14 6.653550e+03 1.000000e+00
   6644.884559 3.028900e-14 6.656300e+03 1.000000e+00
   6647.625296 2.892400e-14 6.659050e+03 1.000000e+00
   6650.376035 2.958900e-14 6.661800e+03 1.000000e+00
   6653.116772 2.984300e-14 6.664550e+03 1.000000e+00
   6655.867512 2.949300e-14 6.667300e+03 1.000000e+00
   6658.608249 3.047400e-14 6.670050e+03 1.000000e+00
   6661.348986 2.909900e-14 6.672800e+03 1.000000e+00
   6664.099725 2.937400e-14 6.675550e+03 1.000000e+00
   6666.840462 2.946700e-14 6.678300e+03 1.000000e+00
   6669.591202 2.886400e-14 6.681050e+03 1.000000e+00
   6672.331939 2.857800e-14 6.683800e+03 1.000000e+00
   6675.082679 2.846800e-14 6.686550e+03 1.000000e+00
   6677.823416 3.016700e-14 6.689300e+03 1.000000e+00
   6680.574155 3.033800e-14 6.692050e+03 1.000000e+00
   6683.314892 2.837600e-14 6.694800e+03 1.000000e+00
   6686.055629 2.987300e-14 6.697550e+03 1.000000e+00
   6688.806369 2.787000e-14 6.700300e+03 1.000000e+00
   6691.547106 2.875700e-14 6.703050e+03 1.000000e+00
   6694.297846 2.917400e-14 6.705800e+03 1.000000e+00
   6697.038583 2.703000e-14 6.708550e+03 1.000000e+00
   6699.789323 2.905500e-14 6.711300e+03 1.000000e+00
   6702.530060 2.879200e-14 6.714050e+03 1.000000e+00
   6705.280800 2.940600e-14 6.716800e+03 1.000000e+00
   6708.021537 2.846800e-14 6.719550e+03 1.000000e+00
   6710.772277 3.079700e-14 6.722300e+03 1.000000e+00
   6713.513014 3.483600e-14 6.725050e+03 1.000000e+00
   6716.253751 3.946400e-14 6.727800e+03 1.000000e+00
   6719.004491 4.141600e-14 6.730550e+03 1.000000e+00
   6721.745228 3.756100e-14 6.733300e+03 1.000000e+00
   6724.495968 3.163300e-14 6.736050e+03 1.000000e+00
   6727.236705 3.231100e-14 6.738800e+03 1.000000e+00
   6729.987445 3.874800e-14 6.741550e+03 1.000000e+00
   6732.728182 3.722900e-14 6.744300e+03 1.000000e+00
   6735.478922 3.350200e-14 6.747050e+03 1.000000e+00
   6738.219659 3.370600e-14 6.749800e+03 1.000000e+00
   6740.970399 2.923900e-14 6.752550e+03 1.000000e+00
   6743.711136 2.512900e-14 6.755300e+03 1.000000e+00
   6746.451873 2.707800e-14 6.758050e+03 1.000000e+00
   6749.202613 2.828000e-14 6.760800e+03 1.000000e+00
   6751.943350 2.739300e-14 6.763550e+03 1.000000e+00
   6754.694090 2.674000e-14 6.766300e+03 1.000000e+00
   6757.434828 2.722200e-14 6.769050e+03 1.000000e+00
   6760.185567 2.937400e-14 6.771800e+03 1.000000e+00
   6762.926305 2.756800e-14 6.774550e+03 1.000000e+00
   6765.677045 2.634300e-14 6.777300e+03 1.000000e+00
   6768.417782 2.748900e-14 6.780050e+03 1.000000e+00
   6771.168522 2.807700e-14 6.782800e+03 1.000000e+00
   6773.909259 2.870200e-14 6.785550e+03 1.000000e+00
   6776.649997 2.557300e-14 6.788300e+03 1.000000e+00
   6779.400737 2.669000e-14 6.791050e+03 1.000000e+00
   6782.141474 2.742300e-14 6.793800e+03 1.000000e+00
   6784.892214 2.780700e-14 6.796550e+03 1.000000e+00
   6787.632951 2.853000e-14 6.799300e+03 1.000000e+00
   6790.383691 2.687200e-14 6.802050e+03 1.000000e+00
   6793.124429 2.705700e-14 6.804800e+03 1.000000e+00
   6795.875169 2.807500e-14 6.807550e+03 1.000000e+00
   6798.615906 2.847700e-14 6.810300e+03 1.000000e+00
   6801.356644 2.842000e-14 6.813050e+03 1.000000e+00
   6804.107384 2.841200e-14 6.815800e+03 1.000000e+00
   6806.848121 2.776100e-14 6.818550e+03 1.000000e+00
   6809.598861 2.678500e-14 6.821300e+03 1.000000e+00
   6812.339599 2.678900e-14 6.824050e+03 1.000000e+00
   6815.090339 2.820300e-14 6.826800e+03 1.000000e+00
   6817.831076 2.708900e-14 6.829550e+03 1.000000e+00
   6827.383646 2.860800e-14 6.839120e+03 0.000000e+00
   6843.117880 2.874200e-14 6.854880e+03 0.000000e+00
   6858.892125 2.828400e-14 6.870680e+03 0.000000e+00
   6874.706381 2.751500e-14 6.886520e+03 0.000000e+00
   6890.560648 2.790000e-14 6.902400e+03 0.000000e+00
   6906.434921 2.796600e-14 6.918310e+03 0.000000e+00
   6922.359207 2.803200e-14 6.934260e+03 0.000000e+00
   6938.323504 2.816300e-14 6.950240e+03 0.000000e+00
   6954.307807 2.842500e-14 6.966260e+03 0.000000e+00
   6970.342124 2.836200e-14 6.982330e+03 0.000000e+00
   6986.416452 2.677700e-14 6.998420e+03 0.000000e+00
   7002.520788 2.823500e-14 7.014550e+03 0.000000e+00
   7018.655132 2.804300e-14 7.030720e+03 0.000000e+00
   7034.839490 2.753200e-14 7.046930e+03 0.000000e+00
   7051.053857 2.903200e-14 7.063180e+03 0.000000e+00
   7067.308234 2.747300e-14 7.079460e+03 0.000000e+00
   7083.602623 2.785700e-14 7.095780e+03 0.000000e+00
   7099.927020 2.654300e-14 7.112140e+03 0.000000e+00
   7116.301430 2.685300e-14 7.128530e+03 0.000000e+00
   7132.705849 2.679300e-14 7.144960e+03 0.000000e+00
   7149.150279 2.654900e-14 7.161430e+03 0.000000e+00
   7165.624717 2.679600e-14 7.177940e+03 0.000000e+00
   7182.149170 2.649100e-14 7.194490e+03 0.000000e+00
   7198.703630 2.524200e-14 7.211080e+03 0.000000e+00
   7215.298101 2.501200e-14 7.227700e+03 0.000000e+00
   7231.922581 2.631400e-14 7.244360e+03 0.000000e+00
   7248.597075 2.649800e-14 7.261060e+03 0.000000e+00
   7265.311579 2.699200e-14 7.277800e+03 0.000000e+00
   7282.056092 2.650100e-14 7.294570e+03 0.000000e+00
   7298.840616 2.542700e-14 7.311390e+03 0.000000e+00
   7315.665151 2.668900e-14 7.328250e+03 0.000000e+00
   7332.529696 2.700000e-14 7.345140e+03 0.000000e+00
   7349.434253 2.795000e-14 7.362070e+03 0.000000e+00
   7366.378821 2.638900e-14 7.379040e+03 0.000000e+00
   7383.363400 2.769800e-14 7.396050e+03 0.000000e+00
   7400.377988 2.694500e-14 7.413100e+03 0.000000e+00
   7417.442589 2.719600e-14 7.430190e+03 0.000000e+00
   7434.537198 2.707300e-14 7.447320e+03 0.000000e+00
   7451.671819 2.720000e-14 7.464490e+03 0.000000e+00
   7468.856453 2.732700e-14 7.481700e+03 0.000000e+00
   7486.071095 2.745500e-14 7.498940e+03 0.000000e+00
   7503.325749 2.646400e-14 7.516230e+03 0.000000e+00
   7520.630416 2.677200e-14 7.533560e+03 0.000000e+00
   7537.965092 2.771500e-14 7.550920e+03 0.000000e+00
   7555.339778 2.752600e-14 7.568330e+03 0.000000e+00
   7572.754476 2.746400e-14 7.585780e+03 0.000000e+00
   7590.219187 2.753000e-14 7.603260e+03 0.000000e+00
   7607.713907 2.678100e-14 7.620790e+03 0.000000e+00
   7625.248638 2.709300e-14 7.638360e+03 0.000000e+00
   7642.823379 2.641700e-14 7.655970e+03 0.000000e+00
   7660.448135 2.672500e-14 7.673610e+03 0.000000e+00
   7678.102899 2.344000e-14 7.691300e+03 0.000000e+00
   7695.807676 2.588100e-14 7.709040e+03 0.000000e+00
   7713.542462 2.477500e-14 7.726810e+03 0.000000e+00
   7731.327262 2.582500e-14 7.744620e+03 0.000000e+00
   7749.152072 2.600600e-14 7.762470e+03 0.000000e+00
   7767.016894 2.559200e-14 7.780370e+03 0.000000e+00
   7784.911724 2.483900e-14 7.798300e+03 0.000000e+00
   7802.856567 2.559600e-14 7.816280e+03 0.000000e+00
   7820.851425 2.530400e-14 7.834300e+03 0.000000e+00
   7838.876291 2.571700e-14 7.852360e+03 0.000000e+00
   7856.951170 2.601700e-14 7.870460e+03 0.000000e+00
   7875.066061 2.589900e-14 7.888600e+03 0.000000e+00
   7893.210959 2.542800e-14 7.906790e+03 0.000000e+00
   7911.405872 2.531300e-14 7.925010e+03 0.000000e+00
   7929.650798 2.456900e-14 7.943280e+03 0.000000e+00
   7947.925733 2.428900e-14 7.961590e+03 0.000000e+00
   7966.250681 2.480000e-14 7.979950e+03 0.000000e+00
   7984.615640 2.526300e-14 7.998340e+03 0.000000e+00
   8003.020611 2.503300e-14 8.016780e+03 0.000000e+00
   8021.465592 2.515000e-14 8.035260e+03 0.000000e+00
   8039.960587 2.492100e-14 8.053780e+03 0.000000e+00
   8058.495593 2.486600e-14 8.072350e+03 0.000000e+00
   8077.070611 2.533000e-14 8.090960e+03 0.000000e+00
   8095.685639 2.475500e-14 8.109610e+03 0.000000e+00
   8114.350681 2.533400e-14 8.128310e+03 0.000000e+00
   8133.055734 2.551100e-14 8.147040e+03 0.000000e+00
   8151.800798 2.476100e-14 8.165820e+03 0.000000e+00
   8170.595875 2.487700e-14 8.184650e+03 0.000000e+00
   8189.430964 2.365000e-14 8.203520e+03 0.000000e+00
   8208.306064 2.316600e-14 8.222430e+03 0.000000e+00
   8227.231177 2.517100e-14 8.241380e+03 0.000000e+00
   8246.196302 2.471300e-14 8.260380e+03 0.000000e+00
   8265.211440 2.477200e-14 8.279420e+03 0.000000e+00
   8284.256587 2.409900e-14 8.298510e+03 0.000000e+00
   8303.361750 2.437900e-14 8.317640e+03 0.000000e+00
   8322.496921 2.410200e-14 8.336810e+03 0.000000e+00
   8341.682106 2.404900e-14 8.356030e+03 0.000000e+00
   8360.917305 2.421700e-14 8.375290e+03 0.000000e+00
   8380.192515 2.489700e-14 8.394600e+03 0.000000e+00
   8399.507735 2.276100e-14 8.413950e+03 0.000000e+00
   8418.872970 2.467300e-14 8.433350e+03 0.000000e+00
   8438.278216 2.378200e-14 8.452790e+03 0.000000e+00
   8457.723472 2.313600e-14 8.472270e+03 0.000000e+00
   8477.228745 2.292600e-14 8.491800e+03 0.000000e+00
   8496.774029 2.423000e-14 8.511380e+03 0.000000e+00
   8516.359324 2.346300e-14 8.531000e+03 0.000000e+00
   8535.984630 2.362800e-14 8.550670e+03 0.000000e+00
   8555.669953 1.727600e-14 8.570380e+03 0.000000e+00
   8575.385284 2.379500e-14 8.590140e+03 0.000000e+00
   8595.150628 2.314800e-14 8.609940e+03 0.000000e+00
   8614.975989 2.315000e-14 8.629790e+03 0.000000e+00
   8634.831359 2.331300e-14 8.649680e+03 0.000000e+00
   8654.736742 2.331400e-14 8.669620e+03 0.000000e+00
   8674.682136 1.554700e-14 8.689600e+03 0.000000e+00
   8694.687546 2.252600e-14 8.709640e+03 0.000000e+00
   8714.722965 2.284200e-14 8.729710e+03 0.000000e+00
   8734.808397 2.359200e-14 8.749840e+03 0.000000e+00
   8754.953846 2.279300e-14 8.770010e+03 0.000000e+00
   8775.129304 2.284700e-14 8.790230e+03 0.000000e+00
   8795.364777 2.343500e-14 8.810490e+03 0.000000e+00
   8815.640262 2.187300e-14 8.830800e+03 0.000000e+00
   8835.955758 2.197500e-14 8.851160e+03 0.000000e+00
   8856.331270 2.301300e-14 8.871560e+03 0.000000e+00
   8876.736791 2.099000e-14 8.892010e+03 0.000000e+00
   8897.212330 2.223500e-14 8.912510e+03 0.000000e+00
   8917.717878 2.259800e-14 8.933050e+03 0.000000e+00
   8938.273440 2.203500e-14 8.953650e+03 0.000000e+00
   8958.879015 2.163400e-14 8.974290e+03 0.000000e+00
   8979.534604 2.153700e-14 8.994980e+03 0.000000e+00
   9000.230205 1.910800e-14 9.015710e+03 0.000000e+00
   9020.985821 2.042900e-14 9.036500e+03 0.000000e+00
   9041.771446 2.224800e-14 9.057330e+03 0.000000e+00
   9062.617087 2.346000e-14 9.078200e+03 0.000000e+00
   9083.512742 2.100700e-14 9.099130e+03 0.000000e+00
   9104.448409 2.189700e-14 9.120110e+03 0.000000e+00
   9125.434088 2.298400e-14 9.141130e+03 0.000000e+00
   9146.469782 2.115800e-14 9.162200e+03 0.000000e+00
   9167.555489 1.947600e-14 9.183330e+03 0.000000e+00
   9188.691210 2.011600e-14 9.204500e+03 0.000000e+00
   9209.866942 2.150700e-14 9.225710e+03 0.000000e+00
   9231.102690 2.073000e-14 9.246980e+03 0.000000e+00
   9252.388453 2.116600e-14 9.268300e+03 0.000000e+00
   9273.714226 2.161100e-14 9.289660e+03 0.000000e+00
   9295.090013 2.206600e-14 9.311080e+03 0.000000e+00
   9316.515813 2.211800e-14 9.332540e+03 0.000000e+00
   9337.991628 2.212000e-14 9.354060e+03 0.000000e+00
   9359.517456 2.202100e-14 9.375620e+03 0.000000e+00
   9381.093298 2.177000e-14 9.397230e+03 0.000000e+00
   9402.719153 2.192300e-14 9.418900e+03 0.000000e+00
   9424.395022 2.192500e-14 9.440610e+03 0.000000e+00
   9446.120905 2.172600e-14 9.462370e+03 0.000000e+00
   9467.896802 2.192900e-14 9.484180e+03 0.000000e+00
   9489.722712 2.188000e-14 9.506050e+03 0.000000e+00
   9511.598637 2.153200e-14 9.527960e+03 0.000000e+00
   9533.524574 2.148500e-14 9.549930e+03 0.000000e+00
   9555.500526 2.070900e-14 9.571940e+03 0.000000e+00
   9577.536494 2.134000e-14 9.594010e+03 0.000000e+00
   9599.612473 2.163900e-14 9.616120e+03 0.000000e+00
   9621.738466 2.144300e-14 9.638290e+03 0.000000e+00
   9643.914472 2.124800e-14 9.660510e+03 0.000000e+00
   9666.150495 2.120100e-14 9.682780e+03 0.000000e+00
   9688.436532 2.135000e-14 9.705100e+03 0.000000e+00
   9710.762580 2.110700e-14 9.727470e+03 0.000000e+00
   9733.158647 2.096400e-14 9.749900e+03 0.000000e+00
   9755.594724 2.086900e-14 9.772370e+03 0.000000e+00
   9778.080816 2.087100e-14 9.794900e+03 0.000000e+00
   9800.616921 2.068100e-14 9.817480e+03 0.000000e+00
   9823.213043 2.092300e-14 9.840110e+03 0.000000e+00
   9845.859178 2.078100e-14 9.862790e+03 0.000000e+00
   9868.555328 2.063900e-14 9.885530e+03 0.000000e+00
   9891.301490 2.059400e-14 9.908320e+03 0.000000e+00
   9914.107670 2.045400e-14 9.931160e+03 0.000000e+00
   9936.953860 2.050300e-14 9.954050e+03 0.000000e+00
   9959.870070 2.050500e-14 9.977000e+03 0.000000e+00
   9982.826290 2.045900e-14 1.000000e+04 0.000000e+00
  10028.898775 2.013600e-14 1.004615e+04 0.000000e+00
  10075.201323 1.981700e-14 1.009253e+04 0.000000e+00
  10121.703926 2.005100e-14 1.013912e+04 0.000000e+00
  10168.416586 1.982500e-14 1.018591e+04 0.000000e+00
  10238.905692 1.978500e-14 1.025652e+04 0.000000e+00
  10286.168503 1.974300e-14 1.030386e+04 0.000000e+00
  10309.874929 1.960900e-14 1.032761e+04 0.000000e+00
  10501.546892 1.891400e-14 1.051962e+04 0.000000e+00
  10696.789834 1.811700e-14 1.071520e+04 0.000000e+00
  10895.663771 1.730100e-14 1.091441e+04 0.000000e+00
  11098.218715 1.671400e-14 1.111732e+04 0.000000e+00
  11304.544693 1.618400e-14 1.132400e+04 0.000000e+00
  11514.711723 1.592500e-14 1.153453e+04 0.000000e+00
  11701.812501 1.538400e-14 1.172195e+04 0.000000e+00
  11891.964114 1.482800e-14 1.191243e+04 0.000000e+00
  12113.044131 1.445700e-14 1.213389e+04 0.000000e+00
  12309.867570 1.412800e-14 1.233105e+04 0.000000e+00
  12509.881882 1.371100e-14 1.253141e+04 0.000000e+00
  12713.157086 1.330700e-14 1.273503e+04 0.000000e+00
  12890.015122 1.294400e-14 1.291219e+04 0.000000e+00
  13099.452012 1.267900e-14 1.312200e+04 0.000000e+00
  13312.299834 1.227700e-14 1.333521e+04 0.000000e+00
  13497.500151 1.202500e-14 1.352073e+04 0.000000e+00
  13716.809740 1.175100e-14 1.374042e+04 0.000000e+00
  13907.631594 1.137800e-14 1.393157e+04 0.000000e+00
  14101.104173 1.096700e-14 1.412538e+04 0.000000e+00
  14297.277489 1.074200e-14 1.432188e+04 0.000000e+00
  14496.171550 1.071700e-14 1.452112e+04 0.000000e+00
  14697.836367 1.037700e-14 1.472313e+04 0.000000e+00
  14902.281945 1.040100e-14 1.492794e+04 0.000000e+00
  15109.598307 1.032900e-14 1.513561e+04 0.000000e+00
  15319.795456 1.037700e-14 1.534617e+04 0.000000e+00
  15497.193691 1.028200e-14 1.552387e+04 0.000000e+00
  15712.782313 1.007100e-14 1.573983e+04 0.000000e+00
  15894.731791 9.729200e-15 1.592209e+04 0.000000e+00
  16115.851925 9.729200e-15 1.614359e+04 0.000000e+00
  16302.452673 9.662200e-15 1.633051e+04 0.000000e+00
  16491.224015 9.442300e-15 1.651962e+04 0.000000e+00
  16720.646416 9.291300e-15 1.674943e+04 0.000000e+00
  16914.269082 9.058900e-15 1.694338e+04 0.000000e+00
  17110.132361 8.852700e-15 1.713958e+04 0.000000e+00
  17308.236251 8.473800e-15 1.733803e+04 0.000000e+00
  17508.660775 8.223900e-15 1.753880e+04 0.000000e+00
  17711.405933 7.926400e-15 1.774190e+04 0.000000e+00
  17916.501733 7.639700e-15 1.794734e+04 0.000000e+00
  18123.948174 7.295900e-15 1.815515e+04 0.000000e+00
  18291.653805 7.113400e-15 1.832314e+04 0.000000e+00
  18503.471440 6.871900e-15 1.853532e+04 0.000000e+00
  18717.709736 6.577800e-15 1.874994e+04 0.000000e+00
  18890.916868 6.398500e-15 1.892343e+04 0.000000e+00
  19109.666395 6.267300e-15 1.914256e+04 0.000000e+00
  19286.474511 6.054500e-15 1.931967e+04 0.000000e+00
  19509.805289 5.808700e-15 1.954339e+04 0.000000e+00
  19690.334420 5.637400e-15 1.972423e+04 0.000000e+00
  19918.346476 5.471100e-15 1.995263e+04 0.000000e+00
  20102.626631 5.358900e-15 2.013724e+04 0.000000e+00
  20288.647261 5.165100e-15 2.032357e+04 0.000000e+00
  20523.581206 5.082500e-15 2.055892e+04 0.000000e+00
  20713.472892 4.944000e-15 2.074913e+04 0.000000e+00
  20905.135062 4.809300e-15 2.094113e+04 0.000000e+00
  21098.557712 4.710600e-15 2.113488e+04 0.000000e+00
  21293.790857 4.592800e-15 2.133045e+04 0.000000e+00
  21490.824492 4.488300e-15 2.152783e+04 0.000000e+00
  21689.668622 4.325900e-15 2.172701e+04 0.000000e+00
  21890.363257 4.247000e-15 2.192805e+04 0.000000e+00
  22092.898394 4.131200e-15 2.213094e+04 0.000000e+00
  22297.334049 4.009400e-15 2.233572e+04 0.000000e+00
  22503.660221 3.909100e-15 2.254240e+04 0.000000e+00
  22711.866905 3.802600e-15 2.275097e+04 0.000000e+00
  22922.024122 3.436200e-15 2.296149e+04 0.000000e+00
  23080.897377 3.404700e-15 2.312064e+04 0.000000e+00
  23294.475527 3.013500e-15 2.333458e+04 0.000000e+00
  23510.024215 2.851500e-15 2.355050e+04 0.000000e+00
  23727.543440 2.877900e-15 2.376840e+04 0.000000e+00
  23892.038229 2.655100e-15 2.393317e+04 0.000000e+00
  24113.088418 2.576800e-15 2.415460e+04 0.000000e+00
  24280.243933 2.547300e-15 2.432205e+04 0.000000e+00
  24504.895104 2.382700e-15 2.454708e+04 0.000000e+00
  24731.646848 2.355500e-15 2.477422e+04 0.000000e+00
  24903.063525 2.042100e-15 2.494594e+04 0.000000e+00
  25133.496273 2.018700e-15 2.517677e+04 0.000000e+00
  25307.703712 2.023400e-15 2.535128e+04 0.000000e+00
  25483.141486 2.004800e-15 2.552702e+04 0.000000e+00
  25718.915692 2.018700e-15 2.576320e+04 0.000000e+00
  25897.204243 1.977300e-15 2.594179e+04 0.000000e+00
  26136.839502 1.963700e-15 2.618184e+04 0.000000e+00
  26317.998837 1.910200e-15 2.636331e+04 0.000000e+00
  26500.418516 1.892700e-15 2.654604e+04 0.000000e+00
  26684.128546 1.849600e-15 2.673007e+04 0.000000e+00
  26931.045791 1.824200e-15 2.697741e+04 0.000000e+00
  27117.706627 1.790900e-15 2.716439e+04 0.000000e+00
  27305.657815 1.754200e-15 2.735267e+04 0.000000e+00
  27494.949368 1.726100e-15 2.754229e+04 0.000000e+00
  27685.521270 1.686900e-15 2.773319e+04 0.000000e+00
  27877.443541 1.663700e-15 2.792545e+04 0.000000e+00
  28135.373790 1.629600e-15 2.818382e+04 0.000000e+00
  28330.416911 1.599800e-15 2.837920e+04 0.000000e+00
  28526.780393 1.567000e-15 2.857590e+04 0.000000e+00
  28724.534255 1.531400e-15 2.877399e+04 0.000000e+00
  28923.628481 1.506900e-15 2.897343e+04 0.000000e+00
  29124.133093 1.479400e-15 2.917428e+04 0.000000e+00
  29325.998075 1.449000e-15 2.937649e+04 0.000000e+00
  29529.293448 1.419300e-15 2.958014e+04 0.000000e+00
  29733.969197 1.393400e-15 2.978516e+04 0.000000e+00
  29940.095341 1.364800e-15 2.999164e+04 0.000000e+00
  30078.282981 1.339900e-15 3.013007e+04 0.000000e+00
  30286.759767 1.312400e-15 3.033890e+04 0.000000e+00
  30496.716956 1.294400e-15 3.054922e+04 0.000000e+00
  30708.094533 1.273700e-15 3.076096e+04 0.000000e+00
  30920.962516 1.253400e-15 3.097421e+04 0.000000e+00
  31135.280895 1.233300e-15 3.118889e+04 0.000000e+00
  31278.990040 1.213600e-15 3.133284e+04 0.000000e+00
  31495.819104 1.191500e-15 3.155005e+04 0.000000e+00
  31714.128571 1.172400e-15 3.176873e+04 0.000000e+00
  31933.978458 1.156300e-15 3.198896e+04 0.000000e+00
  32081.368608 1.143100e-15 3.213660e+04 0.000000e+00
  32303.759188 1.135200e-15 3.235938e+04 0.000000e+00
  32527.670183 1.137800e-15 3.258367e+04 0.000000e+00
  32677.791077 1.180500e-15 3.273406e+04 0.000000e+00
  32904.322786 1.327600e-15 3.296098e+04 0.000000e+00
  33132.394915 1.309400e-15 3.318944e+04 0.000000e+00
  33285.316573 1.122200e-15 3.334262e+04 0.000000e+00
  33516.059431 1.042500e-15 3.357376e+04 0.000000e+00
  33670.751572 1.000200e-15 3.372872e+04 0.000000e+00
  33904.165158 9.706800e-16 3.396254e+04 0.000000e+00
  34139.159175 9.464100e-16 3.419794e+04 0.000000e+00
  34296.722098 9.248600e-16 3.435578e+04 0.000000e+00
  34534.476868 9.058900e-16 3.459394e+04 0.000000e+00
  34693.870290 8.873100e-16 3.475361e+04 0.000000e+00
  34934.375810 8.711200e-16 3.499453e+04 0.000000e+00
  35095.619737 8.532500e-16 3.515604e+04 0.000000e+00
  35338.866005 8.357500e-16 3.539971e+04 0.000000e+00
  35502.010450 8.205000e-16 3.556314e+04 0.000000e+00
  35748.087489 8.036700e-16 3.580964e+04 0.000000e+00
  35913.122450 7.890000e-16 3.597495e+04 0.000000e+00
  36078.867605 7.746000e-16 3.614099e+04 0.000000e+00
  36328.945735 7.604600e-16 3.639149e+04 0.000000e+00
  36496.661426 7.448700e-16 3.655950e+04 0.000000e+00
  36749.620342 7.312700e-16 3.681289e+04 0.000000e+00
  36919.236552 7.162700e-16 3.698280e+04 0.000000e+00
  37089.682989 7.015800e-16 3.715354e+04 0.000000e+00
  37346.753025 6.903600e-16 3.741105e+04 0.000000e+00
  37519.119985 6.746500e-16 3.758372e+04 0.000000e+00
  37692.327174 6.653900e-16 3.775723e+04 0.000000e+00
  37953.588354 6.532500e-16 3.801893e+04 0.000000e+00
  38128.756077 6.413200e-16 3.819441e+04 0.000000e+00
  38304.784036 6.310700e-16 3.837073e+04 0.000000e+00
  38481.572201 6.195500e-16 3.854783e+04 0.000000e+00
  38748.344883 6.068400e-16 3.881506e+04 0.000000e+00
  38927.183608 5.971400e-16 3.899421e+04 0.000000e+00
  39106.852559 5.862400e-16 3.917418e+04 0.000000e+00
  39287.341734 5.768700e-16 3.935499e+04 0.000000e+00
  39468.711148 5.650400e-16 3.953667e+04 0.000000e+00
  39742.275682 5.560000e-16 3.981071e+04 0.000000e+00
  39925.755672 5.446000e-16 3.999450e+04 0.000000e+00
  40110.025878 5.358900e-16 4.017909e+04 0.000000e+00
  40295.156318 5.273200e-16 4.036454e+04 0.000000e+00
  40481.136990 5.165100e-16 4.055084e+04 0.000000e+00
  40668.017907 5.094200e-16 4.073804e+04 0.000000e+00
  40949.894707 5.012800e-16 4.102040e+04 0.000000e+00
  41138.896203 4.932600e-16 4.120973e+04 0.000000e+00
  41328.817949 4.864900e-16 4.139998e+04 0.000000e+00
  41519.569922 4.776100e-16 4.159106e+04 0.000000e+00
  41711.202135 4.699800e-16 4.178302e+04 0.000000e+00
  41903.764601 4.624600e-16 4.197591e+04 0.000000e+00
  42097.167297 4.550700e-16 4.216965e+04 0.000000e+00
  42291.460235 4.498600e-16 4.236428e+04 0.000000e+00
  42486.703432 4.416500e-16 4.255986e+04 0.000000e+00
  42682.796862 4.355900e-16 4.275629e+04 0.000000e+00
  42879.800539 4.198300e-16 4.295363e+04 0.000000e+00
  43077.754475 4.046500e-16 4.315193e+04 0.000000e+00
  43276.578649 4.037200e-16 4.335110e+04 0.000000e+00
  43476.323073 3.891100e-16 4.355118e+04 0.000000e+00
  43676.987748 3.811300e-16 4.375219e+04 0.000000e+00
  43878.622688 3.750400e-16 4.395418e+04 0.000000e+00
  44081.147871 3.631400e-16 4.415704e+04 0.000000e+00
  44284.593304 3.589900e-16 4.436085e+04 0.000000e+00
  44489.039011 3.532500e-16 4.456564e+04 0.000000e+00
  44694.374960 3.436200e-16 4.477133e+04 0.000000e+00
  44900.661168 3.428300e-16 4.497797e+04 0.000000e+00
  45107.947648 3.365700e-16 4.518562e+04 0.000000e+00
  45316.144377 3.289100e-16 4.539417e+04 0.000000e+00
  45525.301368 3.274000e-16 4.560368e+04 0.000000e+00
  45735.418620 3.236500e-16 4.581416e+04 0.000000e+00
  45946.556151 3.148300e-16 4.602567e+04 0.000000e+00
  46158.623935 3.148300e-16 4.623810e+04 0.000000e+00
  46265.022926 3.098000e-16 4.634468e+04 0.000000e+00
  46478.601122 3.055500e-16 4.655863e+04 0.000000e+00
  46693.129577 3.041400e-16 4.677352e+04 0.000000e+00
  46908.638300 2.999700e-16 4.698940e+04 0.000000e+00
  47125.137292 2.958500e-16 4.720628e+04 0.000000e+00
  47342.696573 2.951700e-16 4.742421e+04 0.000000e+00
  47561.206113 2.897900e-16 4.764310e+04 0.000000e+00
  47670.835986 2.871300e-16 4.775292e+04 0.000000e+00
  47890.905952 2.838400e-16 4.797337e+04 0.000000e+00
  48111.946182 2.793000e-16 4.819479e+04 0.000000e+00
  48334.006690 2.793000e-16 4.841723e+04 0.000000e+00
  48557.087477 2.748400e-16 4.864070e+04 0.000000e+00
  48669.067990 2.710700e-16 4.875287e+04 0.000000e+00
  48893.699199 2.685800e-16 4.897789e+04 0.000000e+00
  49119.370692 2.655100e-16 4.920395e+04 0.000000e+00
  49346.072466 2.630700e-16 4.943104e+04 0.000000e+00
  49459.873475 2.600600e-16 4.954504e+04 0.000000e+00
  49688.155680 2.582700e-16 4.977371e+04 0.000000e+00
  49917.488171 2.553100e-16 5.000344e+04 0.000000e+00
  50147.940967 2.525200e-16 5.023429e+04 0.000000e+00
  50263.532465 2.499900e-16 5.035008e+04 0.000000e+00
  50495.515678 2.461200e-16 5.058246e+04 0.000000e+00
  50728.579186 2.439800e-16 5.081593e+04 0.000000e+00
  50845.511049 2.426400e-16 5.093306e+04 0.000000e+00
  50962.773002 2.413100e-16 5.105052e+04 0.000000e+00
  51080.245013 2.394300e-16 5.116820e+04 0.000000e+00
  51197.987097 2.375700e-16 5.128614e+04 0.000000e+00
  51315.999254 2.368100e-16 5.140436e+04 0.000000e+00
  51434.291488 2.355000e-16 5.152285e+04 0.000000e+00
  51552.853796 2.336700e-16 5.164162e+04 0.000000e+00
  51671.736190 2.329100e-16 5.176071e+04 0.000000e+00
  51790.848648 2.321600e-16 5.188002e+04 0.000000e+00
  51910.231179 2.303500e-16 5.199961e+04 0.000000e+00
  52029.883784 2.290800e-16 5.211947e+04 0.000000e+00
  52149.816465 2.278100e-16 5.223961e+04 0.000000e+00
  52270.029222 2.260300e-16 5.236003e+04 0.000000e+00
  52390.512054 2.247800e-16 5.248072e+04 0.000000e+00
  52511.334977 2.240600e-16 5.260175e+04 0.000000e+00
  52632.377961 2.238400e-16 5.272300e+04 0.000000e+00
  52753.701021 2.231200e-16 5.284453e+04 0.000000e+00
  52875.294155 2.213700e-16 5.296634e+04 0.000000e+00
  52997.177368 2.196400e-16 5.308843e+04 0.000000e+00
  53119.340657 2.184200e-16 5.321080e+04 0.000000e+00
  53241.844039 2.177100e-16 5.333352e+04 0.000000e+00
  53364.567481 2.170000e-16 5.345646e+04 0.000000e+00
  53487.581002 2.157900e-16 5.357968e+04 0.000000e+00
  53610.874599 2.150900e-16 5.370318e+04 0.000000e+00
  53734.448273 2.143800e-16 5.382697e+04 0.000000e+00
  53858.312026 2.136800e-16 5.395105e+04 0.000000e+00
  53982.455855 2.124900e-16 5.407541e+04 0.000000e+00
  54106.949779 2.117900e-16 5.420011e+04 0.000000e+00
  54231.673767 2.111000e-16 5.432505e+04 0.000000e+00
  54356.677830 2.099200e-16 5.445027e+04 0.000000e+00
  54481.971973 2.092300e-16 5.457579e+04 0.000000e+00
  54607.556195 2.090200e-16 5.470159e+04 0.000000e+00
  54733.430495 2.078500e-16 5.482768e+04 0.000000e+00
  54859.594875 2.071700e-16 5.495406e+04 0.000000e+00
  54986.119353 2.069600e-16 5.508079e+04 0.000000e+00
  55112.863891 2.062700e-16 5.520776e+04 0.000000e+00
  55239.898509 2.060600e-16 5.533502e+04 0.000000e+00
  55367.233208 2.063300e-16 5.546257e+04 0.000000e+00
  55494.857986 2.051700e-16 5.559041e+04 0.000000e+00
  55622.772843 2.044900e-16 5.571855e+04 0.000000e+00
  55751.047798 2.052200e-16 5.584705e+04 0.000000e+00
  55879.562819 2.045400e-16 5.597578e+04 0.000000e+00
  56008.367918 2.043300e-16 5.610481e+04 0.000000e+00
  56137.473100 2.045900e-16 5.623413e+04 0.000000e+00
  56266.878363 2.043800e-16 5.636376e+04 0.000000e+00
  56396.573706 2.041600e-16 5.649368e+04 0.000000e+00
  56526.569130 2.048900e-16 5.662390e+04 0.000000e+00
  56656.924653 2.051500e-16 5.675448e+04 0.000000e+00
  56787.530243 2.054000e-16 5.688531e+04 0.000000e+00
  56918.425913 2.051900e-16 5.701643e+04 0.000000e+00
  57049.631667 2.059100e-16 5.714786e+04 0.000000e+00
  57181.127500 2.071200e-16 5.727959e+04 0.000000e+00
  57312.933418 2.078500e-16 5.741162e+04 0.000000e+00
  57445.109437 2.085900e-16 5.754402e+04 0.000000e+00
  57577.525521 2.098100e-16 5.767667e+04 0.000000e+00
  57710.251690 2.110400e-16 5.780962e+04 0.000000e+00
  57843.277940 2.122700e-16 5.794287e+04 0.000000e+00
  57976.604272 2.144900e-16 5.807643e+04 0.000000e+00
  58110.250692 2.157400e-16 5.821030e+04 0.000000e+00
  58244.197193 2.180000e-16 5.834448e+04 0.000000e+00
  58378.513795 2.202900e-16 5.847904e+04 0.000000e+00
  58513.080466 2.225900e-16 5.861383e+04 0.000000e+00
  58647.957221 2.259600e-16 5.874894e+04 0.000000e+00
  58783.144060 2.288500e-16 5.888436e+04 0.000000e+00
  58918.640984 2.333800e-16 5.902009e+04 0.000000e+00
  59143.112154 1.415500e-16 5.924495e+04 3.000000e+00
  59452.436448 3.183600e-16 5.955481e+04 3.000000e+00
  59761.760741 2.539300e-16 5.986466e+04 3.000000e+00
  60071.075032 1.706000e-16 6.017451e+04 3.000000e+00
  60380.409329 5.339500e-16 6.048437e+04 3.000000e+00
  60689.723620 3.855600e-16 6.079422e+04 3.000000e+00
  60999.037912 1.694400e-16 6.110407e+04 3.000000e+00
  61308.372209 3.715500e-16 6.141393e+04 3.000000e+00
  61617.686500 7.662500e-16 6.172378e+04 3.000000e+00
  61927.000792 9.424900e-16 6.203363e+04 3.000000e+00
  62236.325087 9.817300e-16 6.234349e+04 3.000000e+00
  62545.649382 8.578700e-16 6.265334e+04 3.000000e+00
  62854.963674 9.369500e-16 6.296319e+04 3.000000e+00
  63164.287969 7.040800e-16 6.327305e+04 3.000000e+00
  63473.612264 5.247300e-16 6.358290e+04 3.000000e+00
  63782.936559 6.425900e-16 6.389276e+04 3.000000e+00
  64092.250852 5.020400e-16 6.420261e+04 3.000000e+00
  64401.565145 4.172700e-16 6.451246e+04 3.000000e+00
  64710.899443 2.689100e-16 6.482232e+04 3.000000e+00
  65020.213736 3.617300e-16 6.513217e+04 3.000000e+00
  65329.528029 3.628900e-16 6.544202e+04 3.000000e+00
  65638.862327 2.447200e-16 6.575188e+04 3.000000e+00
  65948.176621 3.063200e-16 6.606173e+04 3.000000e+00
  66257.490914 2.463700e-16 6.637158e+04 3.000000e+00
  66566.825213 3.713100e-16 6.668145e+04 3.000000e+00
  66876.139507 3.936500e-16 6.699129e+04 3.000000e+00
  67185.453800 3.236200e-16 6.730114e+04 3.000000e+00
  67494.778097 3.265100e-16 6.761100e+04 3.000000e+00
  67804.102393 2.925300e-16 6.792085e+04 3.000000e+00
  68113.426690 1.936000e-16 6.823071e+04 3.000000e+00
  68422.750987 2.964200e-16 6.854056e+04 3.000000e+00
  68732.065281 2.979200e-16 6.885041e+04 3.000000e+00
  69041.389578 2.339800e-16 6.916027e+04 3.000000e+00
  69350.703872 2.920000e-16 6.947012e+04 3.000000e+00
  69660.028169 3.972100e-16 6.977998e+04 3.000000e+00
  69969.352467 2.744400e-16 7.008983e+04 3.000000e+00
  70278.666761 3.756500e-16 7.039968e+04 3.000000e+00
  70587.991059 2.777400e-16 7.070954e+04 3.000000e+00
  70897.315356 3.908200e-16 7.101939e+04 3.000000e+00
  71206.629651 3.914300e-16 7.132924e+04 3.000000e+00
  71515.963951 3.784400e-16 7.163910e+04 3.000000e+00
  71825.268244 4.036000e-16 7.194895e+04 3.000000e+00
  72134.602544 4.488000e-16 7.225881e+04 3.000000e+00
  72443.916839 3.875700e-16 7.256866e+04 3.000000e+00
  72753.231134 4.957000e-16 7.287851e+04 3.000000e+00
  73062.565435 6.067500e-16 7.318838e+04 3.000000e+00
  73371.879731 6.909500e-16 7.349822e+04 3.000000e+00
  73681.204029 7.952000e-16 7.380807e+04 3.000000e+00
  73990.528327 8.203500e-16 7.411793e+04 3.000000e+00
  74299.842623 7.960000e-16 7.442778e+04 3.000000e+00
  74609.166921 8.497700e-16 7.473763e+04 3.000000e+00
  74918.481217 8.143300e-16 7.504748e+04 3.000000e+00
  75207.559998 1.107200e-15 7.533706e+04 3.000000e+00
  75827.428928 1.068100e-15 7.595799e+04 3.000000e+00
  76447.307861 1.166800e-15 7.657894e+04 3.000000e+00
  77067.176791 1.237400e-15 7.719988e+04 3.000000e+00
  77687.055724 1.020100e-15 7.782082e+04 3.000000e+00
  78306.924655 1.029600e-15 7.844176e+04 3.000000e+00
  78926.803589 9.442800e-16 7.906271e+04 3.000000e+00
  79546.682523 7.683800e-16 7.968365e+04 3.000000e+00
  80166.551455 6.221400e-16 8.030459e+04 3.000000e+00
  80786.430389 5.111000e-16 8.092554e+04 3.000000e+00
  81406.309324 4.958700e-16 8.154648e+04 3.000000e+00
  82026.178256 4.984300e-16 8.216741e+04 3.000000e+00
  82646.057192 5.308300e-16 8.278836e+04 3.000000e+00
  83265.926124 5.516300e-16 8.340930e+04 3.000000e+00
  83885.805060 4.415700e-16 8.403025e+04 3.000000e+00
  84505.673993 5.101100e-16 8.465119e+04 3.000000e+00
  85125.552929 5.550900e-16 8.527213e+04 3.000000e+00
  85745.421863 6.802300e-16 8.589307e+04 3.000000e+00
  86365.310802 6.233900e-16 8.651402e+04 3.000000e+00
  86985.179736 4.900600e-16 8.713495e+04 3.000000e+00
  87605.048670 4.427700e-16 8.775590e+04 3.000000e+00
  88224.927606 3.493300e-16 8.837684e+04 3.000000e+00
  88844.796541 3.371700e-16 8.899778e+04 3.000000e+00
  89464.675478 2.748500e-16 8.961872e+04 3.000000e+00
  90084.544413 2.434900e-16 9.023966e+04 3.000000e+00
  90704.423350 2.558300e-16 9.086060e+04 3.000000e+00
  91324.302288 2.207800e-16 9.148155e+04 3.000000e+00
  91944.171223 2.231500e-16 9.210249e+04 3.000000e+00
  92564.050161 2.183300e-16 9.272344e+04 3.000000e+00
  93183.929100 1.946500e-16 9.334438e+04 3.000000e+00
  93803.798035 1.505000e-16 9.396532e+04 3.000000e+00
  94423.666971 1.105400e-16 9.458626e+04 3.000000e+00
  95043.545910 1.285700e-16 9.520720e+04 3.000000e+00
  95663.424848 2.074100e-16 9.582815e+04 3.000000e+00
  96283.293785 2.052200e-16 9.644909e+04 3.000000e+00
  96903.162721 1.611600e-16 9.707002e+04 3.000000e+00
  97523.051663 1.489900e-16 9.769098e+04 3.000000e+00
  98142.930602 1.269100e-16 9.831192e+04 3.000000e+00
  98762.799539 1.914900e-16 9.893286e+04 3.000000e+00
  99382.678478 1.516000e-16 9.955380e+04 3.000000e+00
 100002.507404 1.194600e-16 1.001747e+05 3.000000e+00
 100622.436358 1.462000e-16 1.007957e+05 3.000000e+00
 101242.265284 1.311800e-16 1.014166e+05 3.000000e+00
 101862.204240 1.102300e-16 1.020376e+05 3.000000e+00
 102482.033167 9.887200e-17 1.026585e+05 3.000000e+00
 103101.962121 1.070200e-16 1.032795e+05 3.000000e+00
 103721.811053 1.301200e-16 1.039004e+05 3.000000e+00
 104341.639980 1.388400e-16 1.045213e+05 3.000000e+00
 104961.568934 1.198900e-16 1.051423e+05 3.000000e+00
 105581.397861 1.802800e-16 1.057632e+05 3.000000e+00
 106201.336818 1.644100e-16 1.063842e+05 3.000000e+00
 106821.165745 1.667900e-16 1.070051e+05 3.000000e+00
 107440.994673 1.464900e-16 1.076260e+05 3.000000e+00
 108060.933630 1.729200e-16 1.082470e+05 3.000000e+00
 108680.772560 2.110200e-16 1.088679e+05 3.000000e+00
 109300.691512 2.452700e-16 1.094889e+05 3.000000e+00
 109920.530443 2.938000e-16 1.101098e+05 3.000000e+00
 110540.459398 3.286100e-16 1.107308e+05 3.000000e+00
 111160.298328 3.805200e-16 1.113517e+05 3.000000e+00
 111780.127256 5.688300e-16 1.119726e+05 3.000000e+00
 112400.056211 7.332100e-16 1.125936e+05 3.000000e+00
 113019.895142 6.850400e-16 1.132145e+05 3.000000e+00
 113639.824098 5.271000e-16 1.138355e+05 3.000000e+00
 114259.653026 3.848800e-16 1.144564e+05 3.000000e+00
 114879.591984 3.133300e-16 1.150774e+05 3.000000e+00
 115499.420913 2.975600e-16 1.156983e+05 3.000000e+00
 116119.249841 2.206800e-16 1.163192e+05 3.000000e+00
 116739.188800 2.282300e-16 1.169402e+05 3.000000e+00
 117359.017729 2.445400e-16 1.175611e+05 3.000000e+00
 117978.946684 2.245900e-16 1.181821e+05 3.000000e+00
 118598.775613 2.100800e-16 1.188030e+05 3.000000e+00
 119218.714572 2.068500e-16 1.194240e+05 3.000000e+00
 119838.553504 2.315700e-16 1.200449e+05 3.000000e+00
 120458.382433 2.280600e-16 1.206658e+05 3.000000e+00
 121078.321392 2.139800e-16 1.212868e+05 3.000000e+00
 121698.150321 2.024700e-16 1.219077e+05 3.000000e+00
 122318.079277 2.192400e-16 1.225287e+05 3.000000e+00
 122937.908207 2.401400e-16 1.231496e+05 3.000000e+00
 123557.757141 2.621200e-16 1.237705e+05 3.000000e+00
 124177.676095 2.498800e-16 1.243915e+05 3.000000e+00
 124797.515028 2.587700e-16 1.250124e+05 3.000000e+00
 125417.443984 2.580000e-16 1.256334e+05 3.000000e+00
 126037.282917 2.943600e-16 1.262543e+05 3.000000e+00
 126657.201871 2.876600e-16 1.268753e+05 3.000000e+00
 127277.040803 2.962700e-16 1.274962e+05 3.000000e+00
 127896.879736 4.082600e-16 1.281171e+05 3.000000e+00
 128516.808693 3.548500e-16 1.287381e+05 3.000000e+00
 129136.637623 2.191000e-16 1.293590e+05 3.000000e+00
 129756.576583 1.912200e-16 1.299800e+05 3.000000e+00
 130376.405512 1.620100e-16 1.306009e+05 3.000000e+00
 130996.234443 1.599900e-16 1.312218e+05 3.000000e+00
 131616.163400 1.611700e-16 1.318428e+05 3.000000e+00
 132236.002333 1.417700e-16 1.324637e+05 3.000000e+00
 132855.941293 1.404300e-16 1.330847e+05 3.000000e+00
 133475.760220 1.300500e-16 1.337056e+05 3.000000e+00
 134095.699181 1.496700e-16 1.343266e+05 3.000000e+00
 134715.538114 1.543500e-16 1.349475e+05 3.000000e+00
 135335.377047 1.246700e-16 1.355684e+05 3.000000e+00
 135955.306004 1.464400e-16 1.361894e+05 3.000000e+00
 136575.124932 1.065000e-16 1.368103e+05 3.000000e+00
 137195.063893 9.037600e-17 1.374313e+05 3.000000e+00
 137814.902826 1.164100e-16 1.380522e+05 3.000000e+00
 138434.831784 1.162900e-16 1.386732e+05 3.000000e+00
 139054.660714 1.061500e-16 1.392941e+05 3.000000e+00
 139674.499648 1.160400e-16 1.399150e+05 3.000000e+00
 140294.428606 1.060700e-16 1.405360e+05 3.000000e+00
 140914.267539 9.617400e-17 1.411569e+05 3.000000e+00
 141534.186495 1.013400e-16 1.417779e+05 3.000000e+00
 142154.025428 1.169800e-16 1.423988e+05 3.000000e+00
 142420.858152 1.058400e-16 1.426661e+05 3.000000e+00
 143336.187620 9.511600e-17 1.435830e+05 3.000000e+00
 144251.617115 9.919000e-17 1.445000e+05 3.000000e+00
 145166.946583 8.082300e-17 1.454169e+05 3.000000e+00
 146082.256046 8.234400e-17 1.463338e+05 3.000000e+00
 146997.685542 7.997500e-17 1.472508e+05 3.000000e+00
 147913.015010 7.920200e-17 1.481677e+05 3.000000e+00
 148828.324473 7.160100e-17 1.490846e+05 3.000000e+00
 149743.653942 7.414800e-17 1.500015e+05 3.000000e+00
 150659.083437 6.925000e-17 1.509185e+05 3.000000e+00
 151574.412906 8.066600e-17 1.518354e+05 3.000000e+00
 152489.722369 8.279600e-17 1.527523e+05 3.000000e+00
 153405.151866 7.690700e-17 1.536693e+05 3.000000e+00
 154320.481334 8.407100e-17 1.545862e+05 3.000000e+00
 155235.790798 1.030800e-16 1.555031e+05 3.000000e+00
 156151.120267 1.069800e-16 1.564200e+05 3.000000e+00
 157066.549763 8.054400e-17 1.573370e+05 3.000000e+00
 157981.879233 8.169800e-17 1.582539e+05 3.000000e+00
 158897.188696 8.882000e-17 1.591708e+05 3.000000e+00
 159812.618193 8.792000e-17 1.600878e+05 3.000000e+00
 160727.947662 8.481600e-17 1.610047e+05 3.000000e+00
 161643.257126 8.773600e-17 1.619216e+05 3.000000e+00
 162558.686623 9.532800e-17 1.628386e+05 3.000000e+00
 163474.016092 1.340200e-16 1.637555e+05 3.000000e+00
 164389.325557 1.589700e-16 1.646724e+05 3.000000e+00
 165304.655026 1.482600e-16 1.655893e+05 3.000000e+00
 166220.094526 1.318100e-16 1.665063e+05 3.000000e+00
 167135.393988 1.255900e-16 1.674232e+05 3.000000e+00
 168050.723457 1.286900e-16 1.683401e+05 3.000000e+00
 168966.052927 1.344100e-16 1.692570e+05 3.000000e+00
 169881.482424 1.571800e-16 1.701740e+05 3.000000e+00
 170796.811894 1.592600e-16 1.710909e+05 3.000000e+00
 171712.141364 1.355400e-16 1.720078e+05 3.000000e+00
 172627.560859 1.313100e-16 1.729248e+05 3.000000e+00
 173542.880327 1.435300e-16 1.738417e+05 3.000000e+00
 174458.209797 1.314000e-16 1.747586e+05 3.000000e+00
 175373.629291 1.132200e-16 1.756756e+05 3.000000e+00
 176288.948759 9.998200e-17 1.765925e+05 3.000000e+00
 177204.278229 9.656100e-17 1.775094e+05 3.000000e+00
 178119.597697 9.913800e-17 1.784263e+05 3.000000e+00
 179035.017192 9.178000e-17 1.793433e+05 3.000000e+00
 179950.346662 8.201400e-17 1.802602e+05 3.000000e+00
 180865.666130 7.657600e-17 1.811771e+05 3.000000e+00
 181781.085625 7.887100e-17 1.820941e+05 3.000000e+00
 182696.415096 7.580300e-17 1.830110e+05 3.000000e+00
 183611.734564 7.115900e-17 1.839279e+05 3.000000e+00
 184527.154059 7.383200e-17 1.848449e+05 3.000000e+00
 185442.483530 7.655700e-17 1.857618e+05 3.000000e+00
 186357.813000 1.075000e-16 1.866787e+05 3.000000e+00
 187273.132469 1.395200e-16 1.875956e+05 3.000000e+00
 188188.551964 1.069900e-16 1.885126e+05 3.000000e+00
 189103.881435 8.191300e-17 1.894295e+05 3.000000e+00
 190019.200903 6.889500e-17 1.903464e+05 3.000000e+00
 190934.640404 7.486400e-17 1.912634e+05 3.000000e+00
 191849.969875 7.204900e-17 1.921803e+05 3.000000e+00
 192765.269338 7.237200e-17 1.930972e+05 3.000000e+00
 193680.598809 6.572600e-17 1.940141e+05 3.000000e+00
 194596.038310 7.147600e-17 1.949311e+05 3.000000e+00
 195511.347776 7.376300e-17 1.958480e+05 3.000000e+00
 196426.677247 6.822800e-17 1.967649e+05 3.000000e+00
 197342.106745 6.265800e-17 1.976819e+05 3.000000e+00
 198257.416211 5.309200e-17 1.985988e+05 3.000000e+00
 199172.745682 6.617600e-17 1.995157e+05 3.000000e+00
 200088.075154 6.024200e-17 2.004326e+05 3.000000e+00
 201003.504652 6.388000e-17 2.013496e+05 3.000000e+00
 201918.814118 6.657300e-17 2.022665e+05 3.000000e+00
 202834.143589 6.330100e-17 2.031834e+05 3.000000e+00
 203749.573088 6.138400e-17 2.041004e+05 3.000000e+00
 204664.882554 6.847300e-17 2.050173e+05 3.000000e+00
 204847.772400 6.576400e-17 2.052005e+05 3.000000e+00
 206610.052707 6.230400e-17 2.069658e+05 3.000000e+00
 208373.403305 5.919900e-17 2.087322e+05 3.000000e+00
 210137.664152 5.913400e-17 2.104995e+05 3.000000e+00
 211903.015296 6.017000e-17 2.122679e+05 3.000000e+00
 213669.376715 6.078700e-17 2.140373e+05 3.000000e+00
 215436.838434 5.943600e-17 2.158078e+05 3.000000e+00
 217205.180393 6.149000e-17 2.175792e+05 3.000000e+00
 218974.632655 6.586000e-17 2.193517e+05 3.000000e+00
 220745.105195 5.895700e-17 2.211252e+05 3.000000e+00
 222516.648027 5.800300e-17 2.228998e+05 3.000000e+00
 224289.201134 5.811400e-17 2.246754e+05 3.000000e+00
 226062.744512 6.316500e-17 2.264520e+05 3.000000e+00
 227837.378186 6.263700e-17 2.282297e+05 3.000000e+00
 229613.022136 6.219700e-17 2.300084e+05 3.000000e+00
 231389.666359 6.019700e-17 2.317881e+05 3.000000e+00
 233167.400879 6.093700e-17 2.335689e+05 3.000000e+00
 234946.145674 6.269600e-17 2.353507e+05 3.000000e+00
 236725.970764 6.060100e-17 2.371336e+05 3.000000e+00
 238506.906157 6.255800e-17 2.389176e+05 3.000000e+00
 240288.841822 6.051400e-17 2.407026e+05 3.000000e+00
 242071.767757 6.026100e-17 2.424886e+05 3.000000e+00
 243855.803995 6.005100e-17 2.442757e+05 3.000000e+00
 245640.830503 5.780800e-17 2.460638e+05 3.000000e+00
 247427.067341 5.936600e-17 2.478531e+05 3.000000e+00
 249214.194421 5.997100e-17 2.496433e+05 3.000000e+00
 251002.391793 5.970600e-17 2.514346e+05 3.000000e+00
 252791.719474 6.001000e-17 2.532270e+05 3.000000e+00
 254582.137451 6.098400e-17 2.550205e+05 3.000000e+00
 256373.545699 6.161800e-17 2.568150e+05 3.000000e+00
 258166.054246 6.596800e-17 2.586106e+05 3.000000e+00
 259959.673097 6.674200e-17 2.604073e+05 3.000000e+00
 261754.382244 6.041500e-17 2.622051e+05 3.000000e+00
 263550.101667 5.674400e-17 2.640039e+05 3.000000e+00
 265346.881379 5.769000e-17 2.658038e+05 3.000000e+00
 267144.811404 5.701400e-17 2.676048e+05 3.000000e+00
 268943.681686 5.579800e-17 2.694068e+05 3.000000e+00
 270743.802308 5.521300e-17 2.712100e+05 3.000000e+00
 272544.893195 5.628100e-17 2.730142e+05 3.000000e+00
 274347.104388 5.767200e-17 2.748195e+05 3.000000e+00
 276150.405878 5.486200e-17 2.766259e+05 3.000000e+00
 277954.797664 5.411500e-17 2.784334e+05 3.000000e+00
 279760.279748 5.542600e-17 2.802420e+05 3.000000e+00
 281566.852130 6.249300e-17 2.820517e+05 3.000000e+00
 283374.554819 6.099600e-17 2.838625e+05 3.000000e+00
 285183.347806 5.638600e-17 2.856744e+05 3.000000e+00
 286993.231089 5.378200e-17 2.874874e+05 3.000000e+00
 288804.204670 5.398100e-17 2.893015e+05 3.000000e+00
 290616.278551 5.434800e-17 2.911167e+05 3.000000e+00
 292429.462735 5.634000e-17 2.929330e+05 3.000000e+00
 294243.747218 5.501800e-17 2.947504e+05 3.000000e+00
 296059.121999 5.621900e-17 2.965689e+05 3.000000e+00
 297875.677102 5.505800e-17 2.983886e+05 3.000000e+00
 299693.362512 5.525700e-17 3.002094e+05 3.000000e+00
 301512.008184 5.640200e-17 3.020312e+05 3.000000e+00
 303331.884192 5.518600e-17 3.038542e+05 3.000000e+00
 305152.840494 5.484200e-17 3.056783e+05 3.000000e+00
 306975.017129 5.652300e-17 3.075036e+05 3.000000e+00
 308798.184034 5.715000e-17 3.093299e+05 3.000000e+00
 310622.541263 5.683100e-17 3.111574e+05 3.000000e+00
 312448.088816 5.690200e-17 3.129861e+05 3.000000e+00
 314274.666651 5.430500e-17 3.148158e+05 3.000000e+00
 316102.424807 5.771800e-17 3.166467e+05 3.000000e+00
 317931.333277 5.608100e-17 3.184788e+05 3.000000e+00
 319761.282030 5.783900e-17 3.203119e+05 3.000000e+00
 321592.441113 5.722100e-17 3.221462e+05 3.000000e+00
 323424.810526 5.935300e-17 3.239817e+05 3.000000e+00
 325258.220223 6.123500e-17 3.258183e+05 3.000000e+00
 327092.750225 5.911500e-17 3.276560e+05 3.000000e+00
 328928.520565 5.919700e-17 3.294949e+05 3.000000e+00
 330765.451222 6.261200e-17 3.313350e+05 3.000000e+00
 332603.472175 7.343600e-17 3.331762e+05 3.000000e+00
 334442.623437 1.105800e-16 3.350185e+05 3.000000e+00
 336282.955020 1.006000e-16 3.368620e+05 3.000000e+00
 338124.496934 6.642200e-17 3.387067e+05 3.000000e+00
 339967.199163 5.993500e-17 3.405526e+05 3.000000e+00
 341811.031701 5.860300e-17 3.423996e+05 3.000000e+00
 343655.974541 6.232200e-17 3.442477e+05 3.000000e+00
 345502.167722 6.702200e-17 3.460971e+05 3.000000e+00
 347349.521220 1.119200e-16 3.479476e+05 3.000000e+00
 349198.025031 1.396600e-16 3.497993e+05 3.000000e+00
