# An Atlas of Galaxy Spectral Energy Distributions from the Ultraviolet to the Mid-Infrared
# Brown et al. (2014)
# http://dx.doi.org/10.5072/03/529D3551F0117
# 
# Column 1 : Restframe Wavelength (Angstrom)
# Column 2 : Flux per unit wavelength (ergs/s/cm^2/Angstrom)
# Column 3 : Observed wavelength (Angstrom)
# Column 4 : Source (0 = model, 1 = Optical Spectrum, 2 = Akari, 3 = Spitzer IRS)
# 
# CONVERTED air -> vacuum (Morton 2000/SDSS) above 2000 A by sedfit; wavelengths below are unchanged (already vacuum by convention).
    102.090000 1.989100e-26 1.039900e+02 0.000000e+00
    103.990000 3.003700e-26 1.059300e+02 0.000000e+00
    105.920000 4.588300e-26 1.078900e+02 0.000000e+00
    107.890000 7.106500e-26 1.099000e+02 0.000000e+00
    109.900000 1.223600e-25 1.119400e+02 0.000000e+00
    114.020000 2.521500e-25 1.161400e+02 0.000000e+00
    118.030000 4.804600e-25 1.202300e+02 0.000000e+00
    121.060000 2.262800e-24 1.233100e+02 0.000000e+00
    125.020000 3.869500e-24 1.273500e+02 0.000000e+00
    127.060000 4.871400e-24 1.294200e+02 0.000000e+00
    127.940000 5.554600e-24 1.303200e+02 0.000000e+00
    130.920000 7.649900e-24 1.333500e+02 0.000000e+00
    132.130000 9.697400e-24 1.345900e+02 0.000000e+00
    133.970000 1.182100e-23 1.364600e+02 0.000000e+00
    137.090000 1.830900e-23 1.396400e+02 0.000000e+00
    139.960000 2.424700e-23 1.425600e+02 0.000000e+00
    142.890000 8.311000e-23 1.455500e+02 0.000000e+00
    146.890000 2.758400e-22 1.496200e+02 0.000000e+00
    151.010000 3.686800e-22 1.538200e+02 0.000000e+00
    154.880000 4.950600e-22 1.577600e+02 0.000000e+00
    158.850000 6.616900e-22 1.618100e+02 0.000000e+00
    162.180000 8.121800e-22 1.652000e+02 0.000000e+00
    165.960000 1.073100e-21 1.690400e+02 0.000000e+00
    169.820000 1.376100e-21 1.729800e+02 0.000000e+00
    172.980000 1.654500e-21 1.762000e+02 0.000000e+00
    177.010000 2.087600e-21 1.803000e+02 0.000000e+00
    179.880000 2.464100e-21 1.832300e+02 0.000000e+00
    181.970000 2.758400e-21 1.853500e+02 0.000000e+00
    186.210000 3.409200e-21 1.896700e+02 0.000000e+00
    190.980000 4.402000e-21 1.945400e+02 0.000000e+00
    194.090000 5.148200e-21 1.977000e+02 0.000000e+00
    198.150000 6.203800e-21 2.018400e+02 0.000000e+00
    201.830000 7.493000e-21 2.055900e+02 0.000000e+00
    205.110000 8.563600e-21 2.089300e+02 0.000000e+00
    209.890000 1.015400e-20 2.138000e+02 0.000000e+00
    215.770000 1.360400e-20 2.197900e+02 0.000000e+00
    219.780000 1.602000e-20 2.238700e+02 0.000000e+00
    222.840000 1.776900e-20 2.269900e+02 0.000000e+00
    226.980000 2.082800e-20 2.312100e+02 0.000000e+00
    230.140000 3.488600e-20 2.344200e+02 0.000000e+00
    233.880000 6.481200e-20 2.382300e+02 0.000000e+00
    239.880000 9.239600e-20 2.443400e+02 0.000000e+00
    246.030000 1.008500e-19 2.506100e+02 0.000000e+00
    251.760000 1.226500e-19 2.564500e+02 0.000000e+00
    257.040000 1.160500e-19 2.618200e+02 0.000000e+00
    260.010000 1.417900e-19 2.648500e+02 0.000000e+00
    264.240000 1.616800e-19 2.691500e+02 0.000000e+00
    269.150000 1.785100e-19 2.741600e+02 0.000000e+00
    274.150000 1.957300e-19 2.792500e+02 0.000000e+00
    279.250000 2.141200e-19 2.844500e+02 0.000000e+00
    283.790000 2.342400e-19 2.890700e+02 0.000000e+00
    289.730000 2.475500e-19 2.951200e+02 0.000000e+00
    295.800000 2.783900e-19 3.013000e+02 0.000000e+00
    301.300000 2.983000e-19 3.069000e+02 0.000000e+00
    308.310000 3.354700e-19 3.140500e+02 0.000000e+00
    317.680000 3.941400e-19 3.235900e+02 0.000000e+00
    328.090000 4.494200e-19 3.341900e+02 0.000000e+00
    338.060000 5.054200e-19 3.443500e+02 0.000000e+00
    348.330000 5.631900e-19 3.548100e+02 0.000000e+00
    357.270000 6.203800e-19 3.639200e+02 0.000000e+00
    365.590000 6.849400e-19 3.723900e+02 0.000000e+00
    374.970000 7.424300e-19 3.819400e+02 0.000000e+00
    384.590000 7.846100e-19 3.917400e+02 0.000000e+00
    395.360000 8.803500e-19 4.027200e+02 0.000000e+00
    404.570000 9.586400e-19 4.121000e+02 0.000000e+00
    413.990000 1.020100e-18 4.217000e+02 0.000000e+00
    421.690000 1.068200e-18 4.295400e+02 0.000000e+00
    429.530000 1.121100e-18 4.375200e+02 0.000000e+00
    440.550000 1.206900e-18 4.487500e+02 0.000000e+00
    450.810000 1.269600e-18 4.592000e+02 0.000000e+00
    460.250000 1.326300e-18 4.688100e+02 0.000000e+00
    469.890000 1.395300e-18 4.786300e+02 0.000000e+00
    479.730000 1.474500e-18 4.886500e+02 0.000000e+00
    489.770000 1.519300e-18 4.988800e+02 0.000000e+00
    500.030000 1.609400e-18 5.093300e+02 0.000000e+00
    505.820000 1.635500e-18 5.152300e+02 0.000000e+00
    511.670000 1.768700e-18 5.211900e+02 0.000000e+00
    519.990000 1.826600e-18 5.296600e+02 0.000000e+00
    529.660000 1.882200e-18 5.395100e+02 0.000000e+00
    539.500000 1.903900e-18 5.495400e+02 0.000000e+00
    549.530000 2.002900e-18 5.597600e+02 0.000000e+00
    559.750000 2.136300e-18 5.701600e+02 0.000000e+00
    570.160000 2.262800e-18 5.807600e+02 0.000000e+00
    579.420000 2.294300e-18 5.902000e+02 0.000000e+00
    590.190000 2.435900e-18 6.011700e+02 0.000000e+00
    599.780000 2.469800e-18 6.109400e+02 0.000000e+00
    609.530000 2.380400e-18 6.208700e+02 0.000000e+00
    619.430000 2.771100e-18 6.309600e+02 0.000000e+00
    629.500000 2.861900e-18 6.412100e+02 0.000000e+00
    639.730000 2.962500e-18 6.516300e+02 0.000000e+00
    650.120000 3.109200e-18 6.622200e+02 0.000000e+00
    657.650000 3.203700e-18 6.698800e+02 0.000000e+00
    665.260000 3.339300e-18 6.776400e+02 0.000000e+00
    674.520000 3.417100e-18 6.870700e+02 0.000000e+00
    685.480000 3.417100e-18 6.982300e+02 0.000000e+00
    695.010000 3.851700e-18 7.079500e+02 0.000000e+00
    704.680000 3.798900e-18 7.177900e+02 0.000000e+00
    716.130000 4.223300e-18 7.294600e+02 0.000000e+00
    726.100000 4.381800e-18 7.396100e+02 0.000000e+00
    734.500000 4.525400e-18 7.481700e+02 0.000000e+00
    744.720000 4.871400e-18 7.585800e+02 0.000000e+00
    755.080000 5.112800e-18 7.691300e+02 0.000000e+00
    765.590000 5.160100e-18 7.798300e+02 0.000000e+00
    774.450000 5.723400e-18 7.888600e+02 0.000000e+00
    785.220000 6.007000e-18 7.998300e+02 0.000000e+00
    794.320000 6.304600e-18 8.091000e+02 0.000000e+00
    805.370000 6.601700e-18 8.203500e+02 0.000000e+00
    814.690000 6.865200e-18 8.298500e+02 0.000000e+00
    824.130000 7.424300e-18 8.394600e+02 0.000000e+00
    835.590000 6.511100e-18 8.511400e+02 0.000000e+00
    845.270000 7.900500e-18 8.609900e+02 0.000000e+00
    855.050000 8.178100e-18 8.709600e+02 0.000000e+00
    864.960000 8.763000e-18 8.810500e+02 0.000000e+00
    874.970000 9.389800e-18 8.912500e+02 0.000000e+00
    885.100000 1.017800e-17 9.015700e+02 0.000000e+00
    895.350000 1.075600e-17 9.120100e+02 0.000000e+00
    905.720000 1.088100e-17 9.225700e+02 0.000000e+00
    914.100000 1.654500e-17 9.311100e+02 0.000000e+00
    924.680000 1.075600e-16 9.418900e+02 0.000000e+00
    935.390000 2.430300e-16 9.528000e+02 0.000000e+00
    944.050000 4.804600e-16 9.616100e+02 0.000000e+00
    954.980000 7.073800e-16 9.727500e+02 0.000000e+00
    966.040000 7.955300e-16 9.840100e+02 0.000000e+00
    974.980000 1.212400e-16 9.931200e+02 0.000000e+00
    984.000000 6.632200e-16 1.002310e+03 0.000000e+00
    995.390000 7.373200e-16 1.013910e+03 0.000000e+00
   1004.600000 1.142000e-15 1.023290e+03 0.000000e+00
   1013.900000 1.126300e-15 1.032760e+03 0.000000e+00
   1025.640000 4.837900e-16 1.044720e+03 0.000000e+00
   1035.130000 7.792100e-16 1.054390e+03 0.000000e+00
   1044.710000 1.598300e-15 1.064140e+03 0.000000e+00
   1054.370000 1.587300e-15 1.073990e+03 0.000000e+00
   1064.130000 1.235000e-15 1.083930e+03 0.000000e+00
   1073.970000 1.522800e-15 1.093960e+03 0.000000e+00
   1083.910000 1.182100e-15 1.104080e+03 0.000000e+00
   1093.940000 1.650600e-15 1.114290e+03 0.000000e+00
   1104.060000 1.602000e-15 1.124610e+03 0.000000e+00
   1114.280000 1.544000e-15 1.135010e+03 0.000000e+00
   1124.590000 1.392000e-15 1.145510e+03 0.000000e+00
   1134.990000 1.847800e-15 1.156110e+03 0.000000e+00
   1145.500000 1.685200e-15 1.166810e+03 0.000000e+00
   1156.100000 1.835100e-15 1.177610e+03 0.000000e+00
   1164.110000 1.917100e-15 1.185770e+03 0.000000e+00
   1174.880000 1.302100e-15 1.196740e+03 0.000000e+00
   1185.750000 1.899600e-15 1.207810e+03 0.000000e+00
   1193.970000 1.260800e-15 1.216190e+03 0.000000e+00
   1205.020000 8.783200e-16 1.227440e+03 0.000000e+00
   1216.170000 6.189500e-16 1.238800e+03 0.000000e+00
   1224.600000 1.323300e-15 1.247380e+03 0.000000e+00
   1235.930000 2.102100e-15 1.258930e+03 0.000000e+00
   1244.500000 2.347800e-15 1.267650e+03 0.000000e+00
   1256.010000 2.247300e-15 1.279380e+03 0.000000e+00
   1264.720000 1.912700e-15 1.288250e+03 0.000000e+00
   1276.420000 2.574300e-15 1.300170e+03 0.000000e+00
   1285.270000 2.733100e-15 1.309180e+03 0.000000e+00
   1294.180000 2.107000e-15 1.318260e+03 0.000000e+00
   1306.150000 2.097300e-15 1.330450e+03 0.000000e+00
   1315.210000 2.733100e-15 1.339680e+03 0.000000e+00
   1324.320000 2.622100e-15 1.348960e+03 0.000000e+00
   1333.500000 2.299600e-15 1.358310e+03 0.000000e+00
   1345.840000 2.842200e-15 1.370880e+03 0.000000e+00
   1355.170000 2.764700e-15 1.380380e+03 0.000000e+00
   1364.560000 2.452800e-15 1.389950e+03 0.000000e+00
   1374.020000 2.622100e-15 1.399590e+03 0.000000e+00
   1383.550000 2.677000e-15 1.409290e+03 0.000000e+00
   1396.350000 2.337000e-15 1.422330e+03 0.000000e+00
   1406.030000 2.458400e-15 1.432190e+03 0.000000e+00
   1415.770000 2.509900e-15 1.442120e+03 0.000000e+00
   1425.590000 2.622100e-15 1.452110e+03 0.000000e+00
   1435.470000 2.616100e-15 1.462180e+03 0.000000e+00
   1442.090000 2.796800e-15 1.468930e+03 0.000000e+00
   1445.420000 2.855300e-15 1.472310e+03 0.000000e+00
   1455.440000 2.783900e-15 1.482520e+03 0.000000e+00
   1465.530000 2.562400e-15 1.492790e+03 0.000000e+00
   1475.690000 2.580200e-15 1.503140e+03 0.000000e+00
   1485.910000 2.652500e-15 1.513560e+03 0.000000e+00
   1496.210000 2.726800e-15 1.524050e+03 0.000000e+00
   1506.590000 2.580200e-15 1.534620e+03 0.000000e+00
   1513.540000 2.278500e-15 1.541700e+03 0.000000e+00
   1517.030000 2.469800e-15 1.545250e+03 0.000000e+00
   1524.030000 2.396900e-15 1.552390e+03 0.000000e+00
   1534.600000 2.073300e-15 1.563150e+03 0.000000e+00
   1545.230000 2.337000e-15 1.573980e+03 0.000000e+00
   1555.940000 2.211300e-15 1.584890e+03 0.000000e+00
   1566.730000 2.262800e-15 1.595880e+03 0.000000e+00
   1573.960000 2.435900e-15 1.603250e+03 0.000000e+00
   1584.870000 2.586200e-15 1.614360e+03 0.000000e+00
   1595.860000 2.658600e-15 1.625550e+03 0.000000e+00
   1603.220000 2.628200e-15 1.633050e+03 0.000000e+00
   1614.340000 2.658600e-15 1.644370e+03 0.000000e+00
   1625.530000 2.509900e-15 1.655770e+03 0.000000e+00
   1636.790000 2.708000e-15 1.667250e+03 0.000000e+00
   1644.350000 2.771100e-15 1.674940e+03 0.000000e+00
   1655.750000 2.550700e-15 1.686550e+03 0.000000e+00
   1663.390000 2.829100e-15 1.694340e+03 0.000000e+00
   1671.070000 2.504100e-15 1.702160e+03 0.000000e+00
   1678.780000 2.855300e-15 1.710020e+03 0.000000e+00
   1686.530000 3.010600e-15 1.717910e+03 0.000000e+00
   1694.310000 2.829100e-15 1.725840e+03 0.000000e+00
   1706.060000 2.720500e-15 1.737800e+03 0.000000e+00
   1713.930000 2.574300e-15 1.745820e+03 0.000000e+00
   1725.810000 2.580200e-15 1.757920e+03 0.000000e+00
   1733.780000 2.783900e-15 1.766040e+03 0.000000e+00
   1745.800000 2.726800e-15 1.778280e+03 0.000000e+00
   1753.860000 2.942100e-15 1.786490e+03 0.000000e+00
   1766.010000 2.689400e-15 1.798870e+03 0.000000e+00
   1774.160000 2.777500e-15 1.807170e+03 0.000000e+00
   1786.460000 2.848800e-15 1.819700e+03 0.000000e+00
   1794.710000 3.080700e-15 1.828100e+03 0.000000e+00
   1802.990000 3.066600e-15 1.836540e+03 0.000000e+00
   1815.490000 2.822600e-15 1.849270e+03 0.000000e+00
   1823.870000 2.901700e-15 1.857800e+03 0.000000e+00
   1836.510000 2.790300e-15 1.870680e+03 0.000000e+00
   1844.990000 2.556600e-15 1.879320e+03 0.000000e+00
   1853.510000 2.580200e-15 1.887990e+03 0.000000e+00
   1866.350000 2.683200e-15 1.901080e+03 0.000000e+00
   1874.970000 2.948900e-15 1.909850e+03 0.000000e+00
   1883.620000 2.708000e-15 1.918670e+03 0.000000e+00
   1896.680000 2.616100e-15 1.931970e+03 0.000000e+00
   1905.430000 2.790300e-15 1.940890e+03 0.000000e+00
   1914.230000 2.689400e-15 1.949840e+03 0.000000e+00
   1923.060000 2.646400e-15 1.958840e+03 0.000000e+00
   1936.390000 2.720500e-15 1.972420e+03 0.000000e+00
   1945.330000 2.888400e-15 1.981530e+03 0.000000e+00
   1954.310000 2.714300e-15 1.990670e+03 0.000000e+00
   1967.860000 3.010600e-15 2.004470e+03 0.000000e+00
   1976.940000 3.102100e-15 2.013720e+03 0.000000e+00
   1986.070000 2.942100e-15 2.023020e+03 0.000000e+00
   1995.230000 2.868500e-15 2.032360e+03 0.000000e+00
   2005.088860 2.969300e-15 2.041740e+03 0.000000e+00
   2014.350492 2.868500e-15 2.051160e+03 0.000000e+00
   2023.642150 3.010600e-15 2.060630e+03 0.000000e+00
   2037.664693 2.875100e-15 2.074910e+03 0.000000e+00
   2047.076425 3.017600e-15 2.084490e+03 0.000000e+00
   2056.518182 2.888400e-15 2.094110e+03 0.000000e+00
   2066.009966 2.908400e-15 2.103780e+03 0.000000e+00
   2075.541776 3.138000e-15 2.113490e+03 0.000000e+00
   2080.332692 3.066600e-15 2.118360e+03 0.000000e+00
   2085.123612 3.233400e-15 2.123240e+03 0.000000e+00
   2094.745473 3.052500e-15 2.133040e+03 0.000000e+00
   2104.417360 3.066600e-15 2.142890e+03 0.000000e+00
   2114.129271 3.130800e-15 2.152780e+03 0.000000e+00
   2123.881204 3.159800e-15 2.162720e+03 0.000000e+00
   2133.683162 2.928600e-15 2.172700e+03 0.000000e+00
   2143.535144 3.066600e-15 2.182730e+03 0.000000e+00
   2153.427149 3.196400e-15 2.192810e+03 0.000000e+00
   2163.369177 3.080700e-15 2.202930e+03 0.000000e+00
   2173.351226 3.073700e-15 2.213090e+03 0.000000e+00
   2183.383298 3.073700e-15 2.223310e+03 0.000000e+00
   2193.455391 3.225900e-15 2.233570e+03 0.000000e+00
   2203.587509 3.138000e-15 2.243880e+03 0.000000e+00
   2213.749645 2.942100e-15 2.254240e+03 0.000000e+00
   2223.971805 2.881700e-15 2.264640e+03 0.000000e+00
   2234.233985 3.159800e-15 2.275100e+03 0.000000e+00
   2244.546186 3.024500e-15 2.285600e+03 0.000000e+00
   2254.908409 2.842200e-15 2.296150e+03 0.000000e+00
   2265.310651 2.910300e-15 2.306750e+03 0.000000e+00
   2275.762914 3.029600e-15 2.317390e+03 0.000000e+00
   2286.275200 3.183000e-15 2.328090e+03 0.000000e+00
   2296.827505 2.980500e-15 2.338840e+03 0.000000e+00
   2307.419828 3.046100e-15 2.349630e+03 0.000000e+00
   2318.072174 2.878800e-15 2.360480e+03 0.000000e+00
   2323.413353 2.241000e-15 2.365920e+03 0.000000e+00
   2334.135728 2.617500e-15 2.376840e+03 0.000000e+00
   2344.918125 2.490900e-15 2.387810e+03 0.000000e+00
   2355.740540 2.817200e-15 2.398830e+03 0.000000e+00
   2366.612975 2.502000e-15 2.409910e+03 0.000000e+00
   2377.535429 2.634800e-15 2.421030e+03 0.000000e+00
   2383.016664 2.382200e-15 2.426610e+03 0.000000e+00
   2394.009147 2.584900e-15 2.437810e+03 0.000000e+00
   2405.061651 2.488400e-15 2.449060e+03 0.000000e+00
   2416.164174 2.590500e-15 2.460370e+03 0.000000e+00
   2427.306715 2.876500e-15 2.471720e+03 0.000000e+00
   2438.519278 2.781900e-15 2.483130e+03 0.000000e+00
   2444.130564 2.996200e-15 2.488860e+03 0.000000e+00
   2455.413156 2.985700e-15 2.500350e+03 0.000000e+00
   2466.745766 2.934500e-15 2.511890e+03 0.000000e+00
   2478.138397 2.805500e-15 2.523480e+03 0.000000e+00
   2483.849718 2.794200e-15 2.529300e+03 0.000000e+00
   2495.312376 2.677500e-15 2.540970e+03 0.000000e+00
   2506.825053 3.113300e-15 2.552700e+03 0.000000e+00
   2512.606399 2.591000e-15 2.558590e+03 0.000000e+00
   2518.397750 2.628500e-15 2.564480e+03 0.000000e+00
   2524.209107 2.540700e-15 2.570400e+03 0.000000e+00
   2535.851830 2.663400e-15 2.582260e+03 0.000000e+00
   2547.554574 2.654200e-15 2.594180e+03 0.000000e+00
   2553.425954 3.007300e-15 2.600160e+03 0.000000e+00
   2565.218728 2.848800e-15 2.612160e+03 0.000000e+00
   2577.051519 3.084400e-15 2.624220e+03 0.000000e+00
   2582.992923 3.015900e-15 2.630270e+03 0.000000e+00
   2594.915744 2.950600e-15 2.642410e+03 0.000000e+00
   2606.898585 2.821000e-15 2.654610e+03 0.000000e+00
   2612.900010 2.764800e-15 2.660720e+03 0.000000e+00
   2624.962880 2.993400e-15 2.673010e+03 0.000000e+00
   2637.075767 3.316400e-15 2.685340e+03 0.000000e+00
   2643.157218 3.783700e-15 2.691540e+03 0.000000e+00
   2655.360136 4.106000e-15 2.703960e+03 0.000000e+00
   2667.613070 3.450900e-15 2.716440e+03 0.000000e+00
   2673.764546 3.708400e-15 2.722700e+03 0.000000e+00
   2686.107511 3.799200e-15 2.735270e+03 0.000000e+00
   2698.500493 3.477000e-15 2.747890e+03 0.000000e+00
   2704.721992 3.719300e-15 2.754230e+03 0.000000e+00
   2717.205004 3.365000e-15 2.766940e+03 0.000000e+00
   2723.466517 3.297900e-15 2.773320e+03 0.000000e+00
   2736.039558 3.562500e-15 2.786120e+03 0.000000e+00
   2748.662617 2.859400e-15 2.798980e+03 0.000000e+00
   2755.004156 3.051700e-15 2.805430e+03 0.000000e+00
   2767.717244 3.296500e-15 2.818380e+03 0.000000e+00
   2774.098796 3.494000e-15 2.824880e+03 0.000000e+00
   2786.901914 3.075000e-15 2.837920e+03 0.000000e+00
   2793.323479 2.339400e-15 2.844460e+03 0.000000e+00
   2806.216626 2.544700e-15 2.857590e+03 0.000000e+00
   2812.688208 3.434800e-15 2.864180e+03 0.000000e+00
   2825.671384 3.912300e-15 2.877400e+03 0.000000e+00
   2838.714579 3.801600e-15 2.890680e+03 0.000000e+00
   2845.256184 3.582800e-15 2.897340e+03 0.000000e+00
   2858.389409 3.189800e-15 2.910720e+03 0.000000e+00
   2864.981029 4.018200e-15 2.917430e+03 0.000000e+00
   2878.204282 4.222500e-15 2.930890e+03 0.000000e+00
   2884.835916 4.091100e-15 2.937650e+03 0.000000e+00
   2898.149199 4.230400e-15 2.951210e+03 0.000000e+00
   2911.522500 4.896900e-15 2.964830e+03 0.000000e+00
   2931.707492 4.610400e-15 2.985380e+03 0.000000e+00
   2952.032528 4.513900e-15 3.006080e+03 0.000000e+00
   2972.487606 4.724800e-15 3.026910e+03 0.000000e+00
   2993.092731 4.777600e-15 3.047890e+03 0.000000e+00
   3013.837899 4.920900e-15 3.069020e+03 0.000000e+00
   3027.751371 4.984200e-15 3.083190e+03 0.000000e+00
   3048.736615 5.075000e-15 3.104560e+03 0.000000e+00
   3069.871904 5.215300e-15 3.126080e+03 0.000000e+00
   3091.147238 5.298200e-15 3.147750e+03 0.000000e+00
   3112.572618 5.482500e-15 3.169570e+03 0.000000e+00
   3134.148044 5.368300e-15 3.191540e+03 0.000000e+00
   3148.611686 5.400200e-15 3.206270e+03 0.000000e+00
   3170.437188 5.588200e-15 3.228490e+03 0.000000e+00
   3192.412737 5.165900e-15 3.250870e+03 0.000000e+00
   3214.548333 5.546400e-15 3.273410e+03 0.000000e+00
   3229.382088 5.076900e-15 3.288520e+03 0.000000e+00
   3251.767761 5.894900e-15 3.311310e+03 0.000000e+00
   3274.303480 6.387900e-15 3.334260e+03 0.000000e+00
   3289.417320 6.338000e-15 3.349660e+03 0.000000e+00
   3312.213117 6.307300e-15 3.372870e+03 0.000000e+00
   3319.855062 6.355400e-15 3.380650e+03 0.000000e+00
   3327.507010 6.301400e-15 3.388440e+03 0.000000e+00
   3335.178965 6.850700e-15 3.396250e+03 0.000000e+00
   3342.860922 6.397900e-15 3.404080e+03 0.000000e+00
   3350.572888 6.987700e-15 3.411930e+03 0.000000e+00
   3358.294858 6.739600e-15 3.419790e+03 0.000000e+00
   3366.036833 5.780100e-15 3.427680e+03 0.000000e+00
   3373.788812 5.665500e-15 3.435580e+03 0.000000e+00
   3381.570799 6.738100e-15 3.443500e+03 0.000000e+00
   3389.362790 6.805200e-15 3.451440e+03 0.000000e+00
   3397.174786 6.429000e-15 3.459390e+03 0.000000e+00
   3405.006788 7.021800e-15 3.467370e+03 0.000000e+00
   3412.858796 6.349700e-15 3.475360e+03 0.000000e+00
   3420.730810 6.487200e-15 3.483370e+03 0.000000e+00
   3428.612828 6.658300e-15 3.491400e+03 0.000000e+00
   3436.514851 6.913000e-15 3.499450e+03 0.000000e+00
   3444.436880 5.970000e-15 3.507520e+03 0.000000e+00
   3452.378915 6.875100e-15 3.515600e+03 0.000000e+00
   3460.330953 6.723300e-15 3.523710e+03 0.000000e+00
   3468.313000 6.651100e-15 3.531830e+03 0.000000e+00
   3476.305050 6.842300e-15 3.539970e+03 0.000000e+00
   3484.317106 6.768700e-15 3.548130e+03 0.000000e+00
   3492.349168 6.836200e-15 3.556310e+03 0.000000e+00
   3500.401236 6.125300e-15 3.564510e+03 0.000000e+00
   3508.473309 7.102900e-15 3.572730e+03 0.000000e+00
   3516.555386 6.482500e-15 3.580960e+03 0.000000e+00
   3524.667471 6.967100e-15 3.589220e+03 0.000000e+00
   3532.789560 6.876500e-15 3.597490e+03 0.000000e+00
   3540.931654 7.339700e-15 3.605790e+03 0.000000e+00
   3549.093754 7.655800e-15 3.614100e+03 0.000000e+00
   3557.275860 7.216100e-15 3.622430e+03 0.000000e+00
   3565.477972 7.406500e-15 3.630780e+03 0.000000e+00
   3573.700090 6.396300e-15 3.639150e+03 0.000000e+00
   3581.932211 6.656400e-15 3.647540e+03 0.000000e+00
   3590.194341 5.553400e-15 3.655950e+03 0.000000e+00
   3598.466474 6.996400e-15 3.664370e+03 0.000000e+00
   3606.768615 7.131600e-15 3.672820e+03 0.000000e+00
   3612.049977 5.551700e-15 3.678210e+03 1.000000e+00
   3614.750674 7.515300e-15 3.680960e+03 1.000000e+00
   3617.451371 6.808000e-15 3.683710e+03 1.000000e+00
   3620.152068 7.075200e-15 3.686460e+03 1.000000e+00
   3622.852765 7.063300e-15 3.689210e+03 1.000000e+00
   3625.553462 6.472200e-15 3.691960e+03 1.000000e+00
   3628.254159 5.535600e-15 3.694710e+03 1.000000e+00
   3630.954857 5.741400e-15 3.697460e+03 1.000000e+00
   3633.655554 5.380900e-15 3.700210e+03 1.000000e+00
   3636.356251 5.161100e-15 3.702960e+03 1.000000e+00
   3639.056949 5.562900e-15 3.705710e+03 1.000000e+00
   3641.757646 8.492400e-15 3.708460e+03 1.000000e+00
   3644.458344 8.465700e-15 3.711210e+03 1.000000e+00
   3647.159042 7.677600e-15 3.713960e+03 1.000000e+00
   3649.859739 7.378100e-15 3.716710e+03 1.000000e+00
   3652.560437 7.511200e-15 3.719460e+03 1.000000e+00
   3655.261135 6.944400e-15 3.722210e+03 1.000000e+00
   3657.961833 6.886900e-15 3.724960e+03 1.000000e+00
   3660.662531 6.792300e-15 3.727710e+03 1.000000e+00
   3663.363229 5.680800e-15 3.730460e+03 1.000000e+00
   3666.063927 6.326100e-15 3.733210e+03 1.000000e+00
   3668.764626 6.621500e-15 3.735960e+03 1.000000e+00
   3671.465324 7.975600e-15 3.738710e+03 1.000000e+00
   3674.166022 8.643200e-15 3.741460e+03 1.000000e+00
   3676.866721 5.670200e-15 3.744210e+03 1.000000e+00
   3679.567419 7.480000e-15 3.746960e+03 1.000000e+00
   3682.268118 8.752200e-15 3.749710e+03 1.000000e+00
   3684.968817 8.039700e-15 3.752460e+03 1.000000e+00
   3687.669515 6.908500e-15 3.755210e+03 1.000000e+00
   3690.370214 6.765700e-15 3.757960e+03 1.000000e+00
   3693.070913 6.595700e-15 3.760710e+03 1.000000e+00
   3695.771612 8.285100e-15 3.763460e+03 1.000000e+00
   3698.472311 9.360700e-15 3.766210e+03 1.000000e+00
   3701.173010 8.180500e-15 3.768960e+03 1.000000e+00
   3703.873709 7.457800e-15 3.771710e+03 1.000000e+00
   3706.574408 8.616200e-15 3.774460e+03 1.000000e+00
   3709.265105 6.724100e-15 3.777210e+03 1.000000e+00
   3711.965804 7.406600e-15 3.779960e+03 1.000000e+00
   3714.666503 8.314800e-15 3.782710e+03 1.000000e+00
   3717.367203 7.703700e-15 3.785460e+03 1.000000e+00
   3720.067902 8.081600e-15 3.788210e+03 1.000000e+00
   3722.768602 8.486800e-15 3.790960e+03 1.000000e+00
   3725.469301 9.984800e-15 3.793710e+03 1.000000e+00
   3728.170001 1.310300e-14 3.796460e+03 1.000000e+00
   3730.870701 1.573600e-14 3.799210e+03 1.000000e+00
   3733.571401 1.509100e-14 3.801960e+03 1.000000e+00
   3736.272101 1.287300e-14 3.804710e+03 1.000000e+00
   3738.972801 9.797000e-15 3.807460e+03 1.000000e+00
   3741.673501 8.051100e-15 3.810210e+03 1.000000e+00
   3744.374201 6.963400e-15 3.812960e+03 1.000000e+00
   3747.074901 6.670600e-15 3.815710e+03 1.000000e+00
   3749.775601 6.246500e-15 3.818460e+03 1.000000e+00
   3752.476301 7.560400e-15 3.821210e+03 1.000000e+00
   3755.177002 7.298300e-15 3.823960e+03 1.000000e+00
   3757.877702 7.696000e-15 3.826710e+03 1.000000e+00
   3760.578402 8.268500e-15 3.829460e+03 1.000000e+00
   3763.279103 6.798900e-15 3.832210e+03 1.000000e+00
   3765.979803 8.988000e-15 3.834960e+03 1.000000e+00
   3768.680504 8.033900e-15 3.837710e+03 1.000000e+00
   3771.381205 7.056100e-15 3.840460e+03 1.000000e+00
   3774.081906 6.489300e-15 3.843210e+03 1.000000e+00
   3776.782606 7.551500e-15 3.845960e+03 1.000000e+00
   3779.483307 9.180900e-15 3.848710e+03 1.000000e+00
   3782.184008 9.480700e-15 3.851460e+03 1.000000e+00
   3784.884709 9.199100e-15 3.854210e+03 1.000000e+00
   3787.585410 9.084600e-15 3.856960e+03 1.000000e+00
   3790.286111 7.702800e-15 3.859710e+03 1.000000e+00
   3792.986813 9.086300e-15 3.862460e+03 1.000000e+00
   3795.687514 8.795100e-15 3.865210e+03 1.000000e+00
   3798.388215 7.782200e-15 3.867960e+03 1.000000e+00
   3801.088916 7.168200e-15 3.870710e+03 1.000000e+00
   3803.789618 7.278700e-15 3.873460e+03 1.000000e+00
   3806.490319 7.860900e-15 3.876210e+03 1.000000e+00
   3809.191021 9.193000e-15 3.878960e+03 1.000000e+00
   3811.891722 9.228600e-15 3.881710e+03 1.000000e+00
   3814.592424 9.821500e-15 3.884460e+03 1.000000e+00
   3817.293126 8.705500e-15 3.887210e+03 1.000000e+00
   3819.993828 9.867200e-15 3.889960e+03 1.000000e+00
   3822.694529 9.680500e-15 3.892710e+03 1.000000e+00
   3825.385229 8.917300e-15 3.895460e+03 1.000000e+00
   3828.085931 8.131800e-15 3.898210e+03 1.000000e+00
   3830.786633 8.548300e-15 3.900960e+03 1.000000e+00
   3833.487335 7.703300e-15 3.903710e+03 1.000000e+00
   3836.188037 6.942000e-15 3.906460e+03 1.000000e+00
   3838.888739 5.764100e-15 3.909210e+03 1.000000e+00
   3841.589441 6.391800e-15 3.911960e+03 1.000000e+00
   3844.290143 7.207700e-15 3.914710e+03 1.000000e+00
   3846.990846 8.275000e-15 3.917460e+03 1.000000e+00
   3849.691548 9.391500e-15 3.920210e+03 1.000000e+00
   3852.392251 9.671400e-15 3.922960e+03 1.000000e+00
   3855.092953 9.516300e-15 3.925710e+03 1.000000e+00
   3857.793656 1.020400e-14 3.928460e+03 1.000000e+00
   3860.494358 9.500000e-15 3.931210e+03 1.000000e+00
   3863.195061 9.942500e-15 3.933960e+03 1.000000e+00
   3865.895764 9.961200e-15 3.936710e+03 1.000000e+00
   3868.596467 9.743200e-15 3.939460e+03 1.000000e+00
   3871.297169 1.067600e-14 3.942210e+03 1.000000e+00
   3873.997872 1.070900e-14 3.944960e+03 1.000000e+00
   3876.698575 1.040900e-14 3.947710e+03 1.000000e+00
   3879.399278 1.018100e-14 3.950460e+03 1.000000e+00
   3882.099981 8.659200e-15 3.953210e+03 1.000000e+00
   3884.800685 8.112000e-15 3.955960e+03 1.000000e+00
   3887.501388 7.597600e-15 3.958710e+03 1.000000e+00
   3890.202091 7.563200e-15 3.961460e+03 1.000000e+00
   3892.902794 7.469100e-15 3.964210e+03 1.000000e+00
   3895.603498 8.203000e-15 3.966960e+03 1.000000e+00
   3898.304201 8.792700e-15 3.969710e+03 1.000000e+00
   3901.004904 9.689800e-15 3.972460e+03 1.000000e+00
   3903.705608 1.020100e-14 3.975210e+03 1.000000e+00
   3906.406311 1.009700e-14 3.977960e+03 1.000000e+00
   3909.107015 1.091600e-14 3.980710e+03 1.000000e+00
   3911.807719 1.079700e-14 3.983460e+03 1.000000e+00
   3914.508422 1.011400e-14 3.986210e+03 1.000000e+00
   3917.209126 1.015200e-14 3.988960e+03 1.000000e+00
   3919.909830 1.071500e-14 3.991710e+03 1.000000e+00
   3922.610534 1.053600e-14 3.994460e+03 1.000000e+00
   3925.311238 1.124700e-14 3.997210e+03 1.000000e+00
   3928.011942 9.990200e-15 3.999960e+03 1.000000e+00
   3930.712646 9.366300e-15 4.002710e+03 1.000000e+00
   3933.413350 7.929800e-15 4.005460e+03 1.000000e+00
   3936.114054 7.034800e-15 4.008210e+03 1.000000e+00
   3938.814758 7.812400e-15 4.010960e+03 1.000000e+00
   3941.505460 7.278200e-15 4.013710e+03 1.000000e+00
   3944.206164 7.241500e-15 4.016460e+03 1.000000e+00
   3946.906869 9.563300e-15 4.019210e+03 1.000000e+00
   3949.607573 8.848700e-15 4.021960e+03 1.000000e+00
   3952.308277 1.059500e-14 4.024710e+03 1.000000e+00
   3955.008982 1.032100e-14 4.027460e+03 1.000000e+00
   3957.709687 1.040100e-14 4.030210e+03 1.000000e+00
   3960.410391 9.693800e-15 4.032960e+03 1.000000e+00
   3963.111096 9.847700e-15 4.035710e+03 1.000000e+00
   3965.811801 8.704100e-15 4.038460e+03 1.000000e+00
   3968.512505 7.532200e-15 4.041210e+03 1.000000e+00
   3971.213210 7.035700e-15 4.043960e+03 1.000000e+00
   3973.913915 7.574300e-15 4.046710e+03 1.000000e+00
   3976.614620 6.677100e-15 4.049460e+03 1.000000e+00
   3979.315325 8.559100e-15 4.052210e+03 1.000000e+00
   3982.016030 9.098600e-15 4.054960e+03 1.000000e+00
   3984.716735 1.040000e-14 4.057710e+03 1.000000e+00
   3987.417440 1.145100e-14 4.060460e+03 1.000000e+00
   3990.118145 1.115000e-14 4.063210e+03 1.000000e+00
   3992.818850 1.090500e-14 4.065960e+03 1.000000e+00
   3995.519556 1.209000e-14 4.068710e+03 1.000000e+00
   3998.220261 1.241200e-14 4.071460e+03 1.000000e+00
   4000.920966 1.173500e-14 4.074210e+03 1.000000e+00
   4003.621672 1.174900e-14 4.076960e+03 1.000000e+00
   4006.322377 1.258300e-14 4.079710e+03 1.000000e+00
   4009.023083 1.394200e-14 4.082460e+03 1.000000e+00
   4011.723788 1.340600e-14 4.085210e+03 1.000000e+00
   4014.424494 1.232600e-14 4.087960e+03 1.000000e+00
   4017.125199 1.317200e-14 4.090710e+03 1.000000e+00
   4019.825905 1.354400e-14 4.093460e+03 1.000000e+00
   4022.526611 1.380200e-14 4.096210e+03 1.000000e+00
   4025.227317 1.447000e-14 4.098960e+03 1.000000e+00
   4027.928023 1.422900e-14 4.101710e+03 1.000000e+00
   4030.628728 1.431300e-14 4.104460e+03 1.000000e+00
   4033.329434 1.374600e-14 4.107210e+03 1.000000e+00
   4036.030140 1.345100e-14 4.109960e+03 1.000000e+00
   4038.730846 1.326700e-14 4.112710e+03 1.000000e+00
   4041.431552 1.363200e-14 4.115460e+03 1.000000e+00
   4044.132259 1.315700e-14 4.118210e+03 1.000000e+00
   4046.832965 1.331800e-14 4.120960e+03 1.000000e+00
   4049.533671 1.314100e-14 4.123710e+03 1.000000e+00
   4052.234377 1.325700e-14 4.126460e+03 1.000000e+00
   4054.935084 1.255200e-14 4.129210e+03 1.000000e+00
   4057.635790 1.276400e-14 4.131960e+03 1.000000e+00
   4060.326494 1.369500e-14 4.134710e+03 1.000000e+00
   4063.027200 1.321600e-14 4.137460e+03 1.000000e+00
   4065.727907 1.244600e-14 4.140210e+03 1.000000e+00
   4068.428613 1.254000e-14 4.142960e+03 1.000000e+00
   4071.129320 1.244200e-14 4.145710e+03 1.000000e+00
   4073.830026 1.257200e-14 4.148460e+03 1.000000e+00
   4076.530733 1.266300e-14 4.151210e+03 1.000000e+00
   4079.231440 1.244900e-14 4.153960e+03 1.000000e+00
   4081.932147 1.320400e-14 4.156710e+03 1.000000e+00
   4084.632853 1.351300e-14 4.159460e+03 1.000000e+00
   4087.333560 1.413700e-14 4.162210e+03 1.000000e+00
   4090.034267 1.250300e-14 4.164960e+03 1.000000e+00
   4092.734974 1.388800e-14 4.167710e+03 1.000000e+00
   4095.435681 1.274800e-14 4.170460e+03 1.000000e+00
   4098.136388 1.175700e-14 4.173210e+03 1.000000e+00
   4100.837095 1.153600e-14 4.175960e+03 1.000000e+00
   4103.537802 1.107200e-14 4.178710e+03 1.000000e+00
   4106.238510 9.824500e-15 4.181460e+03 1.000000e+00
   4108.939217 1.029600e-14 4.184210e+03 1.000000e+00
   4111.639924 1.132300e-14 4.186960e+03 1.000000e+00
   4114.340631 1.162000e-14 4.189710e+03 1.000000e+00
   4117.041339 1.234700e-14 4.192460e+03 1.000000e+00
   4119.742046 1.168100e-14 4.195210e+03 1.000000e+00
   4122.442754 1.246300e-14 4.197960e+03 1.000000e+00
   4125.143461 1.329200e-14 4.200710e+03 1.000000e+00
   4127.844169 1.270200e-14 4.203460e+03 1.000000e+00
   4130.544876 1.319500e-14 4.206210e+03 1.000000e+00
   4133.245584 1.196500e-14 4.208960e+03 1.000000e+00
   4135.946292 1.202500e-14 4.211710e+03 1.000000e+00
   4138.646999 1.318600e-14 4.214460e+03 1.000000e+00
   4141.347707 1.302800e-14 4.217210e+03 1.000000e+00
   4144.048415 1.241200e-14 4.219960e+03 1.000000e+00
   4146.749123 1.277800e-14 4.222710e+03 1.000000e+00
   4149.449831 1.268000e-14 4.225460e+03 1.000000e+00
   4152.150538 1.273400e-14 4.228210e+03 1.000000e+00
   4154.851246 1.277500e-14 4.230960e+03 1.000000e+00
   4157.551954 1.340200e-14 4.233710e+03 1.000000e+00
   4160.252662 1.301200e-14 4.236460e+03 1.000000e+00
   4162.953371 1.293800e-14 4.239210e+03 1.000000e+00
   4165.654079 1.359700e-14 4.241960e+03 1.000000e+00
   4168.354787 1.354300e-14 4.244710e+03 1.000000e+00
   4171.055495 1.311100e-14 4.247460e+03 1.000000e+00
   4173.756203 1.323800e-14 4.250210e+03 1.000000e+00
   4176.446909 1.253600e-14 4.252960e+03 1.000000e+00
   4179.147617 1.127200e-14 4.255710e+03 1.000000e+00
   4181.848326 1.100500e-14 4.258460e+03 1.000000e+00
   4184.549034 1.206100e-14 4.261210e+03 1.000000e+00
   4187.249743 1.249200e-14 4.263960e+03 1.000000e+00
   4189.950451 1.274400e-14 4.266710e+03 1.000000e+00
   4192.651160 1.274800e-14 4.269460e+03 1.000000e+00
   4195.351868 1.195500e-14 4.272210e+03 1.000000e+00
   4198.052577 1.233800e-14 4.274960e+03 1.000000e+00
   4200.753286 1.302200e-14 4.277710e+03 1.000000e+00
   4203.453994 1.282600e-14 4.280460e+03 1.000000e+00
   4206.154703 1.258600e-14 4.283210e+03 1.000000e+00
   4208.855412 1.280800e-14 4.285960e+03 1.000000e+00
   4211.556121 1.314900e-14 4.288710e+03 1.000000e+00
   4214.256830 1.352600e-14 4.291460e+03 1.000000e+00
   4216.957539 1.339000e-14 4.294210e+03 1.000000e+00
   4219.658248 1.301500e-14 4.296960e+03 1.000000e+00
   4222.358957 1.361200e-14 4.299710e+03 1.000000e+00
   4225.059666 1.341700e-14 4.302460e+03 1.000000e+00
   4227.760375 1.261800e-14 4.305210e+03 1.000000e+00
   4230.461084 1.289800e-14 4.307960e+03 1.000000e+00
   4233.161793 1.265300e-14 4.310710e+03 1.000000e+00
   4235.862502 1.182800e-14 4.313460e+03 1.000000e+00
   4238.563211 1.312100e-14 4.316210e+03 1.000000e+00
   4241.263921 1.286300e-14 4.318960e+03 1.000000e+00
   4243.964630 1.271300e-14 4.321710e+03 1.000000e+00
   4246.665339 1.332500e-14 4.324460e+03 1.000000e+00
   4249.366049 1.314400e-14 4.327210e+03 1.000000e+00
   4252.066758 1.365700e-14 4.329960e+03 1.000000e+00
   4254.767468 1.350000e-14 4.332710e+03 1.000000e+00
   4257.468177 1.347900e-14 4.335460e+03 1.000000e+00
   4260.168887 1.334600e-14 4.338210e+03 1.000000e+00
   4262.869596 1.312500e-14 4.340960e+03 1.000000e+00
   4265.570306 1.342900e-14 4.343710e+03 1.000000e+00
   4268.271016 1.370200e-14 4.346460e+03 1.000000e+00
   4270.971725 1.362400e-14 4.349210e+03 1.000000e+00
   4273.672435 1.348200e-14 4.351960e+03 1.000000e+00
   4276.373145 1.277000e-14 4.354710e+03 1.000000e+00
   4279.073855 1.260100e-14 4.357460e+03 1.000000e+00
   4281.774565 1.280600e-14 4.360210e+03 1.000000e+00
   4284.475275 1.334400e-14 4.362960e+03 1.000000e+00
   4287.175985 1.337800e-14 4.365710e+03 1.000000e+00
   4289.876694 1.276900e-14 4.368460e+03 1.000000e+00
   4292.567402 1.257700e-14 4.371210e+03 1.000000e+00
   4295.268112 1.233500e-14 4.373960e+03 1.000000e+00
   4297.968822 1.217900e-14 4.376710e+03 1.000000e+00
   4300.669532 1.166400e-14 4.379460e+03 1.000000e+00
   4303.370242 1.151900e-14 4.382210e+03 1.000000e+00
   4306.070953 1.120200e-14 4.384960e+03 1.000000e+00
   4308.771663 1.106100e-14 4.387710e+03 1.000000e+00
   4311.472373 1.118700e-14 4.390460e+03 1.000000e+00
   4314.173083 1.161700e-14 4.393210e+03 1.000000e+00
   4316.873794 1.190300e-14 4.395960e+03 1.000000e+00
   4319.574504 1.255700e-14 4.398710e+03 1.000000e+00
   4322.275215 1.286800e-14 4.401460e+03 1.000000e+00
   4324.975925 1.255300e-14 4.404210e+03 1.000000e+00
   4327.676636 1.237300e-14 4.406960e+03 1.000000e+00
   4330.377346 1.278300e-14 4.409710e+03 1.000000e+00
   4333.078057 1.261400e-14 4.412460e+03 1.000000e+00
   4335.778767 1.225700e-14 4.415210e+03 1.000000e+00
   4338.479478 1.205100e-14 4.417960e+03 1.000000e+00
   4341.180189 1.223300e-14 4.420710e+03 1.000000e+00
   4343.880899 1.238600e-14 4.423460e+03 1.000000e+00
   4346.581610 1.197400e-14 4.426210e+03 1.000000e+00
   4349.282321 1.261700e-14 4.428960e+03 1.000000e+00
   4351.983032 1.230400e-14 4.431710e+03 1.000000e+00
   4354.683743 1.270400e-14 4.434460e+03 1.000000e+00
   4357.384454 1.306200e-14 4.437210e+03 1.000000e+00
   4360.085164 1.362500e-14 4.439960e+03 1.000000e+00
   4362.785875 1.339100e-14 4.442710e+03 1.000000e+00
   4365.486586 1.417700e-14 4.445460e+03 1.000000e+00
   4368.187298 1.433100e-14 4.448210e+03 1.000000e+00
   4370.888009 1.474900e-14 4.450960e+03 1.000000e+00
   4373.588720 1.450600e-14 4.453710e+03 1.000000e+00
   4376.289431 1.415000e-14 4.456460e+03 1.000000e+00
   4378.990142 1.347200e-14 4.459210e+03 1.000000e+00
   4381.690853 1.339400e-14 4.461960e+03 1.000000e+00
   4384.391565 1.425500e-14 4.464710e+03 1.000000e+00
   4387.092276 1.371200e-14 4.467460e+03 1.000000e+00
   4389.792987 1.319400e-14 4.470210e+03 1.000000e+00
   4392.493699 1.321700e-14 4.472960e+03 1.000000e+00
   4395.194410 1.371300e-14 4.475710e+03 1.000000e+00
   4397.895121 1.381800e-14 4.478460e+03 1.000000e+00
   4400.595833 1.392700e-14 4.481210e+03 1.000000e+00
   4403.296544 1.332000e-14 4.483960e+03 1.000000e+00
   4405.997256 1.315800e-14 4.486710e+03 1.000000e+00
   4408.687965 1.317200e-14 4.489460e+03 1.000000e+00
   4411.388676 1.311000e-14 4.492210e+03 1.000000e+00
   4414.089388 1.360200e-14 4.494960e+03 1.000000e+00
   4416.790100 1.391100e-14 4.497710e+03 1.000000e+00
   4419.490812 1.421000e-14 4.500460e+03 1.000000e+00
   4422.191523 1.413300e-14 4.503210e+03 1.000000e+00
   4424.892235 1.421800e-14 4.505960e+03 1.000000e+00
   4427.592947 1.432800e-14 4.508710e+03 1.000000e+00
   4430.293659 1.434600e-14 4.511460e+03 1.000000e+00
   4432.994371 1.405800e-14 4.514210e+03 1.000000e+00
   4435.695083 1.446000e-14 4.516960e+03 1.000000e+00
   4438.395794 1.471400e-14 4.519710e+03 1.000000e+00
   4441.096506 1.405900e-14 4.522460e+03 1.000000e+00
   4443.797218 1.460300e-14 4.525210e+03 1.000000e+00
   4446.497931 1.452200e-14 4.527960e+03 1.000000e+00
   4449.198643 1.517500e-14 4.530710e+03 1.000000e+00
   4451.899355 1.547300e-14 4.533460e+03 1.000000e+00
   4454.600067 1.489000e-14 4.536210e+03 1.000000e+00
   4457.300779 1.502100e-14 4.538960e+03 1.000000e+00
   4460.001491 1.482700e-14 4.541710e+03 1.000000e+00
   4462.702204 1.353000e-14 4.544460e+03 1.000000e+00
   4465.402916 1.463100e-14 4.547210e+03 1.000000e+00
   4468.103628 1.428300e-14 4.549960e+03 1.000000e+00
   4470.804340 1.379500e-14 4.552710e+03 1.000000e+00
   4473.505053 1.454900e-14 4.555460e+03 1.000000e+00
   4476.205765 1.549300e-14 4.558210e+03 1.000000e+00
   4478.906478 1.537800e-14 4.560960e+03 1.000000e+00
   4481.607190 1.564000e-14 4.563710e+03 1.000000e+00
   4484.307903 1.559600e-14 4.566460e+03 1.000000e+00
   4487.008615 1.499700e-14 4.569210e+03 1.000000e+00
   4489.709328 1.465900e-14 4.571960e+03 1.000000e+00
   4492.410040 1.465700e-14 4.574710e+03 1.000000e+00
   4495.110753 1.478300e-14 4.577460e+03 1.000000e+00
   4497.811466 1.488400e-14 4.580210e+03 1.000000e+00
   4500.512178 1.518200e-14 4.582960e+03 1.000000e+00
   4503.212891 1.528800e-14 4.585710e+03 1.000000e+00
   4505.913604 1.571100e-14 4.588460e+03 1.000000e+00
   4508.614317 1.569500e-14 4.591210e+03 1.000000e+00
   4511.315030 1.637400e-14 4.593960e+03 1.000000e+00
   4514.015742 1.575200e-14 4.596710e+03 1.000000e+00
   4516.716455 1.571500e-14 4.599460e+03 1.000000e+00
   4519.417168 1.537600e-14 4.602210e+03 1.000000e+00
   4522.117881 1.534000e-14 4.604960e+03 1.000000e+00
   4524.808592 1.582000e-14 4.607710e+03 1.000000e+00
   4527.509305 1.499400e-14 4.610460e+03 1.000000e+00
   4530.210018 1.526000e-14 4.613210e+03 1.000000e+00
   4532.910731 1.495400e-14 4.615960e+03 1.000000e+00
   4535.611444 1.450600e-14 4.618710e+03 1.000000e+00
   4538.312157 1.399300e-14 4.621460e+03 1.000000e+00
   4541.012870 1.469800e-14 4.624210e+03 1.000000e+00
   4543.713583 1.638000e-14 4.626960e+03 1.000000e+00
   4546.414297 1.546600e-14 4.629710e+03 1.000000e+00
   4549.115010 1.496400e-14 4.632460e+03 1.000000e+00
   4551.815723 1.483700e-14 4.635210e+03 1.000000e+00
   4554.516437 1.580100e-14 4.637960e+03 1.000000e+00
   4557.217150 1.474900e-14 4.640710e+03 1.000000e+00
   4559.917863 1.522100e-14 4.643460e+03 1.000000e+00
   4562.618577 1.550600e-14 4.646210e+03 1.000000e+00
   4565.319290 1.648500e-14 4.648960e+03 1.000000e+00
   4568.020004 1.607500e-14 4.651710e+03 1.000000e+00
   4570.720717 1.599300e-14 4.654460e+03 1.000000e+00
   4573.421431 1.615900e-14 4.657210e+03 1.000000e+00
   4576.122144 1.642900e-14 4.659960e+03 1.000000e+00
   4578.822858 1.564800e-14 4.662710e+03 1.000000e+00
   4581.523572 1.633400e-14 4.665460e+03 1.000000e+00
   4584.224285 1.542000e-14 4.668210e+03 1.000000e+00
   4586.924999 1.559500e-14 4.670960e+03 1.000000e+00
   4589.625713 1.574200e-14 4.673710e+03 1.000000e+00
   4592.326426 1.525000e-14 4.676460e+03 1.000000e+00
   4595.027140 1.495600e-14 4.679210e+03 1.000000e+00
   4597.727854 1.575800e-14 4.681960e+03 1.000000e+00
   4600.428568 1.547400e-14 4.684710e+03 1.000000e+00
   4603.129282 1.475600e-14 4.687460e+03 1.000000e+00
   4605.829996 1.495200e-14 4.690210e+03 1.000000e+00
   4608.530710 1.483800e-14 4.692960e+03 1.000000e+00
   4611.231424 1.493500e-14 4.695710e+03 1.000000e+00
   4613.932138 1.633000e-14 4.698460e+03 1.000000e+00
   4616.632852 1.632500e-14 4.701210e+03 1.000000e+00
   4619.333566 1.574400e-14 4.703960e+03 1.000000e+00
   4622.034280 1.675200e-14 4.706710e+03 1.000000e+00
   4624.734994 1.596800e-14 4.709460e+03 1.000000e+00
   4627.435708 1.584100e-14 4.712210e+03 1.000000e+00
   4630.136422 1.679800e-14 4.714960e+03 1.000000e+00
   4632.837136 1.619200e-14 4.717710e+03 1.000000e+00
   4635.537851 1.651600e-14 4.720460e+03 1.000000e+00
   4638.238565 1.614700e-14 4.723210e+03 1.000000e+00
   4640.929276 1.490700e-14 4.725960e+03 1.000000e+00
   4643.629991 1.528400e-14 4.728710e+03 1.000000e+00
   4646.330705 1.612400e-14 4.731460e+03 1.000000e+00
   4649.031419 1.381300e-14 4.734210e+03 1.000000e+00
   4651.732134 1.500800e-14 4.736960e+03 1.000000e+00
   4654.432848 1.551800e-14 4.739710e+03 1.000000e+00
   4657.133563 1.550200e-14 4.742460e+03 1.000000e+00
   4659.834277 1.583600e-14 4.745210e+03 1.000000e+00
   4662.534992 1.568600e-14 4.747960e+03 1.000000e+00
   4665.235706 1.573600e-14 4.750710e+03 1.000000e+00
   4667.936421 1.610300e-14 4.753460e+03 1.000000e+00
   4670.637135 1.560500e-14 4.756210e+03 1.000000e+00
   4673.337850 1.438700e-14 4.758960e+03 1.000000e+00
   4676.038565 1.472100e-14 4.761710e+03 1.000000e+00
   4678.739279 1.507800e-14 4.764460e+03 1.000000e+00
   4681.439994 1.531500e-14 4.767210e+03 1.000000e+00
   4684.140709 1.578900e-14 4.769960e+03 1.000000e+00
   4686.841424 1.562700e-14 4.772710e+03 1.000000e+00
   4689.542138 1.592300e-14 4.775460e+03 1.000000e+00
   4692.242853 1.616800e-14 4.778210e+03 1.000000e+00
   4694.943568 1.634100e-14 4.780960e+03 1.000000e+00
   4697.644283 1.571800e-14 4.783710e+03 1.000000e+00
   4700.344998 1.495400e-14 4.786460e+03 1.000000e+00
   4703.045713 1.507900e-14 4.789210e+03 1.000000e+00
   4705.746428 1.559500e-14 4.791960e+03 1.000000e+00
   4708.447143 1.470500e-14 4.794710e+03 1.000000e+00
   4711.147858 1.508200e-14 4.797460e+03 1.000000e+00
   4713.848573 1.570900e-14 4.800210e+03 1.000000e+00
   4716.549288 1.542900e-14 4.802960e+03 1.000000e+00
   4719.250003 1.595800e-14 4.805710e+03 1.000000e+00
   4721.950718 1.605000e-14 4.808460e+03 1.000000e+00
   4724.651433 1.629600e-14 4.811210e+03 1.000000e+00
   4727.352148 1.575800e-14 4.813960e+03 1.000000e+00
   4730.052864 1.587200e-14 4.816710e+03 1.000000e+00
   4732.753579 1.542800e-14 4.819460e+03 1.000000e+00
   4735.454294 1.585300e-14 4.822210e+03 1.000000e+00
   4738.155009 1.523900e-14 4.824960e+03 1.000000e+00
   4740.855725 1.559200e-14 4.827710e+03 1.000000e+00
   4743.556440 1.629900e-14 4.830460e+03 1.000000e+00
   4746.257155 1.599700e-14 4.833210e+03 1.000000e+00
   4748.957871 1.629900e-14 4.835960e+03 1.000000e+00
   4751.658586 1.677500e-14 4.838710e+03 1.000000e+00
   4754.359302 1.652300e-14 4.841460e+03 1.000000e+00
   4757.050014 1.602900e-14 4.844210e+03 1.000000e+00
   4759.750730 1.602500e-14 4.846960e+03 1.000000e+00
   4762.451445 1.556100e-14 4.849710e+03 1.000000e+00
   4765.152161 1.617200e-14 4.852460e+03 1.000000e+00
   4767.852877 1.539500e-14 4.855210e+03 1.000000e+00
   4770.553592 1.555400e-14 4.857960e+03 1.000000e+00
   4773.254308 1.539300e-14 4.860710e+03 1.000000e+00
   4775.955023 1.587100e-14 4.863460e+03 1.000000e+00
   4778.655739 1.592600e-14 4.866210e+03 1.000000e+00
   4781.356455 1.599900e-14 4.868960e+03 1.000000e+00
   4784.057171 1.589700e-14 4.871710e+03 1.000000e+00
   4786.757886 1.654300e-14 4.874460e+03 1.000000e+00
   4789.458602 1.603300e-14 4.877210e+03 1.000000e+00
   4792.159318 1.572200e-14 4.879960e+03 1.000000e+00
   4794.860034 1.664800e-14 4.882710e+03 1.000000e+00
   4797.560750 1.635800e-14 4.885460e+03 1.000000e+00
   4800.261465 1.623100e-14 4.888210e+03 1.000000e+00
   4802.962181 1.627300e-14 4.890960e+03 1.000000e+00
   4805.662897 1.590400e-14 4.893710e+03 1.000000e+00
   4808.363613 1.612100e-14 4.896460e+03 1.000000e+00
   4811.064329 1.706700e-14 4.899210e+03 1.000000e+00
   4813.765045 1.599100e-14 4.901960e+03 1.000000e+00
   4816.465761 1.576400e-14 4.904710e+03 1.000000e+00
   4819.166477 1.717700e-14 4.907460e+03 1.000000e+00
   4821.867193 1.621500e-14 4.910210e+03 1.000000e+00
   4824.567910 1.647500e-14 4.912960e+03 1.000000e+00
   4827.268626 1.596700e-14 4.915710e+03 1.000000e+00
   4829.969342 1.599900e-14 4.918460e+03 1.000000e+00
   4832.670058 1.594100e-14 4.921210e+03 1.000000e+00
   4835.370774 1.573400e-14 4.923960e+03 1.000000e+00
   4838.071490 1.566900e-14 4.926710e+03 1.000000e+00
   4840.772207 1.614200e-14 4.929460e+03 1.000000e+00
   4843.472923 1.551100e-14 4.932210e+03 1.000000e+00
   4846.173639 1.498100e-14 4.934960e+03 1.000000e+00
   4848.874356 1.536800e-14 4.937710e+03 1.000000e+00
   4851.575072 1.485600e-14 4.940460e+03 1.000000e+00
   4854.275788 1.471000e-14 4.943210e+03 1.000000e+00
   4856.976505 1.511800e-14 4.945960e+03 1.000000e+00
   4859.677221 1.484800e-14 4.948710e+03 1.000000e+00
   4862.377938 1.475400e-14 4.951460e+03 1.000000e+00
   4865.078654 1.549300e-14 4.954210e+03 1.000000e+00
   4867.779371 1.485400e-14 4.956960e+03 1.000000e+00
   4870.480087 1.413300e-14 4.959710e+03 1.000000e+00
   4873.170801 1.433800e-14 4.962460e+03 1.000000e+00
   4875.871518 1.465700e-14 4.965210e+03 1.000000e+00
   4878.572234 1.436200e-14 4.967960e+03 1.000000e+00
   4881.272951 1.425900e-14 4.970710e+03 1.000000e+00
   4883.973668 1.510100e-14 4.973460e+03 1.000000e+00
   4886.674384 1.527800e-14 4.976210e+03 1.000000e+00
   4889.375101 1.538100e-14 4.978960e+03 1.000000e+00
   4892.075818 1.514000e-14 4.981710e+03 1.000000e+00
   4894.776534 1.536100e-14 4.984460e+03 1.000000e+00
   4897.477251 1.537700e-14 4.987210e+03 1.000000e+00
   4900.177968 1.637800e-14 4.989960e+03 1.000000e+00
   4902.878685 1.612400e-14 4.992710e+03 1.000000e+00
   4905.579402 1.662500e-14 4.995460e+03 1.000000e+00
   4908.280119 1.637400e-14 4.998210e+03 1.000000e+00
   4910.980835 1.610600e-14 5.000960e+03 1.000000e+00
   4913.681552 1.598000e-14 5.003710e+03 1.000000e+00
   4916.382269 1.619300e-14 5.006460e+03 1.000000e+00
   4919.082986 1.601500e-14 5.009210e+03 1.000000e+00
   4921.783703 1.517900e-14 5.011960e+03 1.000000e+00
   4924.484420 1.500500e-14 5.014710e+03 1.000000e+00
   4927.185137 1.550100e-14 5.017460e+03 1.000000e+00
   4929.885854 1.543000e-14 5.020210e+03 1.000000e+00
   4932.586571 1.550500e-14 5.022960e+03 1.000000e+00
   4935.287288 1.503800e-14 5.025710e+03 1.000000e+00
   4937.988006 1.571500e-14 5.028460e+03 1.000000e+00
   4940.688723 1.597700e-14 5.031210e+03 1.000000e+00
   4943.389440 1.565400e-14 5.033960e+03 1.000000e+00
   4946.090157 1.538700e-14 5.036710e+03 1.000000e+00
   4948.790874 1.601300e-14 5.039460e+03 1.000000e+00
   4951.491592 1.674700e-14 5.042210e+03 1.000000e+00
   4954.192309 1.680200e-14 5.044960e+03 1.000000e+00
   4956.893026 1.630400e-14 5.047710e+03 1.000000e+00
   4959.593743 1.667500e-14 5.050460e+03 1.000000e+00
   4962.294461 1.661600e-14 5.053210e+03 1.000000e+00
   4964.995178 1.616800e-14 5.055960e+03 1.000000e+00
   4967.695895 1.643000e-14 5.058710e+03 1.000000e+00
   4970.396613 1.633800e-14 5.061460e+03 1.000000e+00
   4973.097330 1.655900e-14 5.064210e+03 1.000000e+00
   4975.798048 1.604200e-14 5.066960e+03 1.000000e+00
   4978.498765 1.605900e-14 5.069710e+03 1.000000e+00
   4981.199483 1.637600e-14 5.072460e+03 1.000000e+00
   4983.900200 1.553400e-14 5.075210e+03 1.000000e+00
   4986.600918 1.512000e-14 5.077960e+03 1.000000e+00
   4989.301635 1.518800e-14 5.080710e+03 1.000000e+00
   4991.992350 1.496000e-14 5.083460e+03 1.000000e+00
   4994.693068 1.563300e-14 5.086210e+03 1.000000e+00
   4997.393785 1.554100e-14 5.088960e+03 1.000000e+00
   5000.094503 1.599000e-14 5.091710e+03 1.000000e+00
   5002.795221 1.589100e-14 5.094460e+03 1.000000e+00
   5005.495938 1.689300e-14 5.097210e+03 1.000000e+00
   5008.196656 1.768300e-14 5.099960e+03 1.000000e+00
   5010.897374 1.837700e-14 5.102710e+03 1.000000e+00
   5013.598092 1.805200e-14 5.105460e+03 1.000000e+00
   5016.298809 1.671600e-14 5.108210e+03 1.000000e+00
   5018.999527 1.540300e-14 5.110960e+03 1.000000e+00
   5021.700245 1.506100e-14 5.113710e+03 1.000000e+00
   5024.400963 1.504900e-14 5.116460e+03 1.000000e+00
   5027.101681 1.579800e-14 5.119210e+03 1.000000e+00
   5029.802399 1.581700e-14 5.121960e+03 1.000000e+00
   5032.503117 1.549400e-14 5.124710e+03 1.000000e+00
   5035.203834 1.565200e-14 5.127460e+03 1.000000e+00
   5037.904552 1.567900e-14 5.130210e+03 1.000000e+00
   5040.605270 1.572100e-14 5.132960e+03 1.000000e+00
   5043.305988 1.559700e-14 5.135710e+03 1.000000e+00
   5046.006706 1.507600e-14 5.138460e+03 1.000000e+00
   5048.707424 1.499500e-14 5.141210e+03 1.000000e+00
   5051.408143 1.492900e-14 5.143960e+03 1.000000e+00
   5054.108861 1.481500e-14 5.146710e+03 1.000000e+00
   5056.809579 1.596300e-14 5.149460e+03 1.000000e+00
   5059.510297 1.613700e-14 5.152210e+03 1.000000e+00
   5062.211015 1.570300e-14 5.154960e+03 1.000000e+00
   5064.911733 1.596100e-14 5.157710e+03 1.000000e+00
   5067.612451 1.597700e-14 5.160460e+03 1.000000e+00
   5070.313170 1.603900e-14 5.163210e+03 1.000000e+00
   5073.013888 1.538000e-14 5.165960e+03 1.000000e+00
   5075.714606 1.541700e-14 5.168710e+03 1.000000e+00
   5078.415324 1.560600e-14 5.171460e+03 1.000000e+00
   5081.116043 1.538700e-14 5.174210e+03 1.000000e+00
   5083.816761 1.571600e-14 5.176960e+03 1.000000e+00
   5086.517479 1.587200e-14 5.179710e+03 1.000000e+00
   5089.218198 1.573800e-14 5.182460e+03 1.000000e+00
   5091.918916 1.525400e-14 5.185210e+03 1.000000e+00
   5094.619634 1.536200e-14 5.187960e+03 1.000000e+00
   5097.320353 1.549500e-14 5.190710e+03 1.000000e+00
   5100.021071 1.599900e-14 5.193460e+03 1.000000e+00
   5102.721790 1.597000e-14 5.196210e+03 1.000000e+00
   5105.422508 1.574800e-14 5.198960e+03 1.000000e+00
   5108.113224 1.515900e-14 5.201710e+03 1.000000e+00
   5110.813942 1.550500e-14 5.204460e+03 1.000000e+00
   5113.514661 1.540800e-14 5.207210e+03 1.000000e+00
   5116.215380 1.557100e-14 5.209960e+03 1.000000e+00
   5118.916098 1.628300e-14 5.212710e+03 1.000000e+00
   5121.616817 1.613900e-14 5.215460e+03 1.000000e+00
   5124.317535 1.543800e-14 5.218210e+03 1.000000e+00
   5127.018254 1.572300e-14 5.220960e+03 1.000000e+00
   5129.718973 1.499600e-14 5.223710e+03 1.000000e+00
   5132.419691 1.480100e-14 5.226460e+03 1.000000e+00
   5135.120410 1.487400e-14 5.229210e+03 1.000000e+00
   5137.821129 1.515500e-14 5.231960e+03 1.000000e+00
   5140.521848 1.545500e-14 5.234710e+03 1.000000e+00
   5143.222566 1.525500e-14 5.237460e+03 1.000000e+00
   5145.923285 1.518200e-14 5.240210e+03 1.000000e+00
   5148.624004 1.559200e-14 5.242960e+03 1.000000e+00
   5151.324723 1.504900e-14 5.245710e+03 1.000000e+00
   5154.025442 1.497600e-14 5.248460e+03 1.000000e+00
   5156.726160 1.506800e-14 5.251210e+03 1.000000e+00
   5159.426879 1.533600e-14 5.253960e+03 1.000000e+00
   5162.127598 1.547500e-14 5.256710e+03 1.000000e+00
   5164.828317 1.575800e-14 5.259460e+03 1.000000e+00
   5167.529036 1.497600e-14 5.262210e+03 1.000000e+00
   5170.229755 1.425200e-14 5.264960e+03 1.000000e+00
   5172.930474 1.367000e-14 5.267710e+03 1.000000e+00
   5175.631193 1.382600e-14 5.270460e+03 1.000000e+00
   5178.331912 1.400400e-14 5.273210e+03 1.000000e+00
   5181.032631 1.449600e-14 5.275960e+03 1.000000e+00
   5183.733350 1.475800e-14 5.278710e+03 1.000000e+00
   5186.434069 1.446600e-14 5.281460e+03 1.000000e+00
   5189.134788 1.482400e-14 5.284210e+03 1.000000e+00
   5191.835507 1.474100e-14 5.286960e+03 1.000000e+00
   5194.536227 1.433800e-14 5.289710e+03 1.000000e+00
   5197.236946 1.451200e-14 5.292460e+03 1.000000e+00
   5199.937665 1.500500e-14 5.295210e+03 1.000000e+00
   5202.638384 1.596900e-14 5.297960e+03 1.000000e+00
   5205.339103 1.566600e-14 5.300710e+03 1.000000e+00
   5208.039823 1.586800e-14 5.303460e+03 1.000000e+00
   5210.740542 1.589100e-14 5.306210e+03 1.000000e+00
   5213.441261 1.531100e-14 5.308960e+03 1.000000e+00
   5216.141980 1.521000e-14 5.311710e+03 1.000000e+00
   5218.842700 1.576500e-14 5.314460e+03 1.000000e+00
   5221.543419 1.598200e-14 5.317210e+03 1.000000e+00
   5224.234136 1.603400e-14 5.319960e+03 1.000000e+00
   5226.934855 1.585100e-14 5.322710e+03 1.000000e+00
   5229.635575 1.606800e-14 5.325460e+03 1.000000e+00
   5232.336294 1.593800e-14 5.328210e+03 1.000000e+00
   5235.037013 1.575400e-14 5.330960e+03 1.000000e+00
   5237.737733 1.618700e-14 5.333710e+03 1.000000e+00
   5240.438452 1.669000e-14 5.336460e+03 1.000000e+00
   5243.139172 1.675300e-14 5.339210e+03 1.000000e+00
   5245.839891 1.702600e-14 5.341960e+03 1.000000e+00
   5248.540611 1.694300e-14 5.344710e+03 1.000000e+00
   5251.241330 1.641100e-14 5.347460e+03 1.000000e+00
   5253.942050 1.610200e-14 5.350210e+03 1.000000e+00
   5256.642770 1.630200e-14 5.352960e+03 1.000000e+00
   5259.343489 1.620100e-14 5.355710e+03 1.000000e+00
   5262.044209 1.620100e-14 5.358460e+03 1.000000e+00
   5264.744928 1.566400e-14 5.361210e+03 1.000000e+00
   5267.445648 1.515100e-14 5.363960e+03 1.000000e+00
   5270.146368 1.466600e-14 5.366710e+03 1.000000e+00
   5272.847087 1.516600e-14 5.369460e+03 1.000000e+00
   5275.547807 1.512400e-14 5.372210e+03 1.000000e+00
   5278.248527 1.566500e-14 5.374960e+03 1.000000e+00
   5280.949247 1.609700e-14 5.377710e+03 1.000000e+00
   5283.649966 1.643600e-14 5.380460e+03 1.000000e+00
   5286.350686 1.635500e-14 5.383210e+03 1.000000e+00
   5289.051406 1.634700e-14 5.385960e+03 1.000000e+00
   5291.752126 1.783600e-14 5.388710e+03 1.000000e+00
   5294.452846 1.733700e-14 5.391460e+03 1.000000e+00
   5297.153565 1.707500e-14 5.394210e+03 1.000000e+00
   5299.854285 1.671800e-14 5.396960e+03 1.000000e+00
   5302.555005 1.599500e-14 5.399710e+03 1.000000e+00
   5305.255725 1.709200e-14 5.402460e+03 1.000000e+00
   5307.956445 1.722600e-14 5.405210e+03 1.000000e+00
   5310.657165 1.724800e-14 5.407960e+03 1.000000e+00
   5313.357885 1.726300e-14 5.410710e+03 1.000000e+00
   5316.058605 1.722900e-14 5.413460e+03 1.000000e+00
   5318.759325 1.685800e-14 5.416210e+03 1.000000e+00
   5321.460045 1.639700e-14 5.418960e+03 1.000000e+00
   5324.160765 1.654600e-14 5.421710e+03 1.000000e+00
   5326.861485 1.639100e-14 5.424460e+03 1.000000e+00
   5329.562205 1.552100e-14 5.427210e+03 1.000000e+00
   5332.262925 1.569100e-14 5.429960e+03 1.000000e+00
   5334.963645 1.611800e-14 5.432710e+03 1.000000e+00
   5337.664365 1.635600e-14 5.435460e+03 1.000000e+00
   5340.355083 1.674700e-14 5.438210e+03 1.000000e+00
   5343.055803 1.647800e-14 5.440960e+03 1.000000e+00
   5345.756523 1.670200e-14 5.443710e+03 1.000000e+00
   5348.457243 1.631900e-14 5.446460e+03 1.000000e+00
   5351.157964 1.711100e-14 5.449210e+03 1.000000e+00
   5353.858684 1.665000e-14 5.451960e+03 1.000000e+00
   5356.559404 1.687600e-14 5.454710e+03 1.000000e+00
   5359.260124 1.740500e-14 5.457460e+03 1.000000e+00
   5361.960845 1.757300e-14 5.460210e+03 1.000000e+00
   5364.661565 1.752400e-14 5.462960e+03 1.000000e+00
   5367.362285 1.688100e-14 5.465710e+03 1.000000e+00
   5370.063006 1.609000e-14 5.468460e+03 1.000000e+00
   5372.763726 1.669800e-14 5.471210e+03 1.000000e+00
   5375.464446 1.571200e-14 5.473960e+03 1.000000e+00
   5378.165167 1.681800e-14 5.476710e+03 1.000000e+00
   5380.865887 1.755900e-14 5.479460e+03 1.000000e+00
   5383.566608 1.683600e-14 5.482210e+03 1.000000e+00
   5386.267328 1.704300e-14 5.484960e+03 1.000000e+00
   5388.968048 1.720500e-14 5.487710e+03 1.000000e+00
   5391.668769 1.754000e-14 5.490460e+03 1.000000e+00
   5394.369489 1.661200e-14 5.493210e+03 1.000000e+00
   5397.070210 1.674200e-14 5.495960e+03 1.000000e+00
   5399.770930 1.606600e-14 5.498710e+03 1.000000e+00
   5402.471651 1.595200e-14 5.501460e+03 1.000000e+00
   5405.172372 1.566900e-14 5.504210e+03 1.000000e+00
   5407.873092 1.585300e-14 5.506960e+03 1.000000e+00
   5410.573813 1.609100e-14 5.509710e+03 1.000000e+00
   5413.274533 1.614100e-14 5.512460e+03 1.000000e+00
   5415.975254 1.680100e-14 5.515210e+03 1.000000e+00
   5418.675975 1.707500e-14 5.517960e+03 1.000000e+00
   5421.376695 1.703100e-14 5.520710e+03 1.000000e+00
   5424.077416 1.723400e-14 5.523460e+03 1.000000e+00
   5426.778137 1.660300e-14 5.526210e+03 1.000000e+00
   5429.478857 1.719900e-14 5.528960e+03 1.000000e+00
   5432.179578 1.659400e-14 5.531710e+03 1.000000e+00
   5434.880299 1.681000e-14 5.534460e+03 1.000000e+00
   5437.581020 1.677700e-14 5.537210e+03 1.000000e+00
   5440.281740 1.679700e-14 5.539960e+03 1.000000e+00
   5442.982461 1.622900e-14 5.542710e+03 1.000000e+00
   5445.683182 1.683700e-14 5.545460e+03 1.000000e+00
   5448.383903 1.674900e-14 5.548210e+03 1.000000e+00
   5451.084624 1.660900e-14 5.550960e+03 1.000000e+00
   5453.785345 1.689100e-14 5.553710e+03 1.000000e+00
   5456.476063 1.745600e-14 5.556460e+03 1.000000e+00
   5459.176784 1.689800e-14 5.559210e+03 1.000000e+00
   5461.877505 1.636000e-14 5.561960e+03 1.000000e+00
   5464.578226 1.663800e-14 5.564710e+03 1.000000e+00
   5467.278946 1.679500e-14 5.567460e+03 1.000000e+00
   5469.979667 1.718000e-14 5.570210e+03 1.000000e+00
   5472.680388 1.654000e-14 5.572960e+03 1.000000e+00
   5475.381109 1.738200e-14 5.575710e+03 1.000000e+00
   5478.081830 1.616100e-14 5.578460e+03 1.000000e+00
   5480.782551 1.592000e-14 5.581210e+03 1.000000e+00
   5483.483272 1.519500e-14 5.583960e+03 1.000000e+00
   5486.183994 1.655500e-14 5.586710e+03 1.000000e+00
   5488.884715 1.633000e-14 5.589460e+03 1.000000e+00
   5491.585436 1.736300e-14 5.592210e+03 1.000000e+00
   5494.286157 1.619000e-14 5.594960e+03 1.000000e+00
   5496.986878 1.639200e-14 5.597710e+03 1.000000e+00
   5499.687599 1.608900e-14 5.600460e+03 1.000000e+00
   5502.388320 1.650300e-14 5.603210e+03 1.000000e+00
   5505.089041 1.657300e-14 5.605960e+03 1.000000e+00
   5507.789763 1.676000e-14 5.608710e+03 1.000000e+00
   5510.490484 1.656500e-14 5.611460e+03 1.000000e+00
   5513.191205 1.627200e-14 5.614210e+03 1.000000e+00
   5515.891926 1.624400e-14 5.616960e+03 1.000000e+00
   5518.592647 1.755000e-14 5.619710e+03 1.000000e+00
   5521.293369 1.732200e-14 5.622460e+03 1.000000e+00
   5523.994090 1.761500e-14 5.625210e+03 1.000000e+00
   5526.694811 1.743500e-14 5.627960e+03 1.000000e+00
   5529.395533 1.707200e-14 5.630710e+03 1.000000e+00
   5532.096254 1.700400e-14 5.633460e+03 1.000000e+00
   5534.796975 1.688000e-14 5.636210e+03 1.000000e+00
   5537.497697 1.711700e-14 5.638960e+03 1.000000e+00
   5540.198418 1.721600e-14 5.641710e+03 1.000000e+00
   5542.899139 1.837500e-14 5.644460e+03 1.000000e+00
   5545.599861 1.672500e-14 5.647210e+03 1.000000e+00
   5548.300582 1.689500e-14 5.649960e+03 1.000000e+00
   5551.001304 1.714700e-14 5.652710e+03 1.000000e+00
   5553.702025 1.721900e-14 5.655460e+03 1.000000e+00
   5556.402747 1.752400e-14 5.658210e+03 1.000000e+00
   5559.103468 1.784100e-14 5.660960e+03 1.000000e+00
   5561.804190 1.700100e-14 5.663710e+03 1.000000e+00
   5564.504911 1.768500e-14 5.666460e+03 1.000000e+00
   5567.205633 1.666900e-14 5.669210e+03 1.000000e+00
   5569.906354 1.672800e-14 5.671960e+03 1.000000e+00
   5572.597073 1.678500e-14 5.674710e+03 1.000000e+00
   5575.297795 1.740700e-14 5.677460e+03 1.000000e+00
   5577.998516 1.715800e-14 5.680210e+03 1.000000e+00
   5580.699238 1.696800e-14 5.682960e+03 1.000000e+00
   5583.399959 1.646900e-14 5.685710e+03 1.000000e+00
   5586.100681 1.738900e-14 5.688460e+03 1.000000e+00
   5588.801403 1.669000e-14 5.691210e+03 1.000000e+00
   5591.502124 1.657500e-14 5.693960e+03 1.000000e+00
   5594.202846 1.540700e-14 5.696710e+03 1.000000e+00
   5596.903568 1.630900e-14 5.699460e+03 1.000000e+00
   5599.604290 1.588000e-14 5.702210e+03 1.000000e+00
   5602.305011 1.724100e-14 5.704960e+03 1.000000e+00
   5605.005733 1.651300e-14 5.707710e+03 1.000000e+00
   5607.706455 1.742100e-14 5.710460e+03 1.000000e+00
   5610.407177 1.656800e-14 5.713210e+03 1.000000e+00
   5613.107898 1.817900e-14 5.715960e+03 1.000000e+00
   5615.808620 1.721200e-14 5.718710e+03 1.000000e+00
   5618.509342 1.745900e-14 5.721460e+03 1.000000e+00
   5621.210064 1.723500e-14 5.724210e+03 1.000000e+00
   5623.910786 1.749600e-14 5.726960e+03 1.000000e+00
   5626.611508 1.675100e-14 5.729710e+03 1.000000e+00
   5629.312229 1.756100e-14 5.732460e+03 1.000000e+00
   5632.012951 1.679300e-14 5.735210e+03 1.000000e+00
   5634.713673 1.699800e-14 5.737960e+03 1.000000e+00
   5637.414395 1.687100e-14 5.740710e+03 1.000000e+00
   5640.115117 1.674700e-14 5.743460e+03 1.000000e+00
   5642.815839 1.724000e-14 5.746210e+03 1.000000e+00
   5645.516561 1.773400e-14 5.748960e+03 1.000000e+00
   5648.217283 1.762500e-14 5.751710e+03 1.000000e+00
   5650.918005 1.736900e-14 5.754460e+03 1.000000e+00
   5653.618727 1.689700e-14 5.757210e+03 1.000000e+00
   5656.319449 1.815100e-14 5.759960e+03 1.000000e+00
   5659.020171 1.818900e-14 5.762710e+03 1.000000e+00
   5661.720893 1.783000e-14 5.765460e+03 1.000000e+00
   5664.421615 1.762600e-14 5.768210e+03 1.000000e+00
   5667.122337 1.762700e-14 5.770960e+03 1.000000e+00
   5669.823059 1.704400e-14 5.773710e+03 1.000000e+00
   5672.523781 1.808800e-14 5.776460e+03 1.000000e+00
   5675.224504 1.786600e-14 5.779210e+03 1.000000e+00
   5677.925226 1.748500e-14 5.781960e+03 1.000000e+00
   5680.625948 1.751700e-14 5.784710e+03 1.000000e+00
   5683.326670 1.761000e-14 5.787460e+03 1.000000e+00
   5686.027392 1.736600e-14 5.790210e+03 1.000000e+00
   5688.718112 1.724400e-14 5.792960e+03 1.000000e+00
   5691.418834 1.775200e-14 5.795710e+03 1.000000e+00
   5694.119556 1.758000e-14 5.798460e+03 1.000000e+00
   5696.820278 1.780700e-14 5.801210e+03 1.000000e+00
   5699.521001 1.788300e-14 5.803960e+03 1.000000e+00
   5702.221723 1.709100e-14 5.806710e+03 1.000000e+00
   5704.922445 1.740900e-14 5.809460e+03 1.000000e+00
   5707.623168 1.732200e-14 5.812210e+03 1.000000e+00
   5710.323890 1.634400e-14 5.814960e+03 1.000000e+00
   5713.024612 1.706200e-14 5.817710e+03 1.000000e+00
   5715.725335 1.696200e-14 5.820460e+03 1.000000e+00
   5718.426057 1.715300e-14 5.823210e+03 1.000000e+00
   5721.126779 1.721000e-14 5.825960e+03 1.000000e+00
   5723.827502 1.774700e-14 5.828710e+03 1.000000e+00
   5726.528224 1.785700e-14 5.831460e+03 1.000000e+00
   5729.228946 1.746400e-14 5.834210e+03 1.000000e+00
   5731.929669 1.684900e-14 5.836960e+03 1.000000e+00
   5734.630391 1.743000e-14 5.839710e+03 1.000000e+00
   5737.331114 1.727200e-14 5.842460e+03 1.000000e+00
   5740.031836 1.746700e-14 5.845210e+03 1.000000e+00
   5742.732559 1.759900e-14 5.847960e+03 1.000000e+00
   5745.433281 1.804300e-14 5.850710e+03 1.000000e+00
   5748.134004 1.854500e-14 5.853460e+03 1.000000e+00
   5750.834726 1.816600e-14 5.856210e+03 1.000000e+00
   5753.535449 1.813200e-14 5.858960e+03 1.000000e+00
   5756.236171 1.681600e-14 5.861710e+03 1.000000e+00
   5758.936894 1.717200e-14 5.864460e+03 1.000000e+00
   5761.637617 1.789900e-14 5.867210e+03 1.000000e+00
   5764.338339 1.806400e-14 5.869960e+03 1.000000e+00
   5767.039062 1.847100e-14 5.872710e+03 1.000000e+00
   5769.739784 1.704000e-14 5.875460e+03 1.000000e+00
   5772.440507 1.759600e-14 5.878210e+03 1.000000e+00
   5775.141230 1.797100e-14 5.880960e+03 1.000000e+00
   5777.841952 1.812600e-14 5.883710e+03 1.000000e+00
   5780.542675 1.734100e-14 5.886460e+03 1.000000e+00
   5783.243398 1.745400e-14 5.889210e+03 1.000000e+00
   5785.944120 1.670500e-14 5.891960e+03 1.000000e+00
   5788.644843 1.692400e-14 5.894710e+03 1.000000e+00
   5791.345566 1.634200e-14 5.897460e+03 1.000000e+00
   5794.046289 1.676300e-14 5.900210e+03 1.000000e+00
   5796.747011 1.722500e-14 5.902960e+03 1.000000e+00
   5799.447734 1.807300e-14 5.905710e+03 1.000000e+00
   5802.148457 1.789500e-14 5.908460e+03 1.000000e+00
   5804.839177 1.698700e-14 5.911210e+03 1.000000e+00
   5807.539900 1.785300e-14 5.913960e+03 1.000000e+00
   5810.240623 1.830200e-14 5.916710e+03 1.000000e+00
   5812.941345 1.738800e-14 5.919460e+03 1.000000e+00
   5815.642068 1.730600e-14 5.922210e+03 1.000000e+00
   5818.342791 1.719200e-14 5.924960e+03 1.000000e+00
   5821.043514 1.713200e-14 5.927710e+03 1.000000e+00
   5823.744237 1.729000e-14 5.930460e+03 1.000000e+00
   5826.444960 1.776100e-14 5.933210e+03 1.000000e+00
   5829.145683 1.812200e-14 5.935960e+03 1.000000e+00
   5831.846406 1.774300e-14 5.938710e+03 1.000000e+00
   5834.547129 1.771200e-14 5.941460e+03 1.000000e+00
   5837.247852 1.776100e-14 5.944210e+03 1.000000e+00
   5839.948574 1.741800e-14 5.946960e+03 1.000000e+00
   5842.649297 1.740500e-14 5.949710e+03 1.000000e+00
   5845.350020 1.748600e-14 5.952460e+03 1.000000e+00
   5848.050743 1.770000e-14 5.955210e+03 1.000000e+00
   5850.751466 1.778700e-14 5.957960e+03 1.000000e+00
   5853.452190 1.772200e-14 5.960710e+03 1.000000e+00
   5856.152913 1.698400e-14 5.963460e+03 1.000000e+00
   5858.853636 1.665300e-14 5.966210e+03 1.000000e+00
   5861.554359 1.690800e-14 5.968960e+03 1.000000e+00
   5864.255082 1.739200e-14 5.971710e+03 1.000000e+00
   5866.955805 1.661100e-14 5.974460e+03 1.000000e+00
   5869.656528 1.750000e-14 5.977210e+03 1.000000e+00
   5872.357251 1.791300e-14 5.979960e+03 1.000000e+00
   5875.057974 1.790900e-14 5.982710e+03 1.000000e+00
   5877.758697 1.792000e-14 5.985460e+03 1.000000e+00
   5880.459421 1.690300e-14 5.988210e+03 1.000000e+00
   5883.160144 1.764100e-14 5.990960e+03 1.000000e+00
   5885.860867 1.732800e-14 5.993710e+03 1.000000e+00
   5888.561590 1.673800e-14 5.996460e+03 1.000000e+00
   5891.262313 1.611500e-14 5.999210e+03 1.000000e+00
   5893.963037 1.535800e-14 6.001960e+03 1.000000e+00
   5896.663760 1.406200e-14 6.004710e+03 1.000000e+00
   5899.364483 1.480500e-14 6.007460e+03 1.000000e+00
   5902.065206 1.508400e-14 6.010210e+03 1.000000e+00
   5904.765930 1.548600e-14 6.012960e+03 1.000000e+00
   5907.466653 1.577100e-14 6.015710e+03 1.000000e+00
   5910.167376 1.757500e-14 6.018460e+03 1.000000e+00
   5912.868100 1.635000e-14 6.021210e+03 1.000000e+00
   5915.568823 1.654700e-14 6.023960e+03 1.000000e+00
   5918.269546 1.737800e-14 6.026710e+03 1.000000e+00
   5920.960267 1.709000e-14 6.029460e+03 1.000000e+00
   5923.660990 1.676700e-14 6.032210e+03 1.000000e+00
   5926.361714 1.761600e-14 6.034960e+03 1.000000e+00
   5929.062437 1.778700e-14 6.037710e+03 1.000000e+00
   5931.763160 1.789000e-14 6.040460e+03 1.000000e+00
   5934.463884 1.655500e-14 6.043210e+03 1.000000e+00
   5937.164607 1.699300e-14 6.045960e+03 1.000000e+00
   5939.865331 1.687800e-14 6.048710e+03 1.000000e+00
   5942.566054 1.710600e-14 6.051460e+03 1.000000e+00
   5945.266778 1.699100e-14 6.054210e+03 1.000000e+00
   5947.967501 1.732000e-14 6.056960e+03 1.000000e+00
   5950.668225 1.752800e-14 6.059710e+03 1.000000e+00
   5953.368948 1.793600e-14 6.062460e+03 1.000000e+00
   5956.069672 1.662100e-14 6.065210e+03 1.000000e+00
   5958.770395 1.715800e-14 6.067960e+03 1.000000e+00
   5961.471119 1.721000e-14 6.070710e+03 1.000000e+00
   5964.171842 1.771400e-14 6.073460e+03 1.000000e+00
   5966.872566 1.761300e-14 6.076210e+03 1.000000e+00
   5969.573289 1.741200e-14 6.078960e+03 1.000000e+00
   5972.274013 1.786500e-14 6.081710e+03 1.000000e+00
   5974.974737 1.745900e-14 6.084460e+03 1.000000e+00
   5977.675460 1.731000e-14 6.087210e+03 1.000000e+00
   5980.376184 1.698700e-14 6.089960e+03 1.000000e+00
   5983.076907 1.681900e-14 6.092710e+03 1.000000e+00
   5985.777631 1.768700e-14 6.095460e+03 1.000000e+00
   5988.478355 1.811500e-14 6.098210e+03 1.000000e+00
   5991.179078 1.735500e-14 6.100960e+03 1.000000e+00
   5993.879802 1.709100e-14 6.103710e+03 1.000000e+00
   5996.580526 1.687000e-14 6.106460e+03 1.000000e+00
   5999.281249 1.720200e-14 6.109210e+03 1.000000e+00
   6001.981973 1.767600e-14 6.111960e+03 1.000000e+00
   6004.682697 1.703100e-14 6.114710e+03 1.000000e+00
   6007.383421 1.698300e-14 6.117460e+03 1.000000e+00
   6010.084144 1.707100e-14 6.120210e+03 1.000000e+00
   6012.784868 1.745700e-14 6.122960e+03 1.000000e+00
   6015.485592 1.701500e-14 6.125710e+03 1.000000e+00
   6018.186316 1.741300e-14 6.128460e+03 1.000000e+00
   6020.887040 1.689900e-14 6.131210e+03 1.000000e+00
   6023.587763 1.680800e-14 6.133960e+03 1.000000e+00
   6026.288487 1.724800e-14 6.136710e+03 1.000000e+00
   6028.989211 1.769400e-14 6.139460e+03 1.000000e+00
   6031.689935 1.840300e-14 6.142210e+03 1.000000e+00
   6034.390659 1.783600e-14 6.144960e+03 1.000000e+00
   6037.091383 1.742000e-14 6.147710e+03 1.000000e+00
   6039.782104 1.795200e-14 6.150460e+03 1.000000e+00
   6042.482828 1.806900e-14 6.153210e+03 1.000000e+00
   6045.183552 1.778800e-14 6.155960e+03 1.000000e+00
   6047.884276 1.812400e-14 6.158710e+03 1.000000e+00
   6050.585000 1.754800e-14 6.161460e+03 1.000000e+00
   6053.285723 1.689100e-14 6.164210e+03 1.000000e+00
   6055.986447 1.751800e-14 6.166960e+03 1.000000e+00
   6058.687171 1.825000e-14 6.169710e+03 1.000000e+00
   6061.387895 1.819500e-14 6.172460e+03 1.000000e+00
   6064.088619 1.775800e-14 6.175210e+03 1.000000e+00
   6066.789343 1.738900e-14 6.177960e+03 1.000000e+00
   6069.490067 1.761800e-14 6.180710e+03 1.000000e+00
   6072.190791 1.801500e-14 6.183460e+03 1.000000e+00
   6074.891515 1.770500e-14 6.186210e+03 1.000000e+00
   6077.592239 1.776400e-14 6.188960e+03 1.000000e+00
   6080.292964 1.787800e-14 6.191710e+03 1.000000e+00
   6082.993688 1.770800e-14 6.194460e+03 1.000000e+00
   6085.694412 1.838500e-14 6.197210e+03 1.000000e+00
   6088.395136 1.739600e-14 6.199960e+03 1.000000e+00
   6091.095860 1.756600e-14 6.202710e+03 1.000000e+00
   6093.796584 1.743400e-14 6.205460e+03 1.000000e+00
   6096.497308 1.716000e-14 6.208210e+03 1.000000e+00
   6099.198032 1.751800e-14 6.210960e+03 1.000000e+00
   6101.898756 1.769700e-14 6.213710e+03 1.000000e+00
   6104.599481 1.778300e-14 6.216460e+03 1.000000e+00
   6107.300205 1.737300e-14 6.219210e+03 1.000000e+00
   6110.000929 1.726800e-14 6.221960e+03 1.000000e+00
   6112.701653 1.735000e-14 6.224710e+03 1.000000e+00
   6115.402377 1.677100e-14 6.227460e+03 1.000000e+00
   6118.103102 1.707500e-14 6.230210e+03 1.000000e+00
   6120.803826 1.703500e-14 6.232960e+03 1.000000e+00
   6123.504550 1.716400e-14 6.235710e+03 1.000000e+00
   6126.205274 1.733600e-14 6.238460e+03 1.000000e+00
   6128.905999 1.754300e-14 6.241210e+03 1.000000e+00
   6131.606723 1.808000e-14 6.243960e+03 1.000000e+00
   6134.307447 1.779500e-14 6.246710e+03 1.000000e+00
   6137.008171 1.718500e-14 6.249460e+03 1.000000e+00
   6139.708896 1.668100e-14 6.252210e+03 1.000000e+00
   6142.409620 1.657100e-14 6.254960e+03 1.000000e+00
   6145.110344 1.745700e-14 6.257710e+03 1.000000e+00
   6147.811069 1.701000e-14 6.260460e+03 1.000000e+00
   6150.511793 1.657100e-14 6.263210e+03 1.000000e+00
   6153.212517 1.661900e-14 6.265960e+03 1.000000e+00
   6155.903239 1.726800e-14 6.268710e+03 1.000000e+00
   6158.603964 1.697100e-14 6.271460e+03 1.000000e+00
   6161.304688 1.684300e-14 6.274210e+03 1.000000e+00
   6164.005412 1.588300e-14 6.276960e+03 1.000000e+00
   6166.706137 1.600200e-14 6.279710e+03 1.000000e+00
   6169.406861 1.634300e-14 6.282460e+03 1.000000e+00
   6172.107586 1.647700e-14 6.285210e+03 1.000000e+00
   6174.808310 1.618400e-14 6.287960e+03 1.000000e+00
   6177.509035 1.705000e-14 6.290710e+03 1.000000e+00
   6180.209759 1.662600e-14 6.293460e+03 1.000000e+00
   6182.910484 1.728700e-14 6.296210e+03 1.000000e+00
   6185.611208 1.694800e-14 6.298960e+03 1.000000e+00
   6188.311933 1.644000e-14 6.301710e+03 1.000000e+00
   6191.012657 1.728700e-14 6.304460e+03 1.000000e+00
   6193.713382 1.657900e-14 6.307210e+03 1.000000e+00
   6196.414106 1.630100e-14 6.309960e+03 1.000000e+00
   6199.114831 1.703100e-14 6.312710e+03 1.000000e+00
   6201.815555 1.740200e-14 6.315460e+03 1.000000e+00
   6204.516280 1.811700e-14 6.318210e+03 1.000000e+00
   6207.217004 1.717500e-14 6.320960e+03 1.000000e+00
   6209.917729 1.815500e-14 6.323710e+03 1.000000e+00
   6212.618454 1.702000e-14 6.326460e+03 1.000000e+00
   6215.319178 1.671000e-14 6.329210e+03 1.000000e+00
   6218.019903 1.732600e-14 6.331960e+03 1.000000e+00
   6220.720627 1.643400e-14 6.334710e+03 1.000000e+00
   6223.421352 1.613900e-14 6.337460e+03 1.000000e+00
   6226.122077 1.694600e-14 6.340210e+03 1.000000e+00
   6228.822801 1.695000e-14 6.342960e+03 1.000000e+00
   6231.523526 1.673100e-14 6.345710e+03 1.000000e+00
   6234.224251 1.709100e-14 6.348460e+03 1.000000e+00
   6236.924976 1.687800e-14 6.351210e+03 1.000000e+00
   6239.625700 1.638700e-14 6.353960e+03 1.000000e+00
   6242.326425 1.550900e-14 6.356710e+03 1.000000e+00
   6245.027150 1.633200e-14 6.359460e+03 1.000000e+00
   6247.727874 1.642100e-14 6.362210e+03 1.000000e+00
   6250.428599 1.741800e-14 6.364960e+03 1.000000e+00
   6253.129324 1.672200e-14 6.367710e+03 1.000000e+00
   6255.830049 1.656700e-14 6.370460e+03 1.000000e+00
   6258.530774 1.699000e-14 6.373210e+03 1.000000e+00
   6261.231498 1.684800e-14 6.375960e+03 1.000000e+00
   6263.932223 1.608700e-14 6.378710e+03 1.000000e+00
   6266.632948 1.623000e-14 6.381460e+03 1.000000e+00
   6269.333673 1.683100e-14 6.384210e+03 1.000000e+00
   6272.024395 1.645400e-14 6.386960e+03 1.000000e+00
   6274.725120 1.665600e-14 6.389710e+03 1.000000e+00
   6277.425845 1.659500e-14 6.392460e+03 1.000000e+00
   6280.126569 1.631300e-14 6.395210e+03 1.000000e+00
   6282.827294 1.651100e-14 6.397960e+03 1.000000e+00
   6285.528019 1.643000e-14 6.400710e+03 1.000000e+00
   6288.228744 1.575000e-14 6.403460e+03 1.000000e+00
   6290.929469 1.636500e-14 6.406210e+03 1.000000e+00
   6293.630194 1.691000e-14 6.408960e+03 1.000000e+00
   6296.330919 1.644300e-14 6.411710e+03 1.000000e+00
   6299.031644 1.754900e-14 6.414460e+03 1.000000e+00
   6301.732369 1.768300e-14 6.417210e+03 1.000000e+00
   6304.433094 1.795700e-14 6.419960e+03 1.000000e+00
   6307.133819 1.793700e-14 6.422710e+03 1.000000e+00
   6309.834544 1.771400e-14 6.425460e+03 1.000000e+00
   6312.535269 1.773400e-14 6.428210e+03 1.000000e+00
   6315.235994 1.719300e-14 6.430960e+03 1.000000e+00
   6317.936719 1.655000e-14 6.433710e+03 1.000000e+00
   6320.637444 1.646500e-14 6.436460e+03 1.000000e+00
   6323.338169 1.671000e-14 6.439210e+03 1.000000e+00
   6326.038894 1.695100e-14 6.441960e+03 1.000000e+00
   6328.739619 1.688900e-14 6.444710e+03 1.000000e+00
   6331.440344 1.733100e-14 6.447460e+03 1.000000e+00
   6334.141069 1.734300e-14 6.450210e+03 1.000000e+00
   6336.841794 1.734100e-14 6.452960e+03 1.000000e+00
   6339.542519 1.752900e-14 6.455710e+03 1.000000e+00
   6342.243244 1.712900e-14 6.458460e+03 1.000000e+00
   6344.943969 1.681000e-14 6.461210e+03 1.000000e+00
   6347.644694 1.686000e-14 6.463960e+03 1.000000e+00
   6350.345420 1.746700e-14 6.466710e+03 1.000000e+00
   6353.046145 1.748800e-14 6.469460e+03 1.000000e+00
   6355.746870 1.713300e-14 6.472210e+03 1.000000e+00
   6358.447595 1.658800e-14 6.474960e+03 1.000000e+00
   6361.148320 1.658300e-14 6.477710e+03 1.000000e+00
   6363.849045 1.683900e-14 6.480460e+03 1.000000e+00
   6366.549771 1.667100e-14 6.483210e+03 1.000000e+00
   6369.250496 1.668800e-14 6.485960e+03 1.000000e+00
   6371.951221 1.690000e-14 6.488710e+03 1.000000e+00
   6374.651946 1.685100e-14 6.491460e+03 1.000000e+00
   6377.352671 1.693200e-14 6.494210e+03 1.000000e+00
   6380.053397 1.740000e-14 6.496960e+03 1.000000e+00
   6382.754122 1.836200e-14 6.499710e+03 1.000000e+00
   6385.454847 1.791000e-14 6.502460e+03 1.000000e+00
   6388.145570 1.778500e-14 6.505210e+03 1.000000e+00
   6390.846295 1.602300e-14 6.507960e+03 1.000000e+00
   6393.547020 1.636900e-14 6.510710e+03 1.000000e+00
   6396.247746 1.674200e-14 6.513460e+03 1.000000e+00
   6398.948471 1.669200e-14 6.516210e+03 1.000000e+00
   6401.649196 1.701900e-14 6.518960e+03 1.000000e+00
   6404.349922 1.734800e-14 6.521710e+03 1.000000e+00
   6407.050647 1.743300e-14 6.524460e+03 1.000000e+00
   6409.751372 1.710600e-14 6.527210e+03 1.000000e+00
   6412.452098 1.777800e-14 6.529960e+03 1.000000e+00
   6415.152823 1.830500e-14 6.532710e+03 1.000000e+00
   6417.853548 1.737800e-14 6.535460e+03 1.000000e+00
   6420.554274 1.686100e-14 6.538210e+03 1.000000e+00
   6423.254999 1.620000e-14 6.540960e+03 1.000000e+00
   6425.955725 1.720800e-14 6.543710e+03 1.000000e+00
   6428.656450 1.675900e-14 6.546460e+03 1.000000e+00
   6431.357175 1.697900e-14 6.549210e+03 1.000000e+00
   6434.057901 1.678800e-14 6.551960e+03 1.000000e+00
   6436.758626 1.703100e-14 6.554710e+03 1.000000e+00
   6439.459352 1.720200e-14 6.557460e+03 1.000000e+00
   6442.160077 1.635600e-14 6.560210e+03 1.000000e+00
   6444.860803 1.693900e-14 6.562960e+03 1.000000e+00
   6447.561528 1.680500e-14 6.565710e+03 1.000000e+00
   6450.262254 1.692100e-14 6.568460e+03 1.000000e+00
   6452.962979 1.547800e-14 6.571210e+03 1.000000e+00
   6455.663705 1.678000e-14 6.573960e+03 1.000000e+00
   6458.364430 1.662500e-14 6.576710e+03 1.000000e+00
   6461.065156 1.682100e-14 6.579460e+03 1.000000e+00
   6463.765881 1.691700e-14 6.582210e+03 1.000000e+00
   6466.466607 1.702700e-14 6.584960e+03 1.000000e+00
   6469.167332 1.653700e-14 6.587710e+03 1.000000e+00
   6471.868058 1.719500e-14 6.590460e+03 1.000000e+00
   6474.568784 1.702600e-14 6.593210e+03 1.000000e+00
   6477.269509 1.751500e-14 6.595960e+03 1.000000e+00
   6479.970235 1.779000e-14 6.598710e+03 1.000000e+00
   6482.670960 1.751000e-14 6.601460e+03 1.000000e+00
   6485.371686 1.758700e-14 6.604210e+03 1.000000e+00
   6488.072412 1.727500e-14 6.606960e+03 1.000000e+00
   6490.773137 1.678000e-14 6.609710e+03 1.000000e+00
   6493.473863 1.679800e-14 6.612460e+03 1.000000e+00
   6496.174588 1.714100e-14 6.615210e+03 1.000000e+00
   6498.875314 1.678200e-14 6.617960e+03 1.000000e+00
   6501.576040 1.575500e-14 6.620710e+03 1.000000e+00
   6504.266763 1.675800e-14 6.623460e+03 1.000000e+00
   6506.967488 1.668500e-14 6.626210e+03 1.000000e+00
   6509.668214 1.728600e-14 6.628960e+03 1.000000e+00
   6512.368940 1.760000e-14 6.631710e+03 1.000000e+00
   6515.069666 1.782200e-14 6.634460e+03 1.000000e+00
   6517.770391 1.730500e-14 6.637210e+03 1.000000e+00
   6520.471117 1.760600e-14 6.639960e+03 1.000000e+00
   6523.171843 1.704700e-14 6.642710e+03 1.000000e+00
   6525.872569 1.720600e-14 6.645460e+03 1.000000e+00
   6528.573294 1.740700e-14 6.648210e+03 1.000000e+00
   6531.274020 1.665200e-14 6.650960e+03 1.000000e+00
   6533.974746 1.728500e-14 6.653710e+03 1.000000e+00
   6536.675472 1.780600e-14 6.656460e+03 1.000000e+00
   6539.376197 1.764900e-14 6.659210e+03 1.000000e+00
   6542.076923 1.779800e-14 6.661960e+03 1.000000e+00
   6544.777649 1.818200e-14 6.664710e+03 1.000000e+00
   6547.478375 1.934800e-14 6.667460e+03 1.000000e+00
   6550.179101 1.977600e-14 6.670210e+03 1.000000e+00
   6552.879827 2.070100e-14 6.672960e+03 1.000000e+00
   6555.580552 2.042700e-14 6.675710e+03 1.000000e+00
   6558.281278 2.110400e-14 6.678460e+03 1.000000e+00
   6560.982004 2.364100e-14 6.681210e+03 1.000000e+00
   6563.682730 2.645600e-14 6.683960e+03 1.000000e+00
   6566.383456 2.895300e-14 6.686710e+03 1.000000e+00
   6569.084182 2.820200e-14 6.689460e+03 1.000000e+00
   6571.784908 2.599400e-14 6.692210e+03 1.000000e+00
   6574.485634 2.307700e-14 6.694960e+03 1.000000e+00
   6577.186359 2.008000e-14 6.697710e+03 1.000000e+00
   6579.887085 1.972400e-14 6.700460e+03 1.000000e+00
   6582.587811 2.212000e-14 6.703210e+03 1.000000e+00
   6585.288537 2.524900e-14 6.705960e+03 1.000000e+00
   6587.989263 2.636400e-14 6.708710e+03 1.000000e+00
   6590.689989 2.552200e-14 6.711460e+03 1.000000e+00
   6593.390715 2.341100e-14 6.714210e+03 1.000000e+00
   6596.091441 2.041100e-14 6.716960e+03 1.000000e+00
   6598.792167 1.880800e-14 6.719710e+03 1.000000e+00
   6601.492893 1.756200e-14 6.722460e+03 1.000000e+00
   6604.193619 1.700400e-14 6.725210e+03 1.000000e+00
   6606.894345 1.739600e-14 6.727960e+03 1.000000e+00
   6609.595071 1.805500e-14 6.730710e+03 1.000000e+00
   6612.295797 1.686900e-14 6.733460e+03 1.000000e+00
   6614.996523 1.645100e-14 6.736210e+03 1.000000e+00
   6617.697249 1.712300e-14 6.738960e+03 1.000000e+00
   6620.387973 1.782800e-14 6.741710e+03 1.000000e+00
   6623.088699 1.690000e-14 6.744460e+03 1.000000e+00
   6625.789425 1.701100e-14 6.747210e+03 1.000000e+00
   6628.490151 1.749500e-14 6.749960e+03 1.000000e+00
   6631.190877 1.703000e-14 6.752710e+03 1.000000e+00
   6633.891603 1.764600e-14 6.755460e+03 1.000000e+00
   6636.592329 1.667500e-14 6.758210e+03 1.000000e+00
   6639.293055 1.685300e-14 6.760960e+03 1.000000e+00
   6641.993782 1.740600e-14 6.763710e+03 1.000000e+00
   6644.694508 1.844600e-14 6.766460e+03 1.000000e+00
   6647.395234 1.757100e-14 6.769210e+03 1.000000e+00
   6650.095960 1.772600e-14 6.771960e+03 1.000000e+00
   6652.796686 1.630500e-14 6.774710e+03 1.000000e+00
   6655.497412 1.763600e-14 6.777460e+03 1.000000e+00
   6658.198139 1.691600e-14 6.780210e+03 1.000000e+00
   6660.898865 1.701000e-14 6.782960e+03 1.000000e+00
   6663.599591 1.680500e-14 6.785710e+03 1.000000e+00
   6666.300317 1.662100e-14 6.788460e+03 1.000000e+00
   6669.001043 1.639700e-14 6.791210e+03 1.000000e+00
   6671.701770 1.643500e-14 6.793960e+03 1.000000e+00
   6674.402496 1.686500e-14 6.796710e+03 1.000000e+00
   6677.103222 1.713200e-14 6.799460e+03 1.000000e+00
   6679.803948 1.719900e-14 6.802210e+03 1.000000e+00
   6682.504675 1.723800e-14 6.804960e+03 1.000000e+00
   6685.205401 1.658600e-14 6.807710e+03 1.000000e+00
   6687.906127 1.763400e-14 6.810460e+03 1.000000e+00
   6690.606853 1.743000e-14 6.813210e+03 1.000000e+00
   6693.307580 1.745700e-14 6.815960e+03 1.000000e+00
   6696.008306 1.757900e-14 6.818710e+03 1.000000e+00
   6698.709032 1.740800e-14 6.821460e+03 1.000000e+00
   6701.409759 1.682900e-14 6.824210e+03 1.000000e+00
   6704.110485 1.799700e-14 6.826960e+03 1.000000e+00
   6706.811211 1.798000e-14 6.829710e+03 1.000000e+00
   6716.043694 1.709100e-14 6.839120e+03 0.000000e+00
   6731.527859 1.693700e-14 6.854880e+03 0.000000e+00
   6747.042032 1.670600e-14 6.870680e+03 0.000000e+00
   6762.596216 1.663100e-14 6.886520e+03 0.000000e+00
   6778.190411 1.670900e-14 6.902400e+03 0.000000e+00
   6793.814614 1.652000e-14 6.918310e+03 0.000000e+00
   6809.478829 1.706300e-14 6.934260e+03 0.000000e+00
   6825.173052 1.710400e-14 6.950240e+03 0.000000e+00
   6840.907285 1.718500e-14 6.966260e+03 0.000000e+00
   6856.681530 1.718700e-14 6.982330e+03 0.000000e+00
   6872.485783 1.641500e-14 6.998420e+03 0.000000e+00
   6888.320045 1.695400e-14 7.014550e+03 0.000000e+00
   6904.204320 1.695600e-14 7.030720e+03 0.000000e+00
   6920.118604 1.703600e-14 7.046930e+03 0.000000e+00
   6936.072898 1.672700e-14 7.063180e+03 0.000000e+00
   6952.057201 1.739700e-14 7.079460e+03 0.000000e+00
   6968.091518 1.723900e-14 7.095780e+03 0.000000e+00
   6984.145840 1.696500e-14 7.112140e+03 0.000000e+00
   7000.250176 1.736200e-14 7.128530e+03 0.000000e+00
   7016.384521 1.708600e-14 7.144960e+03 0.000000e+00
   7032.558876 1.669900e-14 7.161430e+03 0.000000e+00
   7048.773243 1.732800e-14 7.177940e+03 0.000000e+00
   7065.027620 1.689600e-14 7.194490e+03 0.000000e+00
   7081.312006 1.709400e-14 7.211080e+03 0.000000e+00
   7097.636403 1.625100e-14 7.227700e+03 0.000000e+00
   7113.990808 1.651700e-14 7.244360e+03 0.000000e+00
   7130.395227 1.629200e-14 7.261060e+03 0.000000e+00
   7146.829654 1.625700e-14 7.277800e+03 0.000000e+00
   7163.304092 1.633300e-14 7.294570e+03 0.000000e+00
   7179.818542 1.626000e-14 7.311390e+03 0.000000e+00
   7196.373002 1.503700e-14 7.328250e+03 0.000000e+00
   7212.957471 1.596700e-14 7.345140e+03 0.000000e+00
   7229.591953 1.653000e-14 7.362070e+03 0.000000e+00
   7246.256444 1.645600e-14 7.379040e+03 0.000000e+00
   7262.950943 1.630700e-14 7.396050e+03 0.000000e+00
   7279.695456 1.688200e-14 7.413100e+03 0.000000e+00
   7296.479979 1.642300e-14 7.430190e+03 0.000000e+00
   7313.304514 1.692400e-14 7.447320e+03 0.000000e+00
   7330.159057 1.732000e-14 7.464490e+03 0.000000e+00
   7347.053612 1.780800e-14 7.481700e+03 0.000000e+00
   7363.998180 1.689100e-14 7.498940e+03 0.000000e+00
   7380.972756 1.793500e-14 7.516230e+03 0.000000e+00
   7397.987343 1.693400e-14 7.533560e+03 0.000000e+00
   7415.041942 1.785700e-14 7.550920e+03 0.000000e+00
   7432.126548 1.697700e-14 7.568330e+03 0.000000e+00
   7449.261169 1.753500e-14 7.585780e+03 0.000000e+00
   7466.435800 1.798700e-14 7.603260e+03 0.000000e+00
   7483.650442 1.766100e-14 7.620790e+03 0.000000e+00
   7500.895093 1.762200e-14 7.638360e+03 0.000000e+00
   7518.189758 1.786900e-14 7.655970e+03 0.000000e+00
   7535.524433 1.799500e-14 7.673610e+03 0.000000e+00
   7552.889117 1.833200e-14 7.691300e+03 0.000000e+00
   7570.303815 1.795800e-14 7.709040e+03 0.000000e+00
   7587.758523 1.796000e-14 7.726810e+03 0.000000e+00
   7605.243240 1.783800e-14 7.744620e+03 0.000000e+00
   7622.777971 1.747500e-14 7.762470e+03 0.000000e+00
   7640.352713 1.743600e-14 7.780370e+03 0.000000e+00
   7657.967465 1.743800e-14 7.798300e+03 0.000000e+00
   7675.612226 1.616400e-14 7.816280e+03 0.000000e+00
   7693.307001 1.716400e-14 7.834300e+03 0.000000e+00
   7711.041787 1.587300e-14 7.852360e+03 0.000000e+00
   7728.816584 1.685400e-14 7.870460e+03 0.000000e+00
   7746.641395 1.717000e-14 7.888600e+03 0.000000e+00
   7764.496213 1.689700e-14 7.906790e+03 0.000000e+00
   7782.391043 1.655300e-14 7.925010e+03 0.000000e+00
   7800.335887 1.674600e-14 7.943280e+03 0.000000e+00
   7818.320742 1.678700e-14 7.961590e+03 0.000000e+00
   7836.335605 1.725900e-14 7.979950e+03 0.000000e+00
   7854.410484 1.730100e-14 7.998340e+03 0.000000e+00
   7872.515372 1.730300e-14 8.016780e+03 0.000000e+00
   7890.660271 1.695000e-14 8.035260e+03 0.000000e+00
   7908.845180 1.679700e-14 8.053780e+03 0.000000e+00
   7927.080104 1.634100e-14 8.072350e+03 0.000000e+00
   7945.355039 1.660900e-14 8.090960e+03 0.000000e+00
   7963.669984 1.688100e-14 8.109610e+03 0.000000e+00
   7982.024941 1.692200e-14 8.128310e+03 0.000000e+00
   8000.429911 1.719900e-14 8.147040e+03 0.000000e+00
   8018.864890 1.700400e-14 8.165820e+03 0.000000e+00
   8037.359885 1.624100e-14 8.184650e+03 0.000000e+00
   8055.884888 1.673600e-14 8.203520e+03 0.000000e+00
   8074.449903 1.740600e-14 8.222430e+03 0.000000e+00
   8093.064931 1.681700e-14 8.241380e+03 0.000000e+00
   8111.729973 1.717200e-14 8.260380e+03 0.000000e+00
   8130.425023 1.717400e-14 8.279420e+03 0.000000e+00
   8149.160084 1.737500e-14 8.298510e+03 0.000000e+00
   8167.955162 1.741700e-14 8.317640e+03 0.000000e+00
   8186.780248 1.671200e-14 8.336810e+03 0.000000e+00
   8205.655348 1.592500e-14 8.356030e+03 0.000000e+00
   8224.570459 1.698800e-14 8.375290e+03 0.000000e+00
   8243.525580 1.585600e-14 8.394600e+03 0.000000e+00
   8262.530716 1.767000e-14 8.413950e+03 0.000000e+00
   8281.575862 1.775400e-14 8.433350e+03 0.000000e+00
   8300.671023 1.641900e-14 8.452790e+03 0.000000e+00
   8319.806194 1.676500e-14 8.472270e+03 0.000000e+00
   8338.981376 1.669000e-14 8.491800e+03 0.000000e+00
   8358.206572 1.669300e-14 8.511380e+03 0.000000e+00
   8377.471779 1.708400e-14 8.531000e+03 0.000000e+00
   8396.787000 1.654400e-14 8.550670e+03 0.000000e+00
   8416.142232 1.728600e-14 8.570380e+03 0.000000e+00
   8435.547477 1.666300e-14 8.590140e+03 0.000000e+00
   8454.992734 1.662700e-14 8.609940e+03 0.000000e+00
   8474.488004 1.678300e-14 8.629790e+03 0.000000e+00
   8494.013283 1.666900e-14 8.649680e+03 0.000000e+00
   8513.598578 1.584800e-14 8.669620e+03 0.000000e+00
   8533.223884 1.675000e-14 8.689600e+03 0.000000e+00
   8552.899204 9.933000e-15 8.709640e+03 0.000000e+00
   8572.604532 1.667800e-14 8.729710e+03 0.000000e+00
   8592.369876 1.656500e-14 8.749840e+03 0.000000e+00
   8612.185235 1.645300e-14 8.770010e+03 0.000000e+00
   8632.030601 1.664600e-14 8.790230e+03 0.000000e+00
   8651.925981 1.691900e-14 8.810490e+03 0.000000e+00
   8671.881378 1.192400e-14 8.830800e+03 0.000000e+00
   8691.866783 1.601300e-14 8.851160e+03 0.000000e+00
   8711.902202 1.616400e-14 8.871560e+03 0.000000e+00
   8731.987635 1.708400e-14 8.892010e+03 0.000000e+00
   8752.113078 1.658300e-14 8.912510e+03 0.000000e+00
   8772.288535 1.704900e-14 8.933050e+03 0.000000e+00
   8792.514006 1.693400e-14 8.953650e+03 0.000000e+00
   8812.779488 1.705400e-14 8.974290e+03 0.000000e+00
   8833.094984 1.674500e-14 8.994980e+03 0.000000e+00
   8853.460493 1.682500e-14 9.015710e+03 0.000000e+00
   8873.876017 1.503100e-14 9.036500e+03 0.000000e+00
   8894.321548 1.599800e-14 9.057330e+03 0.000000e+00
   8914.827096 1.637300e-14 9.078200e+03 0.000000e+00
   8935.382658 1.626200e-14 9.099130e+03 0.000000e+00
   8955.978230 1.585800e-14 9.120110e+03 0.000000e+00
   8976.623817 1.518100e-14 9.141130e+03 0.000000e+00
   8997.319417 1.546500e-14 9.162200e+03 0.000000e+00
   9018.055028 1.561000e-14 9.183330e+03 0.000000e+00
   9038.840653 1.529200e-14 9.204500e+03 0.000000e+00
   9059.676292 1.728000e-14 9.225710e+03 0.000000e+00
   9080.571947 1.609100e-14 9.246980e+03 0.000000e+00
   9101.497610 1.508900e-14 9.268300e+03 0.000000e+00
   9122.483290 1.662300e-14 9.289660e+03 0.000000e+00
   9143.508980 1.544400e-14 9.311080e+03 0.000000e+00
   9164.584685 1.488800e-14 9.332540e+03 0.000000e+00
   9185.710403 1.431800e-14 9.354060e+03 0.000000e+00
   9206.886135 1.563000e-14 9.375620e+03 0.000000e+00
   9228.111881 1.534700e-14 9.397230e+03 0.000000e+00
   9249.387640 1.552700e-14 9.418900e+03 0.000000e+00
   9270.703411 1.567200e-14 9.440610e+03 0.000000e+00
   9292.079198 1.510800e-14 9.462370e+03 0.000000e+00
   9313.504998 1.645400e-14 9.484180e+03 0.000000e+00
   9334.970810 1.649400e-14 9.506050e+03 0.000000e+00
   9356.486635 1.649600e-14 9.527960e+03 0.000000e+00
   9378.062477 1.623500e-14 9.549930e+03 0.000000e+00
   9399.678330 1.646300e-14 9.571940e+03 0.000000e+00
   9421.344196 1.612700e-14 9.594010e+03 0.000000e+00
   9443.060077 1.658200e-14 9.616120e+03 0.000000e+00
   9464.825970 1.673800e-14 9.638290e+03 0.000000e+00
   9486.651881 1.677900e-14 9.660510e+03 0.000000e+00
   9508.517802 1.639900e-14 9.682780e+03 0.000000e+00
   9530.433737 1.647700e-14 9.705100e+03 0.000000e+00
   9552.409689 1.599300e-14 9.727470e+03 0.000000e+00
   9574.435654 1.640600e-14 9.749900e+03 0.000000e+00
   9596.501631 1.675200e-14 9.772370e+03 0.000000e+00
   9618.617621 1.656300e-14 9.794900e+03 0.000000e+00
   9640.793627 1.664200e-14 9.817480e+03 0.000000e+00
   9663.019647 1.641600e-14 9.840110e+03 0.000000e+00
   9685.295681 1.664600e-14 9.862790e+03 0.000000e+00
   9707.621729 1.638300e-14 9.885530e+03 0.000000e+00
   9729.997790 1.623500e-14 9.908320e+03 0.000000e+00
   9752.433868 1.616300e-14 9.931160e+03 0.000000e+00
   9774.909957 1.627700e-14 9.954050e+03 0.000000e+00
   9797.446062 1.609300e-14 9.977000e+03 0.000000e+00
   9820.032181 1.643200e-14 1.000000e+04 0.000000e+00
   9842.668314 1.628400e-14 1.002305e+04 0.000000e+00
   9865.354460 1.628700e-14 1.004615e+04 0.000000e+00
   9888.090621 1.628900e-14 1.006931e+04 0.000000e+00
   9910.896800 1.617900e-14 1.009253e+04 0.000000e+00
   9933.742990 1.629400e-14 1.011580e+04 0.000000e+00
   9956.639194 1.637200e-14 1.013912e+04 0.000000e+00
   9979.595415 1.637400e-14 1.016249e+04 0.000000e+00
  10002.591646 1.630100e-14 1.018591e+04 0.000000e+00
  10025.647894 1.630400e-14 1.020939e+04 0.000000e+00
  10071.940439 1.608500e-14 1.025652e+04 0.000000e+00
  10118.423037 1.646500e-14 1.030386e+04 0.000000e+00
  10188.552044 1.632100e-14 1.037528e+04 0.000000e+00
  10235.594794 1.643900e-14 1.042318e+04 0.000000e+00
  10282.837600 1.652000e-14 1.047129e+04 0.000000e+00
  10306.534024 1.648500e-14 1.049542e+04 0.000000e+00
  10498.145970 1.605600e-14 1.069054e+04 0.000000e+00
  10693.328895 1.544000e-14 1.088931e+04 0.000000e+00
  10892.132813 1.501900e-14 1.109175e+04 0.000000e+00
  11094.627741 1.441000e-14 1.129796e+04 0.000000e+00
  11300.883700 1.424500e-14 1.150800e+04 0.000000e+00
  11510.980710 1.427800e-14 1.172195e+04 0.000000e+00
  11698.031475 1.398500e-14 1.191243e+04 0.000000e+00
  11915.510506 1.344800e-14 1.213389e+04 0.000000e+00
  12109.123066 1.332500e-14 1.233105e+04 0.000000e+00
  12305.876486 1.317200e-14 1.253141e+04 0.000000e+00
  12505.830782 1.284300e-14 1.273503e+04 0.000000e+00
  12709.035967 1.257900e-14 1.294196e+04 0.000000e+00
  12915.542055 1.235000e-14 1.315225e+04 0.000000e+00
  13095.210859 1.218000e-14 1.333521e+04 0.000000e+00
  13307.988663 1.184800e-14 1.355189e+04 0.000000e+00
  13493.128963 1.163200e-14 1.374042e+04 0.000000e+00
  13712.368534 1.144600e-14 1.396368e+04 0.000000e+00
  13903.130371 1.103200e-14 1.415794e+04 0.000000e+00
  14096.542933 1.056000e-14 1.435490e+04 0.000000e+00
  14292.646231 1.043900e-14 1.455459e+04 0.000000e+00
  14491.480275 1.053500e-14 1.475707e+04 0.000000e+00
  14693.075073 1.020100e-14 1.496236e+04 0.000000e+00
  14897.480640 1.034300e-14 1.517051e+04 0.000000e+00
  15104.706977 1.043900e-14 1.538154e+04 0.000000e+00
  15314.834107 1.063300e-14 1.559552e+04 0.000000e+00
  15492.172325 1.053500e-14 1.577611e+04 0.000000e+00
  15707.690929 1.036700e-14 1.599558e+04 0.000000e+00
  15889.580390 1.001500e-14 1.618080e+04 0.000000e+00
  16110.630505 1.006100e-14 1.640590e+04 0.000000e+00
  16297.171237 1.001500e-14 1.659586e+04 0.000000e+00
  16485.882562 9.900400e-15 1.678804e+04 0.000000e+00
  16715.224941 9.855000e-15 1.702158e+04 0.000000e+00
  16908.787591 9.742200e-15 1.721869e+04 0.000000e+00
  17104.590854 9.586400e-15 1.741808e+04 0.000000e+00
  17302.634728 9.218400e-15 1.761975e+04 0.000000e+00
  17502.989233 8.946500e-15 1.782379e+04 0.000000e+00
  17705.674374 8.583300e-15 1.803018e+04 0.000000e+00
  17910.700154 8.253800e-15 1.823896e+04 0.000000e+00
  18118.076577 7.864200e-15 1.845014e+04 0.000000e+00
  18285.732194 7.667500e-15 1.862087e+04 0.000000e+00
  18497.469807 7.424300e-15 1.883649e+04 0.000000e+00
  18711.668091 7.073800e-15 1.905462e+04 0.000000e+00
  18884.795202 6.912800e-15 1.923091e+04 0.000000e+00
  19103.474710 6.818000e-15 1.945360e+04 0.000000e+00
  19324.684909 6.616900e-15 1.967887e+04 0.000000e+00
  19503.483568 6.377600e-15 1.986094e+04 0.000000e+00
  19683.952683 6.175300e-15 2.004472e+04 0.000000e+00
  19911.884717 5.993100e-15 2.027683e+04 0.000000e+00
  20096.114858 5.897300e-15 2.046444e+04 0.000000e+00
  20328.828197 5.710200e-15 2.070141e+04 0.000000e+00
  20516.929395 5.657900e-15 2.089297e+04 0.000000e+00
  20706.761065 5.529100e-15 2.108628e+04 0.000000e+00
  20898.373221 5.415700e-15 2.128139e+04 0.000000e+00
  21091.725853 5.329100e-15 2.147829e+04 0.000000e+00
  21286.888978 5.231800e-15 2.167704e+04 0.000000e+00
  21483.862597 5.124500e-15 2.187762e+04 0.000000e+00
  21682.636708 4.962000e-15 2.208004e+04 0.000000e+00
  21883.271326 4.893900e-15 2.228435e+04 0.000000e+00
  22085.766452 4.760500e-15 2.249056e+04 0.000000e+00
  22290.112083 4.641500e-15 2.269865e+04 0.000000e+00
  22496.368236 4.535800e-15 2.290868e+04 0.000000e+00
  22704.504901 4.420300e-15 2.312064e+04 0.000000e+00
  22914.602101 3.972700e-15 2.333458e+04 0.000000e+00
  23126.639831 3.933000e-15 2.355050e+04 0.000000e+00
  23286.933474 3.455000e-15 2.371374e+04 0.000000e+00
  23502.412142 3.258900e-15 2.393317e+04 0.000000e+00
  23719.861349 3.301400e-15 2.415460e+04 0.000000e+00
  23884.296121 3.036800e-15 2.432205e+04 0.000000e+00
  24105.276291 2.937900e-15 2.454708e+04 0.000000e+00
  24328.327025 2.895000e-15 2.477422e+04 0.000000e+00
  24496.952941 2.687600e-15 2.494594e+04 0.000000e+00
  24723.634666 2.642200e-15 2.517677e+04 0.000000e+00
  24895.001330 2.247300e-15 2.535128e+04 0.000000e+00
  25062.356902 2.443600e-15 2.552170e+04 2.000000e+00
  25157.312759 2.371200e-15 2.561840e+04 2.000000e+00
  25252.368644 2.329500e-15 2.571520e+04 2.000000e+00
  25347.334504 2.357200e-15 2.581190e+04 2.000000e+00
  25442.390389 2.203100e-15 2.590870e+04 2.000000e+00
  25537.446274 2.368100e-15 2.600550e+04 2.000000e+00
  25632.402132 2.271700e-15 2.610220e+04 2.000000e+00
  25727.468021 2.251000e-15 2.619900e+04 2.000000e+00
  25822.523906 2.265100e-15 2.629580e+04 2.000000e+00
  25917.479765 2.278500e-15 2.639250e+04 2.000000e+00
  26012.535651 2.259200e-15 2.648930e+04 2.000000e+00
  26107.501513 2.210700e-15 2.658600e+04 2.000000e+00
  26202.557399 2.118000e-15 2.668280e+04 2.000000e+00
  26297.613285 2.167500e-15 2.677960e+04 2.000000e+00
  26392.569145 2.111300e-15 2.687630e+04 2.000000e+00
  26487.635034 1.989200e-15 2.697310e+04 2.000000e+00
  26582.690921 1.914700e-15 2.706990e+04 2.000000e+00
  26677.646781 1.907600e-15 2.716660e+04 2.000000e+00
  26772.702668 1.868200e-15 2.726340e+04 2.000000e+00
  26867.668531 1.855400e-15 2.736010e+04 2.000000e+00
  26962.724419 1.784700e-15 2.745690e+04 2.000000e+00
  27057.780307 1.832900e-15 2.755370e+04 2.000000e+00
  27152.736167 1.875500e-15 2.765040e+04 2.000000e+00
  27247.792055 1.861800e-15 2.774720e+04 2.000000e+00
  27342.857946 1.820300e-15 2.784400e+04 2.000000e+00
  27437.813807 1.800300e-15 2.794070e+04 2.000000e+00
  27532.869695 1.826300e-15 2.803750e+04 2.000000e+00
  27627.835559 1.836900e-15 2.813420e+04 2.000000e+00
  27722.891448 1.759200e-15 2.823100e+04 2.000000e+00
  27817.947337 1.888800e-15 2.832780e+04 2.000000e+00
  27912.903198 1.811800e-15 2.842450e+04 2.000000e+00
  28007.959087 1.829900e-15 2.852130e+04 2.000000e+00
  28103.024979 1.730700e-15 2.861810e+04 2.000000e+00
  28197.980841 1.764700e-15 2.871480e+04 2.000000e+00
  28293.036730 1.727600e-15 2.881160e+04 2.000000e+00
  28388.002595 1.672400e-15 2.890830e+04 2.000000e+00
  28483.058485 1.634900e-15 2.900510e+04 2.000000e+00
  28578.114375 1.651200e-15 2.910190e+04 2.000000e+00
  28673.070238 1.588800e-15 2.919860e+04 2.000000e+00
  28768.126127 1.645800e-15 2.929540e+04 2.000000e+00
  28863.192020 1.530400e-15 2.939220e+04 2.000000e+00
  28958.147883 1.512000e-15 2.948890e+04 2.000000e+00
  29053.203774 1.447000e-15 2.958570e+04 2.000000e+00
  29148.169640 1.600400e-15 2.968240e+04 2.000000e+00
  29243.225530 1.574900e-15 2.977920e+04 2.000000e+00
  29338.281421 1.567200e-15 2.987600e+04 2.000000e+00
  29433.247287 1.466000e-15 2.997270e+04 2.000000e+00
  29528.293175 1.470000e-15 3.006950e+04 2.000000e+00
  29623.359069 1.440600e-15 3.016630e+04 2.000000e+00
  29718.314933 1.460400e-15 3.026300e+04 2.000000e+00
  29813.370824 1.434900e-15 3.035980e+04 2.000000e+00
  29908.336691 1.421300e-15 3.045650e+04 2.000000e+00
  30003.392582 1.347500e-15 3.055330e+04 2.000000e+00
  30098.448474 1.349700e-15 3.065010e+04 2.000000e+00
  30193.414341 1.345600e-15 3.074680e+04 2.000000e+00
  30288.470233 1.327900e-15 3.084360e+04 2.000000e+00
  30383.526124 1.316600e-15 3.094040e+04 2.000000e+00
  30478.481989 1.307700e-15 3.103710e+04 2.000000e+00
  30573.537881 1.234600e-15 3.113390e+04 2.000000e+00
  30668.503749 1.242400e-15 3.123060e+04 2.000000e+00
  30763.559641 1.224600e-15 3.132740e+04 2.000000e+00
  30858.615533 1.308200e-15 3.142420e+04 2.000000e+00
  30953.581401 1.292600e-15 3.152090e+04 2.000000e+00
  31048.637294 1.258400e-15 3.161770e+04 2.000000e+00
  31143.693186 1.246200e-15 3.171450e+04 2.000000e+00
  31238.649052 1.250500e-15 3.181120e+04 2.000000e+00
  31333.704945 1.228200e-15 3.190800e+04 2.000000e+00
  31428.670813 1.263800e-15 3.200470e+04 2.000000e+00
  31523.726706 1.207400e-15 3.210150e+04 2.000000e+00
  31618.782599 1.241500e-15 3.219830e+04 2.000000e+00
  31713.748468 1.229900e-15 3.229500e+04 2.000000e+00
  31808.804361 1.240500e-15 3.239180e+04 2.000000e+00
  31903.860254 1.336200e-15 3.248860e+04 2.000000e+00
  31998.816120 1.285100e-15 3.258530e+04 2.000000e+00
  32093.872014 1.380100e-15 3.268210e+04 2.000000e+00
  32188.837883 1.442000e-15 3.277880e+04 2.000000e+00
  32283.893776 1.550700e-15 3.287560e+04 2.000000e+00
  32378.949670 1.646700e-15 3.297240e+04 2.000000e+00
  32473.915539 1.779500e-15 3.306910e+04 2.000000e+00
  32568.971433 1.853200e-15 3.316590e+04 2.000000e+00
  32664.027327 1.786200e-15 3.326270e+04 2.000000e+00
  32758.983194 1.742300e-15 3.335940e+04 2.000000e+00
  32854.039088 1.528400e-15 3.345620e+04 2.000000e+00
  32949.004958 1.461800e-15 3.355290e+04 2.000000e+00
  33044.060852 1.442600e-15 3.364970e+04 2.000000e+00
  33139.116747 1.389300e-15 3.374650e+04 2.000000e+00
  33234.072614 1.348100e-15 3.384320e+04 2.000000e+00
  33329.138511 1.276700e-15 3.394000e+04 2.000000e+00
  33424.194406 1.172100e-15 3.403680e+04 2.000000e+00
  33519.150273 1.269500e-15 3.413350e+04 2.000000e+00
  33614.216170 1.263800e-15 3.423030e+04 2.000000e+00
  33709.172038 1.312200e-15 3.432700e+04 2.000000e+00
  33804.227933 1.287100e-15 3.442380e+04 2.000000e+00
  33899.283828 1.310400e-15 3.452060e+04 2.000000e+00
  33994.249698 1.214900e-15 3.461730e+04 2.000000e+00
  34089.305593 1.225900e-15 3.471410e+04 2.000000e+00
  34184.361489 1.225500e-15 3.481090e+04 2.000000e+00
  34279.317357 1.213500e-15 3.490760e+04 2.000000e+00
  34374.373252 1.210900e-15 3.500440e+04 2.000000e+00
  34469.339123 1.249500e-15 3.510110e+04 2.000000e+00
  34564.395018 1.239300e-15 3.519790e+04 2.000000e+00
  34659.450914 1.230500e-15 3.529470e+04 2.000000e+00
  34754.406782 1.171700e-15 3.539140e+04 2.000000e+00
  34849.472680 1.187600e-15 3.548820e+04 2.000000e+00
  34944.528576 1.162300e-15 3.558500e+04 2.000000e+00
  35039.484445 1.209500e-15 3.568170e+04 2.000000e+00
  35134.540340 1.048900e-15 3.577850e+04 2.000000e+00
  35229.506212 1.093600e-15 3.587520e+04 2.000000e+00
  35324.562108 1.085600e-15 3.597200e+04 2.000000e+00
  35419.618004 1.070100e-15 3.606880e+04 2.000000e+00
  35514.583875 1.071200e-15 3.616550e+04 2.000000e+00
  35609.639772 1.048900e-15 3.626230e+04 2.000000e+00
  35704.695668 1.020300e-15 3.635910e+04 2.000000e+00
  35799.651537 1.057000e-15 3.645580e+04 2.000000e+00
  35894.717436 9.342700e-16 3.655260e+04 2.000000e+00
  35989.673305 1.010200e-15 3.664930e+04 2.000000e+00
  36084.729201 1.005600e-15 3.674610e+04 2.000000e+00
  36179.785098 9.666100e-16 3.684290e+04 2.000000e+00
  36274.740967 9.920900e-16 3.693960e+04 2.000000e+00
  36369.806867 9.367700e-16 3.703640e+04 2.000000e+00
  36464.862763 9.426900e-16 3.713320e+04 2.000000e+00
  36559.818633 9.468700e-16 3.722990e+04 2.000000e+00
  36654.874530 9.418000e-16 3.732670e+04 2.000000e+00
  36749.840402 9.348100e-16 3.742340e+04 2.000000e+00
  36844.896299 9.059500e-16 3.752020e+04 2.000000e+00
  36939.952196 9.280500e-16 3.761700e+04 2.000000e+00
  37034.918068 9.316800e-16 3.771370e+04 2.000000e+00
  37129.973965 9.459800e-16 3.781050e+04 2.000000e+00
  37225.029863 9.065700e-16 3.790730e+04 2.000000e+00
  37319.985733 8.929400e-16 3.800400e+04 2.000000e+00
  37415.051632 8.870900e-16 3.810080e+04 2.000000e+00
  37510.007503 8.943500e-16 3.819750e+04 2.000000e+00
  37605.063400 8.793700e-16 3.829430e+04 2.000000e+00
  37700.119297 8.561400e-16 3.839110e+04 2.000000e+00
  37795.085170 8.793600e-16 3.848780e+04 2.000000e+00
  37890.141068 8.611000e-16 3.858460e+04 2.000000e+00
  37985.196965 8.549900e-16 3.868140e+04 2.000000e+00
  38080.162838 8.714600e-16 3.877810e+04 2.000000e+00
  38175.208733 8.421000e-16 3.887490e+04 2.000000e+00
  38270.174606 8.314400e-16 3.897160e+04 2.000000e+00
  38365.230504 8.018600e-16 3.906840e+04 2.000000e+00
  38460.296405 7.878700e-16 3.916520e+04 2.000000e+00
  38555.252275 7.835100e-16 3.926190e+04 2.000000e+00
  38650.308173 7.988500e-16 3.935870e+04 2.000000e+00
  38745.364071 7.778500e-16 3.945550e+04 2.000000e+00
  38840.319942 8.053500e-16 3.955220e+04 2.000000e+00
  38935.385843 8.069000e-16 3.964900e+04 2.000000e+00
  39030.341714 7.841900e-16 3.974570e+04 2.000000e+00
  39125.397612 7.457900e-16 3.984250e+04 2.000000e+00
  39220.453510 7.733500e-16 3.993930e+04 2.000000e+00
  39315.419384 7.507100e-16 4.003600e+04 2.000000e+00
  39410.475282 7.236700e-16 4.013280e+04 2.000000e+00
  39505.531180 6.969400e-16 4.022960e+04 2.000000e+00
  39600.487051 7.363200e-16 4.032630e+04 2.000000e+00
  39695.552952 7.264400e-16 4.042310e+04 2.000000e+00
  39790.508824 7.435500e-16 4.051980e+04 2.000000e+00
  39885.564722 7.508500e-16 4.061660e+04 2.000000e+00
  39980.630623 7.445700e-16 4.071340e+04 2.000000e+00
  40075.576492 7.975300e-16 4.081010e+04 2.000000e+00
  40170.642393 7.945500e-16 4.090690e+04 2.000000e+00
  40265.698292 7.919100e-16 4.100370e+04 2.000000e+00
  40360.664166 7.681000e-16 4.110040e+04 2.000000e+00
  40455.720065 7.244600e-16 4.119720e+04 2.000000e+00
  40550.675936 6.982400e-16 4.129390e+04 2.000000e+00
  40645.731835 6.875100e-16 4.139070e+04 2.000000e+00
  40740.787734 6.683100e-16 4.148750e+04 2.000000e+00
  40835.753609 6.244000e-16 4.158420e+04 2.000000e+00
  40930.809508 6.542600e-16 4.168100e+04 2.000000e+00
  41025.865407 6.304400e-16 4.177780e+04 2.000000e+00
  41120.821278 6.080000e-16 4.187450e+04 2.000000e+00
  41215.887180 6.392900e-16 4.197130e+04 2.000000e+00
  41310.843052 6.288700e-16 4.206800e+04 2.000000e+00
  41405.898951 6.474000e-16 4.216480e+04 2.000000e+00
  41500.964853 6.443100e-16 4.226160e+04 2.000000e+00
  41595.910722 6.172100e-16 4.235830e+04 2.000000e+00
  41690.976624 6.127000e-16 4.245510e+04 2.000000e+00
  41786.032524 6.028200e-16 4.255190e+04 2.000000e+00
  41880.998398 5.944200e-16 4.264860e+04 2.000000e+00
  41976.044295 6.209200e-16 4.274540e+04 2.000000e+00
  42071.010170 6.411200e-16 4.284210e+04 2.000000e+00
  42166.066069 5.782000e-16 4.293890e+04 2.000000e+00
  42261.121969 5.859600e-16 4.303570e+04 2.000000e+00
  42356.087844 5.400000e-16 4.313240e+04 2.000000e+00
  42451.143744 5.525400e-16 4.322920e+04 2.000000e+00
  42546.199643 5.525300e-16 4.332600e+04 2.000000e+00
  42641.155516 5.603800e-16 4.342270e+04 2.000000e+00
  42736.221418 5.299300e-16 4.351950e+04 2.000000e+00
  42831.177290 5.870600e-16 4.361620e+04 2.000000e+00
  42926.243193 5.567400e-16 4.371300e+04 2.000000e+00
  43021.289090 5.489800e-16 4.380980e+04 2.000000e+00
  43116.244963 5.555300e-16 4.390650e+04 2.000000e+00
  43211.310865 5.561200e-16 4.400330e+04 2.000000e+00
  43306.366765 5.267200e-16 4.410010e+04 2.000000e+00
  43401.332640 5.179500e-16 4.419680e+04 2.000000e+00
  43496.378538 5.089900e-16 4.429360e+04 2.000000e+00
  43591.344413 5.162300e-16 4.439030e+04 2.000000e+00
  43686.400313 5.137500e-16 4.448710e+04 2.000000e+00
  43781.466216 5.006800e-16 4.458390e+04 2.000000e+00
  43876.422089 4.670500e-16 4.468060e+04 2.000000e+00
  43971.477989 5.172600e-16 4.477740e+04 2.000000e+00
  44066.533889 4.805500e-16 4.487420e+04 2.000000e+00
  44161.489762 4.813100e-16 4.497090e+04 2.000000e+00
  44256.555665 4.378900e-16 4.506770e+04 2.000000e+00
  44351.511538 4.586800e-16 4.516440e+04 2.000000e+00
  44446.577441 4.460900e-16 4.526120e+04 2.000000e+00
  44541.623339 4.348800e-16 4.535800e+04 2.000000e+00
  44636.589214 4.624300e-16 4.545470e+04 2.000000e+00
  44731.645115 4.558700e-16 4.555150e+04 2.000000e+00
  44826.701015 4.264900e-16 4.564830e+04 2.000000e+00
  44921.666891 4.534700e-16 4.574500e+04 2.000000e+00
  45016.712789 4.379800e-16 4.584180e+04 2.000000e+00
  45111.678665 4.451700e-16 4.593850e+04 2.000000e+00
  45206.734565 4.215300e-16 4.603530e+04 2.000000e+00
  45301.800469 3.725500e-16 4.613210e+04 2.000000e+00
  45396.756342 3.980800e-16 4.622880e+04 2.000000e+00
  45491.812243 3.904600e-16 4.632560e+04 2.000000e+00
  45586.868143 3.585500e-16 4.642240e+04 2.000000e+00
  45681.824017 3.718400e-16 4.651910e+04 2.000000e+00
  45776.889920 3.493200e-16 4.661590e+04 2.000000e+00
  45871.845794 4.014500e-16 4.671260e+04 2.000000e+00
  45966.911697 3.788900e-16 4.680940e+04 2.000000e+00
  46061.957595 4.165400e-16 4.690620e+04 2.000000e+00
  46156.923471 4.135500e-16 4.700290e+04 2.000000e+00
  46251.979372 3.675800e-16 4.709970e+04 2.000000e+00
  46347.035273 4.139500e-16 4.719650e+04 2.000000e+00
  46442.001150 3.987700e-16 4.729320e+04 2.000000e+00
  46537.057051 4.746800e-16 4.739000e+04 2.000000e+00
  46632.012924 4.079700e-16 4.748670e+04 2.000000e+00
  46727.068825 3.639900e-16 4.758350e+04 2.000000e+00
  46822.134729 3.945500e-16 4.768030e+04 2.000000e+00
  46917.090603 3.738200e-16 4.777700e+04 2.000000e+00
  47012.146504 3.610500e-16 4.787380e+04 2.000000e+00
  47107.202405 3.926200e-16 4.797060e+04 2.000000e+00
  47202.158279 3.804100e-16 4.806730e+04 2.000000e+00
  47297.224183 3.979100e-16 4.816410e+04 2.000000e+00
  47392.180057 3.991700e-16 4.826080e+04 2.000000e+00
  47487.235958 3.814000e-16 4.835760e+04 2.000000e+00
  47582.291859 3.369300e-16 4.845440e+04 2.000000e+00
  47677.257736 3.713700e-16 4.855110e+04 2.000000e+00
  47772.313637 3.448500e-16 4.864790e+04 2.000000e+00
  47867.379541 3.744700e-16 4.874470e+04 2.000000e+00
  47962.325412 3.728000e-16 4.884140e+04 2.000000e+00
  48057.391316 3.595200e-16 4.893820e+04 2.000000e+00
  48152.347191 3.666300e-16 4.903490e+04 2.000000e+00
  48247.403092 3.669200e-16 4.913170e+04 2.000000e+00
  48342.468996 3.845100e-16 4.922850e+04 2.000000e+00
  48437.424870 3.902000e-16 4.932520e+04 2.000000e+00
  48532.480772 4.076200e-16 4.942200e+04 2.000000e+00
  48628.526943 3.775600e-16 4.951980e+04 2.000000e+00
  49114.809449 3.588700e-16 5.001500e+04 0.000000e+00
  49605.953281 3.399900e-16 5.051515e+04 0.000000e+00
  50102.018454 3.209200e-16 5.102030e+04 0.000000e+00
  50603.034976 3.016600e-16 5.153050e+04 0.000000e+00
  51109.062865 2.822100e-16 5.204581e+04 0.000000e+00
  51233.476767 2.774300e-16 5.217250e+04 3.000000e+00
  51530.427685 2.816900e-16 5.247490e+04 3.000000e+00
  51827.388605 3.699200e-16 5.277730e+04 3.000000e+00
  52124.349525 4.432700e-16 5.307970e+04 3.000000e+00
  52421.310446 4.461400e-16 5.338210e+04 3.000000e+00
  52718.361391 3.722400e-16 5.368460e+04 3.000000e+00
  53015.322312 3.678500e-16 5.398700e+04 3.000000e+00
  53312.273231 4.688500e-16 5.428940e+04 3.000000e+00
  53609.234152 3.941800e-16 5.459180e+04 3.000000e+00
  53906.185071 3.013900e-16 5.489420e+04 3.000000e+00
  54203.246020 3.367600e-16 5.519670e+04 3.000000e+00
  54500.206942 3.054000e-16 5.549910e+04 3.000000e+00
  54797.157861 3.385300e-16 5.580150e+04 3.000000e+00
  55094.118783 3.856900e-16 5.610390e+04 3.000000e+00
  55391.069703 3.637100e-16 5.640630e+04 3.000000e+00
  55688.130653 3.945200e-16 5.670880e+04 3.000000e+00
  55985.081573 4.240700e-16 5.701120e+04 3.000000e+00
  56282.042496 4.606500e-16 5.731360e+04 3.000000e+00
  56579.003419 5.336500e-16 5.761600e+04 3.000000e+00
  56875.964342 5.532600e-16 5.791840e+04 3.000000e+00
  57173.015290 5.309300e-16 5.822090e+04 3.000000e+00
  57469.976213 5.016400e-16 5.852330e+04 3.000000e+00
  57766.927134 4.654500e-16 5.882570e+04 3.000000e+00
  58063.888058 4.462500e-16 5.912810e+04 3.000000e+00
  58360.838979 4.635500e-16 5.943050e+04 3.000000e+00
  58657.899930 4.879900e-16 5.973300e+04 3.000000e+00
  58954.850852 4.954500e-16 6.003540e+04 3.000000e+00
  59251.811776 4.776300e-16 6.033780e+04 3.000000e+00
  59548.772700 5.261000e-16 6.064020e+04 3.000000e+00
  59845.733625 5.934300e-16 6.094260e+04 3.000000e+00
  60142.784574 6.706400e-16 6.124510e+04 3.000000e+00
  60439.735496 7.032200e-16 6.154750e+04 3.000000e+00
  60736.696421 7.262000e-16 6.184990e+04 3.000000e+00
  61033.657346 8.313200e-16 6.215230e+04 3.000000e+00
  61330.608268 1.064600e-15 6.245470e+04 3.000000e+00
  61627.669221 1.528500e-15 6.275720e+04 3.000000e+00
  61924.630146 1.889500e-15 6.305960e+04 3.000000e+00
  62221.581069 1.937000e-15 6.336200e+04 3.000000e+00
  62518.541994 1.713000e-15 6.366440e+04 3.000000e+00
  62815.492917 1.451300e-15 6.396680e+04 3.000000e+00
  63112.553871 1.211900e-15 6.426930e+04 3.000000e+00
  63409.504794 1.054400e-15 6.457170e+04 3.000000e+00
  63706.465720 9.403400e-16 6.487410e+04 3.000000e+00
  64003.426646 8.537200e-16 6.517650e+04 3.000000e+00
  64300.387572 7.678300e-16 6.547890e+04 3.000000e+00
  64597.438523 7.106500e-16 6.578140e+04 3.000000e+00
  64894.389447 7.138400e-16 6.608380e+04 3.000000e+00
  65191.350373 6.575800e-16 6.638620e+04 3.000000e+00
  65488.311300 6.535000e-16 6.668860e+04 3.000000e+00
  65785.262224 6.520700e-16 6.699100e+04 3.000000e+00
  66082.323178 6.503800e-16 6.729350e+04 3.000000e+00
  66379.274102 6.772900e-16 6.759590e+04 3.000000e+00
  66676.235029 6.815100e-16 6.789830e+04 3.000000e+00
  66973.185954 6.756500e-16 6.820070e+04 3.000000e+00
  67270.146881 6.734600e-16 6.850310e+04 3.000000e+00
  67567.207835 6.717500e-16 6.880560e+04 3.000000e+00
  67864.158760 6.709900e-16 6.910800e+04 3.000000e+00
  68161.119687 6.581400e-16 6.941040e+04 3.000000e+00
  68458.080615 6.749300e-16 6.971280e+04 3.000000e+00
  68755.041542 7.285500e-16 7.001520e+04 3.000000e+00
  69052.092495 7.547100e-16 7.031770e+04 3.000000e+00
  69349.043420 7.850300e-16 7.062010e+04 3.000000e+00
  69646.004348 1.031300e-15 7.092250e+04 3.000000e+00
  69942.955273 1.063100e-15 7.122490e+04 3.000000e+00
  70239.916201 9.071600e-16 7.152730e+04 3.000000e+00
  70536.967154 8.759100e-16 7.182980e+04 3.000000e+00
  70833.938084 8.712600e-16 7.213220e+04 3.000000e+00
  71130.889010 9.162800e-16 7.243460e+04 3.000000e+00
  71427.849938 9.068000e-16 7.273700e+04 3.000000e+00
  71724.800864 9.392000e-16 7.303940e+04 3.000000e+00
  72021.861820 9.602500e-16 7.334190e+04 3.000000e+00
  72318.812746 9.948300e-16 7.364430e+04 3.000000e+00
  72615.773674 1.024200e-15 7.394670e+04 3.000000e+00
  72912.734603 1.063900e-15 7.424910e+04 3.000000e+00
  73209.685529 1.123700e-15 7.455150e+04 3.000000e+00
  73506.746485 1.214800e-15 7.485400e+04 3.000000e+00
  73803.697411 1.236000e-15 7.515640e+04 3.000000e+00
  74100.658340 1.402200e-15 7.545880e+04 3.000000e+00
  74397.609266 1.484800e-15 7.576120e+04 3.000000e+00
  74991.531125 1.802900e-15 7.636600e+04 3.000000e+00
  75585.543008 2.065600e-15 7.697090e+04 3.000000e+00
  76179.454864 2.116500e-15 7.757570e+04 3.000000e+00
  76773.366720 2.041600e-15 7.818050e+04 3.000000e+00
  77367.378604 1.993100e-15 7.878540e+04 3.000000e+00
  77961.300463 1.951400e-15 7.939020e+04 3.000000e+00
  78555.312348 1.831300e-15 7.999510e+04 3.000000e+00
  79149.224205 1.655300e-15 8.059990e+04 3.000000e+00
  79743.146065 1.431700e-15 8.120470e+04 3.000000e+00
  80337.147947 1.245700e-15 8.180959e+04 3.000000e+00
  80931.069808 1.100500e-15 8.241440e+04 3.000000e+00
  81524.981666 1.005000e-15 8.301920e+04 3.000000e+00
  82118.983549 9.510900e-16 8.362409e+04 3.000000e+00
  82712.905410 9.369000e-16 8.422890e+04 3.000000e+00
  83306.817268 9.122400e-16 8.483370e+04 3.000000e+00
  83900.839157 9.022600e-16 8.543860e+04 3.000000e+00
  84494.751016 9.055500e-16 8.604340e+04 3.000000e+00
  85088.762903 9.512500e-16 8.664830e+04 3.000000e+00
  85682.674762 9.548500e-16 8.725310e+04 3.000000e+00
  86276.596624 9.008800e-16 8.785791e+04 3.000000e+00
  86870.608511 7.746200e-16 8.846280e+04 3.000000e+00
  87464.520371 6.241000e-16 8.906760e+04 3.000000e+00
  88058.442234 4.964900e-16 8.967241e+04 3.000000e+00
  88652.444119 4.073200e-16 9.027730e+04 3.000000e+00
  89246.365982 3.529600e-16 9.088210e+04 3.000000e+00
  89840.277842 3.094000e-16 9.148690e+04 3.000000e+00
  90434.289730 2.722900e-16 9.209180e+04 3.000000e+00
  91028.201591 2.551500e-16 9.269660e+04 3.000000e+00
  91622.213479 2.333600e-16 9.330150e+04 3.000000e+00
  92216.125340 2.304200e-16 9.390630e+04 3.000000e+00
  92810.047204 2.081000e-16 9.451110e+04 3.000000e+00
  93404.049090 2.037100e-16 9.511599e+04 3.000000e+00
  93997.970954 1.957000e-16 9.572080e+04 3.000000e+00
  94591.882816 1.839900e-16 9.632560e+04 3.000000e+00
  95185.894705 1.807900e-16 9.693050e+04 3.000000e+00
  95779.806567 1.850500e-16 9.753530e+04 3.000000e+00
  96373.718429 2.085300e-16 9.814009e+04 3.000000e+00
  96967.740321 1.972000e-16 9.874500e+04 3.000000e+00
  97561.662186 1.689400e-16 9.934980e+04 3.000000e+00
  98155.674075 1.552100e-16 9.995470e+04 3.000000e+00
  98749.585938 1.627800e-16 1.005595e+05 3.000000e+00
  99343.497800 1.599100e-16 1.011643e+05 3.000000e+00
  99937.509690 1.481400e-16 1.017692e+05 3.000000e+00
 100531.421553 1.539100e-16 1.023740e+05 3.000000e+00
 101125.343419 1.490000e-16 1.029788e+05 3.000000e+00
 101719.345306 1.482900e-16 1.035837e+05 3.000000e+00
 102313.267172 1.535400e-16 1.041885e+05 3.000000e+00
 102907.179035 1.524900e-16 1.047933e+05 3.000000e+00
 103501.190926 1.523700e-16 1.053982e+05 3.000000e+00
 104095.102789 1.621000e-16 1.060030e+05 3.000000e+00
 104689.124682 1.831800e-16 1.066079e+05 3.000000e+00
 105283.026543 2.037200e-16 1.072127e+05 3.000000e+00
 105876.948410 2.148700e-16 1.078175e+05 3.000000e+00
 106470.970303 2.165600e-16 1.084224e+05 3.000000e+00
 107064.882167 2.183500e-16 1.090272e+05 3.000000e+00
 107658.794031 2.221600e-16 1.096320e+05 3.000000e+00
 108252.805923 2.165900e-16 1.102369e+05 3.000000e+00
 108846.717787 2.423200e-16 1.108417e+05 3.000000e+00
 109440.639654 2.808000e-16 1.114465e+05 3.000000e+00
 110034.641542 3.220600e-16 1.120514e+05 3.000000e+00
 110628.563410 3.685600e-16 1.126562e+05 3.000000e+00
 111222.575301 5.090300e-16 1.132611e+05 3.000000e+00
 111816.487166 8.098200e-16 1.138659e+05 3.000000e+00
 112410.409033 9.891900e-16 1.144707e+05 3.000000e+00
 113004.410922 9.030400e-16 1.150756e+05 3.000000e+00
 113598.322787 7.381100e-16 1.156804e+05 3.000000e+00
 114192.244655 6.135200e-16 1.162852e+05 3.000000e+00
 114786.246544 5.199700e-16 1.168901e+05 3.000000e+00
 115380.168412 4.608300e-16 1.174949e+05 3.000000e+00
 115974.080277 4.200600e-16 1.180997e+05 3.000000e+00
 116568.092169 3.880000e-16 1.187046e+05 3.000000e+00
 117162.014037 3.801500e-16 1.193094e+05 3.000000e+00
 117756.025929 3.786900e-16 1.199143e+05 3.000000e+00
 118349.937795 3.919800e-16 1.205191e+05 3.000000e+00
 118943.849660 4.210500e-16 1.211239e+05 3.000000e+00
 119537.871556 4.384700e-16 1.217288e+05 3.000000e+00
 120131.783421 4.423200e-16 1.223336e+05 3.000000e+00
 120725.705289 4.326700e-16 1.229384e+05 3.000000e+00
 121319.707180 4.251900e-16 1.235433e+05 3.000000e+00
 121913.619045 4.306000e-16 1.241481e+05 3.000000e+00
 122507.540914 4.520900e-16 1.247529e+05 3.000000e+00
 123101.542804 4.731900e-16 1.253578e+05 3.000000e+00
 123695.464673 4.813200e-16 1.259626e+05 3.000000e+00
 124289.476566 4.957400e-16 1.265675e+05 3.000000e+00
 124883.388432 5.153900e-16 1.271723e+05 3.000000e+00
 125477.310300 5.512700e-16 1.277771e+05 3.000000e+00
 126071.322194 5.911500e-16 1.283820e+05 3.000000e+00
 126665.234060 6.062500e-16 1.289868e+05 3.000000e+00
 127259.145926 6.943700e-16 1.295916e+05 3.000000e+00
 127853.167822 9.041700e-16 1.301965e+05 3.000000e+00
 128447.069686 8.059800e-16 1.308013e+05 3.000000e+00
 129040.981552 4.695600e-16 1.314061e+05 3.000000e+00
 129635.003449 3.813800e-16 1.320110e+05 3.000000e+00
 130228.915315 3.547700e-16 1.326158e+05 3.000000e+00
 130822.827182 3.477800e-16 1.332206e+05 3.000000e+00
 131416.839075 3.432200e-16 1.338255e+05 3.000000e+00
 132010.750942 3.432200e-16 1.344303e+05 3.000000e+00
 132604.772839 3.292600e-16 1.350352e+05 3.000000e+00
 133198.684705 3.365100e-16 1.356400e+05 3.000000e+00
 133792.596572 3.291200e-16 1.362448e+05 3.000000e+00
 134386.618469 3.250000e-16 1.368497e+05 3.000000e+00
 134980.530336 3.206300e-16 1.374545e+05 3.000000e+00
 135574.442202 3.226300e-16 1.380593e+05 3.000000e+00
 136168.454097 3.161200e-16 1.386642e+05 3.000000e+00
 136762.365964 3.094100e-16 1.392690e+05 3.000000e+00
 137356.277831 2.988200e-16 1.398738e+05 3.000000e+00
 137950.299728 2.888200e-16 1.404787e+05 3.000000e+00
 138544.211595 2.845200e-16 1.410835e+05 3.000000e+00
 139138.233492 2.870800e-16 1.416884e+05 3.000000e+00
 139732.145359 2.874600e-16 1.422932e+05 3.000000e+00
 140326.057226 2.762400e-16 1.428980e+05 3.000000e+00
 140920.069121 2.755300e-16 1.435029e+05 3.000000e+00
 141513.980988 2.741700e-16 1.441077e+05 3.000000e+00
 142107.892855 2.792300e-16 1.447125e+05 3.000000e+00
 143150.376978 2.849400e-16 1.457741e+05 3.000000e+00
 143981.953620 2.748900e-16 1.466209e+05 3.000000e+00
 144813.510256 2.632300e-16 1.474677e+05 3.000000e+00
 145645.066893 2.504000e-16 1.483145e+05 3.000000e+00
 146476.523502 2.526300e-16 1.491612e+05 3.000000e+00
 147308.080138 2.377800e-16 1.500080e+05 3.000000e+00
 148139.636775 2.345200e-16 1.508548e+05 3.000000e+00
 148971.103387 2.418700e-16 1.517015e+05 3.000000e+00
 149802.660023 2.383800e-16 1.525483e+05 3.000000e+00
 150634.216660 2.376600e-16 1.533951e+05 3.000000e+00
 151465.673270 2.326800e-16 1.542418e+05 3.000000e+00
 152297.229907 2.317300e-16 1.550886e+05 3.000000e+00
 153128.806549 2.297100e-16 1.559354e+05 3.000000e+00
 153960.273161 2.292100e-16 1.567821e+05 3.000000e+00
 154791.819796 2.468300e-16 1.576289e+05 3.000000e+00
 155623.376433 2.728800e-16 1.584757e+05 3.000000e+00
 156454.833043 2.609600e-16 1.593224e+05 3.000000e+00
 157286.399683 2.404000e-16 1.601692e+05 3.000000e+00
 158117.956320 2.397000e-16 1.610160e+05 3.000000e+00
 158949.512957 2.447500e-16 1.618628e+05 3.000000e+00
 159780.979570 2.410400e-16 1.627095e+05 3.000000e+00
 160612.546210 2.376500e-16 1.635563e+05 3.000000e+00
 161444.082842 2.372700e-16 1.644031e+05 3.000000e+00
 162275.569460 2.468800e-16 1.652498e+05 3.000000e+00
 163107.106093 2.769500e-16 1.660966e+05 3.000000e+00
 163938.662730 3.125300e-16 1.669434e+05 3.000000e+00
 164770.139346 3.328700e-16 1.677901e+05 3.000000e+00
 165601.685981 3.094100e-16 1.686369e+05 3.000000e+00
 166433.252621 2.943100e-16 1.694837e+05 3.000000e+00
 167264.699229 2.975100e-16 1.703304e+05 3.000000e+00
 168096.275873 3.011000e-16 1.711772e+05 3.000000e+00
 168927.832510 3.035100e-16 1.720240e+05 3.000000e+00
 169759.279118 3.424400e-16 1.728707e+05 3.000000e+00
 170590.845759 3.710300e-16 1.737175e+05 3.000000e+00
 171422.402397 3.168100e-16 1.745643e+05 3.000000e+00
 172253.959035 3.058200e-16 1.754111e+05 3.000000e+00
 173085.425649 3.038500e-16 1.762578e+05 3.000000e+00
 173916.992290 2.998100e-16 1.771046e+05 3.000000e+00
 174748.538925 2.797900e-16 1.779514e+05 3.000000e+00
 175580.015541 2.590800e-16 1.787981e+05 3.000000e+00
 176411.572180 2.510700e-16 1.796449e+05 3.000000e+00
 177243.128818 2.443800e-16 1.804917e+05 3.000000e+00
 178074.585429 2.372200e-16 1.813384e+05 3.000000e+00
 178906.132065 2.395900e-16 1.821852e+05 3.000000e+00
 179737.698706 2.355800e-16 1.830320e+05 3.000000e+00
 180569.165320 2.292400e-16 1.838787e+05 3.000000e+00
 181400.721958 2.213200e-16 1.847255e+05 3.000000e+00
 182232.278597 2.215000e-16 1.855723e+05 3.000000e+00
 183063.725205 2.193000e-16 1.864190e+05 3.000000e+00
 183895.291847 2.163200e-16 1.872658e+05 3.000000e+00
 184726.868491 2.182800e-16 1.881126e+05 3.000000e+00
 185558.425129 2.255800e-16 1.889594e+05 3.000000e+00
 186389.871738 2.536700e-16 1.898061e+05 3.000000e+00
 187221.438379 2.804700e-16 1.906529e+05 3.000000e+00
 188052.985015 2.658900e-16 1.914997e+05 3.000000e+00
 188884.461632 2.326100e-16 1.923464e+05 3.000000e+00
 189716.018271 2.282100e-16 1.931932e+05 3.000000e+00
 190547.574910 2.339900e-16 1.940400e+05 3.000000e+00
 191379.041524 2.291700e-16 1.948867e+05 3.000000e+00
 192210.608166 2.319300e-16 1.957335e+05 3.000000e+00
 193042.144800 2.278500e-16 1.965803e+05 3.000000e+00
 193873.611414 2.303200e-16 1.974270e+05 3.000000e+00
 194705.168053 2.301700e-16 1.982738e+05 3.000000e+00
 195536.724692 2.273800e-16 1.991206e+05 3.000000e+00
 196368.201309 2.269000e-16 1.999673e+05 3.000000e+00
 197199.747946 2.287400e-16 2.008141e+05 3.000000e+00
 198031.314587 2.332400e-16 2.016609e+05 3.000000e+00
 198862.871227 2.369700e-16 2.025077e+05 3.000000e+00
 199694.317836 2.351300e-16 2.033544e+05 3.000000e+00
 200525.894480 2.304200e-16 2.042012e+05 3.000000e+00
 202188.907732 2.316000e-16 2.058947e+05 3.000000e+00
 203852.021010 2.415300e-16 2.075883e+05 3.000000e+00
 205515.054267 2.440300e-16 2.092818e+05 3.000000e+00
 207178.057516 2.489000e-16 2.109753e+05 3.000000e+00
 208841.170795 2.514000e-16 2.126689e+05 3.000000e+00
 210504.194049 2.506200e-16 2.143624e+05 3.000000e+00
 212167.317331 2.514000e-16 2.160560e+05 3.000000e+00
 213830.340585 2.561900e-16 2.177495e+05 3.000000e+00
 215493.353837 2.585700e-16 2.194430e+05 3.000000e+00
 217156.487122 2.564100e-16 2.211366e+05 3.000000e+00
 218819.500374 2.612700e-16 2.228301e+05 3.000000e+00
 220482.503624 2.667000e-16 2.245236e+05 3.000000e+00
 222145.616903 2.677400e-16 2.262172e+05 3.000000e+00
 223808.650161 2.644800e-16 2.279107e+05 3.000000e+00
 225471.763441 2.677200e-16 2.296043e+05 3.000000e+00
 227134.786696 2.734600e-16 2.312978e+05 3.000000e+00
 228797.809951 2.788400e-16 2.329913e+05 3.000000e+00
 230460.933234 2.824500e-16 2.346849e+05 3.000000e+00
 232123.956489 2.823000e-16 2.363784e+05 3.000000e+00
 233786.969742 2.842300e-16 2.380719e+05 3.000000e+00
 235450.063017 2.903900e-16 2.397655e+05 3.000000e+00
 237113.106278 2.934600e-16 2.414590e+05 3.000000e+00
 238776.209555 2.969300e-16 2.431526e+05 3.000000e+00
 240439.232811 3.012600e-16 2.448461e+05 3.000000e+00
 242102.256067 3.004000e-16 2.465396e+05 3.000000e+00
 243765.379350 3.013600e-16 2.482332e+05 3.000000e+00
 245428.402606 3.048200e-16 2.499267e+05 3.000000e+00
 247091.415859 3.078100e-16 2.516202e+05 3.000000e+00
 248754.549145 3.075100e-16 2.533138e+05 3.000000e+00
 250417.562398 3.088300e-16 2.550073e+05 3.000000e+00
 252080.665676 3.143900e-16 2.567009e+05 3.000000e+00
 253743.678930 3.196500e-16 2.583944e+05 3.000000e+00
 255406.702186 3.234600e-16 2.600879e+05 3.000000e+00
 257069.825470 3.220700e-16 2.617815e+05 3.000000e+00
 258732.848726 3.271400e-16 2.634750e+05 3.000000e+00
 260395.871983 3.319700e-16 2.651685e+05 3.000000e+00
 262058.975261 3.306400e-16 2.668621e+05 3.000000e+00
 263721.998517 3.338600e-16 2.685556e+05 3.000000e+00
 265385.111798 3.324800e-16 2.702492e+05 3.000000e+00
 267048.125052 3.316600e-16 2.719427e+05 3.000000e+00
 268711.178317 3.352600e-16 2.736362e+05 3.000000e+00
 270374.291598 3.377000e-16 2.753298e+05 3.000000e+00
 272037.284847 3.376800e-16 2.770233e+05 3.000000e+00
 273700.298101 3.430100e-16 2.787168e+05 3.000000e+00
 275363.441390 3.452100e-16 2.804104e+05 3.000000e+00
 277026.464647 3.491200e-16 2.821039e+05 3.000000e+00
 278689.577929 3.460000e-16 2.837975e+05 3.000000e+00
 280352.591183 3.492100e-16 2.854910e+05 3.000000e+00
 282015.614440 3.552100e-16 2.871845e+05 3.000000e+00
 283678.727721 3.554800e-16 2.888781e+05 3.000000e+00
 285341.740976 3.566600e-16 2.905716e+05 3.000000e+00
 287004.764233 3.583400e-16 2.922651e+05 3.000000e+00
 288667.877514 3.595900e-16 2.939587e+05 3.000000e+00
 290330.890769 3.574700e-16 2.956522e+05 3.000000e+00
 291994.004051 3.605000e-16 2.973458e+05 3.000000e+00
 293657.057316 3.629200e-16 2.990393e+05 3.000000e+00
 295320.070571 3.676000e-16 3.007328e+05 3.000000e+00
 296983.183852 3.715400e-16 3.024264e+05 3.000000e+00
 298646.207110 3.729100e-16 3.041199e+05 3.000000e+00
 300309.230367 3.729300e-16 3.058134e+05 3.000000e+00
 301972.333646 3.778900e-16 3.075070e+05 3.000000e+00
 303635.356904 3.802300e-16 3.092005e+05 3.000000e+00
 305298.470186 3.834600e-16 3.108941e+05 3.000000e+00
 306961.483440 3.824700e-16 3.125876e+05 3.000000e+00
 308624.506698 3.861200e-16 3.142811e+05 3.000000e+00
 310287.619980 3.952800e-16 3.159747e+05 3.000000e+00
 311950.673246 3.915900e-16 3.176682e+05 3.000000e+00
 313613.686501 3.876400e-16 3.193617e+05 3.000000e+00
 315276.799783 3.914900e-16 3.210553e+05 3.000000e+00
 316939.793032 3.965100e-16 3.227488e+05 3.000000e+00
 318602.936323 4.017700e-16 3.244424e+05 3.000000e+00
 320265.949578 4.019800e-16 3.261359e+05 3.000000e+00
 321928.972835 4.020400e-16 3.278294e+05 3.000000e+00
 323592.086118 4.049500e-16 3.295230e+05 3.000000e+00
 325255.099373 4.147000e-16 3.312165e+05 3.000000e+00
 326918.122630 4.210100e-16 3.329100e+05 3.000000e+00
 328581.265921 4.380200e-16 3.346036e+05 3.000000e+00
 330244.279176 4.198400e-16 3.362971e+05 3.000000e+00
 331907.362450 4.300200e-16 3.379907e+05 3.000000e+00
 333570.385708 5.032700e-16 3.396842e+05 3.000000e+00
 335233.438974 4.695600e-16 3.413777e+05 3.000000e+00
 336896.512246 4.333200e-16 3.430713e+05 3.000000e+00
 338559.535504 4.199700e-16 3.447648e+05 3.000000e+00
 340222.558762 4.274200e-16 3.464583e+05 3.000000e+00
 341885.692050 4.358000e-16 3.481519e+05 3.000000e+00
 343548.685300 4.309200e-16 3.498454e+05 3.000000e+00
