# An Atlas of Galaxy Spectral Energy Distributions from the Ultraviolet to the Mid-Infrared
# Brown et al. (2014)
# http://dx.doi.org/10.5072/03/529D3551F0117
# 
# Column 1 : Restframe Wavelength (Angstrom)
# Column 2 : Flux per unit wavelength (ergs/s/cm^2/Angstrom)
# Column 3 : Observed wavelength (Angstrom)
# Column 4 : Source (0 = model, 1 = Optical Spectrum, 2 = Akari, 3 = Spitzer IRS)
# 
# CONVERTED air -> vacuum (Morton 2000/SDSS) above 2000 A by sedfit; wavelengths below are unchanged (already vacuum by convention).
    100.030000 3.658100e-27 1.032800e+02 0.000000e+00
    101.890000 6.056900e-27 1.052000e+02 0.000000e+00
    104.020000 9.041800e-27 1.074000e+02 0.000000e+00
    105.960000 1.374800e-26 1.094000e+02 0.000000e+00
    107.920000 2.114700e-26 1.114300e+02 0.000000e+00
    109.930000 3.675000e-26 1.135000e+02 0.000000e+00
    114.060000 7.486100e-26 1.177600e+02 0.000000e+00
    118.070000 1.406900e-25 1.219000e+02 0.000000e+00
    121.090000 6.626000e-25 1.250300e+02 0.000000e+00
    125.060000 1.133100e-24 1.291200e+02 0.000000e+00
    127.090000 1.423200e-24 1.312200e+02 0.000000e+00
    127.970000 1.622800e-24 1.321300e+02 0.000000e+00
    130.950000 2.229700e-24 1.352100e+02 0.000000e+00
    131.860000 2.820000e-24 1.361400e+02 0.000000e+00
    134.010000 3.429700e-24 1.383600e+02 0.000000e+00
    137.130000 5.299700e-24 1.415800e+02 0.000000e+00
    140.000000 7.018600e-24 1.445400e+02 0.000000e+00
    142.930000 2.219500e-23 1.475700e+02 0.000000e+00
    146.930000 6.811700e-23 1.517100e+02 0.000000e+00
    151.050000 9.252400e-23 1.559600e+02 0.000000e+00
    154.930000 1.256800e-22 1.599600e+02 0.000000e+00
    158.900000 1.703100e-22 1.640600e+02 0.000000e+00
    161.850000 2.109900e-22 1.671100e+02 0.000000e+00
    166.010000 2.813500e-22 1.714000e+02 0.000000e+00
    169.870000 3.632900e-22 1.753900e+02 0.000000e+00
    173.030000 4.408100e-22 1.786500e+02 0.000000e+00
    177.060000 5.600800e-22 1.828100e+02 0.000000e+00
    179.940000 6.656600e-22 1.857800e+02 0.000000e+00
    182.020000 7.451700e-22 1.879300e+02 0.000000e+00
    185.830000 9.295100e-22 1.918700e+02 0.000000e+00
    191.040000 1.208500e-21 1.972400e+02 0.000000e+00
    194.140000 1.419900e-21 2.004500e+02 0.000000e+00
    198.210000 1.718900e-21 2.046400e+02 0.000000e+00
    201.890000 2.085700e-21 2.084500e+02 0.000000e+00
    205.170000 2.400200e-21 2.118400e+02 0.000000e+00
    209.950000 2.865800e-21 2.167700e+02 0.000000e+00
    215.830000 3.857000e-21 2.228400e+02 0.000000e+00
    219.850000 4.563000e-21 2.269900e+02 0.000000e+00
    222.910000 5.084600e-21 2.301400e+02 0.000000e+00
    227.050000 5.987600e-21 2.344200e+02 0.000000e+00
    230.210000 9.914100e-21 2.376800e+02 0.000000e+00
    233.950000 1.738800e-20 2.415500e+02 0.000000e+00
    239.950000 2.530800e-20 2.477400e+02 0.000000e+00
    246.110000 2.774900e-20 2.541000e+02 0.000000e+00
    251.840000 3.421800e-20 2.600200e+02 0.000000e+00
    257.110000 3.230400e-20 2.654600e+02 0.000000e+00
    260.090000 4.001800e-20 2.685300e+02 0.000000e+00
    263.710000 4.594700e-20 2.722700e+02 0.000000e+00
    269.230000 5.108000e-20 2.779700e+02 0.000000e+00
    274.230000 5.639700e-20 2.831400e+02 0.000000e+00
    278.690000 6.198000e-20 2.877400e+02 0.000000e+00
    283.870000 6.843100e-20 2.930900e+02 0.000000e+00
    289.820000 7.298800e-20 2.992300e+02 0.000000e+00
    295.880000 8.208300e-20 3.054900e+02 0.000000e+00
    300.690000 8.754900e-20 3.104600e+02 0.000000e+00
    307.700000 9.959800e-20 3.176900e+02 0.000000e+00
    317.780000 1.183700e-19 3.281000e+02 0.000000e+00
    328.190000 1.365400e-19 3.388400e+02 0.000000e+00
    338.160000 1.542600e-19 3.491400e+02 0.000000e+00
    347.630000 1.730800e-19 3.589200e+02 0.000000e+00
    357.370000 1.928600e-19 3.689800e+02 0.000000e+00
    365.700000 2.164000e-19 3.775700e+02 0.000000e+00
    375.080000 2.361900e-19 3.872600e+02 0.000000e+00
    384.700000 2.501800e-19 3.971900e+02 0.000000e+00
    394.570000 2.852700e-19 4.073800e+02 0.000000e+00
    404.690000 3.149600e-19 4.178300e+02 0.000000e+00
    414.120000 3.374800e-19 4.275600e+02 0.000000e+00
    421.810000 3.533900e-19 4.355100e+02 0.000000e+00
    429.660000 3.726100e-19 4.436100e+02 0.000000e+00
    440.680000 4.066800e-19 4.549900e+02 0.000000e+00
    450.940000 4.317700e-19 4.655900e+02 0.000000e+00
    460.390000 4.500400e-19 4.753400e+02 0.000000e+00
    470.030000 4.778100e-19 4.852900e+02 0.000000e+00
    479.870000 5.108000e-19 4.954500e+02 0.000000e+00
    489.920000 5.275400e-19 5.058200e+02 0.000000e+00
    500.170000 5.678700e-19 5.164200e+02 0.000000e+00
    505.970000 6.015200e-19 5.224000e+02 0.000000e+00
    511.830000 8.775100e-19 5.284500e+02 0.000000e+00
    520.140000 9.295100e-19 5.370300e+02 0.000000e+00
    529.810000 9.891300e-19 5.470200e+02 0.000000e+00
    539.660000 9.936900e-19 5.571900e+02 0.000000e+00
    549.690000 1.259700e-18 5.675400e+02 0.000000e+00
    559.910000 1.490200e-18 5.781000e+02 0.000000e+00
    570.320000 1.703100e-18 5.888400e+02 0.000000e+00
    579.590000 1.707100e-18 5.984100e+02 0.000000e+00
    590.370000 2.080900e-18 6.095400e+02 0.000000e+00
    599.960000 2.204200e-18 6.194400e+02 0.000000e+00
    609.710000 2.554200e-18 6.295100e+02 0.000000e+00
    619.610000 3.049700e-18 6.397300e+02 0.000000e+00
    629.680000 3.382600e-18 6.501300e+02 0.000000e+00
    639.910000 3.533900e-18 6.606900e+02 0.000000e+00
    650.310000 4.113900e-18 6.714300e+02 0.000000e+00
    657.840000 4.479700e-18 6.792000e+02 0.000000e+00
    665.460000 4.833400e-18 6.870700e+02 0.000000e+00
    674.720000 5.037900e-18 6.966300e+02 0.000000e+00
    685.680000 5.119800e-18 7.079500e+02 0.000000e+00
    695.220000 6.749200e-18 7.177900e+02 0.000000e+00
    704.890000 6.610800e-18 7.277800e+02 0.000000e+00
    716.340000 8.170600e-18 7.396100e+02 0.000000e+00
    726.310000 8.734800e-18 7.498900e+02 0.000000e+00
    734.720000 9.295100e-18 7.585800e+02 0.000000e+00
    744.940000 1.077100e-17 7.691300e+02 0.000000e+00
    755.300000 1.181000e-17 7.798300e+02 0.000000e+00
    765.810000 1.277200e-17 7.906800e+02 0.000000e+00
    774.680000 1.433000e-17 7.998300e+02 0.000000e+00
    785.460000 1.585800e-17 8.109600e+02 0.000000e+00
    794.550000 1.691400e-17 8.203500e+02 0.000000e+00
    805.600000 1.808200e-17 8.317600e+02 0.000000e+00
    814.930000 1.915400e-17 8.414000e+02 0.000000e+00
    824.370000 2.154000e-17 8.511400e+02 0.000000e+00
    835.840000 1.808200e-17 8.629800e+02 0.000000e+00
    845.520000 2.367300e-17 8.729700e+02 0.000000e+00
    855.310000 2.496000e-17 8.830800e+02 0.000000e+00
    865.210000 2.749500e-17 8.933100e+02 0.000000e+00
    875.230000 3.014800e-17 9.036500e+02 0.000000e+00
    885.360000 3.351600e-17 9.141100e+02 0.000000e+00
    895.620000 3.616200e-17 9.247000e+02 0.000000e+00
    905.990000 3.683400e-17 9.354100e+02 0.000000e+00
    914.370000 5.905400e-17 9.440600e+02 0.000000e+00
    924.960000 4.327700e-16 9.549900e+02 0.000000e+00
    935.670000 9.823200e-16 9.660500e+02 0.000000e+00
    944.330000 1.928600e-15 9.749900e+02 0.000000e+00
    955.260000 2.794200e-15 9.862800e+02 0.000000e+00
    964.100000 3.208100e-15 9.954100e+02 0.000000e+00
    975.260000 5.026400e-16 1.006930e+03 0.000000e+00
    984.290000 2.794200e-15 1.016250e+03 0.000000e+00
    995.680000 3.021700e-15 1.028020e+03 0.000000e+00
   1004.900000 4.531600e-15 1.037530e+03 0.000000e+00
   1014.200000 4.428500e-15 1.047130e+03 0.000000e+00
   1025.940000 1.902200e-15 1.059250e+03 0.000000e+00
   1035.430000 3.149600e-15 1.069050e+03 0.000000e+00
   1045.010000 6.241000e-15 1.078950e+03 0.000000e+00
   1054.680000 6.212300e-15 1.088930e+03 0.000000e+00
   1064.440000 4.946000e-15 1.099010e+03 0.000000e+00
   1074.290000 6.001400e-15 1.109180e+03 0.000000e+00
   1084.230000 4.778100e-15 1.119440e+03 0.000000e+00
   1094.260000 6.490100e-15 1.129800e+03 0.000000e+00
   1104.390000 6.298700e-15 1.140250e+03 0.000000e+00
   1114.610000 6.127100e-15 1.150800e+03 0.000000e+00
   1124.920000 5.562300e-15 1.161450e+03 0.000000e+00
   1135.330000 7.215300e-15 1.172200e+03 0.000000e+00
   1145.830000 6.610800e-15 1.183040e+03 0.000000e+00
   1153.780000 7.132700e-15 1.191240e+03 0.000000e+00
   1164.450000 7.451700e-15 1.202260e+03 0.000000e+00
   1175.230000 5.179100e-15 1.213390e+03 0.000000e+00
   1186.100000 7.383300e-15 1.224620e+03 0.000000e+00
   1194.320000 5.072900e-15 1.233110e+03 0.000000e+00
   1205.370000 3.641300e-15 1.244510e+03 0.000000e+00
   1213.730000 2.439200e-15 1.253140e+03 0.000000e+00
   1224.960000 5.155300e-15 1.264740e+03 0.000000e+00
   1236.290000 8.021400e-15 1.276440e+03 0.000000e+00
   1244.860000 8.958900e-15 1.285290e+03 0.000000e+00
   1256.380000 8.634800e-15 1.297180e+03 0.000000e+00
   1265.090000 7.451700e-15 1.306170e+03 0.000000e+00
   1273.860000 9.823200e-15 1.315220e+03 0.000000e+00
   1285.650000 1.042900e-14 1.327390e+03 0.000000e+00
   1294.560000 8.265200e-15 1.336600e+03 0.000000e+00
   1303.530000 8.227200e-15 1.345860e+03 0.000000e+00
   1315.590000 1.047700e-14 1.358310e+03 0.000000e+00
   1324.710000 1.012200e-14 1.367730e+03 0.000000e+00
   1333.890000 9.000200e-15 1.377210e+03 0.000000e+00
   1346.240000 1.087100e-14 1.389950e+03 0.000000e+00
   1355.570000 1.062300e-14 1.399590e+03 0.000000e+00
   1364.970000 9.533500e-15 1.409290e+03 0.000000e+00
   1374.430000 1.014500e-14 1.419060e+03 0.000000e+00
   1383.950000 1.033400e-14 1.428890e+03 0.000000e+00
   1393.550000 9.062600e-15 1.438800e+03 0.000000e+00
   1406.440000 9.511600e-15 1.452110e+03 0.000000e+00
   1416.190000 9.800600e-15 1.462180e+03 0.000000e+00
   1426.010000 1.016800e-14 1.472310e+03 0.000000e+00
   1435.890000 1.016800e-14 1.482520e+03 0.000000e+00
   1442.520000 1.082100e-14 1.489360e+03 0.000000e+00
   1445.850000 1.104700e-14 1.492790e+03 0.000000e+00
   1455.870000 1.079600e-14 1.503140e+03 0.000000e+00
   1465.960000 1.000600e-14 1.513560e+03 0.000000e+00
   1476.120000 1.005200e-14 1.524050e+03 0.000000e+00
   1486.350000 1.033400e-14 1.534620e+03 0.000000e+00
   1496.650000 1.059900e-14 1.545250e+03 0.000000e+00
   1503.560000 1.009800e-14 1.552390e+03 0.000000e+00
   1510.500000 9.000200e-15 1.559550e+03 0.000000e+00
   1517.480000 9.688400e-15 1.566750e+03 0.000000e+00
   1524.480000 9.446100e-15 1.573980e+03 0.000000e+00
   1535.050000 8.246200e-15 1.584890e+03 0.000000e+00
   1545.690000 9.188700e-15 1.595880e+03 0.000000e+00
   1556.400000 8.714700e-15 1.606940e+03 0.000000e+00
   1563.590000 8.938300e-15 1.614360e+03 0.000000e+00
   1574.420000 9.621700e-15 1.625550e+03 0.000000e+00
   1585.340000 1.016800e-14 1.636820e+03 0.000000e+00
   1596.330000 1.047700e-14 1.648160e+03 0.000000e+00
   1603.700000 1.031000e-14 1.655770e+03 0.000000e+00
   1614.810000 1.042900e-14 1.667250e+03 0.000000e+00
   1626.000000 9.891300e-15 1.678800e+03 0.000000e+00
   1633.510000 1.062300e-14 1.686550e+03 0.000000e+00
   1644.830000 1.087100e-14 1.698240e+03 0.000000e+00
   1656.230000 1.007500e-14 1.710020e+03 0.000000e+00
   1663.880000 1.109800e-14 1.717910e+03 0.000000e+00
   1671.560000 9.914100e-15 1.725840e+03 0.000000e+00
   1675.410000 1.125300e-14 1.729820e+03 0.000000e+00
   1683.150000 1.178300e-14 1.737800e+03 0.000000e+00
   1694.810000 1.112400e-14 1.749850e+03 0.000000e+00
   1706.560000 1.072100e-14 1.761980e+03 0.000000e+00
   1714.440000 1.023900e-14 1.770110e+03 0.000000e+00
   1726.320000 1.023900e-14 1.782380e+03 0.000000e+00
   1734.290000 1.099600e-14 1.790610e+03 0.000000e+00
   1746.310000 1.079600e-14 1.803020e+03 0.000000e+00
   1754.370000 1.159500e-14 1.811340e+03 0.000000e+00
   1766.530000 1.064800e-14 1.823900e+03 0.000000e+00
   1774.690000 1.099600e-14 1.832310e+03 0.000000e+00
   1786.990000 1.125300e-14 1.845020e+03 0.000000e+00
   1795.240000 1.208500e-14 1.853530e+03 0.000000e+00
   1803.520000 1.203000e-14 1.862090e+03 0.000000e+00
   1816.020000 1.117500e-14 1.874990e+03 0.000000e+00
   1824.410000 1.146200e-14 1.883650e+03 0.000000e+00
   1837.050000 1.104700e-14 1.896710e+03 0.000000e+00
   1845.530000 1.019200e-14 1.905460e+03 0.000000e+00
   1854.050000 1.031000e-14 1.914260e+03 0.000000e+00
   1866.900000 1.067200e-14 1.927530e+03 0.000000e+00
   1875.520000 1.159500e-14 1.936420e+03 0.000000e+00
   1884.180000 1.074600e-14 1.945360e+03 0.000000e+00
   1892.870000 1.035700e-14 1.954340e+03 0.000000e+00
   1905.990000 1.102200e-14 1.967890e+03 0.000000e+00
   1914.790000 1.067200e-14 1.976970e+03 0.000000e+00
   1923.630000 1.052600e-14 1.986100e+03 0.000000e+00
   1936.970000 1.084600e-14 1.999860e+03 0.000000e+00
   1945.910000 1.140900e-14 2.009090e+03 0.000000e+00
   1954.890000 1.074600e-14 2.018370e+03 0.000000e+00
   1968.440000 1.181000e-14 2.032360e+03 0.000000e+00
   1977.520000 1.216900e-14 2.041740e+03 0.000000e+00
   1982.080000 1.154100e-14 2.046450e+03 0.000000e+00
   1995.820000 1.127900e-14 2.060630e+03 0.000000e+00
   2005.678963 1.164800e-14 2.070140e+03 0.000000e+00
   2014.940596 1.130500e-14 2.079700e+03 0.000000e+00
   2024.242258 1.186500e-14 2.089300e+03 0.000000e+00
   2033.583949 1.130500e-14 2.098940e+03 0.000000e+00
   2047.676536 1.178300e-14 2.113490e+03 0.000000e+00
   2057.128296 1.125300e-14 2.123240e+03 0.000000e+00
   2066.620081 1.138300e-14 2.133040e+03 0.000000e+00
   2076.161894 1.225300e-14 2.142890e+03 0.000000e+00
   2080.942809 1.167500e-14 2.147830e+03 0.000000e+00
   2085.733730 1.211300e-14 2.152780e+03 0.000000e+00
   2095.365594 1.151500e-14 2.162720e+03 0.000000e+00
   2105.037482 1.164800e-14 2.172700e+03 0.000000e+00
   2114.749393 1.178300e-14 2.182730e+03 0.000000e+00
   2124.511329 1.203000e-14 2.192810e+03 0.000000e+00
   2134.313288 1.122700e-14 2.202930e+03 0.000000e+00
   2144.165272 1.154100e-14 2.213090e+03 0.000000e+00
   2154.057277 1.200200e-14 2.223310e+03 0.000000e+00
   2163.999306 1.167500e-14 2.233570e+03 0.000000e+00
   2173.991358 1.162100e-14 2.243880e+03 0.000000e+00
   2184.023431 1.146200e-14 2.254240e+03 0.000000e+00
   2194.105527 1.203000e-14 2.264640e+03 0.000000e+00
   2204.227643 1.175600e-14 2.275100e+03 0.000000e+00
   2214.399782 1.125300e-14 2.285600e+03 0.000000e+00
   2224.621943 1.094600e-14 2.296150e+03 0.000000e+00
   2234.894125 1.170000e-14 2.306750e+03 0.000000e+00
   2245.206327 1.122300e-14 2.317390e+03 0.000000e+00
   2255.568551 1.083900e-14 2.328090e+03 0.000000e+00
   2265.980796 1.111500e-14 2.338840e+03 0.000000e+00
   2276.443062 1.142400e-14 2.349630e+03 0.000000e+00
   2286.945346 1.171400e-14 2.360480e+03 0.000000e+00
   2297.497652 1.110800e-14 2.371370e+03 0.000000e+00
   2308.099977 1.115600e-14 2.382320e+03 0.000000e+00
   2313.421148 1.072700e-14 2.387810e+03 0.000000e+00
   2324.103506 8.617500e-15 2.398830e+03 0.000000e+00
   2334.825881 1.009900e-14 2.409910e+03 0.000000e+00
   2345.608279 9.821700e-15 2.421030e+03 0.000000e+00
   2356.430695 1.059500e-14 2.432200e+03 0.000000e+00
   2367.303130 9.839800e-15 2.443430e+03 0.000000e+00
   2378.235587 1.013700e-14 2.454710e+03 0.000000e+00
   2383.716822 9.458800e-15 2.460370e+03 0.000000e+00
   2394.719307 1.008600e-14 2.471720e+03 0.000000e+00
   2405.771812 9.719400e-15 2.483130e+03 0.000000e+00
   2416.874336 9.943400e-15 2.494600e+03 0.000000e+00
   2428.026879 1.050600e-14 2.506110e+03 0.000000e+00
   2433.628159 1.012500e-14 2.511890e+03 0.000000e+00
   2444.860732 1.067300e-14 2.523480e+03 0.000000e+00
   2456.143324 1.054800e-14 2.535130e+03 0.000000e+00
   2467.475934 1.049700e-14 2.546830e+03 0.000000e+00
   2473.167248 1.016300e-14 2.552700e+03 0.000000e+00
   2484.579888 1.046900e-14 2.564480e+03 0.000000e+00
   2496.042546 9.790700e-15 2.576320e+03 0.000000e+00
   2507.565225 1.090700e-14 2.588210e+03 0.000000e+00
   2513.346572 9.877700e-15 2.594180e+03 0.000000e+00
   2519.137923 1.015300e-14 2.600160e+03 0.000000e+00
   2524.949280 9.762200e-15 2.606150e+03 0.000000e+00
   2536.602006 9.872900e-15 2.618180e+03 0.000000e+00
   2548.304751 9.735000e-15 2.630270e+03 0.000000e+00
   2554.186132 1.033400e-14 2.636330e+03 0.000000e+00
   2565.968905 1.016700e-14 2.648500e+03 0.000000e+00
   2577.811699 1.069200e-14 2.660720e+03 0.000000e+00
   2583.753102 1.061700e-14 2.666860e+03 0.000000e+00
   2595.685926 1.051700e-14 2.679170e+03 0.000000e+00
   2607.658766 1.022800e-14 2.691540e+03 0.000000e+00
   2613.670193 1.011000e-14 2.697740e+03 0.000000e+00
   2625.733063 1.053500e-14 2.710190e+03 0.000000e+00
   2637.855953 1.075300e-14 2.722700e+03 0.000000e+00
   2643.937405 1.152000e-14 2.728980e+03 0.000000e+00
   2656.140322 1.167700e-14 2.741570e+03 0.000000e+00
   2668.403260 1.079500e-14 2.754230e+03 0.000000e+00
   2674.554736 1.125100e-14 2.760580e+03 0.000000e+00
   2686.897701 1.122200e-14 2.773320e+03 0.000000e+00
   2693.089190 1.079000e-14 2.779710e+03 0.000000e+00
   2705.522185 1.103800e-14 2.792540e+03 0.000000e+00
   2718.005197 1.061200e-14 2.805430e+03 0.000000e+00
   2724.266710 1.063500e-14 2.811900e+03 0.000000e+00
   2736.849754 1.110700e-14 2.824880e+03 0.000000e+00
   2743.151281 9.898000e-15 2.831390e+03 0.000000e+00
   2755.814352 1.005600e-14 2.844460e+03 0.000000e+00
   2768.537443 1.038300e-14 2.857590e+03 0.000000e+00
   2774.918996 1.082100e-14 2.864180e+03 0.000000e+00
   2787.722114 1.037900e-14 2.877400e+03 0.000000e+00
   2794.153682 8.631400e-15 2.884030e+03 0.000000e+00
   2807.046829 9.203700e-15 2.897340e+03 0.000000e+00
   2813.518411 1.081200e-14 2.904020e+03 0.000000e+00
   2826.501587 1.118900e-14 2.917430e+03 0.000000e+00
   2833.023184 1.078300e-14 2.924150e+03 0.000000e+00
   2846.096390 1.060700e-14 2.937650e+03 0.000000e+00
   2852.658001 1.036400e-14 2.944420e+03 0.000000e+00
   2865.821235 1.107700e-14 2.958010e+03 0.000000e+00
   2879.054492 1.099800e-14 2.971670e+03 0.000000e+00
   2885.686125 1.104700e-14 2.978520e+03 0.000000e+00
   2899.009411 1.094200e-14 2.992270e+03 0.000000e+00
   2912.382713 1.166800e-14 3.006080e+03 0.000000e+00
   2932.567705 1.131900e-14 3.026910e+03 0.000000e+00
   2952.902744 1.121000e-14 3.047890e+03 0.000000e+00
   2973.367825 1.136100e-14 3.069020e+03 0.000000e+00
   2993.972950 1.138300e-14 3.090300e+03 0.000000e+00
   3007.796393 1.148400e-14 3.104560e+03 0.000000e+00
   3028.641593 1.147900e-14 3.126080e+03 0.000000e+00
   3049.636840 1.147400e-14 3.147750e+03 0.000000e+00
   3070.772130 1.149600e-14 3.169570e+03 0.000000e+00
   3092.057466 1.157000e-14 3.191540e+03 0.000000e+00
   3113.492849 1.151200e-14 3.213660e+03 0.000000e+00
   3127.866463 1.140300e-14 3.228490e+03 0.000000e+00
   3149.541920 1.147600e-14 3.250870e+03 0.000000e+00
   3171.377425 1.147100e-14 3.273410e+03 0.000000e+00
   3193.352974 1.102500e-14 3.296100e+03 0.000000e+00
   3208.096701 1.130500e-14 3.311310e+03 0.000000e+00
   3230.332329 1.096600e-14 3.334260e+03 0.000000e+00
   3252.718002 1.139800e-14 3.357380e+03 0.000000e+00
   3267.731812 1.163300e-14 3.372870e+03 0.000000e+00
   3290.387566 1.157400e-14 3.396250e+03 0.000000e+00
   3313.193366 1.156900e-14 3.419790e+03 0.000000e+00
   3320.835311 1.170100e-14 3.427680e+03 0.000000e+00
   3328.487260 1.175300e-14 3.435580e+03 0.000000e+00
   3336.159214 1.208000e-14 3.443500e+03 0.000000e+00
   3343.851175 1.140200e-14 3.451440e+03 0.000000e+00
   3351.553138 1.193800e-14 3.459390e+03 0.000000e+00
   3359.285111 1.150400e-14 3.467370e+03 0.000000e+00
   3367.027086 1.131800e-14 3.475360e+03 0.000000e+00
   3374.789067 1.090700e-14 3.483370e+03 0.000000e+00
   3382.571055 1.134100e-14 3.491400e+03 0.000000e+00
   3390.363045 1.181900e-14 3.499450e+03 0.000000e+00
   3398.185044 1.154800e-14 3.507520e+03 0.000000e+00
   3406.017047 1.149300e-14 3.515600e+03 0.000000e+00
   3413.869055 1.128100e-14 3.523710e+03 0.000000e+00
   3421.731066 1.167500e-14 3.531830e+03 0.000000e+00
   3429.623086 1.164700e-14 3.539970e+03 0.000000e+00
   3437.525110 1.169800e-14 3.548130e+03 0.000000e+00
   3445.457142 1.096600e-14 3.556310e+03 0.000000e+00
   3453.399177 1.202200e-14 3.564510e+03 0.000000e+00
   3461.351215 1.129500e-14 3.572730e+03 0.000000e+00
   3469.333262 1.134600e-14 3.580960e+03 0.000000e+00
   3477.335315 1.121400e-14 3.589220e+03 0.000000e+00
   3485.347371 1.131600e-14 3.597490e+03 0.000000e+00
   3493.379432 1.139200e-14 3.605790e+03 0.000000e+00
   3501.431500 1.105400e-14 3.614100e+03 0.000000e+00
   3509.503574 1.125800e-14 3.622430e+03 0.000000e+00
   3517.595653 1.097400e-14 3.630780e+03 0.000000e+00
   3525.707739 1.135800e-14 3.639150e+03 0.000000e+00
   3533.829827 1.156700e-14 3.647540e+03 0.000000e+00
   3541.981924 1.172600e-14 3.655950e+03 0.000000e+00
   3550.144025 1.194200e-14 3.664370e+03 0.000000e+00
   3558.326131 1.166800e-14 3.672820e+03 0.000000e+00
   3564.827805 1.270200e-14 3.679530e+03 1.000000e+00
   3567.488490 1.298800e-14 3.682280e+03 1.000000e+00
   3570.149175 1.212700e-14 3.685030e+03 1.000000e+00
   3572.819863 1.303600e-14 3.687780e+03 1.000000e+00
   3575.480549 1.294000e-14 3.690530e+03 1.000000e+00
   3578.141234 1.225600e-14 3.693280e+03 1.000000e+00
   3580.811923 1.090100e-14 3.696030e+03 1.000000e+00
   3583.472608 1.062600e-14 3.698780e+03 1.000000e+00
   3586.133294 1.202900e-14 3.701530e+03 1.000000e+00
   3588.803982 1.068000e-14 3.704280e+03 1.000000e+00
   3591.464668 1.129900e-14 3.707030e+03 1.000000e+00
   3594.125354 1.233000e-14 3.709780e+03 1.000000e+00
   3596.796043 1.235400e-14 3.712530e+03 1.000000e+00
   3599.456729 1.105400e-14 3.715280e+03 1.000000e+00
   3602.127418 1.206200e-14 3.718030e+03 1.000000e+00
   3604.788104 1.328000e-14 3.720780e+03 1.000000e+00
   3607.448790 1.044300e-14 3.723530e+03 1.000000e+00
   3610.119479 1.140300e-14 3.726280e+03 1.000000e+00
   3612.780166 1.197900e-14 3.729030e+03 1.000000e+00
   3615.440852 1.073100e-14 3.731780e+03 1.000000e+00
   3618.111541 1.178900e-14 3.734530e+03 1.000000e+00
   3620.772228 1.221900e-14 3.737280e+03 1.000000e+00
   3623.432915 1.111900e-14 3.740030e+03 1.000000e+00
   3626.103604 1.097400e-14 3.742780e+03 1.000000e+00
   3628.764291 1.170600e-14 3.745530e+03 1.000000e+00
   3631.424978 1.206900e-14 3.748280e+03 1.000000e+00
   3634.095668 1.178300e-14 3.751030e+03 1.000000e+00
   3636.756355 1.167300e-14 3.753780e+03 1.000000e+00
   3639.417042 1.167900e-14 3.756530e+03 1.000000e+00
   3642.087732 1.069800e-14 3.759280e+03 1.000000e+00
   3644.748419 1.178100e-14 3.762030e+03 1.000000e+00
   3647.409106 1.141900e-14 3.764780e+03 1.000000e+00
   3650.079796 1.161300e-14 3.767530e+03 1.000000e+00
   3652.740484 1.212000e-14 3.770280e+03 1.000000e+00
   3655.411174 1.187400e-14 3.773030e+03 1.000000e+00
   3658.071862 1.098600e-14 3.775780e+03 1.000000e+00
   3660.732549 1.257100e-14 3.778530e+03 1.000000e+00
   3663.403240 1.136900e-14 3.781280e+03 1.000000e+00
   3666.063927 1.175400e-14 3.784030e+03 1.000000e+00
   3668.724615 1.154000e-14 3.786780e+03 1.000000e+00
   3671.395306 1.276500e-14 3.789530e+03 1.000000e+00
   3674.055994 1.170200e-14 3.792280e+03 1.000000e+00
   3676.716682 1.226200e-14 3.795030e+03 1.000000e+00
   3679.387373 1.170300e-14 3.797780e+03 1.000000e+00
   3682.048061 1.213100e-14 3.800530e+03 1.000000e+00
   3684.708749 1.136900e-14 3.803280e+03 1.000000e+00
   3687.379440 1.124600e-14 3.806030e+03 1.000000e+00
   3690.040129 1.202700e-14 3.808780e+03 1.000000e+00
   3692.700817 1.128600e-14 3.811530e+03 1.000000e+00
   3695.371508 1.213500e-14 3.814280e+03 1.000000e+00
   3698.032197 1.168200e-14 3.817030e+03 1.000000e+00
   3700.702888 1.109300e-14 3.819780e+03 1.000000e+00
   3703.363577 1.226500e-14 3.822530e+03 1.000000e+00
   3706.024266 1.156800e-14 3.825280e+03 1.000000e+00
   3708.694957 1.207500e-14 3.828030e+03 1.000000e+00
   3711.355646 1.096600e-14 3.830780e+03 1.000000e+00
   3714.016335 1.240000e-14 3.833530e+03 1.000000e+00
   3716.687027 1.240100e-14 3.836280e+03 1.000000e+00
   3719.347716 1.457500e-14 3.839030e+03 1.000000e+00
   3722.008405 1.979200e-14 3.841780e+03 1.000000e+00
   3724.679097 2.885800e-14 3.844530e+03 1.000000e+00
   3727.339786 3.856700e-14 3.847280e+03 1.000000e+00
   3730.000475 4.033300e-14 3.850030e+03 1.000000e+00
   3732.671167 3.215700e-14 3.852780e+03 1.000000e+00
   3735.331857 2.318300e-14 3.855530e+03 1.000000e+00
   3737.992547 1.636700e-14 3.858280e+03 1.000000e+00
   3740.663239 1.484500e-14 3.861030e+03 1.000000e+00
   3743.323928 1.418700e-14 3.863780e+03 1.000000e+00
   3745.984618 1.491300e-14 3.866530e+03 1.000000e+00
   3748.655311 1.348600e-14 3.869280e+03 1.000000e+00
   3751.316000 1.309000e-14 3.872030e+03 1.000000e+00
   3753.986693 1.299900e-14 3.874780e+03 1.000000e+00
   3756.647383 1.457300e-14 3.877530e+03 1.000000e+00
   3759.308073 1.450100e-14 3.880280e+03 1.000000e+00
   3761.978766 1.479800e-14 3.883030e+03 1.000000e+00
   3764.639456 1.467500e-14 3.885780e+03 1.000000e+00
   3767.300146 1.396500e-14 3.888530e+03 1.000000e+00
   3769.970839 1.437800e-14 3.891280e+03 1.000000e+00
   3772.631529 1.343300e-14 3.894030e+03 1.000000e+00
   3775.292220 1.347000e-14 3.896780e+03 1.000000e+00
   3777.962913 1.428200e-14 3.899530e+03 1.000000e+00
   3780.623603 1.549600e-14 3.902280e+03 1.000000e+00
   3783.284294 1.736900e-14 3.905030e+03 1.000000e+00
   3785.954987 1.738700e-14 3.907780e+03 1.000000e+00
   3788.615678 1.655500e-14 3.910530e+03 1.000000e+00
   3791.276368 1.567000e-14 3.913280e+03 1.000000e+00
   3793.947062 1.490000e-14 3.916030e+03 1.000000e+00
   3796.607753 1.380400e-14 3.918780e+03 1.000000e+00
   3799.278446 1.257000e-14 3.921530e+03 1.000000e+00
   3801.939137 1.303200e-14 3.924280e+03 1.000000e+00
   3804.599828 1.460500e-14 3.927030e+03 1.000000e+00
   3807.270522 1.549000e-14 3.929780e+03 1.000000e+00
   3809.931213 1.602300e-14 3.932530e+03 1.000000e+00
   3812.591904 1.740200e-14 3.935280e+03 1.000000e+00
   3815.262598 1.771100e-14 3.938030e+03 1.000000e+00
   3817.923290 1.753600e-14 3.940780e+03 1.000000e+00
   3820.583981 1.641400e-14 3.943530e+03 1.000000e+00
   3823.254675 1.654700e-14 3.946280e+03 1.000000e+00
   3825.915366 1.676100e-14 3.949030e+03 1.000000e+00
   3828.576058 1.532900e-14 3.951780e+03 1.000000e+00
   3831.246752 1.377600e-14 3.954530e+03 1.000000e+00
   3833.907444 1.300900e-14 3.957280e+03 1.000000e+00
   3836.568136 1.193500e-14 3.960030e+03 1.000000e+00
   3839.238830 1.196800e-14 3.962780e+03 1.000000e+00
   3841.899522 1.326800e-14 3.965530e+03 1.000000e+00
   3844.560214 1.490400e-14 3.968280e+03 1.000000e+00
   3847.230908 1.583400e-14 3.971030e+03 1.000000e+00
   3849.891600 1.747800e-14 3.973780e+03 1.000000e+00
   3852.562295 1.729100e-14 3.976530e+03 1.000000e+00
   3855.222987 1.693500e-14 3.979280e+03 1.000000e+00
   3857.883679 1.750900e-14 3.982030e+03 1.000000e+00
   3860.554374 1.741400e-14 3.984780e+03 1.000000e+00
   3863.215066 1.825700e-14 3.987530e+03 1.000000e+00
   3865.875759 1.850000e-14 3.990280e+03 1.000000e+00
   3868.546454 1.928000e-14 3.993030e+03 1.000000e+00
   3871.207146 2.014700e-14 3.995780e+03 1.000000e+00
   3873.867839 1.836700e-14 3.998530e+03 1.000000e+00
   3876.538534 1.779400e-14 4.001280e+03 1.000000e+00
   3879.199226 1.774500e-14 4.004030e+03 1.000000e+00
   3881.859919 1.706100e-14 4.006780e+03 1.000000e+00
   3884.530614 1.562100e-14 4.009530e+03 1.000000e+00
   3887.191307 1.522700e-14 4.012280e+03 1.000000e+00
   3889.852000 1.503300e-14 4.015030e+03 1.000000e+00
   3892.522695 1.525200e-14 4.017780e+03 1.000000e+00
   3895.183388 1.613900e-14 4.020530e+03 1.000000e+00
   3897.844081 1.643800e-14 4.023280e+03 1.000000e+00
   3900.514777 1.726800e-14 4.026030e+03 1.000000e+00
   3903.175470 1.809600e-14 4.028780e+03 1.000000e+00
   3905.846166 1.886800e-14 4.031530e+03 1.000000e+00
   3908.506859 1.896200e-14 4.034280e+03 1.000000e+00
   3911.167552 2.005400e-14 4.037030e+03 1.000000e+00
   3913.838248 1.999000e-14 4.039780e+03 1.000000e+00
   3916.498941 2.016700e-14 4.042530e+03 1.000000e+00
   3919.159635 2.040200e-14 4.045280e+03 1.000000e+00
   3921.830331 2.044800e-14 4.048030e+03 1.000000e+00
   3924.491024 2.009700e-14 4.050780e+03 1.000000e+00
   3927.151718 1.983300e-14 4.053530e+03 1.000000e+00
   3929.822414 1.764800e-14 4.056280e+03 1.000000e+00
   3932.483107 1.604900e-14 4.059030e+03 1.000000e+00
   3935.143801 1.563200e-14 4.061780e+03 1.000000e+00
   3937.814498 1.658400e-14 4.064530e+03 1.000000e+00
   3940.475191 1.827500e-14 4.067280e+03 1.000000e+00
   3943.135885 1.867900e-14 4.070030e+03 1.000000e+00
   3945.806582 1.865600e-14 4.072780e+03 1.000000e+00
   3948.467276 1.888500e-14 4.075530e+03 1.000000e+00
   3951.137972 1.866600e-14 4.078280e+03 1.000000e+00
   3953.798666 1.905000e-14 4.081030e+03 1.000000e+00
   3956.459360 1.855600e-14 4.083780e+03 1.000000e+00
   3959.130057 1.764500e-14 4.086530e+03 1.000000e+00
   3961.790751 1.590800e-14 4.089280e+03 1.000000e+00
   3964.451446 1.520700e-14 4.092030e+03 1.000000e+00
   3967.122142 1.436400e-14 4.094780e+03 1.000000e+00
   3969.782837 1.321300e-14 4.097530e+03 1.000000e+00
   3972.443531 1.334000e-14 4.100280e+03 1.000000e+00
   3975.114228 1.383400e-14 4.103030e+03 1.000000e+00
   3977.774923 1.466500e-14 4.105780e+03 1.000000e+00
   3980.435617 1.503000e-14 4.108530e+03 1.000000e+00
   3983.106314 1.676700e-14 4.111280e+03 1.000000e+00
   3985.767009 1.803800e-14 4.114030e+03 1.000000e+00
   3988.427704 1.833600e-14 4.116780e+03 1.000000e+00
   3991.098401 1.893200e-14 4.119530e+03 1.000000e+00
   3993.759096 1.932400e-14 4.122280e+03 1.000000e+00
   3996.419791 1.916600e-14 4.125030e+03 1.000000e+00
   3999.090488 1.885300e-14 4.127780e+03 1.000000e+00
   4001.751183 1.837300e-14 4.130530e+03 1.000000e+00
   4004.421881 1.866500e-14 4.133280e+03 1.000000e+00
   4007.082576 1.871900e-14 4.136030e+03 1.000000e+00
   4009.743271 1.955700e-14 4.138780e+03 1.000000e+00
   4012.413969 1.956400e-14 4.141530e+03 1.000000e+00
   4015.074664 1.921900e-14 4.144280e+03 1.000000e+00
   4017.735359 1.904600e-14 4.147030e+03 1.000000e+00
   4020.406057 1.939300e-14 4.149780e+03 1.000000e+00
   4023.066752 1.973500e-14 4.152530e+03 1.000000e+00
   4025.727447 1.936100e-14 4.155280e+03 1.000000e+00
   4028.398145 1.952900e-14 4.158030e+03 1.000000e+00
   4031.058841 1.959800e-14 4.160780e+03 1.000000e+00
   4033.719536 2.033000e-14 4.163530e+03 1.000000e+00
   4036.390234 2.086000e-14 4.166280e+03 1.000000e+00
   4039.050930 2.096900e-14 4.169030e+03 1.000000e+00
   4041.711626 2.017500e-14 4.171780e+03 1.000000e+00
   4044.382324 1.972000e-14 4.174530e+03 1.000000e+00
   4047.043020 1.968700e-14 4.177280e+03 1.000000e+00
   4049.703715 2.004100e-14 4.180030e+03 1.000000e+00
   4052.374414 2.017000e-14 4.182780e+03 1.000000e+00
   4055.035110 2.050600e-14 4.185530e+03 1.000000e+00
   4057.705808 2.054700e-14 4.188280e+03 1.000000e+00
   4060.366504 2.012300e-14 4.191030e+03 1.000000e+00
   4063.027200 2.002100e-14 4.193780e+03 1.000000e+00
   4065.697899 2.063600e-14 4.196530e+03 1.000000e+00
   4068.358595 2.003300e-14 4.199280e+03 1.000000e+00
   4071.019291 2.022300e-14 4.202030e+03 1.000000e+00
   4073.689990 2.014700e-14 4.204780e+03 1.000000e+00
   4076.350686 2.048600e-14 4.207530e+03 1.000000e+00
   4079.011382 1.989400e-14 4.210280e+03 1.000000e+00
   4081.682081 1.943500e-14 4.213030e+03 1.000000e+00
   4084.342778 1.956600e-14 4.215780e+03 1.000000e+00
   4087.003474 1.905600e-14 4.218530e+03 1.000000e+00
   4089.674173 1.922600e-14 4.221280e+03 1.000000e+00
   4092.334869 1.891300e-14 4.224030e+03 1.000000e+00
   4094.995566 1.703700e-14 4.226780e+03 1.000000e+00
   4097.666265 1.726200e-14 4.229530e+03 1.000000e+00
   4100.326962 1.674100e-14 4.232280e+03 1.000000e+00
   4102.987658 1.710800e-14 4.235030e+03 1.000000e+00
   4105.658358 1.717500e-14 4.237780e+03 1.000000e+00
   4108.319054 1.657400e-14 4.240530e+03 1.000000e+00
   4110.989754 1.694600e-14 4.243280e+03 1.000000e+00
   4113.650451 1.848600e-14 4.246030e+03 1.000000e+00
   4116.311148 1.857500e-14 4.248780e+03 1.000000e+00
   4118.981847 1.998100e-14 4.251530e+03 1.000000e+00
   4121.642544 1.905100e-14 4.254280e+03 1.000000e+00
   4124.303241 1.981600e-14 4.257030e+03 1.000000e+00
   4126.973941 2.008500e-14 4.259780e+03 1.000000e+00
   4129.634638 1.887100e-14 4.262530e+03 1.000000e+00
   4132.295335 1.958700e-14 4.265280e+03 1.000000e+00
   4134.966035 1.933500e-14 4.268030e+03 1.000000e+00
   4137.626732 1.956200e-14 4.270780e+03 1.000000e+00
   4140.287429 1.994100e-14 4.273530e+03 1.000000e+00
   4142.958129 1.953300e-14 4.276280e+03 1.000000e+00
   4145.618826 2.001500e-14 4.279030e+03 1.000000e+00
   4148.279524 1.988200e-14 4.281780e+03 1.000000e+00
   4150.950224 1.903800e-14 4.284530e+03 1.000000e+00
   4153.610921 2.023400e-14 4.287280e+03 1.000000e+00
   4156.281621 1.921800e-14 4.290030e+03 1.000000e+00
   4158.942319 1.983800e-14 4.292780e+03 1.000000e+00
   4161.603017 1.952100e-14 4.295530e+03 1.000000e+00
   4164.273717 1.939600e-14 4.298280e+03 1.000000e+00
   4166.934414 2.023600e-14 4.301030e+03 1.000000e+00
   4169.595112 1.952800e-14 4.303780e+03 1.000000e+00
   4172.265812 1.908400e-14 4.306530e+03 1.000000e+00
   4174.926510 1.952100e-14 4.309280e+03 1.000000e+00
   4177.587208 1.942800e-14 4.312030e+03 1.000000e+00
   4180.257909 1.858200e-14 4.314780e+03 1.000000e+00
   4182.918607 1.871200e-14 4.317530e+03 1.000000e+00
   4185.579304 1.912300e-14 4.320280e+03 1.000000e+00
   4188.250005 1.902300e-14 4.323030e+03 1.000000e+00
   4190.910703 1.982800e-14 4.325780e+03 1.000000e+00
   4193.571401 1.957000e-14 4.328530e+03 1.000000e+00
   4196.242102 1.963700e-14 4.331280e+03 1.000000e+00
   4198.902800 1.954600e-14 4.334030e+03 1.000000e+00
   4201.563498 1.911900e-14 4.336780e+03 1.000000e+00
   4204.234199 1.956800e-14 4.339530e+03 1.000000e+00
   4206.894897 1.939400e-14 4.342280e+03 1.000000e+00
   4209.565598 2.012000e-14 4.345030e+03 1.000000e+00
   4212.226297 1.935900e-14 4.347780e+03 1.000000e+00
   4214.886995 2.025300e-14 4.350530e+03 1.000000e+00
   4217.557696 1.943600e-14 4.353280e+03 1.000000e+00
   4220.218395 1.881100e-14 4.356030e+03 1.000000e+00
   4222.879093 1.947000e-14 4.358780e+03 1.000000e+00
   4225.549794 2.006500e-14 4.361530e+03 1.000000e+00
   4228.210493 1.951800e-14 4.364280e+03 1.000000e+00
   4230.871191 1.919100e-14 4.367030e+03 1.000000e+00
   4233.541893 1.952000e-14 4.369780e+03 1.000000e+00
   4236.202591 1.964300e-14 4.372530e+03 1.000000e+00
   4238.863290 1.914800e-14 4.375280e+03 1.000000e+00
   4241.533992 1.930200e-14 4.378030e+03 1.000000e+00
   4244.194690 1.964600e-14 4.380780e+03 1.000000e+00
   4246.855389 1.972100e-14 4.383530e+03 1.000000e+00
   4249.526091 1.952600e-14 4.386280e+03 1.000000e+00
   4252.186790 1.923900e-14 4.389030e+03 1.000000e+00
   4254.857491 1.886100e-14 4.391780e+03 1.000000e+00
   4257.518190 1.887100e-14 4.394530e+03 1.000000e+00
   4260.178889 1.956800e-14 4.397280e+03 1.000000e+00
   4262.849591 1.986700e-14 4.400030e+03 1.000000e+00
   4265.510290 2.034000e-14 4.402780e+03 1.000000e+00
   4268.170989 2.012200e-14 4.405530e+03 1.000000e+00
   4270.841691 1.956700e-14 4.408280e+03 1.000000e+00
   4273.502390 1.848800e-14 4.411030e+03 1.000000e+00
   4276.163090 1.933900e-14 4.413780e+03 1.000000e+00
   4278.833792 1.940400e-14 4.416530e+03 1.000000e+00
   4281.494491 2.025500e-14 4.419280e+03 1.000000e+00
   4284.155190 1.955900e-14 4.422030e+03 1.000000e+00
   4286.825892 1.983800e-14 4.424780e+03 1.000000e+00
   4289.486592 1.989300e-14 4.427530e+03 1.000000e+00
   4292.147291 1.944200e-14 4.430280e+03 1.000000e+00
   4294.817994 1.866600e-14 4.433030e+03 1.000000e+00
   4297.478693 1.876700e-14 4.435780e+03 1.000000e+00
   4300.139393 1.832300e-14 4.438530e+03 1.000000e+00
   4302.810095 1.830700e-14 4.441280e+03 1.000000e+00
   4305.470795 1.891600e-14 4.444030e+03 1.000000e+00
   4308.141497 1.858500e-14 4.446780e+03 1.000000e+00
   4310.802197 1.851100e-14 4.449530e+03 1.000000e+00
   4313.462897 1.875200e-14 4.452280e+03 1.000000e+00
   4316.133599 1.910000e-14 4.455030e+03 1.000000e+00
   4318.794299 1.979400e-14 4.457780e+03 1.000000e+00
   4321.454999 1.935200e-14 4.460530e+03 1.000000e+00
   4324.125701 1.869000e-14 4.463280e+03 1.000000e+00
   4326.786401 1.826800e-14 4.466030e+03 1.000000e+00
   4329.447101 1.769000e-14 4.468780e+03 1.000000e+00
   4332.117804 1.740600e-14 4.471530e+03 1.000000e+00
   4334.778504 1.839600e-14 4.474280e+03 1.000000e+00
   4337.439204 1.970000e-14 4.477030e+03 1.000000e+00
   4340.109907 2.092300e-14 4.479780e+03 1.000000e+00
   4342.770607 2.211100e-14 4.482530e+03 1.000000e+00
   4345.431307 1.974300e-14 4.485280e+03 1.000000e+00
   4348.102010 1.844000e-14 4.488030e+03 1.000000e+00
   4350.762711 1.770200e-14 4.490780e+03 1.000000e+00
   4353.423411 1.751300e-14 4.493530e+03 1.000000e+00
   4356.094114 1.892300e-14 4.496280e+03 1.000000e+00
   4358.754814 1.875000e-14 4.499030e+03 1.000000e+00
   4361.425517 1.941400e-14 4.501780e+03 1.000000e+00
   4364.086218 1.945400e-14 4.504530e+03 1.000000e+00
   4366.746918 2.001700e-14 4.507280e+03 1.000000e+00
   4369.417621 1.951200e-14 4.510030e+03 1.000000e+00
   4372.078322 1.937500e-14 4.512780e+03 1.000000e+00
   4374.739023 1.916200e-14 4.515530e+03 1.000000e+00
   4377.409726 1.917600e-14 4.518280e+03 1.000000e+00
   4380.070427 1.911700e-14 4.521030e+03 1.000000e+00
   4382.731127 1.972300e-14 4.523780e+03 1.000000e+00
   4385.401831 1.903300e-14 4.526530e+03 1.000000e+00
   4388.062531 1.823100e-14 4.529280e+03 1.000000e+00
   4390.723232 1.930000e-14 4.532030e+03 1.000000e+00
   4393.393936 1.961200e-14 4.534780e+03 1.000000e+00
   4396.054637 1.917000e-14 4.537530e+03 1.000000e+00
   4398.715337 1.972900e-14 4.540280e+03 1.000000e+00
   4401.386041 2.000200e-14 4.543030e+03 1.000000e+00
   4404.046742 1.939300e-14 4.545780e+03 1.000000e+00
   4406.717446 1.965100e-14 4.548530e+03 1.000000e+00
   4409.378147 1.967700e-14 4.551280e+03 1.000000e+00
   4412.038848 1.955300e-14 4.554030e+03 1.000000e+00
   4414.709552 1.975500e-14 4.556780e+03 1.000000e+00
   4417.370253 1.975100e-14 4.559530e+03 1.000000e+00
   4420.030954 1.965000e-14 4.562280e+03 1.000000e+00
   4422.701658 1.955100e-14 4.565030e+03 1.000000e+00
   4425.362359 1.938300e-14 4.567780e+03 1.000000e+00
   4428.023060 1.960600e-14 4.570530e+03 1.000000e+00
   4430.693764 1.957200e-14 4.573280e+03 1.000000e+00
   4433.354466 1.961200e-14 4.576030e+03 1.000000e+00
   4436.015167 2.018700e-14 4.578780e+03 1.000000e+00
   4438.685871 1.998300e-14 4.581530e+03 1.000000e+00
   4441.346572 1.960300e-14 4.584280e+03 1.000000e+00
   4444.007274 1.940000e-14 4.587030e+03 1.000000e+00
   4446.677978 2.050500e-14 4.589780e+03 1.000000e+00
   4449.338680 2.077700e-14 4.592530e+03 1.000000e+00
   4451.999381 2.029800e-14 4.595280e+03 1.000000e+00
   4454.670085 1.967000e-14 4.598030e+03 1.000000e+00
   4457.330787 1.969500e-14 4.600780e+03 1.000000e+00
   4460.001491 1.952300e-14 4.603530e+03 1.000000e+00
   4462.662193 1.927400e-14 4.606280e+03 1.000000e+00
   4465.322895 1.945700e-14 4.609030e+03 1.000000e+00
   4467.993599 1.994200e-14 4.611780e+03 1.000000e+00
   4470.654301 2.021400e-14 4.614530e+03 1.000000e+00
   4473.315003 1.990200e-14 4.617280e+03 1.000000e+00
   4475.985707 2.009200e-14 4.620030e+03 1.000000e+00
   4478.646409 1.982200e-14 4.622780e+03 1.000000e+00
   4481.307111 1.969000e-14 4.625530e+03 1.000000e+00
   4483.977816 1.954200e-14 4.628280e+03 1.000000e+00
   4486.638518 1.986700e-14 4.631030e+03 1.000000e+00
   4489.299220 2.016800e-14 4.633780e+03 1.000000e+00
   4491.969924 1.977200e-14 4.636530e+03 1.000000e+00
   4494.630626 1.921200e-14 4.639280e+03 1.000000e+00
   4497.291329 2.014500e-14 4.642030e+03 1.000000e+00
   4499.962033 2.020800e-14 4.644780e+03 1.000000e+00
   4502.622735 2.057900e-14 4.647530e+03 1.000000e+00
   4505.293440 2.085200e-14 4.650280e+03 1.000000e+00
   4507.954143 2.071200e-14 4.653030e+03 1.000000e+00
   4510.614845 2.056700e-14 4.655780e+03 1.000000e+00
   4513.285550 2.027600e-14 4.658530e+03 1.000000e+00
   4515.946252 2.050600e-14 4.661280e+03 1.000000e+00
   4518.606954 2.055500e-14 4.664030e+03 1.000000e+00
   4521.277659 2.011300e-14 4.666780e+03 1.000000e+00
   4523.938362 1.957900e-14 4.669530e+03 1.000000e+00
   4526.599064 1.941600e-14 4.672280e+03 1.000000e+00
   4529.269769 1.946700e-14 4.675030e+03 1.000000e+00
   4531.930472 1.984500e-14 4.677780e+03 1.000000e+00
   4534.591174 1.944200e-14 4.680530e+03 1.000000e+00
   4537.261880 1.939000e-14 4.683280e+03 1.000000e+00
   4539.922582 1.948300e-14 4.686030e+03 1.000000e+00
   4542.583285 1.993600e-14 4.688780e+03 1.000000e+00
   4545.253990 1.945600e-14 4.691530e+03 1.000000e+00
   4547.914693 1.926100e-14 4.694280e+03 1.000000e+00
   4550.575396 1.982700e-14 4.697030e+03 1.000000e+00
   4553.246101 1.954600e-14 4.699780e+03 1.000000e+00
   4555.906804 1.978300e-14 4.702530e+03 1.000000e+00
   4558.577509 1.986700e-14 4.705280e+03 1.000000e+00
   4561.238212 2.011900e-14 4.708030e+03 1.000000e+00
   4563.898915 2.032400e-14 4.710780e+03 1.000000e+00
   4566.569621 2.012800e-14 4.713530e+03 1.000000e+00
   4569.230323 2.034600e-14 4.716280e+03 1.000000e+00
   4571.891026 2.008700e-14 4.719030e+03 1.000000e+00
   4574.561732 2.019200e-14 4.721780e+03 1.000000e+00
   4577.222435 2.006700e-14 4.724530e+03 1.000000e+00
   4579.883138 2.022400e-14 4.727280e+03 1.000000e+00
   4582.553844 2.025000e-14 4.730030e+03 1.000000e+00
   4585.214547 2.014300e-14 4.732780e+03 1.000000e+00
   4587.875250 1.946600e-14 4.735530e+03 1.000000e+00
   4590.545956 1.989600e-14 4.738280e+03 1.000000e+00
   4593.206659 2.000200e-14 4.741030e+03 1.000000e+00
   4595.867362 2.103700e-14 4.743780e+03 1.000000e+00
   4598.538068 2.060400e-14 4.746530e+03 1.000000e+00
   4601.198771 2.010600e-14 4.749280e+03 1.000000e+00
   4603.859475 2.087600e-14 4.752030e+03 1.000000e+00
   4606.530181 2.118400e-14 4.754780e+03 1.000000e+00
   4609.190884 2.125500e-14 4.757530e+03 1.000000e+00
   4611.861590 2.031200e-14 4.760280e+03 1.000000e+00
   4614.522294 2.065000e-14 4.763030e+03 1.000000e+00
   4617.182997 2.090300e-14 4.765780e+03 1.000000e+00
   4619.853703 2.114400e-14 4.768530e+03 1.000000e+00
   4622.514407 2.118700e-14 4.771280e+03 1.000000e+00
   4625.175110 2.120400e-14 4.774030e+03 1.000000e+00
   4627.845816 2.131600e-14 4.776780e+03 1.000000e+00
   4630.506520 2.139800e-14 4.779530e+03 1.000000e+00
   4633.167224 2.078000e-14 4.782280e+03 1.000000e+00
   4635.837930 2.070400e-14 4.785030e+03 1.000000e+00
   4638.498634 2.088100e-14 4.787780e+03 1.000000e+00
   4641.159337 2.037400e-14 4.790530e+03 1.000000e+00
   4643.830044 2.039700e-14 4.793280e+03 1.000000e+00
   4646.490747 2.032000e-14 4.796030e+03 1.000000e+00
   4649.151451 2.064300e-14 4.798780e+03 1.000000e+00
   4651.822158 2.073000e-14 4.801530e+03 1.000000e+00
   4654.482862 2.051200e-14 4.804280e+03 1.000000e+00
   4657.153568 2.011900e-14 4.807030e+03 1.000000e+00
   4659.814272 2.028800e-14 4.809780e+03 1.000000e+00
   4662.474976 2.069700e-14 4.812530e+03 1.000000e+00
   4665.145682 2.009400e-14 4.815280e+03 1.000000e+00
   4667.806386 2.012000e-14 4.818030e+03 1.000000e+00
   4670.467090 1.970800e-14 4.820780e+03 1.000000e+00
   4673.137797 1.947200e-14 4.823530e+03 1.000000e+00
   4675.798501 1.954100e-14 4.826280e+03 1.000000e+00
   4678.459205 2.027500e-14 4.829030e+03 1.000000e+00
   4681.129912 2.014300e-14 4.831780e+03 1.000000e+00
   4683.790616 1.919500e-14 4.834530e+03 1.000000e+00
   4686.451320 2.000300e-14 4.837280e+03 1.000000e+00
   4689.122027 1.927700e-14 4.840030e+03 1.000000e+00
   4691.782731 1.991200e-14 4.842780e+03 1.000000e+00
   4694.443436 2.042100e-14 4.845530e+03 1.000000e+00
   4697.114143 1.969100e-14 4.848280e+03 1.000000e+00
   4699.774847 1.967200e-14 4.851030e+03 1.000000e+00
   4702.435551 1.931800e-14 4.853780e+03 1.000000e+00
   4705.106258 1.915700e-14 4.856530e+03 1.000000e+00
   4707.766963 1.914100e-14 4.859280e+03 1.000000e+00
   4710.437670 1.875700e-14 4.862030e+03 1.000000e+00
   4713.098374 1.923600e-14 4.864780e+03 1.000000e+00
   4715.759079 1.932500e-14 4.867530e+03 1.000000e+00
   4718.429786 1.909600e-14 4.870280e+03 1.000000e+00
   4721.090490 1.934400e-14 4.873030e+03 1.000000e+00
   4723.751195 1.926200e-14 4.875780e+03 1.000000e+00
   4726.421902 1.955000e-14 4.878530e+03 1.000000e+00
   4729.082607 1.891700e-14 4.881280e+03 1.000000e+00
   4731.743311 1.919900e-14 4.884030e+03 1.000000e+00
   4734.414019 1.922700e-14 4.886780e+03 1.000000e+00
   4737.074723 1.967300e-14 4.889530e+03 1.000000e+00
   4739.735428 1.912000e-14 4.892280e+03 1.000000e+00
   4742.406135 1.939100e-14 4.895030e+03 1.000000e+00
   4745.066840 1.972900e-14 4.897780e+03 1.000000e+00
   4747.727545 1.998700e-14 4.900530e+03 1.000000e+00
   4750.398252 1.995400e-14 4.903280e+03 1.000000e+00
   4753.058957 1.932300e-14 4.906030e+03 1.000000e+00
   4755.729665 1.929200e-14 4.908780e+03 1.000000e+00
   4758.390370 1.934700e-14 4.911530e+03 1.000000e+00
   4761.051074 1.874200e-14 4.914280e+03 1.000000e+00
   4763.721782 1.909900e-14 4.917030e+03 1.000000e+00
   4766.382487 1.834800e-14 4.919780e+03 1.000000e+00
   4769.043192 1.912800e-14 4.922530e+03 1.000000e+00
   4771.713900 1.885600e-14 4.925280e+03 1.000000e+00
   4774.374605 1.965200e-14 4.928030e+03 1.000000e+00
   4777.035310 1.991800e-14 4.930780e+03 1.000000e+00
   4779.706017 1.963500e-14 4.933530e+03 1.000000e+00
   4782.366723 1.991200e-14 4.936280e+03 1.000000e+00
   4785.027428 1.947300e-14 4.939030e+03 1.000000e+00
   4787.698136 1.932600e-14 4.941780e+03 1.000000e+00
   4790.358841 1.984400e-14 4.944530e+03 1.000000e+00
   4793.019546 1.933900e-14 4.947280e+03 1.000000e+00
   4795.690254 1.974200e-14 4.950030e+03 1.000000e+00
   4798.350959 1.960300e-14 4.952780e+03 1.000000e+00
   4801.011664 1.941300e-14 4.955530e+03 1.000000e+00
   4803.682372 1.933100e-14 4.958280e+03 1.000000e+00
   4806.343078 1.979600e-14 4.961030e+03 1.000000e+00
   4809.013786 1.977300e-14 4.963780e+03 1.000000e+00
   4811.674491 1.913900e-14 4.966530e+03 1.000000e+00
   4814.335196 1.916000e-14 4.969280e+03 1.000000e+00
   4817.005905 1.904200e-14 4.972030e+03 1.000000e+00
   4819.666610 1.957100e-14 4.974780e+03 1.000000e+00
   4822.327315 1.912000e-14 4.977530e+03 1.000000e+00
   4824.998024 1.962800e-14 4.980280e+03 1.000000e+00
   4827.658729 1.902700e-14 4.983030e+03 1.000000e+00
   4830.319435 1.819900e-14 4.985780e+03 1.000000e+00
   4832.990143 1.874200e-14 4.988530e+03 1.000000e+00
   4835.650849 1.831400e-14 4.991280e+03 1.000000e+00
   4838.311554 1.931100e-14 4.994030e+03 1.000000e+00
   4840.982262 1.867400e-14 4.996780e+03 1.000000e+00
   4843.642968 1.819700e-14 4.999530e+03 1.000000e+00
   4846.303674 1.841300e-14 5.002280e+03 1.000000e+00
   4848.974382 1.775700e-14 5.005030e+03 1.000000e+00
   4851.635088 1.763400e-14 5.007780e+03 1.000000e+00
   4854.295794 1.746900e-14 5.010530e+03 1.000000e+00
   4856.966502 2.112600e-14 5.013280e+03 1.000000e+00
   4859.627208 2.876200e-14 5.016030e+03 1.000000e+00
   4862.297916 3.520000e-14 5.018780e+03 1.000000e+00
   4864.958622 3.413000e-14 5.021530e+03 1.000000e+00
   4867.619328 2.698600e-14 5.024280e+03 1.000000e+00
   4870.290037 1.956100e-14 5.027030e+03 1.000000e+00
   4872.950743 1.736900e-14 5.029780e+03 1.000000e+00
   4875.611449 1.666500e-14 5.032530e+03 1.000000e+00
   4878.282157 1.724200e-14 5.035280e+03 1.000000e+00
   4880.942863 1.737600e-14 5.038030e+03 1.000000e+00
   4883.603569 1.793200e-14 5.040780e+03 1.000000e+00
   4886.274278 1.790200e-14 5.043530e+03 1.000000e+00
   4888.934984 1.782700e-14 5.046280e+03 1.000000e+00
   4891.595690 1.794700e-14 5.049030e+03 1.000000e+00
   4894.266399 1.804600e-14 5.051780e+03 1.000000e+00
   4896.927105 1.834300e-14 5.054530e+03 1.000000e+00
   4899.587811 1.871700e-14 5.057280e+03 1.000000e+00
   4902.258520 1.916900e-14 5.060030e+03 1.000000e+00
   4904.919226 1.880800e-14 5.062780e+03 1.000000e+00
   4907.589935 1.822000e-14 5.065530e+03 1.000000e+00
   4910.250642 1.882500e-14 5.068280e+03 1.000000e+00
   4912.911348 1.882100e-14 5.071030e+03 1.000000e+00
   4915.582057 1.855500e-14 5.073780e+03 1.000000e+00
   4918.242763 1.913000e-14 5.076530e+03 1.000000e+00
   4920.903470 1.829200e-14 5.079280e+03 1.000000e+00
   4923.574179 1.756000e-14 5.082030e+03 1.000000e+00
   4926.234885 1.803500e-14 5.084780e+03 1.000000e+00
   4928.895591 1.819200e-14 5.087530e+03 1.000000e+00
   4931.566300 1.837900e-14 5.090280e+03 1.000000e+00
   4934.227007 1.925300e-14 5.093030e+03 1.000000e+00
   4936.887713 1.868200e-14 5.095780e+03 1.000000e+00
   4939.558423 1.877100e-14 5.098530e+03 1.000000e+00
   4942.219129 1.838900e-14 5.101280e+03 1.000000e+00
   4944.879836 1.889600e-14 5.104030e+03 1.000000e+00
   4947.550545 1.977900e-14 5.106780e+03 1.000000e+00
   4950.211252 1.940700e-14 5.109530e+03 1.000000e+00
   4952.871958 1.967700e-14 5.112280e+03 1.000000e+00
   4955.542667 2.125700e-14 5.115030e+03 1.000000e+00
   4958.203374 2.216900e-14 5.117780e+03 1.000000e+00
   4960.874084 2.340600e-14 5.120530e+03 1.000000e+00
   4963.534790 2.137600e-14 5.123280e+03 1.000000e+00
   4966.195497 2.075500e-14 5.126030e+03 1.000000e+00
   4968.866206 1.906600e-14 5.128780e+03 1.000000e+00
   4971.526913 1.893800e-14 5.131530e+03 1.000000e+00
   4974.187620 1.913700e-14 5.134280e+03 1.000000e+00
   4976.858329 1.939500e-14 5.137030e+03 1.000000e+00
   4979.519036 1.955000e-14 5.139780e+03 1.000000e+00
   4982.179743 1.863200e-14 5.142530e+03 1.000000e+00
   4984.850453 1.794500e-14 5.145280e+03 1.000000e+00
   4987.511160 1.845400e-14 5.148030e+03 1.000000e+00
   4990.171867 1.896800e-14 5.150780e+03 1.000000e+00
   4992.842576 1.918300e-14 5.153530e+03 1.000000e+00
   4995.503283 1.881500e-14 5.156280e+03 1.000000e+00
   4998.163990 1.900500e-14 5.159030e+03 1.000000e+00
   5000.834700 2.068700e-14 5.161780e+03 1.000000e+00
   5003.495407 2.404800e-14 5.164530e+03 1.000000e+00
   5006.166117 2.821600e-14 5.167280e+03 1.000000e+00
   5008.826824 2.997300e-14 5.170030e+03 1.000000e+00
   5011.487531 2.806700e-14 5.172780e+03 1.000000e+00
   5014.158241 2.271100e-14 5.175530e+03 1.000000e+00
   5016.818948 1.981000e-14 5.178280e+03 1.000000e+00
   5019.479655 1.834800e-14 5.181030e+03 1.000000e+00
   5022.150365 1.812300e-14 5.183780e+03 1.000000e+00
   5024.811072 1.882100e-14 5.186530e+03 1.000000e+00
   5027.471779 1.883000e-14 5.189280e+03 1.000000e+00
   5030.142489 1.873100e-14 5.192030e+03 1.000000e+00
   5032.803196 1.958800e-14 5.194780e+03 1.000000e+00
   5035.463904 1.912900e-14 5.197530e+03 1.000000e+00
   5038.134614 1.931900e-14 5.200280e+03 1.000000e+00
   5040.795321 1.901100e-14 5.203030e+03 1.000000e+00
   5043.456028 1.906300e-14 5.205780e+03 1.000000e+00
   5046.126738 1.896700e-14 5.208530e+03 1.000000e+00
   5048.787446 1.842800e-14 5.211280e+03 1.000000e+00
   5051.448153 1.875600e-14 5.214030e+03 1.000000e+00
   5054.118863 1.784200e-14 5.216780e+03 1.000000e+00
   5056.779571 1.870500e-14 5.219530e+03 1.000000e+00
   5059.450281 1.947200e-14 5.222280e+03 1.000000e+00
   5062.110988 1.874800e-14 5.225030e+03 1.000000e+00
   5064.771696 1.921200e-14 5.227780e+03 1.000000e+00
   5067.442406 1.957300e-14 5.230530e+03 1.000000e+00
   5070.103114 1.919100e-14 5.233280e+03 1.000000e+00
   5072.763821 1.865100e-14 5.236030e+03 1.000000e+00
   5075.434532 1.874300e-14 5.238780e+03 1.000000e+00
   5078.095239 1.817500e-14 5.241530e+03 1.000000e+00
   5080.755947 1.822000e-14 5.244280e+03 1.000000e+00
   5083.426657 1.869200e-14 5.247030e+03 1.000000e+00
   5086.087365 1.879300e-14 5.249780e+03 1.000000e+00
   5088.748073 1.886100e-14 5.252530e+03 1.000000e+00
   5091.418783 1.902500e-14 5.255280e+03 1.000000e+00
   5094.079491 1.928300e-14 5.258030e+03 1.000000e+00
   5096.740198 1.894100e-14 5.260780e+03 1.000000e+00
   5099.410909 1.804800e-14 5.263530e+03 1.000000e+00
   5102.071617 1.820300e-14 5.266280e+03 1.000000e+00
   5104.732325 1.834800e-14 5.269030e+03 1.000000e+00
   5107.403035 1.849700e-14 5.271780e+03 1.000000e+00
   5110.063743 1.859800e-14 5.274530e+03 1.000000e+00
   5112.734453 1.889100e-14 5.277280e+03 1.000000e+00
   5115.395161 1.936300e-14 5.280030e+03 1.000000e+00
   5118.055869 1.881300e-14 5.282780e+03 1.000000e+00
   5120.726580 1.881900e-14 5.285530e+03 1.000000e+00
   5123.387288 1.834700e-14 5.288280e+03 1.000000e+00
   5126.047996 1.824400e-14 5.291030e+03 1.000000e+00
   5128.718707 1.882300e-14 5.293780e+03 1.000000e+00
   5131.379415 1.823300e-14 5.296530e+03 1.000000e+00
   5134.040123 1.846200e-14 5.299280e+03 1.000000e+00
   5136.710833 1.874600e-14 5.302030e+03 1.000000e+00
   5139.371541 1.858000e-14 5.304780e+03 1.000000e+00
   5142.032250 1.791500e-14 5.307530e+03 1.000000e+00
   5144.702960 1.846000e-14 5.310280e+03 1.000000e+00
   5147.363668 1.856400e-14 5.313030e+03 1.000000e+00
   5150.024377 1.894500e-14 5.315780e+03 1.000000e+00
   5152.695087 1.786600e-14 5.318530e+03 1.000000e+00
   5155.355796 1.824700e-14 5.321280e+03 1.000000e+00
   5158.026507 1.851800e-14 5.324030e+03 1.000000e+00
   5160.687215 1.849700e-14 5.326780e+03 1.000000e+00
   5163.347923 1.852400e-14 5.329530e+03 1.000000e+00
   5166.018634 1.800700e-14 5.332280e+03 1.000000e+00
   5168.679342 1.819800e-14 5.335030e+03 1.000000e+00
   5171.340051 1.752000e-14 5.337780e+03 1.000000e+00
   5174.010762 1.693500e-14 5.340530e+03 1.000000e+00
   5176.671470 1.773800e-14 5.343280e+03 1.000000e+00
   5179.332178 1.767900e-14 5.346030e+03 1.000000e+00
   5182.002889 1.796500e-14 5.348780e+03 1.000000e+00
   5184.663598 1.854600e-14 5.351530e+03 1.000000e+00
   5187.324306 1.716700e-14 5.354280e+03 1.000000e+00
   5189.995017 1.770900e-14 5.357030e+03 1.000000e+00
   5192.655726 1.797600e-14 5.359780e+03 1.000000e+00
   5195.316434 1.857200e-14 5.362530e+03 1.000000e+00
   5197.987146 1.965200e-14 5.365280e+03 1.000000e+00
   5200.647854 1.968300e-14 5.368030e+03 1.000000e+00
   5203.308563 1.998900e-14 5.370780e+03 1.000000e+00
   5205.979274 1.877200e-14 5.373530e+03 1.000000e+00
   5208.639982 1.817900e-14 5.376280e+03 1.000000e+00
   5211.310694 1.805700e-14 5.379030e+03 1.000000e+00
   5213.971402 1.833000e-14 5.381780e+03 1.000000e+00
   5216.632111 1.818000e-14 5.384530e+03 1.000000e+00
   5219.302822 1.898200e-14 5.387280e+03 1.000000e+00
   5221.963531 1.888200e-14 5.390030e+03 1.000000e+00
   5224.624240 1.841700e-14 5.392780e+03 1.000000e+00
   5227.294951 1.778900e-14 5.395530e+03 1.000000e+00
   5229.955660 1.752200e-14 5.398280e+03 1.000000e+00
   5232.616369 1.801200e-14 5.401030e+03 1.000000e+00
   5235.287080 1.782200e-14 5.403780e+03 1.000000e+00
   5237.947789 1.854500e-14 5.406530e+03 1.000000e+00
   5240.608498 1.878500e-14 5.409280e+03 1.000000e+00
   5243.279209 1.883500e-14 5.412030e+03 1.000000e+00
   5245.939918 1.867200e-14 5.414780e+03 1.000000e+00
   5248.600627 1.834000e-14 5.417530e+03 1.000000e+00
   5251.271338 1.817600e-14 5.420280e+03 1.000000e+00
   5253.932047 1.815700e-14 5.423030e+03 1.000000e+00
   5256.602759 1.877100e-14 5.425780e+03 1.000000e+00
   5259.263468 1.882800e-14 5.428530e+03 1.000000e+00
   5261.924177 1.775500e-14 5.431280e+03 1.000000e+00
   5264.594888 1.822500e-14 5.434030e+03 1.000000e+00
   5267.255597 1.804500e-14 5.436780e+03 1.000000e+00
   5269.916306 1.795900e-14 5.439530e+03 1.000000e+00
   5272.587018 1.755400e-14 5.442280e+03 1.000000e+00
   5275.247727 1.798300e-14 5.445030e+03 1.000000e+00
   5277.908436 1.810400e-14 5.447780e+03 1.000000e+00
   5280.579148 1.834100e-14 5.450530e+03 1.000000e+00
   5283.239857 1.892000e-14 5.453280e+03 1.000000e+00
   5285.900566 1.849200e-14 5.456030e+03 1.000000e+00
   5288.571278 1.827000e-14 5.458780e+03 1.000000e+00
   5291.231987 1.939900e-14 5.461530e+03 1.000000e+00
   5293.892696 1.874000e-14 5.464280e+03 1.000000e+00
   5296.563408 1.864500e-14 5.467030e+03 1.000000e+00
   5299.224117 1.880700e-14 5.469780e+03 1.000000e+00
   5301.884827 1.878800e-14 5.472530e+03 1.000000e+00
   5304.555538 1.889500e-14 5.475280e+03 1.000000e+00
   5307.216248 1.893400e-14 5.478030e+03 1.000000e+00
   5309.886960 1.889000e-14 5.480780e+03 1.000000e+00
   5312.547669 1.912100e-14 5.483530e+03 1.000000e+00
   5315.208378 1.851400e-14 5.486280e+03 1.000000e+00
   5317.879090 1.881600e-14 5.489030e+03 1.000000e+00
   5320.539800 1.798700e-14 5.491780e+03 1.000000e+00
   5323.200509 1.824200e-14 5.494530e+03 1.000000e+00
   5325.871221 1.899000e-14 5.497280e+03 1.000000e+00
   5328.531930 1.788300e-14 5.500030e+03 1.000000e+00
   5331.192640 1.811400e-14 5.502780e+03 1.000000e+00
   5333.863352 1.801800e-14 5.505530e+03 1.000000e+00
   5336.524061 1.865000e-14 5.508280e+03 1.000000e+00
   5339.184771 1.846100e-14 5.511030e+03 1.000000e+00
   5341.855483 1.863800e-14 5.513780e+03 1.000000e+00
   5344.516192 1.829900e-14 5.516530e+03 1.000000e+00
   5347.176902 1.902500e-14 5.519280e+03 1.000000e+00
   5349.847614 1.916000e-14 5.522030e+03 1.000000e+00
   5352.508324 1.922700e-14 5.524780e+03 1.000000e+00
   5355.169033 2.001500e-14 5.527530e+03 1.000000e+00
   5357.839746 1.937900e-14 5.530280e+03 1.000000e+00
   5360.500455 1.904400e-14 5.533030e+03 1.000000e+00
   5363.171167 1.903300e-14 5.535780e+03 1.000000e+00
   5365.831877 1.863500e-14 5.538530e+03 1.000000e+00
   5368.492587 1.831600e-14 5.541280e+03 1.000000e+00
   5371.163299 1.773000e-14 5.544030e+03 1.000000e+00
   5373.824009 1.802700e-14 5.546780e+03 1.000000e+00
   5376.484719 1.814700e-14 5.549530e+03 1.000000e+00
   5379.155431 1.835300e-14 5.552280e+03 1.000000e+00
   5381.816141 1.821800e-14 5.555030e+03 1.000000e+00
   5384.476850 1.886800e-14 5.557780e+03 1.000000e+00
   5387.147563 1.799000e-14 5.560530e+03 1.000000e+00
   5389.808273 1.864700e-14 5.563280e+03 1.000000e+00
   5392.468982 1.857400e-14 5.566030e+03 1.000000e+00
   5395.139695 1.765800e-14 5.568780e+03 1.000000e+00
   5397.800405 1.821300e-14 5.571530e+03 1.000000e+00
   5400.461115 1.822300e-14 5.574280e+03 1.000000e+00
   5403.131827 1.856100e-14 5.577030e+03 1.000000e+00
   5405.792537 1.760900e-14 5.579780e+03 1.000000e+00
   5408.463250 1.819000e-14 5.582530e+03 1.000000e+00
   5411.123960 1.787500e-14 5.585280e+03 1.000000e+00
   5413.784669 1.827900e-14 5.588030e+03 1.000000e+00
   5416.455382 1.768800e-14 5.590780e+03 1.000000e+00
   5419.116092 1.848300e-14 5.593530e+03 1.000000e+00
   5421.776802 1.855100e-14 5.596280e+03 1.000000e+00
   5424.447515 1.846700e-14 5.599030e+03 1.000000e+00
   5427.108225 1.831600e-14 5.601780e+03 1.000000e+00
   5429.768935 1.927700e-14 5.604530e+03 1.000000e+00
   5432.439648 1.827800e-14 5.607280e+03 1.000000e+00
   5435.100358 1.846300e-14 5.610030e+03 1.000000e+00
   5437.761068 1.871700e-14 5.612780e+03 1.000000e+00
   5440.431780 1.940000e-14 5.615530e+03 1.000000e+00
   5443.092491 1.868600e-14 5.618280e+03 1.000000e+00
   5445.753201 1.877800e-14 5.621030e+03 1.000000e+00
   5448.423914 1.914300e-14 5.623780e+03 1.000000e+00
   5451.084624 1.821400e-14 5.626530e+03 1.000000e+00
   5453.745334 1.905300e-14 5.629280e+03 1.000000e+00
   5456.416047 1.942000e-14 5.632030e+03 1.000000e+00
   5459.076757 1.905000e-14 5.634780e+03 1.000000e+00
   5461.747470 1.941000e-14 5.637530e+03 1.000000e+00
   5464.408180 1.916300e-14 5.640280e+03 1.000000e+00
   5467.068890 1.925500e-14 5.643030e+03 1.000000e+00
   5469.739603 1.967700e-14 5.645780e+03 1.000000e+00
   5472.400314 1.863000e-14 5.648530e+03 1.000000e+00
   5475.061024 1.871200e-14 5.651280e+03 1.000000e+00
   5477.731737 1.838100e-14 5.654030e+03 1.000000e+00
   5480.392447 1.867300e-14 5.656780e+03 1.000000e+00
   5483.053158 1.790300e-14 5.659530e+03 1.000000e+00
   5485.723871 1.837100e-14 5.662280e+03 1.000000e+00
   5488.384581 1.847800e-14 5.665030e+03 1.000000e+00
   5491.045291 1.902600e-14 5.667780e+03 1.000000e+00
   5493.716005 1.849100e-14 5.670530e+03 1.000000e+00
   5496.376715 1.864800e-14 5.673280e+03 1.000000e+00
   5499.037425 1.806400e-14 5.676030e+03 1.000000e+00
   5501.708139 1.861900e-14 5.678780e+03 1.000000e+00
   5504.368849 1.817900e-14 5.681530e+03 1.000000e+00
   5507.039562 1.820300e-14 5.684280e+03 1.000000e+00
   5509.700273 1.837500e-14 5.687030e+03 1.000000e+00
   5512.360983 1.818300e-14 5.689780e+03 1.000000e+00
   5515.031696 1.818800e-14 5.692530e+03 1.000000e+00
   5517.692407 1.875100e-14 5.695280e+03 1.000000e+00
   5520.353118 1.886500e-14 5.698030e+03 1.000000e+00
   5523.023831 1.859200e-14 5.700780e+03 1.000000e+00
   5525.684541 1.867600e-14 5.703530e+03 1.000000e+00
   5528.345252 1.849800e-14 5.706280e+03 1.000000e+00
   5531.015965 1.823000e-14 5.709030e+03 1.000000e+00
   5533.676676 1.833600e-14 5.711780e+03 1.000000e+00
   5536.337387 1.874000e-14 5.714530e+03 1.000000e+00
   5539.008100 1.897300e-14 5.717280e+03 1.000000e+00
   5541.668811 1.873300e-14 5.720030e+03 1.000000e+00
   5544.329521 1.866800e-14 5.722780e+03 1.000000e+00
   5547.000235 1.884700e-14 5.725530e+03 1.000000e+00
   5549.660946 1.843500e-14 5.728280e+03 1.000000e+00
   5552.321656 1.845000e-14 5.731030e+03 1.000000e+00
   5554.992370 1.844500e-14 5.733780e+03 1.000000e+00
   5557.653081 1.911900e-14 5.736530e+03 1.000000e+00
   5560.323794 1.876200e-14 5.739280e+03 1.000000e+00
   5562.984505 1.823500e-14 5.742030e+03 1.000000e+00
   5565.645216 1.800800e-14 5.744780e+03 1.000000e+00
   5568.315929 1.804100e-14 5.747530e+03 1.000000e+00
   5570.976640 1.830600e-14 5.750280e+03 1.000000e+00
   5573.637351 1.832900e-14 5.753030e+03 1.000000e+00
   5576.308065 1.820900e-14 5.755780e+03 1.000000e+00
   5578.968775 1.835200e-14 5.758530e+03 1.000000e+00
   5581.629486 1.852500e-14 5.761280e+03 1.000000e+00
   5584.300200 1.822300e-14 5.764030e+03 1.000000e+00
   5586.960911 1.785600e-14 5.766780e+03 1.000000e+00
   5589.621622 1.814600e-14 5.769530e+03 1.000000e+00
   5592.292336 1.822100e-14 5.772280e+03 1.000000e+00
   5594.953047 1.841500e-14 5.775030e+03 1.000000e+00
   5597.613758 1.809800e-14 5.777780e+03 1.000000e+00
   5600.284471 1.771600e-14 5.780530e+03 1.000000e+00
   5602.945182 1.789500e-14 5.783280e+03 1.000000e+00
   5605.605893 1.786700e-14 5.786030e+03 1.000000e+00
   5608.276607 1.797000e-14 5.788780e+03 1.000000e+00
   5610.937318 1.831600e-14 5.791530e+03 1.000000e+00
   5613.608032 1.832500e-14 5.794280e+03 1.000000e+00
   5616.268743 1.832400e-14 5.797030e+03 1.000000e+00
   5618.929454 1.816500e-14 5.799780e+03 1.000000e+00
   5621.600168 1.778400e-14 5.802530e+03 1.000000e+00
   5624.260879 1.798400e-14 5.805280e+03 1.000000e+00
   5626.921590 1.865600e-14 5.808030e+03 1.000000e+00
   5629.592304 1.849100e-14 5.810780e+03 1.000000e+00
   5632.253015 1.851900e-14 5.813530e+03 1.000000e+00
   5634.913727 1.834500e-14 5.816280e+03 1.000000e+00
   5637.584441 1.840400e-14 5.819030e+03 1.000000e+00
   5640.245152 1.852000e-14 5.821780e+03 1.000000e+00
   5642.905863 1.833800e-14 5.824530e+03 1.000000e+00
   5645.576577 1.824200e-14 5.827280e+03 1.000000e+00
   5648.237288 1.883500e-14 5.830030e+03 1.000000e+00
   5650.898000 1.873900e-14 5.832780e+03 1.000000e+00
   5653.568714 1.829200e-14 5.835530e+03 1.000000e+00
   5656.229425 1.896700e-14 5.838280e+03 1.000000e+00
   5658.900139 1.886100e-14 5.841030e+03 1.000000e+00
   5661.560850 1.803600e-14 5.843780e+03 1.000000e+00
   5664.221562 1.836000e-14 5.846530e+03 1.000000e+00
   5666.892276 1.864200e-14 5.849280e+03 1.000000e+00
   5669.552987 1.850200e-14 5.852030e+03 1.000000e+00
   5672.213699 1.813700e-14 5.854780e+03 1.000000e+00
   5674.884413 1.825000e-14 5.857530e+03 1.000000e+00
   5677.545124 1.832200e-14 5.860280e+03 1.000000e+00
   5680.205836 1.808000e-14 5.863030e+03 1.000000e+00
   5682.876550 1.820900e-14 5.865780e+03 1.000000e+00
   5685.537261 1.780600e-14 5.868530e+03 1.000000e+00
   5688.197973 1.910100e-14 5.871280e+03 1.000000e+00
   5690.868687 1.827400e-14 5.874030e+03 1.000000e+00
   5693.529398 1.798100e-14 5.876780e+03 1.000000e+00
   5696.190110 1.806000e-14 5.879530e+03 1.000000e+00
   5698.860824 1.810900e-14 5.882280e+03 1.000000e+00
   5701.521536 1.777200e-14 5.885030e+03 1.000000e+00
   5704.182247 1.806400e-14 5.887780e+03 1.000000e+00
   5706.852962 1.744000e-14 5.890530e+03 1.000000e+00
   5709.513673 1.731300e-14 5.893280e+03 1.000000e+00
   5712.184387 1.764700e-14 5.896030e+03 1.000000e+00
   5714.845099 1.744300e-14 5.898780e+03 1.000000e+00
   5717.505811 1.698300e-14 5.901530e+03 1.000000e+00
   5720.176525 1.811800e-14 5.904280e+03 1.000000e+00
   5722.837237 1.911700e-14 5.907030e+03 1.000000e+00
   5725.497948 1.840100e-14 5.909780e+03 1.000000e+00
   5728.168663 1.836200e-14 5.912530e+03 1.000000e+00
   5730.829375 1.837200e-14 5.915280e+03 1.000000e+00
   5733.490086 1.772200e-14 5.918030e+03 1.000000e+00
   5736.160801 1.823000e-14 5.920780e+03 1.000000e+00
   5738.821512 1.842100e-14 5.923530e+03 1.000000e+00
   5741.482224 1.791200e-14 5.926280e+03 1.000000e+00
   5744.152939 1.874900e-14 5.929030e+03 1.000000e+00
   5746.813651 1.836600e-14 5.931780e+03 1.000000e+00
   5749.474362 1.842300e-14 5.934530e+03 1.000000e+00
   5752.145077 1.812000e-14 5.937280e+03 1.000000e+00
   5754.805789 1.801900e-14 5.940030e+03 1.000000e+00
   5757.476503 1.843700e-14 5.942780e+03 1.000000e+00
   5760.137215 1.855700e-14 5.945530e+03 1.000000e+00
   5762.797927 1.791500e-14 5.948280e+03 1.000000e+00
   5765.468642 1.841400e-14 5.951030e+03 1.000000e+00
   5768.129353 1.912200e-14 5.953780e+03 1.000000e+00
   5770.790065 1.907400e-14 5.956530e+03 1.000000e+00
   5773.460780 1.861000e-14 5.959280e+03 1.000000e+00
   5776.121492 1.802200e-14 5.962030e+03 1.000000e+00
   5778.782204 1.846000e-14 5.964780e+03 1.000000e+00
   5781.452919 1.802600e-14 5.967530e+03 1.000000e+00
   5784.113630 1.772700e-14 5.970280e+03 1.000000e+00
   5786.774342 1.796800e-14 5.973030e+03 1.000000e+00
   5789.445057 1.791800e-14 5.975780e+03 1.000000e+00
   5792.105769 1.807300e-14 5.978530e+03 1.000000e+00
   5794.766481 1.825400e-14 5.981280e+03 1.000000e+00
   5797.437196 1.769400e-14 5.984030e+03 1.000000e+00
   5800.097908 1.782000e-14 5.986780e+03 1.000000e+00
   5802.758620 1.814500e-14 5.989530e+03 1.000000e+00
   5805.429335 1.781800e-14 5.992280e+03 1.000000e+00
   5808.090047 1.809800e-14 5.995030e+03 1.000000e+00
   5810.760762 1.803500e-14 5.997780e+03 1.000000e+00
   5813.421474 1.904900e-14 6.000530e+03 1.000000e+00
   5816.082186 1.806200e-14 6.003280e+03 1.000000e+00
   5818.752901 1.835200e-14 6.006030e+03 1.000000e+00
   5821.413613 1.808800e-14 6.008780e+03 1.000000e+00
   5824.074325 1.821600e-14 6.011530e+03 1.000000e+00
   5826.745040 1.912300e-14 6.014280e+03 1.000000e+00
   5829.405752 1.869900e-14 6.017030e+03 1.000000e+00
   5832.066465 1.869900e-14 6.019780e+03 1.000000e+00
   5834.737179 1.859600e-14 6.022530e+03 1.000000e+00
   5837.397892 1.824400e-14 6.025280e+03 1.000000e+00
   5840.058604 1.805100e-14 6.028030e+03 1.000000e+00
   5842.729319 1.847300e-14 6.030780e+03 1.000000e+00
   5845.390031 1.837200e-14 6.033530e+03 1.000000e+00
   5848.050743 1.795300e-14 6.036280e+03 1.000000e+00
   5850.721458 1.805400e-14 6.039030e+03 1.000000e+00
   5853.382171 1.801400e-14 6.041780e+03 1.000000e+00
   5856.042883 1.791700e-14 6.044530e+03 1.000000e+00
   5858.713598 1.886800e-14 6.047280e+03 1.000000e+00
   5861.374310 1.835300e-14 6.050030e+03 1.000000e+00
   5864.045026 1.768700e-14 6.052780e+03 1.000000e+00
   5866.705738 1.781500e-14 6.055530e+03 1.000000e+00
   5869.366450 1.824800e-14 6.058280e+03 1.000000e+00
   5872.037165 1.898000e-14 6.061030e+03 1.000000e+00
   5874.697878 2.100100e-14 6.063780e+03 1.000000e+00
   5877.358590 2.145600e-14 6.066530e+03 1.000000e+00
   5880.029305 2.040700e-14 6.069280e+03 1.000000e+00
   5882.690018 1.846400e-14 6.072030e+03 1.000000e+00
   5885.350730 1.667100e-14 6.074780e+03 1.000000e+00
   5888.021445 1.566800e-14 6.077530e+03 1.000000e+00
   5890.682158 1.543200e-14 6.080280e+03 1.000000e+00
   5893.342871 1.465300e-14 6.083030e+03 1.000000e+00
   5896.013586 1.498600e-14 6.085780e+03 1.000000e+00
   5898.674298 1.578800e-14 6.088530e+03 1.000000e+00
   5901.335011 1.712000e-14 6.091280e+03 1.000000e+00
   5904.005726 1.741300e-14 6.094030e+03 1.000000e+00
   5906.666439 1.774500e-14 6.096780e+03 1.000000e+00
   5909.337154 1.750100e-14 6.099530e+03 1.000000e+00
   5911.997866 1.793100e-14 6.102280e+03 1.000000e+00
   5914.658579 1.785300e-14 6.105030e+03 1.000000e+00
   5917.329294 1.769700e-14 6.107780e+03 1.000000e+00
   5919.990007 1.781300e-14 6.110530e+03 1.000000e+00
   5922.650720 1.740500e-14 6.113280e+03 1.000000e+00
   5925.321435 1.786300e-14 6.116030e+03 1.000000e+00
   5927.982148 1.776700e-14 6.118780e+03 1.000000e+00
   5930.642860 1.774500e-14 6.121530e+03 1.000000e+00
   5933.313576 1.783900e-14 6.124280e+03 1.000000e+00
   5935.974288 1.795400e-14 6.127030e+03 1.000000e+00
   5938.635001 1.808400e-14 6.129780e+03 1.000000e+00
   5941.305717 1.795700e-14 6.132530e+03 1.000000e+00
   5943.966429 1.790600e-14 6.135280e+03 1.000000e+00
   5946.627142 1.772600e-14 6.138030e+03 1.000000e+00
   5949.297857 1.769600e-14 6.140780e+03 1.000000e+00
   5951.958570 1.735800e-14 6.143530e+03 1.000000e+00
   5954.619283 1.771900e-14 6.146280e+03 1.000000e+00
   5957.289999 1.788800e-14 6.149030e+03 1.000000e+00
   5959.950711 1.762100e-14 6.151780e+03 1.000000e+00
   5962.621427 1.819300e-14 6.154530e+03 1.000000e+00
   5965.282140 1.830100e-14 6.157280e+03 1.000000e+00
   5967.942853 1.812300e-14 6.160030e+03 1.000000e+00
   5970.613568 1.796900e-14 6.162780e+03 1.000000e+00
   5973.274281 1.764800e-14 6.165530e+03 1.000000e+00
   5975.934994 1.764700e-14 6.168280e+03 1.000000e+00
   5978.605709 1.813500e-14 6.171030e+03 1.000000e+00
   5981.266422 1.822600e-14 6.173780e+03 1.000000e+00
   5983.927135 1.835100e-14 6.176530e+03 1.000000e+00
   5986.597851 1.756900e-14 6.179280e+03 1.000000e+00
   5989.258564 1.815900e-14 6.182030e+03 1.000000e+00
   5991.919277 1.782500e-14 6.184780e+03 1.000000e+00
   5994.589992 1.739300e-14 6.187530e+03 1.000000e+00
   5997.250705 1.785800e-14 6.190280e+03 1.000000e+00
   5999.911418 1.775800e-14 6.193030e+03 1.000000e+00
   6002.582134 1.743600e-14 6.195780e+03 1.000000e+00
   6005.242847 1.713000e-14 6.198530e+03 1.000000e+00
   6007.903560 1.796100e-14 6.201280e+03 1.000000e+00
   6010.574276 1.731900e-14 6.204030e+03 1.000000e+00
   6013.234989 1.726300e-14 6.206780e+03 1.000000e+00
   6015.905705 1.761800e-14 6.209530e+03 1.000000e+00
   6018.566418 1.823600e-14 6.212280e+03 1.000000e+00
   6021.227131 1.805600e-14 6.215030e+03 1.000000e+00
   6023.897846 1.749600e-14 6.217780e+03 1.000000e+00
   6026.558560 1.693400e-14 6.220530e+03 1.000000e+00
   6029.219273 1.750400e-14 6.223280e+03 1.000000e+00
   6031.889989 1.762000e-14 6.226030e+03 1.000000e+00
   6034.550702 1.808300e-14 6.228780e+03 1.000000e+00
   6037.211415 1.789300e-14 6.231530e+03 1.000000e+00
   6039.882131 1.826700e-14 6.234280e+03 1.000000e+00
   6042.542844 1.714700e-14 6.237030e+03 1.000000e+00
   6045.203557 1.750300e-14 6.239780e+03 1.000000e+00
   6047.874273 1.753600e-14 6.242530e+03 1.000000e+00
   6050.534986 1.860000e-14 6.245280e+03 1.000000e+00
   6053.195699 1.789500e-14 6.248030e+03 1.000000e+00
   6055.866415 1.818800e-14 6.250780e+03 1.000000e+00
   6058.527128 1.760200e-14 6.253530e+03 1.000000e+00
   6061.197844 1.887100e-14 6.256280e+03 1.000000e+00
   6063.858558 1.758000e-14 6.259030e+03 1.000000e+00
   6066.519271 1.756200e-14 6.261780e+03 1.000000e+00
   6069.189987 1.794500e-14 6.264530e+03 1.000000e+00
   6071.850700 1.794300e-14 6.267280e+03 1.000000e+00
   6074.511414 1.768000e-14 6.270030e+03 1.000000e+00
   6077.182130 1.780300e-14 6.272780e+03 1.000000e+00
   6079.842843 1.752500e-14 6.275530e+03 1.000000e+00
   6082.503556 1.722300e-14 6.278280e+03 1.000000e+00
   6085.174272 1.752100e-14 6.281030e+03 1.000000e+00
   6087.834986 1.796700e-14 6.283780e+03 1.000000e+00
   6090.495699 1.720600e-14 6.286530e+03 1.000000e+00
   6093.166415 1.774700e-14 6.289280e+03 1.000000e+00
   6095.827128 1.788700e-14 6.292030e+03 1.000000e+00
   6098.487842 1.735100e-14 6.294780e+03 1.000000e+00
   6101.158558 1.710000e-14 6.297530e+03 1.000000e+00
   6103.819271 1.750400e-14 6.300280e+03 1.000000e+00
   6106.479985 1.811500e-14 6.303030e+03 1.000000e+00
   6109.150701 1.772000e-14 6.305780e+03 1.000000e+00
   6111.811414 1.852500e-14 6.308530e+03 1.000000e+00
   6114.482131 1.808300e-14 6.311280e+03 1.000000e+00
   6117.142844 1.765300e-14 6.314030e+03 1.000000e+00
   6119.803558 1.818900e-14 6.316780e+03 1.000000e+00
   6122.474274 1.730500e-14 6.319530e+03 1.000000e+00
   6125.134987 1.727300e-14 6.322280e+03 1.000000e+00
   6127.795701 1.751400e-14 6.325030e+03 1.000000e+00
   6130.466417 1.789900e-14 6.327780e+03 1.000000e+00
   6133.127131 1.751600e-14 6.330530e+03 1.000000e+00
   6135.787844 1.699400e-14 6.333280e+03 1.000000e+00
   6138.458560 1.707400e-14 6.336030e+03 1.000000e+00
   6141.119274 1.788100e-14 6.338780e+03 1.000000e+00
   6143.779988 1.794300e-14 6.341530e+03 1.000000e+00
   6146.450704 1.749600e-14 6.344280e+03 1.000000e+00
   6149.111418 1.789300e-14 6.347030e+03 1.000000e+00
   6151.772131 1.733200e-14 6.349780e+03 1.000000e+00
   6154.442847 1.842700e-14 6.352530e+03 1.000000e+00
   6157.103561 1.709900e-14 6.355280e+03 1.000000e+00
   6159.774277 1.697000e-14 6.358030e+03 1.000000e+00
   6162.434991 1.730000e-14 6.360780e+03 1.000000e+00
   6165.095705 1.747200e-14 6.363530e+03 1.000000e+00
   6167.766421 1.684600e-14 6.366280e+03 1.000000e+00
   6170.427135 1.720100e-14 6.369030e+03 1.000000e+00
   6173.087849 1.729900e-14 6.371780e+03 1.000000e+00
   6175.758565 1.700500e-14 6.374530e+03 1.000000e+00
   6178.419279 1.757600e-14 6.377280e+03 1.000000e+00
   6181.079993 1.757600e-14 6.380030e+03 1.000000e+00
   6183.750709 1.799500e-14 6.382780e+03 1.000000e+00
   6186.411423 1.788100e-14 6.385530e+03 1.000000e+00
   6189.072136 1.720800e-14 6.388280e+03 1.000000e+00
   6191.742853 1.660300e-14 6.391030e+03 1.000000e+00
   6194.403567 1.749100e-14 6.393780e+03 1.000000e+00
   6197.064281 1.713600e-14 6.396530e+03 1.000000e+00
   6199.734997 1.724100e-14 6.399280e+03 1.000000e+00
   6202.395711 1.743900e-14 6.402030e+03 1.000000e+00
   6205.056425 1.690600e-14 6.404780e+03 1.000000e+00
   6207.727141 1.681800e-14 6.407530e+03 1.000000e+00
   6210.387855 1.707200e-14 6.410280e+03 1.000000e+00
   6213.058572 1.740800e-14 6.413030e+03 1.000000e+00
   6215.719286 1.732400e-14 6.415780e+03 1.000000e+00
   6218.379999 1.701400e-14 6.418530e+03 1.000000e+00
   6221.050716 1.683500e-14 6.421280e+03 1.000000e+00
   6223.711430 1.728800e-14 6.424030e+03 1.000000e+00
   6226.372144 1.763800e-14 6.426780e+03 1.000000e+00
   6229.042861 1.736200e-14 6.429530e+03 1.000000e+00
   6231.703574 1.684000e-14 6.432280e+03 1.000000e+00
   6234.364288 1.716400e-14 6.435030e+03 1.000000e+00
   6237.035005 1.733300e-14 6.437780e+03 1.000000e+00
   6239.695719 1.691600e-14 6.440530e+03 1.000000e+00
   6242.356433 1.708400e-14 6.443280e+03 1.000000e+00
   6245.027150 1.727100e-14 6.446030e+03 1.000000e+00
   6247.687864 1.723000e-14 6.448780e+03 1.000000e+00
   6250.348578 1.686500e-14 6.451530e+03 1.000000e+00
   6253.019294 1.707800e-14 6.454280e+03 1.000000e+00
   6255.680008 1.675600e-14 6.457030e+03 1.000000e+00
   6258.340723 1.689900e-14 6.459780e+03 1.000000e+00
   6261.011439 1.656200e-14 6.462530e+03 1.000000e+00
   6263.672153 1.716700e-14 6.465280e+03 1.000000e+00
   6266.342870 1.697300e-14 6.468030e+03 1.000000e+00
   6269.003584 1.690400e-14 6.470780e+03 1.000000e+00
   6271.664298 1.697500e-14 6.473530e+03 1.000000e+00
   6274.335015 1.683900e-14 6.476280e+03 1.000000e+00
   6276.995729 1.780500e-14 6.479030e+03 1.000000e+00
   6279.656443 1.739300e-14 6.481780e+03 1.000000e+00
   6282.327160 1.741900e-14 6.484530e+03 1.000000e+00
   6284.987874 1.614700e-14 6.487280e+03 1.000000e+00
   6287.648588 1.690700e-14 6.490030e+03 1.000000e+00
   6290.319305 1.692600e-14 6.492780e+03 1.000000e+00
   6292.980019 1.784300e-14 6.495530e+03 1.000000e+00
   6295.640734 1.816500e-14 6.498280e+03 1.000000e+00
   6298.311451 1.993700e-14 6.501030e+03 1.000000e+00
   6300.972165 2.074900e-14 6.503780e+03 1.000000e+00
   6303.632879 2.054200e-14 6.506530e+03 1.000000e+00
   6306.303596 1.919500e-14 6.509280e+03 1.000000e+00
   6308.964310 1.693400e-14 6.512030e+03 1.000000e+00
   6311.635027 1.709900e-14 6.514780e+03 1.000000e+00
   6314.295741 1.768500e-14 6.517530e+03 1.000000e+00
   6316.956456 1.749500e-14 6.520280e+03 1.000000e+00
   6319.627173 1.610500e-14 6.523030e+03 1.000000e+00
   6322.287887 1.671900e-14 6.525780e+03 1.000000e+00
   6324.948601 1.643800e-14 6.528530e+03 1.000000e+00
   6327.619318 1.664500e-14 6.531280e+03 1.000000e+00
   6330.280032 1.739800e-14 6.534030e+03 1.000000e+00
   6332.940747 1.668600e-14 6.536780e+03 1.000000e+00
   6335.611464 1.631300e-14 6.539530e+03 1.000000e+00
   6338.272178 1.684200e-14 6.542280e+03 1.000000e+00
   6340.932892 1.690100e-14 6.545030e+03 1.000000e+00
   6343.603609 1.666300e-14 6.547780e+03 1.000000e+00
   6346.264324 1.712200e-14 6.550530e+03 1.000000e+00
   6348.925038 1.647100e-14 6.553280e+03 1.000000e+00
   6351.595755 1.678500e-14 6.556030e+03 1.000000e+00
   6354.256470 1.657000e-14 6.558780e+03 1.000000e+00
   6356.917184 1.571200e-14 6.561530e+03 1.000000e+00
   6359.587901 1.619100e-14 6.564280e+03 1.000000e+00
   6362.248616 1.702700e-14 6.567030e+03 1.000000e+00
   6364.919333 1.770000e-14 6.569780e+03 1.000000e+00
   6367.580047 1.815100e-14 6.572530e+03 1.000000e+00
   6370.240762 1.773500e-14 6.575280e+03 1.000000e+00
   6372.911479 1.708800e-14 6.578030e+03 1.000000e+00
   6375.572193 1.661100e-14 6.580780e+03 1.000000e+00
   6378.232908 1.649200e-14 6.583530e+03 1.000000e+00
   6380.903625 1.677900e-14 6.586280e+03 1.000000e+00
   6383.564340 1.654800e-14 6.589030e+03 1.000000e+00
   6386.225054 1.608000e-14 6.591780e+03 1.000000e+00
   6388.895771 1.660000e-14 6.594530e+03 1.000000e+00
   6391.556486 1.651600e-14 6.597280e+03 1.000000e+00
   6394.217200 1.669500e-14 6.600030e+03 1.000000e+00
   6396.887918 1.706000e-14 6.602780e+03 1.000000e+00
   6399.548632 1.665700e-14 6.605530e+03 1.000000e+00
   6402.209347 1.717900e-14 6.608280e+03 1.000000e+00
   6404.880064 1.688400e-14 6.611030e+03 1.000000e+00
   6407.540779 1.616800e-14 6.613780e+03 1.000000e+00
   6410.211496 1.685300e-14 6.616530e+03 1.000000e+00
   6412.872211 1.696700e-14 6.619280e+03 1.000000e+00
   6415.532925 1.650900e-14 6.622030e+03 1.000000e+00
   6418.203642 1.663800e-14 6.624780e+03 1.000000e+00
   6420.864357 1.646000e-14 6.627530e+03 1.000000e+00
   6423.525072 1.694200e-14 6.630280e+03 1.000000e+00
   6426.195789 1.664600e-14 6.633030e+03 1.000000e+00
   6428.856504 1.738500e-14 6.635780e+03 1.000000e+00
   6431.517218 1.708500e-14 6.638530e+03 1.000000e+00
   6434.187936 1.693700e-14 6.641280e+03 1.000000e+00
   6436.848650 1.722800e-14 6.644030e+03 1.000000e+00
   6439.509365 1.659500e-14 6.646780e+03 1.000000e+00
   6442.180083 1.677700e-14 6.649530e+03 1.000000e+00
   6444.840797 1.724900e-14 6.652280e+03 1.000000e+00
   6447.501512 1.708400e-14 6.655030e+03 1.000000e+00
   6450.172229 1.796200e-14 6.657780e+03 1.000000e+00
   6452.832944 1.766900e-14 6.660530e+03 1.000000e+00
   6455.493659 1.693900e-14 6.663280e+03 1.000000e+00
   6458.164376 1.630500e-14 6.666030e+03 1.000000e+00
   6460.825091 1.736200e-14 6.668780e+03 1.000000e+00
   6463.495809 1.709300e-14 6.671530e+03 1.000000e+00
   6466.156524 1.686100e-14 6.674280e+03 1.000000e+00
   6468.817238 1.709200e-14 6.677030e+03 1.000000e+00
   6471.487956 1.743200e-14 6.679780e+03 1.000000e+00
   6474.148671 1.704000e-14 6.682530e+03 1.000000e+00
   6476.809385 1.715800e-14 6.685280e+03 1.000000e+00
   6479.480103 1.759000e-14 6.688030e+03 1.000000e+00
   6482.140818 1.729300e-14 6.690780e+03 1.000000e+00
   6484.801533 1.725800e-14 6.693530e+03 1.000000e+00
   6487.472250 1.712700e-14 6.696280e+03 1.000000e+00
   6490.132965 1.764500e-14 6.699030e+03 1.000000e+00
   6492.793680 1.681500e-14 6.701780e+03 1.000000e+00
   6495.464398 1.673200e-14 6.704530e+03 1.000000e+00
   6498.125113 1.659700e-14 6.707280e+03 1.000000e+00
   6500.785827 1.651800e-14 6.710030e+03 1.000000e+00
   6503.456545 1.705300e-14 6.712780e+03 1.000000e+00
   6506.117260 1.681200e-14 6.715530e+03 1.000000e+00
   6508.777975 1.645400e-14 6.718280e+03 1.000000e+00
   6511.448693 1.685700e-14 6.721030e+03 1.000000e+00
   6514.109408 1.769200e-14 6.723780e+03 1.000000e+00
   6516.780125 1.682600e-14 6.726530e+03 1.000000e+00
   6519.440840 1.695100e-14 6.729280e+03 1.000000e+00
   6522.101555 1.674400e-14 6.732030e+03 1.000000e+00
   6524.772273 1.757500e-14 6.734780e+03 1.000000e+00
   6527.432988 1.734700e-14 6.737530e+03 1.000000e+00
   6530.093703 1.722700e-14 6.740280e+03 1.000000e+00
   6532.764421 1.817200e-14 6.743030e+03 1.000000e+00
   6535.425136 1.704400e-14 6.745780e+03 1.000000e+00
   6538.085851 1.773700e-14 6.748530e+03 1.000000e+00
   6540.756568 1.852500e-14 6.751280e+03 1.000000e+00
   6543.417283 2.007600e-14 6.754030e+03 1.000000e+00
   6546.077998 2.452600e-14 6.756780e+03 1.000000e+00
   6548.748716 2.974400e-14 6.759530e+03 1.000000e+00
   6551.409431 3.046700e-14 6.762280e+03 1.000000e+00
   6554.070146 2.834800e-14 6.765030e+03 1.000000e+00
   6556.740864 3.348700e-14 6.767780e+03 1.000000e+00
   6559.401579 6.090300e-14 6.770530e+03 1.000000e+00
   6562.072297 1.039000e-13 6.773280e+03 1.000000e+00
   6564.733012 1.269500e-13 6.776030e+03 1.000000e+00
   6567.393727 1.069500e-13 6.778780e+03 1.000000e+00
   6570.064445 6.488100e-14 6.781530e+03 1.000000e+00
   6572.725160 3.435600e-14 6.784280e+03 1.000000e+00
   6575.385876 2.329600e-14 6.787030e+03 1.000000e+00
   6578.056593 2.524600e-14 6.789780e+03 1.000000e+00
   6580.717309 3.740100e-14 6.792530e+03 1.000000e+00
   6583.378024 5.113800e-14 6.795280e+03 1.000000e+00
   6586.048742 5.655700e-14 6.798030e+03 1.000000e+00
   6588.709457 4.598100e-14 6.800780e+03 1.000000e+00
   6591.370172 3.108300e-14 6.803530e+03 1.000000e+00
   6594.040890 2.197000e-14 6.806280e+03 1.000000e+00
   6596.701605 1.819900e-14 6.809030e+03 1.000000e+00
   6599.362320 1.685700e-14 6.811780e+03 1.000000e+00
   6602.033038 1.748700e-14 6.814530e+03 1.000000e+00
   6604.693754 1.748300e-14 6.817280e+03 1.000000e+00
   6607.354469 1.720100e-14 6.820030e+03 1.000000e+00
   6610.025187 1.713400e-14 6.822780e+03 1.000000e+00
   6612.685902 1.783800e-14 6.825530e+03 1.000000e+00
   6615.356620 1.770400e-14 6.828280e+03 1.000000e+00
   6625.849441 1.712200e-14 6.839120e+03 0.000000e+00
   6641.123548 1.653900e-14 6.854880e+03 0.000000e+00
   6656.427662 1.688400e-14 6.870680e+03 0.000000e+00
   6671.781791 1.642300e-14 6.886520e+03 0.000000e+00
   6687.155925 1.608400e-14 6.902400e+03 0.000000e+00
   6702.570071 1.668700e-14 6.918310e+03 0.000000e+00
   6718.024227 1.664700e-14 6.934260e+03 0.000000e+00
   6733.508392 1.660700e-14 6.950240e+03 0.000000e+00
   6749.032567 1.645300e-14 6.966260e+03 0.000000e+00
   6764.596754 1.649000e-14 6.982330e+03 0.000000e+00
   6780.180947 1.641300e-14 6.998420e+03 0.000000e+00
   6795.815153 1.644900e-14 7.014550e+03 0.000000e+00
   6811.479367 1.656100e-14 7.030720e+03 0.000000e+00
   6827.183593 1.656000e-14 7.046930e+03 0.000000e+00
   6842.917826 1.663500e-14 7.063180e+03 0.000000e+00
   6858.692071 1.651900e-14 7.079460e+03 0.000000e+00
   6874.506327 1.603000e-14 7.095780e+03 0.000000e+00
   6890.350591 1.621500e-14 7.112140e+03 0.000000e+00
   6906.234867 1.625000e-14 7.128530e+03 0.000000e+00
   6922.159153 1.628600e-14 7.144960e+03 0.000000e+00
   6938.113448 1.636000e-14 7.161430e+03 0.000000e+00
   6954.107753 1.643400e-14 7.177940e+03 0.000000e+00
   6970.142070 1.643300e-14 7.194490e+03 0.000000e+00
   6986.206395 1.562000e-14 7.211080e+03 0.000000e+00
   7002.310731 1.639200e-14 7.227700e+03 0.000000e+00
   7018.455078 1.627800e-14 7.244360e+03 0.000000e+00
   7034.629434 1.597900e-14 7.261060e+03 0.000000e+00
   7050.853803 1.676900e-14 7.277800e+03 0.000000e+00
   7067.098178 1.597600e-14 7.294570e+03 0.000000e+00
   7083.392566 1.612200e-14 7.311390e+03 0.000000e+00
   7099.726966 1.546600e-14 7.328250e+03 0.000000e+00
   7116.091374 1.564400e-14 7.345140e+03 0.000000e+00
   7132.495793 1.560700e-14 7.362070e+03 0.000000e+00
   7148.940223 1.546200e-14 7.379040e+03 0.000000e+00
   7165.414661 1.560400e-14 7.396050e+03 0.000000e+00
   7181.929110 1.538800e-14 7.413100e+03 0.000000e+00
   7198.493573 1.472800e-14 7.430190e+03 0.000000e+00
   7215.088045 1.479500e-14 7.447320e+03 0.000000e+00
   7231.712524 1.534800e-14 7.464490e+03 0.000000e+00
   7248.387018 1.538200e-14 7.481700e+03 0.000000e+00
   7265.091520 1.570300e-14 7.498940e+03 0.000000e+00
   7281.846035 1.537900e-14 7.516230e+03 0.000000e+00
   7298.630559 1.478800e-14 7.533560e+03 0.000000e+00
   7315.455094 1.551900e-14 7.550920e+03 0.000000e+00
   7332.319640 1.584200e-14 7.568330e+03 0.000000e+00
   7349.224197 1.624700e-14 7.585780e+03 0.000000e+00
   7366.168765 1.537200e-14 7.603260e+03 0.000000e+00
   7383.143341 1.613200e-14 7.620790e+03 0.000000e+00
   7400.157928 1.572700e-14 7.638360e+03 0.000000e+00
   7417.222529 1.590800e-14 7.655970e+03 0.000000e+00
   7434.317139 1.579700e-14 7.673610e+03 0.000000e+00
   7451.461762 1.572200e-14 7.691300e+03 0.000000e+00
   7468.636393 1.612400e-14 7.709040e+03 0.000000e+00
   7485.851036 1.601200e-14 7.726810e+03 0.000000e+00
   7503.105689 1.550200e-14 7.744620e+03 0.000000e+00
   7520.410357 1.571600e-14 7.762470e+03 0.000000e+00
   7537.745032 1.623000e-14 7.780370e+03 0.000000e+00
   7555.119719 1.600500e-14 7.798300e+03 0.000000e+00
   7572.534416 1.593000e-14 7.816280e+03 0.000000e+00
   7589.989125 1.596500e-14 7.834300e+03 0.000000e+00
   7607.483845 1.563600e-14 7.852360e+03 0.000000e+00
   7625.018575 1.574300e-14 7.870460e+03 0.000000e+00
   7642.603320 1.552600e-14 7.888600e+03 0.000000e+00
   7660.218073 1.559600e-14 7.906790e+03 0.000000e+00
   7677.872836 1.386600e-14 7.925010e+03 0.000000e+00
   7695.577614 1.520300e-14 7.943280e+03 0.000000e+00
   7713.322403 1.468500e-14 7.961590e+03 0.000000e+00
   7731.097199 1.516400e-14 7.979950e+03 0.000000e+00
   7748.922010 1.519800e-14 7.998340e+03 0.000000e+00
   7766.786832 1.498800e-14 8.016780e+03 0.000000e+00
   7784.691664 1.427900e-14 8.035260e+03 0.000000e+00
   7802.636508 1.495000e-14 8.053780e+03 0.000000e+00
   7820.621363 1.484600e-14 8.072350e+03 0.000000e+00
   7838.646228 1.505100e-14 8.090960e+03 0.000000e+00
   7856.721108 1.525900e-14 8.109610e+03 0.000000e+00
   7874.835998 1.522200e-14 8.128310e+03 0.000000e+00
   7892.980897 1.494300e-14 8.147040e+03 0.000000e+00
   7911.175810 1.477000e-14 8.165820e+03 0.000000e+00
   7929.420736 1.436600e-14 8.184650e+03 0.000000e+00
   7947.695671 1.426600e-14 8.203520e+03 0.000000e+00
   7966.010616 1.449600e-14 8.222430e+03 0.000000e+00
   7984.375576 1.476400e-14 8.241380e+03 0.000000e+00
   8002.790549 1.469400e-14 8.260380e+03 0.000000e+00
   8021.235530 1.472700e-14 8.279420e+03 0.000000e+00
   8039.720522 1.455700e-14 8.298510e+03 0.000000e+00
   8058.255529 1.448800e-14 8.317640e+03 0.000000e+00
   8076.830546 1.482400e-14 8.336810e+03 0.000000e+00
   8095.455577 1.441900e-14 8.356030e+03 0.000000e+00
   8114.120619 1.475300e-14 8.375290e+03 0.000000e+00
   8132.815669 1.485400e-14 8.394600e+03 0.000000e+00
   8151.570736 1.451400e-14 8.413950e+03 0.000000e+00
   8170.355811 1.454600e-14 8.433350e+03 0.000000e+00
   8189.190899 1.376200e-14 8.452790e+03 0.000000e+00
   8208.065999 1.385600e-14 8.472270e+03 0.000000e+00
   8226.991113 1.474300e-14 8.491800e+03 0.000000e+00
   8245.956237 1.454000e-14 8.511380e+03 0.000000e+00
   8264.961373 1.450500e-14 8.531000e+03 0.000000e+00
   8284.016522 1.410800e-14 8.550670e+03 0.000000e+00
   8303.121685 1.436800e-14 8.570380e+03 0.000000e+00
   8322.256856 1.420200e-14 8.590140e+03 0.000000e+00
   8341.442041 1.426600e-14 8.609940e+03 0.000000e+00
   8360.667237 1.429800e-14 8.629790e+03 0.000000e+00
   8379.942447 1.469700e-14 8.649680e+03 0.000000e+00
   8399.257668 1.355700e-14 8.669620e+03 0.000000e+00
   8418.622902 1.452500e-14 8.689600e+03 0.000000e+00
   8438.028148 1.409500e-14 8.709640e+03 0.000000e+00
   8457.483407 1.358400e-14 8.729710e+03 0.000000e+00
   8476.978678 1.370800e-14 8.749840e+03 0.000000e+00
   8496.523962 1.441900e-14 8.770010e+03 0.000000e+00
   8516.109257 1.361100e-14 8.790230e+03 0.000000e+00
   8535.734563 1.415200e-14 8.810490e+03 0.000000e+00
   8555.419885 1.032200e-14 8.830800e+03 0.000000e+00
   8575.135216 1.418200e-14 8.851160e+03 0.000000e+00
   8594.900561 1.382600e-14 8.871560e+03 0.000000e+00
   8614.715919 1.360300e-14 8.892010e+03 0.000000e+00
   8634.581291 1.404700e-14 8.912510e+03 0.000000e+00
   8654.476671 1.401300e-14 8.933050e+03 0.000000e+00
   8674.432068 9.300000e-15 8.953650e+03 0.000000e+00
   8694.427476 1.344100e-14 8.974290e+03 0.000000e+00
   8714.472897 1.381600e-14 8.994980e+03 0.000000e+00
   8734.558330 1.433300e-14 9.015710e+03 0.000000e+00
   8754.693776 1.356100e-14 9.036500e+03 0.000000e+00
   8774.879236 1.368500e-14 9.057330e+03 0.000000e+00
   8795.104707 1.426200e-14 9.078200e+03 0.000000e+00
   8815.380192 1.393600e-14 9.099130e+03 0.000000e+00
   8835.705690 1.346100e-14 9.120110e+03 0.000000e+00
   8856.071200 1.383700e-14 9.141130e+03 0.000000e+00
   8876.486723 1.224600e-14 9.162200e+03 0.000000e+00
   8896.942257 1.342600e-14 9.183330e+03 0.000000e+00
   8917.457808 1.364200e-14 9.204500e+03 0.000000e+00
   8938.013370 1.342200e-14 9.225710e+03 0.000000e+00
   8958.618945 1.314500e-14 9.246980e+03 0.000000e+00
   8979.264531 1.320500e-14 9.268300e+03 0.000000e+00
   8999.970134 1.163300e-14 9.289660e+03 0.000000e+00
   9020.715748 1.232000e-14 9.311080e+03 0.000000e+00
   9041.511376 1.347600e-14 9.332540e+03 0.000000e+00
   9062.347014 1.427300e-14 9.354060e+03 0.000000e+00
   9083.242669 1.286700e-14 9.375620e+03 0.000000e+00
   9104.178335 1.341000e-14 9.397230e+03 0.000000e+00
   9125.164015 1.404000e-14 9.418900e+03 0.000000e+00
   9146.199709 1.289200e-14 9.440610e+03 0.000000e+00
   9167.285416 1.194700e-14 9.462370e+03 0.000000e+00
   9188.421137 1.228000e-14 9.484180e+03 0.000000e+00
   9209.596869 1.309600e-14 9.506050e+03 0.000000e+00
   9230.832617 1.247700e-14 9.527960e+03 0.000000e+00
   9252.108377 1.259100e-14 9.549930e+03 0.000000e+00
   9273.434150 1.309200e-14 9.571940e+03 0.000000e+00
   9294.819940 1.351900e-14 9.594010e+03 0.000000e+00
   9316.245740 1.333200e-14 9.616120e+03 0.000000e+00
   9337.721555 1.336100e-14 9.638290e+03 0.000000e+00
   9359.247383 1.332800e-14 9.660510e+03 0.000000e+00
   9380.823224 1.314400e-14 9.682780e+03 0.000000e+00
   9402.449080 1.326400e-14 9.705100e+03 0.000000e+00
   9424.114947 1.332300e-14 9.727470e+03 0.000000e+00
   9445.850832 1.316900e-14 9.749900e+03 0.000000e+00
   9467.616726 1.338200e-14 9.772370e+03 0.000000e+00
   9489.442637 1.334900e-14 9.794900e+03 0.000000e+00
   9511.318561 1.304400e-14 9.817480e+03 0.000000e+00
   9533.244499 1.292200e-14 9.840110e+03 0.000000e+00
   9555.220450 1.222600e-14 9.862790e+03 0.000000e+00
   9577.246416 1.288900e-14 9.885530e+03 0.000000e+00
   9599.332397 1.321800e-14 9.908320e+03 0.000000e+00
   9621.458390 1.309500e-14 9.931160e+03 0.000000e+00
   9643.634397 1.312400e-14 9.954050e+03 0.000000e+00
   9665.870420 1.300200e-14 9.977000e+03 0.000000e+00
   9688.146453 1.312100e-14 1.000000e+04 0.000000e+00
   9710.482504 1.296900e-14 1.002305e+04 0.000000e+00
   9732.868568 1.284800e-14 1.004615e+04 0.000000e+00
   9755.294643 1.278800e-14 1.006931e+04 0.000000e+00
   9777.800740 1.281500e-14 1.009253e+04 0.000000e+00
   9800.336845 1.269600e-14 1.011580e+04 0.000000e+00
   9822.922964 1.290100e-14 1.013912e+04 0.000000e+00
   9845.569100 1.281000e-14 1.016249e+04 0.000000e+00
   9868.265249 1.272000e-14 1.018591e+04 0.000000e+00
   9891.011412 1.269000e-14 1.020939e+04 0.000000e+00
   9913.817591 1.265900e-14 1.023294e+04 0.000000e+00
   9936.673784 1.271500e-14 1.025652e+04 0.000000e+00
   9959.579991 1.271400e-14 1.028017e+04 0.000000e+00
   9982.536212 1.271200e-14 1.030386e+04 0.000000e+00
  10028.608696 1.244800e-14 1.035142e+04 0.000000e+00
  10074.901242 1.221800e-14 1.039921e+04 0.000000e+00
  10121.403844 1.258500e-14 1.044720e+04 0.000000e+00
  10168.116505 1.249500e-14 1.049542e+04 0.000000e+00
  10238.605611 1.251900e-14 1.056818e+04 0.000000e+00
  10285.868422 1.251600e-14 1.061696e+04 0.000000e+00
  10309.574848 1.245600e-14 1.064143e+04 0.000000e+00
  10501.236808 1.205700e-14 1.083927e+04 0.000000e+00
  10696.479750 1.159500e-14 1.104079e+04 0.000000e+00
  10895.343684 1.104700e-14 1.124605e+04 0.000000e+00
  11097.898629 1.069700e-14 1.145513e+04 0.000000e+00
  11304.214604 1.050200e-14 1.166809e+04 0.000000e+00
  11514.371630 1.042900e-14 1.188502e+04 0.000000e+00
  11701.472408 1.016800e-14 1.207813e+04 0.000000e+00
  11891.614019 9.823200e-15 1.227440e+04 0.000000e+00
  12112.694036 9.643900e-15 1.250259e+04 0.000000e+00
  12309.507472 9.489700e-15 1.270574e+04 0.000000e+00
  12509.521784 9.231100e-15 1.291219e+04 0.000000e+00
  12712.776983 9.021000e-15 1.312200e+04 0.000000e+00
  12889.635019 8.835900e-15 1.330455e+04 0.000000e+00
  13099.071908 8.674700e-15 1.352073e+04 0.000000e+00
  13311.909728 8.418900e-15 1.374042e+04 0.000000e+00
  13497.100042 8.246200e-15 1.393157e+04 0.000000e+00
  13716.409632 8.095700e-15 1.415794e+04 0.000000e+00
  13907.221483 7.820800e-15 1.435490e+04 0.000000e+00
  14100.694061 7.503300e-15 1.455459e+04 0.000000e+00
  14296.857375 7.383300e-15 1.475707e+04 0.000000e+00
  14495.751435 7.400400e-15 1.496236e+04 0.000000e+00
  14697.406250 7.182100e-15 1.517051e+04 0.000000e+00
  14901.851828 7.248600e-15 1.538154e+04 0.000000e+00
  15109.158187 7.248600e-15 1.559552e+04 0.000000e+00
  15319.345334 7.349400e-15 1.581248e+04 0.000000e+00
  15496.743568 7.298800e-15 1.599558e+04 0.000000e+00
  15712.322188 7.132700e-15 1.621810e+04 0.000000e+00
  15894.271666 6.874700e-15 1.640590e+04 0.000000e+00
  16115.381797 6.906400e-15 1.663413e+04 0.000000e+00
  16301.972543 6.890500e-15 1.682673e+04 0.000000e+00
  16490.743884 6.780400e-15 1.702158e+04 0.000000e+00
  16720.156283 6.764800e-15 1.725838e+04 0.000000e+00
  16913.768946 6.656600e-15 1.745823e+04 0.000000e+00
  17109.622222 6.565300e-15 1.766039e+04 0.000000e+00
  17307.736115 6.298700e-15 1.786487e+04 0.000000e+00
  17508.150637 6.141200e-15 1.807174e+04 0.000000e+00
  17710.885792 5.919100e-15 1.828101e+04 0.000000e+00
  17915.981591 5.705000e-15 1.849270e+04 0.000000e+00
  18123.418030 5.435700e-15 1.870681e+04 0.000000e+00
  18291.123661 5.311900e-15 1.887991e+04 0.000000e+00
  18502.931293 5.155300e-15 1.909854e+04 0.000000e+00
  18717.169589 4.923300e-15 1.931967e+04 0.000000e+00
  18890.356716 4.822300e-15 1.949844e+04 0.000000e+00
  19109.106243 4.756100e-15 1.972423e+04 0.000000e+00
  19285.904356 4.615900e-15 1.990672e+04 0.000000e+00
  19509.235133 4.438700e-15 2.013724e+04 0.000000e+00
  19689.754262 4.317700e-15 2.032357e+04 0.000000e+00
  19917.756315 4.200000e-15 2.055892e+04 0.000000e+00
  20102.046473 4.132900e-15 2.074913e+04 0.000000e+00
  20288.057100 4.011000e-15 2.094113e+04 0.000000e+00
  20522.981042 3.965100e-15 2.118362e+04 0.000000e+00
  20712.862726 3.883800e-15 2.137962e+04 0.000000e+00
  20904.524896 3.804100e-15 2.157745e+04 0.000000e+00
  21097.937543 3.743300e-15 2.177709e+04 0.000000e+00
  21293.170688 3.675000e-15 2.197860e+04 0.000000e+00
  21490.204324 3.599600e-15 2.218197e+04 0.000000e+00
  21689.028448 3.485400e-15 2.238721e+04 0.000000e+00
  21889.723083 3.445500e-15 2.259436e+04 0.000000e+00
  22092.258220 3.359300e-15 2.280341e+04 0.000000e+00
  22296.683872 3.274200e-15 2.301442e+04 0.000000e+00
  22503.000041 3.190500e-15 2.322738e+04 0.000000e+00
  22711.196723 3.094500e-15 2.344228e+04 0.000000e+00
  22921.353940 2.800800e-15 2.365920e+04 0.000000e+00
  23080.227195 2.770300e-15 2.382319e+04 0.000000e+00
  23293.795342 2.455600e-15 2.404363e+04 0.000000e+00
  23509.344030 2.310800e-15 2.426611e+04 0.000000e+00
  23726.853252 2.329800e-15 2.449063e+04 0.000000e+00
  23891.338038 2.150100e-15 2.466040e+04 0.000000e+00
  24112.378224 2.074700e-15 2.488857e+04 0.000000e+00
  24279.533739 2.046700e-15 2.506110e+04 0.000000e+00
  24504.174908 1.907600e-15 2.529297e+04 0.000000e+00
  24730.916649 1.865900e-15 2.552702e+04 0.000000e+00
  24740.299204 1.476500e-15 2.553670e+04 2.000000e+00
  24834.084742 1.556200e-15 2.563350e+04 2.000000e+00
  24927.860277 1.552900e-15 2.573030e+04 2.000000e+00
  25021.545788 1.572300e-15 2.582700e+04 2.000000e+00
  25115.331327 1.613500e-15 2.592380e+04 2.000000e+00
  25209.106863 1.666200e-15 2.602060e+04 2.000000e+00
  25302.792375 1.642800e-15 2.611730e+04 2.000000e+00
  25396.577914 1.584900e-15 2.621410e+04 2.000000e+00
  25490.253423 1.582700e-15 2.631080e+04 2.000000e+00
  25584.038962 1.615300e-15 2.640760e+04 2.000000e+00
  25677.824502 1.664300e-15 2.650440e+04 2.000000e+00
  25771.510014 1.674000e-15 2.660110e+04 2.000000e+00
  25865.285551 1.681500e-15 2.669790e+04 2.000000e+00
  25959.071091 1.731400e-15 2.679470e+04 2.000000e+00
  26052.756604 1.712500e-15 2.689140e+04 2.000000e+00
  26146.532142 1.659000e-15 2.698820e+04 2.000000e+00
  26240.217655 1.592100e-15 2.708490e+04 2.000000e+00
  26333.993193 1.618200e-15 2.718170e+04 2.000000e+00
  26427.778734 1.588400e-15 2.727850e+04 2.000000e+00
  26521.464247 1.479200e-15 2.737520e+04 2.000000e+00
  26615.249788 1.490000e-15 2.747200e+04 2.000000e+00
  26709.025327 1.484900e-15 2.756880e+04 2.000000e+00
  26802.710841 1.447300e-15 2.766550e+04 2.000000e+00
  26896.496382 1.375400e-15 2.776230e+04 2.000000e+00
  26990.181897 1.318100e-15 2.785900e+04 2.000000e+00
  27083.957436 1.325500e-15 2.795580e+04 2.000000e+00
  27177.732975 1.304300e-15 2.805260e+04 2.000000e+00
  27271.418490 1.296400e-15 2.814930e+04 2.000000e+00
  27365.204032 1.282600e-15 2.824610e+04 2.000000e+00
  27458.989574 1.261800e-15 2.834290e+04 2.000000e+00
  27552.665086 1.323700e-15 2.843960e+04 2.000000e+00
  27646.450629 1.322700e-15 2.853640e+04 2.000000e+00
  27740.136144 1.276800e-15 2.863310e+04 2.000000e+00
  27833.911685 1.277100e-15 2.872990e+04 2.000000e+00
  27927.697227 1.280900e-15 2.882670e+04 2.000000e+00
  28021.382743 1.308000e-15 2.892340e+04 2.000000e+00
  28115.158284 1.281000e-15 2.902020e+04 2.000000e+00
  28208.943827 1.242900e-15 2.911700e+04 2.000000e+00
  28302.629343 1.193900e-15 2.921370e+04 2.000000e+00
  28396.404884 1.175500e-15 2.931050e+04 2.000000e+00
  28490.090400 1.164300e-15 2.940720e+04 2.000000e+00
  28583.875944 1.196900e-15 2.950400e+04 2.000000e+00
  28677.651485 1.177200e-15 2.960080e+04 2.000000e+00
  28771.337002 1.176200e-15 2.969750e+04 2.000000e+00
  28865.122546 1.112900e-15 2.979430e+04 2.000000e+00
  28958.808063 1.133200e-15 2.989100e+04 2.000000e+00
  29052.583605 1.102600e-15 2.998780e+04 2.000000e+00
  29146.369149 1.087600e-15 3.008460e+04 2.000000e+00
  29240.054666 1.033000e-15 3.018130e+04 2.000000e+00
  29333.830208 1.058900e-15 3.027810e+04 2.000000e+00
  29427.615753 1.063400e-15 3.037490e+04 2.000000e+00
  29521.301271 1.050200e-15 3.047160e+04 2.000000e+00
  29615.076813 1.017600e-15 3.056840e+04 2.000000e+00
  29708.762331 1.026400e-15 3.066510e+04 2.000000e+00
  29802.547876 9.674400e-16 3.076190e+04 2.000000e+00
  29896.323419 9.380900e-16 3.085870e+04 2.000000e+00
  29990.008937 9.758600e-16 3.095540e+04 2.000000e+00
  30083.794482 1.006900e-15 3.105220e+04 2.000000e+00
  30177.570025 1.023300e-15 3.114900e+04 2.000000e+00
  30271.255544 9.934000e-16 3.124570e+04 2.000000e+00
  30365.041089 1.015900e-15 3.134250e+04 2.000000e+00
  30458.716605 9.868300e-16 3.143920e+04 2.000000e+00
  30552.502151 9.841600e-16 3.153600e+04 2.000000e+00
  30646.287697 9.638300e-16 3.163280e+04 2.000000e+00
  30739.963214 9.482600e-16 3.172950e+04 2.000000e+00
  30833.748760 9.529200e-16 3.182630e+04 2.000000e+00
  30927.534306 9.426800e-16 3.192310e+04 2.000000e+00
  31021.209823 9.484200e-16 3.201980e+04 2.000000e+00
  31114.995369 9.570300e-16 3.211660e+04 2.000000e+00
  31208.680889 9.902200e-16 3.221330e+04 2.000000e+00
  31302.456433 9.841400e-16 3.231010e+04 2.000000e+00
  31396.241979 1.008000e-15 3.240690e+04 2.000000e+00
  31489.927499 1.009600e-15 3.250360e+04 2.000000e+00
  31583.703043 1.034000e-15 3.260040e+04 2.000000e+00
  31677.488590 1.024400e-15 3.269720e+04 2.000000e+00
  31771.174110 1.006000e-15 3.279390e+04 2.000000e+00
  31864.949655 1.013000e-15 3.289070e+04 2.000000e+00
  31958.735202 1.025900e-15 3.298750e+04 2.000000e+00
  32052.420722 1.057000e-15 3.308420e+04 2.000000e+00
  32146.196267 1.125000e-15 3.318100e+04 2.000000e+00
  32239.881787 1.186500e-15 3.327770e+04 2.000000e+00
  32333.667335 1.312200e-15 3.337450e+04 2.000000e+00
  32427.442880 1.443200e-15 3.347130e+04 2.000000e+00
  32521.128401 1.569000e-15 3.356800e+04 2.000000e+00
  32614.913948 1.654000e-15 3.366480e+04 2.000000e+00
  32708.689494 1.712200e-15 3.376160e+04 2.000000e+00
  32802.375014 1.790500e-15 3.385830e+04 2.000000e+00
  32896.150560 1.793300e-15 3.395510e+04 2.000000e+00
  32989.846083 1.782800e-15 3.405180e+04 2.000000e+00
  33083.621629 1.764300e-15 3.414860e+04 2.000000e+00
  33177.407177 1.790900e-15 3.424540e+04 2.000000e+00
  33271.092698 1.726600e-15 3.434210e+04 2.000000e+00
  33364.868244 1.603800e-15 3.443890e+04 2.000000e+00
  33458.653793 1.518900e-15 3.453570e+04 2.000000e+00
  33552.329311 1.484300e-15 3.463240e+04 2.000000e+00
  33646.114860 1.401300e-15 3.472920e+04 2.000000e+00
  33739.800382 1.325000e-15 3.482590e+04 2.000000e+00
  33833.575928 1.287300e-15 3.492270e+04 2.000000e+00
  33927.361477 1.275900e-15 3.501950e+04 2.000000e+00
  34021.046998 1.268200e-15 3.511620e+04 2.000000e+00
  34114.832548 1.243600e-15 3.521300e+04 2.000000e+00
  34208.608094 1.215000e-15 3.530980e+04 2.000000e+00
  34302.293616 1.162300e-15 3.540650e+04 2.000000e+00
  34396.079165 1.102500e-15 3.550330e+04 2.000000e+00
  34489.754684 1.089400e-15 3.560000e+04 2.000000e+00
  34583.540234 1.099100e-15 3.569680e+04 2.000000e+00
  34677.325783 1.048700e-15 3.579360e+04 2.000000e+00
  34771.001303 9.960100e-16 3.589030e+04 2.000000e+00
  34864.786852 9.697400e-16 3.598710e+04 2.000000e+00
  34958.572402 9.827400e-16 3.608390e+04 2.000000e+00
  35052.257924 9.278800e-16 3.618060e+04 2.000000e+00
  35146.033472 8.631400e-16 3.627740e+04 2.000000e+00
  35239.718994 8.651400e-16 3.637410e+04 2.000000e+00
  35333.494541 9.365000e-16 3.647090e+04 2.000000e+00
  35427.280091 9.756600e-16 3.656770e+04 2.000000e+00
  35520.965614 9.643000e-16 3.666440e+04 2.000000e+00
  35614.741161 9.053100e-16 3.676120e+04 2.000000e+00
  35708.526711 8.752200e-16 3.685800e+04 2.000000e+00
  35802.212234 8.817500e-16 3.695470e+04 2.000000e+00
  35895.987782 8.659900e-16 3.705150e+04 2.000000e+00
  35989.673305 8.395100e-16 3.714820e+04 2.000000e+00
  36083.458855 8.254500e-16 3.724500e+04 2.000000e+00
  36177.234403 8.442500e-16 3.734180e+04 2.000000e+00
  36270.919926 8.465600e-16 3.743850e+04 2.000000e+00
  36364.705477 8.102400e-16 3.753530e+04 2.000000e+00
  36458.481025 7.878400e-16 3.763210e+04 2.000000e+00
  36552.166548 7.760800e-16 3.772880e+04 2.000000e+00
  36645.952099 7.629700e-16 3.782560e+04 2.000000e+00
  36739.637622 7.368400e-16 3.792230e+04 2.000000e+00
  36833.413170 7.424400e-16 3.801910e+04 2.000000e+00
  36927.198721 7.281200e-16 3.811590e+04 2.000000e+00
  37020.884245 7.404300e-16 3.821260e+04 2.000000e+00
  37114.659793 7.073100e-16 3.830940e+04 2.000000e+00
  37208.445344 7.343400e-16 3.840620e+04 2.000000e+00
  37302.130868 7.219900e-16 3.850290e+04 2.000000e+00
  37395.906417 7.233200e-16 3.859970e+04 2.000000e+00
  37489.591940 7.008100e-16 3.869640e+04 2.000000e+00
  37583.367489 7.049500e-16 3.879320e+04 2.000000e+00
  37677.153040 6.993200e-16 3.889000e+04 2.000000e+00
  37770.838564 6.970400e-16 3.898670e+04 2.000000e+00
  37864.624116 6.795500e-16 3.908350e+04 2.000000e+00
  37958.399664 6.918800e-16 3.918030e+04 2.000000e+00
  38052.085189 6.902700e-16 3.927700e+04 2.000000e+00
  38145.870740 6.970200e-16 3.937380e+04 2.000000e+00
  38239.546262 6.699500e-16 3.947050e+04 2.000000e+00
  38333.331813 6.870200e-16 3.956730e+04 2.000000e+00
  38427.107362 6.454900e-16 3.966410e+04 2.000000e+00
  38520.792887 6.550700e-16 3.976080e+04 2.000000e+00
  38614.578439 5.998100e-16 3.985760e+04 2.000000e+00
  38708.263963 6.270700e-16 3.995430e+04 2.000000e+00
  38802.039512 5.932200e-16 4.005110e+04 2.000000e+00
  38895.825064 6.197700e-16 4.014790e+04 2.000000e+00
  38989.510589 5.707100e-16 4.024460e+04 2.000000e+00
  39083.296141 6.091300e-16 4.034140e+04 2.000000e+00
  39177.071690 5.977000e-16 4.043820e+04 2.000000e+00
  39270.757215 6.141300e-16 4.053490e+04 2.000000e+00
  39364.532765 6.083100e-16 4.063170e+04 2.000000e+00
  39458.218290 6.170000e-16 4.072840e+04 2.000000e+00
  39552.003842 6.020700e-16 4.082520e+04 2.000000e+00
  39645.779391 5.882800e-16 4.092200e+04 2.000000e+00
  39739.464916 5.477400e-16 4.101870e+04 2.000000e+00
  39833.250469 5.583500e-16 4.111550e+04 2.000000e+00
  39927.026018 5.776700e-16 4.121230e+04 2.000000e+00
  40020.711544 6.371400e-16 4.130900e+04 2.000000e+00
  40114.497096 6.473900e-16 4.140580e+04 2.000000e+00
  40208.182621 6.651000e-16 4.150250e+04 2.000000e+00
  40301.958171 6.729700e-16 4.159930e+04 2.000000e+00
  40395.743724 6.700600e-16 4.169610e+04 2.000000e+00
  40489.419247 6.574700e-16 4.179280e+04 2.000000e+00
  40583.204799 6.876600e-16 4.188960e+04 2.000000e+00
  40676.990352 6.928600e-16 4.198640e+04 2.000000e+00
  40770.675877 6.637100e-16 4.208310e+04 2.000000e+00
  40864.451428 6.031700e-16 4.217990e+04 2.000000e+00
  40958.136953 5.897200e-16 4.227660e+04 2.000000e+00
  41051.912503 5.642200e-16 4.237340e+04 2.000000e+00
  41145.698056 5.557100e-16 4.247020e+04 2.000000e+00
  41239.383582 5.181000e-16 4.256690e+04 2.000000e+00
  41333.159132 5.274200e-16 4.266370e+04 2.000000e+00
  41426.944685 5.529100e-16 4.276050e+04 2.000000e+00
  41520.630211 5.580100e-16 4.285720e+04 2.000000e+00
  41614.415764 4.939900e-16 4.295400e+04 2.000000e+00
  41708.091287 4.696800e-16 4.305070e+04 2.000000e+00
  41801.876841 4.329800e-16 4.314750e+04 2.000000e+00
  41895.662394 4.491600e-16 4.324430e+04 2.000000e+00
  41989.337917 4.334400e-16 4.334100e+04 2.000000e+00
  42083.123470 4.845600e-16 4.343780e+04 2.000000e+00
  42176.899021 5.178500e-16 4.353460e+04 2.000000e+00
  42270.584547 5.385900e-16 4.363130e+04 2.000000e+00
  42364.370101 5.104200e-16 4.372810e+04 2.000000e+00
  42458.055627 5.005000e-16 4.382480e+04 2.000000e+00
  42551.831178 4.810700e-16 4.392160e+04 2.000000e+00
  42645.616731 4.612700e-16 4.401840e+04 2.000000e+00
  42739.302257 4.436700e-16 4.411510e+04 2.000000e+00
  42833.077808 4.580400e-16 4.421190e+04 2.000000e+00
  42926.863362 4.557200e-16 4.430870e+04 2.000000e+00
  43020.548888 4.502400e-16 4.440540e+04 2.000000e+00
  43114.324439 4.544200e-16 4.450220e+04 2.000000e+00
  43208.009966 4.765900e-16 4.459890e+04 2.000000e+00
  43301.795520 4.576000e-16 4.469570e+04 2.000000e+00
  43395.571071 4.444800e-16 4.479250e+04 2.000000e+00
  43489.256597 4.454500e-16 4.488920e+04 2.000000e+00
  43583.042151 4.582400e-16 4.498600e+04 2.000000e+00
  43676.817702 4.515000e-16 4.508280e+04 2.000000e+00
  43770.503229 4.232100e-16 4.517950e+04 2.000000e+00
  43864.278780 4.247800e-16 4.527630e+04 2.000000e+00
  43957.974310 4.183200e-16 4.537300e+04 2.000000e+00
  44051.749861 4.111200e-16 4.546980e+04 2.000000e+00
  44145.535415 3.818900e-16 4.556660e+04 2.000000e+00
  44239.220942 3.554800e-16 4.566330e+04 2.000000e+00
  44332.996493 3.718600e-16 4.576010e+04 2.000000e+00
  44426.782047 4.080100e-16 4.585690e+04 2.000000e+00
  44520.457571 4.127200e-16 4.595360e+04 2.000000e+00
  44614.243126 4.160200e-16 4.605040e+04 2.000000e+00
  44707.928653 4.225600e-16 4.614710e+04 2.000000e+00
  44801.714207 3.959200e-16 4.624390e+04 2.000000e+00
  44895.489758 3.733900e-16 4.634070e+04 2.000000e+00
  44989.175286 3.393100e-16 4.643740e+04 2.000000e+00
  45082.950837 3.605300e-16 4.653420e+04 2.000000e+00
  45176.736392 3.247000e-16 4.663100e+04 2.000000e+00
  45270.421919 3.193600e-16 4.672770e+04 2.000000e+00
  45364.207473 3.088800e-16 4.682450e+04 2.000000e+00
  45457.882998 3.430600e-16 4.692120e+04 2.000000e+00
  45551.668552 3.229100e-16 4.701800e+04 2.000000e+00
  45645.454107 3.345000e-16 4.711480e+04 2.000000e+00
  45739.129631 3.375500e-16 4.721150e+04 2.000000e+00
  45832.915186 3.601000e-16 4.730830e+04 2.000000e+00
  45926.700740 3.947200e-16 4.740510e+04 2.000000e+00
  46020.376265 3.943400e-16 4.750180e+04 2.000000e+00
  46114.161820 4.116900e-16 4.759860e+04 2.000000e+00
  46207.837344 3.972900e-16 4.769530e+04 2.000000e+00
  46301.622899 3.902300e-16 4.779210e+04 2.000000e+00
  46395.408454 3.680900e-16 4.788890e+04 2.000000e+00
  46489.093981 3.182900e-16 4.798560e+04 2.000000e+00
  46582.869534 3.553300e-16 4.808240e+04 2.000000e+00
  46676.655088 3.675300e-16 4.817920e+04 2.000000e+00
  46770.340616 4.019500e-16 4.827590e+04 2.000000e+00
  46864.116168 3.830900e-16 4.837270e+04 2.000000e+00
  46957.801696 3.919300e-16 4.846940e+04 2.000000e+00
  47051.587251 3.863900e-16 4.856620e+04 2.000000e+00
  47145.362803 4.038200e-16 4.866300e+04 2.000000e+00
  47239.048331 3.372500e-16 4.875970e+04 2.000000e+00
  47332.833886 3.579200e-16 4.885650e+04 2.000000e+00
  47426.609438 3.746200e-16 4.895330e+04 2.000000e+00
  47520.304969 4.192900e-16 4.905000e+04 2.000000e+00
  47614.080521 4.281300e-16 4.914680e+04 2.000000e+00
  47707.756046 4.588600e-16 4.924350e+04 2.000000e+00
  47801.541601 4.536100e-16 4.934030e+04 2.000000e+00
  47895.317154 4.152700e-16 4.943710e+04 2.000000e+00
  47989.012684 3.052300e-16 4.953380e+04 2.000000e+00
  48469.873712 3.133200e-16 5.003015e+04 2.000000e+00
  48954.575787 3.214800e-16 5.053045e+04 0.000000e+00
  49444.119183 3.297200e-16 5.103575e+04 0.000000e+00
  49938.563914 3.380400e-16 5.154611e+04 0.000000e+00
  50437.949992 3.464400e-16 5.206157e+04 0.000000e+00
  50545.419277 3.482500e-16 5.217250e+04 3.000000e+00
  50838.379106 3.999300e-16 5.247490e+04 3.000000e+00
  51131.358941 4.148200e-16 5.277730e+04 3.000000e+00
  51424.318771 4.562000e-16 5.307970e+04 3.000000e+00
  51717.298606 4.501000e-16 5.338210e+04 3.000000e+00
  52010.358463 5.460000e-16 5.368460e+04 3.000000e+00
  52303.328296 5.826000e-16 5.398700e+04 3.000000e+00
  52596.298129 6.231000e-16 5.428940e+04 3.000000e+00
  52889.257960 5.241200e-16 5.459180e+04 3.000000e+00
  53182.237796 5.107700e-16 5.489420e+04 3.000000e+00
  53475.297655 5.481800e-16 5.519670e+04 3.000000e+00
  53768.267489 4.457300e-16 5.549910e+04 3.000000e+00
  54061.237323 4.275700e-16 5.580150e+04 3.000000e+00
  54354.207157 4.111600e-16 5.610390e+04 3.000000e+00
  54647.176991 3.844500e-16 5.640630e+04 3.000000e+00
  54940.236850 4.214600e-16 5.670880e+04 3.000000e+00
  55233.216688 4.561600e-16 5.701120e+04 3.000000e+00
  55526.176520 4.692000e-16 5.731360e+04 3.000000e+00
  55819.146355 5.109500e-16 5.761600e+04 3.000000e+00
  56112.126193 6.255400e-16 5.791840e+04 3.000000e+00
  56405.186053 7.045200e-16 5.822090e+04 3.000000e+00
  56698.155888 7.787800e-16 5.852330e+04 3.000000e+00
  56991.125724 8.113200e-16 5.882570e+04 3.000000e+00
  57284.095560 7.970200e-16 5.912810e+04 3.000000e+00
  57577.065396 7.773600e-16 5.943050e+04 3.000000e+00
  57870.125256 7.300800e-16 5.973300e+04 3.000000e+00
  58163.095092 6.932300e-16 6.003540e+04 3.000000e+00
  58456.064929 7.113600e-16 6.033780e+04 3.000000e+00
  58749.034765 7.679700e-16 6.064020e+04 3.000000e+00
  59042.004602 7.573100e-16 6.094260e+04 3.000000e+00
  59335.064463 7.570100e-16 6.124510e+04 3.000000e+00
  59628.044302 8.839500e-16 6.154750e+04 3.000000e+00
  59921.004137 1.050000e-15 6.184990e+04 3.000000e+00
  60213.983976 1.164100e-15 6.215230e+04 3.000000e+00
  60506.943811 1.207700e-15 6.245470e+04 3.000000e+00
  60800.013675 1.233900e-15 6.275720e+04 3.000000e+00
  61092.983513 1.453700e-15 6.305960e+04 3.000000e+00
  61385.953350 2.004100e-15 6.336200e+04 3.000000e+00
  61678.923188 2.998400e-15 6.366440e+04 3.000000e+00
  61971.883023 3.743500e-15 6.396680e+04 3.000000e+00
  62264.952888 3.849400e-15 6.426930e+04 3.000000e+00
  62557.922726 3.406600e-15 6.457170e+04 3.000000e+00
  62850.892564 2.599400e-15 6.487410e+04 3.000000e+00
  63143.862403 2.296800e-15 6.517650e+04 3.000000e+00
  63436.832241 1.965800e-15 6.547890e+04 3.000000e+00
  63729.902106 1.757000e-15 6.578140e+04 3.000000e+00
  64022.861942 1.526500e-15 6.608380e+04 3.000000e+00
  64315.831781 1.335200e-15 6.638620e+04 3.000000e+00
  64608.811622 1.232000e-15 6.668860e+04 3.000000e+00
  64901.771458 1.144300e-15 6.699100e+04 3.000000e+00
  65194.841325 1.108200e-15 6.729350e+04 3.000000e+00
  65487.811164 1.078200e-15 6.759590e+04 3.000000e+00
  65780.781003 1.051500e-15 6.789830e+04 3.000000e+00
  66073.740839 1.106700e-15 6.820070e+04 3.000000e+00
  66366.720681 1.148600e-15 6.850310e+04 3.000000e+00
  66659.790548 1.132700e-15 6.880560e+04 3.000000e+00
  66952.750384 1.130000e-15 6.910800e+04 3.000000e+00
  67245.720224 1.119900e-15 6.941040e+04 3.000000e+00
  67538.700066 1.105800e-15 6.971280e+04 3.000000e+00
  67831.659903 1.089300e-15 7.001520e+04 3.000000e+00
  68124.729770 1.100000e-15 7.031770e+04 3.000000e+00
  68417.699610 1.152800e-15 7.062010e+04 3.000000e+00
  68710.669450 1.221800e-15 7.092250e+04 3.000000e+00
  69003.629288 1.293800e-15 7.122490e+04 3.000000e+00
  69296.599128 1.374800e-15 7.152730e+04 3.000000e+00
  69589.668995 1.544700e-15 7.182980e+04 3.000000e+00
  69882.638835 1.816500e-15 7.213220e+04 3.000000e+00
  70175.608676 1.667700e-15 7.243460e+04 3.000000e+00
  70468.578516 1.454500e-15 7.273700e+04 3.000000e+00
  70761.548357 1.450900e-15 7.303940e+04 3.000000e+00
  71054.608222 1.484800e-15 7.334190e+04 3.000000e+00
  71347.578062 1.501700e-15 7.364430e+04 3.000000e+00
  71640.557906 1.497900e-15 7.394670e+04 3.000000e+00
  71933.517744 1.560200e-15 7.424910e+04 3.000000e+00
  72226.487585 1.620300e-15 7.455150e+04 3.000000e+00
  72519.557453 1.673100e-15 7.485400e+04 3.000000e+00
  72812.517291 1.796600e-15 7.515640e+04 3.000000e+00
  73105.487132 1.902200e-15 7.545880e+04 3.000000e+00
  73398.456974 2.003400e-15 7.576120e+04 3.000000e+00
  73984.396656 2.331100e-15 7.636600e+04 3.000000e+00
  74570.436366 2.874600e-15 7.697090e+04 3.000000e+00
  75156.366046 3.417500e-15 7.757570e+04 3.000000e+00
  75742.315732 3.955200e-15 7.818050e+04 3.000000e+00
  76328.345440 4.162200e-15 7.878540e+04 3.000000e+00
  76914.285124 4.037600e-15 7.939020e+04 3.000000e+00
  77500.324835 3.857200e-15 7.999510e+04 3.000000e+00
  78086.254517 3.705700e-15 8.059990e+04 3.000000e+00
  78672.204204 3.434500e-15 8.120470e+04 3.000000e+00
  79258.223910 3.048700e-15 8.180959e+04 3.000000e+00
  79844.173598 2.624000e-15 8.241440e+04 3.000000e+00
  80430.113283 2.259800e-15 8.301920e+04 3.000000e+00
  81016.132990 1.979300e-15 8.362409e+04 3.000000e+00
  81602.082678 1.790000e-15 8.422890e+04 3.000000e+00
  82188.012361 1.750200e-15 8.483370e+04 3.000000e+00
  82774.062077 1.727500e-15 8.543860e+04 3.000000e+00
  83359.991760 1.725300e-15 8.604340e+04 3.000000e+00
  83946.031473 1.739900e-15 8.664830e+04 3.000000e+00
  84531.971160 1.788200e-15 8.725310e+04 3.000000e+00
  85117.910846 1.944400e-15 8.785791e+04 3.000000e+00
  85703.940558 2.030300e-15 8.846280e+04 3.000000e+00
  86289.880244 1.973200e-15 8.906760e+04 3.000000e+00
  86875.819932 1.725100e-15 8.967241e+04 3.000000e+00
  87461.849643 1.408900e-15 9.027730e+04 3.000000e+00
  88047.789331 1.132900e-15 9.088210e+04 3.000000e+00
  88633.729018 9.097400e-16 9.148690e+04 3.000000e+00
  89219.758730 7.926900e-16 9.209180e+04 3.000000e+00
  89805.708421 7.288300e-16 9.269660e+04 3.000000e+00
  90391.738133 6.549100e-16 9.330150e+04 3.000000e+00
  90977.677821 5.848300e-16 9.390630e+04 3.000000e+00
  91563.617510 5.452200e-16 9.451110e+04 3.000000e+00
  92149.637220 5.381300e-16 9.511599e+04 3.000000e+00
  92735.586911 5.216000e-16 9.572080e+04 3.000000e+00
  93321.526600 4.945900e-16 9.632560e+04 3.000000e+00
  93907.556313 4.839600e-16 9.693050e+04 3.000000e+00
  94493.496002 4.682400e-16 9.753530e+04 3.000000e+00
  95079.435691 4.656600e-16 9.814009e+04 3.000000e+00
  95665.475407 4.709900e-16 9.874500e+04 3.000000e+00
  96251.415097 4.855900e-16 9.934980e+04 3.000000e+00
  96837.444810 4.754500e-16 9.995470e+04 3.000000e+00
  97423.384500 4.314000e-16 1.005595e+05 3.000000e+00
  98009.324190 4.153700e-16 1.011643e+05 3.000000e+00
  98595.363907 4.010400e-16 1.017692e+05 3.000000e+00
  99181.293594 3.914200e-16 1.023740e+05 3.000000e+00
  99767.243286 3.861000e-16 1.029788e+05 3.000000e+00
 100353.262998 3.857500e-16 1.035837e+05 3.000000e+00
 100939.212691 3.888800e-16 1.041885e+05 3.000000e+00
 101525.142379 3.829900e-16 1.047933e+05 3.000000e+00
 102111.172093 3.698400e-16 1.053982e+05 3.000000e+00
 102697.121787 3.787600e-16 1.060030e+05 3.000000e+00
 103283.161504 3.831000e-16 1.066079e+05 3.000000e+00
 103869.091192 3.878700e-16 1.072127e+05 3.000000e+00
 104455.030883 4.127000e-16 1.078175e+05 3.000000e+00
 105041.070601 4.614900e-16 1.084224e+05 3.000000e+00
 105627.010292 4.971200e-16 1.090272e+05 3.000000e+00
 106212.939980 5.307200e-16 1.096320e+05 3.000000e+00
 106798.979699 5.239400e-16 1.102369e+05 3.000000e+00
 107384.919390 5.231400e-16 1.108417e+05 3.000000e+00
 107970.859081 5.215400e-16 1.114465e+05 3.000000e+00
 108556.888797 5.346300e-16 1.120514e+05 3.000000e+00
 109142.828488 6.016200e-16 1.126562e+05 3.000000e+00
 109728.868207 7.120100e-16 1.132611e+05 3.000000e+00
 110314.797896 8.314700e-16 1.138659e+05 3.000000e+00
 110900.747590 9.553600e-16 1.144707e+05 3.000000e+00
 111486.777307 1.398900e-15 1.150756e+05 3.000000e+00
 112072.716999 2.144900e-15 1.156804e+05 3.000000e+00
 112658.656690 2.224100e-15 1.162852e+05 3.000000e+00
 113244.676404 1.885100e-15 1.168901e+05 3.000000e+00
 113830.626099 1.520200e-15 1.174949e+05 3.000000e+00
 114416.555788 1.242400e-15 1.180997e+05 3.000000e+00
 115002.595508 1.043500e-15 1.187046e+05 3.000000e+00
 115588.535200 9.139600e-16 1.193094e+05 3.000000e+00
 116174.574920 8.108900e-16 1.199143e+05 3.000000e+00
 116760.514612 7.404000e-16 1.205191e+05 3.000000e+00
 117346.444302 7.134800e-16 1.211239e+05 3.000000e+00
 117932.484022 7.142900e-16 1.217288e+05 3.000000e+00
 118518.423714 7.449800e-16 1.223336e+05 3.000000e+00
 119104.363407 8.084500e-16 1.229384e+05 3.000000e+00
 119690.393124 8.280000e-16 1.235433e+05 3.000000e+00
 120276.332817 8.046900e-16 1.241481e+05 3.000000e+00
 120862.282512 7.704800e-16 1.247529e+05 3.000000e+00
 121448.302227 7.529800e-16 1.253578e+05 3.000000e+00
 122034.251923 7.532400e-16 1.259626e+05 3.000000e+00
 122620.281640 7.940000e-16 1.265675e+05 3.000000e+00
 123206.221333 8.223600e-16 1.271723e+05 3.000000e+00
 123792.161026 8.466300e-16 1.277771e+05 3.000000e+00
 124378.190744 8.844200e-16 1.283820e+05 3.000000e+00
 124964.130437 9.372400e-16 1.289868e+05 3.000000e+00
 125550.070131 9.927800e-16 1.295916e+05 3.000000e+00
 126136.109851 1.050100e-15 1.301965e+05 3.000000e+00
 126722.039542 1.095100e-15 1.308013e+05 3.000000e+00
 127307.979235 1.202900e-15 1.314061e+05 3.000000e+00
 127894.018956 1.531100e-15 1.320110e+05 3.000000e+00
 128479.948647 1.489400e-15 1.326158e+05 3.000000e+00
 129065.888340 8.504400e-16 1.332206e+05 3.000000e+00
 129651.928061 6.382800e-16 1.338255e+05 3.000000e+00
 130237.867755 5.890900e-16 1.344303e+05 3.000000e+00
 130823.907476 5.735800e-16 1.350352e+05 3.000000e+00
 131409.837167 5.674400e-16 1.356400e+05 3.000000e+00
 131995.776861 5.493800e-16 1.362448e+05 3.000000e+00
 132581.816582 5.476700e-16 1.368497e+05 3.000000e+00
 133167.756276 5.559700e-16 1.374545e+05 3.000000e+00
 133753.685967 5.430400e-16 1.380593e+05 3.000000e+00
 134339.725688 5.280900e-16 1.386642e+05 3.000000e+00
 134925.665382 5.231800e-16 1.392690e+05 3.000000e+00
 135511.595074 5.214400e-16 1.398738e+05 3.000000e+00
 136097.644798 5.105600e-16 1.404787e+05 3.000000e+00
 136683.574489 4.920000e-16 1.410835e+05 3.000000e+00
 137269.614211 4.726100e-16 1.416884e+05 3.000000e+00
 137855.553905 4.496700e-16 1.422932e+05 3.000000e+00
 138441.483597 4.375000e-16 1.428980e+05 3.000000e+00
 139027.523318 4.330700e-16 1.435029e+05 3.000000e+00
 139613.463013 4.300900e-16 1.441077e+05 3.000000e+00
 140199.402707 4.188900e-16 1.447125e+05 3.000000e+00
 141227.883013 4.383200e-16 1.457741e+05 3.000000e+00
 142048.286610 4.454500e-16 1.466209e+05 3.000000e+00
 142868.680203 4.281100e-16 1.474677e+05 3.000000e+00
 143689.063794 4.032700e-16 1.483145e+05 3.000000e+00
 144509.357361 3.851100e-16 1.491612e+05 3.000000e+00
 145329.750955 3.631000e-16 1.500080e+05 3.000000e+00
 146150.134546 3.513300e-16 1.508548e+05 3.000000e+00
 146970.438116 3.503500e-16 1.517015e+05 3.000000e+00
 147790.821707 3.458300e-16 1.525483e+05 3.000000e+00
 148611.215301 3.357600e-16 1.533951e+05 3.000000e+00
 149431.508868 3.288900e-16 1.542418e+05 3.000000e+00
 150251.892460 3.292000e-16 1.550886e+05 3.000000e+00
 151072.296057 3.299000e-16 1.559354e+05 3.000000e+00
 151892.599626 3.291000e-16 1.567821e+05 3.000000e+00
 152712.983218 3.340600e-16 1.576289e+05 3.000000e+00
 153533.376813 3.361200e-16 1.584757e+05 3.000000e+00
 154353.650375 3.525300e-16 1.593224e+05 3.000000e+00
 155174.053972 4.479100e-16 1.601692e+05 3.000000e+00
 155994.447567 4.696600e-16 1.610160e+05 3.000000e+00
 156814.831159 3.732600e-16 1.618628e+05 3.000000e+00
 157635.134729 3.589000e-16 1.627095e+05 3.000000e+00
 158455.538326 3.592400e-16 1.635563e+05 3.000000e+00
 159275.911916 3.676000e-16 1.644031e+05 3.000000e+00
 160096.215486 3.693400e-16 1.652498e+05 3.000000e+00
 160916.589076 3.708800e-16 1.660966e+05 3.000000e+00
 161736.982671 3.846300e-16 1.669434e+05 3.000000e+00
 162557.296244 4.116000e-16 1.677901e+05 3.000000e+00
 163377.669834 4.778800e-16 1.686369e+05 3.000000e+00
 164198.073432 5.418900e-16 1.694837e+05 3.000000e+00
 165018.356997 5.682900e-16 1.703304e+05 3.000000e+00
 165838.750592 5.185300e-16 1.711772e+05 3.000000e+00
 166659.144187 5.042900e-16 1.720240e+05 3.000000e+00
 167479.427753 5.217900e-16 1.728707e+05 3.000000e+00
 168299.831351 5.213900e-16 1.737175e+05 3.000000e+00
 169120.214944 5.331800e-16 1.745643e+05 3.000000e+00
 169940.608539 5.924000e-16 1.754111e+05 3.000000e+00
 170760.902107 5.923300e-16 1.762578e+05 3.000000e+00
 171581.305706 5.503400e-16 1.771046e+05 3.000000e+00
 172401.679296 5.124300e-16 1.779514e+05 3.000000e+00
 173221.992870 5.127500e-16 1.787981e+05 3.000000e+00
 174042.376463 5.130600e-16 1.796449e+05 3.000000e+00
 174862.770058 4.688400e-16 1.804917e+05 3.000000e+00
 175683.063627 4.178000e-16 1.813384e+05 3.000000e+00
 176503.437217 3.927300e-16 1.821852e+05 3.000000e+00
 177323.840816 4.004100e-16 1.830320e+05 3.000000e+00
 178144.134384 3.880300e-16 1.838787e+05 3.000000e+00
 178964.527980 3.875300e-16 1.847255e+05 3.000000e+00
 179784.911574 3.674100e-16 1.855723e+05 3.000000e+00
 180605.195140 3.566200e-16 1.864190e+05 3.000000e+00
 181425.598738 3.512800e-16 1.872658e+05 3.000000e+00
 182246.002337 3.492100e-16 1.881126e+05 3.000000e+00
 183066.385930 3.485900e-16 1.889594e+05 3.000000e+00
 183886.669497 3.523800e-16 1.898061e+05 3.000000e+00
 184707.073095 3.534500e-16 1.906529e+05 3.000000e+00
 185527.446686 3.646200e-16 1.914997e+05 3.000000e+00
 186347.760261 4.024100e-16 1.923464e+05 3.000000e+00
 187168.153857 5.649000e-16 1.931932e+05 3.000000e+00
 187988.537450 4.882300e-16 1.940400e+05 3.000000e+00
 188808.831019 3.849900e-16 1.948867e+05 3.000000e+00
 189629.234619 3.683800e-16 1.957335e+05 3.000000e+00
 190449.608209 3.572500e-16 1.965803e+05 3.000000e+00
 191269.911781 3.578500e-16 1.974270e+05 3.000000e+00
 192090.295375 3.506500e-16 1.982738e+05 3.000000e+00
 192910.688972 3.482100e-16 1.991206e+05 3.000000e+00
 193730.992544 3.461600e-16 1.999673e+05 3.000000e+00
 194551.366135 3.446200e-16 2.008141e+05 3.000000e+00
 195371.769734 3.494600e-16 2.016609e+05 3.000000e+00
 196192.163330 3.474000e-16 2.025077e+05 3.000000e+00
 197012.446897 3.402300e-16 2.033544e+05 3.000000e+00
 197832.850496 3.402900e-16 2.042012e+05 3.000000e+00
 199473.527660 3.259200e-16 2.058947e+05 3.000000e+00
 201114.304851 3.488400e-16 2.075883e+05 3.000000e+00
 202755.012022 3.413900e-16 2.092818e+05 3.000000e+00
 204395.679183 3.363500e-16 2.109753e+05 3.000000e+00
 206036.456374 3.464200e-16 2.126689e+05 3.000000e+00
 207677.143541 3.518800e-16 2.143624e+05 3.000000e+00
 209317.930735 3.497600e-16 2.160560e+05 3.000000e+00
 210958.617901 3.537000e-16 2.177495e+05 3.000000e+00
 212599.305068 3.542900e-16 2.194430e+05 3.000000e+00
 214240.092263 3.560800e-16 2.211366e+05 3.000000e+00
 215880.779430 3.576400e-16 2.228301e+05 3.000000e+00
 217521.446591 3.585700e-16 2.245236e+05 3.000000e+00
 219162.223783 3.676500e-16 2.262172e+05 3.000000e+00
 220802.920953 3.654500e-16 2.279107e+05 3.000000e+00
 222443.698145 3.656100e-16 2.296043e+05 3.000000e+00
 224084.385312 3.708400e-16 2.312978e+05 3.000000e+00
 225725.072480 3.782800e-16 2.329913e+05 3.000000e+00
 227365.859674 3.835400e-16 2.346849e+05 3.000000e+00
 229006.546842 3.925600e-16 2.363784e+05 3.000000e+00
 230647.234010 3.887200e-16 2.380719e+05 3.000000e+00
 232287.991197 3.884700e-16 2.397655e+05 3.000000e+00
 233928.698370 3.916200e-16 2.414590e+05 3.000000e+00
 235569.475562 3.994100e-16 2.431526e+05 3.000000e+00
 237210.152728 4.046600e-16 2.448461e+05 3.000000e+00
 238850.839896 4.025500e-16 2.465396e+05 3.000000e+00
 240491.637094 3.991000e-16 2.482332e+05 3.000000e+00
 242132.324262 3.970800e-16 2.499267e+05 3.000000e+00
 243773.001427 4.005600e-16 2.516202e+05 3.000000e+00
 245413.798625 4.007900e-16 2.533138e+05 3.000000e+00
 247054.485794 3.965400e-16 2.550073e+05 3.000000e+00
 248695.242981 3.984000e-16 2.567009e+05 3.000000e+00
 250335.930150 4.009800e-16 2.583944e+05 3.000000e+00
 251976.617318 4.052100e-16 2.600879e+05 3.000000e+00
 253617.404514 4.083600e-16 2.617815e+05 3.000000e+00
 255258.091682 4.037100e-16 2.634750e+05 3.000000e+00
 256898.778851 4.099300e-16 2.651685e+05 3.000000e+00
 258539.556044 4.278400e-16 2.668621e+05 3.000000e+00
 260180.233210 4.263700e-16 2.685556e+05 3.000000e+00
 261821.010404 4.208100e-16 2.702492e+05 3.000000e+00
 263461.697572 4.157600e-16 2.719427e+05 3.000000e+00
 265102.414749 4.145900e-16 2.736362e+05 3.000000e+00
 266743.191943 4.169300e-16 2.753298e+05 3.000000e+00
 268383.849104 4.209600e-16 2.770233e+05 3.000000e+00
 270024.526270 4.217500e-16 2.787168e+05 3.000000e+00
 271665.333472 4.214900e-16 2.804104e+05 3.000000e+00
 273306.020641 4.237800e-16 2.821039e+05 3.000000e+00
 274946.797834 4.253500e-16 2.837975e+05 3.000000e+00
 276587.485003 4.309000e-16 2.854910e+05 3.000000e+00
 278228.172173 4.314900e-16 2.871845e+05 3.000000e+00
 279868.949366 4.284000e-16 2.888781e+05 3.000000e+00
 281509.626533 4.322900e-16 2.905716e+05 3.000000e+00
 283150.313702 4.313100e-16 2.922651e+05 3.000000e+00
 284791.090896 4.352600e-16 2.939587e+05 3.000000e+00
 286431.778065 4.367400e-16 2.956522e+05 3.000000e+00
 288072.555259 4.379200e-16 2.973458e+05 3.000000e+00
 289713.272437 4.366700e-16 2.990393e+05 3.000000e+00
 291353.959606 4.336400e-16 3.007328e+05 3.000000e+00
 292994.726798 4.394500e-16 3.024264e+05 3.000000e+00
 294635.413967 4.442300e-16 3.041199e+05 3.000000e+00
 296276.101137 4.437800e-16 3.058134e+05 3.000000e+00
 297916.878331 4.467800e-16 3.075070e+05 3.000000e+00
 299557.565501 4.466500e-16 3.092005e+05 3.000000e+00
 301198.342695 4.464500e-16 3.108941e+05 3.000000e+00
 302839.029865 4.473100e-16 3.125876e+05 3.000000e+00
 304479.707032 4.500400e-16 3.142811e+05 3.000000e+00
 306120.484226 4.620400e-16 3.159747e+05 3.000000e+00
 307761.201404 4.537800e-16 3.176682e+05 3.000000e+00
 309401.888574 4.547200e-16 3.193617e+05 3.000000e+00
 311042.665768 4.566500e-16 3.210553e+05 3.000000e+00
 312683.322930 4.700900e-16 3.227488e+05 3.000000e+00
 314324.130132 4.795000e-16 3.244424e+05 3.000000e+00
 315964.807299 4.754700e-16 3.261359e+05 3.000000e+00
 317605.494469 4.730000e-16 3.278294e+05 3.000000e+00
 319246.271664 4.723700e-16 3.295230e+05 3.000000e+00
 320886.958834 4.863500e-16 3.312165e+05 3.000000e+00
 322527.646004 5.057100e-16 3.329100e+05 3.000000e+00
 324168.453207 5.174000e-16 3.346036e+05 3.000000e+00
 325809.130374 5.064300e-16 3.362971e+05 3.000000e+00
 327449.877560 5.275500e-16 3.379907e+05 3.000000e+00
 329090.564731 5.659200e-16 3.396842e+05 3.000000e+00
 330731.281909 5.274300e-16 3.413777e+05 3.000000e+00
 332372.029095 5.782400e-16 3.430713e+05 3.000000e+00
 334012.716266 6.858600e-16 3.447648e+05 3.000000e+00
 335653.393433 6.566900e-16 3.464583e+05 3.000000e+00
 337294.200636 5.815000e-16 3.481519e+05 3.000000e+00
 338934.857798 5.510200e-16 3.498454e+05 3.000000e+00
