# An Atlas of Galaxy Spectral Energy Distributions from the Ultraviolet to the Mid-Infrared
# Brown et al. (2014)
# http://dx.doi.org/10.5072/03/529D3551F0117
# 
# Column 1 : Restframe Wavelength (Angstrom)
# Column 2 : Flux per unit wavelength (ergs/s/cm^2/Angstrom)
# Column 3 : Observed wavelength (Angstrom)
# Column 4 : Source (0 = model, 1 = Optical Spectrum, 2 = Akari, 3 = Spitzer IRS)
# 
# CONVERTED air -> vacuum (Morton 2000/SDSS) above 2000 A by sedfit; wavelengths below are unchanged (already vacuum by convention).
    100.110000 2.725900e-24 1.025700e+02 0.000000e+00
    101.980000 4.250600e-24 1.044700e+02 0.000000e+00
    104.110000 6.003300e-24 1.066600e+02 0.000000e+00
    106.050000 8.616600e-24 1.086400e+02 0.000000e+00
    108.020000 1.256800e-23 1.106600e+02 0.000000e+00
    110.030000 2.047500e-23 1.127200e+02 0.000000e+00
    113.890000 3.767900e-23 1.166800e+02 0.000000e+00
    117.900000 6.441500e-23 1.207800e+02 0.000000e+00
    120.920000 2.876700e-22 1.238800e+02 0.000000e+00
    124.880000 4.454300e-22 1.279400e+02 0.000000e+00
    126.910000 5.354500e-22 1.300200e+02 0.000000e+00
    128.080000 5.966100e-22 1.312200e+02 0.000000e+00
    131.070000 7.666500e-22 1.342800e+02 0.000000e+00
    131.980000 9.540500e-22 1.352100e+02 0.000000e+00
    134.120000 1.113000e-21 1.374000e+02 0.000000e+00
    136.930000 1.619700e-21 1.402800e+02 0.000000e+00
    140.120000 2.019900e-21 1.435500e+02 0.000000e+00
    143.050000 6.475100e-21 1.465500e+02 0.000000e+00
    147.060000 1.954900e-20 1.506600e+02 0.000000e+00
    150.830000 2.449200e-20 1.545300e+02 0.000000e+00
    155.060000 3.082400e-20 1.588500e+02 0.000000e+00
    159.040000 3.879500e-20 1.629300e+02 0.000000e+00
    161.990000 4.557100e-20 1.659600e+02 0.000000e+00
    166.150000 5.695900e-20 1.702200e+02 0.000000e+00
    170.020000 6.893700e-20 1.741800e+02 0.000000e+00
    173.180000 7.986500e-20 1.774200e+02 0.000000e+00
    176.810000 9.555500e-20 1.811300e+02 0.000000e+00
    180.090000 1.089300e-19 1.845000e+02 0.000000e+00
    182.180000 1.188800e-19 1.866400e+02 0.000000e+00
    185.990000 1.402700e-19 1.905500e+02 0.000000e+00
    191.200000 1.709300e-19 1.958800e+02 0.000000e+00
    193.860000 1.935300e-19 1.986100e+02 0.000000e+00
    197.920000 2.231700e-19 2.027700e+02 0.000000e+00
    202.070000 2.585300e-19 2.070100e+02 0.000000e+00
    204.880000 2.873600e-19 2.098900e+02 0.000000e+00
    210.130000 3.245400e-19 2.152800e+02 0.000000e+00
    216.020000 4.112400e-19 2.213100e+02 0.000000e+00
    220.040000 4.677100e-19 2.254200e+02 0.000000e+00
    223.100000 5.045200e-19 2.285600e+02 0.000000e+00
    227.250000 5.724800e-19 2.328100e+02 0.000000e+00
    229.880000 9.347200e-19 2.355000e+02 0.000000e+00
    234.150000 1.657900e-18 2.398800e+02 0.000000e+00
    240.160000 2.292900e-18 2.460400e+02 0.000000e+00
    245.750000 2.389000e-18 2.517700e+02 0.000000e+00
    252.060000 2.799100e-18 2.582300e+02 0.000000e+00
    256.740000 2.534500e-18 2.630300e+02 0.000000e+00
    259.710000 3.074700e-18 2.660700e+02 0.000000e+00
    263.930000 3.409300e-18 2.704000e+02 0.000000e+00
    268.840000 3.652000e-18 2.754200e+02 0.000000e+00
    273.840000 3.884900e-18 2.805400e+02 0.000000e+00
    278.930000 4.142100e-18 2.857600e+02 0.000000e+00
    284.120000 4.396100e-18 2.910700e+02 0.000000e+00
    290.070000 4.496700e-18 2.971700e+02 0.000000e+00
    296.140000 4.894600e-18 3.033900e+02 0.000000e+00
    300.950000 5.100000e-18 3.083200e+02 0.000000e+00
    307.960000 5.550900e-18 3.155000e+02 0.000000e+00
    318.050000 6.238200e-18 3.258400e+02 0.000000e+00
    327.720000 6.819800e-18 3.357400e+02 0.000000e+00
    337.670000 7.353200e-18 3.459400e+02 0.000000e+00
    347.930000 7.873500e-18 3.564500e+02 0.000000e+00
    356.860000 8.373400e-18 3.655900e+02 0.000000e+00
    366.010000 8.987300e-18 3.749700e+02 0.000000e+00
    375.400000 9.426500e-18 3.845900e+02 0.000000e+00
    385.030000 9.617500e-18 3.944600e+02 0.000000e+00
    394.910000 1.051400e-17 4.045800e+02 0.000000e+00
    405.040000 1.120600e-17 4.149500e+02 0.000000e+00
    414.470000 1.159300e-17 4.246200e+02 0.000000e+00
    422.180000 1.182900e-17 4.325100e+02 0.000000e+00
    430.030000 1.212600e-17 4.405500e+02 0.000000e+00
    441.060000 1.277600e-17 4.518600e+02 0.000000e+00
    451.330000 1.309400e-17 4.623800e+02 0.000000e+00
    459.720000 1.329900e-17 4.709800e+02 0.000000e+00
    470.430000 1.366100e-17 4.819500e+02 0.000000e+00
    480.280000 1.423000e-17 4.920400e+02 0.000000e+00
    490.340000 1.418700e-17 5.023400e+02 0.000000e+00
    499.460000 1.491500e-17 5.116800e+02 0.000000e+00
    506.400000 1.470300e-17 5.188000e+02 0.000000e+00
    512.270000 1.596700e-17 5.248100e+02 0.000000e+00
    520.590000 1.618000e-17 5.333300e+02 0.000000e+00
    530.270000 1.628100e-17 5.432500e+02 0.000000e+00
    540.130000 1.597300e-17 5.533500e+02 0.000000e+00
    550.170000 1.629600e-17 5.636400e+02 0.000000e+00
    560.400000 1.725000e-17 5.741200e+02 0.000000e+00
    569.500000 1.813400e-17 5.834500e+02 0.000000e+00
    580.090000 1.812100e-17 5.942900e+02 0.000000e+00
    589.520000 1.874600e-17 6.039500e+02 0.000000e+00
    600.480000 1.830500e-17 6.151800e+02 0.000000e+00
    610.230000 1.699300e-17 6.251700e+02 0.000000e+00
    620.150000 1.995100e-17 6.353300e+02 0.000000e+00
    630.230000 2.007500e-17 6.456500e+02 0.000000e+00
    640.470000 2.067000e-17 6.561500e+02 0.000000e+00
    649.380000 2.104200e-17 6.652700e+02 0.000000e+00
    658.410000 2.107700e-17 6.745300e+02 0.000000e+00
    664.500000 2.195900e-17 6.807700e+02 0.000000e+00
    675.300000 2.229900e-17 6.918300e+02 0.000000e+00
    684.690000 2.157700e-17 7.014600e+02 0.000000e+00
    694.220000 2.386200e-17 7.112100e+02 0.000000e+00
    705.500000 2.271800e-17 7.227700e+02 0.000000e+00
    715.310000 2.512200e-17 7.328200e+02 0.000000e+00
    725.260000 2.563100e-17 7.430200e+02 0.000000e+00
    735.350000 2.614900e-17 7.533600e+02 0.000000e+00
    745.580000 2.723500e-17 7.638400e+02 0.000000e+00
    754.220000 2.804600e-17 7.726800e+02 0.000000e+00
    764.710000 2.719900e-17 7.834300e+02 0.000000e+00
    775.350000 3.007600e-17 7.943300e+02 0.000000e+00
    784.330000 3.061600e-17 8.035300e+02 0.000000e+00
    795.240000 3.188700e-17 8.147000e+02 0.000000e+00
    804.450000 3.298600e-17 8.241400e+02 0.000000e+00
    815.640000 3.380500e-17 8.356000e+02 0.000000e+00
    825.080000 3.578400e-17 8.452800e+02 0.000000e+00
    834.630000 3.071800e-17 8.550700e+02 0.000000e+00
    844.300000 3.699100e-17 8.649700e+02 0.000000e+00
    854.080000 3.765300e-17 8.749800e+02 0.000000e+00
    865.960000 3.985000e-17 8.871600e+02 0.000000e+00
    875.980000 4.198700e-17 8.974300e+02 0.000000e+00
    884.090000 4.486100e-17 9.057300e+02 0.000000e+00
    894.330000 4.683300e-17 9.162200e+02 0.000000e+00
    904.680000 4.636900e-17 9.268300e+02 0.000000e+00
    915.160000 6.996900e-17 9.375600e+02 0.000000e+00
    925.760000 4.535000e-16 9.484200e+02 0.000000e+00
    934.320000 9.938200e-16 9.571900e+02 0.000000e+00
    945.140000 1.958700e-15 9.682800e+02 0.000000e+00
    956.080000 2.948700e-15 9.794900e+02 0.000000e+00
    964.930000 3.036400e-15 9.885500e+02 0.000000e+00
    976.100000 4.295400e-16 1.000000e+03 0.000000e+00
    985.140000 2.151400e-15 1.009250e+03 0.000000e+00
    994.250000 2.632900e-15 1.018590e+03 0.000000e+00
   1005.760000 4.498600e-15 1.030390e+03 0.000000e+00
   1015.070000 4.568700e-15 1.039920e+03 0.000000e+00
   1024.460000 2.039400e-15 1.049540e+03 0.000000e+00
   1033.940000 2.872100e-15 1.059250e+03 0.000000e+00
   1045.920000 6.454000e-15 1.071520e+03 0.000000e+00
   1055.590000 6.405100e-15 1.081430e+03 0.000000e+00
   1065.360000 4.615500e-15 1.091440e+03 0.000000e+00
   1075.220000 5.887200e-15 1.101540e+03 0.000000e+00
   1085.170000 4.252000e-15 1.111730e+03 0.000000e+00
   1095.210000 6.431000e-15 1.122020e+03 0.000000e+00
   1105.340000 6.208100e-15 1.132400e+03 0.000000e+00
   1115.570000 5.776200e-15 1.142880e+03 0.000000e+00
   1125.890000 5.097000e-15 1.153450e+03 0.000000e+00
   1133.700000 7.212200e-15 1.161450e+03 0.000000e+00
   1144.190000 6.452600e-15 1.172200e+03 0.000000e+00
   1154.770000 7.151600e-15 1.183040e+03 0.000000e+00
   1165.460000 7.397200e-15 1.193990e+03 0.000000e+00
   1176.240000 4.685200e-15 1.205040e+03 0.000000e+00
   1184.400000 7.268900e-15 1.213390e+03 0.000000e+00
   1195.350000 4.346300e-15 1.224620e+03 0.000000e+00
   1203.640000 2.772400e-15 1.233110e+03 0.000000e+00
   1214.780000 2.341600e-15 1.244510e+03 0.000000e+00
   1226.020000 5.013600e-15 1.256030e+03 0.000000e+00
   1234.520000 8.373000e-15 1.264740e+03 0.000000e+00
   1245.940000 9.322200e-15 1.276440e+03 0.000000e+00
   1254.570000 8.694500e-15 1.285290e+03 0.000000e+00
   1266.180000 7.175900e-15 1.297180e+03 0.000000e+00
   1274.960000 1.013000e-14 1.306170e+03 0.000000e+00
   1283.800000 1.087200e-14 1.315220e+03 0.000000e+00
   1295.680000 7.707900e-15 1.327390e+03 0.000000e+00
   1304.660000 7.614600e-15 1.336600e+03 0.000000e+00
   1313.700000 1.055300e-14 1.345860e+03 0.000000e+00
   1325.860000 1.002200e-14 1.358310e+03 0.000000e+00
   1335.050000 8.349800e-15 1.367730e+03 0.000000e+00
   1344.300000 1.097400e-14 1.377210e+03 0.000000e+00
   1353.620000 1.059500e-14 1.386760e+03 0.000000e+00
   1366.140000 9.092500e-15 1.399590e+03 0.000000e+00
   1375.610000 9.848700e-15 1.409290e+03 0.000000e+00
   1385.150000 1.000200e-14 1.419060e+03 0.000000e+00
   1394.750000 8.625100e-15 1.428890e+03 0.000000e+00
   1404.420000 9.025100e-15 1.438800e+03 0.000000e+00
   1414.150000 9.123100e-15 1.448770e+03 0.000000e+00
   1423.960000 9.656600e-15 1.458810e+03 0.000000e+00
   1433.830000 9.539100e-15 1.468930e+03 0.000000e+00
   1440.440000 1.028700e-14 1.475710e+03 0.000000e+00
   1447.090000 1.059500e-14 1.482520e+03 0.000000e+00
   1453.770000 1.018300e-14 1.489360e+03 0.000000e+00
   1463.850000 9.173600e-15 1.499690e+03 0.000000e+00
   1474.000000 9.251500e-15 1.510080e+03 0.000000e+00
   1484.210000 9.613500e-15 1.520550e+03 0.000000e+00
   1494.500000 9.898100e-15 1.531090e+03 0.000000e+00
   1504.860000 9.209100e-15 1.541700e+03 0.000000e+00
   1511.810000 7.906600e-15 1.548820e+03 0.000000e+00
   1515.290000 8.747400e-15 1.552390e+03 0.000000e+00
   1525.800000 8.347100e-15 1.563150e+03 0.000000e+00
   1536.370000 6.985400e-15 1.573980e+03 0.000000e+00
   1543.460000 8.108900e-15 1.581250e+03 0.000000e+00
   1554.160000 7.614100e-15 1.592210e+03 0.000000e+00
   1564.940000 7.713800e-15 1.603250e+03 0.000000e+00
   1575.780000 8.335200e-15 1.614360e+03 0.000000e+00
   1586.710000 8.965200e-15 1.625550e+03 0.000000e+00
   1594.030000 9.169000e-15 1.633050e+03 0.000000e+00
   1605.080000 9.077400e-15 1.644370e+03 0.000000e+00
   1616.210000 9.217200e-15 1.655770e+03 0.000000e+00
   1623.670000 8.577400e-15 1.663410e+03 0.000000e+00
   1634.920000 9.332300e-15 1.674940e+03 0.000000e+00
   1646.250000 9.519500e-15 1.686550e+03 0.000000e+00
   1653.850000 8.657000e-15 1.694340e+03 0.000000e+00
   1665.320000 9.682600e-15 1.706080e+03 0.000000e+00
   1673.000000 8.293500e-15 1.713960e+03 0.000000e+00
   1676.860000 9.718800e-15 1.717910e+03 0.000000e+00
   1684.600000 1.040800e-14 1.725840e+03 0.000000e+00
   1696.280000 9.660000e-15 1.737800e+03 0.000000e+00
   1704.110000 9.198600e-15 1.745820e+03 0.000000e+00
   1715.920000 8.557200e-15 1.757920e+03 0.000000e+00
   1723.840000 8.552100e-15 1.766040e+03 0.000000e+00
   1735.790000 9.304200e-15 1.778280e+03 0.000000e+00
   1743.800000 9.086900e-15 1.786490e+03 0.000000e+00
   1755.890000 9.931500e-15 1.798870e+03 0.000000e+00
   1763.990000 8.907400e-15 1.807170e+03 0.000000e+00
   1776.220000 9.169500e-15 1.819700e+03 0.000000e+00
   1784.420000 9.442200e-15 1.828100e+03 0.000000e+00
   1796.790000 1.034300e-14 1.840770e+03 0.000000e+00
   1805.080000 1.028900e-14 1.849270e+03 0.000000e+00
   1813.410000 9.249500e-15 1.857800e+03 0.000000e+00
   1825.980000 9.565300e-15 1.870680e+03 0.000000e+00
   1834.410000 9.108000e-15 1.879320e+03 0.000000e+00
   1842.880000 8.244000e-15 1.887990e+03 0.000000e+00
   1855.650000 8.198200e-15 1.901080e+03 0.000000e+00
   1864.220000 8.578900e-15 1.909850e+03 0.000000e+00
   1877.140000 9.616200e-15 1.923090e+03 0.000000e+00
   1885.800000 8.683900e-15 1.931970e+03 0.000000e+00
   1894.510000 8.325800e-15 1.940890e+03 0.000000e+00
   1903.250000 8.956400e-15 1.949840e+03 0.000000e+00
   1916.450000 8.525000e-15 1.963360e+03 0.000000e+00
   1925.290000 8.421700e-15 1.972420e+03 0.000000e+00
   1934.180000 8.731700e-15 1.981530e+03 0.000000e+00
   1943.110000 9.158000e-15 1.990670e+03 0.000000e+00
   1956.580000 8.518300e-15 2.004470e+03 0.000000e+00
   1965.610000 9.617200e-15 2.013720e+03 0.000000e+00
   1974.680000 9.925400e-15 2.023020e+03 0.000000e+00
   1983.790000 9.320500e-15 2.032360e+03 0.000000e+00
   1992.950000 9.018500e-15 2.041740e+03 0.000000e+00
   2007.409267 9.390100e-15 2.055890e+03 0.000000e+00
   2016.680906 8.940400e-15 2.065380e+03 0.000000e+00
   2025.982572 9.507000e-15 2.074910e+03 0.000000e+00
   2035.334268 8.927500e-15 2.084490e+03 0.000000e+00
   2044.725991 9.427900e-15 2.094110e+03 0.000000e+00
   2054.167743 8.955600e-15 2.103780e+03 0.000000e+00
   2063.649521 8.949100e-15 2.113490e+03 0.000000e+00
   2073.171324 9.760100e-15 2.123240e+03 0.000000e+00
   2077.952236 9.338900e-15 2.128140e+03 0.000000e+00
   2087.534077 9.862100e-15 2.137960e+03 0.000000e+00
   2097.175946 9.260700e-15 2.147830e+03 0.000000e+00
   2106.857839 9.275100e-15 2.157740e+03 0.000000e+00
   2116.579755 9.418700e-15 2.167700e+03 0.000000e+00
   2126.341694 9.564400e-15 2.177710e+03 0.000000e+00
   2136.153658 8.716200e-15 2.187760e+03 0.000000e+00
   2146.015646 9.119900e-15 2.197860e+03 0.000000e+00
   2155.917655 9.564300e-15 2.208010e+03 0.000000e+00
   2165.869689 9.190000e-15 2.218200e+03 0.000000e+00
   2175.871745 9.119600e-15 2.228440e+03 0.000000e+00
   2185.913823 8.987400e-15 2.238720e+03 0.000000e+00
   2195.995921 9.490600e-15 2.249050e+03 0.000000e+00
   2206.138044 9.182200e-15 2.259440e+03 0.000000e+00
   2216.320187 8.582200e-15 2.269860e+03 0.000000e+00
   2226.542350 8.284200e-15 2.280340e+03 0.000000e+00
   2236.824537 9.097000e-15 2.290870e+03 0.000000e+00
   2247.146743 8.622200e-15 2.301440e+03 0.000000e+00
   2257.518971 8.086700e-15 2.312070e+03 0.000000e+00
   2267.931217 8.355800e-15 2.322740e+03 0.000000e+00
   2273.162350 8.691800e-15 2.328090e+03 0.000000e+00
   2283.654629 9.064500e-15 2.338840e+03 0.000000e+00
   2294.196929 8.483700e-15 2.349630e+03 0.000000e+00
   2304.779248 8.547200e-15 2.360480e+03 0.000000e+00
   2315.421589 7.981100e-15 2.371370e+03 0.000000e+00
   2326.103948 5.851900e-15 2.382320e+03 0.000000e+00
   2336.846330 7.186900e-15 2.393320e+03 0.000000e+00
   2347.628729 6.914800e-15 2.404360e+03 0.000000e+00
   2353.039937 7.760600e-15 2.409910e+03 0.000000e+00
   2363.902367 6.888700e-15 2.421030e+03 0.000000e+00
   2374.814817 7.217400e-15 2.432200e+03 0.000000e+00
   2385.767285 6.555700e-15 2.443430e+03 0.000000e+00
   2396.779774 7.159100e-15 2.454710e+03 0.000000e+00
   2407.842282 6.809300e-15 2.466040e+03 0.000000e+00
   2413.393544 7.099400e-15 2.471720e+03 0.000000e+00
   2424.536082 7.806600e-15 2.483130e+03 0.000000e+00
   2435.728640 7.493800e-15 2.494600e+03 0.000000e+00
   2446.971216 8.089900e-15 2.506110e+03 0.000000e+00
   2458.263811 8.020200e-15 2.517680e+03 0.000000e+00
   2463.925115 7.876000e-15 2.523480e+03 0.000000e+00
   2475.297740 7.525800e-15 2.535130e+03 0.000000e+00
   2486.720383 7.652300e-15 2.546830e+03 0.000000e+00
   2498.203048 7.261700e-15 2.558590e+03 0.000000e+00
   2503.964387 8.359000e-15 2.564480e+03 0.000000e+00
   2515.517078 7.053400e-15 2.576320e+03 0.000000e+00
   2521.318432 7.253100e-15 2.582260e+03 0.000000e+00
   2527.129789 6.912600e-15 2.588210e+03 0.000000e+00
   2532.951151 7.190600e-15 2.594180e+03 0.000000e+00
   2544.643891 7.047100e-15 2.606150e+03 0.000000e+00
   2556.386650 7.947900e-15 2.618180e+03 0.000000e+00
   2568.189428 7.542100e-15 2.630270e+03 0.000000e+00
   2574.110825 8.177400e-15 2.636330e+03 0.000000e+00
   2585.983630 7.995800e-15 2.648500e+03 0.000000e+00
   2597.926457 7.818200e-15 2.660720e+03 0.000000e+00
   2603.907875 7.468400e-15 2.666860e+03 0.000000e+00
   2615.930731 7.336200e-15 2.679170e+03 0.000000e+00
   2628.003604 7.883400e-15 2.691540e+03 0.000000e+00
   2634.065049 8.547500e-15 2.697740e+03 0.000000e+00
   2646.217950 9.684600e-15 2.710190e+03 0.000000e+00
   2658.430871 1.033500e-14 2.722700e+03 0.000000e+00
   2664.562339 8.718700e-15 2.728980e+03 0.000000e+00
   2676.855288 9.369000e-15 2.741570e+03 0.000000e+00
   2683.026770 9.458400e-15 2.747890e+03 0.000000e+00
   2695.409749 8.791500e-15 2.760580e+03 0.000000e+00
   2707.852747 9.317700e-15 2.773320e+03 0.000000e+00
   2714.094253 8.519800e-15 2.779710e+03 0.000000e+00
   2726.627281 8.369000e-15 2.792540e+03 0.000000e+00
   2732.908800 8.990800e-15 2.798980e+03 0.000000e+00
   2745.521855 7.278500e-15 2.811900e+03 0.000000e+00
   2758.194930 7.625800e-15 2.824880e+03 0.000000e+00
   2764.556476 8.154700e-15 2.831390e+03 0.000000e+00
   2777.309577 8.662700e-15 2.844460e+03 0.000000e+00
   2783.711136 7.830300e-15 2.851020e+03 0.000000e+00
   2796.564270 5.984400e-15 2.864180e+03 0.000000e+00
   2803.005842 6.533500e-15 2.870780e+03 0.000000e+00
   2815.949005 8.519100e-15 2.884030e+03 0.000000e+00
   2828.942185 9.498100e-15 2.897340e+03 0.000000e+00
   2835.463783 9.157100e-15 2.904020e+03 0.000000e+00
   2848.546992 8.749900e-15 2.917430e+03 0.000000e+00
   2855.118605 8.019100e-15 2.924150e+03 0.000000e+00
   2868.291843 9.735800e-15 2.937650e+03 0.000000e+00
   2874.913472 1.010400e-14 2.944420e+03 0.000000e+00
   2888.176739 9.834300e-15 2.958010e+03 0.000000e+00
   2894.838382 9.973900e-15 2.964830e+03 0.000000e+00
   2908.191678 1.148400e-14 2.978520e+03 0.000000e+00
   2928.356663 1.080100e-14 2.999160e+03 0.000000e+00
   2948.651690 1.056400e-14 3.019950e+03 0.000000e+00
   2969.086761 1.104600e-14 3.040890e+03 0.000000e+00
   2989.671879 1.110700e-14 3.061960e+03 0.000000e+00
   3010.397042 1.142700e-14 3.083190e+03 0.000000e+00
   3031.262248 1.151600e-14 3.104560e+03 0.000000e+00
   3052.267498 1.160600e-14 3.126080e+03 0.000000e+00
   3073.422794 1.185900e-14 3.147750e+03 0.000000e+00
   3087.606350 1.208600e-14 3.162280e+03 0.000000e+00
   3109.011723 1.232100e-14 3.184200e+03 0.000000e+00
   3130.567142 1.207900e-14 3.206270e+03 0.000000e+00
   3152.262605 1.217300e-14 3.228490e+03 0.000000e+00
   3174.108114 1.240900e-14 3.250870e+03 0.000000e+00
   3188.761814 1.145500e-14 3.265880e+03 0.000000e+00
   3210.867402 1.225600e-14 3.288520e+03 0.000000e+00
   3233.123036 1.121300e-14 3.311310e+03 0.000000e+00
   3248.046818 1.279200e-14 3.326600e+03 0.000000e+00
   3270.552528 1.371900e-14 3.349660e+03 0.000000e+00
   3293.228288 1.357300e-14 3.372870e+03 0.000000e+00
   3308.422152 1.351800e-14 3.388440e+03 0.000000e+00
   3323.696040 1.330900e-14 3.404080e+03 0.000000e+00
   3331.357991 1.390800e-14 3.411930e+03 0.000000e+00
   3339.039948 1.298300e-14 3.419790e+03 0.000000e+00
   3346.731909 1.347400e-14 3.427680e+03 0.000000e+00
   3354.453878 1.287200e-14 3.435580e+03 0.000000e+00
   3362.185851 1.314500e-14 3.443500e+03 0.000000e+00
   3369.937829 1.323900e-14 3.451440e+03 0.000000e+00
   3377.699811 1.224600e-14 3.459390e+03 0.000000e+00
   3385.491801 1.259200e-14 3.467370e+03 0.000000e+00
   3393.293794 1.406800e-14 3.475360e+03 0.000000e+00
   3401.115793 1.490500e-14 3.483370e+03 0.000000e+00
   3408.957799 1.359800e-14 3.491400e+03 0.000000e+00
   3416.809807 1.375900e-14 3.499450e+03 0.000000e+00
   3424.691824 1.498600e-14 3.507520e+03 0.000000e+00
   3432.583844 1.471700e-14 3.515600e+03 0.000000e+00
   3440.495871 1.458600e-14 3.523710e+03 0.000000e+00
   3448.427903 1.236100e-14 3.531830e+03 0.000000e+00
   3456.379941 1.362000e-14 3.539970e+03 0.000000e+00
   3464.341982 1.248200e-14 3.548130e+03 0.000000e+00
   3472.334032 1.407400e-14 3.556310e+03 0.000000e+00
   3480.336084 1.232000e-14 3.564510e+03 0.000000e+00
   3488.358143 1.336500e-14 3.572730e+03 0.000000e+00
   3496.400208 1.325300e-14 3.580960e+03 0.000000e+00
   3504.462279 1.454300e-14 3.589220e+03 0.000000e+00
   3512.534353 1.415800e-14 3.597490e+03 0.000000e+00
   3520.636435 1.430100e-14 3.605790e+03 0.000000e+00
   3528.748520 1.287400e-14 3.614100e+03 0.000000e+00
   3536.880612 1.439000e-14 3.622430e+03 0.000000e+00
   3545.032709 1.557400e-14 3.630780e+03 0.000000e+00
   3553.204812 1.555100e-14 3.639150e+03 0.000000e+00
   3561.396921 1.521000e-14 3.647540e+03 0.000000e+00
   3569.609036 1.366100e-14 3.655950e+03 0.000000e+00
   3577.831155 1.326900e-14 3.664370e+03 0.000000e+00
   3586.083281 1.208300e-14 3.672820e+03 0.000000e+00
   3586.843477 1.344000e-14 3.673600e+03 1.000000e+00
   3589.524168 1.488900e-14 3.676350e+03 1.000000e+00
   3592.214862 1.190900e-14 3.679100e+03 1.000000e+00
   3594.895553 6.391800e-15 3.681850e+03 1.000000e+00
   3597.586247 1.506200e-14 3.684600e+03 1.000000e+00
   3600.266938 1.966400e-14 3.687350e+03 1.000000e+00
   3602.947629 1.118600e-14 3.690100e+03 1.000000e+00
   3605.638323 1.425400e-14 3.692850e+03 1.000000e+00
   3608.319015 8.186200e-15 3.695600e+03 1.000000e+00
   3611.009709 1.199300e-14 3.698350e+03 1.000000e+00
   3613.690401 1.667200e-14 3.701100e+03 1.000000e+00
   3616.381095 1.321300e-14 3.703850e+03 1.000000e+00
   3619.061787 1.757400e-14 3.706600e+03 1.000000e+00
   3621.742479 1.381100e-14 3.709350e+03 1.000000e+00
   3624.433173 1.222100e-14 3.712100e+03 1.000000e+00
   3627.113865 1.145300e-14 3.714850e+03 1.000000e+00
   3629.804560 1.495500e-14 3.717600e+03 1.000000e+00
   3632.485252 1.729700e-14 3.720350e+03 1.000000e+00
   3635.175947 1.591000e-14 3.723100e+03 1.000000e+00
   3637.856639 1.483900e-14 3.725850e+03 1.000000e+00
   3640.547334 1.698400e-14 3.728600e+03 1.000000e+00
   3643.228026 1.464300e-14 3.731350e+03 1.000000e+00
   3645.908719 1.995800e-14 3.734100e+03 1.000000e+00
   3648.599414 1.724100e-14 3.736850e+03 1.000000e+00
   3651.280106 1.535000e-14 3.739600e+03 1.000000e+00
   3653.970802 1.449500e-14 3.742350e+03 1.000000e+00
   3656.651495 1.273800e-14 3.745100e+03 1.000000e+00
   3659.342190 1.354100e-14 3.747850e+03 1.000000e+00
   3662.022883 1.953900e-14 3.750600e+03 1.000000e+00
   3664.703576 1.285900e-14 3.753350e+03 1.000000e+00
   3667.394271 1.883100e-14 3.756100e+03 1.000000e+00
   3670.074964 1.579900e-14 3.758850e+03 1.000000e+00
   3672.765660 1.324500e-14 3.761600e+03 1.000000e+00
   3675.446353 2.039700e-14 3.764350e+03 1.000000e+00
   3678.137049 1.413900e-14 3.767100e+03 1.000000e+00
   3680.817743 1.272700e-14 3.769850e+03 1.000000e+00
   3683.498436 1.320800e-14 3.772600e+03 1.000000e+00
   3686.189132 1.262000e-14 3.775350e+03 1.000000e+00
   3688.869826 1.610500e-14 3.778100e+03 1.000000e+00
   3691.560522 1.598100e-14 3.780850e+03 1.000000e+00
   3694.241216 1.224400e-14 3.783600e+03 1.000000e+00
   3696.931912 1.381400e-14 3.786350e+03 1.000000e+00
   3699.612606 1.525900e-14 3.789100e+03 1.000000e+00
   3702.293300 1.468500e-14 3.791850e+03 1.000000e+00
   3704.983996 1.399800e-14 3.794600e+03 1.000000e+00
   3707.664690 2.130700e-14 3.797350e+03 1.000000e+00
   3710.355387 1.892500e-14 3.800100e+03 1.000000e+00
   3713.036081 1.992700e-14 3.802850e+03 1.000000e+00
   3715.726778 2.023800e-14 3.805600e+03 1.000000e+00
   3718.407472 2.917300e-14 3.808350e+03 1.000000e+00
   3721.088167 3.335200e-14 3.811100e+03 1.000000e+00
   3723.778864 4.595500e-14 3.813850e+03 1.000000e+00
   3726.459558 6.184500e-14 3.816600e+03 1.000000e+00
   3729.150255 6.703600e-14 3.819350e+03 1.000000e+00
   3731.830950 6.391900e-14 3.822100e+03 1.000000e+00
   3734.521647 5.136700e-14 3.824850e+03 1.000000e+00
   3737.202342 3.615300e-14 3.827600e+03 1.000000e+00
   3739.883036 2.870700e-14 3.830350e+03 1.000000e+00
   3742.573734 1.675000e-14 3.833100e+03 1.000000e+00
   3745.254429 1.928800e-14 3.835850e+03 1.000000e+00
   3747.945126 1.541700e-14 3.838600e+03 1.000000e+00
   3750.625821 1.432400e-14 3.841350e+03 1.000000e+00
   3753.316519 1.230700e-14 3.844100e+03 1.000000e+00
   3755.997214 1.429900e-14 3.846850e+03 1.000000e+00
   3758.677909 1.618000e-14 3.849600e+03 1.000000e+00
   3761.368607 1.284700e-14 3.852350e+03 1.000000e+00
   3764.049303 1.416500e-14 3.855100e+03 1.000000e+00
   3766.740001 1.471700e-14 3.857850e+03 1.000000e+00
   3769.420696 2.041400e-14 3.860600e+03 1.000000e+00
   3772.111394 1.766900e-14 3.863350e+03 1.000000e+00
   3774.792090 1.594900e-14 3.866100e+03 1.000000e+00
   3777.472785 2.021800e-14 3.868850e+03 1.000000e+00
   3780.163484 2.176400e-14 3.871600e+03 1.000000e+00
   3782.844180 2.216400e-14 3.874350e+03 1.000000e+00
   3785.534878 2.009900e-14 3.877100e+03 1.000000e+00
   3788.215574 1.956200e-14 3.879850e+03 1.000000e+00
   3790.906272 1.726900e-14 3.882600e+03 1.000000e+00
   3793.586968 1.758500e-14 3.885350e+03 1.000000e+00
   3796.267664 1.437100e-14 3.888100e+03 1.000000e+00
   3798.958363 1.670100e-14 3.890850e+03 1.000000e+00
   3801.639059 1.681000e-14 3.893600e+03 1.000000e+00
   3804.329758 1.630700e-14 3.896350e+03 1.000000e+00
   3807.010454 2.052000e-14 3.899100e+03 1.000000e+00
   3809.701153 2.102800e-14 3.901850e+03 1.000000e+00
   3812.381850 1.991600e-14 3.904600e+03 1.000000e+00
   3815.062546 1.925100e-14 3.907350e+03 1.000000e+00
   3817.753245 1.825800e-14 3.910100e+03 1.000000e+00
   3820.433942 1.940200e-14 3.912850e+03 1.000000e+00
   3823.124641 1.852200e-14 3.915600e+03 1.000000e+00
   3825.805338 1.862900e-14 3.918350e+03 1.000000e+00
   3828.496037 1.431900e-14 3.921100e+03 1.000000e+00
   3831.176734 1.407100e-14 3.923850e+03 1.000000e+00
   3833.857431 1.445900e-14 3.926600e+03 1.000000e+00
   3836.548130 1.535000e-14 3.929350e+03 1.000000e+00
   3839.228827 1.256000e-14 3.932100e+03 1.000000e+00
   3841.919527 1.792400e-14 3.934850e+03 1.000000e+00
   3844.600224 1.793800e-14 3.937600e+03 1.000000e+00
   3847.290924 2.015200e-14 3.940350e+03 1.000000e+00
   3849.971621 1.977800e-14 3.943100e+03 1.000000e+00
   3852.652318 2.110400e-14 3.945850e+03 1.000000e+00
   3855.343018 2.094700e-14 3.948600e+03 1.000000e+00
   3858.023716 2.075100e-14 3.951350e+03 1.000000e+00
   3860.714416 1.970600e-14 3.954100e+03 1.000000e+00
   3863.395113 1.982300e-14 3.956850e+03 1.000000e+00
   3866.085813 2.503900e-14 3.959600e+03 1.000000e+00
   3868.766511 2.419400e-14 3.962350e+03 1.000000e+00
   3871.447208 2.601400e-14 3.965100e+03 1.000000e+00
   3874.137909 2.470900e-14 3.967850e+03 1.000000e+00
   3876.818607 2.250600e-14 3.970600e+03 1.000000e+00
   3879.509307 2.008100e-14 3.973350e+03 1.000000e+00
   3882.190005 1.684300e-14 3.976100e+03 1.000000e+00
   3884.880705 1.523700e-14 3.978850e+03 1.000000e+00
   3887.561403 1.678700e-14 3.981600e+03 1.000000e+00
   3890.242101 1.665300e-14 3.984350e+03 1.000000e+00
   3892.932802 1.769100e-14 3.987100e+03 1.000000e+00
   3895.613500 1.705500e-14 3.989850e+03 1.000000e+00
   3898.304201 2.003200e-14 3.992600e+03 1.000000e+00
   3900.984899 2.449000e-14 3.995350e+03 1.000000e+00
   3903.675600 2.131000e-14 3.998100e+03 1.000000e+00
   3906.356298 2.213500e-14 4.000850e+03 1.000000e+00
   3909.036997 1.925200e-14 4.003600e+03 1.000000e+00
   3911.727698 2.178000e-14 4.006350e+03 1.000000e+00
   3914.408396 2.389700e-14 4.009100e+03 1.000000e+00
   3917.099098 2.307700e-14 4.011850e+03 1.000000e+00
   3919.779796 2.263900e-14 4.014600e+03 1.000000e+00
   3922.470497 2.373700e-14 4.017350e+03 1.000000e+00
   3925.151196 2.281300e-14 4.020100e+03 1.000000e+00
   3927.831895 1.992700e-14 4.022850e+03 1.000000e+00
   3930.522596 1.828600e-14 4.025600e+03 1.000000e+00
   3933.203295 1.481300e-14 4.028350e+03 1.000000e+00
   3935.893997 1.551400e-14 4.031100e+03 1.000000e+00
   3938.574696 1.805700e-14 4.033850e+03 1.000000e+00
   3941.265397 1.758200e-14 4.036600e+03 1.000000e+00
   3943.946096 2.014400e-14 4.039350e+03 1.000000e+00
   3946.626796 2.145800e-14 4.042100e+03 1.000000e+00
   3949.317497 2.164100e-14 4.044850e+03 1.000000e+00
   3951.998197 2.331500e-14 4.047600e+03 1.000000e+00
   3954.688898 2.191200e-14 4.050350e+03 1.000000e+00
   3957.369598 2.023800e-14 4.053100e+03 1.000000e+00
   3960.060300 1.813400e-14 4.055850e+03 1.000000e+00
   3962.740999 2.019500e-14 4.058600e+03 1.000000e+00
   3965.421699 1.648000e-14 4.061350e+03 1.000000e+00
   3968.112401 1.336400e-14 4.064100e+03 1.000000e+00
   3970.793100 1.504400e-14 4.066850e+03 1.000000e+00
   3973.483803 1.596900e-14 4.069600e+03 1.000000e+00
   3976.164502 2.003500e-14 4.072350e+03 1.000000e+00
   3978.855205 2.117600e-14 4.075100e+03 1.000000e+00
   3981.535904 2.081500e-14 4.077850e+03 1.000000e+00
   3984.216604 2.390200e-14 4.080600e+03 1.000000e+00
   3986.907307 2.522900e-14 4.083350e+03 1.000000e+00
   3989.588007 2.635400e-14 4.086100e+03 1.000000e+00
   3992.278709 2.537400e-14 4.088850e+03 1.000000e+00
   3994.959409 2.499100e-14 4.091600e+03 1.000000e+00
   3997.650112 2.444700e-14 4.094350e+03 1.000000e+00
   4000.330812 2.690900e-14 4.097100e+03 1.000000e+00
   4003.011512 2.726200e-14 4.099850e+03 1.000000e+00
   4005.702215 2.899100e-14 4.102600e+03 1.000000e+00
   4008.382915 2.753400e-14 4.105350e+03 1.000000e+00
   4011.073618 2.913900e-14 4.108100e+03 1.000000e+00
   4013.754319 2.625000e-14 4.110850e+03 1.000000e+00
   4016.445022 2.768700e-14 4.113600e+03 1.000000e+00
   4019.125722 2.667200e-14 4.116350e+03 1.000000e+00
   4021.806423 2.680300e-14 4.119100e+03 1.000000e+00
   4024.497126 2.821700e-14 4.121850e+03 1.000000e+00
   4027.177826 2.884700e-14 4.124600e+03 1.000000e+00
   4029.868530 2.949700e-14 4.127350e+03 1.000000e+00
   4032.549230 2.628500e-14 4.130100e+03 1.000000e+00
   4035.239934 2.502000e-14 4.132850e+03 1.000000e+00
   4037.920635 2.548100e-14 4.135600e+03 1.000000e+00
   4040.601335 2.720200e-14 4.138350e+03 1.000000e+00
   4043.292039 2.707900e-14 4.141100e+03 1.000000e+00
   4045.972740 2.596900e-14 4.143850e+03 1.000000e+00
   4048.663443 2.680400e-14 4.146600e+03 1.000000e+00
   4051.344144 2.947500e-14 4.149350e+03 1.000000e+00
   4054.034848 2.688100e-14 4.152100e+03 1.000000e+00
   4056.715549 2.648100e-14 4.154850e+03 1.000000e+00
   4059.396250 2.490700e-14 4.157600e+03 1.000000e+00
   4062.086954 2.683000e-14 4.160350e+03 1.000000e+00
   4064.767655 2.490000e-14 4.163100e+03 1.000000e+00
   4067.458359 2.657900e-14 4.165850e+03 1.000000e+00
   4070.139061 2.655300e-14 4.168600e+03 1.000000e+00
   4072.829765 2.630200e-14 4.171350e+03 1.000000e+00
   4075.510466 2.496400e-14 4.174100e+03 1.000000e+00
   4078.191168 2.261900e-14 4.176850e+03 1.000000e+00
   4080.881872 2.478600e-14 4.179600e+03 1.000000e+00
   4083.562573 2.595800e-14 4.182350e+03 1.000000e+00
   4086.253278 2.590000e-14 4.185100e+03 1.000000e+00
   4088.933979 2.655200e-14 4.187850e+03 1.000000e+00
   4091.624684 2.289300e-14 4.190600e+03 1.000000e+00
   4094.305385 2.301900e-14 4.193350e+03 1.000000e+00
   4096.986087 2.277000e-14 4.196100e+03 1.000000e+00
   4099.676792 2.151900e-14 4.198850e+03 1.000000e+00
   4102.357493 2.107500e-14 4.201600e+03 1.000000e+00
   4105.048198 2.042500e-14 4.204350e+03 1.000000e+00
   4107.728900 2.174200e-14 4.207100e+03 1.000000e+00
   4110.419605 2.334500e-14 4.209850e+03 1.000000e+00
   4113.100307 2.468200e-14 4.212600e+03 1.000000e+00
   4115.781009 2.493300e-14 4.215350e+03 1.000000e+00
   4118.471713 2.733900e-14 4.218100e+03 1.000000e+00
   4121.152416 2.449700e-14 4.220850e+03 1.000000e+00
   4123.843120 2.543600e-14 4.223600e+03 1.000000e+00
   4126.523823 2.528000e-14 4.226350e+03 1.000000e+00
   4129.214528 2.318300e-14 4.229100e+03 1.000000e+00
   4131.895230 2.571800e-14 4.231850e+03 1.000000e+00
   4134.575932 2.621400e-14 4.234600e+03 1.000000e+00
   4137.266638 2.650700e-14 4.237350e+03 1.000000e+00
   4139.947340 2.677300e-14 4.240100e+03 1.000000e+00
   4142.638045 2.527300e-14 4.242850e+03 1.000000e+00
   4145.318748 2.771500e-14 4.245600e+03 1.000000e+00
   4148.009453 2.766300e-14 4.248350e+03 1.000000e+00
   4150.690156 2.650600e-14 4.251100e+03 1.000000e+00
   4153.370858 2.609000e-14 4.253850e+03 1.000000e+00
   4156.061564 2.648500e-14 4.256600e+03 1.000000e+00
   4158.742266 2.485000e-14 4.259350e+03 1.000000e+00
   4161.432972 2.675800e-14 4.262100e+03 1.000000e+00
   4164.113675 2.691100e-14 4.264850e+03 1.000000e+00
   4166.804380 2.553800e-14 4.267600e+03 1.000000e+00
   4169.485083 2.544500e-14 4.270350e+03 1.000000e+00
   4172.165786 2.501200e-14 4.273100e+03 1.000000e+00
   4174.856492 2.290300e-14 4.275850e+03 1.000000e+00
   4177.537195 2.376000e-14 4.278600e+03 1.000000e+00
   4180.227901 2.416200e-14 4.281350e+03 1.000000e+00
   4182.908604 2.372700e-14 4.284100e+03 1.000000e+00
   4185.599310 2.483800e-14 4.286850e+03 1.000000e+00
   4188.280013 2.781300e-14 4.289600e+03 1.000000e+00
   4190.960716 2.612400e-14 4.292350e+03 1.000000e+00
   4193.651422 2.473600e-14 4.295100e+03 1.000000e+00
   4196.332126 2.422500e-14 4.297850e+03 1.000000e+00
   4199.022832 2.391800e-14 4.300600e+03 1.000000e+00
   4201.703535 2.556300e-14 4.303350e+03 1.000000e+00
   4204.394241 2.748900e-14 4.306100e+03 1.000000e+00
   4207.074945 2.617300e-14 4.308850e+03 1.000000e+00
   4209.755648 2.470300e-14 4.311600e+03 1.000000e+00
   4212.446354 2.549600e-14 4.314350e+03 1.000000e+00
   4215.127058 2.368700e-14 4.317100e+03 1.000000e+00
   4217.817764 2.609500e-14 4.319850e+03 1.000000e+00
   4220.498468 2.610000e-14 4.322600e+03 1.000000e+00
   4223.189175 2.441900e-14 4.325350e+03 1.000000e+00
   4225.869878 2.571600e-14 4.328100e+03 1.000000e+00
   4228.550582 2.432100e-14 4.330850e+03 1.000000e+00
   4231.241289 2.754400e-14 4.333600e+03 1.000000e+00
   4233.921993 2.310200e-14 4.336350e+03 1.000000e+00
   4236.612699 2.745600e-14 4.339100e+03 1.000000e+00
   4239.293403 2.618500e-14 4.341850e+03 1.000000e+00
   4241.984110 2.751800e-14 4.344600e+03 1.000000e+00
   4244.664814 2.678900e-14 4.347350e+03 1.000000e+00
   4247.345518 2.629600e-14 4.350100e+03 1.000000e+00
   4250.036225 2.779400e-14 4.352850e+03 1.000000e+00
   4252.716929 2.714300e-14 4.355600e+03 1.000000e+00
   4255.407636 2.534800e-14 4.358350e+03 1.000000e+00
   4258.088340 2.470600e-14 4.361100e+03 1.000000e+00
   4260.779047 2.704100e-14 4.363850e+03 1.000000e+00
   4263.459751 2.809800e-14 4.366600e+03 1.000000e+00
   4266.140456 2.708500e-14 4.369350e+03 1.000000e+00
   4268.831163 2.634900e-14 4.372100e+03 1.000000e+00
   4271.511867 2.551300e-14 4.374850e+03 1.000000e+00
   4274.202574 2.684100e-14 4.377600e+03 1.000000e+00
   4276.883279 2.477500e-14 4.380350e+03 1.000000e+00
   4279.573986 2.716600e-14 4.383100e+03 1.000000e+00
   4282.254691 2.591500e-14 4.385850e+03 1.000000e+00
   4284.935396 2.454100e-14 4.388600e+03 1.000000e+00
   4287.626103 2.501500e-14 4.391350e+03 1.000000e+00
   4290.306808 2.470500e-14 4.394100e+03 1.000000e+00
   4292.997515 2.428500e-14 4.396850e+03 1.000000e+00
   4295.678220 2.360200e-14 4.399600e+03 1.000000e+00
   4298.368927 2.409100e-14 4.402350e+03 1.000000e+00
   4301.049632 2.197600e-14 4.405100e+03 1.000000e+00
   4303.730337 2.286400e-14 4.407850e+03 1.000000e+00
   4306.421045 2.196400e-14 4.410600e+03 1.000000e+00
   4309.101750 2.425800e-14 4.413350e+03 1.000000e+00
   4311.792457 2.176800e-14 4.416100e+03 1.000000e+00
   4314.473162 2.389700e-14 4.418850e+03 1.000000e+00
   4317.163870 2.566000e-14 4.421600e+03 1.000000e+00
   4319.844575 2.630000e-14 4.424350e+03 1.000000e+00
   4322.525280 2.657400e-14 4.427100e+03 1.000000e+00
   4325.215988 2.558800e-14 4.429850e+03 1.000000e+00
   4327.896693 2.463400e-14 4.432600e+03 1.000000e+00
   4330.587401 2.620800e-14 4.435350e+03 1.000000e+00
   4333.268107 2.544500e-14 4.438100e+03 1.000000e+00
   4335.958815 2.510700e-14 4.440850e+03 1.000000e+00
   4338.639520 2.426700e-14 4.443600e+03 1.000000e+00
   4341.320225 2.380000e-14 4.446350e+03 1.000000e+00
   4344.010934 2.477300e-14 4.449100e+03 1.000000e+00
   4346.691639 2.624700e-14 4.451850e+03 1.000000e+00
   4349.382347 2.693400e-14 4.454600e+03 1.000000e+00
   4352.063053 2.608200e-14 4.457350e+03 1.000000e+00
   4354.753761 2.568900e-14 4.460100e+03 1.000000e+00
   4357.434467 2.494300e-14 4.462850e+03 1.000000e+00
   4360.115172 2.791600e-14 4.465600e+03 1.000000e+00
   4362.805881 2.864100e-14 4.468350e+03 1.000000e+00
   4365.486586 2.840200e-14 4.471100e+03 1.000000e+00
   4368.177295 3.000100e-14 4.473850e+03 1.000000e+00
   4370.858001 2.797100e-14 4.476600e+03 1.000000e+00
   4373.548709 2.670900e-14 4.479350e+03 1.000000e+00
   4376.229415 2.837000e-14 4.482100e+03 1.000000e+00
   4378.910121 2.760000e-14 4.484850e+03 1.000000e+00
   4381.600830 2.826700e-14 4.487600e+03 1.000000e+00
   4384.281536 2.698800e-14 4.490350e+03 1.000000e+00
   4386.972244 2.540400e-14 4.493100e+03 1.000000e+00
   4389.652950 2.732300e-14 4.495850e+03 1.000000e+00
   4392.343659 2.736200e-14 4.498600e+03 1.000000e+00
   4395.024365 2.568600e-14 4.501350e+03 1.000000e+00
   4397.705071 2.561500e-14 4.504100e+03 1.000000e+00
   4400.395780 2.686800e-14 4.506850e+03 1.000000e+00
   4403.076486 2.648000e-14 4.509600e+03 1.000000e+00
   4405.767195 2.670000e-14 4.512350e+03 1.000000e+00
   4408.447902 2.810200e-14 4.515100e+03 1.000000e+00
   4411.138611 2.893900e-14 4.517850e+03 1.000000e+00
   4413.819317 2.711400e-14 4.520600e+03 1.000000e+00
   4416.500023 2.700300e-14 4.523350e+03 1.000000e+00
   4419.190732 2.866800e-14 4.526100e+03 1.000000e+00
   4421.871439 2.891700e-14 4.528850e+03 1.000000e+00
   4424.562148 2.878400e-14 4.531600e+03 1.000000e+00
   4427.242855 2.836700e-14 4.534350e+03 1.000000e+00
   4429.933564 2.852300e-14 4.537100e+03 1.000000e+00
   4432.614270 2.894300e-14 4.539850e+03 1.000000e+00
   4435.294977 2.995800e-14 4.542600e+03 1.000000e+00
   4437.985686 3.108700e-14 4.545350e+03 1.000000e+00
   4440.666393 3.020500e-14 4.548100e+03 1.000000e+00
   4443.357102 2.872300e-14 4.550850e+03 1.000000e+00
   4446.037809 2.995800e-14 4.553600e+03 1.000000e+00
   4448.728519 2.987800e-14 4.556350e+03 1.000000e+00
   4451.409225 2.830500e-14 4.559100e+03 1.000000e+00
   4454.089932 2.824100e-14 4.561850e+03 1.000000e+00
   4456.780642 2.823500e-14 4.564600e+03 1.000000e+00
   4459.461349 2.919100e-14 4.567350e+03 1.000000e+00
   4462.152058 2.892300e-14 4.570100e+03 1.000000e+00
   4464.832765 2.785400e-14 4.572850e+03 1.000000e+00
   4467.523475 2.817400e-14 4.575600e+03 1.000000e+00
   4470.204182 2.844100e-14 4.578350e+03 1.000000e+00
   4472.884889 2.919600e-14 4.581100e+03 1.000000e+00
   4475.575599 3.027000e-14 4.583850e+03 1.000000e+00
   4478.256306 3.156100e-14 4.586600e+03 1.000000e+00
   4480.947016 3.068300e-14 4.589350e+03 1.000000e+00
   4483.627723 2.946300e-14 4.592100e+03 1.000000e+00
   4486.318433 3.013600e-14 4.594850e+03 1.000000e+00
   4488.999140 2.965300e-14 4.597600e+03 1.000000e+00
   4491.679848 2.965100e-14 4.600350e+03 1.000000e+00
   4494.370558 3.055800e-14 4.603100e+03 1.000000e+00
   4497.051265 2.985700e-14 4.605850e+03 1.000000e+00
   4499.741975 3.024600e-14 4.608600e+03 1.000000e+00
   4502.422683 3.040300e-14 4.611350e+03 1.000000e+00
   4505.113393 2.928000e-14 4.614100e+03 1.000000e+00
   4507.794100 2.939000e-14 4.616850e+03 1.000000e+00
   4510.474808 3.029300e-14 4.619600e+03 1.000000e+00
   4513.165518 3.173500e-14 4.622350e+03 1.000000e+00
   4515.846226 3.112700e-14 4.625100e+03 1.000000e+00
   4518.536936 3.039900e-14 4.627850e+03 1.000000e+00
   4521.217644 3.076300e-14 4.630600e+03 1.000000e+00
   4523.908354 3.042100e-14 4.633350e+03 1.000000e+00
   4526.589062 2.968900e-14 4.636100e+03 1.000000e+00
   4529.269769 2.871900e-14 4.638850e+03 1.000000e+00
   4531.960480 2.902600e-14 4.641600e+03 1.000000e+00
   4534.641188 2.794400e-14 4.644350e+03 1.000000e+00
   4537.331898 3.003400e-14 4.647100e+03 1.000000e+00
   4540.012606 3.016500e-14 4.649850e+03 1.000000e+00
   4542.703317 2.896500e-14 4.652600e+03 1.000000e+00
   4545.384025 2.918400e-14 4.655350e+03 1.000000e+00
   4548.064733 3.108400e-14 4.658100e+03 1.000000e+00
   4550.755443 2.996300e-14 4.660850e+03 1.000000e+00
   4553.436151 2.915300e-14 4.663600e+03 1.000000e+00
   4556.126862 3.001100e-14 4.666350e+03 1.000000e+00
   4558.807570 3.024500e-14 4.669100e+03 1.000000e+00
   4561.498281 3.068800e-14 4.671850e+03 1.000000e+00
   4564.178989 3.165700e-14 4.674600e+03 1.000000e+00
   4566.859697 3.241400e-14 4.677350e+03 1.000000e+00
   4569.550408 3.214000e-14 4.680100e+03 1.000000e+00
   4572.231116 3.078400e-14 4.682850e+03 1.000000e+00
   4574.921827 3.011300e-14 4.685600e+03 1.000000e+00
   4577.602536 3.059400e-14 4.688350e+03 1.000000e+00
   4580.293246 3.154900e-14 4.691100e+03 1.000000e+00
   4582.973955 3.045700e-14 4.693850e+03 1.000000e+00
   4585.654663 3.076800e-14 4.696600e+03 1.000000e+00
   4588.345374 2.920200e-14 4.699350e+03 1.000000e+00
   4591.026083 3.062600e-14 4.702100e+03 1.000000e+00
   4593.716794 3.037500e-14 4.704850e+03 1.000000e+00
   4596.397502 2.995800e-14 4.707600e+03 1.000000e+00
   4599.088214 2.921000e-14 4.710350e+03 1.000000e+00
   4601.768922 2.941200e-14 4.713100e+03 1.000000e+00
   4604.449631 2.957800e-14 4.715850e+03 1.000000e+00
   4607.140342 3.174700e-14 4.718600e+03 1.000000e+00
   4609.821051 3.147800e-14 4.721350e+03 1.000000e+00
   4612.511762 3.065400e-14 4.724100e+03 1.000000e+00
   4615.192471 3.213600e-14 4.726850e+03 1.000000e+00
   4617.883182 3.091600e-14 4.729600e+03 1.000000e+00
   4620.563891 3.123900e-14 4.732350e+03 1.000000e+00
   4623.244600 3.081600e-14 4.735100e+03 1.000000e+00
   4625.935311 3.092300e-14 4.737850e+03 1.000000e+00
   4628.616020 3.252400e-14 4.740600e+03 1.000000e+00
   4631.306732 3.212600e-14 4.743350e+03 1.000000e+00
   4633.987441 3.213100e-14 4.746100e+03 1.000000e+00
   4636.678152 3.171800e-14 4.748850e+03 1.000000e+00
   4639.358861 2.937600e-14 4.751600e+03 1.000000e+00
   4642.039570 2.948700e-14 4.754350e+03 1.000000e+00
   4644.730282 3.035400e-14 4.757100e+03 1.000000e+00
   4647.410991 3.063100e-14 4.759850e+03 1.000000e+00
   4650.101703 3.104600e-14 4.762600e+03 1.000000e+00
   4652.782412 3.137700e-14 4.765350e+03 1.000000e+00
   4655.473124 3.055000e-14 4.768100e+03 1.000000e+00
   4658.153833 3.240700e-14 4.770850e+03 1.000000e+00
   4660.834542 3.072700e-14 4.773600e+03 1.000000e+00
   4663.525254 2.886600e-14 4.776350e+03 1.000000e+00
   4666.205963 2.927700e-14 4.779100e+03 1.000000e+00
   4668.896675 2.939700e-14 4.781850e+03 1.000000e+00
   4671.577384 2.948500e-14 4.784600e+03 1.000000e+00
   4674.268096 2.942100e-14 4.787350e+03 1.000000e+00
   4676.948806 2.989900e-14 4.790100e+03 1.000000e+00
   4679.629515 3.153500e-14 4.792850e+03 1.000000e+00
   4682.320227 3.240100e-14 4.795600e+03 1.000000e+00
   4685.000937 3.282500e-14 4.798350e+03 1.000000e+00
   4687.691649 3.212600e-14 4.801100e+03 1.000000e+00
   4690.372358 3.030400e-14 4.803850e+03 1.000000e+00
   4693.063070 3.045400e-14 4.806600e+03 1.000000e+00
   4695.743780 2.998600e-14 4.809350e+03 1.000000e+00
   4698.424490 3.053900e-14 4.812100e+03 1.000000e+00
   4701.115202 3.126700e-14 4.814850e+03 1.000000e+00
   4703.795911 2.863900e-14 4.817600e+03 1.000000e+00
   4706.486624 3.095200e-14 4.820350e+03 1.000000e+00
   4709.167333 3.015100e-14 4.823100e+03 1.000000e+00
   4711.858046 3.116800e-14 4.825850e+03 1.000000e+00
   4714.538756 2.990100e-14 4.828600e+03 1.000000e+00
   4717.219465 3.125400e-14 4.831350e+03 1.000000e+00
   4719.910178 3.184500e-14 4.834100e+03 1.000000e+00
   4722.590888 3.175000e-14 4.836850e+03 1.000000e+00
   4725.281600 3.084100e-14 4.839600e+03 1.000000e+00
   4727.962310 3.185300e-14 4.842350e+03 1.000000e+00
   4730.653023 3.133300e-14 4.845100e+03 1.000000e+00
   4733.333732 2.974200e-14 4.847850e+03 1.000000e+00
   4736.014442 2.919800e-14 4.850600e+03 1.000000e+00
   4738.705155 3.078300e-14 4.853350e+03 1.000000e+00
   4741.385865 3.064000e-14 4.856100e+03 1.000000e+00
   4744.076578 3.217000e-14 4.858850e+03 1.000000e+00
   4746.757288 3.279400e-14 4.861600e+03 1.000000e+00
   4749.448001 3.312900e-14 4.864350e+03 1.000000e+00
   4752.128711 3.097500e-14 4.867100e+03 1.000000e+00
   4754.809421 2.967300e-14 4.869850e+03 1.000000e+00
   4757.500134 3.183200e-14 4.872600e+03 1.000000e+00
   4760.180844 3.160100e-14 4.875350e+03 1.000000e+00
   4762.871557 3.171600e-14 4.878100e+03 1.000000e+00
   4765.552267 3.123200e-14 4.880850e+03 1.000000e+00
   4768.242980 3.121100e-14 4.883600e+03 1.000000e+00
   4770.923690 2.997500e-14 4.886350e+03 1.000000e+00
   4773.604401 3.100000e-14 4.889100e+03 1.000000e+00
   4776.295114 3.113300e-14 4.891850e+03 1.000000e+00
   4778.975824 3.090500e-14 4.894600e+03 1.000000e+00
   4781.666537 3.213100e-14 4.897350e+03 1.000000e+00
   4784.347247 3.183900e-14 4.900100e+03 1.000000e+00
   4787.037961 3.234300e-14 4.902850e+03 1.000000e+00
   4789.718671 3.031100e-14 4.905600e+03 1.000000e+00
   4792.399382 3.008300e-14 4.908350e+03 1.000000e+00
   4795.090095 3.027800e-14 4.911100e+03 1.000000e+00
   4797.770805 3.125600e-14 4.913850e+03 1.000000e+00
   4800.461519 3.239600e-14 4.916600e+03 1.000000e+00
   4803.142229 3.079300e-14 4.919350e+03 1.000000e+00
   4805.832942 3.164900e-14 4.922100e+03 1.000000e+00
   4808.513653 3.083500e-14 4.924850e+03 1.000000e+00
   4811.194364 3.103100e-14 4.927600e+03 1.000000e+00
   4813.885077 3.256300e-14 4.930350e+03 1.000000e+00
   4816.565788 3.029500e-14 4.933100e+03 1.000000e+00
   4819.256501 3.188200e-14 4.935850e+03 1.000000e+00
   4821.937212 3.171200e-14 4.938600e+03 1.000000e+00
   4824.627925 2.994400e-14 4.941350e+03 1.000000e+00
   4827.308636 2.948600e-14 4.944100e+03 1.000000e+00
   4829.989347 3.052800e-14 4.946850e+03 1.000000e+00
   4832.680061 2.982000e-14 4.949600e+03 1.000000e+00
   4835.360772 3.031900e-14 4.952350e+03 1.000000e+00
   4838.051485 2.909400e-14 4.955100e+03 1.000000e+00
   4840.732196 2.972000e-14 4.957850e+03 1.000000e+00
   4843.422910 2.742000e-14 4.960600e+03 1.000000e+00
   4846.103621 3.022100e-14 4.963350e+03 1.000000e+00
   4848.784332 3.036600e-14 4.966100e+03 1.000000e+00
   4851.475046 2.955000e-14 4.968850e+03 1.000000e+00
   4854.155757 2.994600e-14 4.971600e+03 1.000000e+00
   4856.846470 3.175100e-14 4.974350e+03 1.000000e+00
   4859.527181 3.163700e-14 4.977100e+03 1.000000e+00
   4862.217895 3.479200e-14 4.979850e+03 1.000000e+00
   4864.898606 3.558400e-14 4.982600e+03 1.000000e+00
   4867.579318 3.280000e-14 4.985350e+03 1.000000e+00
   4870.270032 3.241600e-14 4.988100e+03 1.000000e+00
   4872.950743 3.064500e-14 4.990850e+03 1.000000e+00
   4875.641457 2.942100e-14 4.993600e+03 1.000000e+00
   4878.322168 2.833500e-14 4.996350e+03 1.000000e+00
   4881.012882 2.856100e-14 4.999100e+03 1.000000e+00
   4883.693593 2.967100e-14 5.001850e+03 1.000000e+00
   4886.374305 2.928000e-14 5.004600e+03 1.000000e+00
   4889.065019 2.822600e-14 5.007350e+03 1.000000e+00
   4891.745730 2.903100e-14 5.010100e+03 1.000000e+00
   4894.436444 2.914900e-14 5.012850e+03 1.000000e+00
   4897.117156 2.979300e-14 5.015600e+03 1.000000e+00
   4899.807870 3.047700e-14 5.018350e+03 1.000000e+00
   4902.488581 3.071500e-14 5.021100e+03 1.000000e+00
   4905.169293 3.069500e-14 5.023850e+03 1.000000e+00
   4907.860007 3.078500e-14 5.026600e+03 1.000000e+00
   4910.540719 2.844000e-14 5.029350e+03 1.000000e+00
   4913.231433 3.043000e-14 5.032100e+03 1.000000e+00
   4915.912144 3.085900e-14 5.034850e+03 1.000000e+00
   4918.602859 2.899400e-14 5.037600e+03 1.000000e+00
   4921.283570 2.822800e-14 5.040350e+03 1.000000e+00
   4923.964282 2.933200e-14 5.043100e+03 1.000000e+00
   4926.654997 2.971500e-14 5.045850e+03 1.000000e+00
   4929.335708 3.130800e-14 5.048600e+03 1.000000e+00
   4932.026423 3.072500e-14 5.051350e+03 1.000000e+00
   4934.707134 3.041600e-14 5.054100e+03 1.000000e+00
   4937.397849 3.126400e-14 5.056850e+03 1.000000e+00
   4940.078561 3.207900e-14 5.059600e+03 1.000000e+00
   4942.759273 3.013400e-14 5.062350e+03 1.000000e+00
   4945.449987 3.197900e-14 5.065100e+03 1.000000e+00
   4948.130699 3.238100e-14 5.067850e+03 1.000000e+00
   4950.821414 3.288400e-14 5.070600e+03 1.000000e+00
   4953.502126 3.417800e-14 5.073350e+03 1.000000e+00
   4956.192840 3.266200e-14 5.076100e+03 1.000000e+00
   4958.873552 3.378100e-14 5.078850e+03 1.000000e+00
   4961.564267 3.374500e-14 5.081600e+03 1.000000e+00
   4964.244979 3.536200e-14 5.084350e+03 1.000000e+00
   4966.925691 3.253800e-14 5.087100e+03 1.000000e+00
   4969.616406 3.355900e-14 5.089850e+03 1.000000e+00
   4972.297118 3.171400e-14 5.092600e+03 1.000000e+00
   4974.987833 2.981300e-14 5.095350e+03 1.000000e+00
   4977.668545 3.168400e-14 5.098100e+03 1.000000e+00
   4980.359259 3.011500e-14 5.100850e+03 1.000000e+00
   4983.039972 2.802800e-14 5.103600e+03 1.000000e+00
   4985.720684 2.957700e-14 5.106350e+03 1.000000e+00
   4988.411399 3.046100e-14 5.109100e+03 1.000000e+00
   4991.092111 3.167400e-14 5.111850e+03 1.000000e+00
   4993.782826 3.253300e-14 5.114600e+03 1.000000e+00
   4996.463538 3.259800e-14 5.117350e+03 1.000000e+00
   4999.154253 3.318500e-14 5.120100e+03 1.000000e+00
   5001.834966 3.592500e-14 5.122850e+03 1.000000e+00
   5004.515678 3.940000e-14 5.125600e+03 1.000000e+00
   5007.206393 4.105900e-14 5.128350e+03 1.000000e+00
   5009.887105 4.273400e-14 5.131100e+03 1.000000e+00
   5012.577820 4.062700e-14 5.133850e+03 1.000000e+00
   5015.258533 3.827100e-14 5.136600e+03 1.000000e+00
   5017.949248 3.307400e-14 5.139350e+03 1.000000e+00
   5020.629961 3.238200e-14 5.142100e+03 1.000000e+00
   5023.310673 3.065100e-14 5.144850e+03 1.000000e+00
   5026.001388 2.842700e-14 5.147600e+03 1.000000e+00
   5028.682101 2.862100e-14 5.150350e+03 1.000000e+00
   5031.372816 2.866000e-14 5.153100e+03 1.000000e+00
   5034.053529 2.953500e-14 5.155850e+03 1.000000e+00
   5036.744244 2.906300e-14 5.158600e+03 1.000000e+00
   5039.424957 2.995100e-14 5.161350e+03 1.000000e+00
   5042.105669 2.789600e-14 5.164100e+03 1.000000e+00
   5044.796385 3.005000e-14 5.166850e+03 1.000000e+00
   5047.477097 2.951100e-14 5.169600e+03 1.000000e+00
   5050.167813 3.028300e-14 5.172350e+03 1.000000e+00
   5052.848525 3.067500e-14 5.175100e+03 1.000000e+00
   5055.539241 3.117900e-14 5.177850e+03 1.000000e+00
   5058.219954 2.899200e-14 5.180600e+03 1.000000e+00
   5060.900667 2.970500e-14 5.183350e+03 1.000000e+00
   5063.591382 3.083300e-14 5.186100e+03 1.000000e+00
   5066.272095 3.028900e-14 5.188850e+03 1.000000e+00
   5068.962810 3.069700e-14 5.191600e+03 1.000000e+00
   5071.643523 3.094300e-14 5.194350e+03 1.000000e+00
   5074.334239 2.842700e-14 5.197100e+03 1.000000e+00
   5077.014952 2.866900e-14 5.199850e+03 1.000000e+00
   5079.695665 2.802600e-14 5.202600e+03 1.000000e+00
   5082.386380 2.958000e-14 5.205350e+03 1.000000e+00
   5085.067093 2.870500e-14 5.208100e+03 1.000000e+00
   5087.757809 3.047800e-14 5.210850e+03 1.000000e+00
   5090.438522 2.887300e-14 5.213600e+03 1.000000e+00
   5093.129238 2.993400e-14 5.216350e+03 1.000000e+00
   5095.809951 2.905700e-14 5.219100e+03 1.000000e+00
   5098.490664 2.852400e-14 5.221850e+03 1.000000e+00
   5101.181380 2.800900e-14 5.224600e+03 1.000000e+00
   5103.862093 2.900900e-14 5.227350e+03 1.000000e+00
   5106.552809 2.922400e-14 5.230100e+03 1.000000e+00
   5109.233522 2.912700e-14 5.232850e+03 1.000000e+00
   5111.924238 3.077400e-14 5.235600e+03 1.000000e+00
   5114.604951 2.905700e-14 5.238350e+03 1.000000e+00
   5117.285664 3.014700e-14 5.241100e+03 1.000000e+00
   5119.976380 2.984200e-14 5.243850e+03 1.000000e+00
   5122.657094 2.800400e-14 5.246600e+03 1.000000e+00
   5125.347810 2.891500e-14 5.249350e+03 1.000000e+00
   5128.028523 2.824700e-14 5.252100e+03 1.000000e+00
   5130.719239 2.764000e-14 5.254850e+03 1.000000e+00
   5133.399952 2.870400e-14 5.257600e+03 1.000000e+00
   5136.080666 2.950300e-14 5.260350e+03 1.000000e+00
   5138.771382 2.897000e-14 5.263100e+03 1.000000e+00
   5141.452095 2.945200e-14 5.265850e+03 1.000000e+00
   5144.142811 2.798500e-14 5.268600e+03 1.000000e+00
   5146.823525 2.865600e-14 5.271350e+03 1.000000e+00
   5149.514241 2.949500e-14 5.274100e+03 1.000000e+00
   5152.194954 2.982500e-14 5.276850e+03 1.000000e+00
   5154.875668 2.941900e-14 5.279600e+03 1.000000e+00
   5157.566384 3.083800e-14 5.282350e+03 1.000000e+00
   5160.247098 3.073700e-14 5.285100e+03 1.000000e+00
   5162.937814 3.060200e-14 5.287850e+03 1.000000e+00
   5165.618528 2.920300e-14 5.290600e+03 1.000000e+00
   5168.309244 2.767700e-14 5.293350e+03 1.000000e+00
   5170.989957 2.691400e-14 5.296100e+03 1.000000e+00
   5173.670671 2.773800e-14 5.298850e+03 1.000000e+00
   5176.361387 2.632700e-14 5.301600e+03 1.000000e+00
   5179.042101 2.701300e-14 5.304350e+03 1.000000e+00
   5181.732818 2.780100e-14 5.307100e+03 1.000000e+00
   5184.413531 2.733600e-14 5.309850e+03 1.000000e+00
   5187.104248 2.727000e-14 5.312600e+03 1.000000e+00
   5189.784961 3.045000e-14 5.315350e+03 1.000000e+00
   5192.465675 3.029700e-14 5.318100e+03 1.000000e+00
   5195.156392 3.104000e-14 5.320850e+03 1.000000e+00
   5197.837106 3.108400e-14 5.323600e+03 1.000000e+00
   5200.527822 3.165600e-14 5.326350e+03 1.000000e+00
   5203.208536 3.215700e-14 5.329100e+03 1.000000e+00
   5205.899253 3.199000e-14 5.331850e+03 1.000000e+00
   5208.579966 3.196900e-14 5.334600e+03 1.000000e+00
   5211.260680 2.938700e-14 5.337350e+03 1.000000e+00
   5213.951397 3.146400e-14 5.340100e+03 1.000000e+00
   5216.632111 3.128200e-14 5.342850e+03 1.000000e+00
   5219.322828 3.061100e-14 5.345600e+03 1.000000e+00
   5222.003542 3.091900e-14 5.348350e+03 1.000000e+00
   5224.694258 2.912500e-14 5.351100e+03 1.000000e+00
   5227.374972 2.869000e-14 5.353850e+03 1.000000e+00
   5230.055686 2.825700e-14 5.356600e+03 1.000000e+00
   5232.746403 2.892500e-14 5.359350e+03 1.000000e+00
   5235.427117 3.077800e-14 5.362100e+03 1.000000e+00
   5238.117834 3.216400e-14 5.364850e+03 1.000000e+00
   5240.798548 3.176300e-14 5.367600e+03 1.000000e+00
   5243.489265 3.216100e-14 5.370350e+03 1.000000e+00
   5246.169979 3.064100e-14 5.373100e+03 1.000000e+00
   5248.850693 3.109600e-14 5.375850e+03 1.000000e+00
   5251.541410 3.132900e-14 5.378600e+03 1.000000e+00
   5254.222125 3.082600e-14 5.381350e+03 1.000000e+00
   5256.912841 3.029400e-14 5.384100e+03 1.000000e+00
   5259.593556 3.022500e-14 5.386850e+03 1.000000e+00
   5262.284273 2.975200e-14 5.389600e+03 1.000000e+00
   5264.964987 2.900100e-14 5.392350e+03 1.000000e+00
   5267.645701 2.878500e-14 5.395100e+03 1.000000e+00
   5270.336418 2.816200e-14 5.397850e+03 1.000000e+00
   5273.017133 2.828400e-14 5.400600e+03 1.000000e+00
   5275.707850 2.917800e-14 5.403350e+03 1.000000e+00
   5278.388564 2.907100e-14 5.406100e+03 1.000000e+00
   5281.079281 3.163500e-14 5.408850e+03 1.000000e+00
   5283.759996 3.121500e-14 5.411600e+03 1.000000e+00
   5286.440710 3.135200e-14 5.414350e+03 1.000000e+00
   5289.131427 3.148500e-14 5.417100e+03 1.000000e+00
   5291.812142 3.151400e-14 5.419850e+03 1.000000e+00
   5294.502859 3.160100e-14 5.422600e+03 1.000000e+00
   5297.183573 3.075100e-14 5.425350e+03 1.000000e+00
   5299.874291 3.018200e-14 5.428100e+03 1.000000e+00
   5302.555005 3.138500e-14 5.430850e+03 1.000000e+00
   5305.235720 3.262400e-14 5.433600e+03 1.000000e+00
   5307.926437 3.298400e-14 5.436350e+03 1.000000e+00
   5310.607152 3.277500e-14 5.439100e+03 1.000000e+00
   5313.297869 3.113000e-14 5.441850e+03 1.000000e+00
   5315.978584 3.180900e-14 5.444600e+03 1.000000e+00
   5318.669301 3.049700e-14 5.447350e+03 1.000000e+00
   5321.350016 3.198100e-14 5.450100e+03 1.000000e+00
   5324.030730 3.105000e-14 5.452850e+03 1.000000e+00
   5326.721448 3.107400e-14 5.455600e+03 1.000000e+00
   5329.402162 3.128100e-14 5.458350e+03 1.000000e+00
   5332.092880 3.000700e-14 5.461100e+03 1.000000e+00
   5334.773595 3.095500e-14 5.463850e+03 1.000000e+00
   5337.464312 3.129900e-14 5.466600e+03 1.000000e+00
   5340.145027 3.151500e-14 5.469350e+03 1.000000e+00
   5342.825742 3.008500e-14 5.472100e+03 1.000000e+00
   5345.516459 3.188100e-14 5.474850e+03 1.000000e+00
   5348.197174 3.140200e-14 5.477600e+03 1.000000e+00
   5350.887892 3.075500e-14 5.480350e+03 1.000000e+00
   5353.568607 3.259500e-14 5.483100e+03 1.000000e+00
   5356.259324 3.184800e-14 5.485850e+03 1.000000e+00
   5358.940039 3.084100e-14 5.488600e+03 1.000000e+00
   5361.620754 3.165000e-14 5.491350e+03 1.000000e+00
   5364.311472 3.155300e-14 5.494100e+03 1.000000e+00
   5366.992187 3.110500e-14 5.496850e+03 1.000000e+00
   5369.682904 3.144500e-14 5.499600e+03 1.000000e+00
   5372.363619 3.093400e-14 5.502350e+03 1.000000e+00
   5375.054337 3.165200e-14 5.505100e+03 1.000000e+00
   5377.735052 3.039800e-14 5.507850e+03 1.000000e+00
   5380.415767 3.206300e-14 5.510600e+03 1.000000e+00
   5383.106485 3.173700e-14 5.513350e+03 1.000000e+00
   5385.787200 3.198700e-14 5.516100e+03 1.000000e+00
   5388.477918 3.163500e-14 5.518850e+03 1.000000e+00
   5391.158633 3.207700e-14 5.521600e+03 1.000000e+00
   5393.849351 3.104900e-14 5.524350e+03 1.000000e+00
   5396.530066 3.123100e-14 5.527100e+03 1.000000e+00
   5399.210781 3.112000e-14 5.529850e+03 1.000000e+00
   5401.901499 2.999300e-14 5.532600e+03 1.000000e+00
   5404.582214 2.994000e-14 5.535350e+03 1.000000e+00
   5407.272932 3.165000e-14 5.538100e+03 1.000000e+00
   5409.953647 3.207600e-14 5.540850e+03 1.000000e+00
   5412.644365 3.160700e-14 5.543600e+03 1.000000e+00
   5415.325081 3.103000e-14 5.546350e+03 1.000000e+00
   5418.005796 3.131700e-14 5.549100e+03 1.000000e+00
   5420.696514 2.991300e-14 5.551850e+03 1.000000e+00
   5423.377229 3.002200e-14 5.554600e+03 1.000000e+00
   5426.067947 3.166100e-14 5.557350e+03 1.000000e+00
   5428.748663 3.077000e-14 5.560100e+03 1.000000e+00
   5431.439381 3.051100e-14 5.562850e+03 1.000000e+00
   5434.120096 3.077200e-14 5.565600e+03 1.000000e+00
   5436.800811 3.013300e-14 5.568350e+03 1.000000e+00
   5439.491530 3.056200e-14 5.571100e+03 1.000000e+00
   5442.172245 3.224800e-14 5.573850e+03 1.000000e+00
   5444.862963 2.924000e-14 5.576600e+03 1.000000e+00
   5447.543679 3.095700e-14 5.579350e+03 1.000000e+00
   5450.234397 3.007300e-14 5.582100e+03 1.000000e+00
   5452.915112 2.934000e-14 5.584850e+03 1.000000e+00
   5455.595828 3.067900e-14 5.587600e+03 1.000000e+00
   5458.286546 3.023100e-14 5.590350e+03 1.000000e+00
   5460.967262 3.094300e-14 5.593100e+03 1.000000e+00
   5463.657980 2.832500e-14 5.595850e+03 1.000000e+00
   5466.338695 3.050600e-14 5.598600e+03 1.000000e+00
   5469.029414 2.988600e-14 5.601350e+03 1.000000e+00
   5471.710129 3.050000e-14 5.604100e+03 1.000000e+00
   5474.390845 3.098500e-14 5.606850e+03 1.000000e+00
   5477.081563 3.045300e-14 5.609600e+03 1.000000e+00
   5479.762279 2.998500e-14 5.612350e+03 1.000000e+00
   5482.452997 2.973300e-14 5.615100e+03 1.000000e+00
   5485.133713 3.094600e-14 5.617850e+03 1.000000e+00
   5487.824431 3.058000e-14 5.620600e+03 1.000000e+00
   5490.505147 3.160300e-14 5.623350e+03 1.000000e+00
   5493.185863 3.092600e-14 5.626100e+03 1.000000e+00
   5495.876581 3.069100e-14 5.628850e+03 1.000000e+00
   5498.557297 3.029500e-14 5.631600e+03 1.000000e+00
   5501.248016 3.121000e-14 5.634350e+03 1.000000e+00
   5503.928732 3.204500e-14 5.637100e+03 1.000000e+00
   5506.619450 3.275700e-14 5.639850e+03 1.000000e+00
   5509.300166 3.098500e-14 5.642600e+03 1.000000e+00
   5511.980882 3.027900e-14 5.645350e+03 1.000000e+00
   5514.671600 3.029700e-14 5.648100e+03 1.000000e+00
   5517.352316 3.190200e-14 5.650850e+03 1.000000e+00
   5520.043035 3.165000e-14 5.653600e+03 1.000000e+00
   5522.723751 3.142700e-14 5.656350e+03 1.000000e+00
   5525.414469 3.180900e-14 5.659100e+03 1.000000e+00
   5528.095185 3.042800e-14 5.661850e+03 1.000000e+00
   5530.775901 3.092900e-14 5.664600e+03 1.000000e+00
   5533.466620 3.357000e-14 5.667350e+03 1.000000e+00
   5536.147336 3.315000e-14 5.670100e+03 1.000000e+00
   5538.838055 3.094400e-14 5.672850e+03 1.000000e+00
   5541.518771 3.200100e-14 5.675600e+03 1.000000e+00
   5544.209489 3.153700e-14 5.678350e+03 1.000000e+00
   5546.890206 3.223500e-14 5.681100e+03 1.000000e+00
   5549.570922 3.326400e-14 5.683850e+03 1.000000e+00
   5552.261640 3.199300e-14 5.686600e+03 1.000000e+00
   5554.942356 3.101600e-14 5.689350e+03 1.000000e+00
   5557.633075 2.998000e-14 5.692100e+03 1.000000e+00
   5560.313791 3.135900e-14 5.694850e+03 1.000000e+00
   5563.004510 2.949300e-14 5.697600e+03 1.000000e+00
   5565.685226 3.234800e-14 5.700350e+03 1.000000e+00
   5568.365943 3.186400e-14 5.703100e+03 1.000000e+00
   5571.056662 3.062200e-14 5.705850e+03 1.000000e+00
   5573.737378 3.284500e-14 5.708600e+03 1.000000e+00
   5576.428097 3.254300e-14 5.711350e+03 1.000000e+00
   5579.108813 3.209900e-14 5.714100e+03 1.000000e+00
   5581.799532 3.174200e-14 5.716850e+03 1.000000e+00
   5584.480248 3.261100e-14 5.719600e+03 1.000000e+00
   5587.160964 3.154400e-14 5.722350e+03 1.000000e+00
   5589.851683 2.956000e-14 5.725100e+03 1.000000e+00
   5592.532400 2.936900e-14 5.727850e+03 1.000000e+00
   5595.223119 3.107200e-14 5.730600e+03 1.000000e+00
   5597.903835 3.033800e-14 5.733350e+03 1.000000e+00
   5600.594554 2.976500e-14 5.736100e+03 1.000000e+00
   5603.275271 3.089900e-14 5.738850e+03 1.000000e+00
   5605.955987 3.130100e-14 5.741600e+03 1.000000e+00
   5608.646706 3.127000e-14 5.744350e+03 1.000000e+00
   5611.327422 3.036600e-14 5.747100e+03 1.000000e+00
   5614.018142 3.150200e-14 5.749850e+03 1.000000e+00
   5616.698858 3.082700e-14 5.752600e+03 1.000000e+00
   5619.389577 3.145000e-14 5.755350e+03 1.000000e+00
   5622.070294 3.169900e-14 5.758100e+03 1.000000e+00
   5624.751010 3.066000e-14 5.760850e+03 1.000000e+00
   5627.441729 3.119900e-14 5.763600e+03 1.000000e+00
   5630.122446 3.103900e-14 5.766350e+03 1.000000e+00
   5632.813165 3.189000e-14 5.769100e+03 1.000000e+00
   5635.493882 3.061200e-14 5.771850e+03 1.000000e+00
   5638.184601 3.030200e-14 5.774600e+03 1.000000e+00
   5640.865318 3.012200e-14 5.777350e+03 1.000000e+00
   5643.546034 3.053000e-14 5.780100e+03 1.000000e+00
   5646.236754 3.039100e-14 5.782850e+03 1.000000e+00
   5648.917470 2.988300e-14 5.785600e+03 1.000000e+00
   5651.608189 3.067100e-14 5.788350e+03 1.000000e+00
   5654.288906 3.120600e-14 5.791100e+03 1.000000e+00
   5656.979625 3.074300e-14 5.793850e+03 1.000000e+00
   5659.660342 3.312900e-14 5.796600e+03 1.000000e+00
   5662.341059 3.038200e-14 5.799350e+03 1.000000e+00
   5665.031778 3.154000e-14 5.802100e+03 1.000000e+00
   5667.712495 3.203400e-14 5.804850e+03 1.000000e+00
   5670.403214 3.132700e-14 5.807600e+03 1.000000e+00
   5673.083931 3.226900e-14 5.810350e+03 1.000000e+00
   5675.774651 3.158100e-14 5.813100e+03 1.000000e+00
   5678.455367 3.286000e-14 5.815850e+03 1.000000e+00
   5681.136084 3.213200e-14 5.818600e+03 1.000000e+00
   5683.826804 3.046700e-14 5.821350e+03 1.000000e+00
   5686.507521 3.174700e-14 5.824100e+03 1.000000e+00
   5689.198240 3.085500e-14 5.826850e+03 1.000000e+00
   5691.878957 3.152400e-14 5.829600e+03 1.000000e+00
   5694.569677 3.074500e-14 5.832350e+03 1.000000e+00
   5697.250393 3.146400e-14 5.835100e+03 1.000000e+00
   5699.931110 3.188900e-14 5.837850e+03 1.000000e+00
   5702.621830 3.089400e-14 5.840600e+03 1.000000e+00
   5705.302547 2.994300e-14 5.843350e+03 1.000000e+00
   5707.993267 3.145200e-14 5.846100e+03 1.000000e+00
   5710.673984 2.956100e-14 5.848850e+03 1.000000e+00
   5713.364703 3.121500e-14 5.851600e+03 1.000000e+00
   5716.045420 3.214600e-14 5.854350e+03 1.000000e+00
   5718.726137 3.228400e-14 5.857100e+03 1.000000e+00
   5721.416857 3.235400e-14 5.859850e+03 1.000000e+00
   5724.097574 3.163900e-14 5.862600e+03 1.000000e+00
   5726.788294 3.231100e-14 5.865350e+03 1.000000e+00
   5729.469011 3.079500e-14 5.868100e+03 1.000000e+00
   5732.159730 3.402800e-14 5.870850e+03 1.000000e+00
   5734.840448 3.039100e-14 5.873600e+03 1.000000e+00
   5737.521165 3.154600e-14 5.876350e+03 1.000000e+00
   5740.211884 3.368200e-14 5.879100e+03 1.000000e+00
   5742.892602 3.336800e-14 5.881850e+03 1.000000e+00
   5745.583321 3.237300e-14 5.884600e+03 1.000000e+00
   5748.264039 3.109600e-14 5.887350e+03 1.000000e+00
   5750.954758 3.064800e-14 5.890100e+03 1.000000e+00
   5753.635476 3.207900e-14 5.892850e+03 1.000000e+00
   5756.316193 3.137400e-14 5.895600e+03 1.000000e+00
   5759.006913 3.208700e-14 5.898350e+03 1.000000e+00
   5761.687630 3.292300e-14 5.901100e+03 1.000000e+00
   5764.378350 3.155100e-14 5.903850e+03 1.000000e+00
   5767.059067 3.340600e-14 5.906600e+03 1.000000e+00
   5769.749787 3.413800e-14 5.909350e+03 1.000000e+00
   5772.430504 3.137500e-14 5.912100e+03 1.000000e+00
   5775.111222 3.096800e-14 5.914850e+03 1.000000e+00
   5777.801942 3.286900e-14 5.917600e+03 1.000000e+00
   5780.482659 3.193600e-14 5.920350e+03 1.000000e+00
   5783.173379 3.147300e-14 5.923100e+03 1.000000e+00
   5785.854096 2.937100e-14 5.925850e+03 1.000000e+00
   5788.544816 3.229400e-14 5.928600e+03 1.000000e+00
   5791.225534 3.121500e-14 5.931350e+03 1.000000e+00
   5793.906251 3.030100e-14 5.934100e+03 1.000000e+00
   5796.596971 3.147500e-14 5.936850e+03 1.000000e+00
   5799.277689 3.243800e-14 5.939600e+03 1.000000e+00
   5801.968409 3.138300e-14 5.942350e+03 1.000000e+00
   5804.649126 3.390100e-14 5.945100e+03 1.000000e+00
   5807.339846 3.247400e-14 5.947850e+03 1.000000e+00
   5810.020564 3.145200e-14 5.950600e+03 1.000000e+00
   5812.701281 3.293500e-14 5.953350e+03 1.000000e+00
   5815.392001 3.190500e-14 5.956100e+03 1.000000e+00
   5818.072719 3.321900e-14 5.958850e+03 1.000000e+00
   5820.763439 3.393600e-14 5.961600e+03 1.000000e+00
   5823.444157 3.293900e-14 5.964350e+03 1.000000e+00
   5826.134877 3.066000e-14 5.967100e+03 1.000000e+00
   5828.815594 3.401600e-14 5.969850e+03 1.000000e+00
   5831.496312 3.390000e-14 5.972600e+03 1.000000e+00
   5834.187032 3.415800e-14 5.975350e+03 1.000000e+00
   5836.867750 3.235100e-14 5.978100e+03 1.000000e+00
   5839.558470 3.206700e-14 5.980850e+03 1.000000e+00
   5842.239188 3.166600e-14 5.983600e+03 1.000000e+00
   5844.929908 2.999500e-14 5.986350e+03 1.000000e+00
   5847.610626 3.102000e-14 5.989100e+03 1.000000e+00
   5850.291343 3.050700e-14 5.991850e+03 1.000000e+00
   5852.982064 2.985200e-14 5.994600e+03 1.000000e+00
   5855.662781 3.004200e-14 5.997350e+03 1.000000e+00
   5858.353502 3.219300e-14 6.000100e+03 1.000000e+00
   5861.034219 3.136100e-14 6.002850e+03 1.000000e+00
   5863.724940 3.136000e-14 6.005600e+03 1.000000e+00
   5866.405658 3.159000e-14 6.008350e+03 1.000000e+00
   5869.086375 3.184100e-14 6.011100e+03 1.000000e+00
   5871.777096 3.249100e-14 6.013850e+03 1.000000e+00
   5874.457814 3.233200e-14 6.016600e+03 1.000000e+00
   5877.148534 3.192400e-14 6.019350e+03 1.000000e+00
   5879.829252 3.075300e-14 6.022100e+03 1.000000e+00
   5882.519972 3.017900e-14 6.024850e+03 1.000000e+00
   5885.200690 2.666900e-14 6.027600e+03 1.000000e+00
   5887.881408 2.586700e-14 6.030350e+03 1.000000e+00
   5890.572129 2.472800e-14 6.033100e+03 1.000000e+00
   5893.252846 2.539200e-14 6.035850e+03 1.000000e+00
   5895.943567 2.600100e-14 6.038600e+03 1.000000e+00
   5898.624285 2.673000e-14 6.041350e+03 1.000000e+00
   5901.315005 2.815500e-14 6.044100e+03 1.000000e+00
   5903.995723 3.002600e-14 6.046850e+03 1.000000e+00
   5906.676441 3.090100e-14 6.049600e+03 1.000000e+00
   5909.367162 2.985500e-14 6.052350e+03 1.000000e+00
   5912.047880 3.091300e-14 6.055100e+03 1.000000e+00
   5914.738600 3.249600e-14 6.057850e+03 1.000000e+00
   5917.419318 3.215800e-14 6.060600e+03 1.000000e+00
   5920.110039 3.199500e-14 6.063350e+03 1.000000e+00
   5922.790757 3.180000e-14 6.066100e+03 1.000000e+00
   5925.471475 3.276300e-14 6.068850e+03 1.000000e+00
   5928.162196 3.260400e-14 6.071600e+03 1.000000e+00
   5930.842914 3.231300e-14 6.074350e+03 1.000000e+00
   5933.533635 3.138200e-14 6.077100e+03 1.000000e+00
   5936.214353 3.165500e-14 6.079850e+03 1.000000e+00
   5938.905073 3.284400e-14 6.082600e+03 1.000000e+00
   5941.585792 3.238100e-14 6.085350e+03 1.000000e+00
   5944.266510 3.213300e-14 6.088100e+03 1.000000e+00
   5946.957230 3.157400e-14 6.090850e+03 1.000000e+00
   5949.637949 3.194500e-14 6.093600e+03 1.000000e+00
   5952.328669 3.089000e-14 6.096350e+03 1.000000e+00
   5955.009388 2.943800e-14 6.099100e+03 1.000000e+00
   5957.700108 3.120900e-14 6.101850e+03 1.000000e+00
   5960.380827 3.304800e-14 6.104600e+03 1.000000e+00
   5963.061545 3.345600e-14 6.107350e+03 1.000000e+00
   5965.752266 3.261800e-14 6.110100e+03 1.000000e+00
   5968.432984 3.173900e-14 6.112850e+03 1.000000e+00
   5971.123705 3.204000e-14 6.115600e+03 1.000000e+00
   5973.804423 3.161400e-14 6.118350e+03 1.000000e+00
   5976.495144 3.104800e-14 6.121100e+03 1.000000e+00
   5979.175862 3.132600e-14 6.123850e+03 1.000000e+00
   5981.856580 3.135000e-14 6.126600e+03 1.000000e+00
   5984.547301 3.125300e-14 6.129350e+03 1.000000e+00
   5987.228020 3.183200e-14 6.132100e+03 1.000000e+00
   5989.918741 3.266000e-14 6.134850e+03 1.000000e+00
   5992.599459 3.222900e-14 6.137600e+03 1.000000e+00
   5995.290180 3.114200e-14 6.140350e+03 1.000000e+00
   5997.970898 3.026700e-14 6.143100e+03 1.000000e+00
   6000.651617 3.053100e-14 6.145850e+03 1.000000e+00
   6003.342338 3.051900e-14 6.148600e+03 1.000000e+00
   6006.023056 3.024400e-14 6.151350e+03 1.000000e+00
   6008.713777 3.083600e-14 6.154100e+03 1.000000e+00
   6011.394496 3.179800e-14 6.156850e+03 1.000000e+00
   6014.085217 3.090800e-14 6.159600e+03 1.000000e+00
   6016.765935 3.124900e-14 6.162350e+03 1.000000e+00
   6019.446654 3.039300e-14 6.165100e+03 1.000000e+00
   6022.137375 3.124300e-14 6.167850e+03 1.000000e+00
   6024.818093 3.147100e-14 6.170600e+03 1.000000e+00
   6027.508814 3.174900e-14 6.173350e+03 1.000000e+00
   6030.189533 3.150600e-14 6.176100e+03 1.000000e+00
   6032.880254 3.127900e-14 6.178850e+03 1.000000e+00
   6035.560972 3.280600e-14 6.181600e+03 1.000000e+00
   6038.241691 3.076000e-14 6.184350e+03 1.000000e+00
   6040.932412 3.157600e-14 6.187100e+03 1.000000e+00
   6043.613131 3.153600e-14 6.189850e+03 1.000000e+00
   6046.303852 3.047100e-14 6.192600e+03 1.000000e+00
   6048.984571 3.103000e-14 6.195350e+03 1.000000e+00
   6051.675292 3.080900e-14 6.198100e+03 1.000000e+00
   6054.356010 3.234100e-14 6.200850e+03 1.000000e+00
   6057.036729 3.157300e-14 6.203600e+03 1.000000e+00
   6059.727450 3.056800e-14 6.206350e+03 1.000000e+00
   6062.408169 3.115300e-14 6.209100e+03 1.000000e+00
   6065.098890 3.059600e-14 6.211850e+03 1.000000e+00
   6067.779609 3.165300e-14 6.214600e+03 1.000000e+00
   6070.470330 3.369300e-14 6.217350e+03 1.000000e+00
   6073.151049 3.199900e-14 6.220100e+03 1.000000e+00
   6075.831768 3.132700e-14 6.222850e+03 1.000000e+00
   6078.522489 2.970600e-14 6.225600e+03 1.000000e+00
   6081.203208 3.060800e-14 6.228350e+03 1.000000e+00
   6083.893929 3.152300e-14 6.231100e+03 1.000000e+00
   6086.574648 3.242800e-14 6.233850e+03 1.000000e+00
   6089.265369 2.929900e-14 6.236600e+03 1.000000e+00
   6091.946088 3.103700e-14 6.239350e+03 1.000000e+00
   6094.626807 3.143300e-14 6.242100e+03 1.000000e+00
   6097.317528 3.301200e-14 6.244850e+03 1.000000e+00
   6099.998247 3.135100e-14 6.247600e+03 1.000000e+00
   6102.688968 2.914600e-14 6.250350e+03 1.000000e+00
   6105.369687 3.084500e-14 6.253100e+03 1.000000e+00
   6108.060409 3.293700e-14 6.255850e+03 1.000000e+00
   6110.741127 2.988700e-14 6.258600e+03 1.000000e+00
   6113.421846 3.131200e-14 6.261350e+03 1.000000e+00
   6116.112568 3.106200e-14 6.264100e+03 1.000000e+00
   6118.793287 3.305400e-14 6.266850e+03 1.000000e+00
   6121.484008 3.250600e-14 6.269600e+03 1.000000e+00
   6124.164727 3.218600e-14 6.272350e+03 1.000000e+00
   6126.855449 3.285900e-14 6.275100e+03 1.000000e+00
   6129.536168 3.211000e-14 6.277850e+03 1.000000e+00
   6132.216887 3.219100e-14 6.280600e+03 1.000000e+00
   6134.907608 3.119200e-14 6.283350e+03 1.000000e+00
   6137.588327 3.073300e-14 6.286100e+03 1.000000e+00
   6140.279049 2.922800e-14 6.288850e+03 1.000000e+00
   6142.959768 3.196100e-14 6.291600e+03 1.000000e+00
   6145.650489 3.108700e-14 6.294350e+03 1.000000e+00
   6148.331208 3.080700e-14 6.297100e+03 1.000000e+00
   6151.011927 3.123900e-14 6.299850e+03 1.000000e+00
   6153.702649 3.118200e-14 6.302600e+03 1.000000e+00
   6156.383368 3.015300e-14 6.305350e+03 1.000000e+00
   6159.074090 2.868500e-14 6.308100e+03 1.000000e+00
   6161.754809 2.990300e-14 6.310850e+03 1.000000e+00
   6164.445530 2.941700e-14 6.313600e+03 1.000000e+00
   6167.126249 3.095700e-14 6.316350e+03 1.000000e+00
   6169.806969 3.001000e-14 6.319100e+03 1.000000e+00
   6172.497690 2.983800e-14 6.321850e+03 1.000000e+00
   6175.178409 3.096200e-14 6.324600e+03 1.000000e+00
   6177.869131 3.063200e-14 6.327350e+03 1.000000e+00
   6180.549850 2.927900e-14 6.330100e+03 1.000000e+00
   6183.240572 3.024700e-14 6.332850e+03 1.000000e+00
   6185.921291 3.087600e-14 6.335600e+03 1.000000e+00
   6188.602010 2.926800e-14 6.338350e+03 1.000000e+00
   6191.292732 3.022300e-14 6.341100e+03 1.000000e+00
   6193.973451 3.107500e-14 6.343850e+03 1.000000e+00
   6196.664173 2.986500e-14 6.346600e+03 1.000000e+00
   6199.344892 3.131200e-14 6.349350e+03 1.000000e+00
   6202.035614 3.258000e-14 6.352100e+03 1.000000e+00
   6204.716334 3.089800e-14 6.354850e+03 1.000000e+00
   6207.397053 3.226000e-14 6.357600e+03 1.000000e+00
   6210.087775 3.122000e-14 6.360350e+03 1.000000e+00
   6212.768494 3.167800e-14 6.363100e+03 1.000000e+00
   6215.459216 3.066400e-14 6.365850e+03 1.000000e+00
   6218.139935 2.923800e-14 6.368600e+03 1.000000e+00
   6220.830657 2.888300e-14 6.371350e+03 1.000000e+00
   6223.511376 3.112700e-14 6.374100e+03 1.000000e+00
   6226.192096 2.875200e-14 6.376850e+03 1.000000e+00
   6228.882818 2.839300e-14 6.379600e+03 1.000000e+00
   6231.563537 3.083800e-14 6.382350e+03 1.000000e+00
   6234.254259 3.161000e-14 6.385100e+03 1.000000e+00
   6236.934978 3.073100e-14 6.387850e+03 1.000000e+00
   6239.625700 2.675000e-14 6.390600e+03 1.000000e+00
   6242.306420 2.887300e-14 6.393350e+03 1.000000e+00
   6244.987139 2.908000e-14 6.396100e+03 1.000000e+00
   6247.677861 2.834300e-14 6.398850e+03 1.000000e+00
   6250.358580 2.815000e-14 6.401600e+03 1.000000e+00
   6253.049302 2.986600e-14 6.404350e+03 1.000000e+00
   6255.730022 2.919900e-14 6.407100e+03 1.000000e+00
   6258.420744 2.904000e-14 6.409850e+03 1.000000e+00
   6261.101463 2.683100e-14 6.412600e+03 1.000000e+00
   6263.782183 2.898500e-14 6.415350e+03 1.000000e+00
   6266.472905 2.940700e-14 6.418100e+03 1.000000e+00
   6269.153624 2.950900e-14 6.420850e+03 1.000000e+00
   6271.844347 2.953900e-14 6.423600e+03 1.000000e+00
   6274.525066 2.915600e-14 6.426350e+03 1.000000e+00
   6277.215788 3.114400e-14 6.429100e+03 1.000000e+00
   6279.896508 3.103100e-14 6.431850e+03 1.000000e+00
   6282.587230 2.978500e-14 6.434600e+03 1.000000e+00
   6285.267949 3.215900e-14 6.437350e+03 1.000000e+00
   6287.948669 3.388900e-14 6.440100e+03 1.000000e+00
   6290.639391 3.682300e-14 6.442850e+03 1.000000e+00
   6293.320111 3.714000e-14 6.445600e+03 1.000000e+00
   6296.010833 3.879700e-14 6.448350e+03 1.000000e+00
   6298.691553 4.161900e-14 6.451100e+03 1.000000e+00
   6301.382275 4.311500e-14 6.453850e+03 1.000000e+00
   6304.062994 4.284500e-14 6.456600e+03 1.000000e+00
   6306.743714 3.976600e-14 6.459350e+03 1.000000e+00
   6309.434436 3.883100e-14 6.462100e+03 1.000000e+00
   6312.115156 3.650100e-14 6.464850e+03 1.000000e+00
   6314.805878 3.431700e-14 6.467600e+03 1.000000e+00
   6317.486598 3.251000e-14 6.470350e+03 1.000000e+00
   6320.177320 3.208700e-14 6.473100e+03 1.000000e+00
   6322.858040 3.035600e-14 6.475850e+03 1.000000e+00
   6325.538760 3.223900e-14 6.478600e+03 1.000000e+00
   6328.229482 3.151700e-14 6.481350e+03 1.000000e+00
   6330.910202 3.128600e-14 6.484100e+03 1.000000e+00
   6333.600924 3.102600e-14 6.486850e+03 1.000000e+00
   6336.281644 3.019100e-14 6.489600e+03 1.000000e+00
   6338.972366 3.153600e-14 6.492350e+03 1.000000e+00
   6341.653086 3.013100e-14 6.495100e+03 1.000000e+00
   6344.333806 3.145900e-14 6.497850e+03 1.000000e+00
   6347.024528 3.086300e-14 6.500600e+03 1.000000e+00
   6349.705248 3.249300e-14 6.503350e+03 1.000000e+00
   6352.395970 3.329500e-14 6.506100e+03 1.000000e+00
   6355.076690 3.144300e-14 6.508850e+03 1.000000e+00
   6357.767412 3.072700e-14 6.511600e+03 1.000000e+00
   6360.448132 3.347000e-14 6.514350e+03 1.000000e+00
   6363.128852 3.520300e-14 6.517100e+03 1.000000e+00
   6365.819575 3.341000e-14 6.519850e+03 1.000000e+00
   6368.500294 3.430100e-14 6.522600e+03 1.000000e+00
   6371.191017 3.337300e-14 6.525350e+03 1.000000e+00
   6373.871737 3.267200e-14 6.528100e+03 1.000000e+00
   6376.562459 3.356600e-14 6.530850e+03 1.000000e+00
   6379.243179 3.277800e-14 6.533600e+03 1.000000e+00
   6381.923899 3.307400e-14 6.536350e+03 1.000000e+00
   6384.614622 3.240800e-14 6.539100e+03 1.000000e+00
   6387.295341 3.084000e-14 6.541850e+03 1.000000e+00
   6389.986064 3.202800e-14 6.544600e+03 1.000000e+00
   6392.666784 3.265000e-14 6.547350e+03 1.000000e+00
   6395.357507 3.286100e-14 6.550100e+03 1.000000e+00
   6398.038227 2.995100e-14 6.552850e+03 1.000000e+00
   6400.718946 2.924300e-14 6.555600e+03 1.000000e+00
   6403.409669 2.987500e-14 6.558350e+03 1.000000e+00
   6406.090389 2.996400e-14 6.561100e+03 1.000000e+00
   6408.781112 3.074100e-14 6.563850e+03 1.000000e+00
   6411.461832 2.925700e-14 6.566600e+03 1.000000e+00
   6414.152554 3.029000e-14 6.569350e+03 1.000000e+00
   6416.833274 2.915900e-14 6.572100e+03 1.000000e+00
   6419.513994 3.042800e-14 6.574850e+03 1.000000e+00
   6422.204717 2.988600e-14 6.577600e+03 1.000000e+00
   6424.885437 2.987100e-14 6.580350e+03 1.000000e+00
   6427.576160 3.050800e-14 6.583100e+03 1.000000e+00
   6430.256880 3.031600e-14 6.585850e+03 1.000000e+00
   6432.947603 3.001200e-14 6.588600e+03 1.000000e+00
   6435.628323 2.998500e-14 6.591350e+03 1.000000e+00
   6438.309043 3.074700e-14 6.594100e+03 1.000000e+00
   6440.999766 3.044100e-14 6.596850e+03 1.000000e+00
   6443.680486 3.087300e-14 6.599600e+03 1.000000e+00
   6446.371208 3.049800e-14 6.602350e+03 1.000000e+00
   6449.051929 2.958800e-14 6.605100e+03 1.000000e+00
   6451.742651 3.095000e-14 6.607850e+03 1.000000e+00
   6454.423371 2.901400e-14 6.610600e+03 1.000000e+00
   6457.104092 2.967200e-14 6.613350e+03 1.000000e+00
   6459.794814 2.992900e-14 6.616100e+03 1.000000e+00
   6462.475535 2.993300e-14 6.618850e+03 1.000000e+00
   6465.166257 3.057900e-14 6.621600e+03 1.000000e+00
   6467.846978 2.888600e-14 6.624350e+03 1.000000e+00
   6470.537701 3.184500e-14 6.627100e+03 1.000000e+00
   6473.218421 3.055000e-14 6.629850e+03 1.000000e+00
   6475.899141 3.210700e-14 6.632600e+03 1.000000e+00
   6478.589864 3.160400e-14 6.635350e+03 1.000000e+00
   6481.270584 3.168700e-14 6.638100e+03 1.000000e+00
   6483.961307 3.171100e-14 6.640850e+03 1.000000e+00
   6486.642027 3.063400e-14 6.643600e+03 1.000000e+00
   6489.332750 3.035600e-14 6.646350e+03 1.000000e+00
   6492.013470 2.907300e-14 6.649100e+03 1.000000e+00
   6494.694191 3.009700e-14 6.651850e+03 1.000000e+00
   6497.384914 2.775500e-14 6.654600e+03 1.000000e+00
   6500.065634 2.931700e-14 6.657350e+03 1.000000e+00
   6502.756357 2.915100e-14 6.660100e+03 1.000000e+00
   6505.437077 3.059300e-14 6.662850e+03 1.000000e+00
   6508.127800 3.048700e-14 6.665600e+03 1.000000e+00
   6510.808521 2.937500e-14 6.668350e+03 1.000000e+00
   6513.489241 3.163500e-14 6.671100e+03 1.000000e+00
   6516.179964 3.280500e-14 6.673850e+03 1.000000e+00
   6518.860684 3.260800e-14 6.676600e+03 1.000000e+00
   6521.551407 3.132700e-14 6.679350e+03 1.000000e+00
   6524.232128 3.161800e-14 6.682100e+03 1.000000e+00
   6526.922851 3.312900e-14 6.684850e+03 1.000000e+00
   6529.603571 3.506500e-14 6.687600e+03 1.000000e+00
   6532.284292 3.537000e-14 6.690350e+03 1.000000e+00
   6534.975015 3.747200e-14 6.693100e+03 1.000000e+00
   6537.655735 3.890100e-14 6.695850e+03 1.000000e+00
   6540.346458 4.055400e-14 6.698600e+03 1.000000e+00
   6543.027179 4.701000e-14 6.701350e+03 1.000000e+00
   6545.717902 5.096800e-14 6.704100e+03 1.000000e+00
   6548.398622 5.469900e-14 6.706850e+03 1.000000e+00
   6551.079343 5.834400e-14 6.709600e+03 1.000000e+00
   6553.770066 6.177900e-14 6.712350e+03 1.000000e+00
   6556.450786 6.850300e-14 6.715100e+03 1.000000e+00
   6559.141509 7.554100e-14 6.717850e+03 1.000000e+00
   6561.822230 8.080000e-14 6.720600e+03 1.000000e+00
   6564.512953 8.329700e-14 6.723350e+03 1.000000e+00
   6567.193674 8.448800e-14 6.726100e+03 1.000000e+00
   6569.874394 7.852400e-14 6.728850e+03 1.000000e+00
   6572.565117 7.425000e-14 6.731600e+03 1.000000e+00
   6575.245838 7.256100e-14 6.734350e+03 1.000000e+00
   6577.936561 7.426200e-14 6.737100e+03 1.000000e+00
   6580.617282 8.113900e-14 6.739850e+03 1.000000e+00
   6583.308005 8.788000e-14 6.742600e+03 1.000000e+00
   6585.988726 9.011500e-14 6.745350e+03 1.000000e+00
   6588.669446 8.693800e-14 6.748100e+03 1.000000e+00
   6591.360169 7.771500e-14 6.750850e+03 1.000000e+00
   6594.040890 6.823300e-14 6.753600e+03 1.000000e+00
   6596.731613 5.878200e-14 6.756350e+03 1.000000e+00
   6599.412334 5.048800e-14 6.759100e+03 1.000000e+00
   6602.103057 4.309000e-14 6.761850e+03 1.000000e+00
   6604.783778 3.919900e-14 6.764600e+03 1.000000e+00
   6607.464498 3.662300e-14 6.767350e+03 1.000000e+00
   6610.155222 3.460400e-14 6.770100e+03 1.000000e+00
   6612.835942 3.366100e-14 6.772850e+03 1.000000e+00
   6615.526666 3.212500e-14 6.775600e+03 1.000000e+00
   6618.207387 3.143200e-14 6.778350e+03 1.000000e+00
   6620.898110 3.203900e-14 6.781100e+03 1.000000e+00
   6623.578831 3.084300e-14 6.783850e+03 1.000000e+00
   6626.259551 3.015400e-14 6.786600e+03 1.000000e+00
   6628.950275 3.122300e-14 6.789350e+03 1.000000e+00
   6631.630995 3.114300e-14 6.792100e+03 1.000000e+00
   6634.321719 3.103100e-14 6.794850e+03 1.000000e+00
   6637.002440 2.968800e-14 6.797600e+03 1.000000e+00
   6639.693163 2.860800e-14 6.800350e+03 1.000000e+00
   6642.373884 2.959500e-14 6.803100e+03 1.000000e+00
   6645.054605 3.064500e-14 6.805850e+03 1.000000e+00
   6647.745328 3.073400e-14 6.808600e+03 1.000000e+00
   6650.426049 3.178400e-14 6.811350e+03 1.000000e+00
   6653.116772 3.182400e-14 6.814100e+03 1.000000e+00
   6655.797493 3.063600e-14 6.816850e+03 1.000000e+00
   6658.488217 2.944000e-14 6.819600e+03 1.000000e+00
   6661.168937 2.899500e-14 6.822350e+03 1.000000e+00
   6663.849658 2.839200e-14 6.825100e+03 1.000000e+00
   6666.540382 2.787700e-14 6.827850e+03 1.000000e+00
   6677.543340 3.075300e-14 6.839120e+03 0.000000e+00
   6692.927477 3.061200e-14 6.854880e+03 0.000000e+00
   6708.361628 3.040200e-14 6.870680e+03 0.000000e+00
   6723.825787 2.916900e-14 6.886520e+03 0.000000e+00
   6739.319955 3.040400e-14 6.902400e+03 0.000000e+00
   6754.854133 2.985000e-14 6.918310e+03 0.000000e+00
   6770.428323 3.047600e-14 6.934260e+03 0.000000e+00
   6786.042523 3.082900e-14 6.950240e+03 0.000000e+00
   6801.676730 2.992100e-14 6.966260e+03 0.000000e+00
   6817.360950 3.019800e-14 6.982330e+03 0.000000e+00
   6833.075178 3.076100e-14 6.998420e+03 0.000000e+00
   6848.829417 2.917500e-14 7.014550e+03 0.000000e+00
   6864.613665 2.965000e-14 7.030720e+03 0.000000e+00
   6880.437924 2.931100e-14 7.046930e+03 0.000000e+00
   6896.302193 2.944700e-14 7.063180e+03 0.000000e+00
   6912.196471 2.958400e-14 7.079460e+03 0.000000e+00
   6928.130760 2.965300e-14 7.095780e+03 0.000000e+00
   6944.105061 3.048400e-14 7.112140e+03 0.000000e+00
   6960.109369 3.020600e-14 7.128530e+03 0.000000e+00
   6976.163691 3.112400e-14 7.144960e+03 0.000000e+00
   6992.238019 3.112500e-14 7.161430e+03 0.000000e+00
   7008.352358 3.000000e-14 7.177940e+03 0.000000e+00
   7024.516710 2.931800e-14 7.194490e+03 0.000000e+00
   7040.711071 3.098400e-14 7.211080e+03 0.000000e+00
   7056.935441 3.214800e-14 7.227700e+03 0.000000e+00
   7073.199821 2.952300e-14 7.244360e+03 0.000000e+00
   7089.514215 3.063200e-14 7.261060e+03 0.000000e+00
   7105.848615 2.878700e-14 7.277800e+03 0.000000e+00
   7122.233028 2.872100e-14 7.294570e+03 0.000000e+00
   7138.657452 2.749200e-14 7.311390e+03 0.000000e+00
   7155.111885 2.832900e-14 7.328250e+03 0.000000e+00
   7171.606329 2.839500e-14 7.345140e+03 0.000000e+00
   7188.140784 2.820000e-14 7.362070e+03 0.000000e+00
   7204.705247 2.807100e-14 7.379040e+03 0.000000e+00
   7221.309721 2.912500e-14 7.396050e+03 0.000000e+00
   7237.954206 2.939600e-14 7.413100e+03 0.000000e+00
   7254.648705 2.899300e-14 7.430190e+03 0.000000e+00
   7271.373213 2.872800e-14 7.447320e+03 0.000000e+00
   7288.127728 2.933000e-14 7.464490e+03 0.000000e+00
   7304.932258 3.029200e-14 7.481700e+03 0.000000e+00
   7321.766795 3.008400e-14 7.498940e+03 0.000000e+00
   7338.651347 3.043400e-14 7.516230e+03 0.000000e+00
   7355.565906 3.078700e-14 7.533560e+03 0.000000e+00
   7372.520477 2.994900e-14 7.550920e+03 0.000000e+00
   7389.515059 3.179700e-14 7.568330e+03 0.000000e+00
   7406.559654 3.143400e-14 7.585780e+03 0.000000e+00
   7423.624256 3.015900e-14 7.603260e+03 0.000000e+00
   7440.738870 3.093300e-14 7.620790e+03 0.000000e+00
   7457.893496 3.107700e-14 7.638360e+03 0.000000e+00
   7475.088133 3.158300e-14 7.655970e+03 0.000000e+00
   7492.312779 3.100700e-14 7.673610e+03 0.000000e+00
   7509.587438 3.158500e-14 7.691300e+03 0.000000e+00
   7526.902108 3.209900e-14 7.709040e+03 0.000000e+00
   7544.246786 3.217400e-14 7.726810e+03 0.000000e+00
   7561.641478 3.158700e-14 7.744620e+03 0.000000e+00
   7579.076181 3.108300e-14 7.762470e+03 0.000000e+00
   7596.540893 3.079900e-14 7.780370e+03 0.000000e+00
   7614.055618 3.023800e-14 7.798300e+03 0.000000e+00
   7631.610354 3.058900e-14 7.816280e+03 0.000000e+00
   7649.205101 3.023900e-14 7.834300e+03 0.000000e+00
   7666.829857 2.968800e-14 7.852360e+03 0.000000e+00
   7684.504626 2.908000e-14 7.870460e+03 0.000000e+00
   7702.219406 2.928300e-14 7.888600e+03 0.000000e+00
   7719.974198 2.948600e-14 7.906790e+03 0.000000e+00
   7737.769000 2.901600e-14 7.925010e+03 0.000000e+00
   7755.613816 2.868500e-14 7.943280e+03 0.000000e+00
   7773.488640 2.942100e-14 7.961590e+03 0.000000e+00
   7791.403476 2.888500e-14 7.979950e+03 0.000000e+00
   7809.368325 2.875300e-14 7.998340e+03 0.000000e+00
   7827.373185 3.010900e-14 8.016780e+03 0.000000e+00
   7845.418057 2.855700e-14 8.035260e+03 0.000000e+00
   7863.502939 2.949300e-14 8.053780e+03 0.000000e+00
   7881.627832 2.949400e-14 8.072350e+03 0.000000e+00
   7899.802739 2.997400e-14 8.090960e+03 0.000000e+00
   7918.007654 2.915800e-14 8.109610e+03 0.000000e+00
   7936.262583 2.875900e-14 8.128310e+03 0.000000e+00
   7954.557524 2.752900e-14 8.147040e+03 0.000000e+00
   7972.892475 2.896000e-14 8.165820e+03 0.000000e+00
   7991.277439 2.916200e-14 8.184650e+03 0.000000e+00
   8009.692413 2.856500e-14 8.203520e+03 0.000000e+00
   8028.157400 3.011900e-14 8.222430e+03 0.000000e+00
   8046.662397 3.060900e-14 8.241380e+03 0.000000e+00
   8065.217409 3.026000e-14 8.260380e+03 0.000000e+00
   8083.802429 2.930100e-14 8.279420e+03 0.000000e+00
   8102.437463 2.863500e-14 8.298510e+03 0.000000e+00
   8121.122510 2.991600e-14 8.317640e+03 0.000000e+00
   8139.837566 3.026400e-14 8.336810e+03 0.000000e+00
   8158.602635 2.950700e-14 8.356030e+03 0.000000e+00
   8177.417719 2.923800e-14 8.375290e+03 0.000000e+00
   8196.262810 2.811600e-14 8.394600e+03 0.000000e+00
   8215.157915 2.978300e-14 8.413950e+03 0.000000e+00
   8234.093032 2.951100e-14 8.433350e+03 0.000000e+00
   8253.078162 2.999200e-14 8.452790e+03 0.000000e+00
   8272.103303 3.083300e-14 8.472270e+03 0.000000e+00
   8291.168455 2.971800e-14 8.491800e+03 0.000000e+00
   8310.283620 2.937900e-14 8.511380e+03 0.000000e+00
   8329.438797 2.938000e-14 8.531000e+03 0.000000e+00
   8348.643988 2.864600e-14 8.550670e+03 0.000000e+00
   8367.889189 2.945000e-14 8.570380e+03 0.000000e+00
   8387.174402 2.878000e-14 8.590140e+03 0.000000e+00
   8406.509628 2.931600e-14 8.609940e+03 0.000000e+00
   8425.894868 2.911500e-14 8.629790e+03 0.000000e+00
   8445.320119 2.748700e-14 8.649680e+03 0.000000e+00
   8464.785381 2.891700e-14 8.669620e+03 0.000000e+00
   8484.290654 2.885100e-14 8.689600e+03 0.000000e+00
   8503.855944 2.905200e-14 8.709640e+03 0.000000e+00
   8523.461244 2.819600e-14 8.729710e+03 0.000000e+00
   8543.106556 2.839300e-14 8.749840e+03 0.000000e+00
   8562.801881 2.800400e-14 8.770010e+03 0.000000e+00
   8582.537218 2.872300e-14 8.790230e+03 0.000000e+00
   8602.322568 2.839500e-14 8.810490e+03 0.000000e+00
   8622.157931 2.781400e-14 8.830800e+03 0.000000e+00
   8642.033306 2.872600e-14 8.851160e+03 0.000000e+00
   8661.948692 2.756100e-14 8.871560e+03 0.000000e+00
   8681.914092 2.718300e-14 8.892010e+03 0.000000e+00
   8701.939508 2.638200e-14 8.912510e+03 0.000000e+00
   8721.994932 2.814000e-14 8.933050e+03 0.000000e+00
   8742.100370 2.833600e-14 8.953650e+03 0.000000e+00
   8762.255822 2.731200e-14 8.974290e+03 0.000000e+00
   8782.451284 2.846900e-14 8.994980e+03 0.000000e+00
   8802.696761 2.807900e-14 9.015710e+03 0.000000e+00
   8822.992251 2.860200e-14 9.036500e+03 0.000000e+00
   8843.327752 2.893400e-14 9.057330e+03 0.000000e+00
   8863.713267 2.867000e-14 9.078200e+03 0.000000e+00
   8884.148796 2.719200e-14 9.099130e+03 0.000000e+00
   8904.624336 2.731900e-14 9.120110e+03 0.000000e+00
   8925.149889 2.770000e-14 9.141130e+03 0.000000e+00
   8945.725456 2.757300e-14 9.162200e+03 0.000000e+00
   8966.351037 2.688400e-14 9.183330e+03 0.000000e+00
   8987.016629 2.651700e-14 9.204500e+03 0.000000e+00
   9007.732235 2.783100e-14 9.225710e+03 0.000000e+00
   9028.507857 2.446500e-14 9.246980e+03 0.000000e+00
   9049.313487 2.881100e-14 9.268300e+03 0.000000e+00
   9070.179134 2.914600e-14 9.289660e+03 0.000000e+00
   9091.084792 2.627800e-14 9.311080e+03 0.000000e+00
   9112.040463 2.633900e-14 9.332540e+03 0.000000e+00
   9133.046149 2.790100e-14 9.354060e+03 0.000000e+00
   9154.101848 2.701700e-14 9.375620e+03 0.000000e+00
   9175.207560 2.739400e-14 9.397230e+03 0.000000e+00
   9196.353284 2.689500e-14 9.418900e+03 0.000000e+00
   9217.549022 2.733200e-14 9.440610e+03 0.000000e+00
   9238.804775 2.598300e-14 9.462370e+03 0.000000e+00
   9260.100540 2.622500e-14 9.484180e+03 0.000000e+00
   9281.446319 2.836100e-14 9.506050e+03 0.000000e+00
   9302.842111 2.671400e-14 9.527960e+03 0.000000e+00
   9324.287918 2.823300e-14 9.549930e+03 0.000000e+00
   9345.783737 2.816900e-14 9.571940e+03 0.000000e+00
   9367.329571 2.771900e-14 9.594010e+03 0.000000e+00
   9388.925418 2.817100e-14 9.616120e+03 0.000000e+00
   9410.561277 2.759400e-14 9.638290e+03 0.000000e+00
   9432.257151 2.856500e-14 9.660510e+03 0.000000e+00
   9454.003040 2.817400e-14 9.682780e+03 0.000000e+00
   9475.798942 2.896400e-14 9.705100e+03 0.000000e+00
   9497.634855 2.903200e-14 9.727470e+03 0.000000e+00
   9519.530785 2.811200e-14 9.749900e+03 0.000000e+00
   9541.476728 2.837300e-14 9.772370e+03 0.000000e+00
   9563.472685 2.741100e-14 9.794900e+03 0.000000e+00
   9585.518656 2.890300e-14 9.817480e+03 0.000000e+00
   9607.614641 2.850700e-14 9.840110e+03 0.000000e+00
   9629.760639 2.870600e-14 9.862790e+03 0.000000e+00
   9651.956651 2.824800e-14 9.885530e+03 0.000000e+00
   9674.212679 2.824900e-14 9.908320e+03 0.000000e+00
   9696.508719 2.870900e-14 9.931160e+03 0.000000e+00
   9718.864775 2.805600e-14 9.954050e+03 0.000000e+00
   9741.270844 2.767200e-14 9.977000e+03 0.000000e+00
   9763.726927 2.761000e-14 1.000000e+04 0.000000e+00
   9786.233024 2.748400e-14 1.002305e+04 0.000000e+00
   9808.789135 2.825500e-14 1.004615e+04 0.000000e+00
   9831.395260 2.793300e-14 1.006931e+04 0.000000e+00
   9854.071403 2.819200e-14 1.009253e+04 0.000000e+00
   9876.787558 2.799900e-14 1.011580e+04 0.000000e+00
   9899.553726 2.800000e-14 1.013912e+04 0.000000e+00
   9922.369908 2.780800e-14 1.016249e+04 0.000000e+00
   9945.246107 2.832600e-14 1.018591e+04 0.000000e+00
   9968.172319 2.839300e-14 1.020939e+04 0.000000e+00
   9991.158548 2.826300e-14 1.023294e+04 0.000000e+00
  10037.271044 2.859300e-14 1.028017e+04 0.000000e+00
  10083.593597 2.820300e-14 1.032761e+04 0.000000e+00
  10130.136211 2.926300e-14 1.037528e+04 0.000000e+00
  10176.908888 2.906400e-14 1.042318e+04 0.000000e+00
  10223.871617 2.960600e-14 1.047129e+04 0.000000e+00
  10271.064409 3.002100e-14 1.051962e+04 0.000000e+00
  10294.740827 3.009100e-14 1.054386e+04 0.000000e+00
  10510.309268 2.894300e-14 1.076465e+04 0.000000e+00
  10705.712254 2.738700e-14 1.096478e+04 0.000000e+00
  10904.736231 2.713600e-14 1.116863e+04 0.000000e+00
  11107.481228 2.520800e-14 1.137628e+04 0.000000e+00
  11313.987255 2.555900e-14 1.158778e+04 0.000000e+00
  11497.817138 2.603400e-14 1.177606e+04 0.000000e+00
  11711.575150 2.555900e-14 1.199499e+04 0.000000e+00
  11901.876805 2.368900e-14 1.218990e+04 0.000000e+00
  12095.259302 2.407400e-14 1.238796e+04 0.000000e+00
  12291.792662 2.401800e-14 1.258925e+04 0.000000e+00
  12491.516895 2.309600e-14 1.279381e+04 0.000000e+00
  12694.492017 2.267500e-14 1.300169e+04 0.000000e+00
  12900.758040 2.241500e-14 1.321295e+04 0.000000e+00
  13110.374979 2.215900e-14 1.342764e+04 0.000000e+00
  13292.754524 2.130800e-14 1.361444e+04 0.000000e+00
  13508.743206 2.068000e-14 1.383566e+04 0.000000e+00
  13696.674269 2.034900e-14 1.402813e+04 0.000000e+00
  13919.224745 1.929900e-14 1.425607e+04 0.000000e+00
  14112.857367 1.809400e-14 1.445439e+04 0.000000e+00
  14309.190727 1.797000e-14 1.465547e+04 0.000000e+00
  14508.254834 1.830400e-14 1.485935e+04 0.000000e+00
  14710.079695 1.756100e-14 1.506607e+04 0.000000e+00
  14914.725328 1.805300e-14 1.527566e+04 0.000000e+00
  15087.432281 1.843100e-14 1.545255e+04 0.000000e+00
  15297.319345 1.903500e-14 1.566752e+04 0.000000e+00
  15510.127208 1.886000e-14 1.588548e+04 0.000000e+00
  15689.716041 1.843100e-14 1.606941e+04 0.000000e+00
  15907.985395 1.764200e-14 1.629296e+04 0.000000e+00
  16092.195491 1.760100e-14 1.648162e+04 0.000000e+00
  16316.056373 1.764200e-14 1.671091e+04 0.000000e+00
  16504.987758 1.760100e-14 1.690442e+04 0.000000e+00
  16696.099739 1.780500e-14 1.710014e+04 0.000000e+00
  16889.432327 1.788700e-14 1.729816e+04 0.000000e+00
  17085.005526 1.776400e-14 1.749847e+04 0.000000e+00
  17322.680181 1.716100e-14 1.774190e+04 0.000000e+00
  17523.274751 1.657800e-14 1.794734e+04 0.000000e+00
  17685.408861 1.568700e-14 1.811340e+04 0.000000e+00
  17890.194575 1.481000e-14 1.832314e+04 0.000000e+00
  18097.360940 1.388500e-14 1.853532e+04 0.000000e+00
  18306.897953 1.350700e-14 1.874994e+04 0.000000e+00
  18518.895637 1.298800e-14 1.896705e+04 0.000000e+00
  18690.252264 1.226200e-14 1.914256e+04 0.000000e+00
  18906.681158 1.203800e-14 1.936423e+04 0.000000e+00
  19125.590729 1.198200e-14 1.958844e+04 0.000000e+00
  19302.568891 1.173700e-14 1.976970e+04 0.000000e+00
  19526.089720 1.131200e-14 1.999862e+04 0.000000e+00
  19706.748887 1.087800e-14 2.018366e+04 0.000000e+00
  19889.098515 1.053300e-14 2.037042e+04 0.000000e+00
  20119.411199 1.043600e-14 2.060630e+04 0.000000e+00
  20305.551862 1.017500e-14 2.079696e+04 0.000000e+00
  20493.453005 1.017500e-14 2.098940e+04 0.000000e+00
  20683.084621 1.005900e-14 2.118362e+04 0.000000e+00
  20922.559805 9.943600e-15 2.142890e+04 0.000000e+00
  21116.162504 9.897900e-15 2.162719e+04 0.000000e+00
  21311.565695 9.762100e-15 2.182731e+04 0.000000e+00
  21508.739369 9.650400e-15 2.202926e+04 0.000000e+00
  21707.763548 9.387400e-15 2.223311e+04 0.000000e+00
  21908.608224 9.258600e-15 2.243881e+04 0.000000e+00
  22111.343415 9.027000e-15 2.264644e+04 0.000000e+00
  22315.939114 8.821500e-15 2.285600e+04 0.000000e+00
  22522.415327 8.650800e-15 2.306747e+04 0.000000e+00
  22730.822066 8.465800e-15 2.328092e+04 0.000000e+00
  22888.374961 7.618700e-15 2.344228e+04 0.000000e+00
  23100.162622 7.559800e-15 2.365920e+04 0.000000e+00
  23313.890813 6.655000e-15 2.387810e+04 0.000000e+00
  23529.619550 6.248700e-15 2.409905e+04 0.000000e+00
  23692.733962 6.339200e-15 2.426611e+04 0.000000e+00
  23911.943649 5.857300e-15 2.449063e+04 0.000000e+00
  24133.213898 5.602300e-15 2.471725e+04 0.000000e+00
  24300.479443 5.452800e-15 2.488857e+04 0.000000e+00
  24525.340671 4.980900e-15 2.511887e+04 0.000000e+00
  24695.336961 4.803700e-15 2.529297e+04 0.000000e+00
  24862.512483 4.263800e-15 2.546420e+04 2.000000e+00
  24957.028220 4.061400e-15 2.556100e+04 2.000000e+00
  25051.443930 3.954800e-15 2.565770e+04 2.000000e+00
  25145.949665 3.929200e-15 2.575450e+04 2.000000e+00
  25240.365375 3.888800e-15 2.585120e+04 2.000000e+00
  25334.881113 3.866400e-15 2.594800e+04 2.000000e+00
  25429.396851 3.879300e-15 2.604480e+04 2.000000e+00
  25523.812562 3.898700e-15 2.614150e+04 2.000000e+00
  25618.328300 3.943300e-15 2.623830e+04 2.000000e+00
  25712.834035 3.991700e-15 2.633510e+04 2.000000e+00
  25807.249747 3.954400e-15 2.643180e+04 2.000000e+00
  25901.765486 3.897800e-15 2.652860e+04 2.000000e+00
  25996.181197 3.839400e-15 2.662530e+04 2.000000e+00
  26090.686934 3.862400e-15 2.672210e+04 2.000000e+00
  26185.202673 3.918600e-15 2.681890e+04 2.000000e+00
  26279.618385 3.900700e-15 2.691560e+04 2.000000e+00
  26374.134124 3.857000e-15 2.701240e+04 2.000000e+00
  26468.649864 3.786400e-15 2.710920e+04 2.000000e+00
  26563.055574 3.707000e-15 2.720590e+04 2.000000e+00
  26657.571314 3.604800e-15 2.730270e+04 2.000000e+00
  26751.987027 3.483800e-15 2.739940e+04 2.000000e+00
  26846.502767 3.418500e-15 2.749620e+04 2.000000e+00
  26941.008505 3.409700e-15 2.759300e+04 2.000000e+00
  27035.424218 3.463600e-15 2.768970e+04 2.000000e+00
  27129.939959 3.442300e-15 2.778650e+04 2.000000e+00
  27224.455699 3.468500e-15 2.788330e+04 2.000000e+00
  27318.871413 3.350500e-15 2.798000e+04 2.000000e+00
  27413.377152 3.317400e-15 2.807680e+04 2.000000e+00
  27507.792866 3.243600e-15 2.817350e+04 2.000000e+00
  27602.308607 3.334200e-15 2.827030e+04 2.000000e+00
  27696.824348 3.425400e-15 2.836710e+04 2.000000e+00
  27791.240063 3.604000e-15 2.846380e+04 2.000000e+00
  27885.745802 3.634300e-15 2.856060e+04 2.000000e+00
  27980.261544 3.635500e-15 2.865740e+04 2.000000e+00
  28074.677258 3.388000e-15 2.875410e+04 2.000000e+00
  28169.193000 3.225000e-15 2.885090e+04 2.000000e+00
  28263.608715 3.059400e-15 2.894760e+04 2.000000e+00
  28358.114455 2.985600e-15 2.904440e+04 2.000000e+00
  28452.630198 2.905400e-15 2.914120e+04 2.000000e+00
  28547.045913 2.851800e-15 2.923790e+04 2.000000e+00
  28641.561656 2.761700e-15 2.933470e+04 2.000000e+00
  28736.067396 2.764000e-15 2.943150e+04 2.000000e+00
  28830.483111 2.741700e-15 2.952820e+04 2.000000e+00
  28924.998855 2.680100e-15 2.962500e+04 2.000000e+00
  29019.414570 2.577900e-15 2.972170e+04 2.000000e+00
  29113.930314 2.543400e-15 2.981850e+04 2.000000e+00
  29208.436054 2.570800e-15 2.991530e+04 2.000000e+00
  29302.851771 2.642700e-15 3.001200e+04 2.000000e+00
  29397.367514 2.611500e-15 3.010880e+04 2.000000e+00
  29491.883258 2.537000e-15 3.020560e+04 2.000000e+00
  29586.298975 2.521700e-15 3.030230e+04 2.000000e+00
  29680.804716 2.545200e-15 3.039910e+04 2.000000e+00
  29775.220433 2.561100e-15 3.049580e+04 2.000000e+00
  29869.736177 2.533800e-15 3.059260e+04 2.000000e+00
  29964.241918 2.461900e-15 3.068940e+04 2.000000e+00
  30058.657635 2.434200e-15 3.078610e+04 2.000000e+00
  30153.173380 2.395100e-15 3.088290e+04 2.000000e+00
  30247.689125 2.412100e-15 3.097970e+04 2.000000e+00
  30342.104842 2.365100e-15 3.107640e+04 2.000000e+00
  30436.620587 2.373800e-15 3.117320e+04 2.000000e+00
  30531.026302 2.382600e-15 3.126990e+04 2.000000e+00
  30625.542047 2.463300e-15 3.136670e+04 2.000000e+00
  30720.057792 2.488100e-15 3.146350e+04 2.000000e+00
  30814.473509 2.483300e-15 3.156020e+04 2.000000e+00
  30908.979252 2.485800e-15 3.165700e+04 2.000000e+00
  31003.494997 2.437800e-15 3.175380e+04 2.000000e+00
  31097.910715 2.351000e-15 3.185050e+04 2.000000e+00
  31192.426461 2.303800e-15 3.194730e+04 2.000000e+00
  31286.842179 2.262000e-15 3.204400e+04 2.000000e+00
  31381.347922 2.281300e-15 3.214080e+04 2.000000e+00
  31475.863668 2.303800e-15 3.223760e+04 2.000000e+00
  31570.279387 2.399900e-15 3.233430e+04 2.000000e+00
  31664.795133 2.413500e-15 3.243110e+04 2.000000e+00
  31759.300876 2.449800e-15 3.252790e+04 2.000000e+00
  31853.716595 2.445300e-15 3.262460e+04 2.000000e+00
  31948.232341 2.556000e-15 3.272140e+04 2.000000e+00
  32042.648060 2.666900e-15 3.281810e+04 2.000000e+00
  32137.163807 2.793600e-15 3.291490e+04 2.000000e+00
  32231.669550 2.839100e-15 3.301170e+04 2.000000e+00
  32326.085270 2.970600e-15 3.310840e+04 2.000000e+00
  32420.601016 3.124200e-15 3.320520e+04 2.000000e+00
  32515.116763 3.343200e-15 3.330200e+04 2.000000e+00
  32609.532482 3.356000e-15 3.339870e+04 2.000000e+00
  32704.038227 3.405300e-15 3.349550e+04 2.000000e+00
  32798.453946 3.468100e-15 3.359220e+04 2.000000e+00
  32892.969693 3.539400e-15 3.368900e+04 2.000000e+00
  32987.485440 3.526400e-15 3.378580e+04 2.000000e+00
  33081.901160 3.367800e-15 3.388250e+04 2.000000e+00
  33176.406905 3.086500e-15 3.397930e+04 2.000000e+00
  33270.922652 2.820100e-15 3.407610e+04 2.000000e+00
  33365.338372 2.660200e-15 3.417280e+04 2.000000e+00
  33459.854120 2.573100e-15 3.426960e+04 2.000000e+00
  33554.269840 2.477900e-15 3.436630e+04 2.000000e+00
  33648.775585 2.454900e-15 3.446310e+04 2.000000e+00
  33743.291333 2.416200e-15 3.455990e+04 2.000000e+00
  33837.707053 2.488100e-15 3.465660e+04 2.000000e+00
  33932.212798 2.479800e-15 3.475340e+04 2.000000e+00
  34026.728546 2.517000e-15 3.485020e+04 2.000000e+00
  34121.144267 2.488000e-15 3.494690e+04 2.000000e+00
  34215.660015 2.484800e-15 3.504370e+04 2.000000e+00
  34310.075736 2.388500e-15 3.514040e+04 2.000000e+00
  34404.581481 2.369100e-15 3.523720e+04 2.000000e+00
  34499.097230 2.371300e-15 3.533400e+04 2.000000e+00
  34593.512951 2.391600e-15 3.543070e+04 2.000000e+00
  34688.028699 2.315000e-15 3.552750e+04 2.000000e+00
  34782.544447 2.405400e-15 3.562430e+04 2.000000e+00
  34876.950166 2.397100e-15 3.572100e+04 2.000000e+00
  34971.465915 2.341000e-15 3.581780e+04 2.000000e+00
  35065.881636 2.235300e-15 3.591450e+04 2.000000e+00
  35160.397385 2.170600e-15 3.601130e+04 2.000000e+00
  35254.913133 2.144500e-15 3.610810e+04 2.000000e+00
  35349.328855 2.125700e-15 3.620480e+04 2.000000e+00
  35443.834601 2.052100e-15 3.630160e+04 2.000000e+00
  35538.350350 2.024700e-15 3.639840e+04 2.000000e+00
  35632.766072 1.952000e-15 3.649510e+04 2.000000e+00
  35727.271818 1.919000e-15 3.659190e+04 2.000000e+00
  35821.687540 1.897900e-15 3.668860e+04 2.000000e+00
  35916.203289 1.923800e-15 3.678540e+04 2.000000e+00
  36010.719039 1.917400e-15 3.688220e+04 2.000000e+00
  36105.134761 1.924500e-15 3.697890e+04 2.000000e+00
  36199.640507 1.847400e-15 3.707570e+04 2.000000e+00
  36294.156257 1.830100e-15 3.717250e+04 2.000000e+00
  36388.571979 1.767700e-15 3.726920e+04 2.000000e+00
  36483.087729 1.765800e-15 3.736600e+04 2.000000e+00
  36577.503451 1.721700e-15 3.746270e+04 2.000000e+00
  36672.009198 1.740500e-15 3.755950e+04 2.000000e+00
  36766.524948 1.728600e-15 3.765630e+04 2.000000e+00
  36860.940670 1.746600e-15 3.775300e+04 2.000000e+00
  36955.456420 1.718600e-15 3.784980e+04 2.000000e+00
  37049.972170 1.751600e-15 3.794660e+04 2.000000e+00
  37144.377890 1.756900e-15 3.804330e+04 2.000000e+00
  37238.893640 1.774000e-15 3.814010e+04 2.000000e+00
  37333.309362 1.744700e-15 3.823680e+04 2.000000e+00
  37427.815110 1.678400e-15 3.833360e+04 2.000000e+00
  37522.330860 1.638500e-15 3.843040e+04 2.000000e+00
  37616.746583 1.626200e-15 3.852710e+04 2.000000e+00
  37711.262333 1.642000e-15 3.862390e+04 2.000000e+00
  37805.778083 1.681800e-15 3.872070e+04 2.000000e+00
  37900.193807 1.715600e-15 3.881740e+04 2.000000e+00
  37994.699554 1.743000e-15 3.891420e+04 2.000000e+00
  38089.115277 1.729800e-15 3.901090e+04 2.000000e+00
  38183.631028 1.717600e-15 3.910770e+04 2.000000e+00
  38278.146778 1.665000e-15 3.920450e+04 2.000000e+00
  38372.562502 1.623100e-15 3.930120e+04 2.000000e+00
  38467.068250 1.569300e-15 3.939800e+04 2.000000e+00
  38561.584000 1.550700e-15 3.949480e+04 2.000000e+00
  38655.999724 1.521500e-15 3.959150e+04 2.000000e+00
  38750.515475 1.474100e-15 3.968830e+04 2.000000e+00
  38844.931198 1.441400e-15 3.978500e+04 2.000000e+00
  38939.436946 1.451300e-15 3.988180e+04 2.000000e+00
  39033.952697 1.470200e-15 3.997860e+04 2.000000e+00
  39128.368421 1.474200e-15 4.007530e+04 2.000000e+00
  39222.884172 1.504800e-15 4.017210e+04 2.000000e+00
  39317.389920 1.540300e-15 4.026890e+04 2.000000e+00
  39411.805644 1.533800e-15 4.036560e+04 2.000000e+00
  39506.321395 1.532800e-15 4.046240e+04 2.000000e+00
  39600.737119 1.502700e-15 4.055910e+04 2.000000e+00
  39695.242868 1.461800e-15 4.065590e+04 2.000000e+00
  39789.768622 1.430800e-15 4.075270e+04 2.000000e+00
  39884.174343 1.412600e-15 4.084940e+04 2.000000e+00
  39978.690095 1.402800e-15 4.094620e+04 2.000000e+00
  40073.205846 1.391600e-15 4.104300e+04 2.000000e+00
  40167.611568 1.419400e-15 4.113970e+04 2.000000e+00
  40262.127319 1.468400e-15 4.123650e+04 2.000000e+00
  40356.543043 1.540100e-15 4.133320e+04 2.000000e+00
  40451.058795 1.559500e-15 4.143000e+04 2.000000e+00
  40545.574547 1.487600e-15 4.152680e+04 2.000000e+00
  40639.980268 1.397500e-15 4.162350e+04 2.000000e+00
  40734.496020 1.308400e-15 4.172030e+04 2.000000e+00
  40829.011772 1.277600e-15 4.181710e+04 2.000000e+00
  40923.427496 1.229300e-15 4.191380e+04 2.000000e+00
  41017.933245 1.239100e-15 4.201060e+04 2.000000e+00
  41112.348970 1.249300e-15 4.210730e+04 2.000000e+00
  41206.864722 1.301700e-15 4.220410e+04 2.000000e+00
  41301.380474 1.326700e-15 4.230090e+04 2.000000e+00
  41395.786196 1.365200e-15 4.239760e+04 2.000000e+00
  41490.311951 1.442100e-15 4.249440e+04 2.000000e+00
  41584.817700 1.559600e-15 4.259120e+04 2.000000e+00
  41679.233425 1.616500e-15 4.268790e+04 2.000000e+00
  41773.749177 1.607900e-15 4.278470e+04 2.000000e+00
  41868.164902 1.506400e-15 4.288140e+04 2.000000e+00
  41962.670651 1.439400e-15 4.297820e+04 2.000000e+00
  42057.186404 1.362000e-15 4.307500e+04 2.000000e+00
  42151.602129 1.297600e-15 4.317170e+04 2.000000e+00
  42246.117881 1.215700e-15 4.326850e+04 2.000000e+00
  42340.623631 1.165400e-15 4.336530e+04 2.000000e+00
  42435.039356 1.125400e-15 4.346200e+04 2.000000e+00
  42529.555108 1.114400e-15 4.355880e+04 2.000000e+00
  42623.970833 1.101800e-15 4.365550e+04 2.000000e+00
  42718.476583 1.117100e-15 4.375230e+04 2.000000e+00
  42813.002338 1.124600e-15 4.384910e+04 2.000000e+00
  42907.408061 1.106100e-15 4.394580e+04 2.000000e+00
  43001.923814 1.081900e-15 4.404260e+04 2.000000e+00
  43096.439566 1.081200e-15 4.413940e+04 2.000000e+00
  43190.855292 1.089500e-15 4.423610e+04 2.000000e+00
  43285.361042 1.136200e-15 4.433290e+04 2.000000e+00
  43379.776767 1.157600e-15 4.442960e+04 2.000000e+00
  43474.292520 1.152300e-15 4.452640e+04 2.000000e+00
  43568.808273 1.146500e-15 4.462320e+04 2.000000e+00
  43663.223998 1.147900e-15 4.471990e+04 2.000000e+00
  43757.729748 1.161500e-15 4.481670e+04 2.000000e+00
  43852.245501 1.193000e-15 4.491350e+04 2.000000e+00
  43946.661227 1.218800e-15 4.501020e+04 2.000000e+00
  44041.176980 1.231500e-15 4.510700e+04 2.000000e+00
  44135.582703 1.141000e-15 4.520370e+04 2.000000e+00
  44230.098456 1.098600e-15 4.530050e+04 2.000000e+00
  44324.614209 1.080600e-15 4.539730e+04 2.000000e+00
  44419.029935 1.064100e-15 4.549400e+04 2.000000e+00
  44513.545688 1.053100e-15 4.559080e+04 2.000000e+00
  44608.051439 1.049900e-15 4.568760e+04 2.000000e+00
  44702.467164 1.060300e-15 4.578430e+04 2.000000e+00
  44796.982918 1.044600e-15 4.588110e+04 2.000000e+00
  44891.398644 9.935000e-16 4.597780e+04 2.000000e+00
  44985.914397 9.795600e-16 4.607460e+04 2.000000e+00
  45080.420148 9.364400e-16 4.617140e+04 2.000000e+00
  45174.835874 9.288800e-16 4.626810e+04 2.000000e+00
  45269.351627 9.286700e-16 4.636490e+04 2.000000e+00
  45363.867380 9.545100e-16 4.646170e+04 2.000000e+00
  45458.273104 9.611000e-16 4.655840e+04 2.000000e+00
  45552.788857 9.690900e-16 4.665520e+04 2.000000e+00
  45647.204584 9.548200e-16 4.675190e+04 2.000000e+00
  45741.720337 9.518000e-16 4.684870e+04 2.000000e+00
  45836.226088 9.634700e-16 4.694550e+04 2.000000e+00
  45930.641814 9.935500e-16 4.704220e+04 2.000000e+00
  46025.157568 1.000200e-15 4.713900e+04 2.000000e+00
  46119.673322 1.031500e-15 4.723580e+04 2.000000e+00
  46214.089048 1.043000e-15 4.733250e+04 2.000000e+00
  46308.604802 1.121600e-15 4.742930e+04 2.000000e+00
  46403.010525 1.202800e-15 4.752600e+04 2.000000e+00
  46497.526279 1.365700e-15 4.762280e+04 2.000000e+00
  46592.042033 1.542200e-15 4.771960e+04 2.000000e+00
  46686.457759 1.682200e-15 4.781630e+04 2.000000e+00
  46780.963511 1.632000e-15 4.791310e+04 2.000000e+00
  46875.479264 1.545800e-15 4.800990e+04 2.000000e+00
  46969.894991 1.377300e-15 4.810660e+04 2.000000e+00
  47064.410745 1.272200e-15 4.820340e+04 2.000000e+00
  47158.816469 1.167500e-15 4.830010e+04 2.000000e+00
  47253.342226 1.097700e-15 4.839690e+04 2.000000e+00
  47347.847977 1.042800e-15 4.849370e+04 2.000000e+00
  47442.263704 1.029000e-15 4.859040e+04 2.000000e+00
  47536.779458 1.010200e-15 4.868720e+04 2.000000e+00
  47631.285209 9.907600e-16 4.878400e+04 2.000000e+00
  47725.700936 9.661500e-16 4.888070e+04 2.000000e+00
  47820.216690 9.531000e-16 4.897750e+04 2.000000e+00
  47914.632417 9.497800e-16 4.907420e+04 2.000000e+00
  48009.148171 9.393000e-16 4.917100e+04 2.000000e+00
  48103.653922 9.177500e-16 4.926780e+04 2.000000e+00
  48198.069649 8.892700e-16 4.936450e+04 2.000000e+00
  48292.585404 8.287200e-16 4.946130e+04 2.000000e+00
  48387.101158 8.048800e-16 4.955810e+04 2.000000e+00
  48871.953274 8.642900e-16 5.005469e+04 2.000000e+00
  49360.676445 9.241800e-16 5.055524e+04 0.000000e+00
  49854.280947 9.846600e-16 5.106079e+04 0.000000e+00
  50352.826797 1.045800e-15 5.157140e+04 0.000000e+00
  50856.354004 1.107500e-15 5.208711e+04 0.000000e+00
  51364.912583 1.169800e-15 5.260798e+04 0.000000e+00
  51878.562550 1.232700e-15 5.313406e+04 0.000000e+00
  52096.942057 1.259500e-15 5.335773e+04 3.000000e+00
  52399.474496 1.351500e-15 5.366758e+04 3.000000e+00
  52702.016938 1.261700e-15 5.397744e+04 3.000000e+00
  53004.539374 1.447400e-15 5.428729e+04 3.000000e+00
  53307.071813 1.823700e-15 5.459714e+04 3.000000e+00
  53609.604253 1.567300e-15 5.490700e+04 3.000000e+00
  53912.136693 1.013200e-15 5.521685e+04 3.000000e+00
  54214.669133 9.679400e-16 5.552670e+04 3.000000e+00
  54517.201573 1.063400e-15 5.583656e+04 3.000000e+00
  54819.734013 1.676000e-15 5.614641e+04 3.000000e+00
  55122.266454 2.026300e-15 5.645627e+04 3.000000e+00
  55424.798894 1.551600e-15 5.676612e+04 3.000000e+00
  55727.341338 1.030000e-15 5.707598e+04 3.000000e+00
  56029.863776 1.147100e-15 5.738583e+04 3.000000e+00
  56332.396217 1.378100e-15 5.769568e+04 3.000000e+00
  56634.918656 1.356600e-15 5.800553e+04 3.000000e+00
  56937.461100 1.371400e-15 5.831539e+04 3.000000e+00
  57240.003544 1.376000e-15 5.862525e+04 3.000000e+00
  57542.525983 1.326100e-15 5.893510e+04 3.000000e+00
  57845.058425 1.263700e-15 5.924495e+04 3.000000e+00
  58147.590867 1.220100e-15 5.955481e+04 3.000000e+00
  58450.123309 1.151800e-15 5.986466e+04 3.000000e+00
  58752.645749 1.169900e-15 6.017451e+04 3.000000e+00
  59055.188194 1.183600e-15 6.048437e+04 3.000000e+00
  59357.720637 1.206200e-15 6.079422e+04 3.000000e+00
  59660.253080 1.271700e-15 6.110407e+04 3.000000e+00
  59962.785522 1.426400e-15 6.141393e+04 3.000000e+00
  60265.317965 1.572600e-15 6.172378e+04 3.000000e+00
  60567.840406 1.690700e-15 6.203363e+04 3.000000e+00
  60870.382852 2.068100e-15 6.234349e+04 3.000000e+00
  61172.915295 2.510500e-15 6.265334e+04 3.000000e+00
  61475.437736 2.738000e-15 6.296319e+04 3.000000e+00
  61777.970180 3.209800e-15 6.327305e+04 3.000000e+00
  62080.512626 3.432200e-15 6.358290e+04 3.000000e+00
  62383.045070 3.224800e-15 6.389276e+04 3.000000e+00
  62685.567511 2.811500e-15 6.420261e+04 3.000000e+00
  62988.099955 2.406100e-15 6.451246e+04 3.000000e+00
  63290.642402 1.997800e-15 6.482232e+04 3.000000e+00
  63593.164844 1.979700e-15 6.513217e+04 3.000000e+00
  63895.697288 1.822700e-15 6.544202e+04 3.000000e+00
  64198.239735 1.702900e-15 6.575188e+04 3.000000e+00
  64500.762177 1.603000e-15 6.606173e+04 3.000000e+00
  64803.294622 1.513500e-15 6.637158e+04 3.000000e+00
  65105.837069 1.467500e-15 6.668145e+04 3.000000e+00
  65408.359512 1.454000e-15 6.699129e+04 3.000000e+00
  65710.891957 1.411400e-15 6.730114e+04 3.000000e+00
  66013.424402 1.480100e-15 6.761100e+04 3.000000e+00
  66315.956847 1.538400e-15 6.792085e+04 3.000000e+00
  66618.489292 1.573000e-15 6.823071e+04 3.000000e+00
  66921.021738 1.532900e-15 6.854056e+04 3.000000e+00
  67223.554183 1.546600e-15 6.885041e+04 3.000000e+00
  67526.096632 1.489500e-15 6.916027e+04 3.000000e+00
  67828.619075 1.495100e-15 6.947012e+04 3.000000e+00
  68131.151520 1.543400e-15 6.977998e+04 3.000000e+00
  68433.683966 1.662000e-15 7.008983e+04 3.000000e+00
  68736.216412 2.486800e-15 7.039968e+04 3.000000e+00
  69038.748858 3.803800e-15 7.070954e+04 3.000000e+00
  69341.281304 3.559600e-15 7.101939e+04 3.000000e+00
  69643.813751 2.754600e-15 7.132924e+04 3.000000e+00
  69946.346197 2.754000e-15 7.163910e+04 3.000000e+00
  70248.868641 2.231200e-15 7.194895e+04 3.000000e+00
  70551.411090 1.861100e-15 7.225881e+04 3.000000e+00
  70853.933534 1.870600e-15 7.256866e+04 3.000000e+00
  71156.465980 1.873600e-15 7.287851e+04 3.000000e+00
  71459.018432 1.914600e-15 7.318838e+04 3.000000e+00
  71761.540876 1.907400e-15 7.349822e+04 3.000000e+00
  72064.063321 1.911400e-15 7.380807e+04 3.000000e+00
  72366.605770 1.942000e-15 7.411793e+04 3.000000e+00
  72669.138217 1.954200e-15 7.442778e+04 3.000000e+00
  72971.660662 2.043600e-15 7.473763e+04 3.000000e+00
  73274.193109 2.156400e-15 7.504748e+04 3.000000e+00
  73556.930161 1.967100e-15 7.533706e+04 3.000000e+00
  73576.735559 2.340300e-15 7.535734e+04 3.000000e+00
  73879.268006 2.474800e-15 7.566720e+04 3.000000e+00
  74163.185380 2.308000e-15 7.595799e+04 3.000000e+00
  74181.790451 2.667300e-15 7.597705e+04 3.000000e+00
  74769.460605 2.639700e-15 7.657894e+04 3.000000e+00
  75375.725827 2.999600e-15 7.719988e+04 3.000000e+00
  75982.001053 3.250200e-15 7.782082e+04 3.000000e+00
  76588.266275 3.240900e-15 7.844176e+04 3.000000e+00
  77194.541501 3.169300e-15 7.906271e+04 3.000000e+00
  77800.806725 3.084600e-15 7.968365e+04 3.000000e+00
  78407.071948 2.953500e-15 8.030459e+04 3.000000e+00
  79013.357177 2.725200e-15 8.092554e+04 3.000000e+00
  79619.622401 2.612900e-15 8.154648e+04 3.000000e+00
  80225.887626 2.648000e-15 8.216741e+04 3.000000e+00
  80832.162853 2.094800e-15 8.278836e+04 3.000000e+00
  81438.428077 1.715500e-15 8.340930e+04 3.000000e+00
  82044.703305 1.587700e-15 8.403025e+04 3.000000e+00
  82650.968530 1.539700e-15 8.465119e+04 3.000000e+00
  83257.243758 1.484700e-15 8.527213e+04 3.000000e+00
  83863.508984 1.448000e-15 8.589307e+04 3.000000e+00
  84469.794215 1.435500e-15 8.651402e+04 3.000000e+00
  85076.049438 1.453000e-15 8.713495e+04 3.000000e+00
  85682.324667 1.444900e-15 8.775590e+04 3.000000e+00
  86288.589893 1.359700e-15 8.837684e+04 3.000000e+00
  86894.855119 1.190400e-15 8.899778e+04 3.000000e+00
  87501.130348 1.018700e-15 8.961872e+04 3.000000e+00
  88107.395575 8.391500e-16 9.023966e+04 3.000000e+00
  88713.660802 7.033200e-16 9.086060e+04 3.000000e+00
  89319.946035 6.191000e-16 9.148155e+04 3.000000e+00
  89926.211262 5.811800e-16 9.210249e+04 3.000000e+00
  90532.486492 5.067200e-16 9.272344e+04 3.000000e+00
  91138.751719 4.502500e-16 9.334438e+04 3.000000e+00
  91745.016947 4.302300e-16 9.396532e+04 3.000000e+00
  92351.282175 4.044100e-16 9.458626e+04 3.000000e+00
  92957.547403 3.865200e-16 9.520720e+04 3.000000e+00
  93563.832636 3.834800e-16 9.582815e+04 3.000000e+00
  94170.097865 3.712500e-16 9.644909e+04 3.000000e+00
  94776.363093 3.736200e-16 9.707002e+04 3.000000e+00
  95382.648327 3.844100e-16 9.769098e+04 3.000000e+00
  95988.913556 7.081900e-16 9.831192e+04 3.000000e+00
  96595.178784 1.266100e-15 9.893286e+04 3.000000e+00
  97201.454016 7.942900e-16 9.955380e+04 3.000000e+00
  97807.679234 3.738100e-16 1.001747e+05 3.000000e+00
  98414.004480 3.113200e-16 1.007957e+05 3.000000e+00
  99020.229698 3.090100e-16 1.014166e+05 3.000000e+00
  99626.564946 3.081600e-16 1.020376e+05 3.000000e+00
 100232.790165 3.221900e-16 1.026585e+05 3.000000e+00
 100839.105408 3.210400e-16 1.032795e+05 3.000000e+00
 101445.350632 3.207600e-16 1.039004e+05 3.000000e+00
 102051.575851 3.281000e-16 1.045213e+05 3.000000e+00
 102657.901097 3.381600e-16 1.051423e+05 3.000000e+00
 103264.126317 3.393800e-16 1.057632e+05 3.000000e+00
 103870.461566 3.610400e-16 1.063842e+05 3.000000e+00
 104476.686785 3.925500e-16 1.070051e+05 3.000000e+00
 105082.912004 4.485200e-16 1.076260e+05 3.000000e+00
 105689.237251 4.726500e-16 1.082470e+05 3.000000e+00
 106295.472474 4.598800e-16 1.088679e+05 3.000000e+00
 106901.797721 4.595300e-16 1.094889e+05 3.000000e+00
 107508.022940 4.584100e-16 1.101098e+05 3.000000e+00
 108114.348187 4.600300e-16 1.107308e+05 3.000000e+00
 108720.583410 4.718600e-16 1.113517e+05 3.000000e+00
 109326.808630 5.208300e-16 1.119726e+05 3.000000e+00
 109933.133878 5.908900e-16 1.125936e+05 3.000000e+00
 110539.359098 6.750000e-16 1.132145e+05 3.000000e+00
 111145.694348 9.228500e-16 1.138355e+05 3.000000e+00
 111751.919568 1.537100e-15 1.144564e+05 3.000000e+00
 112358.244816 2.025600e-15 1.150774e+05 3.000000e+00
 112964.470037 1.889000e-15 1.156983e+05 3.000000e+00
 113570.695257 1.636900e-15 1.163192e+05 3.000000e+00
 114177.030508 1.391100e-15 1.169402e+05 3.000000e+00
 114783.255729 1.196200e-15 1.175611e+05 3.000000e+00
 115389.580977 1.070700e-15 1.181821e+05 3.000000e+00
 115995.806198 9.864800e-16 1.188030e+05 3.000000e+00
 116602.141449 9.310300e-16 1.194240e+05 3.000000e+00
 117208.366670 9.110200e-16 1.200449e+05 3.000000e+00
 117814.591891 9.252900e-16 1.206658e+05 3.000000e+00
 118420.927142 9.546300e-16 1.212868e+05 3.000000e+00
 119027.152364 1.030400e-15 1.219077e+05 3.000000e+00
 119633.477612 1.088500e-15 1.225287e+05 3.000000e+00
 120239.702834 1.103000e-15 1.231496e+05 3.000000e+00
 120845.948060 1.101900e-15 1.237705e+05 3.000000e+00
 121452.263307 1.112100e-15 1.243915e+05 3.000000e+00
 122058.488528 1.262400e-15 1.250124e+05 3.000000e+00
 122664.813777 1.578300e-15 1.256334e+05 3.000000e+00
 123271.049002 1.476700e-15 1.262543e+05 3.000000e+00
 123877.374251 1.289400e-15 1.268753e+05 3.000000e+00
 124483.609475 1.293700e-15 1.274962e+05 3.000000e+00
 125089.834697 1.360600e-15 1.281171e+05 3.000000e+00
 125696.159946 1.446400e-15 1.287381e+05 3.000000e+00
 126302.385168 1.526800e-15 1.293590e+05 3.000000e+00
 126908.710418 1.666300e-15 1.299800e+05 3.000000e+00
 127514.935640 2.234900e-15 1.306009e+05 3.000000e+00
 128121.170865 3.014300e-15 1.312218e+05 3.000000e+00
 128727.496114 2.245500e-15 1.318428e+05 3.000000e+00
 129333.731339 1.397700e-15 1.324637e+05 3.000000e+00
 129940.056589 1.208000e-15 1.330847e+05 3.000000e+00
 130546.271808 1.132300e-15 1.337056e+05 3.000000e+00
 131152.597058 1.120300e-15 1.343266e+05 3.000000e+00
 131758.832283 1.124100e-15 1.349475e+05 3.000000e+00
 132365.067509 1.114800e-15 1.355684e+05 3.000000e+00
 132971.392758 1.122500e-15 1.361894e+05 3.000000e+00
 133577.617981 1.126800e-15 1.368103e+05 3.000000e+00
 134183.943231 1.139700e-15 1.374313e+05 3.000000e+00
 134790.178456 1.157500e-15 1.380522e+05 3.000000e+00
 135396.503706 1.171800e-15 1.386732e+05 3.000000e+00
 136002.718927 1.170700e-15 1.392941e+05 3.000000e+00
 136608.954152 1.196300e-15 1.399150e+05 3.000000e+00
 137215.289405 1.150300e-15 1.405360e+05 3.000000e+00
 137821.524631 1.128700e-15 1.411569e+05 3.000000e+00
 138427.829875 1.113000e-15 1.417779e+05 3.000000e+00
 139034.065101 1.109100e-15 1.423988e+05 3.000000e+00
 139640.390352 1.099700e-15 1.430198e+05 3.000000e+00
 140246.625577 1.056500e-15 1.436407e+05 3.000000e+00
 140852.850801 1.025800e-15 1.442616e+05 3.000000e+00
 141459.186054 1.005700e-15 1.448826e+05 3.000000e+00
 141980.858233 1.113300e-15 1.454169e+05 3.000000e+00
 142876.082221 1.145000e-15 1.463338e+05 3.000000e+00
 143771.416239 1.278200e-15 1.472508e+05 3.000000e+00
 144666.660233 1.100500e-15 1.481677e+05 3.000000e+00
 145561.884222 1.085100e-15 1.490846e+05 3.000000e+00
 146457.128216 1.069300e-15 1.500015e+05 3.000000e+00
 147352.462234 1.063900e-15 1.509185e+05 3.000000e+00
 148247.696226 1.037400e-15 1.518354e+05 3.000000e+00
 149142.920215 1.081700e-15 1.527523e+05 3.000000e+00
 150038.254233 1.145800e-15 1.536693e+05 3.000000e+00
 150933.498228 9.818300e-16 1.545862e+05 3.000000e+00
 151828.722217 1.032900e-15 1.555031e+05 3.000000e+00
 152723.966212 1.020700e-15 1.564200e+05 3.000000e+00
 153619.290228 1.004700e-15 1.573370e+05 3.000000e+00
 154514.534223 1.091400e-15 1.582539e+05 3.000000e+00
 155409.758212 1.584000e-15 1.591708e+05 3.000000e+00
 156305.092231 1.385200e-15 1.600878e+05 3.000000e+00
 157200.336226 1.047600e-15 1.610047e+05 3.000000e+00
 158095.560216 1.014900e-15 1.619216e+05 3.000000e+00
 158990.894235 1.021000e-15 1.628386e+05 3.000000e+00
 159886.128228 9.904400e-16 1.637555e+05 3.000000e+00
 160781.362220 9.888000e-16 1.646724e+05 3.000000e+00
 161676.596213 9.598500e-16 1.655893e+05 3.000000e+00
 162571.950238 1.226800e-15 1.665063e+05 3.000000e+00
 163467.154222 1.106800e-15 1.674232e+05 3.000000e+00
 164362.398218 1.191000e-15 1.683401e+05 3.000000e+00
 165257.642213 1.155500e-15 1.692570e+05 3.000000e+00
 166152.966230 1.115600e-15 1.701740e+05 3.000000e+00
 167048.210226 1.108700e-15 1.710909e+05 3.000000e+00
 167943.454222 1.073100e-15 1.720078e+05 3.000000e+00
 168838.788242 1.177000e-15 1.729248e+05 3.000000e+00
 169734.012232 1.636100e-15 1.738417e+05 3.000000e+00
 170629.246225 2.173800e-15 1.747586e+05 3.000000e+00
 171524.580245 1.316500e-15 1.756756e+05 3.000000e+00
 172419.804236 1.138100e-15 1.765925e+05 3.000000e+00
 173315.048232 1.153600e-15 1.775094e+05 3.000000e+00
 174210.272222 1.115500e-15 1.784263e+05 3.000000e+00
 175105.606243 1.078300e-15 1.793433e+05 3.000000e+00
 176000.850239 1.038900e-15 1.802602e+05 3.000000e+00
 176896.074229 1.055400e-15 1.811771e+05 3.000000e+00
 177791.408250 1.029600e-15 1.820941e+05 3.000000e+00
 178686.642243 1.049600e-15 1.830110e+05 3.000000e+00
 179581.866234 1.056700e-15 1.839279e+05 3.000000e+00
 180477.200255 9.969900e-16 1.848449e+05 3.000000e+00
 181372.444251 9.799900e-16 1.857618e+05 3.000000e+00
 182267.688248 9.866700e-16 1.866787e+05 3.000000e+00
 183162.912238 9.792400e-16 1.875956e+05 3.000000e+00
 184058.246259 9.821200e-16 1.885126e+05 3.000000e+00
 184953.480253 9.732500e-16 1.894295e+05 3.000000e+00
 185848.704244 9.850700e-16 1.903464e+05 3.000000e+00
 186744.058271 1.125800e-15 1.912634e+05 3.000000e+00
 187639.292265 1.147900e-15 1.921803e+05 3.000000e+00
 188534.506253 1.055900e-15 1.930972e+05 3.000000e+00
 189429.750250 1.014700e-15 1.940141e+05 3.000000e+00
 190325.094274 1.033000e-15 1.949311e+05 3.000000e+00
 191220.318265 1.033100e-15 1.958480e+05 3.000000e+00
 192115.562262 1.063200e-15 1.967649e+05 3.000000e+00
 193010.896283 1.064100e-15 1.976819e+05 3.000000e+00
 193906.120274 1.059700e-15 1.985988e+05 3.000000e+00
 194801.364271 1.084500e-15 1.995157e+05 3.000000e+00
 195696.598265 1.123500e-15 2.004326e+05 3.000000e+00
 196591.932287 1.120300e-15 2.013496e+05 3.000000e+00
 197487.156278 1.143900e-15 2.022665e+05 3.000000e+00
 198382.400275 1.127400e-15 2.031834e+05 3.000000e+00
 199277.734297 1.182700e-15 2.041004e+05 3.000000e+00
 200695.420684 1.097500e-15 2.055524e+05 3.000000e+00
 202408.937700 1.284800e-15 2.073074e+05 3.000000e+00
 204123.444986 1.246900e-15 2.090634e+05 3.000000e+00
 205838.942542 1.196700e-15 2.108204e+05 3.000000e+00
 207555.300333 1.328600e-15 2.125783e+05 3.000000e+00
 209272.538363 1.304500e-15 2.143371e+05 3.000000e+00
 210990.746658 1.259100e-15 2.160969e+05 3.000000e+00
 212709.865201 1.339600e-15 2.178576e+05 3.000000e+00
 214429.924001 1.193800e-15 2.196193e+05 3.000000e+00
 216150.983073 1.352700e-15 2.213820e+05 3.000000e+00
 217872.902380 1.313800e-15 2.231456e+05 3.000000e+00
 219595.811957 1.412200e-15 2.249102e+05 3.000000e+00
 221319.601774 1.472800e-15 2.266757e+05 3.000000e+00
 223044.341850 1.420500e-15 2.284422e+05 3.000000e+00
 224770.082198 1.371800e-15 2.302097e+05 3.000000e+00
 226496.702787 1.439500e-15 2.319781e+05 3.000000e+00
 228224.293640 1.495900e-15 2.337475e+05 3.000000e+00
 229952.864760 1.504000e-15 2.355179e+05 3.000000e+00
 231682.316120 1.458000e-15 2.372892e+05 3.000000e+00
 233412.837773 1.485700e-15 2.390616e+05 3.000000e+00
 235144.139637 1.556100e-15 2.408348e+05 3.000000e+00
 236876.501791 1.620400e-15 2.426091e+05 3.000000e+00
 238609.864218 1.598400e-15 2.443844e+05 3.000000e+00
 240344.096882 1.596000e-15 2.461606e+05 3.000000e+00
 242079.289807 1.675200e-15 2.479378e+05 3.000000e+00
 243815.473003 1.896500e-15 2.497160e+05 3.000000e+00
 245552.536438 1.758600e-15 2.514951e+05 3.000000e+00
 247290.670166 1.771400e-15 2.532753e+05 3.000000e+00
 249029.694136 1.729400e-15 2.550564e+05 3.000000e+00
 250769.788397 1.782100e-15 2.568386e+05 3.000000e+00
 252510.732891 2.040600e-15 2.586217e+05 3.000000e+00
 254252.697663 1.840900e-15 2.604058e+05 3.000000e+00
 255995.612693 1.853500e-15 2.621909e+05 3.000000e+00
 257739.507991 1.883600e-15 2.639770e+05 3.000000e+00
 259484.373554 1.983200e-15 2.657641e+05 3.000000e+00
 261230.249392 1.963700e-15 2.675522e+05 3.000000e+00
 262977.065486 1.902500e-15 2.693413e+05 3.000000e+00
 264724.861847 1.952700e-15 2.711314e+05 3.000000e+00
 266473.628473 2.268900e-15 2.729225e+05 3.000000e+00
 268223.385369 1.927600e-15 2.747146e+05 3.000000e+00
 269974.222560 1.919500e-15 2.765078e+05 3.000000e+00
 271725.929987 1.952300e-15 2.783019e+05 3.000000e+00
 273478.607679 2.010200e-15 2.800970e+05 3.000000e+00
 275232.355663 1.809200e-15 2.818932e+05 3.000000e+00
 276987.103920 2.019800e-15 2.836904e+05 3.000000e+00
 278742.712411 2.012400e-15 2.854885e+05 3.000000e+00
 280499.381191 2.019700e-15 2.872877e+05 3.000000e+00
 282257.070249 2.083400e-15 2.890879e+05 3.000000e+00
 284015.819596 2.084700e-15 2.908892e+05 3.000000e+00
 285775.509199 2.120400e-15 2.926915e+05 3.000000e+00
 287536.119054 2.049500e-15 2.944947e+05 3.000000e+00
 289297.859216 2.115600e-15 2.962991e+05 3.000000e+00
 291060.519629 2.118700e-15 2.981044e+05 3.000000e+00
 292824.210323 2.125100e-15 2.999108e+05 3.000000e+00
 294588.911293 2.083500e-15 3.017182e+05 3.000000e+00
 296354.582527 2.230700e-15 3.035266e+05 3.000000e+00
 298121.324053 2.163400e-15 3.053361e+05 3.000000e+00
 299889.045846 2.178500e-15 3.071466e+05 3.000000e+00
 301657.737903 2.159700e-15 3.089581e+05 3.000000e+00
 303427.510255 2.397400e-15 3.107707e+05 3.000000e+00
 305198.372904 2.138300e-15 3.125844e+05 3.000000e+00
 306970.175810 2.117800e-15 3.143991e+05 3.000000e+00
 308742.988990 2.183000e-15 3.162148e+05 3.000000e+00
 310516.752430 2.257000e-15 3.180315e+05 3.000000e+00
 312291.706194 2.212500e-15 3.198494e+05 3.000000e+00
 314067.540199 2.228200e-15 3.216682e+05 3.000000e+00
 315844.504511 2.307300e-15 3.234882e+05 3.000000e+00
 317622.389074 2.170700e-15 3.253091e+05 3.000000e+00
 319401.423951 2.270300e-15 3.271312e+05 3.000000e+00
 321181.469103 2.222900e-15 3.289543e+05 3.000000e+00
 322962.434506 2.230300e-15 3.307784e+05 3.000000e+00
 324744.520214 2.284900e-15 3.326036e+05 3.000000e+00
 326527.686217 2.497800e-15 3.344299e+05 3.000000e+00
 328311.882500 2.473500e-15 3.362573e+05 3.000000e+00
 330097.109065 2.316500e-15 3.380857e+05 3.000000e+00
 331883.355907 2.472300e-15 3.399152e+05 3.000000e+00
 333670.603022 2.445400e-15 3.417457e+05 3.000000e+00
 335458.950438 2.321900e-15 3.435773e+05 3.000000e+00
 337248.448166 2.354200e-15 3.454101e+05 3.000000e+00
 339038.806129 2.440900e-15 3.472438e+05 3.000000e+00
 340830.364420 2.431000e-15 3.490787e+05 3.000000e+00
