# An Atlas of Galaxy Spectral Energy Distributions from the Ultraviolet to the Mid-Infrared
# Brown et al. (2014)
# http://dx.doi.org/10.5072/03/529D3551F0117
# 
# Column 1 : Restframe Wavelength (Angstrom)
# Column 2 : Flux per unit wavelength (ergs/s/cm^2/Angstrom)
# Column 3 : Observed wavelength (Angstrom)
# Column 4 : Source (0 = model, 1 = Optical Spectrum, 2 = Akari, 3 = Spitzer IRS)
# 
# CONVERTED air -> vacuum (Morton 2000/SDSS) above 2000 A by sedfit; wavelengths below are unchanged (already vacuum by convention).
    102.000000 3.060100e-23 1.025700e+02 0.000000e+00
    103.900000 3.721700e-23 1.044700e+02 0.000000e+00
    106.080000 4.696100e-23 1.066600e+02 0.000000e+00
    108.050000 5.939400e-23 1.086400e+02 0.000000e+00
    110.060000 9.435000e-23 1.106600e+02 0.000000e+00
    113.930000 1.405200e-22 1.145500e+02 0.000000e+00
    117.930000 1.971200e-22 1.185800e+02 0.000000e+00
    120.950000 5.633000e-22 1.216200e+02 0.000000e+00
    124.920000 7.902100e-22 1.256000e+02 0.000000e+00
    126.950000 9.262800e-22 1.276400e+02 0.000000e+00
    128.120000 1.006300e-21 1.288200e+02 0.000000e+00
    131.100000 1.255300e-21 1.318300e+02 0.000000e+00
    132.010000 1.441300e-21 1.327400e+02 0.000000e+00
    133.850000 1.658600e-21 1.345900e+02 0.000000e+00
    136.970000 2.161400e-21 1.377200e+02 0.000000e+00
    140.160000 2.646900e-21 1.409300e+02 0.000000e+00
    143.090000 4.495100e-21 1.438800e+02 0.000000e+00
    147.100000 7.357700e-21 1.479100e+02 0.000000e+00
    150.880000 9.348500e-21 1.517100e+02 0.000000e+00
    155.100000 1.185100e-20 1.559600e+02 0.000000e+00
    159.080000 1.491900e-20 1.599600e+02 0.000000e+00
    162.040000 1.765000e-20 1.629300e+02 0.000000e+00
    165.810000 2.186500e-20 1.667200e+02 0.000000e+00
    170.070000 2.671400e-20 1.710000e+02 0.000000e+00
    172.830000 3.102700e-20 1.737800e+02 0.000000e+00
    176.860000 3.747500e-20 1.778300e+02 0.000000e+00
    180.140000 4.292800e-20 1.811300e+02 0.000000e+00
    181.810000 4.707000e-20 1.828100e+02 0.000000e+00
    186.050000 5.607100e-20 1.870700e+02 0.000000e+00
    190.820000 6.882400e-20 1.918700e+02 0.000000e+00
    193.920000 7.775700e-20 1.949800e+02 0.000000e+00
    197.980000 9.093700e-20 1.990700e+02 0.000000e+00
    202.120000 1.058600e-19 2.032400e+02 0.000000e+00
    204.940000 1.179600e-19 2.060600e+02 0.000000e+00
    210.190000 1.370100e-19 2.113500e+02 0.000000e+00
    216.080000 1.720800e-19 2.172700e+02 0.000000e+00
    220.100000 1.962200e-19 2.213100e+02 0.000000e+00
    223.160000 2.146600e-19 2.243900e+02 0.000000e+00
    226.790000 2.436400e-19 2.280300e+02 0.000000e+00
    229.940000 3.879200e-19 2.312100e+02 0.000000e+00
    234.220000 6.542500e-19 2.355000e+02 0.000000e+00
    240.230000 9.031100e-19 2.415500e+02 0.000000e+00
    245.820000 9.744100e-19 2.471700e+02 0.000000e+00
    252.130000 1.121400e-18 2.535100e+02 0.000000e+00
    256.810000 1.013300e-18 2.582300e+02 0.000000e+00
    259.790000 1.238100e-18 2.612200e+02 0.000000e+00
    264.010000 1.373200e-18 2.654600e+02 0.000000e+00
    268.920000 1.474800e-18 2.704000e+02 0.000000e+00
    273.920000 1.580300e-18 2.754200e+02 0.000000e+00
    279.010000 1.681700e-18 2.805400e+02 0.000000e+00
    284.200000 1.797800e-18 2.857600e+02 0.000000e+00
    290.150000 1.861000e-18 2.917400e+02 0.000000e+00
    296.220000 2.031100e-18 2.978500e+02 0.000000e+00
    301.040000 2.054700e-18 3.026900e+02 0.000000e+00
    308.050000 2.263300e-18 3.097400e+02 0.000000e+00
    318.140000 2.563000e-18 3.198900e+02 0.000000e+00
    327.810000 2.810200e-18 3.296100e+02 0.000000e+00
    337.770000 3.039100e-18 3.396300e+02 0.000000e+00
    348.030000 3.263900e-18 3.499500e+02 0.000000e+00
    356.960000 3.497400e-18 3.589200e+02 0.000000e+00
    366.120000 3.756100e-18 3.681300e+02 0.000000e+00
    374.640000 3.969600e-18 3.767000e+02 0.000000e+00
    385.140000 4.090200e-18 3.872600e+02 0.000000e+00
    395.020000 4.443700e-18 3.971900e+02 0.000000e+00
    405.150000 4.728700e-18 4.073800e+02 0.000000e+00
    413.640000 4.940200e-18 4.159100e+02 0.000000e+00
    422.300000 5.102000e-18 4.246200e+02 0.000000e+00
    430.150000 5.269200e-18 4.325100e+02 0.000000e+00
    441.180000 5.607100e-18 4.436100e+02 0.000000e+00
    451.460000 5.871400e-18 4.539400e+02 0.000000e+00
    459.850000 6.077700e-18 4.623800e+02 0.000000e+00
    469.480000 6.378800e-18 4.720600e+02 0.000000e+00
    480.420000 6.741300e-18 4.830600e+02 0.000000e+00
    490.480000 7.042700e-18 4.931700e+02 0.000000e+00
    499.600000 7.529100e-18 5.023400e+02 0.000000e+00
    506.550000 1.198800e-17 5.093300e+02 0.000000e+00
    512.410000 3.263900e-17 5.152300e+02 0.000000e+00
    519.540000 3.355400e-17 5.224000e+02 0.000000e+00
    530.420000 3.481300e-17 5.333300e+02 0.000000e+00
    540.280000 3.386400e-17 5.432500e+02 0.000000e+00
    550.330000 4.362600e-17 5.533500e+02 0.000000e+00
    560.560000 5.244900e-17 5.636400e+02 0.000000e+00
    569.660000 5.898500e-17 5.728000e+02 0.000000e+00
    580.260000 5.790800e-17 5.834500e+02 0.000000e+00
    589.680000 6.835000e-17 5.929300e+02 0.000000e+00
    600.650000 6.978200e-17 6.039500e+02 0.000000e+00
    610.410000 8.142200e-17 6.137600e+02 0.000000e+00
    620.320000 9.522300e-17 6.237300e+02 0.000000e+00
    630.400000 1.022700e-16 6.338700e+02 0.000000e+00
    640.650000 1.075800e-16 6.441700e+02 0.000000e+00
    649.560000 1.196000e-16 6.531300e+02 0.000000e+00
    658.600000 1.258200e-16 6.622200e+02 0.000000e+00
    664.690000 1.363800e-16 6.683400e+02 0.000000e+00
    675.490000 1.444600e-16 6.792000e+02 0.000000e+00
    684.890000 1.444600e-16 6.886500e+02 0.000000e+00
    694.420000 1.765000e-16 6.982300e+02 0.000000e+00
    705.700000 1.712900e-16 7.095800e+02 0.000000e+00
    715.520000 2.083200e-16 7.194500e+02 0.000000e+00
    725.470000 2.201600e-16 7.294600e+02 0.000000e+00
    735.560000 2.321400e-16 7.396100e+02 0.000000e+00
    745.790000 2.563000e-16 7.498900e+02 0.000000e+00
    754.430000 2.733600e-16 7.585800e+02 0.000000e+00
    764.930000 2.902300e-16 7.691300e+02 0.000000e+00
    775.570000 3.167700e-16 7.798300e+02 0.000000e+00
    784.550000 3.441500e-16 7.888600e+02 0.000000e+00
    795.460000 3.637000e-16 7.998300e+02 0.000000e+00
    804.670000 3.834800e-16 8.091000e+02 0.000000e+00
    815.870000 4.034000e-16 8.203500e+02 0.000000e+00
    825.310000 4.402900e-16 8.298500e+02 0.000000e+00
    834.870000 4.015500e-16 8.394600e+02 0.000000e+00
    844.540000 4.816600e-16 8.491800e+02 0.000000e+00
    854.320000 5.066900e-16 8.590100e+02 0.000000e+00
    864.210000 5.454300e-16 8.689600e+02 0.000000e+00
    874.220000 5.831000e-16 8.790200e+02 0.000000e+00
    884.340000 6.276800e-16 8.892000e+02 0.000000e+00
    894.580000 6.648800e-16 8.995000e+02 0.000000e+00
    904.940000 6.882400e-16 9.099100e+02 0.000000e+00
    915.420000 9.879600e-16 9.204500e+02 0.000000e+00
    926.020000 5.685100e-15 9.311100e+02 0.000000e+00
    934.590000 1.212700e-14 9.397200e+02 0.000000e+00
    945.410000 2.380900e-14 9.506000e+02 0.000000e+00
    954.160000 3.279000e-14 9.594000e+02 0.000000e+00
    965.200000 4.052700e-14 9.705100e+02 0.000000e+00
    974.140000 1.044100e-14 9.794900e+02 0.000000e+00
    985.420000 4.464200e-14 9.908300e+02 0.000000e+00
    994.530000 4.453900e-14 1.000000e+03 0.000000e+00
   1006.050000 5.441800e-14 1.011580e+03 0.000000e+00
   1015.360000 4.850000e-14 1.020940e+03 0.000000e+00
   1024.750000 1.962200e-14 1.030390e+03 0.000000e+00
   1034.230000 3.906100e-14 1.039920e+03 0.000000e+00
   1043.800000 6.572700e-14 1.049540e+03 0.000000e+00
   1055.890000 6.664100e-14 1.061700e+03 0.000000e+00
   1065.660000 5.871400e-14 1.071520e+03 0.000000e+00
   1075.520000 6.648800e-14 1.081430e+03 0.000000e+00
   1085.470000 5.844400e-14 1.091440e+03 0.000000e+00
   1095.520000 6.898300e-14 1.101540e+03 0.000000e+00
   1105.650000 6.710300e-14 1.111730e+03 0.000000e+00
   1115.880000 6.694900e-14 1.122020e+03 0.000000e+00
   1126.210000 6.262400e-14 1.132400e+03 0.000000e+00
   1134.020000 7.140700e-14 1.140250e+03 0.000000e+00
   1144.510000 6.679500e-14 1.150800e+03 0.000000e+00
   1155.100000 6.946100e-14 1.161450e+03 0.000000e+00
   1165.790000 7.173700e-14 1.172200e+03 0.000000e+00
   1173.870000 5.711400e-14 1.180320e+03 0.000000e+00
   1184.730000 6.898300e-14 1.191240e+03 0.000000e+00
   1195.690000 5.416800e-14 1.202260e+03 0.000000e+00
   1203.980000 4.263300e-14 1.210600e+03 0.000000e+00
   1215.120000 2.151500e-14 1.221800e+03 0.000000e+00
   1226.360000 4.663800e-14 1.233110e+03 0.000000e+00
   1234.860000 6.603000e-14 1.241650e+03 0.000000e+00
   1246.290000 7.290200e-14 1.253140e+03 0.000000e+00
   1254.930000 7.290200e-14 1.261830e+03 0.000000e+00
   1263.630000 6.648800e-14 1.270570e+03 0.000000e+00
   1275.320000 7.829600e-14 1.282330e+03 0.000000e+00
   1284.160000 8.104800e-14 1.291220e+03 0.000000e+00
   1296.040000 7.256700e-14 1.303170e+03 0.000000e+00
   1305.030000 7.190200e-14 1.312200e+03 0.000000e+00
   1314.070000 8.161000e-14 1.321300e+03 0.000000e+00
   1326.230000 7.975200e-14 1.333520e+03 0.000000e+00
   1335.420000 7.546400e-14 1.342770e+03 0.000000e+00
   1344.680000 8.236500e-14 1.352070e+03 0.000000e+00
   1354.000000 8.123500e-14 1.361440e+03 0.000000e+00
   1366.530000 7.686700e-14 1.374040e+03 0.000000e+00
   1376.000000 7.883900e-14 1.383570e+03 0.000000e+00
   1385.540000 8.012000e-14 1.393160e+03 0.000000e+00
   1395.140000 7.340800e-14 1.402810e+03 0.000000e+00
   1404.820000 7.546400e-14 1.412540e+03 0.000000e+00
   1414.550000 7.775700e-14 1.422330e+03 0.000000e+00
   1424.360000 7.793700e-14 1.432190e+03 0.000000e+00
   1434.230000 7.793700e-14 1.442120e+03 0.000000e+00
   1440.850000 8.067500e-14 1.448770e+03 0.000000e+00
   1447.500000 8.123500e-14 1.455460e+03 0.000000e+00
   1454.180000 8.030500e-14 1.462180e+03 0.000000e+00
   1464.260000 7.722200e-14 1.472310e+03 0.000000e+00
   1474.410000 7.686700e-14 1.482520e+03 0.000000e+00
   1484.630000 7.722200e-14 1.492790e+03 0.000000e+00
   1494.920000 7.793700e-14 1.503140e+03 0.000000e+00
   1505.290000 7.598700e-14 1.513560e+03 0.000000e+00
   1512.230000 7.140700e-14 1.520550e+03 0.000000e+00
   1515.720000 7.425800e-14 1.524050e+03 0.000000e+00
   1526.230000 7.290200e-14 1.534620e+03 0.000000e+00
   1533.270000 6.741300e-14 1.541700e+03 0.000000e+00
   1543.900000 7.075200e-14 1.552390e+03 0.000000e+00
   1554.600000 6.803600e-14 1.563150e+03 0.000000e+00
   1565.380000 6.898300e-14 1.573980e+03 0.000000e+00
   1576.230000 7.240000e-14 1.584890e+03 0.000000e+00
   1583.500000 7.408700e-14 1.592210e+03 0.000000e+00
   1594.480000 7.581300e-14 1.603250e+03 0.000000e+00
   1605.530000 7.340800e-14 1.614360e+03 0.000000e+00
   1616.660000 7.340800e-14 1.625550e+03 0.000000e+00
   1624.120000 7.124300e-14 1.633050e+03 0.000000e+00
   1635.380000 7.391700e-14 1.644370e+03 0.000000e+00
   1646.720000 7.425800e-14 1.655770e+03 0.000000e+00
   1654.320000 7.059000e-14 1.663410e+03 0.000000e+00
   1665.790000 7.546400e-14 1.674940e+03 0.000000e+00
   1673.480000 7.042700e-14 1.682670e+03 0.000000e+00
   1677.330000 7.529100e-14 1.686550e+03 0.000000e+00
   1685.080000 7.686700e-14 1.694340e+03 0.000000e+00
   1696.760000 7.408700e-14 1.706080e+03 0.000000e+00
   1704.590000 7.223400e-14 1.713960e+03 0.000000e+00
   1716.400000 7.059000e-14 1.725840e+03 0.000000e+00
   1724.330000 7.010400e-14 1.733800e+03 0.000000e+00
   1736.280000 7.307000e-14 1.745820e+03 0.000000e+00
   1744.290000 7.157200e-14 1.753880e+03 0.000000e+00
   1756.380000 7.442900e-14 1.766040e+03 0.000000e+00
   1764.490000 6.994300e-14 1.774190e+03 0.000000e+00
   1776.720000 7.206800e-14 1.786490e+03 0.000000e+00
   1784.920000 7.256700e-14 1.794730e+03 0.000000e+00
   1793.160000 7.477200e-14 1.803020e+03 0.000000e+00
   1805.590000 7.442900e-14 1.815520e+03 0.000000e+00
   1813.920000 7.173700e-14 1.823900e+03 0.000000e+00
   1826.500000 7.206800e-14 1.836540e+03 0.000000e+00
   1834.930000 7.075200e-14 1.845020e+03 0.000000e+00
   1843.400000 6.694900e-14 1.853530e+03 0.000000e+00
   1856.180000 6.725800e-14 1.866380e+03 0.000000e+00
   1864.740000 6.835000e-14 1.874990e+03 0.000000e+00
   1873.350000 7.107900e-14 1.883650e+03 0.000000e+00
   1886.340000 6.756800e-14 1.896710e+03 0.000000e+00
   1895.040000 6.557500e-14 1.905460e+03 0.000000e+00
   1903.790000 6.819300e-14 1.914260e+03 0.000000e+00
   1916.990000 6.664100e-14 1.927530e+03 0.000000e+00
   1925.840000 6.572700e-14 1.936420e+03 0.000000e+00
   1934.730000 6.694900e-14 1.945360e+03 0.000000e+00
   1943.650000 6.930100e-14 1.954340e+03 0.000000e+00
   1957.130000 6.603000e-14 1.967890e+03 0.000000e+00
   1966.160000 6.930100e-14 1.976970e+03 0.000000e+00
   1975.240000 7.059000e-14 1.986100e+03 0.000000e+00
   1984.350000 6.803600e-14 1.995260e+03 0.000000e+00
   1993.510000 6.664100e-14 2.004470e+03 0.000000e+00
   2003.358558 6.756800e-14 2.013720e+03 0.000000e+00
   2017.251007 6.664100e-14 2.027680e+03 0.000000e+00
   2026.562676 6.819300e-14 2.037040e+03 0.000000e+00
   2035.914373 6.633500e-14 2.046450e+03 0.000000e+00
   2045.306098 6.725800e-14 2.055890e+03 0.000000e+00
   2054.747851 6.437900e-14 2.065380e+03 0.000000e+00
   2064.229630 6.542500e-14 2.074910e+03 0.000000e+00
   2073.761437 6.835000e-14 2.084490e+03 0.000000e+00
   2078.532347 6.648800e-14 2.089300e+03 0.000000e+00
   2083.323266 6.756800e-14 2.094110e+03 0.000000e+00
   2097.766061 6.527400e-14 2.108630e+03 0.000000e+00
   2107.447955 6.603000e-14 2.118360e+03 0.000000e+00
   2117.169872 6.618200e-14 2.128140e+03 0.000000e+00
   2126.941814 6.694900e-14 2.137960e+03 0.000000e+00
   2136.763780 6.423000e-14 2.147830e+03 0.000000e+00
   2146.625769 6.497400e-14 2.157740e+03 0.000000e+00
   2156.527780 6.603000e-14 2.167700e+03 0.000000e+00
   2166.479814 6.452700e-14 2.177710e+03 0.000000e+00
   2176.481871 6.423000e-14 2.187760e+03 0.000000e+00
   2186.523950 6.378800e-14 2.197860e+03 0.000000e+00
   2196.616051 6.557500e-14 2.208010e+03 0.000000e+00
   2206.758174 6.423000e-14 2.218200e+03 0.000000e+00
   2216.940318 6.248000e-14 2.228440e+03 0.000000e+00
   2227.172484 6.134000e-14 2.238720e+03 0.000000e+00
   2237.454671 6.378800e-14 2.249050e+03 0.000000e+00
   2247.776878 6.205000e-14 2.259440e+03 0.000000e+00
   2258.159109 6.077700e-14 2.269860e+03 0.000000e+00
   2263.360230 6.119900e-14 2.275100e+03 0.000000e+00
   2273.802489 6.219300e-14 2.285600e+03 0.000000e+00
   2284.304771 6.291300e-14 2.296150e+03 0.000000e+00
   2294.847072 6.064500e-14 2.306750e+03 0.000000e+00
   2305.439393 6.093600e-14 2.317390e+03 0.000000e+00
   2316.071732 5.969700e-14 2.328090e+03 0.000000e+00
   2326.764094 5.260500e-14 2.338840e+03 0.000000e+00
   2337.506477 5.795800e-14 2.349630e+03 0.000000e+00
   2348.288877 5.613000e-14 2.360480e+03 0.000000e+00
   2353.710086 5.864500e-14 2.365920e+03 0.000000e+00
   2364.572517 5.601600e-14 2.376840e+03 0.000000e+00
   2375.484968 5.706900e-14 2.387810e+03 0.000000e+00
   2386.447438 5.438500e-14 2.398830e+03 0.000000e+00
   2397.459928 5.630700e-14 2.409910e+03 0.000000e+00
   2402.991181 5.503000e-14 2.415460e+03 0.000000e+00
   2414.073698 5.542200e-14 2.426610e+03 0.000000e+00
   2425.216237 5.711700e-14 2.437810e+03 0.000000e+00
   2436.408795 5.557200e-14 2.449060e+03 0.000000e+00
   2447.661375 5.714000e-14 2.460370e+03 0.000000e+00
   2453.302670 5.662100e-14 2.466040e+03 0.000000e+00
   2464.625277 5.611300e-14 2.477420e+03 0.000000e+00
   2475.997902 5.497300e-14 2.488860e+03 0.000000e+00
   2487.430548 5.587700e-14 2.500350e+03 0.000000e+00
   2493.161877 5.349100e-14 2.506110e+03 0.000000e+00
   2504.664550 5.706400e-14 2.517680e+03 0.000000e+00
   2516.227243 5.375900e-14 2.529300e+03 0.000000e+00
   2527.839955 5.303200e-14 2.540970e+03 0.000000e+00
   2533.671320 5.303700e-14 2.546830e+03 0.000000e+00
   2545.364060 5.280400e-14 2.558590e+03 0.000000e+00
   2557.106819 5.479700e-14 2.570400e+03 0.000000e+00
   2563.008208 5.405000e-14 2.576320e+03 0.000000e+00
   2574.830995 5.570400e-14 2.588210e+03 0.000000e+00
   2586.713802 5.546000e-14 2.600160e+03 0.000000e+00
   2598.656630 5.496200e-14 2.612160e+03 0.000000e+00
   2604.648051 5.371700e-14 2.618180e+03 0.000000e+00
   2616.670907 5.323500e-14 2.630270e+03 0.000000e+00
   2628.743780 5.436100e-14 2.642410e+03 0.000000e+00
   2634.805225 5.499700e-14 2.648500e+03 0.000000e+00
   2646.968129 5.786600e-14 2.660720e+03 0.000000e+00
   2653.069588 5.827400e-14 2.666860e+03 0.000000e+00
   2665.312519 5.566300e-14 2.679170e+03 0.000000e+00
   2677.615470 5.670900e-14 2.691540e+03 0.000000e+00
   2683.786953 5.697700e-14 2.697740e+03 0.000000e+00
   2696.179934 5.518100e-14 2.710190e+03 0.000000e+00
   2708.622933 5.583200e-14 2.722700e+03 0.000000e+00
   2714.864439 5.406700e-14 2.728980e+03 0.000000e+00
   2727.397467 5.370600e-14 2.741570e+03 0.000000e+00
   2733.678987 5.521700e-14 2.747890e+03 0.000000e+00
   2746.302045 5.118800e-14 2.760580e+03 0.000000e+00
   2758.975120 5.179200e-14 2.773320e+03 0.000000e+00
   2765.336665 5.300400e-14 2.779710e+03 0.000000e+00
   2778.099770 5.425000e-14 2.792540e+03 0.000000e+00
   2784.501329 5.265600e-14 2.798980e+03 0.000000e+00
   2797.354463 4.608400e-14 2.811900e+03 0.000000e+00
   2803.806038 4.826100e-14 2.818380e+03 0.000000e+00
   2816.739198 5.378900e-14 2.831390e+03 0.000000e+00
   2823.230786 5.466900e-14 2.837920e+03 0.000000e+00
   2836.263979 5.355900e-14 2.851020e+03 0.000000e+00
   2842.805583 5.246700e-14 2.857590e+03 0.000000e+00
   2855.928804 5.128400e-14 2.870780e+03 0.000000e+00
   2869.102042 5.383700e-14 2.884030e+03 0.000000e+00
   2875.723672 5.396700e-14 2.890680e+03 0.000000e+00
   2888.996941 5.397900e-14 2.904020e+03 0.000000e+00
   2895.648582 5.386100e-14 2.910720e+03 0.000000e+00
   2909.021883 5.615300e-14 2.924150e+03 0.000000e+00
   2929.186868 5.476800e-14 2.944420e+03 0.000000e+00
   2949.481896 5.403500e-14 2.964830e+03 0.000000e+00
   2969.926970 5.430400e-14 2.985380e+03 0.000000e+00
   2990.512089 5.419800e-14 3.006080e+03 0.000000e+00
   3011.247254 5.446700e-14 3.026910e+03 0.000000e+00
   3032.112460 5.436100e-14 3.047890e+03 0.000000e+00
   3053.127713 5.438100e-14 3.069020e+03 0.000000e+00
   3074.293012 5.402600e-14 3.090300e+03 0.000000e+00
   3088.486571 5.403900e-14 3.104560e+03 0.000000e+00
   3109.891944 5.393400e-14 3.126080e+03 0.000000e+00
   3131.447364 5.321400e-14 3.147750e+03 0.000000e+00
   3153.152830 5.311100e-14 3.169570e+03 0.000000e+00
   3167.706499 5.324700e-14 3.184200e+03 0.000000e+00
   3189.662042 5.169600e-14 3.206270e+03 0.000000e+00
   3211.767630 5.267700e-14 3.228490e+03 0.000000e+00
   3234.033266 5.126000e-14 3.250870e+03 0.000000e+00
   3248.957049 5.307500e-14 3.265880e+03 0.000000e+00
   3271.482764 5.408300e-14 3.288520e+03 0.000000e+00
   3294.158525 5.373100e-14 3.311310e+03 0.000000e+00
   3309.362391 5.337500e-14 3.326600e+03 0.000000e+00
   3324.636279 5.314400e-14 3.341950e+03 0.000000e+00
   3332.298231 5.327300e-14 3.349660e+03 0.000000e+00
   3339.980188 5.041600e-14 3.357380e+03 0.000000e+00
   3347.682151 5.304200e-14 3.365120e+03 0.000000e+00
   3355.394118 5.101300e-14 3.372870e+03 0.000000e+00
   3363.136093 5.020400e-14 3.380650e+03 0.000000e+00
   3370.888071 4.929400e-14 3.388440e+03 0.000000e+00
   3378.650053 4.862400e-14 3.396250e+03 0.000000e+00
   3386.442043 5.151200e-14 3.404080e+03 0.000000e+00
   3394.254040 5.271900e-14 3.411930e+03 0.000000e+00
   3402.076039 5.383000e-14 3.419790e+03 0.000000e+00
   3409.918044 5.047500e-14 3.427680e+03 0.000000e+00
   3417.780055 5.189600e-14 3.435580e+03 0.000000e+00
   3425.652070 5.422400e-14 3.443500e+03 0.000000e+00
   3433.554093 5.473400e-14 3.451440e+03 0.000000e+00
   3441.466119 5.349500e-14 3.459390e+03 0.000000e+00
   3449.398151 5.027700e-14 3.467370e+03 0.000000e+00
   3457.350189 4.993800e-14 3.475360e+03 0.000000e+00
   3465.322233 4.948700e-14 3.483370e+03 0.000000e+00
   3473.314283 5.206500e-14 3.491400e+03 0.000000e+00
   3481.316336 5.018900e-14 3.499450e+03 0.000000e+00
   3489.338395 5.124600e-14 3.507520e+03 0.000000e+00
   3497.380460 5.125300e-14 3.515600e+03 0.000000e+00
   3505.442530 5.137900e-14 3.523710e+03 0.000000e+00
   3513.524607 5.091500e-14 3.531830e+03 0.000000e+00
   3521.626689 5.246900e-14 3.539970e+03 0.000000e+00
   3529.748778 4.976900e-14 3.548130e+03 0.000000e+00
   3537.880869 5.200200e-14 3.556310e+03 0.000000e+00
   3546.032967 5.359000e-14 3.564510e+03 0.000000e+00
   3554.215072 5.396900e-14 3.572730e+03 0.000000e+00
   3562.407182 5.299100e-14 3.580960e+03 0.000000e+00
   3570.619297 5.014900e-14 3.589220e+03 0.000000e+00
   3578.851417 4.946800e-14 3.597490e+03 0.000000e+00
   3587.093542 4.713900e-14 3.605790e+03 0.000000e+00
   3595.365674 4.982400e-14 3.614100e+03 0.000000e+00
   3603.657812 5.302800e-14 3.622430e+03 0.000000e+00
   3608.479056 5.911300e-14 3.627280e+03 1.000000e+00
   3611.209761 4.934500e-14 3.630030e+03 1.000000e+00
   3613.950468 4.314300e-14 3.632780e+03 1.000000e+00
   3616.681172 5.430600e-14 3.635530e+03 1.000000e+00
   3619.421880 5.511600e-14 3.638280e+03 1.000000e+00
   3622.152584 5.451100e-14 3.641030e+03 1.000000e+00
   3624.893292 5.284700e-14 3.643780e+03 1.000000e+00
   3627.623997 5.555500e-14 3.646530e+03 1.000000e+00
   3630.364704 5.186500e-14 3.649280e+03 1.000000e+00
   3633.095409 5.415600e-14 3.652030e+03 1.000000e+00
   3635.836117 5.111400e-14 3.654780e+03 1.000000e+00
   3638.566822 4.661000e-14 3.657530e+03 1.000000e+00
   3641.307530 5.218500e-14 3.660280e+03 1.000000e+00
   3644.038236 5.599100e-14 3.663030e+03 1.000000e+00
   3646.778944 5.383000e-14 3.665780e+03 1.000000e+00
   3649.509649 5.313200e-14 3.668530e+03 1.000000e+00
   3652.250357 5.336600e-14 3.671280e+03 1.000000e+00
   3654.981063 5.463700e-14 3.674030e+03 1.000000e+00
   3657.721771 5.377000e-14 3.676780e+03 1.000000e+00
   3660.452477 5.918000e-14 3.679530e+03 1.000000e+00
   3663.193185 5.212200e-14 3.682280e+03 1.000000e+00
   3665.923891 5.166500e-14 3.685030e+03 1.000000e+00
   3668.664600 5.465100e-14 3.687780e+03 1.000000e+00
   3671.395306 5.639900e-14 3.690530e+03 1.000000e+00
   3674.136015 5.553200e-14 3.693280e+03 1.000000e+00
   3676.866721 5.835400e-14 3.696030e+03 1.000000e+00
   3679.607430 5.057000e-14 3.698780e+03 1.000000e+00
   3682.338136 4.805600e-14 3.701530e+03 1.000000e+00
   3685.078845 4.982100e-14 3.704280e+03 1.000000e+00
   3687.809551 5.335600e-14 3.707030e+03 1.000000e+00
   3690.550261 5.621600e-14 3.709780e+03 1.000000e+00
   3693.280967 5.285400e-14 3.712530e+03 1.000000e+00
   3696.021676 5.030000e-14 3.715280e+03 1.000000e+00
   3698.752383 5.087800e-14 3.718030e+03 1.000000e+00
   3701.493093 5.538000e-14 3.720780e+03 1.000000e+00
   3704.223800 5.634800e-14 3.723530e+03 1.000000e+00
   3706.964509 5.405000e-14 3.726280e+03 1.000000e+00
   3709.695216 5.649900e-14 3.729030e+03 1.000000e+00
   3712.435926 5.076400e-14 3.731780e+03 1.000000e+00
   3715.166633 5.202700e-14 3.734530e+03 1.000000e+00
   3717.907343 5.403200e-14 3.737280e+03 1.000000e+00
   3720.638050 5.706000e-14 3.740030e+03 1.000000e+00
   3723.378760 6.540700e-14 3.742780e+03 1.000000e+00
   3726.109467 9.172100e-14 3.745530e+03 1.000000e+00
   3728.850177 1.493600e-13 3.748280e+03 1.000000e+00
   3731.580885 2.386400e-13 3.751030e+03 1.000000e+00
   3734.321595 2.662200e-13 3.753780e+03 1.000000e+00
   3737.052303 2.081000e-13 3.756530e+03 1.000000e+00
   3739.793013 1.241800e-13 3.759280e+03 1.000000e+00
   3742.523721 7.465700e-14 3.762030e+03 1.000000e+00
   3745.264431 6.415800e-14 3.764780e+03 1.000000e+00
   3747.995139 6.406300e-14 3.767530e+03 1.000000e+00
   3750.735850 5.851800e-14 3.770280e+03 1.000000e+00
   3753.466558 5.317900e-14 3.773030e+03 1.000000e+00
   3756.207269 5.380300e-14 3.775780e+03 1.000000e+00
   3758.937977 5.697500e-14 3.778530e+03 1.000000e+00
   3761.678688 6.326000e-14 3.781280e+03 1.000000e+00
   3764.409396 6.221900e-14 3.784030e+03 1.000000e+00
   3767.150107 6.499100e-14 3.786780e+03 1.000000e+00
   3769.880816 6.543200e-14 3.789530e+03 1.000000e+00
   3772.621527 6.060000e-14 3.792280e+03 1.000000e+00
   3775.352235 6.129200e-14 3.795030e+03 1.000000e+00
   3778.092946 6.270000e-14 3.797780e+03 1.000000e+00
   3780.823655 6.526200e-14 3.800530e+03 1.000000e+00
   3783.564366 6.920000e-14 3.803280e+03 1.000000e+00
   3786.295075 7.673600e-14 3.806030e+03 1.000000e+00
   3789.035787 8.064000e-14 3.808780e+03 1.000000e+00
   3791.766496 7.575600e-14 3.811530e+03 1.000000e+00
   3794.507207 7.267100e-14 3.814280e+03 1.000000e+00
   3797.237916 6.591300e-14 3.817030e+03 1.000000e+00
   3799.978628 6.102900e-14 3.819780e+03 1.000000e+00
   3802.709337 5.627700e-14 3.822530e+03 1.000000e+00
   3805.450049 6.206200e-14 3.825280e+03 1.000000e+00
   3808.180758 6.376200e-14 3.828030e+03 1.000000e+00
   3810.921470 7.010800e-14 3.830780e+03 1.000000e+00
   3813.652180 7.580800e-14 3.833530e+03 1.000000e+00
   3816.392892 8.264000e-14 3.836280e+03 1.000000e+00
   3819.123601 7.869400e-14 3.839030e+03 1.000000e+00
   3821.864314 8.004400e-14 3.841780e+03 1.000000e+00
   3824.595023 7.647700e-14 3.844530e+03 1.000000e+00
   3827.335736 7.099900e-14 3.847280e+03 1.000000e+00
   3830.066445 7.132800e-14 3.850030e+03 1.000000e+00
   3832.807158 6.720200e-14 3.852780e+03 1.000000e+00
   3835.537868 6.098200e-14 3.855530e+03 1.000000e+00
   3838.278580 5.974800e-14 3.858280e+03 1.000000e+00
   3841.009290 5.651600e-14 3.861030e+03 1.000000e+00
   3843.750003 5.793900e-14 3.863780e+03 1.000000e+00
   3846.480713 6.605300e-14 3.866530e+03 1.000000e+00
   3849.221426 7.527700e-14 3.869280e+03 1.000000e+00
   3851.952136 7.686700e-14 3.872030e+03 1.000000e+00
   3854.692849 7.849300e-14 3.874780e+03 1.000000e+00
   3857.423559 8.307100e-14 3.877530e+03 1.000000e+00
   3860.164273 8.112100e-14 3.880280e+03 1.000000e+00
   3862.894983 8.416100e-14 3.883030e+03 1.000000e+00
   3865.635696 8.459700e-14 3.885780e+03 1.000000e+00
   3868.366407 8.957900e-14 3.888530e+03 1.000000e+00
   3871.107120 8.905600e-14 3.891280e+03 1.000000e+00
   3873.837831 9.151700e-14 3.894030e+03 1.000000e+00
   3876.578544 9.116000e-14 3.896780e+03 1.000000e+00
   3879.309255 8.449000e-14 3.899530e+03 1.000000e+00
   3882.049968 8.087500e-14 3.902280e+03 1.000000e+00
   3884.780679 7.368300e-14 3.905030e+03 1.000000e+00
   3887.521393 6.934500e-14 3.907780e+03 1.000000e+00
   3890.252104 6.551600e-14 3.910530e+03 1.000000e+00
   3892.992818 7.082200e-14 3.913280e+03 1.000000e+00
   3895.723529 7.135500e-14 3.916030e+03 1.000000e+00
   3898.464243 6.886400e-14 3.918780e+03 1.000000e+00
   3901.194954 6.955900e-14 3.921530e+03 1.000000e+00
   3903.935668 7.379500e-14 3.924280e+03 1.000000e+00
   3906.666379 7.801300e-14 3.927030e+03 1.000000e+00
   3909.407093 7.980800e-14 3.929780e+03 1.000000e+00
   3912.137805 8.061400e-14 3.932530e+03 1.000000e+00
   3914.878519 8.432500e-14 3.935280e+03 1.000000e+00
   3917.609231 8.513400e-14 3.938030e+03 1.000000e+00
   3920.349945 8.507200e-14 3.940780e+03 1.000000e+00
   3923.080657 8.450900e-14 3.943530e+03 1.000000e+00
   3925.821371 8.534300e-14 3.946280e+03 1.000000e+00
   3928.552083 8.413300e-14 3.949030e+03 1.000000e+00
   3931.292797 8.063700e-14 3.951780e+03 1.000000e+00
   3934.023509 7.480300e-14 3.954530e+03 1.000000e+00
   3936.764224 6.999900e-14 3.957280e+03 1.000000e+00
   3939.494936 7.136600e-14 3.960030e+03 1.000000e+00
   3942.235650 7.626900e-14 3.962780e+03 1.000000e+00
   3944.966363 7.858500e-14 3.965530e+03 1.000000e+00
   3947.707077 7.984100e-14 3.968280e+03 1.000000e+00
   3950.437790 7.942600e-14 3.971030e+03 1.000000e+00
   3953.178504 8.201900e-14 3.973780e+03 1.000000e+00
   3955.909217 8.283100e-14 3.976530e+03 1.000000e+00
   3958.649932 8.200600e-14 3.979280e+03 1.000000e+00
   3961.380644 7.808200e-14 3.982030e+03 1.000000e+00
   3964.121359 7.416100e-14 3.984780e+03 1.000000e+00
   3966.852072 6.662900e-14 3.987530e+03 1.000000e+00
   3969.592787 6.096200e-14 3.990280e+03 1.000000e+00
   3972.323500 6.002300e-14 3.993030e+03 1.000000e+00
   3975.064215 5.966100e-14 3.995780e+03 1.000000e+00
   3977.794928 6.435300e-14 3.998530e+03 1.000000e+00
   3980.535643 6.497900e-14 4.001280e+03 1.000000e+00
   3983.266356 7.268200e-14 4.004030e+03 1.000000e+00
   3986.007072 7.771100e-14 4.006780e+03 1.000000e+00
   3988.737785 8.071600e-14 4.009530e+03 1.000000e+00
   3991.478500 8.241800e-14 4.012280e+03 1.000000e+00
   3994.209213 8.407300e-14 4.015030e+03 1.000000e+00
   3996.949929 8.704300e-14 4.017780e+03 1.000000e+00
   3999.680642 8.614400e-14 4.020530e+03 1.000000e+00
   4002.411356 8.859600e-14 4.023280e+03 1.000000e+00
   4005.152071 9.055800e-14 4.026030e+03 1.000000e+00
   4007.882785 8.957900e-14 4.028780e+03 1.000000e+00
   4010.623501 8.896800e-14 4.031530e+03 1.000000e+00
   4013.354214 8.793500e-14 4.034280e+03 1.000000e+00
   4016.094930 8.935800e-14 4.037030e+03 1.000000e+00
   4018.825644 9.241900e-14 4.039780e+03 1.000000e+00
   4021.566360 9.184300e-14 4.042530e+03 1.000000e+00
   4024.297074 8.993600e-14 4.045280e+03 1.000000e+00
   4027.037790 9.214500e-14 4.048030e+03 1.000000e+00
   4029.768504 9.297300e-14 4.050780e+03 1.000000e+00
   4032.509220 9.319300e-14 4.053530e+03 1.000000e+00
   4035.239934 9.465500e-14 4.056280e+03 1.000000e+00
   4037.980650 9.324100e-14 4.059030e+03 1.000000e+00
   4040.711364 9.148900e-14 4.061780e+03 1.000000e+00
   4043.452081 9.216500e-14 4.064530e+03 1.000000e+00
   4046.182795 9.288700e-14 4.067280e+03 1.000000e+00
   4048.923511 9.302600e-14 4.070030e+03 1.000000e+00
   4051.654226 9.153000e-14 4.072780e+03 1.000000e+00
   4054.394942 9.560800e-14 4.075530e+03 1.000000e+00
   4057.125656 9.553900e-14 4.078280e+03 1.000000e+00
   4059.866373 9.172500e-14 4.081030e+03 1.000000e+00
   4062.597088 9.069800e-14 4.083780e+03 1.000000e+00
   4065.337805 9.064900e-14 4.086530e+03 1.000000e+00
   4068.068519 9.059000e-14 4.089280e+03 1.000000e+00
   4070.809236 9.170600e-14 4.092030e+03 1.000000e+00
   4073.539951 9.215800e-14 4.094780e+03 1.000000e+00
   4076.280668 9.184000e-14 4.097530e+03 1.000000e+00
   4079.011382 8.716000e-14 4.100280e+03 1.000000e+00
   4081.752099 8.809200e-14 4.103030e+03 1.000000e+00
   4084.482814 8.621000e-14 4.105780e+03 1.000000e+00
   4087.223531 8.519100e-14 4.108530e+03 1.000000e+00
   4089.954246 8.549500e-14 4.111280e+03 1.000000e+00
   4092.694964 8.217900e-14 4.114030e+03 1.000000e+00
   4095.425679 8.011400e-14 4.116780e+03 1.000000e+00
   4098.166396 7.721100e-14 4.119530e+03 1.000000e+00
   4100.897111 7.308000e-14 4.122280e+03 1.000000e+00
   4103.637829 7.597000e-14 4.125030e+03 1.000000e+00
   4106.368544 7.672900e-14 4.127780e+03 1.000000e+00
   4109.109261 7.386700e-14 4.130530e+03 1.000000e+00
   4111.839977 7.354900e-14 4.133280e+03 1.000000e+00
   4114.580694 7.360500e-14 4.136030e+03 1.000000e+00
   4117.311410 7.722200e-14 4.138780e+03 1.000000e+00
   4120.052127 8.110300e-14 4.141530e+03 1.000000e+00
   4122.782843 8.193300e-14 4.144280e+03 1.000000e+00
   4125.523561 8.173600e-14 4.147030e+03 1.000000e+00
   4128.254276 8.475500e-14 4.149780e+03 1.000000e+00
   4130.994994 8.532600e-14 4.152530e+03 1.000000e+00
   4133.725710 8.477300e-14 4.155280e+03 1.000000e+00
   4136.466428 8.616100e-14 4.158030e+03 1.000000e+00
   4139.197143 8.751200e-14 4.160780e+03 1.000000e+00
   4141.937862 8.878500e-14 4.163530e+03 1.000000e+00
   4144.668577 8.726200e-14 4.166280e+03 1.000000e+00
   4147.409296 8.670400e-14 4.169030e+03 1.000000e+00
   4150.140011 8.715300e-14 4.171780e+03 1.000000e+00
   4152.880730 8.764200e-14 4.174530e+03 1.000000e+00
   4155.611446 8.696300e-14 4.177280e+03 1.000000e+00
   4158.352164 8.575500e-14 4.180030e+03 1.000000e+00
   4161.082880 8.621600e-14 4.182780e+03 1.000000e+00
   4163.823599 8.511500e-14 4.185530e+03 1.000000e+00
   4166.554315 8.647500e-14 4.188280e+03 1.000000e+00
   4169.295033 8.633600e-14 4.191030e+03 1.000000e+00
   4172.025750 8.531500e-14 4.193780e+03 1.000000e+00
   4174.766468 8.560500e-14 4.196530e+03 1.000000e+00
   4177.497184 8.225400e-14 4.199280e+03 1.000000e+00
   4180.237903 8.493000e-14 4.202030e+03 1.000000e+00
   4182.968620 8.258100e-14 4.204780e+03 1.000000e+00
   4185.709339 8.534600e-14 4.207530e+03 1.000000e+00
   4188.440055 8.434200e-14 4.210280e+03 1.000000e+00
   4191.180774 8.760900e-14 4.213030e+03 1.000000e+00
   4193.911490 8.709400e-14 4.215780e+03 1.000000e+00
   4196.652210 8.848100e-14 4.218530e+03 1.000000e+00
   4199.382926 8.654200e-14 4.221280e+03 1.000000e+00
   4202.123645 8.550900e-14 4.224030e+03 1.000000e+00
   4204.854362 8.460800e-14 4.226780e+03 1.000000e+00
   4207.595081 8.505300e-14 4.229530e+03 1.000000e+00
   4210.325798 8.618500e-14 4.232280e+03 1.000000e+00
   4213.066517 8.673100e-14 4.235030e+03 1.000000e+00
   4215.797234 8.746000e-14 4.237780e+03 1.000000e+00
   4218.537953 8.803400e-14 4.240530e+03 1.000000e+00
   4221.268670 8.785200e-14 4.243280e+03 1.000000e+00
   4224.009390 8.879600e-14 4.246030e+03 1.000000e+00
   4226.740107 8.256600e-14 4.248780e+03 1.000000e+00
   4229.480826 8.442000e-14 4.251530e+03 1.000000e+00
   4232.211543 8.428700e-14 4.254280e+03 1.000000e+00
   4234.952263 8.364300e-14 4.257030e+03 1.000000e+00
   4237.682980 8.535900e-14 4.259780e+03 1.000000e+00
   4240.423700 8.455300e-14 4.262530e+03 1.000000e+00
   4243.154417 8.513000e-14 4.265280e+03 1.000000e+00
   4245.895137 8.480500e-14 4.268030e+03 1.000000e+00
   4248.625854 8.408800e-14 4.270780e+03 1.000000e+00
   4251.366574 8.725100e-14 4.273530e+03 1.000000e+00
   4254.097292 8.536700e-14 4.276280e+03 1.000000e+00
   4256.838012 8.313200e-14 4.279030e+03 1.000000e+00
   4259.568729 8.655700e-14 4.281780e+03 1.000000e+00
   4262.309449 8.595000e-14 4.284530e+03 1.000000e+00
   4265.040167 8.866900e-14 4.287280e+03 1.000000e+00
   4267.780887 8.728200e-14 4.290030e+03 1.000000e+00
   4270.511604 8.732100e-14 4.292780e+03 1.000000e+00
   4273.252325 8.570900e-14 4.295530e+03 1.000000e+00
   4275.983042 8.483200e-14 4.298280e+03 1.000000e+00
   4278.723763 8.485900e-14 4.301030e+03 1.000000e+00
   4281.454481 8.649000e-14 4.303780e+03 1.000000e+00
   4284.195201 8.589200e-14 4.306530e+03 1.000000e+00
   4286.925919 8.698900e-14 4.309280e+03 1.000000e+00
   4289.666639 8.369900e-14 4.312030e+03 1.000000e+00
   4292.397357 8.407400e-14 4.314780e+03 1.000000e+00
   4295.138078 8.466900e-14 4.317530e+03 1.000000e+00
   4297.868796 8.247400e-14 4.320280e+03 1.000000e+00
   4300.609516 8.028300e-14 4.323030e+03 1.000000e+00
   4303.340234 7.971800e-14 4.325780e+03 1.000000e+00
   4306.080955 7.660400e-14 4.328530e+03 1.000000e+00
   4308.811673 7.862800e-14 4.331280e+03 1.000000e+00
   4311.552394 7.711700e-14 4.334030e+03 1.000000e+00
   4314.283112 7.837000e-14 4.336780e+03 1.000000e+00
   4317.023833 7.941000e-14 4.339530e+03 1.000000e+00
   4319.754552 8.038900e-14 4.342280e+03 1.000000e+00
   4322.495272 8.172600e-14 4.345030e+03 1.000000e+00
   4325.225991 8.020700e-14 4.347780e+03 1.000000e+00
   4327.966712 7.782100e-14 4.350530e+03 1.000000e+00
   4330.697430 7.691700e-14 4.353280e+03 1.000000e+00
   4333.438151 7.375600e-14 4.356030e+03 1.000000e+00
   4336.168870 7.142200e-14 4.358780e+03 1.000000e+00
   4338.909591 7.414100e-14 4.361530e+03 1.000000e+00
   4341.640310 8.189500e-14 4.364280e+03 1.000000e+00
   4344.381031 8.972000e-14 4.367030e+03 1.000000e+00
   4347.111750 8.695600e-14 4.369780e+03 1.000000e+00
   4349.852471 7.933700e-14 4.372530e+03 1.000000e+00
   4352.583190 7.205000e-14 4.375280e+03 1.000000e+00
   4355.323911 7.386100e-14 4.378030e+03 1.000000e+00
   4358.054630 7.604600e-14 4.380780e+03 1.000000e+00
   4360.795351 7.748100e-14 4.383530e+03 1.000000e+00
   4363.526070 7.987500e-14 4.386280e+03 1.000000e+00
   4366.266792 8.086200e-14 4.389030e+03 1.000000e+00
   4368.997511 8.276100e-14 4.391780e+03 1.000000e+00
   4371.738232 8.109800e-14 4.394530e+03 1.000000e+00
   4374.468952 8.170700e-14 4.397280e+03 1.000000e+00
   4377.209673 8.047800e-14 4.400030e+03 1.000000e+00
   4379.940392 7.982000e-14 4.402780e+03 1.000000e+00
   4382.671111 7.986500e-14 4.405530e+03 1.000000e+00
   4385.411833 8.017400e-14 4.408280e+03 1.000000e+00
   4388.142553 7.727000e-14 4.411030e+03 1.000000e+00
   4390.883274 7.907000e-14 4.413780e+03 1.000000e+00
   4393.613994 8.011400e-14 4.416530e+03 1.000000e+00
   4396.354716 7.984500e-14 4.419280e+03 1.000000e+00
   4399.085435 7.935400e-14 4.422030e+03 1.000000e+00
   4401.826157 8.043400e-14 4.424780e+03 1.000000e+00
   4404.556876 8.157800e-14 4.427530e+03 1.000000e+00
   4407.297599 8.180900e-14 4.430280e+03 1.000000e+00
   4410.028318 8.184600e-14 4.433030e+03 1.000000e+00
   4412.769040 8.266800e-14 4.435780e+03 1.000000e+00
   4415.499760 8.323500e-14 4.438530e+03 1.000000e+00
   4418.240482 8.383600e-14 4.441280e+03 1.000000e+00
   4420.971202 8.253800e-14 4.444030e+03 1.000000e+00
   4423.711924 8.196600e-14 4.446780e+03 1.000000e+00
   4426.442644 8.391200e-14 4.449530e+03 1.000000e+00
   4429.183366 8.375800e-14 4.452280e+03 1.000000e+00
   4431.914086 8.337900e-14 4.455030e+03 1.000000e+00
   4434.654808 8.430500e-14 4.457780e+03 1.000000e+00
   4437.385528 8.443200e-14 4.460530e+03 1.000000e+00
   4440.126251 8.244600e-14 4.463280e+03 1.000000e+00
   4442.856971 8.212300e-14 4.466030e+03 1.000000e+00
   4445.597693 8.236400e-14 4.468780e+03 1.000000e+00
   4448.328413 8.396000e-14 4.471530e+03 1.000000e+00
   4451.069136 8.475500e-14 4.474280e+03 1.000000e+00
   4453.799856 8.537900e-14 4.477030e+03 1.000000e+00
   4456.540579 8.400800e-14 4.479780e+03 1.000000e+00
   4459.271299 8.104200e-14 4.482530e+03 1.000000e+00
   4462.012022 8.160900e-14 4.485280e+03 1.000000e+00
   4464.742742 8.376200e-14 4.488030e+03 1.000000e+00
   4467.483465 8.241000e-14 4.490780e+03 1.000000e+00
   4470.214185 8.301800e-14 4.493530e+03 1.000000e+00
   4472.954908 8.457800e-14 4.496280e+03 1.000000e+00
   4475.685628 8.405900e-14 4.499030e+03 1.000000e+00
   4478.426351 8.525800e-14 4.501780e+03 1.000000e+00
   4481.157071 8.430700e-14 4.504530e+03 1.000000e+00
   4483.897795 8.240900e-14 4.507280e+03 1.000000e+00
   4486.628515 8.108400e-14 4.510030e+03 1.000000e+00
   4489.369238 8.196100e-14 4.512780e+03 1.000000e+00
   4492.099959 8.279600e-14 4.515530e+03 1.000000e+00
   4494.840682 8.306500e-14 4.518280e+03 1.000000e+00
   4497.571402 8.329600e-14 4.521030e+03 1.000000e+00
   4500.312126 8.359800e-14 4.523780e+03 1.000000e+00
   4503.042846 8.406600e-14 4.526530e+03 1.000000e+00
   4505.783570 8.493700e-14 4.529280e+03 1.000000e+00
   4508.514290 8.437900e-14 4.532030e+03 1.000000e+00
   4511.255014 8.426400e-14 4.534780e+03 1.000000e+00
   4513.985735 8.457500e-14 4.537530e+03 1.000000e+00
   4516.726458 8.414500e-14 4.540280e+03 1.000000e+00
   4519.457179 8.364200e-14 4.543030e+03 1.000000e+00
   4522.197902 8.315400e-14 4.545780e+03 1.000000e+00
   4524.928623 8.283600e-14 4.548530e+03 1.000000e+00
   4527.669347 8.036400e-14 4.551280e+03 1.000000e+00
   4530.400068 8.099200e-14 4.554030e+03 1.000000e+00
   4533.140792 7.959200e-14 4.556780e+03 1.000000e+00
   4535.871513 8.038600e-14 4.559530e+03 1.000000e+00
   4538.612236 8.137100e-14 4.562280e+03 1.000000e+00
   4541.342957 8.090300e-14 4.565030e+03 1.000000e+00
   4544.083681 8.191300e-14 4.567780e+03 1.000000e+00
   4546.814402 8.160600e-14 4.570530e+03 1.000000e+00
   4549.555126 8.090200e-14 4.573280e+03 1.000000e+00
   4552.285847 8.022800e-14 4.576030e+03 1.000000e+00
   4555.026571 8.069500e-14 4.578780e+03 1.000000e+00
   4557.757293 8.072700e-14 4.581530e+03 1.000000e+00
   4560.498017 8.200200e-14 4.584280e+03 1.000000e+00
   4563.228738 8.212100e-14 4.587030e+03 1.000000e+00
   4565.969462 8.131800e-14 4.589780e+03 1.000000e+00
   4568.700183 8.188000e-14 4.592530e+03 1.000000e+00
   4571.440908 8.300300e-14 4.595280e+03 1.000000e+00
   4574.171629 8.240800e-14 4.598030e+03 1.000000e+00
   4576.912353 8.275100e-14 4.600780e+03 1.000000e+00
   4579.643075 8.197600e-14 4.603530e+03 1.000000e+00
   4582.383799 8.356700e-14 4.606280e+03 1.000000e+00
   4585.114521 8.317400e-14 4.609030e+03 1.000000e+00
   4587.855245 8.421300e-14 4.611780e+03 1.000000e+00
   4590.585966 8.271200e-14 4.614530e+03 1.000000e+00
   4593.326691 8.246700e-14 4.617280e+03 1.000000e+00
   4596.057413 8.317700e-14 4.620030e+03 1.000000e+00
   4598.798137 8.080400e-14 4.622780e+03 1.000000e+00
   4601.528859 8.117800e-14 4.625530e+03 1.000000e+00
   4604.269583 8.344600e-14 4.628280e+03 1.000000e+00
   4607.000305 8.218000e-14 4.631030e+03 1.000000e+00
   4609.741030 8.323400e-14 4.633780e+03 1.000000e+00
   4612.471751 8.334900e-14 4.636530e+03 1.000000e+00
   4615.212476 8.490100e-14 4.639280e+03 1.000000e+00
   4617.943198 8.461000e-14 4.642030e+03 1.000000e+00
   4620.683923 8.245500e-14 4.644780e+03 1.000000e+00
   4623.414645 8.443500e-14 4.647530e+03 1.000000e+00
   4626.155369 8.605900e-14 4.650280e+03 1.000000e+00
   4628.886092 8.272500e-14 4.653030e+03 1.000000e+00
   4631.626816 8.253300e-14 4.655780e+03 1.000000e+00
   4634.357538 8.323800e-14 4.658530e+03 1.000000e+00
   4637.098263 8.381600e-14 4.661280e+03 1.000000e+00
   4639.828985 8.314200e-14 4.664030e+03 1.000000e+00
   4642.569710 8.339300e-14 4.666780e+03 1.000000e+00
   4645.300433 8.261900e-14 4.669530e+03 1.000000e+00
   4648.041158 8.236200e-14 4.672280e+03 1.000000e+00
   4650.771880 8.222300e-14 4.675030e+03 1.000000e+00
   4653.512605 8.045900e-14 4.677780e+03 1.000000e+00
   4656.243327 7.943200e-14 4.680530e+03 1.000000e+00
   4658.984052 8.103000e-14 4.683280e+03 1.000000e+00
   4661.714775 8.157700e-14 4.686030e+03 1.000000e+00
   4664.455500 8.192600e-14 4.688780e+03 1.000000e+00
   4667.186222 8.122600e-14 4.691530e+03 1.000000e+00
   4669.926948 8.180400e-14 4.694280e+03 1.000000e+00
   4672.657670 7.948500e-14 4.697030e+03 1.000000e+00
   4675.398395 8.035600e-14 4.699780e+03 1.000000e+00
   4678.129118 8.114800e-14 4.702530e+03 1.000000e+00
   4680.869843 8.035300e-14 4.705280e+03 1.000000e+00
   4683.600566 8.063600e-14 4.708030e+03 1.000000e+00
   4686.341291 8.197400e-14 4.710780e+03 1.000000e+00
   4689.072014 8.288500e-14 4.713530e+03 1.000000e+00
   4691.812739 8.280000e-14 4.716280e+03 1.000000e+00
   4694.543462 8.256100e-14 4.719030e+03 1.000000e+00
   4697.284188 8.242500e-14 4.721780e+03 1.000000e+00
   4700.014910 8.235300e-14 4.724530e+03 1.000000e+00
   4702.755636 8.156300e-14 4.727280e+03 1.000000e+00
   4705.486359 7.878300e-14 4.730030e+03 1.000000e+00
   4708.227084 7.874900e-14 4.732780e+03 1.000000e+00
   4710.957807 7.900400e-14 4.735530e+03 1.000000e+00
   4713.698533 7.942000e-14 4.738280e+03 1.000000e+00
   4716.429256 7.936100e-14 4.741030e+03 1.000000e+00
   4719.169982 7.768500e-14 4.743780e+03 1.000000e+00
   4721.900705 7.872800e-14 4.746530e+03 1.000000e+00
   4724.641431 8.016500e-14 4.749280e+03 1.000000e+00
   4727.372154 8.263700e-14 4.752030e+03 1.000000e+00
   4730.112880 7.951500e-14 4.754780e+03 1.000000e+00
   4732.843603 7.923800e-14 4.757530e+03 1.000000e+00
   4735.584329 7.783300e-14 4.760280e+03 1.000000e+00
   4738.315052 7.751200e-14 4.763030e+03 1.000000e+00
   4741.055778 7.766700e-14 4.765780e+03 1.000000e+00
   4743.786501 7.786700e-14 4.768530e+03 1.000000e+00
   4746.527227 8.065900e-14 4.771280e+03 1.000000e+00
   4749.257950 8.124300e-14 4.774030e+03 1.000000e+00
   4751.998676 8.101600e-14 4.776780e+03 1.000000e+00
   4754.729400 8.063600e-14 4.779530e+03 1.000000e+00
   4757.470126 7.938600e-14 4.782280e+03 1.000000e+00
   4760.200849 8.171600e-14 4.785030e+03 1.000000e+00
   4762.941575 8.051200e-14 4.787780e+03 1.000000e+00
   4765.672299 8.000300e-14 4.790530e+03 1.000000e+00
   4768.413025 7.806400e-14 4.793280e+03 1.000000e+00
   4771.143749 7.886100e-14 4.796030e+03 1.000000e+00
   4773.884475 8.156200e-14 4.798780e+03 1.000000e+00
   4776.615198 8.089000e-14 4.801530e+03 1.000000e+00
   4779.355925 8.106800e-14 4.804280e+03 1.000000e+00
   4782.086648 8.074900e-14 4.807030e+03 1.000000e+00
   4784.817372 7.893400e-14 4.809780e+03 1.000000e+00
   4787.558098 8.012400e-14 4.812530e+03 1.000000e+00
   4790.288822 7.960700e-14 4.815280e+03 1.000000e+00
   4793.029549 7.954000e-14 4.818030e+03 1.000000e+00
   4795.760272 8.101000e-14 4.820780e+03 1.000000e+00
   4798.500999 8.156500e-14 4.823530e+03 1.000000e+00
   4801.231723 8.128300e-14 4.826280e+03 1.000000e+00
   4803.972449 8.112400e-14 4.829030e+03 1.000000e+00
   4806.703173 7.959700e-14 4.831780e+03 1.000000e+00
   4809.443900 7.787000e-14 4.834530e+03 1.000000e+00
   4812.174624 7.818900e-14 4.837280e+03 1.000000e+00
   4814.915350 8.159900e-14 4.840030e+03 1.000000e+00
   4817.646074 7.966600e-14 4.842780e+03 1.000000e+00
   4820.386801 7.970700e-14 4.845530e+03 1.000000e+00
   4823.117525 7.850400e-14 4.848280e+03 1.000000e+00
   4825.858252 7.853600e-14 4.851030e+03 1.000000e+00
   4828.588976 7.791100e-14 4.853780e+03 1.000000e+00
   4831.329703 7.843100e-14 4.856530e+03 1.000000e+00
   4834.060427 7.767000e-14 4.859280e+03 1.000000e+00
   4836.801154 7.775200e-14 4.862030e+03 1.000000e+00
   4839.531878 7.522500e-14 4.864780e+03 1.000000e+00
   4842.272605 7.462900e-14 4.867530e+03 1.000000e+00
   4845.003329 7.453800e-14 4.870280e+03 1.000000e+00
   4847.744056 7.350700e-14 4.873030e+03 1.000000e+00
   4850.474780 7.198400e-14 4.875780e+03 1.000000e+00
   4853.215507 7.079800e-14 4.878530e+03 1.000000e+00
   4855.946232 6.921100e-14 4.881280e+03 1.000000e+00
   4858.686959 7.193700e-14 4.884030e+03 1.000000e+00
   4861.417683 8.846600e-14 4.886780e+03 1.000000e+00
   4864.158410 1.188000e-13 4.889530e+03 1.000000e+00
   4866.889135 1.346400e-13 4.892280e+03 1.000000e+00
   4869.629862 1.172200e-13 4.895030e+03 1.000000e+00
   4872.360586 8.885000e-14 4.897780e+03 1.000000e+00
   4875.101313 6.985800e-14 4.900530e+03 1.000000e+00
   4877.832038 6.788400e-14 4.903280e+03 1.000000e+00
   4880.572765 6.722500e-14 4.906030e+03 1.000000e+00
   4883.303490 6.922300e-14 4.908780e+03 1.000000e+00
   4886.044217 6.953600e-14 4.911530e+03 1.000000e+00
   4888.774942 6.918900e-14 4.914280e+03 1.000000e+00
   4891.515669 6.943900e-14 4.917030e+03 1.000000e+00
   4894.246394 7.156700e-14 4.919780e+03 1.000000e+00
   4896.987121 7.096500e-14 4.922530e+03 1.000000e+00
   4899.717846 7.331700e-14 4.925280e+03 1.000000e+00
   4902.458573 7.352900e-14 4.928030e+03 1.000000e+00
   4905.189298 7.464100e-14 4.930780e+03 1.000000e+00
   4907.930026 7.463100e-14 4.933530e+03 1.000000e+00
   4910.660750 7.584100e-14 4.936280e+03 1.000000e+00
   4913.401478 7.340600e-14 4.939030e+03 1.000000e+00
   4916.132203 7.439100e-14 4.941780e+03 1.000000e+00
   4918.872930 7.486700e-14 4.944530e+03 1.000000e+00
   4921.603655 7.267000e-14 4.947280e+03 1.000000e+00
   4924.344383 7.191000e-14 4.950030e+03 1.000000e+00
   4927.075108 7.362000e-14 4.952780e+03 1.000000e+00
   4929.815836 7.309700e-14 4.955530e+03 1.000000e+00
   4932.546561 7.487600e-14 4.958280e+03 1.000000e+00
   4935.287288 7.423200e-14 4.961030e+03 1.000000e+00
   4938.018014 7.399100e-14 4.963780e+03 1.000000e+00
   4940.758741 7.351900e-14 4.966530e+03 1.000000e+00
   4943.489466 7.234600e-14 4.969280e+03 1.000000e+00
   4946.230194 7.383900e-14 4.972030e+03 1.000000e+00
   4948.960920 7.565700e-14 4.974780e+03 1.000000e+00
   4951.701647 7.570500e-14 4.977530e+03 1.000000e+00
   4954.432373 7.769500e-14 4.980280e+03 1.000000e+00
   4957.173101 8.000700e-14 4.983030e+03 1.000000e+00
   4959.903826 9.041100e-14 4.985780e+03 1.000000e+00
   4962.644554 1.061000e-13 4.988530e+03 1.000000e+00
   4965.375279 1.109300e-13 4.991280e+03 1.000000e+00
   4968.116007 9.851100e-14 4.994030e+03 1.000000e+00
   4970.846732 8.797400e-14 4.996780e+03 1.000000e+00
   4973.587461 7.865900e-14 4.999530e+03 1.000000e+00
   4976.318186 7.499800e-14 5.002280e+03 1.000000e+00
   4979.058914 7.422700e-14 5.005030e+03 1.000000e+00
   4981.789639 7.409900e-14 5.007780e+03 1.000000e+00
   4984.530368 7.290400e-14 5.010530e+03 1.000000e+00
   4987.261093 7.341800e-14 5.013280e+03 1.000000e+00
   4990.001821 7.296400e-14 5.016030e+03 1.000000e+00
   4992.732547 7.243700e-14 5.018780e+03 1.000000e+00
   4995.473275 7.292900e-14 5.021530e+03 1.000000e+00
   4998.204001 7.416800e-14 5.024280e+03 1.000000e+00
   5000.944729 7.486300e-14 5.027030e+03 1.000000e+00
   5003.675455 7.870400e-14 5.029780e+03 1.000000e+00
   5006.416183 9.740600e-14 5.032530e+03 1.000000e+00
   5009.146909 1.395000e-13 5.035280e+03 1.000000e+00
   5011.887637 1.740400e-13 5.038030e+03 1.000000e+00
   5014.618363 1.629100e-13 5.040780e+03 1.000000e+00
   5017.359091 1.198400e-13 5.043530e+03 1.000000e+00
   5020.089817 8.661400e-14 5.046280e+03 1.000000e+00
   5022.830545 7.420300e-14 5.049030e+03 1.000000e+00
   5025.561271 7.051600e-14 5.051780e+03 1.000000e+00
   5028.302000 7.046400e-14 5.054530e+03 1.000000e+00
   5031.032726 7.039800e-14 5.057280e+03 1.000000e+00
   5033.773454 7.217400e-14 5.060030e+03 1.000000e+00
   5036.504180 7.149800e-14 5.062780e+03 1.000000e+00
   5039.244909 7.246800e-14 5.065530e+03 1.000000e+00
   5041.975635 7.094100e-14 5.068280e+03 1.000000e+00
   5044.716363 7.117900e-14 5.071030e+03 1.000000e+00
   5047.447089 7.070100e-14 5.073780e+03 1.000000e+00
   5050.187818 7.256100e-14 5.076530e+03 1.000000e+00
   5052.918544 7.285700e-14 5.079280e+03 1.000000e+00
   5055.659273 7.213600e-14 5.082030e+03 1.000000e+00
   5058.389999 7.173500e-14 5.084780e+03 1.000000e+00
   5061.130728 7.240000e-14 5.087530e+03 1.000000e+00
   5063.861454 7.399300e-14 5.090280e+03 1.000000e+00
   5066.602183 7.223800e-14 5.093030e+03 1.000000e+00
   5069.332909 7.284100e-14 5.095780e+03 1.000000e+00
   5072.073638 7.136000e-14 5.098530e+03 1.000000e+00
   5074.804364 7.111000e-14 5.101280e+03 1.000000e+00
   5077.545093 7.154000e-14 5.104030e+03 1.000000e+00
   5080.275819 7.149400e-14 5.106780e+03 1.000000e+00
   5083.016548 7.085300e-14 5.109530e+03 1.000000e+00
   5085.747274 6.939000e-14 5.112280e+03 1.000000e+00
   5088.488003 7.190700e-14 5.115030e+03 1.000000e+00
   5091.218730 7.172900e-14 5.117780e+03 1.000000e+00
   5093.959459 7.271500e-14 5.120530e+03 1.000000e+00
   5096.690185 7.276900e-14 5.123280e+03 1.000000e+00
   5099.430914 7.326000e-14 5.126030e+03 1.000000e+00
   5102.161641 7.108800e-14 5.128780e+03 1.000000e+00
   5104.902370 6.898400e-14 5.131530e+03 1.000000e+00
   5107.633096 7.014300e-14 5.134280e+03 1.000000e+00
   5110.373825 7.207900e-14 5.137030e+03 1.000000e+00
   5113.104552 7.059100e-14 5.139780e+03 1.000000e+00
   5115.845281 7.081400e-14 5.142530e+03 1.000000e+00
   5118.576008 7.107100e-14 5.145280e+03 1.000000e+00
   5121.316737 7.228000e-14 5.148030e+03 1.000000e+00
   5124.047464 7.054300e-14 5.150780e+03 1.000000e+00
   5126.788193 7.128300e-14 5.153530e+03 1.000000e+00
   5129.518919 6.993400e-14 5.156280e+03 1.000000e+00
   5132.259649 6.899300e-14 5.159030e+03 1.000000e+00
   5134.990375 6.908300e-14 5.161780e+03 1.000000e+00
   5137.731105 7.054500e-14 5.164530e+03 1.000000e+00
   5140.461832 7.019900e-14 5.167280e+03 1.000000e+00
   5143.202561 6.951500e-14 5.170030e+03 1.000000e+00
   5145.933288 6.913400e-14 5.172780e+03 1.000000e+00
   5148.674017 6.906500e-14 5.175530e+03 1.000000e+00
   5151.404744 6.868700e-14 5.178280e+03 1.000000e+00
   5154.145474 6.954400e-14 5.181030e+03 1.000000e+00
   5156.876200 6.978300e-14 5.183780e+03 1.000000e+00
   5159.616930 7.019700e-14 5.186530e+03 1.000000e+00
   5162.347657 6.927200e-14 5.189280e+03 1.000000e+00
   5165.088386 6.960200e-14 5.192030e+03 1.000000e+00
   5167.819113 6.871700e-14 5.194780e+03 1.000000e+00
   5170.559843 6.725800e-14 5.197530e+03 1.000000e+00
   5173.290570 6.468600e-14 5.200280e+03 1.000000e+00
   5176.031300 6.392500e-14 5.203030e+03 1.000000e+00
   5178.762027 6.546900e-14 5.205780e+03 1.000000e+00
   5181.502756 6.572500e-14 5.208530e+03 1.000000e+00
   5184.233483 6.740700e-14 5.211280e+03 1.000000e+00
   5186.964210 6.673000e-14 5.214030e+03 1.000000e+00
   5189.704940 6.457200e-14 5.216780e+03 1.000000e+00
   5192.435667 6.644200e-14 5.219530e+03 1.000000e+00
   5195.176397 6.903000e-14 5.222280e+03 1.000000e+00
   5197.907124 6.947500e-14 5.225030e+03 1.000000e+00
   5200.647854 6.975400e-14 5.227780e+03 1.000000e+00
   5203.378581 7.036000e-14 5.230530e+03 1.000000e+00
   5206.119311 7.100400e-14 5.233280e+03 1.000000e+00
   5208.850038 7.009200e-14 5.236030e+03 1.000000e+00
   5211.590768 6.758600e-14 5.238780e+03 1.000000e+00
   5214.321496 6.727700e-14 5.241530e+03 1.000000e+00
   5217.062226 6.793800e-14 5.244280e+03 1.000000e+00
   5219.792953 6.747900e-14 5.247030e+03 1.000000e+00
   5222.533683 6.863800e-14 5.249780e+03 1.000000e+00
   5225.264410 6.988200e-14 5.252530e+03 1.000000e+00
   5228.005140 6.906600e-14 5.255280e+03 1.000000e+00
   5230.735868 6.762900e-14 5.258030e+03 1.000000e+00
   5233.476598 6.803700e-14 5.260780e+03 1.000000e+00
   5236.207325 6.800000e-14 5.263530e+03 1.000000e+00
   5238.948055 6.893900e-14 5.266280e+03 1.000000e+00
   5241.678783 6.839000e-14 5.269030e+03 1.000000e+00
   5244.419513 7.012400e-14 5.271780e+03 1.000000e+00
   5247.150240 6.872200e-14 5.274530e+03 1.000000e+00
   5249.890971 6.857200e-14 5.277280e+03 1.000000e+00
   5252.621698 6.949400e-14 5.280030e+03 1.000000e+00
   5255.362428 6.966600e-14 5.282780e+03 1.000000e+00
   5258.093156 6.983300e-14 5.285530e+03 1.000000e+00
   5260.833886 6.889000e-14 5.288280e+03 1.000000e+00
   5263.564614 6.884000e-14 5.291030e+03 1.000000e+00
   5266.305344 6.776700e-14 5.293780e+03 1.000000e+00
   5269.036072 6.607100e-14 5.296530e+03 1.000000e+00
   5271.776802 6.570600e-14 5.299280e+03 1.000000e+00
   5274.507530 6.457600e-14 5.302030e+03 1.000000e+00
   5277.248260 6.589800e-14 5.304780e+03 1.000000e+00
   5279.978988 6.805900e-14 5.307530e+03 1.000000e+00
   5282.719718 6.751900e-14 5.310280e+03 1.000000e+00
   5285.450446 6.733400e-14 5.313030e+03 1.000000e+00
   5288.191177 6.763400e-14 5.315780e+03 1.000000e+00
   5290.921904 6.986100e-14 5.318530e+03 1.000000e+00
   5293.662635 7.044000e-14 5.321280e+03 1.000000e+00
   5296.393363 7.035700e-14 5.324030e+03 1.000000e+00
   5299.134093 6.924300e-14 5.326780e+03 1.000000e+00
   5301.864821 6.818700e-14 5.329530e+03 1.000000e+00
   5304.605552 6.892600e-14 5.332280e+03 1.000000e+00
   5307.336280 6.959200e-14 5.335030e+03 1.000000e+00
   5310.077010 7.083900e-14 5.337780e+03 1.000000e+00
   5312.807738 6.990800e-14 5.340530e+03 1.000000e+00
   5315.548469 7.036000e-14 5.343280e+03 1.000000e+00
   5318.279197 7.023600e-14 5.346030e+03 1.000000e+00
   5321.019928 7.011300e-14 5.348780e+03 1.000000e+00
   5323.750656 7.087300e-14 5.351530e+03 1.000000e+00
   5326.491386 6.886000e-14 5.354280e+03 1.000000e+00
   5329.222114 6.660200e-14 5.357030e+03 1.000000e+00
   5331.962845 6.627200e-14 5.359780e+03 1.000000e+00
   5334.693573 6.591200e-14 5.362530e+03 1.000000e+00
   5337.434304 6.746900e-14 5.365280e+03 1.000000e+00
   5340.165032 6.788100e-14 5.368030e+03 1.000000e+00
   5342.905763 6.770400e-14 5.370780e+03 1.000000e+00
   5345.636491 6.741900e-14 5.373530e+03 1.000000e+00
   5348.377222 6.787000e-14 5.376280e+03 1.000000e+00
   5351.107950 6.897900e-14 5.379030e+03 1.000000e+00
   5353.848681 6.832200e-14 5.381780e+03 1.000000e+00
   5356.579409 6.834200e-14 5.384530e+03 1.000000e+00
   5359.320140 6.883300e-14 5.387280e+03 1.000000e+00
   5362.050869 7.044000e-14 5.390030e+03 1.000000e+00
   5364.791600 6.997900e-14 5.392780e+03 1.000000e+00
   5367.522328 6.954300e-14 5.395530e+03 1.000000e+00
   5370.263059 6.729300e-14 5.398280e+03 1.000000e+00
   5372.993787 6.714700e-14 5.401030e+03 1.000000e+00
   5375.734518 6.754100e-14 5.403780e+03 1.000000e+00
   5378.465247 6.669200e-14 5.406530e+03 1.000000e+00
   5381.205978 6.693900e-14 5.409280e+03 1.000000e+00
   5383.936706 6.804300e-14 5.412030e+03 1.000000e+00
   5386.677437 6.982100e-14 5.414780e+03 1.000000e+00
   5389.408166 6.782300e-14 5.417530e+03 1.000000e+00
   5392.148897 6.685400e-14 5.420280e+03 1.000000e+00
   5394.879626 6.750700e-14 5.423030e+03 1.000000e+00
   5397.620357 6.707600e-14 5.425780e+03 1.000000e+00
   5400.351085 6.616700e-14 5.428530e+03 1.000000e+00
   5403.091816 6.691700e-14 5.431280e+03 1.000000e+00
   5405.822545 6.692800e-14 5.434030e+03 1.000000e+00
   5408.563276 6.719900e-14 5.436780e+03 1.000000e+00
   5411.294005 6.672800e-14 5.439530e+03 1.000000e+00
   5414.034736 6.504000e-14 5.442280e+03 1.000000e+00
   5416.765465 6.616700e-14 5.445030e+03 1.000000e+00
   5419.506196 6.678500e-14 5.447780e+03 1.000000e+00
   5422.236925 6.665400e-14 5.450530e+03 1.000000e+00
   5424.977656 6.636300e-14 5.453280e+03 1.000000e+00
   5427.708385 6.609800e-14 5.456030e+03 1.000000e+00
   5430.449116 6.576800e-14 5.458780e+03 1.000000e+00
   5433.179845 6.699700e-14 5.461530e+03 1.000000e+00
   5435.920577 6.560200e-14 5.464280e+03 1.000000e+00
   5438.651305 6.648800e-14 5.467030e+03 1.000000e+00
   5441.392037 6.639200e-14 5.469780e+03 1.000000e+00
   5444.122766 6.773800e-14 5.472530e+03 1.000000e+00
   5446.863497 6.836600e-14 5.475280e+03 1.000000e+00
   5449.594226 6.733100e-14 5.478030e+03 1.000000e+00
   5452.334957 6.647300e-14 5.480780e+03 1.000000e+00
   5455.065686 6.571500e-14 5.483530e+03 1.000000e+00
   5457.806418 6.624900e-14 5.486280e+03 1.000000e+00
   5460.537147 6.705800e-14 5.489030e+03 1.000000e+00
   5463.277878 6.593200e-14 5.491780e+03 1.000000e+00
   5466.008607 6.585600e-14 5.494530e+03 1.000000e+00
   5468.749339 6.533700e-14 5.497280e+03 1.000000e+00
   5471.480068 6.637200e-14 5.500030e+03 1.000000e+00
   5474.220800 6.700700e-14 5.502780e+03 1.000000e+00
   5476.951529 6.716600e-14 5.505530e+03 1.000000e+00
   5479.692260 6.603600e-14 5.508280e+03 1.000000e+00
   5482.422989 6.554300e-14 5.511030e+03 1.000000e+00
   5485.163721 6.536600e-14 5.513780e+03 1.000000e+00
   5487.894450 6.501900e-14 5.516530e+03 1.000000e+00
   5490.635182 6.508300e-14 5.519280e+03 1.000000e+00
   5493.365911 6.611200e-14 5.522030e+03 1.000000e+00
   5496.106643 6.665500e-14 5.524780e+03 1.000000e+00
   5498.837372 6.631400e-14 5.527530e+03 1.000000e+00
   5501.578104 6.590600e-14 5.530280e+03 1.000000e+00
   5504.308833 6.504300e-14 5.533030e+03 1.000000e+00
   5507.049565 6.537000e-14 5.535780e+03 1.000000e+00
   5509.780294 6.535900e-14 5.538530e+03 1.000000e+00
   5512.521026 6.523400e-14 5.541280e+03 1.000000e+00
   5515.251755 6.464600e-14 5.544030e+03 1.000000e+00
   5517.992487 6.601300e-14 5.546780e+03 1.000000e+00
   5520.723216 6.573400e-14 5.549530e+03 1.000000e+00
   5523.463948 6.515000e-14 5.552280e+03 1.000000e+00
   5526.194678 6.577100e-14 5.555030e+03 1.000000e+00
   5528.935410 6.381800e-14 5.557780e+03 1.000000e+00
   5531.666139 6.747600e-14 5.560530e+03 1.000000e+00
   5534.406871 6.372600e-14 5.563280e+03 1.000000e+00
   5537.137600 6.309100e-14 5.566030e+03 1.000000e+00
   5539.878333 6.403500e-14 5.568780e+03 1.000000e+00
   5542.609062 6.462100e-14 5.571530e+03 1.000000e+00
   5545.349794 6.573800e-14 5.574280e+03 1.000000e+00
   5548.080523 6.611000e-14 5.577030e+03 1.000000e+00
   5550.821256 6.688200e-14 5.579780e+03 1.000000e+00
   5553.551985 6.665500e-14 5.582530e+03 1.000000e+00
   5556.292717 6.745900e-14 5.585280e+03 1.000000e+00
   5559.023447 6.463300e-14 5.588030e+03 1.000000e+00
   5561.764179 6.513900e-14 5.590780e+03 1.000000e+00
   5564.494908 6.636900e-14 5.593530e+03 1.000000e+00
   5567.235641 6.565200e-14 5.596280e+03 1.000000e+00
   5569.966370 6.335700e-14 5.599030e+03 1.000000e+00
   5572.707102 6.564600e-14 5.601780e+03 1.000000e+00
   5575.437832 6.491800e-14 5.604530e+03 1.000000e+00
   5578.178564 6.519900e-14 5.607280e+03 1.000000e+00
   5580.909294 6.497200e-14 5.610030e+03 1.000000e+00
   5583.650026 6.521000e-14 5.612780e+03 1.000000e+00
   5586.380756 6.552800e-14 5.615530e+03 1.000000e+00
   5589.111486 6.663200e-14 5.618280e+03 1.000000e+00
   5591.852218 6.376600e-14 5.621030e+03 1.000000e+00
   5594.582948 6.310400e-14 5.623780e+03 1.000000e+00
   5597.323680 6.481300e-14 5.626530e+03 1.000000e+00
   5600.054410 6.399000e-14 5.629280e+03 1.000000e+00
   5602.795142 6.375100e-14 5.632030e+03 1.000000e+00
   5605.525872 6.485000e-14 5.634780e+03 1.000000e+00
   5608.266604 6.411100e-14 5.637530e+03 1.000000e+00
   5610.997334 6.437400e-14 5.640280e+03 1.000000e+00
   5613.738067 6.656200e-14 5.643030e+03 1.000000e+00
   5616.468797 6.637000e-14 5.645780e+03 1.000000e+00
   5619.209529 6.469000e-14 5.648530e+03 1.000000e+00
   5621.940259 6.413400e-14 5.651280e+03 1.000000e+00
   5624.680992 6.390400e-14 5.654030e+03 1.000000e+00
   5627.411721 6.416300e-14 5.656780e+03 1.000000e+00
   5630.152454 6.480000e-14 5.659530e+03 1.000000e+00
   5632.883184 6.530800e-14 5.662280e+03 1.000000e+00
   5635.623917 6.550000e-14 5.665030e+03 1.000000e+00
   5638.354646 6.376600e-14 5.667780e+03 1.000000e+00
   5641.095379 6.328400e-14 5.670530e+03 1.000000e+00
   5643.826109 6.251500e-14 5.673280e+03 1.000000e+00
   5646.566842 6.375500e-14 5.676030e+03 1.000000e+00
   5649.297572 6.316400e-14 5.678780e+03 1.000000e+00
   5652.038304 6.375300e-14 5.681530e+03 1.000000e+00
   5654.769035 6.500500e-14 5.684280e+03 1.000000e+00
   5657.509767 6.512600e-14 5.687030e+03 1.000000e+00
   5660.240497 6.431200e-14 5.689780e+03 1.000000e+00
   5662.981230 6.322900e-14 5.692530e+03 1.000000e+00
   5665.711960 6.348400e-14 5.695280e+03 1.000000e+00
   5668.452693 6.291600e-14 5.698030e+03 1.000000e+00
   5671.183423 6.278300e-14 5.700780e+03 1.000000e+00
   5673.924156 6.394400e-14 5.703530e+03 1.000000e+00
   5676.654886 6.544800e-14 5.706280e+03 1.000000e+00
   5679.395619 6.437500e-14 5.709030e+03 1.000000e+00
   5682.126349 6.581000e-14 5.711780e+03 1.000000e+00
   5684.867082 6.375400e-14 5.714530e+03 1.000000e+00
   5687.597812 6.332800e-14 5.717280e+03 1.000000e+00
   5690.338545 6.269000e-14 5.720030e+03 1.000000e+00
   5693.069275 6.405200e-14 5.722780e+03 1.000000e+00
   5695.810008 6.459200e-14 5.725530e+03 1.000000e+00
   5698.540739 6.366300e-14 5.728280e+03 1.000000e+00
   5701.281472 6.327300e-14 5.731030e+03 1.000000e+00
   5704.012202 6.431000e-14 5.733780e+03 1.000000e+00
   5706.752935 6.284700e-14 5.736530e+03 1.000000e+00
   5709.483665 6.298400e-14 5.739280e+03 1.000000e+00
   5712.224398 6.199800e-14 5.742030e+03 1.000000e+00
   5714.955129 6.141000e-14 5.744780e+03 1.000000e+00
   5717.695862 6.296500e-14 5.747530e+03 1.000000e+00
   5720.426592 6.421500e-14 5.750280e+03 1.000000e+00
   5723.167325 6.478700e-14 5.753030e+03 1.000000e+00
   5725.898056 6.416900e-14 5.755780e+03 1.000000e+00
   5728.638789 6.378700e-14 5.758530e+03 1.000000e+00
   5731.369519 6.540000e-14 5.761280e+03 1.000000e+00
   5734.110252 6.528900e-14 5.764030e+03 1.000000e+00
   5736.840983 6.465000e-14 5.766780e+03 1.000000e+00
   5739.581716 6.469900e-14 5.769530e+03 1.000000e+00
   5742.312446 6.271900e-14 5.772280e+03 1.000000e+00
   5745.053180 6.314000e-14 5.775030e+03 1.000000e+00
   5747.783910 6.439500e-14 5.777780e+03 1.000000e+00
   5750.524643 6.185800e-14 5.780530e+03 1.000000e+00
   5753.255374 6.232200e-14 5.783280e+03 1.000000e+00
   5755.996107 6.160800e-14 5.786030e+03 1.000000e+00
   5758.726838 6.292800e-14 5.788780e+03 1.000000e+00
   5761.467571 6.254300e-14 5.791530e+03 1.000000e+00
   5764.198302 6.294100e-14 5.794280e+03 1.000000e+00
   5766.939035 6.212800e-14 5.797030e+03 1.000000e+00
   5769.669766 6.069300e-14 5.799780e+03 1.000000e+00
   5772.410499 6.193500e-14 5.802530e+03 1.000000e+00
   5775.141230 6.186300e-14 5.805280e+03 1.000000e+00
   5777.881963 6.256600e-14 5.808030e+03 1.000000e+00
   5780.612694 6.247300e-14 5.810780e+03 1.000000e+00
   5783.353427 6.277200e-14 5.813530e+03 1.000000e+00
   5786.084158 6.215100e-14 5.816280e+03 1.000000e+00
   5788.824891 6.071300e-14 5.819030e+03 1.000000e+00
   5791.555622 6.247100e-14 5.821780e+03 1.000000e+00
   5794.296355 6.352800e-14 5.824530e+03 1.000000e+00
   5797.027086 6.075800e-14 5.827280e+03 1.000000e+00
   5799.767820 6.099000e-14 5.830030e+03 1.000000e+00
   5802.498551 6.219900e-14 5.832780e+03 1.000000e+00
   5805.239284 6.254800e-14 5.835530e+03 1.000000e+00
   5807.970015 6.222400e-14 5.838280e+03 1.000000e+00
   5810.710748 6.263900e-14 5.841030e+03 1.000000e+00
   5813.441479 6.241800e-14 5.843780e+03 1.000000e+00
   5816.182213 6.233900e-14 5.846530e+03 1.000000e+00
   5818.912944 6.293800e-14 5.849280e+03 1.000000e+00
   5821.653677 6.245900e-14 5.852030e+03 1.000000e+00
   5824.384408 6.206600e-14 5.854780e+03 1.000000e+00
   5827.125142 6.253700e-14 5.857530e+03 1.000000e+00
   5829.855873 6.220900e-14 5.860280e+03 1.000000e+00
   5832.596606 6.183700e-14 5.863030e+03 1.000000e+00
   5835.327337 6.558100e-14 5.865780e+03 1.000000e+00
   5838.068071 6.542600e-14 5.868530e+03 1.000000e+00
   5840.798802 6.078400e-14 5.871280e+03 1.000000e+00
   5843.539536 6.154800e-14 5.874030e+03 1.000000e+00
   5846.270267 6.270900e-14 5.876780e+03 1.000000e+00
   5849.011001 6.255500e-14 5.879530e+03 1.000000e+00
   5851.741732 6.354600e-14 5.882280e+03 1.000000e+00
   5854.482465 6.453200e-14 5.885030e+03 1.000000e+00
   5857.213196 6.271700e-14 5.887780e+03 1.000000e+00
   5859.953930 6.368000e-14 5.890530e+03 1.000000e+00
   5862.684661 5.806200e-14 5.893280e+03 1.000000e+00
   5865.425395 5.356100e-14 5.896030e+03 1.000000e+00
   5868.156126 5.074400e-14 5.898780e+03 1.000000e+00
   5870.896860 5.590200e-14 5.901530e+03 1.000000e+00
   5873.627591 5.541600e-14 5.904280e+03 1.000000e+00
   5876.368325 6.193100e-14 5.907030e+03 1.000000e+00
   5879.099056 6.289100e-14 5.909780e+03 1.000000e+00
   5881.839790 6.923400e-14 5.912530e+03 1.000000e+00
   5884.570521 6.809400e-14 5.915280e+03 1.000000e+00
   5887.311255 6.133700e-14 5.918030e+03 1.000000e+00
   5890.041987 6.055900e-14 5.920780e+03 1.000000e+00
   5892.782720 5.805700e-14 5.923530e+03 1.000000e+00
   5895.513452 5.789500e-14 5.926280e+03 1.000000e+00
   5898.254186 5.479700e-14 5.929030e+03 1.000000e+00
   5900.984917 5.637700e-14 5.931780e+03 1.000000e+00
   5903.725651 5.714600e-14 5.934530e+03 1.000000e+00
   5906.456382 5.985700e-14 5.937280e+03 1.000000e+00
   5909.197116 5.705300e-14 5.940030e+03 1.000000e+00
   5911.927848 5.944200e-14 5.942780e+03 1.000000e+00
   5914.668582 5.892700e-14 5.945530e+03 1.000000e+00
   5917.399313 5.958600e-14 5.948280e+03 1.000000e+00
   5920.140047 5.850300e-14 5.951030e+03 1.000000e+00
   5922.870779 5.944100e-14 5.953780e+03 1.000000e+00
   5925.611513 6.139400e-14 5.956530e+03 1.000000e+00
   5928.342244 5.996900e-14 5.959280e+03 1.000000e+00
   5931.082978 5.905800e-14 5.962030e+03 1.000000e+00
   5933.813710 6.003300e-14 5.964780e+03 1.000000e+00
   5936.554444 6.076900e-14 5.967530e+03 1.000000e+00
   5939.285175 6.095300e-14 5.970280e+03 1.000000e+00
   5942.025909 5.936600e-14 5.973030e+03 1.000000e+00
   5944.756641 5.966900e-14 5.975780e+03 1.000000e+00
   5947.497375 6.080800e-14 5.978530e+03 1.000000e+00
   5950.228107 6.038500e-14 5.981280e+03 1.000000e+00
   5952.968841 6.109700e-14 5.984030e+03 1.000000e+00
   5955.699572 5.865400e-14 5.986780e+03 1.000000e+00
   5958.440307 5.901800e-14 5.989530e+03 1.000000e+00
   5961.171038 6.006400e-14 5.992280e+03 1.000000e+00
   5963.911773 6.010200e-14 5.995030e+03 1.000000e+00
   5966.642504 6.021700e-14 5.997780e+03 1.000000e+00
   5969.383238 6.073800e-14 6.000530e+03 1.000000e+00
   5972.113970 6.028800e-14 6.003280e+03 1.000000e+00
   5974.854704 5.938000e-14 6.006030e+03 1.000000e+00
   5977.585436 5.903200e-14 6.008780e+03 1.000000e+00
   5980.326170 5.982700e-14 6.011530e+03 1.000000e+00
   5983.056902 5.901100e-14 6.014280e+03 1.000000e+00
   5985.787634 5.892700e-14 6.017030e+03 1.000000e+00
   5988.528368 6.034300e-14 6.019780e+03 1.000000e+00
   5991.259100 5.911700e-14 6.022530e+03 1.000000e+00
   5993.999834 5.954100e-14 6.025280e+03 1.000000e+00
   5996.730566 6.062100e-14 6.028030e+03 1.000000e+00
   5999.471300 5.981700e-14 6.030780e+03 1.000000e+00
   6002.202032 6.076200e-14 6.033530e+03 1.000000e+00
   6004.942767 6.087400e-14 6.036280e+03 1.000000e+00
   6007.673498 5.970300e-14 6.039030e+03 1.000000e+00
   6010.414233 5.974700e-14 6.041780e+03 1.000000e+00
   6013.144965 5.942100e-14 6.044530e+03 1.000000e+00
   6015.885699 6.007500e-14 6.047280e+03 1.000000e+00
   6018.616431 5.750200e-14 6.050030e+03 1.000000e+00
   6021.357166 5.788600e-14 6.052780e+03 1.000000e+00
   6024.087897 5.898900e-14 6.055530e+03 1.000000e+00
   6026.828632 5.855400e-14 6.058280e+03 1.000000e+00
   6029.559364 5.878100e-14 6.061030e+03 1.000000e+00
   6032.300098 5.809200e-14 6.063780e+03 1.000000e+00
   6035.030830 5.842500e-14 6.066530e+03 1.000000e+00
   6037.771565 5.945300e-14 6.069280e+03 1.000000e+00
   6040.502297 5.979000e-14 6.072030e+03 1.000000e+00
   6043.243032 5.973900e-14 6.074780e+03 1.000000e+00
   6045.973763 5.907000e-14 6.077530e+03 1.000000e+00
   6048.714498 5.925800e-14 6.080280e+03 1.000000e+00
   6051.445230 6.032600e-14 6.083030e+03 1.000000e+00
   6054.185965 5.964500e-14 6.085780e+03 1.000000e+00
   6056.916697 6.062900e-14 6.088530e+03 1.000000e+00
   6059.657431 6.081800e-14 6.091280e+03 1.000000e+00
   6062.388164 5.964200e-14 6.094030e+03 1.000000e+00
   6065.128898 5.932000e-14 6.096780e+03 1.000000e+00
   6067.859630 5.856800e-14 6.099530e+03 1.000000e+00
   6070.600365 5.897200e-14 6.102280e+03 1.000000e+00
   6073.331097 5.962500e-14 6.105030e+03 1.000000e+00
   6076.071832 5.895800e-14 6.107780e+03 1.000000e+00
   6078.802564 5.916300e-14 6.110530e+03 1.000000e+00
   6081.543299 5.982100e-14 6.113280e+03 1.000000e+00
   6084.274031 5.836000e-14 6.116030e+03 1.000000e+00
   6087.014766 5.886600e-14 6.118780e+03 1.000000e+00
   6089.745498 5.902500e-14 6.121530e+03 1.000000e+00
   6092.486233 5.719400e-14 6.124280e+03 1.000000e+00
   6095.216965 5.723600e-14 6.127030e+03 1.000000e+00
   6097.957700 5.986600e-14 6.129780e+03 1.000000e+00
   6100.688432 6.050900e-14 6.132530e+03 1.000000e+00
   6103.429167 5.845700e-14 6.135280e+03 1.000000e+00
   6106.159899 5.813700e-14 6.138030e+03 1.000000e+00
   6108.900634 5.933700e-14 6.140780e+03 1.000000e+00
   6111.631366 5.807300e-14 6.143530e+03 1.000000e+00
   6114.372101 5.813100e-14 6.146280e+03 1.000000e+00
   6117.102833 5.878700e-14 6.149030e+03 1.000000e+00
   6119.843568 5.754800e-14 6.151780e+03 1.000000e+00
   6122.574301 5.759000e-14 6.154530e+03 1.000000e+00
   6125.315036 5.863000e-14 6.157280e+03 1.000000e+00
   6128.045768 5.702700e-14 6.160030e+03 1.000000e+00
   6130.786503 5.773700e-14 6.162780e+03 1.000000e+00
   6133.517235 5.775700e-14 6.165530e+03 1.000000e+00
   6136.257970 5.888500e-14 6.168280e+03 1.000000e+00
   6138.988703 5.911000e-14 6.171030e+03 1.000000e+00
   6141.729438 5.704700e-14 6.173780e+03 1.000000e+00
   6144.460170 5.633300e-14 6.176530e+03 1.000000e+00
   6147.200905 5.717100e-14 6.179280e+03 1.000000e+00
   6149.931638 5.810600e-14 6.182030e+03 1.000000e+00
   6152.672373 5.907000e-14 6.184780e+03 1.000000e+00
   6155.403105 5.682500e-14 6.187530e+03 1.000000e+00
   6158.143840 5.692700e-14 6.190280e+03 1.000000e+00
   6160.874573 5.667500e-14 6.193030e+03 1.000000e+00
   6163.615308 5.893100e-14 6.195780e+03 1.000000e+00
   6166.346040 5.334700e-14 6.198530e+03 1.000000e+00
   6169.086775 5.472200e-14 6.201280e+03 1.000000e+00
   6171.817508 5.569400e-14 6.204030e+03 1.000000e+00
   6174.558243 5.412600e-14 6.206780e+03 1.000000e+00
   6177.288976 5.637900e-14 6.209530e+03 1.000000e+00
   6180.029711 5.566900e-14 6.212280e+03 1.000000e+00
   6182.760443 5.622900e-14 6.215030e+03 1.000000e+00
   6185.501179 5.545200e-14 6.217780e+03 1.000000e+00
   6188.231911 5.756900e-14 6.220530e+03 1.000000e+00
   6190.972646 5.755800e-14 6.223280e+03 1.000000e+00
   6193.703379 5.596400e-14 6.226030e+03 1.000000e+00
   6196.444114 5.617200e-14 6.228780e+03 1.000000e+00
   6199.174847 5.594300e-14 6.231530e+03 1.000000e+00
   6201.915582 5.787800e-14 6.234280e+03 1.000000e+00
   6204.646315 5.779000e-14 6.237030e+03 1.000000e+00
   6207.387050 5.692400e-14 6.239780e+03 1.000000e+00
   6210.117783 5.634400e-14 6.242530e+03 1.000000e+00
   6212.858518 5.408600e-14 6.245280e+03 1.000000e+00
   6215.589251 5.559700e-14 6.248030e+03 1.000000e+00
   6218.329986 5.478500e-14 6.250780e+03 1.000000e+00
   6221.060719 5.498600e-14 6.253530e+03 1.000000e+00
   6223.801454 5.572200e-14 6.256280e+03 1.000000e+00
   6226.532187 5.677000e-14 6.259030e+03 1.000000e+00
   6229.272922 5.641400e-14 6.261780e+03 1.000000e+00
   6232.003655 5.387400e-14 6.264530e+03 1.000000e+00
   6234.744390 5.567900e-14 6.267280e+03 1.000000e+00
   6237.475123 5.660900e-14 6.270030e+03 1.000000e+00
   6240.215859 5.748000e-14 6.272780e+03 1.000000e+00
   6242.946591 5.784000e-14 6.275530e+03 1.000000e+00
   6245.687327 5.753100e-14 6.278280e+03 1.000000e+00
   6248.418060 5.818500e-14 6.281030e+03 1.000000e+00
   6251.158795 5.503100e-14 6.283780e+03 1.000000e+00
   6253.889528 5.440400e-14 6.286530e+03 1.000000e+00
   6256.630263 5.605300e-14 6.289280e+03 1.000000e+00
   6259.360996 5.653200e-14 6.292030e+03 1.000000e+00
   6262.101732 5.590300e-14 6.294780e+03 1.000000e+00
   6264.832465 5.659800e-14 6.297530e+03 1.000000e+00
   6267.573200 5.653500e-14 6.300280e+03 1.000000e+00
   6270.303933 5.853400e-14 6.303030e+03 1.000000e+00
   6273.044669 5.568700e-14 6.305780e+03 1.000000e+00
   6275.775402 5.682900e-14 6.308530e+03 1.000000e+00
   6278.516137 5.668900e-14 6.311280e+03 1.000000e+00
   6281.246870 5.819100e-14 6.314030e+03 1.000000e+00
   6283.987606 5.648600e-14 6.316780e+03 1.000000e+00
   6286.718339 5.439500e-14 6.319530e+03 1.000000e+00
   6289.459074 5.544400e-14 6.322280e+03 1.000000e+00
   6292.189807 5.581700e-14 6.325030e+03 1.000000e+00
   6294.930543 5.552600e-14 6.327780e+03 1.000000e+00
   6297.661276 5.711000e-14 6.330530e+03 1.000000e+00
   6300.402012 5.975800e-14 6.333280e+03 1.000000e+00
   6303.132745 6.166700e-14 6.336030e+03 1.000000e+00
   6305.873480 6.427700e-14 6.338780e+03 1.000000e+00
   6308.604213 6.473500e-14 6.341530e+03 1.000000e+00
   6311.344949 5.879400e-14 6.344280e+03 1.000000e+00
   6314.075682 5.602700e-14 6.347030e+03 1.000000e+00
   6316.816418 5.663300e-14 6.349780e+03 1.000000e+00
   6319.547151 5.408700e-14 6.352530e+03 1.000000e+00
   6322.287887 5.435200e-14 6.355280e+03 1.000000e+00
   6325.018620 5.965600e-14 6.358030e+03 1.000000e+00
   6327.759356 5.608800e-14 6.360780e+03 1.000000e+00
   6330.490089 5.568200e-14 6.363530e+03 1.000000e+00
   6333.230825 5.632400e-14 6.366280e+03 1.000000e+00
   6335.961558 5.766900e-14 6.369030e+03 1.000000e+00
   6338.702294 5.717200e-14 6.371780e+03 1.000000e+00
   6341.433027 5.756100e-14 6.374530e+03 1.000000e+00
   6344.173763 5.582800e-14 6.377280e+03 1.000000e+00
   6346.904496 5.594000e-14 6.380030e+03 1.000000e+00
   6349.645232 5.633500e-14 6.382780e+03 1.000000e+00
   6352.375965 5.445600e-14 6.385530e+03 1.000000e+00
   6355.116701 5.826500e-14 6.388280e+03 1.000000e+00
   6357.847434 5.547100e-14 6.391030e+03 1.000000e+00
   6360.588170 5.522200e-14 6.393780e+03 1.000000e+00
   6363.318903 5.578000e-14 6.396530e+03 1.000000e+00
   6366.059639 5.670000e-14 6.399280e+03 1.000000e+00
   6368.790372 5.814200e-14 6.402030e+03 1.000000e+00
   6371.531108 5.855900e-14 6.404780e+03 1.000000e+00
   6374.261841 5.863300e-14 6.407530e+03 1.000000e+00
   6377.002577 5.615000e-14 6.410280e+03 1.000000e+00
   6379.733311 5.731700e-14 6.413030e+03 1.000000e+00
   6382.474047 5.525300e-14 6.415780e+03 1.000000e+00
   6385.204780 5.497100e-14 6.418530e+03 1.000000e+00
   6387.935513 5.602600e-14 6.421280e+03 1.000000e+00
   6390.676249 5.584200e-14 6.424030e+03 1.000000e+00
   6393.406983 5.653600e-14 6.426780e+03 1.000000e+00
   6396.147719 5.442000e-14 6.429530e+03 1.000000e+00
   6398.878452 5.465100e-14 6.432280e+03 1.000000e+00
   6401.619188 5.457000e-14 6.435030e+03 1.000000e+00
   6404.349922 5.638400e-14 6.437780e+03 1.000000e+00
   6407.090658 5.433800e-14 6.440530e+03 1.000000e+00
   6409.821391 5.651200e-14 6.443280e+03 1.000000e+00
   6412.562127 5.379300e-14 6.446030e+03 1.000000e+00
   6415.292861 5.583500e-14 6.448780e+03 1.000000e+00
   6418.033597 5.544800e-14 6.451530e+03 1.000000e+00
   6420.764330 5.417300e-14 6.454280e+03 1.000000e+00
   6423.505066 5.319800e-14 6.457030e+03 1.000000e+00
   6426.235800 5.585100e-14 6.459780e+03 1.000000e+00
   6428.976536 5.397000e-14 6.462530e+03 1.000000e+00
   6431.707269 5.511300e-14 6.465280e+03 1.000000e+00
   6434.448006 5.747900e-14 6.468030e+03 1.000000e+00
   6437.178739 5.642700e-14 6.470780e+03 1.000000e+00
   6439.919475 5.328700e-14 6.473530e+03 1.000000e+00
   6442.650209 5.394500e-14 6.476280e+03 1.000000e+00
   6445.390945 5.388100e-14 6.479030e+03 1.000000e+00
   6448.121679 5.446800e-14 6.481780e+03 1.000000e+00
   6450.862415 5.576100e-14 6.484530e+03 1.000000e+00
   6453.593148 5.299800e-14 6.487280e+03 1.000000e+00
   6456.333885 5.507900e-14 6.490030e+03 1.000000e+00
   6459.064618 5.469700e-14 6.492780e+03 1.000000e+00
   6461.805355 5.534600e-14 6.495530e+03 1.000000e+00
   6464.536088 5.523800e-14 6.498280e+03 1.000000e+00
   6467.276824 5.573900e-14 6.501030e+03 1.000000e+00
   6470.007558 5.458300e-14 6.503780e+03 1.000000e+00
   6472.748294 5.435300e-14 6.506530e+03 1.000000e+00
   6475.479028 5.518800e-14 6.509280e+03 1.000000e+00
   6478.219764 5.513000e-14 6.512030e+03 1.000000e+00
   6480.950498 5.610800e-14 6.514780e+03 1.000000e+00
   6483.691234 5.618200e-14 6.517530e+03 1.000000e+00
   6486.421968 5.526600e-14 6.520280e+03 1.000000e+00
   6489.162704 5.546400e-14 6.523030e+03 1.000000e+00
   6491.893438 5.505700e-14 6.525780e+03 1.000000e+00
   6494.634175 5.413500e-14 6.528530e+03 1.000000e+00
   6497.364908 5.372100e-14 6.531280e+03 1.000000e+00
   6500.105645 5.369200e-14 6.534030e+03 1.000000e+00
   6502.836378 5.363900e-14 6.536780e+03 1.000000e+00
   6505.577115 5.180500e-14 6.539530e+03 1.000000e+00
   6508.307849 5.231900e-14 6.542280e+03 1.000000e+00
   6511.048585 5.519800e-14 6.545030e+03 1.000000e+00
   6513.779319 5.540900e-14 6.547780e+03 1.000000e+00
   6516.520055 5.471300e-14 6.550530e+03 1.000000e+00
   6519.250789 5.729500e-14 6.553280e+03 1.000000e+00
   6521.991526 5.673200e-14 6.556030e+03 1.000000e+00
   6524.722259 5.335600e-14 6.558780e+03 1.000000e+00
   6527.462996 5.331100e-14 6.561530e+03 1.000000e+00
   6530.193730 5.407900e-14 6.564280e+03 1.000000e+00
   6532.934466 5.411100e-14 6.567030e+03 1.000000e+00
   6535.665200 5.334600e-14 6.569780e+03 1.000000e+00
   6538.405937 5.256600e-14 6.572530e+03 1.000000e+00
   6541.136671 5.397600e-14 6.575280e+03 1.000000e+00
   6543.877407 5.631600e-14 6.578030e+03 1.000000e+00
   6546.608141 5.692900e-14 6.580780e+03 1.000000e+00
   6549.348878 6.044900e-14 6.583530e+03 1.000000e+00
   6552.079611 6.636500e-14 6.586280e+03 1.000000e+00
   6554.820348 6.802700e-14 6.589030e+03 1.000000e+00
   6557.551082 6.609500e-14 6.591780e+03 1.000000e+00
   6560.291819 7.337400e-14 6.594530e+03 1.000000e+00
   6563.022553 1.261200e-13 6.597280e+03 1.000000e+00
   6565.763289 2.395200e-13 6.600030e+03 1.000000e+00
   6568.494023 3.297800e-13 6.602780e+03 1.000000e+00
   6571.234760 2.881800e-13 6.605530e+03 1.000000e+00
   6573.965494 1.566000e-13 6.608280e+03 1.000000e+00
   6576.706230 7.769000e-14 6.611030e+03 1.000000e+00
   6579.436964 5.846000e-14 6.613780e+03 1.000000e+00
   6582.177701 6.088200e-14 6.616530e+03 1.000000e+00
   6584.908435 7.558500e-14 6.619280e+03 1.000000e+00
   6587.649172 1.008200e-13 6.622030e+03 1.000000e+00
   6590.379906 1.029200e-13 6.624780e+03 1.000000e+00
   6593.120643 8.466800e-14 6.627530e+03 1.000000e+00
   6595.851377 6.460200e-14 6.630280e+03 1.000000e+00
   6598.592113 5.595100e-14 6.633030e+03 1.000000e+00
   6601.322847 5.415900e-14 6.635780e+03 1.000000e+00
   6604.063584 5.413200e-14 6.638530e+03 1.000000e+00
   6606.794318 5.301300e-14 6.641280e+03 1.000000e+00
   6609.535055 5.398000e-14 6.644030e+03 1.000000e+00
   6612.265789 5.293500e-14 6.646780e+03 1.000000e+00
   6615.006526 5.355400e-14 6.649530e+03 1.000000e+00
   6617.737260 5.452500e-14 6.652280e+03 1.000000e+00
   6620.477997 5.512000e-14 6.655030e+03 1.000000e+00
   6623.208731 5.417300e-14 6.657780e+03 1.000000e+00
   6625.949468 5.310300e-14 6.660530e+03 1.000000e+00
   6628.680202 5.446100e-14 6.663280e+03 1.000000e+00
   6631.420939 5.381300e-14 6.666030e+03 1.000000e+00
   6634.151673 5.493300e-14 6.668780e+03 1.000000e+00
   6636.892410 5.383200e-14 6.671530e+03 1.000000e+00
   6639.623144 5.382500e-14 6.674280e+03 1.000000e+00
   6642.363881 5.358500e-14 6.677030e+03 1.000000e+00
   6645.094615 5.376000e-14 6.679780e+03 1.000000e+00
   6647.835352 5.407300e-14 6.682530e+03 1.000000e+00
   6650.566086 5.584700e-14 6.685280e+03 1.000000e+00
   6653.306823 5.341300e-14 6.688030e+03 1.000000e+00
   6656.037558 5.516800e-14 6.690780e+03 1.000000e+00
   6658.778295 5.582200e-14 6.693530e+03 1.000000e+00
   6661.509029 5.490200e-14 6.696280e+03 1.000000e+00
   6664.249766 5.484700e-14 6.699030e+03 1.000000e+00
   6666.980500 5.314700e-14 6.701780e+03 1.000000e+00
   6669.721237 5.436500e-14 6.704530e+03 1.000000e+00
   6672.451971 5.476400e-14 6.707280e+03 1.000000e+00
   6675.192708 5.336000e-14 6.710030e+03 1.000000e+00
   6677.923443 5.402400e-14 6.712780e+03 1.000000e+00
   6680.664180 5.454900e-14 6.715530e+03 1.000000e+00
   6683.394914 5.561700e-14 6.718280e+03 1.000000e+00
   6686.135651 5.513300e-14 6.721030e+03 1.000000e+00
   6688.866385 5.377300e-14 6.723780e+03 1.000000e+00
   6691.607122 5.361200e-14 6.726530e+03 1.000000e+00
   6694.337857 5.433500e-14 6.729280e+03 1.000000e+00
   6697.078594 5.312500e-14 6.732030e+03 1.000000e+00
   6699.809328 5.178000e-14 6.734780e+03 1.000000e+00
   6702.550065 5.392700e-14 6.737530e+03 1.000000e+00
   6705.280800 5.466000e-14 6.740280e+03 1.000000e+00
   6708.021537 5.513200e-14 6.743030e+03 1.000000e+00
   6710.752271 5.415100e-14 6.745780e+03 1.000000e+00
   6713.493008 5.658300e-14 6.748530e+03 1.000000e+00
   6716.223743 6.786500e-14 6.751280e+03 1.000000e+00
   6718.964480 8.778300e-14 6.754030e+03 1.000000e+00
   6721.695214 1.075200e-13 6.756780e+03 1.000000e+00
   6724.435951 1.054400e-13 6.759530e+03 1.000000e+00
   6727.166686 8.257200e-14 6.762280e+03 1.000000e+00
   6729.907423 6.855800e-14 6.765030e+03 1.000000e+00
   6732.638158 7.497600e-14 6.767780e+03 1.000000e+00
   6735.378895 8.988200e-14 6.770530e+03 1.000000e+00
   6738.109629 9.444600e-14 6.773280e+03 1.000000e+00
   6740.850366 7.822400e-14 6.776030e+03 1.000000e+00
   6743.581101 6.093600e-14 6.778780e+03 1.000000e+00
   6746.321838 5.443100e-14 6.781530e+03 1.000000e+00
   6749.052573 5.006700e-14 6.784280e+03 1.000000e+00
   6751.793310 5.103600e-14 6.787030e+03 1.000000e+00
   6754.524045 5.182400e-14 6.789780e+03 1.000000e+00
   6757.264782 5.126100e-14 6.792530e+03 1.000000e+00
   6759.995516 5.053900e-14 6.795280e+03 1.000000e+00
   6762.736254 5.170700e-14 6.798030e+03 1.000000e+00
   6765.466988 5.116200e-14 6.800780e+03 1.000000e+00
   6768.207726 5.209200e-14 6.803530e+03 1.000000e+00
   6770.938460 5.234900e-14 6.806280e+03 1.000000e+00
   6773.679197 5.155000e-14 6.809030e+03 1.000000e+00
   6776.409932 5.055100e-14 6.811780e+03 1.000000e+00
   6779.150669 5.280100e-14 6.814530e+03 1.000000e+00
   6781.881404 4.952900e-14 6.817280e+03 1.000000e+00
   6784.622141 5.346400e-14 6.820030e+03 1.000000e+00
   6787.352876 5.099300e-14 6.822780e+03 1.000000e+00
   6790.083611 5.207400e-14 6.825530e+03 1.000000e+00
   6792.824348 5.042100e-14 6.828280e+03 1.000000e+00
   6803.607249 5.199700e-14 6.839120e+03 0.000000e+00
   6819.291469 5.188300e-14 6.854880e+03 0.000000e+00
   6835.005697 5.189000e-14 6.870680e+03 0.000000e+00
   6850.769939 5.094900e-14 6.886520e+03 0.000000e+00
   6866.554187 5.060400e-14 6.902400e+03 0.000000e+00
   6882.388448 5.107900e-14 6.918310e+03 0.000000e+00
   6898.252718 5.096800e-14 6.934260e+03 0.000000e+00
   6914.156999 5.109200e-14 6.950240e+03 0.000000e+00
   6930.091288 5.074600e-14 6.966260e+03 0.000000e+00
   6946.065588 5.145800e-14 6.982330e+03 0.000000e+00
   6962.079900 5.099300e-14 6.998420e+03 0.000000e+00
   6978.124219 5.159000e-14 7.014550e+03 0.000000e+00
   6994.208550 5.124100e-14 7.030720e+03 0.000000e+00
   7010.342894 5.077800e-14 7.046930e+03 0.000000e+00
   7026.497244 5.043400e-14 7.063180e+03 0.000000e+00
   7042.691605 5.185400e-14 7.079460e+03 0.000000e+00
   7058.935979 5.258200e-14 7.095780e+03 0.000000e+00
   7075.200360 4.999100e-14 7.112140e+03 0.000000e+00
   7091.514754 5.081000e-14 7.128530e+03 0.000000e+00
   7107.859156 5.000400e-14 7.144960e+03 0.000000e+00
   7124.243570 5.001000e-14 7.161430e+03 0.000000e+00
   7140.667994 4.887800e-14 7.177940e+03 0.000000e+00
   7157.132430 4.854800e-14 7.194490e+03 0.000000e+00
   7173.626873 4.744800e-14 7.211080e+03 0.000000e+00
   7190.161328 4.669600e-14 7.227700e+03 0.000000e+00
   7206.735794 4.713400e-14 7.244360e+03 0.000000e+00
   7223.350271 4.924800e-14 7.261060e+03 0.000000e+00
   7240.004759 4.869100e-14 7.277800e+03 0.000000e+00
   7256.689255 4.914700e-14 7.294570e+03 0.000000e+00
   7273.423765 4.825700e-14 7.311390e+03 0.000000e+00
   7290.188284 4.904700e-14 7.328250e+03 0.000000e+00
   7306.992813 4.996600e-14 7.345140e+03 0.000000e+00
   7323.837353 4.985700e-14 7.362070e+03 0.000000e+00
   7340.721905 4.997900e-14 7.379040e+03 0.000000e+00
   7357.646467 5.021600e-14 7.396050e+03 0.000000e+00
   7374.601038 5.010700e-14 7.413100e+03 0.000000e+00
   7391.605623 5.034500e-14 7.430190e+03 0.000000e+00
   7408.650218 5.012000e-14 7.447320e+03 0.000000e+00
   7425.724822 4.955300e-14 7.464490e+03 0.000000e+00
   7442.839437 5.059700e-14 7.481700e+03 0.000000e+00
   7460.004066 5.014000e-14 7.498940e+03 0.000000e+00
   7477.198703 5.003100e-14 7.516230e+03 0.000000e+00
   7494.433351 5.026900e-14 7.533560e+03 0.000000e+00
   7511.708010 5.039200e-14 7.550920e+03 0.000000e+00
   7529.022680 5.063100e-14 7.568330e+03 0.000000e+00
   7546.387363 5.028900e-14 7.585780e+03 0.000000e+00
   7563.782055 5.029600e-14 7.603260e+03 0.000000e+00
   7581.216759 4.927100e-14 7.620790e+03 0.000000e+00
   7598.691473 4.905100e-14 7.638360e+03 0.000000e+00
   7616.206198 4.805200e-14 7.655970e+03 0.000000e+00
   7633.760934 4.816900e-14 7.673610e+03 0.000000e+00
   7651.355681 4.784400e-14 7.691300e+03 0.000000e+00
   7669.000442 4.676100e-14 7.709040e+03 0.000000e+00
   7686.675212 4.655300e-14 7.726810e+03 0.000000e+00
   7704.399995 4.634500e-14 7.744620e+03 0.000000e+00
   7722.164789 4.603200e-14 7.762470e+03 0.000000e+00
   7739.959591 4.657200e-14 7.780370e+03 0.000000e+00
   7757.804407 4.541300e-14 7.798300e+03 0.000000e+00
   7775.679232 4.626400e-14 7.816280e+03 0.000000e+00
   7793.614073 4.605800e-14 7.834300e+03 0.000000e+00
   7811.578922 4.595800e-14 7.852360e+03 0.000000e+00
   7829.583782 4.692700e-14 7.870460e+03 0.000000e+00
   7847.638656 4.607700e-14 7.888600e+03 0.000000e+00
   7865.723538 4.672400e-14 7.906790e+03 0.000000e+00
   7883.858434 4.640900e-14 7.925010e+03 0.000000e+00
   7902.033341 4.652300e-14 7.943280e+03 0.000000e+00
   7920.248259 4.568000e-14 7.961590e+03 0.000000e+00
   7938.503188 4.537200e-14 7.979950e+03 0.000000e+00
   7956.808131 4.455000e-14 7.998340e+03 0.000000e+00
   7975.143082 4.538500e-14 8.016780e+03 0.000000e+00
   7993.528047 4.581100e-14 8.035260e+03 0.000000e+00
   8011.953023 4.508500e-14 8.053780e+03 0.000000e+00
   8030.428013 4.624800e-14 8.072350e+03 0.000000e+00
   8048.943013 4.657500e-14 8.090960e+03 0.000000e+00
   8067.488022 4.679700e-14 8.109610e+03 0.000000e+00
   8086.093048 4.594900e-14 8.128310e+03 0.000000e+00
   8104.728081 4.564000e-14 8.147040e+03 0.000000e+00
   8123.413129 4.628100e-14 8.165820e+03 0.000000e+00
   8142.138187 4.586400e-14 8.184650e+03 0.000000e+00
   8160.913260 4.545000e-14 8.203520e+03 0.000000e+00
   8179.718340 4.442100e-14 8.222430e+03 0.000000e+00
   8198.573434 4.272200e-14 8.241380e+03 0.000000e+00
   8217.478542 4.610200e-14 8.260380e+03 0.000000e+00
   8236.423661 4.273500e-14 8.279420e+03 0.000000e+00
   8255.408791 4.579800e-14 8.298510e+03 0.000000e+00
   8274.443935 4.601600e-14 8.317640e+03 0.000000e+00
   8293.509087 4.456300e-14 8.336810e+03 0.000000e+00
   8312.634256 4.477500e-14 8.356030e+03 0.000000e+00
   8331.799435 4.366200e-14 8.375290e+03 0.000000e+00
   8351.004626 4.437800e-14 8.394600e+03 0.000000e+00
   8370.249827 4.479500e-14 8.413950e+03 0.000000e+00
   8389.545043 4.388300e-14 8.433350e+03 0.000000e+00
   8408.890272 4.409200e-14 8.452790e+03 0.000000e+00
   8428.275512 4.460900e-14 8.472270e+03 0.000000e+00
   8447.700763 4.173400e-14 8.491800e+03 0.000000e+00
   8467.176028 4.380800e-14 8.511380e+03 0.000000e+00
   8486.691303 4.401700e-14 8.531000e+03 0.000000e+00
   8506.256593 4.223600e-14 8.550670e+03 0.000000e+00
   8525.871896 4.273100e-14 8.570380e+03 0.000000e+00
   8545.517208 4.313300e-14 8.590140e+03 0.000000e+00
   8565.222536 4.323900e-14 8.609940e+03 0.000000e+00
   8584.967875 4.384700e-14 8.629790e+03 0.000000e+00
   8604.753225 4.256100e-14 8.649680e+03 0.000000e+00
   8624.588589 4.296100e-14 8.669620e+03 0.000000e+00
   8644.473966 4.356500e-14 8.689600e+03 0.000000e+00
   8664.399355 4.228700e-14 8.709640e+03 0.000000e+00
   8684.374757 4.133100e-14 8.729710e+03 0.000000e+00
   8704.390170 4.162400e-14 8.749840e+03 0.000000e+00
   8724.455597 4.250200e-14 8.770010e+03 0.000000e+00
   8744.571038 4.280300e-14 8.790230e+03 0.000000e+00
   8764.726490 4.041500e-14 8.810490e+03 0.000000e+00
   8784.931955 4.222900e-14 8.830800e+03 0.000000e+00
   8805.187435 4.243000e-14 8.851160e+03 0.000000e+00
   8825.482925 4.282900e-14 8.871560e+03 0.000000e+00
   8845.828429 4.273800e-14 8.892010e+03 0.000000e+00
   8866.223946 4.157900e-14 8.912510e+03 0.000000e+00
   8886.659475 4.008200e-14 8.933050e+03 0.000000e+00
   8907.145018 4.168800e-14 8.953650e+03 0.000000e+00
   8927.680574 4.198400e-14 8.974290e+03 0.000000e+00
   8948.256141 4.237900e-14 8.994980e+03 0.000000e+00
   8968.881722 4.113600e-14 9.015710e+03 0.000000e+00
   8989.567319 3.983700e-14 9.036500e+03 0.000000e+00
   9010.282925 3.875800e-14 9.057330e+03 0.000000e+00
   9031.048544 3.849700e-14 9.078200e+03 0.000000e+00
   9051.874180 4.340000e-14 9.099130e+03 0.000000e+00
   9072.739827 4.060300e-14 9.120110e+03 0.000000e+00
   9093.655487 4.108000e-14 9.141130e+03 0.000000e+00
   9114.611159 4.165800e-14 9.162200e+03 0.000000e+00
   9135.626847 4.224500e-14 9.183330e+03 0.000000e+00
   9156.682546 4.044300e-14 9.204500e+03 0.000000e+00
   9177.798262 4.026300e-14 9.225710e+03 0.000000e+00
   9198.953988 4.083000e-14 9.246980e+03 0.000000e+00
   9220.159728 3.972400e-14 9.268300e+03 0.000000e+00
   9241.415482 3.598500e-14 9.289660e+03 0.000000e+00
   9262.721250 4.047600e-14 9.311080e+03 0.000000e+00
   9284.067029 4.123500e-14 9.332540e+03 0.000000e+00
   9305.472824 3.866600e-14 9.354060e+03 0.000000e+00
   9326.918630 3.984800e-14 9.375620e+03 0.000000e+00
   9348.424452 3.967100e-14 9.397230e+03 0.000000e+00
   9369.970286 3.940500e-14 9.418900e+03 0.000000e+00
   9391.576136 3.941100e-14 9.440610e+03 0.000000e+00
   9413.221997 3.896600e-14 9.462370e+03 0.000000e+00
   9434.927874 3.924300e-14 9.484180e+03 0.000000e+00
   9456.673763 3.897900e-14 9.506050e+03 0.000000e+00
   9478.469665 3.889600e-14 9.527960e+03 0.000000e+00
   9500.325584 3.872400e-14 9.549930e+03 0.000000e+00
   9522.221513 3.828700e-14 9.571940e+03 0.000000e+00
   9544.177460 3.532800e-14 9.594010e+03 0.000000e+00
   9566.173417 3.734200e-14 9.616120e+03 0.000000e+00
   9588.229390 3.795500e-14 9.638290e+03 0.000000e+00
   9610.325375 3.778700e-14 9.660510e+03 0.000000e+00
   9632.491378 3.770600e-14 9.682780e+03 0.000000e+00
   9654.687390 3.753900e-14 9.705100e+03 0.000000e+00
   9676.943419 3.737300e-14 9.727470e+03 0.000000e+00
   9699.259464 3.746600e-14 9.749900e+03 0.000000e+00
   9721.615520 3.721400e-14 9.772370e+03 0.000000e+00
   9744.021589 3.687900e-14 9.794900e+03 0.000000e+00
   9766.487675 3.680100e-14 9.817480e+03 0.000000e+00
   9789.003775 3.655400e-14 9.840110e+03 0.000000e+00
   9811.559886 3.664400e-14 9.862790e+03 0.000000e+00
   9834.176013 3.648200e-14 9.885530e+03 0.000000e+00
   9856.852157 3.632100e-14 9.908320e+03 0.000000e+00
   9879.578314 3.616000e-14 9.931160e+03 0.000000e+00
   9902.344483 3.600000e-14 9.954050e+03 0.000000e+00
   9925.180670 3.575800e-14 9.977000e+03 0.000000e+00
   9948.056869 3.568200e-14 1.000000e+04 0.000000e+00
   9970.993084 3.552500e-14 1.002305e+04 0.000000e+00
   9993.969310 3.528600e-14 1.004615e+04 0.000000e+00
  10017.005552 3.433100e-14 1.006931e+04 0.000000e+00
  10086.454373 3.356700e-14 1.013912e+04 0.000000e+00
  10133.006989 3.428200e-14 1.018591e+04 0.000000e+00
  10179.779666 3.398000e-14 1.023294e+04 0.000000e+00
  10226.762400 3.375800e-14 1.028017e+04 0.000000e+00
  10273.965195 3.353700e-14 1.032761e+04 0.000000e+00
  10297.651616 3.323600e-14 1.035142e+04 0.000000e+00
  10513.280074 3.193800e-14 1.056818e+04 0.000000e+00
  10708.733073 3.053100e-14 1.076465e+04 0.000000e+00
  10907.827070 2.862500e-14 1.096478e+04 0.000000e+00
  11110.612078 2.810200e-14 1.116863e+04 0.000000e+00
  11291.141056 2.696100e-14 1.135010e+04 0.000000e+00
  11501.068020 2.622700e-14 1.156113e+04 0.000000e+00
  11714.886049 2.522000e-14 1.177606e+04 0.000000e+00
  11905.237717 2.425200e-14 1.196741e+04 0.000000e+00
  12098.680231 2.342800e-14 1.216186e+04 0.000000e+00
  12295.273607 2.279000e-14 1.235947e+04 0.000000e+00
  12495.047854 2.206700e-14 1.256030e+04 0.000000e+00
  12698.072990 2.136700e-14 1.276439e+04 0.000000e+00
  12904.399029 2.073700e-14 1.297179e+04 0.000000e+00
  13114.085987 2.021800e-14 1.318256e+04 0.000000e+00
  13296.515546 1.962200e-14 1.336595e+04 0.000000e+00
  13512.564244 1.921900e-14 1.358313e+04 0.000000e+00
  13700.545321 1.873900e-14 1.377209e+04 0.000000e+00
  13891.137112 1.827000e-14 1.396368e+04 0.000000e+00
  14116.848452 1.777200e-14 1.419057e+04 0.000000e+00
  14313.241828 1.740800e-14 1.438799e+04 0.000000e+00
  14512.355949 1.720800e-14 1.458814e+04 0.000000e+00
  14714.240827 1.681700e-14 1.479109e+04 0.000000e+00
  14918.946475 1.666300e-14 1.499685e+04 0.000000e+00
  15091.703442 1.647200e-14 1.517051e+04 0.000000e+00
  15301.630517 1.643400e-14 1.538154e+04 0.000000e+00
  15514.498396 1.632100e-14 1.559552e+04 0.000000e+00
  15694.147246 1.594900e-14 1.577611e+04 0.000000e+00
  15912.476617 1.555000e-14 1.599558e+04 0.000000e+00
  16096.746729 1.551500e-14 1.618080e+04 0.000000e+00
  16320.667627 1.544300e-14 1.640590e+04 0.000000e+00
  16509.639023 1.498800e-14 1.659586e+04 0.000000e+00
  16700.821023 1.471400e-14 1.678804e+04 0.000000e+00
  16894.213627 1.428000e-14 1.698244e+04 0.000000e+00
  17089.836840 1.395500e-14 1.717909e+04 0.000000e+00
  17287.720670 1.335800e-14 1.737800e+04 0.000000e+00
  17487.905129 1.308400e-14 1.757923e+04 0.000000e+00
  17690.410221 1.269800e-14 1.778279e+04 0.000000e+00
  17895.255953 1.232400e-14 1.798871e+04 0.000000e+00
  18102.482334 1.182300e-14 1.819702e+04 0.000000e+00
  18312.079362 1.160800e-14 1.840771e+04 0.000000e+00
  18524.127060 1.131700e-14 1.862087e+04 0.000000e+00
  18695.533701 1.085800e-14 1.879318e+04 0.000000e+00
  18912.002606 1.063500e-14 1.901077e+04 0.000000e+00
  19087.000227 1.036900e-14 1.918669e+04 0.000000e+00
  19308.030377 1.001700e-14 1.940886e+04 0.000000e+00
  19486.668992 9.610400e-15 1.958844e+04 0.000000e+00
  19712.320403 9.413300e-15 1.981527e+04 0.000000e+00
  19894.720045 9.156800e-15 1.999862e+04 0.000000e+00
  20125.102748 8.968900e-15 2.023020e+04 0.000000e+00
  20311.303427 8.704500e-15 2.041738e+04 0.000000e+00
  20499.244581 8.525900e-15 2.060630e+04 0.000000e+00
  20688.906205 8.293600e-15 2.079696e+04 0.000000e+00
  20928.481417 8.086100e-15 2.103778e+04 0.000000e+00
  21122.134130 7.920300e-15 2.123245e+04 0.000000e+00
  21317.567329 7.722200e-15 2.142890e+04 0.000000e+00
  21514.821025 7.529100e-15 2.162719e+04 0.000000e+00
  21713.905220 7.256700e-15 2.182731e+04 0.000000e+00
  21914.809912 7.157200e-15 2.202926e+04 0.000000e+00
  22117.595117 6.962100e-15 2.223311e+04 0.000000e+00
  22322.230827 6.788000e-15 2.243881e+04 0.000000e+00
  22528.787061 6.618200e-15 2.264644e+04 0.000000e+00
  22684.939574 6.452700e-15 2.280341e+04 0.000000e+00
  22894.846723 5.912100e-15 2.301442e+04 0.000000e+00
  23106.694401 5.857900e-15 2.322738e+04 0.000000e+00
  23320.482608 5.269200e-15 2.344228e+04 0.000000e+00
  23482.146625 5.020400e-15 2.360479e+04 0.000000e+00
  23699.415782 5.055200e-15 2.382319e+04 0.000000e+00
  23918.715493 4.707000e-15 2.404363e+04 0.000000e+00
  24084.490631 4.589200e-15 2.421028e+04 0.000000e+00
  24307.361316 4.547200e-15 2.443431e+04 0.000000e+00
  24532.282561 4.312600e-15 2.466040e+04 0.000000e+00
  24702.318862 4.273100e-15 2.483133e+04 0.000000e+00
  24930.891103 3.782200e-15 2.506110e+04 0.000000e+00
  25103.698159 3.738900e-15 2.523480e+04 0.000000e+00
  25335.991415 3.730300e-15 2.546831e+04 0.000000e+00
  25511.599236 3.704600e-15 2.564484e+04 0.000000e+00
  25688.447395 3.713100e-15 2.582261e+04 0.000000e+00
  25926.122118 3.645400e-15 2.606153e+04 0.000000e+00
  26105.851063 3.603600e-15 2.624220e+04 0.000000e+00
  26286.790338 3.513500e-15 2.642408e+04 0.000000e+00
  26530.036582 3.489300e-15 2.666859e+04 0.000000e+00
  26713.916659 3.409900e-15 2.685344e+04 0.000000e+00
  26899.107093 3.370900e-15 2.703959e+04 0.000000e+00
  27085.547869 3.317000e-15 2.722701e+04 0.000000e+00
  27336.176126 3.256400e-15 2.747895e+04 0.000000e+00
  27525.647728 3.189600e-15 2.766941e+04 0.000000e+00
  27716.469699 3.131400e-15 2.786122e+04 0.000000e+00
  27908.572019 3.095600e-15 2.805433e+04 0.000000e+00
  28102.044712 3.032100e-15 2.824881e+04 0.000000e+00
  28296.827763 2.976700e-15 2.844461e+04 0.000000e+00
  28492.951180 2.915700e-15 2.864177e+04 0.000000e+00
  28690.474978 2.842800e-15 2.884032e+04 0.000000e+00
  28889.329139 2.810200e-15 2.904021e+04 0.000000e+00
  29089.603688 2.752600e-15 2.924153e+04 0.000000e+00
  29291.228605 2.696100e-15 2.944421e+04 0.000000e+00
  29494.283912 2.646900e-15 2.964832e+04 0.000000e+00
  29698.709593 2.592600e-15 2.985382e+04 0.000000e+00
  29904.585669 2.545300e-15 3.006077e+04 0.000000e+00
  30111.862127 2.493100e-15 3.026913e+04 0.000000e+00
  30320.608987 2.436400e-15 3.047896e+04 0.000000e+00
  30530.766231 2.402900e-15 3.069022e+04 0.000000e+00
  30742.373870 2.364500e-15 3.090294e+04 0.000000e+00
  30884.302530 2.316000e-15 3.104560e+04 0.000000e+00
  31098.360838 2.273700e-15 3.126079e+04 0.000000e+00
  31313.949563 2.237400e-15 3.147749e+04 0.000000e+00
  31530.988684 2.196600e-15 3.169567e+04 0.000000e+00
  31676.518326 2.161400e-15 3.184196e+04 0.000000e+00
  31896.108142 2.126900e-15 3.206270e+04 0.000000e+00
  32117.188365 2.097700e-15 3.228493e+04 0.000000e+00
  32339.829013 2.083200e-15 3.250874e+04 0.000000e+00
  32489.099676 2.102500e-15 3.265878e+04 0.000000e+00
  32714.321028 2.206700e-15 3.288518e+04 0.000000e+00
  32941.062794 2.545300e-15 3.311311e+04 0.000000e+00
  33093.104212 2.510400e-15 3.326594e+04 0.000000e+00
  33322.516707 2.088100e-15 3.349655e+04 0.000000e+00
  33476.308602 1.913100e-15 3.365115e+04 0.000000e+00
  33708.381823 1.822800e-15 3.388443e+04 0.000000e+00
  33942.015469 1.760900e-15 3.411929e+04 0.000000e+00
  34098.678147 1.712900e-15 3.427677e+04 0.000000e+00
  34335.052540 1.673900e-15 3.451438e+04 0.000000e+00
  34493.525712 1.635800e-15 3.467368e+04 0.000000e+00
  34732.650855 1.602300e-15 3.491405e+04 0.000000e+00
  34892.954526 1.569400e-15 3.507520e+04 0.000000e+00
  35134.800411 1.537200e-15 3.531830e+04 0.000000e+00
  35297.004600 1.505700e-15 3.548136e+04 0.000000e+00
  35541.651249 1.478200e-15 3.572728e+04 0.000000e+00
  35705.695940 1.447900e-15 3.589218e+04 0.000000e+00
  35870.530847 1.421500e-15 3.605788e+04 0.000000e+00
  36119.158581 1.395500e-15 3.630780e+04 0.000000e+00
  36285.863998 1.370100e-15 3.647538e+04 0.000000e+00
  36537.402526 1.342000e-15 3.672823e+04 0.000000e+00
  36706.048471 1.317500e-15 3.689775e+04 0.000000e+00
  36875.454624 1.287500e-15 3.706805e+04 0.000000e+00
  37131.094271 1.266900e-15 3.732502e+04 0.000000e+00
  37302.460958 1.240900e-15 3.749729e+04 0.000000e+00
  37474.677877 1.212700e-15 3.767040e+04 0.000000e+00
  37734.418642 1.198800e-15 3.793150e+04 0.000000e+00
  37908.576090 1.179600e-15 3.810657e+04 0.000000e+00
  38083.583770 1.158100e-15 3.828249e+04 0.000000e+00
  38347.545686 1.136900e-15 3.854783e+04 0.000000e+00
  38524.543909 1.118800e-15 3.872575e+04 0.000000e+00
  38702.392364 1.098400e-15 3.890453e+04 0.000000e+00
  38881.021031 1.078300e-15 3.908409e+04 0.000000e+00
  39150.514455 1.058600e-15 3.935499e+04 0.000000e+00
  39331.253698 1.044100e-15 3.953667e+04 0.000000e+00
  39512.783156 1.025000e-15 3.971915e+04 0.000000e+00
  39695.152843 1.008700e-15 3.990248e+04 0.000000e+00
  39878.412773 9.879600e-16 4.008669e+04 0.000000e+00
  40154.808079 9.721700e-16 4.036454e+04 0.000000e+00
  40340.148577 9.566200e-16 4.055084e+04 0.000000e+00
  40526.379317 9.391600e-16 4.073804e+04 0.000000e+00
  40713.430280 9.284100e-16 4.092607e+04 0.000000e+00
  40901.331476 9.156800e-16 4.111496e+04 0.000000e+00
  41090.152922 9.010300e-16 4.130477e+04 0.000000e+00
  41279.804595 8.886700e-16 4.149541e+04 0.000000e+00
  41470.336508 8.744600e-16 4.168693e+04 0.000000e+00
  41757.814835 8.585000e-16 4.197591e+04 0.000000e+00
  41950.547348 8.486800e-16 4.216965e+04 0.000000e+00
  42144.170104 8.351100e-16 4.236428e+04 0.000000e+00
  42338.733115 8.255500e-16 4.255986e+04 0.000000e+00
  42534.146359 8.123500e-16 4.275629e+04 0.000000e+00
  42730.459848 8.012000e-16 4.295363e+04 0.000000e+00
  42927.723596 7.757800e-16 4.315193e+04 0.000000e+00
  43125.857582 7.546400e-16 4.335110e+04 0.000000e+00
  43324.901815 7.511800e-16 4.355118e+04 0.000000e+00
  43524.866300 7.273500e-16 4.375219e+04 0.000000e+00
  43725.801049 7.140700e-16 4.395418e+04 0.000000e+00
  43927.616038 7.059000e-16 4.415704e+04 0.000000e+00
  44130.361280 6.835000e-16 4.436085e+04 0.000000e+00
  44334.086790 6.788000e-16 4.456564e+04 0.000000e+00
  44538.712545 6.679500e-16 4.477133e+04 0.000000e+00
  44744.278557 6.497400e-16 4.497797e+04 0.000000e+00
  44950.844841 6.497400e-16 4.518562e+04 0.000000e+00
  45158.311371 6.393500e-16 4.539417e+04 0.000000e+00
  45262.409736 6.248000e-16 4.549880e+04 0.000000e+00
  45471.316658 6.219300e-16 4.570880e+04 0.000000e+00
  45681.233856 6.162300e-16 4.591982e+04 0.000000e+00
  45892.071305 6.008200e-16 4.613176e+04 0.000000e+00
  46103.889021 6.008200e-16 4.634468e+04 0.000000e+00
  46316.727015 5.925700e-16 4.655863e+04 0.000000e+00
  46530.505265 5.844400e-16 4.677352e+04 0.000000e+00
  46745.253780 5.804200e-16 4.698940e+04 0.000000e+00
  46961.012571 5.751000e-16 4.720628e+04 0.000000e+00
  47069.312080 5.685100e-16 4.731515e+04 0.000000e+00
  47286.551274 5.672100e-16 4.753353e+04 0.000000e+00
  47504.810747 5.594200e-16 4.775292e+04 0.000000e+00
  47724.110502 5.543000e-16 4.797337e+04 0.000000e+00
  47944.380523 5.492100e-16 4.819479e+04 0.000000e+00
  48165.670821 5.416800e-16 4.841723e+04 0.000000e+00
  48276.691073 5.416800e-16 4.852884e+04 0.000000e+00
  48499.561802 5.354800e-16 4.875287e+04 0.000000e+00
  48723.412798 5.281300e-16 4.897789e+04 0.000000e+00
  48948.294076 5.244900e-16 4.920395e+04 0.000000e+00
  49061.124821 5.196900e-16 4.931736e+04 0.000000e+00
  49287.616537 5.161100e-16 4.954504e+04 0.000000e+00
  49515.098524 5.102000e-16 4.977371e+04 0.000000e+00
  49743.640799 5.079300e-16 5.000344e+04 0.000000e+00
  49858.302043 5.058600e-16 5.011870e+04 0.000000e+00
  50088.474763 5.087000e-16 5.035008e+04 0.000000e+00
  50319.647756 5.091800e-16 5.058246e+04 0.000000e+00
  50551.901043 5.084600e-16 5.081593e+04 0.000000e+00
  50668.422794 5.086700e-16 5.093306e+04 0.000000e+00
  50785.274635 5.100500e-16 5.105052e+04 0.000000e+00
  50902.336534 5.126100e-16 5.116820e+04 0.000000e+00
  51019.678509 5.116200e-16 5.128614e+04 0.000000e+00
  51137.270552 5.118100e-16 5.140436e+04 0.000000e+00
  51255.152674 5.119900e-16 5.152285e+04 0.000000e+00
  51373.304870 5.121600e-16 5.164162e+04 0.000000e+00
  51491.777153 5.135100e-16 5.176071e+04 0.000000e+00
  51610.469496 5.148600e-16 5.188002e+04 0.000000e+00
  51729.431912 5.173900e-16 5.199961e+04 0.000000e+00
  51848.674405 5.175400e-16 5.211947e+04 0.000000e+00
  51968.186972 5.176800e-16 5.223961e+04 0.000000e+00
  52087.979615 5.190100e-16 5.236003e+04 0.000000e+00
  52208.042331 5.191400e-16 5.248072e+04 0.000000e+00
  52328.445141 5.204600e-16 5.260175e+04 0.000000e+00
  52449.068010 5.217800e-16 5.272300e+04 0.000000e+00
  52569.960953 5.230900e-16 5.284453e+04 0.000000e+00
  52691.143975 5.256100e-16 5.296634e+04 0.000000e+00
  52812.597070 5.269200e-16 5.308843e+04 0.000000e+00
  52934.330242 5.258000e-16 5.321080e+04 0.000000e+00
  53056.413510 5.271100e-16 5.333352e+04 0.000000e+00
  53178.706834 5.284000e-16 5.345646e+04 0.000000e+00
  53301.290238 5.296900e-16 5.357968e+04 0.000000e+00
  53424.153718 5.322100e-16 5.370318e+04 0.000000e+00
  53547.297274 5.335000e-16 5.382697e+04 0.000000e+00
  53670.730910 5.347900e-16 5.395105e+04 0.000000e+00
  53794.444622 5.373100e-16 5.407541e+04 0.000000e+00
  53918.498426 5.385900e-16 5.420011e+04 0.000000e+00
  54042.792296 5.411200e-16 5.432505e+04 0.000000e+00
  54167.366243 5.424000e-16 5.445027e+04 0.000000e+00
  54292.220265 5.436800e-16 5.457579e+04 0.000000e+00
  54417.374370 5.462100e-16 5.470159e+04 0.000000e+00
  54542.808551 5.487500e-16 5.482768e+04 0.000000e+00
  54668.532811 5.512900e-16 5.495406e+04 0.000000e+00
  54794.607166 5.525700e-16 5.508079e+04 0.000000e+00
  54920.911584 5.564000e-16 5.520776e+04 0.000000e+00
  55047.506081 5.589600e-16 5.533502e+04 0.000000e+00
  55174.400660 5.615300e-16 5.546257e+04 0.000000e+00
  55301.575316 5.667000e-16 5.559041e+04 0.000000e+00
  55429.050053 5.692900e-16 5.571855e+04 0.000000e+00
  55556.874885 5.705800e-16 5.584705e+04 0.000000e+00
  55684.939783 5.744900e-16 5.597578e+04 0.000000e+00
  55813.304763 5.797700e-16 5.610481e+04 0.000000e+00
  55941.949819 5.823900e-16 5.623413e+04 0.000000e+00
  56070.904960 5.863800e-16 5.636376e+04 0.000000e+00
  56200.150180 5.917400e-16 5.649368e+04 0.000000e+00
  56329.695481 5.944000e-16 5.662390e+04 0.000000e+00
  56459.600881 5.998300e-16 5.675448e+04 0.000000e+00
  56589.746346 6.053000e-16 5.688531e+04 0.000000e+00
  56720.191893 6.108100e-16 5.701643e+04 0.000000e+00
  56850.927519 6.163700e-16 5.714786e+04 0.000000e+00
  56981.983232 6.219700e-16 5.727959e+04 0.000000e+00
  57113.319022 6.290700e-16 5.741162e+04 0.000000e+00
  57245.034915 6.362400e-16 5.754402e+04 0.000000e+00
  57376.990874 6.449600e-16 5.767667e+04 0.000000e+00
  57509.256917 6.523000e-16 5.780962e+04 0.000000e+00
  57641.813040 6.612400e-16 5.794287e+04 0.000000e+00
  57774.679246 6.702900e-16 5.807643e+04 0.000000e+00
  57907.855538 6.794600e-16 5.821030e+04 0.000000e+00
  58041.341914 6.903400e-16 5.834448e+04 0.000000e+00
  58175.188388 7.030000e-16 5.847904e+04 0.000000e+00
  58309.284930 7.142400e-16 5.861383e+04 0.000000e+00
  58443.691557 7.290000e-16 5.874894e+04 0.000000e+00
  58578.418271 7.423500e-16 5.888436e+04 0.000000e+00
  58713.435064 7.576900e-16 5.902009e+04 0.000000e+00
  58848.781947 7.751100e-16 5.915614e+04 0.000000e+00
  58984.428912 7.947600e-16 5.929250e+04 0.000000e+00
  59245.380023 7.908300e-16 5.955481e+04 3.000000e+00
  59553.614019 8.803800e-16 5.986466e+04 3.000000e+00
  59861.858019 9.355900e-16 6.017451e+04 3.000000e+00
  60170.112021 1.127100e-15 6.048437e+04 3.000000e+00
  60478.346018 1.049600e-15 6.079422e+04 3.000000e+00
  60786.590017 1.255800e-15 6.110407e+04 3.000000e+00
  61094.844020 1.450000e-15 6.141393e+04 3.000000e+00
  61403.078017 1.978300e-15 6.172378e+04 3.000000e+00
  61711.312014 2.715500e-15 6.203363e+04 3.000000e+00
  62019.566017 3.157900e-15 6.234349e+04 3.000000e+00
  62327.810018 3.167500e-15 6.265334e+04 3.000000e+00
  62636.044015 2.656400e-15 6.296319e+04 3.000000e+00
  62944.298019 2.246900e-15 6.327305e+04 3.000000e+00
  63252.542019 1.715800e-15 6.358290e+04 3.000000e+00
  63560.786020 1.418200e-15 6.389276e+04 3.000000e+00
  63869.030021 1.153100e-15 6.420261e+04 3.000000e+00
  64177.264019 1.077500e-15 6.451246e+04 3.000000e+00
  64485.518023 9.506300e-16 6.482232e+04 3.000000e+00
  64793.752021 8.747900e-16 6.513217e+04 3.000000e+00
  65101.996023 9.922000e-16 6.544202e+04 3.000000e+00
  65410.250027 9.311100e-16 6.575188e+04 3.000000e+00
  65718.484026 9.805100e-16 6.606173e+04 3.000000e+00
  66026.728027 9.076500e-16 6.637158e+04 3.000000e+00
  66334.982032 9.558100e-16 6.668145e+04 3.000000e+00
  66643.216031 1.029400e-15 6.699129e+04 3.000000e+00
  66951.460033 1.027800e-15 6.730114e+04 3.000000e+00
  67259.704035 9.759900e-16 6.761100e+04 3.000000e+00
  67567.948037 8.532300e-16 6.792085e+04 3.000000e+00
  67876.202042 9.754500e-16 6.823071e+04 3.000000e+00
  68184.436041 9.379700e-16 6.854056e+04 3.000000e+00
  68492.680044 1.078600e-15 6.885041e+04 3.000000e+00
  68800.934049 9.300700e-16 6.916027e+04 3.000000e+00
  69109.168049 8.934300e-16 6.947012e+04 3.000000e+00
  69417.412052 9.711100e-16 6.977998e+04 3.000000e+00
  69725.656054 1.302500e-15 7.008983e+04 3.000000e+00
  70033.900057 1.193800e-15 7.039968e+04 3.000000e+00
  70342.144060 1.034300e-15 7.070954e+04 3.000000e+00
  70650.388063 7.899700e-16 7.101939e+04 3.000000e+00
  70958.632066 9.133500e-16 7.132924e+04 3.000000e+00
  71266.876069 8.291600e-16 7.163910e+04 3.000000e+00
  71575.110070 1.133400e-15 7.194895e+04 3.000000e+00
  71883.374079 1.220100e-15 7.225881e+04 3.000000e+00
  72191.608079 1.146100e-15 7.256866e+04 3.000000e+00
  72499.842080 1.177200e-15 7.287851e+04 3.000000e+00
  72808.106089 1.493400e-15 7.318838e+04 3.000000e+00
  73116.340090 1.379800e-15 7.349822e+04 3.000000e+00
  73424.584094 1.383900e-15 7.380807e+04 3.000000e+00
  73732.828098 1.457400e-15 7.411793e+04 3.000000e+00
  74041.072101 1.806100e-15 7.442778e+04 3.000000e+00
  74349.316105 2.016500e-15 7.473763e+04 3.000000e+00
  74657.550107 2.208700e-15 7.504748e+04 3.000000e+00
  74945.628615 2.231000e-15 7.533706e+04 3.000000e+00
  74965.804113 2.561400e-15 7.535734e+04 3.000000e+00
  75274.048118 2.587200e-15 7.566720e+04 3.000000e+00
  75563.326953 2.807200e-15 7.595799e+04 3.000000e+00
  75582.282119 2.857700e-15 7.597705e+04 3.000000e+00
  76181.045297 2.845000e-15 7.657894e+04 3.000000e+00
  76798.763641 2.708200e-15 7.719988e+04 3.000000e+00
  77416.481986 2.604200e-15 7.782082e+04 3.000000e+00
  78034.190328 2.481300e-15 7.844176e+04 3.000000e+00
  78651.918675 2.222200e-15 7.906271e+04 3.000000e+00
  79269.627018 2.029700e-15 7.968365e+04 3.000000e+00
  79887.335361 1.734400e-15 8.030459e+04 3.000000e+00
  80505.063709 1.399400e-15 8.092554e+04 3.000000e+00
  81122.782055 1.234200e-15 8.154648e+04 3.000000e+00
  81740.490398 1.123300e-15 8.216741e+04 3.000000e+00
  82358.208744 1.074600e-15 8.278836e+04 3.000000e+00
  82975.917088 1.125000e-15 8.340930e+04 3.000000e+00
  83593.645438 1.160700e-15 8.403025e+04 3.000000e+00
  84211.353782 1.168500e-15 8.465119e+04 3.000000e+00
  84829.072129 1.261700e-15 8.527213e+04 3.000000e+00
  85446.790476 1.386500e-15 8.589307e+04 3.000000e+00
  86064.518826 1.472500e-15 8.651402e+04 3.000000e+00
  86682.217169 1.294700e-15 8.713495e+04 3.000000e+00
  87299.935516 1.062100e-15 8.775590e+04 3.000000e+00
  87917.653864 8.066300e-16 8.837684e+04 3.000000e+00
  88535.362210 6.502100e-16 8.899778e+04 3.000000e+00
  89153.080558 6.433000e-16 8.961872e+04 3.000000e+00
  89770.798907 6.313000e-16 9.023966e+04 3.000000e+00
  90388.507253 5.835800e-16 9.086060e+04 3.000000e+00
  91006.235604 4.089000e-16 9.148155e+04 3.000000e+00
  91623.943951 3.600900e-16 9.210249e+04 3.000000e+00
  92241.662300 3.551600e-16 9.272344e+04 3.000000e+00
  92859.380649 3.449200e-16 9.334438e+04 3.000000e+00
  93477.098999 3.171600e-16 9.396532e+04 3.000000e+00
  94094.807345 3.590000e-16 9.458626e+04 3.000000e+00
  94712.515692 4.138000e-16 9.520720e+04 3.000000e+00
  95330.244045 3.812700e-16 9.582815e+04 3.000000e+00
  95947.952392 3.812400e-16 9.644909e+04 3.000000e+00
  96565.670742 3.737500e-16 9.707002e+04 3.000000e+00
  97183.399095 3.901100e-16 9.769098e+04 3.000000e+00
  97801.117446 3.528500e-16 9.831192e+04 3.000000e+00
  98418.825794 3.104300e-16 9.893286e+04 3.000000e+00
  99036.544144 3.360900e-16 9.955380e+04 3.000000e+00
  99654.212481 2.816100e-16 1.001747e+05 3.000000e+00
 100271.980846 3.187000e-16 1.007957e+05 3.000000e+00
 100889.649183 3.082600e-16 1.014166e+05 3.000000e+00
 101507.437553 2.899700e-16 1.020376e+05 3.000000e+00
 102125.105891 2.732100e-16 1.026585e+05 3.000000e+00
 102742.874256 2.732400e-16 1.032795e+05 3.000000e+00
 103360.562599 2.794500e-16 1.039004e+05 3.000000e+00
 103978.230937 3.320300e-16 1.045213e+05 3.000000e+00
 104595.999302 3.656500e-16 1.051423e+05 3.000000e+00
 105213.667640 4.049900e-16 1.057632e+05 3.000000e+00
 105831.456011 4.081500e-16 1.063842e+05 3.000000e+00
 106449.124350 4.125100e-16 1.070051e+05 3.000000e+00
 107066.792688 3.693100e-16 1.076260e+05 3.000000e+00
 107684.571057 3.955000e-16 1.082470e+05 3.000000e+00
 108302.249398 4.068400e-16 1.088679e+05 3.000000e+00
 108920.017764 4.655200e-16 1.094889e+05 3.000000e+00
 109537.686103 5.305100e-16 1.101098e+05 3.000000e+00
 110155.464471 6.463900e-16 1.107308e+05 3.000000e+00
 110773.142813 7.078300e-16 1.113517e+05 3.000000e+00
 111390.811152 1.076000e-15 1.119726e+05 3.000000e+00
 112008.589521 1.673600e-15 1.125936e+05 3.000000e+00
 112626.257860 1.816200e-15 1.132145e+05 3.000000e+00
 113244.036230 1.494700e-15 1.138355e+05 3.000000e+00
 113861.704569 1.102000e-15 1.144564e+05 3.000000e+00
 114479.482939 8.584400e-16 1.150774e+05 3.000000e+00
 115097.151278 7.088800e-16 1.156983e+05 3.000000e+00
 115714.819618 5.963600e-16 1.163192e+05 3.000000e+00
 116332.607990 5.247800e-16 1.169402e+05 3.000000e+00
 116950.276330 5.306800e-16 1.175611e+05 3.000000e+00
 117568.044697 4.759600e-16 1.181821e+05 3.000000e+00
 118185.713037 4.810400e-16 1.188030e+05 3.000000e+00
 118803.501409 4.732000e-16 1.194240e+05 3.000000e+00
 119421.169750 5.134600e-16 1.200449e+05 3.000000e+00
 120038.838090 5.643900e-16 1.206658e+05 3.000000e+00
 120656.626463 5.243400e-16 1.212868e+05 3.000000e+00
 121274.294803 4.822900e-16 1.219077e+05 3.000000e+00
 121892.063170 4.924700e-16 1.225287e+05 3.000000e+00
 122509.731511 4.982100e-16 1.231496e+05 3.000000e+00
 123127.419857 5.412800e-16 1.237705e+05 3.000000e+00
 123745.188224 5.441000e-16 1.243915e+05 3.000000e+00
 124362.856565 5.701600e-16 1.250124e+05 3.000000e+00
 124980.634935 6.292900e-16 1.256334e+05 3.000000e+00
 125598.313279 6.558500e-16 1.262543e+05 3.000000e+00
 126216.081647 6.936200e-16 1.268753e+05 3.000000e+00
 126833.759990 7.362600e-16 1.274962e+05 3.000000e+00
 127451.428331 8.746200e-16 1.281171e+05 3.000000e+00
 128069.206702 1.114200e-15 1.287381e+05 3.000000e+00
 128686.875043 8.394100e-16 1.293590e+05 3.000000e+00
 129304.653414 4.757900e-16 1.299800e+05 3.000000e+00
 129922.321755 3.800100e-16 1.306009e+05 3.000000e+00
 130539.990096 3.697200e-16 1.312218e+05 3.000000e+00
 131157.768467 3.459900e-16 1.318428e+05 3.000000e+00
 131775.446811 3.205500e-16 1.324637e+05 3.000000e+00
 132393.225183 3.561900e-16 1.330847e+05 3.000000e+00
 133010.883521 3.196600e-16 1.337056e+05 3.000000e+00
 133628.661893 3.202300e-16 1.343266e+05 3.000000e+00
 134246.340237 3.583900e-16 1.349475e+05 3.000000e+00
 134864.018581 3.485700e-16 1.355684e+05 3.000000e+00
 135481.796953 3.686600e-16 1.361894e+05 3.000000e+00
 136099.455291 3.470800e-16 1.368103e+05 3.000000e+00
 136717.233663 3.232600e-16 1.374313e+05 3.000000e+00
 137334.912007 2.890400e-16 1.380522e+05 3.000000e+00
 137952.680376 2.864200e-16 1.386732e+05 3.000000e+00
 138570.348718 2.806700e-16 1.392941e+05 3.000000e+00
 139188.027063 2.866500e-16 1.399150e+05 3.000000e+00
 139805.805434 2.711200e-16 1.405360e+05 3.000000e+00
 140423.483779 3.086800e-16 1.411569e+05 3.000000e+00
 141041.242146 3.191100e-16 1.417779e+05 3.000000e+00
 141658.920490 3.107100e-16 1.423988e+05 3.000000e+00
 142276.698862 2.848100e-16 1.430198e+05 3.000000e+00
 142894.377207 2.704600e-16 1.436407e+05 3.000000e+00
 143512.035546 2.573300e-16 1.442616e+05 3.000000e+00
 144129.823921 2.661500e-16 1.448826e+05 3.000000e+00
 144661.348785 2.531200e-16 1.454169e+05 3.000000e+00
 145573.477381 2.579800e-16 1.463338e+05 3.000000e+00
 146485.706004 2.304500e-16 1.472508e+05 3.000000e+00
 147397.854606 2.145600e-16 1.481677e+05 3.000000e+00
 148309.983202 2.267900e-16 1.490846e+05 3.000000e+00
 149222.121801 2.249000e-16 1.500015e+05 3.000000e+00
 150134.360427 2.269400e-16 1.509185e+05 3.000000e+00
 151046.499026 2.080700e-16 1.518354e+05 3.000000e+00
 151958.627622 2.197600e-16 1.527523e+05 3.000000e+00
 152870.856246 2.239600e-16 1.536693e+05 3.000000e+00
 153783.004848 2.256100e-16 1.545862e+05 3.000000e+00
 154695.133444 3.535600e-16 1.555031e+05 3.000000e+00
 155607.272044 5.672200e-16 1.564200e+05 3.000000e+00
 156519.510670 4.127300e-16 1.573370e+05 3.000000e+00
 157431.649270 2.503100e-16 1.582539e+05 3.000000e+00
 158343.777866 2.525800e-16 1.591708e+05 3.000000e+00
 159256.016493 2.543900e-16 1.600878e+05 3.000000e+00
 160168.155093 2.453600e-16 1.610047e+05 3.000000e+00
 161080.283690 2.548800e-16 1.619216e+05 3.000000e+00
 161992.512314 2.921800e-16 1.628386e+05 3.000000e+00
 162904.660917 3.298200e-16 1.637555e+05 3.000000e+00
 163816.789514 4.340700e-16 1.646724e+05 3.000000e+00
 164728.928114 4.714900e-16 1.655893e+05 3.000000e+00
 165641.176744 4.037500e-16 1.665063e+05 3.000000e+00
 166553.285336 3.752300e-16 1.674232e+05 3.000000e+00
 167465.433939 3.583300e-16 1.683401e+05 3.000000e+00
 168377.572539 3.545500e-16 1.692570e+05 3.000000e+00
 169289.811166 3.767700e-16 1.701740e+05 3.000000e+00
 170201.949767 4.373200e-16 1.710909e+05 3.000000e+00
 171114.088367 4.259200e-16 1.720078e+05 3.000000e+00
 172026.326995 3.866500e-16 1.729248e+05 3.000000e+00
 172938.455592 3.967400e-16 1.738417e+05 3.000000e+00
 173850.594193 3.875000e-16 1.747586e+05 3.000000e+00
 174762.832821 3.458000e-16 1.756756e+05 3.000000e+00
 175674.961419 3.265200e-16 1.765925e+05 3.000000e+00
 176587.100019 3.185900e-16 1.775094e+05 3.000000e+00
 177499.228617 3.253600e-16 1.784263e+05 3.000000e+00
 178411.467245 3.287500e-16 1.793433e+05 3.000000e+00
 179323.605846 2.993300e-16 1.802602e+05 3.000000e+00
 180235.734444 2.780300e-16 1.811771e+05 3.000000e+00
 181147.963069 2.748600e-16 1.820941e+05 3.000000e+00
 182060.111673 2.984300e-16 1.830110e+05 3.000000e+00
 182972.240271 2.627100e-16 1.839279e+05 3.000000e+00
 183884.468897 2.792700e-16 1.848449e+05 3.000000e+00
 184796.617501 2.712300e-16 1.857618e+05 3.000000e+00
 185708.756102 3.041100e-16 1.866787e+05 3.000000e+00
 186620.884700 5.806900e-16 1.875956e+05 3.000000e+00
 187533.123328 6.604700e-16 1.885126e+05 3.000000e+00
 188445.261930 3.756600e-16 1.894295e+05 3.000000e+00
 189357.390528 3.053400e-16 1.903464e+05 3.000000e+00
 190269.639159 3.212300e-16 1.912634e+05 3.000000e+00
 191181.777761 3.017600e-16 1.921803e+05 3.000000e+00
 192093.896357 2.961400e-16 1.930972e+05 3.000000e+00
 193006.034958 2.803100e-16 1.940141e+05 3.000000e+00
 193918.283589 2.815600e-16 1.949311e+05 3.000000e+00
 194830.412188 2.882900e-16 1.958480e+05 3.000000e+00
 195742.550789 2.722900e-16 1.967649e+05 3.000000e+00
 196654.789418 2.933900e-16 1.976819e+05 3.000000e+00
 197566.918017 2.876200e-16 1.985988e+05 3.000000e+00
 198479.056619 2.769600e-16 1.995157e+05 3.000000e+00
 199391.195220 2.767600e-16 2.004326e+05 3.000000e+00
 200303.433849 2.741000e-16 2.013496e+05 3.000000e+00
 201215.562448 2.973900e-16 2.022665e+05 3.000000e+00
 202127.701050 2.693000e-16 2.031834e+05 3.000000e+00
 203039.939679 2.751100e-16 2.041004e+05 3.000000e+00
 204134.317950 2.482400e-16 2.052005e+05 3.000000e+00
 205890.456582 2.849600e-16 2.069658e+05 3.000000e+00
 207647.665507 2.781400e-16 2.087322e+05 3.000000e+00
 209405.784679 2.599900e-16 2.104995e+05 3.000000e+00
 211164.984146 2.674700e-16 2.122679e+05 3.000000e+00
 212925.203892 2.839400e-16 2.140373e+05 3.000000e+00
 214686.503931 2.687700e-16 2.158078e+05 3.000000e+00
 216448.684211 2.742200e-16 2.175792e+05 3.000000e+00
 218211.974794 2.863900e-16 2.193517e+05 3.000000e+00
 219976.275652 2.783500e-16 2.211252e+05 3.000000e+00
 221741.656804 2.749500e-16 2.228998e+05 3.000000e+00
 223508.038229 2.807600e-16 2.246754e+05 3.000000e+00
 225275.399922 2.952900e-16 2.264520e+05 3.000000e+00
 227043.851912 2.807700e-16 2.282297e+05 3.000000e+00
 228813.314177 2.817900e-16 2.300084e+05 3.000000e+00
 230583.766712 2.903200e-16 2.317881e+05 3.000000e+00
 232355.309544 2.934800e-16 2.335689e+05 3.000000e+00
 234127.862652 2.966400e-16 2.353507e+05 3.000000e+00
 235901.496054 2.862000e-16 2.371336e+05 3.000000e+00
 237676.219754 2.898200e-16 2.389176e+05 3.000000e+00
 239451.953729 2.936700e-16 2.407026e+05 3.000000e+00
 241228.667971 2.907900e-16 2.424886e+05 3.000000e+00
 243006.492516 2.901800e-16 2.442757e+05 3.000000e+00
 244785.297328 2.925300e-16 2.460638e+05 3.000000e+00
 246565.312470 2.933200e-16 2.478531e+05 3.000000e+00
 248346.217855 2.947600e-16 2.496433e+05 3.000000e+00
 250128.183528 3.005700e-16 2.514346e+05 3.000000e+00
 251911.279510 2.981500e-16 2.532270e+05 3.000000e+00
 253695.465789 2.997400e-16 2.550205e+05 3.000000e+00
 255480.642339 2.999300e-16 2.568150e+05 3.000000e+00
 257266.899182 3.104600e-16 2.586106e+05 3.000000e+00
 259054.266328 3.255400e-16 2.604073e+05 3.000000e+00
 260842.723772 3.248700e-16 2.622051e+05 3.000000e+00
 262632.191491 3.068800e-16 2.640039e+05 3.000000e+00
 264422.719499 3.031800e-16 2.658038e+05 3.000000e+00
 266214.387817 3.054900e-16 2.676048e+05 3.000000e+00
 268006.996392 2.981000e-16 2.694068e+05 3.000000e+00
 269800.845306 3.088500e-16 2.712100e+05 3.000000e+00
 271595.654481 3.139000e-16 2.730142e+05 3.000000e+00
 273391.593964 3.072200e-16 2.748195e+05 3.000000e+00
 275188.613741 3.012800e-16 2.766259e+05 3.000000e+00
 276986.723816 3.030300e-16 2.784334e+05 3.000000e+00
 278785.914185 3.109200e-16 2.802420e+05 3.000000e+00
 280586.204854 3.157900e-16 2.820517e+05 3.000000e+00
 282387.605826 3.302200e-16 2.838625e+05 3.000000e+00
 284190.097095 3.135400e-16 2.856744e+05 3.000000e+00
 285993.678661 3.102100e-16 2.874874e+05 3.000000e+00
 287798.340522 3.079100e-16 2.893015e+05 3.000000e+00
 289604.102683 3.059600e-16 2.911167e+05 3.000000e+00
 291410.975146 3.192000e-16 2.929330e+05 3.000000e+00
 293218.937907 3.217700e-16 2.947504e+05 3.000000e+00
 295027.990964 3.217800e-16 2.965689e+05 3.000000e+00
 296838.224344 3.231000e-16 2.983886e+05 3.000000e+00
 298649.578028 3.257600e-16 3.002094e+05 3.000000e+00
 300461.891975 3.274900e-16 3.020312e+05 3.000000e+00
 302275.416251 3.302200e-16 3.038542e+05 3.000000e+00
 304090.030825 3.231600e-16 3.056783e+05 3.000000e+00
 305905.865731 3.342400e-16 3.075036e+05 3.000000e+00
 307722.690908 3.356300e-16 3.093299e+05 3.000000e+00
 309540.686403 3.377900e-16 3.111574e+05 3.000000e+00
 311359.872223 3.380900e-16 3.129861e+05 3.000000e+00
 313180.088323 3.359700e-16 3.148158e+05 3.000000e+00
 315001.484745 3.398100e-16 3.166467e+05 3.000000e+00
 316824.021479 3.509500e-16 3.184788e+05 3.000000e+00
 318647.598495 3.466000e-16 3.203119e+05 3.000000e+00
 320472.375839 3.533100e-16 3.221462e+05 3.000000e+00
 322298.373516 3.572600e-16 3.239817e+05 3.000000e+00
 324125.391470 3.580900e-16 3.258183e+05 3.000000e+00
 325953.529730 3.595000e-16 3.276560e+05 3.000000e+00
 327782.908328 3.605500e-16 3.294949e+05 3.000000e+00
 329613.447242 3.706900e-16 3.313350e+05 3.000000e+00
 331445.066451 3.909700e-16 3.331762e+05 3.000000e+00
 333277.805965 4.913400e-16 3.350185e+05 3.000000e+00
 335111.725801 6.302800e-16 3.368620e+05 3.000000e+00
 336946.865970 4.909200e-16 3.387067e+05 3.000000e+00
 338783.146449 4.051600e-16 3.405526e+05 3.000000e+00
 340620.547234 3.724500e-16 3.423996e+05 3.000000e+00
 342459.068324 3.840900e-16 3.442477e+05 3.000000e+00
 344298.839755 3.929400e-16 3.460971e+05 3.000000e+00
 346139.751496 4.567400e-16 3.479476e+05 3.000000e+00
 347981.823554 6.780500e-16 3.497993e+05 3.000000e+00
