# An Atlas of Galaxy Spectral Energy Distributions from the Ultraviolet to the Mid-Infrared
# Brown et al. (2014)
# http://dx.doi.org/10.5072/03/529D3551F0117
# 
# Column 1 : Restframe Wavelength (Angstrom)
# Column 2 : Flux per unit wavelength (ergs/s/cm^2/Angstrom)
# Column 3 : Observed wavelength (Angstrom)
# Column 4 : Source (0 = model, 1 = Optical Spectrum, 2 = Akari, 3 = Spitzer IRS)
# 
# CONVERTED air -> vacuum (Morton 2000/SDSS) above 2000 A by sedfit; wavelengths below are unchanged (already vacuum by convention).
    100.100000 2.155500e-23 1.032800e+02 0.000000e+00
    101.960000 2.881000e-23 1.052000e+02 0.000000e+00
    104.090000 3.520000e-23 1.074000e+02 0.000000e+00
    106.030000 4.451900e-23 1.094000e+02 0.000000e+00
    108.000000 5.669500e-23 1.114300e+02 0.000000e+00
    110.010000 8.760800e-23 1.135000e+02 0.000000e+00
    113.870000 1.298800e-22 1.174900e+02 0.000000e+00
    117.880000 1.813600e-22 1.216200e+02 0.000000e+00
    120.900000 5.669500e-22 1.247400e+02 0.000000e+00
    124.860000 7.754300e-22 1.288200e+02 0.000000e+00
    126.890000 8.882700e-22 1.309200e+02 0.000000e+00
    128.060000 9.606100e-22 1.321300e+02 0.000000e+00
    131.050000 1.160200e-21 1.352100e+02 0.000000e+00
    131.960000 1.350700e-21 1.361400e+02 0.000000e+00
    134.100000 1.522500e-21 1.383600e+02 0.000000e+00
    136.910000 1.979500e-21 1.412500e+02 0.000000e+00
    140.100000 2.341800e-21 1.445400e+02 0.000000e+00
    143.030000 4.836700e-21 1.475700e+02 0.000000e+00
    147.040000 9.807200e-21 1.517100e+02 0.000000e+00
    151.160000 1.184500e-20 1.559600e+02 0.000000e+00
    155.030000 1.437300e-20 1.599600e+02 0.000000e+00
    159.010000 1.744000e-20 1.640600e+02 0.000000e+00
    161.970000 1.997800e-20 1.671100e+02 0.000000e+00
    166.120000 2.390800e-20 1.714000e+02 0.000000e+00
    169.990000 2.809000e-20 1.753900e+02 0.000000e+00
    173.150000 3.173500e-20 1.786500e+02 0.000000e+00
    177.180000 3.694400e-20 1.828100e+02 0.000000e+00
    180.060000 4.116700e-20 1.857800e+02 0.000000e+00
    182.150000 4.431400e-20 1.879300e+02 0.000000e+00
    185.960000 5.088000e-20 1.918700e+02 0.000000e+00
    191.170000 6.005400e-20 1.972400e+02 0.000000e+00
    193.830000 6.630500e-20 1.999900e+02 0.000000e+00
    197.890000 7.508400e-20 2.041700e+02 0.000000e+00
    202.030000 8.463400e-20 2.084500e+02 0.000000e+00
    204.850000 9.237300e-20 2.113500e+02 0.000000e+00
    210.100000 1.024600e-19 2.167700e+02 0.000000e+00
    215.990000 1.246100e-19 2.228400e+02 0.000000e+00
    220.000000 1.385300e-19 2.269900e+02 0.000000e+00
    223.060000 1.481000e-19 2.301400e+02 0.000000e+00
    227.210000 1.642700e-19 2.344200e+02 0.000000e+00
    229.840000 2.615400e-19 2.371400e+02 0.000000e+00
    234.110000 4.350600e-19 2.415500e+02 0.000000e+00
    240.120000 5.936700e-19 2.477400e+02 0.000000e+00
    246.280000 6.103000e-19 2.541000e+02 0.000000e+00
    252.010000 6.911100e-19 2.600200e+02 0.000000e+00
    257.290000 6.033200e-19 2.654600e+02 0.000000e+00
    260.270000 7.354400e-19 2.685300e+02 0.000000e+00
    263.890000 8.082500e-19 2.722700e+02 0.000000e+00
    268.800000 8.502500e-19 2.773300e+02 0.000000e+00
    273.800000 8.903200e-19 2.824900e+02 0.000000e+00
    278.890000 9.279900e-19 2.877400e+02 0.000000e+00
    284.070000 9.739700e-19 2.930900e+02 0.000000e+00
    290.020000 9.807200e-19 2.992300e+02 0.000000e+00
    296.090000 1.043600e-18 3.054900e+02 0.000000e+00
    300.900000 1.043600e-18 3.104600e+02 0.000000e+00
    307.910000 1.126000e-18 3.176900e+02 0.000000e+00
    318.000000 1.240400e-18 3.281000e+02 0.000000e+00
    327.660000 1.319900e-18 3.380600e+02 0.000000e+00
    337.620000 1.385300e-18 3.483400e+02 0.000000e+00
    347.880000 1.443900e-18 3.589200e+02 0.000000e+00
    356.800000 1.515500e-18 3.681300e+02 0.000000e+00
    365.950000 1.605300e-18 3.775700e+02 0.000000e+00
    375.340000 1.654000e-18 3.872600e+02 0.000000e+00
    384.970000 1.654000e-18 3.971900e+02 0.000000e+00
    394.840000 1.772300e-18 4.073800e+02 0.000000e+00
    404.970000 1.851600e-18 4.178300e+02 0.000000e+00
    414.410000 1.890400e-18 4.275600e+02 0.000000e+00
    422.110000 1.912300e-18 4.355100e+02 0.000000e+00
    429.960000 1.929900e-18 4.436100e+02 0.000000e+00
    440.990000 2.007000e-18 4.549900e+02 0.000000e+00
    451.260000 2.039600e-18 4.655900e+02 0.000000e+00
    459.650000 2.053700e-18 4.742400e+02 0.000000e+00
    470.360000 2.091900e-18 4.852900e+02 0.000000e+00
    480.200000 2.155500e-18 4.954500e+02 0.000000e+00
    490.260000 2.155500e-18 5.058200e+02 0.000000e+00
    500.530000 2.246700e-18 5.164200e+02 0.000000e+00
    506.320000 2.621500e-18 5.224000e+02 0.000000e+00
    512.180000 5.278900e-18 5.284500e+02 0.000000e+00
    520.510000 5.451900e-18 5.370300e+02 0.000000e+00
    530.180000 5.669500e-18 5.470200e+02 0.000000e+00
    540.040000 5.477000e-18 5.571900e+02 0.000000e+00
    550.080000 7.187000e-18 5.675400e+02 0.000000e+00
    560.310000 8.522100e-18 5.781000e+02 0.000000e+00
    569.410000 9.561900e-18 5.874900e+02 0.000000e+00
    580.000000 9.258600e-18 5.984100e+02 0.000000e+00
    589.420000 1.115700e-17 6.081300e+02 0.000000e+00
    600.380000 1.141700e-17 6.194400e+02 0.000000e+00
    610.140000 1.338300e-17 6.295100e+02 0.000000e+00
    620.050000 1.554300e-17 6.397300e+02 0.000000e+00
    630.120000 1.677000e-17 6.501300e+02 0.000000e+00
    640.360000 1.724000e-17 6.606900e+02 0.000000e+00
    649.270000 1.952300e-17 6.698800e+02 0.000000e+00
    658.300000 2.068000e-17 6.792000e+02 0.000000e+00
    664.390000 2.215900e-17 6.854900e+02 0.000000e+00
    675.190000 2.283200e-17 6.966300e+02 0.000000e+00
    684.580000 2.267500e-17 7.063200e+02 0.000000e+00
    695.710000 2.881000e-17 7.177900e+02 0.000000e+00
    705.380000 2.751300e-17 7.277800e+02 0.000000e+00
    715.200000 3.353900e-17 7.379000e+02 0.000000e+00
    726.820000 3.511900e-17 7.498900e+02 0.000000e+00
    735.230000 3.660500e-17 7.585800e+02 0.000000e+00
    745.460000 4.116700e-17 7.691300e+02 0.000000e+00
    755.830000 4.400900e-17 7.798300e+02 0.000000e+00
    764.590000 4.672500e-17 7.888600e+02 0.000000e+00
    775.220000 5.111500e-17 7.998300e+02 0.000000e+00
    784.200000 5.540500e-17 8.091000e+02 0.000000e+00
    795.110000 5.801600e-17 8.203500e+02 0.000000e+00
    804.310000 6.075000e-17 8.298500e+02 0.000000e+00
    815.500000 6.317500e-17 8.414000e+02 0.000000e+00
    824.950000 6.943000e-17 8.511400e+02 0.000000e+00
    834.500000 5.923000e-17 8.609900e+02 0.000000e+00
    844.160000 7.405300e-17 8.709600e+02 0.000000e+00
    855.910000 7.701000e-17 8.830800e+02 0.000000e+00
    865.820000 8.289800e-17 8.933100e+02 0.000000e+00
    875.840000 8.882700e-17 9.036500e+02 0.000000e+00
    885.980000 9.650400e-17 9.141100e+02 0.000000e+00
    894.180000 1.019900e-16 9.225700e+02 0.000000e+00
    904.540000 1.034100e-16 9.332500e+02 0.000000e+00
    915.010000 1.597900e-16 9.440600e+02 0.000000e+00
    925.610000 1.085300e-15 9.549900e+02 0.000000e+00
    934.170000 2.401800e-15 9.638300e+02 0.000000e+00
    944.990000 4.683200e-15 9.749900e+02 0.000000e+00
    955.930000 6.584800e-15 9.862800e+02 0.000000e+00
    964.770000 7.772200e-15 9.954100e+02 0.000000e+00
    975.950000 1.440600e-15 1.006930e+03 0.000000e+00
    984.980000 7.405300e-15 1.016250e+03 0.000000e+00
    994.090000 7.543000e-15 1.025650e+03 0.000000e+00
   1005.600000 1.026900e-14 1.037530e+03 0.000000e+00
   1014.910000 9.561900e-15 1.047130e+03 0.000000e+00
   1024.300000 3.931400e-15 1.056820e+03 0.000000e+00
   1036.160000 7.023400e-15 1.069050e+03 0.000000e+00
   1045.750000 1.289900e-14 1.078950e+03 0.000000e+00
   1055.420000 1.281000e-14 1.088930e+03 0.000000e+00
   1065.190000 1.055700e-14 1.099010e+03 0.000000e+00
   1075.040000 1.234700e-14 1.109180e+03 0.000000e+00
   1084.990000 1.015200e-14 1.119440e+03 0.000000e+00
   1095.030000 1.289900e-14 1.129800e+03 0.000000e+00
   1105.160000 1.246100e-14 1.140250e+03 0.000000e+00
   1115.390000 1.220500e-14 1.150800e+03 0.000000e+00
   1125.710000 1.113100e-14 1.161450e+03 0.000000e+00
   1136.120000 1.356900e-14 1.172200e+03 0.000000e+00
   1144.000000 1.243200e-14 1.180320e+03 0.000000e+00
   1154.590000 1.310800e-14 1.191240e+03 0.000000e+00
   1165.270000 1.356900e-14 1.202260e+03 0.000000e+00
   1176.050000 9.920800e-15 1.213390e+03 0.000000e+00
   1184.200000 1.310800e-14 1.221800e+03 0.000000e+00
   1195.160000 9.387400e-15 1.233110e+03 0.000000e+00
   1206.220000 7.007200e-15 1.244510e+03 0.000000e+00
   1214.580000 4.060200e-15 1.253140e+03 0.000000e+00
   1225.820000 8.720600e-15 1.264740e+03 0.000000e+00
   1234.310000 1.301800e-14 1.273500e+03 0.000000e+00
   1245.740000 1.443900e-14 1.285290e+03 0.000000e+00
   1254.370000 1.401300e-14 1.294200e+03 0.000000e+00
   1265.980000 1.223300e-14 1.306170e+03 0.000000e+00
   1274.750000 1.540100e-14 1.315220e+03 0.000000e+00
   1283.590000 1.605300e-14 1.324340e+03 0.000000e+00
   1295.470000 1.332100e-14 1.336600e+03 0.000000e+00
   1304.450000 1.313800e-14 1.345860e+03 0.000000e+00
   1313.490000 1.586900e-14 1.355190e+03 0.000000e+00
   1325.640000 1.529500e-14 1.367730e+03 0.000000e+00
   1334.830000 1.388500e-14 1.377210e+03 0.000000e+00
   1344.080000 1.601600e-14 1.386760e+03 0.000000e+00
   1356.520000 1.557900e-14 1.399590e+03 0.000000e+00
   1365.920000 1.420800e-14 1.409290e+03 0.000000e+00
   1375.390000 1.481000e-14 1.419060e+03 0.000000e+00
   1384.920000 1.501600e-14 1.428890e+03 0.000000e+00
   1394.520000 1.335200e-14 1.438800e+03 0.000000e+00
   1404.190000 1.385300e-14 1.448770e+03 0.000000e+00
   1413.920000 1.414300e-14 1.458810e+03 0.000000e+00
   1423.720000 1.437300e-14 1.468930e+03 0.000000e+00
   1433.590000 1.430700e-14 1.479110e+03 0.000000e+00
   1443.530000 1.501600e-14 1.489360e+03 0.000000e+00
   1446.860000 1.522500e-14 1.492790e+03 0.000000e+00
   1453.540000 1.487800e-14 1.499690e+03 0.000000e+00
   1463.610000 1.391700e-14 1.510080e+03 0.000000e+00
   1473.760000 1.385300e-14 1.520550e+03 0.000000e+00
   1483.970000 1.401300e-14 1.531090e+03 0.000000e+00
   1494.260000 1.424100e-14 1.541700e+03 0.000000e+00
   1504.620000 1.360000e-14 1.552390e+03 0.000000e+00
   1511.560000 1.234700e-14 1.559550e+03 0.000000e+00
   1518.540000 1.307800e-14 1.566750e+03 0.000000e+00
   1525.550000 1.275100e-14 1.573980e+03 0.000000e+00
   1536.120000 1.133800e-14 1.584890e+03 0.000000e+00
   1546.770000 1.234700e-14 1.595880e+03 0.000000e+00
   1553.910000 1.168300e-14 1.603250e+03 0.000000e+00
   1564.680000 1.184500e-14 1.614360e+03 0.000000e+00
   1575.530000 1.257600e-14 1.625550e+03 0.000000e+00
   1586.450000 1.304800e-14 1.636820e+03 0.000000e+00
   1593.770000 1.338300e-14 1.644370e+03 0.000000e+00
   1604.820000 1.301800e-14 1.655770e+03 0.000000e+00
   1615.940000 1.304800e-14 1.667250e+03 0.000000e+00
   1623.400000 1.243200e-14 1.674940e+03 0.000000e+00
   1634.650000 1.310800e-14 1.686550e+03 0.000000e+00
   1645.990000 1.326000e-14 1.698240e+03 0.000000e+00
   1653.580000 1.231800e-14 1.706080e+03 0.000000e+00
   1665.040000 1.341400e-14 1.717910e+03 0.000000e+00
   1672.730000 1.212100e-14 1.725840e+03 0.000000e+00
   1676.590000 1.344500e-14 1.729820e+03 0.000000e+00
   1684.330000 1.388500e-14 1.737800e+03 0.000000e+00
   1696.000000 1.313800e-14 1.749850e+03 0.000000e+00
   1703.830000 1.269200e-14 1.757920e+03 0.000000e+00
   1715.640000 1.217700e-14 1.770110e+03 0.000000e+00
   1723.560000 1.209300e-14 1.778280e+03 0.000000e+00
   1735.510000 1.278000e-14 1.790610e+03 0.000000e+00
   1743.520000 1.248900e-14 1.798870e+03 0.000000e+00
   1755.600000 1.323000e-14 1.811340e+03 0.000000e+00
   1763.700000 1.217700e-14 1.819700e+03 0.000000e+00
   1775.930000 1.254700e-14 1.832310e+03 0.000000e+00
   1784.130000 1.269200e-14 1.840770e+03 0.000000e+00
   1796.490000 1.338300e-14 1.853530e+03 0.000000e+00
   1804.790000 1.329100e-14 1.862090e+03 0.000000e+00
   1813.120000 1.246100e-14 1.870680e+03 0.000000e+00
   1825.690000 1.263400e-14 1.883650e+03 0.000000e+00
   1834.110000 1.220500e-14 1.892340e+03 0.000000e+00
   1846.830000 1.131200e-14 1.905460e+03 0.000000e+00
   1855.350000 1.139100e-14 1.914260e+03 0.000000e+00
   1863.910000 1.168300e-14 1.923090e+03 0.000000e+00
   1876.830000 1.243200e-14 1.936420e+03 0.000000e+00
   1885.500000 1.160200e-14 1.945360e+03 0.000000e+00
   1894.200000 1.115700e-14 1.954340e+03 0.000000e+00
   1902.940000 1.171000e-14 1.963360e+03 0.000000e+00
   1916.130000 1.136400e-14 1.976970e+03 0.000000e+00
   1924.980000 1.118300e-14 1.986100e+03 0.000000e+00
   1933.860000 1.141700e-14 1.995260e+03 0.000000e+00
   1942.790000 1.192700e-14 2.004470e+03 0.000000e+00
   1956.260000 1.123400e-14 2.018370e+03 0.000000e+00
   1965.290000 1.209300e-14 2.027680e+03 0.000000e+00
   1974.360000 1.237500e-14 2.037040e+03 0.000000e+00
   1983.470000 1.176400e-14 2.046450e+03 0.000000e+00
   1997.220000 1.144300e-14 2.060630e+03 0.000000e+00
   2007.089210 1.168300e-14 2.070140e+03 0.000000e+00
   2016.350847 1.139100e-14 2.079700e+03 0.000000e+00
   2025.652512 1.179100e-14 2.089300e+03 0.000000e+00
   2035.004207 1.131200e-14 2.098940e+03 0.000000e+00
   2044.395930 1.162900e-14 2.108630e+03 0.000000e+00
   2053.827679 1.115700e-14 2.118360e+03 0.000000e+00
   2063.309457 1.123400e-14 2.128140e+03 0.000000e+00
   2072.831259 1.190000e-14 2.137960e+03 0.000000e+00
   2077.612171 1.141700e-14 2.142890e+03 0.000000e+00
   2087.204013 1.171000e-14 2.152780e+03 0.000000e+00
   2096.835880 1.118300e-14 2.162720e+03 0.000000e+00
   2106.507770 1.126000e-14 2.172700e+03 0.000000e+00
   2116.229686 1.133800e-14 2.182730e+03 0.000000e+00
   2126.001626 1.149600e-14 2.192810e+03 0.000000e+00
   2135.813589 1.080300e-14 2.202930e+03 0.000000e+00
   2145.665575 1.100400e-14 2.213090e+03 0.000000e+00
   2155.567584 1.131200e-14 2.223310e+03 0.000000e+00
   2165.519617 1.100400e-14 2.233570e+03 0.000000e+00
   2175.511671 1.090300e-14 2.243880e+03 0.000000e+00
   2185.553748 1.077800e-14 2.254240e+03 0.000000e+00
   2195.645848 1.120800e-14 2.264640e+03 0.000000e+00
   2205.777968 1.090300e-14 2.275100e+03 0.000000e+00
   2215.960111 1.048400e-14 2.285600e+03 0.000000e+00
   2226.182273 1.019900e-14 2.296150e+03 0.000000e+00
   2236.454458 1.078000e-14 2.306750e+03 0.000000e+00
   2246.776664 1.034500e-14 2.317390e+03 0.000000e+00
   2257.148891 1.004300e-14 2.328090e+03 0.000000e+00
   2267.571140 1.018500e-14 2.338840e+03 0.000000e+00
   2278.033407 1.042600e-14 2.349630e+03 0.000000e+00
   2283.284549 1.062100e-14 2.355050e+03 0.000000e+00
   2293.826849 1.009900e-14 2.365920e+03 0.000000e+00
   2304.409167 1.012500e-14 2.376840e+03 0.000000e+00
   2315.041505 9.784100e-15 2.387810e+03 0.000000e+00
   2325.733866 8.121700e-15 2.398830e+03 0.000000e+00
   2336.466246 9.284700e-15 2.409910e+03 0.000000e+00
   2347.248645 8.992700e-15 2.421030e+03 0.000000e+00
   2358.081064 9.572300e-15 2.432200e+03 0.000000e+00
   2363.512280 8.955200e-15 2.437810e+03 0.000000e+00
   2374.424729 9.187600e-15 2.449060e+03 0.000000e+00
   2385.387199 8.616400e-15 2.460370e+03 0.000000e+00
   2396.389685 9.066800e-15 2.471720e+03 0.000000e+00
   2407.452193 8.761500e-15 2.483130e+03 0.000000e+00
   2413.003455 8.905200e-15 2.488860e+03 0.000000e+00
   2424.135991 9.284800e-15 2.500350e+03 0.000000e+00
   2435.328548 8.951600e-15 2.511890e+03 0.000000e+00
   2446.571124 9.354600e-15 2.523480e+03 0.000000e+00
   2457.863719 9.207800e-15 2.535130e+03 0.000000e+00
   2463.525023 9.166900e-15 2.540970e+03 0.000000e+00
   2474.897648 8.878700e-15 2.552700e+03 0.000000e+00
   2486.320291 9.109200e-15 2.564480e+03 0.000000e+00
   2497.792952 8.622100e-15 2.576320e+03 0.000000e+00
   2503.554292 9.390300e-15 2.582260e+03 0.000000e+00
   2515.106982 8.645900e-15 2.594180e+03 0.000000e+00
   2520.908336 8.828300e-15 2.600160e+03 0.000000e+00
   2526.719694 8.490700e-15 2.606150e+03 0.000000e+00
   2538.382423 8.532500e-15 2.618180e+03 0.000000e+00
   2544.233795 8.416700e-15 2.624220e+03 0.000000e+00
   2555.976553 8.856800e-15 2.636330e+03 0.000000e+00
   2567.769329 8.717800e-15 2.648500e+03 0.000000e+00
   2573.690726 9.088200e-15 2.654610e+03 0.000000e+00
   2585.563530 9.028400e-15 2.666860e+03 0.000000e+00
   2597.496355 8.927900e-15 2.679170e+03 0.000000e+00
   2603.487776 8.665900e-15 2.685340e+03 0.000000e+00
   2615.500628 8.569400e-15 2.697740e+03 0.000000e+00
   2627.573501 8.853000e-15 2.710190e+03 0.000000e+00
   2633.634946 8.977600e-15 2.716440e+03 0.000000e+00
   2645.787847 9.556500e-15 2.728980e+03 0.000000e+00
   2658.000768 9.625800e-15 2.741570e+03 0.000000e+00
   2664.132236 9.026200e-15 2.747890e+03 0.000000e+00
   2676.425185 9.303500e-15 2.760580e+03 0.000000e+00
   2688.778153 9.285100e-15 2.773320e+03 0.000000e+00
   2694.979645 8.930100e-15 2.779710e+03 0.000000e+00
   2707.412641 9.099000e-15 2.792540e+03 0.000000e+00
   2713.654147 8.751200e-15 2.798980e+03 0.000000e+00
   2726.177172 8.733900e-15 2.811900e+03 0.000000e+00
   2738.760217 9.064700e-15 2.824880e+03 0.000000e+00
   2745.071746 8.173800e-15 2.831390e+03 0.000000e+00
   2757.744821 8.290200e-15 2.844460e+03 0.000000e+00
   2764.106366 8.504300e-15 2.851020e+03 0.000000e+00
   2776.859468 8.806100e-15 2.864180e+03 0.000000e+00
   2783.261027 8.489000e-15 2.870780e+03 0.000000e+00
   2796.104158 7.145000e-15 2.884030e+03 0.000000e+00
   2809.017311 7.570900e-15 2.897340e+03 0.000000e+00
   2815.488892 8.734100e-15 2.904020e+03 0.000000e+00
   2828.482072 8.940600e-15 2.917430e+03 0.000000e+00
   2835.003670 8.658500e-15 2.924150e+03 0.000000e+00
   2848.086879 8.483800e-15 2.937650e+03 0.000000e+00
   2854.658492 8.311200e-15 2.944420e+03 0.000000e+00
   2867.831730 8.786400e-15 2.958010e+03 0.000000e+00
   2874.443357 8.747600e-15 2.964830e+03 0.000000e+00
   2887.706623 8.750600e-15 2.978520e+03 0.000000e+00
   2894.368266 8.691800e-15 2.985380e+03 0.000000e+00
   2907.721561 9.167800e-15 2.999160e+03 0.000000e+00
   2927.876544 8.902100e-15 3.019950e+03 0.000000e+00
   2948.171571 8.764300e-15 3.040890e+03 0.000000e+00
   2968.606642 8.829800e-15 3.061960e+03 0.000000e+00
   2989.181757 8.814200e-15 3.083190e+03 0.000000e+00
   3009.906919 8.859600e-15 3.104560e+03 0.000000e+00
   3030.762123 8.844000e-15 3.126080e+03 0.000000e+00
   3051.777375 8.808200e-15 3.147750e+03 0.000000e+00
   3072.922669 8.792700e-15 3.169570e+03 0.000000e+00
   3094.228011 8.797600e-15 3.191540e+03 0.000000e+00
   3108.511597 8.760400e-15 3.206270e+03 0.000000e+00
   3130.057014 8.645000e-15 3.228490e+03 0.000000e+00
   3151.752477 8.649800e-15 3.250870e+03 0.000000e+00
   3173.597986 8.634800e-15 3.273410e+03 0.000000e+00
   3188.241683 8.325600e-15 3.288520e+03 0.000000e+00
   3210.347271 8.485200e-15 3.311310e+03 0.000000e+00
   3232.592901 8.239700e-15 3.334260e+03 0.000000e+00
   3247.516683 8.513000e-15 3.349660e+03 0.000000e+00
   3270.022393 8.656300e-15 3.372870e+03 0.000000e+00
   3292.688151 8.601700e-15 3.396250e+03 0.000000e+00
   3307.892017 8.565500e-15 3.411930e+03 0.000000e+00
   3323.155902 8.509900e-15 3.427680e+03 0.000000e+00
   3330.817854 8.649900e-15 3.435580e+03 0.000000e+00
   3338.499811 8.572300e-15 3.443500e+03 0.000000e+00
   3346.191771 8.456400e-15 3.451440e+03 0.000000e+00
   3353.903738 8.342000e-15 3.459390e+03 0.000000e+00
   3361.635710 8.401500e-15 3.467370e+03 0.000000e+00
   3369.387688 8.403100e-15 3.475360e+03 0.000000e+00
   3377.149670 7.880000e-15 3.483370e+03 0.000000e+00
   3384.941660 8.083800e-15 3.491400e+03 0.000000e+00
   3392.743654 8.505500e-15 3.499450e+03 0.000000e+00
   3400.565653 8.705400e-15 3.507520e+03 0.000000e+00
   3408.397655 8.163500e-15 3.515600e+03 0.000000e+00
   3416.259666 8.374600e-15 3.523710e+03 0.000000e+00
   3424.131681 8.690600e-15 3.531830e+03 0.000000e+00
   3432.023701 8.692400e-15 3.539970e+03 0.000000e+00
   3439.935727 8.574900e-15 3.548130e+03 0.000000e+00
   3447.867759 8.004200e-15 3.556310e+03 0.000000e+00
   3455.809794 8.421800e-15 3.564510e+03 0.000000e+00
   3463.781838 7.934000e-15 3.572730e+03 0.000000e+00
   3471.763885 8.195600e-15 3.580960e+03 0.000000e+00
   3479.765938 7.828400e-15 3.589220e+03 0.000000e+00
   3487.787997 8.142500e-15 3.597490e+03 0.000000e+00
   3495.830062 8.069500e-15 3.605790e+03 0.000000e+00
   3503.892132 8.316500e-15 3.614100e+03 0.000000e+00
   3511.964206 8.110100e-15 3.622430e+03 0.000000e+00
   3520.056286 8.186900e-15 3.630780e+03 0.000000e+00
   3528.178374 7.965400e-15 3.639150e+03 0.000000e+00
   3536.310465 8.247100e-15 3.647540e+03 0.000000e+00
   3544.462563 8.538700e-15 3.655950e+03 0.000000e+00
   3552.624663 8.481600e-15 3.664370e+03 0.000000e+00
   3560.816772 8.386300e-15 3.672820e+03 0.000000e+00
   3569.028887 8.311200e-15 3.681290e+03 0.000000e+00
   3576.990938 6.241400e-15 3.689500e+03 1.000000e+00
   3579.651624 7.523200e-15 3.692250e+03 1.000000e+00
   3582.322312 9.306900e-15 3.695000e+03 1.000000e+00
   3584.982998 8.537900e-15 3.697750e+03 1.000000e+00
   3587.653686 7.603800e-15 3.700500e+03 1.000000e+00
   3590.314372 7.730800e-15 3.703250e+03 1.000000e+00
   3592.985060 8.075200e-15 3.706000e+03 1.000000e+00
   3595.645746 8.041300e-15 3.708750e+03 1.000000e+00
   3598.316435 7.953400e-15 3.711500e+03 1.000000e+00
   3600.987124 7.568900e-15 3.714250e+03 1.000000e+00
   3603.647810 7.386900e-15 3.717000e+03 1.000000e+00
   3606.318499 7.662600e-15 3.719750e+03 1.000000e+00
   3608.979185 8.220700e-15 3.722500e+03 1.000000e+00
   3611.649874 9.149600e-15 3.725250e+03 1.000000e+00
   3614.310561 8.295600e-15 3.728000e+03 1.000000e+00
   3616.981250 7.892200e-15 3.730750e+03 1.000000e+00
   3619.641936 8.343600e-15 3.733500e+03 1.000000e+00
   3622.312626 8.287500e-15 3.736250e+03 1.000000e+00
   3624.973312 9.076000e-15 3.739000e+03 1.000000e+00
   3627.644002 8.332000e-15 3.741750e+03 1.000000e+00
   3630.304689 7.270000e-15 3.744500e+03 1.000000e+00
   3632.975378 7.154400e-15 3.747250e+03 1.000000e+00
   3635.636065 7.919400e-15 3.750000e+03 1.000000e+00
   3638.306755 8.576900e-15 3.752750e+03 1.000000e+00
   3640.977445 8.854500e-15 3.755500e+03 1.000000e+00
   3643.638132 7.895500e-15 3.758250e+03 1.000000e+00
   3646.308822 8.847500e-15 3.761000e+03 1.000000e+00
   3648.969509 8.805200e-15 3.763750e+03 1.000000e+00
   3651.640200 8.092800e-15 3.766500e+03 1.000000e+00
   3654.300887 8.496100e-15 3.769250e+03 1.000000e+00
   3656.971577 8.184000e-15 3.772000e+03 1.000000e+00
   3659.632265 9.068100e-15 3.774750e+03 1.000000e+00
   3662.302955 8.592500e-15 3.777500e+03 1.000000e+00
   3664.963643 9.147200e-15 3.780250e+03 1.000000e+00
   3667.634333 8.361600e-15 3.783000e+03 1.000000e+00
   3670.295021 8.560700e-15 3.785750e+03 1.000000e+00
   3672.965712 7.942700e-15 3.788500e+03 1.000000e+00
   3675.636403 7.799500e-15 3.791250e+03 1.000000e+00
   3678.297091 7.983600e-15 3.794000e+03 1.000000e+00
   3680.967782 7.867200e-15 3.796750e+03 1.000000e+00
   3683.628470 7.857500e-15 3.799500e+03 1.000000e+00
   3686.299161 7.565500e-15 3.802250e+03 1.000000e+00
   3688.959849 7.627700e-15 3.805000e+03 1.000000e+00
   3691.630540 8.087900e-15 3.807750e+03 1.000000e+00
   3694.291229 8.291700e-15 3.810500e+03 1.000000e+00
   3696.961920 7.840200e-15 3.813250e+03 1.000000e+00
   3699.622608 8.135500e-15 3.816000e+03 1.000000e+00
   3702.293300 8.334900e-15 3.818750e+03 1.000000e+00
   3704.953989 8.507100e-15 3.821500e+03 1.000000e+00
   3707.624680 8.407700e-15 3.824250e+03 1.000000e+00
   3710.295371 8.750600e-15 3.827000e+03 1.000000e+00
   3712.956060 8.735200e-15 3.829750e+03 1.000000e+00
   3715.626752 9.033000e-15 3.832500e+03 1.000000e+00
   3718.287441 9.722900e-15 3.835250e+03 1.000000e+00
   3720.958133 1.166200e-14 3.838000e+03 1.000000e+00
   3723.618822 1.839000e-14 3.840750e+03 1.000000e+00
   3726.289514 2.695300e-14 3.843500e+03 1.000000e+00
   3728.950203 3.011900e-14 3.846250e+03 1.000000e+00
   3731.620895 2.610300e-14 3.849000e+03 1.000000e+00
   3734.281585 1.820800e-14 3.851750e+03 1.000000e+00
   3736.952277 1.094400e-14 3.854500e+03 1.000000e+00
   3739.612966 9.397400e-15 3.857250e+03 1.000000e+00
   3742.283659 9.180400e-15 3.860000e+03 1.000000e+00
   3744.954351 9.293900e-15 3.862750e+03 1.000000e+00
   3747.615041 9.333800e-15 3.865500e+03 1.000000e+00
   3750.285733 8.778200e-15 3.868250e+03 1.000000e+00
   3752.946423 8.769900e-15 3.871000e+03 1.000000e+00
   3755.617116 1.016300e-14 3.873750e+03 1.000000e+00
   3758.277806 1.022200e-14 3.876500e+03 1.000000e+00
   3760.948498 1.052200e-14 3.879250e+03 1.000000e+00
   3763.609189 1.057000e-14 3.882000e+03 1.000000e+00
   3766.279881 1.007500e-14 3.884750e+03 1.000000e+00
   3768.940572 1.020700e-14 3.887500e+03 1.000000e+00
   3771.611264 9.068400e-15 3.890250e+03 1.000000e+00
   3774.271955 9.096300e-15 3.893000e+03 1.000000e+00
   3776.942648 1.006200e-14 3.895750e+03 1.000000e+00
   3779.613341 1.094100e-14 3.898500e+03 1.000000e+00
   3782.274032 1.203100e-14 3.901250e+03 1.000000e+00
   3784.944725 1.274400e-14 3.904000e+03 1.000000e+00
   3787.605415 1.148000e-14 3.906750e+03 1.000000e+00
   3790.276109 1.226900e-14 3.909500e+03 1.000000e+00
   3792.936800 1.101000e-14 3.912250e+03 1.000000e+00
   3795.607493 1.035700e-14 3.915000e+03 1.000000e+00
   3798.268184 8.903900e-15 3.917750e+03 1.000000e+00
   3800.938877 9.357000e-15 3.920500e+03 1.000000e+00
   3803.599568 9.349100e-15 3.923250e+03 1.000000e+00
   3806.270262 1.157000e-14 3.926000e+03 1.000000e+00
   3808.930953 1.236500e-14 3.928750e+03 1.000000e+00
   3811.601647 1.202900e-14 3.931500e+03 1.000000e+00
   3814.272341 1.209000e-14 3.934250e+03 1.000000e+00
   3816.933032 1.323300e-14 3.937000e+03 1.000000e+00
   3819.603726 1.234100e-14 3.939750e+03 1.000000e+00
   3822.264418 1.323100e-14 3.942500e+03 1.000000e+00
   3824.935112 1.105500e-14 3.945250e+03 1.000000e+00
   3827.595803 1.127100e-14 3.948000e+03 1.000000e+00
   3830.266497 9.855900e-15 3.950750e+03 1.000000e+00
   3832.927189 9.262000e-15 3.953500e+03 1.000000e+00
   3835.597883 8.732300e-15 3.956250e+03 1.000000e+00
   3838.258575 9.331000e-15 3.959000e+03 1.000000e+00
   3840.929270 9.259500e-15 3.961750e+03 1.000000e+00
   3843.589961 9.622200e-15 3.964500e+03 1.000000e+00
   3846.260656 1.023800e-14 3.967250e+03 1.000000e+00
   3848.931350 1.216500e-14 3.970000e+03 1.000000e+00
   3851.592043 1.279600e-14 3.972750e+03 1.000000e+00
   3854.262737 1.319600e-14 3.975500e+03 1.000000e+00
   3856.923429 1.326100e-14 3.978250e+03 1.000000e+00
   3859.594124 1.400000e-14 3.981000e+03 1.000000e+00
   3862.254816 1.422200e-14 3.983750e+03 1.000000e+00
   3864.925511 1.392900e-14 3.986500e+03 1.000000e+00
   3867.586204 1.385700e-14 3.989250e+03 1.000000e+00
   3870.256899 1.412700e-14 3.992000e+03 1.000000e+00
   3872.917591 1.392100e-14 3.994750e+03 1.000000e+00
   3875.588286 1.305800e-14 3.997500e+03 1.000000e+00
   3878.248979 1.226400e-14 4.000250e+03 1.000000e+00
   3880.919674 1.217200e-14 4.003000e+03 1.000000e+00
   3883.580367 1.070400e-14 4.005750e+03 1.000000e+00
   3886.251062 1.053800e-14 4.008500e+03 1.000000e+00
   3888.921758 9.527100e-15 4.011250e+03 1.000000e+00
   3891.582450 9.914500e-15 4.014000e+03 1.000000e+00
   3894.253146 1.004000e-14 4.016750e+03 1.000000e+00
   3896.913839 1.041300e-14 4.019500e+03 1.000000e+00
   3899.584534 1.224800e-14 4.022250e+03 1.000000e+00
   3902.245228 1.284100e-14 4.025000e+03 1.000000e+00
   3904.915923 1.290600e-14 4.027750e+03 1.000000e+00
   3907.576616 1.288800e-14 4.030500e+03 1.000000e+00
   3910.247312 1.314800e-14 4.033250e+03 1.000000e+00
   3912.908005 1.303300e-14 4.036000e+03 1.000000e+00
   3915.578701 1.396000e-14 4.038750e+03 1.000000e+00
   3918.239395 1.422600e-14 4.041500e+03 1.000000e+00
   3920.910091 1.333900e-14 4.044250e+03 1.000000e+00
   3923.580787 1.435500e-14 4.047000e+03 1.000000e+00
   3926.241480 1.306100e-14 4.049750e+03 1.000000e+00
   3928.912177 1.228200e-14 4.052500e+03 1.000000e+00
   3931.572870 1.250600e-14 4.055250e+03 1.000000e+00
   3934.243566 1.066300e-14 4.058000e+03 1.000000e+00
   3936.904260 1.129700e-14 4.060750e+03 1.000000e+00
   3939.574957 1.332500e-14 4.063500e+03 1.000000e+00
   3942.235650 1.264400e-14 4.066250e+03 1.000000e+00
   3944.906347 1.354300e-14 4.069000e+03 1.000000e+00
   3947.567041 1.389000e-14 4.071750e+03 1.000000e+00
   3950.237737 1.307500e-14 4.074500e+03 1.000000e+00
   3952.898431 1.344200e-14 4.077250e+03 1.000000e+00
   3955.569128 1.299300e-14 4.080000e+03 1.000000e+00
   3958.239825 1.312600e-14 4.082750e+03 1.000000e+00
   3960.900519 1.266200e-14 4.085500e+03 1.000000e+00
   3963.571216 1.026200e-14 4.088250e+03 1.000000e+00
   3966.231910 9.233300e-15 4.091000e+03 1.000000e+00
   3968.902607 8.834400e-15 4.093750e+03 1.000000e+00
   3971.563301 9.145900e-15 4.096500e+03 1.000000e+00
   3974.233998 1.019200e-14 4.099250e+03 1.000000e+00
   3976.894693 1.045500e-14 4.102000e+03 1.000000e+00
   3979.565390 1.095000e-14 4.104750e+03 1.000000e+00
   3982.226085 1.184400e-14 4.107500e+03 1.000000e+00
   3984.896782 1.297000e-14 4.110250e+03 1.000000e+00
   3987.557477 1.290500e-14 4.113000e+03 1.000000e+00
   3990.228174 1.425500e-14 4.115750e+03 1.000000e+00
   3992.898871 1.406200e-14 4.118500e+03 1.000000e+00
   3995.559566 1.511900e-14 4.121250e+03 1.000000e+00
   3998.230264 1.405600e-14 4.124000e+03 1.000000e+00
   4000.890958 1.370100e-14 4.126750e+03 1.000000e+00
   4003.561656 1.445800e-14 4.129500e+03 1.000000e+00
   4006.222351 1.388400e-14 4.132250e+03 1.000000e+00
   4008.893049 1.356500e-14 4.135000e+03 1.000000e+00
   4011.553744 1.430700e-14 4.137750e+03 1.000000e+00
   4014.224442 1.360100e-14 4.140500e+03 1.000000e+00
   4016.885137 1.392600e-14 4.143250e+03 1.000000e+00
   4019.555835 1.432400e-14 4.146000e+03 1.000000e+00
   4022.216530 1.401500e-14 4.148750e+03 1.000000e+00
   4024.887228 1.431900e-14 4.151500e+03 1.000000e+00
   4027.557926 1.463200e-14 4.154250e+03 1.000000e+00
   4030.218621 1.417500e-14 4.157000e+03 1.000000e+00
   4032.889319 1.432000e-14 4.159750e+03 1.000000e+00
   4035.550015 1.419100e-14 4.162500e+03 1.000000e+00
   4038.220713 1.548600e-14 4.165250e+03 1.000000e+00
   4040.881409 1.482400e-14 4.168000e+03 1.000000e+00
   4043.552107 1.439900e-14 4.170750e+03 1.000000e+00
   4046.212803 1.455200e-14 4.173500e+03 1.000000e+00
   4048.883501 1.450200e-14 4.176250e+03 1.000000e+00
   4051.544197 1.400100e-14 4.179000e+03 1.000000e+00
   4054.214895 1.483800e-14 4.181750e+03 1.000000e+00
   4056.875591 1.450900e-14 4.184500e+03 1.000000e+00
   4059.546290 1.457000e-14 4.187250e+03 1.000000e+00
   4062.216988 1.387400e-14 4.190000e+03 1.000000e+00
   4064.877684 1.407000e-14 4.192750e+03 1.000000e+00
   4067.548383 1.363500e-14 4.195500e+03 1.000000e+00
   4070.209079 1.399200e-14 4.198250e+03 1.000000e+00
   4072.879778 1.381200e-14 4.201000e+03 1.000000e+00
   4075.540474 1.302500e-14 4.203750e+03 1.000000e+00
   4078.211173 1.322500e-14 4.206500e+03 1.000000e+00
   4080.871869 1.350100e-14 4.209250e+03 1.000000e+00
   4083.542568 1.271300e-14 4.212000e+03 1.000000e+00
   4086.203264 1.295200e-14 4.214750e+03 1.000000e+00
   4088.873963 1.296800e-14 4.217500e+03 1.000000e+00
   4091.534660 1.160100e-14 4.220250e+03 1.000000e+00
   4094.205359 1.139900e-14 4.223000e+03 1.000000e+00
   4096.876058 1.134100e-14 4.225750e+03 1.000000e+00
   4099.536755 1.054600e-14 4.228500e+03 1.000000e+00
   4102.207454 1.110400e-14 4.231250e+03 1.000000e+00
   4104.868151 1.124800e-14 4.234000e+03 1.000000e+00
   4107.538850 1.033900e-14 4.236750e+03 1.000000e+00
   4110.199547 1.054400e-14 4.239500e+03 1.000000e+00
   4112.870246 1.130700e-14 4.242250e+03 1.000000e+00
   4115.530943 1.177900e-14 4.245000e+03 1.000000e+00
   4118.201643 1.220000e-14 4.247750e+03 1.000000e+00
   4120.862340 1.290900e-14 4.250500e+03 1.000000e+00
   4123.533039 1.294500e-14 4.253250e+03 1.000000e+00
   4126.193736 1.268600e-14 4.256000e+03 1.000000e+00
   4128.864436 1.313200e-14 4.258750e+03 1.000000e+00
   4131.535136 1.308100e-14 4.261500e+03 1.000000e+00
   4134.195833 1.314600e-14 4.264250e+03 1.000000e+00
   4136.866533 1.325600e-14 4.267000e+03 1.000000e+00
   4139.527230 1.347900e-14 4.269750e+03 1.000000e+00
   4142.197930 1.338500e-14 4.272500e+03 1.000000e+00
   4144.858627 1.313000e-14 4.275250e+03 1.000000e+00
   4147.529327 1.382600e-14 4.278000e+03 1.000000e+00
   4150.190025 1.402200e-14 4.280750e+03 1.000000e+00
   4152.860725 1.364800e-14 4.283500e+03 1.000000e+00
   4155.521422 1.323000e-14 4.286250e+03 1.000000e+00
   4158.192122 1.353800e-14 4.289000e+03 1.000000e+00
   4160.852820 1.360300e-14 4.291750e+03 1.000000e+00
   4163.523520 1.389100e-14 4.294500e+03 1.000000e+00
   4166.184218 1.363900e-14 4.297250e+03 1.000000e+00
   4168.854918 1.321800e-14 4.300000e+03 1.000000e+00
   4171.525618 1.321300e-14 4.302750e+03 1.000000e+00
   4174.186316 1.349600e-14 4.305500e+03 1.000000e+00
   4176.857017 1.378600e-14 4.308250e+03 1.000000e+00
   4179.517714 1.366500e-14 4.311000e+03 1.000000e+00
   4182.188415 1.326900e-14 4.313750e+03 1.000000e+00
   4184.849113 1.311300e-14 4.316500e+03 1.000000e+00
   4187.519814 1.352900e-14 4.319250e+03 1.000000e+00
   4190.180512 1.368400e-14 4.322000e+03 1.000000e+00
   4192.851212 1.351600e-14 4.324750e+03 1.000000e+00
   4195.511910 1.370600e-14 4.327500e+03 1.000000e+00
   4198.182611 1.371700e-14 4.330250e+03 1.000000e+00
   4200.843309 1.351300e-14 4.333000e+03 1.000000e+00
   4203.514010 1.319000e-14 4.335750e+03 1.000000e+00
   4206.184711 1.310900e-14 4.338500e+03 1.000000e+00
   4208.845409 1.369700e-14 4.341250e+03 1.000000e+00
   4211.516110 1.432400e-14 4.344000e+03 1.000000e+00
   4214.176809 1.389000e-14 4.346750e+03 1.000000e+00
   4216.847510 1.365200e-14 4.349500e+03 1.000000e+00
   4219.508208 1.366200e-14 4.352250e+03 1.000000e+00
   4222.178909 1.354700e-14 4.355000e+03 1.000000e+00
   4224.839608 1.352300e-14 4.357750e+03 1.000000e+00
   4227.510309 1.363500e-14 4.360500e+03 1.000000e+00
   4230.171008 1.353400e-14 4.363250e+03 1.000000e+00
   4232.841709 1.314800e-14 4.366000e+03 1.000000e+00
   4235.502408 1.344100e-14 4.368750e+03 1.000000e+00
   4238.173109 1.375800e-14 4.371500e+03 1.000000e+00
   4240.843810 1.369300e-14 4.374250e+03 1.000000e+00
   4243.504509 1.363700e-14 4.377000e+03 1.000000e+00
   4246.175211 1.323900e-14 4.379750e+03 1.000000e+00
   4248.835910 1.334900e-14 4.382500e+03 1.000000e+00
   4251.506611 1.340800e-14 4.385250e+03 1.000000e+00
   4254.167310 1.327300e-14 4.388000e+03 1.000000e+00
   4256.838012 1.336700e-14 4.390750e+03 1.000000e+00
   4259.498711 1.333700e-14 4.393500e+03 1.000000e+00
   4262.169412 1.358300e-14 4.396250e+03 1.000000e+00
   4264.830112 1.357700e-14 4.399000e+03 1.000000e+00
   4267.500813 1.348600e-14 4.401750e+03 1.000000e+00
   4270.161512 1.302400e-14 4.404500e+03 1.000000e+00
   4272.832214 1.280600e-14 4.407250e+03 1.000000e+00
   4275.502916 1.298200e-14 4.410000e+03 1.000000e+00
   4278.163616 1.330600e-14 4.412750e+03 1.000000e+00
   4280.834318 1.354800e-14 4.415500e+03 1.000000e+00
   4283.495017 1.284000e-14 4.418250e+03 1.000000e+00
   4286.165719 1.280800e-14 4.421000e+03 1.000000e+00
   4288.826418 1.319600e-14 4.423750e+03 1.000000e+00
   4291.497120 1.315100e-14 4.426500e+03 1.000000e+00
   4294.157820 1.308800e-14 4.429250e+03 1.000000e+00
   4296.828522 1.287300e-14 4.432000e+03 1.000000e+00
   4299.489222 1.184000e-14 4.434750e+03 1.000000e+00
   4302.159924 1.172600e-14 4.437500e+03 1.000000e+00
   4304.820624 1.197900e-14 4.440250e+03 1.000000e+00
   4307.491326 1.212100e-14 4.443000e+03 1.000000e+00
   4310.162028 1.185300e-14 4.445750e+03 1.000000e+00
   4312.822728 1.168600e-14 4.448500e+03 1.000000e+00
   4315.493431 1.241700e-14 4.451250e+03 1.000000e+00
   4318.154131 1.254900e-14 4.454000e+03 1.000000e+00
   4320.824833 1.219600e-14 4.456750e+03 1.000000e+00
   4323.485533 1.222600e-14 4.459500e+03 1.000000e+00
   4326.156236 1.196000e-14 4.462250e+03 1.000000e+00
   4328.816936 1.138800e-14 4.465000e+03 1.000000e+00
   4331.487638 1.150200e-14 4.467750e+03 1.000000e+00
   4334.148338 1.089900e-14 4.470500e+03 1.000000e+00
   4336.819041 1.176800e-14 4.473250e+03 1.000000e+00
   4339.479741 1.260800e-14 4.476000e+03 1.000000e+00
   4342.150444 1.311100e-14 4.478750e+03 1.000000e+00
   4344.821147 1.208100e-14 4.481500e+03 1.000000e+00
   4347.481847 1.099500e-14 4.484250e+03 1.000000e+00
   4350.152550 1.131200e-14 4.487000e+03 1.000000e+00
   4352.813250 1.085900e-14 4.489750e+03 1.000000e+00
   4355.483953 1.136800e-14 4.492500e+03 1.000000e+00
   4358.144654 1.213300e-14 4.495250e+03 1.000000e+00
   4360.815357 1.223900e-14 4.498000e+03 1.000000e+00
   4363.476057 1.268900e-14 4.500750e+03 1.000000e+00
   4366.146760 1.335700e-14 4.503500e+03 1.000000e+00
   4368.807461 1.334800e-14 4.506250e+03 1.000000e+00
   4371.478164 1.277500e-14 4.509000e+03 1.000000e+00
   4374.138865 1.254600e-14 4.511750e+03 1.000000e+00
   4376.809568 1.203000e-14 4.514500e+03 1.000000e+00
   4379.480271 1.243300e-14 4.517250e+03 1.000000e+00
   4382.140972 1.262800e-14 4.520000e+03 1.000000e+00
   4384.811675 1.244800e-14 4.522750e+03 1.000000e+00
   4387.472376 1.222500e-14 4.525500e+03 1.000000e+00
   4390.143079 1.178200e-14 4.528250e+03 1.000000e+00
   4392.803780 1.265300e-14 4.531000e+03 1.000000e+00
   4395.474484 1.310900e-14 4.533750e+03 1.000000e+00
   4398.135185 1.265600e-14 4.536500e+03 1.000000e+00
   4400.805888 1.265800e-14 4.539250e+03 1.000000e+00
   4403.466589 1.260000e-14 4.542000e+03 1.000000e+00
   4406.137293 1.221800e-14 4.544750e+03 1.000000e+00
   4408.797994 1.258100e-14 4.547500e+03 1.000000e+00
   4411.468698 1.301300e-14 4.550250e+03 1.000000e+00
   4414.129399 1.274700e-14 4.553000e+03 1.000000e+00
   4416.800102 1.281100e-14 4.555750e+03 1.000000e+00
   4419.470806 1.287300e-14 4.558500e+03 1.000000e+00
   4422.131507 1.252100e-14 4.561250e+03 1.000000e+00
   4424.802211 1.268200e-14 4.564000e+03 1.000000e+00
   4427.462913 1.255300e-14 4.566750e+03 1.000000e+00
   4430.133617 1.259700e-14 4.569500e+03 1.000000e+00
   4432.794318 1.213100e-14 4.572250e+03 1.000000e+00
   4435.465022 1.200100e-14 4.575000e+03 1.000000e+00
   4438.125723 1.249600e-14 4.577750e+03 1.000000e+00
   4440.796427 1.300000e-14 4.580500e+03 1.000000e+00
   4443.457129 1.288700e-14 4.583250e+03 1.000000e+00
   4446.127833 1.329400e-14 4.586000e+03 1.000000e+00
   4448.788534 1.286600e-14 4.588750e+03 1.000000e+00
   4451.459239 1.283100e-14 4.591500e+03 1.000000e+00
   4454.129943 1.295800e-14 4.594250e+03 1.000000e+00
   4456.790645 1.288400e-14 4.597000e+03 1.000000e+00
   4459.461349 1.272200e-14 4.599750e+03 1.000000e+00
   4462.122051 1.225400e-14 4.602500e+03 1.000000e+00
   4464.792755 1.215000e-14 4.605250e+03 1.000000e+00
   4467.453457 1.294000e-14 4.608000e+03 1.000000e+00
   4470.124161 1.312000e-14 4.610750e+03 1.000000e+00
   4472.784863 1.264300e-14 4.613500e+03 1.000000e+00
   4475.455567 1.299900e-14 4.616250e+03 1.000000e+00
   4478.116269 1.304400e-14 4.619000e+03 1.000000e+00
   4480.786974 1.266000e-14 4.621750e+03 1.000000e+00
   4483.447676 1.319800e-14 4.624500e+03 1.000000e+00
   4486.118380 1.257600e-14 4.627250e+03 1.000000e+00
   4488.789085 1.264000e-14 4.630000e+03 1.000000e+00
   4491.449787 1.274800e-14 4.632750e+03 1.000000e+00
   4494.120492 1.291300e-14 4.635500e+03 1.000000e+00
   4496.781194 1.259200e-14 4.638250e+03 1.000000e+00
   4499.451899 1.321500e-14 4.641000e+03 1.000000e+00
   4502.112601 1.262400e-14 4.643750e+03 1.000000e+00
   4504.783306 1.314200e-14 4.646500e+03 1.000000e+00
   4507.444008 1.316500e-14 4.649250e+03 1.000000e+00
   4510.114713 1.306800e-14 4.652000e+03 1.000000e+00
   4512.775415 1.291300e-14 4.654750e+03 1.000000e+00
   4515.446120 1.259000e-14 4.657500e+03 1.000000e+00
   4518.106822 1.235600e-14 4.660250e+03 1.000000e+00
   4520.777527 1.276600e-14 4.663000e+03 1.000000e+00
   4523.448232 1.282200e-14 4.665750e+03 1.000000e+00
   4526.108935 1.236900e-14 4.668500e+03 1.000000e+00
   4528.779640 1.302700e-14 4.671250e+03 1.000000e+00
   4531.440343 1.247200e-14 4.674000e+03 1.000000e+00
   4534.111048 1.201600e-14 4.676750e+03 1.000000e+00
   4536.771750 1.253000e-14 4.679500e+03 1.000000e+00
   4539.442456 1.249700e-14 4.682250e+03 1.000000e+00
   4542.103158 1.260000e-14 4.685000e+03 1.000000e+00
   4544.773863 1.247300e-14 4.687750e+03 1.000000e+00
   4547.434566 1.234300e-14 4.690500e+03 1.000000e+00
   4550.105271 1.231500e-14 4.693250e+03 1.000000e+00
   4552.765974 1.244400e-14 4.696000e+03 1.000000e+00
   4555.436680 1.172200e-14 4.698750e+03 1.000000e+00
   4558.107385 1.192500e-14 4.701500e+03 1.000000e+00
   4560.768088 1.197700e-14 4.704250e+03 1.000000e+00
   4563.438793 1.265100e-14 4.707000e+03 1.000000e+00
   4566.099496 1.248400e-14 4.709750e+03 1.000000e+00
   4568.770202 1.190900e-14 4.712500e+03 1.000000e+00
   4571.430905 1.265300e-14 4.715250e+03 1.000000e+00
   4574.101610 1.243200e-14 4.718000e+03 1.000000e+00
   4576.762313 1.224000e-14 4.720750e+03 1.000000e+00
   4579.433019 1.218900e-14 4.723500e+03 1.000000e+00
   4582.093722 1.279700e-14 4.726250e+03 1.000000e+00
   4584.764428 1.231200e-14 4.729000e+03 1.000000e+00
   4587.425131 1.236900e-14 4.731750e+03 1.000000e+00
   4590.095837 1.276100e-14 4.734500e+03 1.000000e+00
   4592.766543 1.262100e-14 4.737250e+03 1.000000e+00
   4595.427246 1.292200e-14 4.740000e+03 1.000000e+00
   4598.097952 1.346200e-14 4.742750e+03 1.000000e+00
   4600.758655 1.279000e-14 4.745500e+03 1.000000e+00
   4603.429361 1.239900e-14 4.748250e+03 1.000000e+00
   4606.090064 1.220000e-14 4.751000e+03 1.000000e+00
   4608.760770 1.262000e-14 4.753750e+03 1.000000e+00
   4611.421474 1.277400e-14 4.756500e+03 1.000000e+00
   4614.092180 1.256500e-14 4.759250e+03 1.000000e+00
   4616.752883 1.285200e-14 4.762000e+03 1.000000e+00
   4619.423589 1.216000e-14 4.764750e+03 1.000000e+00
   4622.084293 1.220600e-14 4.767500e+03 1.000000e+00
   4624.754999 1.276300e-14 4.770250e+03 1.000000e+00
   4627.425705 1.243400e-14 4.773000e+03 1.000000e+00
   4630.086409 1.218600e-14 4.775750e+03 1.000000e+00
   4632.757115 1.191600e-14 4.778500e+03 1.000000e+00
   4635.417819 1.185900e-14 4.781250e+03 1.000000e+00
   4638.088525 1.237800e-14 4.784000e+03 1.000000e+00
   4640.749229 1.268600e-14 4.786750e+03 1.000000e+00
   4643.419935 1.240700e-14 4.789500e+03 1.000000e+00
   4646.080639 1.237900e-14 4.792250e+03 1.000000e+00
   4648.751345 1.210900e-14 4.795000e+03 1.000000e+00
   4651.412049 1.236200e-14 4.797750e+03 1.000000e+00
   4654.082756 1.261000e-14 4.800500e+03 1.000000e+00
   4656.743460 1.217800e-14 4.803250e+03 1.000000e+00
   4659.414166 1.244000e-14 4.806000e+03 1.000000e+00
   4662.084873 1.289100e-14 4.808750e+03 1.000000e+00
   4664.745577 1.230300e-14 4.811500e+03 1.000000e+00
   4667.416283 1.255700e-14 4.814250e+03 1.000000e+00
   4670.076987 1.240400e-14 4.817000e+03 1.000000e+00
   4672.747694 1.222900e-14 4.819750e+03 1.000000e+00
   4675.408398 1.276700e-14 4.822500e+03 1.000000e+00
   4678.079105 1.275100e-14 4.825250e+03 1.000000e+00
   4680.739809 1.277500e-14 4.828000e+03 1.000000e+00
   4683.410516 1.267900e-14 4.830750e+03 1.000000e+00
   4686.071220 1.270800e-14 4.833500e+03 1.000000e+00
   4688.741927 1.253500e-14 4.836250e+03 1.000000e+00
   4691.402631 1.236900e-14 4.839000e+03 1.000000e+00
   4694.073338 1.236200e-14 4.841750e+03 1.000000e+00
   4696.734042 1.271600e-14 4.844500e+03 1.000000e+00
   4699.404749 1.239300e-14 4.847250e+03 1.000000e+00
   4702.075456 1.266100e-14 4.850000e+03 1.000000e+00
   4704.736160 1.257200e-14 4.852750e+03 1.000000e+00
   4707.406867 1.244400e-14 4.855500e+03 1.000000e+00
   4710.067572 1.297800e-14 4.858250e+03 1.000000e+00
   4712.738279 1.278200e-14 4.861000e+03 1.000000e+00
   4715.398983 1.228500e-14 4.863750e+03 1.000000e+00
   4718.069690 1.244300e-14 4.866500e+03 1.000000e+00
   4720.730395 1.267200e-14 4.869250e+03 1.000000e+00
   4723.401102 1.269000e-14 4.872000e+03 1.000000e+00
   4726.061807 1.287000e-14 4.874750e+03 1.000000e+00
   4728.732514 1.258200e-14 4.877500e+03 1.000000e+00
   4731.393219 1.260400e-14 4.880250e+03 1.000000e+00
   4734.063926 1.246200e-14 4.883000e+03 1.000000e+00
   4736.734633 1.196000e-14 4.885750e+03 1.000000e+00
   4739.395338 1.232800e-14 4.888500e+03 1.000000e+00
   4742.066045 1.277000e-14 4.891250e+03 1.000000e+00
   4744.726750 1.245500e-14 4.894000e+03 1.000000e+00
   4747.397457 1.169100e-14 4.896750e+03 1.000000e+00
   4750.058162 1.211500e-14 4.899500e+03 1.000000e+00
   4752.728870 1.203500e-14 4.902250e+03 1.000000e+00
   4755.389575 1.245300e-14 4.905000e+03 1.000000e+00
   4758.060282 1.238300e-14 4.907750e+03 1.000000e+00
   4760.720987 1.220300e-14 4.910500e+03 1.000000e+00
   4763.391695 1.191700e-14 4.913250e+03 1.000000e+00
   4766.052400 1.191000e-14 4.916000e+03 1.000000e+00
   4768.723107 1.182300e-14 4.918750e+03 1.000000e+00
   4771.393815 1.194300e-14 4.921500e+03 1.000000e+00
   4774.054520 1.206500e-14 4.924250e+03 1.000000e+00
   4776.725228 1.181900e-14 4.927000e+03 1.000000e+00
   4779.385933 1.223800e-14 4.929750e+03 1.000000e+00
   4782.056640 1.234100e-14 4.932500e+03 1.000000e+00
   4784.717346 1.215900e-14 4.935250e+03 1.000000e+00
   4787.388053 1.171600e-14 4.938000e+03 1.000000e+00
   4790.048759 1.191400e-14 4.940750e+03 1.000000e+00
   4792.719466 1.210800e-14 4.943500e+03 1.000000e+00
   4795.380172 1.191500e-14 4.946250e+03 1.000000e+00
   4798.050880 1.172600e-14 4.949000e+03 1.000000e+00
   4800.711585 1.182300e-14 4.951750e+03 1.000000e+00
   4803.382293 1.168500e-14 4.954500e+03 1.000000e+00
   4806.053001 1.135200e-14 4.957250e+03 1.000000e+00
   4808.713706 1.172300e-14 4.960000e+03 1.000000e+00
   4811.384414 1.166800e-14 4.962750e+03 1.000000e+00
   4814.045120 1.160000e-14 4.965500e+03 1.000000e+00
   4816.715828 1.169900e-14 4.968250e+03 1.000000e+00
   4819.376533 1.171000e-14 4.971000e+03 1.000000e+00
   4822.047241 1.160500e-14 4.973750e+03 1.000000e+00
   4824.707947 1.146800e-14 4.976500e+03 1.000000e+00
   4827.378655 1.153800e-14 4.979250e+03 1.000000e+00
   4830.039360 1.161200e-14 4.982000e+03 1.000000e+00
   4832.710069 1.161500e-14 4.984750e+03 1.000000e+00
   4835.370774 1.098500e-14 4.987500e+03 1.000000e+00
   4838.041483 1.122000e-14 4.990250e+03 1.000000e+00
   4840.712191 1.111400e-14 4.993000e+03 1.000000e+00
   4843.372897 1.050400e-14 4.995750e+03 1.000000e+00
   4846.043605 1.086100e-14 4.998500e+03 1.000000e+00
   4848.704311 1.113000e-14 5.001250e+03 1.000000e+00
   4851.375019 1.077000e-14 5.004000e+03 1.000000e+00
   4854.035725 1.062000e-14 5.006750e+03 1.000000e+00
   4856.706433 1.159800e-14 5.009500e+03 1.000000e+00
   4859.367139 1.486800e-14 5.012250e+03 1.000000e+00
   4862.037848 1.800400e-14 5.015000e+03 1.000000e+00
   4864.698553 1.792800e-14 5.017750e+03 1.000000e+00
   4867.369262 1.442600e-14 5.020500e+03 1.000000e+00
   4870.029968 1.165500e-14 5.023250e+03 1.000000e+00
   4872.700676 1.023500e-14 5.026000e+03 1.000000e+00
   4875.371385 1.042300e-14 5.028750e+03 1.000000e+00
   4878.032091 1.037000e-14 5.031500e+03 1.000000e+00
   4880.702800 1.065200e-14 5.034250e+03 1.000000e+00
   4883.363506 1.048500e-14 5.037000e+03 1.000000e+00
   4886.034214 1.095600e-14 5.039750e+03 1.000000e+00
   4888.694920 1.098200e-14 5.042500e+03 1.000000e+00
   4891.365629 1.112200e-14 5.045250e+03 1.000000e+00
   4894.026335 1.117500e-14 5.048000e+03 1.000000e+00
   4896.697044 1.172200e-14 5.050750e+03 1.000000e+00
   4899.357750 1.148200e-14 5.053500e+03 1.000000e+00
   4902.028459 1.144300e-14 5.056250e+03 1.000000e+00
   4904.689165 1.144200e-14 5.059000e+03 1.000000e+00
   4907.359874 1.157800e-14 5.061750e+03 1.000000e+00
   4910.030583 1.150300e-14 5.064500e+03 1.000000e+00
   4912.691289 1.106300e-14 5.067250e+03 1.000000e+00
   4915.361998 1.130000e-14 5.070000e+03 1.000000e+00
   4918.022705 1.113600e-14 5.072750e+03 1.000000e+00
   4920.693414 1.077200e-14 5.075500e+03 1.000000e+00
   4923.354120 1.065900e-14 5.078250e+03 1.000000e+00
   4926.024829 1.108500e-14 5.081000e+03 1.000000e+00
   4928.685536 1.105300e-14 5.083750e+03 1.000000e+00
   4931.356245 1.126800e-14 5.086500e+03 1.000000e+00
   4934.016951 1.171000e-14 5.089250e+03 1.000000e+00
   4936.687660 1.097200e-14 5.092000e+03 1.000000e+00
   4939.348367 1.096200e-14 5.094750e+03 1.000000e+00
   4942.019076 1.139000e-14 5.097500e+03 1.000000e+00
   4944.689785 1.121600e-14 5.100250e+03 1.000000e+00
   4947.350492 1.147100e-14 5.103000e+03 1.000000e+00
   4950.021201 1.181900e-14 5.105750e+03 1.000000e+00
   4952.681908 1.198400e-14 5.108500e+03 1.000000e+00
   4955.352617 1.241900e-14 5.111250e+03 1.000000e+00
   4958.013324 1.348600e-14 5.114000e+03 1.000000e+00
   4960.684033 1.399500e-14 5.116750e+03 1.000000e+00
   4963.344740 1.369400e-14 5.119500e+03 1.000000e+00
   4966.015449 1.277100e-14 5.122250e+03 1.000000e+00
   4968.676156 1.177700e-14 5.125000e+03 1.000000e+00
   4971.346865 1.103600e-14 5.127750e+03 1.000000e+00
   4974.007572 1.131300e-14 5.130500e+03 1.000000e+00
   4976.678282 1.141900e-14 5.133250e+03 1.000000e+00
   4979.338988 1.083400e-14 5.136000e+03 1.000000e+00
   4982.009698 1.079200e-14 5.138750e+03 1.000000e+00
   4984.680408 1.086600e-14 5.141500e+03 1.000000e+00
   4987.341114 1.142700e-14 5.144250e+03 1.000000e+00
   4990.011824 1.108200e-14 5.147000e+03 1.000000e+00
   4992.672531 1.087600e-14 5.149750e+03 1.000000e+00
   4995.343241 1.108700e-14 5.152500e+03 1.000000e+00
   4998.003948 1.111400e-14 5.155250e+03 1.000000e+00
   5000.674657 1.205400e-14 5.158000e+03 1.000000e+00
   5003.335364 1.392900e-14 5.160750e+03 1.000000e+00
   5006.006074 1.744400e-14 5.163500e+03 1.000000e+00
   5008.666781 1.936700e-14 5.166250e+03 1.000000e+00
   5011.337491 1.783300e-14 5.169000e+03 1.000000e+00
   5013.998198 1.467500e-14 5.171750e+03 1.000000e+00
   5016.668908 1.228500e-14 5.174500e+03 1.000000e+00
   5019.339618 1.119400e-14 5.177250e+03 1.000000e+00
   5022.000325 1.083900e-14 5.180000e+03 1.000000e+00
   5024.671035 1.045000e-14 5.182750e+03 1.000000e+00
   5027.331742 1.075500e-14 5.185500e+03 1.000000e+00
   5030.002452 1.096300e-14 5.188250e+03 1.000000e+00
   5032.663159 1.096100e-14 5.191000e+03 1.000000e+00
   5035.333869 1.108100e-14 5.193750e+03 1.000000e+00
   5037.994576 1.106700e-14 5.196500e+03 1.000000e+00
   5040.665286 1.043100e-14 5.199250e+03 1.000000e+00
   5043.325994 1.026900e-14 5.202000e+03 1.000000e+00
   5045.996704 1.054800e-14 5.204750e+03 1.000000e+00
   5048.657411 1.059100e-14 5.207500e+03 1.000000e+00
   5051.328121 1.089900e-14 5.210250e+03 1.000000e+00
   5053.998831 1.118700e-14 5.213000e+03 1.000000e+00
   5056.659539 1.079800e-14 5.215750e+03 1.000000e+00
   5059.330249 1.109300e-14 5.218500e+03 1.000000e+00
   5061.990956 1.087200e-14 5.221250e+03 1.000000e+00
   5064.661667 1.067400e-14 5.224000e+03 1.000000e+00
   5067.322374 1.120400e-14 5.226750e+03 1.000000e+00
   5069.993084 1.108200e-14 5.229500e+03 1.000000e+00
   5072.653792 1.101600e-14 5.232250e+03 1.000000e+00
   5075.324502 1.047500e-14 5.235000e+03 1.000000e+00
   5077.985210 1.063500e-14 5.237750e+03 1.000000e+00
   5080.655920 1.049600e-14 5.240500e+03 1.000000e+00
   5083.316628 1.057000e-14 5.243250e+03 1.000000e+00
   5085.987338 1.094200e-14 5.246000e+03 1.000000e+00
   5088.658049 1.077100e-14 5.248750e+03 1.000000e+00
   5091.318756 1.075700e-14 5.251500e+03 1.000000e+00
   5093.989467 1.093800e-14 5.254250e+03 1.000000e+00
   5096.650174 1.051400e-14 5.257000e+03 1.000000e+00
   5099.320885 1.062300e-14 5.259750e+03 1.000000e+00
   5101.981593 1.073100e-14 5.262500e+03 1.000000e+00
   5104.652303 1.068100e-14 5.265250e+03 1.000000e+00
   5107.313011 1.073300e-14 5.268000e+03 1.000000e+00
   5109.983722 1.082100e-14 5.270750e+03 1.000000e+00
   5112.644429 1.072500e-14 5.273500e+03 1.000000e+00
   5115.315140 1.052500e-14 5.276250e+03 1.000000e+00
   5117.975848 1.043900e-14 5.279000e+03 1.000000e+00
   5120.646559 1.092800e-14 5.281750e+03 1.000000e+00
   5123.317269 1.056000e-14 5.284500e+03 1.000000e+00
   5125.977977 1.056900e-14 5.287250e+03 1.000000e+00
   5128.648688 1.050700e-14 5.290000e+03 1.000000e+00
   5131.309396 1.045000e-14 5.292750e+03 1.000000e+00
   5133.980107 1.039700e-14 5.295500e+03 1.000000e+00
   5136.640815 1.087300e-14 5.298250e+03 1.000000e+00
   5139.311525 1.099800e-14 5.301000e+03 1.000000e+00
   5141.972234 1.042200e-14 5.303750e+03 1.000000e+00
   5144.642944 1.069800e-14 5.306500e+03 1.000000e+00
   5147.303652 1.050200e-14 5.309250e+03 1.000000e+00
   5149.974363 1.066800e-14 5.312000e+03 1.000000e+00
   5152.635072 1.060800e-14 5.314750e+03 1.000000e+00
   5155.305782 1.053200e-14 5.317500e+03 1.000000e+00
   5157.976493 1.054300e-14 5.320250e+03 1.000000e+00
   5160.637202 1.083800e-14 5.323000e+03 1.000000e+00
   5163.307912 1.041900e-14 5.325750e+03 1.000000e+00
   5165.968621 1.044500e-14 5.328500e+03 1.000000e+00
   5168.639332 9.939100e-15 5.331250e+03 1.000000e+00
   5171.300040 9.695000e-15 5.334000e+03 1.000000e+00
   5173.970751 9.650600e-15 5.336750e+03 1.000000e+00
   5176.631459 9.990400e-15 5.339500e+03 1.000000e+00
   5179.302170 1.007100e-14 5.342250e+03 1.000000e+00
   5181.962879 9.962300e-15 5.345000e+03 1.000000e+00
   5184.633590 1.028900e-14 5.347750e+03 1.000000e+00
   5187.294298 1.062600e-14 5.350500e+03 1.000000e+00
   5189.965009 1.037600e-14 5.353250e+03 1.000000e+00
   5192.635721 1.069600e-14 5.356000e+03 1.000000e+00
   5195.296429 1.068000e-14 5.358750e+03 1.000000e+00
   5197.967140 1.047100e-14 5.361500e+03 1.000000e+00
   5200.627849 1.057900e-14 5.364250e+03 1.000000e+00
   5203.298560 1.074700e-14 5.367000e+03 1.000000e+00
   5205.959269 1.077500e-14 5.369750e+03 1.000000e+00
   5208.629980 1.077100e-14 5.372500e+03 1.000000e+00
   5211.290688 1.061700e-14 5.375250e+03 1.000000e+00
   5213.961400 1.051800e-14 5.378000e+03 1.000000e+00
   5216.622108 1.027700e-14 5.380750e+03 1.000000e+00
   5219.292820 1.033500e-14 5.383500e+03 1.000000e+00
   5221.953528 1.020500e-14 5.386250e+03 1.000000e+00
   5224.624240 1.023400e-14 5.389000e+03 1.000000e+00
   5227.284948 1.014900e-14 5.391750e+03 1.000000e+00
   5229.955660 1.031400e-14 5.394500e+03 1.000000e+00
   5232.626371 1.028600e-14 5.397250e+03 1.000000e+00
   5235.287080 1.039400e-14 5.400000e+03 1.000000e+00
   5237.957791 1.013700e-14 5.402750e+03 1.000000e+00
   5240.618500 1.048700e-14 5.405500e+03 1.000000e+00
   5243.289212 1.064600e-14 5.408250e+03 1.000000e+00
   5245.949921 1.031600e-14 5.411000e+03 1.000000e+00
   5248.620632 1.043700e-14 5.413750e+03 1.000000e+00
   5251.281341 1.029000e-14 5.416500e+03 1.000000e+00
   5253.952053 1.058000e-14 5.419250e+03 1.000000e+00
   5256.612762 1.030500e-14 5.422000e+03 1.000000e+00
   5259.283473 1.030900e-14 5.424750e+03 1.000000e+00
   5261.944182 1.053400e-14 5.427500e+03 1.000000e+00
   5264.614894 1.000600e-14 5.430250e+03 1.000000e+00
   5267.285605 9.877800e-15 5.433000e+03 1.000000e+00
   5269.946314 9.929100e-15 5.435750e+03 1.000000e+00
   5272.617026 1.001500e-14 5.438500e+03 1.000000e+00
   5275.277735 1.002500e-14 5.441250e+03 1.000000e+00
   5277.948447 1.029200e-14 5.444000e+03 1.000000e+00
   5280.609156 1.021200e-14 5.446750e+03 1.000000e+00
   5283.279868 1.023700e-14 5.449500e+03 1.000000e+00
   5285.940577 1.080200e-14 5.452250e+03 1.000000e+00
   5288.611289 1.040800e-14 5.455000e+03 1.000000e+00
   5291.271998 1.046300e-14 5.457750e+03 1.000000e+00
   5293.942710 1.041500e-14 5.460500e+03 1.000000e+00
   5296.603419 1.032500e-14 5.463250e+03 1.000000e+00
   5299.274131 1.020700e-14 5.466000e+03 1.000000e+00
   5301.944843 1.041300e-14 5.468750e+03 1.000000e+00
   5304.605552 1.033300e-14 5.471500e+03 1.000000e+00
   5307.276264 1.055600e-14 5.474250e+03 1.000000e+00
   5309.936973 1.101300e-14 5.477000e+03 1.000000e+00
   5312.607685 1.085700e-14 5.479750e+03 1.000000e+00
   5315.268394 1.043100e-14 5.482500e+03 1.000000e+00
   5317.939106 1.026100e-14 5.485250e+03 1.000000e+00
   5320.599816 1.046400e-14 5.488000e+03 1.000000e+00
   5323.270528 1.051100e-14 5.490750e+03 1.000000e+00
   5325.931237 9.984500e-15 5.493500e+03 1.000000e+00
   5328.601949 1.022200e-14 5.496250e+03 1.000000e+00
   5331.262658 1.014000e-14 5.499000e+03 1.000000e+00
   5333.933371 1.082100e-14 5.501750e+03 1.000000e+00
   5336.604083 1.017900e-14 5.504500e+03 1.000000e+00
   5339.264792 1.027800e-14 5.507250e+03 1.000000e+00
   5341.935504 1.094200e-14 5.510000e+03 1.000000e+00
   5344.596214 1.046900e-14 5.512750e+03 1.000000e+00
   5347.266926 1.066000e-14 5.515500e+03 1.000000e+00
   5349.927636 1.000300e-14 5.518250e+03 1.000000e+00
   5352.598348 1.029200e-14 5.521000e+03 1.000000e+00
   5355.259057 1.058900e-14 5.523750e+03 1.000000e+00
   5357.929770 1.067000e-14 5.526500e+03 1.000000e+00
   5360.590479 1.033200e-14 5.529250e+03 1.000000e+00
   5363.261192 1.046800e-14 5.532000e+03 1.000000e+00
   5365.921901 1.074300e-14 5.534750e+03 1.000000e+00
   5368.592613 1.037200e-14 5.537500e+03 1.000000e+00
   5371.263326 9.923500e-15 5.540250e+03 1.000000e+00
   5373.924035 9.917700e-15 5.543000e+03 1.000000e+00
   5376.594748 1.012400e-14 5.545750e+03 1.000000e+00
   5379.255458 1.049900e-14 5.548500e+03 1.000000e+00
   5381.926170 1.017600e-14 5.551250e+03 1.000000e+00
   5384.586880 1.010200e-14 5.554000e+03 1.000000e+00
   5387.257592 9.427500e-15 5.556750e+03 1.000000e+00
   5389.918302 1.046000e-14 5.559500e+03 1.000000e+00
   5392.589014 1.022100e-14 5.562250e+03 1.000000e+00
   5395.249724 1.030800e-14 5.565000e+03 1.000000e+00
   5397.920437 1.029400e-14 5.567750e+03 1.000000e+00
   5400.581147 9.907800e-15 5.570500e+03 1.000000e+00
   5403.251859 1.031500e-14 5.573250e+03 1.000000e+00
   5405.922572 9.330600e-15 5.576000e+03 1.000000e+00
   5408.583282 9.519000e-15 5.578750e+03 1.000000e+00
   5411.253994 9.133400e-15 5.581500e+03 1.000000e+00
   5413.914704 9.668800e-15 5.584250e+03 1.000000e+00
   5416.585417 1.026000e-14 5.587000e+03 1.000000e+00
   5419.246127 9.900800e-15 5.589750e+03 1.000000e+00
   5421.916839 1.058500e-14 5.592500e+03 1.000000e+00
   5424.577549 1.033900e-14 5.595250e+03 1.000000e+00
   5427.248262 1.024100e-14 5.598000e+03 1.000000e+00
   5429.908972 9.756900e-15 5.600750e+03 1.000000e+00
   5432.579685 1.003200e-14 5.603500e+03 1.000000e+00
   5435.240395 9.762200e-15 5.606250e+03 1.000000e+00
   5437.911108 9.652300e-15 5.609000e+03 1.000000e+00
   5440.581821 1.026200e-14 5.611750e+03 1.000000e+00
   5443.242531 1.069200e-14 5.614500e+03 1.000000e+00
   5445.913243 1.026500e-14 5.617250e+03 1.000000e+00
   5448.573954 1.010800e-14 5.620000e+03 1.000000e+00
   5451.244666 9.847700e-15 5.622750e+03 1.000000e+00
   5453.905377 1.003400e-14 5.625500e+03 1.000000e+00
   5456.576089 1.024900e-14 5.628250e+03 1.000000e+00
   5459.236800 9.959600e-15 5.631000e+03 1.000000e+00
   5461.907513 1.004000e-14 5.633750e+03 1.000000e+00
   5464.568223 1.011400e-14 5.636500e+03 1.000000e+00
   5467.238936 1.011300e-14 5.639250e+03 1.000000e+00
   5469.899646 1.003300e-14 5.642000e+03 1.000000e+00
   5472.570359 1.039300e-14 5.644750e+03 1.000000e+00
   5475.241072 1.021300e-14 5.647500e+03 1.000000e+00
   5477.901782 9.978500e-15 5.650250e+03 1.000000e+00
   5480.572495 1.019600e-14 5.653000e+03 1.000000e+00
   5483.233206 1.001200e-14 5.655750e+03 1.000000e+00
   5485.903919 1.040900e-14 5.658500e+03 1.000000e+00
   5488.564629 1.009800e-14 5.661250e+03 1.000000e+00
   5491.235342 1.028600e-14 5.664000e+03 1.000000e+00
   5493.896053 1.015700e-14 5.666750e+03 1.000000e+00
   5496.566766 9.796200e-15 5.669500e+03 1.000000e+00
   5499.227476 9.471500e-15 5.672250e+03 1.000000e+00
   5501.898189 9.973500e-15 5.675000e+03 1.000000e+00
   5504.558900 1.001500e-14 5.677750e+03 1.000000e+00
   5507.229613 9.632800e-15 5.680500e+03 1.000000e+00
   5509.890323 1.038900e-14 5.683250e+03 1.000000e+00
   5512.561037 1.026900e-14 5.686000e+03 1.000000e+00
   5515.231750 1.043400e-14 5.688750e+03 1.000000e+00
   5517.892460 1.058500e-14 5.691500e+03 1.000000e+00
   5520.563174 1.042700e-14 5.694250e+03 1.000000e+00
   5523.223884 1.053800e-14 5.697000e+03 1.000000e+00
   5525.894598 9.149300e-15 5.699750e+03 1.000000e+00
   5528.555308 9.963800e-15 5.702500e+03 1.000000e+00
   5531.226022 9.655700e-15 5.705250e+03 1.000000e+00
   5533.886732 9.958100e-15 5.708000e+03 1.000000e+00
   5536.557446 1.077700e-14 5.710750e+03 1.000000e+00
   5539.218156 1.005700e-14 5.713500e+03 1.000000e+00
   5541.888870 9.815000e-15 5.716250e+03 1.000000e+00
   5544.549580 1.026200e-14 5.719000e+03 1.000000e+00
   5547.220294 1.006400e-14 5.721750e+03 1.000000e+00
   5549.891007 1.020600e-14 5.724500e+03 1.000000e+00
   5552.551718 9.805300e-15 5.727250e+03 1.000000e+00
   5555.222431 1.012500e-14 5.730000e+03 1.000000e+00
   5557.883142 1.025900e-14 5.732750e+03 1.000000e+00
   5560.553856 9.779000e-15 5.735500e+03 1.000000e+00
   5563.214566 1.024300e-14 5.738250e+03 1.000000e+00
   5565.885280 9.847300e-15 5.741000e+03 1.000000e+00
   5568.545991 9.642500e-15 5.743750e+03 1.000000e+00
   5571.216704 9.487600e-15 5.746500e+03 1.000000e+00
   5573.877415 9.846000e-15 5.749250e+03 1.000000e+00
   5576.548129 1.019000e-14 5.752000e+03 1.000000e+00
   5579.208840 9.537800e-15 5.754750e+03 1.000000e+00
   5581.879553 9.593100e-15 5.757500e+03 1.000000e+00
   5584.550267 9.935400e-15 5.760250e+03 1.000000e+00
   5587.210978 1.004400e-14 5.763000e+03 1.000000e+00
   5589.881691 9.581300e-15 5.765750e+03 1.000000e+00
   5592.542402 9.793400e-15 5.768500e+03 1.000000e+00
   5595.213116 9.367500e-15 5.771250e+03 1.000000e+00
   5597.873827 9.488100e-15 5.774000e+03 1.000000e+00
   5600.544541 9.695300e-15 5.776750e+03 1.000000e+00
   5603.205252 9.784300e-15 5.779500e+03 1.000000e+00
   5605.875966 9.587700e-15 5.782250e+03 1.000000e+00
   5608.536677 9.676700e-15 5.785000e+03 1.000000e+00
   5611.207390 9.530300e-15 5.787750e+03 1.000000e+00
   5613.868102 9.914300e-15 5.790500e+03 1.000000e+00
   5616.538815 1.016400e-14 5.793250e+03 1.000000e+00
   5619.209529 9.543400e-15 5.796000e+03 1.000000e+00
   5621.870240 9.614500e-15 5.798750e+03 1.000000e+00
   5624.540954 9.733500e-15 5.801500e+03 1.000000e+00
   5627.201665 1.022000e-14 5.804250e+03 1.000000e+00
   5629.872379 9.918800e-15 5.807000e+03 1.000000e+00
   5632.533090 1.016400e-14 5.809750e+03 1.000000e+00
   5635.203804 1.011900e-14 5.812500e+03 1.000000e+00
   5637.864515 9.996000e-15 5.815250e+03 1.000000e+00
   5640.535229 9.928800e-15 5.818000e+03 1.000000e+00
   5643.195941 9.819700e-15 5.820750e+03 1.000000e+00
   5645.866655 9.410100e-15 5.823500e+03 1.000000e+00
   5648.527366 9.584600e-15 5.826250e+03 1.000000e+00
   5651.198080 9.677100e-15 5.829000e+03 1.000000e+00
   5653.868794 9.998100e-15 5.831750e+03 1.000000e+00
   5656.529505 9.864800e-15 5.834500e+03 1.000000e+00
   5659.200219 9.439000e-15 5.837250e+03 1.000000e+00
   5661.860931 9.304300e-15 5.840000e+03 1.000000e+00
   5664.531645 1.002900e-14 5.842750e+03 1.000000e+00
   5667.192356 9.613000e-15 5.845500e+03 1.000000e+00
   5669.863070 9.449700e-15 5.848250e+03 1.000000e+00
   5672.523781 9.448700e-15 5.851000e+03 1.000000e+00
   5675.194496 9.659800e-15 5.853750e+03 1.000000e+00
   5677.855207 1.000500e-14 5.856500e+03 1.000000e+00
   5680.525921 1.006700e-14 5.859250e+03 1.000000e+00
   5683.186633 9.463100e-15 5.862000e+03 1.000000e+00
   5685.857347 9.633100e-15 5.864750e+03 1.000000e+00
   5688.528061 9.588300e-15 5.867500e+03 1.000000e+00
   5691.188772 9.973600e-15 5.870250e+03 1.000000e+00
   5693.859487 9.435900e-15 5.873000e+03 1.000000e+00
   5696.520198 9.881500e-15 5.875750e+03 1.000000e+00
   5699.190912 9.408200e-15 5.878500e+03 1.000000e+00
   5701.851624 9.650600e-15 5.881250e+03 1.000000e+00
   5704.522338 9.383500e-15 5.884000e+03 1.000000e+00
   5707.183050 9.246700e-15 5.886750e+03 1.000000e+00
   5709.853764 9.584400e-15 5.889500e+03 1.000000e+00
   5712.514476 9.323000e-15 5.892250e+03 1.000000e+00
   5715.185190 8.969300e-15 5.895000e+03 1.000000e+00
   5717.845902 9.612600e-15 5.897750e+03 1.000000e+00
   5720.516616 9.689100e-15 5.900500e+03 1.000000e+00
   5723.187330 9.065500e-15 5.903250e+03 1.000000e+00
   5725.848042 9.452900e-15 5.906000e+03 1.000000e+00
   5728.518757 9.235600e-15 5.908750e+03 1.000000e+00
   5731.179468 9.668500e-15 5.911500e+03 1.000000e+00
   5733.850183 9.662500e-15 5.914250e+03 1.000000e+00
   5736.510894 9.983000e-15 5.917000e+03 1.000000e+00
   5739.181609 1.013600e-14 5.919750e+03 1.000000e+00
   5741.842321 1.057100e-14 5.922500e+03 1.000000e+00
   5744.513035 1.009900e-14 5.925250e+03 1.000000e+00
   5747.173747 9.669600e-15 5.928000e+03 1.000000e+00
   5749.844461 9.769300e-15 5.930750e+03 1.000000e+00
   5752.505173 9.492900e-15 5.933500e+03 1.000000e+00
   5755.175888 9.853400e-15 5.936250e+03 1.000000e+00
   5757.836600 9.819200e-15 5.939000e+03 1.000000e+00
   5760.507314 9.517900e-15 5.941750e+03 1.000000e+00
   5763.178029 9.200800e-15 5.944500e+03 1.000000e+00
   5765.838741 9.396300e-15 5.947250e+03 1.000000e+00
   5768.509455 9.509700e-15 5.950000e+03 1.000000e+00
   5771.170167 9.746100e-15 5.952750e+03 1.000000e+00
   5773.840882 9.850000e-15 5.955500e+03 1.000000e+00
   5776.501594 9.603200e-15 5.958250e+03 1.000000e+00
   5779.172308 9.513500e-15 5.961000e+03 1.000000e+00
   5781.833020 9.484600e-15 5.963750e+03 1.000000e+00
   5784.503735 9.375700e-15 5.966500e+03 1.000000e+00
   5787.164447 9.787000e-15 5.969250e+03 1.000000e+00
   5789.835162 9.265800e-15 5.972000e+03 1.000000e+00
   5792.495874 9.510400e-15 5.974750e+03 1.000000e+00
   5795.166588 9.824300e-15 5.977500e+03 1.000000e+00
   5797.837303 9.604500e-15 5.980250e+03 1.000000e+00
   5800.498015 9.697800e-15 5.983000e+03 1.000000e+00
   5803.168730 9.551100e-15 5.985750e+03 1.000000e+00
   5805.829442 9.331400e-15 5.988500e+03 1.000000e+00
   5808.500157 9.798400e-15 5.991250e+03 1.000000e+00
   5811.160869 9.567700e-15 5.994000e+03 1.000000e+00
   5813.831584 9.340800e-15 5.996750e+03 1.000000e+00
   5816.492296 9.334000e-15 5.999500e+03 1.000000e+00
   5819.163011 9.410200e-15 6.002250e+03 1.000000e+00
   5821.823723 9.798200e-15 6.005000e+03 1.000000e+00
   5824.494438 9.547600e-15 6.007750e+03 1.000000e+00
   5827.155150 9.471200e-15 6.010500e+03 1.000000e+00
   5829.825865 9.573800e-15 6.013250e+03 1.000000e+00
   5832.496580 9.623200e-15 6.016000e+03 1.000000e+00
   5835.157292 9.311100e-15 6.018750e+03 1.000000e+00
   5837.828007 9.701000e-15 6.021500e+03 1.000000e+00
   5840.488719 9.711000e-15 6.024250e+03 1.000000e+00
   5843.159434 9.404800e-15 6.027000e+03 1.000000e+00
   5845.820146 9.185300e-15 6.029750e+03 1.000000e+00
   5848.490861 9.121700e-15 6.032500e+03 1.000000e+00
   5851.151574 9.345100e-15 6.035250e+03 1.000000e+00
   5853.822289 9.202200e-15 6.038000e+03 1.000000e+00
   5856.483001 8.724000e-15 6.040750e+03 1.000000e+00
   5859.153716 8.962700e-15 6.043500e+03 1.000000e+00
   5861.814428 9.090400e-15 6.046250e+03 1.000000e+00
   5864.485143 9.459600e-15 6.049000e+03 1.000000e+00
   5867.155858 9.309700e-15 6.051750e+03 1.000000e+00
   5869.816571 9.471500e-15 6.054500e+03 1.000000e+00
   5872.487286 9.260700e-15 6.057250e+03 1.000000e+00
   5875.147998 1.041300e-14 6.060000e+03 1.000000e+00
   5877.818713 1.097200e-14 6.062750e+03 1.000000e+00
   5880.479426 1.047400e-14 6.065500e+03 1.000000e+00
   5883.150141 9.720500e-15 6.068250e+03 1.000000e+00
   5885.810854 9.249800e-15 6.071000e+03 1.000000e+00
   5888.481569 8.870700e-15 6.073750e+03 1.000000e+00
   5891.142281 8.973100e-15 6.076500e+03 1.000000e+00
   5893.812996 8.330400e-15 6.079250e+03 1.000000e+00
   5896.473709 8.698500e-15 6.082000e+03 1.000000e+00
   5899.144424 8.195800e-15 6.084750e+03 1.000000e+00
   5901.815139 8.964000e-15 6.087500e+03 1.000000e+00
   5904.475852 8.745400e-15 6.090250e+03 1.000000e+00
   5907.146567 9.061100e-15 6.093000e+03 1.000000e+00
   5909.807280 9.329700e-15 6.095750e+03 1.000000e+00
   5912.477995 8.801700e-15 6.098500e+03 1.000000e+00
   5915.138708 9.217700e-15 6.101250e+03 1.000000e+00
   5917.809423 9.260800e-15 6.104000e+03 1.000000e+00
   5920.470136 9.556000e-15 6.106750e+03 1.000000e+00
   5923.140851 9.249300e-15 6.109500e+03 1.000000e+00
   5925.801564 9.191400e-15 6.112250e+03 1.000000e+00
   5928.472279 9.223400e-15 6.115000e+03 1.000000e+00
   5931.132992 9.463100e-15 6.117750e+03 1.000000e+00
   5933.803707 9.095600e-15 6.120500e+03 1.000000e+00
   5936.474422 1.004600e-14 6.123250e+03 1.000000e+00
   5939.135135 9.415900e-15 6.126000e+03 1.000000e+00
   5941.805850 9.236000e-15 6.128750e+03 1.000000e+00
   5944.466563 9.163700e-15 6.131500e+03 1.000000e+00
   5947.137279 9.563500e-15 6.134250e+03 1.000000e+00
   5949.797991 8.889700e-15 6.137000e+03 1.000000e+00
   5952.468707 8.858000e-15 6.139750e+03 1.000000e+00
   5955.129420 8.354900e-15 6.142500e+03 1.000000e+00
   5957.800135 9.083200e-15 6.145250e+03 1.000000e+00
   5960.460848 9.244700e-15 6.148000e+03 1.000000e+00
   5963.131563 9.144600e-15 6.150750e+03 1.000000e+00
   5965.792276 9.126900e-15 6.153500e+03 1.000000e+00
   5968.462992 9.219200e-15 6.156250e+03 1.000000e+00
   5971.133707 9.161300e-15 6.159000e+03 1.000000e+00
   5973.794420 9.628000e-15 6.161750e+03 1.000000e+00
   5976.465136 9.088900e-15 6.164500e+03 1.000000e+00
   5979.125849 9.325100e-15 6.167250e+03 1.000000e+00
   5981.796564 9.355300e-15 6.170000e+03 1.000000e+00
   5984.457277 9.335500e-15 6.172750e+03 1.000000e+00
   5987.127993 9.192500e-15 6.175500e+03 1.000000e+00
   5989.788706 8.932500e-15 6.178250e+03 1.000000e+00
   5992.459421 8.807500e-15 6.181000e+03 1.000000e+00
   5995.120134 8.963200e-15 6.183750e+03 1.000000e+00
   5997.790850 8.647100e-15 6.186500e+03 1.000000e+00
   6000.451563 8.833000e-15 6.189250e+03 1.000000e+00
   6003.122279 9.360300e-15 6.192000e+03 1.000000e+00
   6005.792994 8.864600e-15 6.194750e+03 1.000000e+00
   6008.453707 8.749000e-15 6.197500e+03 1.000000e+00
   6011.124423 8.790000e-15 6.200250e+03 1.000000e+00
   6013.785136 8.646100e-15 6.203000e+03 1.000000e+00
   6016.455852 8.828200e-15 6.205750e+03 1.000000e+00
   6019.116565 8.674600e-15 6.208500e+03 1.000000e+00
   6021.787281 8.427900e-15 6.211250e+03 1.000000e+00
   6024.447994 8.486600e-15 6.214000e+03 1.000000e+00
   6027.118710 8.571100e-15 6.216750e+03 1.000000e+00
   6029.779423 9.188300e-15 6.219500e+03 1.000000e+00
   6032.450139 9.612400e-15 6.222250e+03 1.000000e+00
   6035.110852 9.191300e-15 6.225000e+03 1.000000e+00
   6037.781568 9.041400e-15 6.227750e+03 1.000000e+00
   6040.442281 9.113900e-15 6.230500e+03 1.000000e+00
   6043.112997 9.347300e-15 6.233250e+03 1.000000e+00
   6045.783713 9.424600e-15 6.236000e+03 1.000000e+00
   6048.444426 9.207200e-15 6.238750e+03 1.000000e+00
   6051.115142 8.854900e-15 6.241500e+03 1.000000e+00
   6053.775855 8.972100e-15 6.244250e+03 1.000000e+00
   6056.446571 8.780300e-15 6.247000e+03 1.000000e+00
   6059.107284 8.834700e-15 6.249750e+03 1.000000e+00
   6061.778000 8.942100e-15 6.252500e+03 1.000000e+00
   6064.438713 8.912800e-15 6.255250e+03 1.000000e+00
   6067.109429 8.903100e-15 6.258000e+03 1.000000e+00
   6069.770142 8.793500e-15 6.260750e+03 1.000000e+00
   6072.440858 8.745900e-15 6.263500e+03 1.000000e+00
   6075.101572 9.245900e-15 6.266250e+03 1.000000e+00
   6077.772288 9.305300e-15 6.269000e+03 1.000000e+00
   6080.443004 9.519300e-15 6.271750e+03 1.000000e+00
   6083.103717 8.690700e-15 6.274500e+03 1.000000e+00
   6085.774433 8.934000e-15 6.277250e+03 1.000000e+00
   6088.435147 9.589700e-15 6.280000e+03 1.000000e+00
   6091.105863 9.107200e-15 6.282750e+03 1.000000e+00
   6093.766576 8.718600e-15 6.285500e+03 1.000000e+00
   6096.437292 9.120200e-15 6.288250e+03 1.000000e+00
   6099.098005 8.702600e-15 6.291000e+03 1.000000e+00
   6101.768722 9.241000e-15 6.293750e+03 1.000000e+00
   6104.429435 9.487300e-15 6.296500e+03 1.000000e+00
   6107.100151 8.535900e-15 6.299250e+03 1.000000e+00
   6109.760865 8.660400e-15 6.302000e+03 1.000000e+00
   6112.431581 9.076300e-15 6.304750e+03 1.000000e+00
   6115.102297 9.104100e-15 6.307500e+03 1.000000e+00
   6117.763010 8.382600e-15 6.310250e+03 1.000000e+00
   6120.433727 9.449500e-15 6.313000e+03 1.000000e+00
   6123.094440 9.009900e-15 6.315750e+03 1.000000e+00
   6125.765156 8.574400e-15 6.318500e+03 1.000000e+00
   6128.425870 8.485000e-15 6.321250e+03 1.000000e+00
   6131.096586 8.809600e-15 6.324000e+03 1.000000e+00
   6133.757300 8.397500e-15 6.326750e+03 1.000000e+00
   6136.428016 8.303400e-15 6.329500e+03 1.000000e+00
   6139.088729 8.513800e-15 6.332250e+03 1.000000e+00
   6141.759446 8.474100e-15 6.335000e+03 1.000000e+00
   6144.420159 8.976100e-15 6.337750e+03 1.000000e+00
   6147.090876 9.189800e-15 6.340500e+03 1.000000e+00
   6149.761592 8.774600e-15 6.343250e+03 1.000000e+00
   6152.422306 9.059300e-15 6.346000e+03 1.000000e+00
   6155.093022 8.969900e-15 6.348750e+03 1.000000e+00
   6157.753736 9.104200e-15 6.351500e+03 1.000000e+00
   6160.424452 8.803400e-15 6.354250e+03 1.000000e+00
   6163.085166 8.715900e-15 6.357000e+03 1.000000e+00
   6165.755882 7.943300e-15 6.359750e+03 1.000000e+00
   6168.416596 8.564600e-15 6.362500e+03 1.000000e+00
   6171.087312 8.237500e-15 6.365250e+03 1.000000e+00
   6173.748026 8.710900e-15 6.368000e+03 1.000000e+00
   6176.418742 8.766300e-15 6.370750e+03 1.000000e+00
   6179.079456 8.523400e-15 6.373500e+03 1.000000e+00
   6181.750172 8.909100e-15 6.376250e+03 1.000000e+00
   6184.420889 9.164700e-15 6.379000e+03 1.000000e+00
   6187.081603 8.761600e-15 6.381750e+03 1.000000e+00
   6189.752319 8.643900e-15 6.384500e+03 1.000000e+00
   6192.413033 8.681800e-15 6.387250e+03 1.000000e+00
   6195.083749 8.506700e-15 6.390000e+03 1.000000e+00
   6197.744463 8.453400e-15 6.392750e+03 1.000000e+00
   6200.415180 8.963200e-15 6.395500e+03 1.000000e+00
   6203.075893 8.917800e-15 6.398250e+03 1.000000e+00
   6205.746610 8.712500e-15 6.401000e+03 1.000000e+00
   6208.407324 8.736700e-15 6.403750e+03 1.000000e+00
   6211.078040 8.554100e-15 6.406500e+03 1.000000e+00
   6213.738754 8.630200e-15 6.409250e+03 1.000000e+00
   6216.409471 8.534700e-15 6.412000e+03 1.000000e+00
   6219.080187 8.870300e-15 6.414750e+03 1.000000e+00
   6221.740901 8.154400e-15 6.417500e+03 1.000000e+00
   6224.411618 8.780300e-15 6.420250e+03 1.000000e+00
   6227.072332 8.203500e-15 6.423000e+03 1.000000e+00
   6229.743048 8.638900e-15 6.425750e+03 1.000000e+00
   6232.403762 8.483200e-15 6.428500e+03 1.000000e+00
   6235.074479 8.440600e-15 6.431250e+03 1.000000e+00
   6237.735193 8.553400e-15 6.434000e+03 1.000000e+00
   6240.405910 8.873000e-15 6.436750e+03 1.000000e+00
   6243.066624 8.504200e-15 6.439500e+03 1.000000e+00
   6245.737340 8.820900e-15 6.442250e+03 1.000000e+00
   6248.398054 8.600300e-15 6.445000e+03 1.000000e+00
   6251.068771 8.382400e-15 6.447750e+03 1.000000e+00
   6253.739488 8.201000e-15 6.450500e+03 1.000000e+00
   6256.400202 8.284000e-15 6.453250e+03 1.000000e+00
   6259.070918 8.690400e-15 6.456000e+03 1.000000e+00
   6261.731633 8.487100e-15 6.458750e+03 1.000000e+00
   6264.402349 8.441500e-15 6.461500e+03 1.000000e+00
   6267.063063 7.870800e-15 6.464250e+03 1.000000e+00
   6269.733780 8.165000e-15 6.467000e+03 1.000000e+00
   6272.394494 8.493400e-15 6.469750e+03 1.000000e+00
   6275.065211 8.454900e-15 6.472500e+03 1.000000e+00
   6277.725925 8.424700e-15 6.475250e+03 1.000000e+00
   6280.396642 8.637300e-15 6.478000e+03 1.000000e+00
   6283.057356 8.256100e-15 6.480750e+03 1.000000e+00
   6285.728073 8.797300e-15 6.483500e+03 1.000000e+00
   6288.388787 8.371600e-15 6.486250e+03 1.000000e+00
   6291.059504 7.998300e-15 6.489000e+03 1.000000e+00
   6293.730221 8.445200e-15 6.491750e+03 1.000000e+00
   6296.390935 8.896200e-15 6.494500e+03 1.000000e+00
   6299.061652 9.766900e-15 6.497250e+03 1.000000e+00
   6301.722366 1.037700e-14 6.500000e+03 1.000000e+00
   6304.393083 9.863800e-15 6.502750e+03 1.000000e+00
   6307.053797 9.015500e-15 6.505500e+03 1.000000e+00
   6309.724514 8.376200e-15 6.508250e+03 1.000000e+00
   6312.385228 8.241200e-15 6.511000e+03 1.000000e+00
   6315.055945 8.541100e-15 6.513750e+03 1.000000e+00
   6317.716660 7.870300e-15 6.516500e+03 1.000000e+00
   6320.387377 8.465900e-15 6.519250e+03 1.000000e+00
   6323.048091 8.307500e-15 6.522000e+03 1.000000e+00
   6325.718808 8.306800e-15 6.524750e+03 1.000000e+00
   6328.389525 8.785900e-15 6.527500e+03 1.000000e+00
   6331.050239 8.441700e-15 6.530250e+03 1.000000e+00
   6333.720956 8.806800e-15 6.533000e+03 1.000000e+00
   6336.381671 8.753800e-15 6.535750e+03 1.000000e+00
   6339.052388 7.878600e-15 6.538500e+03 1.000000e+00
   6341.713102 7.682000e-15 6.541250e+03 1.000000e+00
   6344.383819 8.250200e-15 6.544000e+03 1.000000e+00
   6347.044533 8.662800e-15 6.546750e+03 1.000000e+00
   6349.715250 8.826500e-15 6.549500e+03 1.000000e+00
   6352.375965 9.043900e-15 6.552250e+03 1.000000e+00
   6355.046682 8.118300e-15 6.555000e+03 1.000000e+00
   6357.707396 8.455200e-15 6.557750e+03 1.000000e+00
   6360.378113 8.276200e-15 6.560500e+03 1.000000e+00
   6363.048831 8.863500e-15 6.563250e+03 1.000000e+00
   6365.709545 8.455800e-15 6.566000e+03 1.000000e+00
   6368.380262 8.730200e-15 6.568750e+03 1.000000e+00
   6371.040977 8.354400e-15 6.571500e+03 1.000000e+00
   6373.711694 8.136000e-15 6.574250e+03 1.000000e+00
   6376.372408 8.181000e-15 6.577000e+03 1.000000e+00
   6379.043125 8.310400e-15 6.579750e+03 1.000000e+00
   6381.703840 8.086200e-15 6.582500e+03 1.000000e+00
   6384.374557 8.250400e-15 6.585250e+03 1.000000e+00
   6387.035272 8.530200e-15 6.588000e+03 1.000000e+00
   6389.705989 8.698000e-15 6.590750e+03 1.000000e+00
   6392.366703 8.663300e-15 6.593500e+03 1.000000e+00
   6395.037421 8.514700e-15 6.596250e+03 1.000000e+00
   6397.708138 8.736200e-15 6.599000e+03 1.000000e+00
   6400.368852 8.448200e-15 6.601750e+03 1.000000e+00
   6403.039570 7.772300e-15 6.604500e+03 1.000000e+00
   6405.700284 8.638500e-15 6.607250e+03 1.000000e+00
   6408.371002 8.836100e-15 6.610000e+03 1.000000e+00
   6411.031716 8.126100e-15 6.612750e+03 1.000000e+00
   6413.702433 8.214600e-15 6.615500e+03 1.000000e+00
   6416.363148 8.215500e-15 6.618250e+03 1.000000e+00
   6419.033865 8.035700e-15 6.621000e+03 1.000000e+00
   6421.694580 8.098900e-15 6.623750e+03 1.000000e+00
   6424.365297 8.357700e-15 6.626500e+03 1.000000e+00
   6427.026012 8.493400e-15 6.629250e+03 1.000000e+00
   6429.696729 8.456800e-15 6.632000e+03 1.000000e+00
   6432.367447 8.382300e-15 6.634750e+03 1.000000e+00
   6435.028161 8.358100e-15 6.637500e+03 1.000000e+00
   6437.698879 8.351300e-15 6.640250e+03 1.000000e+00
   6440.359594 8.309400e-15 6.643000e+03 1.000000e+00
   6443.030311 8.136500e-15 6.645750e+03 1.000000e+00
   6445.691026 7.369900e-15 6.648500e+03 1.000000e+00
   6448.361743 8.275900e-15 6.651250e+03 1.000000e+00
   6451.022458 8.259600e-15 6.654000e+03 1.000000e+00
   6453.693175 7.744500e-15 6.656750e+03 1.000000e+00
   6456.353890 8.073700e-15 6.659500e+03 1.000000e+00
   6459.024608 7.985900e-15 6.662250e+03 1.000000e+00
   6461.685322 8.298900e-15 6.665000e+03 1.000000e+00
   6464.356040 7.681100e-15 6.667750e+03 1.000000e+00
   6467.026757 8.207500e-15 6.670500e+03 1.000000e+00
   6469.687472 8.105500e-15 6.673250e+03 1.000000e+00
   6472.358190 8.070500e-15 6.676000e+03 1.000000e+00
   6475.018904 8.212700e-15 6.678750e+03 1.000000e+00
   6477.689622 8.277600e-15 6.681500e+03 1.000000e+00
   6480.350337 8.119300e-15 6.684250e+03 1.000000e+00
   6483.021054 7.916800e-15 6.687000e+03 1.000000e+00
   6485.681769 8.236300e-15 6.689750e+03 1.000000e+00
   6488.352487 8.209000e-15 6.692500e+03 1.000000e+00
   6491.013202 8.121200e-15 6.695250e+03 1.000000e+00
   6493.683919 7.847600e-15 6.698000e+03 1.000000e+00
   6496.344634 8.099400e-15 6.700750e+03 1.000000e+00
   6499.015352 7.605200e-15 6.703500e+03 1.000000e+00
   6501.686069 7.626100e-15 6.706250e+03 1.000000e+00
   6504.346784 7.867100e-15 6.709000e+03 1.000000e+00
   6507.017502 8.133900e-15 6.711750e+03 1.000000e+00
   6509.678217 7.822500e-15 6.714500e+03 1.000000e+00
   6512.348934 7.960700e-15 6.717250e+03 1.000000e+00
   6515.009649 8.134600e-15 6.720000e+03 1.000000e+00
   6517.680367 7.632000e-15 6.722750e+03 1.000000e+00
   6520.341082 7.657500e-15 6.725500e+03 1.000000e+00
   6523.011800 8.338300e-15 6.728250e+03 1.000000e+00
   6525.672515 7.961400e-15 6.731000e+03 1.000000e+00
   6528.343232 8.313600e-15 6.733750e+03 1.000000e+00
   6531.003947 8.259700e-15 6.736500e+03 1.000000e+00
   6533.674665 7.868100e-15 6.739250e+03 1.000000e+00
   6536.345383 8.417900e-15 6.742000e+03 1.000000e+00
   6539.006098 8.675400e-15 6.744750e+03 1.000000e+00
   6541.676816 8.492300e-15 6.747500e+03 1.000000e+00
   6544.337531 9.276400e-15 6.750250e+03 1.000000e+00
   6547.008248 1.029800e-14 6.753000e+03 1.000000e+00
   6549.668964 1.149500e-14 6.755750e+03 1.000000e+00
   6552.339681 1.150100e-14 6.758500e+03 1.000000e+00
   6555.000396 1.129900e-14 6.761250e+03 1.000000e+00
   6557.671114 1.311200e-14 6.764000e+03 1.000000e+00
   6560.331829 2.476000e-14 6.766750e+03 1.000000e+00
   6563.002547 4.035600e-14 6.769500e+03 1.000000e+00
   6565.663262 4.792100e-14 6.772250e+03 1.000000e+00
   6568.333980 3.790400e-14 6.775000e+03 1.000000e+00
   6570.994695 2.083200e-14 6.777750e+03 1.000000e+00
   6573.665413 1.123900e-14 6.780500e+03 1.000000e+00
   6576.336131 8.779800e-15 6.783250e+03 1.000000e+00
   6578.996846 1.067100e-14 6.786000e+03 1.000000e+00
   6581.667564 1.398200e-14 6.788750e+03 1.000000e+00
   6584.328279 1.920900e-14 6.791500e+03 1.000000e+00
   6586.998997 1.886200e-14 6.794250e+03 1.000000e+00
   6589.659712 1.513600e-14 6.797000e+03 1.000000e+00
   6592.330430 1.096200e-14 6.799750e+03 1.000000e+00
   6594.991145 8.707200e-15 6.802500e+03 1.000000e+00
   6597.661863 7.690900e-15 6.805250e+03 1.000000e+00
   6600.322579 7.951800e-15 6.808000e+03 1.000000e+00
   6602.993297 7.847900e-15 6.810750e+03 1.000000e+00
   6605.654012 8.230400e-15 6.813500e+03 1.000000e+00
   6608.324730 7.355600e-15 6.816250e+03 1.000000e+00
   6610.995448 7.472700e-15 6.819000e+03 1.000000e+00
   6613.656163 7.523500e-15 6.821750e+03 1.000000e+00
   6616.326881 7.899700e-15 6.824500e+03 1.000000e+00
   6618.987596 7.847200e-15 6.827250e+03 1.000000e+00
   6621.658314 7.746700e-15 6.830000e+03 1.000000e+00
   6630.490689 8.066100e-15 6.839120e+03 0.000000e+00
   6645.774798 8.029500e-15 6.854880e+03 0.000000e+00
   6661.098919 7.993100e-15 6.870680e+03 0.000000e+00
   6676.453047 7.902000e-15 6.886520e+03 0.000000e+00
   6691.847187 7.920700e-15 6.902400e+03 0.000000e+00
   6707.271335 7.848500e-15 6.918310e+03 0.000000e+00
   6722.735494 7.759100e-15 6.934260e+03 0.000000e+00
   6738.229662 7.867500e-15 6.950240e+03 0.000000e+00
   6753.763840 7.742100e-15 6.966260e+03 0.000000e+00
   6769.338030 7.832200e-15 6.982330e+03 0.000000e+00
   6784.932225 7.850700e-15 6.998420e+03 0.000000e+00
   6800.576434 7.743500e-15 7.014550e+03 0.000000e+00
   6816.250651 7.743900e-15 7.030720e+03 0.000000e+00
   6831.964879 7.798000e-15 7.046930e+03 0.000000e+00
   6847.719118 7.638500e-15 7.063180e+03 0.000000e+00
   6863.503366 7.621400e-15 7.079460e+03 0.000000e+00
   6879.327625 7.569400e-15 7.095780e+03 0.000000e+00
   6895.181892 7.483200e-15 7.112140e+03 0.000000e+00
   6911.076170 7.518100e-15 7.128530e+03 0.000000e+00
   6927.010459 7.501300e-15 7.144960e+03 0.000000e+00
   6942.974756 7.588600e-15 7.161430e+03 0.000000e+00
   6958.979065 7.641600e-15 7.177940e+03 0.000000e+00
   6975.023384 7.642100e-15 7.194490e+03 0.000000e+00
   6991.107715 7.624900e-15 7.211080e+03 0.000000e+00
   7007.222054 7.451800e-15 7.227700e+03 0.000000e+00
   7023.366401 7.400900e-15 7.244360e+03 0.000000e+00
   7039.560762 7.556400e-15 7.261060e+03 0.000000e+00
   7055.795134 7.679600e-15 7.277800e+03 0.000000e+00
   7072.049511 7.351300e-15 7.294570e+03 0.000000e+00
   7088.363905 7.505700e-15 7.311390e+03 0.000000e+00
   7104.698305 7.268000e-15 7.328250e+03 0.000000e+00
   7121.072716 7.152200e-15 7.345140e+03 0.000000e+00
   7137.497140 7.119800e-15 7.362070e+03 0.000000e+00
   7153.941570 7.186100e-15 7.379040e+03 0.000000e+00
   7170.436014 7.203100e-15 7.396050e+03 0.000000e+00
   7186.960466 6.959000e-15 7.413100e+03 0.000000e+00
   7203.534932 6.863900e-15 7.430190e+03 0.000000e+00
   7220.139406 7.154800e-15 7.447320e+03 0.000000e+00
   7236.783891 7.171700e-15 7.464490e+03 0.000000e+00
   7253.468387 6.976700e-15 7.481700e+03 0.000000e+00
   7270.182892 7.057900e-15 7.498940e+03 0.000000e+00
   7286.947410 6.977600e-15 7.516230e+03 0.000000e+00
   7303.741937 7.140500e-15 7.533560e+03 0.000000e+00
   7320.586477 7.075500e-15 7.550920e+03 0.000000e+00
   7337.461026 7.190900e-15 7.568330e+03 0.000000e+00
   7354.375585 7.174800e-15 7.585780e+03 0.000000e+00
   7371.330156 7.142300e-15 7.603260e+03 0.000000e+00
   7388.314735 7.376700e-15 7.620790e+03 0.000000e+00
   7405.349328 7.259200e-15 7.638360e+03 0.000000e+00
   7422.423932 7.160100e-15 7.655970e+03 0.000000e+00
   7439.528544 7.243400e-15 7.673610e+03 0.000000e+00
   7456.683170 7.144500e-15 7.691300e+03 0.000000e+00
   7473.867804 7.194400e-15 7.709040e+03 0.000000e+00
   7491.102452 7.161800e-15 7.726810e+03 0.000000e+00
   7508.367108 7.211900e-15 7.744620e+03 0.000000e+00
   7525.681778 7.262400e-15 7.762470e+03 0.000000e+00
   7543.026457 7.262800e-15 7.780370e+03 0.000000e+00
   7560.411146 7.196700e-15 7.798300e+03 0.000000e+00
   7577.835847 7.147600e-15 7.816280e+03 0.000000e+00
   7595.310561 7.115200e-15 7.834300e+03 0.000000e+00
   7612.815283 7.034200e-15 7.852360e+03 0.000000e+00
   7630.370019 6.906300e-15 7.870460e+03 0.000000e+00
   7647.954764 6.890800e-15 7.888600e+03 0.000000e+00
   7665.589522 6.907200e-15 7.906790e+03 0.000000e+00
   7683.254289 6.703900e-15 7.925010e+03 0.000000e+00
   7700.969069 6.766400e-15 7.943280e+03 0.000000e+00
   7718.723860 6.720200e-15 7.961590e+03 0.000000e+00
   7736.518663 6.659000e-15 7.979950e+03 0.000000e+00
   7754.353476 6.644200e-15 7.998340e+03 0.000000e+00
   7772.228300 6.721500e-15 8.016780e+03 0.000000e+00
   7790.143136 6.538800e-15 8.035260e+03 0.000000e+00
   7808.097982 6.554300e-15 8.053780e+03 0.000000e+00
   7826.102842 6.769400e-15 8.072350e+03 0.000000e+00
   7844.137711 6.525000e-15 8.090960e+03 0.000000e+00
   7862.222593 6.692800e-15 8.109610e+03 0.000000e+00
   7880.347486 6.677900e-15 8.128310e+03 0.000000e+00
   7898.512391 6.724600e-15 8.147040e+03 0.000000e+00
   7916.717306 6.617500e-15 8.165820e+03 0.000000e+00
   7934.972235 6.482200e-15 8.184650e+03 0.000000e+00
   7953.267175 6.320500e-15 8.203520e+03 0.000000e+00
   7971.602126 6.453300e-15 8.222430e+03 0.000000e+00
   7989.977088 6.468600e-15 8.241380e+03 0.000000e+00
   8008.392061 6.395000e-15 8.260380e+03 0.000000e+00
   8026.857048 6.604900e-15 8.279420e+03 0.000000e+00
   8045.352044 6.635900e-15 8.298510e+03 0.000000e+00
   8063.907055 6.636300e-15 8.317640e+03 0.000000e+00
   8082.492075 6.426200e-15 8.336810e+03 0.000000e+00
   8101.127109 6.180000e-15 8.356030e+03 0.000000e+00
   8119.802153 6.546600e-15 8.375290e+03 0.000000e+00
   8138.517209 6.577200e-15 8.394600e+03 0.000000e+00
   8157.282279 6.442800e-15 8.413950e+03 0.000000e+00
   8176.087359 6.267600e-15 8.433350e+03 0.000000e+00
   8194.932451 6.153700e-15 8.452790e+03 0.000000e+00
   8213.817553 6.429300e-15 8.472270e+03 0.000000e+00
   8232.752669 6.297900e-15 8.491800e+03 0.000000e+00
   8251.737799 6.549700e-15 8.511380e+03 0.000000e+00
   8270.752938 6.430600e-15 8.531000e+03 0.000000e+00
   8289.818090 6.342800e-15 8.550670e+03 0.000000e+00
   8308.933255 6.343300e-15 8.570380e+03 0.000000e+00
   8328.088432 6.314600e-15 8.590140e+03 0.000000e+00
   8347.283620 6.214000e-15 8.609940e+03 0.000000e+00
   8366.528822 6.315400e-15 8.629790e+03 0.000000e+00
   8385.814034 6.214900e-15 8.649680e+03 0.000000e+00
   8405.149260 6.301800e-15 8.669620e+03 0.000000e+00
   8424.524498 6.130500e-15 8.689600e+03 0.000000e+00
   8443.939746 6.288200e-15 8.709640e+03 0.000000e+00
   8463.405008 6.202300e-15 8.729710e+03 0.000000e+00
   8482.920284 6.047600e-15 8.749840e+03 0.000000e+00
   8502.475571 6.217500e-15 8.770010e+03 0.000000e+00
   8522.070868 6.146800e-15 8.790230e+03 0.000000e+00
   8541.716180 6.147200e-15 8.810490e+03 0.000000e+00
   8561.411505 5.844000e-15 8.830800e+03 0.000000e+00
   8581.146842 6.190700e-15 8.851160e+03 0.000000e+00
   8600.922189 6.022400e-15 8.871560e+03 0.000000e+00
   8620.747550 5.981400e-15 8.892010e+03 0.000000e+00
   8640.622925 6.135300e-15 8.912510e+03 0.000000e+00
   8660.548313 5.832600e-15 8.933050e+03 0.000000e+00
   8680.503710 5.532200e-15 8.953650e+03 0.000000e+00
   8700.519123 5.622500e-15 8.974290e+03 0.000000e+00
   8720.574548 6.038900e-15 8.994980e+03 0.000000e+00
   8740.679986 5.984000e-15 9.015710e+03 0.000000e+00
   8760.835437 5.483000e-15 9.036500e+03 0.000000e+00
   8781.020897 5.984900e-15 9.057330e+03 0.000000e+00
   8801.266374 6.012900e-15 9.078200e+03 0.000000e+00
   8821.561864 5.876500e-15 9.099130e+03 0.000000e+00
   8841.897365 6.027700e-15 9.120110e+03 0.000000e+00
   8862.272878 5.823500e-15 9.141130e+03 0.000000e+00
   8882.698404 5.549000e-15 9.162200e+03 0.000000e+00
   8903.183946 5.770900e-15 9.183330e+03 0.000000e+00
   8923.699497 5.798000e-15 9.204500e+03 0.000000e+00
   8944.275064 5.825200e-15 9.225710e+03 0.000000e+00
   8964.900645 5.679900e-15 9.246980e+03 0.000000e+00
   8985.556234 5.563800e-15 9.268300e+03 0.000000e+00
   9006.271839 5.680800e-15 9.289660e+03 0.000000e+00
   9027.037459 4.813300e-15 9.311080e+03 0.000000e+00
   9047.843089 5.976800e-15 9.332540e+03 0.000000e+00
   9068.698733 6.144800e-15 9.354060e+03 0.000000e+00
   9089.604391 5.801500e-15 9.375620e+03 0.000000e+00
   9110.560063 5.682900e-15 9.397230e+03 0.000000e+00
   9131.565748 5.415100e-15 9.418900e+03 0.000000e+00
   9152.611444 5.762800e-15 9.440610e+03 0.000000e+00
   9173.717157 5.789900e-15 9.462370e+03 0.000000e+00
   9194.862881 5.710900e-15 9.484180e+03 0.000000e+00
   9216.058618 5.764200e-15 9.506050e+03 0.000000e+00
   9237.304369 5.114100e-15 9.527960e+03 0.000000e+00
   9258.600134 5.455100e-15 9.549930e+03 0.000000e+00
   9279.935910 5.940700e-15 9.571940e+03 0.000000e+00
   9301.331703 5.583000e-15 9.594010e+03 0.000000e+00
   9322.777509 5.687300e-15 9.616120e+03 0.000000e+00
   9344.263326 5.661600e-15 9.638290e+03 0.000000e+00
   9365.799157 5.610100e-15 9.660510e+03 0.000000e+00
   9387.395004 5.636400e-15 9.682780e+03 0.000000e+00
   9409.030862 5.546700e-15 9.705100e+03 0.000000e+00
   9430.726737 5.624300e-15 9.727470e+03 0.000000e+00
   9452.462623 5.573200e-15 9.749900e+03 0.000000e+00
   9474.258525 5.612300e-15 9.772370e+03 0.000000e+00
   9496.094438 5.586900e-15 9.794900e+03 0.000000e+00
   9517.990368 5.485400e-15 9.817480e+03 0.000000e+00
   9539.926308 5.398100e-15 9.840110e+03 0.000000e+00
   9561.922265 5.073100e-15 9.862790e+03 0.000000e+00
   9583.958233 5.499300e-15 9.885530e+03 0.000000e+00
   9606.054218 5.461900e-15 9.908320e+03 0.000000e+00
   9628.200216 5.462400e-15 9.931160e+03 0.000000e+00
   9650.396228 5.425200e-15 9.954050e+03 0.000000e+00
   9672.642254 5.413200e-15 9.977000e+03 0.000000e+00
   9694.938293 5.438600e-15 1.000000e+04 0.000000e+00
   9717.284346 5.389100e-15 1.002305e+04 0.000000e+00
   9739.680413 5.340200e-15 1.004615e+04 0.000000e+00
   9762.136497 5.316100e-15 1.006931e+04 0.000000e+00
   9784.652596 5.267800e-15 1.009253e+04 0.000000e+00
   9807.198704 5.316900e-15 1.011580e+04 0.000000e+00
   9829.804829 5.280800e-15 1.013912e+04 0.000000e+00
   9852.470970 5.269000e-15 1.016249e+04 0.000000e+00
   9875.177122 5.233200e-15 1.018591e+04 0.000000e+00
   9897.943290 5.221600e-15 1.020939e+04 0.000000e+00
   9920.769475 5.198000e-15 1.023294e+04 0.000000e+00
   9943.635671 5.198400e-15 1.025652e+04 0.000000e+00
   9966.551880 5.175000e-15 1.028017e+04 0.000000e+00
   9989.528106 5.139800e-15 1.030386e+04 0.000000e+00
  10035.630599 5.023600e-15 1.035142e+04 0.000000e+00
  10081.963155 4.910100e-15 1.039921e+04 0.000000e+00
  10128.495766 5.048500e-15 1.044720e+04 0.000000e+00
  10175.248438 5.003100e-15 1.049542e+04 0.000000e+00
  10222.211167 4.980900e-15 1.054386e+04 0.000000e+00
  10269.403959 4.970300e-15 1.059254e+04 0.000000e+00
  10293.070374 4.936500e-15 1.061696e+04 0.000000e+00
  10508.598804 4.737500e-15 1.083927e+04 0.000000e+00
  10703.971782 4.524200e-15 1.104079e+04 0.000000e+00
  10902.975754 4.251500e-15 1.124605e+04 0.000000e+00
  11105.670737 4.145200e-15 1.145513e+04 0.000000e+00
  11312.136753 4.004500e-15 1.166809e+04 0.000000e+00
  11495.946630 3.922300e-15 1.185768e+04 0.000000e+00
  11709.664632 3.789200e-15 1.207813e+04 0.000000e+00
  11899.946281 3.643700e-15 1.227440e+04 0.000000e+00
  12093.308773 3.544400e-15 1.247384e+04 0.000000e+00
  12289.802122 3.455800e-15 1.267652e+04 0.000000e+00
  12489.496346 3.346100e-15 1.288250e+04 0.000000e+00
  12692.431458 3.247500e-15 1.309182e+04 0.000000e+00
  12898.667472 3.159000e-15 1.330455e+04 0.000000e+00
  13108.254403 3.087100e-15 1.352073e+04 0.000000e+00
  13290.603940 2.989100e-15 1.370882e+04 0.000000e+00
  13506.562613 2.921100e-15 1.393157e+04 0.000000e+00
  13694.453666 2.854600e-15 1.412538e+04 0.000000e+00
  13916.974133 2.757700e-15 1.435490e+04 0.000000e+00
  14110.576747 2.657900e-15 1.455459e+04 0.000000e+00
  14306.880099 2.609400e-15 1.475707e+04 0.000000e+00
  14505.904195 2.591500e-15 1.496236e+04 0.000000e+00
  14707.699048 2.515000e-15 1.517051e+04 0.000000e+00
  14912.294667 2.515000e-15 1.538154e+04 0.000000e+00
  15119.741064 2.497700e-15 1.559552e+04 0.000000e+00
  15294.828668 2.503500e-15 1.577611e+04 0.000000e+00
  15507.596519 2.480500e-15 1.599558e+04 0.000000e+00
  15687.175350 2.424100e-15 1.618080e+04 0.000000e+00
  15905.404694 2.341800e-15 1.640590e+04 0.000000e+00
  16089.564776 2.347200e-15 1.659586e+04 0.000000e+00
  16313.395649 2.336400e-15 1.682673e+04 0.000000e+00
  16502.297027 2.283200e-15 1.702158e+04 0.000000e+00
  16693.389002 2.262300e-15 1.721869e+04 0.000000e+00
  16886.701584 2.205700e-15 1.741808e+04 0.000000e+00
  17121.615485 2.165400e-15 1.766039e+04 0.000000e+00
  17319.859413 2.072700e-15 1.786487e+04 0.000000e+00
  17520.423976 2.025600e-15 1.807174e+04 0.000000e+00
  17723.299169 1.956800e-15 1.828101e+04 0.000000e+00
  17887.283784 1.890400e-15 1.845014e+04 0.000000e+00
  18094.410138 1.801100e-15 1.866379e+04 0.000000e+00
  18303.937147 1.764200e-15 1.887991e+04 0.000000e+00
  18515.894820 1.712200e-15 1.909854e+04 0.000000e+00
  18687.201434 1.638900e-15 1.927524e+04 0.000000e+00
  18903.600319 1.605300e-15 1.949844e+04 0.000000e+00
  19122.499888 1.576000e-15 1.972423e+04 0.000000e+00
  19299.418033 1.522500e-15 1.990672e+04 0.000000e+00
  19522.898852 1.460600e-15 2.013724e+04 0.000000e+00
  19703.558019 1.427400e-15 2.032357e+04 0.000000e+00
  19885.857633 1.388500e-15 2.051161e+04 0.000000e+00
  20116.130306 1.363200e-15 2.074913e+04 0.000000e+00
  20302.270969 1.319900e-15 2.094113e+04 0.000000e+00
  20490.112096 1.301800e-15 2.113488e+04 0.000000e+00
  20727.376677 1.269200e-15 2.137962e+04 0.000000e+00
  20919.178885 1.240400e-15 2.157745e+04 0.000000e+00
  21112.721568 1.217700e-15 2.177709e+04 0.000000e+00
  21308.084748 1.192700e-15 2.197860e+04 0.000000e+00
  21505.258422 1.165600e-15 2.218197e+04 0.000000e+00
  21704.232587 1.126000e-15 2.238721e+04 0.000000e+00
  21905.067260 1.110600e-15 2.259436e+04 0.000000e+00
  22107.732432 1.082800e-15 2.280341e+04 0.000000e+00
  22312.308126 1.055000e-15 2.301442e+04 0.000000e+00
  22518.764333 1.020300e-15 2.322738e+04 0.000000e+00
  22727.111056 9.843300e-16 2.344228e+04 0.000000e+00
  22884.663950 8.905000e-16 2.360479e+04 0.000000e+00
  23096.401598 8.747300e-16 2.382319e+04 0.000000e+00
  23310.119787 7.727200e-16 2.404363e+04 0.000000e+00
  23525.818515 7.262100e-16 2.426611e+04 0.000000e+00
  23688.872911 7.265700e-16 2.443431e+04 0.000000e+00
  23908.072595 6.670200e-16 2.466040e+04 0.000000e+00
  24129.282827 6.410400e-16 2.488857e+04 0.000000e+00
  24296.548372 6.278800e-16 2.506110e+04 0.000000e+00
  24521.349584 5.840100e-16 2.529297e+04 0.000000e+00
  24691.335871 5.691900e-16 2.546831e+04 0.000000e+00
  24776.058941 4.039800e-16 2.555570e+04 2.000000e+00
  24869.904496 3.931000e-16 2.565250e+04 2.000000e+00
  24963.750050 4.213300e-16 2.574930e+04 2.000000e+00
  25057.505581 4.565700e-16 2.584600e+04 2.000000e+00
  25151.351135 4.504500e-16 2.594280e+04 2.000000e+00
  25245.196691 4.717200e-16 2.603960e+04 2.000000e+00
  25338.942219 4.910900e-16 2.613630e+04 2.000000e+00
  25432.797777 5.294900e-16 2.623310e+04 2.000000e+00
  25526.543305 5.136900e-16 2.632980e+04 2.000000e+00
  25620.388861 5.056600e-16 2.642660e+04 2.000000e+00
  25714.234417 5.165600e-16 2.652340e+04 2.000000e+00
  25807.989948 5.239300e-16 2.662010e+04 2.000000e+00
  25901.835505 5.523000e-16 2.671690e+04 2.000000e+00
  25995.681061 5.554600e-16 2.681370e+04 2.000000e+00
  26089.426590 5.392800e-16 2.691040e+04 2.000000e+00
  26183.282150 5.190000e-16 2.700720e+04 2.000000e+00
  26277.027679 5.024700e-16 2.710390e+04 2.000000e+00
  26370.873236 4.832500e-16 2.720070e+04 2.000000e+00
  26464.718794 4.722600e-16 2.729750e+04 2.000000e+00
  26558.464324 4.613400e-16 2.739420e+04 2.000000e+00
  26652.319884 4.414400e-16 2.749100e+04 2.000000e+00
  26746.165441 4.148500e-16 2.758780e+04 2.000000e+00
  26839.910972 4.092700e-16 2.768450e+04 2.000000e+00
  26933.756530 4.356900e-16 2.778130e+04 2.000000e+00
  27027.512063 4.451000e-16 2.787800e+04 2.000000e+00
  27121.357621 4.214500e-16 2.797480e+04 2.000000e+00
  27215.203180 3.409800e-16 2.807160e+04 2.000000e+00
  27308.948711 3.024700e-16 2.816830e+04 2.000000e+00
  27402.804272 3.178900e-16 2.826510e+04 2.000000e+00
  27496.649831 3.595000e-16 2.836190e+04 2.000000e+00
  27590.395362 3.916100e-16 2.845860e+04 2.000000e+00
  27684.240921 3.877100e-16 2.855540e+04 2.000000e+00
  27777.996456 3.632200e-16 2.865210e+04 2.000000e+00
  27871.842015 3.758900e-16 2.874890e+04 2.000000e+00
  27965.687574 3.817500e-16 2.884570e+04 2.000000e+00
  28059.433107 3.827800e-16 2.894240e+04 2.000000e+00
  28153.278666 3.622500e-16 2.903920e+04 2.000000e+00
  28247.134228 3.646900e-16 2.913600e+04 2.000000e+00
  28340.879761 3.411500e-16 2.923270e+04 2.000000e+00
  28434.725321 3.522500e-16 2.932950e+04 2.000000e+00
  28528.480857 3.557600e-16 2.942620e+04 2.000000e+00
  28622.326417 3.562200e-16 2.952300e+04 2.000000e+00
  28716.171977 3.918000e-16 2.961980e+04 2.000000e+00
  28809.917510 3.717900e-16 2.971650e+04 2.000000e+00
  28903.763071 3.620400e-16 2.981330e+04 2.000000e+00
  28997.618634 3.655200e-16 2.991010e+04 2.000000e+00
  29091.364167 4.047800e-16 3.000680e+04 2.000000e+00
  29185.209728 4.049800e-16 3.010360e+04 2.000000e+00
  29278.965265 3.703100e-16 3.020030e+04 2.000000e+00
  29372.810826 3.360300e-16 3.029710e+04 2.000000e+00
  29466.656387 3.300100e-16 3.039390e+04 2.000000e+00
  29560.401921 3.206400e-16 3.049060e+04 2.000000e+00
  29654.247482 3.182500e-16 3.058740e+04 2.000000e+00
  29748.093044 3.120100e-16 3.068420e+04 2.000000e+00
  29841.848581 3.178000e-16 3.078090e+04 2.000000e+00
  29935.694143 3.378400e-16 3.087770e+04 2.000000e+00
  30029.449680 3.106500e-16 3.097440e+04 2.000000e+00
  30123.295242 3.117900e-16 3.107120e+04 2.000000e+00
  30217.140804 3.016400e-16 3.116800e+04 2.000000e+00
  30310.886338 3.232600e-16 3.126470e+04 2.000000e+00
  30404.731901 2.933300e-16 3.136150e+04 2.000000e+00
  30498.577463 2.911600e-16 3.145830e+04 2.000000e+00
  30592.333001 3.054900e-16 3.155500e+04 2.000000e+00
  30686.178563 3.029300e-16 3.165180e+04 2.000000e+00
  30779.924099 2.797700e-16 3.174850e+04 2.000000e+00
  30873.779664 2.615200e-16 3.184530e+04 2.000000e+00
  30967.625227 2.677500e-16 3.194210e+04 2.000000e+00
  31061.370762 2.811400e-16 3.203880e+04 2.000000e+00
  31155.216325 3.111000e-16 3.213560e+04 2.000000e+00
  31249.061888 3.333500e-16 3.223240e+04 2.000000e+00
  31342.817427 3.243500e-16 3.232910e+04 2.000000e+00
  31436.662990 3.332900e-16 3.242590e+04 2.000000e+00
  31530.408526 3.228800e-16 3.252260e+04 2.000000e+00
  31624.264092 2.893100e-16 3.261940e+04 2.000000e+00
  31718.109656 2.832900e-16 3.271620e+04 2.000000e+00
  31811.855192 2.843200e-16 3.281290e+04 2.000000e+00
  31905.700755 2.947800e-16 3.290970e+04 2.000000e+00
  31999.546319 2.931400e-16 3.300650e+04 2.000000e+00
  32093.301858 3.025900e-16 3.310320e+04 2.000000e+00
  32187.147422 3.645600e-16 3.320000e+04 2.000000e+00
  32280.892959 4.543700e-16 3.329670e+04 2.000000e+00
  32374.738523 5.091600e-16 3.339350e+04 2.000000e+00
  32468.594090 5.534000e-16 3.349030e+04 2.000000e+00
  32562.339627 5.973300e-16 3.358700e+04 2.000000e+00
  32656.185191 6.257400e-16 3.368380e+04 2.000000e+00
  32750.030755 6.517800e-16 3.378060e+04 2.000000e+00
  32843.786295 5.642100e-16 3.387730e+04 2.000000e+00
  32937.631860 6.319700e-16 3.397410e+04 2.000000e+00
  33031.377397 5.917800e-16 3.407080e+04 2.000000e+00
  33125.232964 5.267200e-16 3.416760e+04 2.000000e+00
  33219.068526 4.682900e-16 3.426440e+04 2.000000e+00
  33312.824067 4.312900e-16 3.436110e+04 2.000000e+00
  33406.669632 4.060100e-16 3.445790e+04 2.000000e+00
  33500.515197 3.821700e-16 3.455470e+04 2.000000e+00
  33594.270737 3.698800e-16 3.465140e+04 2.000000e+00
  33688.116302 3.855400e-16 3.474820e+04 2.000000e+00
  33781.861840 4.084900e-16 3.484490e+04 2.000000e+00
  33875.707405 4.452200e-16 3.494170e+04 2.000000e+00
  33969.552970 4.479600e-16 3.503850e+04 2.000000e+00
  34063.308511 4.239100e-16 3.513520e+04 2.000000e+00
  34157.154077 3.839400e-16 3.523200e+04 2.000000e+00
  34250.999642 3.413500e-16 3.532880e+04 2.000000e+00
  34344.755183 3.171600e-16 3.542550e+04 2.000000e+00
  34438.590746 3.078000e-16 3.552230e+04 2.000000e+00
  34532.346287 3.161900e-16 3.561900e+04 2.000000e+00
  34626.191853 3.078700e-16 3.571580e+04 2.000000e+00
  34720.047422 2.953400e-16 3.581260e+04 2.000000e+00
  34813.792960 2.676900e-16 3.590930e+04 2.000000e+00
  34907.638526 2.443800e-16 3.600610e+04 2.000000e+00
  35001.484092 2.301200e-16 3.610290e+04 2.000000e+00
  35095.239634 2.162900e-16 3.619960e+04 2.000000e+00
  35189.085200 2.090700e-16 3.629640e+04 2.000000e+00
  35282.830739 2.056100e-16 3.639310e+04 2.000000e+00
  35376.676305 2.236100e-16 3.648990e+04 2.000000e+00
  35470.521872 2.524600e-16 3.658670e+04 2.000000e+00
  35564.277413 2.611700e-16 3.668340e+04 2.000000e+00
  35658.122980 2.699500e-16 3.678020e+04 2.000000e+00
  35751.968546 2.658100e-16 3.687700e+04 2.000000e+00
  35845.714086 2.517700e-16 3.697370e+04 2.000000e+00
  35939.569655 2.610800e-16 3.707050e+04 2.000000e+00
  36033.315195 2.546900e-16 3.716720e+04 2.000000e+00
  36127.160761 2.537500e-16 3.726400e+04 2.000000e+00
  36221.006328 2.517700e-16 3.736080e+04 2.000000e+00
  36314.761870 2.625100e-16 3.745750e+04 2.000000e+00
  36408.607437 2.628900e-16 3.755430e+04 2.000000e+00
  36502.453004 2.557000e-16 3.765110e+04 2.000000e+00
  36596.198544 2.316400e-16 3.774780e+04 2.000000e+00
  36690.054114 2.364400e-16 3.784460e+04 2.000000e+00
  36783.799654 2.266200e-16 3.794130e+04 2.000000e+00
  36877.645221 2.375600e-16 3.803810e+04 2.000000e+00
  36971.490788 2.258100e-16 3.813490e+04 2.000000e+00
  37065.236328 2.258000e-16 3.823160e+04 2.000000e+00
  37159.091898 2.354300e-16 3.832840e+04 2.000000e+00
  37252.937466 2.280200e-16 3.842520e+04 2.000000e+00
  37346.683006 2.278400e-16 3.852190e+04 2.000000e+00
  37440.528574 2.205500e-16 3.861870e+04 2.000000e+00
  37534.284117 2.282400e-16 3.871540e+04 2.000000e+00
  37628.129684 2.123800e-16 3.881220e+04 2.000000e+00
  37721.975252 1.971600e-16 3.890900e+04 2.000000e+00
  37815.730795 1.925100e-16 3.900570e+04 2.000000e+00
  37909.576363 1.901800e-16 3.910250e+04 2.000000e+00
  38003.421931 1.924100e-16 3.919930e+04 2.000000e+00
  38097.167471 1.828100e-16 3.929600e+04 2.000000e+00
  38191.013039 1.904000e-16 3.939280e+04 2.000000e+00
  38284.768583 1.968800e-16 3.948950e+04 2.000000e+00
  38378.614151 2.257200e-16 3.958630e+04 2.000000e+00
  38472.459719 2.146000e-16 3.968310e+04 2.000000e+00
  38566.215262 1.905300e-16 3.977980e+04 2.000000e+00
  38660.050828 1.421200e-16 3.987660e+04 2.000000e+00
  38753.906399 1.370700e-16 3.997340e+04 2.000000e+00
  38847.651940 1.442400e-16 4.007010e+04 2.000000e+00
  38941.497508 1.684600e-16 4.016690e+04 2.000000e+00
  39035.253052 1.763100e-16 4.026360e+04 2.000000e+00
  39129.098620 1.555200e-16 4.036040e+04 2.000000e+00
  39222.944188 1.623100e-16 4.045720e+04 2.000000e+00
  39316.689730 1.889600e-16 4.055390e+04 2.000000e+00
  39410.545301 1.962200e-16 4.065070e+04 2.000000e+00
  39504.390869 2.044500e-16 4.074750e+04 2.000000e+00
  39598.136411 1.987200e-16 4.084420e+04 2.000000e+00
  39691.981979 2.203800e-16 4.094100e+04 2.000000e+00
  39785.737524 1.919800e-16 4.103770e+04 2.000000e+00
  39879.583092 1.870700e-16 4.113450e+04 2.000000e+00
  39973.428661 1.754300e-16 4.123130e+04 2.000000e+00
  40067.174203 2.091400e-16 4.132800e+04 2.000000e+00
  40161.029774 2.193200e-16 4.142480e+04 2.000000e+00
  40254.775316 2.120200e-16 4.152150e+04 2.000000e+00
  40348.620885 1.925600e-16 4.161830e+04 2.000000e+00
  40442.466454 2.067800e-16 4.171510e+04 2.000000e+00
  40536.221998 2.021000e-16 4.181180e+04 2.000000e+00
  40630.067567 1.966400e-16 4.190860e+04 2.000000e+00
  40723.913137 1.756300e-16 4.200540e+04 2.000000e+00
  40817.658678 1.859000e-16 4.210210e+04 2.000000e+00
  40911.514250 1.805600e-16 4.219890e+04 2.000000e+00
  41005.359820 1.793200e-16 4.229570e+04 2.000000e+00
  41099.105362 1.622300e-16 4.239240e+04 2.000000e+00
  41192.950931 1.570300e-16 4.248920e+04 2.000000e+00
  41286.706476 1.640100e-16 4.258590e+04 2.000000e+00
  41380.552045 1.754200e-16 4.268270e+04 2.000000e+00
  41474.397614 1.644100e-16 4.277950e+04 2.000000e+00
  41568.143157 1.448000e-16 4.287620e+04 2.000000e+00
  41661.988726 1.498400e-16 4.297300e+04 2.000000e+00
  41755.844298 1.547800e-16 4.306980e+04 2.000000e+00
  41849.589841 1.590600e-16 4.316650e+04 2.000000e+00
  41943.435410 1.581400e-16 4.326330e+04 2.000000e+00
  42037.190955 1.535500e-16 4.336000e+04 2.000000e+00
  42131.036525 1.509800e-16 4.345680e+04 2.000000e+00
  42224.882095 1.443400e-16 4.355360e+04 2.000000e+00
  42318.627637 1.633900e-16 4.365030e+04 2.000000e+00
  42412.473207 1.883100e-16 4.374710e+04 2.000000e+00
  42506.318777 1.971800e-16 4.384390e+04 2.000000e+00
  42600.074322 1.945400e-16 4.394060e+04 2.000000e+00
  42693.919892 1.682500e-16 4.403740e+04 2.000000e+00
  42787.675438 1.311400e-16 4.413410e+04 2.000000e+00
  42881.511005 1.294400e-16 4.423090e+04 2.000000e+00
  42975.366578 1.126100e-16 4.432770e+04 2.000000e+00
  43069.112120 1.220700e-16 4.442440e+04 2.000000e+00
  43162.957690 1.134400e-16 4.452120e+04 2.000000e+00
  43256.803260 1.421700e-16 4.461800e+04 2.000000e+00
  43350.558806 1.475700e-16 4.471470e+04 2.000000e+00
  43444.404376 1.571300e-16 4.481150e+04 2.000000e+00
  43538.149919 1.458100e-16 4.490820e+04 2.000000e+00
  43632.005492 1.338700e-16 4.500500e+04 2.000000e+00
  43725.851062 1.107700e-16 4.510180e+04 2.000000e+00
  43819.596605 9.429800e-17 4.519850e+04 2.000000e+00
  43913.442176 1.087300e-16 4.529530e+04 2.000000e+00
  44007.287746 1.281900e-16 4.539210e+04 2.000000e+00
  44101.043292 1.217600e-16 4.548880e+04 2.000000e+00
  44194.888862 1.479800e-16 4.558560e+04 2.000000e+00
  44288.634406 1.325300e-16 4.568230e+04 2.000000e+00
  44382.479976 1.352600e-16 4.577910e+04 2.000000e+00
  44476.335549 1.343600e-16 4.587590e+04 2.000000e+00
  44570.081093 1.487700e-16 4.597260e+04 2.000000e+00
  44663.926663 1.321700e-16 4.606940e+04 2.000000e+00
  44757.772234 1.176900e-16 4.616620e+04 2.000000e+00
  44851.527780 1.055700e-16 4.626290e+04 2.000000e+00
  44945.373351 1.226800e-16 4.635970e+04 2.000000e+00
  45039.118894 1.090600e-16 4.645640e+04 2.000000e+00
  45132.974467 1.167800e-16 4.655320e+04 2.000000e+00
  45226.820038 1.025000e-16 4.665000e+04 2.000000e+00
  45320.565582 1.154300e-16 4.674670e+04 2.000000e+00
  45414.411153 8.418000e-17 4.684350e+04 2.000000e+00
  45508.256723 1.043500e-16 4.694030e+04 2.000000e+00
  45602.012270 1.290500e-16 4.703700e+04 2.000000e+00
  45695.847838 1.536600e-16 4.713380e+04 2.000000e+00
  45789.603384 1.604300e-16 4.723050e+04 2.000000e+00
  45883.448955 1.654100e-16 4.732730e+04 2.000000e+00
  45977.304529 1.518600e-16 4.742410e+04 2.000000e+00
  46071.050073 1.598300e-16 4.752080e+04 2.000000e+00
  46164.895644 1.329300e-16 4.761760e+04 2.000000e+00
  46258.741215 1.395000e-16 4.771440e+04 2.000000e+00
  46352.486759 1.398600e-16 4.781110e+04 2.000000e+00
  46446.342332 1.596500e-16 4.790790e+04 2.000000e+00
  46540.087876 1.560900e-16 4.800460e+04 2.000000e+00
  46633.943450 1.580100e-16 4.810140e+04 2.000000e+00
  46727.779019 1.551200e-16 4.819820e+04 2.000000e+00
  46821.534565 1.474300e-16 4.829490e+04 2.000000e+00
  46915.380137 1.283700e-16 4.839170e+04 2.000000e+00
  47009.225708 1.012500e-16 4.848850e+04 2.000000e+00
  47102.971252 1.192500e-16 4.858520e+04 2.000000e+00
  47196.826826 1.383300e-16 4.868200e+04 2.000000e+00
  47290.572370 1.732500e-16 4.877870e+04 2.000000e+00
  47384.417942 1.581500e-16 4.887550e+04 2.000000e+00
  47478.263513 1.409700e-16 4.897230e+04 2.000000e+00
  47572.019060 1.283100e-16 4.906900e+04 2.000000e+00
  47665.864631 1.440300e-16 4.916580e+04 2.000000e+00
  47759.710203 1.332700e-16 4.926260e+04 2.000000e+00
  47853.455747 1.268600e-16 4.935930e+04 2.000000e+00
  47947.311321 1.217500e-16 4.945610e+04 2.000000e+00
  48042.027130 1.187400e-16 4.955380e+04 2.000000e+00
  48522.448038 1.130300e-16 5.004934e+04 0.000000e+00
  49007.670255 1.072700e-16 5.054983e+04 0.000000e+00
  49497.743795 1.014400e-16 5.105533e+04 0.000000e+00
  49992.728673 9.555700e-17 5.156588e+04 0.000000e+00
  50492.654899 8.961500e-17 5.208154e+04 0.000000e+00
  50580.838928 8.856700e-17 5.217250e+04 3.000000e+00
  50874.008815 9.101200e-17 5.247490e+04 3.000000e+00
  51167.188704 9.842800e-17 5.277730e+04 3.000000e+00
  51460.358591 1.114900e-16 5.307970e+04 3.000000e+00
  51753.538481 1.117700e-16 5.338210e+04 3.000000e+00
  52046.808396 1.291500e-16 5.368460e+04 3.000000e+00
  52339.978283 1.682000e-16 5.398700e+04 3.000000e+00
  52633.148171 1.697100e-16 5.428940e+04 3.000000e+00
  52926.328062 1.343300e-16 5.459180e+04 3.000000e+00
  53219.497950 1.338400e-16 5.489420e+04 3.000000e+00
  53512.777868 1.417300e-16 5.519670e+04 3.000000e+00
  53805.947756 1.233000e-16 5.549910e+04 3.000000e+00
  54099.127648 1.097200e-16 5.580150e+04 3.000000e+00
  54392.297537 1.141300e-16 5.610390e+04 3.000000e+00
  54685.467425 8.872500e-17 5.640630e+04 3.000000e+00
  54978.737342 1.132200e-16 5.670880e+04 3.000000e+00
  55271.917234 1.090100e-16 5.701120e+04 3.000000e+00
  55565.087123 1.200900e-16 5.731360e+04 3.000000e+00
  55858.267015 1.544600e-16 5.761600e+04 3.000000e+00
  56151.446908 1.654500e-16 5.791840e+04 3.000000e+00
  56444.716825 1.870300e-16 5.822090e+04 3.000000e+00
  56737.886715 1.884900e-16 5.852330e+04 3.000000e+00
  57031.056605 1.977200e-16 5.882570e+04 3.000000e+00
  57324.236498 2.145900e-16 5.912810e+04 3.000000e+00
  57617.406389 2.019800e-16 5.943050e+04 3.000000e+00
  57910.676307 1.954200e-16 5.973300e+04 3.000000e+00
  58203.856200 1.975600e-16 6.003540e+04 3.000000e+00
  58497.026091 1.922000e-16 6.033780e+04 3.000000e+00
  58790.205984 2.018700e-16 6.064020e+04 3.000000e+00
  59083.375876 2.060400e-16 6.094260e+04 3.000000e+00
  59376.645794 2.004900e-16 6.124510e+04 3.000000e+00
  59669.825688 2.294700e-16 6.154750e+04 3.000000e+00
  59962.995580 2.785700e-16 6.184990e+04 3.000000e+00
  60256.175474 3.190300e-16 6.215230e+04 3.000000e+00
  60549.345366 3.218500e-16 6.245470e+04 3.000000e+00
  60842.625288 3.374500e-16 6.275720e+04 3.000000e+00
  61135.795180 4.033700e-16 6.305960e+04 3.000000e+00
  61428.975074 5.510500e-16 6.336200e+04 3.000000e+00
  61722.144966 7.781600e-16 6.366440e+04 3.000000e+00
  62015.314859 1.029200e-15 6.396680e+04 3.000000e+00
  62308.584778 1.033100e-15 6.426930e+04 3.000000e+00
  62601.764674 9.123900e-16 6.457170e+04 3.000000e+00
  62894.934566 7.319200e-16 6.487410e+04 3.000000e+00
  63188.114462 6.026700e-16 6.517650e+04 3.000000e+00
  63481.284355 5.170200e-16 6.547890e+04 3.000000e+00
  63774.554275 4.441800e-16 6.578140e+04 3.000000e+00
  64067.734171 4.016200e-16 6.608380e+04 3.000000e+00
  64360.904064 3.582700e-16 6.638620e+04 3.000000e+00
  64654.083960 3.362000e-16 6.668860e+04 3.000000e+00
  64947.253853 3.046200e-16 6.699100e+04 3.000000e+00
  65240.523774 3.111500e-16 6.729350e+04 3.000000e+00
  65533.703670 2.921700e-16 6.759590e+04 3.000000e+00
  65826.883566 2.881400e-16 6.789830e+04 3.000000e+00
  66120.043457 3.084800e-16 6.820070e+04 3.000000e+00
  66413.223354 3.051400e-16 6.850310e+04 3.000000e+00
  66706.493275 2.916300e-16 6.880560e+04 3.000000e+00
  66999.673172 2.911300e-16 6.910800e+04 3.000000e+00
  67292.843066 2.957800e-16 6.941040e+04 3.000000e+00
  67586.022963 2.922000e-16 6.971280e+04 3.000000e+00
  67879.192857 2.811300e-16 7.001520e+04 3.000000e+00
  68172.472781 2.912900e-16 7.031770e+04 3.000000e+00
  68465.642676 2.979900e-16 7.062010e+04 3.000000e+00
  68758.812570 3.063700e-16 7.092250e+04 3.000000e+00
  69051.982465 3.256500e-16 7.122490e+04 3.000000e+00
  69345.162362 3.409900e-16 7.152730e+04 3.000000e+00
  69638.432284 3.873300e-16 7.182980e+04 3.000000e+00
  69931.612182 4.129700e-16 7.213220e+04 3.000000e+00
  70224.782077 3.912500e-16 7.243460e+04 3.000000e+00
  70517.961974 3.898500e-16 7.273700e+04 3.000000e+00
  70811.131869 3.886400e-16 7.303940e+04 3.000000e+00
  71104.401792 3.956300e-16 7.334190e+04 3.000000e+00
  71397.571687 3.946000e-16 7.364430e+04 3.000000e+00
  71690.751585 3.945700e-16 7.394670e+04 3.000000e+00
  71983.931483 4.134700e-16 7.424910e+04 3.000000e+00
  72277.101378 4.334300e-16 7.455150e+04 3.000000e+00
  72570.371301 4.545700e-16 7.485400e+04 3.000000e+00
  72863.541197 4.694000e-16 7.515640e+04 3.000000e+00
  73156.721095 5.082500e-16 7.545880e+04 3.000000e+00
  73449.890991 5.255900e-16 7.576120e+04 3.000000e+00
  74036.240785 6.063400e-16 7.636600e+04 3.000000e+00
  74622.690607 7.054900e-16 7.697090e+04 3.000000e+00
  75209.030399 8.245200e-16 7.757570e+04 3.000000e+00
  75795.390196 9.425900e-16 7.818050e+04 3.000000e+00
  76381.830016 1.003100e-15 7.878540e+04 3.000000e+00
  76968.189814 9.568900e-16 7.939020e+04 3.000000e+00
  77554.629635 9.115400e-16 7.999510e+04 3.000000e+00
  78140.979431 8.804900e-16 8.059990e+04 3.000000e+00
  78727.329227 8.126700e-16 8.120470e+04 3.000000e+00
  79313.769048 7.078300e-16 8.180959e+04 3.000000e+00
  79900.118844 6.084200e-16 8.241440e+04 3.000000e+00
  80486.468641 5.327400e-16 8.301920e+04 3.000000e+00
  81072.908463 4.694800e-16 8.362409e+04 3.000000e+00
  81659.268263 4.381500e-16 8.422890e+04 3.000000e+00
  82245.608057 4.264800e-16 8.483370e+04 3.000000e+00
  82832.057882 4.308400e-16 8.543860e+04 3.000000e+00
  83418.407680 4.237400e-16 8.604340e+04 3.000000e+00
  84004.857505 4.241700e-16 8.664830e+04 3.000000e+00
  84591.207303 4.435900e-16 8.725310e+04 3.000000e+00
  85177.557102 4.775600e-16 8.785791e+04 3.000000e+00
  85764.006928 4.996200e-16 8.846280e+04 3.000000e+00
  86350.346723 4.834800e-16 8.906760e+04 3.000000e+00
  86936.706525 4.350700e-16 8.967241e+04 3.000000e+00
  87523.136346 3.582900e-16 9.027730e+04 3.000000e+00
  88109.496148 2.969900e-16 9.088210e+04 3.000000e+00
  88695.835944 2.564100e-16 9.148690e+04 3.000000e+00
  89282.285771 2.254400e-16 9.209180e+04 3.000000e+00
  89868.635571 2.207100e-16 9.269660e+04 3.000000e+00
  90455.075395 1.945200e-16 9.330150e+04 3.000000e+00
  91041.425195 1.762700e-16 9.390630e+04 3.000000e+00
  91627.774995 1.696900e-16 9.451110e+04 3.000000e+00
  92214.214819 1.629100e-16 9.511599e+04 3.000000e+00
  92800.564620 1.589500e-16 9.572080e+04 3.000000e+00
  93386.924423 1.559200e-16 9.632560e+04 3.000000e+00
  93973.364248 1.475100e-16 9.693050e+04 3.000000e+00
  94559.714049 1.447500e-16 9.753530e+04 3.000000e+00
  95146.053847 1.441100e-16 9.814009e+04 3.000000e+00
  95732.513678 1.508600e-16 9.874500e+04 3.000000e+00
  96318.863479 1.503200e-16 9.934980e+04 3.000000e+00
  96905.313307 1.513000e-16 9.995470e+04 3.000000e+00
  97491.653106 1.391000e-16 1.005595e+05 3.000000e+00
  98078.002907 1.333100e-16 1.011643e+05 3.000000e+00
  98664.452736 1.303100e-16 1.017692e+05 3.000000e+00
  99250.802537 1.267600e-16 1.023740e+05 3.000000e+00
  99837.152339 1.243700e-16 1.029788e+05 3.000000e+00
 100423.592165 1.230700e-16 1.035837e+05 3.000000e+00
 101009.941967 1.222300e-16 1.041885e+05 3.000000e+00
 101596.291769 1.209100e-16 1.047933e+05 3.000000e+00
 102182.731596 1.195700e-16 1.053982e+05 3.000000e+00
 102769.081398 1.184800e-16 1.060030e+05 3.000000e+00
 103355.541231 1.265900e-16 1.066079e+05 3.000000e+00
 103941.871028 1.271400e-16 1.072127e+05 3.000000e+00
 104528.230833 1.372500e-16 1.078175e+05 3.000000e+00
 105114.680663 1.519400e-16 1.084224e+05 3.000000e+00
 105701.030465 1.579200e-16 1.090272e+05 3.000000e+00
 106287.370265 1.590600e-16 1.096320e+05 3.000000e+00
 106873.820096 1.528600e-16 1.102369e+05 3.000000e+00
 107460.169899 1.592700e-16 1.108417e+05 3.000000e+00
 108046.519702 1.555400e-16 1.114465e+05 3.000000e+00
 108632.959529 1.625100e-16 1.120514e+05 3.000000e+00
 109219.309332 1.786500e-16 1.126562e+05 3.000000e+00
 109805.759163 2.121100e-16 1.132611e+05 3.000000e+00
 110392.098964 2.391600e-16 1.138659e+05 3.000000e+00
 110978.458770 2.695900e-16 1.144707e+05 3.000000e+00
 111564.898598 3.876400e-16 1.150756e+05 3.000000e+00
 112151.248401 5.532800e-16 1.156804e+05 3.000000e+00
 112737.598205 5.626400e-16 1.162852e+05 3.000000e+00
 113324.038033 4.661200e-16 1.168901e+05 3.000000e+00
 113910.387837 3.733700e-16 1.174949e+05 3.000000e+00
 114496.737641 3.023600e-16 1.180997e+05 3.000000e+00
 115083.177470 2.561600e-16 1.187046e+05 3.000000e+00
 115669.537276 2.310700e-16 1.193094e+05 3.000000e+00
 116255.987108 2.169800e-16 1.199143e+05 3.000000e+00
 116842.336912 2.015500e-16 1.205191e+05 3.000000e+00
 117428.676713 1.956200e-16 1.211239e+05 3.000000e+00
 118015.126545 1.962500e-16 1.217288e+05 3.000000e+00
 118601.476349 2.061300e-16 1.223336e+05 3.000000e+00
 119187.826154 2.073700e-16 1.229384e+05 3.000000e+00
 119774.265983 2.067000e-16 1.235433e+05 3.000000e+00
 120360.615787 2.053200e-16 1.241481e+05 3.000000e+00
 120946.975595 1.983100e-16 1.247529e+05 3.000000e+00
 121533.405421 1.937400e-16 1.253578e+05 3.000000e+00
 122119.765229 1.923300e-16 1.259626e+05 3.000000e+00
 122706.205058 2.019000e-16 1.265675e+05 3.000000e+00
 123292.554863 2.088300e-16 1.271723e+05 3.000000e+00
 123878.904668 2.119800e-16 1.277771e+05 3.000000e+00
 124465.354500 2.198500e-16 1.283820e+05 3.000000e+00
 125051.694302 2.298800e-16 1.289868e+05 3.000000e+00
 125638.054110 2.417900e-16 1.295916e+05 3.000000e+00
 126224.503942 2.524600e-16 1.301965e+05 3.000000e+00
 126810.843745 2.669500e-16 1.308013e+05 3.000000e+00
 127397.183547 3.017400e-16 1.314061e+05 3.000000e+00
 127983.633380 3.611100e-16 1.320110e+05 3.000000e+00
 128569.983185 3.322700e-16 1.326158e+05 3.000000e+00
 129156.332990 1.989300e-16 1.332206e+05 3.000000e+00
 129742.782823 1.645600e-16 1.338255e+05 3.000000e+00
 130329.132629 1.524400e-16 1.344303e+05 3.000000e+00
 130915.582461 1.482500e-16 1.350352e+05 3.000000e+00
 131501.922264 1.472300e-16 1.356400e+05 3.000000e+00
 132088.272070 1.473800e-16 1.362448e+05 3.000000e+00
 132674.721903 1.444900e-16 1.368497e+05 3.000000e+00
 133261.071708 1.458900e-16 1.374545e+05 3.000000e+00
 133847.411511 1.432700e-16 1.380593e+05 3.000000e+00
 134433.871347 1.431000e-16 1.386642e+05 3.000000e+00
 135020.211150 1.419100e-16 1.392690e+05 3.000000e+00
 135606.560956 1.431100e-16 1.398738e+05 3.000000e+00
 136193.010789 1.421900e-16 1.404787e+05 3.000000e+00
 136779.360595 1.339300e-16 1.410835e+05 3.000000e+00
 137365.810429 1.342000e-16 1.416884e+05 3.000000e+00
 137952.150232 1.297700e-16 1.422932e+05 3.000000e+00
 138538.500038 1.273800e-16 1.428980e+05 3.000000e+00
 139124.949871 1.206400e-16 1.435029e+05 3.000000e+00
 139711.299677 1.128400e-16 1.441077e+05 3.000000e+00
 140297.639481 1.126200e-16 1.447125e+05 3.000000e+00
 141326.849986 1.219700e-16 1.457741e+05 3.000000e+00
 142147.823738 1.267400e-16 1.466209e+05 3.000000e+00
 142968.787487 1.265600e-16 1.474677e+05 3.000000e+00
 143789.751236 1.163100e-16 1.483145e+05 3.000000e+00
 144610.624961 1.105600e-16 1.491612e+05 3.000000e+00
 145431.588710 1.063800e-16 1.500080e+05 3.000000e+00
 146252.552460 1.030400e-16 1.508548e+05 3.000000e+00
 147073.426184 1.039300e-16 1.517015e+05 3.000000e+00
 147894.389934 1.003100e-16 1.525483e+05 3.000000e+00
 148715.353683 9.867000e-17 1.533951e+05 3.000000e+00
 149536.227409 9.858000e-17 1.542418e+05 3.000000e+00
 150357.181155 9.848300e-17 1.550886e+05 3.000000e+00
 151178.164911 9.734300e-17 1.559354e+05 3.000000e+00
 151999.038636 9.855600e-17 1.567821e+05 3.000000e+00
 152820.002386 9.979400e-17 1.576289e+05 3.000000e+00
 153640.966136 9.930000e-17 1.584757e+05 3.000000e+00
 154461.819856 1.091200e-16 1.593224e+05 3.000000e+00
 155282.793608 1.608600e-16 1.601692e+05 3.000000e+00
 156103.757358 1.647300e-16 1.610160e+05 3.000000e+00
 156924.721109 1.133600e-16 1.618628e+05 3.000000e+00
 157745.594834 1.084400e-16 1.627095e+05 3.000000e+00
 158566.568587 1.079500e-16 1.635563e+05 3.000000e+00
 159387.522335 1.100100e-16 1.644031e+05 3.000000e+00
 160208.406063 1.091900e-16 1.652498e+05 3.000000e+00
 161029.359811 1.109500e-16 1.660966e+05 3.000000e+00
 161850.323561 1.124900e-16 1.669434e+05 3.000000e+00
 162671.207290 1.178500e-16 1.677901e+05 3.000000e+00
 163492.151035 1.372200e-16 1.686369e+05 3.000000e+00
 164313.134791 1.528100e-16 1.694837e+05 3.000000e+00
 165133.988512 1.541800e-16 1.703304e+05 3.000000e+00
 165954.962265 1.413200e-16 1.711772e+05 3.000000e+00
 166775.926016 1.391100e-16 1.720240e+05 3.000000e+00
 167596.789739 1.414600e-16 1.728707e+05 3.000000e+00
 168417.763493 1.415600e-16 1.737175e+05 3.000000e+00
 169238.727244 1.437900e-16 1.745643e+05 3.000000e+00
 170059.690995 1.612200e-16 1.754111e+05 3.000000e+00
 170880.564721 1.604800e-16 1.762578e+05 3.000000e+00
 171701.538475 1.516400e-16 1.771046e+05 3.000000e+00
 172522.492223 1.445300e-16 1.779514e+05 3.000000e+00
 173343.375952 1.445600e-16 1.787981e+05 3.000000e+00
 174164.339703 1.486100e-16 1.796449e+05 3.000000e+00
 174985.303454 1.382100e-16 1.804917e+05 3.000000e+00
 175806.177181 1.267800e-16 1.813384e+05 3.000000e+00
 176627.120927 1.210300e-16 1.821852e+05 3.000000e+00
 177448.104684 1.234400e-16 1.830320e+05 3.000000e+00
 178268.968408 1.225300e-16 1.838787e+05 3.000000e+00
 179089.932159 1.211100e-16 1.847255e+05 3.000000e+00
 179910.895910 1.173700e-16 1.855723e+05 3.000000e+00
 180731.759634 1.139800e-16 1.864190e+05 3.000000e+00
 181552.733388 1.099500e-16 1.872658e+05 3.000000e+00
 182373.707143 1.114500e-16 1.881126e+05 3.000000e+00
 183194.670894 1.134000e-16 1.889594e+05 3.000000e+00
 184015.534618 1.128000e-16 1.898061e+05 3.000000e+00
 184836.508373 1.128200e-16 1.906529e+05 3.000000e+00
 185657.462122 1.183800e-16 1.914997e+05 3.000000e+00
 186478.345851 1.309500e-16 1.923464e+05 3.000000e+00
 187299.309603 1.999400e-16 1.931932e+05 3.000000e+00
 188120.273355 1.475100e-16 1.940400e+05 3.000000e+00
 188941.147082 1.197900e-16 1.948867e+05 3.000000e+00
 189762.120836 1.174200e-16 1.957335e+05 3.000000e+00
 190583.064583 1.154900e-16 1.965803e+05 3.000000e+00
 191403.938310 1.181600e-16 1.974270e+05 3.000000e+00
 192224.902062 1.152800e-16 1.982738e+05 3.000000e+00
 193045.865814 1.137600e-16 1.991206e+05 3.000000e+00
 193866.749544 1.147900e-16 1.999673e+05 3.000000e+00
 194687.703293 1.139800e-16 2.008141e+05 3.000000e+00
 195508.677048 1.150100e-16 2.016609e+05 3.000000e+00
 196329.640800 1.168600e-16 2.025077e+05 3.000000e+00
 197150.504524 1.146900e-16 2.033544e+05 3.000000e+00
 197971.478279 1.139500e-16 2.042012e+05 3.000000e+00
 199613.315759 1.114700e-16 2.058947e+05 3.000000e+00
 201255.243263 1.138800e-16 2.075883e+05 3.000000e+00
 202897.090746 1.166900e-16 2.092818e+05 3.000000e+00
 204538.908220 1.163500e-16 2.109753e+05 3.000000e+00
 206180.835725 1.159100e-16 2.126689e+05 3.000000e+00
 207822.673205 1.165400e-16 2.143624e+05 3.000000e+00
 209464.610712 1.160800e-16 2.160560e+05 3.000000e+00
 211106.448192 1.166700e-16 2.177495e+05 3.000000e+00
 212748.285673 1.183600e-16 2.194430e+05 3.000000e+00
 214390.223180 1.169500e-16 2.211366e+05 3.000000e+00
 216032.060661 1.169900e-16 2.228301e+05 3.000000e+00
 217673.878136 1.194000e-16 2.245236e+05 3.000000e+00
 219315.805641 1.192800e-16 2.262172e+05 3.000000e+00
 220957.653125 1.210000e-16 2.279107e+05 3.000000e+00
 222599.580630 1.203500e-16 2.296043e+05 3.000000e+00
 224241.418111 1.207800e-16 2.312978e+05 3.000000e+00
 225883.245590 1.222200e-16 2.329913e+05 3.000000e+00
 227525.193101 1.250800e-16 2.346849e+05 3.000000e+00
 229167.030582 1.277600e-16 2.363784e+05 3.000000e+00
 230808.858060 1.249500e-16 2.380719e+05 3.000000e+00
 232450.775563 1.244000e-16 2.397655e+05 3.000000e+00
 234092.623047 1.246000e-16 2.414590e+05 3.000000e+00
 235734.550553 1.263500e-16 2.431526e+05 3.000000e+00
 237376.388035 1.265200e-16 2.448461e+05 3.000000e+00
 239018.215514 1.268700e-16 2.465396e+05 3.000000e+00
 240660.163025 1.261300e-16 2.482332e+05 3.000000e+00
 242301.990504 1.254200e-16 2.499267e+05 3.000000e+00
 243943.827986 1.259000e-16 2.516202e+05 3.000000e+00
 245585.775498 1.260900e-16 2.533138e+05 3.000000e+00
 247227.602977 1.259300e-16 2.550073e+05 3.000000e+00
 248869.520480 1.258900e-16 2.567009e+05 3.000000e+00
 250511.347960 1.258000e-16 2.583944e+05 3.000000e+00
 252153.185442 1.269700e-16 2.600879e+05 3.000000e+00
 253795.122951 1.259700e-16 2.617815e+05 3.000000e+00
 255436.960433 1.284800e-16 2.634750e+05 3.000000e+00
 257078.797915 1.300800e-16 2.651685e+05 3.000000e+00
 258720.725422 1.298500e-16 2.668621e+05 3.000000e+00
 260362.562904 1.315100e-16 2.685556e+05 3.000000e+00
 262004.480408 1.268800e-16 2.702492e+05 3.000000e+00
 263646.317891 1.272000e-16 2.719427e+05 3.000000e+00
 265288.185381 1.290000e-16 2.736362e+05 3.000000e+00
 266930.112888 1.279400e-16 2.753298e+05 3.000000e+00
 268571.920362 1.260200e-16 2.770233e+05 3.000000e+00
 270213.747842 1.293700e-16 2.787168e+05 3.000000e+00
 271855.705357 1.299300e-16 2.804104e+05 3.000000e+00
 273497.542840 1.315000e-16 2.821039e+05 3.000000e+00
 275139.470347 1.310100e-16 2.837975e+05 3.000000e+00
 276781.307830 1.303800e-16 2.854910e+05 3.000000e+00
 278423.135310 1.315000e-16 2.871845e+05 3.000000e+00
 280065.062817 1.334200e-16 2.888781e+05 3.000000e+00
 281706.900300 1.351200e-16 2.905716e+05 3.000000e+00
 283348.737783 1.342200e-16 2.922651e+05 3.000000e+00
 284990.665290 1.333200e-16 2.939587e+05 3.000000e+00
 286632.492770 1.326100e-16 2.956522e+05 3.000000e+00
 288274.420278 1.340000e-16 2.973458e+05 3.000000e+00
 289916.287769 1.343700e-16 2.990393e+05 3.000000e+00
 291558.125252 1.327900e-16 3.007328e+05 3.000000e+00
 293200.052759 1.332200e-16 3.024264e+05 3.000000e+00
 294841.880240 1.332100e-16 3.041199e+05 3.000000e+00
 296483.717723 1.328400e-16 3.058134e+05 3.000000e+00
 298125.645230 1.366700e-16 3.075070e+05 3.000000e+00
 299767.482714 1.375700e-16 3.092005e+05 3.000000e+00
 301409.400219 1.355300e-16 3.108941e+05 3.000000e+00
 303051.237702 1.383500e-16 3.125876e+05 3.000000e+00
 304693.075185 1.375400e-16 3.142811e+05 3.000000e+00
 306335.002693 1.409400e-16 3.159747e+05 3.000000e+00
 307976.870184 1.403200e-16 3.176682e+05 3.000000e+00
 309618.697665 1.396100e-16 3.193617e+05 3.000000e+00
 311260.625173 1.397200e-16 3.210553e+05 3.000000e+00
 312902.432648 1.411800e-16 3.227488e+05 3.000000e+00
 314544.390164 1.417900e-16 3.244424e+05 3.000000e+00
 316186.227648 1.424700e-16 3.261359e+05 3.000000e+00
 317828.055128 1.417900e-16 3.278294e+05 3.000000e+00
 319469.982636 1.411800e-16 3.295230e+05 3.000000e+00
 321111.820120 1.457300e-16 3.312165e+05 3.000000e+00
 322753.657603 1.533500e-16 3.329100e+05 3.000000e+00
 324395.615120 1.510200e-16 3.346036e+05 3.000000e+00
 326037.442601 1.482400e-16 3.362971e+05 3.000000e+00
 327679.340101 1.528900e-16 3.379907e+05 3.000000e+00
 329321.177584 1.553700e-16 3.396842e+05 3.000000e+00
 330963.045076 1.514800e-16 3.413777e+05 3.000000e+00
 332604.942576 1.744500e-16 3.430713e+05 3.000000e+00
 334246.770057 2.097800e-16 3.447648e+05 3.000000e+00
 335888.607541 2.006100e-16 3.464583e+05 3.000000e+00
 337530.565057 1.716600e-16 3.481519e+05 3.000000e+00
 339172.372533 1.632300e-16 3.498454e+05 3.000000e+00
