# An Atlas of Galaxy Spectral Energy Distributions from the Ultraviolet to the Mid-Infrared
# Brown et al. (2014)
# http://dx.doi.org/10.5072/03/529D3551F0117
# 
# Column 1 : Restframe Wavelength (Angstrom)
# Column 2 : Flux per unit wavelength (ergs/s/cm^2/Angstrom)
# Column 3 : Observed wavelength (Angstrom)
# Column 4 : Source (0 = model, 1 = Optical Spectrum, 2 = Akari, 3 = Spitzer IRS)
# 
# CONVERTED air -> vacuum (Morton 2000/SDSS) above 2000 A by sedfit; wavelengths below are unchanged (already vacuum by convention).
    102.000000 2.407500e-27 1.054400e+02 0.000000e+00
    103.900000 3.752500e-27 1.074000e+02 0.000000e+00
    106.070000 5.916000e-27 1.096500e+02 0.000000e+00
    108.050000 9.435400e-27 1.116900e+02 0.000000e+00
    110.050000 1.673000e-26 1.137600e+02 0.000000e+00
    113.920000 3.647300e-26 1.177600e+02 0.000000e+00
    117.920000 7.302000e-26 1.219000e+02 0.000000e+00
    120.950000 3.597800e-25 1.250300e+02 0.000000e+00
    124.910000 6.434300e-25 1.291200e+02 0.000000e+00
    126.940000 8.283800e-25 1.312200e+02 0.000000e+00
    128.120000 9.551500e-25 1.324300e+02 0.000000e+00
    131.100000 1.357300e-24 1.355200e+02 0.000000e+00
    132.010000 1.740000e-24 1.364600e+02 0.000000e+00
    133.850000 2.164200e-24 1.383600e+02 0.000000e+00
    136.960000 3.450500e-24 1.415800e+02 0.000000e+00
    140.150000 4.703900e-24 1.448800e+02 0.000000e+00
    143.090000 1.648400e-23 1.479100e+02 0.000000e+00
    147.100000 5.643100e-23 1.520500e+02 0.000000e+00
    150.870000 7.816500e-23 1.559600e+02 0.000000e+00
    155.100000 1.085000e-22 1.603200e+02 0.000000e+00
    159.080000 1.495900e-22 1.644400e+02 0.000000e+00
    162.030000 1.877200e-22 1.674900e+02 0.000000e+00
    166.190000 2.552300e-22 1.717900e+02 0.000000e+00
    170.060000 3.360600e-22 1.757900e+02 0.000000e+00
    172.820000 4.130900e-22 1.786500e+02 0.000000e+00
    176.850000 5.339400e-22 1.828100e+02 0.000000e+00
    180.140000 6.427600e-22 1.862100e+02 0.000000e+00
    181.800000 7.274800e-22 1.879300e+02 0.000000e+00
    186.040000 9.209700e-22 1.923100e+02 0.000000e+00
    190.810000 1.223500e-21 1.972400e+02 0.000000e+00
    193.910000 1.452700e-21 2.004500e+02 0.000000e+00
    197.970000 1.789000e-21 2.046400e+02 0.000000e+00
    202.120000 2.203200e-21 2.089300e+02 0.000000e+00
    204.930000 2.556700e-21 2.118400e+02 0.000000e+00
    210.190000 3.104200e-21 2.172700e+02 0.000000e+00
    216.080000 4.267200e-21 2.233600e+02 0.000000e+00
    220.090000 5.112100e-21 2.275100e+02 0.000000e+00
    223.150000 5.743500e-21 2.306700e+02 0.000000e+00
    226.780000 6.849800e-21 2.344200e+02 0.000000e+00
    229.940000 1.156800e-20 2.376800e+02 0.000000e+00
    234.210000 2.166000e-20 2.421000e+02 0.000000e+00
    240.220000 3.153800e-20 2.483100e+02 0.000000e+00
    245.810000 3.516100e-20 2.541000e+02 0.000000e+00
    252.120000 4.367100e-20 2.606200e+02 0.000000e+00
    256.810000 4.193200e-20 2.654600e+02 0.000000e+00
    259.780000 5.177700e-20 2.685300e+02 0.000000e+00
    264.000000 5.964200e-20 2.729000e+02 0.000000e+00
    268.910000 6.681500e-20 2.779700e+02 0.000000e+00
    273.910000 7.433200e-20 2.831400e+02 0.000000e+00
    279.000000 8.269400e-20 2.884000e+02 0.000000e+00
    284.190000 9.157000e-20 2.937600e+02 0.000000e+00
    290.140000 9.815700e-20 2.999200e+02 0.000000e+00
    296.210000 1.119600e-19 3.062000e+02 0.000000e+00
    301.030000 1.214500e-19 3.111700e+02 0.000000e+00
    308.040000 1.388100e-19 3.184200e+02 0.000000e+00
    318.130000 1.667300e-19 3.288500e+02 0.000000e+00
    327.800000 1.943800e-19 3.388400e+02 0.000000e+00
    337.760000 2.229800e-19 3.491400e+02 0.000000e+00
    348.020000 2.528200e-19 3.597500e+02 0.000000e+00
    356.950000 2.828500e-19 3.689800e+02 0.000000e+00
    366.100000 3.164100e-19 3.784400e+02 0.000000e+00
    374.630000 3.483700e-19 3.872600e+02 0.000000e+00
    385.130000 3.737300e-19 3.981100e+02 0.000000e+00
    395.010000 4.247600e-19 4.083200e+02 0.000000e+00
    405.140000 4.706500e-19 4.187900e+02 0.000000e+00
    413.620000 5.063900e-19 4.275600e+02 0.000000e+00
    422.280000 5.348600e-19 4.365200e+02 0.000000e+00
    430.140000 5.663900e-19 4.446300e+02 0.000000e+00
    441.170000 6.187600e-19 4.560400e+02 0.000000e+00
    451.450000 6.577200e-19 4.666600e+02 0.000000e+00
    459.840000 6.915500e-19 4.753400e+02 0.000000e+00
    469.470000 7.352400e-19 4.852900e+02 0.000000e+00
    480.400000 7.849500e-19 4.965900e+02 0.000000e+00
    490.460000 8.135300e-19 5.069900e+02 0.000000e+00
    499.580000 8.730500e-19 5.164200e+02 0.000000e+00
    506.530000 8.831300e-19 5.236000e+02 0.000000e+00
    512.400000 9.553500e-19 5.296600e+02 0.000000e+00
    519.520000 9.911000e-19 5.370300e+02 0.000000e+00
    530.400000 1.026900e-18 5.482800e+02 0.000000e+00
    540.260000 1.042500e-18 5.584700e+02 0.000000e+00
    550.310000 1.092900e-18 5.688500e+02 0.000000e+00
    560.540000 1.172400e-18 5.794300e+02 0.000000e+00
    569.650000 1.252300e-18 5.888400e+02 0.000000e+00
    580.240000 1.276800e-18 5.997900e+02 0.000000e+00
    589.670000 1.354300e-18 6.095400e+02 0.000000e+00
    600.630000 1.368000e-18 6.208700e+02 0.000000e+00
    610.390000 1.302000e-18 6.309600e+02 0.000000e+00
    620.310000 1.535000e-18 6.412100e+02 0.000000e+00
    630.380000 1.583400e-18 6.516300e+02 0.000000e+00
    640.630000 1.648300e-18 6.622200e+02 0.000000e+00
    649.540000 1.720700e-18 6.714300e+02 0.000000e+00
    658.580000 1.759200e-18 6.807700e+02 0.000000e+00
    664.670000 1.842500e-18 6.870700e+02 0.000000e+00
    675.470000 1.891200e-18 6.982300e+02 0.000000e+00
    684.870000 1.880700e-18 7.079500e+02 0.000000e+00
    694.390000 2.112800e-18 7.177900e+02 0.000000e+00
    705.680000 2.070700e-18 7.294600e+02 0.000000e+00
    715.490000 2.299300e-18 7.396100e+02 0.000000e+00
    725.450000 2.382600e-18 7.498900e+02 0.000000e+00
    735.540000 2.463200e-18 7.603300e+02 0.000000e+00
    745.770000 2.629700e-18 7.709000e+02 0.000000e+00
    754.410000 2.757800e-18 7.798300e+02 0.000000e+00
    764.900000 2.741100e-18 7.906800e+02 0.000000e+00
    775.540000 3.056700e-18 8.016800e+02 0.000000e+00
    784.520000 3.183000e-18 8.109600e+02 0.000000e+00
    795.440000 3.350600e-18 8.222400e+02 0.000000e+00
    804.650000 3.504800e-18 8.317600e+02 0.000000e+00
    815.840000 3.646700e-18 8.433300e+02 0.000000e+00
    825.290000 3.930000e-18 8.531000e+02 0.000000e+00
    834.840000 3.411000e-18 8.629800e+02 0.000000e+00
    844.510000 4.171900e-18 8.729700e+02 0.000000e+00
    854.290000 4.293100e-18 8.830800e+02 0.000000e+00
    864.180000 4.604500e-18 8.933100e+02 0.000000e+00
    874.190000 4.926900e-18 9.036500e+02 0.000000e+00
    884.310000 5.344900e-18 9.141100e+02 0.000000e+00
    894.550000 5.653000e-18 9.247000e+02 0.000000e+00
    904.910000 5.644200e-18 9.354100e+02 0.000000e+00
    915.390000 8.889900e-18 9.462400e+02 0.000000e+00
    925.990000 6.069700e-17 9.571900e+02 0.000000e+00
    934.560000 1.348200e-16 9.660500e+02 0.000000e+00
    945.380000 2.685300e-16 9.772400e+02 0.000000e+00
    954.130000 4.097800e-16 9.862800e+02 0.000000e+00
    965.170000 4.233800e-16 9.977000e+02 0.000000e+00
    974.100000 5.932700e-17 1.006930e+03 0.000000e+00
    985.380000 3.015600e-16 1.018590e+03 0.000000e+00
    994.500000 3.748500e-16 1.028020e+03 0.000000e+00
   1006.020000 6.500400e-16 1.039920e+03 0.000000e+00
   1015.330000 6.658600e-16 1.049540e+03 0.000000e+00
   1024.720000 2.990900e-16 1.059250e+03 0.000000e+00
   1034.200000 4.219000e-16 1.069050e+03 0.000000e+00
   1046.180000 9.598200e-16 1.081430e+03 0.000000e+00
   1055.860000 9.606100e-16 1.091440e+03 0.000000e+00
   1065.630000 6.916600e-16 1.101540e+03 0.000000e+00
   1075.490000 8.916800e-16 1.111730e+03 0.000000e+00
   1085.440000 6.449300e-16 1.122020e+03 0.000000e+00
   1095.480000 9.858000e-16 1.132400e+03 0.000000e+00
   1105.620000 9.573000e-16 1.142880e+03 0.000000e+00
   1115.850000 8.959500e-16 1.153450e+03 0.000000e+00
   1126.170000 7.915900e-16 1.164130e+03 0.000000e+00
   1133.980000 1.135400e-15 1.172200e+03 0.000000e+00
   1144.470000 1.017000e-15 1.183040e+03 0.000000e+00
   1155.060000 1.136300e-15 1.193990e+03 0.000000e+00
   1165.750000 1.182000e-15 1.205040e+03 0.000000e+00
   1173.830000 7.485000e-16 1.213390e+03 0.000000e+00
   1184.690000 1.170200e-15 1.224620e+03 0.000000e+00
   1195.650000 6.971800e-16 1.235950e+03 0.000000e+00
   1203.940000 4.434800e-16 1.244510e+03 0.000000e+00
   1215.080000 3.801000e-16 1.256030e+03 0.000000e+00
   1226.320000 8.201500e-16 1.267650e+03 0.000000e+00
   1234.820000 1.384800e-15 1.276440e+03 0.000000e+00
   1246.250000 1.546400e-15 1.288250e+03 0.000000e+00
   1254.890000 1.444700e-15 1.297180e+03 0.000000e+00
   1263.590000 1.194500e-15 1.306170e+03 0.000000e+00
   1275.280000 1.702500e-15 1.318260e+03 0.000000e+00
   1284.120000 1.834400e-15 1.327390e+03 0.000000e+00
   1296.000000 1.298100e-15 1.339680e+03 0.000000e+00
   1304.990000 1.287300e-15 1.348960e+03 0.000000e+00
   1314.030000 1.794800e-15 1.358310e+03 0.000000e+00
   1326.190000 1.709200e-15 1.370880e+03 0.000000e+00
   1335.380000 1.425900e-15 1.380380e+03 0.000000e+00
   1344.640000 1.889600e-15 1.389950e+03 0.000000e+00
   1353.960000 1.830800e-15 1.399590e+03 0.000000e+00
   1366.490000 1.567900e-15 1.412540e+03 0.000000e+00
   1375.960000 1.708200e-15 1.422330e+03 0.000000e+00
   1385.500000 1.736800e-15 1.432190e+03 0.000000e+00
   1395.100000 1.503000e-15 1.442120e+03 0.000000e+00
   1404.770000 1.574400e-15 1.452110e+03 0.000000e+00
   1414.510000 1.593200e-15 1.462180e+03 0.000000e+00
   1424.310000 1.695900e-15 1.472310e+03 0.000000e+00
   1434.190000 1.677000e-15 1.482520e+03 0.000000e+00
   1440.810000 1.812400e-15 1.489360e+03 0.000000e+00
   1447.460000 1.866300e-15 1.496240e+03 0.000000e+00
   1454.140000 1.797700e-15 1.503140e+03 0.000000e+00
   1464.220000 1.620900e-15 1.513560e+03 0.000000e+00
   1474.370000 1.636100e-15 1.524050e+03 0.000000e+00
   1484.590000 1.705400e-15 1.534620e+03 0.000000e+00
   1494.880000 1.761300e-15 1.545250e+03 0.000000e+00
   1505.240000 1.639800e-15 1.555970e+03 0.000000e+00
   1512.190000 1.407500e-15 1.563150e+03 0.000000e+00
   1515.670000 1.558700e-15 1.566750e+03 0.000000e+00
   1526.180000 1.484900e-15 1.577610e+03 0.000000e+00
   1536.760000 1.240500e-15 1.588550e+03 0.000000e+00
   1543.850000 1.452800e-15 1.595880e+03 0.000000e+00
   1554.550000 1.364800e-15 1.606940e+03 0.000000e+00
   1565.330000 1.380100e-15 1.618080e+03 0.000000e+00
   1576.180000 1.491900e-15 1.629300e+03 0.000000e+00
   1583.450000 1.611700e-15 1.636820e+03 0.000000e+00
   1594.430000 1.652300e-15 1.648160e+03 0.000000e+00
   1605.480000 1.632500e-15 1.659590e+03 0.000000e+00
   1616.610000 1.658000e-15 1.671090e+03 0.000000e+00
   1624.070000 1.541900e-15 1.678800e+03 0.000000e+00
   1635.330000 1.681700e-15 1.690440e+03 0.000000e+00
   1646.670000 1.715700e-15 1.702160e+03 0.000000e+00
   1654.270000 1.559100e-15 1.710020e+03 0.000000e+00
   1665.730000 1.743800e-15 1.721870e+03 0.000000e+00
   1673.420000 1.489000e-15 1.729820e+03 0.000000e+00
   1677.280000 1.754300e-15 1.733800e+03 0.000000e+00
   1685.020000 1.885700e-15 1.741810e+03 0.000000e+00
   1696.700000 1.746000e-15 1.753880e+03 0.000000e+00
   1704.530000 1.661100e-15 1.761980e+03 0.000000e+00
   1716.350000 1.541400e-15 1.774190e+03 0.000000e+00
   1724.270000 1.542500e-15 1.782380e+03 0.000000e+00
   1736.220000 1.681500e-15 1.794730e+03 0.000000e+00
   1744.240000 1.644300e-15 1.803020e+03 0.000000e+00
   1756.330000 1.796400e-15 1.815520e+03 0.000000e+00
   1764.430000 1.605700e-15 1.823900e+03 0.000000e+00
   1776.660000 1.655800e-15 1.836540e+03 0.000000e+00
   1784.870000 1.703100e-15 1.845020e+03 0.000000e+00
   1793.100000 1.868300e-15 1.853530e+03 0.000000e+00
   1805.530000 1.856700e-15 1.866380e+03 0.000000e+00
   1813.870000 1.670800e-15 1.874990e+03 0.000000e+00
   1826.440000 1.722500e-15 1.887990e+03 0.000000e+00
   1834.870000 1.641700e-15 1.896710e+03 0.000000e+00
   1843.340000 1.480500e-15 1.905460e+03 0.000000e+00
   1856.120000 1.470800e-15 1.918670e+03 0.000000e+00
   1864.690000 1.540500e-15 1.927530e+03 0.000000e+00
   1873.290000 1.728700e-15 1.936420e+03 0.000000e+00
   1886.280000 1.555200e-15 1.949840e+03 0.000000e+00
   1894.980000 1.492200e-15 1.958840e+03 0.000000e+00
   1903.730000 1.602600e-15 1.967890e+03 0.000000e+00
   1916.930000 1.519900e-15 1.981530e+03 0.000000e+00
   1925.770000 1.502400e-15 1.990670e+03 0.000000e+00
   1934.660000 1.558700e-15 1.999860e+03 0.000000e+00
   1943.590000 1.635600e-15 2.009090e+03 0.000000e+00
   1957.070000 1.515500e-15 2.023020e+03 0.000000e+00
   1966.100000 1.707900e-15 2.032360e+03 0.000000e+00
   1975.170000 1.763300e-15 2.041740e+03 0.000000e+00
   1984.290000 1.648900e-15 2.051160e+03 0.000000e+00
   1993.450000 1.596000e-15 2.060630e+03 0.000000e+00
   2007.919356 1.654800e-15 2.074910e+03 0.000000e+00
   2017.180995 1.572300e-15 2.084490e+03 0.000000e+00
   2026.492664 1.676200e-15 2.094110e+03 0.000000e+00
   2035.844361 1.563400e-15 2.103780e+03 0.000000e+00
   2045.246087 1.655000e-15 2.113490e+03 0.000000e+00
   2054.677838 1.568600e-15 2.123240e+03 0.000000e+00
   2064.159617 1.563900e-15 2.133040e+03 0.000000e+00
   2073.691423 1.701700e-15 2.142890e+03 0.000000e+00
   2078.472336 1.617000e-15 2.147830e+03 0.000000e+00
   2088.064179 1.699600e-15 2.157740e+03 0.000000e+00
   2097.696047 1.588400e-15 2.167700e+03 0.000000e+00
   2107.377941 1.590600e-15 2.177710e+03 0.000000e+00
   2117.109860 1.611200e-15 2.187760e+03 0.000000e+00
   2126.881802 1.635700e-15 2.197860e+03 0.000000e+00
   2136.693766 1.486700e-15 2.208010e+03 0.000000e+00
   2146.555755 1.551400e-15 2.218200e+03 0.000000e+00
   2156.467767 1.622600e-15 2.228440e+03 0.000000e+00
   2166.419801 1.558400e-15 2.238720e+03 0.000000e+00
   2176.411857 1.538600e-15 2.249050e+03 0.000000e+00
   2186.463937 1.511900e-15 2.259440e+03 0.000000e+00
   2196.546036 1.591900e-15 2.269860e+03 0.000000e+00
   2206.688159 1.535600e-15 2.280340e+03 0.000000e+00
   2216.870303 1.434200e-15 2.290870e+03 0.000000e+00
   2227.102469 1.380300e-15 2.301440e+03 0.000000e+00
   2237.384656 1.505200e-15 2.312070e+03 0.000000e+00
   2247.706863 1.432600e-15 2.322740e+03 0.000000e+00
   2258.079091 1.350000e-15 2.333460e+03 0.000000e+00
   2263.290215 1.397900e-15 2.338840e+03 0.000000e+00
   2273.732474 1.457800e-15 2.349630e+03 0.000000e+00
   2284.224753 1.523800e-15 2.360480e+03 0.000000e+00
   2294.767054 1.429400e-15 2.371370e+03 0.000000e+00
   2305.359375 1.436800e-15 2.382320e+03 0.000000e+00
   2316.001717 1.347800e-15 2.393320e+03 0.000000e+00
   2326.694079 9.882200e-16 2.404360e+03 0.000000e+00
   2337.426459 1.227700e-15 2.415460e+03 0.000000e+00
   2348.218861 1.186600e-15 2.426610e+03 0.000000e+00
   2353.630069 1.328700e-15 2.432200e+03 0.000000e+00
   2364.492499 1.187600e-15 2.443430e+03 0.000000e+00
   2375.404950 1.241400e-15 2.454710e+03 0.000000e+00
   2386.367420 1.135400e-15 2.466040e+03 0.000000e+00
   2397.389912 1.242700e-15 2.477420e+03 0.000000e+00
   2408.452421 1.184700e-15 2.488860e+03 0.000000e+00
   2414.003683 1.235200e-15 2.494600e+03 0.000000e+00
   2425.146221 1.352000e-15 2.506110e+03 0.000000e+00
   2436.338779 1.300800e-15 2.517680e+03 0.000000e+00
   2447.581356 1.404300e-15 2.529300e+03 0.000000e+00
   2453.222652 1.391800e-15 2.535130e+03 0.000000e+00
   2464.545258 1.376600e-15 2.546830e+03 0.000000e+00
   2475.917883 1.318400e-15 2.558590e+03 0.000000e+00
   2487.350529 1.349900e-15 2.570400e+03 0.000000e+00
   2493.081859 1.280600e-15 2.576320e+03 0.000000e+00
   2504.584531 1.471100e-15 2.588210e+03 0.000000e+00
   2516.147225 1.255700e-15 2.600160e+03 0.000000e+00
   2527.759937 1.236300e-15 2.612160e+03 0.000000e+00
   2533.591301 1.280200e-15 2.618180e+03 0.000000e+00
   2545.284042 1.257500e-15 2.630270e+03 0.000000e+00
   2557.026800 1.418200e-15 2.642410e+03 0.000000e+00
   2562.928189 1.348600e-15 2.648500e+03 0.000000e+00
   2574.750976 1.465900e-15 2.660720e+03 0.000000e+00
   2586.633783 1.436700e-15 2.673010e+03 0.000000e+00
   2598.576611 1.411300e-15 2.685340e+03 0.000000e+00
   2604.568032 1.351200e-15 2.691540e+03 0.000000e+00
   2616.590888 1.330400e-15 2.703960e+03 0.000000e+00
   2628.663761 1.429600e-15 2.716440e+03 0.000000e+00
   2634.725206 1.546500e-15 2.722700e+03 0.000000e+00
   2646.888110 1.748200e-15 2.735270e+03 0.000000e+00
   2652.989568 1.869400e-15 2.741570e+03 0.000000e+00
   2665.232500 1.581100e-15 2.754230e+03 0.000000e+00
   2677.535451 1.699100e-15 2.766940e+03 0.000000e+00
   2683.706934 1.719200e-15 2.773320e+03 0.000000e+00
   2696.089912 1.605400e-15 2.786120e+03 0.000000e+00
   2708.532911 1.701500e-15 2.798980e+03 0.000000e+00
   2714.774417 1.559400e-15 2.805430e+03 0.000000e+00
   2727.307445 1.535300e-15 2.818380e+03 0.000000e+00
   2733.598967 1.653200e-15 2.824880e+03 0.000000e+00
   2746.212023 1.350800e-15 2.837920e+03 0.000000e+00
   2758.885098 1.415200e-15 2.851020e+03 0.000000e+00
   2765.246643 1.509900e-15 2.857590e+03 0.000000e+00
   2778.009748 1.604000e-15 2.870780e+03 0.000000e+00
   2784.411307 1.463300e-15 2.877400e+03 0.000000e+00
   2797.264441 1.126100e-15 2.890680e+03 0.000000e+00
   2803.716016 1.229500e-15 2.897340e+03 0.000000e+00
   2816.649176 1.592100e-15 2.910720e+03 0.000000e+00
   2823.140764 1.766400e-15 2.917430e+03 0.000000e+00
   2836.173957 1.703500e-15 2.930890e+03 0.000000e+00
   2842.715561 1.623600e-15 2.937650e+03 0.000000e+00
   2855.838782 1.498700e-15 2.951210e+03 0.000000e+00
   2869.012020 1.815400e-15 2.964830e+03 0.000000e+00
   2875.633650 1.897200e-15 2.971670e+03 0.000000e+00
   2888.896917 1.842300e-15 2.985380e+03 0.000000e+00
   2895.558559 1.881400e-15 2.992270e+03 0.000000e+00
   2908.921858 2.166400e-15 3.006080e+03 0.000000e+00
   2929.086844 2.047100e-15 3.026910e+03 0.000000e+00
   2949.391873 2.011500e-15 3.047890e+03 0.000000e+00
   2969.836948 2.098500e-15 3.069020e+03 0.000000e+00
   2990.422066 2.119800e-15 3.090300e+03 0.000000e+00
   3011.147229 2.181100e-15 3.111720e+03 0.000000e+00
   3032.022438 2.208300e-15 3.133290e+03 0.000000e+00
   3053.037690 2.230700e-15 3.155010e+03 0.000000e+00
   3074.192987 2.284700e-15 3.176870e+03 0.000000e+00
   3088.386545 2.328600e-15 3.191540e+03 0.000000e+00
   3109.791919 2.385000e-15 3.213660e+03 0.000000e+00
   3131.347339 2.348900e-15 3.235940e+03 0.000000e+00
   3153.052805 2.361900e-15 3.258370e+03 0.000000e+00
   3167.606474 2.418400e-15 3.273410e+03 0.000000e+00
   3189.562016 2.243500e-15 3.296100e+03 0.000000e+00
   3211.667604 2.400500e-15 3.318940e+03 0.000000e+00
   3233.933241 2.206500e-15 3.341950e+03 0.000000e+00
   3248.857023 2.523300e-15 3.357380e+03 0.000000e+00
   3271.382738 2.712400e-15 3.380650e+03 0.000000e+00
   3294.048497 2.683800e-15 3.404080e+03 0.000000e+00
   3309.252363 2.679200e-15 3.419790e+03 0.000000e+00
   3324.536254 2.668500e-15 3.435580e+03 0.000000e+00
   3332.198205 2.731500e-15 3.443500e+03 0.000000e+00
   3339.880163 2.515000e-15 3.451440e+03 0.000000e+00
   3347.572123 2.796800e-15 3.459390e+03 0.000000e+00
   3355.294092 2.677900e-15 3.467370e+03 0.000000e+00
   3363.026065 2.448700e-15 3.475360e+03 0.000000e+00
   3370.778043 2.673400e-15 3.483370e+03 0.000000e+00
   3378.550028 2.601300e-15 3.491400e+03 0.000000e+00
   3386.332015 2.668900e-15 3.499450e+03 0.000000e+00
   3394.144011 2.847500e-15 3.507520e+03 0.000000e+00
   3401.966011 3.087400e-15 3.515600e+03 0.000000e+00
   3409.808016 2.758800e-15 3.523710e+03 0.000000e+00
   3417.670027 2.709300e-15 3.531830e+03 0.000000e+00
   3425.552044 2.978400e-15 3.539970e+03 0.000000e+00
   3433.444065 3.098200e-15 3.548130e+03 0.000000e+00
   3441.356091 2.919100e-15 3.556310e+03 0.000000e+00
   3449.288123 2.608700e-15 3.564510e+03 0.000000e+00
   3457.240161 2.745800e-15 3.572730e+03 0.000000e+00
   3465.212205 2.558100e-15 3.580960e+03 0.000000e+00
   3473.204255 2.932000e-15 3.589220e+03 0.000000e+00
   3481.206308 2.626700e-15 3.597490e+03 0.000000e+00
   3489.228367 2.809600e-15 3.605790e+03 0.000000e+00
   3497.270432 2.753600e-15 3.614100e+03 0.000000e+00
   3505.332502 2.993300e-15 3.622430e+03 0.000000e+00
   3513.414579 2.866800e-15 3.630780e+03 0.000000e+00
   3521.516661 3.073500e-15 3.639150e+03 0.000000e+00
   3529.638749 2.593500e-15 3.647540e+03 0.000000e+00
   3537.770841 2.993200e-15 3.655950e+03 0.000000e+00
   3545.922938 3.157800e-15 3.664370e+03 0.000000e+00
   3554.095042 3.210900e-15 3.672820e+03 0.000000e+00
   3561.606976 3.288600e-15 3.680580e+03 1.000000e+00
   3564.267661 3.706100e-15 3.683330e+03 1.000000e+00
   3566.928346 3.373200e-15 3.686080e+03 1.000000e+00
   3569.589031 3.294300e-15 3.688830e+03 1.000000e+00
   3572.249717 4.409400e-15 3.691580e+03 1.000000e+00
   3574.910402 4.035500e-15 3.694330e+03 1.000000e+00
   3577.571088 3.448900e-15 3.697080e+03 1.000000e+00
   3580.231773 3.176100e-15 3.699830e+03 1.000000e+00
   3582.892459 2.343700e-15 3.702580e+03 1.000000e+00
   3585.553144 3.051800e-15 3.705330e+03 1.000000e+00
   3588.213830 1.908600e-15 3.708080e+03 1.000000e+00
   3590.874516 2.309000e-15 3.710830e+03 1.000000e+00
   3593.535202 2.950800e-15 3.713580e+03 1.000000e+00
   3596.195888 2.896400e-15 3.716330e+03 1.000000e+00
   3598.856574 3.771500e-15 3.719080e+03 1.000000e+00
   3601.517260 3.541400e-15 3.721830e+03 1.000000e+00
   3604.177947 3.448900e-15 3.724580e+03 1.000000e+00
   3606.838633 2.313900e-15 3.727330e+03 1.000000e+00
   3609.499319 3.123300e-15 3.730080e+03 1.000000e+00
   3612.160006 3.091000e-15 3.732830e+03 1.000000e+00
   3614.830695 2.714900e-15 3.735580e+03 1.000000e+00
   3617.491381 3.602000e-15 3.738330e+03 1.000000e+00
   3620.152068 2.970900e-15 3.741080e+03 1.000000e+00
   3622.812755 2.090700e-15 3.743830e+03 1.000000e+00
   3625.473442 2.833800e-15 3.746580e+03 1.000000e+00
   3628.134128 3.144100e-15 3.749330e+03 1.000000e+00
   3630.794815 3.015900e-15 3.752080e+03 1.000000e+00
   3633.455502 2.687600e-15 3.754830e+03 1.000000e+00
   3636.116189 2.731100e-15 3.757580e+03 1.000000e+00
   3638.776877 2.854700e-15 3.760330e+03 1.000000e+00
   3641.437564 3.671300e-15 3.763080e+03 1.000000e+00
   3644.098251 2.640900e-15 3.765830e+03 1.000000e+00
   3646.758938 3.304500e-15 3.768580e+03 1.000000e+00
   3649.419626 2.469100e-15 3.771330e+03 1.000000e+00
   3652.080313 2.837500e-15 3.774080e+03 1.000000e+00
   3654.741001 3.136300e-15 3.776830e+03 1.000000e+00
   3657.401688 3.740900e-15 3.779580e+03 1.000000e+00
   3660.062376 2.762000e-15 3.782330e+03 1.000000e+00
   3662.723064 2.865700e-15 3.785080e+03 1.000000e+00
   3665.383752 3.434100e-15 3.787830e+03 1.000000e+00
   3668.044439 2.794300e-15 3.790580e+03 1.000000e+00
   3670.705127 2.925700e-15 3.793330e+03 1.000000e+00
   3673.365815 3.187200e-15 3.796080e+03 1.000000e+00
   3676.026504 2.923900e-15 3.798830e+03 1.000000e+00
   3678.687192 3.244900e-15 3.801580e+03 1.000000e+00
   3681.347880 3.303600e-15 3.804330e+03 1.000000e+00
   3684.008568 3.567100e-15 3.807080e+03 1.000000e+00
   3686.669256 3.929000e-15 3.809830e+03 1.000000e+00
   3689.329945 4.201500e-15 3.812580e+03 1.000000e+00
   3692.000636 4.209900e-15 3.815330e+03 1.000000e+00
   3694.661324 3.529900e-15 3.818080e+03 1.000000e+00
   3697.322013 2.872000e-15 3.820830e+03 1.000000e+00
   3699.982702 3.241700e-15 3.823580e+03 1.000000e+00
   3702.643390 2.569400e-15 3.826330e+03 1.000000e+00
   3705.304079 2.428800e-15 3.829080e+03 1.000000e+00
   3707.964768 3.131000e-15 3.831830e+03 1.000000e+00
   3710.625457 2.892000e-15 3.834580e+03 1.000000e+00
   3713.286146 3.611100e-15 3.837330e+03 1.000000e+00
   3715.946835 3.346700e-15 3.840080e+03 1.000000e+00
   3718.607524 5.068700e-15 3.842830e+03 1.000000e+00
   3721.268213 5.230900e-15 3.845580e+03 1.000000e+00
   3723.928902 8.650900e-15 3.848330e+03 1.000000e+00
   3726.589592 1.091400e-14 3.851080e+03 1.000000e+00
   3729.250281 1.121800e-14 3.853830e+03 1.000000e+00
   3731.910970 9.896200e-15 3.856580e+03 1.000000e+00
   3734.571660 7.502600e-15 3.859330e+03 1.000000e+00
   3737.232349 5.458100e-15 3.862080e+03 1.000000e+00
   3739.893039 4.291700e-15 3.864830e+03 1.000000e+00
   3742.553729 3.370600e-15 3.867580e+03 1.000000e+00
   3745.214418 3.601900e-15 3.870330e+03 1.000000e+00
   3747.875108 3.271800e-15 3.873080e+03 1.000000e+00
   3750.535798 3.771300e-15 3.875830e+03 1.000000e+00
   3753.196488 3.955000e-15 3.878580e+03 1.000000e+00
   3755.857178 3.484900e-15 3.881330e+03 1.000000e+00
   3758.517868 3.723700e-15 3.884080e+03 1.000000e+00
   3761.178558 4.187700e-15 3.886830e+03 1.000000e+00
   3763.839248 4.489400e-15 3.889580e+03 1.000000e+00
   3766.499938 4.078800e-15 3.892330e+03 1.000000e+00
   3769.170631 4.577500e-15 3.895080e+03 1.000000e+00
   3771.831322 4.483400e-15 3.897830e+03 1.000000e+00
   3774.492012 4.335900e-15 3.900580e+03 1.000000e+00
   3777.152702 3.962700e-15 3.903330e+03 1.000000e+00
   3779.813393 3.629300e-15 3.906080e+03 1.000000e+00
   3782.474083 4.258800e-15 3.908830e+03 1.000000e+00
   3785.134774 5.236600e-15 3.911580e+03 1.000000e+00
   3787.795465 4.903500e-15 3.914330e+03 1.000000e+00
   3790.456155 4.185300e-15 3.917080e+03 1.000000e+00
   3793.116846 3.515600e-15 3.919830e+03 1.000000e+00
   3795.777537 3.973700e-15 3.922580e+03 1.000000e+00
   3798.438228 3.920500e-15 3.925330e+03 1.000000e+00
   3801.098919 3.666700e-15 3.928080e+03 1.000000e+00
   3803.759610 4.212700e-15 3.930830e+03 1.000000e+00
   3806.420301 4.888600e-15 3.933580e+03 1.000000e+00
   3809.080992 4.605300e-15 3.936330e+03 1.000000e+00
   3811.741683 4.829400e-15 3.939080e+03 1.000000e+00
   3814.402375 4.858300e-15 3.941830e+03 1.000000e+00
   3817.063066 4.706400e-15 3.944580e+03 1.000000e+00
   3819.723757 4.807200e-15 3.947330e+03 1.000000e+00
   3822.384449 4.429400e-15 3.950080e+03 1.000000e+00
   3825.045140 3.635600e-15 3.952830e+03 1.000000e+00
   3827.705832 3.125600e-15 3.955580e+03 1.000000e+00
   3830.366523 3.284200e-15 3.958330e+03 1.000000e+00
   3833.027215 2.969700e-15 3.961080e+03 1.000000e+00
   3835.687907 3.137500e-15 3.963830e+03 1.000000e+00
   3838.348599 3.405500e-15 3.966580e+03 1.000000e+00
   3841.009290 3.540100e-15 3.969330e+03 1.000000e+00
   3843.669982 4.054200e-15 3.972080e+03 1.000000e+00
   3846.340677 4.818200e-15 3.974830e+03 1.000000e+00
   3849.001369 4.597100e-15 3.977580e+03 1.000000e+00
   3851.662061 5.104200e-15 3.980330e+03 1.000000e+00
   3854.322753 5.655200e-15 3.983080e+03 1.000000e+00
   3856.983445 5.883400e-15 3.985830e+03 1.000000e+00
   3859.644137 5.540300e-15 3.988580e+03 1.000000e+00
   3862.304829 5.418200e-15 3.991330e+03 1.000000e+00
   3864.965522 5.881500e-15 3.994080e+03 1.000000e+00
   3867.626214 6.101500e-15 3.996830e+03 1.000000e+00
   3870.286907 6.217400e-15 3.999580e+03 1.000000e+00
   3872.947599 5.876800e-15 4.002330e+03 1.000000e+00
   3875.608292 5.020400e-15 4.005080e+03 1.000000e+00
   3878.268984 4.496500e-15 4.007830e+03 1.000000e+00
   3880.929677 4.435700e-15 4.010580e+03 1.000000e+00
   3883.590369 4.474600e-15 4.013330e+03 1.000000e+00
   3886.251062 3.958800e-15 4.016080e+03 1.000000e+00
   3888.911755 3.664300e-15 4.018830e+03 1.000000e+00
   3891.572448 3.782700e-15 4.021580e+03 1.000000e+00
   3894.233141 4.459400e-15 4.024330e+03 1.000000e+00
   3896.893834 4.527500e-15 4.027080e+03 1.000000e+00
   3899.554527 4.691600e-15 4.029830e+03 1.000000e+00
   3902.215220 4.933000e-15 4.032580e+03 1.000000e+00
   3904.875913 4.702100e-15 4.035330e+03 1.000000e+00
   3907.536606 4.709000e-15 4.038080e+03 1.000000e+00
   3910.197299 5.350400e-15 4.040830e+03 1.000000e+00
   3912.857992 5.891900e-15 4.043580e+03 1.000000e+00
   3915.518686 5.467500e-15 4.046330e+03 1.000000e+00
   3918.179379 4.631800e-15 4.049080e+03 1.000000e+00
   3920.850075 4.548900e-15 4.051830e+03 1.000000e+00
   3923.510769 4.711100e-15 4.054580e+03 1.000000e+00
   3926.171462 4.926500e-15 4.057330e+03 1.000000e+00
   3928.832156 4.597100e-15 4.060080e+03 1.000000e+00
   3931.492849 3.813700e-15 4.062830e+03 1.000000e+00
   3934.153543 3.188500e-15 4.065580e+03 1.000000e+00
   3936.814237 3.171800e-15 4.068330e+03 1.000000e+00
   3939.474930 3.501000e-15 4.071080e+03 1.000000e+00
   3942.135624 4.270600e-15 4.073830e+03 1.000000e+00
   3944.796318 4.796000e-15 4.076580e+03 1.000000e+00
   3947.457012 4.938100e-15 4.079330e+03 1.000000e+00
   3950.117706 5.227500e-15 4.082080e+03 1.000000e+00
   3952.778400 5.042000e-15 4.084830e+03 1.000000e+00
   3955.439094 4.881300e-15 4.087580e+03 1.000000e+00
   3958.099788 4.696900e-15 4.090330e+03 1.000000e+00
   3960.760482 5.120400e-15 4.093080e+03 1.000000e+00
   3963.421177 5.414300e-15 4.095830e+03 1.000000e+00
   3966.081871 4.616100e-15 4.098580e+03 1.000000e+00
   3968.742565 4.131100e-15 4.101330e+03 1.000000e+00
   3971.403260 3.666400e-15 4.104080e+03 1.000000e+00
   3974.063954 3.818500e-15 4.106830e+03 1.000000e+00
   3976.724649 4.257800e-15 4.109580e+03 1.000000e+00
   3979.385343 4.356800e-15 4.112330e+03 1.000000e+00
   3982.046038 4.542400e-15 4.115080e+03 1.000000e+00
   3984.706732 5.003800e-15 4.117830e+03 1.000000e+00
   3987.367427 5.380100e-15 4.120580e+03 1.000000e+00
   3990.028122 5.526500e-15 4.123330e+03 1.000000e+00
   3992.688816 5.772600e-15 4.126080e+03 1.000000e+00
   3995.349511 5.996300e-15 4.128830e+03 1.000000e+00
   3998.020209 6.220400e-15 4.131580e+03 1.000000e+00
   4000.680904 6.084000e-15 4.134330e+03 1.000000e+00
   4003.341599 5.775100e-15 4.137080e+03 1.000000e+00
   4006.002294 5.605800e-15 4.139830e+03 1.000000e+00
   4008.662989 5.918400e-15 4.142580e+03 1.000000e+00
   4011.323684 6.289500e-15 4.145330e+03 1.000000e+00
   4013.984379 6.348900e-15 4.148080e+03 1.000000e+00
   4016.645074 5.710900e-15 4.150830e+03 1.000000e+00
   4019.305769 5.714400e-15 4.153580e+03 1.000000e+00
   4021.966465 6.448500e-15 4.156330e+03 1.000000e+00
   4024.627160 6.024200e-15 4.159080e+03 1.000000e+00
   4027.287855 5.584100e-15 4.161830e+03 1.000000e+00
   4029.948551 6.024400e-15 4.164580e+03 1.000000e+00
   4032.609246 5.843400e-15 4.167330e+03 1.000000e+00
   4035.269942 6.160700e-15 4.170080e+03 1.000000e+00
   4037.930637 5.762800e-15 4.172830e+03 1.000000e+00
   4040.591333 6.222500e-15 4.175580e+03 1.000000e+00
   4043.252028 6.226300e-15 4.178330e+03 1.000000e+00
   4045.912724 6.078600e-15 4.181080e+03 1.000000e+00
   4048.573420 5.644500e-15 4.183830e+03 1.000000e+00
   4051.234116 6.268700e-15 4.186580e+03 1.000000e+00
   4053.894811 5.951200e-15 4.189330e+03 1.000000e+00
   4056.555507 6.128700e-15 4.192080e+03 1.000000e+00
   4059.216203 6.200400e-15 4.194830e+03 1.000000e+00
   4061.876899 5.592200e-15 4.197580e+03 1.000000e+00
   4064.537595 5.453400e-15 4.200330e+03 1.000000e+00
   4067.198291 5.513100e-15 4.203080e+03 1.000000e+00
   4069.858987 5.740100e-15 4.205830e+03 1.000000e+00
   4072.519684 6.071300e-15 4.208580e+03 1.000000e+00
   4075.190382 6.149200e-15 4.211330e+03 1.000000e+00
   4077.851079 5.819900e-15 4.214080e+03 1.000000e+00
   4080.511775 5.936700e-15 4.216830e+03 1.000000e+00
   4083.172471 5.872400e-15 4.219580e+03 1.000000e+00
   4085.833168 5.950700e-15 4.222330e+03 1.000000e+00
   4088.493864 6.276700e-15 4.225080e+03 1.000000e+00
   4091.154560 5.755300e-15 4.227830e+03 1.000000e+00
   4093.815257 5.507000e-15 4.230580e+03 1.000000e+00
   4096.475954 5.232000e-15 4.233330e+03 1.000000e+00
   4099.136650 4.686700e-15 4.236080e+03 1.000000e+00
   4101.797347 4.366900e-15 4.238830e+03 1.000000e+00
   4104.458043 4.673300e-15 4.241580e+03 1.000000e+00
   4107.118740 5.145800e-15 4.244330e+03 1.000000e+00
   4109.779437 4.804000e-15 4.247080e+03 1.000000e+00
   4112.440134 5.446800e-15 4.249830e+03 1.000000e+00
   4115.100831 5.208900e-15 4.252580e+03 1.000000e+00
   4117.761527 5.194100e-15 4.255330e+03 1.000000e+00
   4120.422224 5.530400e-15 4.258080e+03 1.000000e+00
   4123.082921 6.008900e-15 4.260830e+03 1.000000e+00
   4125.743618 5.873800e-15 4.263580e+03 1.000000e+00
   4128.404315 6.011800e-15 4.266330e+03 1.000000e+00
   4131.065013 6.085400e-15 4.269080e+03 1.000000e+00
   4133.725710 6.259100e-15 4.271830e+03 1.000000e+00
   4136.386407 6.028500e-15 4.274580e+03 1.000000e+00
   4139.047104 6.283700e-15 4.277330e+03 1.000000e+00
   4141.707801 6.082700e-15 4.280080e+03 1.000000e+00
   4144.368499 5.906800e-15 4.282830e+03 1.000000e+00
   4147.029196 5.811500e-15 4.285580e+03 1.000000e+00
   4149.689893 6.204500e-15 4.288330e+03 1.000000e+00
   4152.360593 5.908700e-15 4.291080e+03 1.000000e+00
   4155.021291 6.236400e-15 4.293830e+03 1.000000e+00
   4157.681988 6.669200e-15 4.296580e+03 1.000000e+00
   4160.342686 6.399700e-15 4.299330e+03 1.000000e+00
   4163.003384 5.993600e-15 4.302080e+03 1.000000e+00
   4165.664081 6.325300e-15 4.304830e+03 1.000000e+00
   4168.324779 6.593100e-15 4.307580e+03 1.000000e+00
   4170.985477 5.987300e-15 4.310330e+03 1.000000e+00
   4173.646174 6.268300e-15 4.313080e+03 1.000000e+00
   4176.306872 5.944200e-15 4.315830e+03 1.000000e+00
   4178.967570 6.294600e-15 4.318580e+03 1.000000e+00
   4181.628268 6.166500e-15 4.321330e+03 1.000000e+00
   4184.288966 5.946100e-15 4.324080e+03 1.000000e+00
   4186.949664 5.944200e-15 4.326830e+03 1.000000e+00
   4189.610362 6.247100e-15 4.329580e+03 1.000000e+00
   4192.271060 6.398100e-15 4.332330e+03 1.000000e+00
   4194.931758 6.785600e-15 4.335080e+03 1.000000e+00
   4197.592456 6.498000e-15 4.337830e+03 1.000000e+00
   4200.253154 6.149100e-15 4.340580e+03 1.000000e+00
   4202.913853 6.260400e-15 4.343330e+03 1.000000e+00
   4205.574551 5.865600e-15 4.346080e+03 1.000000e+00
   4208.235249 6.466800e-15 4.348830e+03 1.000000e+00
   4210.895948 6.809800e-15 4.351580e+03 1.000000e+00
   4213.556646 6.111400e-15 4.354330e+03 1.000000e+00
   4216.217344 6.431800e-15 4.357080e+03 1.000000e+00
   4218.878043 6.051400e-15 4.359830e+03 1.000000e+00
   4221.538741 5.357100e-15 4.362580e+03 1.000000e+00
   4224.199440 5.871200e-15 4.365330e+03 1.000000e+00
   4226.860138 6.148500e-15 4.368080e+03 1.000000e+00
   4229.530840 5.918000e-15 4.370830e+03 1.000000e+00
   4232.191538 6.086600e-15 4.373580e+03 1.000000e+00
   4234.852237 6.005400e-15 4.376330e+03 1.000000e+00
   4237.512936 6.373200e-15 4.379080e+03 1.000000e+00
   4240.173634 6.448400e-15 4.381830e+03 1.000000e+00
   4242.834333 5.971900e-15 4.384580e+03 1.000000e+00
   4245.495032 6.223900e-15 4.387330e+03 1.000000e+00
   4248.155731 5.693900e-15 4.390080e+03 1.000000e+00
   4250.816430 5.945500e-15 4.392830e+03 1.000000e+00
   4253.477129 5.956100e-15 4.395580e+03 1.000000e+00
   4256.137828 6.107200e-15 4.398330e+03 1.000000e+00
   4258.798527 6.127900e-15 4.401080e+03 1.000000e+00
   4261.459226 6.083400e-15 4.403830e+03 1.000000e+00
   4264.119925 6.277200e-15 4.406580e+03 1.000000e+00
   4266.780624 6.384800e-15 4.409330e+03 1.000000e+00
   4269.441323 6.087500e-15 4.412080e+03 1.000000e+00
   4272.102022 6.324000e-15 4.414830e+03 1.000000e+00
   4274.762722 6.202200e-15 4.417580e+03 1.000000e+00
   4277.423421 5.991800e-15 4.420330e+03 1.000000e+00
   4280.084120 6.030200e-15 4.423080e+03 1.000000e+00
   4282.744820 5.850400e-15 4.425830e+03 1.000000e+00
   4285.405519 5.709000e-15 4.428580e+03 1.000000e+00
   4288.066219 5.717200e-15 4.431330e+03 1.000000e+00
   4290.726918 5.413100e-15 4.434080e+03 1.000000e+00
   4293.387618 5.361000e-15 4.436830e+03 1.000000e+00
   4296.048317 5.610300e-15 4.439580e+03 1.000000e+00
   4298.709017 5.900400e-15 4.442330e+03 1.000000e+00
   4301.369716 5.601000e-15 4.445080e+03 1.000000e+00
   4304.030416 5.444200e-15 4.447830e+03 1.000000e+00
   4306.701118 5.406700e-15 4.450580e+03 1.000000e+00
   4309.361818 5.350200e-15 4.453330e+03 1.000000e+00
   4312.022518 5.492400e-15 4.456080e+03 1.000000e+00
   4314.683218 5.490500e-15 4.458830e+03 1.000000e+00
   4317.343917 5.661100e-15 4.461580e+03 1.000000e+00
   4320.004617 5.975600e-15 4.464330e+03 1.000000e+00
   4322.665317 6.154600e-15 4.467080e+03 1.000000e+00
   4325.326017 6.220200e-15 4.469830e+03 1.000000e+00
   4327.986717 5.884300e-15 4.472580e+03 1.000000e+00
   4330.647417 6.068300e-15 4.475330e+03 1.000000e+00
   4333.308117 5.884900e-15 4.478080e+03 1.000000e+00
   4335.968817 5.723000e-15 4.480830e+03 1.000000e+00
   4338.629517 5.785400e-15 4.483580e+03 1.000000e+00
   4341.290218 6.178600e-15 4.486330e+03 1.000000e+00
   4343.950918 6.275500e-15 4.489080e+03 1.000000e+00
   4346.611618 5.997700e-15 4.491830e+03 1.000000e+00
   4349.272318 5.628200e-15 4.494580e+03 1.000000e+00
   4351.933019 5.595900e-15 4.497330e+03 1.000000e+00
   4354.593719 5.928100e-15 4.500080e+03 1.000000e+00
   4357.254419 6.238600e-15 4.502830e+03 1.000000e+00
   4359.915120 6.348200e-15 4.505580e+03 1.000000e+00
   4362.575820 6.484500e-15 4.508330e+03 1.000000e+00
   4365.236521 6.583300e-15 4.511080e+03 1.000000e+00
   4367.897221 6.673300e-15 4.513830e+03 1.000000e+00
   4370.557922 6.487100e-15 4.516580e+03 1.000000e+00
   4373.218622 6.317300e-15 4.519330e+03 1.000000e+00
   4375.879323 5.929600e-15 4.522080e+03 1.000000e+00
   4378.540024 5.789700e-15 4.524830e+03 1.000000e+00
   4381.200724 6.057300e-15 4.527580e+03 1.000000e+00
   4383.871428 6.206200e-15 4.530330e+03 1.000000e+00
   4386.532128 6.067400e-15 4.533080e+03 1.000000e+00
   4389.192829 6.250100e-15 4.535830e+03 1.000000e+00
   4391.853530 5.995100e-15 4.538580e+03 1.000000e+00
   4394.514231 6.166600e-15 4.541330e+03 1.000000e+00
   4397.174932 6.242500e-15 4.544080e+03 1.000000e+00
   4399.835633 6.499100e-15 4.546830e+03 1.000000e+00
   4402.496334 6.202100e-15 4.549580e+03 1.000000e+00
   4405.157035 5.773400e-15 4.552330e+03 1.000000e+00
   4407.817736 5.982600e-15 4.555080e+03 1.000000e+00
   4410.478437 6.272000e-15 4.557830e+03 1.000000e+00
   4413.139138 6.236300e-15 4.560580e+03 1.000000e+00
   4415.799839 6.134500e-15 4.563330e+03 1.000000e+00
   4418.460540 6.218100e-15 4.566080e+03 1.000000e+00
   4421.121241 6.232300e-15 4.568830e+03 1.000000e+00
   4423.781942 6.540100e-15 4.571580e+03 1.000000e+00
   4426.442644 6.643400e-15 4.574330e+03 1.000000e+00
   4429.103345 6.764600e-15 4.577080e+03 1.000000e+00
   4431.764046 6.494400e-15 4.579830e+03 1.000000e+00
   4434.424748 6.410800e-15 4.582580e+03 1.000000e+00
   4437.085449 6.616600e-15 4.585330e+03 1.000000e+00
   4439.746150 6.597800e-15 4.588080e+03 1.000000e+00
   4442.406852 6.353400e-15 4.590830e+03 1.000000e+00
   4445.067553 6.592100e-15 4.593580e+03 1.000000e+00
   4447.728255 6.682700e-15 4.596330e+03 1.000000e+00
   4450.388956 6.578800e-15 4.599080e+03 1.000000e+00
   4453.049658 6.876000e-15 4.601830e+03 1.000000e+00
   4455.710360 6.729900e-15 4.604580e+03 1.000000e+00
   4458.371061 6.716200e-15 4.607330e+03 1.000000e+00
   4461.041766 6.602900e-15 4.610080e+03 1.000000e+00
   4463.702467 6.591900e-15 4.612830e+03 1.000000e+00
   4466.363169 6.475000e-15 4.615580e+03 1.000000e+00
   4469.023871 6.752600e-15 4.618330e+03 1.000000e+00
   4471.684573 6.969500e-15 4.621080e+03 1.000000e+00
   4474.345275 6.800600e-15 4.623830e+03 1.000000e+00
   4477.005976 6.884600e-15 4.626580e+03 1.000000e+00
   4479.666678 6.772700e-15 4.629330e+03 1.000000e+00
   4482.327380 6.984700e-15 4.632080e+03 1.000000e+00
   4484.988082 7.072500e-15 4.634830e+03 1.000000e+00
   4487.648784 6.573900e-15 4.637580e+03 1.000000e+00
   4490.309486 6.841600e-15 4.640330e+03 1.000000e+00
   4492.970188 6.987100e-15 4.643080e+03 1.000000e+00
   4495.630890 7.010400e-15 4.645830e+03 1.000000e+00
   4498.291592 6.931300e-15 4.648580e+03 1.000000e+00
   4500.952295 6.998200e-15 4.651330e+03 1.000000e+00
   4503.612997 7.228100e-15 4.654080e+03 1.000000e+00
   4506.273699 7.155900e-15 4.656830e+03 1.000000e+00
   4508.934401 7.044900e-15 4.659580e+03 1.000000e+00
   4511.595104 7.121000e-15 4.662330e+03 1.000000e+00
   4514.255806 6.779300e-15 4.665080e+03 1.000000e+00
   4516.916508 6.553500e-15 4.667830e+03 1.000000e+00
   4519.577211 6.623900e-15 4.670580e+03 1.000000e+00
   4522.237913 6.665900e-15 4.673330e+03 1.000000e+00
   4524.898615 6.822000e-15 4.676080e+03 1.000000e+00
   4527.559318 6.492500e-15 4.678830e+03 1.000000e+00
   4530.220020 6.926700e-15 4.681580e+03 1.000000e+00
   4532.880723 6.915300e-15 4.684330e+03 1.000000e+00
   4535.551428 6.421900e-15 4.687080e+03 1.000000e+00
   4538.212131 6.734700e-15 4.689830e+03 1.000000e+00
   4540.872833 6.642300e-15 4.692580e+03 1.000000e+00
   4543.533536 6.898000e-15 4.695330e+03 1.000000e+00
   4546.194239 6.883600e-15 4.698080e+03 1.000000e+00
   4548.854941 6.531600e-15 4.700830e+03 1.000000e+00
   4551.515644 6.262900e-15 4.703580e+03 1.000000e+00
   4554.176347 6.366900e-15 4.706330e+03 1.000000e+00
   4556.837050 6.817100e-15 4.709080e+03 1.000000e+00
   4559.497752 6.793600e-15 4.711830e+03 1.000000e+00
   4562.158455 6.912500e-15 4.714580e+03 1.000000e+00
   4564.819158 7.155500e-15 4.717330e+03 1.000000e+00
   4567.479861 7.188000e-15 4.720080e+03 1.000000e+00
   4570.140564 7.276900e-15 4.722830e+03 1.000000e+00
   4572.801267 7.152400e-15 4.725580e+03 1.000000e+00
   4575.461970 6.864100e-15 4.728330e+03 1.000000e+00
   4578.122673 7.190700e-15 4.731080e+03 1.000000e+00
   4580.783376 7.299500e-15 4.733830e+03 1.000000e+00
   4583.444079 7.187700e-15 4.736580e+03 1.000000e+00
   4586.104782 6.912700e-15 4.739330e+03 1.000000e+00
   4588.765485 6.938000e-15 4.742080e+03 1.000000e+00
   4591.426189 7.016000e-15 4.744830e+03 1.000000e+00
   4594.086892 7.337700e-15 4.747580e+03 1.000000e+00
   4596.747595 6.939800e-15 4.750330e+03 1.000000e+00
   4599.408298 6.705500e-15 4.753080e+03 1.000000e+00
   4602.069002 6.789300e-15 4.755830e+03 1.000000e+00
   4604.729705 6.495200e-15 4.758580e+03 1.000000e+00
   4607.390408 6.653200e-15 4.761330e+03 1.000000e+00
   4610.051112 6.935500e-15 4.764080e+03 1.000000e+00
   4612.721818 7.075300e-15 4.766830e+03 1.000000e+00
   4615.382521 7.294800e-15 4.769580e+03 1.000000e+00
   4618.043224 7.514200e-15 4.772330e+03 1.000000e+00
   4620.703928 7.293200e-15 4.775080e+03 1.000000e+00
   4623.364631 6.949800e-15 4.777830e+03 1.000000e+00
   4626.025335 7.156900e-15 4.780580e+03 1.000000e+00
   4628.686039 6.602300e-15 4.783330e+03 1.000000e+00
   4631.346742 7.120200e-15 4.786080e+03 1.000000e+00
   4634.007446 7.457200e-15 4.788830e+03 1.000000e+00
   4636.668149 7.215000e-15 4.791580e+03 1.000000e+00
   4639.328853 7.161000e-15 4.794330e+03 1.000000e+00
   4641.989557 6.801500e-15 4.797080e+03 1.000000e+00
   4644.650261 6.908000e-15 4.799830e+03 1.000000e+00
   4647.310964 7.068900e-15 4.802580e+03 1.000000e+00
   4649.971668 7.191200e-15 4.805330e+03 1.000000e+00
   4652.632372 7.244400e-15 4.808080e+03 1.000000e+00
   4655.293076 6.926800e-15 4.810830e+03 1.000000e+00
   4657.953780 7.142200e-15 4.813580e+03 1.000000e+00
   4660.614484 6.637000e-15 4.816330e+03 1.000000e+00
   4663.275188 7.289600e-15 4.819080e+03 1.000000e+00
   4665.935892 7.252500e-15 4.821830e+03 1.000000e+00
   4668.596596 6.654800e-15 4.824580e+03 1.000000e+00
   4671.257300 6.663800e-15 4.827330e+03 1.000000e+00
   4673.918004 7.188900e-15 4.830080e+03 1.000000e+00
   4676.578708 6.799000e-15 4.832830e+03 1.000000e+00
   4679.239412 6.940900e-15 4.835580e+03 1.000000e+00
   4681.900116 7.109300e-15 4.838330e+03 1.000000e+00
   4684.560820 7.305600e-15 4.841080e+03 1.000000e+00
   4687.221524 7.080900e-15 4.843830e+03 1.000000e+00
   4689.892231 7.076700e-15 4.846580e+03 1.000000e+00
   4692.552935 7.265900e-15 4.849330e+03 1.000000e+00
   4695.213640 7.605800e-15 4.852080e+03 1.000000e+00
   4697.874344 7.252800e-15 4.854830e+03 1.000000e+00
   4700.535048 7.230000e-15 4.857580e+03 1.000000e+00
   4703.195753 7.365100e-15 4.860330e+03 1.000000e+00
   4705.856457 7.121000e-15 4.863080e+03 1.000000e+00
   4708.517161 6.731200e-15 4.865830e+03 1.000000e+00
   4711.177866 7.210000e-15 4.868580e+03 1.000000e+00
   4713.838570 7.053700e-15 4.871330e+03 1.000000e+00
   4716.499275 7.709100e-15 4.874080e+03 1.000000e+00
   4719.159979 7.535000e-15 4.876830e+03 1.000000e+00
   4721.820684 7.192400e-15 4.879580e+03 1.000000e+00
   4724.481388 7.363600e-15 4.882330e+03 1.000000e+00
   4727.142093 7.151100e-15 4.885080e+03 1.000000e+00
   4729.802797 7.151600e-15 4.887830e+03 1.000000e+00
   4732.463502 6.637900e-15 4.890580e+03 1.000000e+00
   4735.124207 7.028200e-15 4.893330e+03 1.000000e+00
   4737.784911 6.828000e-15 4.896080e+03 1.000000e+00
   4740.445616 6.791000e-15 4.898830e+03 1.000000e+00
   4743.106321 7.033000e-15 4.901580e+03 1.000000e+00
   4745.767026 7.082600e-15 4.904330e+03 1.000000e+00
   4748.427730 7.510300e-15 4.907080e+03 1.000000e+00
   4751.088435 7.375000e-15 4.909830e+03 1.000000e+00
   4753.749140 7.450900e-15 4.912580e+03 1.000000e+00
   4756.409845 7.267200e-15 4.915330e+03 1.000000e+00
   4759.070550 6.927100e-15 4.918080e+03 1.000000e+00
   4761.731255 7.021500e-15 4.920830e+03 1.000000e+00
   4764.391960 7.024300e-15 4.923580e+03 1.000000e+00
   4767.062667 6.842700e-15 4.926330e+03 1.000000e+00
   4769.723372 6.687300e-15 4.929080e+03 1.000000e+00
   4772.384077 6.891400e-15 4.931830e+03 1.000000e+00
   4775.044782 7.153900e-15 4.934580e+03 1.000000e+00
   4777.705487 6.672400e-15 4.937330e+03 1.000000e+00
   4780.366192 6.731600e-15 4.940080e+03 1.000000e+00
   4783.026898 7.006100e-15 4.942830e+03 1.000000e+00
   4785.687603 7.017800e-15 4.945580e+03 1.000000e+00
   4788.348308 6.571400e-15 4.948330e+03 1.000000e+00
   4791.009013 6.722400e-15 4.951080e+03 1.000000e+00
   4793.669718 6.876400e-15 4.953830e+03 1.000000e+00
   4796.330423 6.766200e-15 4.956580e+03 1.000000e+00
   4798.991129 7.237200e-15 4.959330e+03 1.000000e+00
   4801.651834 6.899100e-15 4.962080e+03 1.000000e+00
   4804.312539 6.807600e-15 4.964830e+03 1.000000e+00
   4806.973245 6.458000e-15 4.967580e+03 1.000000e+00
   4809.633950 7.064300e-15 4.970330e+03 1.000000e+00
   4812.294655 7.054000e-15 4.973080e+03 1.000000e+00
   4814.955361 7.397900e-15 4.975830e+03 1.000000e+00
   4817.616066 7.387200e-15 4.978580e+03 1.000000e+00
   4820.276772 7.319400e-15 4.981330e+03 1.000000e+00
   4822.937477 6.733200e-15 4.984080e+03 1.000000e+00
   4825.598183 6.661100e-15 4.986830e+03 1.000000e+00
   4828.258888 6.980700e-15 4.989580e+03 1.000000e+00
   4830.919594 6.953400e-15 4.992330e+03 1.000000e+00
   4833.580299 6.718000e-15 4.995080e+03 1.000000e+00
   4836.241005 6.636100e-15 4.997830e+03 1.000000e+00
   4838.901711 6.906900e-15 5.000580e+03 1.000000e+00
   4841.562416 6.823000e-15 5.003330e+03 1.000000e+00
   4844.233125 6.869400e-15 5.006080e+03 1.000000e+00
   4846.893830 6.901800e-15 5.008830e+03 1.000000e+00
   4849.554536 6.822700e-15 5.011580e+03 1.000000e+00
   4852.215242 6.395000e-15 5.014330e+03 1.000000e+00
   4854.875948 6.656800e-15 5.017080e+03 1.000000e+00
   4857.536653 7.041300e-15 5.019830e+03 1.000000e+00
   4860.197359 7.894000e-15 5.022580e+03 1.000000e+00
   4862.858065 7.794100e-15 5.025330e+03 1.000000e+00
   4865.518771 8.423600e-15 5.028080e+03 1.000000e+00
   4868.179477 8.077500e-15 5.030830e+03 1.000000e+00
   4870.840183 7.505500e-15 5.033580e+03 1.000000e+00
   4873.500889 6.952200e-15 5.036330e+03 1.000000e+00
   4876.161595 6.800200e-15 5.039080e+03 1.000000e+00
   4878.822301 7.090800e-15 5.041830e+03 1.000000e+00
   4881.483007 6.944500e-15 5.044580e+03 1.000000e+00
   4884.143713 6.337800e-15 5.047330e+03 1.000000e+00
   4886.804419 6.940200e-15 5.050080e+03 1.000000e+00
   4889.465125 7.014700e-15 5.052830e+03 1.000000e+00
   4892.125831 6.565600e-15 5.055580e+03 1.000000e+00
   4894.786537 6.601300e-15 5.058330e+03 1.000000e+00
   4897.447243 6.654000e-15 5.061080e+03 1.000000e+00
   4900.107949 6.966700e-15 5.063830e+03 1.000000e+00
   4902.768656 7.195000e-15 5.066580e+03 1.000000e+00
   4905.429362 7.183900e-15 5.069330e+03 1.000000e+00
   4908.090068 6.891400e-15 5.072080e+03 1.000000e+00
   4910.750774 6.925200e-15 5.074830e+03 1.000000e+00
   4913.411481 6.516300e-15 5.077580e+03 1.000000e+00
   4916.072187 7.061900e-15 5.080330e+03 1.000000e+00
   4918.732893 6.734800e-15 5.083080e+03 1.000000e+00
   4921.403602 6.852400e-15 5.085830e+03 1.000000e+00
   4924.064309 6.612500e-15 5.088580e+03 1.000000e+00
   4926.725015 6.352700e-15 5.091330e+03 1.000000e+00
   4929.385722 6.889600e-15 5.094080e+03 1.000000e+00
   4932.046428 7.305300e-15 5.096830e+03 1.000000e+00
   4934.707134 7.053900e-15 5.099580e+03 1.000000e+00
   4937.367841 6.858300e-15 5.102330e+03 1.000000e+00
   4940.028547 7.039400e-15 5.105080e+03 1.000000e+00
   4942.689254 7.067500e-15 5.107830e+03 1.000000e+00
   4945.349961 7.363300e-15 5.110580e+03 1.000000e+00
   4948.010667 7.540800e-15 5.113330e+03 1.000000e+00
   4950.671374 7.475000e-15 5.116080e+03 1.000000e+00
   4953.332080 7.540200e-15 5.118830e+03 1.000000e+00
   4955.992787 7.877800e-15 5.121580e+03 1.000000e+00
   4958.653494 8.189700e-15 5.124330e+03 1.000000e+00
   4961.314200 8.184400e-15 5.127080e+03 1.000000e+00
   4963.974907 7.844400e-15 5.129830e+03 1.000000e+00
   4966.635614 7.742800e-15 5.132580e+03 1.000000e+00
   4969.296321 7.580900e-15 5.135330e+03 1.000000e+00
   4971.957027 7.162200e-15 5.138080e+03 1.000000e+00
   4974.617734 7.215400e-15 5.140830e+03 1.000000e+00
   4977.278441 7.018700e-15 5.143580e+03 1.000000e+00
   4979.939148 6.848200e-15 5.146330e+03 1.000000e+00
   4982.599855 7.097100e-15 5.149080e+03 1.000000e+00
   4985.260562 6.875100e-15 5.151830e+03 1.000000e+00
   4987.921269 6.917200e-15 5.154580e+03 1.000000e+00
   4990.581975 7.133100e-15 5.157330e+03 1.000000e+00
   4993.242682 7.079300e-15 5.160080e+03 1.000000e+00
   4995.903389 7.394000e-15 5.162830e+03 1.000000e+00
   4998.574099 7.718300e-15 5.165580e+03 1.000000e+00
   5001.234806 8.399300e-15 5.168330e+03 1.000000e+00
   5003.895513 9.008500e-15 5.171080e+03 1.000000e+00
   5006.556220 1.017000e-14 5.173830e+03 1.000000e+00
   5009.216927 1.050100e-14 5.176580e+03 1.000000e+00
   5011.877634 1.029300e-14 5.179330e+03 1.000000e+00
   5014.538342 9.117800e-15 5.182080e+03 1.000000e+00
   5017.199049 7.849300e-15 5.184830e+03 1.000000e+00
   5019.859756 7.452500e-15 5.187580e+03 1.000000e+00
   5022.520463 7.017700e-15 5.190330e+03 1.000000e+00
   5025.181170 6.858800e-15 5.193080e+03 1.000000e+00
   5027.841878 6.939200e-15 5.195830e+03 1.000000e+00
   5030.502585 6.767200e-15 5.198580e+03 1.000000e+00
   5033.163292 6.809700e-15 5.201330e+03 1.000000e+00
   5035.823999 6.815100e-15 5.204080e+03 1.000000e+00
   5038.484707 6.634400e-15 5.206830e+03 1.000000e+00
   5041.145414 6.960500e-15 5.209580e+03 1.000000e+00
   5043.806121 7.021600e-15 5.212330e+03 1.000000e+00
   5046.466829 6.656700e-15 5.215080e+03 1.000000e+00
   5049.127536 6.842200e-15 5.217830e+03 1.000000e+00
   5051.788244 6.969700e-15 5.220580e+03 1.000000e+00
   5054.448951 7.343000e-15 5.223330e+03 1.000000e+00
   5057.109658 7.151200e-15 5.226080e+03 1.000000e+00
   5059.770366 6.967100e-15 5.228830e+03 1.000000e+00
   5062.431073 6.897800e-15 5.231580e+03 1.000000e+00
   5065.091781 7.033600e-15 5.234330e+03 1.000000e+00
   5067.752489 7.141600e-15 5.237080e+03 1.000000e+00
   5070.413196 7.069200e-15 5.239830e+03 1.000000e+00
   5073.073904 7.277400e-15 5.242580e+03 1.000000e+00
   5075.744614 7.067400e-15 5.245330e+03 1.000000e+00
   5078.405322 6.950800e-15 5.248080e+03 1.000000e+00
   5081.066029 6.880100e-15 5.250830e+03 1.000000e+00
   5083.726737 6.840700e-15 5.253580e+03 1.000000e+00
   5086.387445 7.046000e-15 5.256330e+03 1.000000e+00
   5089.048152 7.391500e-15 5.259080e+03 1.000000e+00
   5091.708860 6.970300e-15 5.261830e+03 1.000000e+00
   5094.369568 6.948300e-15 5.264580e+03 1.000000e+00
   5097.030276 6.959700e-15 5.267330e+03 1.000000e+00
   5099.690983 6.918800e-15 5.270080e+03 1.000000e+00
   5102.351691 6.785700e-15 5.272830e+03 1.000000e+00
   5105.012399 6.730000e-15 5.275580e+03 1.000000e+00
   5107.673107 6.632100e-15 5.278330e+03 1.000000e+00
   5110.333815 6.885400e-15 5.281080e+03 1.000000e+00
   5112.994523 6.643800e-15 5.283830e+03 1.000000e+00
   5115.655231 6.904100e-15 5.286580e+03 1.000000e+00
   5118.315938 6.922600e-15 5.289330e+03 1.000000e+00
   5120.976646 7.284500e-15 5.292080e+03 1.000000e+00
   5123.637354 6.683100e-15 5.294830e+03 1.000000e+00
   5126.298062 6.713700e-15 5.297580e+03 1.000000e+00
   5128.958770 6.685400e-15 5.300330e+03 1.000000e+00
   5131.619478 6.670200e-15 5.303080e+03 1.000000e+00
   5134.280186 6.905200e-15 5.305830e+03 1.000000e+00
   5136.940895 6.722600e-15 5.308580e+03 1.000000e+00
   5139.601603 6.622300e-15 5.311330e+03 1.000000e+00
   5142.262311 6.697200e-15 5.314080e+03 1.000000e+00
   5144.923019 6.842000e-15 5.316830e+03 1.000000e+00
   5147.583727 6.738600e-15 5.319580e+03 1.000000e+00
   5150.254438 6.846400e-15 5.322330e+03 1.000000e+00
   5152.915146 6.965700e-15 5.325080e+03 1.000000e+00
   5155.575854 7.073300e-15 5.327830e+03 1.000000e+00
   5158.236562 7.295900e-15 5.330580e+03 1.000000e+00
   5160.897271 7.183900e-15 5.333330e+03 1.000000e+00
   5163.557979 7.170900e-15 5.336080e+03 1.000000e+00
   5166.218687 6.675000e-15 5.338830e+03 1.000000e+00
   5168.879396 5.933500e-15 5.341580e+03 1.000000e+00
   5171.540104 6.254800e-15 5.344330e+03 1.000000e+00
   5174.200812 6.097000e-15 5.347080e+03 1.000000e+00
   5176.861521 6.431900e-15 5.349830e+03 1.000000e+00
   5179.522229 6.496900e-15 5.352580e+03 1.000000e+00
   5182.182937 6.151900e-15 5.355330e+03 1.000000e+00
   5184.843646 7.110600e-15 5.358080e+03 1.000000e+00
   5187.504354 6.450100e-15 5.360830e+03 1.000000e+00
   5190.165063 6.704200e-15 5.363580e+03 1.000000e+00
   5192.825771 7.059300e-15 5.366330e+03 1.000000e+00
   5195.486480 7.568200e-15 5.369080e+03 1.000000e+00
   5198.147188 6.882400e-15 5.371830e+03 1.000000e+00
   5200.807897 7.478900e-15 5.374580e+03 1.000000e+00
   5203.468605 7.378700e-15 5.377330e+03 1.000000e+00
   5206.129314 7.106600e-15 5.380080e+03 1.000000e+00
   5208.790022 6.575300e-15 5.382830e+03 1.000000e+00
   5211.450731 6.838300e-15 5.385580e+03 1.000000e+00
   5214.111440 6.841600e-15 5.388330e+03 1.000000e+00
   5216.772148 7.155400e-15 5.391080e+03 1.000000e+00
   5219.432857 6.880000e-15 5.393830e+03 1.000000e+00
   5222.093566 6.807200e-15 5.396580e+03 1.000000e+00
   5224.754274 7.043000e-15 5.399330e+03 1.000000e+00
   5227.424986 7.176200e-15 5.402080e+03 1.000000e+00
   5230.085694 6.793600e-15 5.404830e+03 1.000000e+00
   5232.746403 6.761100e-15 5.407580e+03 1.000000e+00
   5235.407112 7.161800e-15 5.410330e+03 1.000000e+00
   5238.067821 6.903600e-15 5.413080e+03 1.000000e+00
   5240.728530 7.327100e-15 5.415830e+03 1.000000e+00
   5243.389238 6.814200e-15 5.418580e+03 1.000000e+00
   5246.049947 7.413000e-15 5.421330e+03 1.000000e+00
   5248.710656 6.859700e-15 5.424080e+03 1.000000e+00
   5251.371365 6.987600e-15 5.426830e+03 1.000000e+00
   5254.032074 6.825200e-15 5.429580e+03 1.000000e+00
   5256.692783 6.814300e-15 5.432330e+03 1.000000e+00
   5259.353492 6.618500e-15 5.435080e+03 1.000000e+00
   5262.014201 6.712000e-15 5.437830e+03 1.000000e+00
   5264.674910 6.662800e-15 5.440580e+03 1.000000e+00
   5267.335619 6.502000e-15 5.443330e+03 1.000000e+00
   5269.996328 6.400400e-15 5.446080e+03 1.000000e+00
   5272.657037 6.403600e-15 5.448830e+03 1.000000e+00
   5275.317746 6.389600e-15 5.451580e+03 1.000000e+00
   5277.978455 6.380700e-15 5.454330e+03 1.000000e+00
   5280.639164 7.025900e-15 5.457080e+03 1.000000e+00
   5283.299873 7.498700e-15 5.459830e+03 1.000000e+00
   5285.960582 7.277000e-15 5.462580e+03 1.000000e+00
   5288.621291 7.020700e-15 5.465330e+03 1.000000e+00
   5291.282000 7.204600e-15 5.468080e+03 1.000000e+00
   5293.942710 7.551500e-15 5.470830e+03 1.000000e+00
   5296.603419 7.533300e-15 5.473580e+03 1.000000e+00
   5299.264128 7.522000e-15 5.476330e+03 1.000000e+00
   5301.924837 6.981100e-15 5.479080e+03 1.000000e+00
   5304.595549 7.635500e-15 5.481830e+03 1.000000e+00
   5307.256258 7.385400e-15 5.484580e+03 1.000000e+00
   5309.916968 7.788200e-15 5.487330e+03 1.000000e+00
   5312.577677 7.603100e-15 5.490080e+03 1.000000e+00
   5315.238386 7.139500e-15 5.492830e+03 1.000000e+00
   5317.899096 7.511200e-15 5.495580e+03 1.000000e+00
   5320.559805 7.426500e-15 5.498330e+03 1.000000e+00
   5323.220514 7.532200e-15 5.501080e+03 1.000000e+00
   5325.881224 7.250300e-15 5.503830e+03 1.000000e+00
   5328.541933 7.236000e-15 5.506580e+03 1.000000e+00
   5331.202642 7.320200e-15 5.509330e+03 1.000000e+00
   5333.863352 6.895700e-15 5.512080e+03 1.000000e+00
   5336.524061 7.007900e-15 5.514830e+03 1.000000e+00
   5339.184771 7.449300e-15 5.517580e+03 1.000000e+00
   5341.845480 7.256800e-15 5.520330e+03 1.000000e+00
   5344.506190 7.139600e-15 5.523080e+03 1.000000e+00
   5347.166899 7.439600e-15 5.525830e+03 1.000000e+00
   5349.827609 7.423500e-15 5.528580e+03 1.000000e+00
   5352.488318 7.231900e-15 5.531330e+03 1.000000e+00
   5355.149028 7.052500e-15 5.534080e+03 1.000000e+00
   5357.809738 6.866700e-15 5.536830e+03 1.000000e+00
   5360.470447 7.363200e-15 5.539580e+03 1.000000e+00
   5363.131157 7.552700e-15 5.542330e+03 1.000000e+00
   5365.791866 7.448700e-15 5.545080e+03 1.000000e+00
   5368.452576 6.954100e-15 5.547830e+03 1.000000e+00
   5371.113286 7.781300e-15 5.550580e+03 1.000000e+00
   5373.773995 7.427500e-15 5.553330e+03 1.000000e+00
   5376.434705 7.485400e-15 5.556080e+03 1.000000e+00
   5379.095415 7.153200e-15 5.558830e+03 1.000000e+00
   5381.766127 7.222600e-15 5.561580e+03 1.000000e+00
   5384.426837 7.107700e-15 5.564330e+03 1.000000e+00
   5387.087547 7.224300e-15 5.567080e+03 1.000000e+00
   5389.748257 7.420200e-15 5.569830e+03 1.000000e+00
   5392.408966 7.081400e-15 5.572580e+03 1.000000e+00
   5395.069676 7.332500e-15 5.575330e+03 1.000000e+00
   5397.730386 7.372900e-15 5.578080e+03 1.000000e+00
   5400.391096 7.252900e-15 5.580830e+03 1.000000e+00
   5403.051806 7.220900e-15 5.583580e+03 1.000000e+00
   5405.712516 6.838100e-15 5.586330e+03 1.000000e+00
   5408.373226 7.386000e-15 5.589080e+03 1.000000e+00
   5411.033936 7.130400e-15 5.591830e+03 1.000000e+00
   5413.694645 7.276700e-15 5.594580e+03 1.000000e+00
   5416.355355 7.468100e-15 5.597330e+03 1.000000e+00
   5419.016065 7.193800e-15 5.600080e+03 1.000000e+00
   5421.676775 7.636600e-15 5.602830e+03 1.000000e+00
   5424.337485 7.314600e-15 5.605580e+03 1.000000e+00
   5426.998195 7.171000e-15 5.608330e+03 1.000000e+00
   5429.658905 7.406300e-15 5.611080e+03 1.000000e+00
   5432.319616 7.448800e-15 5.613830e+03 1.000000e+00
   5434.980326 7.622300e-15 5.616580e+03 1.000000e+00
   5437.641036 7.522600e-15 5.619330e+03 1.000000e+00
   5440.301746 7.400300e-15 5.622080e+03 1.000000e+00
   5442.962456 7.580300e-15 5.624830e+03 1.000000e+00
   5445.623166 7.302900e-15 5.627580e+03 1.000000e+00
   5448.283876 7.252700e-15 5.630330e+03 1.000000e+00
   5450.944586 7.479000e-15 5.633080e+03 1.000000e+00
   5453.605297 7.352600e-15 5.635830e+03 1.000000e+00
   5456.266007 7.507800e-15 5.638580e+03 1.000000e+00
   5458.936720 7.293800e-15 5.641330e+03 1.000000e+00
   5461.597430 7.622000e-15 5.644080e+03 1.000000e+00
   5464.258140 7.407200e-15 5.646830e+03 1.000000e+00
   5466.918850 7.473800e-15 5.649580e+03 1.000000e+00
   5469.579561 7.325500e-15 5.652330e+03 1.000000e+00
   5472.240271 7.267300e-15 5.655080e+03 1.000000e+00
   5474.900981 7.044900e-15 5.657830e+03 1.000000e+00
   5477.561692 7.330200e-15 5.660580e+03 1.000000e+00
   5480.222402 7.539600e-15 5.663330e+03 1.000000e+00
   5482.883112 7.596000e-15 5.666080e+03 1.000000e+00
   5485.543823 7.381800e-15 5.668830e+03 1.000000e+00
   5488.204533 7.558000e-15 5.671580e+03 1.000000e+00
   5490.865243 7.606700e-15 5.674330e+03 1.000000e+00
   5493.525954 7.819300e-15 5.677080e+03 1.000000e+00
   5496.186664 7.572700e-15 5.679830e+03 1.000000e+00
   5498.847375 7.728800e-15 5.682580e+03 1.000000e+00
   5501.508085 7.697200e-15 5.685330e+03 1.000000e+00
   5504.168796 7.600500e-15 5.688080e+03 1.000000e+00
   5506.829506 7.257300e-15 5.690830e+03 1.000000e+00
   5509.490217 7.142600e-15 5.693580e+03 1.000000e+00
   5512.150927 7.442200e-15 5.696330e+03 1.000000e+00
   5514.811638 7.355300e-15 5.699080e+03 1.000000e+00
   5517.472348 7.207000e-15 5.701830e+03 1.000000e+00
   5520.133059 7.570500e-15 5.704580e+03 1.000000e+00
   5522.793769 7.615800e-15 5.707330e+03 1.000000e+00
   5525.454480 7.707900e-15 5.710080e+03 1.000000e+00
   5528.115191 7.701400e-15 5.712830e+03 1.000000e+00
   5530.775901 7.550600e-15 5.715580e+03 1.000000e+00
   5533.436612 7.338500e-15 5.718330e+03 1.000000e+00
   5536.107325 6.984200e-15 5.721080e+03 1.000000e+00
   5538.768036 7.230800e-15 5.723830e+03 1.000000e+00
   5541.428747 7.611200e-15 5.726580e+03 1.000000e+00
   5544.089457 7.476900e-15 5.729330e+03 1.000000e+00
   5546.750168 7.498100e-15 5.732080e+03 1.000000e+00
   5549.410879 7.721000e-15 5.734830e+03 1.000000e+00
   5552.071590 7.524500e-15 5.737580e+03 1.000000e+00
   5554.732300 7.760200e-15 5.740330e+03 1.000000e+00
   5557.393011 7.857500e-15 5.743080e+03 1.000000e+00
   5560.053722 7.918800e-15 5.745830e+03 1.000000e+00
   5562.714433 7.741300e-15 5.748580e+03 1.000000e+00
   5565.375144 7.438100e-15 5.751330e+03 1.000000e+00
   5568.035854 7.687000e-15 5.754080e+03 1.000000e+00
   5570.696565 7.197700e-15 5.756830e+03 1.000000e+00
   5573.357276 7.383300e-15 5.759580e+03 1.000000e+00
   5576.017987 7.456300e-15 5.762330e+03 1.000000e+00
   5578.678698 7.647600e-15 5.765080e+03 1.000000e+00
   5581.339409 7.589600e-15 5.767830e+03 1.000000e+00
   5584.000120 7.479100e-15 5.770580e+03 1.000000e+00
   5586.660831 7.574700e-15 5.773330e+03 1.000000e+00
   5589.321542 7.553400e-15 5.776080e+03 1.000000e+00
   5591.982253 7.396700e-15 5.778830e+03 1.000000e+00
   5594.642964 7.185600e-15 5.781580e+03 1.000000e+00
   5597.303675 6.955800e-15 5.784330e+03 1.000000e+00
   5599.964386 7.318200e-15 5.787080e+03 1.000000e+00
   5602.625097 7.768000e-15 5.789830e+03 1.000000e+00
   5605.285808 7.583900e-15 5.792580e+03 1.000000e+00
   5607.946519 7.512600e-15 5.795330e+03 1.000000e+00
   5610.607230 7.460300e-15 5.798080e+03 1.000000e+00
   5613.277944 7.609200e-15 5.800830e+03 1.000000e+00
   5615.938655 7.743900e-15 5.803580e+03 1.000000e+00
   5618.599366 7.601500e-15 5.806330e+03 1.000000e+00
   5621.260077 7.626400e-15 5.809080e+03 1.000000e+00
   5623.920788 7.579200e-15 5.811830e+03 1.000000e+00
   5626.581499 7.806100e-15 5.814580e+03 1.000000e+00
   5629.242211 7.792200e-15 5.817330e+03 1.000000e+00
   5631.902922 7.585300e-15 5.820080e+03 1.000000e+00
   5634.563633 7.690500e-15 5.822830e+03 1.000000e+00
   5637.224344 7.510400e-15 5.825580e+03 1.000000e+00
   5639.885056 7.317300e-15 5.828330e+03 1.000000e+00
   5642.545767 7.519500e-15 5.831080e+03 1.000000e+00
   5645.206478 7.594100e-15 5.833830e+03 1.000000e+00
   5647.867189 7.408800e-15 5.836580e+03 1.000000e+00
   5650.527901 7.434600e-15 5.839330e+03 1.000000e+00
   5653.188612 7.365400e-15 5.842080e+03 1.000000e+00
   5655.849323 7.675300e-15 5.844830e+03 1.000000e+00
   5658.510035 7.806200e-15 5.847580e+03 1.000000e+00
   5661.170746 7.368500e-15 5.850330e+03 1.000000e+00
   5663.831457 7.338600e-15 5.853080e+03 1.000000e+00
   5666.492169 7.328800e-15 5.855830e+03 1.000000e+00
   5669.152880 7.481900e-15 5.858580e+03 1.000000e+00
   5671.813592 7.751300e-15 5.861330e+03 1.000000e+00
   5674.474303 8.088300e-15 5.864080e+03 1.000000e+00
   5677.135014 8.214400e-15 5.866830e+03 1.000000e+00
   5679.795726 7.803300e-15 5.869580e+03 1.000000e+00
   5682.456437 7.558000e-15 5.872330e+03 1.000000e+00
   5685.117149 7.716900e-15 5.875080e+03 1.000000e+00
   5687.777860 8.164100e-15 5.877830e+03 1.000000e+00
   5690.448575 7.974900e-15 5.880580e+03 1.000000e+00
   5693.109286 7.781600e-15 5.883330e+03 1.000000e+00
   5695.769998 8.061300e-15 5.886080e+03 1.000000e+00
   5698.430709 6.900200e-15 5.888830e+03 1.000000e+00
   5701.091421 6.165800e-15 5.891580e+03 1.000000e+00
   5703.752132 6.184100e-15 5.894330e+03 1.000000e+00
   5706.412844 6.982300e-15 5.897080e+03 1.000000e+00
   5709.073555 6.652900e-15 5.899830e+03 1.000000e+00
   5711.734267 6.912400e-15 5.902580e+03 1.000000e+00
   5714.394979 7.404400e-15 5.905330e+03 1.000000e+00
   5717.055690 7.314800e-15 5.908080e+03 1.000000e+00
   5719.716402 7.582800e-15 5.910830e+03 1.000000e+00
   5722.377114 7.608500e-15 5.913580e+03 1.000000e+00
   5725.037825 7.395800e-15 5.916330e+03 1.000000e+00
   5727.698537 7.523100e-15 5.919080e+03 1.000000e+00
   5730.359249 7.836200e-15 5.921830e+03 1.000000e+00
   5733.019961 7.955800e-15 5.924580e+03 1.000000e+00
   5735.680672 7.425300e-15 5.927330e+03 1.000000e+00
   5738.341384 7.406500e-15 5.930080e+03 1.000000e+00
   5741.002096 7.609600e-15 5.932830e+03 1.000000e+00
   5743.662808 7.683100e-15 5.935580e+03 1.000000e+00
   5746.323519 7.764700e-15 5.938330e+03 1.000000e+00
   5748.984231 7.732000e-15 5.941080e+03 1.000000e+00
   5751.644943 7.780900e-15 5.943830e+03 1.000000e+00
   5754.305655 7.508400e-15 5.946580e+03 1.000000e+00
   5756.966367 7.552700e-15 5.949330e+03 1.000000e+00
   5759.627079 8.225300e-15 5.952080e+03 1.000000e+00
   5762.287790 7.772400e-15 5.954830e+03 1.000000e+00
   5764.958505 8.011600e-15 5.957580e+03 1.000000e+00
   5767.619217 7.593200e-15 5.960330e+03 1.000000e+00
   5770.279929 7.591200e-15 5.963080e+03 1.000000e+00
   5772.940641 7.161000e-15 5.965830e+03 1.000000e+00
   5775.601353 7.017900e-15 5.968580e+03 1.000000e+00
   5778.262065 7.158800e-15 5.971330e+03 1.000000e+00
   5780.922777 6.931400e-15 5.974080e+03 1.000000e+00
   5783.583489 7.296400e-15 5.976830e+03 1.000000e+00
   5786.244201 6.975200e-15 5.979580e+03 1.000000e+00
   5788.904913 7.210800e-15 5.982330e+03 1.000000e+00
   5791.565625 7.160700e-15 5.985080e+03 1.000000e+00
   5794.226337 7.634700e-15 5.987830e+03 1.000000e+00
   5796.887049 7.069600e-15 5.990580e+03 1.000000e+00
   5799.547761 7.260900e-15 5.993330e+03 1.000000e+00
   5802.208473 7.755100e-15 5.996080e+03 1.000000e+00
   5804.869185 7.707000e-15 5.998830e+03 1.000000e+00
   5807.529897 7.652800e-15 6.001580e+03 1.000000e+00
   5810.190609 7.789900e-15 6.004330e+03 1.000000e+00
   5812.851321 7.314500e-15 6.007080e+03 1.000000e+00
   5815.512033 8.067600e-15 6.009830e+03 1.000000e+00
   5818.172746 7.844400e-15 6.012580e+03 1.000000e+00
   5820.833458 7.639000e-15 6.015330e+03 1.000000e+00
   5823.494170 7.623000e-15 6.018080e+03 1.000000e+00
   5826.154882 7.982200e-15 6.020830e+03 1.000000e+00
   5828.815594 7.723700e-15 6.023580e+03 1.000000e+00
   5831.476307 8.042100e-15 6.026330e+03 1.000000e+00
   5834.137019 7.825700e-15 6.029080e+03 1.000000e+00
   5836.797731 7.745500e-15 6.031830e+03 1.000000e+00
   5839.458443 7.830900e-15 6.034580e+03 1.000000e+00
   5842.129158 8.489200e-15 6.037330e+03 1.000000e+00
   5844.789871 7.628800e-15 6.040080e+03 1.000000e+00
   5847.450583 7.590500e-15 6.042830e+03 1.000000e+00
   5850.111295 7.788000e-15 6.045580e+03 1.000000e+00
   5852.772007 7.721900e-15 6.048330e+03 1.000000e+00
   5855.432720 7.293700e-15 6.051080e+03 1.000000e+00
   5858.093432 7.148700e-15 6.053830e+03 1.000000e+00
   5860.754144 7.235500e-15 6.056580e+03 1.000000e+00
   5863.414857 7.308900e-15 6.059330e+03 1.000000e+00
   5866.075569 7.454000e-15 6.062080e+03 1.000000e+00
   5868.736282 7.494200e-15 6.064830e+03 1.000000e+00
   5871.396994 7.641200e-15 6.067580e+03 1.000000e+00
   5874.057706 7.853900e-15 6.070330e+03 1.000000e+00
   5876.718419 8.147100e-15 6.073080e+03 1.000000e+00
   5879.379131 8.237300e-15 6.075830e+03 1.000000e+00
   5882.039844 8.113400e-15 6.078580e+03 1.000000e+00
   5884.700556 7.836900e-15 6.081330e+03 1.000000e+00
   5887.361269 7.370700e-15 6.084080e+03 1.000000e+00
   5890.021981 6.905600e-15 6.086830e+03 1.000000e+00
   5892.682694 6.571600e-15 6.089580e+03 1.000000e+00
   5895.343406 6.487300e-15 6.092330e+03 1.000000e+00
   5898.004119 6.539700e-15 6.095080e+03 1.000000e+00
   5900.664831 7.123100e-15 6.097830e+03 1.000000e+00
   5903.325544 6.968900e-15 6.100580e+03 1.000000e+00
   5905.986256 7.424800e-15 6.103330e+03 1.000000e+00
   5908.646969 7.834000e-15 6.106080e+03 1.000000e+00
   5911.307682 7.488500e-15 6.108830e+03 1.000000e+00
   5913.968394 7.762400e-15 6.111580e+03 1.000000e+00
   5916.629107 7.846100e-15 6.114330e+03 1.000000e+00
   5919.299822 7.161600e-15 6.117080e+03 1.000000e+00
   5921.960535 7.157300e-15 6.119830e+03 1.000000e+00
   5924.621247 7.558500e-15 6.122580e+03 1.000000e+00
   5927.281960 7.443200e-15 6.125330e+03 1.000000e+00
   5929.942673 7.392000e-15 6.128080e+03 1.000000e+00
   5932.603385 7.438800e-15 6.130830e+03 1.000000e+00
   5935.264098 7.764400e-15 6.133580e+03 1.000000e+00
   5937.924811 7.792500e-15 6.136330e+03 1.000000e+00
   5940.585524 7.314900e-15 6.139080e+03 1.000000e+00
   5943.246236 7.078800e-15 6.141830e+03 1.000000e+00
   5945.906949 7.329800e-15 6.144580e+03 1.000000e+00
   5948.567662 7.490000e-15 6.147330e+03 1.000000e+00
   5951.228375 7.773100e-15 6.150080e+03 1.000000e+00
   5953.889087 7.492100e-15 6.152830e+03 1.000000e+00
   5956.549800 7.380200e-15 6.155580e+03 1.000000e+00
   5959.210513 7.792800e-15 6.158330e+03 1.000000e+00
   5961.871226 7.373200e-15 6.161080e+03 1.000000e+00
   5964.531939 7.621900e-15 6.163830e+03 1.000000e+00
   5967.192652 7.548100e-15 6.166580e+03 1.000000e+00
   5969.853364 7.251000e-15 6.169330e+03 1.000000e+00
   5972.514077 7.365800e-15 6.172080e+03 1.000000e+00
   5975.174790 7.540000e-15 6.174830e+03 1.000000e+00
   5977.835503 7.392800e-15 6.177580e+03 1.000000e+00
   5980.496216 7.266300e-15 6.180330e+03 1.000000e+00
   5983.156929 7.459500e-15 6.183080e+03 1.000000e+00
   5985.817642 7.700300e-15 6.185830e+03 1.000000e+00
   5988.478355 7.498700e-15 6.188580e+03 1.000000e+00
   5991.139068 7.225800e-15 6.191330e+03 1.000000e+00
   5993.799781 7.563200e-15 6.194080e+03 1.000000e+00
   5996.470496 7.542300e-15 6.196830e+03 1.000000e+00
   5999.131209 7.645600e-15 6.199580e+03 1.000000e+00
   6001.791922 7.575700e-15 6.202330e+03 1.000000e+00
   6004.452635 7.686000e-15 6.205080e+03 1.000000e+00
   6007.113348 7.704100e-15 6.207830e+03 1.000000e+00
   6009.774061 7.230800e-15 6.210580e+03 1.000000e+00
   6012.434774 7.490400e-15 6.213330e+03 1.000000e+00
   6015.095487 7.554800e-15 6.216080e+03 1.000000e+00
   6017.756200 7.476600e-15 6.218830e+03 1.000000e+00
   6020.416914 7.083000e-15 6.221580e+03 1.000000e+00
   6023.077627 7.031000e-15 6.224330e+03 1.000000e+00
   6025.738340 7.371800e-15 6.227080e+03 1.000000e+00
   6028.399053 7.501500e-15 6.229830e+03 1.000000e+00
   6031.059766 7.869900e-15 6.232580e+03 1.000000e+00
   6033.720479 8.019900e-15 6.235330e+03 1.000000e+00
   6036.381192 7.776600e-15 6.238080e+03 1.000000e+00
   6039.041905 7.648400e-15 6.240830e+03 1.000000e+00
   6041.702619 7.632700e-15 6.243580e+03 1.000000e+00
   6044.363332 7.624800e-15 6.246330e+03 1.000000e+00
   6047.024045 7.428700e-15 6.249080e+03 1.000000e+00
   6049.684758 7.588000e-15 6.251830e+03 1.000000e+00
   6052.345471 7.856000e-15 6.254580e+03 1.000000e+00
   6055.006185 7.828800e-15 6.257330e+03 1.000000e+00
   6057.666898 7.867200e-15 6.260080e+03 1.000000e+00
   6060.327611 7.764000e-15 6.262830e+03 1.000000e+00
   6062.988324 7.488000e-15 6.265580e+03 1.000000e+00
   6065.649038 7.612900e-15 6.268330e+03 1.000000e+00
   6068.309751 7.644700e-15 6.271080e+03 1.000000e+00
   6070.970464 7.969000e-15 6.273830e+03 1.000000e+00
   6073.641180 7.676400e-15 6.276580e+03 1.000000e+00
   6076.301894 8.223600e-15 6.279330e+03 1.000000e+00
   6078.962607 8.462200e-15 6.282080e+03 1.000000e+00
   6081.623320 8.104900e-15 6.284830e+03 1.000000e+00
   6084.284034 7.655600e-15 6.287580e+03 1.000000e+00
   6086.944747 6.867000e-15 6.290330e+03 1.000000e+00
   6089.605460 7.418100e-15 6.293080e+03 1.000000e+00
   6092.266174 7.857400e-15 6.295830e+03 1.000000e+00
   6094.926887 7.198600e-15 6.298580e+03 1.000000e+00
   6097.587601 6.897900e-15 6.301330e+03 1.000000e+00
   6100.248314 7.115500e-15 6.304080e+03 1.000000e+00
   6102.909027 7.457700e-15 6.306830e+03 1.000000e+00
   6105.569741 7.525900e-15 6.309580e+03 1.000000e+00
   6108.230454 7.007300e-15 6.312330e+03 1.000000e+00
   6110.891168 7.246400e-15 6.315080e+03 1.000000e+00
   6113.551881 7.866600e-15 6.317830e+03 1.000000e+00
   6116.212595 7.925700e-15 6.320580e+03 1.000000e+00
   6118.873308 8.121800e-15 6.323330e+03 1.000000e+00
   6121.534022 8.235400e-15 6.326080e+03 1.000000e+00
   6124.194735 8.837400e-15 6.328830e+03 1.000000e+00
   6126.855449 7.428900e-15 6.331580e+03 1.000000e+00
   6129.516162 7.479500e-15 6.334330e+03 1.000000e+00
   6132.176876 7.784600e-15 6.337080e+03 1.000000e+00
   6134.837589 7.963700e-15 6.339830e+03 1.000000e+00
   6137.498303 7.674500e-15 6.342580e+03 1.000000e+00
   6140.159016 8.271700e-15 6.345330e+03 1.000000e+00
   6142.819730 7.685100e-15 6.348080e+03 1.000000e+00
   6145.480444 7.800700e-15 6.350830e+03 1.000000e+00
   6148.141157 8.473000e-15 6.353580e+03 1.000000e+00
   6150.811874 7.699800e-15 6.356330e+03 1.000000e+00
   6153.472587 7.578000e-15 6.359080e+03 1.000000e+00
   6156.133301 7.631500e-15 6.361830e+03 1.000000e+00
   6158.794015 7.782300e-15 6.364580e+03 1.000000e+00
   6161.454728 7.880400e-15 6.367330e+03 1.000000e+00
   6164.115442 7.487400e-15 6.370080e+03 1.000000e+00
   6166.776156 8.392100e-15 6.372830e+03 1.000000e+00
   6169.436869 8.233900e-15 6.375580e+03 1.000000e+00
   6172.097583 7.748500e-15 6.378330e+03 1.000000e+00
   6174.758297 7.875300e-15 6.381080e+03 1.000000e+00
   6177.419010 8.622800e-15 6.383830e+03 1.000000e+00
   6180.079724 8.435100e-15 6.386580e+03 1.000000e+00
   6182.740438 8.245600e-15 6.389330e+03 1.000000e+00
   6185.401152 8.069200e-15 6.392080e+03 1.000000e+00
   6188.061865 7.501100e-15 6.394830e+03 1.000000e+00
   6190.722579 7.486300e-15 6.397580e+03 1.000000e+00
   6193.383293 7.196600e-15 6.400330e+03 1.000000e+00
   6196.044007 7.275500e-15 6.403080e+03 1.000000e+00
   6198.704721 7.365000e-15 6.405830e+03 1.000000e+00
   6201.365434 7.444500e-15 6.408580e+03 1.000000e+00
   6204.026148 7.485300e-15 6.411330e+03 1.000000e+00
   6206.686862 7.507800e-15 6.414080e+03 1.000000e+00
   6209.347576 7.693200e-15 6.416830e+03 1.000000e+00
   6212.008290 7.281300e-15 6.419580e+03 1.000000e+00
   6214.669004 6.978000e-15 6.422330e+03 1.000000e+00
   6217.329718 7.284300e-15 6.425080e+03 1.000000e+00
   6219.990432 7.435100e-15 6.427830e+03 1.000000e+00
   6222.651145 7.835200e-15 6.430580e+03 1.000000e+00
   6225.311859 7.480400e-15 6.433330e+03 1.000000e+00
   6227.982576 7.136500e-15 6.436080e+03 1.000000e+00
   6230.643290 7.160400e-15 6.438830e+03 1.000000e+00
   6233.304004 7.379300e-15 6.441580e+03 1.000000e+00
   6235.964718 7.389300e-15 6.444330e+03 1.000000e+00
   6238.625432 7.150900e-15 6.447080e+03 1.000000e+00
   6241.286146 7.057700e-15 6.449830e+03 1.000000e+00
   6243.946860 7.273500e-15 6.452580e+03 1.000000e+00
   6246.607574 7.253700e-15 6.455330e+03 1.000000e+00
   6249.268288 6.908000e-15 6.458080e+03 1.000000e+00
   6251.929002 7.223300e-15 6.460830e+03 1.000000e+00
   6254.589716 6.986000e-15 6.463580e+03 1.000000e+00
   6257.250430 7.349000e-15 6.466330e+03 1.000000e+00
   6259.911144 7.238600e-15 6.469080e+03 1.000000e+00
   6262.571858 6.744200e-15 6.471830e+03 1.000000e+00
   6265.232572 7.105000e-15 6.474580e+03 1.000000e+00
   6267.893286 7.623700e-15 6.477330e+03 1.000000e+00
   6270.554000 7.386900e-15 6.480080e+03 1.000000e+00
   6273.214714 7.342200e-15 6.482830e+03 1.000000e+00
   6275.875428 7.203700e-15 6.485580e+03 1.000000e+00
   6278.536143 7.119500e-15 6.488330e+03 1.000000e+00
   6281.196857 6.895500e-15 6.491080e+03 1.000000e+00
   6283.857571 6.897100e-15 6.493830e+03 1.000000e+00
   6286.518285 7.871300e-15 6.496580e+03 1.000000e+00
   6289.178999 7.746300e-15 6.499330e+03 1.000000e+00
   6291.839713 7.816300e-15 6.502080e+03 1.000000e+00
   6294.500428 7.529800e-15 6.504830e+03 1.000000e+00
   6297.161142 8.038900e-15 6.507580e+03 1.000000e+00
   6299.821856 7.790900e-15 6.510330e+03 1.000000e+00
   6302.482570 8.764600e-15 6.513080e+03 1.000000e+00
   6305.153287 8.321200e-15 6.515830e+03 1.000000e+00
   6307.814001 8.521800e-15 6.518580e+03 1.000000e+00
   6310.474716 7.727600e-15 6.521330e+03 1.000000e+00
   6313.135430 7.701800e-15 6.524080e+03 1.000000e+00
   6315.796144 7.344200e-15 6.526830e+03 1.000000e+00
   6318.456858 8.012200e-15 6.529580e+03 1.000000e+00
   6321.117573 7.636600e-15 6.532330e+03 1.000000e+00
   6323.778287 8.000000e-15 6.535080e+03 1.000000e+00
   6326.439001 7.770800e-15 6.537830e+03 1.000000e+00
   6329.099716 7.907300e-15 6.540580e+03 1.000000e+00
   6331.760430 6.724100e-15 6.543330e+03 1.000000e+00
   6334.421144 7.495500e-15 6.546080e+03 1.000000e+00
   6337.081859 7.451700e-15 6.548830e+03 1.000000e+00
   6339.742573 7.464700e-15 6.551580e+03 1.000000e+00
   6342.403287 7.305700e-15 6.554330e+03 1.000000e+00
   6345.064002 7.346800e-15 6.557080e+03 1.000000e+00
   6347.724716 7.379000e-15 6.559830e+03 1.000000e+00
   6350.385430 6.964500e-15 6.562580e+03 1.000000e+00
   6353.046145 7.246700e-15 6.565330e+03 1.000000e+00
   6355.706859 7.735500e-15 6.568080e+03 1.000000e+00
   6358.367574 7.531400e-15 6.570830e+03 1.000000e+00
   6361.028288 7.256300e-15 6.573580e+03 1.000000e+00
   6363.689002 7.177300e-15 6.576330e+03 1.000000e+00
   6366.349717 7.554800e-15 6.579080e+03 1.000000e+00
   6369.010431 7.382200e-15 6.581830e+03 1.000000e+00
   6371.671146 7.772000e-15 6.584580e+03 1.000000e+00
   6374.331860 7.926500e-15 6.587330e+03 1.000000e+00
   6376.992575 7.822500e-15 6.590080e+03 1.000000e+00
   6379.663292 7.791700e-15 6.592830e+03 1.000000e+00
   6382.324006 7.495300e-15 6.595580e+03 1.000000e+00
   6384.984721 7.281500e-15 6.598330e+03 1.000000e+00
   6387.645435 7.588200e-15 6.601080e+03 1.000000e+00
   6390.306150 7.902800e-15 6.603830e+03 1.000000e+00
   6392.966865 7.747700e-15 6.606580e+03 1.000000e+00
   6395.627579 7.487400e-15 6.609330e+03 1.000000e+00
   6398.288294 7.734200e-15 6.612080e+03 1.000000e+00
   6400.949008 8.056300e-15 6.614830e+03 1.000000e+00
   6403.609723 8.138700e-15 6.617580e+03 1.000000e+00
   6406.270437 7.955000e-15 6.620330e+03 1.000000e+00
   6408.931152 7.777700e-15 6.623080e+03 1.000000e+00
   6411.591867 7.714400e-15 6.625830e+03 1.000000e+00
   6414.252581 7.763500e-15 6.628580e+03 1.000000e+00
   6416.913296 7.739200e-15 6.631330e+03 1.000000e+00
   6419.574011 7.494200e-15 6.634080e+03 1.000000e+00
   6422.234725 7.522900e-15 6.636830e+03 1.000000e+00
   6424.895440 7.622000e-15 6.639580e+03 1.000000e+00
   6427.556154 7.571600e-15 6.642330e+03 1.000000e+00
   6430.216869 7.714300e-15 6.645080e+03 1.000000e+00
   6432.877584 7.682800e-15 6.647830e+03 1.000000e+00
   6435.538299 7.822400e-15 6.650580e+03 1.000000e+00
   6438.199013 7.888900e-15 6.653330e+03 1.000000e+00
   6440.859728 7.830200e-15 6.656080e+03 1.000000e+00
   6443.520443 7.841300e-15 6.658830e+03 1.000000e+00
   6446.181157 7.809400e-15 6.661580e+03 1.000000e+00
   6448.841872 7.525200e-15 6.664330e+03 1.000000e+00
   6451.502587 7.621200e-15 6.667080e+03 1.000000e+00
   6454.163302 7.892800e-15 6.669830e+03 1.000000e+00
   6456.834019 7.508200e-15 6.672580e+03 1.000000e+00
   6459.494734 7.642400e-15 6.675330e+03 1.000000e+00
   6462.155449 7.591300e-15 6.678080e+03 1.000000e+00
   6464.816163 7.624600e-15 6.680830e+03 1.000000e+00
   6467.476878 7.830100e-15 6.683580e+03 1.000000e+00
   6470.137593 7.568000e-15 6.686330e+03 1.000000e+00
   6472.798308 7.658400e-15 6.689080e+03 1.000000e+00
   6475.459023 7.329400e-15 6.691830e+03 1.000000e+00
   6478.119738 7.242600e-15 6.694580e+03 1.000000e+00
   6480.780452 7.600500e-15 6.697330e+03 1.000000e+00
   6483.441167 7.893700e-15 6.700080e+03 1.000000e+00
   6486.101882 7.423300e-15 6.702830e+03 1.000000e+00
   6488.762597 7.293900e-15 6.705580e+03 1.000000e+00
   6491.423312 7.591400e-15 6.708330e+03 1.000000e+00
   6494.084027 7.547900e-15 6.711080e+03 1.000000e+00
   6496.744742 7.793200e-15 6.713830e+03 1.000000e+00
   6499.405457 7.593000e-15 6.716580e+03 1.000000e+00
   6502.066171 7.577800e-15 6.719330e+03 1.000000e+00
   6504.726886 7.279600e-15 6.722080e+03 1.000000e+00
   6507.387601 7.587900e-15 6.724830e+03 1.000000e+00
   6510.048316 7.219800e-15 6.727580e+03 1.000000e+00
   6512.709031 7.767000e-15 6.730330e+03 1.000000e+00
   6515.369746 7.906500e-15 6.733080e+03 1.000000e+00
   6518.030461 7.810300e-15 6.735830e+03 1.000000e+00
   6520.691176 7.478700e-15 6.738580e+03 1.000000e+00
   6523.351891 7.718200e-15 6.741330e+03 1.000000e+00
   6526.012606 7.879100e-15 6.744080e+03 1.000000e+00
   6528.673321 8.067300e-15 6.746830e+03 1.000000e+00
   6531.334036 7.326400e-15 6.749580e+03 1.000000e+00
   6534.004754 7.338800e-15 6.752330e+03 1.000000e+00
   6536.665469 7.635700e-15 6.755080e+03 1.000000e+00
   6539.326184 7.898100e-15 6.757830e+03 1.000000e+00
   6541.986899 8.089400e-15 6.760580e+03 1.000000e+00
   6544.647614 9.124300e-15 6.763330e+03 1.000000e+00
   6547.308329 9.553300e-15 6.766080e+03 1.000000e+00
   6549.969044 1.008900e-14 6.768830e+03 1.000000e+00
   6552.629759 1.062300e-14 6.771580e+03 1.000000e+00
   6555.290474 1.164300e-14 6.774330e+03 1.000000e+00
   6557.951190 1.350300e-14 6.777080e+03 1.000000e+00
   6560.611905 1.524100e-14 6.779830e+03 1.000000e+00
   6563.272620 1.602800e-14 6.782580e+03 1.000000e+00
   6565.933335 1.668800e-14 6.785330e+03 1.000000e+00
   6568.594050 1.750100e-14 6.788080e+03 1.000000e+00
   6571.254765 1.614200e-14 6.790830e+03 1.000000e+00
   6573.915480 1.336800e-14 6.793580e+03 1.000000e+00
   6576.576195 1.182100e-14 6.796330e+03 1.000000e+00
   6579.236911 1.213000e-14 6.799080e+03 1.000000e+00
   6581.897626 1.385300e-14 6.801830e+03 1.000000e+00
   6584.558341 1.448700e-14 6.804580e+03 1.000000e+00
   6587.219056 1.500000e-14 6.807330e+03 1.000000e+00
   6589.879771 1.490700e-14 6.810080e+03 1.000000e+00
   6592.540487 1.343700e-14 6.812830e+03 1.000000e+00
   6595.201202 1.075600e-14 6.815580e+03 1.000000e+00
   6597.861917 8.592200e-15 6.818330e+03 1.000000e+00
   6600.522632 7.776300e-15 6.821080e+03 1.000000e+00
   6603.183348 7.891000e-15 6.823830e+03 1.000000e+00
   6605.844063 7.867100e-15 6.826580e+03 1.000000e+00
   6608.504778 7.418000e-15 6.829330e+03 1.000000e+00
   6617.977325 7.573900e-15 6.839120e+03 0.000000e+00
   6633.231426 7.698100e-15 6.854880e+03 0.000000e+00
   6648.525538 7.752700e-15 6.870680e+03 0.000000e+00
   6663.849658 7.718200e-15 6.886520e+03 0.000000e+00
   6679.213790 7.772900e-15 6.902400e+03 0.000000e+00
   6694.607929 7.685100e-15 6.918310e+03 0.000000e+00
   6710.042080 7.704000e-15 6.934260e+03 0.000000e+00
   6725.516242 7.257500e-15 6.950240e+03 0.000000e+00
   6741.010410 7.618200e-15 6.966260e+03 0.000000e+00
   6756.554591 7.463100e-15 6.982330e+03 0.000000e+00
   6772.128780 7.673400e-15 6.998420e+03 0.000000e+00
   6787.742981 7.799300e-15 7.014550e+03 0.000000e+00
   6803.387190 7.501000e-15 7.030720e+03 0.000000e+00
   6819.071410 7.641700e-15 7.046930e+03 0.000000e+00
   6834.795641 7.713600e-15 7.063180e+03 0.000000e+00
   6850.549880 7.333700e-15 7.079460e+03 0.000000e+00
   6866.344131 7.385700e-15 7.095780e+03 0.000000e+00
   6882.168389 7.472400e-15 7.112140e+03 0.000000e+00
   6898.032659 7.577500e-15 7.128530e+03 0.000000e+00
   6913.936940 7.596200e-15 7.144960e+03 0.000000e+00
   6929.871229 7.510400e-15 7.161430e+03 0.000000e+00
   6945.845529 7.775600e-15 7.177940e+03 0.000000e+00
   6961.859840 7.687800e-15 7.194490e+03 0.000000e+00
   6977.904160 7.977600e-15 7.211080e+03 0.000000e+00
   6993.988490 7.978900e-15 7.227700e+03 0.000000e+00
   7010.112832 7.762700e-15 7.244360e+03 0.000000e+00
   7026.277185 7.569700e-15 7.261060e+03 0.000000e+00
   7042.471546 7.927700e-15 7.277800e+03 0.000000e+00
   7058.705917 8.283600e-15 7.294570e+03 0.000000e+00
   7074.980301 7.503900e-15 7.311390e+03 0.000000e+00
   7091.294695 7.662300e-15 7.328250e+03 0.000000e+00
   7107.639097 7.454700e-15 7.345140e+03 0.000000e+00
   7124.023510 7.421600e-15 7.362070e+03 0.000000e+00
   7140.447935 6.991500e-15 7.379040e+03 0.000000e+00
   7156.902368 7.106300e-15 7.396050e+03 0.000000e+00
   7173.396811 7.042300e-15 7.413100e+03 0.000000e+00
   7189.941269 7.108600e-15 7.430190e+03 0.000000e+00
   7206.515735 7.241900e-15 7.447320e+03 0.000000e+00
   7223.120209 7.497700e-15 7.464490e+03 0.000000e+00
   7239.774697 7.638300e-15 7.481700e+03 0.000000e+00
   7256.469196 7.799500e-15 7.498940e+03 0.000000e+00
   7273.193703 7.570800e-15 7.516230e+03 0.000000e+00
   7289.958222 7.624500e-15 7.533560e+03 0.000000e+00
   7306.762751 7.948500e-15 7.550920e+03 0.000000e+00
   7323.607291 7.949800e-15 7.568330e+03 0.000000e+00
   7340.491843 7.914600e-15 7.585780e+03 0.000000e+00
   7357.416405 8.100300e-15 7.603260e+03 0.000000e+00
   7374.370976 7.880900e-15 7.620790e+03 0.000000e+00
   7391.375561 8.159200e-15 7.638360e+03 0.000000e+00
   7408.410153 8.160600e-15 7.655970e+03 0.000000e+00
   7425.484757 7.848600e-15 7.673610e+03 0.000000e+00
   7442.609375 8.125800e-15 7.691300e+03 0.000000e+00
   7459.764001 8.240300e-15 7.709040e+03 0.000000e+00
   7476.958638 8.337100e-15 7.726810e+03 0.000000e+00
   7494.193286 8.243100e-15 7.744620e+03 0.000000e+00
   7511.477947 8.378400e-15 7.762470e+03 0.000000e+00
   7528.792618 8.457400e-15 7.780370e+03 0.000000e+00
   7546.147299 8.497900e-15 7.798300e+03 0.000000e+00
   7563.531988 8.382700e-15 7.816280e+03 0.000000e+00
   7580.976694 8.174500e-15 7.834300e+03 0.000000e+00
   7598.451408 8.082300e-15 7.852360e+03 0.000000e+00
   7615.966133 7.991100e-15 7.870460e+03 0.000000e+00
   7633.520869 8.029400e-15 7.888600e+03 0.000000e+00
   7651.115617 8.067900e-15 7.906790e+03 0.000000e+00
   7668.760378 7.653100e-15 7.925010e+03 0.000000e+00
   7686.435147 7.832700e-15 7.943280e+03 0.000000e+00
   7704.159930 7.708800e-15 7.961590e+03 0.000000e+00
   7721.914721 7.674700e-15 7.979950e+03 0.000000e+00
   7739.719526 7.800800e-15 7.998340e+03 0.000000e+00
   7757.554340 7.382700e-15 8.016780e+03 0.000000e+00
   7775.439167 7.767700e-15 8.035260e+03 0.000000e+00
   7793.364005 7.769000e-15 8.053780e+03 0.000000e+00
   7811.328854 7.734700e-15 8.072350e+03 0.000000e+00
   7829.333715 7.971100e-15 8.090960e+03 0.000000e+00
   7847.378586 7.791100e-15 8.109610e+03 0.000000e+00
   7865.473471 7.900900e-15 8.128310e+03 0.000000e+00
   7883.608367 7.829800e-15 8.147040e+03 0.000000e+00
   7901.783274 7.958500e-15 8.165820e+03 0.000000e+00
   7919.998192 7.672000e-15 8.184650e+03 0.000000e+00
   7938.253121 7.726500e-15 8.203520e+03 0.000000e+00
   7956.548061 7.465600e-15 8.222430e+03 0.000000e+00
   7974.893015 7.765000e-15 8.241380e+03 0.000000e+00
   7993.277980 7.947300e-15 8.260380e+03 0.000000e+00
   8011.702956 7.785700e-15 8.279420e+03 0.000000e+00
   8030.167943 8.116600e-15 8.298510e+03 0.000000e+00
   8048.682943 8.288100e-15 8.317640e+03 0.000000e+00
   8067.237955 8.232500e-15 8.336810e+03 0.000000e+00
   8085.832977 7.954500e-15 8.356030e+03 0.000000e+00
   8104.478014 7.650600e-15 8.375290e+03 0.000000e+00
   8123.163061 8.124000e-15 8.394600e+03 0.000000e+00
   8141.878117 8.032500e-15 8.413950e+03 0.000000e+00
   8160.653189 7.942000e-15 8.433350e+03 0.000000e+00
   8179.468273 7.998600e-15 8.452790e+03 0.000000e+00
   8198.323367 7.604900e-15 8.472270e+03 0.000000e+00
   8217.218472 8.131500e-15 8.491800e+03 0.000000e+00
   8236.163591 7.966200e-15 8.511380e+03 0.000000e+00
   8255.148721 8.190900e-15 8.531000e+03 0.000000e+00
   8274.173862 8.344800e-15 8.550670e+03 0.000000e+00
   8293.249017 7.970700e-15 8.570380e+03 0.000000e+00
   8312.374185 8.027400e-15 8.590140e+03 0.000000e+00
   8331.529362 7.792200e-15 8.609940e+03 0.000000e+00
   8350.744555 7.775700e-15 8.629790e+03 0.000000e+00
   8369.989757 8.069000e-15 8.649680e+03 0.000000e+00
   8389.284972 7.796600e-15 8.669620e+03 0.000000e+00
   8408.620199 7.870200e-15 8.689600e+03 0.000000e+00
   8428.005439 8.073600e-15 8.709640e+03 0.000000e+00
   8447.430690 7.364600e-15 8.729710e+03 0.000000e+00
   8466.905955 7.784500e-15 8.749840e+03 0.000000e+00
   8486.431233 7.985700e-15 8.770010e+03 0.000000e+00
   8505.986520 7.716100e-15 8.790230e+03 0.000000e+00
   8525.591820 7.404300e-15 8.810490e+03 0.000000e+00
   8545.247135 7.665900e-15 8.830800e+03 0.000000e+00
   8564.952463 7.846000e-15 8.851160e+03 0.000000e+00
   8584.687799 7.865600e-15 8.871560e+03 0.000000e+00
   8604.483152 7.777100e-15 8.892010e+03 0.000000e+00
   8624.318516 7.654200e-15 8.912510e+03 0.000000e+00
   8644.203893 7.852100e-15 8.933050e+03 0.000000e+00
   8664.119279 7.657200e-15 8.953650e+03 0.000000e+00
   8684.104684 7.484300e-15 8.974290e+03 0.000000e+00
   8704.120097 7.572500e-15 8.994980e+03 0.000000e+00
   8724.185524 7.661600e-15 9.015710e+03 0.000000e+00
   8744.300965 7.950700e-15 9.036500e+03 0.000000e+00
   8764.456417 7.524800e-15 9.057330e+03 0.000000e+00
   8784.651880 7.630900e-15 9.078200e+03 0.000000e+00
   8804.907359 7.792300e-15 9.099130e+03 0.000000e+00
   8825.202849 8.030600e-15 9.120110e+03 0.000000e+00
   8845.548353 7.995300e-15 9.141130e+03 0.000000e+00
   8865.933868 7.960200e-15 9.162200e+03 0.000000e+00
   8886.379399 7.481800e-15 9.183330e+03 0.000000e+00
   8906.864942 7.728500e-15 9.204500e+03 0.000000e+00
   8927.390495 7.801500e-15 9.225710e+03 0.000000e+00
   8947.976065 7.911700e-15 9.246980e+03 0.000000e+00
   8968.601646 7.592000e-15 9.268300e+03 0.000000e+00
   8989.277241 7.593500e-15 9.289660e+03 0.000000e+00
   9010.002849 7.525400e-15 9.311080e+03 0.000000e+00
   9030.768468 7.057000e-15 9.332540e+03 0.000000e+00
   9051.584102 8.179100e-15 9.354060e+03 0.000000e+00
   9072.449748 7.812500e-15 9.375620e+03 0.000000e+00
   9093.365409 7.377000e-15 9.397230e+03 0.000000e+00
   9114.331083 7.761900e-15 9.418900e+03 0.000000e+00
   9135.336769 8.073400e-15 9.440610e+03 0.000000e+00
   9156.402470 7.640900e-15 9.462370e+03 0.000000e+00
   9177.508183 7.695500e-15 9.484180e+03 0.000000e+00
   9198.663910 7.661700e-15 9.506050e+03 0.000000e+00
   9219.869650 7.558100e-15 9.527960e+03 0.000000e+00
   9241.125404 7.336700e-15 9.549930e+03 0.000000e+00
   9262.421169 7.631200e-15 9.571940e+03 0.000000e+00
   9283.776950 7.882800e-15 9.594010e+03 0.000000e+00
   9305.182745 7.564400e-15 9.616120e+03 0.000000e+00
   9326.628551 7.995800e-15 9.638290e+03 0.000000e+00
   9348.124371 7.997500e-15 9.660510e+03 0.000000e+00
   9369.680207 7.853100e-15 9.682780e+03 0.000000e+00
   9391.276055 8.000800e-15 9.705100e+03 0.000000e+00
   9412.921916 7.838400e-15 9.727470e+03 0.000000e+00
   9434.627793 8.115500e-15 9.749900e+03 0.000000e+00
   9456.373682 8.005900e-15 9.772370e+03 0.000000e+00
   9478.169584 8.250900e-15 9.794900e+03 0.000000e+00
   9500.025503 8.271600e-15 9.817480e+03 0.000000e+00
   9521.921432 8.029400e-15 9.840110e+03 0.000000e+00
   9543.867376 7.830200e-15 9.862790e+03 0.000000e+00
   9565.873335 8.088500e-15 9.885530e+03 0.000000e+00
   9587.929309 8.259600e-15 9.908320e+03 0.000000e+00
   9610.025293 8.148000e-15 9.931160e+03 0.000000e+00
   9632.181294 8.206300e-15 9.954050e+03 0.000000e+00
   9654.387309 8.076800e-15 9.977000e+03 0.000000e+00
   9676.643338 8.097200e-15 1.000000e+04 0.000000e+00
   9698.949380 8.230500e-15 1.002305e+04 0.000000e+00
   9721.305436 8.063400e-15 1.004615e+04 0.000000e+00
   9743.711505 7.954500e-15 1.006931e+04 0.000000e+00
   9766.177591 8.011400e-15 1.009253e+04 0.000000e+00
   9788.693691 7.921400e-15 1.011580e+04 0.000000e+00
   9811.259805 8.145100e-15 1.013912e+04 0.000000e+00
   9833.875932 8.053600e-15 1.016249e+04 0.000000e+00
   9856.542073 8.129900e-15 1.018591e+04 0.000000e+00
   9879.258227 8.094300e-15 1.020939e+04 0.000000e+00
   9902.044401 8.096100e-15 1.023294e+04 0.000000e+00
   9924.870586 8.135300e-15 1.025652e+04 0.000000e+00
   9947.746785 8.193500e-15 1.028017e+04 0.000000e+00
   9970.672997 8.214200e-15 1.030386e+04 0.000000e+00
   9993.659226 8.197100e-15 1.032761e+04 0.000000e+00
  10016.695468 8.293800e-15 1.035142e+04 0.000000e+00
  10086.134286 8.204400e-15 1.042318e+04 0.000000e+00
  10132.686902 8.516100e-15 1.047129e+04 0.000000e+00
  10179.449576 8.480800e-15 1.051962e+04 0.000000e+00
  10226.442314 8.662200e-15 1.056818e+04 0.000000e+00
  10273.645108 8.786700e-15 1.061696e+04 0.000000e+00
  10297.321526 8.829300e-15 1.064143e+04 0.000000e+00
  10512.939981 8.534200e-15 1.086425e+04 0.000000e+00
  10708.402983 8.075400e-15 1.106624e+04 0.000000e+00
  10907.476975 8.038300e-15 1.127198e+04 0.000000e+00
  11110.261983 7.501700e-15 1.148154e+04 0.000000e+00
  11290.790961 7.623600e-15 1.166809e+04 0.000000e+00
  11500.697920 7.801200e-15 1.188502e+04 0.000000e+00
  11714.525951 7.694200e-15 1.210599e+04 0.000000e+00
  11904.867617 7.164100e-15 1.230269e+04 0.000000e+00
  12098.300128 7.297300e-15 1.250259e+04 0.000000e+00
  12294.883501 7.314100e-15 1.270574e+04 0.000000e+00
  12494.657748 7.049600e-15 1.291219e+04 0.000000e+00
  12697.682884 6.936800e-15 1.312200e+04 0.000000e+00
  12903.998920 6.873200e-15 1.333521e+04 0.000000e+00
  13113.665873 6.825900e-15 1.355189e+04 0.000000e+00
  13296.095432 6.579000e-15 1.374042e+04 0.000000e+00
  13512.144130 6.399700e-15 1.396368e+04 0.000000e+00
  13700.115204 6.311900e-15 1.415794e+04 0.000000e+00
  13890.706995 6.000100e-15 1.435490e+04 0.000000e+00
  14116.408332 5.638500e-15 1.458814e+04 0.000000e+00
  14312.791706 5.612600e-15 1.479109e+04 0.000000e+00
  14511.905826 5.730100e-15 1.499685e+04 0.000000e+00
  14713.780702 5.510100e-15 1.520548e+04 0.000000e+00
  14918.476347 5.690700e-15 1.541701e+04 0.000000e+00
  15091.203306 5.809800e-15 1.559552e+04 0.000000e+00
  15301.150387 6.014000e-15 1.581248e+04 0.000000e+00
  15514.008263 5.972600e-15 1.603245e+04 0.000000e+00
  15693.657112 5.850100e-15 1.621810e+04 0.000000e+00
  15911.976481 5.625500e-15 1.644372e+04 0.000000e+00
  16096.236590 5.612600e-15 1.663413e+04 0.000000e+00
  16320.157488 5.638500e-15 1.686554e+04 0.000000e+00
  16509.118882 5.625500e-15 1.706082e+04 0.000000e+00
  16700.290879 5.703800e-15 1.725838e+04 0.000000e+00
  16893.683483 5.743300e-15 1.745823e+04 0.000000e+00
  17089.296693 5.716900e-15 1.766039e+04 0.000000e+00
  17287.170521 5.535600e-15 1.786487e+04 0.000000e+00
  17487.354979 5.360000e-15 1.807174e+04 0.000000e+00
  17689.850069 5.083500e-15 1.828101e+04 0.000000e+00
  17894.695800 4.810200e-15 1.849270e+04 0.000000e+00
  18101.892173 4.520200e-15 1.870681e+04 0.000000e+00
  18311.499205 4.407200e-15 1.892343e+04 0.000000e+00
  18523.546902 4.238000e-15 1.914256e+04 0.000000e+00
  18694.933538 4.010200e-15 1.931967e+04 0.000000e+00
  18911.412445 3.937000e-15 1.954339e+04 0.000000e+00
  19086.400064 3.937000e-15 1.972423e+04 0.000000e+00
  19307.420211 3.856200e-15 1.995263e+04 0.000000e+00
  19486.058826 3.725300e-15 2.013724e+04 0.000000e+00
  19711.700235 3.582300e-15 2.037042e+04 0.000000e+00
  19894.099876 3.476700e-15 2.055892e+04 0.000000e+00
  20124.442568 3.452700e-15 2.079696e+04 0.000000e+00
  20310.663253 3.366400e-15 2.098940e+04 0.000000e+00
  20498.604407 3.374100e-15 2.118362e+04 0.000000e+00
  20688.256028 3.335500e-15 2.137962e+04 0.000000e+00
  20927.821237 3.312500e-15 2.162719e+04 0.000000e+00
  21121.473950 3.297300e-15 2.182731e+04 0.000000e+00
  21316.897146 3.259600e-15 2.202926e+04 0.000000e+00
  21514.150842 3.222300e-15 2.223311e+04 0.000000e+00
  21713.205029 3.141700e-15 2.243881e+04 0.000000e+00
  21914.119724 3.105700e-15 2.264644e+04 0.000000e+00
  22116.894927 3.028000e-15 2.285600e+04 0.000000e+00
  22321.530637 2.971000e-15 2.306747e+04 0.000000e+00
  22528.076868 2.953800e-15 2.328092e+04 0.000000e+00
  22684.219378 2.913800e-15 2.344228e+04 0.000000e+00
  22894.126527 2.647900e-15 2.365920e+04 0.000000e+00
  23105.944196 2.650500e-15 2.387810e+04 0.000000e+00
  23319.752409 2.359000e-15 2.409905e+04 0.000000e+00
  23481.416426 2.232400e-15 2.426611e+04 0.000000e+00
  23698.665577 2.291600e-15 2.449063e+04 0.000000e+00
  23917.955286 2.140400e-15 2.471725e+04 0.000000e+00
  24083.740427 2.063000e-15 2.488857e+04 0.000000e+00
  24306.591107 2.031600e-15 2.511887e+04 0.000000e+00
  24531.482343 1.879900e-15 2.535128e+04 0.000000e+00
  24661.367711 1.468300e-15 2.548550e+04 2.000000e+00
  24755.033216 1.453700e-15 2.558230e+04 2.000000e+00
  24848.608697 1.440900e-15 2.567900e+04 2.000000e+00
  24942.274202 1.440500e-15 2.577580e+04 2.000000e+00
  25035.949711 1.476100e-15 2.587260e+04 2.000000e+00
  25129.525192 1.480100e-15 2.596930e+04 2.000000e+00
  25223.190698 1.442300e-15 2.606610e+04 2.000000e+00
  25316.856204 1.469300e-15 2.616290e+04 2.000000e+00
  25410.431686 1.440800e-15 2.625960e+04 2.000000e+00
  25504.097193 1.490900e-15 2.635640e+04 2.000000e+00
  25597.672675 1.524800e-15 2.645310e+04 2.000000e+00
  25691.348184 1.488500e-15 2.654990e+04 2.000000e+00
  25785.013691 1.451000e-15 2.664670e+04 2.000000e+00
  25878.589174 1.507700e-15 2.674340e+04 2.000000e+00
  25972.254681 1.468600e-15 2.684020e+04 2.000000e+00
  26065.930192 1.481700e-15 2.693700e+04 2.000000e+00
  26159.505675 1.439300e-15 2.703370e+04 2.000000e+00
  26253.171183 1.525600e-15 2.713050e+04 2.000000e+00
  26346.746666 1.470900e-15 2.722720e+04 2.000000e+00
  26440.412174 1.469600e-15 2.732400e+04 2.000000e+00
  26534.077682 1.452700e-15 2.742080e+04 2.000000e+00
  26627.653166 1.488900e-15 2.751750e+04 2.000000e+00
  26721.328677 1.475400e-15 2.761430e+04 2.000000e+00
  26814.994186 1.490600e-15 2.771110e+04 2.000000e+00
  26908.569670 1.439600e-15 2.780780e+04 2.000000e+00
  27002.235179 1.483300e-15 2.790460e+04 2.000000e+00
  27095.810664 1.425300e-15 2.800130e+04 2.000000e+00
  27189.476173 1.373400e-15 2.809810e+04 2.000000e+00
  27283.151685 1.391700e-15 2.819490e+04 2.000000e+00
  27376.727170 1.369900e-15 2.829160e+04 2.000000e+00
  27470.392680 1.366000e-15 2.838840e+04 2.000000e+00
  27564.068192 1.320000e-15 2.848520e+04 2.000000e+00
  27657.633675 1.293400e-15 2.858190e+04 2.000000e+00
  27751.309187 1.288200e-15 2.867870e+04 2.000000e+00
  27844.874670 1.269500e-15 2.877540e+04 2.000000e+00
  27938.550183 1.272600e-15 2.887220e+04 2.000000e+00
  28032.215694 1.255700e-15 2.896900e+04 2.000000e+00
  28125.791180 1.239000e-15 2.906570e+04 2.000000e+00
  28219.456690 1.169400e-15 2.916250e+04 2.000000e+00
  28313.132204 1.178300e-15 2.925930e+04 2.000000e+00
  28406.707690 1.193000e-15 2.935600e+04 2.000000e+00
  28500.373201 1.185600e-15 2.945280e+04 2.000000e+00
  28593.948688 1.153700e-15 2.954950e+04 2.000000e+00
  28687.614199 1.144400e-15 2.964630e+04 2.000000e+00
  28781.279710 1.151700e-15 2.974310e+04 2.000000e+00
  28874.855197 1.141300e-15 2.983980e+04 2.000000e+00
  28968.530711 1.114800e-15 2.993660e+04 2.000000e+00
  29062.196223 1.123900e-15 3.003340e+04 2.000000e+00
  29155.771710 1.084400e-15 3.013010e+04 2.000000e+00
  29249.437222 1.116200e-15 3.022690e+04 2.000000e+00
  29343.012710 1.046000e-15 3.032360e+04 2.000000e+00
  29436.678222 1.021100e-15 3.042040e+04 2.000000e+00
  29530.353737 1.010100e-15 3.051720e+04 2.000000e+00
  29623.919222 1.047700e-15 3.061390e+04 2.000000e+00
  29717.594737 1.031200e-15 3.071070e+04 2.000000e+00
  29811.260249 1.020600e-15 3.080750e+04 2.000000e+00
  29904.835737 9.866800e-16 3.090420e+04 2.000000e+00
  29998.511253 1.030800e-15 3.100100e+04 2.000000e+00
  30092.076738 9.638600e-16 3.109770e+04 2.000000e+00
  30185.752254 9.402500e-16 3.119450e+04 2.000000e+00
  30279.417767 9.700500e-16 3.129130e+04 2.000000e+00
  30372.993255 9.867800e-16 3.138800e+04 2.000000e+00
  30466.658769 9.696700e-16 3.148480e+04 2.000000e+00
  30560.334285 9.547800e-16 3.158160e+04 2.000000e+00
  30653.909774 9.772300e-16 3.167830e+04 2.000000e+00
  30747.575287 9.132900e-16 3.177510e+04 2.000000e+00
  30841.150776 9.282400e-16 3.187180e+04 2.000000e+00
  30934.816290 9.833400e-16 3.196860e+04 2.000000e+00
  31028.491806 9.589700e-16 3.206540e+04 2.000000e+00
  31122.057293 9.827600e-16 3.216210e+04 2.000000e+00
  31215.732810 9.433400e-16 3.225890e+04 2.000000e+00
  31309.398324 9.906200e-16 3.235570e+04 2.000000e+00
  31402.973813 9.731900e-16 3.245240e+04 2.000000e+00
  31496.639327 9.924400e-16 3.254920e+04 2.000000e+00
  31590.214817 9.497100e-16 3.264590e+04 2.000000e+00
  31683.890334 1.026900e-15 3.274270e+04 2.000000e+00
  31777.555849 1.009500e-15 3.283950e+04 2.000000e+00
  31871.131339 1.092200e-15 3.293620e+04 2.000000e+00
  31964.796853 1.082300e-15 3.303300e+04 2.000000e+00
  32058.472371 1.130400e-15 3.312980e+04 2.000000e+00
  32152.037858 1.117600e-15 3.322650e+04 2.000000e+00
  32245.713376 1.214900e-15 3.332330e+04 2.000000e+00
  32339.278864 1.232100e-15 3.342000e+04 2.000000e+00
  32432.954381 1.254600e-15 3.351680e+04 2.000000e+00
  32526.619896 1.273600e-15 3.361360e+04 2.000000e+00
  32620.195387 1.343000e-15 3.371030e+04 2.000000e+00
  32713.860902 1.286800e-15 3.380710e+04 2.000000e+00
  32807.536420 1.348900e-15 3.390390e+04 2.000000e+00
  32901.101909 1.296100e-15 3.400060e+04 2.000000e+00
  32994.777427 1.246100e-15 3.409740e+04 2.000000e+00
  33088.352918 1.206100e-15 3.419410e+04 2.000000e+00
  33182.018434 1.182300e-15 3.429090e+04 2.000000e+00
  33275.683949 1.078000e-15 3.438770e+04 2.000000e+00
  33369.259440 1.089900e-15 3.448440e+04 2.000000e+00
  33462.934959 1.029000e-15 3.458120e+04 2.000000e+00
  33556.600475 1.023900e-15 3.467800e+04 2.000000e+00
  33650.175966 9.921200e-16 3.477470e+04 2.000000e+00
  33743.841483 9.995300e-16 3.487150e+04 2.000000e+00
  33837.416974 9.641500e-16 3.496820e+04 2.000000e+00
  33931.082490 1.036400e-15 3.506500e+04 2.000000e+00
  34024.758009 9.634900e-16 3.516180e+04 2.000000e+00
  34118.333501 9.368200e-16 3.525850e+04 2.000000e+00
  34211.999018 9.349900e-16 3.535530e+04 2.000000e+00
  34305.664534 9.190100e-16 3.545210e+04 2.000000e+00
  34399.240026 8.666000e-16 3.554880e+04 2.000000e+00
  34492.905543 9.307800e-16 3.564560e+04 2.000000e+00
  34586.481035 8.789000e-16 3.574230e+04 2.000000e+00
  34680.156554 8.915400e-16 3.583910e+04 2.000000e+00
  34773.822071 8.684700e-16 3.593590e+04 2.000000e+00
  34867.397564 8.967500e-16 3.603260e+04 2.000000e+00
  34961.073083 8.780300e-16 3.612940e+04 2.000000e+00
  35054.738600 8.582000e-16 3.622620e+04 2.000000e+00
  35148.304090 8.124500e-16 3.632290e+04 2.000000e+00
  35241.979610 7.849700e-16 3.641970e+04 2.000000e+00
  35335.555103 8.205900e-16 3.651640e+04 2.000000e+00
  35429.220620 8.090800e-16 3.661320e+04 2.000000e+00
  35522.886137 8.024700e-16 3.671000e+04 2.000000e+00
  35616.461630 7.991100e-16 3.680670e+04 2.000000e+00
  35710.137150 8.026900e-16 3.690350e+04 2.000000e+00
  35803.802668 8.357300e-16 3.700030e+04 2.000000e+00
  35897.378161 7.699900e-16 3.709700e+04 2.000000e+00
  35991.043678 7.764500e-16 3.719380e+04 2.000000e+00
  36084.619172 7.637000e-16 3.729050e+04 2.000000e+00
  36178.284689 7.396000e-16 3.738730e+04 2.000000e+00
  36271.960210 7.257700e-16 3.748410e+04 2.000000e+00
  36365.535703 7.617100e-16 3.758080e+04 2.000000e+00
  36459.201221 7.273100e-16 3.767760e+04 2.000000e+00
  36552.876742 7.520000e-16 3.777440e+04 2.000000e+00
  36646.442232 7.525700e-16 3.787110e+04 2.000000e+00
  36740.107750 7.592600e-16 3.796790e+04 2.000000e+00
  36833.683244 7.439700e-16 3.806460e+04 2.000000e+00
  36927.358765 7.581300e-16 3.816140e+04 2.000000e+00
  37021.024283 7.081600e-16 3.825820e+04 2.000000e+00
  37114.599777 7.249900e-16 3.835490e+04 2.000000e+00
  37208.265295 6.793600e-16 3.845170e+04 2.000000e+00
  37301.940816 7.121000e-16 3.854850e+04 2.000000e+00
  37395.506308 6.982300e-16 3.864520e+04 2.000000e+00
  37489.181829 6.812100e-16 3.874200e+04 2.000000e+00
  37582.757323 7.133000e-16 3.883870e+04 2.000000e+00
  37676.422841 7.187000e-16 3.893550e+04 2.000000e+00
  37770.098363 6.617200e-16 3.903230e+04 2.000000e+00
  37863.663854 6.953400e-16 3.912900e+04 2.000000e+00
  37957.339376 6.770500e-16 3.922580e+04 2.000000e+00
  38051.004894 6.771900e-16 3.932260e+04 2.000000e+00
  38144.580389 6.470900e-16 3.941930e+04 2.000000e+00
  38238.245908 7.227100e-16 3.951610e+04 2.000000e+00
  38331.821402 6.696700e-16 3.961280e+04 2.000000e+00
  38425.486921 6.333400e-16 3.970960e+04 2.000000e+00
  38519.162443 6.404600e-16 3.980640e+04 2.000000e+00
  38612.727935 6.367200e-16 3.990310e+04 2.000000e+00
  38706.403456 6.297400e-16 3.999990e+04 2.000000e+00
  38800.068976 6.532800e-16 4.009670e+04 2.000000e+00
  38893.644470 6.227200e-16 4.019340e+04 2.000000e+00
  38987.309989 6.351800e-16 4.029020e+04 2.000000e+00
  39080.895487 6.436100e-16 4.038690e+04 2.000000e+00
  39174.561006 6.147500e-16 4.048370e+04 2.000000e+00
  39268.226526 6.258200e-16 4.058050e+04 2.000000e+00
  39361.802021 6.360400e-16 4.067720e+04 2.000000e+00
  39455.477543 6.068900e-16 4.077400e+04 2.000000e+00
  39549.143062 6.383300e-16 4.087080e+04 2.000000e+00
  39642.708555 5.953700e-16 4.096750e+04 2.000000e+00
  39736.384077 6.505600e-16 4.106430e+04 2.000000e+00
  39829.959572 6.286500e-16 4.116100e+04 2.000000e+00
  39923.625092 6.346700e-16 4.125780e+04 2.000000e+00
  40017.290612 6.091300e-16 4.135460e+04 2.000000e+00
  40110.866107 6.284800e-16 4.145130e+04 2.000000e+00
  40204.531627 6.159700e-16 4.154810e+04 2.000000e+00
  40298.107122 6.378700e-16 4.164480e+04 2.000000e+00
  40391.782645 6.439400e-16 4.174160e+04 2.000000e+00
  40485.448165 6.404300e-16 4.183840e+04 2.000000e+00
  40579.023660 5.681100e-16 4.193510e+04 2.000000e+00
  40672.689180 6.035400e-16 4.203190e+04 2.000000e+00
  40766.364703 5.490300e-16 4.212870e+04 2.000000e+00
  40859.930196 5.717600e-16 4.222540e+04 2.000000e+00
  40953.605719 5.532000e-16 4.232220e+04 2.000000e+00
  41047.271239 5.585000e-16 4.241900e+04 2.000000e+00
  41140.846734 5.332100e-16 4.251570e+04 2.000000e+00
  41234.522257 5.355900e-16 4.261250e+04 2.000000e+00
  41328.087751 5.118700e-16 4.270920e+04 2.000000e+00
  41421.763274 5.167700e-16 4.280600e+04 2.000000e+00
  41515.428794 5.129400e-16 4.290280e+04 2.000000e+00
  41609.004290 5.495500e-16 4.299950e+04 2.000000e+00
  41702.669810 5.538500e-16 4.309630e+04 2.000000e+00
  41796.245306 5.277500e-16 4.319300e+04 2.000000e+00
  41889.920830 5.066300e-16 4.328980e+04 2.000000e+00
  41983.586350 4.952500e-16 4.338660e+04 2.000000e+00
  42077.161846 5.070800e-16 4.348330e+04 2.000000e+00
  42170.827367 4.809400e-16 4.358010e+04 2.000000e+00
  42264.502890 4.652100e-16 4.367690e+04 2.000000e+00
  42358.068384 4.496800e-16 4.377360e+04 2.000000e+00
  42451.743907 4.364900e-16 4.387040e+04 2.000000e+00
  42545.409428 4.338700e-16 4.396720e+04 2.000000e+00
  42638.984924 4.407800e-16 4.406390e+04 2.000000e+00
  42732.650445 4.444600e-16 4.416070e+04 2.000000e+00
  42826.225941 4.399400e-16 4.425740e+04 2.000000e+00
  42919.891462 4.586600e-16 4.435420e+04 2.000000e+00
  43013.566986 4.836200e-16 4.445100e+04 2.000000e+00
  43107.132480 4.540800e-16 4.454770e+04 2.000000e+00
  43200.808003 4.552000e-16 4.464450e+04 2.000000e+00
  43294.383500 4.683600e-16 4.474120e+04 2.000000e+00
  43388.049021 4.447300e-16 4.483800e+04 2.000000e+00
  43481.724545 4.385800e-16 4.493480e+04 2.000000e+00
  43575.290039 4.209800e-16 4.503150e+04 2.000000e+00
  43668.955560 4.074500e-16 4.512830e+04 2.000000e+00
  43762.631084 4.354400e-16 4.522510e+04 2.000000e+00
  43856.206581 4.071700e-16 4.532180e+04 2.000000e+00
  43949.872102 4.106700e-16 4.541860e+04 2.000000e+00
  44043.547626 4.130600e-16 4.551540e+04 2.000000e+00
  44137.123123 4.210800e-16 4.561210e+04 2.000000e+00
  44230.788644 3.775400e-16 4.570890e+04 2.000000e+00
  44324.364141 3.543800e-16 4.580560e+04 2.000000e+00
  44418.029662 4.359000e-16 4.590240e+04 2.000000e+00
  44511.695184 4.211200e-16 4.599920e+04 2.000000e+00
  44605.270681 3.891500e-16 4.609590e+04 2.000000e+00
  44698.946205 3.814100e-16 4.619270e+04 2.000000e+00
  44792.521702 3.643400e-16 4.628940e+04 2.000000e+00
  44886.187224 3.751500e-16 4.638620e+04 2.000000e+00
  44979.852745 3.863900e-16 4.648300e+04 2.000000e+00
  45073.428242 3.986100e-16 4.657970e+04 2.000000e+00
  45167.103767 3.786000e-16 4.667650e+04 2.000000e+00
  45260.769289 3.789800e-16 4.677330e+04 2.000000e+00
  45354.334783 3.993600e-16 4.687000e+04 2.000000e+00
  45448.010308 3.107900e-16 4.696680e+04 2.000000e+00
  45541.675829 3.763100e-16 4.706360e+04 2.000000e+00
  45635.251327 3.654400e-16 4.716030e+04 2.000000e+00
  45728.916848 3.632700e-16 4.725710e+04 2.000000e+00
  45822.492346 3.515100e-16 4.735380e+04 2.000000e+00
  45916.167870 3.441600e-16 4.745060e+04 2.000000e+00
  46009.833392 3.506800e-16 4.754740e+04 2.000000e+00
  46103.408890 3.669300e-16 4.764410e+04 2.000000e+00
  46197.074412 3.382500e-16 4.774090e+04 2.000000e+00
  46290.749937 3.320700e-16 4.783770e+04 2.000000e+00
  46384.315431 3.481900e-16 4.793440e+04 2.000000e+00
  46477.990956 3.612000e-16 4.803120e+04 2.000000e+00
  46571.556451 3.504500e-16 4.812790e+04 2.000000e+00
  46665.231976 3.469400e-16 4.822470e+04 2.000000e+00
  46758.897498 3.569900e-16 4.832150e+04 2.000000e+00
  46852.472996 3.822200e-16 4.841820e+04 2.000000e+00
  46946.148521 3.627500e-16 4.851500e+04 2.000000e+00
  47039.814043 3.949300e-16 4.861180e+04 2.000000e+00
  47133.389540 3.420000e-16 4.870850e+04 2.000000e+00
  47227.055063 3.485700e-16 4.880530e+04 2.000000e+00
  47320.630561 3.482400e-16 4.890200e+04 2.000000e+00
  47414.296083 3.511800e-16 4.899880e+04 2.000000e+00
  47507.971608 3.130700e-16 4.909560e+04 2.000000e+00
  47601.547106 3.082000e-16 4.919230e+04 2.000000e+00
  47695.212628 3.278200e-16 4.928910e+04 2.000000e+00
  47788.788126 3.228300e-16 4.938580e+04 2.000000e+00
  47883.423913 3.293000e-16 4.948360e+04 2.000000e+00
  48362.254387 3.394700e-16 4.997843e+04 0.000000e+00
  48845.876168 3.497400e-16 5.047822e+04 0.000000e+00
  49334.339269 3.601200e-16 5.098300e+04 0.000000e+00
  49827.673697 3.706000e-16 5.149283e+04 0.000000e+00
  50325.959476 3.811900e-16 5.200776e+04 0.000000e+00
  50829.216609 3.918800e-16 5.252784e+04 0.000000e+00
  51337.505114 4.026800e-16 5.305311e+04 0.000000e+00
  51632.275438 4.089400e-16 5.335773e+04 3.000000e+00
  51932.097137 4.687900e-16 5.366758e+04 3.000000e+00
  52231.938843 5.270000e-16 5.397744e+04 3.000000e+00
  52531.770546 5.252700e-16 5.428729e+04 3.000000e+00
  52831.602249 4.711200e-16 5.459714e+04 3.000000e+00
  53131.433952 4.851300e-16 5.490700e+04 3.000000e+00
  53431.275659 4.887400e-16 5.521685e+04 3.000000e+00
  53731.097360 4.055400e-16 5.552670e+04 3.000000e+00
  54030.939066 3.845400e-16 5.583656e+04 3.000000e+00
  54330.770770 3.788700e-16 5.614641e+04 3.000000e+00
  54630.612477 3.762000e-16 5.645627e+04 3.000000e+00
  54930.444182 4.002200e-16 5.676612e+04 3.000000e+00
  55230.285889 4.231500e-16 5.707598e+04 3.000000e+00
  55530.117594 4.116900e-16 5.738583e+04 3.000000e+00
  55829.939296 4.507400e-16 5.769568e+04 3.000000e+00
  56129.771001 5.379400e-16 5.800553e+04 3.000000e+00
  56429.612709 5.884800e-16 5.831539e+04 3.000000e+00
  56729.454417 5.958400e-16 5.862525e+04 3.000000e+00
  57029.276120 6.341200e-16 5.893510e+04 3.000000e+00
  57329.117828 6.366500e-16 5.924495e+04 3.000000e+00
  57628.949534 5.890200e-16 5.955481e+04 3.000000e+00
  57928.781240 5.549300e-16 5.986466e+04 3.000000e+00
  58228.612946 5.416000e-16 6.017451e+04 3.000000e+00
  58528.454655 5.482700e-16 6.048437e+04 3.000000e+00
  58828.286362 5.683000e-16 6.079422e+04 3.000000e+00
  59128.118068 5.713600e-16 6.110407e+04 3.000000e+00
  59427.959778 5.736500e-16 6.141393e+04 3.000000e+00
  59727.781482 6.394100e-16 6.172378e+04 3.000000e+00
  60027.613189 7.683400e-16 6.203363e+04 3.000000e+00
  60327.454898 8.087000e-16 6.234349e+04 3.000000e+00
  60627.286606 8.375500e-16 6.265334e+04 3.000000e+00
  60927.118313 8.965700e-16 6.296319e+04 3.000000e+00
  61226.950020 1.109000e-15 6.327305e+04 3.000000e+00
  61526.781728 1.547500e-15 6.358290e+04 3.000000e+00
  61826.623438 2.093400e-15 6.389276e+04 3.000000e+00
  62126.455146 2.347400e-15 6.420261e+04 3.000000e+00
  62426.276851 2.191200e-15 6.451246e+04 3.000000e+00
  62726.128564 1.863600e-15 6.482232e+04 3.000000e+00
  63025.950270 1.568800e-15 6.513217e+04 3.000000e+00
  63325.781978 1.357500e-15 6.544202e+04 3.000000e+00
  63625.623689 1.180000e-15 6.575188e+04 3.000000e+00
  63925.455398 1.030000e-15 6.606173e+04 3.000000e+00
  64225.287106 9.395800e-16 6.637158e+04 3.000000e+00
  64525.128817 8.493500e-16 6.668145e+04 3.000000e+00
  64824.950523 8.008700e-16 6.699129e+04 3.000000e+00
  65124.782232 7.611800e-16 6.730114e+04 3.000000e+00
  65424.623944 7.447900e-16 6.761100e+04 3.000000e+00
  65724.455653 7.413500e-16 6.792085e+04 3.000000e+00
  66024.297365 7.536100e-16 6.823071e+04 3.000000e+00
  66324.129074 7.612700e-16 6.854056e+04 3.000000e+00
  66623.960783 7.483500e-16 6.885041e+04 3.000000e+00
  66923.802496 7.817800e-16 6.916027e+04 3.000000e+00
  67223.624202 7.576100e-16 6.947012e+04 3.000000e+00
  67523.465915 7.223800e-16 6.977998e+04 3.000000e+00
  67823.297624 7.272000e-16 7.008983e+04 3.000000e+00
  68123.129334 7.332500e-16 7.039968e+04 3.000000e+00
  68422.961044 7.549500e-16 7.070954e+04 3.000000e+00
  68722.792754 8.180400e-16 7.101939e+04 3.000000e+00
  69022.624464 8.670400e-16 7.132924e+04 3.000000e+00
  69322.466177 8.830900e-16 7.163910e+04 3.000000e+00
  69622.287884 1.004700e-15 7.194895e+04 3.000000e+00
  69922.139600 1.129300e-15 7.225881e+04 3.000000e+00
  70221.961308 1.034100e-15 7.256866e+04 3.000000e+00
  70521.793018 9.770700e-16 7.287851e+04 3.000000e+00
  70821.644734 9.614800e-16 7.318838e+04 3.000000e+00
  71121.466442 9.420900e-16 7.349822e+04 3.000000e+00
  71421.298153 9.644000e-16 7.380807e+04 3.000000e+00
  71721.139866 9.789700e-16 7.411793e+04 3.000000e+00
  72020.971577 9.808300e-16 7.442778e+04 3.000000e+00
  72320.803288 1.019500e-15 7.473763e+04 3.000000e+00
  72620.634999 1.090700e-15 7.504748e+04 3.000000e+00
  72900.841362 1.108200e-15 7.533706e+04 3.000000e+00
  72920.466710 1.127500e-15 7.535734e+04 3.000000e+00
  73220.308424 1.205300e-15 7.566720e+04 3.000000e+00
  73501.695108 1.313400e-15 7.595799e+04 3.000000e+00
  73520.130132 1.273900e-15 7.597705e+04 3.000000e+00
  74102.558858 1.583600e-15 7.657894e+04 3.000000e+00
  74703.422608 1.972100e-15 7.719988e+04 3.000000e+00
  75304.286358 2.320000e-15 7.782082e+04 3.000000e+00
  75905.140106 2.588000e-15 7.844176e+04 3.000000e+00
  76506.013860 2.658700e-15 7.906271e+04 3.000000e+00
  77106.877611 2.533200e-15 7.968365e+04 3.000000e+00
  77707.731359 2.450300e-15 8.030459e+04 3.000000e+00
  78308.605113 2.345400e-15 8.092554e+04 3.000000e+00
  78909.458862 2.137900e-15 8.154648e+04 3.000000e+00
  79510.322614 1.828000e-15 8.216741e+04 3.000000e+00
  80111.186366 1.576700e-15 8.278836e+04 3.000000e+00
  80712.040116 1.359400e-15 8.340930e+04 3.000000e+00
  81312.913871 1.187300e-15 8.403025e+04 3.000000e+00
  81913.777624 1.092800e-15 8.465119e+04 3.000000e+00
  82514.641377 1.049900e-15 8.527213e+04 3.000000e+00
  83115.495127 1.056700e-15 8.589307e+04 3.000000e+00
  83716.368883 1.016200e-15 8.651402e+04 3.000000e+00
  84317.222634 1.013400e-15 8.713495e+04 3.000000e+00
  84918.086388 1.043000e-15 8.775590e+04 3.000000e+00
  85518.950142 1.084900e-15 8.837684e+04 3.000000e+00
  86119.803893 1.060300e-15 8.899778e+04 3.000000e+00
  86720.667648 9.559100e-16 8.961872e+04 3.000000e+00
  87321.531402 7.520200e-16 9.023966e+04 3.000000e+00
  87922.385154 5.948700e-16 9.086060e+04 3.000000e+00
  88523.258911 4.751100e-16 9.148155e+04 3.000000e+00
  89124.122666 3.753000e-16 9.210249e+04 3.000000e+00
  89724.986421 3.228000e-16 9.272344e+04 3.000000e+00
  90325.850177 2.786700e-16 9.334438e+04 3.000000e+00
  90926.713932 2.471400e-16 9.396532e+04 3.000000e+00
  91527.567685 2.261100e-16 9.458626e+04 3.000000e+00
  92128.421438 2.059500e-16 9.520720e+04 3.000000e+00
  92729.295196 2.009700e-16 9.582815e+04 3.000000e+00
  93330.158952 1.867900e-16 9.644909e+04 3.000000e+00
  93931.012706 1.813400e-16 9.707002e+04 3.000000e+00
  94531.886465 1.768800e-16 9.769098e+04 3.000000e+00
  95132.750221 1.693400e-16 9.831192e+04 3.000000e+00
  95733.613977 1.735100e-16 9.893286e+04 3.000000e+00
  96334.477734 1.920400e-16 9.955380e+04 3.000000e+00
  96935.291477 1.986700e-16 1.001747e+05 3.000000e+00
  97536.205248 1.617500e-16 1.007957e+05 3.000000e+00
  98137.028994 1.473600e-16 1.014166e+05 3.000000e+00
  98737.952767 1.496500e-16 1.020376e+05 3.000000e+00
  99338.776513 1.423100e-16 1.026585e+05 3.000000e+00
  99939.680282 1.441900e-16 1.032795e+05 3.000000e+00
 100540.514031 1.441500e-16 1.039004e+05 3.000000e+00
 101141.337778 1.428000e-16 1.045213e+05 3.000000e+00
 101742.251549 1.385000e-16 1.051423e+05 3.000000e+00
 102343.065293 1.391500e-16 1.057632e+05 3.000000e+00
 102943.999070 1.411800e-16 1.063842e+05 3.000000e+00
 103544.812814 1.462500e-16 1.070051e+05 3.000000e+00
 104145.636561 1.616200e-16 1.076260e+05 3.000000e+00
 104746.550333 1.822900e-16 1.082470e+05 3.000000e+00
 105347.384083 2.101300e-16 1.088679e+05 3.000000e+00
 105948.287852 2.210000e-16 1.094889e+05 3.000000e+00
 106549.111600 2.187800e-16 1.101098e+05 3.000000e+00
 107150.035375 2.183200e-16 1.107308e+05 3.000000e+00
 107750.859123 2.198300e-16 1.113517e+05 3.000000e+00
 108351.682870 2.257600e-16 1.119726e+05 3.000000e+00
 108952.596643 2.434200e-16 1.125936e+05 3.000000e+00
 109553.420391 2.903200e-16 1.132145e+05 3.000000e+00
 110154.334163 3.601900e-16 1.138355e+05 3.000000e+00
 110755.157912 4.167200e-16 1.144564e+05 3.000000e+00
 111356.071684 6.205200e-16 1.150774e+05 3.000000e+00
 111956.895433 9.502500e-16 1.156983e+05 3.000000e+00
 112557.709178 1.126700e-15 1.163192e+05 3.000000e+00
 113158.642957 1.000800e-15 1.169402e+05 3.000000e+00
 113759.456702 8.040900e-16 1.175611e+05 3.000000e+00
 114360.370476 6.493100e-16 1.181821e+05 3.000000e+00
 114961.194224 5.483900e-16 1.188030e+05 3.000000e+00
 115562.118000 4.869100e-16 1.194240e+05 3.000000e+00
 116162.931746 4.369200e-16 1.200449e+05 3.000000e+00
 116763.755495 4.040900e-16 1.206658e+05 3.000000e+00
 117364.679272 3.956700e-16 1.212868e+05 3.000000e+00
 117965.503021 3.882000e-16 1.219077e+05 3.000000e+00
 118566.416794 4.100900e-16 1.225287e+05 3.000000e+00
 119167.230541 4.414100e-16 1.231496e+05 3.000000e+00
 119768.064293 4.567500e-16 1.237705e+05 3.000000e+00
 120368.978066 4.530900e-16 1.243915e+05 3.000000e+00
 120969.801816 4.435600e-16 1.250124e+05 3.000000e+00
 121570.715590 4.335400e-16 1.256334e+05 3.000000e+00
 122171.549342 4.419800e-16 1.262543e+05 3.000000e+00
 122772.453113 4.825500e-16 1.268753e+05 3.000000e+00
 123373.286866 5.050100e-16 1.274962e+05 3.000000e+00
 123974.100613 5.100700e-16 1.281171e+05 3.000000e+00
 124575.024390 5.416400e-16 1.287381e+05 3.000000e+00
 125175.838137 5.789200e-16 1.293590e+05 3.000000e+00
 125776.761914 6.225900e-16 1.299800e+05 3.000000e+00
 126377.575661 6.550700e-16 1.306009e+05 3.000000e+00
 126978.399411 6.898400e-16 1.312218e+05 3.000000e+00
 127579.323188 8.224900e-16 1.318428e+05 3.000000e+00
 128180.146938 9.561000e-16 1.324637e+05 3.000000e+00
 128781.060713 7.185800e-16 1.330847e+05 3.000000e+00
 129381.874460 4.401100e-16 1.337056e+05 3.000000e+00
 129982.798238 3.730900e-16 1.343266e+05 3.000000e+00
 130583.621988 3.544100e-16 1.349475e+05 3.000000e+00
 131184.455741 3.485300e-16 1.355684e+05 3.000000e+00
 131785.369516 3.425400e-16 1.361894e+05 3.000000e+00
 132386.183263 3.394200e-16 1.368103e+05 3.000000e+00
 132987.097038 3.362300e-16 1.374313e+05 3.000000e+00
 133587.930792 3.277700e-16 1.380522e+05 3.000000e+00
 134188.844567 3.229600e-16 1.386732e+05 3.000000e+00
 134789.658315 3.234700e-16 1.392941e+05 3.000000e+00
 135390.482065 3.209800e-16 1.399150e+05 3.000000e+00
 135991.405843 3.186300e-16 1.405360e+05 3.000000e+00
 136592.229594 3.069700e-16 1.411569e+05 3.000000e+00
 137193.133367 2.879000e-16 1.417779e+05 3.000000e+00
 137793.967120 2.777700e-16 1.423988e+05 3.000000e+00
 138394.880895 2.674100e-16 1.430198e+05 3.000000e+00
 138995.704646 2.602700e-16 1.436407e+05 3.000000e+00
 139596.518395 2.538200e-16 1.442616e+05 3.000000e+00
 140197.452175 2.495100e-16 1.448826e+05 3.000000e+00
 140714.473087 2.598300e-16 1.454169e+05 3.000000e+00
 141601.714899 2.711600e-16 1.463338e+05 3.000000e+00
 142489.056739 2.845600e-16 1.472508e+05 3.000000e+00
 143376.318557 2.760500e-16 1.481677e+05 3.000000e+00
 144263.560370 2.476600e-16 1.490846e+05 3.000000e+00
 145150.812186 2.242300e-16 1.500015e+05 3.000000e+00
 146038.164029 2.143700e-16 1.509185e+05 3.000000e+00
 146925.415845 1.973600e-16 1.518354e+05 3.000000e+00
 147812.657658 2.052200e-16 1.527523e+05 3.000000e+00
 148699.999499 2.342500e-16 1.536693e+05 3.000000e+00
 149587.261318 1.927000e-16 1.545862e+05 3.000000e+00
 150474.503131 1.875600e-16 1.555031e+05 3.000000e+00
 151361.754947 1.851400e-16 1.564200e+05 3.000000e+00
 152249.096788 1.819400e-16 1.573370e+05 3.000000e+00
 153136.358607 1.827200e-16 1.582539e+05 3.000000e+00
 154023.600421 1.846500e-16 1.591708e+05 3.000000e+00
 154910.942262 2.328300e-16 1.600878e+05 3.000000e+00
 155798.194079 2.806200e-16 1.610047e+05 3.000000e+00
 156685.435892 2.200900e-16 1.619216e+05 3.000000e+00
 157572.787736 1.913900e-16 1.628386e+05 3.000000e+00
 158460.039553 1.866100e-16 1.637555e+05 3.000000e+00
 159347.281367 1.877400e-16 1.646724e+05 3.000000e+00
 160234.533184 1.761200e-16 1.655893e+05 3.000000e+00
 161121.895031 1.819100e-16 1.665063e+05 3.000000e+00
 162009.126843 2.047400e-16 1.674232e+05 3.000000e+00
 162896.378660 2.074700e-16 1.683401e+05 3.000000e+00
 163783.640479 2.679500e-16 1.692570e+05 3.000000e+00
 164670.982321 2.912500e-16 1.701740e+05 3.000000e+00
 165558.234138 2.913300e-16 1.710909e+05 3.000000e+00
 166445.495958 2.452800e-16 1.720078e+05 3.000000e+00
 167332.837800 2.511700e-16 1.729248e+05 3.000000e+00
 168220.079615 2.488700e-16 1.738417e+05 3.000000e+00
 169107.341435 2.461900e-16 1.747586e+05 3.000000e+00
 169994.683277 3.189500e-16 1.756756e+05 3.000000e+00
 170881.925092 3.345400e-16 1.765925e+05 3.000000e+00
 171769.176909 2.575600e-16 1.775094e+05 3.000000e+00
 172656.418724 2.474000e-16 1.784263e+05 3.000000e+00
 173543.770569 2.536300e-16 1.793433e+05 3.000000e+00
 174431.022387 2.370300e-16 1.802602e+05 3.000000e+00
 175318.264202 1.966000e-16 1.811771e+05 3.000000e+00
 176205.606044 1.794800e-16 1.820941e+05 3.000000e+00
 177092.867865 1.791700e-16 1.830110e+05 3.000000e+00
 177980.109680 1.761600e-16 1.839279e+05 3.000000e+00
 178867.451522 1.694700e-16 1.848449e+05 3.000000e+00
 179754.703340 1.605200e-16 1.857618e+05 3.000000e+00
 180641.965161 1.521300e-16 1.866787e+05 3.000000e+00
 181529.206976 1.443600e-16 1.875956e+05 3.000000e+00
 182416.548819 1.464500e-16 1.885126e+05 3.000000e+00
 183303.810640 1.414200e-16 1.894295e+05 3.000000e+00
 184191.042453 1.650800e-16 1.903464e+05 3.000000e+00
 185078.404301 1.414200e-16 1.912634e+05 3.000000e+00
 185965.666122 1.516100e-16 1.921803e+05 3.000000e+00
 186852.887932 2.207200e-16 1.930972e+05 3.000000e+00
 187740.149753 3.206100e-16 1.940141e+05 3.000000e+00
 188627.501599 1.960000e-16 1.949311e+05 3.000000e+00
 189514.743414 2.165400e-16 1.958480e+05 3.000000e+00
 190402.005235 1.422900e-16 1.967649e+05 3.000000e+00
 191289.347078 1.451000e-16 1.976819e+05 3.000000e+00
 192176.588894 1.484800e-16 1.985988e+05 3.000000e+00
 193063.840713 1.402400e-16 1.995157e+05 3.000000e+00
 193951.102534 1.553000e-16 2.004326e+05 3.000000e+00
 194838.444377 1.445700e-16 2.013496e+05 3.000000e+00
 195725.686193 1.829200e-16 2.022665e+05 3.000000e+00
 196612.948014 1.431700e-16 2.031834e+05 3.000000e+00
 197500.289858 1.485200e-16 2.041004e+05 3.000000e+00
 198905.332799 1.316900e-16 2.055524e+05 3.000000e+00
 200603.565649 1.691600e-16 2.073074e+05 3.000000e+00
 202302.778767 1.577500e-16 2.090634e+05 3.000000e+00
 204002.982154 1.446000e-16 2.108204e+05 3.000000e+00
 205704.025771 1.603600e-16 2.125783e+05 3.000000e+00
 207405.949627 1.589300e-16 2.143371e+05 3.000000e+00
 209108.833746 1.478100e-16 2.160969e+05 3.000000e+00
 210812.618109 1.576700e-16 2.178576e+05 3.000000e+00
 212517.332727 1.699700e-16 2.196193e+05 3.000000e+00
 214223.037614 1.609500e-16 2.213820e+05 3.000000e+00
 215929.602736 1.512500e-16 2.231456e+05 3.000000e+00
 217637.148125 1.644900e-16 2.249102e+05 3.000000e+00
 219345.553749 1.701100e-16 2.266757e+05 3.000000e+00
 221054.919635 1.659100e-16 2.284422e+05 3.000000e+00
 222765.255785 1.569200e-16 2.302097e+05 3.000000e+00
 224476.482178 1.642700e-16 2.319781e+05 3.000000e+00
 226188.668832 1.709500e-16 2.337475e+05 3.000000e+00
 227901.825751 1.732900e-16 2.355179e+05 3.000000e+00
 229615.842905 1.658700e-16 2.372892e+05 3.000000e+00
 231330.930351 1.674600e-16 2.390616e+05 3.000000e+00
 233046.798009 1.765300e-16 2.408348e+05 3.000000e+00
 234763.695948 1.849100e-16 2.426091e+05 3.000000e+00
 236481.604162 1.835500e-16 2.443844e+05 3.000000e+00
 238200.362608 1.878600e-16 2.461606e+05 3.000000e+00
 239920.081317 1.884200e-16 2.479378e+05 3.000000e+00
 241640.790295 1.912200e-16 2.497160e+05 3.000000e+00
 243362.349504 2.016200e-16 2.514951e+05 3.000000e+00
 245084.979006 1.966000e-16 2.532753e+05 3.000000e+00
 246808.498750 1.926700e-16 2.550564e+05 3.000000e+00
 248533.068781 1.985900e-16 2.568386e+05 3.000000e+00
 250258.489043 2.082400e-16 2.586217e+05 3.000000e+00
 251984.919581 2.092900e-16 2.604058e+05 3.000000e+00
 253712.280372 2.180300e-16 2.621909e+05 3.000000e+00
 255440.621431 2.128000e-16 2.639770e+05 3.000000e+00
 257169.922751 2.293500e-16 2.657641e+05 3.000000e+00
 258900.224344 2.681500e-16 2.675522e+05 3.000000e+00
 260631.466194 2.443500e-16 2.693413e+05 3.000000e+00
 262363.668305 2.222400e-16 2.711314e+05 3.000000e+00
 264096.840680 2.223700e-16 2.729225e+05 3.000000e+00
 265830.983321 2.202800e-16 2.747146e+05 3.000000e+00
 267566.216258 2.205300e-16 2.765078e+05 3.000000e+00
 269302.289424 2.218900e-16 2.783019e+05 3.000000e+00
 271039.332855 2.265300e-16 2.800970e+05 3.000000e+00
 272777.436575 2.298800e-16 2.818932e+05 3.000000e+00
 274516.540568 2.265200e-16 2.836904e+05 3.000000e+00
 276256.484789 2.310400e-16 2.854885e+05 3.000000e+00
 277997.499303 2.313900e-16 2.872877e+05 3.000000e+00
 279739.494083 2.375800e-16 2.890879e+05 3.000000e+00
 281482.559156 2.486900e-16 2.908892e+05 3.000000e+00
 283226.564484 2.525600e-16 2.926915e+05 3.000000e+00
 284971.470058 2.565100e-16 2.944947e+05 3.000000e+00
 286717.495938 2.453000e-16 2.962991e+05 3.000000e+00
 288464.422063 2.696300e-16 2.981044e+05 3.000000e+00
 290212.388471 2.501900e-16 2.999108e+05 3.000000e+00
 291961.345149 2.466100e-16 3.017182e+05 3.000000e+00
 293711.272092 2.607200e-16 3.035266e+05 3.000000e+00
 295462.259324 2.533700e-16 3.053361e+05 3.000000e+00
 297214.206818 2.636400e-16 3.071466e+05 3.000000e+00
 298967.134579 2.598800e-16 3.089581e+05 3.000000e+00
 300721.112626 2.687700e-16 3.107707e+05 3.000000e+00
 302476.180970 2.657100e-16 3.125844e+05 3.000000e+00
 304232.179568 2.625900e-16 3.143991e+05 3.000000e+00
 305989.188441 2.754800e-16 3.162148e+05 3.000000e+00
 307747.127568 2.867700e-16 3.180315e+05 3.000000e+00
 309506.247017 3.215900e-16 3.198494e+05 3.000000e+00
 311266.246705 2.786600e-16 3.216682e+05 3.000000e+00
 313027.356696 2.858300e-16 3.234882e+05 3.000000e+00
 314789.376935 3.287000e-16 3.253091e+05 3.000000e+00
 316552.547488 2.897100e-16 3.271312e+05 3.000000e+00
 318316.718314 2.808500e-16 3.289543e+05 3.000000e+00
 320081.799387 2.802000e-16 3.307784e+05 3.000000e+00
 321847.990764 2.919800e-16 3.326036e+05 3.000000e+00
 323615.242429 3.390800e-16 3.344299e+05 3.000000e+00
 325383.524375 3.117000e-16 3.362573e+05 3.000000e+00
 327152.836602 2.912700e-16 3.380857e+05 3.000000e+00
 328923.149101 3.071100e-16 3.399152e+05 3.000000e+00
 330694.451871 3.169600e-16 3.417457e+05 3.000000e+00
 332466.844937 3.246700e-16 3.435773e+05 3.000000e+00
 334240.388318 4.106500e-16 3.454101e+05 3.000000e+00
 336014.781930 3.858300e-16 3.472438e+05 3.000000e+00
 337790.355863 3.246600e-16 3.490787e+05 3.000000e+00
