# An Atlas of Galaxy Spectral Energy Distributions from the Ultraviolet to the Mid-Infrared
# Brown et al. (2014)
# http://dx.doi.org/10.5072/03/529D3551F0117
# 
# Column 1 : Restframe Wavelength (Angstrom)
# Column 2 : Flux per unit wavelength (ergs/s/cm^2/Angstrom)
# Column 3 : Observed wavelength (Angstrom)
# Column 4 : Source (0 = model, 1 = Optical Spectrum, 2 = Akari, 3 = Spitzer IRS)
# 
# CONVERTED air -> vacuum (Morton 2000/SDSS) above 2000 A by sedfit; wavelengths below are unchanged (already vacuum by convention).
    102.050000 7.428400e-26 1.052000e+02 0.000000e+00
    103.950000 1.063900e-25 1.071500e+02 0.000000e+00
    105.880000 1.552000e-25 1.091400e+02 0.000000e+00
    108.100000 2.295600e-25 1.114300e+02 0.000000e+00
    110.110000 3.801000e-25 1.135000e+02 0.000000e+00
    113.980000 7.176200e-25 1.174900e+02 0.000000e+00
    117.980000 1.252800e-24 1.216200e+02 0.000000e+00
    121.010000 5.792900e-24 1.247400e+02 0.000000e+00
    124.970000 9.181100e-24 1.288200e+02 0.000000e+00
    127.000000 1.111500e-23 1.309200e+02 0.000000e+00
    127.880000 1.244200e-23 1.318300e+02 0.000000e+00
    130.860000 1.621400e-23 1.349000e+02 0.000000e+00
    132.070000 2.027200e-23 1.361400e+02 0.000000e+00
    133.910000 2.381700e-23 1.380400e+02 0.000000e+00
    137.030000 3.522900e-23 1.412500e+02 0.000000e+00
    139.900000 4.435000e-23 1.442100e+02 0.000000e+00
    143.160000 1.415500e-22 1.475700e+02 0.000000e+00
    147.170000 4.294300e-22 1.517100e+02 0.000000e+00
    150.940000 5.481400e-22 1.556000e+02 0.000000e+00
    155.170000 7.012900e-22 1.599600e+02 0.000000e+00
    159.150000 9.013500e-22 1.640600e+02 0.000000e+00
    162.110000 1.071300e-21 1.671100e+02 0.000000e+00
    165.890000 1.358000e-21 1.710000e+02 0.000000e+00
    170.140000 1.666800e-21 1.753900e+02 0.000000e+00
    172.910000 1.953900e-21 1.782400e+02 0.000000e+00
    176.930000 2.370800e-21 1.823900e+02 0.000000e+00
    179.810000 2.722000e-21 1.853500e+02 0.000000e+00
    181.890000 2.984700e-21 1.875000e+02 0.000000e+00
    186.130000 3.563700e-21 1.918700e+02 0.000000e+00
    190.900000 4.404500e-21 1.967900e+02 0.000000e+00
    194.000000 5.022200e-21 1.999900e+02 0.000000e+00
    198.070000 5.860000e-21 2.041700e+02 0.000000e+00
    202.210000 6.853200e-21 2.084500e+02 0.000000e+00
    205.030000 7.654100e-21 2.113500e+02 0.000000e+00
    209.800000 8.747700e-21 2.162700e+02 0.000000e+00
    216.180000 1.121700e-20 2.228400e+02 0.000000e+00
    220.200000 1.285000e-20 2.269900e+02 0.000000e+00
    222.750000 1.399200e-20 2.296100e+02 0.000000e+00
    226.890000 1.595500e-20 2.338800e+02 0.000000e+00
    230.040000 2.587600e-20 2.371400e+02 0.000000e+00
    233.780000 4.404500e-20 2.409900e+02 0.000000e+00
    239.780000 6.150300e-20 2.471700e+02 0.000000e+00
    245.930000 6.469900e-20 2.535100e+02 0.000000e+00
    252.240000 7.689400e-20 2.600200e+02 0.000000e+00
    256.930000 7.045200e-20 2.648500e+02 0.000000e+00
    259.900000 8.568300e-20 2.679200e+02 0.000000e+00
    264.130000 9.591700e-20 2.722700e+02 0.000000e+00
    269.040000 1.037300e-19 2.773300e+02 0.000000e+00
    274.040000 1.111500e-19 2.824900e+02 0.000000e+00
    279.130000 1.191000e-19 2.877400e+02 0.000000e+00
    284.320000 1.279100e-19 2.930900e+02 0.000000e+00
    290.280000 1.321000e-19 2.992300e+02 0.000000e+00
    295.670000 1.445100e-19 3.047900e+02 0.000000e+00
    301.170000 1.513200e-19 3.104600e+02 0.000000e+00
    308.190000 1.663000e-19 3.176900e+02 0.000000e+00
    318.280000 1.891900e-19 3.281000e+02 0.000000e+00
    327.950000 2.093600e-19 3.380600e+02 0.000000e+00
    337.920000 2.279800e-19 3.483400e+02 0.000000e+00
    348.190000 2.465400e-19 3.589200e+02 0.000000e+00
    357.120000 2.654000e-19 3.681300e+02 0.000000e+00
    366.280000 2.890000e-19 3.775700e+02 0.000000e+00
    374.810000 3.061200e-19 3.863700e+02 0.000000e+00
    385.310000 3.147000e-19 3.971900e+02 0.000000e+00
    395.200000 3.482500e-19 4.073800e+02 0.000000e+00
    405.330000 3.748800e-19 4.178300e+02 0.000000e+00
    413.820000 3.907500e-19 4.265800e+02 0.000000e+00
    421.510000 4.007700e-19 4.345100e+02 0.000000e+00
    430.340000 4.129500e-19 4.436100e+02 0.000000e+00
    441.380000 4.394400e-19 4.549900e+02 0.000000e+00
    450.620000 4.548800e-19 4.645200e+02 0.000000e+00
    460.060000 4.644000e-19 4.742400e+02 0.000000e+00
    469.690000 4.818300e-19 4.841700e+02 0.000000e+00
    479.530000 5.045400e-19 4.943100e+02 0.000000e+00
    489.570000 5.080400e-19 5.046600e+02 0.000000e+00
    499.820000 5.369000e-19 5.152300e+02 0.000000e+00
    505.610000 5.443700e-19 5.211900e+02 0.000000e+00
    511.460000 6.996700e-19 5.272300e+02 0.000000e+00
    519.770000 7.242600e-19 5.358000e+02 0.000000e+00
    529.430000 7.497100e-19 5.457600e+02 0.000000e+00
    540.520000 7.411300e-19 5.571900e+02 0.000000e+00
    550.570000 8.788100e-19 5.675400e+02 0.000000e+00
    559.520000 9.997600e-19 5.767700e+02 0.000000e+00
    569.920000 1.114000e-18 5.874900e+02 0.000000e+00
    580.510000 1.103800e-18 5.984100e+02 0.000000e+00
    589.950000 1.296900e-18 6.081300e+02 0.000000e+00
    599.530000 1.351700e-18 6.180200e+02 0.000000e+00
    610.680000 1.495900e-18 6.295100e+02 0.000000e+00
    620.600000 1.761600e-18 6.397300e+02 0.000000e+00
    630.680000 1.918200e-18 6.501300e+02 0.000000e+00
    639.460000 1.971900e-18 6.591700e+02 0.000000e+00
    649.850000 2.243300e-18 6.698800e+02 0.000000e+00
    657.370000 2.426000e-18 6.776400e+02 0.000000e+00
    664.990000 2.581600e-18 6.854900e+02 0.000000e+00
    674.240000 2.635700e-18 6.950200e+02 0.000000e+00
    685.190000 2.647900e-18 7.063200e+02 0.000000e+00
    694.720000 3.450600e-18 7.161400e+02 0.000000e+00
    704.390000 3.356600e-18 7.261100e+02 0.000000e+00
    715.830000 4.054100e-18 7.379000e+02 0.000000e+00
    725.790000 4.284500e-18 7.481700e+02 0.000000e+00
    734.200000 4.517500e-18 7.568300e+02 0.000000e+00
    744.410000 5.198700e-18 7.673600e+02 0.000000e+00
    754.770000 5.661000e-18 7.780400e+02 0.000000e+00
    765.270000 6.051900e-18 7.888600e+02 0.000000e+00
    774.130000 6.743700e-18 7.979900e+02 0.000000e+00
    784.900000 7.377300e-18 8.091000e+02 0.000000e+00
    795.820000 7.814400e-18 8.203500e+02 0.000000e+00
    805.030000 8.277400e-18 8.298500e+02 0.000000e+00
    814.350000 8.707500e-18 8.394600e+02 0.000000e+00
    825.680000 9.725100e-18 8.511400e+02 0.000000e+00
    835.240000 7.941400e-18 8.609900e+02 0.000000e+00
    844.910000 1.049300e-17 8.709600e+02 0.000000e+00
    854.700000 1.093700e-17 8.810500e+02 0.000000e+00
    864.590000 1.199200e-17 8.912500e+02 0.000000e+00
    874.610000 1.308900e-17 9.015700e+02 0.000000e+00
    884.730000 1.451800e-17 9.120100e+02 0.000000e+00
    894.980000 1.555600e-17 9.225700e+02 0.000000e+00
    905.340000 1.559200e-17 9.332500e+02 0.000000e+00
    915.820000 2.575700e-17 9.440600e+02 0.000000e+00
    924.300000 1.985600e-16 9.528000e+02 0.000000e+00
    935.000000 4.455500e-16 9.638300e+02 0.000000e+00
    945.830000 8.707500e-16 9.749900e+02 0.000000e+00
    954.580000 1.279100e-15 9.840100e+02 0.000000e+00
    965.630000 1.389600e-15 9.954100e+02 0.000000e+00
    974.570000 1.994800e-16 1.004620e+03 0.000000e+00
    985.850000 1.083700e-15 1.016250e+03 0.000000e+00
    994.980000 1.238500e-15 1.025650e+03 0.000000e+00
   1004.180000 1.971900e-15 1.035140e+03 0.000000e+00
   1015.810000 1.962900e-15 1.047130e+03 0.000000e+00
   1025.210000 8.647600e-16 1.056820e+03 0.000000e+00
   1034.700000 1.317900e-15 1.066600e+03 0.000000e+00
   1044.270000 2.747200e-15 1.076470e+03 0.000000e+00
   1053.930000 2.715800e-15 1.086430e+03 0.000000e+00
   1066.140000 2.060100e-15 1.099010e+03 0.000000e+00
   1076.000000 2.552100e-15 1.109180e+03 0.000000e+00
   1085.960000 1.940400e-15 1.119440e+03 0.000000e+00
   1096.000000 2.766300e-15 1.129800e+03 0.000000e+00
   1106.150000 2.672400e-15 1.140250e+03 0.000000e+00
   1113.810000 2.546200e-15 1.148150e+03 0.000000e+00
   1124.120000 2.269300e-15 1.158780e+03 0.000000e+00
   1134.520000 3.068300e-15 1.169500e+03 0.000000e+00
   1145.020000 2.772700e-15 1.180320e+03 0.000000e+00
   1155.610000 3.026200e-15 1.191240e+03 0.000000e+00
   1166.310000 3.139700e-15 1.202260e+03 0.000000e+00
   1174.390000 2.069600e-15 1.210600e+03 0.000000e+00
   1185.260000 3.089500e-15 1.221800e+03 0.000000e+00
   1196.220000 1.990200e-15 1.233110e+03 0.000000e+00
   1204.520000 1.351700e-15 1.241650e+03 0.000000e+00
   1215.660000 1.013700e-15 1.253140e+03 0.000000e+00
   1224.090000 2.137400e-15 1.261830e+03 0.000000e+00
   1235.410000 3.426800e-15 1.273500e+03 0.000000e+00
   1243.980000 3.809700e-15 1.282330e+03 0.000000e+00
   1255.490000 3.604900e-15 1.294200e+03 0.000000e+00
   1264.190000 3.040200e-15 1.303170e+03 0.000000e+00
   1275.890000 4.139000e-15 1.315220e+03 0.000000e+00
   1284.730000 4.404500e-15 1.324340e+03 0.000000e+00
   1293.640000 3.302900e-15 1.333520e+03 0.000000e+00
   1305.610000 3.272600e-15 1.345860e+03 0.000000e+00
   1314.660000 4.334100e-15 1.355190e+03 0.000000e+00
   1323.770000 4.139000e-15 1.364580e+03 0.000000e+00
   1336.020000 3.571900e-15 1.377210e+03 0.000000e+00
   1345.280000 4.476100e-15 1.386760e+03 0.000000e+00
   1354.600000 4.344100e-15 1.396370e+03 0.000000e+00
   1363.990000 3.809700e-15 1.406050e+03 0.000000e+00
   1373.450000 4.082200e-15 1.415790e+03 0.000000e+00
   1386.160000 4.148500e-15 1.428890e+03 0.000000e+00
   1395.770000 3.588400e-15 1.438800e+03 0.000000e+00
   1405.440000 3.766100e-15 1.448770e+03 0.000000e+00
   1415.180000 3.836100e-15 1.458810e+03 0.000000e+00
   1424.990000 4.016900e-15 1.468930e+03 0.000000e+00
   1434.870000 3.989300e-15 1.479110e+03 0.000000e+00
   1441.490000 4.264800e-15 1.485940e+03 0.000000e+00
   1448.150000 4.374200e-15 1.492790e+03 0.000000e+00
   1454.830000 4.235400e-15 1.499690e+03 0.000000e+00
   1464.920000 3.862700e-15 1.510080e+03 0.000000e+00
   1475.070000 3.889500e-15 1.520550e+03 0.000000e+00
   1485.290000 4.007700e-15 1.531090e+03 0.000000e+00
   1495.590000 4.120000e-15 1.541700e+03 0.000000e+00
   1505.960000 3.871600e-15 1.552390e+03 0.000000e+00
   1512.910000 3.379800e-15 1.559550e+03 0.000000e+00
   1516.400000 3.688900e-15 1.563150e+03 0.000000e+00
   1523.400000 3.555500e-15 1.570360e+03 0.000000e+00
   1533.950000 3.040200e-15 1.581250e+03 0.000000e+00
   1544.590000 3.450600e-15 1.592210e+03 0.000000e+00
   1555.290000 3.257600e-15 1.603250e+03 0.000000e+00
   1566.070000 3.310500e-15 1.614360e+03 0.000000e+00
   1573.300000 3.571900e-15 1.621810e+03 0.000000e+00
   1584.210000 3.801000e-15 1.633050e+03 0.000000e+00
   1595.190000 3.898500e-15 1.644370e+03 0.000000e+00
   1606.250000 3.845000e-15 1.655770e+03 0.000000e+00
   1613.660000 3.889500e-15 1.663410e+03 0.000000e+00
   1624.850000 3.655100e-15 1.674940e+03 0.000000e+00
   1636.110000 3.943600e-15 1.686550e+03 0.000000e+00
   1643.660000 4.026200e-15 1.694340e+03 0.000000e+00
   1655.060000 3.688900e-15 1.706080e+03 0.000000e+00
   1666.530000 4.101100e-15 1.717910e+03 0.000000e+00
   1670.370000 3.580100e-15 1.721870e+03 0.000000e+00
   1678.080000 4.129500e-15 1.729820e+03 0.000000e+00
   1685.830000 4.374200e-15 1.737800e+03 0.000000e+00
   1693.610000 4.082200e-15 1.745820e+03 0.000000e+00
   1705.350000 3.907500e-15 1.757920e+03 0.000000e+00
   1713.220000 3.680400e-15 1.766040e+03 0.000000e+00
   1725.090000 3.671900e-15 1.778280e+03 0.000000e+00
   1733.060000 3.971000e-15 1.786490e+03 0.000000e+00
   1745.070000 3.880600e-15 1.798870e+03 0.000000e+00
   1753.120000 4.196600e-15 1.807170e+03 0.000000e+00
   1765.280000 3.809700e-15 1.819700e+03 0.000000e+00
   1773.420000 3.925500e-15 1.828100e+03 0.000000e+00
   1785.720000 4.016900e-15 1.840770e+03 0.000000e+00
   1793.960000 4.354100e-15 1.849270e+03 0.000000e+00
   1806.390000 4.334100e-15 1.862090e+03 0.000000e+00
   1814.730000 3.952700e-15 1.870680e+03 0.000000e+00
   1823.110000 4.072800e-15 1.879320e+03 0.000000e+00
   1835.750000 3.889500e-15 1.892340e+03 0.000000e+00
   1844.220000 3.555500e-15 1.901080e+03 0.000000e+00
   1857.000000 3.563700e-15 1.914260e+03 0.000000e+00
   1865.570000 3.705900e-15 1.923090e+03 0.000000e+00
   1874.190000 4.082200e-15 1.931970e+03 0.000000e+00
   1882.840000 3.731600e-15 1.940890e+03 0.000000e+00
   1895.890000 3.580100e-15 1.954340e+03 0.000000e+00
   1904.640000 3.827300e-15 1.963360e+03 0.000000e+00
   1913.430000 3.671900e-15 1.972420e+03 0.000000e+00
   1926.690000 3.613200e-15 1.986100e+03 0.000000e+00
   1935.590000 3.740200e-15 1.995260e+03 0.000000e+00
   1944.520000 3.925500e-15 2.004470e+03 0.000000e+00
   1953.500000 3.663500e-15 2.013720e+03 0.000000e+00
   1967.040000 4.072800e-15 2.027680e+03 0.000000e+00
   1976.120000 4.206300e-15 2.037040e+03 0.000000e+00
   1985.240000 3.961800e-15 2.046450e+03 0.000000e+00
   1994.400000 3.845000e-15 2.055890e+03 0.000000e+00
   2004.258715 3.980100e-15 2.065380e+03 0.000000e+00
   2013.500341 3.827300e-15 2.074910e+03 0.000000e+00
   2027.462839 4.044800e-15 2.089300e+03 0.000000e+00
   2036.814538 3.809700e-15 2.098940e+03 0.000000e+00
   2046.216266 3.998500e-15 2.108630e+03 0.000000e+00
   2055.658021 3.818500e-15 2.118360e+03 0.000000e+00
   2065.149804 3.836100e-15 2.128140e+03 0.000000e+00
   2074.681612 4.139000e-15 2.137960e+03 0.000000e+00
   2079.462525 3.925500e-15 2.142890e+03 0.000000e+00
   2084.253445 4.091600e-15 2.147830e+03 0.000000e+00
   2093.875304 3.862700e-15 2.157740e+03 0.000000e+00
   2103.537188 3.889500e-15 2.167700e+03 0.000000e+00
   2113.249097 3.934500e-15 2.177710e+03 0.000000e+00
   2127.892003 4.007700e-15 2.192810e+03 0.000000e+00
   2137.713971 3.697400e-15 2.202930e+03 0.000000e+00
   2147.575961 3.809700e-15 2.213090e+03 0.000000e+00
   2157.487975 3.980100e-15 2.223310e+03 0.000000e+00
   2167.450013 3.853900e-15 2.233570e+03 0.000000e+00
   2177.452071 3.827300e-15 2.243880e+03 0.000000e+00
   2187.504153 3.757500e-15 2.254240e+03 0.000000e+00
   2197.596255 3.952700e-15 2.264640e+03 0.000000e+00
   2207.738380 3.845000e-15 2.275100e+03 0.000000e+00
   2217.930527 3.646700e-15 2.285600e+03 0.000000e+00
   2228.162694 3.514800e-15 2.296150e+03 0.000000e+00
   2233.303787 3.792500e-15 2.301440e+03 0.000000e+00
   2243.605985 3.615000e-15 2.312070e+03 0.000000e+00
   2253.968207 3.453800e-15 2.322740e+03 0.000000e+00
   2264.370448 3.560400e-15 2.333460e+03 0.000000e+00
   2274.822710 3.670200e-15 2.344230e+03 0.000000e+00
   2285.314991 3.774700e-15 2.355050e+03 0.000000e+00
   2295.867295 3.565100e-15 2.365920e+03 0.000000e+00
   2306.459617 3.558500e-15 2.376840e+03 0.000000e+00
   2317.101960 3.384300e-15 2.387810e+03 0.000000e+00
   2327.804325 2.586200e-15 2.398830e+03 0.000000e+00
   2333.165513 3.131600e-15 2.404360e+03 0.000000e+00
   2343.937907 3.040600e-15 2.415460e+03 0.000000e+00
   2354.750319 3.312500e-15 2.426610e+03 0.000000e+00
   2365.622753 3.029400e-15 2.437810e+03 0.000000e+00
   2376.535204 3.130100e-15 2.449060e+03 0.000000e+00
   2387.507677 2.902400e-15 2.460370e+03 0.000000e+00
   2393.008920 3.117900e-15 2.466040e+03 0.000000e+00
   2404.061424 2.978900e-15 2.477420e+03 0.000000e+00
   2415.153944 3.070900e-15 2.488860e+03 0.000000e+00
   2426.296484 3.269400e-15 2.500350e+03 0.000000e+00
   2437.499045 3.130900e-15 2.511890e+03 0.000000e+00
   2443.120333 3.332600e-15 2.517680e+03 0.000000e+00
   2454.392921 3.280800e-15 2.529300e+03 0.000000e+00
   2465.725530 3.267300e-15 2.540970e+03 0.000000e+00
   2477.098156 3.143400e-15 2.552700e+03 0.000000e+00
   2488.530803 3.247900e-15 2.564480e+03 0.000000e+00
   2494.272135 3.052900e-15 2.570400e+03 0.000000e+00
   2505.784811 3.411300e-15 2.582260e+03 0.000000e+00
   2511.556155 3.034100e-15 2.588210e+03 0.000000e+00
   2517.347505 3.134300e-15 2.594180e+03 0.000000e+00
   2523.148859 2.987000e-15 2.600160e+03 0.000000e+00
   2534.791582 3.030100e-15 2.612160e+03 0.000000e+00
   2546.494326 2.969400e-15 2.624220e+03 0.000000e+00
   2558.247087 3.198000e-15 2.636330e+03 0.000000e+00
   2564.148476 3.118800e-15 2.642410e+03 0.000000e+00
   2575.981266 3.312900e-15 2.654610e+03 0.000000e+00
   2587.874077 3.276600e-15 2.666860e+03 0.000000e+00
   2593.835488 3.232400e-15 2.673010e+03 0.000000e+00
   2605.808326 3.117100e-15 2.685340e+03 0.000000e+00
   2617.831183 3.075800e-15 2.697740e+03 0.000000e+00
   2623.872620 3.229000e-15 2.703960e+03 0.000000e+00
   2635.975504 3.321200e-15 2.716440e+03 0.000000e+00
   2648.148411 3.601800e-15 2.728980e+03 0.000000e+00
   2654.249870 3.652800e-15 2.735270e+03 0.000000e+00
   2666.502804 3.317800e-15 2.747890e+03 0.000000e+00
   2678.805756 3.483900e-15 2.760580e+03 0.000000e+00
   2684.987241 3.460900e-15 2.766940e+03 0.000000e+00
   2697.380223 3.322100e-15 2.779710e+03 0.000000e+00
   2703.591719 3.416000e-15 2.786120e+03 0.000000e+00
   2716.074731 3.249000e-15 2.798980e+03 0.000000e+00
   2728.607760 3.258200e-15 2.811900e+03 0.000000e+00
   2734.899282 3.428400e-15 2.818380e+03 0.000000e+00
   2747.522341 2.973800e-15 2.831390e+03 0.000000e+00
   2753.853876 3.036900e-15 2.837920e+03 0.000000e+00
   2766.566964 3.145300e-15 2.851020e+03 0.000000e+00
   2772.938514 3.302000e-15 2.857590e+03 0.000000e+00
   2785.741631 3.140500e-15 2.870780e+03 0.000000e+00
   2798.594765 2.542400e-15 2.884030e+03 0.000000e+00
   2805.046340 2.737500e-15 2.890680e+03 0.000000e+00
   2817.999506 3.285400e-15 2.904020e+03 0.000000e+00
   2824.491095 3.433200e-15 2.910720e+03 0.000000e+00
   2837.524288 3.295600e-15 2.924150e+03 0.000000e+00
   2844.065892 3.228900e-15 2.930890e+03 0.000000e+00
   2857.199116 3.135400e-15 2.944420e+03 0.000000e+00
   2863.780734 3.415200e-15 2.951210e+03 0.000000e+00
   2877.003987 3.385700e-15 2.964830e+03 0.000000e+00
   2883.635620 3.386600e-15 2.971670e+03 0.000000e+00
   2896.938900 3.349700e-15 2.985380e+03 0.000000e+00
   2910.312201 3.616200e-15 2.999160e+03 0.000000e+00
   2930.487190 3.488300e-15 3.019950e+03 0.000000e+00
   2950.802223 3.443300e-15 3.040890e+03 0.000000e+00
   2971.247298 3.510300e-15 3.061960e+03 0.000000e+00
   2991.842420 3.513200e-15 3.083190e+03 0.000000e+00
   3012.587588 3.565200e-15 3.104560e+03 0.000000e+00
   3033.462797 3.551800e-15 3.126080e+03 0.000000e+00
   3047.466297 3.545700e-15 3.140510e+03 0.000000e+00
   3068.591584 3.557000e-15 3.162280e+03 0.000000e+00
   3089.856914 3.584700e-15 3.184200e+03 0.000000e+00
   3111.272291 3.555000e-15 3.206270e+03 0.000000e+00
   3132.837714 3.517400e-15 3.228490e+03 0.000000e+00
   3147.301355 3.543900e-15 3.243400e+03 0.000000e+00
   3169.116855 3.530800e-15 3.265880e+03 0.000000e+00
   3191.082400 3.374900e-15 3.288520e+03 0.000000e+00
   3213.197992 3.480600e-15 3.311310e+03 0.000000e+00
   3228.031746 3.356700e-15 3.326600e+03 0.000000e+00
   3250.407416 3.501900e-15 3.349660e+03 0.000000e+00
   3272.943135 3.595100e-15 3.372870e+03 0.000000e+00
   3288.046971 3.572500e-15 3.388440e+03 0.000000e+00
   3310.832766 3.575800e-15 3.411930e+03 0.000000e+00
   3326.116656 3.578100e-15 3.427680e+03 0.000000e+00
   3333.788610 3.587400e-15 3.435580e+03 0.000000e+00
   3341.470568 3.419100e-15 3.443500e+03 0.000000e+00
   3349.172531 3.690200e-15 3.451440e+03 0.000000e+00
   3356.894501 3.557900e-15 3.459390e+03 0.000000e+00
   3364.626473 3.329100e-15 3.467370e+03 0.000000e+00
   3372.388454 3.307200e-15 3.475360e+03 0.000000e+00
   3380.160439 3.569400e-15 3.483370e+03 0.000000e+00
   3387.952429 3.620200e-15 3.491400e+03 0.000000e+00
   3395.764426 3.579900e-15 3.499450e+03 0.000000e+00
   3403.586425 3.724000e-15 3.507520e+03 0.000000e+00
   3411.438433 3.436800e-15 3.515600e+03 0.000000e+00
   3419.300444 3.493700e-15 3.523710e+03 0.000000e+00
   3427.182462 3.576200e-15 3.531830e+03 0.000000e+00
   3435.084485 3.694600e-15 3.539970e+03 0.000000e+00
   3442.996511 3.497100e-15 3.548130e+03 0.000000e+00
   3450.938546 3.506300e-15 3.556310e+03 0.000000e+00
   3458.890584 3.459300e-15 3.564510e+03 0.000000e+00
   3466.862628 3.389400e-15 3.572730e+03 0.000000e+00
   3474.854678 3.583100e-15 3.580960e+03 0.000000e+00
   3482.866734 3.454700e-15 3.589220e+03 0.000000e+00
   3490.898796 3.585500e-15 3.597490e+03 0.000000e+00
   3498.940860 3.464900e-15 3.605790e+03 0.000000e+00
   3507.012934 3.546700e-15 3.614100e+03 0.000000e+00
   3515.095011 3.427400e-15 3.622430e+03 0.000000e+00
   3523.197093 3.590100e-15 3.630780e+03 0.000000e+00
   3531.319181 3.461400e-15 3.639150e+03 0.000000e+00
   3539.461276 3.600800e-15 3.647540e+03 0.000000e+00
   3547.613373 3.668900e-15 3.655950e+03 0.000000e+00
   3555.795479 3.695600e-15 3.664370e+03 0.000000e+00
   3563.987589 3.629300e-15 3.672820e+03 0.000000e+00
   3569.749072 2.715400e-15 3.678760e+03 1.000000e+00
   3572.419760 2.238400e-15 3.681510e+03 1.000000e+00
   3575.090448 3.635600e-15 3.684260e+03 1.000000e+00
   3577.761136 5.398600e-15 3.687010e+03 1.000000e+00
   3580.421822 3.698700e-15 3.689760e+03 1.000000e+00
   3583.092510 9.343400e-16 3.692510e+03 1.000000e+00
   3585.763199 -4.176000e-17 3.695260e+03 1.000000e+00
   3588.433887 2.347600e-15 3.698010e+03 1.000000e+00
   3591.094573 2.112200e-15 3.700760e+03 1.000000e+00
   3593.765261 6.728600e-15 3.703510e+03 1.000000e+00
   3596.435950 6.718600e-15 3.706260e+03 1.000000e+00
   3599.106639 4.527300e-15 3.709010e+03 1.000000e+00
   3601.777327 1.336000e-15 3.711760e+03 1.000000e+00
   3604.438014 8.051300e-16 3.714510e+03 1.000000e+00
   3607.108703 2.186600e-15 3.717260e+03 1.000000e+00
   3609.779392 3.127600e-15 3.720010e+03 1.000000e+00
   3612.450081 5.489000e-15 3.722760e+03 1.000000e+00
   3615.110767 1.037200e-15 3.725510e+03 1.000000e+00
   3617.781456 1.800800e-15 3.728260e+03 1.000000e+00
   3620.452145 1.057000e-15 3.731010e+03 1.000000e+00
   3623.122835 1.829600e-15 3.733760e+03 1.000000e+00
   3625.793524 2.659600e-15 3.736510e+03 1.000000e+00
   3628.454211 -5.415500e-16 3.739260e+03 1.000000e+00
   3631.124901 3.232300e-15 3.742010e+03 1.000000e+00
   3633.795590 1.375900e-15 3.744760e+03 1.000000e+00
   3636.466280 -2.122100e-16 3.747510e+03 1.000000e+00
   3639.126967 -1.115200e-15 3.750260e+03 1.000000e+00
   3641.797657 4.386100e-15 3.753010e+03 1.000000e+00
   3644.468347 6.682900e-15 3.755760e+03 1.000000e+00
   3647.139037 3.125500e-15 3.758510e+03 1.000000e+00
   3649.799724 1.943100e-15 3.761260e+03 1.000000e+00
   3652.470414 1.393000e-15 3.764010e+03 1.000000e+00
   3655.141104 3.341000e-15 3.766760e+03 1.000000e+00
   3657.811794 5.474500e-15 3.769510e+03 1.000000e+00
   3660.482485 4.667700e-15 3.772260e+03 1.000000e+00
   3663.143172 3.863000e-15 3.775010e+03 1.000000e+00
   3665.813863 1.606400e-15 3.777760e+03 1.000000e+00
   3668.484553 6.008200e-15 3.780510e+03 1.000000e+00
   3671.155244 5.400400e-15 3.783260e+03 1.000000e+00
   3673.815932 2.850300e-15 3.786010e+03 1.000000e+00
   3676.486623 4.022700e-15 3.788760e+03 1.000000e+00
   3679.157313 5.344900e-15 3.791510e+03 1.000000e+00
   3681.828004 5.903700e-15 3.794260e+03 1.000000e+00
   3684.498695 1.435700e-15 3.797010e+03 1.000000e+00
   3687.159383 3.873800e-15 3.799760e+03 1.000000e+00
   3689.830074 3.181000e-15 3.802510e+03 1.000000e+00
   3692.500765 2.402100e-15 3.805260e+03 1.000000e+00
   3695.171456 4.251000e-15 3.808010e+03 1.000000e+00
   3697.832145 5.292900e-15 3.810760e+03 1.000000e+00
   3700.502836 2.223500e-15 3.813510e+03 1.000000e+00
   3703.173528 3.136300e-15 3.816260e+03 1.000000e+00
   3705.844219 2.790600e-15 3.819010e+03 1.000000e+00
   3708.514910 2.573000e-15 3.821760e+03 1.000000e+00
   3711.175599 3.261200e-15 3.824510e+03 1.000000e+00
   3713.846291 4.283100e-15 3.827260e+03 1.000000e+00
   3716.516983 5.064700e-15 3.830010e+03 1.000000e+00
   3719.187674 2.350300e-15 3.832760e+03 1.000000e+00
   3721.848363 4.127900e-15 3.835510e+03 1.000000e+00
   3724.519055 6.657700e-15 3.838260e+03 1.000000e+00
   3727.189747 7.512300e-15 3.841010e+03 1.000000e+00
   3729.860439 1.099300e-14 3.843760e+03 1.000000e+00
   3732.531131 9.587800e-15 3.846510e+03 1.000000e+00
   3735.191821 8.238500e-15 3.849260e+03 1.000000e+00
   3737.862513 4.729800e-15 3.852010e+03 1.000000e+00
   3740.533205 3.422900e-15 3.854760e+03 1.000000e+00
   3743.203897 3.742600e-15 3.857510e+03 1.000000e+00
   3745.864587 3.982500e-15 3.860260e+03 1.000000e+00
   3748.535279 5.225800e-15 3.863010e+03 1.000000e+00
   3751.205972 5.189300e-15 3.865760e+03 1.000000e+00
   3753.876664 3.854900e-15 3.868510e+03 1.000000e+00
   3756.537354 2.925200e-15 3.871260e+03 1.000000e+00
   3759.208047 5.002300e-15 3.874010e+03 1.000000e+00
   3761.878740 5.525700e-15 3.876760e+03 1.000000e+00
   3764.549432 4.851200e-15 3.879510e+03 1.000000e+00
   3767.220125 5.131300e-15 3.882260e+03 1.000000e+00
   3769.880816 3.528900e-15 3.885010e+03 1.000000e+00
   3772.551508 2.418600e-15 3.887760e+03 1.000000e+00
   3775.222201 4.099800e-15 3.890510e+03 1.000000e+00
   3777.892894 5.001400e-15 3.893260e+03 1.000000e+00
   3780.553585 3.423100e-15 3.896010e+03 1.000000e+00
   3783.224278 4.766900e-15 3.898760e+03 1.000000e+00
   3785.894971 5.537900e-15 3.901510e+03 1.000000e+00
   3788.565665 4.683600e-15 3.904260e+03 1.000000e+00
   3791.236358 3.812800e-15 3.907010e+03 1.000000e+00
   3793.897049 1.117800e-15 3.909760e+03 1.000000e+00
   3796.567742 3.840700e-15 3.912510e+03 1.000000e+00
   3799.238436 5.703200e-15 3.915260e+03 1.000000e+00
   3801.909129 2.805800e-15 3.918010e+03 1.000000e+00
   3804.569820 2.151000e-15 3.920760e+03 1.000000e+00
   3807.240514 4.934700e-15 3.923510e+03 1.000000e+00
   3809.911208 5.502800e-15 3.926260e+03 1.000000e+00
   3812.581902 5.824700e-15 3.929010e+03 1.000000e+00
   3815.252596 6.095000e-15 3.931760e+03 1.000000e+00
   3817.913287 5.146500e-15 3.934510e+03 1.000000e+00
   3820.583981 5.922900e-15 3.937260e+03 1.000000e+00
   3823.254675 6.666800e-15 3.940010e+03 1.000000e+00
   3825.925369 2.923600e-15 3.942760e+03 1.000000e+00
   3828.586061 4.065700e-15 3.945510e+03 1.000000e+00
   3831.256755 3.864900e-15 3.948260e+03 1.000000e+00
   3833.927449 4.519200e-15 3.951010e+03 1.000000e+00
   3836.598143 3.604700e-15 3.953760e+03 1.000000e+00
   3839.268838 3.193700e-15 3.956510e+03 1.000000e+00
   3841.929530 4.606800e-15 3.959260e+03 1.000000e+00
   3844.600224 5.580000e-15 3.962010e+03 1.000000e+00
   3847.270919 2.100000e-15 3.964760e+03 1.000000e+00
   3849.941613 4.040500e-15 3.967510e+03 1.000000e+00
   3852.602305 6.287000e-15 3.970260e+03 1.000000e+00
   3855.273000 7.167800e-15 3.973010e+03 1.000000e+00
   3857.943695 5.956300e-15 3.975760e+03 1.000000e+00
   3860.614390 4.299200e-15 3.978510e+03 1.000000e+00
   3863.275082 5.764000e-15 3.981260e+03 1.000000e+00
   3865.945777 4.747100e-15 3.984010e+03 1.000000e+00
   3868.616472 7.169000e-15 3.986760e+03 1.000000e+00
   3871.287167 6.859800e-15 3.989510e+03 1.000000e+00
   3873.957862 6.436800e-15 3.992260e+03 1.000000e+00
   3876.618554 6.623300e-15 3.995010e+03 1.000000e+00
   3879.289250 4.497500e-15 3.997760e+03 1.000000e+00
   3881.959945 6.674100e-15 4.000510e+03 1.000000e+00
   3884.630640 6.109200e-15 4.003260e+03 1.000000e+00
   3887.291333 6.142200e-15 4.006010e+03 1.000000e+00
   3889.962028 4.143600e-15 4.008760e+03 1.000000e+00
   3892.632724 1.776400e-15 4.011510e+03 1.000000e+00
   3895.303419 1.548800e-15 4.014260e+03 1.000000e+00
   3897.974115 6.122300e-15 4.017010e+03 1.000000e+00
   3900.634808 5.306200e-15 4.019760e+03 1.000000e+00
   3903.305504 5.742600e-15 4.022510e+03 1.000000e+00
   3905.976199 2.701600e-15 4.025260e+03 1.000000e+00
   3908.646895 4.734800e-15 4.028010e+03 1.000000e+00
   3911.307588 5.087800e-15 4.030760e+03 1.000000e+00
   3913.978284 7.487500e-15 4.033510e+03 1.000000e+00
   3916.648980 6.667600e-15 4.036260e+03 1.000000e+00
   3919.319676 6.425700e-15 4.039010e+03 1.000000e+00
   3921.990372 6.041200e-15 4.041760e+03 1.000000e+00
   3924.651066 5.509700e-15 4.044510e+03 1.000000e+00
   3927.321762 6.902400e-15 4.047260e+03 1.000000e+00
   3929.992458 7.634100e-15 4.050010e+03 1.000000e+00
   3932.663154 3.933000e-15 4.052760e+03 1.000000e+00
   3935.323848 2.657100e-15 4.055510e+03 1.000000e+00
   3937.994544 6.104900e-15 4.058260e+03 1.000000e+00
   3940.665241 2.969900e-15 4.061010e+03 1.000000e+00
   3943.335937 3.974900e-15 4.063760e+03 1.000000e+00
   3946.006634 4.542600e-15 4.066510e+03 1.000000e+00
   3948.667328 4.387500e-15 4.069260e+03 1.000000e+00
   3951.338024 6.821900e-15 4.072010e+03 1.000000e+00
   3954.008721 6.228300e-15 4.074760e+03 1.000000e+00
   3956.679418 6.643900e-15 4.077510e+03 1.000000e+00
   3959.340112 4.635700e-15 4.080260e+03 1.000000e+00
   3962.010809 6.603500e-15 4.083010e+03 1.000000e+00
   3964.681506 6.440600e-15 4.085760e+03 1.000000e+00
   3967.352202 4.424300e-15 4.088510e+03 1.000000e+00
   3970.022899 4.945200e-15 4.091260e+03 1.000000e+00
   3972.683594 2.434600e-15 4.094010e+03 1.000000e+00
   3975.354291 3.654500e-15 4.096760e+03 1.000000e+00
   3978.024988 3.756800e-15 4.099510e+03 1.000000e+00
   3980.695685 3.181100e-15 4.102260e+03 1.000000e+00
   3983.356380 6.193900e-15 4.105010e+03 1.000000e+00
   3986.027077 5.880700e-15 4.107760e+03 1.000000e+00
   3988.697774 4.572300e-15 4.110510e+03 1.000000e+00
   3991.368472 5.088500e-15 4.113260e+03 1.000000e+00
   3994.029166 6.619100e-15 4.116010e+03 1.000000e+00
   3996.699864 6.183100e-15 4.118760e+03 1.000000e+00
   3999.370561 9.720400e-15 4.121510e+03 1.000000e+00
   4002.041259 5.836700e-15 4.124260e+03 1.000000e+00
   4004.711956 5.600600e-15 4.127010e+03 1.000000e+00
   4007.372651 5.617700e-15 4.129760e+03 1.000000e+00
   4010.043349 6.285500e-15 4.132510e+03 1.000000e+00
   4012.714047 5.620200e-15 4.135260e+03 1.000000e+00
   4015.384745 7.886600e-15 4.138010e+03 1.000000e+00
   4018.045440 7.301100e-15 4.140760e+03 1.000000e+00
   4020.716138 6.110400e-15 4.143510e+03 1.000000e+00
   4023.386836 7.420800e-15 4.146260e+03 1.000000e+00
   4026.057534 7.787900e-15 4.149010e+03 1.000000e+00
   4028.728232 6.179500e-15 4.151760e+03 1.000000e+00
   4031.388927 5.343600e-15 4.154510e+03 1.000000e+00
   4034.059625 5.877900e-15 4.157260e+03 1.000000e+00
   4036.730323 7.416700e-15 4.160010e+03 1.000000e+00
   4039.401022 6.351000e-15 4.162760e+03 1.000000e+00
   4042.061717 6.150600e-15 4.165510e+03 1.000000e+00
   4044.732415 7.091500e-15 4.168260e+03 1.000000e+00
   4047.403114 6.607500e-15 4.171010e+03 1.000000e+00
   4050.073812 6.273200e-15 4.173760e+03 1.000000e+00
   4052.744511 5.927200e-15 4.176510e+03 1.000000e+00
   4055.405206 3.952900e-15 4.179260e+03 1.000000e+00
   4058.075905 4.450700e-15 4.182010e+03 1.000000e+00
   4060.746604 6.628000e-15 4.184760e+03 1.000000e+00
   4063.417302 6.922100e-15 4.187510e+03 1.000000e+00
   4066.077998 7.070800e-15 4.190260e+03 1.000000e+00
   4068.748697 8.690700e-15 4.193010e+03 1.000000e+00
   4071.419396 5.798000e-15 4.195760e+03 1.000000e+00
   4074.090094 5.178900e-15 4.198510e+03 1.000000e+00
   4076.750791 4.605800e-15 4.201260e+03 1.000000e+00
   4079.421490 6.391500e-15 4.204010e+03 1.000000e+00
   4082.092188 7.258300e-15 4.206760e+03 1.000000e+00
   4084.762887 5.923500e-15 4.209510e+03 1.000000e+00
   4087.433586 5.799900e-15 4.212260e+03 1.000000e+00
   4090.094283 7.058200e-15 4.215010e+03 1.000000e+00
   4092.764982 5.878200e-15 4.217760e+03 1.000000e+00
   4095.435681 5.843700e-15 4.220510e+03 1.000000e+00
   4098.106380 6.327300e-15 4.223260e+03 1.000000e+00
   4100.767077 6.201300e-15 4.226010e+03 1.000000e+00
   4103.437776 5.450200e-15 4.228760e+03 1.000000e+00
   4106.108476 4.967100e-15 4.231510e+03 1.000000e+00
   4108.779175 4.197300e-15 4.234260e+03 1.000000e+00
   4111.449874 3.866400e-15 4.237010e+03 1.000000e+00
   4114.110571 5.011200e-15 4.239760e+03 1.000000e+00
   4116.781271 5.226700e-15 4.242510e+03 1.000000e+00
   4119.451970 6.213100e-15 4.245260e+03 1.000000e+00
   4122.122670 7.309300e-15 4.248010e+03 1.000000e+00
   4124.783367 7.014500e-15 4.250760e+03 1.000000e+00
   4127.454066 5.479600e-15 4.253510e+03 1.000000e+00
   4130.124766 5.580000e-15 4.256260e+03 1.000000e+00
   4132.795466 5.735900e-15 4.259010e+03 1.000000e+00
   4135.466166 7.154700e-15 4.261760e+03 1.000000e+00
   4138.126863 7.007900e-15 4.264510e+03 1.000000e+00
   4140.797563 6.353500e-15 4.267260e+03 1.000000e+00
   4143.468263 4.674200e-15 4.270010e+03 1.000000e+00
   4146.138963 6.240900e-15 4.272760e+03 1.000000e+00
   4148.799660 5.804400e-15 4.275510e+03 1.000000e+00
   4151.470360 6.622700e-15 4.278260e+03 1.000000e+00
   4154.141060 7.359400e-15 4.281010e+03 1.000000e+00
   4156.811760 6.686800e-15 4.283760e+03 1.000000e+00
   4159.482461 5.868600e-15 4.286510e+03 1.000000e+00
   4162.143158 5.345100e-15 4.289260e+03 1.000000e+00
   4164.813858 5.945000e-15 4.292010e+03 1.000000e+00
   4167.484559 6.689500e-15 4.294760e+03 1.000000e+00
   4170.155259 6.503300e-15 4.297510e+03 1.000000e+00
   4172.815957 5.048600e-15 4.300260e+03 1.000000e+00
   4175.486657 5.011400e-15 4.303010e+03 1.000000e+00
   4178.157358 5.185600e-15 4.305760e+03 1.000000e+00
   4180.828058 5.738000e-15 4.308510e+03 1.000000e+00
   4183.488756 6.002100e-15 4.311260e+03 1.000000e+00
   4186.159457 7.303700e-15 4.314010e+03 1.000000e+00
   4188.830157 6.669800e-15 4.316760e+03 1.000000e+00
   4191.500858 5.104100e-15 4.319510e+03 1.000000e+00
   4194.171559 4.803300e-15 4.322260e+03 1.000000e+00
   4196.832257 5.199000e-15 4.325010e+03 1.000000e+00
   4199.502958 5.628300e-15 4.327760e+03 1.000000e+00
   4202.173658 6.448500e-15 4.330510e+03 1.000000e+00
   4204.844359 6.468900e-15 4.333260e+03 1.000000e+00
   4207.505058 5.992600e-15 4.336010e+03 1.000000e+00
   4210.175758 6.322200e-15 4.338760e+03 1.000000e+00
   4212.846459 6.338700e-15 4.341510e+03 1.000000e+00
   4215.517160 6.463400e-15 4.344260e+03 1.000000e+00
   4218.187862 6.858800e-15 4.347010e+03 1.000000e+00
   4220.848560 6.193300e-15 4.349760e+03 1.000000e+00
   4223.519261 5.743900e-15 4.352510e+03 1.000000e+00
   4226.189962 6.006100e-15 4.355260e+03 1.000000e+00
   4228.860664 6.796400e-15 4.358010e+03 1.000000e+00
   4231.521362 6.082600e-15 4.360760e+03 1.000000e+00
   4234.192064 5.244100e-15 4.363510e+03 1.000000e+00
   4236.862765 5.650000e-15 4.366260e+03 1.000000e+00
   4239.533466 5.996100e-15 4.369010e+03 1.000000e+00
   4242.204168 6.054500e-15 4.371760e+03 1.000000e+00
   4244.864866 5.790300e-15 4.374510e+03 1.000000e+00
   4247.535568 5.941700e-15 4.377260e+03 1.000000e+00
   4250.206269 4.053200e-15 4.380010e+03 1.000000e+00
   4252.876971 4.929300e-15 4.382760e+03 1.000000e+00
   4255.537670 5.020400e-15 4.385510e+03 1.000000e+00
   4258.208372 6.589700e-15 4.388260e+03 1.000000e+00
   4260.879073 5.312000e-15 4.391010e+03 1.000000e+00
   4263.549775 6.427100e-15 4.393760e+03 1.000000e+00
   4266.220477 6.662100e-15 4.396510e+03 1.000000e+00
   4268.881176 8.042200e-15 4.399260e+03 1.000000e+00
   4271.551878 6.207600e-15 4.402010e+03 1.000000e+00
   4274.222580 6.409600e-15 4.404760e+03 1.000000e+00
   4276.893282 6.095500e-15 4.407510e+03 1.000000e+00
   4279.553981 5.334600e-15 4.410260e+03 1.000000e+00
   4282.224683 5.512800e-15 4.413010e+03 1.000000e+00
   4284.895385 4.549800e-15 4.415760e+03 1.000000e+00
   4287.566087 5.675000e-15 4.418510e+03 1.000000e+00
   4290.226787 6.912800e-15 4.421260e+03 1.000000e+00
   4292.897489 4.693100e-15 4.424010e+03 1.000000e+00
   4295.568191 5.417700e-15 4.426760e+03 1.000000e+00
   4298.238893 5.327500e-15 4.429510e+03 1.000000e+00
   4300.909595 5.859400e-15 4.432260e+03 1.000000e+00
   4303.570295 5.524700e-15 4.435010e+03 1.000000e+00
   4306.240997 6.092200e-15 4.437760e+03 1.000000e+00
   4308.911700 4.656000e-15 4.440510e+03 1.000000e+00
   4311.582402 4.438800e-15 4.443260e+03 1.000000e+00
   4314.243102 4.846200e-15 4.446010e+03 1.000000e+00
   4316.913804 5.616800e-15 4.448760e+03 1.000000e+00
   4319.584507 6.253400e-15 4.451510e+03 1.000000e+00
   4322.255209 6.140600e-15 4.454260e+03 1.000000e+00
   4324.925912 5.645400e-15 4.457010e+03 1.000000e+00
   4327.586612 5.434500e-15 4.459760e+03 1.000000e+00
   4330.257315 5.664700e-15 4.462510e+03 1.000000e+00
   4332.928017 5.129800e-15 4.465260e+03 1.000000e+00
   4335.598720 5.196200e-15 4.468010e+03 1.000000e+00
   4338.259420 4.571400e-15 4.470760e+03 1.000000e+00
   4340.930123 5.109700e-15 4.473510e+03 1.000000e+00
   4343.600826 5.794300e-15 4.476260e+03 1.000000e+00
   4346.271529 4.951600e-15 4.479010e+03 1.000000e+00
   4348.942231 4.453900e-15 4.481760e+03 1.000000e+00
   4351.602932 3.996800e-15 4.484510e+03 1.000000e+00
   4354.273635 6.969200e-15 4.487260e+03 1.000000e+00
   4356.944338 5.513800e-15 4.490010e+03 1.000000e+00
   4359.615041 6.487900e-15 4.492760e+03 1.000000e+00
   4362.275741 7.734100e-15 4.495510e+03 1.000000e+00
   4364.946444 6.386600e-15 4.498260e+03 1.000000e+00
   4367.617147 5.043800e-15 4.501010e+03 1.000000e+00
   4370.287851 4.270900e-15 4.503760e+03 1.000000e+00
   4372.958554 5.328200e-15 4.506510e+03 1.000000e+00
   4375.619254 6.176500e-15 4.509260e+03 1.000000e+00
   4378.289958 6.258700e-15 4.512010e+03 1.000000e+00
   4380.960661 6.422200e-15 4.514760e+03 1.000000e+00
   4383.631364 4.542100e-15 4.517510e+03 1.000000e+00
   4386.292065 6.180400e-15 4.520260e+03 1.000000e+00
   4388.962769 5.243900e-15 4.523010e+03 1.000000e+00
   4391.633472 5.210200e-15 4.525760e+03 1.000000e+00
   4394.304175 5.099800e-15 4.528510e+03 1.000000e+00
   4396.964876 5.404500e-15 4.531260e+03 1.000000e+00
   4399.635580 6.808500e-15 4.534010e+03 1.000000e+00
   4402.306284 6.629800e-15 4.536760e+03 1.000000e+00
   4404.976987 5.726200e-15 4.539510e+03 1.000000e+00
   4407.647691 4.751800e-15 4.542260e+03 1.000000e+00
   4410.308392 7.871300e-15 4.545010e+03 1.000000e+00
   4412.979096 6.534600e-15 4.547760e+03 1.000000e+00
   4415.649799 5.614300e-15 4.550510e+03 1.000000e+00
   4418.320503 5.403100e-15 4.553260e+03 1.000000e+00
   4420.981204 6.621500e-15 4.556010e+03 1.000000e+00
   4423.651908 7.723000e-15 4.558760e+03 1.000000e+00
   4426.322612 6.268200e-15 4.561510e+03 1.000000e+00
   4428.993316 5.695900e-15 4.564260e+03 1.000000e+00
   4431.664020 7.293500e-15 4.567010e+03 1.000000e+00
   4434.324721 4.609500e-15 4.569760e+03 1.000000e+00
   4436.995425 5.775600e-15 4.572510e+03 1.000000e+00
   4439.666129 5.720700e-15 4.575260e+03 1.000000e+00
   4442.336833 5.911900e-15 4.578010e+03 1.000000e+00
   4444.997535 7.193800e-15 4.580760e+03 1.000000e+00
   4447.668239 4.656300e-15 4.583510e+03 1.000000e+00
   4450.338943 7.089600e-15 4.586260e+03 1.000000e+00
   4453.009647 4.965900e-15 4.589010e+03 1.000000e+00
   4455.680352 5.217000e-15 4.591760e+03 1.000000e+00
   4458.341053 6.228700e-15 4.594510e+03 1.000000e+00
   4461.011758 6.330800e-15 4.597260e+03 1.000000e+00
   4463.682462 5.703200e-15 4.600010e+03 1.000000e+00
   4466.353166 6.536200e-15 4.602760e+03 1.000000e+00
   4469.013868 6.151400e-15 4.605510e+03 1.000000e+00
   4471.684573 5.747400e-15 4.608260e+03 1.000000e+00
   4474.355277 4.945100e-15 4.611010e+03 1.000000e+00
   4477.025982 5.587100e-15 4.613760e+03 1.000000e+00
   4479.696686 3.145000e-15 4.616510e+03 1.000000e+00
   4482.357388 7.254700e-15 4.619260e+03 1.000000e+00
   4485.028093 4.537000e-15 4.622010e+03 1.000000e+00
   4487.698797 6.528000e-15 4.624760e+03 1.000000e+00
   4490.369502 6.256300e-15 4.627510e+03 1.000000e+00
   4493.030204 7.174200e-15 4.630260e+03 1.000000e+00
   4495.700909 6.159200e-15 4.633010e+03 1.000000e+00
   4498.371614 5.300800e-15 4.635760e+03 1.000000e+00
   4501.042318 7.364000e-15 4.638510e+03 1.000000e+00
   4503.703021 5.704500e-15 4.641260e+03 1.000000e+00
   4506.373725 5.817500e-15 4.644010e+03 1.000000e+00
   4509.044430 6.437900e-15 4.646760e+03 1.000000e+00
   4511.715135 6.101200e-15 4.649510e+03 1.000000e+00
   4514.385840 6.279000e-15 4.652260e+03 1.000000e+00
   4517.046543 6.021800e-15 4.655010e+03 1.000000e+00
   4519.717248 6.794400e-15 4.657760e+03 1.000000e+00
   4522.387953 6.787200e-15 4.660510e+03 1.000000e+00
   4525.058658 6.285300e-15 4.663260e+03 1.000000e+00
   4527.719360 5.251700e-15 4.666010e+03 1.000000e+00
   4530.390065 5.194700e-15 4.668760e+03 1.000000e+00
   4533.060770 5.821800e-15 4.671510e+03 1.000000e+00
   4535.731476 6.326200e-15 4.674260e+03 1.000000e+00
   4538.402181 3.908000e-15 4.677010e+03 1.000000e+00
   4541.062883 6.050600e-15 4.679760e+03 1.000000e+00
   4543.733589 6.628900e-15 4.682510e+03 1.000000e+00
   4546.404294 6.240300e-15 4.685260e+03 1.000000e+00
   4549.074999 5.473500e-15 4.688010e+03 1.000000e+00
   4551.735702 7.244700e-15 4.690760e+03 1.000000e+00
   4554.406408 5.934100e-15 4.693510e+03 1.000000e+00
   4557.077113 4.461600e-15 4.696260e+03 1.000000e+00
   4559.747818 6.070900e-15 4.699010e+03 1.000000e+00
   4562.418524 6.318100e-15 4.701760e+03 1.000000e+00
   4565.079227 6.984700e-15 4.704510e+03 1.000000e+00
   4567.749932 6.184200e-15 4.707260e+03 1.000000e+00
   4570.420638 7.112200e-15 4.710010e+03 1.000000e+00
   4573.091344 7.191700e-15 4.712760e+03 1.000000e+00
   4575.752047 5.844100e-15 4.715510e+03 1.000000e+00
   4578.422752 5.305400e-15 4.718260e+03 1.000000e+00
   4581.093458 6.527000e-15 4.721010e+03 1.000000e+00
   4583.764164 6.594000e-15 4.723760e+03 1.000000e+00
   4586.434869 5.876200e-15 4.726510e+03 1.000000e+00
   4589.095573 6.030700e-15 4.729260e+03 1.000000e+00
   4591.766278 5.670800e-15 4.732010e+03 1.000000e+00
   4594.436984 5.567300e-15 4.734760e+03 1.000000e+00
   4597.107690 5.460700e-15 4.737510e+03 1.000000e+00
   4599.768393 6.761800e-15 4.740260e+03 1.000000e+00
   4602.439099 6.313800e-15 4.743010e+03 1.000000e+00
   4605.109805 7.278400e-15 4.745760e+03 1.000000e+00
   4607.780511 6.887200e-15 4.748510e+03 1.000000e+00
   4610.441215 6.471100e-15 4.751260e+03 1.000000e+00
   4613.111921 5.355800e-15 4.754010e+03 1.000000e+00
   4615.782627 6.503600e-15 4.756760e+03 1.000000e+00
   4618.453333 6.891500e-15 4.759510e+03 1.000000e+00
   4621.124039 6.920500e-15 4.762260e+03 1.000000e+00
   4623.784743 6.621800e-15 4.765010e+03 1.000000e+00
   4626.455449 6.716900e-15 4.767760e+03 1.000000e+00
   4629.126155 6.393400e-15 4.770510e+03 1.000000e+00
   4631.796861 6.886500e-15 4.773260e+03 1.000000e+00
   4634.457565 6.530900e-15 4.776010e+03 1.000000e+00
   4637.128271 6.595000e-15 4.778760e+03 1.000000e+00
   4639.798978 5.516300e-15 4.781510e+03 1.000000e+00
   4642.469684 6.769500e-15 4.784260e+03 1.000000e+00
   4645.140390 6.086000e-15 4.787010e+03 1.000000e+00
   4647.801094 6.572700e-15 4.789760e+03 1.000000e+00
   4650.471800 6.286300e-15 4.792510e+03 1.000000e+00
   4653.142507 5.563200e-15 4.795260e+03 1.000000e+00
   4655.813213 7.082700e-15 4.798010e+03 1.000000e+00
   4658.473917 7.154100e-15 4.800760e+03 1.000000e+00
   4661.144624 6.722800e-15 4.803510e+03 1.000000e+00
   4663.815331 5.459800e-15 4.806260e+03 1.000000e+00
   4666.486037 5.321500e-15 4.809010e+03 1.000000e+00
   4669.156744 6.156300e-15 4.811760e+03 1.000000e+00
   4671.817448 6.292500e-15 4.814510e+03 1.000000e+00
   4674.488154 6.374200e-15 4.817260e+03 1.000000e+00
   4677.158861 6.303000e-15 4.820010e+03 1.000000e+00
   4679.829568 5.171700e-15 4.822760e+03 1.000000e+00
   4682.490272 4.957200e-15 4.825510e+03 1.000000e+00
   4685.160979 5.789300e-15 4.828260e+03 1.000000e+00
   4687.831686 6.491200e-15 4.831010e+03 1.000000e+00
   4690.502393 4.702200e-15 4.833760e+03 1.000000e+00
   4693.173099 6.047900e-15 4.836510e+03 1.000000e+00
   4695.833804 7.071800e-15 4.839260e+03 1.000000e+00
   4698.504511 7.677000e-15 4.842010e+03 1.000000e+00
   4701.175218 5.209200e-15 4.844760e+03 1.000000e+00
   4703.845925 5.678800e-15 4.847510e+03 1.000000e+00
   4706.506629 5.977900e-15 4.850260e+03 1.000000e+00
   4709.177336 5.176700e-15 4.853010e+03 1.000000e+00
   4711.848043 5.797900e-15 4.855760e+03 1.000000e+00
   4714.518750 6.190100e-15 4.858510e+03 1.000000e+00
   4717.179455 5.684200e-15 4.861260e+03 1.000000e+00
   4719.850162 6.987100e-15 4.864010e+03 1.000000e+00
   4722.520869 5.864300e-15 4.866760e+03 1.000000e+00
   4725.191576 6.892000e-15 4.869510e+03 1.000000e+00
   4727.862283 7.258000e-15 4.872260e+03 1.000000e+00
   4730.522988 6.671200e-15 4.875010e+03 1.000000e+00
   4733.193695 6.426900e-15 4.877760e+03 1.000000e+00
   4735.864403 6.195500e-15 4.880510e+03 1.000000e+00
   4738.535110 6.567400e-15 4.883260e+03 1.000000e+00
   4741.195815 7.546000e-15 4.886010e+03 1.000000e+00
   4743.866522 5.508600e-15 4.888760e+03 1.000000e+00
   4746.537230 6.301400e-15 4.891510e+03 1.000000e+00
   4749.207937 6.231200e-15 4.894260e+03 1.000000e+00
   4751.878644 6.267200e-15 4.897010e+03 1.000000e+00
   4754.539349 6.181200e-15 4.899760e+03 1.000000e+00
   4757.210057 6.046700e-15 4.902510e+03 1.000000e+00
   4759.880764 6.152000e-15 4.905260e+03 1.000000e+00
   4762.551472 6.026000e-15 4.908010e+03 1.000000e+00
   4765.212177 7.170400e-15 4.910760e+03 1.000000e+00
   4767.882885 5.422100e-15 4.913510e+03 1.000000e+00
   4770.553592 5.501700e-15 4.916260e+03 1.000000e+00
   4773.224300 5.817500e-15 4.919010e+03 1.000000e+00
   4775.895008 6.391600e-15 4.921760e+03 1.000000e+00
   4778.555713 5.947500e-15 4.924510e+03 1.000000e+00
   4781.226420 4.947100e-15 4.927260e+03 1.000000e+00
   4783.897128 6.294100e-15 4.930010e+03 1.000000e+00
   4786.567836 7.266300e-15 4.932760e+03 1.000000e+00
   4789.228541 6.033000e-15 4.935510e+03 1.000000e+00
   4791.899249 5.483000e-15 4.938260e+03 1.000000e+00
   4794.569957 5.536200e-15 4.941010e+03 1.000000e+00
   4797.240665 6.184200e-15 4.943760e+03 1.000000e+00
   4799.911373 5.442400e-15 4.946510e+03 1.000000e+00
   4802.572078 5.594000e-15 4.949260e+03 1.000000e+00
   4805.242786 6.260000e-15 4.952010e+03 1.000000e+00
   4807.913494 5.652900e-15 4.954760e+03 1.000000e+00
   4810.584202 5.477900e-15 4.957510e+03 1.000000e+00
   4813.244907 5.818100e-15 4.960260e+03 1.000000e+00
   4815.915615 5.462700e-15 4.963010e+03 1.000000e+00
   4818.586324 4.976800e-15 4.965760e+03 1.000000e+00
   4821.257032 5.169800e-15 4.968510e+03 1.000000e+00
   4823.917737 6.059500e-15 4.971260e+03 1.000000e+00
   4826.588445 6.414700e-15 4.974010e+03 1.000000e+00
   4829.259154 6.289900e-15 4.976760e+03 1.000000e+00
   4831.929862 6.323100e-15 4.979510e+03 1.000000e+00
   4834.600570 5.917300e-15 4.982260e+03 1.000000e+00
   4837.261276 5.151800e-15 4.985010e+03 1.000000e+00
   4839.931984 5.628300e-15 4.987760e+03 1.000000e+00
   4842.602692 6.248700e-15 4.990510e+03 1.000000e+00
   4845.273401 5.236300e-15 4.993260e+03 1.000000e+00
   4847.934106 5.145700e-15 4.996010e+03 1.000000e+00
   4850.604815 5.239400e-15 4.998760e+03 1.000000e+00
   4853.275523 4.387700e-15 5.001510e+03 1.000000e+00
   4855.946232 4.894600e-15 5.004260e+03 1.000000e+00
   4858.616940 5.426700e-15 5.007010e+03 1.000000e+00
   4861.277646 5.222100e-15 5.009760e+03 1.000000e+00
   4863.948354 6.291800e-15 5.012510e+03 1.000000e+00
   4866.619063 7.035600e-15 5.015260e+03 1.000000e+00
   4869.289771 6.796400e-15 5.018010e+03 1.000000e+00
   4871.950477 5.796100e-15 5.020760e+03 1.000000e+00
   4874.621186 5.530300e-15 5.023510e+03 1.000000e+00
   4877.291895 3.821000e-15 5.026260e+03 1.000000e+00
   4879.962603 4.223600e-15 5.029010e+03 1.000000e+00
   4882.633312 5.178500e-15 5.031760e+03 1.000000e+00
   4885.294018 4.933300e-15 5.034510e+03 1.000000e+00
   4887.964727 5.372400e-15 5.037260e+03 1.000000e+00
   4890.635435 5.508400e-15 5.040010e+03 1.000000e+00
   4893.306144 5.926000e-15 5.042760e+03 1.000000e+00
   4895.966850 4.951000e-15 5.045510e+03 1.000000e+00
   4898.637559 5.206400e-15 5.048260e+03 1.000000e+00
   4901.308268 4.746800e-15 5.051010e+03 1.000000e+00
   4903.978977 5.393200e-15 5.053760e+03 1.000000e+00
   4906.649686 5.913300e-15 5.056510e+03 1.000000e+00
   4909.310392 5.502600e-15 5.059260e+03 1.000000e+00
   4911.981101 6.047900e-15 5.062010e+03 1.000000e+00
   4914.651810 4.829600e-15 5.064760e+03 1.000000e+00
   4917.322519 4.867000e-15 5.067510e+03 1.000000e+00
   4919.983225 5.260300e-15 5.070260e+03 1.000000e+00
   4922.653934 5.829700e-15 5.073010e+03 1.000000e+00
   4925.324643 5.559200e-15 5.075760e+03 1.000000e+00
   4927.995352 5.193000e-15 5.078510e+03 1.000000e+00
   4930.656059 5.481800e-15 5.081260e+03 1.000000e+00
   4933.326768 6.024500e-15 5.084010e+03 1.000000e+00
   4935.997477 6.084400e-15 5.086760e+03 1.000000e+00
   4938.668186 5.377200e-15 5.089510e+03 1.000000e+00
   4941.338895 5.232400e-15 5.092260e+03 1.000000e+00
   4943.999602 6.101400e-15 5.095010e+03 1.000000e+00
   4946.670311 5.576700e-15 5.097760e+03 1.000000e+00
   4949.341020 5.571300e-15 5.100510e+03 1.000000e+00
   4952.011730 5.642800e-15 5.103260e+03 1.000000e+00
   4954.672436 6.020300e-15 5.106010e+03 1.000000e+00
   4957.343146 6.428100e-15 5.108760e+03 1.000000e+00
   4960.013855 6.820800e-15 5.111510e+03 1.000000e+00
   4962.684564 7.171500e-15 5.114260e+03 1.000000e+00
   4965.355274 6.769900e-15 5.117010e+03 1.000000e+00
   4968.015981 7.060400e-15 5.119760e+03 1.000000e+00
   4970.686690 5.961200e-15 5.122510e+03 1.000000e+00
   4973.357399 5.649600e-15 5.125260e+03 1.000000e+00
   4976.028109 5.512000e-15 5.128010e+03 1.000000e+00
   4978.688816 5.410600e-15 5.130760e+03 1.000000e+00
   4981.359525 6.617200e-15 5.133510e+03 1.000000e+00
   4984.030235 6.709500e-15 5.136260e+03 1.000000e+00
   4986.700944 6.593700e-15 5.139010e+03 1.000000e+00
   4989.371654 6.019200e-15 5.141760e+03 1.000000e+00
   4992.032361 5.605300e-15 5.144510e+03 1.000000e+00
   4994.703070 5.482200e-15 5.147260e+03 1.000000e+00
   4997.373780 5.541400e-15 5.150010e+03 1.000000e+00
   5000.044490 5.536800e-15 5.152760e+03 1.000000e+00
   5002.705197 6.451100e-15 5.155510e+03 1.000000e+00
   5005.375907 6.661200e-15 5.158260e+03 1.000000e+00
   5008.046616 7.482600e-15 5.161010e+03 1.000000e+00
   5010.717326 7.731000e-15 5.163760e+03 1.000000e+00
   5013.388036 7.902700e-15 5.166510e+03 1.000000e+00
   5016.048743 7.385100e-15 5.169260e+03 1.000000e+00
   5018.719453 7.125500e-15 5.172010e+03 1.000000e+00
   5021.390163 6.542000e-15 5.174760e+03 1.000000e+00
   5024.060872 5.552500e-15 5.177510e+03 1.000000e+00
   5026.721580 4.994800e-15 5.180260e+03 1.000000e+00
   5029.392290 5.086000e-15 5.183010e+03 1.000000e+00
   5032.063000 6.107600e-15 5.185760e+03 1.000000e+00
   5034.733710 5.970000e-15 5.188510e+03 1.000000e+00
   5037.404419 5.909100e-15 5.191260e+03 1.000000e+00
   5040.065127 4.608300e-15 5.194010e+03 1.000000e+00
   5042.735837 4.526400e-15 5.196760e+03 1.000000e+00
   5045.406547 4.804600e-15 5.199510e+03 1.000000e+00
   5048.077257 4.817800e-15 5.202260e+03 1.000000e+00
   5050.737964 4.417100e-15 5.205010e+03 1.000000e+00
   5053.408674 4.872900e-15 5.207760e+03 1.000000e+00
   5056.079385 5.479600e-15 5.210510e+03 1.000000e+00
   5058.750095 5.192300e-15 5.213260e+03 1.000000e+00
   5061.410802 5.457300e-15 5.216010e+03 1.000000e+00
   5064.081512 6.061900e-15 5.218760e+03 1.000000e+00
   5066.752223 5.619000e-15 5.221510e+03 1.000000e+00
   5069.422933 5.305900e-15 5.224260e+03 1.000000e+00
   5072.093643 4.953100e-15 5.227010e+03 1.000000e+00
   5074.754351 5.529800e-15 5.229760e+03 1.000000e+00
   5077.425061 6.264500e-15 5.232510e+03 1.000000e+00
   5080.095771 6.704300e-15 5.235260e+03 1.000000e+00
   5082.766482 5.967400e-15 5.238010e+03 1.000000e+00
   5085.427189 5.382200e-15 5.240760e+03 1.000000e+00
   5088.097900 5.750500e-15 5.243510e+03 1.000000e+00
   5090.768610 5.373800e-15 5.246260e+03 1.000000e+00
   5093.439320 5.182300e-15 5.249010e+03 1.000000e+00
   5096.110031 5.346800e-15 5.251760e+03 1.000000e+00
   5098.770739 5.971100e-15 5.254510e+03 1.000000e+00
   5101.441449 5.544700e-15 5.257260e+03 1.000000e+00
   5104.112160 4.484900e-15 5.260010e+03 1.000000e+00
   5106.782870 5.173100e-15 5.262760e+03 1.000000e+00
   5109.443578 5.641500e-15 5.265510e+03 1.000000e+00
   5112.114288 5.397500e-15 5.268260e+03 1.000000e+00
   5114.784999 5.653400e-15 5.271010e+03 1.000000e+00
   5117.455710 5.458400e-15 5.273760e+03 1.000000e+00
   5120.126420 5.446800e-15 5.276510e+03 1.000000e+00
   5122.787128 5.635800e-15 5.279260e+03 1.000000e+00
   5125.457839 4.812600e-15 5.282010e+03 1.000000e+00
   5128.128549 5.123700e-15 5.284760e+03 1.000000e+00
   5130.799260 5.925600e-15 5.287510e+03 1.000000e+00
   5133.459968 6.469800e-15 5.290260e+03 1.000000e+00
   5136.130679 5.438800e-15 5.293010e+03 1.000000e+00
   5138.801390 4.828400e-15 5.295760e+03 1.000000e+00
   5141.472100 5.432100e-15 5.298510e+03 1.000000e+00
   5144.142811 5.422900e-15 5.301260e+03 1.000000e+00
   5146.803519 5.318600e-15 5.304010e+03 1.000000e+00
   5149.474230 5.771200e-15 5.306760e+03 1.000000e+00
   5152.144941 5.444200e-15 5.309510e+03 1.000000e+00
   5154.815652 5.329800e-15 5.312260e+03 1.000000e+00
   5157.476360 5.420400e-15 5.315010e+03 1.000000e+00
   5160.147071 4.960100e-15 5.317760e+03 1.000000e+00
   5162.817782 5.706500e-15 5.320510e+03 1.000000e+00
   5165.488493 5.509000e-15 5.323260e+03 1.000000e+00
   5168.149201 5.029300e-15 5.326010e+03 1.000000e+00
   5170.819912 5.444400e-15 5.328760e+03 1.000000e+00
   5173.490623 5.946100e-15 5.331510e+03 1.000000e+00
   5176.161334 6.373600e-15 5.334260e+03 1.000000e+00
   5178.832045 5.559000e-15 5.337010e+03 1.000000e+00
   5181.492754 5.136600e-15 5.339760e+03 1.000000e+00
   5184.163465 5.770000e-15 5.342510e+03 1.000000e+00
   5186.834176 5.774800e-15 5.345260e+03 1.000000e+00
   5189.504887 4.495500e-15 5.348010e+03 1.000000e+00
   5192.165595 4.359700e-15 5.350760e+03 1.000000e+00
   5194.836307 5.367000e-15 5.353510e+03 1.000000e+00
   5197.507018 5.734300e-15 5.356260e+03 1.000000e+00
   5200.177729 5.508400e-15 5.359010e+03 1.000000e+00
   5202.848440 5.284100e-15 5.361760e+03 1.000000e+00
   5205.509149 5.692500e-15 5.364510e+03 1.000000e+00
   5208.179860 6.145100e-15 5.367260e+03 1.000000e+00
   5210.850571 5.243600e-15 5.370010e+03 1.000000e+00
   5213.521282 5.124200e-15 5.372760e+03 1.000000e+00
   5216.181991 5.636800e-15 5.375510e+03 1.000000e+00
   5218.852702 5.520800e-15 5.378260e+03 1.000000e+00
   5221.523414 4.893800e-15 5.381010e+03 1.000000e+00
   5224.194125 4.898900e-15 5.383760e+03 1.000000e+00
   5226.864837 5.172500e-15 5.386510e+03 1.000000e+00
   5229.525545 5.194900e-15 5.389260e+03 1.000000e+00
   5232.196257 5.253000e-15 5.392010e+03 1.000000e+00
   5234.866968 4.806500e-15 5.394760e+03 1.000000e+00
   5237.537680 5.107700e-15 5.397510e+03 1.000000e+00
   5240.198388 6.071400e-15 5.400260e+03 1.000000e+00
   5242.869100 5.894900e-15 5.403010e+03 1.000000e+00
   5245.539811 5.667600e-15 5.405760e+03 1.000000e+00
   5248.210523 5.010500e-15 5.408510e+03 1.000000e+00
   5250.881234 5.127000e-15 5.411260e+03 1.000000e+00
   5253.541943 5.381300e-15 5.414010e+03 1.000000e+00
   5256.212655 5.411300e-15 5.416760e+03 1.000000e+00
   5258.883367 5.483900e-15 5.419510e+03 1.000000e+00
   5261.554078 5.265800e-15 5.422260e+03 1.000000e+00
   5264.214787 4.546300e-15 5.425010e+03 1.000000e+00
   5266.885499 4.768300e-15 5.427760e+03 1.000000e+00
   5269.556210 4.838100e-15 5.430510e+03 1.000000e+00
   5272.226922 4.834000e-15 5.433260e+03 1.000000e+00
   5274.887631 4.995000e-15 5.436010e+03 1.000000e+00
   5277.558343 4.414900e-15 5.438760e+03 1.000000e+00
   5280.229055 5.176300e-15 5.441510e+03 1.000000e+00
   5282.899766 5.349500e-15 5.444260e+03 1.000000e+00
   5285.570478 5.196400e-15 5.447010e+03 1.000000e+00
   5288.231187 5.162800e-15 5.449760e+03 1.000000e+00
   5290.901899 5.438100e-15 5.452510e+03 1.000000e+00
   5293.572611 5.526600e-15 5.455260e+03 1.000000e+00
   5296.243323 5.905700e-15 5.458010e+03 1.000000e+00
   5298.904032 5.961000e-15 5.460760e+03 1.000000e+00
   5301.574744 5.193200e-15 5.463510e+03 1.000000e+00
   5304.245456 4.537000e-15 5.466260e+03 1.000000e+00
   5306.916168 5.139100e-15 5.469010e+03 1.000000e+00
   5309.586880 5.686300e-15 5.471760e+03 1.000000e+00
   5312.247589 4.878000e-15 5.474510e+03 1.000000e+00
   5314.918301 5.180400e-15 5.477260e+03 1.000000e+00
   5317.589013 5.605200e-15 5.480010e+03 1.000000e+00
   5320.259725 5.029900e-15 5.482760e+03 1.000000e+00
   5322.920434 5.882600e-15 5.485510e+03 1.000000e+00
   5325.591146 6.135800e-15 5.488260e+03 1.000000e+00
   5328.261858 5.405800e-15 5.491010e+03 1.000000e+00
   5330.932570 4.986600e-15 5.493760e+03 1.000000e+00
   5333.603283 5.172800e-15 5.496510e+03 1.000000e+00
   5336.263992 4.824400e-15 5.499260e+03 1.000000e+00
   5338.934704 4.709000e-15 5.502010e+03 1.000000e+00
   5341.605416 5.547800e-15 5.504760e+03 1.000000e+00
   5344.276128 6.480100e-15 5.507510e+03 1.000000e+00
   5346.936838 4.867400e-15 5.510260e+03 1.000000e+00
   5349.607550 4.931600e-15 5.513010e+03 1.000000e+00
   5352.278262 5.175000e-15 5.515760e+03 1.000000e+00
   5354.948975 5.583200e-15 5.518510e+03 1.000000e+00
   5357.619687 5.775800e-15 5.521260e+03 1.000000e+00
   5360.280397 5.712000e-15 5.524010e+03 1.000000e+00
   5362.951109 4.760000e-15 5.526760e+03 1.000000e+00
   5365.621821 5.414400e-15 5.529510e+03 1.000000e+00
   5368.292533 5.321300e-15 5.532260e+03 1.000000e+00
   5370.953243 5.904300e-15 5.535010e+03 1.000000e+00
   5373.623955 5.420100e-15 5.537760e+03 1.000000e+00
   5376.294668 4.716000e-15 5.540510e+03 1.000000e+00
   5378.965380 5.581100e-15 5.543260e+03 1.000000e+00
   5381.626090 5.823800e-15 5.546010e+03 1.000000e+00
   5384.296802 4.887200e-15 5.548760e+03 1.000000e+00
   5386.967515 4.970700e-15 5.551510e+03 1.000000e+00
   5389.638227 4.821400e-15 5.554260e+03 1.000000e+00
   5392.308940 5.952900e-15 5.557010e+03 1.000000e+00
   5394.969650 6.426500e-15 5.559760e+03 1.000000e+00
   5397.640362 5.683600e-15 5.562510e+03 1.000000e+00
   5400.311075 5.655300e-15 5.565260e+03 1.000000e+00
   5402.981787 5.232000e-15 5.568010e+03 1.000000e+00
   5405.642497 6.191000e-15 5.570760e+03 1.000000e+00
   5408.313210 5.589600e-15 5.573510e+03 1.000000e+00
   5410.983922 5.691900e-15 5.576260e+03 1.000000e+00
   5413.654635 5.219400e-15 5.579010e+03 1.000000e+00
   5416.325347 5.828700e-15 5.581760e+03 1.000000e+00
   5418.986057 5.345600e-15 5.584510e+03 1.000000e+00
   5421.656770 5.434000e-15 5.587260e+03 1.000000e+00
   5424.327483 5.780700e-15 5.590010e+03 1.000000e+00
   5426.998195 5.220600e-15 5.592760e+03 1.000000e+00
   5429.658905 6.228700e-15 5.595510e+03 1.000000e+00
   5432.329618 6.259500e-15 5.598260e+03 1.000000e+00
   5435.000331 5.076700e-15 5.601010e+03 1.000000e+00
   5437.671044 6.416600e-15 5.603760e+03 1.000000e+00
   5440.341756 5.431600e-15 5.606510e+03 1.000000e+00
   5443.002467 5.842500e-15 5.609260e+03 1.000000e+00
   5445.673179 5.257300e-15 5.612010e+03 1.000000e+00
   5448.343892 5.329600e-15 5.614760e+03 1.000000e+00
   5451.014605 5.301700e-15 5.617510e+03 1.000000e+00
   5453.675315 5.763100e-15 5.620260e+03 1.000000e+00
   5456.346028 4.509700e-15 5.623010e+03 1.000000e+00
   5459.016741 5.322400e-15 5.625760e+03 1.000000e+00
   5461.687454 5.334300e-15 5.628510e+03 1.000000e+00
   5464.358167 5.681600e-15 5.631260e+03 1.000000e+00
   5467.018877 5.864800e-15 5.634010e+03 1.000000e+00
   5469.689590 5.435900e-15 5.636760e+03 1.000000e+00
   5472.360303 5.240100e-15 5.639510e+03 1.000000e+00
   5475.031016 5.773200e-15 5.642260e+03 1.000000e+00
   5477.691726 6.627500e-15 5.645010e+03 1.000000e+00
   5480.362439 4.330800e-15 5.647760e+03 1.000000e+00
   5483.033152 4.588500e-15 5.650510e+03 1.000000e+00
   5485.703865 4.633400e-15 5.653260e+03 1.000000e+00
   5488.364576 5.766700e-15 5.656010e+03 1.000000e+00
   5491.035289 5.364000e-15 5.658760e+03 1.000000e+00
   5493.706002 5.216300e-15 5.661510e+03 1.000000e+00
   5496.376715 5.077300e-15 5.664260e+03 1.000000e+00
   5499.047428 5.265000e-15 5.667010e+03 1.000000e+00
   5501.708139 5.527000e-15 5.669760e+03 1.000000e+00
   5504.378852 5.644400e-15 5.672510e+03 1.000000e+00
   5507.049565 4.443700e-15 5.675260e+03 1.000000e+00
   5509.720278 4.925800e-15 5.678010e+03 1.000000e+00
   5512.380989 4.730800e-15 5.680760e+03 1.000000e+00
   5515.051702 5.476900e-15 5.683510e+03 1.000000e+00
   5517.722415 5.714900e-15 5.686260e+03 1.000000e+00
   5520.393128 6.021500e-15 5.689010e+03 1.000000e+00
   5523.063842 4.935700e-15 5.691760e+03 1.000000e+00
   5525.724552 5.160600e-15 5.694510e+03 1.000000e+00
   5528.395265 4.726100e-15 5.697260e+03 1.000000e+00
   5531.065979 5.637700e-15 5.700010e+03 1.000000e+00
   5533.736692 4.169100e-15 5.702760e+03 1.000000e+00
   5536.397403 5.573900e-15 5.705510e+03 1.000000e+00
   5539.068116 4.048000e-15 5.708260e+03 1.000000e+00
   5541.738829 6.619900e-15 5.711010e+03 1.000000e+00
   5544.409543 3.189300e-15 5.713760e+03 1.000000e+00
   5547.080256 6.832800e-15 5.716510e+03 1.000000e+00
   5549.740967 3.307000e-15 5.719260e+03 1.000000e+00
   5552.411680 6.359800e-15 5.722010e+03 1.000000e+00
   5555.082394 4.004900e-15 5.724760e+03 1.000000e+00
   5557.753107 6.287200e-15 5.727510e+03 1.000000e+00
   5560.413818 4.169400e-15 5.730260e+03 1.000000e+00
   5563.084532 6.366200e-15 5.733010e+03 1.000000e+00
   5565.755245 3.262100e-15 5.735760e+03 1.000000e+00
   5568.425959 6.724800e-15 5.738510e+03 1.000000e+00
   5571.096672 6.062300e-15 5.741260e+03 1.000000e+00
   5573.757383 4.987500e-15 5.744010e+03 1.000000e+00
   5576.428097 5.304600e-15 5.746760e+03 1.000000e+00
   5579.098810 7.054800e-15 5.749510e+03 1.000000e+00
   5581.769524 4.963700e-15 5.752260e+03 1.000000e+00
   5584.430235 5.898000e-15 5.755010e+03 1.000000e+00
   5587.100948 6.227400e-15 5.757760e+03 1.000000e+00
   5589.771662 6.947600e-15 5.760510e+03 1.000000e+00
   5592.442376 4.286600e-15 5.763260e+03 1.000000e+00
   5595.103087 5.290200e-15 5.766010e+03 1.000000e+00
   5597.773800 5.728500e-15 5.768760e+03 1.000000e+00
   5600.444514 5.210800e-15 5.771510e+03 1.000000e+00
   5603.115228 4.573400e-15 5.774260e+03 1.000000e+00
   5605.785942 5.040600e-15 5.777010e+03 1.000000e+00
   5608.446653 5.015500e-15 5.779760e+03 1.000000e+00
   5611.117366 5.386800e-15 5.782510e+03 1.000000e+00
   5613.788080 4.805800e-15 5.785260e+03 1.000000e+00
   5616.458794 4.800600e-15 5.788010e+03 1.000000e+00
   5619.119505 6.969800e-15 5.790760e+03 1.000000e+00
   5621.790219 4.835000e-15 5.793510e+03 1.000000e+00
   5624.460933 5.224800e-15 5.796260e+03 1.000000e+00
   5627.131647 4.012700e-15 5.799010e+03 1.000000e+00
   5629.802360 4.961900e-15 5.801760e+03 1.000000e+00
   5632.463072 3.868400e-15 5.804510e+03 1.000000e+00
   5635.133785 5.061700e-15 5.807260e+03 1.000000e+00
   5637.804499 4.733200e-15 5.810010e+03 1.000000e+00
   5640.475213 5.625500e-15 5.812760e+03 1.000000e+00
   5643.135925 6.586800e-15 5.815510e+03 1.000000e+00
   5645.806639 5.712400e-15 5.818260e+03 1.000000e+00
   5648.477352 5.242400e-15 5.821010e+03 1.000000e+00
   5651.148066 5.040800e-15 5.823760e+03 1.000000e+00
   5653.818780 5.555300e-15 5.826510e+03 1.000000e+00
   5656.479492 6.255800e-15 5.829260e+03 1.000000e+00
   5659.150206 6.674600e-15 5.832010e+03 1.000000e+00
   5661.820920 5.815600e-15 5.834760e+03 1.000000e+00
   5664.491634 5.654900e-15 5.837510e+03 1.000000e+00
   5667.152345 4.899200e-15 5.840260e+03 1.000000e+00
   5669.823059 4.914200e-15 5.843010e+03 1.000000e+00
   5672.493773 4.799200e-15 5.845760e+03 1.000000e+00
   5675.164488 4.645100e-15 5.848510e+03 1.000000e+00
   5677.835202 5.520400e-15 5.851260e+03 1.000000e+00
   5680.495913 6.037700e-15 5.854010e+03 1.000000e+00
   5683.166627 5.871900e-15 5.856760e+03 1.000000e+00
   5685.837341 6.178800e-15 5.859510e+03 1.000000e+00
   5688.508056 5.325300e-15 5.862260e+03 1.000000e+00
   5691.168767 5.286200e-15 5.865010e+03 1.000000e+00
   5693.839481 4.861500e-15 5.867760e+03 1.000000e+00
   5696.510196 3.997600e-15 5.870510e+03 1.000000e+00
   5699.180910 5.064700e-15 5.873260e+03 1.000000e+00
   5701.841621 5.422800e-15 5.876010e+03 1.000000e+00
   5704.512336 6.601000e-15 5.878760e+03 1.000000e+00
   5707.183050 5.914400e-15 5.881510e+03 1.000000e+00
   5709.853764 6.586100e-15 5.884260e+03 1.000000e+00
   5712.524478 9.255000e-15 5.887010e+03 1.000000e+00
   5715.185190 8.564000e-15 5.889760e+03 1.000000e+00
   5717.855904 6.521800e-15 5.892510e+03 1.000000e+00
   5720.526619 4.275300e-15 5.895260e+03 1.000000e+00
   5723.197333 2.065200e-15 5.898010e+03 1.000000e+00
   5725.858045 4.967400e-16 5.900760e+03 1.000000e+00
   5728.528759 2.409000e-15 5.903510e+03 1.000000e+00
   5731.199474 4.928500e-15 5.906260e+03 1.000000e+00
   5733.870188 5.559100e-15 5.909010e+03 1.000000e+00
   5736.540902 4.772200e-15 5.911760e+03 1.000000e+00
   5739.201614 4.862300e-15 5.914510e+03 1.000000e+00
   5741.872329 4.561300e-15 5.917260e+03 1.000000e+00
   5744.543043 5.205300e-15 5.920010e+03 1.000000e+00
   5747.213758 5.611100e-15 5.922760e+03 1.000000e+00
   5749.874469 5.006200e-15 5.925510e+03 1.000000e+00
   5752.545184 5.422800e-15 5.928260e+03 1.000000e+00
   5755.215898 6.183900e-15 5.931010e+03 1.000000e+00
   5757.886613 6.207200e-15 5.933760e+03 1.000000e+00
   5760.557327 5.775100e-15 5.936510e+03 1.000000e+00
   5763.218039 4.658900e-15 5.939260e+03 1.000000e+00
   5765.888754 4.482500e-15 5.942010e+03 1.000000e+00
   5768.559469 4.910400e-15 5.944760e+03 1.000000e+00
   5771.230183 5.972400e-15 5.947510e+03 1.000000e+00
   5773.890895 6.902400e-15 5.950260e+03 1.000000e+00
   5776.561610 6.706000e-15 5.953010e+03 1.000000e+00
   5779.232324 5.493100e-15 5.955760e+03 1.000000e+00
   5781.903039 4.275100e-15 5.958510e+03 1.000000e+00
   5784.573754 4.542000e-15 5.961260e+03 1.000000e+00
   5787.234466 5.400600e-15 5.964010e+03 1.000000e+00
   5789.905180 5.100600e-15 5.966760e+03 1.000000e+00
   5792.575895 5.030900e-15 5.969510e+03 1.000000e+00
   5795.246610 5.088800e-15 5.972260e+03 1.000000e+00
   5797.907322 5.426100e-15 5.975010e+03 1.000000e+00
   5800.578037 5.381700e-15 5.977760e+03 1.000000e+00
   5803.248751 5.107500e-15 5.980510e+03 1.000000e+00
   5805.919466 4.984200e-15 5.983260e+03 1.000000e+00
   5808.580178 4.874200e-15 5.986010e+03 1.000000e+00
   5811.250893 5.082900e-15 5.988760e+03 1.000000e+00
   5813.921608 5.715000e-15 5.991510e+03 1.000000e+00
   5816.592323 5.592000e-15 5.994260e+03 1.000000e+00
   5819.263037 5.165700e-15 5.997010e+03 1.000000e+00
   5821.923750 5.757700e-15 5.999760e+03 1.000000e+00
   5824.594464 5.796800e-15 6.002510e+03 1.000000e+00
   5827.265179 5.271700e-15 6.005260e+03 1.000000e+00
   5829.935894 4.614200e-15 6.008010e+03 1.000000e+00
   5832.596606 4.831400e-15 6.010760e+03 1.000000e+00
   5835.267321 5.113900e-15 6.013510e+03 1.000000e+00
   5837.938036 5.336500e-15 6.016260e+03 1.000000e+00
   5840.608751 4.745900e-15 6.019010e+03 1.000000e+00
   5843.279466 5.370900e-15 6.021760e+03 1.000000e+00
   5845.940178 4.933700e-15 6.024510e+03 1.000000e+00
   5848.610893 5.292600e-15 6.027260e+03 1.000000e+00
   5851.281608 5.706600e-15 6.030010e+03 1.000000e+00
   5853.952323 5.378700e-15 6.032760e+03 1.000000e+00
   5856.613036 4.958400e-15 6.035510e+03 1.000000e+00
   5859.283751 5.225700e-15 6.038260e+03 1.000000e+00
   5861.954466 4.940100e-15 6.041010e+03 1.000000e+00
   5864.625181 5.347600e-15 6.043760e+03 1.000000e+00
   5867.295896 4.793600e-15 6.046510e+03 1.000000e+00
   5869.956608 5.160700e-15 6.049260e+03 1.000000e+00
   5872.627323 5.423200e-15 6.052010e+03 1.000000e+00
   5875.298039 5.529100e-15 6.054760e+03 1.000000e+00
   5877.968754 4.827700e-15 6.057510e+03 1.000000e+00
   5880.629466 5.301500e-15 6.060260e+03 1.000000e+00
   5883.300181 5.673300e-15 6.063010e+03 1.000000e+00
   5885.970896 5.952600e-15 6.065760e+03 1.000000e+00
   5888.641612 5.251700e-15 6.068510e+03 1.000000e+00
   5891.312327 4.859300e-15 6.071260e+03 1.000000e+00
   5893.973039 4.117900e-15 6.074010e+03 1.000000e+00
   5896.643754 5.009000e-15 6.076760e+03 1.000000e+00
   5899.314470 4.166700e-15 6.079510e+03 1.000000e+00
   5901.985185 5.997500e-15 6.082260e+03 1.000000e+00
   5904.645897 5.153800e-15 6.085010e+03 1.000000e+00
   5907.316613 5.588300e-15 6.087760e+03 1.000000e+00
   5909.987328 5.315500e-15 6.090510e+03 1.000000e+00
   5912.658043 4.030900e-15 6.093260e+03 1.000000e+00
   5915.318756 4.465100e-15 6.096010e+03 1.000000e+00
   5917.989471 5.580000e-15 6.098760e+03 1.000000e+00
   5920.660186 4.780100e-15 6.101510e+03 1.000000e+00
   5923.330902 5.731600e-15 6.104260e+03 1.000000e+00
   5926.001617 4.716100e-15 6.107010e+03 1.000000e+00
   5928.662330 4.920000e-15 6.109760e+03 1.000000e+00
   5931.333045 6.667400e-15 6.112510e+03 1.000000e+00
   5934.003761 6.121100e-15 6.115260e+03 1.000000e+00
   5936.674476 5.527400e-15 6.118010e+03 1.000000e+00
   5939.335189 5.064500e-15 6.120760e+03 1.000000e+00
   5942.005904 6.538500e-15 6.123510e+03 1.000000e+00
   5944.676620 5.517700e-15 6.126260e+03 1.000000e+00
   5947.347335 6.073200e-15 6.129010e+03 1.000000e+00
   5950.018050 5.575300e-15 6.131760e+03 1.000000e+00
   5952.678763 6.219700e-15 6.134510e+03 1.000000e+00
   5955.349479 4.792400e-15 6.137260e+03 1.000000e+00
   5958.020194 5.212700e-15 6.140010e+03 1.000000e+00
   5960.690910 5.648000e-15 6.142760e+03 1.000000e+00
   5963.351622 5.064700e-15 6.145510e+03 1.000000e+00
   5966.022338 4.559300e-15 6.148260e+03 1.000000e+00
   5968.693054 5.481600e-15 6.151010e+03 1.000000e+00
   5971.363769 5.385500e-15 6.153760e+03 1.000000e+00
   5974.034485 5.097900e-15 6.156510e+03 1.000000e+00
   5976.695197 5.706200e-15 6.159260e+03 1.000000e+00
   5979.365913 4.637800e-15 6.162010e+03 1.000000e+00
   5982.036629 4.055300e-15 6.164760e+03 1.000000e+00
   5984.707344 5.996000e-15 6.167510e+03 1.000000e+00
   5987.368057 5.186200e-15 6.170260e+03 1.000000e+00
   5990.038773 5.970400e-15 6.173010e+03 1.000000e+00
   5992.709488 4.773300e-15 6.175760e+03 1.000000e+00
   5995.380204 5.292700e-15 6.178510e+03 1.000000e+00
   5998.050920 4.594700e-15 6.181260e+03 1.000000e+00
   6000.711633 4.037400e-15 6.184010e+03 1.000000e+00
   6003.382348 4.987500e-15 6.186760e+03 1.000000e+00
   6006.053064 5.385700e-15 6.189510e+03 1.000000e+00
   6008.723780 4.057300e-15 6.192260e+03 1.000000e+00
   6011.384493 4.630500e-15 6.195010e+03 1.000000e+00
   6014.055209 3.743300e-15 6.197760e+03 1.000000e+00
   6016.725924 4.829300e-15 6.200510e+03 1.000000e+00
   6019.396640 4.835800e-15 6.203260e+03 1.000000e+00
   6022.057353 5.254000e-15 6.206010e+03 1.000000e+00
   6024.728069 5.000900e-15 6.208760e+03 1.000000e+00
   6027.398785 4.473300e-15 6.211510e+03 1.000000e+00
   6030.069501 5.265800e-15 6.214260e+03 1.000000e+00
   6032.740216 5.345400e-15 6.217010e+03 1.000000e+00
   6035.400930 5.511800e-15 6.219760e+03 1.000000e+00
   6038.071645 5.357900e-15 6.222510e+03 1.000000e+00
   6040.742361 5.403600e-15 6.225260e+03 1.000000e+00
   6043.413077 5.562600e-15 6.228010e+03 1.000000e+00
   6046.073790 5.293900e-15 6.230760e+03 1.000000e+00
   6048.744506 6.410100e-15 6.233510e+03 1.000000e+00
   6051.415222 6.209200e-15 6.236260e+03 1.000000e+00
   6054.085938 6.170700e-15 6.239010e+03 1.000000e+00
   6056.756654 4.914800e-15 6.241760e+03 1.000000e+00
   6059.417367 5.167800e-15 6.244510e+03 1.000000e+00
   6062.088083 5.554300e-15 6.247260e+03 1.000000e+00
   6064.758799 4.942000e-15 6.250010e+03 1.000000e+00
   6067.429515 5.973000e-15 6.252760e+03 1.000000e+00
   6070.090228 6.961100e-15 6.255510e+03 1.000000e+00
   6072.760944 7.105400e-15 6.258260e+03 1.000000e+00
   6075.431660 4.177000e-15 6.261010e+03 1.000000e+00
   6078.102376 4.213200e-15 6.263760e+03 1.000000e+00
   6080.773092 4.299500e-15 6.266510e+03 1.000000e+00
   6083.433806 4.289500e-15 6.269260e+03 1.000000e+00
   6086.104522 5.021500e-15 6.272010e+03 1.000000e+00
   6088.775238 4.608100e-15 6.274760e+03 1.000000e+00
   6091.445954 5.201900e-15 6.277510e+03 1.000000e+00
   6094.106667 6.157100e-15 6.280260e+03 1.000000e+00
   6096.777383 4.489300e-15 6.283010e+03 1.000000e+00
   6099.448099 6.674600e-15 6.285760e+03 1.000000e+00
   6102.118815 4.635500e-15 6.288510e+03 1.000000e+00
   6104.789532 3.411600e-15 6.291260e+03 1.000000e+00
   6107.450245 5.654800e-15 6.294010e+03 1.000000e+00
   6110.120961 1.343500e-14 6.296760e+03 1.000000e+00
   6112.791677 1.859300e-14 6.299510e+03 1.000000e+00
   6115.462393 7.077200e-15 6.302260e+03 1.000000e+00
   6118.123107 -2.471200e-15 6.305010e+03 1.000000e+00
   6120.793823 -5.845300e-15 6.307760e+03 1.000000e+00
   6123.464539 2.183600e-15 6.310510e+03 1.000000e+00
   6126.135256 2.839600e-15 6.313260e+03 1.000000e+00
   6128.795969 6.149600e-15 6.316010e+03 1.000000e+00
   6131.466685 5.992900e-15 6.318760e+03 1.000000e+00
   6134.137402 4.717000e-15 6.321510e+03 1.000000e+00
   6136.808118 4.680900e-15 6.324260e+03 1.000000e+00
   6139.478834 5.271100e-15 6.327010e+03 1.000000e+00
   6142.139548 6.051000e-15 6.329760e+03 1.000000e+00
   6144.810264 4.644100e-15 6.332510e+03 1.000000e+00
   6147.480980 5.114500e-15 6.335260e+03 1.000000e+00
   6150.151697 5.012600e-15 6.338010e+03 1.000000e+00
   6152.812410 4.203800e-15 6.340760e+03 1.000000e+00
   6155.483127 5.479300e-15 6.343510e+03 1.000000e+00
   6158.153843 5.646200e-15 6.346260e+03 1.000000e+00
   6160.824559 5.131700e-15 6.349010e+03 1.000000e+00
   6163.495276 5.087800e-15 6.351760e+03 1.000000e+00
   6166.155989 5.395000e-15 6.354510e+03 1.000000e+00
   6168.826706 5.195300e-15 6.357260e+03 1.000000e+00
   6171.497422 4.055300e-15 6.360010e+03 1.000000e+00
   6174.168138 5.050500e-15 6.362760e+03 1.000000e+00
   6176.828852 5.284100e-15 6.365510e+03 1.000000e+00
   6179.499569 5.662500e-15 6.368260e+03 1.000000e+00
   6182.170285 5.720400e-15 6.371010e+03 1.000000e+00
   6184.841001 4.811400e-15 6.373760e+03 1.000000e+00
   6187.511718 5.113200e-15 6.376510e+03 1.000000e+00
   6190.172432 6.228500e-15 6.379260e+03 1.000000e+00
   6192.843148 5.103300e-15 6.382010e+03 1.000000e+00
   6195.513865 6.326200e-15 6.384760e+03 1.000000e+00
   6198.184581 3.615900e-15 6.387510e+03 1.000000e+00
   6200.845295 5.594000e-15 6.390260e+03 1.000000e+00
   6203.516011 5.128300e-15 6.393010e+03 1.000000e+00
   6206.186728 5.128100e-15 6.395760e+03 1.000000e+00
   6208.857445 4.083300e-15 6.398510e+03 1.000000e+00
   6211.528161 4.994200e-15 6.401260e+03 1.000000e+00
   6214.188875 5.616500e-15 6.404010e+03 1.000000e+00
   6216.859592 4.525000e-15 6.406760e+03 1.000000e+00
   6219.530308 5.225500e-15 6.409510e+03 1.000000e+00
   6222.201025 4.454200e-15 6.412260e+03 1.000000e+00
   6224.861739 4.267100e-15 6.415010e+03 1.000000e+00
   6227.532455 4.497200e-15 6.417760e+03 1.000000e+00
   6230.203172 4.938000e-15 6.420510e+03 1.000000e+00
   6232.873888 3.899200e-15 6.423260e+03 1.000000e+00
   6235.544605 3.973900e-15 6.426010e+03 1.000000e+00
   6238.205319 3.971300e-15 6.428760e+03 1.000000e+00
   6240.876036 4.740400e-15 6.431510e+03 1.000000e+00
   6243.546752 4.541800e-15 6.434260e+03 1.000000e+00
   6246.217469 4.890900e-15 6.437010e+03 1.000000e+00
   6248.878183 5.129200e-15 6.439760e+03 1.000000e+00
   6251.548900 3.937900e-15 6.442510e+03 1.000000e+00
   6254.219617 4.657100e-15 6.445260e+03 1.000000e+00
   6256.890333 4.423900e-15 6.448010e+03 1.000000e+00
   6259.551047 4.378700e-15 6.450760e+03 1.000000e+00
   6262.221764 3.563400e-15 6.453510e+03 1.000000e+00
   6264.892481 4.249300e-15 6.456260e+03 1.000000e+00
   6267.563198 5.019200e-15 6.459010e+03 1.000000e+00
   6270.233914 6.103700e-15 6.461760e+03 1.000000e+00
   6272.894628 5.444600e-15 6.464510e+03 1.000000e+00
   6275.565345 6.055800e-15 6.467260e+03 1.000000e+00
   6278.236062 4.811500e-15 6.470010e+03 1.000000e+00
   6280.906779 4.713500e-15 6.472760e+03 1.000000e+00
   6283.567493 5.431600e-15 6.475510e+03 1.000000e+00
   6286.238210 5.780400e-15 6.478260e+03 1.000000e+00
   6288.908927 5.393800e-15 6.481010e+03 1.000000e+00
   6291.579644 4.805000e-15 6.483760e+03 1.000000e+00
   6294.250360 4.936900e-15 6.486510e+03 1.000000e+00
   6296.911075 4.419200e-15 6.489260e+03 1.000000e+00
   6299.581792 4.691600e-15 6.492010e+03 1.000000e+00
   6302.252508 6.577400e-15 6.494760e+03 1.000000e+00
   6304.923225 6.722400e-15 6.497510e+03 1.000000e+00
   6307.583940 5.490400e-15 6.500260e+03 1.000000e+00
   6310.254656 4.092700e-15 6.503010e+03 1.000000e+00
   6312.925373 3.678100e-15 6.505760e+03 1.000000e+00
   6315.596090 4.802100e-15 6.508510e+03 1.000000e+00
   6318.266807 4.761000e-15 6.511260e+03 1.000000e+00
   6320.927522 4.169400e-15 6.514010e+03 1.000000e+00
   6323.598239 4.398500e-15 6.516760e+03 1.000000e+00
   6326.268956 5.211300e-15 6.519510e+03 1.000000e+00
   6328.939673 5.022000e-15 6.522260e+03 1.000000e+00
   6331.600387 4.185300e-15 6.525010e+03 1.000000e+00
   6334.271104 5.299400e-15 6.527760e+03 1.000000e+00
   6336.941821 5.821900e-15 6.530510e+03 1.000000e+00
   6339.612538 4.456500e-15 6.533260e+03 1.000000e+00
   6342.283255 3.988200e-15 6.536010e+03 1.000000e+00
   6344.943969 3.637000e-15 6.538760e+03 1.000000e+00
   6347.614686 4.444700e-15 6.541510e+03 1.000000e+00
   6350.285404 6.392500e-15 6.544260e+03 1.000000e+00
   6352.956121 5.541300e-15 6.547010e+03 1.000000e+00
   6355.616835 3.942800e-15 6.549760e+03 1.000000e+00
   6358.287552 5.606300e-15 6.552510e+03 1.000000e+00
   6360.958269 5.509900e-15 6.555260e+03 1.000000e+00
   6363.628986 5.041800e-15 6.558010e+03 1.000000e+00
   6366.289701 5.224800e-15 6.560760e+03 1.000000e+00
   6368.960418 5.320800e-15 6.563510e+03 1.000000e+00
   6371.631135 5.199700e-15 6.566260e+03 1.000000e+00
   6374.301852 4.032400e-15 6.569010e+03 1.000000e+00
   6376.972569 5.576300e-15 6.571760e+03 1.000000e+00
   6379.633284 5.409600e-15 6.574510e+03 1.000000e+00
   6382.304001 5.782900e-15 6.577260e+03 1.000000e+00
   6384.974718 5.335600e-15 6.580010e+03 1.000000e+00
   6387.645435 4.215500e-15 6.582760e+03 1.000000e+00
   6390.306150 4.724700e-15 6.585510e+03 1.000000e+00
   6392.976867 4.743300e-15 6.588260e+03 1.000000e+00
   6395.647584 4.307400e-15 6.591010e+03 1.000000e+00
   6398.318302 6.839700e-15 6.593760e+03 1.000000e+00
   6400.989019 5.953100e-15 6.596510e+03 1.000000e+00
   6403.649734 4.150900e-15 6.599260e+03 1.000000e+00
   6406.320451 6.510700e-15 6.602010e+03 1.000000e+00
   6408.991168 4.417600e-15 6.604760e+03 1.000000e+00
   6411.661885 4.271400e-15 6.607510e+03 1.000000e+00
   6414.322600 3.342600e-15 6.610260e+03 1.000000e+00
   6416.993317 5.945500e-15 6.613010e+03 1.000000e+00
   6419.664035 4.372000e-15 6.615760e+03 1.000000e+00
   6422.334752 5.635300e-15 6.618510e+03 1.000000e+00
   6425.005469 4.934500e-15 6.621260e+03 1.000000e+00
   6427.666184 5.289000e-15 6.624010e+03 1.000000e+00
   6430.336901 4.275300e-15 6.626760e+03 1.000000e+00
   6433.007619 4.316400e-15 6.629510e+03 1.000000e+00
   6435.678336 3.918100e-15 6.632260e+03 1.000000e+00
   6438.339051 4.864300e-15 6.635010e+03 1.000000e+00
   6441.009768 4.032800e-15 6.637760e+03 1.000000e+00
   6443.680486 4.124600e-15 6.640510e+03 1.000000e+00
   6446.351203 4.499800e-15 6.643260e+03 1.000000e+00
   6449.021920 4.018700e-15 6.646010e+03 1.000000e+00
   6451.682635 4.835400e-15 6.648760e+03 1.000000e+00
   6454.353353 5.883400e-15 6.651510e+03 1.000000e+00
   6457.024070 4.258300e-15 6.654260e+03 1.000000e+00
   6459.694788 4.041200e-15 6.657010e+03 1.000000e+00
   6462.355502 5.288600e-15 6.659760e+03 1.000000e+00
   6465.026220 5.046700e-15 6.662510e+03 1.000000e+00
   6467.696937 4.551200e-15 6.665260e+03 1.000000e+00
   6470.367655 5.377200e-15 6.668010e+03 1.000000e+00
   6473.028370 4.748500e-15 6.670760e+03 1.000000e+00
   6475.699087 5.110900e-15 6.673510e+03 1.000000e+00
   6478.369805 4.757100e-15 6.676260e+03 1.000000e+00
   6481.040522 4.855500e-15 6.679010e+03 1.000000e+00
   6483.711240 5.151400e-15 6.681760e+03 1.000000e+00
   6486.371955 5.766200e-15 6.684510e+03 1.000000e+00
   6489.042672 5.011600e-15 6.687260e+03 1.000000e+00
   6491.713390 5.576000e-15 6.690010e+03 1.000000e+00
   6494.384107 5.721900e-15 6.692760e+03 1.000000e+00
   6497.044822 5.579700e-15 6.695510e+03 1.000000e+00
   6499.715540 5.297300e-15 6.698260e+03 1.000000e+00
   6502.386257 4.854600e-15 6.701010e+03 1.000000e+00
   6505.056975 4.014700e-15 6.703760e+03 1.000000e+00
   6507.727693 4.014300e-15 6.706510e+03 1.000000e+00
   6510.388408 4.398500e-15 6.709260e+03 1.000000e+00
   6513.059125 4.468800e-15 6.712010e+03 1.000000e+00
   6515.729843 5.153300e-15 6.714760e+03 1.000000e+00
   6518.400561 5.710300e-15 6.717510e+03 1.000000e+00
   6521.061276 4.789800e-15 6.720260e+03 1.000000e+00
   6523.731993 4.352000e-15 6.723010e+03 1.000000e+00
   6526.402711 4.381400e-15 6.725760e+03 1.000000e+00
   6529.073429 4.983500e-15 6.728510e+03 1.000000e+00
   6531.744146 5.733300e-15 6.731260e+03 1.000000e+00
   6534.404861 5.533100e-15 6.734010e+03 1.000000e+00
   6537.075579 4.413300e-15 6.736760e+03 1.000000e+00
   6539.746297 4.478200e-15 6.739510e+03 1.000000e+00
   6542.417015 4.427000e-15 6.742260e+03 1.000000e+00
   6545.077730 4.339200e-15 6.745010e+03 1.000000e+00
   6547.748447 5.357700e-15 6.747760e+03 1.000000e+00
   6550.419165 6.194500e-15 6.750510e+03 1.000000e+00
   6553.089883 6.327100e-15 6.753260e+03 1.000000e+00
   6555.760601 5.816500e-15 6.756010e+03 1.000000e+00
   6558.421316 7.136900e-15 6.758760e+03 1.000000e+00
   6561.092034 7.399400e-15 6.761510e+03 1.000000e+00
   6563.762751 9.071300e-15 6.764260e+03 1.000000e+00
   6566.433469 1.216700e-14 6.767010e+03 1.000000e+00
   6569.094184 1.449600e-14 6.769760e+03 1.000000e+00
   6571.764902 1.316600e-14 6.772510e+03 1.000000e+00
   6574.435620 9.782900e-15 6.775260e+03 1.000000e+00
   6577.106338 6.357600e-15 6.778010e+03 1.000000e+00
   6579.767053 5.569100e-15 6.780760e+03 1.000000e+00
   6582.437771 6.088000e-15 6.783510e+03 1.000000e+00
   6585.108489 7.755700e-15 6.786260e+03 1.000000e+00
   6587.779207 8.873300e-15 6.789010e+03 1.000000e+00
   6590.449925 1.082000e-14 6.791760e+03 1.000000e+00
   6593.110640 8.913900e-15 6.794510e+03 1.000000e+00
   6595.781358 8.220100e-15 6.797260e+03 1.000000e+00
   6598.452076 5.736800e-15 6.800010e+03 1.000000e+00
   6601.122794 5.543200e-15 6.802760e+03 1.000000e+00
   6603.783509 5.196300e-15 6.805510e+03 1.000000e+00
   6606.454227 5.738400e-15 6.808260e+03 1.000000e+00
   6609.124945 4.468000e-15 6.811010e+03 1.000000e+00
   6611.795663 6.182200e-15 6.813760e+03 1.000000e+00
   6614.466381 5.035200e-15 6.816510e+03 1.000000e+00
   6617.127096 4.810900e-15 6.819260e+03 1.000000e+00
   6619.797814 3.867000e-15 6.822010e+03 1.000000e+00
   6622.468532 6.318300e-15 6.824760e+03 1.000000e+00
   6625.139250 7.320500e-15 6.827510e+03 1.000000e+00
   6636.402278 5.000000e-15 6.839120e+03 0.000000e+00
   6651.696390 4.918200e-15 6.854880e+03 0.000000e+00
   6667.030513 4.973300e-15 6.870680e+03 0.000000e+00
   6682.404648 4.982900e-15 6.886520e+03 0.000000e+00
   6697.798787 4.946800e-15 6.902400e+03 0.000000e+00
   6713.242941 4.865900e-15 6.918310e+03 0.000000e+00
   6728.717103 4.841700e-15 6.934260e+03 0.000000e+00
   6744.231276 4.884700e-15 6.950240e+03 0.000000e+00
   6759.775457 4.760700e-15 6.966260e+03 0.000000e+00
   6775.359649 4.791900e-15 6.982330e+03 0.000000e+00
   6790.983853 4.790100e-15 6.998420e+03 0.000000e+00
   6806.628062 4.810400e-15 7.014550e+03 0.000000e+00
   6822.322285 4.819700e-15 7.030720e+03 0.000000e+00
   6838.056518 4.817800e-15 7.046930e+03 0.000000e+00
   6853.810758 4.827100e-15 7.063180e+03 0.000000e+00
   6869.615011 4.672200e-15 7.079460e+03 0.000000e+00
   6885.449272 4.735400e-15 7.095780e+03 0.000000e+00
   6901.323545 4.766400e-15 7.112140e+03 0.000000e+00
   6917.227826 4.742600e-15 7.128530e+03 0.000000e+00
   6933.182120 4.762700e-15 7.144960e+03 0.000000e+00
   6949.156420 4.816000e-15 7.161430e+03 0.000000e+00
   6965.180734 4.780900e-15 7.177940e+03 0.000000e+00
   6981.235057 4.845600e-15 7.194490e+03 0.000000e+00
   6997.329390 4.766200e-15 7.211080e+03 0.000000e+00
   7013.453732 4.666600e-15 7.227700e+03 0.000000e+00
   7029.628087 4.828700e-15 7.244360e+03 0.000000e+00
   7045.832451 4.771600e-15 7.261060e+03 0.000000e+00
   7062.076825 4.682600e-15 7.277800e+03 0.000000e+00
   7078.351208 4.595300e-15 7.294570e+03 0.000000e+00
   7094.675605 4.530500e-15 7.311390e+03 0.000000e+00
   7111.030010 4.528700e-15 7.328250e+03 0.000000e+00
   7127.414424 4.516500e-15 7.345140e+03 0.000000e+00
   7143.848851 4.463000e-15 7.362070e+03 0.000000e+00
   7160.313287 4.481800e-15 7.379040e+03 0.000000e+00
   7176.817733 4.438900e-15 7.396050e+03 0.000000e+00
   7193.362191 4.286500e-15 7.413100e+03 0.000000e+00
   7209.946659 4.284700e-15 7.430190e+03 0.000000e+00
   7226.571139 4.536800e-15 7.447320e+03 0.000000e+00
   7243.225627 4.431700e-15 7.464490e+03 0.000000e+00
   7259.930129 4.460600e-15 7.481700e+03 0.000000e+00
   7276.664639 4.604900e-15 7.498940e+03 0.000000e+00
   7293.439160 4.498200e-15 7.516230e+03 0.000000e+00
   7310.253692 4.527500e-15 7.533560e+03 0.000000e+00
   7327.098232 4.515200e-15 7.550920e+03 0.000000e+00
   7343.992787 4.629100e-15 7.568330e+03 0.000000e+00
   7360.927352 4.595400e-15 7.585780e+03 0.000000e+00
   7377.891925 4.657400e-15 7.603260e+03 0.000000e+00
   7394.896510 4.549400e-15 7.620790e+03 0.000000e+00
   7411.941105 4.707400e-15 7.638360e+03 0.000000e+00
   7429.035715 4.619500e-15 7.655970e+03 0.000000e+00
   7446.160332 4.725100e-15 7.673610e+03 0.000000e+00
   7463.314958 4.734000e-15 7.691300e+03 0.000000e+00
   7480.529601 4.635000e-15 7.709040e+03 0.000000e+00
   7497.774252 4.686600e-15 7.726810e+03 0.000000e+00
   7515.048911 4.641700e-15 7.744620e+03 0.000000e+00
   7532.383586 4.639700e-15 7.762470e+03 0.000000e+00
   7549.738267 4.691400e-15 7.780370e+03 0.000000e+00
   7567.142962 4.603800e-15 7.798300e+03 0.000000e+00
   7584.587668 4.633700e-15 7.816280e+03 0.000000e+00
   7602.072385 4.505500e-15 7.834300e+03 0.000000e+00
   7619.597113 4.482900e-15 7.852360e+03 0.000000e+00
   7637.161852 4.574800e-15 7.870460e+03 0.000000e+00
   7654.766602 4.499700e-15 7.888600e+03 0.000000e+00
   7672.411363 4.207200e-15 7.906790e+03 0.000000e+00
   7690.096135 4.363200e-15 7.925010e+03 0.000000e+00
   7707.830921 4.341200e-15 7.943280e+03 0.000000e+00
   7725.595715 4.279800e-15 7.961590e+03 0.000000e+00
   7743.400520 4.327400e-15 7.979950e+03 0.000000e+00
   7761.255339 4.227100e-15 7.998340e+03 0.000000e+00
   7779.150169 4.254500e-15 8.016780e+03 0.000000e+00
   7797.085010 4.242800e-15 8.035260e+03 0.000000e+00
   7815.049859 4.319700e-15 8.053780e+03 0.000000e+00
   7833.074724 4.367800e-15 8.072350e+03 0.000000e+00
   7851.129598 4.335800e-15 8.090960e+03 0.000000e+00
   7869.224483 4.394100e-15 8.109610e+03 0.000000e+00
   7887.369382 4.292200e-15 8.128310e+03 0.000000e+00
   7905.544289 4.154200e-15 8.147040e+03 0.000000e+00
   7923.769210 4.095300e-15 8.165820e+03 0.000000e+00
   7942.044145 4.121800e-15 8.184650e+03 0.000000e+00
   7960.349087 4.148500e-15 8.203520e+03 0.000000e+00
   7978.694041 4.243200e-15 8.222430e+03 0.000000e+00
   7997.089009 4.173400e-15 8.241380e+03 0.000000e+00
   8015.523988 4.239300e-15 8.260380e+03 0.000000e+00
   8033.998977 4.247100e-15 8.279420e+03 0.000000e+00
   8052.523981 4.294300e-15 8.298510e+03 0.000000e+00
   8071.088995 4.312100e-15 8.317640e+03 0.000000e+00
   8089.694020 4.221700e-15 8.336810e+03 0.000000e+00
   8108.339057 4.114200e-15 8.356030e+03 0.000000e+00
   8127.034107 4.150400e-15 8.375290e+03 0.000000e+00
   8145.769168 4.177200e-15 8.394600e+03 0.000000e+00
   8164.544241 4.127400e-15 8.413950e+03 0.000000e+00
   8183.369326 4.260600e-15 8.433350e+03 0.000000e+00
   8202.234423 4.209900e-15 8.452790e+03 0.000000e+00
   8221.139531 4.237100e-15 8.472270e+03 0.000000e+00
   8240.084651 3.663200e-15 8.491800e+03 0.000000e+00
   8259.089786 4.301800e-15 8.511380e+03 0.000000e+00
   8278.124930 4.309700e-15 8.531000e+03 0.000000e+00
   8297.210087 4.132700e-15 8.550670e+03 0.000000e+00
   8316.335256 3.944800e-15 8.570380e+03 0.000000e+00
   8335.500435 4.128800e-15 8.590140e+03 0.000000e+00
   8354.715629 4.136300e-15 8.609940e+03 0.000000e+00
   8373.980836 4.058800e-15 8.629790e+03 0.000000e+00
   8393.286054 3.955400e-15 8.649680e+03 0.000000e+00
   8412.631283 4.083000e-15 8.669620e+03 0.000000e+00
   8432.026526 4.090400e-15 8.689600e+03 0.000000e+00
   8451.461779 3.940500e-15 8.709640e+03 0.000000e+00
   8470.947047 4.011800e-15 8.729710e+03 0.000000e+00
   8490.472326 4.037600e-15 8.749840e+03 0.000000e+00
   8510.047618 3.075500e-15 8.770010e+03 0.000000e+00
   8529.662921 3.932700e-15 8.790230e+03 0.000000e+00
   8549.328238 3.407900e-15 8.810490e+03 0.000000e+00
   8569.033566 3.947000e-15 8.830800e+03 0.000000e+00
   8588.788908 4.036900e-15 8.851160e+03 0.000000e+00
   8608.584261 3.756900e-15 8.871560e+03 0.000000e+00
   8628.429627 3.986700e-15 8.892010e+03 0.000000e+00
   8648.325008 4.021600e-15 8.912510e+03 0.000000e+00
   8668.260399 3.699800e-15 8.933050e+03 0.000000e+00
   8688.235801 3.697900e-15 8.953650e+03 0.000000e+00
   8708.271220 3.906000e-15 8.974290e+03 0.000000e+00
   8728.346650 3.995000e-15 8.994980e+03 0.000000e+00
   8748.462091 3.822000e-15 9.015710e+03 0.000000e+00
   8768.637548 3.776300e-15 9.036500e+03 0.000000e+00
   8788.843013 3.998000e-15 9.057330e+03 0.000000e+00
   8809.108495 3.996000e-15 9.078200e+03 0.000000e+00
   8829.413988 4.012300e-15 9.099130e+03 0.000000e+00
   8849.769495 3.821000e-15 9.120110e+03 0.000000e+00
   8870.165013 3.714900e-15 9.141130e+03 0.000000e+00
   8890.610544 3.662000e-15 9.162200e+03 0.000000e+00
   8911.106089 3.806200e-15 9.183330e+03 0.000000e+00
   8931.651648 3.786800e-15 9.204500e+03 0.000000e+00
   8952.237218 3.819800e-15 9.225710e+03 0.000000e+00
   8972.882805 3.730900e-15 9.246980e+03 0.000000e+00
   8993.558399 3.711800e-15 9.268300e+03 0.000000e+00
   9014.294010 3.494200e-15 9.289660e+03 0.000000e+00
   9035.079635 3.405000e-15 9.311080e+03 0.000000e+00
   9055.905271 3.961800e-15 9.332540e+03 0.000000e+00
   9076.780921 3.860600e-15 9.354060e+03 0.000000e+00
   9097.696581 3.701900e-15 9.375620e+03 0.000000e+00
   9118.672258 3.615700e-15 9.397230e+03 0.000000e+00
   9139.697949 3.810300e-15 9.418900e+03 0.000000e+00
   9160.763651 3.747300e-15 9.440610e+03 0.000000e+00
   9181.879366 3.552100e-15 9.462370e+03 0.000000e+00
   9203.045095 3.734700e-15 9.484180e+03 0.000000e+00
   9224.260838 3.515700e-15 9.506050e+03 0.000000e+00
   9245.526595 3.457600e-15 9.527960e+03 0.000000e+00
   9266.842366 3.643700e-15 9.549930e+03 0.000000e+00
   9288.198147 3.778300e-15 9.571940e+03 0.000000e+00
   9309.613945 3.365600e-15 9.594010e+03 0.000000e+00
   9331.079756 3.748200e-15 9.616120e+03 0.000000e+00
   9352.585579 3.737500e-15 9.638290e+03 0.000000e+00
   9374.141415 3.684200e-15 9.660510e+03 0.000000e+00
   9395.757268 3.724800e-15 9.682780e+03 0.000000e+00
   9417.413132 3.646300e-15 9.705100e+03 0.000000e+00
   9439.119009 3.746400e-15 9.727470e+03 0.000000e+00
   9460.884903 3.692900e-15 9.749900e+03 0.000000e+00
   9482.690808 3.768100e-15 9.772370e+03 0.000000e+00
   9504.546727 3.663300e-15 9.794900e+03 0.000000e+00
   9526.462662 3.636100e-15 9.817480e+03 0.000000e+00
   9548.418608 3.446500e-15 9.840110e+03 0.000000e+00
   9570.434571 3.631900e-15 9.862790e+03 0.000000e+00
   9592.490544 3.723000e-15 9.885530e+03 0.000000e+00
   9614.606534 3.686700e-15 9.908320e+03 0.000000e+00
   9636.772538 3.693100e-15 9.931160e+03 0.000000e+00
   9658.988555 3.665500e-15 9.954050e+03 0.000000e+00
   9681.254587 3.655000e-15 9.977000e+03 0.000000e+00
   9703.570632 3.686700e-15 1.000000e+04 0.000000e+00
   9725.936690 3.592400e-15 1.002305e+04 0.000000e+00
   9748.362765 3.573800e-15 1.004615e+04 0.000000e+00
   9770.828851 3.588200e-15 1.006931e+04 0.000000e+00
   9793.364957 3.553200e-15 1.009253e+04 0.000000e+00
   9815.931070 3.617100e-15 1.011580e+04 0.000000e+00
   9838.567203 3.581900e-15 1.013912e+04 0.000000e+00
   9861.243346 3.588000e-15 1.016249e+04 0.000000e+00
   9883.969504 3.561200e-15 1.018591e+04 0.000000e+00
   9906.755678 3.542700e-15 1.020939e+04 0.000000e+00
   9929.601868 3.565100e-15 1.023294e+04 0.000000e+00
   9952.488069 3.571200e-15 1.025652e+04 0.000000e+00
   9975.434287 3.569100e-15 1.028017e+04 0.000000e+00
   9998.420516 3.550500e-15 1.030386e+04 0.000000e+00
  10021.466761 3.524000e-15 1.032761e+04 0.000000e+00
  10067.729298 3.455400e-15 1.037528e+04 0.000000e+00
  10137.518212 3.578500e-15 1.044720e+04 0.000000e+00
  10184.310894 3.549500e-15 1.049542e+04 0.000000e+00
  10231.313634 3.577900e-15 1.054386e+04 0.000000e+00
  10278.546437 3.598300e-15 1.059254e+04 0.000000e+00
  10302.232858 3.587700e-15 1.061696e+04 0.000000e+00
  10493.764782 3.450600e-15 1.081434e+04 0.000000e+00
  10713.504367 3.295300e-15 1.104079e+04 0.000000e+00
  10912.688388 3.161500e-15 1.124605e+04 0.000000e+00
  11115.563421 3.012300e-15 1.145513e+04 0.000000e+00
  11296.172422 2.991500e-15 1.164126e+04 0.000000e+00
  11506.179407 3.005400e-15 1.185768e+04 0.000000e+00
  11693.140147 2.936900e-15 1.205036e+04 0.000000e+00
  11910.539156 2.791900e-15 1.227440e+04 0.000000e+00
  12104.071695 2.779000e-15 1.247384e+04 0.000000e+00
  12300.745093 2.747200e-15 1.267652e+04 0.000000e+00
  12500.619367 2.654000e-15 1.288250e+04 0.000000e+00
  12703.734527 2.599500e-15 1.309182e+04 0.000000e+00
  12910.150591 2.546200e-15 1.330455e+04 0.000000e+00
  13089.749376 2.511300e-15 1.348963e+04 0.000000e+00
  13302.437155 2.426000e-15 1.370882e+04 0.000000e+00
  13518.585880 2.365300e-15 1.393157e+04 0.000000e+00
  13706.646979 2.322200e-15 1.412538e+04 0.000000e+00
  13897.328794 2.222800e-15 1.432188e+04 0.000000e+00
  14090.661335 2.108100e-15 1.452112e+04 0.000000e+00
  14319.613560 2.079200e-15 1.475707e+04 0.000000e+00
  14518.827708 2.093600e-15 1.496236e+04 0.000000e+00
  14720.802610 2.017900e-15 1.517051e+04 0.000000e+00
  14891.248945 2.055400e-15 1.534617e+04 0.000000e+00
  15098.405264 2.069600e-15 1.555965e+04 0.000000e+00
  15308.452372 2.108100e-15 1.577611e+04 0.000000e+00
  15521.410276 2.093600e-15 1.599558e+04 0.000000e+00
  15701.139147 2.041200e-15 1.618080e+04 0.000000e+00
  15919.568545 1.953900e-15 1.640590e+04 0.000000e+00
  16103.898674 1.949400e-15 1.659586e+04 0.000000e+00
  16290.379390 1.949400e-15 1.678804e+04 0.000000e+00
  16517.001026 1.927100e-15 1.702158e+04 0.000000e+00
  16708.263048 1.936000e-15 1.721869e+04 0.000000e+00
  16901.735673 1.918200e-15 1.741808e+04 0.000000e+00
  17097.428905 1.900600e-15 1.761975e+04 0.000000e+00
  17295.422766 1.831900e-15 1.782379e+04 0.000000e+00
  17495.697249 1.781900e-15 1.803018e+04 0.000000e+00
  17698.292366 1.705700e-15 1.823896e+04 0.000000e+00
  17903.208116 1.632700e-15 1.845014e+04 0.000000e+00
  18110.524522 1.541300e-15 1.866379e+04 0.000000e+00
  18320.241583 1.502800e-15 1.887991e+04 0.000000e+00
  18489.757708 1.451800e-15 1.905462e+04 0.000000e+00
  18703.845963 1.376900e-15 1.927524e+04 0.000000e+00
  18920.434900 1.348600e-15 1.949844e+04 0.000000e+00
  19095.512544 1.336300e-15 1.967887e+04 0.000000e+00
  19316.602710 1.299900e-15 1.990672e+04 0.000000e+00
  19495.351355 1.250000e-15 2.009093e+04 0.000000e+00
  19721.102794 1.210300e-15 2.032357e+04 0.000000e+00
  19903.562452 1.174600e-15 2.051161e+04 0.000000e+00
  20087.742580 1.155800e-15 2.070141e+04 0.000000e+00
  20320.345888 1.121700e-15 2.094113e+04 0.000000e+00
  20508.357062 1.114000e-15 2.113488e+04 0.000000e+00
  20698.128716 1.091200e-15 2.133045e+04 0.000000e+00
  20889.650847 1.071300e-15 2.152783e+04 0.000000e+00
  21082.933459 1.059000e-15 2.172701e+04 0.000000e+00
  21327.059913 1.037300e-15 2.197860e+04 0.000000e+00
  21524.413636 1.020700e-15 2.218197e+04 0.000000e+00
  21723.557848 9.883100e-16 2.238721e+04 0.000000e+00
  21924.572570 9.747500e-16 2.259436e+04 0.000000e+00
  22127.427794 9.481900e-16 2.280341e+04 0.000000e+00
  22280.819553 9.244800e-16 2.296149e+04 0.000000e+00
  22486.965676 9.007000e-16 2.317393e+04 0.000000e+00
  22695.042325 8.748900e-16 2.338837e+04 0.000000e+00
  22905.049500 7.857900e-16 2.360479e+04 0.000000e+00
  23116.967198 7.773800e-16 2.382319e+04 0.000000e+00
  23330.875438 6.822500e-16 2.404363e+04 0.000000e+00
  23492.589468 6.377600e-16 2.421028e+04 0.000000e+00
  23709.968655 6.440600e-16 2.443431e+04 0.000000e+00
  23929.368393 5.931600e-16 2.466040e+04 0.000000e+00
  24095.223553 5.686500e-16 2.483133e+04 0.000000e+00
  24318.184263 5.559600e-16 2.506110e+04 0.000000e+00
  24486.740160 5.124900e-16 2.523480e+04 0.000000e+00
  24677.412080 3.920000e-16 2.543130e+04 2.000000e+00
  24771.247631 5.679500e-16 2.552800e+04 2.000000e+00
  24865.173207 5.432700e-16 2.562480e+04 2.000000e+00
  24959.108786 5.192000e-16 2.572160e+04 2.000000e+00
  25052.934336 5.183400e-16 2.581830e+04 2.000000e+00
  25146.869915 5.177300e-16 2.591510e+04 2.000000e+00
  25240.795492 5.172000e-16 2.601190e+04 2.000000e+00
  25334.631045 5.123400e-16 2.610860e+04 2.000000e+00
  25428.556622 4.974300e-16 2.620540e+04 2.000000e+00
  25522.392175 4.799100e-16 2.630210e+04 2.000000e+00
  25616.327755 4.583500e-16 2.639890e+04 2.000000e+00
  25710.253333 4.227600e-16 2.649570e+04 2.000000e+00
  25804.088886 3.937600e-16 2.659240e+04 2.000000e+00
  25898.024467 3.727900e-16 2.668920e+04 2.000000e+00
  25991.950045 3.888300e-16 2.678600e+04 2.000000e+00
  26085.785599 4.094400e-16 2.688270e+04 2.000000e+00
  26179.711177 4.157400e-16 2.697950e+04 2.000000e+00
  26273.546731 4.139600e-16 2.707620e+04 2.000000e+00
  26367.482313 3.841700e-16 2.717300e+04 2.000000e+00
  26461.407892 3.692100e-16 2.726980e+04 2.000000e+00
  26555.243446 3.406300e-16 2.736650e+04 2.000000e+00
  26649.169026 3.479700e-16 2.746330e+04 2.000000e+00
  26743.104608 3.616100e-16 2.756010e+04 2.000000e+00
  26836.940163 3.593200e-16 2.765680e+04 2.000000e+00
  26930.865742 3.696200e-16 2.775360e+04 2.000000e+00
  27024.701298 3.710700e-16 2.785030e+04 2.000000e+00
  27118.626878 3.803100e-16 2.794710e+04 2.000000e+00
  27212.562460 4.070600e-16 2.804390e+04 2.000000e+00
  27306.398016 4.179600e-16 2.814060e+04 2.000000e+00
  27400.323596 4.185200e-16 2.823740e+04 2.000000e+00
  27494.259180 4.265500e-16 2.833420e+04 2.000000e+00
  27588.084733 4.134100e-16 2.843090e+04 2.000000e+00
  27682.020316 4.039000e-16 2.852770e+04 2.000000e+00
  27775.855873 4.001400e-16 2.862440e+04 2.000000e+00
  27869.781454 3.804800e-16 2.872120e+04 2.000000e+00
  27963.717038 3.686400e-16 2.881800e+04 2.000000e+00
  28057.542592 3.480000e-16 2.891470e+04 2.000000e+00
  28151.478176 3.371100e-16 2.901150e+04 2.000000e+00
  28245.403757 3.472000e-16 2.910830e+04 2.000000e+00
  28339.239314 3.750500e-16 2.920500e+04 2.000000e+00
  28433.174899 3.748300e-16 2.930180e+04 2.000000e+00
  28527.000453 3.311300e-16 2.939850e+04 2.000000e+00
  28620.936038 2.901700e-16 2.949530e+04 2.000000e+00
  28714.861620 2.669100e-16 2.959210e+04 2.000000e+00
  28808.697178 2.569300e-16 2.968880e+04 2.000000e+00
  28902.632763 2.558600e-16 2.978560e+04 2.000000e+00
  28996.458318 2.401600e-16 2.988230e+04 2.000000e+00
  29090.393903 2.474200e-16 2.997910e+04 2.000000e+00
  29184.319486 2.555200e-16 3.007590e+04 2.000000e+00
  29278.155044 2.597400e-16 3.017260e+04 2.000000e+00
  29372.090630 2.387900e-16 3.026940e+04 2.000000e+00
  29466.016213 2.367300e-16 3.036620e+04 2.000000e+00
  29559.851771 2.365600e-16 3.046290e+04 2.000000e+00
  29653.777354 2.433000e-16 3.055970e+04 2.000000e+00
  29747.612913 2.731200e-16 3.065640e+04 2.000000e+00
  29841.548499 2.706600e-16 3.075320e+04 2.000000e+00
  29935.474083 2.858200e-16 3.085000e+04 2.000000e+00
  30029.309642 2.979000e-16 3.094670e+04 2.000000e+00
  30123.235225 2.956300e-16 3.104350e+04 2.000000e+00
  30217.170812 3.081200e-16 3.114030e+04 2.000000e+00
  30311.006371 3.014800e-16 3.123700e+04 2.000000e+00
  30404.931955 2.898700e-16 3.133380e+04 2.000000e+00
  30498.767515 2.973400e-16 3.143050e+04 2.000000e+00
  30592.693099 3.198600e-16 3.152730e+04 2.000000e+00
  30686.628686 3.172400e-16 3.162410e+04 2.000000e+00
  30780.464246 3.100300e-16 3.172080e+04 2.000000e+00
  30874.389830 2.924800e-16 3.181760e+04 2.000000e+00
  30968.325417 2.588400e-16 3.191440e+04 2.000000e+00
  31062.150975 2.529200e-16 3.201110e+04 2.000000e+00
  31156.086562 2.636400e-16 3.210790e+04 2.000000e+00
  31249.922123 2.814700e-16 3.220460e+04 2.000000e+00
  31343.847707 3.011600e-16 3.230140e+04 2.000000e+00
  31437.783295 2.995900e-16 3.239820e+04 2.000000e+00
  31531.608853 3.175400e-16 3.249490e+04 2.000000e+00
  31625.544441 3.180100e-16 3.259170e+04 2.000000e+00
  31719.470026 3.012600e-16 3.268850e+04 2.000000e+00
  31813.305587 2.730700e-16 3.278520e+04 2.000000e+00
  31907.241175 2.590200e-16 3.288200e+04 2.000000e+00
  32001.066733 2.639300e-16 3.297870e+04 2.000000e+00
  32095.002322 2.767800e-16 3.307550e+04 2.000000e+00
  32188.927907 2.965700e-16 3.317230e+04 2.000000e+00
  32282.763468 3.160600e-16 3.326900e+04 2.000000e+00
  32376.699057 3.712200e-16 3.336580e+04 2.000000e+00
  32470.624643 3.938400e-16 3.346260e+04 2.000000e+00
  32564.460204 4.185800e-16 3.355930e+04 2.000000e+00
  32658.385790 4.288800e-16 3.365610e+04 2.000000e+00
  32752.321379 4.438000e-16 3.375290e+04 2.000000e+00
  32846.146938 4.460700e-16 3.384960e+04 2.000000e+00
  32940.082527 4.277300e-16 3.394640e+04 2.000000e+00
  33033.918089 4.020700e-16 3.404310e+04 2.000000e+00
  33127.843676 3.796800e-16 3.413990e+04 2.000000e+00
  33221.779265 3.623800e-16 3.423670e+04 2.000000e+00
  33315.614827 3.306200e-16 3.433340e+04 2.000000e+00
  33409.540414 3.134200e-16 3.443020e+04 2.000000e+00
  33503.375976 3.122600e-16 3.452690e+04 2.000000e+00
  33597.301563 2.995900e-16 3.462370e+04 2.000000e+00
  33691.237152 2.782800e-16 3.472050e+04 2.000000e+00
  33785.072715 2.773500e-16 3.481720e+04 2.000000e+00
  33878.998302 2.942100e-16 3.491400e+04 2.000000e+00
  33972.933892 3.182200e-16 3.501080e+04 2.000000e+00
  34066.759451 2.932000e-16 3.510750e+04 2.000000e+00
  34160.695041 2.681100e-16 3.520430e+04 2.000000e+00
  34254.620629 2.491900e-16 3.530110e+04 2.000000e+00
  34348.456192 2.422900e-16 3.539780e+04 2.000000e+00
  34442.381779 2.294100e-16 3.549460e+04 2.000000e+00
  34536.217342 2.330300e-16 3.559130e+04 2.000000e+00
  34630.152932 2.349800e-16 3.568810e+04 2.000000e+00
  34724.078520 2.347200e-16 3.578490e+04 2.000000e+00
  34817.914083 2.535100e-16 3.588160e+04 2.000000e+00
  34911.849674 2.569900e-16 3.597840e+04 2.000000e+00
  35005.775261 2.407100e-16 3.607520e+04 2.000000e+00
  35099.610825 2.260100e-16 3.617190e+04 2.000000e+00
  35193.536413 2.193000e-16 3.626870e+04 2.000000e+00
  35287.371976 2.253000e-16 3.636540e+04 2.000000e+00
  35381.307567 2.247800e-16 3.646220e+04 2.000000e+00
  35475.233155 2.304400e-16 3.655900e+04 2.000000e+00
  35569.068719 2.373200e-16 3.665570e+04 2.000000e+00
  35662.994307 2.399100e-16 3.675250e+04 2.000000e+00
  35756.929898 2.200000e-16 3.684930e+04 2.000000e+00
  35850.765462 2.088500e-16 3.694600e+04 2.000000e+00
  35944.691050 1.987600e-16 3.704280e+04 2.000000e+00
  36038.526614 1.985200e-16 3.713950e+04 2.000000e+00
  36132.452203 2.079800e-16 3.723630e+04 2.000000e+00
  36226.387794 2.160600e-16 3.733310e+04 2.000000e+00
  36320.223358 2.215300e-16 3.742980e+04 2.000000e+00
  36414.148947 2.216400e-16 3.752660e+04 2.000000e+00
  36508.084539 2.149200e-16 3.762340e+04 2.000000e+00
  36601.920103 2.129600e-16 3.772010e+04 2.000000e+00
  36695.845692 2.113700e-16 3.781690e+04 2.000000e+00
  36789.671253 2.128000e-16 3.791360e+04 2.000000e+00
  36883.606845 2.076300e-16 3.801040e+04 2.000000e+00
  36977.542437 2.065700e-16 3.810720e+04 2.000000e+00
  37071.367999 2.119100e-16 3.820390e+04 2.000000e+00
  37165.303591 2.202300e-16 3.830070e+04 2.000000e+00
  37259.229180 2.166500e-16 3.839750e+04 2.000000e+00
  37353.064745 2.155500e-16 3.849420e+04 2.000000e+00
  37447.000337 2.096700e-16 3.859100e+04 2.000000e+00
  37540.825899 1.868500e-16 3.868770e+04 2.000000e+00
  37634.761491 1.970500e-16 3.878450e+04 2.000000e+00
  37728.687080 1.982100e-16 3.888130e+04 2.000000e+00
  37822.522645 1.992000e-16 3.897800e+04 2.000000e+00
  37916.458238 1.929300e-16 3.907480e+04 2.000000e+00
  38010.383827 1.830500e-16 3.917160e+04 2.000000e+00
  38104.219392 1.757100e-16 3.926830e+04 2.000000e+00
  38198.154985 1.666800e-16 3.936510e+04 2.000000e+00
  38291.980547 1.578000e-16 3.946180e+04 2.000000e+00
  38385.906137 1.594200e-16 3.955860e+04 2.000000e+00
  38479.841730 1.796100e-16 3.965540e+04 2.000000e+00
  38573.677295 1.784900e-16 3.975210e+04 2.000000e+00
  38667.602885 1.790500e-16 3.984890e+04 2.000000e+00
  38761.538478 1.805900e-16 3.994570e+04 2.000000e+00
  38855.374043 1.725300e-16 4.004240e+04 2.000000e+00
  38949.299634 1.535200e-16 4.013920e+04 2.000000e+00
  39043.135199 1.487100e-16 4.023590e+04 2.000000e+00
  39137.060789 1.518400e-16 4.033270e+04 2.000000e+00
  39230.996382 1.638000e-16 4.042950e+04 2.000000e+00
  39324.831948 1.676300e-16 4.052620e+04 2.000000e+00
  39418.767541 1.681400e-16 4.062300e+04 2.000000e+00
  39512.693131 1.722100e-16 4.071980e+04 2.000000e+00
  39606.518695 1.682400e-16 4.081650e+04 2.000000e+00
  39700.454288 1.702700e-16 4.091330e+04 2.000000e+00
  39794.289854 1.574200e-16 4.101000e+04 2.000000e+00
  39888.215444 1.524900e-16 4.110680e+04 2.000000e+00
  39982.141035 1.562400e-16 4.120360e+04 2.000000e+00
  40075.986604 1.617800e-16 4.130030e+04 2.000000e+00
  40169.912194 1.600600e-16 4.139710e+04 2.000000e+00
  40263.747761 1.545600e-16 4.149380e+04 2.000000e+00
  40357.673351 1.568200e-16 4.159060e+04 2.000000e+00
  40451.608945 1.703300e-16 4.168740e+04 2.000000e+00
  40545.444511 1.597700e-16 4.178410e+04 2.000000e+00
  40639.370102 1.661500e-16 4.188090e+04 2.000000e+00
  40733.305696 1.664700e-16 4.197770e+04 2.000000e+00
  40827.131259 1.477700e-16 4.207440e+04 2.000000e+00
  40921.066853 1.276100e-16 4.217120e+04 2.000000e+00
  41014.992444 1.151600e-16 4.226800e+04 2.000000e+00
  41108.828011 1.307300e-16 4.236470e+04 2.000000e+00
  41202.753602 1.171900e-16 4.246150e+04 2.000000e+00
  41296.589168 1.163000e-16 4.255820e+04 2.000000e+00
  41390.524762 1.236000e-16 4.265500e+04 2.000000e+00
  41484.450353 1.430500e-16 4.275180e+04 2.000000e+00
  41578.285920 1.424400e-16 4.284850e+04 2.000000e+00
  41672.211512 1.518700e-16 4.294530e+04 2.000000e+00
  41766.147106 1.524200e-16 4.304210e+04 2.000000e+00
  41859.982672 1.556600e-16 4.313880e+04 2.000000e+00
  41953.908264 1.511500e-16 4.323560e+04 2.000000e+00
  42047.743831 1.487700e-16 4.333230e+04 2.000000e+00
  42141.669422 1.460200e-16 4.342910e+04 2.000000e+00
  42235.605016 1.295000e-16 4.352590e+04 2.000000e+00
  42329.430581 1.445800e-16 4.362260e+04 2.000000e+00
  42423.366175 1.599400e-16 4.371940e+04 2.000000e+00
  42517.301769 1.598800e-16 4.381620e+04 2.000000e+00
  42611.137337 1.635500e-16 4.391290e+04 2.000000e+00
  42705.062928 1.582200e-16 4.400970e+04 2.000000e+00
  42798.898495 1.547700e-16 4.410640e+04 2.000000e+00
  42892.824087 1.501300e-16 4.420320e+04 2.000000e+00
  42986.759682 1.433600e-16 4.430000e+04 2.000000e+00
  43080.585246 1.459800e-16 4.439670e+04 2.000000e+00
  43174.520841 1.491200e-16 4.449350e+04 2.000000e+00
  43268.446433 1.545300e-16 4.459030e+04 2.000000e+00
  43362.282000 1.633400e-16 4.468700e+04 2.000000e+00
  43456.217595 1.687000e-16 4.478380e+04 2.000000e+00
  43550.043160 1.595300e-16 4.488050e+04 2.000000e+00
  43643.978754 1.475600e-16 4.497730e+04 2.000000e+00
  43737.914349 1.409800e-16 4.507410e+04 2.000000e+00
  43831.739914 1.210100e-16 4.517080e+04 2.000000e+00
  43925.675509 1.157600e-16 4.526760e+04 2.000000e+00
  44019.601101 1.145600e-16 4.536440e+04 2.000000e+00
  44113.436669 1.127600e-16 4.546110e+04 2.000000e+00
  44207.362261 1.070000e-16 4.555790e+04 2.000000e+00
  44301.197829 1.038300e-16 4.565460e+04 2.000000e+00
  44395.133424 1.022600e-16 4.575140e+04 2.000000e+00
  44489.059016 1.005600e-16 4.584820e+04 2.000000e+00
  44582.894584 1.134500e-16 4.594490e+04 2.000000e+00
  44676.820176 1.208600e-16 4.604170e+04 2.000000e+00
  44770.755771 1.108500e-16 4.613850e+04 2.000000e+00
  44864.591339 1.131500e-16 4.623520e+04 2.000000e+00
  44958.516932 1.107300e-16 4.633200e+04 2.000000e+00
  45052.352500 1.224800e-16 4.642870e+04 2.000000e+00
  45146.288095 1.357500e-16 4.652550e+04 2.000000e+00
  45240.213688 1.401300e-16 4.662230e+04 2.000000e+00
  45334.039253 1.519200e-16 4.671900e+04 2.000000e+00
  45427.974848 1.698300e-16 4.681580e+04 2.000000e+00
  45521.900441 1.835400e-16 4.691260e+04 2.000000e+00
  45615.746012 1.707300e-16 4.700930e+04 2.000000e+00
  45709.671605 1.500000e-16 4.710610e+04 2.000000e+00
  45803.507173 1.165600e-16 4.720280e+04 2.000000e+00
  45897.432766 9.380700e-17 4.729960e+04 2.000000e+00
  45991.368361 7.203200e-17 4.739640e+04 2.000000e+00
  46085.203929 5.985000e-17 4.749310e+04 2.000000e+00
  46179.129522 6.498400e-17 4.758990e+04 2.000000e+00
  46273.055115 6.117700e-17 4.768670e+04 2.000000e+00
  46366.890683 7.050400e-17 4.778340e+04 2.000000e+00
  46460.826279 9.519900e-17 4.788020e+04 2.000000e+00
  46554.651845 1.087200e-16 4.797690e+04 2.000000e+00
  46648.587440 1.131500e-16 4.807370e+04 2.000000e+00
  46742.513033 1.123000e-16 4.817050e+04 2.000000e+00
  46836.358605 1.047200e-16 4.826720e+04 2.000000e+00
  46930.284198 1.060000e-16 4.836400e+04 2.000000e+00
  47024.209791 1.049000e-16 4.846080e+04 2.000000e+00
  47118.045359 1.075100e-16 4.855750e+04 2.000000e+00
  47211.970953 1.121900e-16 4.865430e+04 2.000000e+00
  47305.806521 9.421000e-17 4.875100e+04 2.000000e+00
  47399.742117 7.753800e-17 4.884780e+04 2.000000e+00
  47493.667710 8.205400e-17 4.894460e+04 2.000000e+00
  47587.503279 7.391300e-17 4.904130e+04 2.000000e+00
  47681.428872 8.120300e-17 4.913810e+04 2.000000e+00
  47775.364468 6.689900e-17 4.923490e+04 2.000000e+00
  47869.190034 3.835700e-17 4.933160e+04 2.000000e+00
  47963.125630 3.489700e-17 4.942840e+04 2.000000e+00
  48056.961199 5.705700e-17 4.952510e+04 2.000000e+00
  48150.896795 4.569000e-17 4.962190e+04 2.000000e+00
  48643.541034 1.134100e-16 5.012960e+04 2.000000e+00
  49129.983584 1.138200e-16 5.063090e+04 0.000000e+00
  49621.277456 1.142400e-16 5.113721e+04 0.000000e+00
  50117.492670 1.146600e-16 5.164858e+04 0.000000e+00
  50618.659234 1.150900e-16 5.216506e+04 0.000000e+00
  51124.847166 1.155200e-16 5.268671e+04 0.000000e+00
  51636.096479 1.159500e-16 5.321358e+04 0.000000e+00
  52152.457185 1.163900e-16 5.374572e+04 0.000000e+00
  52673.989300 1.168300e-16 5.428318e+04 0.000000e+00
  53200.722834 1.172800e-16 5.482601e+04 0.000000e+00
  53732.737807 1.177300e-16 5.537427e+04 0.000000e+00
  54270.064228 1.181900e-16 5.592801e+04 0.000000e+00
  54812.762113 1.186500e-16 5.648729e+04 0.000000e+00
  55360.891479 1.191200e-16 5.705216e+04 0.000000e+00
  55914.502340 1.195900e-16 5.762269e+04 0.000000e+00
  56285.993572 1.199000e-16 5.800553e+04 3.000000e+00
  56586.665507 1.482000e-16 5.831539e+04 3.000000e+00
  56887.337441 1.560000e-16 5.862525e+04 3.000000e+00
  57187.999373 1.558600e-16 5.893510e+04 3.000000e+00
  57488.671308 1.444800e-16 5.924495e+04 3.000000e+00
  57789.343243 1.388900e-16 5.955481e+04 3.000000e+00
  58090.015178 1.334600e-16 5.986466e+04 3.000000e+00
  58390.677110 1.367600e-16 6.017451e+04 3.000000e+00
  58691.349045 1.408800e-16 6.048437e+04 3.000000e+00
  58992.010978 1.435600e-16 6.079422e+04 3.000000e+00
  59292.682913 1.537500e-16 6.110407e+04 3.000000e+00
  59593.354849 1.771900e-16 6.141393e+04 3.000000e+00
  59894.016782 1.860400e-16 6.172378e+04 3.000000e+00
  60194.678716 2.170500e-16 6.203363e+04 3.000000e+00
  60495.350652 2.425100e-16 6.234349e+04 3.000000e+00
  60796.022588 2.415900e-16 6.265334e+04 3.000000e+00
  61096.684521 2.742600e-16 6.296319e+04 3.000000e+00
  61397.356458 3.927600e-16 6.327305e+04 3.000000e+00
  61698.028394 5.870500e-16 6.358290e+04 3.000000e+00
  61998.700331 7.170700e-16 6.389276e+04 3.000000e+00
  62299.362265 7.110500e-16 6.420261e+04 3.000000e+00
  62600.024199 5.942500e-16 6.451246e+04 3.000000e+00
  62900.706139 4.901100e-16 6.482232e+04 3.000000e+00
  63201.368074 4.027100e-16 6.513217e+04 3.000000e+00
  63502.030008 3.394600e-16 6.544202e+04 3.000000e+00
  63802.711948 3.361600e-16 6.575188e+04 3.000000e+00
  64103.363880 2.852200e-16 6.606173e+04 3.000000e+00
  64404.035818 2.820900e-16 6.637158e+04 3.000000e+00
  64704.717758 2.369900e-16 6.668145e+04 3.000000e+00
  65005.369691 1.807800e-16 6.699129e+04 3.000000e+00
  65306.041628 1.985900e-16 6.730114e+04 3.000000e+00
  65606.713566 2.041300e-16 6.761100e+04 3.000000e+00
  65907.385504 2.889000e-16 6.792085e+04 3.000000e+00
  66208.057443 2.187300e-16 6.823071e+04 3.000000e+00
  66508.719378 2.103600e-16 6.854056e+04 3.000000e+00
  66809.391317 2.115500e-16 6.885041e+04 3.000000e+00
  67110.063255 2.091400e-16 6.916027e+04 3.000000e+00
  67410.715188 2.210800e-16 6.947012e+04 3.000000e+00
  67711.397129 2.413800e-16 6.977998e+04 3.000000e+00
  68012.059065 2.091800e-16 7.008983e+04 3.000000e+00
  68312.721002 1.781100e-16 7.039968e+04 3.000000e+00
  68613.402943 2.059100e-16 7.070954e+04 3.000000e+00
  68914.064879 2.337300e-16 7.101939e+04 3.000000e+00
  69214.726816 2.433100e-16 7.132924e+04 3.000000e+00
  69515.408758 2.530600e-16 7.163910e+04 3.000000e+00
  69816.060691 2.770400e-16 7.194895e+04 3.000000e+00
  70116.742634 2.697000e-16 7.225881e+04 3.000000e+00
  70417.404570 2.673600e-16 7.256866e+04 3.000000e+00
  70718.066507 2.581300e-16 7.287851e+04 3.000000e+00
  71018.748449 2.608800e-16 7.318838e+04 3.000000e+00
  71319.410386 2.545500e-16 7.349822e+04 3.000000e+00
  71620.072323 2.248900e-16 7.380807e+04 3.000000e+00
  71920.754266 2.551400e-16 7.411793e+04 3.000000e+00
  72221.416203 2.933500e-16 7.442778e+04 3.000000e+00
  72522.078140 3.125900e-16 7.473763e+04 3.000000e+00
  72822.750080 3.197200e-16 7.504748e+04 3.000000e+00
  73103.746658 2.841400e-16 7.533706e+04 3.000000e+00
  73123.422020 3.432900e-16 7.535734e+04 3.000000e+00
  73424.093960 3.489700e-16 7.566720e+04 3.000000e+00
  73706.260857 3.840900e-16 7.595799e+04 3.000000e+00
  73724.755898 3.606800e-16 7.597705e+04 3.000000e+00
  74308.805065 4.771000e-16 7.657894e+04 3.000000e+00
  74911.329268 5.748300e-16 7.719988e+04 3.000000e+00
  75513.873476 7.501500e-16 7.782082e+04 3.000000e+00
  76116.397679 7.436500e-16 7.844176e+04 3.000000e+00
  76718.941888 6.982100e-16 7.906271e+04 3.000000e+00
  77321.476094 6.615800e-16 7.968365e+04 3.000000e+00
  77924.010301 6.374800e-16 8.030459e+04 3.000000e+00
  78526.554510 6.185900e-16 8.092554e+04 3.000000e+00
  79129.078715 5.371500e-16 8.154648e+04 3.000000e+00
  79731.612922 4.721200e-16 8.216741e+04 3.000000e+00
  80334.147129 3.945200e-16 8.278836e+04 3.000000e+00
  80936.681337 3.461100e-16 8.340930e+04 3.000000e+00
  81539.225548 3.182000e-16 8.403025e+04 3.000000e+00
  82141.759756 2.871800e-16 8.465119e+04 3.000000e+00
  82744.293964 2.827900e-16 8.527213e+04 3.000000e+00
  83346.818170 2.582000e-16 8.589307e+04 3.000000e+00
  83949.372384 2.787300e-16 8.651402e+04 3.000000e+00
  84551.886587 2.931800e-16 8.713495e+04 3.000000e+00
  85154.430799 3.169400e-16 8.775590e+04 3.000000e+00
  85756.965008 3.244400e-16 8.837684e+04 3.000000e+00
  86359.499218 3.072900e-16 8.899778e+04 3.000000e+00
  86962.023425 2.589800e-16 8.961872e+04 3.000000e+00
  87564.567637 1.943400e-16 9.023966e+04 3.000000e+00
  88167.091844 1.601100e-16 9.086060e+04 3.000000e+00
  88769.636057 1.431800e-16 9.148155e+04 3.000000e+00
  89372.170267 1.183300e-16 9.210249e+04 3.000000e+00
  89974.704478 1.062200e-16 9.272344e+04 3.000000e+00
  90577.248691 8.830200e-17 9.334438e+04 3.000000e+00
  91179.772899 8.366700e-17 9.396532e+04 3.000000e+00
  91782.307110 6.469800e-17 9.458626e+04 3.000000e+00
  92384.831318 7.107100e-17 9.520720e+04 3.000000e+00
  92987.385535 7.060500e-17 9.582815e+04 3.000000e+00
  93589.909743 6.458400e-17 9.644909e+04 3.000000e+00
  94192.443955 6.463400e-17 9.707002e+04 3.000000e+00
  94794.988169 6.341600e-17 9.769098e+04 3.000000e+00
  95397.522381 6.128800e-17 9.831192e+04 3.000000e+00
  96000.056592 6.489600e-17 9.893286e+04 3.000000e+00
  96602.590804 7.051700e-17 9.955380e+04 3.000000e+00
  97205.085006 6.372200e-17 1.001747e+05 3.000000e+00
  97807.669231 6.081200e-17 1.007957e+05 3.000000e+00
  98410.163433 5.420100e-17 1.014166e+05 3.000000e+00
  99012.757661 5.435300e-17 1.020376e+05 3.000000e+00
  99615.251863 5.315800e-17 1.026585e+05 3.000000e+00
 100217.836089 5.470100e-17 1.032795e+05 3.000000e+00
 100820.340294 5.322600e-17 1.039004e+05 3.000000e+00
 101422.834496 4.937800e-17 1.045213e+05 3.000000e+00
 102025.418722 4.993100e-17 1.051423e+05 3.000000e+00
 102627.912925 4.982400e-17 1.057632e+05 3.000000e+00
 103230.507154 4.556800e-17 1.063842e+05 3.000000e+00
 103833.001356 5.174800e-17 1.070051e+05 3.000000e+00
 104435.495559 5.874900e-17 1.076260e+05 3.000000e+00
 105038.079786 6.904300e-17 1.082470e+05 3.000000e+00
 105640.583991 7.412900e-17 1.088679e+05 3.000000e+00
 106243.168219 7.508100e-17 1.094889e+05 3.000000e+00
 106845.662422 7.543500e-17 1.101098e+05 3.000000e+00
 107448.246649 7.467200e-17 1.107308e+05 3.000000e+00
 108050.750855 7.519800e-17 1.113517e+05 3.000000e+00
 108653.245058 7.861100e-17 1.119726e+05 3.000000e+00
 109255.829286 8.933200e-17 1.125936e+05 3.000000e+00
 109858.323489 1.115800e-16 1.132145e+05 3.000000e+00
 110460.917719 1.253600e-16 1.138355e+05 3.000000e+00
 111063.411923 1.505200e-16 1.144564e+05 3.000000e+00
 111665.996151 2.440000e-16 1.150774e+05 3.000000e+00
 112268.490355 3.452300e-16 1.156983e+05 3.000000e+00
 112870.984558 3.314300e-16 1.163192e+05 3.000000e+00
 113473.578789 2.654600e-16 1.169402e+05 3.000000e+00
 114076.072993 2.121500e-16 1.175611e+05 3.000000e+00
 114678.657222 1.730300e-16 1.181821e+05 3.000000e+00
 115281.151426 1.641100e-16 1.188030e+05 3.000000e+00
 115883.745657 1.506300e-16 1.194240e+05 3.000000e+00
 116486.239861 1.249900e-16 1.200449e+05 3.000000e+00
 117088.734065 1.144800e-16 1.206658e+05 3.000000e+00
 117691.328297 1.149000e-16 1.212868e+05 3.000000e+00
 118293.822501 1.191500e-16 1.219077e+05 3.000000e+00
 118896.406730 1.368700e-16 1.225287e+05 3.000000e+00
 119498.900934 1.313900e-16 1.231496e+05 3.000000e+00
 120101.405142 1.368000e-16 1.237705e+05 3.000000e+00
 120703.989371 1.310500e-16 1.243915e+05 3.000000e+00
 121306.483576 1.267400e-16 1.250124e+05 3.000000e+00
 121909.067805 1.231800e-16 1.256334e+05 3.000000e+00
 122511.572012 1.338800e-16 1.262543e+05 3.000000e+00
 123114.156242 1.421800e-16 1.268753e+05 3.000000e+00
 123716.650447 1.449300e-16 1.274962e+05 3.000000e+00
 124319.144652 1.451300e-16 1.281171e+05 3.000000e+00
 124921.738884 1.553000e-16 1.287381e+05 3.000000e+00
 125524.233089 1.658500e-16 1.293590e+05 3.000000e+00
 126126.817319 1.776600e-16 1.299800e+05 3.000000e+00
 126729.311524 1.853600e-16 1.306009e+05 3.000000e+00
 127331.805729 2.113600e-16 1.312218e+05 3.000000e+00
 127934.399962 2.800900e-16 1.318428e+05 3.000000e+00
 128536.894167 2.593400e-16 1.324637e+05 3.000000e+00
 129139.488400 1.504900e-16 1.330847e+05 3.000000e+00
 129741.972602 1.134900e-16 1.337056e+05 3.000000e+00
 130344.566835 1.060800e-16 1.343266e+05 3.000000e+00
 130947.061041 1.014000e-16 1.349475e+05 3.000000e+00
 131549.565249 1.036700e-16 1.355684e+05 3.000000e+00
 132152.149479 1.021300e-16 1.361894e+05 3.000000e+00
 132754.633682 9.909800e-17 1.368103e+05 3.000000e+00
 133357.227915 9.585100e-17 1.374313e+05 3.000000e+00
 133959.732124 1.008100e-16 1.380522e+05 3.000000e+00
 134562.316354 1.020400e-16 1.386732e+05 3.000000e+00
 135164.800557 9.912700e-17 1.392941e+05 3.000000e+00
 135767.304766 9.004500e-17 1.399150e+05 3.000000e+00
 136369.898999 9.530700e-17 1.405360e+05 3.000000e+00
 136972.393205 9.339000e-17 1.411569e+05 3.000000e+00
 137574.967433 8.906600e-17 1.417779e+05 3.000000e+00
 138177.471642 8.788500e-17 1.423988e+05 3.000000e+00
 138780.065875 7.955500e-17 1.430198e+05 3.000000e+00
 139382.560081 8.277200e-17 1.436407e+05 3.000000e+00
 139985.044285 7.950500e-17 1.442616e+05 3.000000e+00
 140587.648521 7.581700e-17 1.448826e+05 3.000000e+00
 141106.109825 8.429500e-17 1.454169e+05 3.000000e+00
 141995.822311 9.086400e-17 1.463338e+05 3.000000e+00
 142885.634824 9.134700e-17 1.472508e+05 3.000000e+00
 143775.357313 8.060500e-17 1.481677e+05 3.000000e+00
 144665.069800 7.982100e-17 1.490846e+05 3.000000e+00
 145554.792289 7.764100e-17 1.500015e+05 3.000000e+00
 146444.614805 8.600300e-17 1.509185e+05 3.000000e+00
 147334.337294 7.225800e-17 1.518354e+05 3.000000e+00
 148224.049781 7.389300e-17 1.527523e+05 3.000000e+00
 149113.862295 7.492900e-17 1.536693e+05 3.000000e+00
 150003.584785 7.414000e-17 1.545862e+05 3.000000e+00
 150893.297271 6.876000e-17 1.555031e+05 3.000000e+00
 151783.019761 6.939600e-17 1.564200e+05 3.000000e+00
 152672.842278 6.830800e-17 1.573370e+05 3.000000e+00
 153562.564768 7.138200e-17 1.582539e+05 3.000000e+00
 154452.277255 7.365800e-17 1.591708e+05 3.000000e+00
 155342.089769 1.006300e-16 1.600878e+05 3.000000e+00
 156231.812259 9.968100e-17 1.610047e+05 3.000000e+00
 157121.524747 7.264300e-17 1.619216e+05 3.000000e+00
 158011.337261 7.317500e-17 1.628386e+05 3.000000e+00
 158901.069754 7.295000e-17 1.637555e+05 3.000000e+00
 159790.772239 7.190100e-17 1.646724e+05 3.000000e+00
 160680.504732 7.600100e-17 1.655893e+05 3.000000e+00
 161570.337252 7.425300e-17 1.665063e+05 3.000000e+00
 162460.029734 8.755600e-17 1.674232e+05 3.000000e+00
 163349.752225 9.232700e-17 1.683401e+05 3.000000e+00
 164239.474715 1.020400e-16 1.692570e+05 3.000000e+00
 165129.297233 1.028800e-16 1.701740e+05 3.000000e+00
 166019.019724 1.097900e-16 1.710909e+05 3.000000e+00
 166908.742214 9.241900e-17 1.720078e+05 3.000000e+00
 167798.564732 9.179700e-17 1.729248e+05 3.000000e+00
 168688.267218 9.517500e-17 1.738417e+05 3.000000e+00
 169577.999711 9.790700e-17 1.747586e+05 3.000000e+00
 170467.812227 1.138100e-16 1.756756e+05 3.000000e+00
 171357.524715 1.055100e-16 1.765925e+05 3.000000e+00
 172247.247206 9.415300e-17 1.775094e+05 3.000000e+00
 173136.959694 9.292100e-17 1.784263e+05 3.000000e+00
 174026.772210 7.394600e-17 1.793433e+05 3.000000e+00
 174916.494701 8.997000e-17 1.802602e+05 3.000000e+00
 175806.207189 8.466300e-17 1.811771e+05 3.000000e+00
 176696.019705 7.960900e-17 1.820941e+05 3.000000e+00
 177585.752199 7.755700e-17 1.830110e+05 3.000000e+00
 178475.454685 7.907300e-17 1.839279e+05 3.000000e+00
 179365.277203 8.686900e-17 1.848449e+05 3.000000e+00
 180254.999695 7.523000e-17 1.857618e+05 3.000000e+00
 181144.722186 7.042600e-17 1.866787e+05 3.000000e+00
 182034.434675 7.257800e-17 1.875956e+05 3.000000e+00
 182924.247191 7.018400e-17 1.885126e+05 3.000000e+00
 183813.979685 7.194700e-17 1.894295e+05 3.000000e+00
 184703.682171 7.064200e-17 1.903464e+05 3.000000e+00
 185593.514693 7.317800e-17 1.912634e+05 3.000000e+00
 186483.237185 8.834900e-17 1.921803e+05 3.000000e+00
 187372.939671 1.177500e-16 1.930972e+05 3.000000e+00
 188262.662162 8.924300e-17 1.940141e+05 3.000000e+00
 189152.494684 7.203200e-17 1.949311e+05 3.000000e+00
 190042.207173 7.626100e-17 1.958480e+05 3.000000e+00
 190931.929665 7.815600e-17 1.967649e+05 3.000000e+00
 191821.742182 7.746000e-17 1.976819e+05 3.000000e+00
 192711.454671 8.261700e-17 1.985988e+05 3.000000e+00
 193601.177163 7.217600e-17 1.995157e+05 3.000000e+00
 194490.899655 8.107200e-17 2.004326e+05 3.000000e+00
 195380.722174 7.920300e-17 2.013496e+05 3.000000e+00
 196270.434663 5.015700e-17 2.022665e+05 3.000000e+00
 197160.157155 6.856100e-17 2.031834e+05 3.000000e+00
 198049.969672 7.927600e-17 2.041004e+05 3.000000e+00
 199458.923679 6.511300e-17 2.055524e+05 3.000000e+00
 201161.887819 8.675400e-17 2.073074e+05 3.000000e+00
 202865.832226 8.145300e-17 2.090634e+05 3.000000e+00
 204570.756900 7.401100e-17 2.108204e+05 3.000000e+00
 206276.541809 8.085500e-17 2.125783e+05 3.000000e+00
 207983.196955 8.403300e-17 2.143371e+05 3.000000e+00
 209690.822366 7.867900e-17 2.160969e+05 3.000000e+00
 211399.348022 8.094700e-17 2.178576e+05 3.000000e+00
 213108.813934 8.835000e-17 2.196193e+05 3.000000e+00
 214819.260114 7.877800e-17 2.213820e+05 3.000000e+00
 216530.576531 7.778400e-17 2.231456e+05 3.000000e+00
 218242.873215 8.401300e-17 2.249102e+05 3.000000e+00
 219956.040137 8.762900e-17 2.266757e+05 3.000000e+00
 221670.157317 8.551600e-17 2.284422e+05 3.000000e+00
 223385.254765 8.039100e-17 2.302097e+05 3.000000e+00
 225101.242455 8.564800e-17 2.319781e+05 3.000000e+00
 226818.190408 8.954900e-17 2.337475e+05 3.000000e+00
 228536.118627 9.044200e-17 2.355179e+05 3.000000e+00
 230254.907081 8.985500e-17 2.372892e+05 3.000000e+00
 231974.765827 8.767100e-17 2.390616e+05 3.000000e+00
 233695.404786 9.235800e-17 2.408348e+05 3.000000e+00
 235417.094031 7.330100e-17 2.426091e+05 3.000000e+00
 237139.773546 9.442900e-17 2.443844e+05 3.000000e+00
 238863.323298 9.317700e-17 2.461606e+05 3.000000e+00
 240587.833312 9.551300e-17 2.479378e+05 3.000000e+00
 242313.313590 9.965700e-17 2.497160e+05 3.000000e+00
 244039.674109 1.001100e-16 2.514951e+05 3.000000e+00
 245767.104919 9.896000e-17 2.532753e+05 3.000000e+00
 247495.405966 9.783200e-17 2.550564e+05 3.000000e+00
 249224.777306 1.014200e-16 2.568386e+05 3.000000e+00
 250954.998877 1.012700e-16 2.586217e+05 3.000000e+00
 252686.240726 1.028300e-16 2.604058e+05 3.000000e+00
 254418.412828 1.120300e-16 2.621909e+05 3.000000e+00
 256151.555196 1.045600e-16 2.639770e+05 3.000000e+00
 257885.677830 1.077500e-16 2.657641e+05 3.000000e+00
 259620.790734 1.117700e-16 2.675522e+05 3.000000e+00
 261356.853898 1.085600e-16 2.693413e+05 3.000000e+00
 263093.877323 1.087700e-16 2.711314e+05 3.000000e+00
 264831.871013 1.095400e-16 2.729225e+05 3.000000e+00
 266570.844970 1.076700e-16 2.747146e+05 3.000000e+00
 268310.899221 1.088800e-16 2.765078e+05 3.000000e+00
 270051.813707 1.099500e-16 2.783019e+05 3.000000e+00
 271793.688455 1.111800e-16 2.800970e+05 3.000000e+00
 273536.633494 1.127100e-16 2.818932e+05 3.000000e+00
 275280.568804 1.124200e-16 2.836904e+05 3.000000e+00
 277025.364347 1.142600e-16 2.854885e+05 3.000000e+00
 278771.210178 1.131300e-16 2.872877e+05 3.000000e+00
 280518.066283 1.160700e-16 2.890879e+05 3.000000e+00
 282265.982678 1.191400e-16 2.908892e+05 3.000000e+00
 284014.839329 1.192200e-16 2.926915e+05 3.000000e+00
 285764.596225 1.274100e-16 2.944947e+05 3.000000e+00
 287515.483429 1.204500e-16 2.962991e+05 3.000000e+00
 289267.280882 1.226200e-16 2.981044e+05 3.000000e+00
 291020.108615 1.205600e-16 2.999108e+05 3.000000e+00
 292773.926619 1.189500e-16 3.017182e+05 3.000000e+00
 294528.724889 1.234900e-16 3.035266e+05 3.000000e+00
 296284.583449 1.201300e-16 3.053361e+05 3.000000e+00
 298041.412273 1.253000e-16 3.071466e+05 3.000000e+00
 299799.211361 1.242300e-16 3.089581e+05 3.000000e+00
 301558.070739 1.292800e-16 3.107707e+05 3.000000e+00
 303318.030416 1.286600e-16 3.125844e+05 3.000000e+00
 305078.920347 1.264700e-16 3.143991e+05 3.000000e+00
 306840.810551 1.473200e-16 3.162148e+05 3.000000e+00
 308603.641011 1.328200e-16 3.180315e+05 3.000000e+00
 310367.661795 1.282900e-16 3.198494e+05 3.000000e+00
 312132.552817 1.317900e-16 3.216682e+05 3.000000e+00
 313898.574147 1.356500e-16 3.234882e+05 3.000000e+00
 315665.495722 1.340500e-16 3.253091e+05 3.000000e+00
 317433.577613 1.374100e-16 3.271312e+05 3.000000e+00
 319202.659777 1.311200e-16 3.289543e+05 3.000000e+00
 320972.642187 1.375200e-16 3.307784e+05 3.000000e+00
 322743.754904 1.405700e-16 3.326036e+05 3.000000e+00
 324515.927911 1.221100e-16 3.344299e+05 3.000000e+00
 326289.131198 1.480400e-16 3.362573e+05 3.000000e+00
 328063.364767 1.366600e-16 3.380857e+05 3.000000e+00
 329838.608610 1.566800e-16 3.399152e+05 3.000000e+00
 331614.842724 1.432900e-16 3.417457e+05 3.000000e+00
 333392.167135 1.680100e-16 3.435773e+05 3.000000e+00
 335170.651862 1.841700e-16 3.454101e+05 3.000000e+00
 336949.976818 1.594000e-16 3.472438e+05 3.000000e+00
 338730.492098 1.536100e-16 3.490787e+05 3.000000e+00
