# An Atlas of Galaxy Spectral Energy Distributions from the Ultraviolet to the Mid-Infrared
# Brown et al. (2014)
# http://dx.doi.org/10.5072/03/529D3551F0117
# 
# Column 1 : Restframe Wavelength (Angstrom)
# Column 2 : Flux per unit wavelength (ergs/s/cm^2/Angstrom)
# Column 3 : Observed wavelength (Angstrom)
# Column 4 : Source (0 = model, 1 = Optical Spectrum, 2 = Akari, 3 = Spitzer IRS)
# 
# CONVERTED air -> vacuum (Morton 2000/SDSS) above 2000 A by sedfit; wavelengths below are unchanged (already vacuum by convention).
    102.010000 9.657900e-29 1.052000e+02 0.000000e+00
    103.910000 1.512000e-28 1.071500e+02 0.000000e+00
    106.080000 2.405500e-28 1.094000e+02 0.000000e+00
    108.050000 3.880300e-28 1.114300e+02 0.000000e+00
    110.060000 7.071700e-28 1.135000e+02 0.000000e+00
    113.930000 1.562700e-27 1.174900e+02 0.000000e+00
    117.940000 3.149200e-27 1.216200e+02 0.000000e+00
    120.960000 1.704800e-26 1.247400e+02 0.000000e+00
    124.920000 3.090400e-26 1.288200e+02 0.000000e+00
    126.950000 3.987200e-26 1.309200e+02 0.000000e+00
    128.130000 4.607500e-26 1.321300e+02 0.000000e+00
    131.110000 6.560900e-26 1.352100e+02 0.000000e+00
    132.020000 8.468500e-26 1.361400e+02 0.000000e+00
    133.860000 1.053200e-25 1.380400e+02 0.000000e+00
    136.980000 1.705900e-25 1.412500e+02 0.000000e+00
    139.840000 2.330600e-25 1.442100e+02 0.000000e+00
    143.100000 7.996900e-25 1.475700e+02 0.000000e+00
    147.110000 2.411200e-24 1.517100e+02 0.000000e+00
    150.880000 3.424500e-24 1.556000e+02 0.000000e+00
    155.110000 4.829200e-24 1.599600e+02 0.000000e+00
    159.090000 6.779400e-24 1.640600e+02 0.000000e+00
    162.050000 8.584000e-24 1.671100e+02 0.000000e+00
    165.820000 1.180400e-23 1.710000e+02 0.000000e+00
    170.080000 1.575100e-23 1.753900e+02 0.000000e+00
    172.840000 1.958100e-23 1.782400e+02 0.000000e+00
    176.870000 2.565400e-23 1.823900e+02 0.000000e+00
    180.150000 3.115900e-23 1.857800e+02 0.000000e+00
    181.820000 3.534200e-23 1.875000e+02 0.000000e+00
    186.060000 4.524500e-23 1.918700e+02 0.000000e+00
    190.830000 6.091800e-23 1.967900e+02 0.000000e+00
    193.930000 7.281300e-23 1.999900e+02 0.000000e+00
    197.990000 9.047100e-23 2.041700e+02 0.000000e+00
    202.140000 1.124100e-22 2.084500e+02 0.000000e+00
    204.950000 1.316200e-22 2.113500e+02 0.000000e+00
    210.210000 1.612100e-22 2.167700e+02 0.000000e+00
    216.100000 2.240700e-22 2.228400e+02 0.000000e+00
    220.110000 2.702000e-22 2.269900e+02 0.000000e+00
    223.170000 3.056000e-22 2.301400e+02 0.000000e+00
    226.800000 3.660300e-22 2.338800e+02 0.000000e+00
    229.960000 5.649000e-22 2.371400e+02 0.000000e+00
    234.230000 9.467200e-22 2.415500e+02 0.000000e+00
    240.240000 1.416400e-21 2.477400e+02 0.000000e+00
    245.840000 1.596600e-21 2.535100e+02 0.000000e+00
    252.140000 2.028100e-21 2.600200e+02 0.000000e+00
    256.830000 1.964600e-21 2.648500e+02 0.000000e+00
    259.800000 2.464600e-21 2.679200e+02 0.000000e+00
    264.020000 2.870900e-21 2.722700e+02 0.000000e+00
    268.930000 3.259500e-21 2.773300e+02 0.000000e+00
    273.930000 3.666600e-21 2.824900e+02 0.000000e+00
    279.030000 4.105600e-21 2.877400e+02 0.000000e+00
    284.210000 4.618000e-21 2.930900e+02 0.000000e+00
    290.160000 5.028100e-21 2.992300e+02 0.000000e+00
    296.240000 5.785400e-21 3.054900e+02 0.000000e+00
    301.050000 6.273000e-21 3.104600e+02 0.000000e+00
    308.070000 7.298500e-21 3.176900e+02 0.000000e+00
    318.160000 8.921500e-21 3.281000e+02 0.000000e+00
    327.830000 1.058600e-20 3.380600e+02 0.000000e+00
    337.790000 1.232900e-20 3.483400e+02 0.000000e+00
    348.050000 1.416100e-20 3.589200e+02 0.000000e+00
    356.980000 1.616200e-20 3.681300e+02 0.000000e+00
    366.140000 1.870000e-20 3.775700e+02 0.000000e+00
    374.670000 2.081100e-20 3.863700e+02 0.000000e+00
    385.160000 2.245900e-20 3.971900e+02 0.000000e+00
    395.040000 2.640000e-20 4.073800e+02 0.000000e+00
    405.180000 3.011300e-20 4.178300e+02 0.000000e+00
    413.660000 3.275000e-20 4.265800e+02 0.000000e+00
    422.320000 3.464300e-20 4.355100e+02 0.000000e+00
    430.170000 3.699800e-20 4.436100e+02 0.000000e+00
    441.210000 4.151000e-20 4.549900e+02 0.000000e+00
    451.490000 4.479800e-20 4.655900e+02 0.000000e+00
    459.880000 4.706600e-20 4.742400e+02 0.000000e+00
    469.510000 5.080700e-20 4.841700e+02 0.000000e+00
    480.450000 5.570400e-20 4.954500e+02 0.000000e+00
    490.510000 5.767800e-20 5.058200e+02 0.000000e+00
    499.630000 6.416700e-20 5.152300e+02 0.000000e+00
    506.580000 7.079600e-20 5.224000e+02 0.000000e+00
    512.440000 1.506300e-19 5.284500e+02 0.000000e+00
    519.570000 1.665600e-19 5.358000e+02 0.000000e+00
    530.450000 1.868600e-19 5.470200e+02 0.000000e+00
    540.310000 1.917100e-19 5.571900e+02 0.000000e+00
    550.360000 2.935900e-19 5.675400e+02 0.000000e+00
    560.590000 3.722200e-19 5.781000e+02 0.000000e+00
    569.700000 4.561000e-19 5.874900e+02 0.000000e+00
    580.290000 4.571300e-19 5.984100e+02 0.000000e+00
    589.720000 6.226300e-19 6.081300e+02 0.000000e+00
    600.680000 7.032700e-19 6.194400e+02 0.000000e+00
    610.440000 8.917400e-19 6.295100e+02 0.000000e+00
    620.360000 1.069800e-18 6.397300e+02 0.000000e+00
    630.440000 1.239800e-18 6.501300e+02 0.000000e+00
    640.690000 1.298300e-18 6.606900e+02 0.000000e+00
    649.600000 1.590900e-18 6.698800e+02 0.000000e+00
    658.640000 1.814900e-18 6.792000e+02 0.000000e+00
    664.730000 1.970900e-18 6.854900e+02 0.000000e+00
    675.530000 2.044300e-18 6.966300e+02 0.000000e+00
    684.930000 2.131500e-18 7.063200e+02 0.000000e+00
    694.460000 2.984000e-18 7.161400e+02 0.000000e+00
    705.740000 2.996200e-18 7.277800e+02 0.000000e+00
    715.560000 3.737800e-18 7.379000e+02 0.000000e+00
    725.510000 4.060900e-18 7.481700e+02 0.000000e+00
    735.610000 4.371200e-18 7.585800e+02 0.000000e+00
    745.840000 5.242600e-18 7.691300e+02 0.000000e+00
    754.480000 5.858800e-18 7.780400e+02 0.000000e+00
    764.970000 6.496600e-18 7.888600e+02 0.000000e+00
    775.610000 7.354100e-18 7.998300e+02 0.000000e+00
    784.590000 8.235700e-18 8.091000e+02 0.000000e+00
    795.510000 8.881300e-18 8.203500e+02 0.000000e+00
    804.720000 9.585000e-18 8.298500e+02 0.000000e+00
    815.910000 1.024000e-17 8.414000e+02 0.000000e+00
    825.360000 1.170400e-17 8.511400e+02 0.000000e+00
    834.920000 9.602200e-18 8.609900e+02 0.000000e+00
    844.590000 1.301300e-17 8.709600e+02 0.000000e+00
    854.370000 1.375100e-17 8.810500e+02 0.000000e+00
    864.260000 1.532100e-17 8.912500e+02 0.000000e+00
    874.270000 1.698900e-17 9.015700e+02 0.000000e+00
    884.390000 1.918900e-17 9.120100e+02 0.000000e+00
    894.630000 2.079200e-17 9.225700e+02 0.000000e+00
    904.990000 2.097500e-17 9.332500e+02 0.000000e+00
    915.470000 3.609800e-17 9.440600e+02 0.000000e+00
    923.940000 2.955900e-16 9.528000e+02 0.000000e+00
    934.640000 6.767100e-16 9.638300e+02 0.000000e+00
    945.460000 1.361700e-15 9.749900e+02 0.000000e+00
    954.210000 2.052100e-15 9.840100e+02 0.000000e+00
    965.260000 2.217300e-15 9.954100e+02 0.000000e+00
    974.190000 3.111000e-16 1.004620e+03 0.000000e+00
    985.470000 1.719700e-15 1.016250e+03 0.000000e+00
    994.590000 2.015900e-15 1.025650e+03 0.000000e+00
   1006.110000 3.303300e-15 1.037530e+03 0.000000e+00
   1015.420000 3.318200e-15 1.047130e+03 0.000000e+00
   1024.810000 1.448200e-15 1.056820e+03 0.000000e+00
   1034.300000 2.191500e-15 1.066600e+03 0.000000e+00
   1043.870000 4.749300e-15 1.076470e+03 0.000000e+00
   1055.950000 4.730900e-15 1.088930e+03 0.000000e+00
   1065.720000 3.546200e-15 1.099010e+03 0.000000e+00
   1075.590000 4.462300e-15 1.109180e+03 0.000000e+00
   1085.540000 3.352100e-15 1.119440e+03 0.000000e+00
   1095.580000 4.887100e-15 1.129800e+03 0.000000e+00
   1105.720000 4.761700e-15 1.140250e+03 0.000000e+00
   1115.950000 4.523100e-15 1.150800e+03 0.000000e+00
   1126.280000 4.046500e-15 1.161450e+03 0.000000e+00
   1134.080000 5.562900e-15 1.169500e+03 0.000000e+00
   1144.580000 5.022200e-15 1.180320e+03 0.000000e+00
   1155.170000 5.539300e-15 1.191240e+03 0.000000e+00
   1165.860000 5.767400e-15 1.202260e+03 0.000000e+00
   1173.940000 3.802800e-15 1.210600e+03 0.000000e+00
   1184.800000 5.722400e-15 1.221800e+03 0.000000e+00
   1195.760000 3.572900e-15 1.233110e+03 0.000000e+00
   1204.050000 2.388200e-15 1.241650e+03 0.000000e+00
   1215.190000 1.834200e-15 1.253140e+03 0.000000e+00
   1223.620000 3.967000e-15 1.261830e+03 0.000000e+00
   1234.940000 6.497900e-15 1.273500e+03 0.000000e+00
   1246.360000 7.261900e-15 1.285290e+03 0.000000e+00
   1255.000000 6.854600e-15 1.294200e+03 0.000000e+00
   1263.700000 5.739800e-15 1.303170e+03 0.000000e+00
   1275.400000 7.944800e-15 1.315220e+03 0.000000e+00
   1284.240000 8.490700e-15 1.324340e+03 0.000000e+00
   1296.120000 6.267000e-15 1.336600e+03 0.000000e+00
   1305.100000 6.221100e-15 1.345860e+03 0.000000e+00
   1314.150000 8.349400e-15 1.355190e+03 0.000000e+00
   1326.310000 7.973800e-15 1.367730e+03 0.000000e+00
   1335.500000 6.814000e-15 1.377210e+03 0.000000e+00
   1344.760000 8.691800e-15 1.386760e+03 0.000000e+00
   1354.080000 8.429300e-15 1.396370e+03 0.000000e+00
   1363.470000 7.352700e-15 1.406050e+03 0.000000e+00
   1376.080000 7.893800e-15 1.419060e+03 0.000000e+00
   1385.620000 8.033200e-15 1.428890e+03 0.000000e+00
   1395.230000 6.989700e-15 1.438800e+03 0.000000e+00
   1404.900000 7.311500e-15 1.448770e+03 0.000000e+00
   1414.640000 7.422100e-15 1.458810e+03 0.000000e+00
   1424.440000 7.798600e-15 1.468930e+03 0.000000e+00
   1434.320000 7.735400e-15 1.479110e+03 0.000000e+00
   1440.940000 8.294300e-15 1.485940e+03 0.000000e+00
   1447.590000 8.492900e-15 1.492790e+03 0.000000e+00
   1454.270000 8.209700e-15 1.499690e+03 0.000000e+00
   1464.350000 7.476600e-15 1.510080e+03 0.000000e+00
   1474.500000 7.517200e-15 1.520550e+03 0.000000e+00
   1484.720000 7.751300e-15 1.531090e+03 0.000000e+00
   1495.010000 7.973800e-15 1.541700e+03 0.000000e+00
   1505.380000 7.463100e-15 1.552390e+03 0.000000e+00
   1512.320000 6.487500e-15 1.559550e+03 0.000000e+00
   1515.810000 7.114500e-15 1.563150e+03 0.000000e+00
   1526.320000 6.797400e-15 1.573980e+03 0.000000e+00
   1533.360000 5.787000e-15 1.581250e+03 0.000000e+00
   1543.990000 6.600700e-15 1.592210e+03 0.000000e+00
   1554.690000 6.204400e-15 1.603250e+03 0.000000e+00
   1565.470000 6.306200e-15 1.614360e+03 0.000000e+00
   1576.320000 6.757800e-15 1.625550e+03 0.000000e+00
   1583.600000 7.224600e-15 1.633050e+03 0.000000e+00
   1594.580000 7.375500e-15 1.644370e+03 0.000000e+00
   1605.630000 7.273300e-15 1.655770e+03 0.000000e+00
   1616.760000 7.355900e-15 1.667250e+03 0.000000e+00
   1624.220000 6.895300e-15 1.674940e+03 0.000000e+00
   1635.480000 7.437000e-15 1.686550e+03 0.000000e+00
   1646.820000 7.554400e-15 1.698240e+03 0.000000e+00
   1654.420000 6.935000e-15 1.706080e+03 0.000000e+00
   1665.880000 7.669800e-15 1.717910e+03 0.000000e+00
   1673.570000 6.692500e-15 1.725840e+03 0.000000e+00
   1677.430000 7.629200e-15 1.729820e+03 0.000000e+00
   1685.170000 8.095700e-15 1.737800e+03 0.000000e+00
   1696.860000 7.548900e-15 1.749850e+03 0.000000e+00
   1704.690000 7.204600e-15 1.757920e+03 0.000000e+00
   1716.500000 6.701400e-15 1.770110e+03 0.000000e+00
   1724.430000 6.681100e-15 1.778280e+03 0.000000e+00
   1736.380000 7.183400e-15 1.790610e+03 0.000000e+00
   1744.400000 7.013900e-15 1.798870e+03 0.000000e+00
   1756.490000 7.557200e-15 1.811340e+03 0.000000e+00
   1764.590000 6.853900e-15 1.819700e+03 0.000000e+00
   1776.830000 7.002700e-15 1.832310e+03 0.000000e+00
   1785.030000 7.174500e-15 1.840770e+03 0.000000e+00
   1793.270000 7.732000e-15 1.849270e+03 0.000000e+00
   1805.700000 7.700300e-15 1.862090e+03 0.000000e+00
   1814.030000 6.949500e-15 1.870680e+03 0.000000e+00
   1826.610000 7.162700e-15 1.883650e+03 0.000000e+00
   1835.040000 6.830700e-15 1.892340e+03 0.000000e+00
   1843.510000 6.220600e-15 1.901080e+03 0.000000e+00
   1856.290000 6.149400e-15 1.914260e+03 0.000000e+00
   1864.850000 6.355300e-15 1.923090e+03 0.000000e+00
   1873.460000 7.069900e-15 1.931970e+03 0.000000e+00
   1886.450000 6.372100e-15 1.945360e+03 0.000000e+00
   1895.160000 6.060300e-15 1.954340e+03 0.000000e+00
   1903.900000 6.511600e-15 1.963360e+03 0.000000e+00
   1917.100000 6.157700e-15 1.976970e+03 0.000000e+00
   1925.950000 6.074900e-15 1.986100e+03 0.000000e+00
   1934.840000 6.362500e-15 1.995260e+03 0.000000e+00
   1943.770000 6.526700e-15 2.004470e+03 0.000000e+00
   1957.240000 6.028900e-15 2.018370e+03 0.000000e+00
   1966.280000 6.702400e-15 2.027680e+03 0.000000e+00
   1975.350000 6.921400e-15 2.037040e+03 0.000000e+00
   1984.470000 6.458400e-15 2.046450e+03 0.000000e+00
   1993.630000 6.237800e-15 2.055890e+03 0.000000e+00
   2003.478579 6.484800e-15 2.065380e+03 0.000000e+00
   2017.371028 6.153800e-15 2.079700e+03 0.000000e+00
   2026.682698 6.545400e-15 2.089300e+03 0.000000e+00
   2036.034395 6.063100e-15 2.098940e+03 0.000000e+00
   2045.426120 6.330200e-15 2.108630e+03 0.000000e+00
   2054.867873 6.013200e-15 2.118360e+03 0.000000e+00
   2064.349653 6.022300e-15 2.128140e+03 0.000000e+00
   2073.881459 6.447400e-15 2.137960e+03 0.000000e+00
   2078.662372 5.993500e-15 2.142890e+03 0.000000e+00
   2083.453291 6.265700e-15 2.147830e+03 0.000000e+00
   2097.886084 5.844900e-15 2.162720e+03 0.000000e+00
   2107.567978 5.905700e-15 2.172700e+03 0.000000e+00
   2117.299898 5.939100e-15 2.182730e+03 0.000000e+00
   2127.071840 6.027500e-15 2.192810e+03 0.000000e+00
   2136.883804 5.552800e-15 2.202930e+03 0.000000e+00
   2146.755795 5.647400e-15 2.213090e+03 0.000000e+00
   2156.657806 5.876800e-15 2.223310e+03 0.000000e+00
   2166.609840 5.680600e-15 2.233570e+03 0.000000e+00
   2176.611898 5.592500e-15 2.243880e+03 0.000000e+00
   2186.653977 5.404700e-15 2.254240e+03 0.000000e+00
   2196.746078 5.661000e-15 2.264640e+03 0.000000e+00
   2206.888201 5.482400e-15 2.275100e+03 0.000000e+00
   2217.070345 5.200000e-15 2.285600e+03 0.000000e+00
   2227.302511 4.965800e-15 2.296150e+03 0.000000e+00
   2237.584699 5.258200e-15 2.306750e+03 0.000000e+00
   2247.916908 5.007400e-15 2.317390e+03 0.000000e+00
   2258.289137 4.830100e-15 2.328090e+03 0.000000e+00
   2263.490258 5.001800e-15 2.333460e+03 0.000000e+00
   2273.942519 5.145900e-15 2.344230e+03 0.000000e+00
   2284.434799 5.282000e-15 2.355050e+03 0.000000e+00
   2294.977100 5.013500e-15 2.365920e+03 0.000000e+00
   2305.569421 4.983000e-15 2.376840e+03 0.000000e+00
   2316.211763 4.762500e-15 2.387810e+03 0.000000e+00
   2326.904125 3.649000e-15 2.398830e+03 0.000000e+00
   2337.646508 4.482500e-15 2.409910e+03 0.000000e+00
   2343.027704 4.422800e-15 2.415460e+03 0.000000e+00
   2353.840116 4.721100e-15 2.426610e+03 0.000000e+00
   2364.712549 4.409600e-15 2.437810e+03 0.000000e+00
   2375.624999 4.526300e-15 2.449060e+03 0.000000e+00
   2386.587470 4.276600e-15 2.460370e+03 0.000000e+00
   2397.599959 4.596800e-15 2.471720e+03 0.000000e+00
   2403.131213 4.391700e-15 2.477420e+03 0.000000e+00
   2414.223733 4.518400e-15 2.488860e+03 0.000000e+00
   2425.366272 4.724400e-15 2.500350e+03 0.000000e+00
   2436.558830 4.536300e-15 2.511890e+03 0.000000e+00
   2447.801407 4.820200e-15 2.523480e+03 0.000000e+00
   2453.442703 4.745100e-15 2.529300e+03 0.000000e+00
   2464.765309 4.749000e-15 2.540970e+03 0.000000e+00
   2476.147937 4.602200e-15 2.552700e+03 0.000000e+00
   2487.570580 4.812000e-15 2.564480e+03 0.000000e+00
   2493.311912 4.534300e-15 2.570400e+03 0.000000e+00
   2504.814585 4.976000e-15 2.582260e+03 0.000000e+00
   2516.377278 4.552400e-15 2.594180e+03 0.000000e+00
   2527.989991 4.524900e-15 2.606150e+03 0.000000e+00
   2533.821355 4.579300e-15 2.612160e+03 0.000000e+00
   2545.514095 4.468600e-15 2.624220e+03 0.000000e+00
   2557.256854 4.737400e-15 2.636330e+03 0.000000e+00
   2563.158243 4.685200e-15 2.642410e+03 0.000000e+00
   2574.991033 4.955600e-15 2.654610e+03 0.000000e+00
   2586.873840 4.914400e-15 2.666860e+03 0.000000e+00
   2592.835251 4.894000e-15 2.673010e+03 0.000000e+00
   2604.798087 4.742800e-15 2.685340e+03 0.000000e+00
   2616.820942 4.725200e-15 2.697740e+03 0.000000e+00
   2622.852377 4.882100e-15 2.703960e+03 0.000000e+00
   2634.965263 4.931600e-15 2.716440e+03 0.000000e+00
   2647.128167 5.240400e-15 2.728980e+03 0.000000e+00
   2653.229626 5.242700e-15 2.735270e+03 0.000000e+00
   2665.472557 4.897100e-15 2.747890e+03 0.000000e+00
   2677.775509 5.108900e-15 2.760580e+03 0.000000e+00
   2683.946991 5.052700e-15 2.766940e+03 0.000000e+00
   2696.329970 4.930700e-15 2.779710e+03 0.000000e+00
   2708.782971 5.015300e-15 2.792540e+03 0.000000e+00
   2715.024477 4.869600e-15 2.798980e+03 0.000000e+00
   2727.557506 4.907700e-15 2.811900e+03 0.000000e+00
   2733.839025 5.129500e-15 2.818380e+03 0.000000e+00
   2746.462083 4.618100e-15 2.831390e+03 0.000000e+00
   2752.793619 4.652300e-15 2.837920e+03 0.000000e+00
   2765.496704 4.775900e-15 2.851020e+03 0.000000e+00
   2778.259809 4.982600e-15 2.864180e+03 0.000000e+00
   2784.661368 4.905100e-15 2.870780e+03 0.000000e+00
   2797.514502 4.140500e-15 2.884030e+03 0.000000e+00
   2803.966077 4.438600e-15 2.890680e+03 0.000000e+00
   2816.909240 5.030900e-15 2.904020e+03 0.000000e+00
   2823.400828 5.103200e-15 2.910720e+03 0.000000e+00
   2836.434020 4.878100e-15 2.924150e+03 0.000000e+00
   2842.975624 4.824500e-15 2.930890e+03 0.000000e+00
   2856.098846 4.817800e-15 2.944420e+03 0.000000e+00
   2862.680463 5.035600e-15 2.951210e+03 0.000000e+00
   2875.893714 4.959800e-15 2.964830e+03 0.000000e+00
   2889.166983 4.998800e-15 2.978520e+03 0.000000e+00
   2895.818624 4.921200e-15 2.985380e+03 0.000000e+00
   2909.191925 5.181800e-15 2.999160e+03 0.000000e+00
   2929.356910 5.071000e-15 3.019950e+03 0.000000e+00
   2949.661940 5.031700e-15 3.040890e+03 0.000000e+00
   2970.107015 5.085500e-15 3.061960e+03 0.000000e+00
   2990.692133 5.092900e-15 3.083190e+03 0.000000e+00
   3011.417296 5.135600e-15 3.104560e+03 0.000000e+00
   3032.292505 5.143100e-15 3.126080e+03 0.000000e+00
   3053.307758 5.103400e-15 3.147750e+03 0.000000e+00
   3067.401286 5.084900e-15 3.162280e+03 0.000000e+00
   3088.666616 5.104100e-15 3.184200e+03 0.000000e+00
   3110.071989 5.041500e-15 3.206270e+03 0.000000e+00
   3131.637412 5.025800e-15 3.228490e+03 0.000000e+00
   3153.342878 5.045000e-15 3.250870e+03 0.000000e+00
   3167.896547 5.003700e-15 3.265880e+03 0.000000e+00
   3189.852090 4.863500e-15 3.288520e+03 0.000000e+00
   3211.957678 4.961400e-15 3.311310e+03 0.000000e+00
   3234.223314 4.889500e-15 3.334260e+03 0.000000e+00
   3249.157099 4.939800e-15 3.349660e+03 0.000000e+00
   3271.672812 4.970200e-15 3.372870e+03 0.000000e+00
   3294.348573 4.955000e-15 3.396250e+03 0.000000e+00
   3309.552440 4.960100e-15 3.411930e+03 0.000000e+00
   3324.836330 4.999600e-15 3.427680e+03 0.000000e+00
   3332.498282 4.979200e-15 3.435580e+03 0.000000e+00
   3340.180239 4.812700e-15 3.443500e+03 0.000000e+00
   3347.882202 4.984400e-15 3.451440e+03 0.000000e+00
   3355.594169 4.795600e-15 3.459390e+03 0.000000e+00
   3363.326142 4.842500e-15 3.467370e+03 0.000000e+00
   3371.088123 4.734700e-15 3.475360e+03 0.000000e+00
   3378.860107 4.748100e-15 3.483370e+03 0.000000e+00
   3386.642095 4.917500e-15 3.491400e+03 0.000000e+00
   3394.454091 4.988600e-15 3.499450e+03 0.000000e+00
   3402.276090 5.084000e-15 3.507520e+03 0.000000e+00
   3410.118095 4.791100e-15 3.515600e+03 0.000000e+00
   3417.980107 4.927900e-15 3.523710e+03 0.000000e+00
   3425.862124 4.987600e-15 3.531830e+03 0.000000e+00
   3433.754144 5.048000e-15 3.539970e+03 0.000000e+00
   3441.666170 5.015900e-15 3.548130e+03 0.000000e+00
   3449.608205 4.859400e-15 3.556310e+03 0.000000e+00
   3457.560243 4.738800e-15 3.564510e+03 0.000000e+00
   3465.522284 4.715700e-15 3.572730e+03 0.000000e+00
   3473.514334 4.824300e-15 3.580960e+03 0.000000e+00
   3481.526390 4.789800e-15 3.589220e+03 0.000000e+00
   3489.548449 4.844000e-15 3.597490e+03 0.000000e+00
   3497.590514 4.865100e-15 3.605790e+03 0.000000e+00
   3505.652584 4.753000e-15 3.614100e+03 0.000000e+00
   3513.734661 4.729900e-15 3.622430e+03 0.000000e+00
   3521.836743 4.805500e-15 3.630780e+03 0.000000e+00
   3529.958832 4.771100e-15 3.639150e+03 0.000000e+00
   3538.090923 4.858500e-15 3.647540e+03 0.000000e+00
   3546.243021 4.902100e-15 3.655950e+03 0.000000e+00
   3554.425127 4.923400e-15 3.664370e+03 0.000000e+00
   3562.617236 4.922100e-15 3.672820e+03 0.000000e+00
   3570.829351 4.786600e-15 3.681290e+03 0.000000e+00
   3579.061472 4.601600e-15 3.689780e+03 0.000000e+00
   3587.313598 4.558200e-15 3.698280e+03 0.000000e+00
   3595.575728 4.599100e-15 3.706810e+03 0.000000e+00
   3603.867867 4.726700e-15 3.715350e+03 0.000000e+00
   3612.180011 4.703600e-15 3.723920e+03 0.000000e+00
   3620.502158 4.778700e-15 3.732500e+03 0.000000e+00
   3628.844312 4.922600e-15 3.741110e+03 0.000000e+00
   3637.206471 4.798100e-15 3.749730e+03 0.000000e+00
   3637.996675 4.617900e-15 3.750540e+03 1.000000e+00
   3640.667365 5.455900e-15 3.753290e+03 1.000000e+00
   3643.328052 4.421200e-15 3.756040e+03 1.000000e+00
   3645.998742 3.902100e-15 3.758790e+03 1.000000e+00
   3648.669432 3.969400e-15 3.761540e+03 1.000000e+00
   3651.330119 3.632100e-15 3.764290e+03 1.000000e+00
   3654.000810 5.463700e-15 3.767040e+03 1.000000e+00
   3656.671500 4.410900e-15 3.769790e+03 1.000000e+00
   3659.342190 5.999800e-15 3.772540e+03 1.000000e+00
   3662.002878 6.185400e-15 3.775290e+03 1.000000e+00
   3664.673568 3.885900e-15 3.778040e+03 1.000000e+00
   3667.344258 5.004500e-15 3.780790e+03 1.000000e+00
   3670.004946 4.416300e-15 3.783540e+03 1.000000e+00
   3672.675637 4.629100e-15 3.786290e+03 1.000000e+00
   3675.346328 3.701400e-15 3.789040e+03 1.000000e+00
   3678.007016 4.130500e-15 3.791790e+03 1.000000e+00
   3680.677707 4.466600e-15 3.794540e+03 1.000000e+00
   3683.348397 5.106800e-15 3.797290e+03 1.000000e+00
   3686.009086 5.674400e-15 3.800040e+03 1.000000e+00
   3688.679777 3.885000e-15 3.802790e+03 1.000000e+00
   3691.350468 3.627600e-15 3.805540e+03 1.000000e+00
   3694.011156 3.113100e-15 3.808290e+03 1.000000e+00
   3696.681847 4.271600e-15 3.811040e+03 1.000000e+00
   3699.352539 4.794300e-15 3.813790e+03 1.000000e+00
   3702.013227 4.202800e-15 3.816540e+03 1.000000e+00
   3704.683919 3.455000e-15 3.819290e+03 1.000000e+00
   3707.354610 4.631500e-15 3.822040e+03 1.000000e+00
   3710.015299 4.215500e-15 3.824790e+03 1.000000e+00
   3712.685990 5.923400e-15 3.827540e+03 1.000000e+00
   3715.356682 4.096600e-15 3.830290e+03 1.000000e+00
   3718.017371 4.540700e-15 3.833040e+03 1.000000e+00
   3720.688063 5.625400e-15 3.835790e+03 1.000000e+00
   3723.358755 7.786400e-15 3.838540e+03 1.000000e+00
   3726.019444 9.618700e-15 3.841290e+03 1.000000e+00
   3728.690136 1.495800e-14 3.844040e+03 1.000000e+00
   3731.360828 1.792500e-14 3.846790e+03 1.000000e+00
   3734.021517 1.723100e-14 3.849540e+03 1.000000e+00
   3736.692210 1.204600e-14 3.852290e+03 1.000000e+00
   3739.362902 8.100500e-15 3.855040e+03 1.000000e+00
   3742.023591 6.472500e-15 3.857790e+03 1.000000e+00
   3744.694284 5.715700e-15 3.860540e+03 1.000000e+00
   3747.364976 5.212400e-15 3.863290e+03 1.000000e+00
   3750.025666 5.716100e-15 3.866040e+03 1.000000e+00
   3752.696358 5.019500e-15 3.868790e+03 1.000000e+00
   3755.367051 3.973500e-15 3.871540e+03 1.000000e+00
   3758.027741 5.230600e-15 3.874290e+03 1.000000e+00
   3760.698434 4.872200e-15 3.877040e+03 1.000000e+00
   3763.369126 5.253300e-15 3.879790e+03 1.000000e+00
   3766.029816 5.174400e-15 3.882540e+03 1.000000e+00
   3768.700509 4.919600e-15 3.885290e+03 1.000000e+00
   3771.371202 5.843800e-15 3.888040e+03 1.000000e+00
   3774.031893 5.166200e-15 3.890790e+03 1.000000e+00
   3776.702586 5.805000e-15 3.893540e+03 1.000000e+00
   3779.373279 7.006700e-15 3.896290e+03 1.000000e+00
   3782.033969 6.524300e-15 3.899040e+03 1.000000e+00
   3784.704662 6.261200e-15 3.901790e+03 1.000000e+00
   3787.375356 7.710400e-15 3.904540e+03 1.000000e+00
   3790.036046 7.129500e-15 3.907290e+03 1.000000e+00
   3792.706740 7.360300e-15 3.910040e+03 1.000000e+00
   3795.377433 6.988300e-15 3.912790e+03 1.000000e+00
   3798.038124 6.388200e-15 3.915540e+03 1.000000e+00
   3800.708818 5.559700e-15 3.918290e+03 1.000000e+00
   3803.379511 5.564100e-15 3.921040e+03 1.000000e+00
   3806.040202 5.589500e-15 3.923790e+03 1.000000e+00
   3808.710896 6.419700e-15 3.926540e+03 1.000000e+00
   3811.381590 5.954700e-15 3.929290e+03 1.000000e+00
   3814.042281 6.574600e-15 3.932040e+03 1.000000e+00
   3816.712975 6.460900e-15 3.934790e+03 1.000000e+00
   3819.383669 6.060200e-15 3.937540e+03 1.000000e+00
   3822.054363 6.463900e-15 3.940290e+03 1.000000e+00
   3824.715054 7.058800e-15 3.943040e+03 1.000000e+00
   3827.385749 6.838800e-15 3.945790e+03 1.000000e+00
   3830.056443 6.716400e-15 3.948540e+03 1.000000e+00
   3832.717134 5.431800e-15 3.951290e+03 1.000000e+00
   3835.387829 5.560300e-15 3.954040e+03 1.000000e+00
   3838.058523 5.295400e-15 3.956790e+03 1.000000e+00
   3840.719215 4.434400e-15 3.959540e+03 1.000000e+00
   3843.389909 4.571100e-15 3.962290e+03 1.000000e+00
   3846.060604 6.061800e-15 3.965040e+03 1.000000e+00
   3848.721296 6.585400e-15 3.967790e+03 1.000000e+00
   3851.391990 6.119400e-15 3.970540e+03 1.000000e+00
   3854.062685 6.164800e-15 3.973290e+03 1.000000e+00
   3856.723377 6.865700e-15 3.976040e+03 1.000000e+00
   3859.394072 7.199500e-15 3.978790e+03 1.000000e+00
   3862.064767 6.784300e-15 3.981540e+03 1.000000e+00
   3864.725459 7.653400e-15 3.984290e+03 1.000000e+00
   3867.396154 7.613400e-15 3.987040e+03 1.000000e+00
   3870.066849 7.767700e-15 3.989790e+03 1.000000e+00
   3872.727542 7.345400e-15 3.992540e+03 1.000000e+00
   3875.398237 7.133100e-15 3.995290e+03 1.000000e+00
   3878.068932 6.784200e-15 3.998040e+03 1.000000e+00
   3880.729625 6.242600e-15 4.000790e+03 1.000000e+00
   3883.400320 7.418500e-15 4.003540e+03 1.000000e+00
   3886.071015 6.783900e-15 4.006290e+03 1.000000e+00
   3888.731708 6.785800e-15 4.009040e+03 1.000000e+00
   3891.402404 5.269800e-15 4.011790e+03 1.000000e+00
   3894.073099 5.496700e-15 4.014540e+03 1.000000e+00
   3896.733792 5.758200e-15 4.017290e+03 1.000000e+00
   3899.404488 6.068700e-15 4.020040e+03 1.000000e+00
   3902.075183 6.075800e-15 4.022790e+03 1.000000e+00
   3904.735876 6.882500e-15 4.025540e+03 1.000000e+00
   3907.406572 7.528800e-15 4.028290e+03 1.000000e+00
   3910.077268 7.968600e-15 4.031040e+03 1.000000e+00
   3912.737961 6.734300e-15 4.033790e+03 1.000000e+00
   3915.408657 7.201500e-15 4.036540e+03 1.000000e+00
   3918.079353 8.892900e-15 4.039290e+03 1.000000e+00
   3920.740046 7.359400e-15 4.042040e+03 1.000000e+00
   3923.410743 7.790600e-15 4.044790e+03 1.000000e+00
   3926.081439 7.394800e-15 4.047540e+03 1.000000e+00
   3928.742132 8.496800e-15 4.050290e+03 1.000000e+00
   3931.412828 7.432100e-15 4.053040e+03 1.000000e+00
   3934.083525 6.242500e-15 4.055790e+03 1.000000e+00
   3936.744218 6.858400e-15 4.058540e+03 1.000000e+00
   3939.414915 7.008700e-15 4.061290e+03 1.000000e+00
   3942.085611 6.890400e-15 4.064040e+03 1.000000e+00
   3944.746305 7.203800e-15 4.066790e+03 1.000000e+00
   3947.417002 7.119000e-15 4.069540e+03 1.000000e+00
   3950.087698 7.878900e-15 4.072290e+03 1.000000e+00
   3952.748392 7.606100e-15 4.075040e+03 1.000000e+00
   3955.419089 7.015100e-15 4.077790e+03 1.000000e+00
   3958.089786 6.510000e-15 4.080540e+03 1.000000e+00
   3960.750480 6.751000e-15 4.083290e+03 1.000000e+00
   3963.421177 6.203800e-15 4.086040e+03 1.000000e+00
   3966.091874 6.588400e-15 4.088790e+03 1.000000e+00
   3968.752568 5.626000e-15 4.091540e+03 1.000000e+00
   3971.423265 6.062900e-15 4.094290e+03 1.000000e+00
   3974.093962 4.526600e-15 4.097040e+03 1.000000e+00
   3976.754656 5.286900e-15 4.099790e+03 1.000000e+00
   3979.425354 5.543300e-15 4.102540e+03 1.000000e+00
   3982.096051 6.310600e-15 4.105290e+03 1.000000e+00
   3984.766748 6.841900e-15 4.108040e+03 1.000000e+00
   3987.427443 6.747400e-15 4.110790e+03 1.000000e+00
   3990.098140 6.607600e-15 4.113540e+03 1.000000e+00
   3992.768837 7.507300e-15 4.116290e+03 1.000000e+00
   3995.429532 7.611300e-15 4.119040e+03 1.000000e+00
   3998.100230 8.010000e-15 4.121790e+03 1.000000e+00
   4000.770927 7.023400e-15 4.124540e+03 1.000000e+00
   4003.431622 8.137500e-15 4.127290e+03 1.000000e+00
   4006.102320 7.872200e-15 4.130040e+03 1.000000e+00
   4008.773017 6.756400e-15 4.132790e+03 1.000000e+00
   4011.433712 7.034900e-15 4.135540e+03 1.000000e+00
   4014.104410 7.202800e-15 4.138290e+03 1.000000e+00
   4016.775108 7.095300e-15 4.141040e+03 1.000000e+00
   4019.435803 8.122300e-15 4.143790e+03 1.000000e+00
   4022.106501 8.048100e-15 4.146540e+03 1.000000e+00
   4024.777199 7.720800e-15 4.149290e+03 1.000000e+00
   4027.437894 8.277700e-15 4.152040e+03 1.000000e+00
   4030.108592 8.502200e-15 4.154790e+03 1.000000e+00
   4032.779291 7.737600e-15 4.157540e+03 1.000000e+00
   4035.439986 7.667500e-15 4.160290e+03 1.000000e+00
   4038.110684 7.877600e-15 4.163040e+03 1.000000e+00
   4040.781382 7.729700e-15 4.165790e+03 1.000000e+00
   4043.442078 8.091600e-15 4.168540e+03 1.000000e+00
   4046.112776 7.483700e-15 4.171290e+03 1.000000e+00
   4048.783475 8.042600e-15 4.174040e+03 1.000000e+00
   4051.444171 7.325000e-15 4.176790e+03 1.000000e+00
   4054.114869 6.949600e-15 4.179540e+03 1.000000e+00
   4056.785568 7.310100e-15 4.182290e+03 1.000000e+00
   4059.446263 7.523700e-15 4.185040e+03 1.000000e+00
   4062.116962 8.540300e-15 4.187790e+03 1.000000e+00
   4064.787661 7.427800e-15 4.190540e+03 1.000000e+00
   4067.448357 7.491100e-15 4.193290e+03 1.000000e+00
   4070.119055 7.833600e-15 4.196040e+03 1.000000e+00
   4072.789754 8.281000e-15 4.198790e+03 1.000000e+00
   4075.450450 7.746400e-15 4.201540e+03 1.000000e+00
   4078.121149 8.221100e-15 4.204290e+03 1.000000e+00
   4080.791848 7.361200e-15 4.207040e+03 1.000000e+00
   4083.452545 7.501900e-15 4.209790e+03 1.000000e+00
   4086.123244 7.737900e-15 4.212540e+03 1.000000e+00
   4088.793943 7.761400e-15 4.215290e+03 1.000000e+00
   4091.454639 7.806200e-15 4.218040e+03 1.000000e+00
   4094.125338 6.798700e-15 4.220790e+03 1.000000e+00
   4096.796037 7.735800e-15 4.223540e+03 1.000000e+00
   4099.456734 6.776600e-15 4.226290e+03 1.000000e+00
   4102.127433 6.812000e-15 4.229040e+03 1.000000e+00
   4104.798132 6.459300e-15 4.231790e+03 1.000000e+00
   4107.458829 5.881200e-15 4.234540e+03 1.000000e+00
   4110.129529 6.501200e-15 4.237290e+03 1.000000e+00
   4112.800228 5.721800e-15 4.240040e+03 1.000000e+00
   4115.460925 7.019100e-15 4.242790e+03 1.000000e+00
   4118.131624 7.302300e-15 4.245540e+03 1.000000e+00
   4120.802324 7.209100e-15 4.248290e+03 1.000000e+00
   4123.463021 7.678800e-15 4.251040e+03 1.000000e+00
   4126.133721 7.910800e-15 4.253790e+03 1.000000e+00
   4128.804420 7.828600e-15 4.256540e+03 1.000000e+00
   4131.465117 7.208600e-15 4.259290e+03 1.000000e+00
   4134.135817 6.695000e-15 4.262040e+03 1.000000e+00
   4136.806517 7.357700e-15 4.264790e+03 1.000000e+00
   4139.467214 8.202600e-15 4.267540e+03 1.000000e+00
   4142.137914 8.015600e-15 4.270290e+03 1.000000e+00
   4144.808614 7.293600e-15 4.273040e+03 1.000000e+00
   4147.479314 7.601900e-15 4.275790e+03 1.000000e+00
   4150.140011 7.066700e-15 4.278540e+03 1.000000e+00
   4152.810711 6.864200e-15 4.281290e+03 1.000000e+00
   4155.481412 6.931500e-15 4.284040e+03 1.000000e+00
   4158.142109 7.223000e-15 4.286790e+03 1.000000e+00
   4160.812809 7.345100e-15 4.289540e+03 1.000000e+00
   4163.483510 7.925100e-15 4.292290e+03 1.000000e+00
   4166.144207 8.107600e-15 4.295040e+03 1.000000e+00
   4168.814908 7.758100e-15 4.297790e+03 1.000000e+00
   4171.485608 7.212400e-15 4.300540e+03 1.000000e+00
   4174.146306 6.855200e-15 4.303290e+03 1.000000e+00
   4176.817006 7.501100e-15 4.306040e+03 1.000000e+00
   4179.487707 7.153400e-15 4.308790e+03 1.000000e+00
   4182.148404 7.266300e-15 4.311540e+03 1.000000e+00
   4184.819105 7.529400e-15 4.314290e+03 1.000000e+00
   4187.489806 7.648400e-15 4.317040e+03 1.000000e+00
   4190.150504 7.174500e-15 4.319790e+03 1.000000e+00
   4192.821204 7.504800e-15 4.322540e+03 1.000000e+00
   4195.491905 7.439000e-15 4.325290e+03 1.000000e+00
   4198.152603 7.881300e-15 4.328040e+03 1.000000e+00
   4200.823304 7.763700e-15 4.330790e+03 1.000000e+00
   4203.494005 7.800800e-15 4.333540e+03 1.000000e+00
   4206.154703 7.415100e-15 4.336290e+03 1.000000e+00
   4208.825404 7.461100e-15 4.339040e+03 1.000000e+00
   4211.496105 8.101700e-15 4.341790e+03 1.000000e+00
   4214.156803 7.553600e-15 4.344540e+03 1.000000e+00
   4216.827504 6.623100e-15 4.347290e+03 1.000000e+00
   4219.498206 7.230400e-15 4.350040e+03 1.000000e+00
   4222.158904 7.372500e-15 4.352790e+03 1.000000e+00
   4224.829605 7.656000e-15 4.355540e+03 1.000000e+00
   4227.500306 7.505700e-15 4.358290e+03 1.000000e+00
   4230.161005 7.150000e-15 4.361040e+03 1.000000e+00
   4232.831706 7.582900e-15 4.363790e+03 1.000000e+00
   4235.502408 7.857500e-15 4.366540e+03 1.000000e+00
   4238.163106 7.474100e-15 4.369290e+03 1.000000e+00
   4240.833808 7.490000e-15 4.372040e+03 1.000000e+00
   4243.504509 7.231600e-15 4.374790e+03 1.000000e+00
   4246.165208 7.575900e-15 4.377540e+03 1.000000e+00
   4248.835910 7.856100e-15 4.380290e+03 1.000000e+00
   4251.506611 7.907400e-15 4.383040e+03 1.000000e+00
   4254.167310 7.997600e-15 4.385790e+03 1.000000e+00
   4256.838012 7.484600e-15 4.388540e+03 1.000000e+00
   4259.508713 7.029600e-15 4.391290e+03 1.000000e+00
   4262.169412 7.394100e-15 4.394040e+03 1.000000e+00
   4264.840114 7.282300e-15 4.396790e+03 1.000000e+00
   4267.510816 7.187900e-15 4.399540e+03 1.000000e+00
   4270.171515 7.527700e-15 4.402290e+03 1.000000e+00
   4272.842217 7.426700e-15 4.405040e+03 1.000000e+00
   4275.512919 7.523000e-15 4.407790e+03 1.000000e+00
   4278.173618 7.415000e-15 4.410540e+03 1.000000e+00
   4280.844320 7.719500e-15 4.413290e+03 1.000000e+00
   4283.515022 7.612700e-15 4.416040e+03 1.000000e+00
   4286.175722 7.649700e-15 4.418790e+03 1.000000e+00
   4288.846424 8.082100e-15 4.421540e+03 1.000000e+00
   4291.517126 7.544000e-15 4.424290e+03 1.000000e+00
   4294.177825 7.108400e-15 4.427040e+03 1.000000e+00
   4296.848527 6.712600e-15 4.429790e+03 1.000000e+00
   4299.519230 7.588100e-15 4.432540e+03 1.000000e+00
   4302.179929 7.299900e-15 4.435290e+03 1.000000e+00
   4304.850632 7.015300e-15 4.438040e+03 1.000000e+00
   4307.521334 6.651800e-15 4.440790e+03 1.000000e+00
   4310.192036 6.455300e-15 4.443540e+03 1.000000e+00
   4312.852736 6.945100e-15 4.446290e+03 1.000000e+00
   4315.523439 6.770300e-15 4.449040e+03 1.000000e+00
   4318.194141 7.026300e-15 4.451790e+03 1.000000e+00
   4320.854841 7.257200e-15 4.454540e+03 1.000000e+00
   4323.525544 7.629500e-15 4.457290e+03 1.000000e+00
   4326.196246 7.563100e-15 4.460040e+03 1.000000e+00
   4328.856946 7.232400e-15 4.462790e+03 1.000000e+00
   4331.527649 6.819200e-15 4.465540e+03 1.000000e+00
   4334.198351 6.317900e-15 4.468290e+03 1.000000e+00
   4336.859052 6.739200e-15 4.471040e+03 1.000000e+00
   4339.529754 6.783500e-15 4.473790e+03 1.000000e+00
   4342.200457 6.707000e-15 4.476540e+03 1.000000e+00
   4344.861157 7.418900e-15 4.479290e+03 1.000000e+00
   4347.531860 7.229900e-15 4.482040e+03 1.000000e+00
   4350.202563 7.263700e-15 4.484790e+03 1.000000e+00
   4352.863263 7.353300e-15 4.487540e+03 1.000000e+00
   4355.533966 6.702900e-15 4.490290e+03 1.000000e+00
   4358.204669 6.347200e-15 4.493040e+03 1.000000e+00
   4360.865370 7.163300e-15 4.495790e+03 1.000000e+00
   4363.536073 7.497400e-15 4.498540e+03 1.000000e+00
   4366.206776 7.881900e-15 4.501290e+03 1.000000e+00
   4368.867477 7.586800e-15 4.504040e+03 1.000000e+00
   4371.538180 7.307400e-15 4.506790e+03 1.000000e+00
   4374.208883 7.943700e-15 4.509540e+03 1.000000e+00
   4376.869584 7.528100e-15 4.512290e+03 1.000000e+00
   4379.540287 7.762000e-15 4.515040e+03 1.000000e+00
   4382.210990 7.725100e-15 4.517790e+03 1.000000e+00
   4384.871691 6.996200e-15 4.520540e+03 1.000000e+00
   4387.542394 6.549900e-15 4.523290e+03 1.000000e+00
   4390.213098 7.165200e-15 4.526040e+03 1.000000e+00
   4392.873799 7.559300e-15 4.528790e+03 1.000000e+00
   4395.544502 7.271000e-15 4.531540e+03 1.000000e+00
   4398.215206 7.146800e-15 4.534290e+03 1.000000e+00
   4400.875907 6.884400e-15 4.537040e+03 1.000000e+00
   4403.546610 7.026800e-15 4.539790e+03 1.000000e+00
   4406.217314 7.472900e-15 4.542540e+03 1.000000e+00
   4408.878015 7.357200e-15 4.545290e+03 1.000000e+00
   4411.548719 7.500300e-15 4.548040e+03 1.000000e+00
   4414.219422 7.407800e-15 4.550790e+03 1.000000e+00
   4416.880124 7.408500e-15 4.553540e+03 1.000000e+00
   4419.550827 6.730400e-15 4.556290e+03 1.000000e+00
   4422.221531 7.600200e-15 4.559040e+03 1.000000e+00
   4424.882232 7.457600e-15 4.561790e+03 1.000000e+00
   4427.552936 7.056600e-15 4.564540e+03 1.000000e+00
   4430.223640 7.541400e-15 4.567290e+03 1.000000e+00
   4432.884342 7.860600e-15 4.570040e+03 1.000000e+00
   4435.555046 7.624800e-15 4.572790e+03 1.000000e+00
   4438.225750 7.733800e-15 4.575540e+03 1.000000e+00
   4440.886451 8.470000e-15 4.578290e+03 1.000000e+00
   4443.557155 7.737500e-15 4.581040e+03 1.000000e+00
   4446.227859 7.253900e-15 4.583790e+03 1.000000e+00
   4448.888561 7.624400e-15 4.586540e+03 1.000000e+00
   4451.559265 7.359500e-15 4.589290e+03 1.000000e+00
   4454.229969 7.396300e-15 4.592040e+03 1.000000e+00
   4456.890671 7.407800e-15 4.594790e+03 1.000000e+00
   4459.561375 7.525600e-15 4.597540e+03 1.000000e+00
   4462.232080 7.177400e-15 4.600290e+03 1.000000e+00
   4464.892781 6.784500e-15 4.603040e+03 1.000000e+00
   4467.563486 7.369200e-15 4.605790e+03 1.000000e+00
   4470.234190 7.637400e-15 4.608540e+03 1.000000e+00
   4472.904895 6.946400e-15 4.611290e+03 1.000000e+00
   4475.565596 7.298600e-15 4.614040e+03 1.000000e+00
   4478.236301 7.551200e-15 4.616790e+03 1.000000e+00
   4480.907005 7.678200e-15 4.619540e+03 1.000000e+00
   4483.567707 7.419600e-15 4.622290e+03 1.000000e+00
   4486.238412 7.449200e-15 4.625040e+03 1.000000e+00
   4488.909117 7.709500e-15 4.627790e+03 1.000000e+00
   4491.569819 8.437800e-15 4.630540e+03 1.000000e+00
   4494.240523 7.627400e-15 4.633290e+03 1.000000e+00
   4496.911228 7.235300e-15 4.636040e+03 1.000000e+00
   4499.571930 7.282100e-15 4.638790e+03 1.000000e+00
   4502.242635 7.187300e-15 4.641540e+03 1.000000e+00
   4504.913340 7.895900e-15 4.644290e+03 1.000000e+00
   4507.574042 8.339300e-15 4.647040e+03 1.000000e+00
   4510.244747 7.966200e-15 4.649790e+03 1.000000e+00
   4512.915452 8.045400e-15 4.652540e+03 1.000000e+00
   4515.576154 7.978700e-15 4.655290e+03 1.000000e+00
   4518.246859 8.168700e-15 4.658040e+03 1.000000e+00
   4520.917564 7.657600e-15 4.660790e+03 1.000000e+00
   4523.578267 7.216900e-15 4.663540e+03 1.000000e+00
   4526.248972 7.649500e-15 4.666290e+03 1.000000e+00
   4528.919677 8.182800e-15 4.669040e+03 1.000000e+00
   4531.580380 8.104900e-15 4.671790e+03 1.000000e+00
   4534.251085 7.190100e-15 4.674540e+03 1.000000e+00
   4536.921790 7.469900e-15 4.677290e+03 1.000000e+00
   4539.582493 7.337900e-15 4.680040e+03 1.000000e+00
   4542.253198 7.634700e-15 4.682790e+03 1.000000e+00
   4544.923903 7.681200e-15 4.685540e+03 1.000000e+00
   4547.584606 7.795900e-15 4.688290e+03 1.000000e+00
   4550.255311 7.384700e-15 4.691040e+03 1.000000e+00
   4552.926017 7.547500e-15 4.693790e+03 1.000000e+00
   4555.586719 6.932500e-15 4.696540e+03 1.000000e+00
   4558.257425 7.348100e-15 4.699290e+03 1.000000e+00
   4560.928130 8.094500e-15 4.702040e+03 1.000000e+00
   4563.588833 7.255900e-15 4.704790e+03 1.000000e+00
   4566.259539 6.839300e-15 4.707540e+03 1.000000e+00
   4568.930244 7.017500e-15 4.710290e+03 1.000000e+00
   4571.590947 6.993400e-15 4.713040e+03 1.000000e+00
   4574.261653 7.966100e-15 4.715790e+03 1.000000e+00
   4576.932358 7.272400e-15 4.718540e+03 1.000000e+00
   4579.593061 7.310000e-15 4.721290e+03 1.000000e+00
   4582.263767 7.005800e-15 4.724040e+03 1.000000e+00
   4584.934473 7.583600e-15 4.726790e+03 1.000000e+00
   4587.595176 7.608000e-15 4.729540e+03 1.000000e+00
   4590.265882 7.399700e-15 4.732290e+03 1.000000e+00
   4592.936588 7.181500e-15 4.735040e+03 1.000000e+00
   4595.597291 7.525600e-15 4.737790e+03 1.000000e+00
   4598.267997 8.147700e-15 4.740540e+03 1.000000e+00
   4600.938703 7.743400e-15 4.743290e+03 1.000000e+00
   4603.599406 7.747600e-15 4.746040e+03 1.000000e+00
   4606.270112 7.505900e-15 4.748790e+03 1.000000e+00
   4608.940818 7.768200e-15 4.751540e+03 1.000000e+00
   4611.601521 8.295300e-15 4.754290e+03 1.000000e+00
   4614.272227 7.264500e-15 4.757040e+03 1.000000e+00
   4616.942934 8.115900e-15 4.759790e+03 1.000000e+00
   4619.603637 8.100800e-15 4.762540e+03 1.000000e+00
   4622.274343 7.570300e-15 4.765290e+03 1.000000e+00
   4624.945049 8.124000e-15 4.768040e+03 1.000000e+00
   4627.605753 7.771700e-15 4.770790e+03 1.000000e+00
   4630.276459 7.775600e-15 4.773540e+03 1.000000e+00
   4632.947165 8.118500e-15 4.776290e+03 1.000000e+00
   4635.617872 7.244500e-15 4.779040e+03 1.000000e+00
   4638.278575 7.473600e-15 4.781790e+03 1.000000e+00
   4640.949282 7.853000e-15 4.784540e+03 1.000000e+00
   4643.619988 7.759700e-15 4.787290e+03 1.000000e+00
   4646.280692 7.437300e-15 4.790040e+03 1.000000e+00
   4648.951398 7.554300e-15 4.792790e+03 1.000000e+00
   4651.622105 7.478100e-15 4.795540e+03 1.000000e+00
   4654.282809 7.053300e-15 4.798290e+03 1.000000e+00
   4656.953515 7.612000e-15 4.801040e+03 1.000000e+00
   4659.624222 7.573500e-15 4.803790e+03 1.000000e+00
   4662.284926 7.720700e-15 4.806540e+03 1.000000e+00
   4664.955632 7.763600e-15 4.809290e+03 1.000000e+00
   4667.626339 7.456100e-15 4.812040e+03 1.000000e+00
   4670.287043 7.713400e-15 4.814790e+03 1.000000e+00
   4672.957750 7.312900e-15 4.817540e+03 1.000000e+00
   4675.628456 7.124100e-15 4.820290e+03 1.000000e+00
   4678.289160 7.433600e-15 4.823040e+03 1.000000e+00
   4680.959867 7.104300e-15 4.825790e+03 1.000000e+00
   4683.630574 7.876100e-15 4.828540e+03 1.000000e+00
   4686.291278 7.479600e-15 4.831290e+03 1.000000e+00
   4688.961985 7.757800e-15 4.834040e+03 1.000000e+00
   4691.632692 7.357100e-15 4.836790e+03 1.000000e+00
   4694.293396 7.339400e-15 4.839540e+03 1.000000e+00
   4696.964103 7.288900e-15 4.842290e+03 1.000000e+00
   4699.634810 7.238800e-15 4.845040e+03 1.000000e+00
   4702.295514 7.343400e-15 4.847790e+03 1.000000e+00
   4704.966221 7.409800e-15 4.850540e+03 1.000000e+00
   4707.636928 7.173700e-15 4.853290e+03 1.000000e+00
   4710.297633 7.016100e-15 4.856040e+03 1.000000e+00
   4712.968340 7.706200e-15 4.858790e+03 1.000000e+00
   4715.639047 6.924700e-15 4.861540e+03 1.000000e+00
   4718.299751 7.806100e-15 4.864290e+03 1.000000e+00
   4720.970459 7.596100e-15 4.867040e+03 1.000000e+00
   4723.641166 6.960400e-15 4.869790e+03 1.000000e+00
   4726.301870 7.245900e-15 4.872540e+03 1.000000e+00
   4728.972578 7.423800e-15 4.875290e+03 1.000000e+00
   4731.643285 7.473700e-15 4.878040e+03 1.000000e+00
   4734.303989 7.140800e-15 4.880790e+03 1.000000e+00
   4736.974697 6.541900e-15 4.883540e+03 1.000000e+00
   4739.645404 7.099600e-15 4.886290e+03 1.000000e+00
   4742.306109 7.595900e-15 4.889040e+03 1.000000e+00
   4744.976816 6.414400e-15 4.891790e+03 1.000000e+00
   4747.647524 7.161700e-15 4.894540e+03 1.000000e+00
   4750.308228 7.322800e-15 4.897290e+03 1.000000e+00
   4752.978936 6.658600e-15 4.900040e+03 1.000000e+00
   4755.649643 7.076900e-15 4.902790e+03 1.000000e+00
   4758.310348 6.909900e-15 4.905540e+03 1.000000e+00
   4760.981056 7.584900e-15 4.908290e+03 1.000000e+00
   4763.651763 7.298300e-15 4.911040e+03 1.000000e+00
   4766.312468 6.820300e-15 4.913790e+03 1.000000e+00
   4768.983176 7.106200e-15 4.916540e+03 1.000000e+00
   4771.653884 6.525500e-15 4.919290e+03 1.000000e+00
   4774.314589 7.424500e-15 4.922040e+03 1.000000e+00
   4776.985296 7.397800e-15 4.924790e+03 1.000000e+00
   4779.656004 7.237800e-15 4.927540e+03 1.000000e+00
   4782.316709 7.068300e-15 4.930290e+03 1.000000e+00
   4784.987417 7.032600e-15 4.933040e+03 1.000000e+00
   4787.658125 7.235400e-15 4.935790e+03 1.000000e+00
   4790.318830 7.254700e-15 4.938540e+03 1.000000e+00
   4792.989538 7.456300e-15 4.941290e+03 1.000000e+00
   4795.660246 7.299500e-15 4.944040e+03 1.000000e+00
   4798.320951 7.239800e-15 4.946790e+03 1.000000e+00
   4800.991659 7.624100e-15 4.949540e+03 1.000000e+00
   4803.662367 8.052900e-15 4.952290e+03 1.000000e+00
   4806.333075 7.013900e-15 4.955040e+03 1.000000e+00
   4808.993780 7.213400e-15 4.957790e+03 1.000000e+00
   4811.664488 7.054400e-15 4.960540e+03 1.000000e+00
   4814.335196 6.925800e-15 4.963290e+03 1.000000e+00
   4816.995902 7.152600e-15 4.966040e+03 1.000000e+00
   4819.666610 7.176500e-15 4.968790e+03 1.000000e+00
   4822.337318 7.506500e-15 4.971540e+03 1.000000e+00
   4824.998024 8.011700e-15 4.974290e+03 1.000000e+00
   4827.668732 7.181900e-15 4.977040e+03 1.000000e+00
   4830.339440 6.828100e-15 4.979790e+03 1.000000e+00
   4833.000146 6.523400e-15 4.982540e+03 1.000000e+00
   4835.670854 6.094500e-15 4.985290e+03 1.000000e+00
   4838.341562 7.360000e-15 4.988040e+03 1.000000e+00
   4841.002268 7.191900e-15 4.990790e+03 1.000000e+00
   4843.672976 6.126100e-15 4.993540e+03 1.000000e+00
   4846.343684 6.660200e-15 4.996290e+03 1.000000e+00
   4849.004390 6.753900e-15 4.999040e+03 1.000000e+00
   4851.675099 6.486300e-15 5.001790e+03 1.000000e+00
   4854.345807 6.545900e-15 5.004540e+03 1.000000e+00
   4857.006513 6.473100e-15 5.007290e+03 1.000000e+00
   4859.677221 7.589700e-15 5.010040e+03 1.000000e+00
   4862.347930 9.004800e-15 5.012790e+03 1.000000e+00
   4865.008636 1.053800e-14 5.015540e+03 1.000000e+00
   4867.679344 1.044700e-14 5.018290e+03 1.000000e+00
   4870.350053 9.517300e-15 5.021040e+03 1.000000e+00
   4873.010759 7.401300e-15 5.023790e+03 1.000000e+00
   4875.681467 6.815400e-15 5.026540e+03 1.000000e+00
   4878.352176 5.849400e-15 5.029290e+03 1.000000e+00
   4881.012882 6.526000e-15 5.032040e+03 1.000000e+00
   4883.683591 6.494200e-15 5.034790e+03 1.000000e+00
   4886.354299 6.303400e-15 5.037540e+03 1.000000e+00
   4889.015005 6.044000e-15 5.040290e+03 1.000000e+00
   4891.685714 6.513100e-15 5.043040e+03 1.000000e+00
   4894.356423 6.714300e-15 5.045790e+03 1.000000e+00
   4897.017129 6.930500e-15 5.048540e+03 1.000000e+00
   4899.687838 6.749800e-15 5.051290e+03 1.000000e+00
   4902.358547 6.907300e-15 5.054040e+03 1.000000e+00
   4905.019253 6.760300e-15 5.056790e+03 1.000000e+00
   4907.689962 7.190500e-15 5.059540e+03 1.000000e+00
   4910.360671 6.692900e-15 5.062290e+03 1.000000e+00
   4913.021377 6.920400e-15 5.065040e+03 1.000000e+00
   4915.692086 7.342200e-15 5.067790e+03 1.000000e+00
   4918.362795 6.867000e-15 5.070540e+03 1.000000e+00
   4921.023501 6.162600e-15 5.073290e+03 1.000000e+00
   4923.694210 6.956500e-15 5.076040e+03 1.000000e+00
   4926.364919 6.307000e-15 5.078790e+03 1.000000e+00
   4929.025626 6.626000e-15 5.081540e+03 1.000000e+00
   4931.696335 6.910500e-15 5.084290e+03 1.000000e+00
   4934.367044 7.709300e-15 5.087040e+03 1.000000e+00
   4937.027751 7.109500e-15 5.089790e+03 1.000000e+00
   4939.698460 7.251000e-15 5.092540e+03 1.000000e+00
   4942.369169 7.037800e-15 5.095290e+03 1.000000e+00
   4945.029876 7.015000e-15 5.098040e+03 1.000000e+00
   4947.700585 6.752200e-15 5.100790e+03 1.000000e+00
   4950.371294 7.681300e-15 5.103540e+03 1.000000e+00
   4953.032001 7.012500e-15 5.106290e+03 1.000000e+00
   4955.702710 6.735800e-15 5.109040e+03 1.000000e+00
   4958.373419 7.328600e-15 5.111790e+03 1.000000e+00
   4961.034126 8.161800e-15 5.114540e+03 1.000000e+00
   4963.704835 8.482200e-15 5.117290e+03 1.000000e+00
   4966.375545 7.832700e-15 5.120040e+03 1.000000e+00
   4969.046254 8.023700e-15 5.122790e+03 1.000000e+00
   4971.706961 7.498100e-15 5.125540e+03 1.000000e+00
   4974.377670 6.759400e-15 5.128290e+03 1.000000e+00
   4977.048380 7.431500e-15 5.131040e+03 1.000000e+00
   4979.709087 7.437900e-15 5.133790e+03 1.000000e+00
   4982.379796 7.115100e-15 5.136540e+03 1.000000e+00
   4985.050506 7.010200e-15 5.139290e+03 1.000000e+00
   4987.711213 6.778700e-15 5.142040e+03 1.000000e+00
   4990.381922 6.712400e-15 5.144790e+03 1.000000e+00
   4993.052632 6.617100e-15 5.147540e+03 1.000000e+00
   4995.713339 6.957800e-15 5.150290e+03 1.000000e+00
   4998.384049 7.097200e-15 5.153040e+03 1.000000e+00
   5001.054758 6.573500e-15 5.155790e+03 1.000000e+00
   5003.715465 6.938900e-15 5.158540e+03 1.000000e+00
   5006.386175 9.013000e-15 5.161290e+03 1.000000e+00
   5009.056885 1.111200e-14 5.164040e+03 1.000000e+00
   5011.717592 1.176800e-14 5.166790e+03 1.000000e+00
   5014.388302 1.108100e-14 5.169540e+03 1.000000e+00
   5017.059011 9.106700e-15 5.172290e+03 1.000000e+00
   5019.719719 7.559000e-15 5.175040e+03 1.000000e+00
   5022.390428 7.172200e-15 5.177790e+03 1.000000e+00
   5025.061138 6.879000e-15 5.180540e+03 1.000000e+00
   5027.721846 6.472400e-15 5.183290e+03 1.000000e+00
   5030.392556 6.261000e-15 5.186040e+03 1.000000e+00
   5033.063265 7.031600e-15 5.188790e+03 1.000000e+00
   5035.723973 7.181900e-15 5.191540e+03 1.000000e+00
   5038.394683 6.770000e-15 5.194290e+03 1.000000e+00
   5041.065393 6.400300e-15 5.197040e+03 1.000000e+00
   5043.726100 6.995400e-15 5.199790e+03 1.000000e+00
   5046.396810 6.473000e-15 5.202540e+03 1.000000e+00
   5049.067520 6.433200e-15 5.205290e+03 1.000000e+00
   5051.728228 6.891300e-15 5.208040e+03 1.000000e+00
   5054.398938 6.818500e-15 5.210790e+03 1.000000e+00
   5057.069648 6.706600e-15 5.213540e+03 1.000000e+00
   5059.730355 6.816500e-15 5.216290e+03 1.000000e+00
   5062.401065 6.430400e-15 5.219040e+03 1.000000e+00
   5065.071776 7.131400e-15 5.221790e+03 1.000000e+00
   5067.732483 6.431000e-15 5.224540e+03 1.000000e+00
   5070.403193 6.425800e-15 5.227290e+03 1.000000e+00
   5073.073904 6.695000e-15 5.230040e+03 1.000000e+00
   5075.734611 6.210700e-15 5.232790e+03 1.000000e+00
   5078.405322 6.280200e-15 5.235540e+03 1.000000e+00
   5081.076032 6.999200e-15 5.238290e+03 1.000000e+00
   5083.736740 6.526000e-15 5.241040e+03 1.000000e+00
   5086.407450 6.087800e-15 5.243790e+03 1.000000e+00
   5089.078160 6.604200e-15 5.246540e+03 1.000000e+00
   5091.738868 6.977300e-15 5.249290e+03 1.000000e+00
   5094.409578 6.819900e-15 5.252040e+03 1.000000e+00
   5097.080289 7.638800e-15 5.254790e+03 1.000000e+00
   5099.740997 7.249600e-15 5.257540e+03 1.000000e+00
   5102.411707 7.113300e-15 5.260290e+03 1.000000e+00
   5105.082418 6.380000e-15 5.263040e+03 1.000000e+00
   5107.743126 6.562700e-15 5.265790e+03 1.000000e+00
   5110.413836 6.392000e-15 5.268540e+03 1.000000e+00
   5113.084547 6.695900e-15 5.271290e+03 1.000000e+00
   5115.745255 6.645000e-15 5.274040e+03 1.000000e+00
   5118.415965 6.489600e-15 5.276790e+03 1.000000e+00
   5121.086676 6.733300e-15 5.279540e+03 1.000000e+00
   5123.747384 6.700400e-15 5.282290e+03 1.000000e+00
   5126.418094 6.636100e-15 5.285040e+03 1.000000e+00
   5129.088805 6.334500e-15 5.287790e+03 1.000000e+00
   5131.759516 6.767000e-15 5.290540e+03 1.000000e+00
   5134.420224 6.392400e-15 5.293290e+03 1.000000e+00
   5137.090934 6.178500e-15 5.296040e+03 1.000000e+00
   5139.761645 6.270100e-15 5.298790e+03 1.000000e+00
   5142.422353 6.466100e-15 5.301540e+03 1.000000e+00
   5145.093064 6.661600e-15 5.304290e+03 1.000000e+00
   5147.763775 6.446700e-15 5.307040e+03 1.000000e+00
   5150.424483 7.275300e-15 5.309790e+03 1.000000e+00
   5153.095194 6.410000e-15 5.312540e+03 1.000000e+00
   5155.765905 6.919600e-15 5.315290e+03 1.000000e+00
   5158.426613 6.377900e-15 5.318040e+03 1.000000e+00
   5161.097324 6.448300e-15 5.320790e+03 1.000000e+00
   5163.768035 6.381400e-15 5.323540e+03 1.000000e+00
   5166.428743 6.913900e-15 5.326290e+03 1.000000e+00
   5169.099454 6.269600e-15 5.329040e+03 1.000000e+00
   5171.770165 6.257100e-15 5.331790e+03 1.000000e+00
   5174.430873 6.450800e-15 5.334540e+03 1.000000e+00
   5177.101585 6.750500e-15 5.337290e+03 1.000000e+00
   5179.772296 6.182300e-15 5.340040e+03 1.000000e+00
   5182.433004 6.531800e-15 5.342790e+03 1.000000e+00
   5185.103715 6.168300e-15 5.345540e+03 1.000000e+00
   5187.774426 5.696900e-15 5.348290e+03 1.000000e+00
   5190.435135 5.786300e-15 5.351040e+03 1.000000e+00
   5193.105846 6.393400e-15 5.353790e+03 1.000000e+00
   5195.776557 6.842500e-15 5.356540e+03 1.000000e+00
   5198.437265 6.632600e-15 5.359290e+03 1.000000e+00
   5201.107977 6.944900e-15 5.362040e+03 1.000000e+00
   5203.778688 6.701100e-15 5.364790e+03 1.000000e+00
   5206.439396 6.759400e-15 5.367540e+03 1.000000e+00
   5209.110108 6.389200e-15 5.370290e+03 1.000000e+00
   5211.780819 6.464700e-15 5.373040e+03 1.000000e+00
   5214.441528 6.725400e-15 5.375790e+03 1.000000e+00
   5217.112239 6.543700e-15 5.378540e+03 1.000000e+00
   5219.782950 5.763100e-15 5.381290e+03 1.000000e+00
   5222.443659 6.670700e-15 5.384040e+03 1.000000e+00
   5225.114370 6.315600e-15 5.386790e+03 1.000000e+00
   5227.785082 6.286100e-15 5.389540e+03 1.000000e+00
   5230.445790 6.632800e-15 5.392290e+03 1.000000e+00
   5233.116502 6.426500e-15 5.395040e+03 1.000000e+00
   5235.787213 6.901700e-15 5.397790e+03 1.000000e+00
   5238.447922 6.622900e-15 5.400540e+03 1.000000e+00
   5241.118634 6.115100e-15 5.403290e+03 1.000000e+00
   5243.789345 6.786800e-15 5.406040e+03 1.000000e+00
   5246.450054 6.735600e-15 5.408790e+03 1.000000e+00
   5249.120765 7.074100e-15 5.411540e+03 1.000000e+00
   5251.791477 5.832800e-15 5.414290e+03 1.000000e+00
   5254.452186 5.875200e-15 5.417040e+03 1.000000e+00
   5257.122897 6.309000e-15 5.419790e+03 1.000000e+00
   5259.793609 6.384900e-15 5.422540e+03 1.000000e+00
   5262.454318 6.738200e-15 5.425290e+03 1.000000e+00
   5265.125030 6.393400e-15 5.428040e+03 1.000000e+00
   5267.795741 6.579500e-15 5.430790e+03 1.000000e+00
   5270.456450 6.363700e-15 5.433540e+03 1.000000e+00
   5273.127162 6.166100e-15 5.436290e+03 1.000000e+00
   5275.797874 6.320300e-15 5.439040e+03 1.000000e+00
   5278.458583 6.601100e-15 5.441790e+03 1.000000e+00
   5281.129295 6.564400e-15 5.444540e+03 1.000000e+00
   5283.800006 6.485100e-15 5.447290e+03 1.000000e+00
   5286.460715 6.061700e-15 5.450040e+03 1.000000e+00
   5289.131427 6.557300e-15 5.452790e+03 1.000000e+00
   5291.802139 6.559400e-15 5.455540e+03 1.000000e+00
   5294.472851 6.461600e-15 5.458290e+03 1.000000e+00
   5297.133560 6.950000e-15 5.461040e+03 1.000000e+00
   5299.804272 6.702900e-15 5.463790e+03 1.000000e+00
   5302.474984 6.538500e-15 5.466540e+03 1.000000e+00
   5305.135693 6.043500e-15 5.469290e+03 1.000000e+00
   5307.806405 6.836200e-15 5.472040e+03 1.000000e+00
   5310.477117 6.657400e-15 5.474790e+03 1.000000e+00
   5313.137826 6.723200e-15 5.477540e+03 1.000000e+00
   5315.808538 6.740700e-15 5.480290e+03 1.000000e+00
   5318.479250 6.435500e-15 5.483040e+03 1.000000e+00
   5321.139960 6.360400e-15 5.485790e+03 1.000000e+00
   5323.810672 6.569400e-15 5.488540e+03 1.000000e+00
   5326.481384 6.873400e-15 5.491290e+03 1.000000e+00
   5329.142093 6.140400e-15 5.494040e+03 1.000000e+00
   5331.812805 6.090600e-15 5.496790e+03 1.000000e+00
   5334.483517 6.089400e-15 5.499540e+03 1.000000e+00
   5337.144227 6.770200e-15 5.502290e+03 1.000000e+00
   5339.814939 6.195300e-15 5.505040e+03 1.000000e+00
   5342.485651 6.399000e-15 5.507790e+03 1.000000e+00
   5345.146361 6.950900e-15 5.510540e+03 1.000000e+00
   5347.817073 6.581700e-15 5.513290e+03 1.000000e+00
   5350.487785 6.203900e-15 5.516040e+03 1.000000e+00
   5353.148494 6.150700e-15 5.518790e+03 1.000000e+00
   5355.819207 6.919700e-15 5.521540e+03 1.000000e+00
   5358.489919 6.507200e-15 5.524290e+03 1.000000e+00
   5361.150629 6.334100e-15 5.527040e+03 1.000000e+00
   5363.821341 7.231900e-15 5.529790e+03 1.000000e+00
   5366.492053 6.985700e-15 5.532540e+03 1.000000e+00
   5369.152763 6.373300e-15 5.535290e+03 1.000000e+00
   5371.823475 6.350300e-15 5.538040e+03 1.000000e+00
   5374.494188 6.542300e-15 5.540790e+03 1.000000e+00
   5377.154897 6.198200e-15 5.543540e+03 1.000000e+00
   5379.825610 6.730200e-15 5.546290e+03 1.000000e+00
   5382.496322 7.038000e-15 5.549040e+03 1.000000e+00
   5385.157032 6.262400e-15 5.551790e+03 1.000000e+00
   5387.827744 7.064600e-15 5.554540e+03 1.000000e+00
   5390.498457 6.407000e-15 5.557290e+03 1.000000e+00
   5393.159167 6.434800e-15 5.560040e+03 1.000000e+00
   5395.829879 7.172800e-15 5.562790e+03 1.000000e+00
   5398.500592 6.810900e-15 5.565540e+03 1.000000e+00
   5401.161301 6.004400e-15 5.568290e+03 1.000000e+00
   5403.832014 6.188100e-15 5.571040e+03 1.000000e+00
   5406.502727 5.972500e-15 5.573790e+03 1.000000e+00
   5409.163436 6.451500e-15 5.576540e+03 1.000000e+00
   5411.834149 6.071500e-15 5.579290e+03 1.000000e+00
   5414.504862 6.738900e-15 5.582040e+03 1.000000e+00
   5417.165572 5.446700e-15 5.584790e+03 1.000000e+00
   5419.836284 5.855200e-15 5.587540e+03 1.000000e+00
   5422.506997 6.200600e-15 5.590290e+03 1.000000e+00
   5425.167707 6.633300e-15 5.593040e+03 1.000000e+00
   5427.838420 6.882600e-15 5.595790e+03 1.000000e+00
   5430.509132 6.063800e-15 5.598540e+03 1.000000e+00
   5433.169842 6.775300e-15 5.601290e+03 1.000000e+00
   5435.840555 6.292800e-15 5.604040e+03 1.000000e+00
   5438.511268 6.579900e-15 5.606790e+03 1.000000e+00
   5441.171978 6.469400e-15 5.609540e+03 1.000000e+00
   5443.842691 6.085600e-15 5.612290e+03 1.000000e+00
   5446.513404 6.493100e-15 5.615040e+03 1.000000e+00
   5449.174114 6.315000e-15 5.617790e+03 1.000000e+00
   5451.844827 6.303800e-15 5.620540e+03 1.000000e+00
   5454.515539 6.765000e-15 5.623290e+03 1.000000e+00
   5457.186252 6.309500e-15 5.626040e+03 1.000000e+00
   5459.846963 6.477500e-15 5.628790e+03 1.000000e+00
   5462.517675 6.446500e-15 5.631540e+03 1.000000e+00
   5465.188388 6.344500e-15 5.634290e+03 1.000000e+00
   5467.849099 5.619100e-15 5.637040e+03 1.000000e+00
   5470.519812 6.313800e-15 5.639790e+03 1.000000e+00
   5473.190525 6.521200e-15 5.642540e+03 1.000000e+00
   5475.851235 6.037700e-15 5.645290e+03 1.000000e+00
   5478.521948 6.539300e-15 5.648040e+03 1.000000e+00
   5481.192661 6.324700e-15 5.650790e+03 1.000000e+00
   5483.853371 6.190700e-15 5.653540e+03 1.000000e+00
   5486.524084 6.771200e-15 5.656290e+03 1.000000e+00
   5489.194797 6.057400e-15 5.659040e+03 1.000000e+00
   5491.855508 6.461000e-15 5.661790e+03 1.000000e+00
   5494.526221 6.480100e-15 5.664540e+03 1.000000e+00
   5497.196934 6.408600e-15 5.667290e+03 1.000000e+00
   5499.857644 6.441700e-15 5.670040e+03 1.000000e+00
   5502.528358 6.553900e-15 5.672790e+03 1.000000e+00
   5505.199071 6.482400e-15 5.675540e+03 1.000000e+00
   5507.859781 6.248300e-15 5.678290e+03 1.000000e+00
   5510.530494 5.713700e-15 5.681040e+03 1.000000e+00
   5513.201208 6.519100e-15 5.683790e+03 1.000000e+00
   5515.861918 7.165700e-15 5.686540e+03 1.000000e+00
   5518.532631 6.971800e-15 5.689290e+03 1.000000e+00
   5521.203345 5.897500e-15 5.692040e+03 1.000000e+00
   5523.864055 6.340400e-15 5.694790e+03 1.000000e+00
   5526.534769 6.258200e-15 5.697540e+03 1.000000e+00
   5529.205482 6.179000e-15 5.700290e+03 1.000000e+00
   5531.866193 5.878100e-15 5.703040e+03 1.000000e+00
   5534.536906 6.381000e-15 5.705790e+03 1.000000e+00
   5537.207619 6.484200e-15 5.708540e+03 1.000000e+00
   5539.868330 7.205100e-15 5.711290e+03 1.000000e+00
   5542.539043 6.066600e-15 5.714040e+03 1.000000e+00
   5545.209757 6.762600e-15 5.716790e+03 1.000000e+00
   5547.870467 6.142000e-15 5.719540e+03 1.000000e+00
   5550.541181 6.349400e-15 5.722290e+03 1.000000e+00
   5553.211894 6.583100e-15 5.725040e+03 1.000000e+00
   5555.872605 6.756900e-15 5.727790e+03 1.000000e+00
   5558.543318 6.817900e-15 5.730540e+03 1.000000e+00
   5561.214032 6.473900e-15 5.733290e+03 1.000000e+00
   5563.874743 5.840900e-15 5.736040e+03 1.000000e+00
   5566.545456 7.001600e-15 5.738790e+03 1.000000e+00
   5569.216170 6.396400e-15 5.741540e+03 1.000000e+00
   5571.876881 6.242000e-15 5.744290e+03 1.000000e+00
   5574.547594 6.710000e-15 5.747040e+03 1.000000e+00
   5577.218308 6.209500e-15 5.749790e+03 1.000000e+00
   5579.879019 6.654900e-15 5.752540e+03 1.000000e+00
   5582.549732 6.306100e-15 5.755290e+03 1.000000e+00
   5585.220446 6.342000e-15 5.758040e+03 1.000000e+00
   5587.881157 6.848500e-15 5.760790e+03 1.000000e+00
   5590.551871 6.678200e-15 5.763540e+03 1.000000e+00
   5593.222584 6.272900e-15 5.766290e+03 1.000000e+00
   5595.883295 6.043200e-15 5.769040e+03 1.000000e+00
   5598.554009 5.991500e-15 5.771790e+03 1.000000e+00
   5601.224723 6.559500e-15 5.774540e+03 1.000000e+00
   5603.885434 6.144000e-15 5.777290e+03 1.000000e+00
   5606.556147 5.856200e-15 5.780040e+03 1.000000e+00
   5609.226861 6.494300e-15 5.782790e+03 1.000000e+00
   5611.887572 6.536400e-15 5.785540e+03 1.000000e+00
   5614.558286 5.794200e-15 5.788290e+03 1.000000e+00
   5617.229000 6.193100e-15 5.791040e+03 1.000000e+00
   5619.899714 6.558900e-15 5.793790e+03 1.000000e+00
   5622.560425 6.111700e-15 5.796540e+03 1.000000e+00
   5625.231139 6.416600e-15 5.799290e+03 1.000000e+00
   5627.901852 6.534100e-15 5.802040e+03 1.000000e+00
   5630.562564 6.442400e-15 5.804790e+03 1.000000e+00
   5633.233277 6.141700e-15 5.807540e+03 1.000000e+00
   5635.903991 6.746300e-15 5.810290e+03 1.000000e+00
   5638.564703 6.889800e-15 5.813040e+03 1.000000e+00
   5641.235417 6.506500e-15 5.815790e+03 1.000000e+00
   5643.906130 6.256100e-15 5.818540e+03 1.000000e+00
   5646.566842 6.006700e-15 5.821290e+03 1.000000e+00
   5649.237556 5.960500e-15 5.824040e+03 1.000000e+00
   5651.908270 6.229700e-15 5.826790e+03 1.000000e+00
   5654.568981 6.172000e-15 5.829540e+03 1.000000e+00
   5657.239695 5.790800e-15 5.832290e+03 1.000000e+00
   5659.910409 6.082900e-15 5.835040e+03 1.000000e+00
   5662.571120 6.278200e-15 5.837790e+03 1.000000e+00
   5665.241834 6.313400e-15 5.840540e+03 1.000000e+00
   5667.912549 6.150900e-15 5.843290e+03 1.000000e+00
   5670.573260 6.207200e-15 5.846040e+03 1.000000e+00
   5673.243974 6.282800e-15 5.848790e+03 1.000000e+00
   5675.914688 6.302300e-15 5.851540e+03 1.000000e+00
   5678.575400 6.473700e-15 5.854290e+03 1.000000e+00
   5681.246114 6.267600e-15 5.857040e+03 1.000000e+00
   5683.916828 6.211100e-15 5.859790e+03 1.000000e+00
   5686.577539 6.130100e-15 5.862540e+03 1.000000e+00
   5689.248254 6.020200e-15 5.865290e+03 1.000000e+00
   5691.918968 5.935800e-15 5.868040e+03 1.000000e+00
   5694.579679 6.354600e-15 5.870790e+03 1.000000e+00
   5697.250393 6.727700e-15 5.873540e+03 1.000000e+00
   5699.921108 6.729700e-15 5.876290e+03 1.000000e+00
   5702.581819 6.056000e-15 5.879040e+03 1.000000e+00
   5705.252534 5.895400e-15 5.881790e+03 1.000000e+00
   5707.923248 5.956000e-15 5.884540e+03 1.000000e+00
   5710.583959 5.490800e-15 5.887290e+03 1.000000e+00
   5713.254674 5.655300e-15 5.890040e+03 1.000000e+00
   5715.925388 6.176900e-15 5.892790e+03 1.000000e+00
   5718.586100 6.302400e-15 5.895540e+03 1.000000e+00
   5721.256814 6.450400e-15 5.898290e+03 1.000000e+00
   5723.927528 6.559500e-15 5.901040e+03 1.000000e+00
   5726.588240 5.666700e-15 5.903790e+03 1.000000e+00
   5729.258955 6.344400e-15 5.906540e+03 1.000000e+00
   5731.929669 7.443500e-15 5.909290e+03 1.000000e+00
   5734.590381 6.772400e-15 5.912040e+03 1.000000e+00
   5737.261095 6.141100e-15 5.914790e+03 1.000000e+00
   5739.931810 6.476100e-15 5.917540e+03 1.000000e+00
   5742.592521 5.957700e-15 5.920290e+03 1.000000e+00
   5745.263236 6.282600e-15 5.923040e+03 1.000000e+00
   5747.933950 6.387400e-15 5.925790e+03 1.000000e+00
   5750.594662 6.032800e-15 5.928540e+03 1.000000e+00
   5753.265377 6.643600e-15 5.931290e+03 1.000000e+00
   5755.936091 6.357000e-15 5.934040e+03 1.000000e+00
   5758.596803 6.008900e-15 5.936790e+03 1.000000e+00
   5761.267517 6.398000e-15 5.939540e+03 1.000000e+00
   5763.938232 5.850600e-15 5.942290e+03 1.000000e+00
   5766.598944 5.832200e-15 5.945040e+03 1.000000e+00
   5769.269659 6.658200e-15 5.947790e+03 1.000000e+00
   5771.940373 6.944600e-15 5.950540e+03 1.000000e+00
   5774.601085 6.892500e-15 5.953290e+03 1.000000e+00
   5777.271800 6.284500e-15 5.956040e+03 1.000000e+00
   5779.942514 6.746000e-15 5.958790e+03 1.000000e+00
   5782.613229 6.126900e-15 5.961540e+03 1.000000e+00
   5785.273941 5.699500e-15 5.964290e+03 1.000000e+00
   5787.944656 5.856700e-15 5.967040e+03 1.000000e+00
   5790.615370 6.663000e-15 5.969790e+03 1.000000e+00
   5793.276082 5.876800e-15 5.972540e+03 1.000000e+00
   5795.946797 6.338900e-15 5.975290e+03 1.000000e+00
   5798.617512 5.726500e-15 5.978040e+03 1.000000e+00
   5801.278224 6.179100e-15 5.980790e+03 1.000000e+00
   5803.948939 6.014700e-15 5.983540e+03 1.000000e+00
   5806.619653 6.602400e-15 5.986290e+03 1.000000e+00
   5809.280366 6.658200e-15 5.989040e+03 1.000000e+00
   5811.951080 6.126000e-15 5.991790e+03 1.000000e+00
   5814.621795 7.063000e-15 5.994540e+03 1.000000e+00
   5817.282507 5.966500e-15 5.997290e+03 1.000000e+00
   5819.953222 6.396500e-15 6.000040e+03 1.000000e+00
   5822.623937 5.802500e-15 6.002790e+03 1.000000e+00
   5825.284649 5.772700e-15 6.005540e+03 1.000000e+00
   5827.955364 6.709700e-15 6.008290e+03 1.000000e+00
   5830.626079 6.524400e-15 6.011040e+03 1.000000e+00
   5833.286791 6.125400e-15 6.013790e+03 1.000000e+00
   5835.957506 6.431800e-15 6.016540e+03 1.000000e+00
   5838.628221 6.215800e-15 6.019290e+03 1.000000e+00
   5841.288933 6.206300e-15 6.022040e+03 1.000000e+00
   5843.959648 6.083400e-15 6.024790e+03 1.000000e+00
   5846.630363 6.214900e-15 6.027540e+03 1.000000e+00
   5849.291076 5.882000e-15 6.030290e+03 1.000000e+00
   5851.961791 5.510100e-15 6.033040e+03 1.000000e+00
   5854.632506 6.064000e-15 6.035790e+03 1.000000e+00
   5857.293218 5.374000e-15 6.038540e+03 1.000000e+00
   5859.963933 5.687000e-15 6.041290e+03 1.000000e+00
   5862.634648 6.270600e-15 6.044040e+03 1.000000e+00
   5865.295360 6.304000e-15 6.046790e+03 1.000000e+00
   5867.966075 6.000800e-15 6.049540e+03 1.000000e+00
   5870.636790 5.786500e-15 6.052290e+03 1.000000e+00
   5873.297503 6.644100e-15 6.055040e+03 1.000000e+00
   5875.968218 6.725300e-15 6.057790e+03 1.000000e+00
   5878.638933 6.807200e-15 6.060540e+03 1.000000e+00
   5881.299646 6.994900e-15 6.063290e+03 1.000000e+00
   5883.970361 7.049800e-15 6.066040e+03 1.000000e+00
   5886.641076 5.486500e-15 6.068790e+03 1.000000e+00
   5889.301788 5.687700e-15 6.071540e+03 1.000000e+00
   5891.972504 5.652300e-15 6.074290e+03 1.000000e+00
   5894.643219 6.310500e-15 6.077040e+03 1.000000e+00
   5897.303931 6.044800e-15 6.079790e+03 1.000000e+00
   5899.974646 5.447400e-15 6.082540e+03 1.000000e+00
   5902.645362 5.325400e-15 6.085290e+03 1.000000e+00
   5905.306074 5.692900e-15 6.088040e+03 1.000000e+00
   5907.976790 6.000700e-15 6.090790e+03 1.000000e+00
   5910.647505 6.608800e-15 6.093540e+03 1.000000e+00
   5913.308217 6.250600e-15 6.096290e+03 1.000000e+00
   5915.978933 5.941500e-15 6.099040e+03 1.000000e+00
   5918.649648 6.342900e-15 6.101790e+03 1.000000e+00
   5921.310361 5.753000e-15 6.104540e+03 1.000000e+00
   5923.981076 6.384800e-15 6.107290e+03 1.000000e+00
   5926.651791 5.865900e-15 6.110040e+03 1.000000e+00
   5929.312504 5.855400e-15 6.112790e+03 1.000000e+00
   5931.983219 6.543600e-15 6.115540e+03 1.000000e+00
   5934.653935 6.240500e-15 6.118290e+03 1.000000e+00
   5937.314647 5.767400e-15 6.121040e+03 1.000000e+00
   5939.985363 5.495000e-15 6.123790e+03 1.000000e+00
   5942.656078 5.383000e-15 6.126540e+03 1.000000e+00
   5945.326794 6.156600e-15 6.129290e+03 1.000000e+00
   5947.987506 6.559000e-15 6.132040e+03 1.000000e+00
   5950.658222 6.006300e-15 6.134790e+03 1.000000e+00
   5953.328937 5.605900e-15 6.137540e+03 1.000000e+00
   5955.989650 5.512600e-15 6.140290e+03 1.000000e+00
   5958.660366 5.762900e-15 6.143040e+03 1.000000e+00
   5961.331081 6.069900e-15 6.145790e+03 1.000000e+00
   5963.991794 6.126600e-15 6.148540e+03 1.000000e+00
   5966.662509 5.809100e-15 6.151290e+03 1.000000e+00
   5969.333225 6.129700e-15 6.154040e+03 1.000000e+00
   5971.993938 6.374300e-15 6.156790e+03 1.000000e+00
   5974.664653 5.687200e-15 6.159540e+03 1.000000e+00
   5977.335369 5.376500e-15 6.162290e+03 1.000000e+00
   5979.996082 5.750600e-15 6.165040e+03 1.000000e+00
   5982.666798 6.064800e-15 6.167790e+03 1.000000e+00
   5985.337513 6.959700e-15 6.170540e+03 1.000000e+00
   5987.998226 6.288700e-15 6.173290e+03 1.000000e+00
   5990.668942 6.045300e-15 6.176040e+03 1.000000e+00
   5993.339657 6.002100e-15 6.178790e+03 1.000000e+00
   5996.000370 5.954700e-15 6.181540e+03 1.000000e+00
   5998.671086 5.582400e-15 6.184290e+03 1.000000e+00
   6001.341802 6.021500e-15 6.187040e+03 1.000000e+00
   6004.002515 6.056400e-15 6.189790e+03 1.000000e+00
   6006.673230 6.090100e-15 6.192540e+03 1.000000e+00
   6009.343946 6.243600e-15 6.195290e+03 1.000000e+00
   6012.004659 6.115500e-15 6.198040e+03 1.000000e+00
   6014.675375 5.867500e-15 6.200790e+03 1.000000e+00
   6017.346091 6.081900e-15 6.203540e+03 1.000000e+00
   6020.006804 5.842100e-15 6.206290e+03 1.000000e+00
   6022.677519 6.354200e-15 6.209040e+03 1.000000e+00
   6025.348235 6.279800e-15 6.211790e+03 1.000000e+00
   6028.008948 5.844500e-15 6.214540e+03 1.000000e+00
   6030.679664 5.949300e-15 6.217290e+03 1.000000e+00
   6033.350380 6.434100e-15 6.220040e+03 1.000000e+00
   6036.011093 6.314900e-15 6.222790e+03 1.000000e+00
   6038.681809 5.810200e-15 6.225540e+03 1.000000e+00
   6041.352525 6.105900e-15 6.228290e+03 1.000000e+00
   6044.013238 6.079900e-15 6.231040e+03 1.000000e+00
   6046.683954 6.109100e-15 6.233790e+03 1.000000e+00
   6049.354670 6.145600e-15 6.236540e+03 1.000000e+00
   6052.015383 5.537500e-15 6.239290e+03 1.000000e+00
   6054.686099 5.681700e-15 6.242040e+03 1.000000e+00
   6057.356815 5.647300e-15 6.244790e+03 1.000000e+00
   6060.017528 6.303400e-15 6.247540e+03 1.000000e+00
   6062.688244 6.259000e-15 6.250290e+03 1.000000e+00
   6065.358960 6.149800e-15 6.253040e+03 1.000000e+00
   6068.019673 6.148600e-15 6.255790e+03 1.000000e+00
   6070.690389 6.486300e-15 6.258540e+03 1.000000e+00
   6073.361105 6.179900e-15 6.261290e+03 1.000000e+00
   6076.021818 6.416400e-15 6.264040e+03 1.000000e+00
   6078.692534 5.952300e-15 6.266790e+03 1.000000e+00
   6081.363251 5.687100e-15 6.269540e+03 1.000000e+00
   6084.023964 6.112200e-15 6.272290e+03 1.000000e+00
   6086.694680 5.975100e-15 6.275040e+03 1.000000e+00
   6089.365396 5.961500e-15 6.277790e+03 1.000000e+00
   6092.026109 6.166900e-15 6.280540e+03 1.000000e+00
   6094.696825 5.909400e-15 6.283290e+03 1.000000e+00
   6097.367541 5.727100e-15 6.286040e+03 1.000000e+00
   6100.028255 5.798100e-15 6.288790e+03 1.000000e+00
   6102.698971 5.865600e-15 6.291540e+03 1.000000e+00
   6105.369687 6.268700e-15 6.294290e+03 1.000000e+00
   6108.030401 6.409500e-15 6.297040e+03 1.000000e+00
   6110.701117 5.808000e-15 6.299790e+03 1.000000e+00
   6113.371833 5.406600e-15 6.302540e+03 1.000000e+00
   6116.042549 5.817500e-15 6.305290e+03 1.000000e+00
   6118.703263 5.361300e-15 6.308040e+03 1.000000e+00
   6121.373979 6.612700e-15 6.310790e+03 1.000000e+00
   6124.044695 5.794400e-15 6.313540e+03 1.000000e+00
   6126.705408 6.461600e-15 6.316290e+03 1.000000e+00
   6129.376125 6.227000e-15 6.319040e+03 1.000000e+00
   6132.046841 5.685900e-15 6.321790e+03 1.000000e+00
   6134.707554 5.521800e-15 6.324540e+03 1.000000e+00
   6137.378271 6.115200e-15 6.327290e+03 1.000000e+00
   6140.048987 5.513000e-15 6.330040e+03 1.000000e+00
   6142.709701 6.461600e-15 6.332790e+03 1.000000e+00
   6145.380417 5.604400e-15 6.335540e+03 1.000000e+00
   6148.051133 6.095700e-15 6.338290e+03 1.000000e+00
   6150.711847 6.191400e-15 6.341040e+03 1.000000e+00
   6153.382563 5.828600e-15 6.343790e+03 1.000000e+00
   6156.053279 5.787200e-15 6.346540e+03 1.000000e+00
   6158.713993 5.818200e-15 6.349290e+03 1.000000e+00
   6161.384709 5.495600e-15 6.352040e+03 1.000000e+00
   6164.055426 5.733200e-15 6.354790e+03 1.000000e+00
   6166.716139 5.980100e-15 6.357540e+03 1.000000e+00
   6169.386856 5.341300e-15 6.360290e+03 1.000000e+00
   6172.057572 5.970000e-15 6.363040e+03 1.000000e+00
   6174.718286 4.986300e-15 6.365790e+03 1.000000e+00
   6177.389002 5.532700e-15 6.368540e+03 1.000000e+00
   6180.059719 5.549500e-15 6.371290e+03 1.000000e+00
   6182.720433 5.860600e-15 6.374040e+03 1.000000e+00
   6185.391149 5.833600e-15 6.376790e+03 1.000000e+00
   6188.061865 5.748800e-15 6.379540e+03 1.000000e+00
   6190.722579 5.923600e-15 6.382290e+03 1.000000e+00
   6193.393296 5.664600e-15 6.385040e+03 1.000000e+00
   6196.064012 5.510300e-15 6.387790e+03 1.000000e+00
   6198.724726 5.768700e-15 6.390540e+03 1.000000e+00
   6201.395443 5.127700e-15 6.393290e+03 1.000000e+00
   6204.066159 5.399800e-15 6.396040e+03 1.000000e+00
   6206.726873 5.547800e-15 6.398790e+03 1.000000e+00
   6209.397589 5.976000e-15 6.401540e+03 1.000000e+00
   6212.068306 5.474500e-15 6.404290e+03 1.000000e+00
   6214.729020 5.888400e-15 6.407040e+03 1.000000e+00
   6217.399736 5.940500e-15 6.409790e+03 1.000000e+00
   6220.070453 5.425900e-15 6.412540e+03 1.000000e+00
   6222.731167 5.298800e-15 6.415290e+03 1.000000e+00
   6225.401884 5.807900e-15 6.418040e+03 1.000000e+00
   6228.072600 5.940300e-15 6.420790e+03 1.000000e+00
   6230.733314 5.226500e-15 6.423540e+03 1.000000e+00
   6233.404031 4.834800e-15 6.426290e+03 1.000000e+00
   6236.074747 5.335500e-15 6.429040e+03 1.000000e+00
   6238.735461 5.316900e-15 6.431790e+03 1.000000e+00
   6241.406178 6.035700e-15 6.434540e+03 1.000000e+00
   6244.076895 5.889100e-15 6.437290e+03 1.000000e+00
   6246.737609 5.824000e-15 6.440040e+03 1.000000e+00
   6249.408325 5.929900e-15 6.442790e+03 1.000000e+00
   6252.079042 6.009800e-15 6.445540e+03 1.000000e+00
   6254.739756 5.850000e-15 6.448290e+03 1.000000e+00
   6257.410473 5.612900e-15 6.451040e+03 1.000000e+00
   6260.081190 5.763200e-15 6.453790e+03 1.000000e+00
   6262.741904 5.728800e-15 6.456540e+03 1.000000e+00
   6265.412620 5.772700e-15 6.459290e+03 1.000000e+00
   6268.083337 5.345600e-15 6.462040e+03 1.000000e+00
   6270.744051 5.509200e-15 6.464790e+03 1.000000e+00
   6273.414768 5.807400e-15 6.467540e+03 1.000000e+00
   6276.085485 5.857600e-15 6.470290e+03 1.000000e+00
   6278.756202 5.670900e-15 6.473040e+03 1.000000e+00
   6281.416916 5.284200e-15 6.475790e+03 1.000000e+00
   6284.087633 5.177500e-15 6.478540e+03 1.000000e+00
   6286.758349 5.072100e-15 6.481290e+03 1.000000e+00
   6289.419064 5.245000e-15 6.484040e+03 1.000000e+00
   6292.089780 5.504600e-15 6.486790e+03 1.000000e+00
   6294.760497 6.032800e-15 6.489540e+03 1.000000e+00
   6297.421212 6.731400e-15 6.492290e+03 1.000000e+00
   6300.091928 6.554100e-15 6.495040e+03 1.000000e+00
   6302.762645 6.632700e-15 6.497790e+03 1.000000e+00
   6305.423360 7.555300e-15 6.500540e+03 1.000000e+00
   6308.094076 7.168700e-15 6.503290e+03 1.000000e+00
   6310.764793 6.096800e-15 6.506040e+03 1.000000e+00
   6313.425508 5.759700e-15 6.508790e+03 1.000000e+00
   6316.096225 5.671700e-15 6.511540e+03 1.000000e+00
   6318.766942 5.510000e-15 6.514290e+03 1.000000e+00
   6321.427656 5.601500e-15 6.517040e+03 1.000000e+00
   6324.098373 5.762700e-15 6.519790e+03 1.000000e+00
   6326.769090 5.730300e-15 6.522540e+03 1.000000e+00
   6329.429804 5.476200e-15 6.525290e+03 1.000000e+00
   6332.100521 5.476000e-15 6.528040e+03 1.000000e+00
   6334.771238 5.876600e-15 6.530790e+03 1.000000e+00
   6337.431953 5.263400e-15 6.533540e+03 1.000000e+00
   6340.102670 5.606200e-15 6.536290e+03 1.000000e+00
   6342.773387 5.924500e-15 6.539040e+03 1.000000e+00
   6345.434101 5.362900e-15 6.541790e+03 1.000000e+00
   6348.104818 5.211500e-15 6.544540e+03 1.000000e+00
   6350.775535 5.751100e-15 6.547290e+03 1.000000e+00
   6353.436250 5.077500e-15 6.550040e+03 1.000000e+00
   6356.106967 5.690900e-15 6.552790e+03 1.000000e+00
   6358.777684 4.688000e-15 6.555540e+03 1.000000e+00
   6361.438398 5.736000e-15 6.558290e+03 1.000000e+00
   6364.109115 4.812600e-15 6.561040e+03 1.000000e+00
   6366.779832 6.309800e-15 6.563790e+03 1.000000e+00
   6369.440547 5.704900e-15 6.566540e+03 1.000000e+00
   6372.111264 5.490600e-15 6.569290e+03 1.000000e+00
   6374.781981 5.543900e-15 6.572040e+03 1.000000e+00
   6377.442696 6.375500e-15 6.574790e+03 1.000000e+00
   6380.113413 5.285000e-15 6.577540e+03 1.000000e+00
   6382.784130 5.715200e-15 6.580290e+03 1.000000e+00
   6385.444845 5.342800e-15 6.583040e+03 1.000000e+00
   6388.115562 5.366400e-15 6.585790e+03 1.000000e+00
   6390.786279 5.833100e-15 6.588540e+03 1.000000e+00
   6393.446994 4.631600e-15 6.591290e+03 1.000000e+00
   6396.117711 4.872900e-15 6.594040e+03 1.000000e+00
   6398.788428 5.430600e-15 6.596790e+03 1.000000e+00
   6401.449143 5.109900e-15 6.599540e+03 1.000000e+00
   6404.119860 5.491000e-15 6.602290e+03 1.000000e+00
   6406.790577 5.767100e-15 6.605040e+03 1.000000e+00
   6409.451292 5.400100e-15 6.607790e+03 1.000000e+00
   6412.122009 5.022300e-15 6.610540e+03 1.000000e+00
   6414.792726 5.083300e-15 6.613290e+03 1.000000e+00
   6417.453441 4.741000e-15 6.616040e+03 1.000000e+00
   6420.124158 5.198200e-15 6.618790e+03 1.000000e+00
   6422.794876 5.162600e-15 6.621540e+03 1.000000e+00
   6425.455590 5.455700e-15 6.624290e+03 1.000000e+00
   6428.126308 5.864600e-15 6.627040e+03 1.000000e+00
   6430.797025 5.829200e-15 6.629790e+03 1.000000e+00
   6433.457740 4.910600e-15 6.632540e+03 1.000000e+00
   6436.128457 6.267300e-15 6.635290e+03 1.000000e+00
   6438.799174 5.783100e-15 6.638040e+03 1.000000e+00
   6441.469892 5.798500e-15 6.640790e+03 1.000000e+00
   6444.130607 5.544200e-15 6.643540e+03 1.000000e+00
   6446.801324 5.402400e-15 6.646290e+03 1.000000e+00
   6449.472041 5.612000e-15 6.649040e+03 1.000000e+00
   6452.132756 5.768000e-15 6.651790e+03 1.000000e+00
   6454.803474 5.245700e-15 6.654540e+03 1.000000e+00
   6457.474191 5.767700e-15 6.657290e+03 1.000000e+00
   6460.134906 5.905400e-15 6.660040e+03 1.000000e+00
   6462.805623 5.434900e-15 6.662790e+03 1.000000e+00
   6465.476341 5.438000e-15 6.665540e+03 1.000000e+00
   6468.137056 5.605100e-15 6.668290e+03 1.000000e+00
   6470.807773 6.079800e-15 6.671040e+03 1.000000e+00
   6473.478491 5.734900e-15 6.673790e+03 1.000000e+00
   6476.139205 6.277300e-15 6.676540e+03 1.000000e+00
   6478.809923 6.215200e-15 6.679290e+03 1.000000e+00
   6481.480640 5.918500e-15 6.682040e+03 1.000000e+00
   6484.141355 6.007600e-15 6.684790e+03 1.000000e+00
   6486.812073 6.248000e-15 6.687540e+03 1.000000e+00
   6489.482790 5.730200e-15 6.690290e+03 1.000000e+00
   6492.143505 5.300900e-15 6.693040e+03 1.000000e+00
   6494.814223 5.324500e-15 6.695790e+03 1.000000e+00
   6497.484941 6.018200e-15 6.698540e+03 1.000000e+00
   6500.145655 5.345300e-15 6.701290e+03 1.000000e+00
   6502.816373 5.041100e-15 6.704040e+03 1.000000e+00
   6505.487091 5.599200e-15 6.706790e+03 1.000000e+00
   6508.147806 4.706900e-15 6.709540e+03 1.000000e+00
   6510.818523 5.320900e-15 6.712290e+03 1.000000e+00
   6513.489241 5.630600e-15 6.715040e+03 1.000000e+00
   6516.149956 5.501800e-15 6.717790e+03 1.000000e+00
   6518.820674 6.057000e-15 6.720540e+03 1.000000e+00
   6521.491391 6.107600e-15 6.723290e+03 1.000000e+00
   6524.152106 5.628900e-15 6.726040e+03 1.000000e+00
   6526.822824 5.213300e-15 6.728790e+03 1.000000e+00
   6529.493542 5.499300e-15 6.731540e+03 1.000000e+00
   6532.154257 5.436400e-15 6.734290e+03 1.000000e+00
   6534.824974 5.929200e-15 6.737040e+03 1.000000e+00
   6537.495692 5.801100e-15 6.739790e+03 1.000000e+00
   6540.156407 5.673400e-15 6.742540e+03 1.000000e+00
   6542.827125 6.054200e-15 6.745290e+03 1.000000e+00
   6545.497843 6.963800e-15 6.748040e+03 1.000000e+00
   6548.158558 7.250800e-15 6.750790e+03 1.000000e+00
   6550.829275 8.315600e-15 6.753540e+03 1.000000e+00
   6553.499993 9.462800e-15 6.756290e+03 1.000000e+00
   6556.160708 9.909200e-15 6.759040e+03 1.000000e+00
   6558.831426 1.004400e-14 6.761790e+03 1.000000e+00
   6561.502144 1.399300e-14 6.764540e+03 1.000000e+00
   6564.162859 2.344700e-14 6.767290e+03 1.000000e+00
   6566.833577 3.308100e-14 6.770040e+03 1.000000e+00
   6569.504295 3.219900e-14 6.772790e+03 1.000000e+00
   6572.165010 2.423500e-14 6.775540e+03 1.000000e+00
   6574.835728 1.323500e-14 6.778290e+03 1.000000e+00
   6577.506446 9.136300e-15 6.781040e+03 1.000000e+00
   6580.167161 8.698900e-15 6.783790e+03 1.000000e+00
   6582.837879 1.025900e-14 6.786540e+03 1.000000e+00
   6585.508596 1.411600e-14 6.789290e+03 1.000000e+00
   6588.169312 1.668600e-14 6.792040e+03 1.000000e+00
   6590.840030 1.485200e-14 6.794790e+03 1.000000e+00
   6593.510747 1.076100e-14 6.797540e+03 1.000000e+00
   6596.171463 7.563300e-15 6.800290e+03 1.000000e+00
   6598.842181 6.191000e-15 6.803040e+03 1.000000e+00
   6601.512899 6.382300e-15 6.805790e+03 1.000000e+00
   6604.183617 5.288200e-15 6.808540e+03 1.000000e+00
   6606.844332 6.269600e-15 6.811290e+03 1.000000e+00
   6609.515050 5.404100e-15 6.814040e+03 1.000000e+00
   6612.185768 5.304000e-15 6.816790e+03 1.000000e+00
   6614.846483 5.445500e-15 6.819540e+03 1.000000e+00
   6617.517201 6.021900e-15 6.822290e+03 1.000000e+00
   6620.187919 6.195400e-15 6.825040e+03 1.000000e+00
   6622.848634 6.820500e-15 6.827790e+03 1.000000e+00
   6633.841590 5.425400e-15 6.839120e+03 0.000000e+00
   6649.125699 5.473300e-15 6.854880e+03 0.000000e+00
   6664.459822 5.421000e-15 6.870680e+03 0.000000e+00
   6679.823954 5.443800e-15 6.886520e+03 0.000000e+00
   6695.218093 5.354500e-15 6.902400e+03 0.000000e+00
   6710.652244 5.352300e-15 6.918310e+03 0.000000e+00
   6726.126406 5.156600e-15 6.934260e+03 0.000000e+00
   6741.630576 5.311100e-15 6.950240e+03 0.000000e+00
   6757.164755 5.188100e-15 6.966260e+03 0.000000e+00
   6772.748947 5.294500e-15 6.982330e+03 0.000000e+00
   6788.363148 5.365900e-15 6.998420e+03 0.000000e+00
   6804.007357 5.205500e-15 7.014550e+03 0.000000e+00
   6819.691577 5.275700e-15 7.030720e+03 0.000000e+00
   6835.415808 5.285700e-15 7.046930e+03 0.000000e+00
   6851.170047 5.163200e-15 7.063180e+03 0.000000e+00
   6866.964297 5.125500e-15 7.079460e+03 0.000000e+00
   6882.798559 5.135100e-15 7.095780e+03 0.000000e+00
   6898.662829 5.180400e-15 7.112140e+03 0.000000e+00
   6914.557107 5.166300e-15 7.128530e+03 0.000000e+00
   6930.501399 5.116800e-15 7.144960e+03 0.000000e+00
   6946.475699 5.257900e-15 7.161430e+03 0.000000e+00
   6962.490010 5.171600e-15 7.177940e+03 0.000000e+00
   6978.544332 5.338700e-15 7.194490e+03 0.000000e+00
   6994.628663 5.324200e-15 7.211080e+03 0.000000e+00
   7010.753004 5.212700e-15 7.227700e+03 0.000000e+00
   7026.907354 5.162700e-15 7.244360e+03 0.000000e+00
   7043.111718 5.317200e-15 7.261060e+03 0.000000e+00
   7059.346090 5.388900e-15 7.277800e+03 0.000000e+00
   7075.620473 4.912500e-15 7.294570e+03 0.000000e+00
   7091.934867 5.106400e-15 7.311390e+03 0.000000e+00
   7108.279269 4.965100e-15 7.328250e+03 0.000000e+00
   7124.663683 4.962900e-15 7.345140e+03 0.000000e+00
   7141.098110 4.726500e-15 7.362070e+03 0.000000e+00
   7157.552543 4.779100e-15 7.379040e+03 0.000000e+00
   7174.056989 4.766000e-15 7.396050e+03 0.000000e+00
   7190.591444 4.698500e-15 7.413100e+03 0.000000e+00
   7207.165910 4.739900e-15 7.430190e+03 0.000000e+00
   7223.780387 4.904300e-15 7.447320e+03 0.000000e+00
   7240.434875 4.924700e-15 7.464490e+03 0.000000e+00
   7257.129374 5.037100e-15 7.481700e+03 0.000000e+00
   7273.853881 4.908900e-15 7.498940e+03 0.000000e+00
   7290.618400 4.906700e-15 7.516230e+03 0.000000e+00
   7307.432932 5.076800e-15 7.533560e+03 0.000000e+00
   7324.277472 5.098000e-15 7.550920e+03 0.000000e+00
   7341.152021 5.095600e-15 7.568330e+03 0.000000e+00
   7358.086586 5.176100e-15 7.585780e+03 0.000000e+00
   7375.041157 5.114500e-15 7.603260e+03 0.000000e+00
   7392.045741 5.159400e-15 7.620790e+03 0.000000e+00
   7409.080334 5.133300e-15 7.638360e+03 0.000000e+00
   7426.164941 5.048900e-15 7.655970e+03 0.000000e+00
   7443.279556 5.199900e-15 7.673610e+03 0.000000e+00
   7460.434182 5.209500e-15 7.691300e+03 0.000000e+00
   7477.638821 5.219100e-15 7.709040e+03 0.000000e+00
   7494.873469 5.228600e-15 7.726810e+03 0.000000e+00
   7512.148128 5.226200e-15 7.744620e+03 0.000000e+00
   7529.472801 5.284200e-15 7.762470e+03 0.000000e+00
   7546.827482 5.245400e-15 7.780370e+03 0.000000e+00
   7564.222174 5.194800e-15 7.798300e+03 0.000000e+00
   7581.656877 5.109300e-15 7.816280e+03 0.000000e+00
   7599.141594 5.060100e-15 7.834300e+03 0.000000e+00
   7616.656319 4.976800e-15 7.852360e+03 0.000000e+00
   7634.211056 5.008900e-15 7.870460e+03 0.000000e+00
   7651.815806 4.949200e-15 7.888600e+03 0.000000e+00
   7669.450564 4.845300e-15 7.906790e+03 0.000000e+00
   7687.135336 4.809700e-15 7.925010e+03 0.000000e+00
   7704.860119 4.763300e-15 7.943280e+03 0.000000e+00
   7722.614910 4.717300e-15 7.961590e+03 0.000000e+00
   7740.419715 4.791600e-15 7.979950e+03 0.000000e+00
   7758.264531 4.563200e-15 7.998340e+03 0.000000e+00
   7776.149359 4.699600e-15 8.016780e+03 0.000000e+00
   7794.074197 4.718900e-15 8.035260e+03 0.000000e+00
   7812.039046 4.727500e-15 8.053780e+03 0.000000e+00
   7830.043906 4.835200e-15 8.072350e+03 0.000000e+00
   7848.098780 4.766500e-15 8.090960e+03 0.000000e+00
   7866.183662 4.819300e-15 8.109610e+03 0.000000e+00
   7884.318558 4.761800e-15 8.128310e+03 0.000000e+00
   7902.493466 4.770400e-15 8.147040e+03 0.000000e+00
   7920.708384 4.648700e-15 8.165820e+03 0.000000e+00
   7938.973315 4.657100e-15 8.184650e+03 0.000000e+00
   7957.278258 4.548800e-15 8.203520e+03 0.000000e+00
   7975.613209 4.695500e-15 8.222430e+03 0.000000e+00
   7993.998174 4.780400e-15 8.241380e+03 0.000000e+00
   8012.433153 4.701500e-15 8.260380e+03 0.000000e+00
   8030.898140 4.808600e-15 8.279420e+03 0.000000e+00
   8049.413140 4.884200e-15 8.298510e+03 0.000000e+00
   8067.968152 4.870500e-15 8.317640e+03 0.000000e+00
   8086.573177 4.724500e-15 8.336810e+03 0.000000e+00
   8105.208211 4.603900e-15 8.356030e+03 0.000000e+00
   8123.893259 4.752300e-15 8.375290e+03 0.000000e+00
   8142.618317 4.684700e-15 8.394600e+03 0.000000e+00
   8161.393389 4.671500e-15 8.413950e+03 0.000000e+00
   8180.208473 4.583800e-15 8.433350e+03 0.000000e+00
   8199.063567 4.497800e-15 8.452790e+03 0.000000e+00
   8217.968675 4.718200e-15 8.472270e+03 0.000000e+00
   8236.903791 4.411100e-15 8.491800e+03 0.000000e+00
   8255.898924 4.811900e-15 8.511380e+03 0.000000e+00
   8274.924065 4.798300e-15 8.531000e+03 0.000000e+00
   8293.999220 4.632900e-15 8.550670e+03 0.000000e+00
   8313.124388 4.598600e-15 8.570380e+03 0.000000e+00
   8332.289568 4.460600e-15 8.590140e+03 0.000000e+00
   8351.494758 4.593700e-15 8.609940e+03 0.000000e+00
   8370.749962 4.655100e-15 8.629790e+03 0.000000e+00
   8390.045178 4.567700e-15 8.649680e+03 0.000000e+00
   8409.380404 4.544300e-15 8.669620e+03 0.000000e+00
   8428.765644 4.583800e-15 8.689600e+03 0.000000e+00
   8448.200898 4.305200e-15 8.709640e+03 0.000000e+00
   8467.676163 4.454100e-15 8.729710e+03 0.000000e+00
   8487.191439 4.555300e-15 8.749840e+03 0.000000e+00
   8506.766731 4.219700e-15 8.770010e+03 0.000000e+00
   8526.372031 4.315600e-15 8.790230e+03 0.000000e+00
   8546.027346 4.393500e-15 8.810490e+03 0.000000e+00
   8565.732674 4.452100e-15 8.830800e+03 0.000000e+00
   8585.468010 4.522000e-15 8.851160e+03 0.000000e+00
   8605.263363 4.306100e-15 8.871560e+03 0.000000e+00
   8625.098727 4.393900e-15 8.892010e+03 0.000000e+00
   8644.984104 4.545700e-15 8.912510e+03 0.000000e+00
   8664.909493 4.298900e-15 8.933050e+03 0.000000e+00
   8684.884895 4.112600e-15 8.953650e+03 0.000000e+00
   8704.910311 4.373900e-15 8.974290e+03 0.000000e+00
   8724.975738 4.483600e-15 8.994980e+03 0.000000e+00
   8745.081176 4.450200e-15 9.015710e+03 0.000000e+00
   8765.246631 4.131800e-15 9.036500e+03 0.000000e+00
   8785.452096 4.384200e-15 9.057330e+03 0.000000e+00
   8805.707575 4.525200e-15 9.078200e+03 0.000000e+00
   8826.003066 4.596100e-15 9.099130e+03 0.000000e+00
   8846.348569 4.499300e-15 9.120110e+03 0.000000e+00
   8866.744087 4.294300e-15 9.141130e+03 0.000000e+00
   8887.179616 4.146100e-15 9.162200e+03 0.000000e+00
   8907.675161 4.399400e-15 9.183330e+03 0.000000e+00
   8928.200715 4.437500e-15 9.204500e+03 0.000000e+00
   8948.786284 4.486300e-15 9.225710e+03 0.000000e+00
   8969.411865 4.401800e-15 9.246980e+03 0.000000e+00
   8990.087460 4.289200e-15 9.268300e+03 0.000000e+00
   9010.813068 4.131700e-15 9.289660e+03 0.000000e+00
   9031.588690 3.952500e-15 9.311080e+03 0.000000e+00
   9052.404324 4.535400e-15 9.332540e+03 0.000000e+00
   9073.269970 4.298900e-15 9.354060e+03 0.000000e+00
   9094.185631 4.346100e-15 9.375620e+03 0.000000e+00
   9115.161308 4.454900e-15 9.397230e+03 0.000000e+00
   9136.166993 4.514200e-15 9.418900e+03 0.000000e+00
   9157.222692 4.278800e-15 9.440610e+03 0.000000e+00
   9178.338408 4.256600e-15 9.462370e+03 0.000000e+00
   9199.494134 4.323100e-15 9.484180e+03 0.000000e+00
   9220.699874 4.088200e-15 9.506050e+03 0.000000e+00
   9241.965631 3.726300e-15 9.527960e+03 0.000000e+00
   9263.261396 4.226800e-15 9.549930e+03 0.000000e+00
   9284.617177 4.362600e-15 9.571940e+03 0.000000e+00
   9306.022973 4.135000e-15 9.594010e+03 0.000000e+00
   9327.478781 4.287600e-15 9.616120e+03 0.000000e+00
   9348.974601 4.284900e-15 9.638290e+03 0.000000e+00
   9370.520435 4.223500e-15 9.660510e+03 0.000000e+00
   9392.126285 4.260000e-15 9.682780e+03 0.000000e+00
   9413.782149 4.179600e-15 9.705100e+03 0.000000e+00
   9435.478023 4.284200e-15 9.727470e+03 0.000000e+00
   9457.233915 4.232500e-15 9.749900e+03 0.000000e+00
   9479.029817 4.288700e-15 9.772370e+03 0.000000e+00
   9500.885735 4.276200e-15 9.794900e+03 0.000000e+00
   9522.791668 4.176200e-15 9.817480e+03 0.000000e+00
   9544.737611 3.886000e-15 9.840110e+03 0.000000e+00
   9566.743571 4.123200e-15 9.862790e+03 0.000000e+00
   9588.789542 4.245800e-15 9.885530e+03 0.000000e+00
   9610.895529 4.213900e-15 9.908320e+03 0.000000e+00
   9633.051530 4.230600e-15 9.931160e+03 0.000000e+00
   9655.257545 4.198800e-15 9.954050e+03 0.000000e+00
   9677.523576 4.186400e-15 9.977000e+03 0.000000e+00
   9699.829618 4.222400e-15 1.000000e+04 0.000000e+00
   9722.185674 4.171400e-15 1.002305e+04 0.000000e+00
   9744.591744 4.121000e-15 1.004615e+04 0.000000e+00
   9767.057830 4.137300e-15 1.006931e+04 0.000000e+00
   9789.583932 4.096700e-15 1.009253e+04 0.000000e+00
   9812.150046 4.160600e-15 1.011580e+04 0.000000e+00
   9834.766173 4.119700e-15 1.013912e+04 0.000000e+00
   9857.432314 4.136000e-15 1.016249e+04 0.000000e+00
   9880.158471 4.114300e-15 1.018591e+04 0.000000e+00
   9902.934642 4.102100e-15 1.020939e+04 0.000000e+00
   9925.770830 4.118300e-15 1.023294e+04 0.000000e+00
   9948.647029 4.115600e-15 1.025652e+04 0.000000e+00
   9971.583244 4.112800e-15 1.028017e+04 0.000000e+00
   9994.569472 4.091200e-15 1.030386e+04 0.000000e+00
  10017.605715 4.032400e-15 1.032761e+04 0.000000e+00
  10087.044533 3.950700e-15 1.039921e+04 0.000000e+00
  10133.607152 4.093400e-15 1.044720e+04 0.000000e+00
  10180.379829 4.069000e-15 1.049542e+04 0.000000e+00
  10227.362563 4.091600e-15 1.054386e+04 0.000000e+00
  10274.575361 4.104800e-15 1.059254e+04 0.000000e+00
  10298.261781 4.092500e-15 1.061696e+04 0.000000e+00
  10513.900242 3.962400e-15 1.083927e+04 0.000000e+00
  10709.373246 3.810300e-15 1.104079e+04 0.000000e+00
  10908.477246 3.613800e-15 1.124605e+04 0.000000e+00
  11111.272257 3.443200e-15 1.145513e+04 0.000000e+00
  11291.811238 3.427400e-15 1.164126e+04 0.000000e+00
  11501.738202 3.451100e-15 1.185768e+04 0.000000e+00
  11715.576236 3.395900e-15 1.207813e+04 0.000000e+00
  11905.947910 3.273100e-15 1.227440e+04 0.000000e+00
  12099.400427 3.250600e-15 1.247384e+04 0.000000e+00
  12296.003806 3.220800e-15 1.267652e+04 0.000000e+00
  12495.788055 3.133000e-15 1.288250e+04 0.000000e+00
  12698.833196 3.068700e-15 1.309182e+04 0.000000e+00
  12905.169238 3.019700e-15 1.330455e+04 0.000000e+00
  13114.856196 2.985100e-15 1.352073e+04 0.000000e+00
  13297.305761 2.903800e-15 1.370882e+04 0.000000e+00
  13513.374464 2.850800e-15 1.393157e+04 0.000000e+00
  13701.365544 2.805200e-15 1.412538e+04 0.000000e+00
  13891.967337 2.709900e-15 1.432188e+04 0.000000e+00
  14117.688680 2.576100e-15 1.455459e+04 0.000000e+00
  14314.092059 2.523200e-15 1.475707e+04 0.000000e+00
  14513.216183 2.534900e-15 1.496236e+04 0.000000e+00
  14715.121066 2.471500e-15 1.517051e+04 0.000000e+00
  14919.816712 2.511700e-15 1.538154e+04 0.000000e+00
  15092.583681 2.529100e-15 1.555965e+04 0.000000e+00
  15302.540765 2.570200e-15 1.577611e+04 0.000000e+00
  15515.418646 2.576100e-15 1.599558e+04 0.000000e+00
  15695.087501 2.505900e-15 1.618080e+04 0.000000e+00
  15913.426875 2.398600e-15 1.640590e+04 0.000000e+00
  16097.676982 2.387600e-15 1.659586e+04 0.000000e+00
  16321.627888 2.387600e-15 1.682673e+04 0.000000e+00
  16510.619290 2.365700e-15 1.702158e+04 0.000000e+00
  16701.811293 2.376600e-15 1.721869e+04 0.000000e+00
  16895.213899 2.365700e-15 1.741808e+04 0.000000e+00
  17090.837112 2.354800e-15 1.761975e+04 0.000000e+00
  17288.740948 2.285400e-15 1.782379e+04 0.000000e+00
  17488.945412 2.233400e-15 1.803018e+04 0.000000e+00
  17691.460507 2.157500e-15 1.823896e+04 0.000000e+00
  17896.296236 2.089100e-15 1.845014e+04 0.000000e+00
  18103.532620 1.995100e-15 1.866379e+04 0.000000e+00
  18313.169659 1.949700e-15 1.887991e+04 0.000000e+00
  18525.227360 1.892200e-15 1.909854e+04 0.000000e+00
  18696.623998 1.811200e-15 1.927524e+04 0.000000e+00
  18913.132913 1.774000e-15 1.949844e+04 0.000000e+00
  19088.140537 1.757800e-15 1.967887e+04 0.000000e+00
  19309.150682 1.713800e-15 1.990672e+04 0.000000e+00
  19487.829308 1.655600e-15 2.009093e+04 0.000000e+00
  19713.490722 1.606800e-15 2.032357e+04 0.000000e+00
  19895.880361 1.566600e-15 2.051161e+04 0.000000e+00
  20126.273066 1.545100e-15 2.074913e+04 0.000000e+00
  20312.503754 1.503000e-15 2.094113e+04 0.000000e+00
  20500.444908 1.489200e-15 2.113488e+04 0.000000e+00
  20690.136540 1.458700e-15 2.133045e+04 0.000000e+00
  20929.721755 1.435400e-15 2.157745e+04 0.000000e+00
  21123.374468 1.415700e-15 2.177709e+04 0.000000e+00
  21318.837675 1.389800e-15 2.197860e+04 0.000000e+00
  21516.101373 1.367600e-15 2.218197e+04 0.000000e+00
  21715.175566 1.327300e-15 2.238721e+04 0.000000e+00
  21916.110266 1.312100e-15 2.259436e+04 0.000000e+00
  22118.885468 1.282200e-15 2.280341e+04 0.000000e+00
  22323.561189 1.251900e-15 2.301442e+04 0.000000e+00
  22530.127426 1.212600e-15 2.322738e+04 0.000000e+00
  22686.279939 1.172900e-15 2.338837e+04 0.000000e+00
  22896.207093 1.049900e-15 2.360479e+04 0.000000e+00
  23108.044768 1.032600e-15 2.382319e+04 0.000000e+00
  23321.872987 9.047800e-16 2.404363e+04 0.000000e+00
  23483.516998 8.407200e-16 2.421028e+04 0.000000e+00
  23700.826166 8.433300e-16 2.443431e+04 0.000000e+00
  23920.135880 7.747700e-16 2.466040e+04 0.000000e+00
  24085.931023 7.395000e-16 2.483133e+04 0.000000e+00
  24308.801709 7.241100e-16 2.506110e+04 0.000000e+00
  24533.712951 6.721800e-16 2.529297e+04 0.000000e+00
  24703.789262 6.544400e-16 2.546831e+04 0.000000e+00
  24707.850368 6.058500e-16 2.547250e+04 2.000000e+00
  24801.745936 5.965100e-16 2.556930e+04 2.000000e+00
  24895.641504 5.629200e-16 2.566610e+04 2.000000e+00
  24989.437045 5.656400e-16 2.576280e+04 2.000000e+00
  25083.332613 5.647800e-16 2.585960e+04 2.000000e+00
  25177.228182 5.641700e-16 2.595640e+04 2.000000e+00
  25271.023724 5.804100e-16 2.605310e+04 2.000000e+00
  25364.919293 5.830400e-16 2.614990e+04 2.000000e+00
  25458.714834 6.082600e-16 2.624660e+04 2.000000e+00
  25552.610404 5.874500e-16 2.634340e+04 2.000000e+00
  25646.505973 6.308500e-16 2.644020e+04 2.000000e+00
  25740.301515 6.026200e-16 2.653690e+04 2.000000e+00
  25834.187082 5.946800e-16 2.663370e+04 2.000000e+00
  25928.082652 5.986900e-16 2.673050e+04 2.000000e+00
  26021.878195 6.367600e-16 2.682720e+04 2.000000e+00
  26115.773765 6.436200e-16 2.692400e+04 2.000000e+00
  26209.569308 6.260000e-16 2.702070e+04 2.000000e+00
  26303.464879 5.924300e-16 2.711750e+04 2.000000e+00
  26397.360450 5.579600e-16 2.721430e+04 2.000000e+00
  26491.155993 5.029300e-16 2.731100e+04 2.000000e+00
  26585.051564 5.062700e-16 2.740780e+04 2.000000e+00
  26678.947135 5.472000e-16 2.750460e+04 2.000000e+00
  26772.742679 5.099300e-16 2.760130e+04 2.000000e+00
  26866.638251 5.295600e-16 2.769810e+04 2.000000e+00
  26960.433795 5.488900e-16 2.779480e+04 2.000000e+00
  27054.329367 5.318600e-16 2.789160e+04 2.000000e+00
  27148.224938 6.312400e-16 2.798840e+04 2.000000e+00
  27242.020483 5.462000e-16 2.808510e+04 2.000000e+00
  27335.916055 5.429900e-16 2.818190e+04 2.000000e+00
  27429.811627 5.094900e-16 2.827870e+04 2.000000e+00
  27523.607173 5.454000e-16 2.837540e+04 2.000000e+00
  27617.502745 5.165400e-16 2.847220e+04 2.000000e+00
  27711.298290 5.229400e-16 2.856890e+04 2.000000e+00
  27805.193863 5.104400e-16 2.866570e+04 2.000000e+00
  27899.089436 4.943200e-16 2.876250e+04 2.000000e+00
  27992.884982 4.105600e-16 2.885920e+04 2.000000e+00
  28086.780555 4.966200e-16 2.895600e+04 2.000000e+00
  28180.676128 4.643900e-16 2.905280e+04 2.000000e+00
  28274.471674 4.753900e-16 2.914950e+04 2.000000e+00
  28368.357245 4.600800e-16 2.924630e+04 2.000000e+00
  28462.162794 4.366200e-16 2.934300e+04 2.000000e+00
  28556.058368 4.145900e-16 2.943980e+04 2.000000e+00
  28649.943939 4.288700e-16 2.953660e+04 2.000000e+00
  28743.749488 4.072100e-16 2.963330e+04 2.000000e+00
  28837.645062 4.234000e-16 2.973010e+04 2.000000e+00
  28931.530634 4.192000e-16 2.982690e+04 2.000000e+00
  29025.336183 4.108700e-16 2.992360e+04 2.000000e+00
  29119.221755 4.014000e-16 3.002040e+04 2.000000e+00
  29213.017302 3.889100e-16 3.011710e+04 2.000000e+00
  29306.912877 3.508100e-16 3.021390e+04 2.000000e+00
  29400.808452 3.896200e-16 3.031070e+04 2.000000e+00
  29494.603999 3.595700e-16 3.040740e+04 2.000000e+00
  29588.499574 3.806700e-16 3.050420e+04 2.000000e+00
  29682.395149 3.915500e-16 3.060100e+04 2.000000e+00
  29776.190697 3.994500e-16 3.069770e+04 2.000000e+00
  29870.086272 3.649600e-16 3.079450e+04 2.000000e+00
  29963.881820 3.844000e-16 3.089120e+04 2.000000e+00
  30057.777396 3.598100e-16 3.098800e+04 2.000000e+00
  30151.672971 3.559200e-16 3.108480e+04 2.000000e+00
  30245.468520 3.640300e-16 3.118150e+04 2.000000e+00
  30339.364095 3.588800e-16 3.127830e+04 2.000000e+00
  30433.259671 3.541600e-16 3.137510e+04 2.000000e+00
  30527.055220 3.610900e-16 3.147180e+04 2.000000e+00
  30620.950796 3.158900e-16 3.156860e+04 2.000000e+00
  30714.746345 3.317100e-16 3.166530e+04 2.000000e+00
  30808.641921 3.268000e-16 3.176210e+04 2.000000e+00
  30902.537497 3.759900e-16 3.185890e+04 2.000000e+00
  30996.333046 3.478000e-16 3.195560e+04 2.000000e+00
  31090.228623 3.570800e-16 3.205240e+04 2.000000e+00
  31184.124200 3.236500e-16 3.214920e+04 2.000000e+00
  31277.919749 3.209500e-16 3.224590e+04 2.000000e+00
  31371.815326 3.689200e-16 3.234270e+04 2.000000e+00
  31465.610875 3.721300e-16 3.243940e+04 2.000000e+00
  31559.506452 3.590900e-16 3.253620e+04 2.000000e+00
  31653.402029 3.704200e-16 3.263300e+04 2.000000e+00
  31747.197579 3.613000e-16 3.272970e+04 2.000000e+00
  31841.093156 3.827700e-16 3.282650e+04 2.000000e+00
  31934.988734 4.042600e-16 3.292330e+04 2.000000e+00
  32028.784284 3.781700e-16 3.302000e+04 2.000000e+00
  32122.679861 4.264300e-16 3.311680e+04 2.000000e+00
  32216.475411 4.600200e-16 3.321350e+04 2.000000e+00
  32310.370989 5.216900e-16 3.331030e+04 2.000000e+00
  32404.256564 5.277300e-16 3.340710e+04 2.000000e+00
  32498.062117 6.391300e-16 3.350380e+04 2.000000e+00
  32591.957695 7.344800e-16 3.360060e+04 2.000000e+00
  32685.843270 8.392900e-16 3.369740e+04 2.000000e+00
  32779.648824 9.187800e-16 3.379410e+04 2.000000e+00
  32873.534399 8.921400e-16 3.389090e+04 2.000000e+00
  32967.339953 8.354500e-16 3.398760e+04 2.000000e+00
  33061.225528 7.351700e-16 3.408440e+04 2.000000e+00
  33155.121106 6.426700e-16 3.418120e+04 2.000000e+00
  33248.916657 5.405800e-16 3.427790e+04 2.000000e+00
  33342.812236 4.916100e-16 3.437470e+04 2.000000e+00
  33436.707814 4.720000e-16 3.447150e+04 2.000000e+00
  33530.503366 4.866100e-16 3.456820e+04 2.000000e+00
  33624.398944 4.329000e-16 3.466500e+04 2.000000e+00
  33718.194496 4.749300e-16 3.476170e+04 2.000000e+00
  33812.090075 4.500800e-16 3.485850e+04 2.000000e+00
  33905.985654 4.791100e-16 3.495530e+04 2.000000e+00
  33999.781205 4.785000e-16 3.505200e+04 2.000000e+00
  34093.676784 4.828200e-16 3.514880e+04 2.000000e+00
  34187.572363 4.390200e-16 3.524560e+04 2.000000e+00
  34281.367915 4.121000e-16 3.534230e+04 2.000000e+00
  34375.263494 4.185500e-16 3.543910e+04 2.000000e+00
  34469.059046 4.383700e-16 3.553580e+04 2.000000e+00
  34562.954626 4.029600e-16 3.563260e+04 2.000000e+00
  34656.850205 4.048700e-16 3.572940e+04 2.000000e+00
  34750.645757 4.032700e-16 3.582610e+04 2.000000e+00
  34844.541337 4.093200e-16 3.592290e+04 2.000000e+00
  34938.426914 4.017700e-16 3.601970e+04 2.000000e+00
  35032.232469 4.000800e-16 3.611640e+04 2.000000e+00
  35126.118046 4.040800e-16 3.621320e+04 2.000000e+00
  35219.923601 4.050800e-16 3.630990e+04 2.000000e+00
  35313.809178 3.826800e-16 3.640670e+04 2.000000e+00
  35407.704758 3.526700e-16 3.650350e+04 2.000000e+00
  35501.510314 3.859000e-16 3.660020e+04 2.000000e+00
  35595.395891 3.879400e-16 3.669700e+04 2.000000e+00
  35689.291471 3.909900e-16 3.679380e+04 2.000000e+00
  35783.087024 4.124200e-16 3.689050e+04 2.000000e+00
  35876.982604 3.786500e-16 3.698730e+04 2.000000e+00
  35970.778157 3.583300e-16 3.708400e+04 2.000000e+00
  36064.673738 3.671200e-16 3.718080e+04 2.000000e+00
  36158.569318 3.514700e-16 3.727760e+04 2.000000e+00
  36252.364871 3.543100e-16 3.737430e+04 2.000000e+00
  36346.260452 3.646200e-16 3.747110e+04 2.000000e+00
  36440.156032 3.653500e-16 3.756790e+04 2.000000e+00
  36533.951586 3.518000e-16 3.766460e+04 2.000000e+00
  36627.847166 3.599800e-16 3.776140e+04 2.000000e+00
  36721.642720 3.440900e-16 3.785810e+04 2.000000e+00
  36815.538301 3.602300e-16 3.795490e+04 2.000000e+00
  36909.433881 3.639900e-16 3.805170e+04 2.000000e+00
  37003.229435 3.730100e-16 3.814840e+04 2.000000e+00
  37097.125016 3.709000e-16 3.824520e+04 2.000000e+00
  37191.020597 3.726200e-16 3.834200e+04 2.000000e+00
  37284.816151 4.107700e-16 3.843870e+04 2.000000e+00
  37378.711732 3.963900e-16 3.853550e+04 2.000000e+00
  37472.507286 3.814500e-16 3.863220e+04 2.000000e+00
  37566.402867 3.732700e-16 3.872900e+04 2.000000e+00
  37660.298448 3.629500e-16 3.882580e+04 2.000000e+00
  37754.094002 3.777900e-16 3.892250e+04 2.000000e+00
  37847.989584 3.670200e-16 3.901930e+04 2.000000e+00
  37941.875162 3.625500e-16 3.911610e+04 2.000000e+00
  38035.680719 3.572200e-16 3.921280e+04 2.000000e+00
  38129.566298 3.485900e-16 3.930960e+04 2.000000e+00
  38223.371855 3.674800e-16 3.940630e+04 2.000000e+00
  38317.267437 3.739900e-16 3.950310e+04 2.000000e+00
  38411.153016 3.575600e-16 3.959990e+04 2.000000e+00
  38504.958573 3.593700e-16 3.969660e+04 2.000000e+00
  38598.854155 3.426500e-16 3.979340e+04 2.000000e+00
  38692.739734 3.603100e-16 3.989020e+04 2.000000e+00
  38786.535288 3.651000e-16 3.998690e+04 2.000000e+00
  38880.430870 3.625500e-16 4.008370e+04 2.000000e+00
  38974.236428 3.437100e-16 4.018040e+04 2.000000e+00
  39068.122007 3.476900e-16 4.027720e+04 2.000000e+00
  39162.017589 3.774500e-16 4.037400e+04 2.000000e+00
  39255.813144 3.893500e-16 4.047070e+04 2.000000e+00
  39349.708726 3.732500e-16 4.056750e+04 2.000000e+00
  39443.604308 3.726800e-16 4.066430e+04 2.000000e+00
  39537.399863 3.810500e-16 4.076100e+04 2.000000e+00
  39631.295445 3.329300e-16 4.085780e+04 2.000000e+00
  39725.091000 3.476600e-16 4.095450e+04 2.000000e+00
  39818.986582 3.475200e-16 4.105130e+04 2.000000e+00
  39912.882165 3.628800e-16 4.114810e+04 2.000000e+00
  40006.677720 3.612100e-16 4.124480e+04 2.000000e+00
  40100.573302 3.616400e-16 4.134160e+04 2.000000e+00
  40194.468885 3.984200e-16 4.143840e+04 2.000000e+00
  40288.264440 4.492500e-16 4.153510e+04 2.000000e+00
  40382.160023 5.084100e-16 4.163190e+04 2.000000e+00
  40475.955578 4.946700e-16 4.172860e+04 2.000000e+00
  40569.851161 4.379900e-16 4.182540e+04 2.000000e+00
  40663.746744 4.231200e-16 4.192220e+04 2.000000e+00
  40757.542299 3.645000e-16 4.201890e+04 2.000000e+00
  40851.437882 3.514200e-16 4.211570e+04 2.000000e+00
  40945.333465 3.529800e-16 4.221250e+04 2.000000e+00
  41039.129020 3.564200e-16 4.230920e+04 2.000000e+00
  41133.024603 3.561500e-16 4.240600e+04 2.000000e+00
  41226.820159 3.784800e-16 4.250270e+04 2.000000e+00
  41320.715742 3.441700e-16 4.259950e+04 2.000000e+00
  41414.611325 3.718300e-16 4.269630e+04 2.000000e+00
  41508.406881 3.422400e-16 4.279300e+04 2.000000e+00
  41602.302464 3.585400e-16 4.288980e+04 2.000000e+00
  41696.188044 3.447600e-16 4.298660e+04 2.000000e+00
  41789.993603 3.426800e-16 4.308330e+04 2.000000e+00
  41883.879183 3.414600e-16 4.318010e+04 2.000000e+00
  41977.684742 3.768000e-16 4.327680e+04 2.000000e+00
  42071.570323 3.241900e-16 4.337360e+04 2.000000e+00
  42165.475909 3.295700e-16 4.347040e+04 2.000000e+00
  42259.261462 3.238400e-16 4.356710e+04 2.000000e+00
  42353.167048 3.149000e-16 4.366390e+04 2.000000e+00
  42447.052629 2.812100e-16 4.376070e+04 2.000000e+00
  42540.848185 2.749100e-16 4.385740e+04 2.000000e+00
  42634.743769 2.814000e-16 4.395420e+04 2.000000e+00
  42728.539325 2.869000e-16 4.405090e+04 2.000000e+00
  42822.444911 3.153800e-16 4.414770e+04 2.000000e+00
  42916.330492 3.531900e-16 4.424450e+04 2.000000e+00
  43010.136051 3.571600e-16 4.434120e+04 2.000000e+00
  43104.021632 3.684500e-16 4.443800e+04 2.000000e+00
  43197.917216 3.613600e-16 4.453480e+04 2.000000e+00
  43291.712772 3.564000e-16 4.463150e+04 2.000000e+00
  43385.608356 3.561900e-16 4.472830e+04 2.000000e+00
  43479.403913 3.682800e-16 4.482500e+04 2.000000e+00
  43573.299496 3.651700e-16 4.492180e+04 2.000000e+00
  43667.195080 3.633500e-16 4.501860e+04 2.000000e+00
  43760.990637 3.765400e-16 4.511530e+04 2.000000e+00
  43854.886221 3.725500e-16 4.521210e+04 2.000000e+00
  43948.781805 3.802000e-16 4.530890e+04 2.000000e+00
  44042.577362 3.565500e-16 4.540560e+04 2.000000e+00
  44136.472946 3.544900e-16 4.550240e+04 2.000000e+00
  44230.268502 3.640200e-16 4.559910e+04 2.000000e+00
  44324.164086 3.338600e-16 4.569590e+04 2.000000e+00
  44418.059671 3.607500e-16 4.579270e+04 2.000000e+00
  44511.855228 3.450100e-16 4.588940e+04 2.000000e+00
  44605.750812 3.487700e-16 4.598620e+04 2.000000e+00
  44699.646396 3.452500e-16 4.608300e+04 2.000000e+00
  44793.441953 3.362200e-16 4.617970e+04 2.000000e+00
  44887.327534 3.289900e-16 4.627650e+04 2.000000e+00
  44981.133094 3.217900e-16 4.637320e+04 2.000000e+00
  45075.028679 3.278000e-16 4.647000e+04 2.000000e+00
  45168.924263 3.078200e-16 4.656680e+04 2.000000e+00
  45262.719820 3.247800e-16 4.666350e+04 2.000000e+00
  45356.615404 3.236200e-16 4.676030e+04 2.000000e+00
  45450.500986 3.093700e-16 4.685710e+04 2.000000e+00
  45544.306546 3.181500e-16 4.695380e+04 2.000000e+00
  45638.192128 2.862900e-16 4.705060e+04 2.000000e+00
  45731.987685 2.890900e-16 4.714730e+04 2.000000e+00
  45825.893272 2.868100e-16 4.724410e+04 2.000000e+00
  45919.778854 3.066800e-16 4.734090e+04 2.000000e+00
  46013.584414 2.826600e-16 4.743760e+04 2.000000e+00
  46107.469996 3.144600e-16 4.753440e+04 2.000000e+00
  46201.365581 3.449800e-16 4.763120e+04 2.000000e+00
  46295.161138 3.686500e-16 4.772790e+04 2.000000e+00
  46389.056723 3.302900e-16 4.782470e+04 2.000000e+00
  46482.852281 3.411500e-16 4.792140e+04 2.000000e+00
  46576.747866 3.447800e-16 4.801820e+04 2.000000e+00
  46670.643450 3.388400e-16 4.811500e+04 2.000000e+00
  46764.439008 3.417800e-16 4.821170e+04 2.000000e+00
  46858.334593 3.427400e-16 4.830850e+04 2.000000e+00
  46952.230178 3.198700e-16 4.840530e+04 2.000000e+00
  47046.025735 3.631000e-16 4.850200e+04 2.000000e+00
  47139.921320 3.189800e-16 4.859880e+04 2.000000e+00
  47233.716878 3.378100e-16 4.869550e+04 2.000000e+00
  47327.612463 3.145100e-16 4.879230e+04 2.000000e+00
  47421.508048 3.436700e-16 4.888910e+04 2.000000e+00
  47515.303606 2.992700e-16 4.898580e+04 2.000000e+00
  47609.199191 3.285900e-16 4.908260e+04 2.000000e+00
  47703.094776 3.367400e-16 4.917940e+04 2.000000e+00
  47796.890334 3.393800e-16 4.927610e+04 2.000000e+00
  47890.785919 3.500100e-16 4.937290e+04 2.000000e+00
  47985.551741 3.285800e-16 4.947060e+04 2.000000e+00
  48465.402494 3.463200e-16 4.996531e+04 0.000000e+00
  48950.064558 3.642300e-16 5.046496e+04 0.000000e+00
  49439.557940 3.823300e-16 5.096961e+04 0.000000e+00
  49933.952657 4.006100e-16 5.147930e+04 0.000000e+00
  50433.298725 4.190700e-16 5.199410e+04 0.000000e+00
  50606.345879 4.254700e-16 5.217250e+04 3.000000e+00
  50899.665806 4.326300e-16 5.247490e+04 3.000000e+00
  51192.985734 4.519900e-16 5.277730e+04 3.000000e+00
  51486.305662 4.467400e-16 5.307970e+04 3.000000e+00
  51779.635592 4.482400e-16 5.338210e+04 3.000000e+00
  52073.055548 5.131000e-16 5.368460e+04 3.000000e+00
  52366.375476 5.830600e-16 5.398700e+04 3.000000e+00
  52659.695405 5.370600e-16 5.428940e+04 3.000000e+00
  52953.015334 5.252600e-16 5.459180e+04 3.000000e+00
  53246.335263 5.355500e-16 5.489420e+04 3.000000e+00
  53539.755219 5.387800e-16 5.519670e+04 3.000000e+00
  53833.085151 4.655600e-16 5.549910e+04 3.000000e+00
  54126.405081 4.756600e-16 5.580150e+04 3.000000e+00
  54419.725011 4.817500e-16 5.610390e+04 3.000000e+00
  54713.044940 4.948900e-16 5.640630e+04 3.000000e+00
  55006.464898 5.270700e-16 5.670880e+04 3.000000e+00
  55299.784828 5.194400e-16 5.701120e+04 3.000000e+00
  55593.104758 5.280700e-16 5.731360e+04 3.000000e+00
  55886.434691 5.458400e-16 5.761600e+04 3.000000e+00
  56179.754622 6.063900e-16 5.791840e+04 3.000000e+00
  56473.174580 6.342600e-16 5.822090e+04 3.000000e+00
  56766.494511 6.319900e-16 5.852330e+04 3.000000e+00
  57059.814442 6.421300e-16 5.882570e+04 3.000000e+00
  57353.134373 6.279100e-16 5.912810e+04 3.000000e+00
  57646.464307 5.968000e-16 5.943050e+04 3.000000e+00
  57939.884266 5.566300e-16 5.973300e+04 3.000000e+00
  58233.204197 5.492000e-16 6.003540e+04 3.000000e+00
  58526.524129 5.509800e-16 6.033780e+04 3.000000e+00
  58819.854064 5.490300e-16 6.064020e+04 3.000000e+00
  59113.173996 5.340800e-16 6.094260e+04 3.000000e+00
  59406.593955 5.239300e-16 6.124510e+04 3.000000e+00
  59699.913887 5.522500e-16 6.154750e+04 3.000000e+00
  59993.233820 6.364800e-16 6.184990e+04 3.000000e+00
  60286.563755 6.726400e-16 6.215230e+04 3.000000e+00
  60579.883688 6.688000e-16 6.245470e+04 3.000000e+00
  60873.303648 7.137900e-16 6.275720e+04 3.000000e+00
  61166.623581 8.073200e-16 6.305960e+04 3.000000e+00
  61459.943514 1.015700e-15 6.336200e+04 3.000000e+00
  61753.263447 1.447800e-15 6.366440e+04 3.000000e+00
  62046.583380 1.693700e-15 6.396680e+04 3.000000e+00
  62340.013343 1.666100e-15 6.426930e+04 3.000000e+00
  62633.333277 1.451700e-15 6.457170e+04 3.000000e+00
  62926.653210 1.256400e-15 6.487410e+04 3.000000e+00
  63219.973144 1.083000e-15 6.517650e+04 3.000000e+00
  63513.303080 9.820600e-16 6.547890e+04 3.000000e+00
  63806.713039 9.051100e-16 6.578140e+04 3.000000e+00
  64100.032973 8.469000e-16 6.608380e+04 3.000000e+00
  64393.352907 8.064800e-16 6.638620e+04 3.000000e+00
  64686.682843 7.554900e-16 6.668860e+04 3.000000e+00
  64980.002778 7.290000e-16 6.699100e+04 3.000000e+00
  65273.422739 7.206900e-16 6.729350e+04 3.000000e+00
  65566.742674 7.067900e-16 6.759590e+04 3.000000e+00
  65860.072611 7.400200e-16 6.789830e+04 3.000000e+00
  66153.382543 7.377200e-16 6.820070e+04 3.000000e+00
  66446.712480 7.496400e-16 6.850310e+04 3.000000e+00
  66740.132442 7.527300e-16 6.880560e+04 3.000000e+00
  67033.452377 7.313200e-16 6.910800e+04 3.000000e+00
  67326.772312 7.315400e-16 6.941040e+04 3.000000e+00
  67620.102250 7.079600e-16 6.971280e+04 3.000000e+00
  67913.422185 6.765300e-16 7.001520e+04 3.000000e+00
  68206.842148 6.668700e-16 7.031770e+04 3.000000e+00
  68500.162083 6.611300e-16 7.062010e+04 3.000000e+00
  68793.482018 7.149800e-16 7.092250e+04 3.000000e+00
  69086.801954 7.869000e-16 7.122490e+04 3.000000e+00
  69380.131892 8.216500e-16 7.152730e+04 3.000000e+00
  69673.541852 9.900400e-16 7.182980e+04 3.000000e+00
  69966.871791 1.053500e-15 7.213220e+04 3.000000e+00
  70260.191726 9.256100e-16 7.243460e+04 3.000000e+00
  70553.511662 8.917500e-16 7.273700e+04 3.000000e+00
  70846.841601 9.151800e-16 7.303940e+04 3.000000e+00
  71140.251561 9.101300e-16 7.334190e+04 3.000000e+00
  71433.581500 9.010500e-16 7.364430e+04 3.000000e+00
  71726.901436 9.146500e-16 7.394670e+04 3.000000e+00
  72020.221373 9.325600e-16 7.424910e+04 3.000000e+00
  72313.551312 9.290200e-16 7.455150e+04 3.000000e+00
  72606.971275 9.717000e-16 7.485400e+04 3.000000e+00
  72900.291212 9.942000e-16 7.515640e+04 3.000000e+00
  73193.611148 1.080200e-15 7.545880e+04 3.000000e+00
  73486.931085 1.118000e-15 7.576120e+04 3.000000e+00
  74073.580961 1.228900e-15 7.636600e+04 3.000000e+00
  74660.320862 1.435300e-15 7.697090e+04 3.000000e+00
  75246.960736 1.620400e-15 7.757570e+04 3.000000e+00
  75833.610612 1.825900e-15 7.818050e+04 3.000000e+00
  76420.350514 1.868300e-15 7.878540e+04 3.000000e+00
  77007.000391 1.789700e-15 7.939020e+04 3.000000e+00
  77593.740293 1.730900e-15 7.999510e+04 3.000000e+00
  78180.380168 1.668200e-15 8.059990e+04 3.000000e+00
  78767.030046 1.584900e-15 8.120470e+04 3.000000e+00
  79353.759946 1.435100e-15 8.180959e+04 3.000000e+00
  79940.409825 1.260700e-15 8.241440e+04 3.000000e+00
  80527.059703 1.110500e-15 8.301920e+04 3.000000e+00
  81113.789604 1.001600e-15 8.362409e+04 3.000000e+00
  81700.439483 9.251500e-16 8.422890e+04 3.000000e+00
  82287.079360 8.789700e-16 8.483370e+04 3.000000e+00
  82873.829266 8.508200e-16 8.543860e+04 3.000000e+00
  83460.469143 8.315100e-16 8.604340e+04 3.000000e+00
  84047.219050 7.944200e-16 8.664830e+04 3.000000e+00
  84633.858927 7.890500e-16 8.725310e+04 3.000000e+00
  85220.508807 7.876900e-16 8.785791e+04 3.000000e+00
  85807.248712 8.010900e-16 8.846280e+04 3.000000e+00
  86393.888590 7.509800e-16 8.906760e+04 3.000000e+00
  86980.538471 6.338600e-16 8.967241e+04 3.000000e+00
  87567.268373 5.253800e-16 9.027730e+04 3.000000e+00
  88153.918254 4.253100e-16 9.088210e+04 3.000000e+00
  88740.558133 3.479800e-16 9.148690e+04 3.000000e+00
  89327.298038 3.070300e-16 9.209180e+04 3.000000e+00
  89913.947920 3.005800e-16 9.269660e+04 3.000000e+00
  90500.687826 2.582100e-16 9.330150e+04 3.000000e+00
  91087.337707 2.154500e-16 9.390630e+04 3.000000e+00
  91673.987589 1.970600e-16 9.451110e+04 3.000000e+00
  92260.717493 1.938400e-16 9.511599e+04 3.000000e+00
  92847.367375 1.826600e-16 9.572080e+04 3.000000e+00
  93434.017257 1.673300e-16 9.632560e+04 3.000000e+00
  94020.757164 1.608100e-16 9.693050e+04 3.000000e+00
  94607.397044 1.580400e-16 9.753530e+04 3.000000e+00
  95194.036924 1.520600e-16 9.814009e+04 3.000000e+00
  95780.786834 1.536300e-16 9.874500e+04 3.000000e+00
  96367.436717 1.658600e-16 9.934980e+04 3.000000e+00
  96954.176624 1.571000e-16 9.995470e+04 3.000000e+00
  97540.816504 1.341700e-16 1.005595e+05 3.000000e+00
  98127.466388 1.269800e-16 1.011643e+05 3.000000e+00
  98714.206295 1.243700e-16 1.017692e+05 3.000000e+00
  99300.846176 1.233400e-16 1.023740e+05 3.000000e+00
  99887.496060 1.271600e-16 1.029788e+05 3.000000e+00
 100474.225965 1.336300e-16 1.035837e+05 3.000000e+00
 101060.875849 1.369600e-16 1.041885e+05 3.000000e+00
 101647.515730 1.349400e-16 1.047933e+05 3.000000e+00
 102234.255638 1.352300e-16 1.053982e+05 3.000000e+00
 102820.905522 1.361600e-16 1.060030e+05 3.000000e+00
 103407.655434 1.370600e-16 1.066079e+05 3.000000e+00
 103994.285312 1.445200e-16 1.072127e+05 3.000000e+00
 104580.935197 1.604400e-16 1.078175e+05 3.000000e+00
 105167.685108 1.818500e-16 1.084224e+05 3.000000e+00
 105754.324990 1.861400e-16 1.090272e+05 3.000000e+00
 106340.964872 1.801500e-16 1.096320e+05 3.000000e+00
 106927.704781 1.783100e-16 1.102369e+05 3.000000e+00
 107514.354666 1.802100e-16 1.108417e+05 3.000000e+00
 108101.004551 1.821400e-16 1.114465e+05 3.000000e+00
 108687.734458 1.863300e-16 1.120514e+05 3.000000e+00
 109274.384343 2.013700e-16 1.126562e+05 3.000000e+00
 109861.124252 2.385200e-16 1.132611e+05 3.000000e+00
 110447.774137 2.693000e-16 1.138659e+05 3.000000e+00
 111034.414020 3.159300e-16 1.144707e+05 3.000000e+00
 111621.153930 4.653900e-16 1.150756e+05 3.000000e+00
 112207.803815 6.703700e-16 1.156804e+05 3.000000e+00
 112794.453701 6.658000e-16 1.162852e+05 3.000000e+00
 113381.183608 5.833600e-16 1.168901e+05 3.000000e+00
 113967.833493 4.959500e-16 1.174949e+05 3.000000e+00
 114554.473376 4.379100e-16 1.180997e+05 3.000000e+00
 115141.213287 3.996900e-16 1.187046e+05 3.000000e+00
 115727.863173 3.826600e-16 1.193094e+05 3.000000e+00
 116314.613086 3.695400e-16 1.199143e+05 3.000000e+00
 116901.252969 3.687700e-16 1.205191e+05 3.000000e+00
 117487.892852 3.749400e-16 1.211239e+05 3.000000e+00
 118074.642766 3.833200e-16 1.217288e+05 3.000000e+00
 118661.282649 4.029300e-16 1.223336e+05 3.000000e+00
 119247.932535 4.209000e-16 1.229384e+05 3.000000e+00
 119834.662443 4.404500e-16 1.235433e+05 3.000000e+00
 120421.312330 4.561400e-16 1.241481e+05 3.000000e+00
 121007.962216 4.631100e-16 1.247529e+05 3.000000e+00
 121594.692124 4.763800e-16 1.253578e+05 3.000000e+00
 122181.342011 5.031800e-16 1.259626e+05 3.000000e+00
 122768.081922 5.325400e-16 1.265675e+05 3.000000e+00
 123354.721806 5.507500e-16 1.271723e+05 3.000000e+00
 123941.371693 5.648800e-16 1.277771e+05 3.000000e+00
 124528.111604 5.900900e-16 1.283820e+05 3.000000e+00
 125114.751488 6.257300e-16 1.289868e+05 3.000000e+00
 125701.401375 6.625000e-16 1.295916e+05 3.000000e+00
 126288.151289 6.937400e-16 1.301965e+05 3.000000e+00
 126874.781170 7.192500e-16 1.308013e+05 3.000000e+00
 127461.431057 8.542100e-16 1.314061e+05 3.000000e+00
 128048.170969 1.064600e-15 1.320110e+05 3.000000e+00
 128634.820856 9.780500e-16 1.326158e+05 3.000000e+00
 129221.460741 6.185700e-16 1.332206e+05 3.000000e+00
 129808.200652 5.697000e-16 1.338255e+05 3.000000e+00
 130394.850540 5.509500e-16 1.344303e+05 3.000000e+00
 130981.590451 5.518300e-16 1.350352e+05 3.000000e+00
 131568.240339 5.524200e-16 1.356400e+05 3.000000e+00
 132154.880223 5.426300e-16 1.362448e+05 3.000000e+00
 132741.620135 5.454300e-16 1.368497e+05 3.000000e+00
 133328.270023 5.435600e-16 1.374545e+05 3.000000e+00
 133914.909908 5.381300e-16 1.380593e+05 3.000000e+00
 134501.659823 5.366100e-16 1.386642e+05 3.000000e+00
 135088.299707 5.424300e-16 1.392690e+05 3.000000e+00
 135674.939592 5.489500e-16 1.398738e+05 3.000000e+00
 136261.689507 5.312200e-16 1.404787e+05 3.000000e+00
 136848.329392 5.253700e-16 1.410835e+05 3.000000e+00
 137435.079307 5.146800e-16 1.416884e+05 3.000000e+00
 138021.719192 5.094400e-16 1.422932e+05 3.000000e+00
 138608.359078 5.000400e-16 1.428980e+05 3.000000e+00
 139195.108993 4.741000e-16 1.435029e+05 3.000000e+00
 139781.748878 4.588900e-16 1.441077e+05 3.000000e+00
 140368.388763 4.477500e-16 1.447125e+05 3.000000e+00
 141398.119410 5.088000e-16 1.457741e+05 3.000000e+00
 142219.503274 5.110500e-16 1.466209e+05 3.000000e+00
 143040.887137 5.072300e-16 1.474677e+05 3.000000e+00
 143862.260998 5.019300e-16 1.483145e+05 3.000000e+00
 144683.544835 4.975400e-16 1.491612e+05 3.000000e+00
 145504.928699 4.841700e-16 1.500080e+05 3.000000e+00
 146326.302560 4.911200e-16 1.508548e+05 3.000000e+00
 147147.586396 4.913800e-16 1.517015e+05 3.000000e+00
 147968.960258 4.901500e-16 1.525483e+05 3.000000e+00
 148790.344122 4.778200e-16 1.533951e+05 3.000000e+00
 149611.627959 4.705300e-16 1.542418e+05 3.000000e+00
 150433.001820 4.639700e-16 1.550886e+05 3.000000e+00
 151254.395687 4.550800e-16 1.559354e+05 3.000000e+00
 152075.679524 4.416400e-16 1.567821e+05 3.000000e+00
 152897.063388 4.366300e-16 1.576289e+05 3.000000e+00
 153718.437250 4.396500e-16 1.584757e+05 3.000000e+00
 154539.711085 4.399700e-16 1.593224e+05 3.000000e+00
 155361.094949 5.346500e-16 1.601692e+05 3.000000e+00
 156182.478814 5.067900e-16 1.610160e+05 3.000000e+00
 157003.852676 4.324700e-16 1.618628e+05 3.000000e+00
 157825.136513 4.227700e-16 1.627095e+05 3.000000e+00
 158646.530380 4.172300e-16 1.635563e+05 3.000000e+00
 159467.894240 4.071200e-16 1.644031e+05 3.000000e+00
 160289.198083 4.022500e-16 1.652498e+05 3.000000e+00
 161110.551939 4.023500e-16 1.660966e+05 3.000000e+00
 161931.935804 4.039100e-16 1.669434e+05 3.000000e+00
 162753.229645 4.155900e-16 1.677901e+05 3.000000e+00
 163574.593504 4.426800e-16 1.686369e+05 3.000000e+00
 164395.987372 4.644400e-16 1.694837e+05 3.000000e+00
 165217.261207 4.536600e-16 1.703304e+05 3.000000e+00
 166038.655075 4.452000e-16 1.711772e+05 3.000000e+00
 166860.028938 4.427000e-16 1.720240e+05 3.000000e+00
 167681.302773 4.480700e-16 1.728707e+05 3.000000e+00
 168502.686638 4.530800e-16 1.737175e+05 3.000000e+00
 169324.070504 4.650000e-16 1.745643e+05 3.000000e+00
 170145.444366 4.917300e-16 1.754111e+05 3.000000e+00
 170966.728205 4.873700e-16 1.762578e+05 3.000000e+00
 171788.122073 4.666600e-16 1.771046e+05 3.000000e+00
 172609.485933 4.573800e-16 1.779514e+05 3.000000e+00
 173430.789777 4.527600e-16 1.787981e+05 3.000000e+00
 174252.163639 4.585200e-16 1.796449e+05 3.000000e+00
 175073.537502 4.488500e-16 1.804917e+05 3.000000e+00
 175894.821341 4.343800e-16 1.813384e+05 3.000000e+00
 176716.185201 4.342400e-16 1.821852e+05 3.000000e+00
 177537.579070 4.276600e-16 1.830320e+05 3.000000e+00
 178358.862908 4.319300e-16 1.838787e+05 3.000000e+00
 179180.246774 4.252200e-16 1.847255e+05 3.000000e+00
 180001.620637 4.110800e-16 1.855723e+05 3.000000e+00
 180822.894473 4.092000e-16 1.864190e+05 3.000000e+00
 181644.278339 4.045300e-16 1.872658e+05 3.000000e+00
 182465.672208 3.992400e-16 1.881126e+05 3.000000e+00
 183287.056074 4.019900e-16 1.889594e+05 3.000000e+00
 184108.319907 4.018300e-16 1.898061e+05 3.000000e+00
 184929.713776 3.998400e-16 1.906529e+05 3.000000e+00
 185751.077636 4.050300e-16 1.914997e+05 3.000000e+00
 186572.381481 4.413600e-16 1.923464e+05 3.000000e+00
 187393.755344 5.439700e-16 1.931932e+05 3.000000e+00
 188215.129207 4.507000e-16 1.940400e+05 3.000000e+00
 189036.413046 4.113600e-16 1.948867e+05 3.000000e+00
 189857.806915 4.339600e-16 1.957335e+05 3.000000e+00
 190679.170776 4.258700e-16 1.965803e+05 3.000000e+00
 191500.454615 4.339100e-16 1.974270e+05 3.000000e+00
 192321.838482 4.368600e-16 1.982738e+05 3.000000e+00
 193143.212345 4.436800e-16 1.991206e+05 3.000000e+00
 193964.516190 4.472100e-16 1.999673e+05 3.000000e+00
 194785.870048 4.502200e-16 2.008141e+05 3.000000e+00
 195607.263917 4.583400e-16 2.016609e+05 3.000000e+00
 196428.637781 4.604000e-16 2.025077e+05 3.000000e+00
 197249.911618 4.638500e-16 2.033544e+05 3.000000e+00
 198071.305487 4.780200e-16 2.042012e+05 3.000000e+00
 199713.973193 4.683600e-16 2.058947e+05 3.000000e+00
 201356.720921 4.885900e-16 2.075883e+05 3.000000e+00
 202999.398629 4.983000e-16 2.092818e+05 3.000000e+00
 204642.046330 5.089100e-16 2.109753e+05 3.000000e+00
 206284.804061 5.226200e-16 2.126689e+05 3.000000e+00
 207927.461765 5.308800e-16 2.143624e+05 3.000000e+00
 209570.229498 5.363900e-16 2.160560e+05 3.000000e+00
 211212.897205 5.431400e-16 2.177495e+05 3.000000e+00
 212855.564912 5.468700e-16 2.194430e+05 3.000000e+00
 214498.332646 5.548500e-16 2.211366e+05 3.000000e+00
 216140.990350 5.684800e-16 2.228301e+05 3.000000e+00
 217783.638051 5.739900e-16 2.245236e+05 3.000000e+00
 219426.395783 5.872900e-16 2.262172e+05 3.000000e+00
 221069.073492 5.875200e-16 2.279107e+05 3.000000e+00
 222711.821221 5.908600e-16 2.296043e+05 3.000000e+00
 224354.488929 5.959200e-16 2.312978e+05 3.000000e+00
 225997.156636 6.046300e-16 2.329913e+05 3.000000e+00
 227639.924371 6.112000e-16 2.346849e+05 3.000000e+00
 229282.582075 6.207200e-16 2.363784e+05 3.000000e+00
 230925.249783 6.272400e-16 2.380719e+05 3.000000e+00
 232567.987509 6.312900e-16 2.397655e+05 3.000000e+00
 234210.665220 6.370600e-16 2.414590e+05 3.000000e+00
 235853.412949 6.519400e-16 2.431526e+05 3.000000e+00
 237496.080657 6.596400e-16 2.448461e+05 3.000000e+00
 239138.748365 6.763900e-16 2.465396e+05 3.000000e+00
 240781.516100 6.853100e-16 2.482332e+05 3.000000e+00
 242424.173805 7.054600e-16 2.499267e+05 3.000000e+00
 244066.841513 7.200800e-16 2.516202e+05 3.000000e+00
 245709.609248 7.225900e-16 2.533138e+05 3.000000e+00
 247352.266954 7.287900e-16 2.550073e+05 3.000000e+00
 248995.004681 7.496500e-16 2.567009e+05 3.000000e+00
 250637.672389 7.606600e-16 2.583944e+05 3.000000e+00
 252280.340098 7.685600e-16 2.600879e+05 3.000000e+00
 253923.107833 7.670900e-16 2.617815e+05 3.000000e+00
 255565.765539 7.791200e-16 2.634750e+05 3.000000e+00
 257208.433247 7.954100e-16 2.651685e+05 3.000000e+00
 258851.180978 8.156500e-16 2.668621e+05 3.000000e+00
 260493.848686 8.227100e-16 2.685556e+05 3.000000e+00
 262136.596416 8.255500e-16 2.702492e+05 3.000000e+00
 263779.264125 8.359000e-16 2.719427e+05 3.000000e+00
 265421.961842 8.450200e-16 2.736362e+05 3.000000e+00
 267064.709572 8.438400e-16 2.753298e+05 3.000000e+00
 268707.347273 8.401100e-16 2.770233e+05 3.000000e+00
 270350.004979 8.550600e-16 2.787168e+05 3.000000e+00
 271992.792721 8.653400e-16 2.804104e+05 3.000000e+00
 273635.450427 8.749200e-16 2.821039e+05 3.000000e+00
 275278.208160 8.753200e-16 2.837975e+05 3.000000e+00
 276920.875869 8.832700e-16 2.854910e+05 3.000000e+00
 278563.533575 8.954000e-16 2.871845e+05 3.000000e+00
 280206.291309 9.034700e-16 2.888781e+05 3.000000e+00
 281848.949015 9.157300e-16 2.905716e+05 3.000000e+00
 283491.616724 9.180400e-16 2.922651e+05 3.000000e+00
 285134.364455 9.240300e-16 2.939587e+05 3.000000e+00
 286777.032164 9.301800e-16 2.956522e+05 3.000000e+00
 288419.779895 9.384600e-16 2.973458e+05 3.000000e+00
 290062.477613 9.460200e-16 2.990393e+05 3.000000e+00
 291705.145322 9.481400e-16 3.007328e+05 3.000000e+00
 293347.893053 9.536200e-16 3.024264e+05 3.000000e+00
 294990.560763 9.635500e-16 3.041199e+05 3.000000e+00
 296633.218469 9.694600e-16 3.058134e+05 3.000000e+00
 298275.976203 9.838600e-16 3.075070e+05 3.000000e+00
 299918.633910 9.867300e-16 3.092005e+05 3.000000e+00
 301561.391644 9.828800e-16 3.108941e+05 3.000000e+00
 303204.059353 9.842300e-16 3.125876e+05 3.000000e+00
 304846.717060 9.874300e-16 3.142811e+05 3.000000e+00
 306489.474794 1.010900e-15 3.159747e+05 3.000000e+00
 308132.162509 1.000900e-15 3.176682e+05 3.000000e+00
 309774.830219 1.002400e-15 3.193617e+05 3.000000e+00
 311417.577950 1.006000e-15 3.210553e+05 3.000000e+00
 313060.215652 1.024400e-15 3.227488e+05 3.000000e+00
 314702.993392 1.031600e-15 3.244424e+05 3.000000e+00
 316345.661101 1.032300e-15 3.261359e+05 3.000000e+00
 317988.328811 1.027400e-15 3.278294e+05 3.000000e+00
 319631.076543 1.026000e-15 3.295230e+05 3.000000e+00
 321273.744252 1.041800e-15 3.312165e+05 3.000000e+00
 322916.401960 1.065600e-15 3.329100e+05 3.000000e+00
 324559.189702 1.093300e-15 3.346036e+05 3.000000e+00
 326201.847409 1.066000e-15 3.362971e+05 3.000000e+00
 327844.575135 1.107500e-15 3.379907e+05 3.000000e+00
 329487.242845 1.157900e-15 3.396842e+05 3.000000e+00
 331129.930561 1.087600e-15 3.413777e+05 3.000000e+00
 332772.658287 1.109400e-15 3.430713e+05 3.000000e+00
 334415.315994 1.132100e-15 3.447648e+05 3.000000e+00
 336057.983704 1.152400e-15 3.464583e+05 3.000000e+00
 337700.761444 1.134400e-15 3.481519e+05 3.000000e+00
 339343.399146 1.122700e-15 3.498454e+05 3.000000e+00
