# An Atlas of Galaxy Spectral Energy Distributions from the Ultraviolet to the Mid-Infrared
# Brown et al. (2014)
# http://dx.doi.org/10.5072/03/529D3551F0117
# 
# Column 1 : Restframe Wavelength (Angstrom)
# Column 2 : Flux per unit wavelength (ergs/s/cm^2/Angstrom)
# Column 3 : Observed wavelength (Angstrom)
# Column 4 : Source (0 = model, 1 = Optical Spectrum, 2 = Akari, 3 = Spitzer IRS)
# 
# CONVERTED air -> vacuum (Morton 2000/SDSS) above 2000 A by sedfit; wavelengths below are unchanged (already vacuum by convention).
    102.090000 2.366100e-29 1.044700e+02 0.000000e+00
    103.990000 3.870500e-29 1.064100e+02 0.000000e+00
    105.920000 6.389800e-29 1.083900e+02 0.000000e+00
    107.890000 1.069500e-28 1.104100e+02 0.000000e+00
    109.900000 1.999400e-28 1.124600e+02 0.000000e+00
    114.020000 4.724000e-28 1.166800e+02 0.000000e+00
    118.030000 1.020300e-27 1.207800e+02 0.000000e+00
    121.060000 5.524400e-27 1.238800e+02 0.000000e+00
    125.030000 1.063400e-26 1.279400e+02 0.000000e+00
    127.060000 1.410600e-26 1.300200e+02 0.000000e+00
    127.940000 1.653000e-26 1.309200e+02 0.000000e+00
    130.920000 2.459500e-26 1.339700e+02 0.000000e+00
    132.130000 3.211200e-26 1.352100e+02 0.000000e+00
    133.970000 4.096400e-26 1.370900e+02 0.000000e+00
    137.090000 6.854000e-26 1.402800e+02 0.000000e+00
    139.960000 9.716900e-26 1.432200e+02 0.000000e+00
    142.890000 3.476200e-25 1.462200e+02 0.000000e+00
    146.890000 1.206500e-24 1.503100e+02 0.000000e+00
    151.010000 1.769700e-24 1.545300e+02 0.000000e+00
    154.880000 2.590300e-24 1.584900e+02 0.000000e+00
    158.850000 3.782300e-24 1.625500e+02 0.000000e+00
    162.180000 4.923500e-24 1.659600e+02 0.000000e+00
    165.960000 7.026100e-24 1.698200e+02 0.000000e+00
    169.820000 9.663800e-24 1.737800e+02 0.000000e+00
    172.980000 1.229400e-23 1.770100e+02 0.000000e+00
    177.010000 1.656100e-23 1.811300e+02 0.000000e+00
    179.890000 2.054300e-23 1.840800e+02 0.000000e+00
    181.970000 2.367900e-23 1.862100e+02 0.000000e+00
    186.210000 3.117000e-23 1.905500e+02 0.000000e+00
    190.980000 4.325400e-23 1.954300e+02 0.000000e+00
    194.090000 5.279200e-23 1.986100e+02 0.000000e+00
    198.150000 6.713800e-23 2.027700e+02 0.000000e+00
    201.840000 8.539300e-23 2.065400e+02 0.000000e+00
    205.120000 1.016100e-22 2.098900e+02 0.000000e+00
    209.890000 1.277100e-22 2.147800e+02 0.000000e+00
    215.770000 1.838000e-22 2.208000e+02 0.000000e+00
    219.780000 2.263400e-22 2.249100e+02 0.000000e+00
    222.840000 2.596000e-22 2.280300e+02 0.000000e+00
    226.990000 3.174600e-22 2.322700e+02 0.000000e+00
    230.140000 5.372900e-22 2.355000e+02 0.000000e+00
    233.880000 9.719700e-22 2.393300e+02 0.000000e+00
    239.880000 1.488500e-21 2.454700e+02 0.000000e+00
    246.040000 1.713300e-21 2.517700e+02 0.000000e+00
    251.770000 2.218100e-21 2.576300e+02 0.000000e+00
    257.040000 2.188700e-21 2.630300e+02 0.000000e+00
    260.010000 2.765300e-21 2.660700e+02 0.000000e+00
    264.240000 3.266700e-21 2.704000e+02 0.000000e+00
    269.150000 3.770200e-21 2.754200e+02 0.000000e+00
    274.160000 4.301500e-21 2.805400e+02 0.000000e+00
    279.250000 4.884800e-21 2.857600e+02 0.000000e+00
    283.790000 5.573900e-21 2.904000e+02 0.000000e+00
    289.730000 6.169700e-21 2.964800e+02 0.000000e+00
    295.800000 7.200300e-21 3.026900e+02 0.000000e+00
    301.300000 7.916200e-21 3.083200e+02 0.000000e+00
    308.320000 9.363800e-21 3.155000e+02 0.000000e+00
    317.690000 1.172300e-20 3.250900e+02 0.000000e+00
    328.090000 1.423800e-20 3.357400e+02 0.000000e+00
    338.060000 1.690100e-20 3.459400e+02 0.000000e+00
    348.340000 1.978600e-20 3.564500e+02 0.000000e+00
    357.270000 2.296000e-20 3.655900e+02 0.000000e+00
    365.590000 2.677300e-20 3.741100e+02 0.000000e+00
    374.970000 3.021700e-20 3.837100e+02 0.000000e+00
    384.590000 3.324800e-20 3.935500e+02 0.000000e+00
    395.360000 3.927400e-20 4.045800e+02 0.000000e+00
    404.570000 4.494400e-20 4.140000e+02 0.000000e+00
    414.000000 4.956900e-20 4.236400e+02 0.000000e+00
    421.690000 5.321200e-20 4.315200e+02 0.000000e+00
    429.530000 5.738400e-20 4.395400e+02 0.000000e+00
    440.550000 6.487300e-20 4.508200e+02 0.000000e+00
    450.810000 7.070600e-20 4.613200e+02 0.000000e+00
    460.250000 7.550500e-20 4.709800e+02 0.000000e+00
    469.890000 8.212200e-20 4.808400e+02 0.000000e+00
    479.730000 8.993000e-20 4.909100e+02 0.000000e+00
    489.780000 9.513000e-20 5.011900e+02 0.000000e+00
    500.030000 1.046400e-19 5.116800e+02 0.000000e+00
    505.820000 1.111100e-19 5.176100e+02 0.000000e+00
    511.680000 1.591600e-19 5.236000e+02 0.000000e+00
    519.990000 1.712000e-19 5.321100e+02 0.000000e+00
    529.660000 1.861900e-19 5.420000e+02 0.000000e+00
    539.510000 1.916000e-19 5.520800e+02 0.000000e+00
    549.540000 2.459100e-19 5.623400e+02 0.000000e+00
    559.750000 2.952100e-19 5.728000e+02 0.000000e+00
    570.160000 3.439200e-19 5.834500e+02 0.000000e+00
    579.430000 3.515300e-19 5.929300e+02 0.000000e+00
    590.200000 4.377400e-19 6.039500e+02 0.000000e+00
    599.790000 4.760500e-19 6.137600e+02 0.000000e+00
    609.530000 5.585500e-19 6.237300e+02 0.000000e+00
    619.440000 6.752200e-19 6.338700e+02 0.000000e+00
    629.500000 7.634800e-19 6.441700e+02 0.000000e+00
    639.730000 8.093200e-19 6.546400e+02 0.000000e+00
    650.130000 9.580900e-19 6.652700e+02 0.000000e+00
    657.650000 1.062100e-18 6.729800e+02 0.000000e+00
    665.270000 1.155900e-18 6.807700e+02 0.000000e+00
    674.520000 1.214400e-18 6.902400e+02 0.000000e+00
    685.480000 1.257600e-18 7.014600e+02 0.000000e+00
    695.020000 1.686400e-18 7.112100e+02 0.000000e+00
    704.690000 1.684000e-18 7.211100e+02 0.000000e+00
    716.140000 2.091400e-18 7.328200e+02 0.000000e+00
    726.100000 2.263400e-18 7.430200e+02 0.000000e+00
    734.510000 2.434200e-18 7.516200e+02 0.000000e+00
    744.730000 2.868300e-18 7.620800e+02 0.000000e+00
    755.090000 3.183300e-18 7.726800e+02 0.000000e+00
    765.590000 3.492100e-18 7.834300e+02 0.000000e+00
    774.460000 3.959000e-18 7.925000e+02 0.000000e+00
    785.230000 4.423300e-18 8.035300e+02 0.000000e+00
    794.320000 4.766500e-18 8.128300e+02 0.000000e+00
    805.370000 5.144000e-18 8.241400e+02 0.000000e+00
    814.700000 5.504300e-18 8.336800e+02 0.000000e+00
    824.130000 6.252800e-18 8.433300e+02 0.000000e+00
    835.600000 5.273400e-18 8.550700e+02 0.000000e+00
    845.270000 6.973000e-18 8.649700e+02 0.000000e+00
    855.060000 7.408300e-18 8.749800e+02 0.000000e+00
    864.960000 8.203400e-18 8.851200e+02 0.000000e+00
    874.980000 9.083300e-18 8.953600e+02 0.000000e+00
    885.110000 1.022000e-17 9.057300e+02 0.000000e+00
    895.360000 1.108300e-17 9.162200e+02 0.000000e+00
    905.730000 1.132000e-17 9.268300e+02 0.000000e+00
    914.110000 1.859400e-17 9.354100e+02 0.000000e+00
    924.690000 1.427200e-16 9.462400e+02 0.000000e+00
    935.400000 3.308200e-16 9.571900e+02 0.000000e+00
    944.060000 6.622900e-16 9.660500e+02 0.000000e+00
    954.990000 9.797100e-16 9.772400e+02 0.000000e+00
    966.040000 1.119700e-15 9.885500e+02 0.000000e+00
    974.980000 1.669200e-16 9.977000e+02 0.000000e+00
    984.010000 9.613700e-16 1.006930e+03 0.000000e+00
    995.400000 1.061300e-15 1.018590e+03 0.000000e+00
   1004.610000 1.633700e-15 1.028020e+03 0.000000e+00
   1013.910000 1.608700e-15 1.037530e+03 0.000000e+00
   1025.650000 6.844500e-16 1.049540e+03 0.000000e+00
   1035.140000 1.128800e-15 1.059250e+03 0.000000e+00
   1044.710000 2.300700e-15 1.069050e+03 0.000000e+00
   1054.380000 2.296600e-15 1.078950e+03 0.000000e+00
   1064.140000 1.808300e-15 1.088930e+03 0.000000e+00
   1073.980000 2.225700e-15 1.099010e+03 0.000000e+00
   1083.920000 1.748300e-15 1.109180e+03 0.000000e+00
   1093.950000 2.425200e-15 1.119440e+03 0.000000e+00
   1104.070000 2.354300e-15 1.129800e+03 0.000000e+00
   1114.290000 2.280100e-15 1.140250e+03 0.000000e+00
   1124.600000 2.070300e-15 1.150800e+03 0.000000e+00
   1135.000000 2.729400e-15 1.161450e+03 0.000000e+00
   1145.510000 2.495100e-15 1.172200e+03 0.000000e+00
   1156.110000 2.710700e-15 1.183040e+03 0.000000e+00
   1164.120000 2.848100e-15 1.191240e+03 0.000000e+00
   1174.890000 1.952100e-15 1.202260e+03 0.000000e+00
   1185.760000 2.834200e-15 1.213390e+03 0.000000e+00
   1193.980000 1.904900e-15 1.221800e+03 0.000000e+00
   1205.030000 1.338900e-15 1.233110e+03 0.000000e+00
   1216.180000 9.174700e-16 1.244510e+03 0.000000e+00
   1224.610000 1.976800e-15 1.253140e+03 0.000000e+00
   1235.940000 3.124400e-15 1.264740e+03 0.000000e+00
   1244.510000 3.500200e-15 1.273500e+03 0.000000e+00
   1256.020000 3.356200e-15 1.285290e+03 0.000000e+00
   1264.730000 2.871800e-15 1.294200e+03 0.000000e+00
   1276.430000 3.844600e-15 1.306170e+03 0.000000e+00
   1285.280000 4.084200e-15 1.315220e+03 0.000000e+00
   1294.190000 3.179400e-15 1.324340e+03 0.000000e+00
   1306.160000 3.169400e-15 1.336600e+03 0.000000e+00
   1315.220000 4.094200e-15 1.345860e+03 0.000000e+00
   1324.330000 3.947800e-15 1.355190e+03 0.000000e+00
   1333.510000 3.479500e-15 1.364580e+03 0.000000e+00
   1345.850000 4.256400e-15 1.377210e+03 0.000000e+00
   1355.180000 4.151100e-15 1.386760e+03 0.000000e+00
   1364.580000 3.700500e-15 1.396370e+03 0.000000e+00
   1374.030000 3.947700e-15 1.406050e+03 0.000000e+00
   1383.560000 4.030900e-15 1.415790e+03 0.000000e+00
   1396.360000 3.522000e-15 1.428890e+03 0.000000e+00
   1406.040000 3.705200e-15 1.438800e+03 0.000000e+00
   1415.790000 3.791500e-15 1.448770e+03 0.000000e+00
   1425.600000 3.942600e-15 1.458810e+03 0.000000e+00
   1435.480000 3.933100e-15 1.468930e+03 0.000000e+00
   1442.110000 4.201100e-15 1.475710e+03 0.000000e+00
   1445.430000 4.292100e-15 1.479110e+03 0.000000e+00
   1455.450000 4.184000e-15 1.489360e+03 0.000000e+00
   1465.540000 3.859000e-15 1.499690e+03 0.000000e+00
   1475.700000 3.875700e-15 1.510080e+03 0.000000e+00
   1485.930000 3.982900e-15 1.520550e+03 0.000000e+00
   1496.230000 4.083400e-15 1.531090e+03 0.000000e+00
   1506.600000 3.871000e-15 1.541700e+03 0.000000e+00
   1513.550000 3.422500e-15 1.548820e+03 0.000000e+00
   1517.040000 3.703400e-15 1.552390e+03 0.000000e+00
   1524.040000 3.598400e-15 1.559550e+03 0.000000e+00
   1534.610000 3.117800e-15 1.570360e+03 0.000000e+00
   1545.240000 3.504000e-15 1.581250e+03 0.000000e+00
   1555.960000 3.313200e-15 1.592210e+03 0.000000e+00
   1566.740000 3.380000e-15 1.603250e+03 0.000000e+00
   1573.970000 3.633700e-15 1.610650e+03 0.000000e+00
   1584.880000 3.845600e-15 1.621810e+03 0.000000e+00
   1595.870000 3.949700e-15 1.633050e+03 0.000000e+00
   1603.240000 3.899000e-15 1.640590e+03 0.000000e+00
   1614.350000 3.931000e-15 1.651960e+03 0.000000e+00
   1625.540000 3.715600e-15 1.663410e+03 0.000000e+00
   1636.810000 3.985900e-15 1.674940e+03 0.000000e+00
   1644.360000 4.081700e-15 1.682670e+03 0.000000e+00
   1655.760000 3.752300e-15 1.694340e+03 0.000000e+00
   1663.400000 4.145500e-15 1.702160e+03 0.000000e+00
   1671.080000 3.680000e-15 1.710020e+03 0.000000e+00
   1678.790000 4.169800e-15 1.717910e+03 0.000000e+00
   1686.540000 4.378800e-15 1.725840e+03 0.000000e+00
   1694.330000 4.117100e-15 1.733800e+03 0.000000e+00
   1706.070000 3.952900e-15 1.745820e+03 0.000000e+00
   1713.950000 3.742100e-15 1.753880e+03 0.000000e+00
   1725.830000 3.727200e-15 1.766040e+03 0.000000e+00
   1733.790000 4.013800e-15 1.774190e+03 0.000000e+00
   1745.810000 3.915400e-15 1.786490e+03 0.000000e+00
   1753.870000 4.216000e-15 1.794730e+03 0.000000e+00
   1766.030000 3.846500e-15 1.807170e+03 0.000000e+00
   1774.180000 3.964200e-15 1.815520e+03 0.000000e+00
   1786.480000 4.039000e-15 1.828100e+03 0.000000e+00
   1794.720000 4.348400e-15 1.836540e+03 0.000000e+00
   1803.010000 4.328800e-15 1.845020e+03 0.000000e+00
   1815.510000 3.975500e-15 1.857800e+03 0.000000e+00
   1823.880000 4.077500e-15 1.866380e+03 0.000000e+00
   1836.530000 3.902700e-15 1.879320e+03 0.000000e+00
   1845.000000 3.583600e-15 1.887990e+03 0.000000e+00
   1853.520000 3.599700e-15 1.896710e+03 0.000000e+00
   1866.370000 3.716600e-15 1.909850e+03 0.000000e+00
   1874.980000 4.055500e-15 1.918670e+03 0.000000e+00
   1883.640000 3.723300e-15 1.927530e+03 0.000000e+00
   1896.700000 3.570500e-15 1.940890e+03 0.000000e+00
   1905.450000 3.798100e-15 1.949840e+03 0.000000e+00
   1914.240000 3.659200e-15 1.958840e+03 0.000000e+00
   1923.080000 3.599100e-15 1.967890e+03 0.000000e+00
   1936.410000 3.705600e-15 1.981530e+03 0.000000e+00
   1945.350000 3.869100e-15 1.990670e+03 0.000000e+00
   1954.330000 3.625400e-15 1.999860e+03 0.000000e+00
   1967.870000 3.980400e-15 2.013720e+03 0.000000e+00
   1976.960000 4.098400e-15 2.023020e+03 0.000000e+00
   1986.080000 3.857300e-15 2.032360e+03 0.000000e+00
   1995.250000 3.749100e-15 2.041740e+03 0.000000e+00
   2005.108863 3.868600e-15 2.051160e+03 0.000000e+00
   2014.360493 3.725300e-15 2.060630e+03 0.000000e+00
   2023.662154 3.915200e-15 2.070140e+03 0.000000e+00
   2037.684697 3.690600e-15 2.084490e+03 0.000000e+00
   2047.086427 3.842600e-15 2.094110e+03 0.000000e+00
   2056.538185 3.674000e-15 2.103780e+03 0.000000e+00
   2066.029970 3.686600e-15 2.113490e+03 0.000000e+00
   2075.561780 3.945400e-15 2.123240e+03 0.000000e+00
   2080.342694 3.739500e-15 2.128140e+03 0.000000e+00
   2085.143616 3.886300e-15 2.133040e+03 0.000000e+00
   2094.765477 3.664000e-15 2.142890e+03 0.000000e+00
   2104.437364 3.692800e-15 2.152780e+03 0.000000e+00
   2114.149275 3.721600e-15 2.162720e+03 0.000000e+00
   2123.901208 3.785100e-15 2.172700e+03 0.000000e+00
   2133.703166 3.502700e-15 2.182730e+03 0.000000e+00
   2143.555148 3.586700e-15 2.192810e+03 0.000000e+00
   2153.447153 3.723700e-15 2.202930e+03 0.000000e+00
   2163.389181 3.607600e-15 2.213090e+03 0.000000e+00
   2173.371230 3.568100e-15 2.223310e+03 0.000000e+00
   2183.403302 3.488500e-15 2.233570e+03 0.000000e+00
   2193.475395 3.654300e-15 2.243880e+03 0.000000e+00
   2203.597511 3.547700e-15 2.254240e+03 0.000000e+00
   2213.769649 3.373300e-15 2.264640e+03 0.000000e+00
   2223.991809 3.252000e-15 2.275100e+03 0.000000e+00
   2234.253989 3.469000e-15 2.285600e+03 0.000000e+00
   2244.566190 3.305500e-15 2.296150e+03 0.000000e+00
   2254.928413 3.171800e-15 2.306750e+03 0.000000e+00
   2265.330655 3.245000e-15 2.317390e+03 0.000000e+00
   2275.782918 3.357100e-15 2.328090e+03 0.000000e+00
   2286.295205 3.457000e-15 2.338840e+03 0.000000e+00
   2296.847509 3.284400e-15 2.349630e+03 0.000000e+00
   2307.439832 3.297600e-15 2.360480e+03 0.000000e+00
   2318.092178 3.169200e-15 2.371370e+03 0.000000e+00
   2323.433358 2.508000e-15 2.376840e+03 0.000000e+00
   2334.155733 2.992900e-15 2.387810e+03 0.000000e+00
   2344.938130 2.923200e-15 2.398830e+03 0.000000e+00
   2355.760545 3.166800e-15 2.409910e+03 0.000000e+00
   2366.632979 2.940200e-15 2.421030e+03 0.000000e+00
   2377.555434 3.042000e-15 2.432200e+03 0.000000e+00
   2383.036669 2.848000e-15 2.437810e+03 0.000000e+00
   2394.029151 3.057100e-15 2.449060e+03 0.000000e+00
   2405.081655 2.945000e-15 2.460370e+03 0.000000e+00
   2416.184179 3.026000e-15 2.471720e+03 0.000000e+00
   2427.336721 3.211100e-15 2.483130e+03 0.000000e+00
   2438.539283 3.093500e-15 2.494600e+03 0.000000e+00
   2444.160571 3.287300e-15 2.500350e+03 0.000000e+00
   2455.443163 3.248100e-15 2.511890e+03 0.000000e+00
   2466.765770 3.246600e-15 2.523480e+03 0.000000e+00
   2478.158401 3.149300e-15 2.535130e+03 0.000000e+00
   2483.869723 3.270500e-15 2.540970e+03 0.000000e+00
   2495.332381 3.093300e-15 2.552700e+03 0.000000e+00
   2506.845057 3.437400e-15 2.564480e+03 0.000000e+00
   2512.626404 3.109100e-15 2.570400e+03 0.000000e+00
   2518.417755 3.213900e-15 2.576320e+03 0.000000e+00
   2524.229111 3.079200e-15 2.582260e+03 0.000000e+00
   2535.871835 3.120700e-15 2.594180e+03 0.000000e+00
   2547.574579 3.076600e-15 2.606150e+03 0.000000e+00
   2553.455961 3.292200e-15 2.612160e+03 0.000000e+00
   2565.238733 3.238200e-15 2.624220e+03 0.000000e+00
   2577.081526 3.436600e-15 2.636330e+03 0.000000e+00
   2583.012927 3.416200e-15 2.642410e+03 0.000000e+00
   2594.935748 3.399100e-15 2.654610e+03 0.000000e+00
   2606.918590 3.305200e-15 2.666860e+03 0.000000e+00
   2612.930017 3.278100e-15 2.673010e+03 0.000000e+00
   2624.982884 3.423400e-15 2.685340e+03 0.000000e+00
   2637.105774 3.509900e-15 2.697740e+03 0.000000e+00
   2643.177223 3.781900e-15 2.703960e+03 0.000000e+00
   2655.380140 3.833200e-15 2.716440e+03 0.000000e+00
   2667.633075 3.551500e-15 2.728980e+03 0.000000e+00
   2673.784551 3.713900e-15 2.735270e+03 0.000000e+00
   2686.127515 3.704100e-15 2.747890e+03 0.000000e+00
   2698.520498 3.585400e-15 2.760580e+03 0.000000e+00
   2704.741997 3.672600e-15 2.766940e+03 0.000000e+00
   2717.225009 3.538600e-15 2.779710e+03 0.000000e+00
   2723.496524 3.558500e-15 2.786120e+03 0.000000e+00
   2736.059563 3.742200e-15 2.798980e+03 0.000000e+00
   2748.692624 3.318900e-15 2.811900e+03 0.000000e+00
   2755.024160 3.384000e-15 2.818380e+03 0.000000e+00
   2767.737249 3.510000e-15 2.831390e+03 0.000000e+00
   2774.118801 3.670700e-15 2.837920e+03 0.000000e+00
   2786.921919 3.537000e-15 2.851020e+03 0.000000e+00
   2793.353487 2.931400e-15 2.857590e+03 0.000000e+00
   2806.246634 3.147400e-15 2.870780e+03 0.000000e+00
   2812.718215 3.710200e-15 2.877400e+03 0.000000e+00
   2825.691389 3.848500e-15 2.890680e+03 0.000000e+00
   2838.734584 3.716900e-15 2.904020e+03 0.000000e+00
   2845.276189 3.661200e-15 2.910720e+03 0.000000e+00
   2858.409414 3.593600e-15 2.924150e+03 0.000000e+00
   2865.001034 3.854600e-15 2.930890e+03 0.000000e+00
   2878.224287 3.836000e-15 2.944420e+03 0.000000e+00
   2884.855921 3.857700e-15 2.951210e+03 0.000000e+00
   2898.179206 3.830400e-15 2.964830e+03 0.000000e+00
   2911.552508 4.103500e-15 2.978520e+03 0.000000e+00
   2931.737500 4.004300e-15 2.999160e+03 0.000000e+00
   2952.052533 3.980200e-15 3.019950e+03 0.000000e+00
   2972.517614 4.067200e-15 3.040890e+03 0.000000e+00
   2993.122738 4.099200e-15 3.061960e+03 0.000000e+00
   3013.867907 4.160100e-15 3.083190e+03 0.000000e+00
   3027.781379 4.178700e-15 3.097420e+03 0.000000e+00
   3048.766622 4.192400e-15 3.118890e+03 0.000000e+00
   3069.891909 4.225600e-15 3.140510e+03 0.000000e+00
   3091.177246 4.269000e-15 3.162280e+03 0.000000e+00
   3112.602625 4.273400e-15 3.184200e+03 0.000000e+00
   3134.178051 4.258100e-15 3.206270e+03 0.000000e+00
   3148.641693 4.297300e-15 3.221070e+03 0.000000e+00
   3170.467196 4.311800e-15 3.243400e+03 0.000000e+00
   3192.442744 4.169900e-15 3.265880e+03 0.000000e+00
   3214.568338 4.311300e-15 3.288520e+03 0.000000e+00
   3229.412096 4.203400e-15 3.303700e+03 0.000000e+00
   3251.787766 4.366100e-15 3.326600e+03 0.000000e+00
   3274.333488 4.483300e-15 3.349660e+03 0.000000e+00
   3289.447327 4.483400e-15 3.365120e+03 0.000000e+00
   3312.243124 4.509500e-15 3.388440e+03 0.000000e+00
   3319.875067 4.577500e-15 3.396250e+03 0.000000e+00
   3327.537018 4.582900e-15 3.404080e+03 0.000000e+00
   3335.198970 4.706000e-15 3.411930e+03 0.000000e+00
   3342.890930 4.478800e-15 3.419790e+03 0.000000e+00
   3350.602896 4.706200e-15 3.427680e+03 0.000000e+00
   3358.324866 4.530900e-15 3.435580e+03 0.000000e+00
   3366.066841 4.362100e-15 3.443500e+03 0.000000e+00
   3373.818820 4.277700e-15 3.451440e+03 0.000000e+00
   3381.600807 4.568000e-15 3.459390e+03 0.000000e+00
   3389.392797 4.723300e-15 3.467370e+03 0.000000e+00
   3397.204794 4.568400e-15 3.475360e+03 0.000000e+00
   3405.036796 4.637400e-15 3.483370e+03 0.000000e+00
   3412.888804 4.485400e-15 3.491400e+03 0.000000e+00
   3420.750816 4.595300e-15 3.499450e+03 0.000000e+00
   3428.642835 4.664900e-15 3.507520e+03 0.000000e+00
   3436.544859 4.724500e-15 3.515600e+03 0.000000e+00
   3444.466888 4.506900e-15 3.523710e+03 0.000000e+00
   3452.408923 4.790800e-15 3.531830e+03 0.000000e+00
   3460.360961 4.570200e-15 3.539970e+03 0.000000e+00
   3468.343008 4.575700e-15 3.548130e+03 0.000000e+00
   3476.335058 4.666400e-15 3.556310e+03 0.000000e+00
   3484.347114 4.606000e-15 3.564510e+03 0.000000e+00
   3492.379176 4.725100e-15 3.572730e+03 0.000000e+00
   3500.431243 4.472000e-15 3.580960e+03 0.000000e+00
   3508.503317 4.630100e-15 3.589220e+03 0.000000e+00
   3516.585394 4.536100e-15 3.597490e+03 0.000000e+00
   3524.697479 4.696500e-15 3.605790e+03 0.000000e+00
   3532.819567 4.665100e-15 3.614100e+03 0.000000e+00
   3540.961662 4.763800e-15 3.622430e+03 0.000000e+00
   3549.123762 4.887000e-15 3.630780e+03 0.000000e+00
   3557.305868 4.820900e-15 3.639150e+03 0.000000e+00
   3565.507980 4.844200e-15 3.647540e+03 0.000000e+00
   3573.730098 4.637800e-15 3.655950e+03 0.000000e+00
   3581.962219 4.512400e-15 3.664370e+03 0.000000e+00
   3590.224349 4.260800e-15 3.672820e+03 0.000000e+00
   3598.496481 4.577100e-15 3.681290e+03 0.000000e+00
   3606.788620 4.641700e-15 3.689780e+03 0.000000e+00
   3615.110767 4.568500e-15 3.698280e+03 0.000000e+00
   3623.442917 4.611700e-15 3.706810e+03 0.000000e+00
   3631.795074 5.163600e-15 3.715350e+03 0.000000e+00
   3640.167236 4.898300e-15 3.723920e+03 0.000000e+00
   3640.397295 4.464400e-15 3.724150e+03 1.000000e+00
   3643.077987 4.801400e-15 3.726900e+03 1.000000e+00
   3645.768683 4.837500e-15 3.729650e+03 1.000000e+00
   3648.459378 4.532800e-15 3.732400e+03 1.000000e+00
   3651.150073 4.619700e-15 3.735150e+03 1.000000e+00
   3653.830766 4.652500e-15 3.737900e+03 1.000000e+00
   3656.521461 4.740000e-15 3.740650e+03 1.000000e+00
   3659.212156 4.426000e-15 3.743400e+03 1.000000e+00
   3661.902852 4.540400e-15 3.746150e+03 1.000000e+00
   3664.583545 4.740300e-15 3.748900e+03 1.000000e+00
   3667.274240 4.696600e-15 3.751650e+03 1.000000e+00
   3669.964936 4.744400e-15 3.754400e+03 1.000000e+00
   3672.655632 4.909600e-15 3.757150e+03 1.000000e+00
   3675.336325 4.516900e-15 3.759900e+03 1.000000e+00
   3678.027021 4.783900e-15 3.762650e+03 1.000000e+00
   3680.717717 4.733200e-15 3.765400e+03 1.000000e+00
   3683.398410 4.541200e-15 3.768150e+03 1.000000e+00
   3686.089106 4.754800e-15 3.770900e+03 1.000000e+00
   3688.779803 4.566300e-15 3.773650e+03 1.000000e+00
   3691.470499 4.343000e-15 3.776400e+03 1.000000e+00
   3694.151192 4.833400e-15 3.779150e+03 1.000000e+00
   3696.841889 4.918300e-15 3.781900e+03 1.000000e+00
   3699.532585 4.872700e-15 3.784650e+03 1.000000e+00
   3702.223282 4.533100e-15 3.787400e+03 1.000000e+00
   3704.903976 4.661000e-15 3.790150e+03 1.000000e+00
   3707.594672 4.915000e-15 3.792900e+03 1.000000e+00
   3710.285369 4.913600e-15 3.795650e+03 1.000000e+00
   3712.976066 4.596700e-15 3.798400e+03 1.000000e+00
   3715.656760 4.981800e-15 3.801150e+03 1.000000e+00
   3718.347457 5.053100e-15 3.803900e+03 1.000000e+00
   3721.038154 5.354800e-15 3.806650e+03 1.000000e+00
   3723.728851 6.495100e-15 3.809400e+03 1.000000e+00
   3726.409545 8.836800e-15 3.812150e+03 1.000000e+00
   3729.100242 1.058500e-14 3.814900e+03 1.000000e+00
   3731.790939 1.007800e-14 3.817650e+03 1.000000e+00
   3734.481637 8.270500e-15 3.820400e+03 1.000000e+00
   3737.162331 6.408200e-15 3.823150e+03 1.000000e+00
   3739.853029 5.166000e-15 3.825900e+03 1.000000e+00
   3742.543726 5.481100e-15 3.828650e+03 1.000000e+00
   3745.224421 5.259800e-15 3.831400e+03 1.000000e+00
   3747.915119 5.238500e-15 3.834150e+03 1.000000e+00
   3750.605816 4.983900e-15 3.836900e+03 1.000000e+00
   3753.296514 4.889900e-15 3.839650e+03 1.000000e+00
   3755.977209 5.516400e-15 3.842400e+03 1.000000e+00
   3758.667907 5.638800e-15 3.845150e+03 1.000000e+00
   3761.358605 6.263800e-15 3.847900e+03 1.000000e+00
   3764.049303 6.046800e-15 3.850650e+03 1.000000e+00
   3766.729998 5.692700e-15 3.853400e+03 1.000000e+00
   3769.420696 5.167300e-15 3.856150e+03 1.000000e+00
   3772.111394 5.021700e-15 3.858900e+03 1.000000e+00
   3774.802092 5.560000e-15 3.861650e+03 1.000000e+00
   3777.482788 6.449600e-15 3.864400e+03 1.000000e+00
   3780.173486 6.947700e-15 3.867150e+03 1.000000e+00
   3782.864185 7.211100e-15 3.869900e+03 1.000000e+00
   3785.554883 7.638700e-15 3.872650e+03 1.000000e+00
   3788.235579 7.243100e-15 3.875400e+03 1.000000e+00
   3790.926278 6.977600e-15 3.878150e+03 1.000000e+00
   3793.616976 6.187900e-15 3.880900e+03 1.000000e+00
   3796.297672 5.596100e-15 3.883650e+03 1.000000e+00
   3798.988371 5.086100e-15 3.886400e+03 1.000000e+00
   3801.679070 5.202500e-15 3.889150e+03 1.000000e+00
   3804.369768 5.904800e-15 3.891900e+03 1.000000e+00
   3807.050465 6.807400e-15 3.894650e+03 1.000000e+00
   3809.741164 7.395000e-15 3.897400e+03 1.000000e+00
   3812.431863 7.637400e-15 3.900150e+03 1.000000e+00
   3815.122562 7.692400e-15 3.902900e+03 1.000000e+00
   3817.803258 7.650800e-15 3.905650e+03 1.000000e+00
   3820.493958 7.775900e-15 3.908400e+03 1.000000e+00
   3823.184657 7.664000e-15 3.911150e+03 1.000000e+00
   3825.875356 7.556900e-15 3.913900e+03 1.000000e+00
   3828.556053 6.823700e-15 3.916650e+03 1.000000e+00
   3831.246752 5.956300e-15 3.919400e+03 1.000000e+00
   3833.937452 5.320300e-15 3.922150e+03 1.000000e+00
   3836.628151 4.932800e-15 3.924900e+03 1.000000e+00
   3839.308848 4.817500e-15 3.927650e+03 1.000000e+00
   3841.999548 5.557000e-15 3.930400e+03 1.000000e+00
   3844.690248 6.296800e-15 3.933150e+03 1.000000e+00
   3847.380947 7.113000e-15 3.935900e+03 1.000000e+00
   3850.061644 7.706300e-15 3.938650e+03 1.000000e+00
   3852.752344 8.374000e-15 3.941400e+03 1.000000e+00
   3855.443044 8.299600e-15 3.944150e+03 1.000000e+00
   3858.123742 8.359000e-15 3.946900e+03 1.000000e+00
   3860.814442 8.367400e-15 3.949650e+03 1.000000e+00
   3863.505142 8.567100e-15 3.952400e+03 1.000000e+00
   3866.195842 8.320700e-15 3.955150e+03 1.000000e+00
   3868.876539 8.717800e-15 3.957900e+03 1.000000e+00
   3871.567240 8.727700e-15 3.960650e+03 1.000000e+00
   3874.257940 8.507700e-15 3.963400e+03 1.000000e+00
   3876.948640 8.100300e-15 3.966150e+03 1.000000e+00
   3879.629338 7.300900e-15 3.968900e+03 1.000000e+00
   3882.320039 6.768700e-15 3.971650e+03 1.000000e+00
   3885.010739 6.419800e-15 3.974400e+03 1.000000e+00
   3887.701440 5.852900e-15 3.977150e+03 1.000000e+00
   3890.382138 5.486700e-15 3.979900e+03 1.000000e+00
   3893.072839 5.781800e-15 3.982650e+03 1.000000e+00
   3895.763539 6.009800e-15 3.985400e+03 1.000000e+00
   3898.454240 6.674800e-15 3.988150e+03 1.000000e+00
   3901.134938 7.082900e-15 3.990900e+03 1.000000e+00
   3903.825639 7.497600e-15 3.993650e+03 1.000000e+00
   3906.516340 7.819000e-15 3.996400e+03 1.000000e+00
   3909.207041 8.092500e-15 3.999150e+03 1.000000e+00
   3911.887740 8.357200e-15 4.001900e+03 1.000000e+00
   3914.578441 8.363500e-15 4.004650e+03 1.000000e+00
   3917.269142 8.914500e-15 4.007400e+03 1.000000e+00
   3919.949841 8.858700e-15 4.010150e+03 1.000000e+00
   3922.640542 8.743600e-15 4.012900e+03 1.000000e+00
   3925.331243 8.209800e-15 4.015650e+03 1.000000e+00
   3928.021944 7.756600e-15 4.018400e+03 1.000000e+00
   3930.702643 7.503800e-15 4.021150e+03 1.000000e+00
   3933.393345 6.911100e-15 4.023900e+03 1.000000e+00
   3936.084046 6.686400e-15 4.026650e+03 1.000000e+00
   3938.774748 6.988700e-15 4.029400e+03 1.000000e+00
   3941.455447 7.419200e-15 4.032150e+03 1.000000e+00
   3944.146149 7.749800e-15 4.034900e+03 1.000000e+00
   3946.836850 8.090800e-15 4.037650e+03 1.000000e+00
   3949.527552 8.292400e-15 4.040400e+03 1.000000e+00
   3952.208251 8.536400e-15 4.043150e+03 1.000000e+00
   3954.898953 8.320500e-15 4.045900e+03 1.000000e+00
   3957.589655 7.805300e-15 4.048650e+03 1.000000e+00
   3960.280357 7.545600e-15 4.051400e+03 1.000000e+00
   3962.961057 6.929400e-15 4.054150e+03 1.000000e+00
   3965.651759 5.917600e-15 4.056900e+03 1.000000e+00
   3968.342461 4.972800e-15 4.059650e+03 1.000000e+00
   3971.033163 4.405000e-15 4.062400e+03 1.000000e+00
   3973.713863 4.754100e-15 4.065150e+03 1.000000e+00
   3976.404565 5.594400e-15 4.067900e+03 1.000000e+00
   3979.095267 6.445600e-15 4.070650e+03 1.000000e+00
   3981.775967 7.307700e-15 4.073400e+03 1.000000e+00
   3984.466670 7.633500e-15 4.076150e+03 1.000000e+00
   3987.157372 8.271600e-15 4.078900e+03 1.000000e+00
   3989.848075 8.810100e-15 4.081650e+03 1.000000e+00
   3992.528775 8.988100e-15 4.084400e+03 1.000000e+00
   3995.219477 8.982700e-15 4.087150e+03 1.000000e+00
   3997.910180 9.396200e-15 4.089900e+03 1.000000e+00
   4000.600883 9.559700e-15 4.092650e+03 1.000000e+00
   4003.281583 9.559700e-15 4.095400e+03 1.000000e+00
   4005.972286 9.532600e-15 4.098150e+03 1.000000e+00
   4008.662989 9.319800e-15 4.100900e+03 1.000000e+00
   4011.353692 9.341100e-15 4.103650e+03 1.000000e+00
   4014.034392 9.605500e-15 4.106400e+03 1.000000e+00
   4016.725095 9.622600e-15 4.109150e+03 1.000000e+00
   4019.415798 9.688000e-15 4.111900e+03 1.000000e+00
   4022.106501 9.794200e-15 4.114650e+03 1.000000e+00
   4024.787202 9.640800e-15 4.117400e+03 1.000000e+00
   4027.477905 9.691600e-15 4.120150e+03 1.000000e+00
   4030.168608 9.739400e-15 4.122900e+03 1.000000e+00
   4032.849309 9.480200e-15 4.125650e+03 1.000000e+00
   4035.540012 9.482100e-15 4.128400e+03 1.000000e+00
   4038.230716 9.576800e-15 4.131150e+03 1.000000e+00
   4040.921419 9.665300e-15 4.133900e+03 1.000000e+00
   4043.602120 9.642400e-15 4.136650e+03 1.000000e+00
   4046.292824 9.638600e-15 4.139400e+03 1.000000e+00
   4048.983527 9.667600e-15 4.142150e+03 1.000000e+00
   4051.674231 9.283600e-15 4.144900e+03 1.000000e+00
   4054.354932 9.425400e-15 4.147650e+03 1.000000e+00
   4057.045636 9.511800e-15 4.150400e+03 1.000000e+00
   4059.736339 9.323100e-15 4.153150e+03 1.000000e+00
   4062.427043 9.408600e-15 4.155900e+03 1.000000e+00
   4065.107744 9.251400e-15 4.158650e+03 1.000000e+00
   4067.798448 9.052300e-15 4.161400e+03 1.000000e+00
   4070.489152 9.121700e-15 4.164150e+03 1.000000e+00
   4073.179856 9.082500e-15 4.166900e+03 1.000000e+00
   4075.860558 8.756900e-15 4.169650e+03 1.000000e+00
   4078.551262 8.733000e-15 4.172400e+03 1.000000e+00
   4081.241966 9.005500e-15 4.175150e+03 1.000000e+00
   4083.932670 8.971700e-15 4.177900e+03 1.000000e+00
   4086.613372 8.810300e-15 4.180650e+03 1.000000e+00
   4089.304076 8.587100e-15 4.183400e+03 1.000000e+00
   4091.994780 7.982700e-15 4.186150e+03 1.000000e+00
   4094.675482 7.662000e-15 4.188900e+03 1.000000e+00
   4097.366187 7.146100e-15 4.191650e+03 1.000000e+00
   4100.056891 6.569600e-15 4.194400e+03 1.000000e+00
   4102.747596 6.098600e-15 4.197150e+03 1.000000e+00
   4105.428297 5.949300e-15 4.199900e+03 1.000000e+00
   4108.119002 6.527900e-15 4.202650e+03 1.000000e+00
   4110.809707 7.310700e-15 4.205400e+03 1.000000e+00
   4113.500411 7.742800e-15 4.208150e+03 1.000000e+00
   4116.181113 8.005700e-15 4.210900e+03 1.000000e+00
   4118.871818 8.249300e-15 4.213650e+03 1.000000e+00
   4121.562523 8.510700e-15 4.216400e+03 1.000000e+00
   4124.253228 8.858500e-15 4.219150e+03 1.000000e+00
   4126.933930 8.958000e-15 4.221900e+03 1.000000e+00
   4129.624635 8.898200e-15 4.224650e+03 1.000000e+00
   4132.315340 8.849300e-15 4.227400e+03 1.000000e+00
   4135.006045 8.901300e-15 4.230150e+03 1.000000e+00
   4137.686748 9.110100e-15 4.232900e+03 1.000000e+00
   4140.377453 8.976900e-15 4.235650e+03 1.000000e+00
   4143.068158 8.947700e-15 4.238400e+03 1.000000e+00
   4145.758863 9.065400e-15 4.241150e+03 1.000000e+00
   4148.439566 9.115900e-15 4.243900e+03 1.000000e+00
   4151.130271 9.155600e-15 4.246650e+03 1.000000e+00
   4153.820976 8.937900e-15 4.249400e+03 1.000000e+00
   4156.501679 8.993700e-15 4.252150e+03 1.000000e+00
   4159.192384 9.095700e-15 4.254900e+03 1.000000e+00
   4161.883090 9.202400e-15 4.257650e+03 1.000000e+00
   4164.573795 9.229300e-15 4.260400e+03 1.000000e+00
   4167.254498 9.057800e-15 4.263150e+03 1.000000e+00
   4169.945204 8.790400e-15 4.265900e+03 1.000000e+00
   4172.635910 8.860100e-15 4.268650e+03 1.000000e+00
   4175.326615 8.673800e-15 4.271400e+03 1.000000e+00
   4178.007318 8.474400e-15 4.274150e+03 1.000000e+00
   4180.698024 8.715100e-15 4.276900e+03 1.000000e+00
   4183.388730 8.719500e-15 4.279650e+03 1.000000e+00
   4186.079436 8.804900e-15 4.282400e+03 1.000000e+00
   4188.760139 8.913700e-15 4.285150e+03 1.000000e+00
   4191.450845 8.895200e-15 4.287900e+03 1.000000e+00
   4194.141551 8.885200e-15 4.290650e+03 1.000000e+00
   4196.832257 8.723700e-15 4.293400e+03 1.000000e+00
   4199.512960 8.667900e-15 4.296150e+03 1.000000e+00
   4202.203666 8.503600e-15 4.298900e+03 1.000000e+00
   4204.894372 8.733500e-15 4.301650e+03 1.000000e+00
   4207.585079 8.945800e-15 4.304400e+03 1.000000e+00
   4210.265782 8.952300e-15 4.307150e+03 1.000000e+00
   4212.956488 9.031800e-15 4.309900e+03 1.000000e+00
   4215.647195 9.137600e-15 4.312650e+03 1.000000e+00
   4218.327898 9.018600e-15 4.315400e+03 1.000000e+00
   4221.018605 9.105500e-15 4.318150e+03 1.000000e+00
   4223.709311 8.787700e-15 4.320900e+03 1.000000e+00
   4226.400018 8.757200e-15 4.323650e+03 1.000000e+00
   4229.080721 8.801300e-15 4.326400e+03 1.000000e+00
   4231.771428 8.851200e-15 4.329150e+03 1.000000e+00
   4234.462134 9.060700e-15 4.331900e+03 1.000000e+00
   4237.152841 9.028000e-15 4.334650e+03 1.000000e+00
   4239.833545 9.080900e-15 4.337400e+03 1.000000e+00
   4242.524252 9.095100e-15 4.340150e+03 1.000000e+00
   4245.214958 9.087600e-15 4.342900e+03 1.000000e+00
   4247.905665 8.928000e-15 4.345650e+03 1.000000e+00
   4250.586369 8.947600e-15 4.348400e+03 1.000000e+00
   4253.277076 9.015600e-15 4.351150e+03 1.000000e+00
   4255.967783 8.812200e-15 4.353900e+03 1.000000e+00
   4258.658490 8.734300e-15 4.356650e+03 1.000000e+00
   4261.339194 8.897800e-15 4.359400e+03 1.000000e+00
   4264.029901 9.005200e-15 4.362150e+03 1.000000e+00
   4266.720608 9.076500e-15 4.364900e+03 1.000000e+00
   4269.401313 9.066100e-15 4.367650e+03 1.000000e+00
   4272.092020 8.786100e-15 4.370400e+03 1.000000e+00
   4274.782727 8.719300e-15 4.373150e+03 1.000000e+00
   4277.473434 8.855300e-15 4.375900e+03 1.000000e+00
   4280.154139 8.859400e-15 4.378650e+03 1.000000e+00
   4282.844846 8.828800e-15 4.381400e+03 1.000000e+00
   4285.535553 8.681400e-15 4.384150e+03 1.000000e+00
   4288.226261 8.643000e-15 4.386900e+03 1.000000e+00
   4290.906965 8.521000e-15 4.389650e+03 1.000000e+00
   4293.597673 8.417600e-15 4.392400e+03 1.000000e+00
   4296.288380 8.282600e-15 4.395150e+03 1.000000e+00
   4298.979088 8.164300e-15 4.397900e+03 1.000000e+00
   4301.659793 8.064600e-15 4.400650e+03 1.000000e+00
   4304.350500 7.912800e-15 4.403400e+03 1.000000e+00
   4307.041208 7.734900e-15 4.406150e+03 1.000000e+00
   4309.731915 7.884900e-15 4.408900e+03 1.000000e+00
   4312.412620 8.038300e-15 4.411650e+03 1.000000e+00
   4315.103328 8.198900e-15 4.414400e+03 1.000000e+00
   4317.794036 8.306800e-15 4.417150e+03 1.000000e+00
   4320.484744 8.405100e-15 4.419900e+03 1.000000e+00
   4323.165449 8.305000e-15 4.422650e+03 1.000000e+00
   4325.856157 8.139400e-15 4.425400e+03 1.000000e+00
   4328.546865 7.927900e-15 4.428150e+03 1.000000e+00
   4331.227570 7.745800e-15 4.430900e+03 1.000000e+00
   4333.918278 7.409900e-15 4.433650e+03 1.000000e+00
   4336.608986 7.108600e-15 4.436400e+03 1.000000e+00
   4339.299694 6.663900e-15 4.439150e+03 1.000000e+00
   4341.980399 6.293700e-15 4.441900e+03 1.000000e+00
   4344.671107 6.451300e-15 4.444650e+03 1.000000e+00
   4347.361815 6.781000e-15 4.447400e+03 1.000000e+00
   4350.052524 7.229100e-15 4.450150e+03 1.000000e+00
   4352.733229 7.615600e-15 4.452900e+03 1.000000e+00
   4355.423937 7.996600e-15 4.455650e+03 1.000000e+00
   4358.114646 8.431000e-15 4.458400e+03 1.000000e+00
   4360.805354 8.659000e-15 4.461150e+03 1.000000e+00
   4363.486060 8.870200e-15 4.463900e+03 1.000000e+00
   4366.176768 8.981600e-15 4.466650e+03 1.000000e+00
   4368.867477 8.904500e-15 4.469400e+03 1.000000e+00
   4371.558185 8.911900e-15 4.472150e+03 1.000000e+00
   4374.238891 8.889400e-15 4.474900e+03 1.000000e+00
   4376.929599 8.613200e-15 4.477650e+03 1.000000e+00
   4379.620308 8.728900e-15 4.480400e+03 1.000000e+00
   4382.311017 8.456000e-15 4.483150e+03 1.000000e+00
   4384.991723 8.558200e-15 4.485900e+03 1.000000e+00
   4387.682431 8.587200e-15 4.488650e+03 1.000000e+00
   4390.373140 8.644700e-15 4.491400e+03 1.000000e+00
   4393.053846 8.654500e-15 4.494150e+03 1.000000e+00
   4395.744555 8.678600e-15 4.496900e+03 1.000000e+00
   4398.435264 8.895600e-15 4.499650e+03 1.000000e+00
   4401.125973 8.895800e-15 4.502400e+03 1.000000e+00
   4403.806679 8.864500e-15 4.505150e+03 1.000000e+00
   4406.497388 8.789500e-15 4.507900e+03 1.000000e+00
   4409.188097 8.997300e-15 4.510650e+03 1.000000e+00
   4411.878806 8.974200e-15 4.513400e+03 1.000000e+00
   4414.559512 9.055500e-15 4.516150e+03 1.000000e+00
   4417.250221 9.016500e-15 4.518900e+03 1.000000e+00
   4419.940930 8.937000e-15 4.521650e+03 1.000000e+00
   4422.631639 8.946600e-15 4.524400e+03 1.000000e+00
   4425.312346 9.113300e-15 4.527150e+03 1.000000e+00
   4428.003055 9.053600e-15 4.529900e+03 1.000000e+00
   4430.693764 8.824200e-15 4.532650e+03 1.000000e+00
   4433.384473 8.811300e-15 4.535400e+03 1.000000e+00
   4436.065180 8.934500e-15 4.538150e+03 1.000000e+00
   4438.755889 9.030900e-15 4.540900e+03 1.000000e+00
   4441.446599 9.083500e-15 4.543650e+03 1.000000e+00
   4444.137308 9.066200e-15 4.546400e+03 1.000000e+00
   4446.818015 9.152500e-15 4.549150e+03 1.000000e+00
   4449.508724 9.157600e-15 4.551900e+03 1.000000e+00
   4452.199434 9.199800e-15 4.554650e+03 1.000000e+00
   4454.880141 9.145500e-15 4.557400e+03 1.000000e+00
   4457.570850 8.963800e-15 4.560150e+03 1.000000e+00
   4460.261560 8.751900e-15 4.562900e+03 1.000000e+00
   4462.952269 8.834000e-15 4.565650e+03 1.000000e+00
   4465.632976 8.941000e-15 4.568400e+03 1.000000e+00
   4468.323686 8.973800e-15 4.571150e+03 1.000000e+00
   4471.014396 9.088000e-15 4.573900e+03 1.000000e+00
   4473.705106 9.275600e-15 4.576650e+03 1.000000e+00
   4476.385813 9.244400e-15 4.579400e+03 1.000000e+00
   4479.076523 9.193900e-15 4.582150e+03 1.000000e+00
   4481.767232 9.210900e-15 4.584900e+03 1.000000e+00
   4484.457942 9.073500e-15 4.587650e+03 1.000000e+00
   4487.138650 9.114400e-15 4.590400e+03 1.000000e+00
   4489.829360 9.330000e-15 4.593150e+03 1.000000e+00
   4492.520069 9.267900e-15 4.595900e+03 1.000000e+00
   4495.210779 9.219700e-15 4.598650e+03 1.000000e+00
   4497.891487 9.296200e-15 4.601400e+03 1.000000e+00
   4500.582197 9.403000e-15 4.604150e+03 1.000000e+00
   4503.272907 9.477600e-15 4.606900e+03 1.000000e+00
   4505.963617 9.610800e-15 4.609650e+03 1.000000e+00
   4508.644325 9.571000e-15 4.612400e+03 1.000000e+00
   4511.335035 9.540600e-15 4.615150e+03 1.000000e+00
   4514.025745 9.608700e-15 4.617900e+03 1.000000e+00
   4516.706453 9.471000e-15 4.620650e+03 1.000000e+00
   4519.397163 9.461900e-15 4.623400e+03 1.000000e+00
   4522.087873 9.363500e-15 4.626150e+03 1.000000e+00
   4524.778584 9.233300e-15 4.628900e+03 1.000000e+00
   4527.459291 9.127800e-15 4.631650e+03 1.000000e+00
   4530.150002 8.898100e-15 4.634400e+03 1.000000e+00
   4532.840712 8.798200e-15 4.637150e+03 1.000000e+00
   4535.531423 8.981900e-15 4.639900e+03 1.000000e+00
   4538.212131 9.168500e-15 4.642650e+03 1.000000e+00
   4540.902841 9.265100e-15 4.645400e+03 1.000000e+00
   4543.593552 9.248800e-15 4.648150e+03 1.000000e+00
   4546.284262 9.286000e-15 4.650900e+03 1.000000e+00
   4548.964970 9.002500e-15 4.653650e+03 1.000000e+00
   4551.655681 8.959300e-15 4.656400e+03 1.000000e+00
   4554.346392 9.083200e-15 4.659150e+03 1.000000e+00
   4557.037102 8.996700e-15 4.661900e+03 1.000000e+00
   4559.717810 9.130100e-15 4.664650e+03 1.000000e+00
   4562.408521 9.244100e-15 4.667400e+03 1.000000e+00
   4565.099232 9.290600e-15 4.670150e+03 1.000000e+00
   4567.779940 9.394200e-15 4.672900e+03 1.000000e+00
   4570.470651 9.286500e-15 4.675650e+03 1.000000e+00
   4573.161362 9.335500e-15 4.678400e+03 1.000000e+00
   4575.852073 9.400400e-15 4.681150e+03 1.000000e+00
   4578.532781 9.378200e-15 4.683900e+03 1.000000e+00
   4581.223492 9.219200e-15 4.686650e+03 1.000000e+00
   4583.914203 9.193300e-15 4.689400e+03 1.000000e+00
   4586.604914 9.156200e-15 4.692150e+03 1.000000e+00
   4589.285623 9.132700e-15 4.694900e+03 1.000000e+00
   4591.976334 9.071900e-15 4.697650e+03 1.000000e+00
   4594.667045 9.138700e-15 4.700400e+03 1.000000e+00
   4597.357756 9.130700e-15 4.703150e+03 1.000000e+00
   4600.038465 9.099000e-15 4.705900e+03 1.000000e+00
   4602.729176 9.158300e-15 4.708650e+03 1.000000e+00
   4605.419887 9.203700e-15 4.711400e+03 1.000000e+00
   4608.110599 9.476800e-15 4.714150e+03 1.000000e+00
   4610.791307 9.469500e-15 4.716900e+03 1.000000e+00
   4613.482019 9.336300e-15 4.719650e+03 1.000000e+00
   4616.172730 9.358400e-15 4.722400e+03 1.000000e+00
   4618.863441 9.449200e-15 4.725150e+03 1.000000e+00
   4621.544150 9.426800e-15 4.727900e+03 1.000000e+00
   4624.234862 9.346000e-15 4.730650e+03 1.000000e+00
   4626.925573 9.352500e-15 4.733400e+03 1.000000e+00
   4629.606282 9.357200e-15 4.736150e+03 1.000000e+00
   4632.296994 9.428200e-15 4.738900e+03 1.000000e+00
   4634.987705 9.485600e-15 4.741650e+03 1.000000e+00
   4637.678417 9.259200e-15 4.744400e+03 1.000000e+00
   4640.359126 9.298100e-15 4.747150e+03 1.000000e+00
   4643.049837 9.274000e-15 4.749900e+03 1.000000e+00
   4645.740549 9.209500e-15 4.752650e+03 1.000000e+00
   4648.431261 9.180500e-15 4.755400e+03 1.000000e+00
   4651.111970 9.050600e-15 4.758150e+03 1.000000e+00
   4653.802682 9.129100e-15 4.760900e+03 1.000000e+00
   4656.493393 9.234200e-15 4.763650e+03 1.000000e+00
   4659.184105 9.217800e-15 4.766400e+03 1.000000e+00
   4661.864814 9.311500e-15 4.769150e+03 1.000000e+00
   4664.555526 9.329500e-15 4.771900e+03 1.000000e+00
   4667.246238 9.037800e-15 4.774650e+03 1.000000e+00
   4669.936950 9.089000e-15 4.777400e+03 1.000000e+00
   4672.617660 8.998700e-15 4.780150e+03 1.000000e+00
   4675.308372 9.152600e-15 4.782900e+03 1.000000e+00
   4677.999084 9.161500e-15 4.785650e+03 1.000000e+00
   4680.689796 9.145700e-15 4.788400e+03 1.000000e+00
   4683.370505 9.240400e-15 4.791150e+03 1.000000e+00
   4686.061217 9.268000e-15 4.793900e+03 1.000000e+00
   4688.751929 9.369900e-15 4.796650e+03 1.000000e+00
   4691.432639 9.324600e-15 4.799400e+03 1.000000e+00
   4694.123351 9.380700e-15 4.802150e+03 1.000000e+00
   4696.814063 9.321300e-15 4.804900e+03 1.000000e+00
   4699.504775 9.311800e-15 4.807650e+03 1.000000e+00
   4702.185485 9.136200e-15 4.810400e+03 1.000000e+00
   4704.876197 9.209000e-15 4.813150e+03 1.000000e+00
   4707.566910 9.191200e-15 4.815900e+03 1.000000e+00
   4710.257622 9.088700e-15 4.818650e+03 1.000000e+00
   4712.938332 9.038100e-15 4.821400e+03 1.000000e+00
   4715.629044 9.219000e-15 4.824150e+03 1.000000e+00
   4718.319757 9.572900e-15 4.826900e+03 1.000000e+00
   4721.010469 9.528900e-15 4.829650e+03 1.000000e+00
   4723.691179 9.494700e-15 4.832400e+03 1.000000e+00
   4726.381891 9.552300e-15 4.835150e+03 1.000000e+00
   4729.072604 9.301000e-15 4.837900e+03 1.000000e+00
   4731.763317 9.271100e-15 4.840650e+03 1.000000e+00
   4734.444027 9.253500e-15 4.843400e+03 1.000000e+00
   4737.134739 9.339800e-15 4.846150e+03 1.000000e+00
   4739.825452 9.296700e-15 4.848900e+03 1.000000e+00
   4742.516164 9.437800e-15 4.851650e+03 1.000000e+00
   4745.196875 9.433900e-15 4.854400e+03 1.000000e+00
   4747.887587 9.501200e-15 4.857150e+03 1.000000e+00
   4750.578300 9.472700e-15 4.859900e+03 1.000000e+00
   4753.259010 9.268000e-15 4.862650e+03 1.000000e+00
   4755.949723 9.419900e-15 4.865400e+03 1.000000e+00
   4758.640436 9.371600e-15 4.868150e+03 1.000000e+00
   4761.331149 9.330200e-15 4.870900e+03 1.000000e+00
   4764.011859 9.089700e-15 4.873650e+03 1.000000e+00
   4766.702572 9.049100e-15 4.876400e+03 1.000000e+00
   4769.393285 9.044900e-15 4.879150e+03 1.000000e+00
   4772.083998 9.086700e-15 4.881900e+03 1.000000e+00
   4774.764708 9.238300e-15 4.884650e+03 1.000000e+00
   4777.455421 9.336700e-15 4.887400e+03 1.000000e+00
   4780.146134 9.309100e-15 4.890150e+03 1.000000e+00
   4782.836847 9.136900e-15 4.892900e+03 1.000000e+00
   4785.517558 9.178400e-15 4.895650e+03 1.000000e+00
   4788.208271 9.084900e-15 4.898400e+03 1.000000e+00
   4790.898984 9.086400e-15 4.901150e+03 1.000000e+00
   4793.589697 9.202000e-15 4.903900e+03 1.000000e+00
   4796.270408 9.259400e-15 4.906650e+03 1.000000e+00
   4798.961121 9.265300e-15 4.909400e+03 1.000000e+00
   4801.651834 9.220500e-15 4.912150e+03 1.000000e+00
   4804.332545 9.287800e-15 4.914900e+03 1.000000e+00
   4807.023258 9.320800e-15 4.917650e+03 1.000000e+00
   4809.713971 9.174400e-15 4.920400e+03 1.000000e+00
   4812.404685 9.220500e-15 4.923150e+03 1.000000e+00
   4815.085395 9.230600e-15 4.925900e+03 1.000000e+00
   4817.776109 9.244100e-15 4.928650e+03 1.000000e+00
   4820.466822 9.301000e-15 4.931400e+03 1.000000e+00
   4823.157536 9.281500e-15 4.934150e+03 1.000000e+00
   4825.838246 9.042500e-15 4.936900e+03 1.000000e+00
   4828.528960 8.975500e-15 4.939650e+03 1.000000e+00
   4831.219673 8.957000e-15 4.942400e+03 1.000000e+00
   4833.910387 8.884900e-15 4.945150e+03 1.000000e+00
   4836.591098 8.848000e-15 4.947900e+03 1.000000e+00
   4839.281811 8.767700e-15 4.950650e+03 1.000000e+00
   4841.972525 8.742000e-15 4.953400e+03 1.000000e+00
   4844.663239 8.638200e-15 4.956150e+03 1.000000e+00
   4847.343950 8.508000e-15 4.958900e+03 1.000000e+00
   4850.034663 8.277200e-15 4.961650e+03 1.000000e+00
   4852.725377 8.138800e-15 4.964400e+03 1.000000e+00
   4855.416091 7.843100e-15 4.967150e+03 1.000000e+00
   4858.096802 7.787900e-15 4.969900e+03 1.000000e+00
   4860.787516 7.761700e-15 4.972650e+03 1.000000e+00
   4863.478230 7.727700e-15 4.975400e+03 1.000000e+00
   4866.158941 7.647700e-15 4.978150e+03 1.000000e+00
   4868.849655 7.487900e-15 4.980900e+03 1.000000e+00
   4871.540369 7.557500e-15 4.983650e+03 1.000000e+00
   4874.231082 7.734800e-15 4.986400e+03 1.000000e+00
   4876.911794 8.123800e-15 4.989150e+03 1.000000e+00
   4879.602508 8.205300e-15 4.991900e+03 1.000000e+00
   4882.293222 8.381300e-15 4.994650e+03 1.000000e+00
   4884.983936 8.437400e-15 4.997400e+03 1.000000e+00
   4887.664647 8.358100e-15 5.000150e+03 1.000000e+00
   4890.355361 8.603300e-15 5.002900e+03 1.000000e+00
   4893.046075 8.615500e-15 5.005650e+03 1.000000e+00
   4895.736789 8.752100e-15 5.008400e+03 1.000000e+00
   4898.417501 8.833400e-15 5.011150e+03 1.000000e+00
   4901.108215 8.979900e-15 5.013900e+03 1.000000e+00
   4903.798929 9.020300e-15 5.016650e+03 1.000000e+00
   4906.489643 8.946300e-15 5.019400e+03 1.000000e+00
   4909.170355 8.814400e-15 5.022150e+03 1.000000e+00
   4911.861069 8.769600e-15 5.024900e+03 1.000000e+00
   4914.551783 8.796900e-15 5.027650e+03 1.000000e+00
   4917.242498 8.904600e-15 5.030400e+03 1.000000e+00
   4919.923209 8.617500e-15 5.033150e+03 1.000000e+00
   4922.613924 8.480900e-15 5.035900e+03 1.000000e+00
   4925.304638 8.548900e-15 5.038650e+03 1.000000e+00
   4927.985350 8.769200e-15 5.041400e+03 1.000000e+00
   4930.676064 8.864500e-15 5.044150e+03 1.000000e+00
   4933.366779 8.898200e-15 5.046900e+03 1.000000e+00
   4936.057493 8.860000e-15 5.049650e+03 1.000000e+00
   4938.738205 8.859800e-15 5.052400e+03 1.000000e+00
   4941.428919 8.837900e-15 5.055150e+03 1.000000e+00
   4944.119634 8.860700e-15 5.057900e+03 1.000000e+00
   4946.810348 9.079300e-15 5.060650e+03 1.000000e+00
   4949.491060 9.201000e-15 5.063400e+03 1.000000e+00
   4952.181775 9.318800e-15 5.066150e+03 1.000000e+00
   4954.872489 9.273000e-15 5.068900e+03 1.000000e+00
   4957.563204 9.232600e-15 5.071650e+03 1.000000e+00
   4960.243916 9.351900e-15 5.074400e+03 1.000000e+00
   4962.934631 9.320100e-15 5.077150e+03 1.000000e+00
   4965.625346 9.171000e-15 5.079900e+03 1.000000e+00
   4968.316060 8.980100e-15 5.082650e+03 1.000000e+00
   4970.996772 8.904900e-15 5.085400e+03 1.000000e+00
   4973.687487 8.851300e-15 5.088150e+03 1.000000e+00
   4976.378202 8.874900e-15 5.090900e+03 1.000000e+00
   4979.068917 8.879900e-15 5.093650e+03 1.000000e+00
   4981.749629 8.699200e-15 5.096400e+03 1.000000e+00
   4984.440344 8.608800e-15 5.099150e+03 1.000000e+00
   4987.131059 8.564900e-15 5.101900e+03 1.000000e+00
   4989.811771 8.654400e-15 5.104650e+03 1.000000e+00
   4992.502486 8.818800e-15 5.107400e+03 1.000000e+00
   4995.193201 8.845600e-15 5.110150e+03 1.000000e+00
   4997.883916 8.822300e-15 5.112900e+03 1.000000e+00
   5000.564628 9.028500e-15 5.115650e+03 1.000000e+00
   5003.255343 9.295000e-15 5.118400e+03 1.000000e+00
   5005.946058 9.690700e-15 5.121150e+03 1.000000e+00
   5008.636773 9.932200e-15 5.123900e+03 1.000000e+00
   5011.317486 9.748500e-15 5.126650e+03 1.000000e+00
   5014.008201 9.144500e-15 5.129400e+03 1.000000e+00
   5016.698916 8.692700e-15 5.132150e+03 1.000000e+00
   5019.389631 8.677300e-15 5.134900e+03 1.000000e+00
   5022.070343 8.578900e-15 5.137650e+03 1.000000e+00
   5024.761059 8.458200e-15 5.140400e+03 1.000000e+00
   5027.451774 8.504100e-15 5.143150e+03 1.000000e+00
   5030.142489 8.463300e-15 5.145900e+03 1.000000e+00
   5032.823202 8.458600e-15 5.148650e+03 1.000000e+00
   5035.513917 8.479400e-15 5.151400e+03 1.000000e+00
   5038.204632 8.445800e-15 5.154150e+03 1.000000e+00
   5040.885345 8.520000e-15 5.156900e+03 1.000000e+00
   5043.576060 8.579000e-15 5.159650e+03 1.000000e+00
   5046.266776 8.424100e-15 5.162400e+03 1.000000e+00
   5048.957491 8.410400e-15 5.165150e+03 1.000000e+00
   5051.638204 8.544200e-15 5.167900e+03 1.000000e+00
   5054.328919 8.680200e-15 5.170650e+03 1.000000e+00
   5057.019635 8.737500e-15 5.173400e+03 1.000000e+00
   5059.710350 8.857000e-15 5.176150e+03 1.000000e+00
   5062.391063 8.786400e-15 5.178900e+03 1.000000e+00
   5065.081778 8.626600e-15 5.181650e+03 1.000000e+00
   5067.772494 8.616400e-15 5.184400e+03 1.000000e+00
   5070.463209 8.631300e-15 5.187150e+03 1.000000e+00
   5073.143922 8.611500e-15 5.189900e+03 1.000000e+00
   5075.834638 8.613900e-15 5.192650e+03 1.000000e+00
   5078.525354 8.583700e-15 5.195400e+03 1.000000e+00
   5081.216069 8.682100e-15 5.198150e+03 1.000000e+00
   5083.896782 8.654500e-15 5.200900e+03 1.000000e+00
   5086.587498 8.445800e-15 5.203650e+03 1.000000e+00
   5089.278214 8.581800e-15 5.206400e+03 1.000000e+00
   5091.968929 8.754600e-15 5.209150e+03 1.000000e+00
   5094.649642 8.707800e-15 5.211900e+03 1.000000e+00
   5097.340358 8.639200e-15 5.214650e+03 1.000000e+00
   5100.031074 8.558500e-15 5.217400e+03 1.000000e+00
   5102.711787 8.615100e-15 5.220150e+03 1.000000e+00
   5105.402503 8.579900e-15 5.222900e+03 1.000000e+00
   5108.093219 8.456000e-15 5.225650e+03 1.000000e+00
   5110.783935 8.500400e-15 5.228400e+03 1.000000e+00
   5113.464648 8.501400e-15 5.231150e+03 1.000000e+00
   5116.155364 8.586600e-15 5.233900e+03 1.000000e+00
   5118.846080 8.687800e-15 5.236650e+03 1.000000e+00
   5121.536795 8.738500e-15 5.239400e+03 1.000000e+00
   5124.217509 8.718100e-15 5.242150e+03 1.000000e+00
   5126.908225 8.548400e-15 5.244900e+03 1.000000e+00
   5129.598941 8.464600e-15 5.247650e+03 1.000000e+00
   5132.289657 8.476400e-15 5.250400e+03 1.000000e+00
   5134.970370 8.474100e-15 5.253150e+03 1.000000e+00
   5137.661086 8.437700e-15 5.255900e+03 1.000000e+00
   5140.351802 8.296800e-15 5.258650e+03 1.000000e+00
   5143.042518 8.343600e-15 5.261400e+03 1.000000e+00
   5145.723232 8.329700e-15 5.264150e+03 1.000000e+00
   5148.413948 8.263900e-15 5.266900e+03 1.000000e+00
   5151.104664 8.263900e-15 5.269650e+03 1.000000e+00
   5153.795380 8.343300e-15 5.272400e+03 1.000000e+00
   5156.476094 8.392000e-15 5.275150e+03 1.000000e+00
   5159.166810 8.490700e-15 5.277900e+03 1.000000e+00
   5161.857526 8.400900e-15 5.280650e+03 1.000000e+00
   5164.538240 8.251100e-15 5.283400e+03 1.000000e+00
   5167.228956 7.955500e-15 5.286150e+03 1.000000e+00
   5169.919673 7.721600e-15 5.288900e+03 1.000000e+00
   5172.610389 7.707100e-15 5.291650e+03 1.000000e+00
   5175.291103 7.841900e-15 5.294400e+03 1.000000e+00
   5177.981819 8.041800e-15 5.297150e+03 1.000000e+00
   5180.672535 8.001500e-15 5.299900e+03 1.000000e+00
   5183.363252 8.029600e-15 5.302650e+03 1.000000e+00
   5186.043965 7.989100e-15 5.305400e+03 1.000000e+00
   5188.734682 7.933100e-15 5.308150e+03 1.000000e+00
   5191.425398 8.038200e-15 5.310900e+03 1.000000e+00
   5194.116115 8.232700e-15 5.313650e+03 1.000000e+00
   5196.796829 8.468600e-15 5.316400e+03 1.000000e+00
   5199.487545 8.633700e-15 5.319150e+03 1.000000e+00
   5202.178262 8.852000e-15 5.321900e+03 1.000000e+00
   5204.868978 8.746500e-15 5.324650e+03 1.000000e+00
   5207.549692 8.416200e-15 5.327400e+03 1.000000e+00
   5210.240409 8.176000e-15 5.330150e+03 1.000000e+00
   5212.931125 8.319400e-15 5.332900e+03 1.000000e+00
   5215.621842 8.557000e-15 5.335650e+03 1.000000e+00
   5218.302556 8.545300e-15 5.338400e+03 1.000000e+00
   5220.993273 8.549200e-15 5.341150e+03 1.000000e+00
   5223.683989 8.566100e-15 5.343900e+03 1.000000e+00
   5226.364703 8.403400e-15 5.346650e+03 1.000000e+00
   5229.055420 8.230800e-15 5.349400e+03 1.000000e+00
   5231.746137 8.206900e-15 5.352150e+03 1.000000e+00
   5234.436854 8.318300e-15 5.354900e+03 1.000000e+00
   5237.117568 8.605700e-15 5.357650e+03 1.000000e+00
   5239.808284 8.764900e-15 5.360400e+03 1.000000e+00
   5242.499001 8.707300e-15 5.363150e+03 1.000000e+00
   5245.189718 8.691500e-15 5.365900e+03 1.000000e+00
   5247.870432 8.620600e-15 5.368650e+03 1.000000e+00
   5250.561149 8.633000e-15 5.371400e+03 1.000000e+00
   5253.251866 8.556200e-15 5.374150e+03 1.000000e+00
   5255.942583 8.533200e-15 5.376900e+03 1.000000e+00
   5258.623297 8.538000e-15 5.379650e+03 1.000000e+00
   5261.314014 8.468300e-15 5.382400e+03 1.000000e+00
   5264.004731 8.209300e-15 5.385150e+03 1.000000e+00
   5266.695448 8.071100e-15 5.387900e+03 1.000000e+00
   5269.376162 7.997600e-15 5.390650e+03 1.000000e+00
   5272.066879 8.005000e-15 5.393400e+03 1.000000e+00
   5274.757597 8.166500e-15 5.396150e+03 1.000000e+00
   5277.438311 8.305300e-15 5.398900e+03 1.000000e+00
   5280.129028 8.440200e-15 5.401650e+03 1.000000e+00
   5282.819745 8.572400e-15 5.404400e+03 1.000000e+00
   5285.510462 8.702200e-15 5.407150e+03 1.000000e+00
   5288.191177 8.793800e-15 5.409900e+03 1.000000e+00
   5290.881894 8.860200e-15 5.412650e+03 1.000000e+00
   5293.572611 8.826500e-15 5.415400e+03 1.000000e+00
   5296.263328 8.667600e-15 5.418150e+03 1.000000e+00
   5298.944043 8.591600e-15 5.420900e+03 1.000000e+00
   5301.634760 8.472800e-15 5.423650e+03 1.000000e+00
   5304.325477 8.562300e-15 5.426400e+03 1.000000e+00
   5307.016194 8.637700e-15 5.429150e+03 1.000000e+00
   5309.696909 8.845000e-15 5.431900e+03 1.000000e+00
   5312.387626 8.864100e-15 5.434650e+03 1.000000e+00
   5315.078344 8.846700e-15 5.437400e+03 1.000000e+00
   5317.769061 8.786600e-15 5.440150e+03 1.000000e+00
   5320.449776 8.720200e-15 5.442900e+03 1.000000e+00
   5323.140493 8.581700e-15 5.445650e+03 1.000000e+00
   5325.831210 8.452500e-15 5.448400e+03 1.000000e+00
   5328.521928 8.354000e-15 5.451150e+03 1.000000e+00
   5331.202642 8.180900e-15 5.453900e+03 1.000000e+00
   5333.893360 8.303900e-15 5.456650e+03 1.000000e+00
   5336.584077 8.605800e-15 5.459400e+03 1.000000e+00
   5339.264792 8.458500e-15 5.462150e+03 1.000000e+00
   5341.955510 8.279300e-15 5.464900e+03 1.000000e+00
   5344.646227 8.399800e-15 5.467650e+03 1.000000e+00
   5347.336945 8.553100e-15 5.470400e+03 1.000000e+00
   5350.017660 8.683500e-15 5.473150e+03 1.000000e+00
   5352.708377 8.706200e-15 5.475900e+03 1.000000e+00
   5355.399095 8.820700e-15 5.478650e+03 1.000000e+00
   5358.089812 8.961600e-15 5.481400e+03 1.000000e+00
   5360.770527 8.973200e-15 5.484150e+03 1.000000e+00
   5363.461245 8.825700e-15 5.486900e+03 1.000000e+00
   5366.151963 8.747100e-15 5.489650e+03 1.000000e+00
   5368.842680 8.605300e-15 5.492400e+03 1.000000e+00
   5371.523395 8.591600e-15 5.495150e+03 1.000000e+00
   5374.214113 8.527100e-15 5.497900e+03 1.000000e+00
   5376.904831 8.667500e-15 5.500650e+03 1.000000e+00
   5379.595548 8.770400e-15 5.503400e+03 1.000000e+00
   5382.276263 8.758500e-15 5.506150e+03 1.000000e+00
   5384.966981 8.684600e-15 5.508900e+03 1.000000e+00
   5387.657699 8.713400e-15 5.511650e+03 1.000000e+00
   5390.348417 8.754700e-15 5.514400e+03 1.000000e+00
   5393.029132 8.626000e-15 5.517150e+03 1.000000e+00
   5395.719850 8.573400e-15 5.519900e+03 1.000000e+00
   5398.410568 8.481200e-15 5.522650e+03 1.000000e+00
   5401.091283 8.384900e-15 5.525400e+03 1.000000e+00
   5403.782001 8.403600e-15 5.528150e+03 1.000000e+00
   5406.472719 8.318600e-15 5.530900e+03 1.000000e+00
   5409.163436 8.313400e-15 5.533650e+03 1.000000e+00
   5411.844152 8.390300e-15 5.536400e+03 1.000000e+00
   5414.534870 8.539500e-15 5.539150e+03 1.000000e+00
   5417.225588 8.584700e-15 5.541900e+03 1.000000e+00
   5419.916306 8.599500e-15 5.544650e+03 1.000000e+00
   5422.597021 8.640500e-15 5.547400e+03 1.000000e+00
   5425.287739 8.615800e-15 5.550150e+03 1.000000e+00
   5427.978457 8.575700e-15 5.552900e+03 1.000000e+00
   5430.669175 8.457700e-15 5.555650e+03 1.000000e+00
   5433.349890 8.473800e-15 5.558400e+03 1.000000e+00
   5436.040609 8.373500e-15 5.561150e+03 1.000000e+00
   5438.731327 8.607600e-15 5.563900e+03 1.000000e+00
   5441.422045 8.550700e-15 5.566650e+03 1.000000e+00
   5444.102760 8.618500e-15 5.569400e+03 1.000000e+00
   5446.793478 8.628100e-15 5.572150e+03 1.000000e+00
   5449.484197 8.648400e-15 5.574900e+03 1.000000e+00
   5452.174915 8.540400e-15 5.577650e+03 1.000000e+00
   5454.855630 8.507900e-15 5.580400e+03 1.000000e+00
   5457.546348 8.614500e-15 5.583150e+03 1.000000e+00
   5460.237067 8.655200e-15 5.585900e+03 1.000000e+00
   5462.917782 8.510700e-15 5.588650e+03 1.000000e+00
   5465.608501 8.411500e-15 5.591400e+03 1.000000e+00
   5468.299219 8.465000e-15 5.594150e+03 1.000000e+00
   5470.989937 8.509300e-15 5.596900e+03 1.000000e+00
   5473.670653 8.308500e-15 5.599650e+03 1.000000e+00
   5476.361371 8.310600e-15 5.602400e+03 1.000000e+00
   5479.052089 8.354600e-15 5.605150e+03 1.000000e+00
   5481.742808 8.442300e-15 5.607900e+03 1.000000e+00
   5484.423523 8.426100e-15 5.610650e+03 1.000000e+00
   5487.114242 8.539700e-15 5.613400e+03 1.000000e+00
   5489.804960 8.623500e-15 5.616150e+03 1.000000e+00
   5492.495679 8.593300e-15 5.618900e+03 1.000000e+00
   5495.176394 8.566800e-15 5.621650e+03 1.000000e+00
   5497.867113 8.539800e-15 5.624400e+03 1.000000e+00
   5500.557831 8.531100e-15 5.627150e+03 1.000000e+00
   5503.248550 8.434400e-15 5.629900e+03 1.000000e+00
   5505.929266 8.507400e-15 5.632650e+03 1.000000e+00
   5508.619984 8.523900e-15 5.635400e+03 1.000000e+00
   5511.310703 8.475800e-15 5.638150e+03 1.000000e+00
   5513.991419 8.490300e-15 5.640900e+03 1.000000e+00
   5516.682137 8.587500e-15 5.643650e+03 1.000000e+00
   5519.372856 8.616900e-15 5.646400e+03 1.000000e+00
   5522.063574 8.590200e-15 5.649150e+03 1.000000e+00
   5524.744290 8.634800e-15 5.651900e+03 1.000000e+00
   5527.435009 8.573700e-15 5.654650e+03 1.000000e+00
   5530.125728 8.433200e-15 5.657400e+03 1.000000e+00
   5532.816446 8.553900e-15 5.660150e+03 1.000000e+00
   5535.497162 8.519600e-15 5.662900e+03 1.000000e+00
   5538.187881 8.609400e-15 5.665650e+03 1.000000e+00
   5540.878600 8.691600e-15 5.668400e+03 1.000000e+00
   5543.569318 8.882000e-15 5.671150e+03 1.000000e+00
   5546.250035 8.817400e-15 5.673900e+03 1.000000e+00
   5548.940753 8.796000e-15 5.676650e+03 1.000000e+00
   5551.631472 8.922400e-15 5.679400e+03 1.000000e+00
   5554.322191 8.805300e-15 5.682150e+03 1.000000e+00
   5557.002907 8.849000e-15 5.684900e+03 1.000000e+00
   5559.693626 8.723800e-15 5.687650e+03 1.000000e+00
   5562.384345 8.637400e-15 5.690400e+03 1.000000e+00
   5565.075063 8.528300e-15 5.693150e+03 1.000000e+00
   5567.755780 8.611000e-15 5.695900e+03 1.000000e+00
   5570.446499 8.514400e-15 5.698650e+03 1.000000e+00
   5573.137217 8.588500e-15 5.701400e+03 1.000000e+00
   5575.817934 8.646700e-15 5.704150e+03 1.000000e+00
   5578.508653 8.718200e-15 5.706900e+03 1.000000e+00
   5581.199371 8.785300e-15 5.709650e+03 1.000000e+00
   5583.890090 8.800200e-15 5.712400e+03 1.000000e+00
   5586.570807 8.590200e-15 5.715150e+03 1.000000e+00
   5589.261526 8.443200e-15 5.717900e+03 1.000000e+00
   5591.952245 8.596100e-15 5.720650e+03 1.000000e+00
   5594.642964 8.375500e-15 5.723400e+03 1.000000e+00
   5597.323680 8.409200e-15 5.726150e+03 1.000000e+00
   5600.014399 8.601400e-15 5.728900e+03 1.000000e+00
   5602.705118 8.571000e-15 5.731650e+03 1.000000e+00
   5605.395837 8.606500e-15 5.734400e+03 1.000000e+00
   5608.076554 8.708200e-15 5.737150e+03 1.000000e+00
   5610.767273 8.711500e-15 5.739900e+03 1.000000e+00
   5613.457992 8.633500e-15 5.742650e+03 1.000000e+00
   5616.148711 8.566300e-15 5.745400e+03 1.000000e+00
   5618.829428 8.661200e-15 5.748150e+03 1.000000e+00
   5621.520147 8.562600e-15 5.750900e+03 1.000000e+00
   5624.210866 8.429300e-15 5.753650e+03 1.000000e+00
   5626.901585 8.426400e-15 5.756400e+03 1.000000e+00
   5629.582302 8.521500e-15 5.759150e+03 1.000000e+00
   5632.273021 8.613900e-15 5.761900e+03 1.000000e+00
   5634.963740 8.595600e-15 5.764650e+03 1.000000e+00
   5637.644457 8.644300e-15 5.767400e+03 1.000000e+00
   5640.335176 8.530700e-15 5.770150e+03 1.000000e+00
   5643.025895 8.605300e-15 5.772900e+03 1.000000e+00
   5645.716614 8.534400e-15 5.775650e+03 1.000000e+00
   5648.397331 8.499700e-15 5.778400e+03 1.000000e+00
   5651.088050 8.605600e-15 5.781150e+03 1.000000e+00
   5653.778770 8.644100e-15 5.783900e+03 1.000000e+00
   5656.469489 8.550400e-15 5.786650e+03 1.000000e+00
   5659.150206 8.470600e-15 5.789400e+03 1.000000e+00
   5661.840925 8.333900e-15 5.792150e+03 1.000000e+00
   5664.531645 8.304500e-15 5.794900e+03 1.000000e+00
   5667.222364 8.282000e-15 5.797650e+03 1.000000e+00
   5669.903081 8.379100e-15 5.800400e+03 1.000000e+00
   5672.593800 8.465900e-15 5.803150e+03 1.000000e+00
   5675.284520 8.600100e-15 5.805900e+03 1.000000e+00
   5677.975239 8.701600e-15 5.808650e+03 1.000000e+00
   5680.655956 8.660400e-15 5.811400e+03 1.000000e+00
   5683.346675 8.442100e-15 5.814150e+03 1.000000e+00
   5686.037395 8.463000e-15 5.816900e+03 1.000000e+00
   5688.728114 8.555200e-15 5.819650e+03 1.000000e+00
   5691.408831 8.585600e-15 5.822400e+03 1.000000e+00
   5694.099551 8.547800e-15 5.825150e+03 1.000000e+00
   5696.790270 8.461300e-15 5.827900e+03 1.000000e+00
   5699.470987 8.403200e-15 5.830650e+03 1.000000e+00
   5702.161707 8.340900e-15 5.833400e+03 1.000000e+00
   5704.852427 8.504600e-15 5.836150e+03 1.000000e+00
   5707.543146 8.443400e-15 5.838900e+03 1.000000e+00
   5710.223863 8.288400e-15 5.841650e+03 1.000000e+00
   5712.914583 8.297500e-15 5.844400e+03 1.000000e+00
   5715.605302 8.297800e-15 5.847150e+03 1.000000e+00
   5718.296022 8.567300e-15 5.849900e+03 1.000000e+00
   5720.976739 8.711600e-15 5.852650e+03 1.000000e+00
   5723.667459 8.757400e-15 5.855400e+03 1.000000e+00
   5726.358179 8.751600e-15 5.858150e+03 1.000000e+00
   5729.048898 8.745300e-15 5.860900e+03 1.000000e+00
   5731.729615 8.640200e-15 5.863650e+03 1.000000e+00
   5734.420335 8.628000e-15 5.866400e+03 1.000000e+00
   5737.111055 8.629600e-15 5.869150e+03 1.000000e+00
   5739.801775 8.556800e-15 5.871900e+03 1.000000e+00
   5742.482492 8.620300e-15 5.874650e+03 1.000000e+00
   5745.173212 8.643400e-15 5.877400e+03 1.000000e+00
   5747.863931 8.517400e-15 5.880150e+03 1.000000e+00
   5750.544649 8.418200e-15 5.882900e+03 1.000000e+00
   5753.235369 8.436800e-15 5.885650e+03 1.000000e+00
   5755.926088 8.507200e-15 5.888400e+03 1.000000e+00
   5758.616808 8.464800e-15 5.891150e+03 1.000000e+00
   5761.297526 8.372400e-15 5.893900e+03 1.000000e+00
   5763.988245 8.451600e-15 5.896650e+03 1.000000e+00
   5766.678965 8.649200e-15 5.899400e+03 1.000000e+00
   5769.369685 8.748200e-15 5.902150e+03 1.000000e+00
   5772.050403 8.561100e-15 5.904900e+03 1.000000e+00
   5774.741123 8.686100e-15 5.907650e+03 1.000000e+00
   5777.431843 8.598600e-15 5.910400e+03 1.000000e+00
   5780.122563 8.321200e-15 5.913150e+03 1.000000e+00
   5782.803280 8.375000e-15 5.915900e+03 1.000000e+00
   5785.494000 8.125800e-15 5.918650e+03 1.000000e+00
   5788.184720 8.267800e-15 5.921400e+03 1.000000e+00
   5790.875440 8.383300e-15 5.924150e+03 1.000000e+00
   5793.556157 8.419300e-15 5.926900e+03 1.000000e+00
   5796.246877 8.432900e-15 5.929650e+03 1.000000e+00
   5798.937598 8.505000e-15 5.932400e+03 1.000000e+00
   5801.628318 8.596300e-15 5.935150e+03 1.000000e+00
   5804.309035 8.494000e-15 5.937900e+03 1.000000e+00
   5806.999755 8.497900e-15 5.940650e+03 1.000000e+00
   5809.690475 8.582500e-15 5.943400e+03 1.000000e+00
   5812.371193 8.564600e-15 5.946150e+03 1.000000e+00
   5815.061913 8.649500e-15 5.948900e+03 1.000000e+00
   5817.752633 8.721600e-15 5.951650e+03 1.000000e+00
   5820.443353 8.735000e-15 5.954400e+03 1.000000e+00
   5823.124071 8.652900e-15 5.957150e+03 1.000000e+00
   5825.814791 8.625400e-15 5.959900e+03 1.000000e+00
   5828.505511 8.682800e-15 5.962650e+03 1.000000e+00
   5831.196232 8.756800e-15 5.965400e+03 1.000000e+00
   5833.876949 8.661500e-15 5.968150e+03 1.000000e+00
   5836.567669 8.578900e-15 5.970900e+03 1.000000e+00
   5839.258390 8.642500e-15 5.973650e+03 1.000000e+00
   5841.949110 8.712000e-15 5.976400e+03 1.000000e+00
   5844.629828 8.633600e-15 5.979150e+03 1.000000e+00
   5847.320548 8.576600e-15 5.981900e+03 1.000000e+00
   5850.011268 8.436800e-15 5.984650e+03 1.000000e+00
   5852.701989 8.448500e-15 5.987400e+03 1.000000e+00
   5855.382706 8.425000e-15 5.990150e+03 1.000000e+00
   5858.073427 8.317800e-15 5.992900e+03 1.000000e+00
   5860.764147 8.311400e-15 5.995650e+03 1.000000e+00
   5863.454868 8.249800e-15 5.998400e+03 1.000000e+00
   5866.135585 8.321000e-15 6.001150e+03 1.000000e+00
   5868.826306 8.371100e-15 6.003900e+03 1.000000e+00
   5871.517026 8.408800e-15 6.006650e+03 1.000000e+00
   5874.197744 8.462300e-15 6.009400e+03 1.000000e+00
   5876.888464 8.561100e-15 6.012150e+03 1.000000e+00
   5879.579185 8.600600e-15 6.014900e+03 1.000000e+00
   5882.269905 8.532900e-15 6.017650e+03 1.000000e+00
   5884.950623 8.415800e-15 6.020400e+03 1.000000e+00
   5887.641344 8.203900e-15 6.023150e+03 1.000000e+00
   5890.332064 7.928600e-15 6.025900e+03 1.000000e+00
   5893.022785 7.636900e-15 6.028650e+03 1.000000e+00
   5895.703503 7.570400e-15 6.031400e+03 1.000000e+00
   5898.394223 7.724200e-15 6.034150e+03 1.000000e+00
   5901.084944 7.941000e-15 6.036900e+03 1.000000e+00
   5903.775664 8.340800e-15 6.039650e+03 1.000000e+00
   5906.456382 8.270600e-15 6.042400e+03 1.000000e+00
   5909.147103 8.218900e-15 6.045150e+03 1.000000e+00
   5911.837824 8.370800e-15 6.047900e+03 1.000000e+00
   5914.528544 8.443200e-15 6.050650e+03 1.000000e+00
   5917.209262 8.178300e-15 6.053400e+03 1.000000e+00
   5919.899983 8.285800e-15 6.056150e+03 1.000000e+00
   5922.590704 8.504700e-15 6.058900e+03 1.000000e+00
   5925.281424 8.536700e-15 6.061650e+03 1.000000e+00
   5927.962142 8.479200e-15 6.064400e+03 1.000000e+00
   5930.652863 8.276400e-15 6.067150e+03 1.000000e+00
   5933.343584 8.268400e-15 6.069900e+03 1.000000e+00
   5936.024302 8.448500e-15 6.072650e+03 1.000000e+00
   5938.715023 8.324600e-15 6.075400e+03 1.000000e+00
   5941.405743 8.386000e-15 6.078150e+03 1.000000e+00
   5944.096464 8.382400e-15 6.080900e+03 1.000000e+00
   5946.777182 8.388100e-15 6.083650e+03 1.000000e+00
   5949.467903 8.276400e-15 6.086400e+03 1.000000e+00
   5952.158624 8.365100e-15 6.089150e+03 1.000000e+00
   5954.849345 8.324600e-15 6.091900e+03 1.000000e+00
   5957.530063 8.308400e-15 6.094650e+03 1.000000e+00
   5960.220784 8.372800e-15 6.097400e+03 1.000000e+00
   5962.911505 8.385300e-15 6.100150e+03 1.000000e+00
   5965.602225 8.415300e-15 6.102900e+03 1.000000e+00
   5968.282944 8.337300e-15 6.105650e+03 1.000000e+00
   5970.973665 8.343700e-15 6.108400e+03 1.000000e+00
   5973.664385 8.571200e-15 6.111150e+03 1.000000e+00
   5976.355106 8.371500e-15 6.113900e+03 1.000000e+00
   5979.035825 8.341800e-15 6.116650e+03 1.000000e+00
   5981.726546 8.326300e-15 6.119400e+03 1.000000e+00
   5984.417267 8.451800e-15 6.122150e+03 1.000000e+00
   5987.107988 8.307700e-15 6.124900e+03 1.000000e+00
   5989.788706 8.208200e-15 6.127650e+03 1.000000e+00
   5992.479427 8.184400e-15 6.130400e+03 1.000000e+00
   5995.170148 8.378900e-15 6.133150e+03 1.000000e+00
   5997.850866 8.428900e-15 6.135900e+03 1.000000e+00
   6000.541587 8.311000e-15 6.138650e+03 1.000000e+00
   6003.232308 8.208300e-15 6.141400e+03 1.000000e+00
   6005.923029 8.227600e-15 6.144150e+03 1.000000e+00
   6008.603748 8.136900e-15 6.146900e+03 1.000000e+00
   6011.294469 8.159400e-15 6.149650e+03 1.000000e+00
   6013.985190 8.254100e-15 6.152400e+03 1.000000e+00
   6016.675911 8.117200e-15 6.155150e+03 1.000000e+00
   6019.356629 8.174600e-15 6.157900e+03 1.000000e+00
   6022.047351 8.189400e-15 6.160650e+03 1.000000e+00
   6024.738072 8.166900e-15 6.163400e+03 1.000000e+00
   6027.428793 8.209500e-15 6.166150e+03 1.000000e+00
   6030.109511 8.324300e-15 6.168900e+03 1.000000e+00
   6032.800232 8.329000e-15 6.171650e+03 1.000000e+00
   6035.490954 8.308800e-15 6.174400e+03 1.000000e+00
   6038.181675 8.261900e-15 6.177150e+03 1.000000e+00
   6040.862393 8.262700e-15 6.179900e+03 1.000000e+00
   6043.553115 8.314700e-15 6.182650e+03 1.000000e+00
   6046.243836 8.397200e-15 6.185400e+03 1.000000e+00
   6048.924554 8.487000e-15 6.188150e+03 1.000000e+00
   6051.615276 8.507400e-15 6.190900e+03 1.000000e+00
   6054.305997 8.449500e-15 6.193650e+03 1.000000e+00
   6056.996718 8.258200e-15 6.196400e+03 1.000000e+00
   6059.677437 8.379300e-15 6.199150e+03 1.000000e+00
   6062.368158 8.315900e-15 6.201900e+03 1.000000e+00
   6065.058879 8.316600e-15 6.204650e+03 1.000000e+00
   6067.749601 8.344700e-15 6.207400e+03 1.000000e+00
   6070.430319 8.356000e-15 6.210150e+03 1.000000e+00
   6073.121041 8.512000e-15 6.212900e+03 1.000000e+00
   6075.811762 8.430400e-15 6.215650e+03 1.000000e+00
   6078.502484 8.409200e-15 6.218400e+03 1.000000e+00
   6081.183202 8.353400e-15 6.221150e+03 1.000000e+00
   6083.873924 8.169900e-15 6.223900e+03 1.000000e+00
   6086.564645 8.124500e-15 6.226650e+03 1.000000e+00
   6089.255366 8.292000e-15 6.229400e+03 1.000000e+00
   6091.936085 8.516500e-15 6.232150e+03 1.000000e+00
   6094.626807 8.610500e-15 6.234900e+03 1.000000e+00
   6097.317528 8.318500e-15 6.237650e+03 1.000000e+00
   6100.008250 8.176800e-15 6.240400e+03 1.000000e+00
   6102.688968 8.145800e-15 6.243150e+03 1.000000e+00
   6105.379690 8.252200e-15 6.245900e+03 1.000000e+00
   6108.070411 8.290700e-15 6.248650e+03 1.000000e+00
   6110.751130 8.315400e-15 6.251400e+03 1.000000e+00
   6113.441852 8.603600e-15 6.254150e+03 1.000000e+00
   6116.132573 8.554600e-15 6.256900e+03 1.000000e+00
   6118.823295 8.341700e-15 6.259650e+03 1.000000e+00
   6121.504014 8.257100e-15 6.262400e+03 1.000000e+00
   6124.194735 8.269000e-15 6.265150e+03 1.000000e+00
   6126.885457 8.213300e-15 6.267900e+03 1.000000e+00
   6129.576178 8.159300e-15 6.270650e+03 1.000000e+00
   6132.256897 8.072600e-15 6.273400e+03 1.000000e+00
   6134.947619 8.268500e-15 6.276150e+03 1.000000e+00
   6137.638340 8.142800e-15 6.278900e+03 1.000000e+00
   6140.329062 8.105700e-15 6.281650e+03 1.000000e+00
   6143.009781 8.053500e-15 6.284400e+03 1.000000e+00
   6145.700503 8.153100e-15 6.287150e+03 1.000000e+00
   6148.391224 8.139500e-15 6.289900e+03 1.000000e+00
   6151.081946 8.195500e-15 6.292650e+03 1.000000e+00
   6153.762665 8.227700e-15 6.295400e+03 1.000000e+00
   6156.453387 8.149800e-15 6.298150e+03 1.000000e+00
   6159.144108 8.081000e-15 6.300900e+03 1.000000e+00
   6161.834830 7.825400e-15 6.303650e+03 1.000000e+00
   6164.515549 7.738400e-15 6.306400e+03 1.000000e+00
   6167.206271 7.779600e-15 6.309150e+03 1.000000e+00
   6169.896993 7.910500e-15 6.311900e+03 1.000000e+00
   6172.577712 7.806600e-15 6.314650e+03 1.000000e+00
   6175.268434 7.878900e-15 6.317400e+03 1.000000e+00
   6177.959155 7.993900e-15 6.320150e+03 1.000000e+00
   6180.649877 8.120200e-15 6.322900e+03 1.000000e+00
   6183.330596 8.093800e-15 6.325650e+03 1.000000e+00
   6186.021318 8.042300e-15 6.328400e+03 1.000000e+00
   6188.712040 7.911800e-15 6.331150e+03 1.000000e+00
   6191.402762 7.784000e-15 6.333900e+03 1.000000e+00
   6194.083481 7.965100e-15 6.336650e+03 1.000000e+00
   6196.774203 7.973600e-15 6.339400e+03 1.000000e+00
   6199.464925 7.989200e-15 6.342150e+03 1.000000e+00
   6202.155647 8.079900e-15 6.344900e+03 1.000000e+00
   6204.836366 7.892500e-15 6.347650e+03 1.000000e+00
   6207.527088 8.006800e-15 6.350400e+03 1.000000e+00
   6210.217810 8.116500e-15 6.353150e+03 1.000000e+00
   6212.908531 8.169500e-15 6.355900e+03 1.000000e+00
   6215.589251 8.084600e-15 6.358650e+03 1.000000e+00
   6218.279973 7.906800e-15 6.361400e+03 1.000000e+00
   6220.970695 7.860000e-15 6.364150e+03 1.000000e+00
   6223.661417 7.765700e-15 6.366900e+03 1.000000e+00
   6226.342136 7.766900e-15 6.369650e+03 1.000000e+00
   6229.032858 7.898900e-15 6.372400e+03 1.000000e+00
   6231.723580 7.707200e-15 6.375150e+03 1.000000e+00
   6234.404299 7.897400e-15 6.377900e+03 1.000000e+00
   6237.095021 7.768100e-15 6.380650e+03 1.000000e+00
   6239.785743 7.786800e-15 6.383400e+03 1.000000e+00
   6242.476465 7.731200e-15 6.386150e+03 1.000000e+00
   6245.157185 7.756000e-15 6.388900e+03 1.000000e+00
   6247.847907 7.625300e-15 6.391650e+03 1.000000e+00
   6250.538629 7.493100e-15 6.394400e+03 1.000000e+00
   6253.229351 7.472200e-15 6.397150e+03 1.000000e+00
   6255.910070 7.482400e-15 6.399900e+03 1.000000e+00
   6258.600792 7.556700e-15 6.402650e+03 1.000000e+00
   6261.291514 7.620700e-15 6.405400e+03 1.000000e+00
   6263.982237 7.756000e-15 6.408150e+03 1.000000e+00
   6266.662956 7.900300e-15 6.410900e+03 1.000000e+00
   6269.353678 7.842200e-15 6.413650e+03 1.000000e+00
   6272.044400 7.865800e-15 6.416400e+03 1.000000e+00
   6274.735122 7.934500e-15 6.419150e+03 1.000000e+00
   6277.415842 7.934800e-15 6.421900e+03 1.000000e+00
   6280.106564 7.853100e-15 6.424650e+03 1.000000e+00
   6282.797286 7.649100e-15 6.427400e+03 1.000000e+00
   6285.478006 7.643300e-15 6.430150e+03 1.000000e+00
   6288.168728 7.616100e-15 6.432900e+03 1.000000e+00
   6290.859450 7.807100e-15 6.435650e+03 1.000000e+00
   6293.550172 7.898300e-15 6.438400e+03 1.000000e+00
   6296.230892 8.358900e-15 6.441150e+03 1.000000e+00
   6298.921614 8.886000e-15 6.443900e+03 1.000000e+00
   6301.612337 9.130300e-15 6.446650e+03 1.000000e+00
   6304.303059 9.149700e-15 6.449400e+03 1.000000e+00
   6306.983778 8.735300e-15 6.452150e+03 1.000000e+00
   6309.674501 8.260200e-15 6.454900e+03 1.000000e+00
   6312.365223 8.053800e-15 6.457650e+03 1.000000e+00
   6315.055945 7.974600e-15 6.460400e+03 1.000000e+00
   6317.736665 7.903300e-15 6.463150e+03 1.000000e+00
   6320.427387 7.855400e-15 6.465900e+03 1.000000e+00
   6323.118110 7.608200e-15 6.468650e+03 1.000000e+00
   6325.808832 7.686600e-15 6.471400e+03 1.000000e+00
   6328.489552 7.718900e-15 6.474150e+03 1.000000e+00
   6331.180274 7.603600e-15 6.476900e+03 1.000000e+00
   6333.870996 7.636000e-15 6.479650e+03 1.000000e+00
   6336.561719 7.664700e-15 6.482400e+03 1.000000e+00
   6339.242439 7.721500e-15 6.485150e+03 1.000000e+00
   6341.933161 7.789400e-15 6.487900e+03 1.000000e+00
   6344.623883 7.766800e-15 6.490650e+03 1.000000e+00
   6347.304603 7.979700e-15 6.493400e+03 1.000000e+00
   6349.995326 8.100200e-15 6.496150e+03 1.000000e+00
   6352.686048 8.024800e-15 6.498900e+03 1.000000e+00
   6355.376771 7.749700e-15 6.501650e+03 1.000000e+00
   6358.057490 7.503500e-15 6.504400e+03 1.000000e+00
   6360.748213 7.671900e-15 6.507150e+03 1.000000e+00
   6363.438935 7.911500e-15 6.509900e+03 1.000000e+00
   6366.129658 8.060200e-15 6.512650e+03 1.000000e+00
   6368.810378 8.096200e-15 6.515400e+03 1.000000e+00
   6371.501100 8.050600e-15 6.518150e+03 1.000000e+00
   6374.191823 8.135600e-15 6.520900e+03 1.000000e+00
   6376.882545 7.921900e-15 6.523650e+03 1.000000e+00
   6379.563265 7.810200e-15 6.526400e+03 1.000000e+00
   6382.253988 7.841400e-15 6.529150e+03 1.000000e+00
   6384.944710 8.040400e-15 6.531900e+03 1.000000e+00
   6387.635433 7.933000e-15 6.534650e+03 1.000000e+00
   6390.316153 7.713100e-15 6.537400e+03 1.000000e+00
   6393.006875 7.872400e-15 6.540150e+03 1.000000e+00
   6395.697598 7.897800e-15 6.542900e+03 1.000000e+00
   6398.388321 7.770500e-15 6.545650e+03 1.000000e+00
   6401.069040 7.702400e-15 6.548400e+03 1.000000e+00
   6403.759763 7.841100e-15 6.551150e+03 1.000000e+00
   6406.450486 7.932600e-15 6.553900e+03 1.000000e+00
   6409.131206 7.769300e-15 6.556650e+03 1.000000e+00
   6411.821928 7.576000e-15 6.559400e+03 1.000000e+00
   6414.512651 7.653600e-15 6.562150e+03 1.000000e+00
   6417.203374 7.680500e-15 6.564900e+03 1.000000e+00
   6419.884094 7.583900e-15 6.567650e+03 1.000000e+00
   6422.574817 7.711900e-15 6.570400e+03 1.000000e+00
   6425.265539 7.804100e-15 6.573150e+03 1.000000e+00
   6427.956262 7.850800e-15 6.575900e+03 1.000000e+00
   6430.636982 7.746600e-15 6.578650e+03 1.000000e+00
   6433.327705 7.554900e-15 6.581400e+03 1.000000e+00
   6436.018427 7.572600e-15 6.584150e+03 1.000000e+00
   6438.709150 7.607900e-15 6.586900e+03 1.000000e+00
   6441.389870 7.755200e-15 6.589650e+03 1.000000e+00
   6444.080593 7.908400e-15 6.592400e+03 1.000000e+00
   6446.771316 7.739300e-15 6.595150e+03 1.000000e+00
   6449.462039 7.822900e-15 6.597900e+03 1.000000e+00
   6452.142759 7.756400e-15 6.600650e+03 1.000000e+00
   6454.833482 7.561500e-15 6.603400e+03 1.000000e+00
   6457.524204 7.668900e-15 6.606150e+03 1.000000e+00
   6460.214927 7.421800e-15 6.608900e+03 1.000000e+00
   6462.895647 7.565100e-15 6.611650e+03 1.000000e+00
   6465.586370 7.695600e-15 6.614400e+03 1.000000e+00
   6468.277093 7.719000e-15 6.617150e+03 1.000000e+00
   6470.957813 7.732600e-15 6.619900e+03 1.000000e+00
   6473.648536 7.629700e-15 6.622650e+03 1.000000e+00
   6476.339259 7.711800e-15 6.625400e+03 1.000000e+00
   6479.029982 7.801200e-15 6.628150e+03 1.000000e+00
   6481.710702 7.825900e-15 6.630900e+03 1.000000e+00
   6484.401425 7.830300e-15 6.633650e+03 1.000000e+00
   6487.092148 7.776200e-15 6.636400e+03 1.000000e+00
   6489.782871 7.565300e-15 6.639150e+03 1.000000e+00
   6492.463591 7.516000e-15 6.641900e+03 1.000000e+00
   6495.154314 7.359600e-15 6.644650e+03 1.000000e+00
   6497.845037 7.341600e-15 6.647400e+03 1.000000e+00
   6500.535760 7.431500e-15 6.650150e+03 1.000000e+00
   6503.216481 7.457300e-15 6.652900e+03 1.000000e+00
   6505.907204 7.706600e-15 6.655650e+03 1.000000e+00
   6508.597927 7.790400e-15 6.658400e+03 1.000000e+00
   6511.288650 7.666600e-15 6.661150e+03 1.000000e+00
   6513.969370 7.601200e-15 6.663900e+03 1.000000e+00
   6516.660093 7.615600e-15 6.666650e+03 1.000000e+00
   6519.350816 7.892900e-15 6.669400e+03 1.000000e+00
   6522.031536 7.744100e-15 6.672150e+03 1.000000e+00
   6524.722259 7.645400e-15 6.674900e+03 1.000000e+00
   6527.412982 7.609500e-15 6.677650e+03 1.000000e+00
   6530.103706 7.669000e-15 6.680400e+03 1.000000e+00
   6532.784426 7.662700e-15 6.683150e+03 1.000000e+00
   6535.475149 7.605900e-15 6.685900e+03 1.000000e+00
   6538.165872 7.703100e-15 6.688650e+03 1.000000e+00
   6540.856595 8.050400e-15 6.691400e+03 1.000000e+00
   6543.537316 8.596200e-15 6.694150e+03 1.000000e+00
   6546.228039 9.137100e-15 6.696900e+03 1.000000e+00
   6548.918762 9.511200e-15 6.699650e+03 1.000000e+00
   6551.609485 9.531100e-15 6.702400e+03 1.000000e+00
   6554.290206 9.486200e-15 6.705150e+03 1.000000e+00
   6556.980929 1.030900e-14 6.707900e+03 1.000000e+00
   6559.671652 1.260500e-14 6.710650e+03 1.000000e+00
   6562.362375 1.487100e-14 6.713400e+03 1.000000e+00
   6565.043096 1.531000e-14 6.716150e+03 1.000000e+00
   6567.733819 1.380000e-14 6.718900e+03 1.000000e+00
   6570.424542 1.120300e-14 6.721650e+03 1.000000e+00
   6573.115265 9.093200e-15 6.724400e+03 1.000000e+00
   6575.795986 8.630000e-15 6.727150e+03 1.000000e+00
   6578.486709 9.814700e-15 6.729900e+03 1.000000e+00
   6581.177432 1.191400e-14 6.732650e+03 1.000000e+00
   6583.858153 1.388600e-14 6.735400e+03 1.000000e+00
   6586.548876 1.413100e-14 6.738150e+03 1.000000e+00
   6589.239599 1.243200e-14 6.740900e+03 1.000000e+00
   6593.520750 7.681300e-15 6.745280e+03 0.000000e+00
   6608.714835 7.823100e-15 6.760830e+03 0.000000e+00
   6623.958933 7.840100e-15 6.776420e+03 0.000000e+00
   6639.223037 7.731500e-15 6.792040e+03 0.000000e+00
   6654.527151 7.730400e-15 6.807690e+03 0.000000e+00
   6669.871277 7.640900e-15 6.823390e+03 0.000000e+00
   6685.245412 7.552400e-15 6.839120e+03 0.000000e+00
   6700.659557 7.745100e-15 6.854880e+03 0.000000e+00
   6716.103710 7.690700e-15 6.870680e+03 0.000000e+00
   6731.587875 7.654300e-15 6.886520e+03 0.000000e+00
   6747.102048 7.548300e-15 6.902400e+03 0.000000e+00
   6762.656232 7.547300e-15 6.918310e+03 0.000000e+00
   6778.250427 7.528900e-15 6.934260e+03 0.000000e+00
   6793.874631 7.476000e-15 6.950240e+03 0.000000e+00
   6809.528842 7.631500e-15 6.966260e+03 0.000000e+00
   6825.233068 7.648000e-15 6.982330e+03 0.000000e+00
   6840.967302 7.664600e-15 6.998420e+03 0.000000e+00
   6856.731544 7.663500e-15 7.014550e+03 0.000000e+00
   6872.535797 7.385300e-15 7.030720e+03 0.000000e+00
   6888.380061 7.556300e-15 7.046930e+03 0.000000e+00
   6904.264336 7.537800e-15 7.063180e+03 0.000000e+00
   6920.178620 7.554100e-15 7.079460e+03 0.000000e+00
   6936.132914 7.449400e-15 7.095780e+03 0.000000e+00
   6952.117217 7.657100e-15 7.112140e+03 0.000000e+00
   6968.141531 7.585800e-15 7.128530e+03 0.000000e+00
   6984.205856 7.497900e-15 7.144960e+03 0.000000e+00
   7000.310192 7.618600e-15 7.161430e+03 0.000000e+00
   7016.444537 7.495800e-15 7.177940e+03 0.000000e+00
   7032.618892 7.374800e-15 7.194490e+03 0.000000e+00
   7048.833259 7.562900e-15 7.211080e+03 0.000000e+00
   7065.077634 7.475300e-15 7.227700e+03 0.000000e+00
   7081.362019 7.491500e-15 7.244360e+03 0.000000e+00
   7097.696419 7.219400e-15 7.261060e+03 0.000000e+00
   7114.050824 7.318800e-15 7.277800e+03 0.000000e+00
   7130.455243 7.217300e-15 7.294570e+03 0.000000e+00
   7146.889670 7.216300e-15 7.311390e+03 0.000000e+00
   7163.364108 7.215200e-15 7.328250e+03 0.000000e+00
   7179.878558 7.164500e-15 7.345140e+03 0.000000e+00
   7196.433018 6.670000e-15 7.362070e+03 0.000000e+00
   7213.017487 6.999400e-15 7.379040e+03 0.000000e+00
   7229.651969 7.261000e-15 7.396050e+03 0.000000e+00
   7246.316460 7.176800e-15 7.413100e+03 0.000000e+00
   7263.020962 7.093600e-15 7.430190e+03 0.000000e+00
   7279.755472 7.308100e-15 7.447320e+03 0.000000e+00
   7296.539996 7.124200e-15 7.464490e+03 0.000000e+00
   7313.364530 7.272300e-15 7.481700e+03 0.000000e+00
   7330.219074 7.423500e-15 7.498940e+03 0.000000e+00
   7347.113628 7.595300e-15 7.516230e+03 0.000000e+00
   7364.058196 7.252300e-15 7.533560e+03 0.000000e+00
   7381.032772 7.610500e-15 7.550920e+03 0.000000e+00
   7398.047359 7.266900e-15 7.568330e+03 0.000000e+00
   7415.101958 7.555800e-15 7.585780e+03 0.000000e+00
   7432.196567 7.248000e-15 7.603260e+03 0.000000e+00
   7449.331187 7.432700e-15 7.620790e+03 0.000000e+00
   7466.495816 7.604700e-15 7.638360e+03 0.000000e+00
   7483.710459 7.482000e-15 7.655970e+03 0.000000e+00
   7500.965112 7.446500e-15 7.673610e+03 0.000000e+00
   7518.249774 7.548900e-15 7.691300e+03 0.000000e+00
   7535.584449 7.582600e-15 7.709040e+03 0.000000e+00
   7552.959136 7.651600e-15 7.726810e+03 0.000000e+00
   7570.363831 7.528100e-15 7.744620e+03 0.000000e+00
   7587.818540 7.526900e-15 7.762470e+03 0.000000e+00
   7605.313259 7.456700e-15 7.780370e+03 0.000000e+00
   7622.837987 7.319500e-15 7.798300e+03 0.000000e+00
   7640.412729 7.318300e-15 7.816280e+03 0.000000e+00
   7658.027482 7.317200e-15 7.834300e+03 0.000000e+00
   7675.682245 6.890900e-15 7.852360e+03 0.000000e+00
   7693.377020 7.197900e-15 7.870460e+03 0.000000e+00
   7711.111806 6.778600e-15 7.888600e+03 0.000000e+00
   7728.886603 7.096900e-15 7.906790e+03 0.000000e+00
   7746.701411 7.194500e-15 7.925010e+03 0.000000e+00
   7764.566232 7.094700e-15 7.943280e+03 0.000000e+00
   7782.461062 6.805600e-15 7.961590e+03 0.000000e+00
   7800.395903 7.011200e-15 7.979950e+03 0.000000e+00
   7818.380758 7.026300e-15 7.998340e+03 0.000000e+00
   7836.405624 7.205300e-15 8.016780e+03 0.000000e+00
   7854.470500 7.237400e-15 8.035260e+03 0.000000e+00
   7872.575388 7.219600e-15 8.053780e+03 0.000000e+00
   7890.730290 7.086700e-15 8.072350e+03 0.000000e+00
   7908.915199 6.988300e-15 8.090960e+03 0.000000e+00
   7927.150123 6.843900e-15 8.109610e+03 0.000000e+00
   7945.425057 6.906100e-15 8.128310e+03 0.000000e+00
   7963.740003 6.968900e-15 8.147040e+03 0.000000e+00
   7982.094960 6.999900e-15 8.165820e+03 0.000000e+00
   8000.499930 7.096100e-15 8.184650e+03 0.000000e+00
   8018.934909 6.997600e-15 8.203520e+03 0.000000e+00
   8037.419901 6.758900e-15 8.222430e+03 0.000000e+00
   8055.944905 6.931100e-15 8.241380e+03 0.000000e+00
   8074.519922 7.140600e-15 8.260380e+03 0.000000e+00
   8093.134950 6.912900e-15 8.279420e+03 0.000000e+00
   8111.789989 7.040200e-15 8.298510e+03 0.000000e+00
   8130.495042 7.039100e-15 8.317640e+03 0.000000e+00
   8149.230103 7.070400e-15 8.336810e+03 0.000000e+00
   8168.015178 7.085500e-15 8.356030e+03 0.000000e+00
   8186.850267 6.796700e-15 8.375290e+03 0.000000e+00
   8205.725367 6.549700e-15 8.394600e+03 0.000000e+00
   8224.640477 6.920700e-15 8.413950e+03 0.000000e+00
   8243.595599 6.472600e-15 8.433350e+03 0.000000e+00
   8262.600735 7.161500e-15 8.452790e+03 0.000000e+00
   8281.645881 7.176800e-15 8.472270e+03 0.000000e+00
   8300.741042 6.696600e-15 8.491800e+03 0.000000e+00
   8319.876213 6.851400e-15 8.511380e+03 0.000000e+00
   8339.051395 6.834500e-15 8.531000e+03 0.000000e+00
   8358.276591 6.817600e-15 8.550670e+03 0.000000e+00
   8377.551801 6.943100e-15 8.570380e+03 0.000000e+00
   8396.857019 6.737200e-15 8.590140e+03 0.000000e+00
   8416.212251 6.988900e-15 8.609940e+03 0.000000e+00
   8435.617496 6.812900e-15 8.629790e+03 0.000000e+00
   8455.062753 6.687400e-15 8.649680e+03 0.000000e+00
   8474.548020 6.794800e-15 8.669620e+03 0.000000e+00
   8494.083302 6.809300e-15 8.689600e+03 0.000000e+00
   8513.668597 6.383000e-15 8.709640e+03 0.000000e+00
   8533.293903 6.869900e-15 8.729710e+03 0.000000e+00
   8552.969223 4.404300e-15 8.749840e+03 0.000000e+00
   8572.684553 6.804500e-15 8.770010e+03 0.000000e+00
   8592.449898 6.740900e-15 8.790230e+03 0.000000e+00
   8612.255254 6.481000e-15 8.810490e+03 0.000000e+00
   8632.110623 6.785200e-15 8.830800e+03 0.000000e+00
   8652.006003 6.862600e-15 8.851160e+03 0.000000e+00
   8671.951397 4.913700e-15 8.871560e+03 0.000000e+00
   8691.936802 6.417000e-15 8.892010e+03 0.000000e+00
   8711.982224 6.610800e-15 8.912510e+03 0.000000e+00
   8732.057653 6.937100e-15 8.933050e+03 0.000000e+00
   8752.183097 6.608400e-15 8.953650e+03 0.000000e+00
   8772.368557 6.761100e-15 8.974290e+03 0.000000e+00
   8792.584025 6.901400e-15 8.994980e+03 0.000000e+00
   8812.859510 6.932000e-15 9.015710e+03 0.000000e+00
   8833.175006 6.788600e-15 9.036500e+03 0.000000e+00
   8853.530512 6.740700e-15 9.057330e+03 0.000000e+00
   8873.946036 5.802600e-15 9.078200e+03 0.000000e+00
   8894.401570 6.434900e-15 9.099130e+03 0.000000e+00
   8914.907118 6.629200e-15 9.120110e+03 0.000000e+00
   8935.452677 6.612700e-15 9.141130e+03 0.000000e+00
   8956.048249 6.475900e-15 9.162200e+03 0.000000e+00
   8976.703838 6.183300e-15 9.183330e+03 0.000000e+00
   8997.389436 6.253700e-15 9.204500e+03 0.000000e+00
   9018.135050 6.138500e-15 9.225710e+03 0.000000e+00
   9038.920675 6.309200e-15 9.246980e+03 0.000000e+00
   9059.756313 6.964600e-15 9.268300e+03 0.000000e+00
   9080.641966 6.498500e-15 9.289660e+03 0.000000e+00
   9101.577632 6.190600e-15 9.311080e+03 0.000000e+00
   9122.563311 6.739900e-15 9.332540e+03 0.000000e+00
   9143.589002 6.259900e-15 9.354060e+03 0.000000e+00
   9164.664707 6.004600e-15 9.375620e+03 0.000000e+00
   9185.790425 5.799700e-15 9.397230e+03 0.000000e+00
   9206.966157 6.270800e-15 9.418900e+03 0.000000e+00
   9228.191903 6.056700e-15 9.440610e+03 0.000000e+00
   9249.467662 6.083500e-15 9.462370e+03 0.000000e+00
   9270.783432 6.296100e-15 9.484180e+03 0.000000e+00
   9292.159219 6.109200e-15 9.506050e+03 0.000000e+00
   9313.585020 6.529800e-15 9.527960e+03 0.000000e+00
   9335.050832 6.543600e-15 9.549930e+03 0.000000e+00
   9356.566657 6.527300e-15 9.571940e+03 0.000000e+00
   9378.142499 6.436500e-15 9.594010e+03 0.000000e+00
   9399.758351 6.509800e-15 9.616120e+03 0.000000e+00
   9421.424218 6.375000e-15 9.638290e+03 0.000000e+00
   9443.140098 6.537200e-15 9.660510e+03 0.000000e+00
   9464.915995 6.566100e-15 9.682780e+03 0.000000e+00
   9486.731903 6.564800e-15 9.705100e+03 0.000000e+00
   9508.597824 6.414100e-15 9.727470e+03 0.000000e+00
   9530.523762 6.354100e-15 9.749900e+03 0.000000e+00
   9552.489711 6.011200e-15 9.772370e+03 0.000000e+00
   9574.505673 6.336900e-15 9.794900e+03 0.000000e+00
   9596.581652 6.513200e-15 9.817480e+03 0.000000e+00
   9618.707645 6.452100e-15 9.840110e+03 0.000000e+00
   9640.873649 6.480600e-15 9.862790e+03 0.000000e+00
   9663.099669 6.434700e-15 9.885530e+03 0.000000e+00
   9685.375703 6.478000e-15 9.908320e+03 0.000000e+00
   9707.701751 6.402600e-15 9.931160e+03 0.000000e+00
   9730.077812 6.342600e-15 9.954050e+03 0.000000e+00
   9752.513890 6.312200e-15 9.977000e+03 0.000000e+00
   9774.989979 6.340000e-15 1.000000e+04 0.000000e+00
   9797.526084 6.280600e-15 1.002305e+04 0.000000e+00
   9820.112203 6.381300e-15 1.004615e+04 0.000000e+00
   9842.748336 6.321500e-15 1.006931e+04 0.000000e+00
   9865.444485 6.305700e-15 1.009253e+04 0.000000e+00
   9888.190648 6.289900e-15 1.011580e+04 0.000000e+00
   9910.976821 6.274100e-15 1.013912e+04 0.000000e+00
   9933.823012 6.301800e-15 1.016249e+04 0.000000e+00
   9956.719216 6.315000e-15 1.018591e+04 0.000000e+00
   9979.675436 6.313700e-15 1.020939e+04 0.000000e+00
  10002.691673 6.283400e-15 1.023294e+04 0.000000e+00
  10025.747921 6.195900e-15 1.025652e+04 0.000000e+00
  10072.020461 6.080200e-15 1.030386e+04 0.000000e+00
  10118.503058 6.276800e-15 1.035142e+04 0.000000e+00
  10188.652071 6.243900e-15 1.042318e+04 0.000000e+00
  10235.674816 6.270100e-15 1.047129e+04 0.000000e+00
  10282.917622 6.281800e-15 1.051962e+04 0.000000e+00
  10306.624048 6.266000e-15 1.054386e+04 0.000000e+00
  10498.245997 6.072800e-15 1.073990e+04 0.000000e+00
  10693.418920 5.853100e-15 1.093956e+04 0.000000e+00
  10892.222837 5.589700e-15 1.114294e+04 0.000000e+00
  11094.717766 5.424800e-15 1.135010e+04 0.000000e+00
  11300.993730 5.350400e-15 1.156113e+04 0.000000e+00
  11511.090740 5.350400e-15 1.177606e+04 0.000000e+00
  11698.131502 5.228600e-15 1.196741e+04 0.000000e+00
  11915.610533 5.062800e-15 1.218990e+04 0.000000e+00
  12109.223093 4.993300e-15 1.238796e+04 0.000000e+00
  12305.976513 4.936100e-15 1.258925e+04 0.000000e+00
  12505.930809 4.812700e-15 1.279381e+04 0.000000e+00
  12709.135994 4.714000e-15 1.300169e+04 0.000000e+00
  12915.642083 4.627900e-15 1.321295e+04 0.000000e+00
  13095.320889 4.564400e-15 1.339676e+04 0.000000e+00
  13308.098693 4.440000e-15 1.361444e+04 0.000000e+00
  13493.238993 4.359000e-15 1.380384e+04 0.000000e+00
  13712.478564 4.279400e-15 1.402813e+04 0.000000e+00
  13903.240401 4.143700e-15 1.422328e+04 0.000000e+00
  14096.652963 3.975500e-15 1.442115e+04 0.000000e+00
  14292.756260 3.920900e-15 1.462177e+04 0.000000e+00
  14491.590304 3.939000e-15 1.482518e+04 0.000000e+00
  14693.195106 3.822900e-15 1.503142e+04 0.000000e+00
  14897.600672 3.876000e-15 1.524053e+04 0.000000e+00
  15104.847015 3.893900e-15 1.545255e+04 0.000000e+00
  15314.974145 3.948100e-15 1.566752e+04 0.000000e+00
  15492.302361 3.930000e-15 1.584892e+04 0.000000e+00
  15707.820964 3.849400e-15 1.606941e+04 0.000000e+00
  15889.710426 3.710100e-15 1.625549e+04 0.000000e+00
  16110.760540 3.727200e-15 1.648162e+04 0.000000e+00
  16297.321278 3.727200e-15 1.667248e+04 0.000000e+00
  16486.042606 3.676100e-15 1.686554e+04 0.000000e+00
  16715.364979 3.684600e-15 1.710014e+04 0.000000e+00
  16908.927630 3.634000e-15 1.729816e+04 0.000000e+00
  17104.720889 3.592400e-15 1.749847e+04 0.000000e+00
  17302.794771 3.454500e-15 1.770110e+04 0.000000e+00
  17503.129271 3.375900e-15 1.790605e+04 0.000000e+00
  17705.814412 3.253800e-15 1.811340e+04 0.000000e+00
  17910.840193 3.136100e-15 1.832314e+04 0.000000e+00
  18118.246623 2.988000e-15 1.853532e+04 0.000000e+00
  18285.882234 2.926800e-15 1.870681e+04 0.000000e+00
  18497.629850 2.840500e-15 1.892343e+04 0.000000e+00
  18711.818132 2.712600e-15 1.914256e+04 0.000000e+00
  18884.945243 2.663100e-15 1.931967e+04 0.000000e+00
  19103.624751 2.632600e-15 1.954339e+04 0.000000e+00
  19324.844953 2.560900e-15 1.976970e+04 0.000000e+00
  19503.663617 2.468200e-15 1.995263e+04 0.000000e+00
  19684.112727 2.406500e-15 2.013724e+04 0.000000e+00
  19912.054763 2.340900e-15 2.037042e+04 0.000000e+00
  20096.304910 2.308800e-15 2.055892e+04 0.000000e+00
  20282.235516 2.240700e-15 2.074913e+04 0.000000e+00
  20517.099441 2.225300e-15 2.098940e+04 0.000000e+00
  20706.951117 2.179700e-15 2.118362e+04 0.000000e+00
  20898.543268 2.139900e-15 2.137962e+04 0.000000e+00
  21091.915904 2.110500e-15 2.157745e+04 0.000000e+00
  21287.069027 2.072000e-15 2.177709e+04 0.000000e+00
  21484.042646 2.034200e-15 2.197860e+04 0.000000e+00
  21682.836762 1.974200e-15 2.218197e+04 0.000000e+00
  21883.451375 1.951600e-15 2.238721e+04 0.000000e+00
  22085.946501 1.907200e-15 2.259436e+04 0.000000e+00
  22290.292132 1.859500e-15 2.280341e+04 0.000000e+00
  22496.548285 1.824200e-15 2.301442e+04 0.000000e+00
  22704.714958 1.764200e-15 2.322738e+04 0.000000e+00
  22914.792153 1.588300e-15 2.344228e+04 0.000000e+00
  23126.829883 1.563900e-15 2.365920e+04 0.000000e+00
  23287.123525 1.385500e-15 2.382319e+04 0.000000e+00
  23502.602194 1.296300e-15 2.404363e+04 0.000000e+00
  23720.081409 1.299300e-15 2.426611e+04 0.000000e+00
  23884.486173 1.199200e-15 2.443431e+04 0.000000e+00
  24105.496351 1.150100e-15 2.466040e+04 0.000000e+00
  24328.527080 1.125700e-15 2.488857e+04 0.000000e+00
  24497.183004 1.048100e-15 2.506110e+04 0.000000e+00
  24723.834721 1.020700e-15 2.529297e+04 0.000000e+00
  24895.221390 8.865400e-16 2.546831e+04 0.000000e+00
  24946.925469 8.338400e-16 2.552120e+04 2.000000e+00
  25041.451209 8.204700e-16 2.561790e+04 2.000000e+00
  25136.076976 8.384700e-16 2.571470e+04 2.000000e+00
  25230.692741 8.659700e-16 2.581150e+04 2.000000e+00
  25325.218481 8.693100e-16 2.590820e+04 2.000000e+00
  25419.844249 8.458100e-16 2.600500e+04 2.000000e+00
  25514.460015 8.798100e-16 2.610180e+04 2.000000e+00
  25608.985756 8.546800e-16 2.619850e+04 2.000000e+00
  25703.601521 8.756000e-16 2.629530e+04 2.000000e+00
  25798.127263 8.772600e-16 2.639200e+04 2.000000e+00
  25892.753031 8.876700e-16 2.648880e+04 2.000000e+00
  25987.368797 8.803200e-16 2.658560e+04 2.000000e+00
  26081.894539 9.088500e-16 2.668230e+04 2.000000e+00
  26176.520308 9.362300e-16 2.677910e+04 2.000000e+00
  26271.136075 9.177100e-16 2.687590e+04 2.000000e+00
  26365.661817 9.117900e-16 2.697260e+04 2.000000e+00
  26460.287587 9.039600e-16 2.706940e+04 2.000000e+00
  26554.813329 8.961700e-16 2.716610e+04 2.000000e+00
  26649.429096 8.573300e-16 2.726290e+04 2.000000e+00
  26744.054867 8.325800e-16 2.735970e+04 2.000000e+00
  26838.580610 8.113100e-16 2.745640e+04 2.000000e+00
  26933.206380 8.246200e-16 2.755320e+04 2.000000e+00
  27027.822148 7.948400e-16 2.765000e+04 2.000000e+00
  27122.347891 7.814800e-16 2.774670e+04 2.000000e+00
  27216.963659 7.686500e-16 2.784350e+04 2.000000e+00
  27311.489403 7.717900e-16 2.794020e+04 2.000000e+00
  27406.115174 7.463100e-16 2.803700e+04 2.000000e+00
  27500.740945 7.441600e-16 2.813380e+04 2.000000e+00
  27595.256686 7.393000e-16 2.823050e+04 2.000000e+00
  27689.882458 7.365900e-16 2.832730e+04 2.000000e+00
  27784.508229 7.372500e-16 2.842410e+04 2.000000e+00
  27879.023971 7.416800e-16 2.852080e+04 2.000000e+00
  27973.649743 7.332800e-16 2.861760e+04 2.000000e+00
  28068.175488 7.036400e-16 2.871430e+04 2.000000e+00
  28162.791257 6.753500e-16 2.881110e+04 2.000000e+00
  28257.417029 6.707100e-16 2.890790e+04 2.000000e+00
  28351.942774 6.514900e-16 2.900460e+04 2.000000e+00
  28446.558544 6.357200e-16 2.910140e+04 2.000000e+00
  28541.184316 6.061700e-16 2.919820e+04 2.000000e+00
  28635.710062 6.028300e-16 2.929490e+04 2.000000e+00
  28730.325832 5.875300e-16 2.939170e+04 2.000000e+00
  28824.851578 5.828000e-16 2.948840e+04 2.000000e+00
  28919.477351 5.742800e-16 2.958520e+04 2.000000e+00
  29014.093121 5.792400e-16 2.968200e+04 2.000000e+00
  29108.618867 5.753200e-16 2.977870e+04 2.000000e+00
  29203.244640 5.834100e-16 2.987550e+04 2.000000e+00
  29297.870414 5.517800e-16 2.997230e+04 2.000000e+00
  29392.386158 5.330400e-16 3.006900e+04 2.000000e+00
  29487.011931 5.286000e-16 3.016580e+04 2.000000e+00
  29581.537678 5.277300e-16 3.026250e+04 2.000000e+00
  29676.153449 5.167700e-16 3.035930e+04 2.000000e+00
  29770.779223 5.029900e-16 3.045610e+04 2.000000e+00
  29865.304970 5.017300e-16 3.055280e+04 2.000000e+00
  29959.920741 5.172100e-16 3.064960e+04 2.000000e+00
  30054.546516 5.131300e-16 3.074640e+04 2.000000e+00
  30149.072263 5.256900e-16 3.084310e+04 2.000000e+00
  30243.688035 5.191600e-16 3.093990e+04 2.000000e+00
  30338.213782 5.157700e-16 3.103660e+04 2.000000e+00
  30432.839557 5.037300e-16 3.113340e+04 2.000000e+00
  30527.455329 5.280500e-16 3.123020e+04 2.000000e+00
  30621.981077 5.085600e-16 3.132690e+04 2.000000e+00
  30716.606852 5.022900e-16 3.142370e+04 2.000000e+00
  30811.222624 5.076300e-16 3.152050e+04 2.000000e+00
  30905.748372 4.971900e-16 3.161720e+04 2.000000e+00
  31000.374147 4.944000e-16 3.171400e+04 2.000000e+00
  31094.899895 4.959200e-16 3.181070e+04 2.000000e+00
  31189.515668 4.851300e-16 3.190750e+04 2.000000e+00
  31284.141444 4.749000e-16 3.200430e+04 2.000000e+00
  31378.667192 4.956100e-16 3.210100e+04 2.000000e+00
  31473.282965 4.926100e-16 3.219780e+04 2.000000e+00
  31567.908741 5.229700e-16 3.229460e+04 2.000000e+00
  31662.434490 5.422600e-16 3.239130e+04 2.000000e+00
  31757.050263 5.214200e-16 3.248810e+04 2.000000e+00
  31851.576012 5.273600e-16 3.258480e+04 2.000000e+00
  31946.201788 5.271100e-16 3.268160e+04 2.000000e+00
  32040.817562 5.386000e-16 3.277840e+04 2.000000e+00
  32135.343311 5.541100e-16 3.287510e+04 2.000000e+00
  32229.969087 5.989300e-16 3.297190e+04 2.000000e+00
  32324.584861 6.575800e-16 3.306870e+04 2.000000e+00
  32419.110610 7.134100e-16 3.316540e+04 2.000000e+00
  32513.736387 8.355800e-16 3.326220e+04 2.000000e+00
  32608.262136 9.749400e-16 3.335890e+04 2.000000e+00
  32702.877910 1.076700e-15 3.345570e+04 2.000000e+00
  32797.503687 1.144100e-15 3.355250e+04 2.000000e+00
  32892.029437 1.178300e-15 3.364920e+04 2.000000e+00
  32986.645212 1.222600e-15 3.374600e+04 2.000000e+00
  33081.270989 1.201800e-15 3.384280e+04 2.000000e+00
  33175.796739 1.071300e-15 3.393950e+04 2.000000e+00
  33270.412513 9.294500e-16 3.403630e+04 2.000000e+00
  33364.938263 8.009400e-16 3.413300e+04 2.000000e+00
  33459.564041 7.341400e-16 3.422980e+04 2.000000e+00
  33554.189818 6.850400e-16 3.432660e+04 2.000000e+00
  33648.705566 6.672200e-16 3.442330e+04 2.000000e+00
  33743.331344 6.743800e-16 3.452010e+04 2.000000e+00
  33837.947119 6.671500e-16 3.461690e+04 2.000000e+00
  33932.472869 6.723600e-16 3.471360e+04 2.000000e+00
  34027.098647 6.549100e-16 3.481040e+04 2.000000e+00
  34121.624398 6.697500e-16 3.490710e+04 2.000000e+00
  34216.250176 6.713300e-16 3.500390e+04 2.000000e+00
  34310.865951 6.551600e-16 3.510070e+04 2.000000e+00
  34405.391702 6.193100e-16 3.519740e+04 2.000000e+00
  34500.007478 6.173400e-16 3.529420e+04 2.000000e+00
  34594.633256 6.032700e-16 3.539100e+04 2.000000e+00
  34689.159007 5.936700e-16 3.548770e+04 2.000000e+00
  34783.774783 6.090600e-16 3.558450e+04 2.000000e+00
  34878.300534 5.728800e-16 3.568120e+04 2.000000e+00
  34972.926312 5.758500e-16 3.577800e+04 2.000000e+00
  35067.542088 5.891600e-16 3.587480e+04 2.000000e+00
  35162.067840 5.919500e-16 3.597150e+04 2.000000e+00
  35256.693618 5.640100e-16 3.606830e+04 2.000000e+00
  35351.309395 5.354400e-16 3.616510e+04 2.000000e+00
  35445.835146 5.174000e-16 3.626180e+04 2.000000e+00
  35540.460925 4.962800e-16 3.635860e+04 2.000000e+00
  35634.986677 5.055100e-16 3.645530e+04 2.000000e+00
  35729.602453 5.053900e-16 3.655210e+04 2.000000e+00
  35824.228232 5.055000e-16 3.664890e+04 2.000000e+00
  35918.753984 4.865100e-16 3.674560e+04 2.000000e+00
  36013.379763 4.887000e-16 3.684240e+04 2.000000e+00
  36107.995540 4.686900e-16 3.693920e+04 2.000000e+00
  36202.521292 4.610100e-16 3.703590e+04 2.000000e+00
  36297.137069 4.575100e-16 3.713270e+04 2.000000e+00
  36391.662821 4.628400e-16 3.722940e+04 2.000000e+00
  36486.288601 4.590900e-16 3.732620e+04 2.000000e+00
  36580.904377 4.576100e-16 3.742300e+04 2.000000e+00
  36675.430130 4.540000e-16 3.751970e+04 2.000000e+00
  36770.055909 4.518600e-16 3.761650e+04 2.000000e+00
  36864.671687 4.429400e-16 3.771330e+04 2.000000e+00
  36959.197439 4.450200e-16 3.781000e+04 2.000000e+00
  37053.823219 4.417100e-16 3.790680e+04 2.000000e+00
  37148.348972 4.473400e-16 3.800350e+04 2.000000e+00
  37242.964749 4.276100e-16 3.810030e+04 2.000000e+00
  37337.590529 4.534300e-16 3.819710e+04 2.000000e+00
  37432.116282 4.979700e-16 3.829380e+04 2.000000e+00
  37526.732059 4.837000e-16 3.839060e+04 2.000000e+00
  37621.357839 4.532800e-16 3.848740e+04 2.000000e+00
  37715.873589 4.705500e-16 3.858410e+04 2.000000e+00
  37810.499370 4.476000e-16 3.868090e+04 2.000000e+00
  37905.025123 4.368100e-16 3.877760e+04 2.000000e+00
  37999.650903 4.487200e-16 3.887440e+04 2.000000e+00
  38094.266681 4.342000e-16 3.897120e+04 2.000000e+00
  38188.792434 4.376000e-16 3.906790e+04 2.000000e+00
  38283.418215 4.421300e-16 3.916470e+04 2.000000e+00
  38378.033992 4.261500e-16 3.926150e+04 2.000000e+00
  38472.559746 4.352700e-16 3.935820e+04 2.000000e+00
  38567.185527 4.342300e-16 3.945500e+04 2.000000e+00
  38661.711280 4.355900e-16 3.955170e+04 2.000000e+00
  38756.327058 4.137000e-16 3.964850e+04 2.000000e+00
  38850.952839 4.215600e-16 3.974530e+04 2.000000e+00
  38945.478592 4.228300e-16 3.984200e+04 2.000000e+00
  39040.094371 4.252900e-16 3.993880e+04 2.000000e+00
  39134.720152 4.218800e-16 4.003560e+04 2.000000e+00
  39229.235903 4.265700e-16 4.013230e+04 2.000000e+00
  39323.861684 4.153400e-16 4.022910e+04 2.000000e+00
  39418.387438 4.138800e-16 4.032580e+04 2.000000e+00
  39513.013219 4.207400e-16 4.042260e+04 2.000000e+00
  39607.628997 4.262200e-16 4.051940e+04 2.000000e+00
  39702.154751 4.254500e-16 4.061610e+04 2.000000e+00
  39796.780532 4.251600e-16 4.071290e+04 2.000000e+00
  39891.396311 4.295400e-16 4.080970e+04 2.000000e+00
  39985.922065 4.118100e-16 4.090640e+04 2.000000e+00
  40080.547846 4.199600e-16 4.100320e+04 2.000000e+00
  40175.073601 4.518500e-16 4.109990e+04 2.000000e+00
  40269.689379 4.683100e-16 4.119670e+04 2.000000e+00
  40364.315161 5.143500e-16 4.129350e+04 2.000000e+00
  40458.840915 5.451800e-16 4.139020e+04 2.000000e+00
  40553.466697 5.409700e-16 4.148700e+04 2.000000e+00
  40647.982448 5.074000e-16 4.158370e+04 2.000000e+00
  40742.608230 5.006500e-16 4.168050e+04 2.000000e+00
  40837.224009 4.331100e-16 4.177730e+04 2.000000e+00
  40931.749764 4.138800e-16 4.187400e+04 2.000000e+00
  41026.375546 3.912200e-16 4.197080e+04 2.000000e+00
  41120.991325 3.760400e-16 4.206760e+04 2.000000e+00
  41215.517079 3.747700e-16 4.216430e+04 2.000000e+00
  41310.142861 3.694400e-16 4.226110e+04 2.000000e+00
  41404.758640 3.711100e-16 4.235790e+04 2.000000e+00
  41499.284395 3.850600e-16 4.245460e+04 2.000000e+00
  41593.910177 3.999800e-16 4.255140e+04 2.000000e+00
  41688.435932 4.030500e-16 4.264810e+04 2.000000e+00
  41783.051711 3.979600e-16 4.274490e+04 2.000000e+00
  41877.677494 4.042600e-16 4.284170e+04 2.000000e+00
  41972.193246 3.927800e-16 4.293840e+04 2.000000e+00
  42066.829031 3.656600e-16 4.303520e+04 2.000000e+00
  42161.444810 3.627000e-16 4.313200e+04 2.000000e+00
  42255.970565 3.400100e-16 4.322870e+04 2.000000e+00
  42350.586345 3.324600e-16 4.332550e+04 2.000000e+00
  42445.112100 3.061000e-16 4.342220e+04 2.000000e+00
  42539.737883 3.027100e-16 4.351900e+04 2.000000e+00
  42634.353662 3.083800e-16 4.361580e+04 2.000000e+00
  42728.879418 3.091500e-16 4.371250e+04 2.000000e+00
  42823.505200 3.079000e-16 4.380930e+04 2.000000e+00
  42918.030955 3.086700e-16 4.390600e+04 2.000000e+00
  43012.646735 3.343900e-16 4.400280e+04 2.000000e+00
  43107.272518 3.548100e-16 4.409960e+04 2.000000e+00
  43201.798273 3.687900e-16 4.419630e+04 2.000000e+00
  43296.414053 3.596600e-16 4.429310e+04 2.000000e+00
  43391.039836 3.525900e-16 4.438990e+04 2.000000e+00
  43485.555589 3.356700e-16 4.448660e+04 2.000000e+00
  43580.181372 3.594300e-16 4.458340e+04 2.000000e+00
  43674.807154 3.522100e-16 4.468020e+04 2.000000e+00
  43769.332910 3.583400e-16 4.477690e+04 2.000000e+00
  43863.948690 3.421700e-16 4.487370e+04 2.000000e+00
  43958.474446 3.311300e-16 4.497040e+04 2.000000e+00
  44053.100229 3.378200e-16 4.506720e+04 2.000000e+00
  44147.716009 3.398600e-16 4.516400e+04 2.000000e+00
  44242.241765 3.340200e-16 4.526070e+04 2.000000e+00
  44336.867548 3.353900e-16 4.535750e+04 2.000000e+00
  44431.393304 3.249700e-16 4.545420e+04 2.000000e+00
  44526.009084 3.224700e-16 4.555100e+04 2.000000e+00
  44620.634867 2.922600e-16 4.564780e+04 2.000000e+00
  44715.160623 2.793100e-16 4.574450e+04 2.000000e+00
  44809.776404 2.866700e-16 4.584130e+04 2.000000e+00
  44904.402187 2.839800e-16 4.593810e+04 2.000000e+00
  44998.917940 2.876900e-16 4.603480e+04 2.000000e+00
  45093.543723 2.888800e-16 4.613160e+04 2.000000e+00
  45188.169507 3.059900e-16 4.622840e+04 2.000000e+00
  45282.695263 2.913500e-16 4.632510e+04 2.000000e+00
  45377.311044 2.760800e-16 4.642190e+04 2.000000e+00
  45471.836800 2.796600e-16 4.651860e+04 2.000000e+00
  45566.452580 2.745600e-16 4.661540e+04 2.000000e+00
  45661.078364 2.670400e-16 4.671220e+04 2.000000e+00
  45755.604120 2.608600e-16 4.680890e+04 2.000000e+00
  45850.229904 2.495600e-16 4.690570e+04 2.000000e+00
  45944.755660 2.454300e-16 4.700240e+04 2.000000e+00
  46039.371441 2.419000e-16 4.709920e+04 2.000000e+00
  46133.997225 2.672100e-16 4.719600e+04 2.000000e+00
  46228.512978 2.778500e-16 4.729270e+04 2.000000e+00
  46323.138762 2.990100e-16 4.738950e+04 2.000000e+00
  46417.764546 2.980000e-16 4.748630e+04 2.000000e+00
  46512.290302 3.132500e-16 4.758300e+04 2.000000e+00
  46606.906083 3.154700e-16 4.767980e+04 2.000000e+00
  46701.531867 3.184500e-16 4.777660e+04 2.000000e+00
  46796.057623 3.232700e-16 4.787330e+04 2.000000e+00
  46890.673405 3.445600e-16 4.797010e+04 2.000000e+00
  46985.199161 3.376000e-16 4.806680e+04 2.000000e+00
  47079.824945 3.329400e-16 4.816360e+04 2.000000e+00
  47174.440726 3.467200e-16 4.826040e+04 2.000000e+00
  47268.966483 3.296800e-16 4.835710e+04 2.000000e+00
  47363.592267 3.295600e-16 4.845390e+04 2.000000e+00
  47458.208048 3.190100e-16 4.855070e+04 2.000000e+00
  47552.733805 3.155600e-16 4.864740e+04 2.000000e+00
  47647.359589 2.840400e-16 4.874420e+04 2.000000e+00
  47741.875343 2.934900e-16 4.884090e+04 2.000000e+00
  47836.501127 2.971400e-16 4.893770e+04 2.000000e+00
  47931.126911 3.304600e-16 4.903450e+04 2.000000e+00
  48025.642665 3.089000e-16 4.913120e+04 2.000000e+00
  48120.268450 3.067600e-16 4.922800e+04 2.000000e+00
  48214.884231 2.755600e-16 4.932480e+04 2.000000e+00
  48309.419991 2.708800e-16 4.942150e+04 2.000000e+00
  48405.016039 2.536900e-16 4.951930e+04 2.000000e+00
  48889.067937 2.557300e-16 5.001449e+04 0.000000e+00
  49377.951152 2.577900e-16 5.051464e+04 0.000000e+00
  49871.735704 2.598800e-16 5.101978e+04 0.000000e+00
  50370.451599 2.619800e-16 5.152998e+04 0.000000e+00
  50874.158856 2.641000e-16 5.204528e+04 0.000000e+00
  50998.512741 2.646300e-16 5.217250e+04 3.000000e+00
  51294.103288 2.755900e-16 5.247490e+04 3.000000e+00
  51589.703837 3.041500e-16 5.277730e+04 3.000000e+00
  51885.294384 3.628500e-16 5.307970e+04 3.000000e+00
  52180.894934 4.665800e-16 5.338210e+04 3.000000e+00
  52476.585508 5.263400e-16 5.368460e+04 3.000000e+00
  52772.186058 4.606200e-16 5.398700e+04 3.000000e+00
  53067.776606 4.522500e-16 5.428940e+04 3.000000e+00
  53363.367154 4.862600e-16 5.459180e+04 3.000000e+00
  53658.967704 3.722700e-16 5.489420e+04 3.000000e+00
  53954.658280 3.230800e-16 5.519670e+04 3.000000e+00
  54250.258831 3.276700e-16 5.549910e+04 3.000000e+00
  54545.849379 3.277700e-16 5.580150e+04 3.000000e+00
  54841.449931 3.549600e-16 5.610390e+04 3.000000e+00
  55137.040480 4.112500e-16 5.640630e+04 3.000000e+00
  55432.731056 3.969800e-16 5.670880e+04 3.000000e+00
  55728.331608 4.016500e-16 5.701120e+04 3.000000e+00
  56023.922157 4.937700e-16 5.731360e+04 3.000000e+00
  56319.522709 5.815600e-16 5.761600e+04 3.000000e+00
  56615.123261 6.227700e-16 5.791840e+04 3.000000e+00
  56910.813838 6.462400e-16 5.822090e+04 3.000000e+00
  57206.404388 6.327000e-16 5.852330e+04 3.000000e+00
  57502.004941 5.887800e-16 5.882570e+04 3.000000e+00
  57797.595491 5.381900e-16 5.912810e+04 3.000000e+00
  58093.196044 5.049100e-16 5.943050e+04 3.000000e+00
  58388.886622 5.222000e-16 5.973300e+04 3.000000e+00
  58684.477173 5.323400e-16 6.003540e+04 3.000000e+00
  58980.077726 5.427300e-16 6.033780e+04 3.000000e+00
  59275.678280 5.283600e-16 6.064020e+04 3.000000e+00
  59571.268831 5.547900e-16 6.094260e+04 3.000000e+00
  59866.959409 6.756300e-16 6.124510e+04 3.000000e+00
  60162.549960 7.755100e-16 6.154750e+04 3.000000e+00
  60458.150514 8.060700e-16 6.184990e+04 3.000000e+00
  60753.751068 8.329300e-16 6.215230e+04 3.000000e+00
  61049.341620 9.670100e-16 6.245470e+04 3.000000e+00
  61345.032199 1.268000e-15 6.275720e+04 3.000000e+00
  61640.632753 1.845500e-15 6.305960e+04 3.000000e+00
  61936.233308 2.428700e-15 6.336200e+04 3.000000e+00
  62231.813857 2.540000e-15 6.366440e+04 3.000000e+00
  62527.414412 2.249800e-15 6.396680e+04 3.000000e+00
  62823.104992 1.846100e-15 6.426930e+04 3.000000e+00
  63118.705547 1.554800e-15 6.457170e+04 3.000000e+00
  63414.296099 1.330400e-15 6.487410e+04 3.000000e+00
  63709.896655 1.172800e-15 6.517650e+04 3.000000e+00
  64005.487207 1.046500e-15 6.547890e+04 3.000000e+00
  64301.177787 9.425900e-16 6.578140e+04 3.000000e+00
  64596.778343 8.731100e-16 6.608380e+04 3.000000e+00
  64892.368896 8.212600e-16 6.638620e+04 3.000000e+00
  65187.969452 7.989900e-16 6.668860e+04 3.000000e+00
  65483.560005 7.758100e-16 6.699100e+04 3.000000e+00
  65779.260588 7.799300e-16 6.729350e+04 3.000000e+00
  66074.851142 8.083500e-16 6.759590e+04 3.000000e+00
  66370.451698 8.266600e-16 6.789830e+04 3.000000e+00
  66666.042251 8.138400e-16 6.820070e+04 3.000000e+00
  66961.642808 8.077300e-16 6.850310e+04 3.000000e+00
  67257.333389 8.070700e-16 6.880560e+04 3.000000e+00
  67552.923943 7.915000e-16 6.910800e+04 3.000000e+00
  67848.524499 7.789400e-16 6.941040e+04 3.000000e+00
  68144.125056 7.827900e-16 6.971280e+04 3.000000e+00
  68439.715610 7.879500e-16 7.001520e+04 3.000000e+00
  68735.406191 8.209000e-16 7.031770e+04 3.000000e+00
  69031.006748 9.230500e-16 7.062010e+04 3.000000e+00
  69326.597303 9.607900e-16 7.092250e+04 3.000000e+00
  69622.187857 1.241000e-15 7.122490e+04 3.000000e+00
  69917.788414 1.504400e-15 7.152730e+04 3.000000e+00
  70213.478996 1.217600e-15 7.182980e+04 3.000000e+00
  70509.079554 1.090600e-15 7.213220e+04 3.000000e+00
  70804.670108 1.094000e-15 7.243460e+04 3.000000e+00
  71100.270666 1.117500e-15 7.273700e+04 3.000000e+00
  71395.861221 1.127800e-15 7.303940e+04 3.000000e+00
  71691.551803 1.124900e-15 7.334190e+04 3.000000e+00
  71987.152361 1.139600e-15 7.364430e+04 3.000000e+00
  72282.752918 1.185100e-15 7.394670e+04 3.000000e+00
  72578.343474 1.234700e-15 7.424910e+04 3.000000e+00
  72873.934029 1.315300e-15 7.455150e+04 3.000000e+00
  73169.634614 1.401100e-15 7.485400e+04 3.000000e+00
  73465.225169 1.345200e-15 7.515640e+04 3.000000e+00
  73760.815725 1.587000e-15 7.545880e+04 3.000000e+00
  74056.416283 1.696000e-15 7.576120e+04 3.000000e+00
  74647.607397 1.976400e-15 7.636600e+04 3.000000e+00
  75238.898538 2.310700e-15 7.697090e+04 3.000000e+00
  75830.079650 2.610800e-15 7.757570e+04 3.000000e+00
  76421.280768 2.821600e-15 7.818050e+04 3.000000e+00
  77012.561907 2.700400e-15 7.878540e+04 3.000000e+00
  77603.763025 2.634200e-15 7.939020e+04 3.000000e+00
  78195.044165 2.576100e-15 7.999510e+04 3.000000e+00
  78786.235280 2.368500e-15 8.059990e+04 3.000000e+00
  79377.426396 2.065800e-15 8.120470e+04 3.000000e+00
  79968.707537 1.764300e-15 8.180959e+04 3.000000e+00
  80559.898653 1.520500e-15 8.241440e+04 3.000000e+00
  81151.099772 1.307700e-15 8.301920e+04 3.000000e+00
  81742.380913 1.191600e-15 8.362409e+04 3.000000e+00
  82333.572030 1.141200e-15 8.422890e+04 3.000000e+00
  82924.763147 1.110400e-15 8.483370e+04 3.000000e+00
  83516.054292 1.082300e-15 8.543860e+04 3.000000e+00
  84107.245409 1.059400e-15 8.604340e+04 3.000000e+00
  84698.536554 1.060700e-15 8.664830e+04 3.000000e+00
  85289.727672 1.088400e-15 8.725310e+04 3.000000e+00
  85880.918790 1.099600e-15 8.785791e+04 3.000000e+00
  86472.209935 1.009700e-15 8.846280e+04 3.000000e+00
  87063.391051 8.311100e-16 8.906760e+04 3.000000e+00
  87654.592172 6.550500e-16 8.967241e+04 3.000000e+00
  88245.873315 5.082100e-16 9.027730e+04 3.000000e+00
  88837.064434 4.027800e-16 9.088210e+04 3.000000e+00
  89428.255553 3.500000e-16 9.148690e+04 3.000000e+00
  90019.536696 3.117800e-16 9.209180e+04 3.000000e+00
  90610.737818 2.587900e-16 9.269660e+04 3.000000e+00
  91202.018962 2.285100e-16 9.330150e+04 3.000000e+00
  91793.210081 2.123300e-16 9.390630e+04 3.000000e+00
  92384.401201 1.958200e-16 9.451110e+04 3.000000e+00
  92975.682345 1.797700e-16 9.511599e+04 3.000000e+00
  93566.883468 1.678700e-16 9.572080e+04 3.000000e+00
  94158.074588 1.577700e-16 9.632560e+04 3.000000e+00
  94749.365735 1.511100e-16 9.693050e+04 3.000000e+00
  95340.546853 1.496200e-16 9.753530e+04 3.000000e+00
  95931.737973 1.602100e-16 9.814009e+04 3.000000e+00
  96523.029121 1.830900e-16 9.874500e+04 3.000000e+00
  97114.230244 1.549800e-16 9.934980e+04 3.000000e+00
  97705.511390 1.272900e-16 9.995470e+04 3.000000e+00
  98296.702511 1.218200e-16 1.005595e+05 3.000000e+00
  98887.893631 1.131100e-16 1.011643e+05 3.000000e+00
  99479.184780 1.104800e-16 1.017692e+05 3.000000e+00
 100070.375901 1.142000e-16 1.023740e+05 3.000000e+00
 100661.567022 1.171000e-16 1.029788e+05 3.000000e+00
 101252.848168 1.153600e-16 1.035837e+05 3.000000e+00
 101844.039290 1.171500e-16 1.041885e+05 3.000000e+00
 102435.230411 1.172200e-16 1.047933e+05 3.000000e+00
 103026.511558 1.237500e-16 1.053982e+05 3.000000e+00
 103617.712682 1.252100e-16 1.060030e+05 3.000000e+00
 104209.003831 1.332400e-16 1.066079e+05 3.000000e+00
 104800.184951 1.523800e-16 1.072127e+05 3.000000e+00
 105391.386075 1.717700e-16 1.078175e+05 3.000000e+00
 105982.677225 1.838800e-16 1.084224e+05 3.000000e+00
 106573.868347 1.776800e-16 1.090272e+05 3.000000e+00
 107165.049467 1.786700e-16 1.096320e+05 3.000000e+00
 107756.340617 1.802300e-16 1.102369e+05 3.000000e+00
 108347.531739 1.822900e-16 1.108417e+05 3.000000e+00
 108938.732864 1.930400e-16 1.114465e+05 3.000000e+00
 109530.004009 2.253100e-16 1.120514e+05 3.000000e+00
 110121.205134 2.706800e-16 1.126562e+05 3.000000e+00
 110712.486282 3.100800e-16 1.132611e+05 3.000000e+00
 111303.677405 4.543900e-16 1.138659e+05 3.000000e+00
 111894.878530 7.696700e-16 1.144707e+05 3.000000e+00
 112486.159678 9.328200e-16 1.150756e+05 3.000000e+00
 113077.350801 8.565500e-16 1.156804e+05 3.000000e+00
 113668.541925 7.137500e-16 1.162852e+05 3.000000e+00
 114259.823072 6.113500e-16 1.168901e+05 3.000000e+00
 114851.014196 5.334900e-16 1.174949e+05 3.000000e+00
 115442.205319 4.884500e-16 1.180997e+05 3.000000e+00
 116033.496470 4.477800e-16 1.187046e+05 3.000000e+00
 116624.687594 4.269700e-16 1.193094e+05 3.000000e+00
 117215.978745 4.204300e-16 1.199143e+05 3.000000e+00
 117807.169868 4.191700e-16 1.205191e+05 3.000000e+00
 118398.360992 4.417300e-16 1.211239e+05 3.000000e+00
 118989.652143 4.714800e-16 1.217288e+05 3.000000e+00
 119580.843267 5.015600e-16 1.223336e+05 3.000000e+00
 120172.034391 5.197200e-16 1.229384e+05 3.000000e+00
 120763.315540 5.185500e-16 1.235433e+05 3.000000e+00
 121354.506664 5.133000e-16 1.241481e+05 3.000000e+00
 121945.707791 5.258800e-16 1.247529e+05 3.000000e+00
 122536.988939 5.752100e-16 1.253578e+05 3.000000e+00
 123128.180064 6.083200e-16 1.259626e+05 3.000000e+00
 123719.471215 6.181100e-16 1.265675e+05 3.000000e+00
 124310.652337 6.402200e-16 1.271723e+05 3.000000e+00
 124901.853464 6.803100e-16 1.277771e+05 3.000000e+00
 125493.134613 7.345500e-16 1.283820e+05 3.000000e+00
 126084.325738 7.856500e-16 1.289868e+05 3.000000e+00
 126675.516862 8.316400e-16 1.295916e+05 3.000000e+00
 127266.818017 1.000800e-15 1.301965e+05 3.000000e+00
 127857.999139 1.475100e-15 1.308013e+05 3.000000e+00
 128449.180261 1.450200e-15 1.314061e+05 3.000000e+00
 129040.481416 7.386200e-16 1.320110e+05 3.000000e+00
 129631.662538 5.535100e-16 1.326158e+05 3.000000e+00
 130222.853663 5.120900e-16 1.332206e+05 3.000000e+00
 130814.144815 4.985800e-16 1.338255e+05 3.000000e+00
 131405.335940 4.979100e-16 1.344303e+05 3.000000e+00
 131996.627093 4.966400e-16 1.350352e+05 3.000000e+00
 132587.818218 4.906300e-16 1.356400e+05 3.000000e+00
 133178.999340 4.847800e-16 1.362448e+05 3.000000e+00
 133770.300495 4.806500e-16 1.368497e+05 3.000000e+00
 134361.481618 4.782400e-16 1.374545e+05 3.000000e+00
 134952.672743 4.846600e-16 1.380593e+05 3.000000e+00
 135543.963896 4.813200e-16 1.386642e+05 3.000000e+00
 136135.155021 4.693700e-16 1.392690e+05 3.000000e+00
 136726.346147 4.609900e-16 1.398738e+05 3.000000e+00
 137317.637299 4.474900e-16 1.404787e+05 3.000000e+00
 137908.828425 4.374000e-16 1.410835e+05 3.000000e+00
 138500.119578 4.358200e-16 1.416884e+05 3.000000e+00
 139091.310703 4.302000e-16 1.422932e+05 3.000000e+00
 139682.491826 4.219800e-16 1.428980e+05 3.000000e+00
 140273.792982 4.121400e-16 1.435029e+05 3.000000e+00
 140864.974105 4.037600e-16 1.441077e+05 3.000000e+00
 141456.165230 4.037200e-16 1.447125e+05 3.000000e+00
 142493.868050 4.445400e-16 1.457741e+05 3.000000e+00
 143321.633653 4.437300e-16 1.466209e+05 3.000000e+00
 144149.369248 4.296200e-16 1.474677e+05 3.000000e+00
 144977.114846 3.965200e-16 1.483145e+05 3.000000e+00
 145804.760416 3.876800e-16 1.491612e+05 3.000000e+00
 146632.506014 3.878500e-16 1.500080e+05 3.000000e+00
 147460.251612 3.844600e-16 1.508548e+05 3.000000e+00
 148287.897182 3.831300e-16 1.517015e+05 3.000000e+00
 149115.642780 3.748400e-16 1.525483e+05 3.000000e+00
 149943.388378 3.637700e-16 1.533951e+05 3.000000e+00
 150771.033949 3.502900e-16 1.542418e+05 3.000000e+00
 151598.779547 3.430500e-16 1.550886e+05 3.000000e+00
 152426.535148 3.463300e-16 1.559354e+05 3.000000e+00
 153254.180719 3.495400e-16 1.567821e+05 3.000000e+00
 154081.926317 3.558300e-16 1.576289e+05 3.000000e+00
 154909.671916 3.706900e-16 1.584757e+05 3.000000e+00
 155737.307484 4.748100e-16 1.593224e+05 3.000000e+00
 156565.063085 3.829000e-16 1.601692e+05 3.000000e+00
 157392.798681 3.488000e-16 1.610160e+05 3.000000e+00
 158220.544280 3.487200e-16 1.618628e+05 3.000000e+00
 159048.199854 3.525400e-16 1.627095e+05 3.000000e+00
 159875.955455 3.399300e-16 1.635563e+05 3.000000e+00
 160703.681048 3.330800e-16 1.644031e+05 3.000000e+00
 161531.346625 3.308600e-16 1.652498e+05 3.000000e+00
 162359.072219 3.394600e-16 1.660966e+05 3.000000e+00
 163186.817818 3.736100e-16 1.669434e+05 3.000000e+00
 164014.483395 4.074000e-16 1.677901e+05 3.000000e+00
 164842.208988 4.320100e-16 1.686369e+05 3.000000e+00
 165669.964590 4.060900e-16 1.694837e+05 3.000000e+00
 166497.600159 3.910000e-16 1.703304e+05 3.000000e+00
 167325.355761 3.962300e-16 1.711772e+05 3.000000e+00
 168153.101360 4.021700e-16 1.720240e+05 3.000000e+00
 168980.736929 4.133900e-16 1.728707e+05 3.000000e+00
 169808.492531 4.853900e-16 1.737175e+05 3.000000e+00
 170636.238131 5.110700e-16 1.745643e+05 3.000000e+00
 171463.973727 4.289800e-16 1.754111e+05 3.000000e+00
 172291.629302 4.059300e-16 1.762578e+05 3.000000e+00
 173119.384904 4.039400e-16 1.771046e+05 3.000000e+00
 173947.110498 4.039900e-16 1.779514e+05 3.000000e+00
 174774.776076 3.837500e-16 1.787981e+05 3.000000e+00
 175602.521675 3.586700e-16 1.796449e+05 3.000000e+00
 176430.257272 3.498900e-16 1.804917e+05 3.000000e+00
 177257.912847 3.496900e-16 1.813384e+05 3.000000e+00
 178085.638441 3.408700e-16 1.821852e+05 3.000000e+00
 178913.394044 3.376700e-16 1.830320e+05 3.000000e+00
 179741.049619 3.323500e-16 1.838787e+05 3.000000e+00
 180568.785216 3.204800e-16 1.847255e+05 3.000000e+00
 181396.530816 3.162800e-16 1.855723e+05 3.000000e+00
 182224.166386 3.083200e-16 1.864190e+05 3.000000e+00
 183051.921988 3.055400e-16 1.872658e+05 3.000000e+00
 183879.677591 3.060400e-16 1.881126e+05 3.000000e+00
 184707.423191 3.128800e-16 1.889594e+05 3.000000e+00
 185535.058761 3.218500e-16 1.898061e+05 3.000000e+00
 186362.814364 3.324800e-16 1.906529e+05 3.000000e+00
 187190.539958 4.406000e-16 1.914997e+05 3.000000e+00
 188018.205536 3.807800e-16 1.923464e+05 3.000000e+00
 188845.951136 3.278000e-16 1.931932e+05 3.000000e+00
 189673.696737 3.326300e-16 1.940400e+05 3.000000e+00
 190501.342310 3.326600e-16 1.948867e+05 3.000000e+00
 191329.097912 3.363900e-16 1.957335e+05 3.000000e+00
 192156.833510 3.429600e-16 1.965803e+05 3.000000e+00
 192984.479083 3.418400e-16 1.974270e+05 3.000000e+00
 193812.224683 3.487000e-16 1.982738e+05 3.000000e+00
 194639.960281 3.541800e-16 1.991206e+05 3.000000e+00
 195467.625859 3.606600e-16 1.999673e+05 3.000000e+00
 196295.351454 3.651100e-16 2.008141e+05 3.000000e+00
 197123.117060 3.717800e-16 2.016609e+05 3.000000e+00
 197950.852658 3.772900e-16 2.025077e+05 3.000000e+00
 198778.488228 3.822300e-16 2.033544e+05 3.000000e+00
 199606.243831 3.868600e-16 2.042012e+05 3.000000e+00
 201261.645008 3.902600e-16 2.058947e+05 3.000000e+00
 202917.126206 4.020300e-16 2.075883e+05 3.000000e+00
 204572.537386 4.182300e-16 2.092818e+05 3.000000e+00
 206227.908554 4.300900e-16 2.109753e+05 3.000000e+00
 207883.399756 4.328800e-16 2.126689e+05 3.000000e+00
 209538.790930 4.423900e-16 2.143624e+05 3.000000e+00
 211194.292134 4.488400e-16 2.160560e+05 3.000000e+00
 212849.683309 4.552400e-16 2.177495e+05 3.000000e+00
 214505.074483 4.650300e-16 2.194430e+05 3.000000e+00
 216160.575688 4.707400e-16 2.211366e+05 3.000000e+00
 217815.966862 4.780600e-16 2.228301e+05 3.000000e+00
 219471.338032 4.853000e-16 2.245236e+05 3.000000e+00
 221126.829234 4.937600e-16 2.262172e+05 3.000000e+00
 222782.230411 4.937900e-16 2.279107e+05 3.000000e+00
 224437.721614 5.033500e-16 2.296043e+05 3.000000e+00
 226093.112789 5.086700e-16 2.312978e+05 3.000000e+00
 227748.503964 5.139200e-16 2.329913e+05 3.000000e+00
 229404.005169 5.218000e-16 2.346849e+05 3.000000e+00
 231059.396344 5.241900e-16 2.363784e+05 3.000000e+00
 232714.787520 5.328100e-16 2.380719e+05 3.000000e+00
 234370.258717 5.423600e-16 2.397655e+05 3.000000e+00
 236025.669898 5.487600e-16 2.414590e+05 3.000000e+00
 237681.151098 5.608800e-16 2.431526e+05 3.000000e+00
 239336.542273 5.787800e-16 2.448461e+05 3.000000e+00
 240991.933449 5.901600e-16 2.465396e+05 3.000000e+00
 242647.434655 5.984000e-16 2.482332e+05 3.000000e+00
 244302.825831 6.153400e-16 2.499267e+05 3.000000e+00
 245958.217006 6.314900e-16 2.516202e+05 3.000000e+00
 247613.718212 6.448900e-16 2.533138e+05 3.000000e+00
 249269.109388 6.611300e-16 2.550073e+05 3.000000e+00
 250924.580586 6.776300e-16 2.567009e+05 3.000000e+00
 252579.971762 6.874400e-16 2.583944e+05 3.000000e+00
 254235.372941 6.927900e-16 2.600879e+05 3.000000e+00
 255890.864144 6.932600e-16 2.617815e+05 3.000000e+00
 257546.265323 7.231900e-16 2.634750e+05 3.000000e+00
 259201.656500 7.729400e-16 2.651685e+05 3.000000e+00
 260857.137700 7.682900e-16 2.668621e+05 3.000000e+00
 262512.528877 7.556900e-16 2.685556e+05 3.000000e+00
 264168.010078 7.479700e-16 2.702492e+05 3.000000e+00
 265823.411257 7.589000e-16 2.719427e+05 3.000000e+00
 267478.832441 7.807800e-16 2.736362e+05 3.000000e+00
 269134.313643 7.950900e-16 2.753298e+05 3.000000e+00
 270789.674811 7.949200e-16 2.770233e+05 3.000000e+00
 272445.065988 8.010400e-16 2.787168e+05 3.000000e+00
 274100.587200 8.074200e-16 2.804104e+05 3.000000e+00
 275755.978376 8.261000e-16 2.821039e+05 3.000000e+00
 277411.459578 8.325300e-16 2.837975e+05 3.000000e+00
 279066.850754 8.459600e-16 2.854910e+05 3.000000e+00
 280722.251934 8.650300e-16 2.871845e+05 3.000000e+00
 282377.733135 8.793300e-16 2.888781e+05 3.000000e+00
 284033.124312 8.846200e-16 2.905716e+05 3.000000e+00
 285688.515489 8.890500e-16 2.922651e+05 3.000000e+00
 287343.996691 9.045400e-16 2.939587e+05 3.000000e+00
 288999.397870 9.101000e-16 2.956522e+05 3.000000e+00
 290654.879072 9.286300e-16 2.973458e+05 3.000000e+00
 292310.300257 9.417100e-16 2.990393e+05 3.000000e+00
 293965.691434 9.464200e-16 3.007328e+05 3.000000e+00
 295621.182639 9.569300e-16 3.024264e+05 3.000000e+00
 297276.573816 9.694200e-16 3.041199e+05 3.000000e+00
 298931.964993 9.686000e-16 3.058134e+05 3.000000e+00
 300587.446195 9.884700e-16 3.075070e+05 3.000000e+00
 302242.837372 9.988500e-16 3.092005e+05 3.000000e+00
 303898.328577 1.004800e-15 3.108941e+05 3.000000e+00
 305553.719754 1.011300e-15 3.125876e+05 3.000000e+00
 307209.110931 1.019300e-15 3.142811e+05 3.000000e+00
 308864.592133 1.051100e-15 3.159747e+05 3.000000e+00
 310520.013319 1.053400e-15 3.176682e+05 3.000000e+00
 312175.414499 1.045400e-15 3.193617e+05 3.000000e+00
 313830.895701 1.053600e-15 3.210553e+05 3.000000e+00
 315486.256870 1.074700e-15 3.227488e+05 3.000000e+00
 317141.768081 1.088600e-15 3.244424e+05 3.000000e+00
 318797.169261 1.090700e-15 3.261359e+05 3.000000e+00
 320452.560438 1.090000e-15 3.278294e+05 3.000000e+00
 322108.041641 1.097800e-15 3.295230e+05 3.000000e+00
 323763.432818 1.132200e-15 3.312165e+05 3.000000e+00
 325418.823996 1.156800e-15 3.329100e+05 3.000000e+00
 327074.345209 1.196900e-15 3.346036e+05 3.000000e+00
 328729.736387 1.158700e-15 3.362971e+05 3.000000e+00
 330385.187581 1.210400e-15 3.379907e+05 3.000000e+00
 332040.578758 1.233900e-15 3.396842e+05 3.000000e+00
 333695.999944 1.290900e-15 3.413777e+05 3.000000e+00
 335351.461141 1.265200e-15 3.430713e+05 3.000000e+00
 337006.852319 1.207200e-15 3.447648e+05 3.000000e+00
 338662.243497 1.207700e-15 3.464583e+05 3.000000e+00
 340317.754707 1.254300e-15 3.481519e+05 3.000000e+00
 341973.115877 1.249500e-15 3.498454e+05 3.000000e+00
