# An Atlas of Galaxy Spectral Energy Distributions from the Ultraviolet to the Mid-Infrared
# Brown et al. (2014)
# http://dx.doi.org/10.5072/03/529D3551F0117
# 
# Column 1 : Restframe Wavelength (Angstrom)
# Column 2 : Flux per unit wavelength (ergs/s/cm^2/Angstrom)
# Column 3 : Observed wavelength (Angstrom)
# Column 4 : Source (0 = model, 1 = Optical Spectrum, 2 = Akari, 3 = Spitzer IRS)
# 
# CONVERTED air -> vacuum (Morton 2000/SDSS) above 2000 A by sedfit; wavelengths below are unchanged (already vacuum by convention).
    100.100000 5.013200e-18 1.002300e+02 0.000000e+00
    101.960000 6.282200e-18 1.020900e+02 0.000000e+00
    104.100000 7.196300e-18 1.042300e+02 0.000000e+00
    106.030000 8.455000e-18 1.061700e+02 0.000000e+00
    108.010000 1.014200e-17 1.081400e+02 0.000000e+00
    110.010000 1.393500e-17 1.101500e+02 0.000000e+00
    113.880000 1.803500e-17 1.140200e+02 0.000000e+00
    117.880000 2.213700e-17 1.180300e+02 0.000000e+00
    120.910000 7.330100e-17 1.210600e+02 0.000000e+00
    124.870000 8.533200e-17 1.250300e+02 0.000000e+00
    126.900000 8.976600e-17 1.270600e+02 0.000000e+00
    128.070000 9.356500e-17 1.282300e+02 0.000000e+00
    131.050000 9.979600e-17 1.312200e+02 0.000000e+00
    131.960000 1.151100e-16 1.321300e+02 0.000000e+00
    134.110000 1.194300e-16 1.342800e+02 0.000000e+00
    136.910000 1.439200e-16 1.370900e+02 0.000000e+00
    140.100000 1.520900e-16 1.402800e+02 0.000000e+00
    143.040000 3.759300e-16 1.432200e+02 0.000000e+00
    147.040000 8.435500e-16 1.472300e+02 0.000000e+00
    151.160000 8.711900e-16 1.513600e+02 0.000000e+00
    155.040000 9.122400e-16 1.552400e+02 0.000000e+00
    159.020000 9.574400e-16 1.592200e+02 0.000000e+00
    161.980000 9.888100e-16 1.621800e+02 0.000000e+00
    166.130000 1.045000e-15 1.663400e+02 0.000000e+00
    170.000000 1.081700e-15 1.702200e+02 0.000000e+00
    173.160000 1.117100e-15 1.733800e+02 0.000000e+00
    177.190000 1.156400e-15 1.774200e+02 0.000000e+00
    180.070000 1.183300e-15 1.803000e+02 0.000000e+00
    182.160000 1.205300e-15 1.823900e+02 0.000000e+00
    185.970000 1.244800e-15 1.862100e+02 0.000000e+00
    191.180000 1.291600e-15 1.914300e+02 0.000000e+00
    193.840000 1.330800e-15 1.940900e+02 0.000000e+00
    197.900000 1.364900e-15 1.981500e+02 0.000000e+00
    202.050000 1.406400e-15 2.023000e+02 0.000000e+00
    204.860000 1.435900e-15 2.051200e+02 0.000000e+00
    210.110000 1.419400e-15 2.103800e+02 0.000000e+00
    216.000000 1.531500e-15 2.162700e+02 0.000000e+00
    220.010000 1.574400e-15 2.202900e+02 0.000000e+00
    223.070000 1.585300e-15 2.233600e+02 0.000000e+00
    227.220000 1.633500e-15 2.275100e+02 0.000000e+00
    229.850000 2.449700e-15 2.301400e+02 0.000000e+00
    234.130000 4.037500e-15 2.344200e+02 0.000000e+00
    240.130000 4.854100e-15 2.404400e+02 0.000000e+00
    245.720000 4.488600e-15 2.460400e+02 0.000000e+00
    252.030000 4.635700e-15 2.523500e+02 0.000000e+00
    256.710000 3.829200e-15 2.570400e+02 0.000000e+00
    260.280000 4.356200e-15 2.606200e+02 0.000000e+00
    263.910000 4.499000e-15 2.642400e+02 0.000000e+00
    268.810000 4.406700e-15 2.691500e+02 0.000000e+00
    273.810000 4.296500e-15 2.741600e+02 0.000000e+00
    278.900000 4.198700e-15 2.792500e+02 0.000000e+00
    284.090000 4.122000e-15 2.844500e+02 0.000000e+00
    290.030000 3.838100e-15 2.904000e+02 0.000000e+00
    296.110000 3.811600e-15 2.964800e+02 0.000000e+00
    300.920000 3.682200e-15 3.013000e+02 0.000000e+00
    307.930000 3.623400e-15 3.083200e+02 0.000000e+00
    318.020000 3.549000e-15 3.184200e+02 0.000000e+00
    327.680000 3.405000e-15 3.281000e+02 0.000000e+00
    337.640000 3.251700e-15 3.380600e+02 0.000000e+00
    347.900000 3.091100e-15 3.483400e+02 0.000000e+00
    356.820000 2.979300e-15 3.572700e+02 0.000000e+00
    365.970000 2.884800e-15 3.664400e+02 0.000000e+00
    375.360000 2.767700e-15 3.758400e+02 0.000000e+00
    384.990000 2.565100e-15 3.854800e+02 0.000000e+00
    394.860000 2.529900e-15 3.953700e+02 0.000000e+00
    404.990000 2.444100e-15 4.055100e+02 0.000000e+00
    414.430000 2.339400e-15 4.149500e+02 0.000000e+00
    422.130000 2.244500e-15 4.226700e+02 0.000000e+00
    429.980000 2.158300e-15 4.305300e+02 0.000000e+00
    441.010000 2.070700e-15 4.415700e+02 0.000000e+00
    451.280000 1.972900e-15 4.518600e+02 0.000000e+00
    459.670000 1.888500e-15 4.602600e+02 0.000000e+00
    470.380000 1.807600e-15 4.709800e+02 0.000000e+00
    480.230000 1.742300e-15 4.808400e+02 0.000000e+00
    490.280000 1.648600e-15 4.909100e+02 0.000000e+00
    500.550000 1.603700e-15 5.011900e+02 0.000000e+00
    506.350000 1.549200e-15 5.069900e+02 0.000000e+00
    512.210000 1.567200e-15 5.128600e+02 0.000000e+00
    520.530000 1.517400e-15 5.211900e+02 0.000000e+00
    530.210000 1.442500e-15 5.308800e+02 0.000000e+00
    540.070000 1.358700e-15 5.407500e+02 0.000000e+00
    550.110000 1.300500e-15 5.508100e+02 0.000000e+00
    560.340000 1.279700e-15 5.610500e+02 0.000000e+00
    569.440000 1.250600e-15 5.701600e+02 0.000000e+00
    580.030000 1.191500e-15 5.807600e+02 0.000000e+00
    589.450000 1.156400e-15 5.902000e+02 0.000000e+00
    600.410000 1.091700e-15 6.011700e+02 0.000000e+00
    610.170000 9.508500e-16 6.109400e+02 0.000000e+00
    620.080000 1.037800e-15 6.208700e+02 0.000000e+00
    630.160000 9.910900e-16 6.309600e+02 0.000000e+00
    640.400000 9.685300e-16 6.412100e+02 0.000000e+00
    649.300000 9.313500e-16 6.501300e+02 0.000000e+00
    658.340000 8.935300e-16 6.591700e+02 0.000000e+00
    664.430000 8.894300e-16 6.652700e+02 0.000000e+00
    675.220000 8.632000e-16 6.760800e+02 0.000000e+00
    684.620000 8.130400e-16 6.854900e+02 0.000000e+00
    695.740000 8.074400e-16 6.966300e+02 0.000000e+00
    705.420000 7.570300e-16 7.063200e+02 0.000000e+00
    715.230000 7.587700e-16 7.161400e+02 0.000000e+00
    725.180000 7.347000e-16 7.261100e+02 0.000000e+00
    735.270000 7.163300e-16 7.362100e+02 0.000000e+00
    745.500000 6.920100e-16 7.464500e+02 0.000000e+00
    754.130000 6.685200e-16 7.550900e+02 0.000000e+00
    764.620000 6.041000e-16 7.656000e+02 0.000000e+00
    775.260000 6.311200e-16 7.762500e+02 0.000000e+00
    784.240000 6.027100e-16 7.852400e+02 0.000000e+00
    795.150000 5.944400e-16 7.961600e+02 0.000000e+00
    804.360000 5.809100e-16 8.053800e+02 0.000000e+00
    815.550000 5.663800e-16 8.165800e+02 0.000000e+00
    824.990000 5.534900e-16 8.260400e+02 0.000000e+00
    834.540000 5.071200e-16 8.356000e+02 0.000000e+00
    844.210000 5.225300e-16 8.452800e+02 0.000000e+00
    855.950000 5.071200e-16 8.570400e+02 0.000000e+00
    865.860000 4.978600e-16 8.669600e+02 0.000000e+00
    875.890000 4.887800e-16 8.770000e+02 0.000000e+00
    883.990000 4.776500e-16 8.851200e+02 0.000000e+00
    894.230000 4.678600e-16 8.953600e+02 0.000000e+00
    904.580000 4.540600e-16 9.057300e+02 0.000000e+00
    915.060000 5.273600e-16 9.162200e+02 0.000000e+00
    925.650000 1.035400e-15 9.268300e+02 0.000000e+00
    934.220000 1.652400e-15 9.354100e+02 0.000000e+00
    945.040000 2.483800e-15 9.462400e+02 0.000000e+00
    955.980000 3.141300e-15 9.571900e+02 0.000000e+00
    964.820000 3.452300e-15 9.660500e+02 0.000000e+00
    976.000000 1.143200e-15 9.772400e+02 0.000000e+00
    985.030000 2.965600e-15 9.862800e+02 0.000000e+00
    994.140000 2.993000e-15 9.954100e+02 0.000000e+00
   1005.650000 3.954700e-15 1.006930e+03 0.000000e+00
   1014.960000 3.802900e-15 1.016250e+03 0.000000e+00
   1024.350000 1.901600e-15 1.025650e+03 0.000000e+00
   1033.830000 2.891400e-15 1.035140e+03 0.000000e+00
   1045.800000 4.743600e-15 1.047130e+03 0.000000e+00
   1055.480000 4.614400e-15 1.056820e+03 0.000000e+00
   1065.240000 3.759300e-15 1.066600e+03 0.000000e+00
   1075.100000 4.296500e-15 1.076470e+03 0.000000e+00
   1085.050000 3.444400e-15 1.086430e+03 0.000000e+00
   1095.090000 4.386400e-15 1.096480e+03 0.000000e+00
   1105.220000 4.189000e-15 1.106620e+03 0.000000e+00
   1115.450000 4.028200e-15 1.116860e+03 0.000000e+00
   1125.770000 3.615000e-15 1.127200e+03 0.000000e+00
   1136.180000 4.386400e-15 1.137630e+03 0.000000e+00
   1144.060000 4.009700e-15 1.145510e+03 0.000000e+00
   1154.640000 4.169800e-15 1.156110e+03 0.000000e+00
   1165.330000 4.227800e-15 1.166810e+03 0.000000e+00
   1176.110000 3.006800e-15 1.177610e+03 0.000000e+00
   1184.260000 4.018900e-15 1.185770e+03 0.000000e+00
   1195.220000 2.958800e-15 1.196740e+03 0.000000e+00
   1206.280000 2.275700e-15 1.207810e+03 0.000000e+00
   1214.640000 1.545700e-15 1.216190e+03 0.000000e+00
   1225.880000 2.825600e-15 1.227440e+03 0.000000e+00
   1234.380000 3.936500e-15 1.235950e+03 0.000000e+00
   1245.800000 4.227800e-15 1.247380e+03 0.000000e+00
   1254.440000 4.046800e-15 1.256030e+03 0.000000e+00
   1266.040000 3.565400e-15 1.267650e+03 0.000000e+00
   1274.820000 4.386400e-15 1.276440e+03 0.000000e+00
   1283.660000 4.530100e-15 1.285290e+03 0.000000e+00
   1295.530000 3.673800e-15 1.297180e+03 0.000000e+00
   1304.510000 3.615000e-15 1.306170e+03 0.000000e+00
   1313.560000 4.356200e-15 1.315220e+03 0.000000e+00
   1325.710000 4.150600e-15 1.327390e+03 0.000000e+00
   1334.900000 3.716300e-15 1.336600e+03 0.000000e+00
   1344.150000 4.286600e-15 1.345860e+03 0.000000e+00
   1353.470000 4.131500e-15 1.355190e+03 0.000000e+00
   1365.990000 3.724900e-15 1.367730e+03 0.000000e+00
   1375.460000 3.846900e-15 1.377210e+03 0.000000e+00
   1385.000000 3.846900e-15 1.386760e+03 0.000000e+00
   1394.600000 3.296900e-15 1.396370e+03 0.000000e+00
   1404.260000 3.358200e-15 1.406050e+03 0.000000e+00
   1414.000000 3.532700e-15 1.415790e+03 0.000000e+00
   1423.800000 3.565400e-15 1.425610e+03 0.000000e+00
   1433.670000 3.540900e-15 1.435490e+03 0.000000e+00
   1443.610000 3.690700e-15 1.445440e+03 0.000000e+00
   1446.930000 3.724900e-15 1.448770e+03 0.000000e+00
   1453.610000 3.606700e-15 1.455460e+03 0.000000e+00
   1463.690000 3.342800e-15 1.465550e+03 0.000000e+00
   1473.830000 3.319800e-15 1.475710e+03 0.000000e+00
   1484.050000 3.350500e-15 1.485940e+03 0.000000e+00
   1494.340000 3.373700e-15 1.496240e+03 0.000000e+00
   1504.690000 3.192400e-15 1.506610e+03 0.000000e+00
   1511.640000 2.871500e-15 1.513560e+03 0.000000e+00
   1518.620000 3.034700e-15 1.520550e+03 0.000000e+00
   1525.630000 2.945200e-15 1.527570e+03 0.000000e+00
   1536.200000 2.571100e-15 1.538150e+03 0.000000e+00
   1543.290000 2.717100e-15 1.545250e+03 0.000000e+00
   1553.990000 2.577000e-15 1.555970e+03 0.000000e+00
   1564.760000 2.643100e-15 1.566750e+03 0.000000e+00
   1575.610000 2.799700e-15 1.577610e+03 0.000000e+00
   1586.530000 2.898100e-15 1.588550e+03 0.000000e+00
   1593.850000 2.945200e-15 1.595880e+03 0.000000e+00
   1604.900000 2.864900e-15 1.606940e+03 0.000000e+00
   1616.030000 2.851700e-15 1.618080e+03 0.000000e+00
   1623.490000 2.704700e-15 1.625550e+03 0.000000e+00
   1634.740000 2.851700e-15 1.636820e+03 0.000000e+00
   1646.070000 2.878100e-15 1.648160e+03 0.000000e+00
   1653.670000 2.667500e-15 1.655770e+03 0.000000e+00
   1665.130000 2.878100e-15 1.667250e+03 0.000000e+00
   1672.820000 2.571100e-15 1.674940e+03 0.000000e+00
   1676.670000 2.958800e-15 1.678800e+03 0.000000e+00
   1684.410000 3.041700e-15 1.686550e+03 0.000000e+00
   1696.090000 2.851700e-15 1.698240e+03 0.000000e+00
   1703.920000 2.761300e-15 1.706080e+03 0.000000e+00
   1715.730000 2.673700e-15 1.717910e+03 0.000000e+00
   1723.650000 2.667500e-15 1.725840e+03 0.000000e+00
   1735.590000 2.858300e-15 1.737800e+03 0.000000e+00
   1743.610000 2.786800e-15 1.745820e+03 0.000000e+00
   1755.690000 3.013800e-15 1.757920e+03 0.000000e+00
   1763.800000 2.717100e-15 1.766040e+03 0.000000e+00
   1776.020000 2.825600e-15 1.778280e+03 0.000000e+00
   1784.220000 2.884800e-15 1.786490e+03 0.000000e+00
   1796.590000 3.185000e-15 1.798870e+03 0.000000e+00
   1804.880000 3.076900e-15 1.807170e+03 0.000000e+00
   1813.210000 2.878100e-15 1.815520e+03 0.000000e+00
   1825.780000 2.931600e-15 1.828100e+03 0.000000e+00
   1834.210000 2.819100e-15 1.836540e+03 0.000000e+00
   1846.920000 2.512500e-15 1.849270e+03 0.000000e+00
   1855.450000 2.686000e-15 1.857800e+03 0.000000e+00
   1864.010000 2.898100e-15 1.866380e+03 0.000000e+00
   1876.930000 3.006800e-15 1.879320e+03 0.000000e+00
   1885.590000 2.851700e-15 1.887990e+03 0.000000e+00
   1894.300000 2.918200e-15 1.896710e+03 0.000000e+00
   1903.040000 2.972400e-15 1.905460e+03 0.000000e+00
   1916.230000 2.945200e-15 1.918670e+03 0.000000e+00
   1925.080000 2.742300e-15 1.927530e+03 0.000000e+00
   1933.960000 2.455300e-15 1.936420e+03 0.000000e+00
   1942.890000 3.134100e-15 1.945360e+03 0.000000e+00
   1956.360000 3.034700e-15 1.958840e+03 0.000000e+00
   1965.390000 3.428600e-15 1.967890e+03 0.000000e+00
   1974.460000 3.327400e-15 1.976970e+03 0.000000e+00
   1983.570000 3.428600e-15 1.986100e+03 0.000000e+00
   1992.730000 3.405000e-15 1.995260e+03 0.000000e+00
   2007.189228 3.319800e-15 2.009090e+03 0.000000e+00
   2016.450865 3.304500e-15 2.018370e+03 0.000000e+00
   2025.762532 3.126900e-15 2.027680e+03 0.000000e+00
   2035.114227 3.436500e-15 2.037040e+03 0.000000e+00
   2044.505950 3.690700e-15 2.046450e+03 0.000000e+00
   2053.937700 3.468300e-15 2.055890e+03 0.000000e+00
   2063.419477 3.389300e-15 2.065380e+03 0.000000e+00
   2072.941280 3.802900e-15 2.074910e+03 0.000000e+00
   2077.722192 5.165500e-15 2.079700e+03 0.000000e+00
   2087.304033 5.876400e-15 2.089300e+03 0.000000e+00
   2096.945901 5.433900e-15 2.098940e+03 0.000000e+00
   2106.617792 5.153600e-15 2.108630e+03 0.000000e+00
   2116.339707 5.547700e-15 2.118360e+03 0.000000e+00
   2126.111648 5.129900e-15 2.128140e+03 0.000000e+00
   2135.923612 4.700100e-15 2.137960e+03 0.000000e+00
   2145.775597 5.637800e-15 2.147830e+03 0.000000e+00
   2155.687609 5.729400e-15 2.157740e+03 0.000000e+00
   2165.629639 5.106400e-15 2.167700e+03 0.000000e+00
   2175.631696 5.189300e-15 2.177710e+03 0.000000e+00
   2185.663771 5.971900e-15 2.187760e+03 0.000000e+00
   2195.755871 6.082900e-15 2.197860e+03 0.000000e+00
   2205.887992 5.822500e-15 2.208010e+03 0.000000e+00
   2216.070134 4.743600e-15 2.218200e+03 0.000000e+00
   2226.302299 5.118100e-15 2.228440e+03 0.000000e+00
   2236.574483 6.443300e-15 2.238720e+03 0.000000e+00
   2246.896689 6.082900e-15 2.249050e+03 0.000000e+00
   2257.268917 4.887800e-15 2.259440e+03 0.000000e+00
   2267.681163 4.754600e-15 2.269860e+03 0.000000e+00
   2278.153433 5.237300e-15 2.280340e+03 0.000000e+00
   2283.404575 6.399000e-15 2.285600e+03 0.000000e+00
   2293.936873 5.496800e-15 2.296150e+03 0.000000e+00
   2304.529193 6.352100e-15 2.306750e+03 0.000000e+00
   2315.161532 5.541200e-15 2.317390e+03 0.000000e+00
   2325.853893 4.219800e-15 2.328090e+03 0.000000e+00
   2336.586272 3.999300e-15 2.338840e+03 0.000000e+00
   2347.368671 2.990000e-15 2.349630e+03 0.000000e+00
   2358.201090 4.981400e-15 2.360480e+03 0.000000e+00
   2363.642309 3.178300e-15 2.365920e+03 0.000000e+00
   2374.544756 3.952500e-15 2.376840e+03 0.000000e+00
   2385.507226 2.609500e-15 2.387810e+03 0.000000e+00
   2396.519715 3.142200e-15 2.398830e+03 0.000000e+00
   2407.582223 3.082500e-15 2.409910e+03 0.000000e+00
   2413.123482 3.578800e-15 2.415460e+03 0.000000e+00
   2424.266021 5.551600e-15 2.426610e+03 0.000000e+00
   2435.458578 5.534600e-15 2.437810e+03 0.000000e+00
   2446.691152 6.423300e-15 2.449060e+03 0.000000e+00
   2457.983747 6.720900e-15 2.460370e+03 0.000000e+00
   2463.655053 6.001500e-15 2.466040e+03 0.000000e+00
   2475.027678 5.381800e-15 2.477420e+03 0.000000e+00
   2486.450321 4.014100e-15 2.488860e+03 0.000000e+00
   2497.922983 4.377700e-15 2.500350e+03 0.000000e+00
   2503.684322 6.472600e-15 2.506110e+03 0.000000e+00
   2515.237013 3.204300e-15 2.517680e+03 0.000000e+00
   2521.038366 2.701300e-15 2.523480e+03 0.000000e+00
   2526.849724 2.913400e-15 2.529300e+03 0.000000e+00
   2538.512454 4.093100e-15 2.540970e+03 0.000000e+00
   2544.363826 4.343900e-15 2.546830e+03 0.000000e+00
   2556.106584 6.879100e-15 2.558590e+03 0.000000e+00
   2567.899360 5.347900e-15 2.570400e+03 0.000000e+00
   2573.820756 6.561500e-15 2.576320e+03 0.000000e+00
   2585.703563 5.910900e-15 2.588210e+03 0.000000e+00
   2597.636388 5.337000e-15 2.600160e+03 0.000000e+00
   2603.617807 4.678700e-15 2.606150e+03 0.000000e+00
   2615.640662 4.243900e-15 2.618180e+03 0.000000e+00
   2627.713535 5.693800e-15 2.630270e+03 0.000000e+00
   2633.764977 8.896600e-15 2.636330e+03 0.000000e+00
   2645.927880 1.196400e-14 2.648500e+03 0.000000e+00
   2658.140801 1.547000e-14 2.660720e+03 0.000000e+00
   2664.262267 1.026400e-14 2.666860e+03 0.000000e+00
   2676.565218 1.172100e-14 2.679170e+03 0.000000e+00
   2682.736700 1.305500e-14 2.685340e+03 0.000000e+00
   2695.119679 1.005500e-14 2.697740e+03 0.000000e+00
   2707.552674 1.207900e-14 2.710190e+03 0.000000e+00
   2713.794180 9.095700e-15 2.716440e+03 0.000000e+00
   2726.317206 7.970100e-15 2.728980e+03 0.000000e+00
   2738.900251 9.551800e-15 2.741570e+03 0.000000e+00
   2745.221783 5.356700e-15 2.747890e+03 0.000000e+00
   2757.884855 7.006700e-15 2.760580e+03 0.000000e+00
   2764.246400 8.898700e-15 2.766940e+03 0.000000e+00
   2776.999502 9.681500e-15 2.779710e+03 0.000000e+00
   2783.401061 6.049900e-15 2.786120e+03 0.000000e+00
   2796.254194 2.807800e-15 2.798980e+03 0.000000e+00
   2802.695766 3.358700e-15 2.805430e+03 0.000000e+00
   2815.638929 8.665200e-15 2.818380e+03 0.000000e+00
   2828.632109 1.251400e-14 2.831390e+03 0.000000e+00
   2835.153707 1.213900e-14 2.837920e+03 0.000000e+00
   2848.236915 9.903700e-15 2.851020e+03 0.000000e+00
   2854.798526 6.347400e-15 2.857590e+03 0.000000e+00
   2867.981767 1.282900e-14 2.870780e+03 0.000000e+00
   2874.593394 1.556000e-14 2.877400e+03 0.000000e+00
   2887.856660 1.411200e-14 2.890680e+03 0.000000e+00
   2894.508300 1.612100e-14 2.897340e+03 0.000000e+00
   2907.871599 2.108600e-14 2.910720e+03 0.000000e+00
   2928.026581 1.859400e-14 2.930890e+03 0.000000e+00
   2948.321608 1.752900e-14 2.951210e+03 0.000000e+00
   2968.756679 1.867000e-14 2.971670e+03 0.000000e+00
   2989.341797 1.885900e-14 2.992270e+03 0.000000e+00
   3010.056957 1.940300e-14 3.013010e+03 0.000000e+00
   3030.922163 2.005600e-14 3.033890e+03 0.000000e+00
   3051.927413 2.082600e-14 3.054920e+03 0.000000e+00
   3073.082709 2.202700e-14 3.076100e+03 0.000000e+00
   3094.388051 2.199400e-14 3.097420e+03 0.000000e+00
   3108.671638 2.414700e-14 3.111720e+03 0.000000e+00
   3130.217054 2.281400e-14 3.133290e+03 0.000000e+00
   3151.912517 2.267400e-14 3.155010e+03 0.000000e+00
   3173.758026 2.437000e-14 3.176870e+03 0.000000e+00
   3188.411726 2.130100e-14 3.191540e+03 0.000000e+00
   3210.507311 2.364400e-14 3.213660e+03 0.000000e+00
   3232.762945 2.004600e-14 3.235940e+03 0.000000e+00
   3247.686727 2.658000e-14 3.250870e+03 0.000000e+00
   3270.192436 3.039900e-14 3.273410e+03 0.000000e+00
   3292.858194 2.972700e-14 3.296100e+03 0.000000e+00
   3308.062061 2.862100e-14 3.311310e+03 0.000000e+00
   3323.325946 2.800300e-14 3.326600e+03 0.000000e+00
   3330.987897 3.026700e-14 3.334260e+03 0.000000e+00
   3338.669854 2.915600e-14 3.341950e+03 0.000000e+00
   3346.361815 2.900600e-14 3.349660e+03 0.000000e+00
   3354.073781 2.686800e-14 3.357380e+03 0.000000e+00
   3361.805754 3.019900e-14 3.365120e+03 0.000000e+00
   3369.557732 2.976800e-14 3.372870e+03 0.000000e+00
   3377.329716 2.401700e-14 3.380650e+03 0.000000e+00
   3385.111704 2.513400e-14 3.388440e+03 0.000000e+00
   3392.913697 3.013200e-14 3.396250e+03 0.000000e+00
   3400.735696 3.160700e-14 3.404080e+03 0.000000e+00
   3408.577701 2.921000e-14 3.411930e+03 0.000000e+00
   3416.429710 2.885900e-14 3.419790e+03 0.000000e+00
   3424.311727 3.319200e-14 3.427680e+03 0.000000e+00
   3432.203747 3.204700e-14 3.435580e+03 0.000000e+00
   3440.115773 3.158900e-14 3.443500e+03 0.000000e+00
   3448.047805 2.378400e-14 3.451440e+03 0.000000e+00
   3455.989841 2.917700e-14 3.459390e+03 0.000000e+00
   3463.961884 2.563200e-14 3.467370e+03 0.000000e+00
   3471.943931 2.894200e-14 3.475360e+03 0.000000e+00
   3479.945984 2.356600e-14 3.483370e+03 0.000000e+00
   3487.968043 2.760800e-14 3.491400e+03 0.000000e+00
   3496.010108 2.563200e-14 3.499450e+03 0.000000e+00
   3504.072178 3.217500e-14 3.507520e+03 0.000000e+00
   3512.144252 3.099300e-14 3.515600e+03 0.000000e+00
   3520.246335 3.076200e-14 3.523710e+03 0.000000e+00
   3528.358420 2.459000e-14 3.531830e+03 0.000000e+00
   3536.490512 3.009500e-14 3.539970e+03 0.000000e+00
   3544.642609 3.405900e-14 3.548130e+03 0.000000e+00
   3552.814712 3.357200e-14 3.556310e+03 0.000000e+00
   3561.006821 3.189400e-14 3.564510e+03 0.000000e+00
   3569.208933 2.633000e-14 3.572730e+03 0.000000e+00
   3577.441054 2.649700e-14 3.580960e+03 0.000000e+00
   3585.683178 2.152400e-14 3.589220e+03 0.000000e+00
   3593.955310 2.475500e-14 3.597490e+03 0.000000e+00
   3602.237446 3.454600e-14 3.605790e+03 0.000000e+00
   3610.539588 2.838800e-14 3.614100e+03 0.000000e+00
   3618.861735 3.068100e-14 3.622430e+03 0.000000e+00
   3627.203888 3.300700e-14 3.630780e+03 0.000000e+00
   3635.566047 2.762700e-14 3.639150e+03 0.000000e+00
   3643.948212 3.698900e-14 3.647540e+03 0.000000e+00
   3652.350383 2.902700e-14 3.655950e+03 0.000000e+00
   3660.762557 3.904200e-14 3.664370e+03 0.000000e+00
   3669.204739 3.760600e-14 3.672820e+03 0.000000e+00
   3677.666928 3.944500e-14 3.681290e+03 0.000000e+00
   3686.139119 3.355200e-14 3.689780e+03 0.000000e+00
   3694.641319 3.668200e-14 3.698280e+03 0.000000e+00
   3703.153522 3.928000e-14 3.706810e+03 0.000000e+00
   3711.695734 2.811200e-14 3.715350e+03 0.000000e+00
   3720.247949 4.033000e-14 3.723920e+03 0.000000e+00
   3728.820170 3.283600e-14 3.732500e+03 0.000000e+00
   3737.422399 2.360900e-14 3.741110e+03 0.000000e+00
   3746.034631 3.538300e-14 3.749730e+03 0.000000e+00
   3754.666869 2.283100e-14 3.758370e+03 0.000000e+00
   3763.329116 2.952800e-14 3.767040e+03 0.000000e+00
   3772.001366 3.040600e-14 3.775720e+03 0.000000e+00
   3780.693621 3.729700e-14 3.784430e+03 0.000000e+00
   3789.405883 4.220800e-14 3.793150e+03 0.000000e+00
   3798.148153 3.185000e-14 3.801890e+03 0.000000e+00
   3806.900426 3.646100e-14 3.810660e+03 0.000000e+00
   3815.672705 4.023000e-14 3.819440e+03 0.000000e+00
   3824.474992 3.056800e-14 3.828250e+03 0.000000e+00
   3833.287283 2.535000e-14 3.837070e+03 0.000000e+00
   3842.129582 2.191200e-14 3.845920e+03 0.000000e+00
   3850.981884 3.543200e-14 3.854780e+03 0.000000e+00
   3859.854192 3.484300e-14 3.863670e+03 0.000000e+00
   3868.756508 3.731000e-14 3.872580e+03 0.000000e+00
   3877.678830 3.247400e-14 3.881500e+03 0.000000e+00
   3886.611156 3.237700e-14 3.890450e+03 0.000000e+00
   3895.573490 2.991900e-14 3.899420e+03 0.000000e+00
   3897.313943 3.989100e-14 3.901160e+03 1.000000e+00
   3899.084404 3.632000e-14 3.902930e+03 1.000000e+00
   3900.854865 3.900100e-14 3.904710e+03 1.000000e+00
   3902.635329 3.603700e-14 3.906480e+03 1.000000e+00
   3904.405790 3.046400e-14 3.908260e+03 1.000000e+00
   3906.176252 3.679700e-14 3.910040e+03 1.000000e+00
   3907.956715 3.744600e-14 3.911810e+03 1.000000e+00
   3909.727177 3.742300e-14 3.913590e+03 1.000000e+00
   3911.497638 4.104600e-14 3.915360e+03 1.000000e+00
   3913.278102 4.618500e-14 3.917140e+03 1.000000e+00
   3915.048563 3.918800e-14 3.918920e+03 1.000000e+00
   3916.829027 3.905900e-14 3.920690e+03 1.000000e+00
   3918.599489 3.929400e-14 3.922470e+03 1.000000e+00
   3920.369950 3.854100e-14 3.924240e+03 1.000000e+00
   3922.150414 3.257700e-14 3.926020e+03 1.000000e+00
   3923.920876 3.467000e-14 3.927800e+03 1.000000e+00
   3925.691337 3.152700e-14 3.929570e+03 1.000000e+00
   3927.471801 2.719800e-14 3.931350e+03 1.000000e+00
   3929.242263 2.273900e-14 3.933120e+03 1.000000e+00
   3931.022727 1.818400e-14 3.934900e+03 1.000000e+00
   3932.793188 1.678200e-14 3.936680e+03 1.000000e+00
   3934.563650 1.559400e-14 3.938450e+03 1.000000e+00
   3936.344114 1.864700e-14 3.940230e+03 1.000000e+00
   3938.114576 2.162200e-14 3.942000e+03 1.000000e+00
   3939.885037 2.432100e-14 3.943780e+03 1.000000e+00
   3941.665502 2.625700e-14 3.945560e+03 1.000000e+00
   3943.435963 2.793200e-14 3.947330e+03 1.000000e+00
   3945.206425 3.287600e-14 3.949110e+03 1.000000e+00
   3946.986890 3.495200e-14 3.950880e+03 1.000000e+00
   3948.757351 3.738400e-14 3.952660e+03 1.000000e+00
   3950.537816 3.832600e-14 3.954440e+03 1.000000e+00
   3952.308277 3.950500e-14 3.956210e+03 1.000000e+00
   3954.078739 4.178600e-14 3.957990e+03 1.000000e+00
   3955.859204 4.035400e-14 3.959760e+03 1.000000e+00
   3957.629666 3.762600e-14 3.961540e+03 1.000000e+00
   3959.400128 3.480800e-14 3.963320e+03 1.000000e+00
   3961.180592 3.115200e-14 3.965090e+03 1.000000e+00
   3962.951054 2.904600e-14 3.966870e+03 1.000000e+00
   3964.731519 2.592700e-14 3.968640e+03 1.000000e+00
   3966.501981 2.038500e-14 3.970420e+03 1.000000e+00
   3968.272443 1.679700e-14 3.972200e+03 1.000000e+00
   3970.052907 1.956700e-14 3.973970e+03 1.000000e+00
   3971.823369 2.555300e-14 3.975750e+03 1.000000e+00
   3973.593831 3.062500e-14 3.977520e+03 1.000000e+00
   3975.374296 3.048700e-14 3.979300e+03 1.000000e+00
   3977.144758 3.325200e-14 3.981070e+03 1.000000e+00
   3978.915220 4.053400e-14 3.982850e+03 1.000000e+00
   3980.695685 4.372900e-14 3.984630e+03 1.000000e+00
   3982.466147 4.548800e-14 3.986400e+03 1.000000e+00
   3984.246612 4.684700e-14 3.988180e+03 1.000000e+00
   3986.017074 4.758200e-14 3.989950e+03 1.000000e+00
   3987.787537 4.695600e-14 3.991730e+03 1.000000e+00
   3989.568002 4.632100e-14 3.993510e+03 1.000000e+00
   3991.338464 4.960200e-14 3.995280e+03 1.000000e+00
   3993.108926 5.048600e-14 3.997060e+03 1.000000e+00
   3994.889391 4.785500e-14 3.998830e+03 1.000000e+00
   3996.659853 4.848800e-14 4.000610e+03 1.000000e+00
   3998.440318 4.967800e-14 4.002390e+03 1.000000e+00
   4000.210781 5.296200e-14 4.004160e+03 1.000000e+00
   4001.981243 5.378100e-14 4.005940e+03 1.000000e+00
   4003.761708 5.226200e-14 4.007710e+03 1.000000e+00
   4005.532171 5.039800e-14 4.009490e+03 1.000000e+00
   4007.302633 4.898200e-14 4.011270e+03 1.000000e+00
   4009.083098 5.104300e-14 4.013040e+03 1.000000e+00
   4010.853561 5.349800e-14 4.014820e+03 1.000000e+00
   4012.624023 5.434400e-14 4.016590e+03 1.000000e+00
   4014.404489 5.557700e-14 4.018370e+03 1.000000e+00
   4016.174951 5.761400e-14 4.020150e+03 1.000000e+00
   4017.955416 5.817300e-14 4.021920e+03 1.000000e+00
   4019.725879 5.571500e-14 4.023700e+03 1.000000e+00
   4021.496342 5.600300e-14 4.025470e+03 1.000000e+00
   4023.276807 5.942600e-14 4.027250e+03 1.000000e+00
   4025.047270 5.761800e-14 4.029030e+03 1.000000e+00
   4026.817732 5.732400e-14 4.030800e+03 1.000000e+00
   4028.598198 5.452700e-14 4.032580e+03 1.000000e+00
   4030.368660 5.318800e-14 4.034350e+03 1.000000e+00
   4032.149126 5.411200e-14 4.036130e+03 1.000000e+00
   4033.919589 5.125000e-14 4.037910e+03 1.000000e+00
   4035.690051 5.241500e-14 4.039680e+03 1.000000e+00
   4037.470517 5.725500e-14 4.041460e+03 1.000000e+00
   4039.240980 5.520000e-14 4.043230e+03 1.000000e+00
   4041.011443 5.903400e-14 4.045010e+03 1.000000e+00
   4042.791908 5.329700e-14 4.046780e+03 1.000000e+00
   4044.562371 5.288700e-14 4.048560e+03 1.000000e+00
   4046.332834 5.093500e-14 4.050340e+03 1.000000e+00
   4048.113300 5.173400e-14 4.052110e+03 1.000000e+00
   4049.883763 5.532000e-14 4.053890e+03 1.000000e+00
   4051.664228 5.586200e-14 4.055660e+03 1.000000e+00
   4053.434691 5.756900e-14 4.057440e+03 1.000000e+00
   4055.205154 5.556700e-14 4.059220e+03 1.000000e+00
   4056.985620 5.371800e-14 4.060990e+03 1.000000e+00
   4058.756083 5.249500e-14 4.062770e+03 1.000000e+00
   4060.526546 5.239400e-14 4.064540e+03 1.000000e+00
   4062.307012 5.196300e-14 4.066320e+03 1.000000e+00
   4064.077475 4.791500e-14 4.068100e+03 1.000000e+00
   4065.857941 5.064200e-14 4.069870e+03 1.000000e+00
   4067.628404 5.260100e-14 4.071650e+03 1.000000e+00
   4069.398867 5.433500e-14 4.073420e+03 1.000000e+00
   4071.179333 5.630700e-14 4.075200e+03 1.000000e+00
   4072.949796 5.031400e-14 4.076980e+03 1.000000e+00
   4074.720259 5.222200e-14 4.078750e+03 1.000000e+00
   4076.500725 5.195800e-14 4.080530e+03 1.000000e+00
   4078.271189 5.141600e-14 4.082300e+03 1.000000e+00
   4080.051654 5.340900e-14 4.084080e+03 1.000000e+00
   4081.822118 5.543900e-14 4.085860e+03 1.000000e+00
   4083.592581 5.831100e-14 4.087630e+03 1.000000e+00
   4085.373047 5.379300e-14 4.089410e+03 1.000000e+00
   4087.143511 5.769100e-14 4.091180e+03 1.000000e+00
   4088.913974 5.905900e-14 4.092960e+03 1.000000e+00
   4090.694440 5.788500e-14 4.094730e+03 1.000000e+00
   4092.464903 5.810400e-14 4.096510e+03 1.000000e+00
   4094.235367 5.657700e-14 4.098290e+03 1.000000e+00
   4096.015833 5.737700e-14 4.100060e+03 1.000000e+00
   4097.786297 5.084900e-14 4.101840e+03 1.000000e+00
   4099.566763 4.712900e-14 4.103610e+03 1.000000e+00
   4101.337226 4.799900e-14 4.105390e+03 1.000000e+00
   4103.107690 4.663900e-14 4.107170e+03 1.000000e+00
   4104.888156 5.021800e-14 4.108940e+03 1.000000e+00
   4106.658620 5.169800e-14 4.110720e+03 1.000000e+00
   4108.429083 5.310400e-14 4.112490e+03 1.000000e+00
   4110.209550 5.298000e-14 4.114270e+03 1.000000e+00
   4111.980013 5.419100e-14 4.116050e+03 1.000000e+00
   4113.760479 5.808200e-14 4.117820e+03 1.000000e+00
   4115.530943 5.734600e-14 4.119600e+03 1.000000e+00
   4117.301407 5.584500e-14 4.121370e+03 1.000000e+00
   4119.081873 5.510000e-14 4.123150e+03 1.000000e+00
   4120.852337 5.620800e-14 4.124930e+03 1.000000e+00
   4122.622801 5.651100e-14 4.126700e+03 1.000000e+00
   4124.403267 5.677900e-14 4.128480e+03 1.000000e+00
   4126.173731 5.620400e-14 4.130250e+03 1.000000e+00
   4127.944195 5.693100e-14 4.132030e+03 1.000000e+00
   4129.724661 5.400600e-14 4.133810e+03 1.000000e+00
   4131.495125 5.234100e-14 4.135580e+03 1.000000e+00
   4133.275592 5.273400e-14 4.137360e+03 1.000000e+00
   4135.046056 5.581800e-14 4.139130e+03 1.000000e+00
   4136.816520 5.792500e-14 4.140910e+03 1.000000e+00
   4138.596986 5.783500e-14 4.142690e+03 1.000000e+00
   4140.367450 5.696400e-14 4.144460e+03 1.000000e+00
   4142.137914 5.449800e-14 4.146240e+03 1.000000e+00
   4143.918381 5.363600e-14 4.148010e+03 1.000000e+00
   4145.688845 5.308400e-14 4.149790e+03 1.000000e+00
   4147.469311 5.400300e-14 4.151560e+03 1.000000e+00
   4149.239775 5.520000e-14 4.153340e+03 1.000000e+00
   4151.010240 5.491300e-14 4.155120e+03 1.000000e+00
   4152.790706 5.423100e-14 4.156890e+03 1.000000e+00
   4154.561170 5.438300e-14 4.158670e+03 1.000000e+00
   4156.331634 5.646400e-14 4.160440e+03 1.000000e+00
   4158.112101 5.598400e-14 4.162220e+03 1.000000e+00
   4159.882565 5.603000e-14 4.164000e+03 1.000000e+00
   4161.653030 5.972900e-14 4.165770e+03 1.000000e+00
   4163.433496 5.753000e-14 4.167550e+03 1.000000e+00
   4165.203961 5.692900e-14 4.169320e+03 1.000000e+00
   4166.984428 5.907000e-14 4.171100e+03 1.000000e+00
   4168.754892 5.715400e-14 4.172880e+03 1.000000e+00
   4170.525356 5.456300e-14 4.174650e+03 1.000000e+00
   4172.305823 5.229300e-14 4.176430e+03 1.000000e+00
   4174.076287 5.132800e-14 4.178200e+03 1.000000e+00
   4175.846752 4.990200e-14 4.179980e+03 1.000000e+00
   4177.627219 5.190100e-14 4.181760e+03 1.000000e+00
   4179.397683 5.453400e-14 4.183530e+03 1.000000e+00
   4181.178150 5.590200e-14 4.185310e+03 1.000000e+00
   4182.948614 5.735000e-14 4.187080e+03 1.000000e+00
   4184.719079 5.650300e-14 4.188860e+03 1.000000e+00
   4186.499546 5.581400e-14 4.190640e+03 1.000000e+00
   4188.270010 5.727000e-14 4.192410e+03 1.000000e+00
   4190.040475 5.799800e-14 4.194190e+03 1.000000e+00
   4191.820942 5.884600e-14 4.195960e+03 1.000000e+00
   4193.591406 5.835800e-14 4.197740e+03 1.000000e+00
   4195.361871 5.747900e-14 4.199520e+03 1.000000e+00
   4197.142338 5.515700e-14 4.201290e+03 1.000000e+00
   4198.912803 5.197900e-14 4.203070e+03 1.000000e+00
   4200.693270 5.206300e-14 4.204840e+03 1.000000e+00
   4202.463735 5.354900e-14 4.206620e+03 1.000000e+00
   4204.234199 5.514900e-14 4.208400e+03 1.000000e+00
   4206.014666 5.656300e-14 4.210170e+03 1.000000e+00
   4207.785131 5.847400e-14 4.211950e+03 1.000000e+00
   4209.555596 6.053000e-14 4.213720e+03 1.000000e+00
   4211.336063 6.178600e-14 4.215500e+03 1.000000e+00
   4213.106528 6.037400e-14 4.217270e+03 1.000000e+00
   4214.886995 5.738700e-14 4.219050e+03 1.000000e+00
   4216.657460 5.786300e-14 4.220830e+03 1.000000e+00
   4218.427925 5.920900e-14 4.222600e+03 1.000000e+00
   4220.208392 5.870500e-14 4.224380e+03 1.000000e+00
   4221.978857 5.705000e-14 4.226150e+03 1.000000e+00
   4223.749322 5.482800e-14 4.227930e+03 1.000000e+00
   4225.529789 5.148600e-14 4.229710e+03 1.000000e+00
   4227.300254 4.885000e-14 4.231480e+03 1.000000e+00
   4229.070719 4.951100e-14 4.233260e+03 1.000000e+00
   4230.851186 5.238700e-14 4.235030e+03 1.000000e+00
   4232.621651 5.620900e-14 4.236810e+03 1.000000e+00
   4234.402119 5.611900e-14 4.238590e+03 1.000000e+00
   4236.172584 5.534600e-14 4.240360e+03 1.000000e+00
   4237.943049 5.625800e-14 4.242140e+03 1.000000e+00
   4239.723516 5.608900e-14 4.243910e+03 1.000000e+00
   4241.493981 5.969600e-14 4.245690e+03 1.000000e+00
   4243.264446 6.048600e-14 4.247470e+03 1.000000e+00
   4245.044914 5.978200e-14 4.249240e+03 1.000000e+00
   4246.815379 5.996700e-14 4.251020e+03 1.000000e+00
   4248.595846 5.804700e-14 4.252790e+03 1.000000e+00
   4250.366312 5.447200e-14 4.254570e+03 1.000000e+00
   4252.136777 5.429200e-14 4.256350e+03 1.000000e+00
   4253.917244 5.488200e-14 4.258120e+03 1.000000e+00
   4255.687709 5.566700e-14 4.259900e+03 1.000000e+00
   4257.458175 5.569400e-14 4.261670e+03 1.000000e+00
   4259.238642 5.586400e-14 4.263450e+03 1.000000e+00
   4261.009108 5.611600e-14 4.265230e+03 1.000000e+00
   4262.779573 5.802200e-14 4.267000e+03 1.000000e+00
   4264.560041 6.015700e-14 4.268780e+03 1.000000e+00
   4266.330506 6.101200e-14 4.270550e+03 1.000000e+00
   4268.110974 5.985400e-14 4.272330e+03 1.000000e+00
   4269.881439 5.470100e-14 4.274100e+03 1.000000e+00
   4271.651904 5.065900e-14 4.275880e+03 1.000000e+00
   4273.432372 4.970900e-14 4.277660e+03 1.000000e+00
   4275.202837 5.158200e-14 4.279430e+03 1.000000e+00
   4276.973303 5.440500e-14 4.281210e+03 1.000000e+00
   4278.753771 5.670800e-14 4.282980e+03 1.000000e+00
   4280.524236 5.857600e-14 4.284760e+03 1.000000e+00
   4282.304704 5.782300e-14 4.286540e+03 1.000000e+00
   4284.075169 5.645500e-14 4.288310e+03 1.000000e+00
   4285.845635 5.633800e-14 4.290090e+03 1.000000e+00
   4287.626103 5.306300e-14 4.291860e+03 1.000000e+00
   4289.396568 5.288300e-14 4.293640e+03 1.000000e+00
   4291.167034 5.376200e-14 4.295420e+03 1.000000e+00
   4292.947502 5.402100e-14 4.297190e+03 1.000000e+00
   4294.717967 5.254300e-14 4.298970e+03 1.000000e+00
   4296.488433 5.212100e-14 4.300740e+03 1.000000e+00
   4298.268901 4.929100e-14 4.302520e+03 1.000000e+00
   4300.039366 4.448200e-14 4.304300e+03 1.000000e+00
   4301.819835 4.354600e-14 4.306070e+03 1.000000e+00
   4303.590300 4.260200e-14 4.307850e+03 1.000000e+00
   4305.360766 4.116200e-14 4.309620e+03 1.000000e+00
   4307.141234 4.188700e-14 4.311400e+03 1.000000e+00
   4308.911700 4.324600e-14 4.313180e+03 1.000000e+00
   4310.682165 4.640500e-14 4.314950e+03 1.000000e+00
   4312.462634 5.001500e-14 4.316730e+03 1.000000e+00
   4314.233099 5.423800e-14 4.318500e+03 1.000000e+00
   4316.013567 6.062000e-14 4.320280e+03 1.000000e+00
   4317.784033 6.615300e-14 4.322060e+03 1.000000e+00
   4319.554499 6.942200e-14 4.323830e+03 1.000000e+00
   4321.334967 6.633800e-14 4.325610e+03 1.000000e+00
   4323.105433 6.130400e-14 4.327380e+03 1.000000e+00
   4324.875899 5.863400e-14 4.329160e+03 1.000000e+00
   4326.656367 5.701400e-14 4.330940e+03 1.000000e+00
   4328.426833 5.978200e-14 4.332710e+03 1.000000e+00
   4330.197299 6.310800e-14 4.334490e+03 1.000000e+00
   4331.977767 6.716400e-14 4.336260e+03 1.000000e+00
   4333.748233 6.742200e-14 4.338040e+03 1.000000e+00
   4335.528702 6.422900e-14 4.339810e+03 1.000000e+00
   4337.299167 6.236300e-14 4.341590e+03 1.000000e+00
   4339.069633 5.685800e-14 4.343370e+03 1.000000e+00
   4340.850102 5.551200e-14 4.345140e+03 1.000000e+00
   4342.620568 5.641400e-14 4.346920e+03 1.000000e+00
   4344.391034 6.044300e-14 4.348690e+03 1.000000e+00
   4346.171502 6.427400e-14 4.350470e+03 1.000000e+00
   4347.941968 6.352300e-14 4.352250e+03 1.000000e+00
   4349.722437 6.743600e-14 4.354020e+03 1.000000e+00
   4351.492903 6.348800e-14 4.355800e+03 1.000000e+00
   4353.263369 6.089500e-14 4.357570e+03 1.000000e+00
   4355.043837 6.336500e-14 4.359350e+03 1.000000e+00
   4356.814303 6.420600e-14 4.361130e+03 1.000000e+00
   4358.584770 6.557500e-14 4.362900e+03 1.000000e+00
   4360.365238 6.726200e-14 4.364680e+03 1.000000e+00
   4362.135704 6.946000e-14 4.366450e+03 1.000000e+00
   4363.916173 7.134200e-14 4.368230e+03 1.000000e+00
   4365.686639 7.070400e-14 4.370010e+03 1.000000e+00
   4367.457105 7.068100e-14 4.371780e+03 1.000000e+00
   4369.237574 6.982100e-14 4.373560e+03 1.000000e+00
   4371.008040 6.679100e-14 4.375330e+03 1.000000e+00
   4372.778506 6.478900e-14 4.377110e+03 1.000000e+00
   4374.558975 6.324400e-14 4.378890e+03 1.000000e+00
   4376.329441 6.374500e-14 4.380660e+03 1.000000e+00
   4378.099908 6.281000e-14 4.382440e+03 1.000000e+00
   4379.880377 6.202500e-14 4.384210e+03 1.000000e+00
   4381.650843 6.135900e-14 4.385990e+03 1.000000e+00
   4383.431312 5.742600e-14 4.387770e+03 1.000000e+00
   4385.201778 5.681700e-14 4.389540e+03 1.000000e+00
   4386.972244 5.753800e-14 4.391320e+03 1.000000e+00
   4388.752713 5.970000e-14 4.393090e+03 1.000000e+00
   4390.523180 6.066100e-14 4.394870e+03 1.000000e+00
   4392.293646 6.358200e-14 4.396650e+03 1.000000e+00
   4394.074115 6.426200e-14 4.398420e+03 1.000000e+00
   4395.844581 6.526200e-14 4.400200e+03 1.000000e+00
   4397.625050 6.612700e-14 4.401970e+03 1.000000e+00
   4399.395517 6.723500e-14 4.403750e+03 1.000000e+00
   4401.165983 6.670800e-14 4.405520e+03 1.000000e+00
   4402.946452 6.424800e-14 4.407300e+03 1.000000e+00
   4404.716919 6.089300e-14 4.409080e+03 1.000000e+00
   4406.487385 6.174400e-14 4.410850e+03 1.000000e+00
   4408.267854 6.246500e-14 4.412630e+03 1.000000e+00
   4410.038321 6.508400e-14 4.414400e+03 1.000000e+00
   4411.808787 6.894000e-14 4.416180e+03 1.000000e+00
   4413.589256 6.890000e-14 4.417960e+03 1.000000e+00
   4415.359723 6.892100e-14 4.419730e+03 1.000000e+00
   4417.140192 7.095600e-14 4.421510e+03 1.000000e+00
   4418.910659 7.102700e-14 4.423280e+03 1.000000e+00
   4420.681125 7.214700e-14 4.425060e+03 1.000000e+00
   4422.461594 6.909400e-14 4.426840e+03 1.000000e+00
   4424.232061 6.971300e-14 4.428610e+03 1.000000e+00
   4426.002528 7.085000e-14 4.430390e+03 1.000000e+00
   4427.782997 6.997900e-14 4.432160e+03 1.000000e+00
   4429.553464 6.979800e-14 4.433940e+03 1.000000e+00
   4431.333933 6.955400e-14 4.435720e+03 1.000000e+00
   4433.104400 6.980200e-14 4.437490e+03 1.000000e+00
   4434.874866 6.931300e-14 4.439270e+03 1.000000e+00
   4436.655336 6.923000e-14 4.441040e+03 1.000000e+00
   4438.425802 7.008600e-14 4.442820e+03 1.000000e+00
   4440.196269 7.208100e-14 4.444600e+03 1.000000e+00
   4441.976739 7.300700e-14 4.446370e+03 1.000000e+00
   4443.747205 7.140900e-14 4.448150e+03 1.000000e+00
   4445.517672 7.254900e-14 4.449920e+03 1.000000e+00
   4447.298142 7.214900e-14 4.451700e+03 1.000000e+00
   4449.068608 7.611300e-14 4.453480e+03 1.000000e+00
   4450.849078 7.325700e-14 4.455250e+03 1.000000e+00
   4452.619545 7.173900e-14 4.457030e+03 1.000000e+00
   4454.390011 7.163600e-14 4.458800e+03 1.000000e+00
   4456.170481 6.930600e-14 4.460580e+03 1.000000e+00
   4457.940948 6.741600e-14 4.462350e+03 1.000000e+00
   4459.711415 6.790900e-14 4.464130e+03 1.000000e+00
   4461.491884 7.058800e-14 4.465910e+03 1.000000e+00
   4463.262351 7.377000e-14 4.467680e+03 1.000000e+00
   4465.042821 6.987200e-14 4.469460e+03 1.000000e+00
   4466.813288 7.234100e-14 4.471230e+03 1.000000e+00
   4468.583755 7.491600e-14 4.473010e+03 1.000000e+00
   4470.364224 7.432700e-14 4.474790e+03 1.000000e+00
   4472.134691 7.518800e-14 4.476560e+03 1.000000e+00
   4473.905158 7.740100e-14 4.478340e+03 1.000000e+00
   4475.685628 7.886500e-14 4.480110e+03 1.000000e+00
   4477.456095 7.812300e-14 4.481890e+03 1.000000e+00
   4479.226562 7.772400e-14 4.483670e+03 1.000000e+00
   4481.007032 7.715100e-14 4.485440e+03 1.000000e+00
   4482.777499 7.540200e-14 4.487220e+03 1.000000e+00
   4484.557969 7.503600e-14 4.488990e+03 1.000000e+00
   4486.328436 7.773000e-14 4.490770e+03 1.000000e+00
   4488.098903 7.692500e-14 4.492550e+03 1.000000e+00
   4489.879373 7.901500e-14 4.494320e+03 1.000000e+00
   4491.649840 7.551000e-14 4.496100e+03 1.000000e+00
   4493.420307 7.358500e-14 4.497870e+03 1.000000e+00
   4495.200777 7.537400e-14 4.499650e+03 1.000000e+00
   4496.971244 7.748300e-14 4.501430e+03 1.000000e+00
   4498.751714 7.711600e-14 4.503200e+03 1.000000e+00
   4500.522181 7.888500e-14 4.504980e+03 1.000000e+00
   4502.292648 8.168500e-14 4.506750e+03 1.000000e+00
   4504.073118 8.457100e-14 4.508530e+03 1.000000e+00
   4505.843586 8.346900e-14 4.510310e+03 1.000000e+00
   4507.614053 8.443000e-14 4.512080e+03 1.000000e+00
   4509.394523 8.569900e-14 4.513860e+03 1.000000e+00
   4511.164990 8.266400e-14 4.515630e+03 1.000000e+00
   4512.935457 8.058200e-14 4.517410e+03 1.000000e+00
   4514.715927 8.130100e-14 4.519190e+03 1.000000e+00
   4516.486395 8.170200e-14 4.520960e+03 1.000000e+00
   4518.266865 7.979500e-14 4.522740e+03 1.000000e+00
   4520.037332 7.968300e-14 4.524510e+03 1.000000e+00
   4521.807799 7.896800e-14 4.526290e+03 1.000000e+00
   4523.588269 7.975600e-14 4.528060e+03 1.000000e+00
   4525.358737 7.637300e-14 4.529840e+03 1.000000e+00
   4527.129204 7.419900e-14 4.531620e+03 1.000000e+00
   4528.909674 7.092800e-14 4.533390e+03 1.000000e+00
   4530.680142 7.031400e-14 4.535170e+03 1.000000e+00
   4532.460612 7.117800e-14 4.536940e+03 1.000000e+00
   4534.231079 7.303000e-14 4.538720e+03 1.000000e+00
   4536.001547 7.498800e-14 4.540500e+03 1.000000e+00
   4537.782017 7.720700e-14 4.542270e+03 1.000000e+00
   4539.552485 7.937100e-14 4.544050e+03 1.000000e+00
   4541.322952 8.041200e-14 4.545820e+03 1.000000e+00
   4543.103422 7.822300e-14 4.547600e+03 1.000000e+00
   4544.873890 7.838800e-14 4.549380e+03 1.000000e+00
   4546.654360 7.665300e-14 4.551150e+03 1.000000e+00
   4548.424828 7.562400e-14 4.552930e+03 1.000000e+00
   4550.195295 7.551900e-14 4.554700e+03 1.000000e+00
   4551.975766 7.501600e-14 4.556480e+03 1.000000e+00
   4553.746233 7.486100e-14 4.558260e+03 1.000000e+00
   4555.516701 7.883900e-14 4.560030e+03 1.000000e+00
   4557.297171 7.937100e-14 4.561810e+03 1.000000e+00
   4559.067639 8.357100e-14 4.563580e+03 1.000000e+00
   4560.838106 8.204200e-14 4.565360e+03 1.000000e+00
   4562.618577 7.965000e-14 4.567140e+03 1.000000e+00
   4564.389044 8.246900e-14 4.568910e+03 1.000000e+00
   4566.169515 8.382800e-14 4.570690e+03 1.000000e+00
   4567.939983 8.253300e-14 4.572460e+03 1.000000e+00
   4569.710450 8.365800e-14 4.574240e+03 1.000000e+00
   4571.490921 8.379900e-14 4.576020e+03 1.000000e+00
   4573.261388 8.266200e-14 4.577790e+03 1.000000e+00
   4575.031856 8.216500e-14 4.579570e+03 1.000000e+00
   4576.812327 8.563500e-14 4.581340e+03 1.000000e+00
   4578.582795 8.166900e-14 4.583120e+03 1.000000e+00
   4580.363265 8.134600e-14 4.584900e+03 1.000000e+00
   4582.133733 7.915300e-14 4.586670e+03 1.000000e+00
   4583.904201 7.850200e-14 4.588450e+03 1.000000e+00
   4585.684671 7.853900e-14 4.590220e+03 1.000000e+00
   4587.455139 7.859400e-14 4.592000e+03 1.000000e+00
   4589.225607 8.175600e-14 4.593770e+03 1.000000e+00
   4591.006077 8.128500e-14 4.595550e+03 1.000000e+00
   4592.776545 8.088300e-14 4.597330e+03 1.000000e+00
   4594.547013 8.014700e-14 4.599100e+03 1.000000e+00
   4596.327484 7.857300e-14 4.600880e+03 1.000000e+00
   4598.097952 7.808100e-14 4.602650e+03 1.000000e+00
   4599.878422 7.843100e-14 4.604430e+03 1.000000e+00
   4601.648890 7.817500e-14 4.606210e+03 1.000000e+00
   4603.419358 7.871200e-14 4.607980e+03 1.000000e+00
   4605.199829 8.060800e-14 4.609760e+03 1.000000e+00
   4606.970297 8.340600e-14 4.611530e+03 1.000000e+00
   4608.740765 8.362300e-14 4.613310e+03 1.000000e+00
   4610.521236 8.454400e-14 4.615090e+03 1.000000e+00
   4612.291704 8.488400e-14 4.616860e+03 1.000000e+00
   4614.072175 8.662700e-14 4.618640e+03 1.000000e+00
   4615.842643 8.390200e-14 4.620410e+03 1.000000e+00
   4617.613111 8.328600e-14 4.622190e+03 1.000000e+00
   4619.393582 8.580300e-14 4.623970e+03 1.000000e+00
   4621.164050 8.641400e-14 4.625740e+03 1.000000e+00
   4622.934518 8.626200e-14 4.627520e+03 1.000000e+00
   4624.714989 8.691100e-14 4.629290e+03 1.000000e+00
   4626.485457 8.443200e-14 4.631070e+03 1.000000e+00
   4628.255925 8.472400e-14 4.632850e+03 1.000000e+00
   4630.036396 8.581400e-14 4.634620e+03 1.000000e+00
   4631.806864 8.486700e-14 4.636400e+03 1.000000e+00
   4633.587335 8.382800e-14 4.638170e+03 1.000000e+00
   4635.357803 8.334100e-14 4.639950e+03 1.000000e+00
   4637.128271 8.262300e-14 4.641730e+03 1.000000e+00
   4638.908742 8.128800e-14 4.643500e+03 1.000000e+00
   4640.679210 8.110000e-14 4.645280e+03 1.000000e+00
   4642.449679 8.178000e-14 4.647050e+03 1.000000e+00
   4644.230150 8.248200e-14 4.648830e+03 1.000000e+00
   4646.000618 7.981400e-14 4.650600e+03 1.000000e+00
   4647.781089 7.646900e-14 4.652380e+03 1.000000e+00
   4649.551557 7.838200e-14 4.654160e+03 1.000000e+00
   4651.322025 7.953500e-14 4.655930e+03 1.000000e+00
   4653.102496 8.133700e-14 4.657710e+03 1.000000e+00
   4654.872965 8.278500e-14 4.659480e+03 1.000000e+00
   4656.643433 8.177400e-14 4.661260e+03 1.000000e+00
   4658.423904 8.332300e-14 4.663040e+03 1.000000e+00
   4660.194373 8.425500e-14 4.664810e+03 1.000000e+00
   4661.964841 8.501800e-14 4.666590e+03 1.000000e+00
   4663.745312 8.153900e-14 4.668360e+03 1.000000e+00
   4665.515780 7.860900e-14 4.670140e+03 1.000000e+00
   4667.296251 7.734500e-14 4.671920e+03 1.000000e+00
   4669.066720 7.696500e-14 4.673690e+03 1.000000e+00
   4670.837188 7.576100e-14 4.675470e+03 1.000000e+00
   4672.617660 7.950300e-14 4.677240e+03 1.000000e+00
   4674.388128 8.268500e-14 4.679020e+03 1.000000e+00
   4676.158597 8.335000e-14 4.680800e+03 1.000000e+00
   4677.939068 8.116400e-14 4.682570e+03 1.000000e+00
   4679.709536 8.165800e-14 4.684350e+03 1.000000e+00
   4681.490007 8.070700e-14 4.686120e+03 1.000000e+00
   4683.260476 8.084100e-14 4.687900e+03 1.000000e+00
   4685.030944 8.178400e-14 4.689680e+03 1.000000e+00
   4686.811416 8.107500e-14 4.691450e+03 1.000000e+00
   4688.581884 8.316800e-14 4.693230e+03 1.000000e+00
   4690.352353 8.305200e-14 4.695000e+03 1.000000e+00
   4692.132824 8.170500e-14 4.696780e+03 1.000000e+00
   4693.903293 8.125300e-14 4.698560e+03 1.000000e+00
   4695.673761 8.254000e-14 4.700330e+03 1.000000e+00
   4697.454233 8.268100e-14 4.702110e+03 1.000000e+00
   4699.224701 8.097600e-14 4.703880e+03 1.000000e+00
   4701.005173 7.876700e-14 4.705660e+03 1.000000e+00
   4702.775641 7.721300e-14 4.707440e+03 1.000000e+00
   4704.546110 7.714700e-14 4.709210e+03 1.000000e+00
   4706.326581 7.899900e-14 4.710990e+03 1.000000e+00
   4708.097050 8.040100e-14 4.712760e+03 1.000000e+00
   4709.867519 7.931300e-14 4.714540e+03 1.000000e+00
   4711.647990 8.189200e-14 4.716310e+03 1.000000e+00
   4713.418459 8.241500e-14 4.718090e+03 1.000000e+00
   4715.198930 8.247300e-14 4.719870e+03 1.000000e+00
   4716.969399 8.350600e-14 4.721640e+03 1.000000e+00
   4718.739868 8.504700e-14 4.723420e+03 1.000000e+00
   4720.520339 8.578700e-14 4.725190e+03 1.000000e+00
   4722.290808 8.652900e-14 4.726970e+03 1.000000e+00
   4724.061277 8.875700e-14 4.728750e+03 1.000000e+00
   4725.841748 8.560800e-14 4.730520e+03 1.000000e+00
   4727.612217 8.470700e-14 4.732300e+03 1.000000e+00
   4729.382686 8.273900e-14 4.734070e+03 1.000000e+00
   4731.163158 8.073100e-14 4.735850e+03 1.000000e+00
   4732.933627 8.119900e-14 4.737630e+03 1.000000e+00
   4734.714098 8.219800e-14 4.739400e+03 1.000000e+00
   4736.484567 8.236100e-14 4.741180e+03 1.000000e+00
   4738.255036 8.372400e-14 4.742950e+03 1.000000e+00
   4740.035507 8.383200e-14 4.744730e+03 1.000000e+00
   4741.805976 8.412800e-14 4.746510e+03 1.000000e+00
   4743.576445 8.485500e-14 4.748280e+03 1.000000e+00
   4745.356917 8.508200e-14 4.750060e+03 1.000000e+00
   4747.127386 8.815300e-14 4.751830e+03 1.000000e+00
   4748.907858 8.730000e-14 4.753610e+03 1.000000e+00
   4750.678327 8.740000e-14 4.755390e+03 1.000000e+00
   4752.448796 8.811300e-14 4.757160e+03 1.000000e+00
   4754.229267 8.580700e-14 4.758940e+03 1.000000e+00
   4755.999736 8.362200e-14 4.760710e+03 1.000000e+00
   4757.770205 8.519600e-14 4.762490e+03 1.000000e+00
   4759.550677 8.451400e-14 4.764270e+03 1.000000e+00
   4761.321146 8.336500e-14 4.766040e+03 1.000000e+00
   4763.101618 8.229300e-14 4.767820e+03 1.000000e+00
   4764.872087 7.980700e-14 4.769590e+03 1.000000e+00
   4766.642556 8.204700e-14 4.771370e+03 1.000000e+00
   4768.423028 8.226400e-14 4.773150e+03 1.000000e+00
   4770.193497 8.295100e-14 4.774920e+03 1.000000e+00
   4771.963966 8.398000e-14 4.776700e+03 1.000000e+00
   4773.744438 8.492700e-14 4.778470e+03 1.000000e+00
   4775.514907 8.721100e-14 4.780250e+03 1.000000e+00
   4777.285376 8.562200e-14 4.782020e+03 1.000000e+00
   4779.065848 8.566700e-14 4.783800e+03 1.000000e+00
   4780.836317 8.587700e-14 4.785580e+03 1.000000e+00
   4782.616789 8.406300e-14 4.787350e+03 1.000000e+00
   4784.387258 8.445700e-14 4.789130e+03 1.000000e+00
   4786.157727 8.321100e-14 4.790900e+03 1.000000e+00
   4787.938199 8.396400e-14 4.792680e+03 1.000000e+00
   4789.708668 8.357500e-14 4.794460e+03 1.000000e+00
   4791.479138 8.426900e-14 4.796230e+03 1.000000e+00
   4793.259610 8.695900e-14 4.798010e+03 1.000000e+00
   4795.030079 8.785100e-14 4.799780e+03 1.000000e+00
   4796.810551 8.697600e-14 4.801560e+03 1.000000e+00
   4798.581020 8.754300e-14 4.803340e+03 1.000000e+00
   4800.351489 8.753700e-14 4.805110e+03 1.000000e+00
   4802.131961 8.716500e-14 4.806890e+03 1.000000e+00
   4803.902431 8.501100e-14 4.808660e+03 1.000000e+00
   4805.672900 8.548300e-14 4.810440e+03 1.000000e+00
   4807.453372 8.742400e-14 4.812220e+03 1.000000e+00
   4809.223841 8.612700e-14 4.813990e+03 1.000000e+00
   4810.994311 8.713700e-14 4.815770e+03 1.000000e+00
   4812.774783 8.807300e-14 4.817540e+03 1.000000e+00
   4814.545252 8.775300e-14 4.819320e+03 1.000000e+00
   4816.325724 8.707800e-14 4.821100e+03 1.000000e+00
   4818.096194 8.855800e-14 4.822870e+03 1.000000e+00
   4819.866663 8.941900e-14 4.824650e+03 1.000000e+00
   4821.647135 8.791500e-14 4.826420e+03 1.000000e+00
   4823.417605 8.591500e-14 4.828200e+03 1.000000e+00
   4825.188074 8.618700e-14 4.829980e+03 1.000000e+00
   4826.968546 8.627500e-14 4.831750e+03 1.000000e+00
   4828.739016 8.479800e-14 4.833530e+03 1.000000e+00
   4830.509485 8.509900e-14 4.835300e+03 1.000000e+00
   4832.289957 8.555200e-14 4.837080e+03 1.000000e+00
   4834.060427 8.492900e-14 4.838850e+03 1.000000e+00
   4835.840899 8.477800e-14 4.840630e+03 1.000000e+00
   4837.611368 8.513200e-14 4.842410e+03 1.000000e+00
   4839.381838 8.358400e-14 4.844180e+03 1.000000e+00
   4841.162310 8.385200e-14 4.845960e+03 1.000000e+00
   4842.932780 8.449800e-14 4.847730e+03 1.000000e+00
   4844.703249 8.383400e-14 4.849510e+03 1.000000e+00
   4846.483722 8.429600e-14 4.851290e+03 1.000000e+00
   4848.254191 8.426100e-14 4.853060e+03 1.000000e+00
   4850.034663 8.520900e-14 4.854840e+03 1.000000e+00
   4851.805133 8.318700e-14 4.856610e+03 1.000000e+00
   4853.575603 8.226600e-14 4.858390e+03 1.000000e+00
   4855.356075 8.160600e-14 4.860170e+03 1.000000e+00
   4857.126545 7.806500e-14 4.861940e+03 1.000000e+00
   4858.897014 7.577100e-14 4.863720e+03 1.000000e+00
   4860.677487 7.375000e-14 4.865490e+03 1.000000e+00
   4862.447956 7.269600e-14 4.867270e+03 1.000000e+00
   4864.228429 7.352000e-14 4.869050e+03 1.000000e+00
   4865.998898 7.613900e-14 4.870820e+03 1.000000e+00
   4867.769368 7.668300e-14 4.872600e+03 1.000000e+00
   4869.549840 7.823700e-14 4.874370e+03 1.000000e+00
   4871.320310 7.652300e-14 4.876150e+03 1.000000e+00
   4873.090780 7.652600e-14 4.877930e+03 1.000000e+00
   4874.871252 7.855100e-14 4.879700e+03 1.000000e+00
   4876.641722 8.056000e-14 4.881480e+03 1.000000e+00
   4878.412192 8.114500e-14 4.883250e+03 1.000000e+00
   4880.192664 8.236300e-14 4.885030e+03 1.000000e+00
   4881.963134 8.318000e-14 4.886810e+03 1.000000e+00
   4883.743607 8.220100e-14 4.888580e+03 1.000000e+00
   4885.514076 8.237300e-14 4.890360e+03 1.000000e+00
   4887.284546 8.082200e-14 4.892130e+03 1.000000e+00
   4889.065019 7.942800e-14 4.893910e+03 1.000000e+00
   4890.835489 7.984800e-14 4.895690e+03 1.000000e+00
   4892.605958 8.247800e-14 4.897460e+03 1.000000e+00
   4894.386431 8.527300e-14 4.899240e+03 1.000000e+00
   4896.156901 8.847000e-14 4.901010e+03 1.000000e+00
   4897.937373 8.978600e-14 4.902790e+03 1.000000e+00
   4899.707843 8.897800e-14 4.904560e+03 1.000000e+00
   4901.478313 8.808800e-14 4.906340e+03 1.000000e+00
   4903.258786 8.685800e-14 4.908120e+03 1.000000e+00
   4905.029256 8.884300e-14 4.909890e+03 1.000000e+00
   4906.799726 8.923200e-14 4.911670e+03 1.000000e+00
   4908.580198 8.688800e-14 4.913440e+03 1.000000e+00
   4910.350668 8.434600e-14 4.915220e+03 1.000000e+00
   4912.131141 8.551800e-14 4.917000e+03 1.000000e+00
   4913.901611 8.498200e-14 4.918770e+03 1.000000e+00
   4915.672081 8.451200e-14 4.920550e+03 1.000000e+00
   4917.452553 8.308400e-14 4.922320e+03 1.000000e+00
   4919.223023 7.977600e-14 4.924100e+03 1.000000e+00
   4920.993493 7.699600e-14 4.925880e+03 1.000000e+00
   4922.773966 7.914300e-14 4.927650e+03 1.000000e+00
   4924.544436 8.206300e-14 4.929430e+03 1.000000e+00
   4926.314906 8.475400e-14 4.931200e+03 1.000000e+00
   4928.095379 8.734400e-14 4.932980e+03 1.000000e+00
   4929.865849 8.917900e-14 4.934760e+03 1.000000e+00
   4931.646322 8.972500e-14 4.936530e+03 1.000000e+00
   4933.416792 8.870000e-14 4.938310e+03 1.000000e+00
   4935.187262 8.549500e-14 4.940080e+03 1.000000e+00
   4936.967735 8.101100e-14 4.941860e+03 1.000000e+00
   4938.738205 8.192300e-14 4.943640e+03 1.000000e+00
   4940.508675 8.551500e-14 4.945410e+03 1.000000e+00
   4942.289148 8.715600e-14 4.947190e+03 1.000000e+00
   4944.059618 8.860700e-14 4.948960e+03 1.000000e+00
   4945.830088 9.042500e-14 4.950740e+03 1.000000e+00
   4947.610561 9.184100e-14 4.952520e+03 1.000000e+00
   4949.381031 9.234300e-14 4.954290e+03 1.000000e+00
   4951.161504 9.130600e-14 4.956070e+03 1.000000e+00
   4952.931974 9.002600e-14 4.957840e+03 1.000000e+00
   4954.702444 9.005500e-14 4.959620e+03 1.000000e+00
   4956.482917 8.771600e-14 4.961400e+03 1.000000e+00
   4958.253387 8.645000e-14 4.963170e+03 1.000000e+00
   4960.023858 8.844400e-14 4.964950e+03 1.000000e+00
   4961.804331 9.011400e-14 4.966720e+03 1.000000e+00
   4963.574801 8.969300e-14 4.968500e+03 1.000000e+00
   4965.355274 8.733500e-14 4.970270e+03 1.000000e+00
   4967.125744 8.627700e-14 4.972050e+03 1.000000e+00
   4968.896214 8.581400e-14 4.973830e+03 1.000000e+00
   4970.676687 8.658500e-14 4.975600e+03 1.000000e+00
   4972.447158 8.872500e-14 4.977380e+03 1.000000e+00
   4974.217628 8.853800e-14 4.979150e+03 1.000000e+00
   4975.998101 8.782100e-14 4.980930e+03 1.000000e+00
   4977.768571 8.756500e-14 4.982710e+03 1.000000e+00
   4979.549044 8.461800e-14 4.984480e+03 1.000000e+00
   4981.319515 8.165400e-14 4.986260e+03 1.000000e+00
   4983.089985 8.005900e-14 4.988030e+03 1.000000e+00
   4984.870458 8.026400e-14 4.989810e+03 1.000000e+00
   4986.640928 8.253400e-14 4.991590e+03 1.000000e+00
   4988.411399 8.476500e-14 4.993360e+03 1.000000e+00
   4990.191872 8.540200e-14 4.995140e+03 1.000000e+00
   4991.962342 8.601300e-14 4.996910e+03 1.000000e+00
   4993.732813 8.665100e-14 4.998690e+03 1.000000e+00
   4995.513286 8.673600e-14 5.000470e+03 1.000000e+00
   4997.283756 8.541300e-14 5.002240e+03 1.000000e+00
   4999.064229 8.408600e-14 5.004020e+03 1.000000e+00
   5000.834700 8.361000e-14 5.005790e+03 1.000000e+00
   5002.605170 8.466800e-14 5.007570e+03 1.000000e+00
   5004.385643 8.842700e-14 5.009350e+03 1.000000e+00
   5006.156114 9.136300e-14 5.011120e+03 1.000000e+00
   5007.926584 9.164800e-14 5.012900e+03 1.000000e+00
   5009.707058 8.962200e-14 5.014670e+03 1.000000e+00
   5011.477528 8.538300e-14 5.016450e+03 1.000000e+00
   5013.258001 8.114400e-14 5.018230e+03 1.000000e+00
   5015.028472 7.874700e-14 5.020000e+03 1.000000e+00
   5016.798942 7.808700e-14 5.021780e+03 1.000000e+00
   5018.579416 7.842700e-14 5.023550e+03 1.000000e+00
   5020.349886 7.906400e-14 5.025330e+03 1.000000e+00
   5022.120357 8.068800e-14 5.027100e+03 1.000000e+00
   5023.900830 8.102700e-14 5.028880e+03 1.000000e+00
   5025.671301 8.189300e-14 5.030660e+03 1.000000e+00
   5027.451774 8.263700e-14 5.032430e+03 1.000000e+00
   5029.222244 8.313000e-14 5.034210e+03 1.000000e+00
   5030.992715 8.466500e-14 5.035980e+03 1.000000e+00
   5032.773188 8.606600e-14 5.037760e+03 1.000000e+00
   5034.543659 8.533300e-14 5.039540e+03 1.000000e+00
   5036.314130 8.226100e-14 5.041310e+03 1.000000e+00
   5038.094603 8.047100e-14 5.043090e+03 1.000000e+00
   5039.865074 7.816700e-14 5.044860e+03 1.000000e+00
   5041.635544 7.785700e-14 5.046640e+03 1.000000e+00
   5043.416018 8.044200e-14 5.048420e+03 1.000000e+00
   5045.186488 8.291200e-14 5.050190e+03 1.000000e+00
   5046.966962 8.436600e-14 5.051970e+03 1.000000e+00
   5048.737432 8.510300e-14 5.053740e+03 1.000000e+00
   5050.507903 8.423300e-14 5.055520e+03 1.000000e+00
   5052.288377 8.374600e-14 5.057300e+03 1.000000e+00
   5054.058847 8.525800e-14 5.059070e+03 1.000000e+00
   5055.829318 8.549200e-14 5.060850e+03 1.000000e+00
   5057.609791 8.726500e-14 5.062620e+03 1.000000e+00
   5059.380262 8.871200e-14 5.064400e+03 1.000000e+00
   5061.150733 8.757800e-14 5.066180e+03 1.000000e+00
   5062.931206 8.667400e-14 5.067950e+03 1.000000e+00
   5064.701677 8.512800e-14 5.069730e+03 1.000000e+00
   5066.482151 8.368400e-14 5.071500e+03 1.000000e+00
   5068.252622 8.319300e-14 5.073280e+03 1.000000e+00
   5070.023092 8.442900e-14 5.075060e+03 1.000000e+00
   5071.803566 8.356200e-14 5.076830e+03 1.000000e+00
   5073.574037 8.276300e-14 5.078610e+03 1.000000e+00
   5075.344508 8.177100e-14 5.080380e+03 1.000000e+00
   5077.124981 8.147200e-14 5.082160e+03 1.000000e+00
   5078.895452 8.142900e-14 5.083940e+03 1.000000e+00
   5080.675926 8.093600e-14 5.085710e+03 1.000000e+00
   5082.446396 7.980100e-14 5.087490e+03 1.000000e+00
   5084.216867 8.071000e-14 5.089260e+03 1.000000e+00
   5085.997341 8.282400e-14 5.091040e+03 1.000000e+00
   5087.767812 8.383600e-14 5.092810e+03 1.000000e+00
   5089.538283 8.605600e-14 5.094590e+03 1.000000e+00
   5091.318756 8.678100e-14 5.096370e+03 1.000000e+00
   5093.089227 8.574700e-14 5.098140e+03 1.000000e+00
   5094.859698 8.695900e-14 5.099920e+03 1.000000e+00
   5096.640172 8.484000e-14 5.101690e+03 1.000000e+00
   5098.410643 8.184100e-14 5.103470e+03 1.000000e+00
   5100.191116 8.234700e-14 5.105250e+03 1.000000e+00
   5101.961587 8.279800e-14 5.107020e+03 1.000000e+00
   5103.732058 8.253300e-14 5.108800e+03 1.000000e+00
   5105.512532 8.357900e-14 5.110570e+03 1.000000e+00
   5107.283003 8.324600e-14 5.112350e+03 1.000000e+00
   5109.053474 8.190600e-14 5.114130e+03 1.000000e+00
   5110.833948 7.973800e-14 5.115900e+03 1.000000e+00
   5112.604419 8.223300e-14 5.117680e+03 1.000000e+00
   5114.384893 8.426300e-14 5.119450e+03 1.000000e+00
   5116.155364 8.636200e-14 5.121230e+03 1.000000e+00
   5117.925835 8.708600e-14 5.123010e+03 1.000000e+00
   5119.706308 8.572200e-14 5.124780e+03 1.000000e+00
   5121.476780 8.377600e-14 5.126560e+03 1.000000e+00
   5123.247251 8.150400e-14 5.128330e+03 1.000000e+00
   5125.027724 7.950500e-14 5.130110e+03 1.000000e+00
   5126.798195 7.844700e-14 5.131890e+03 1.000000e+00
   5128.578669 7.858300e-14 5.133660e+03 1.000000e+00
   5130.349140 7.945100e-14 5.135440e+03 1.000000e+00
   5132.119612 8.140500e-14 5.137210e+03 1.000000e+00
   5133.900085 8.072000e-14 5.138990e+03 1.000000e+00
   5135.670556 8.338400e-14 5.140770e+03 1.000000e+00
   5137.441028 8.258400e-14 5.142540e+03 1.000000e+00
   5139.221501 8.242200e-14 5.144320e+03 1.000000e+00
   5140.991973 8.041900e-14 5.146090e+03 1.000000e+00
   5142.762444 7.964100e-14 5.147870e+03 1.000000e+00
   5144.542918 8.037200e-14 5.149650e+03 1.000000e+00
   5146.313389 8.057100e-14 5.151420e+03 1.000000e+00
   5148.093863 7.969000e-14 5.153200e+03 1.000000e+00
   5149.864334 7.909300e-14 5.154970e+03 1.000000e+00
   5151.634805 7.968800e-14 5.156750e+03 1.000000e+00
   5153.415279 8.015300e-14 5.158520e+03 1.000000e+00
   5155.185750 8.263100e-14 5.160300e+03 1.000000e+00
   5156.956222 8.287300e-14 5.162080e+03 1.000000e+00
   5158.736696 8.289500e-14 5.163850e+03 1.000000e+00
   5160.507167 8.637500e-14 5.165630e+03 1.000000e+00
   5162.287641 8.383900e-14 5.167400e+03 1.000000e+00
   5164.058112 7.877900e-14 5.169180e+03 1.000000e+00
   5165.828583 7.546400e-14 5.170960e+03 1.000000e+00
   5167.609057 6.977400e-14 5.172730e+03 1.000000e+00
   5169.379529 6.571400e-14 5.174510e+03 1.000000e+00
   5171.150000 6.393200e-14 5.176280e+03 1.000000e+00
   5172.930474 6.336800e-14 5.178060e+03 1.000000e+00
   5174.700945 6.791800e-14 5.179840e+03 1.000000e+00
   5176.471417 7.320600e-14 5.181610e+03 1.000000e+00
   5178.251891 7.589100e-14 5.183390e+03 1.000000e+00
   5180.022362 7.578900e-14 5.185160e+03 1.000000e+00
   5181.802836 7.317100e-14 5.186940e+03 1.000000e+00
   5183.573308 6.902100e-14 5.188720e+03 1.000000e+00
   5185.343779 6.899400e-14 5.190490e+03 1.000000e+00
   5187.124253 7.309900e-14 5.192270e+03 1.000000e+00
   5188.894724 7.676400e-14 5.194040e+03 1.000000e+00
   5190.665196 7.910300e-14 5.195820e+03 1.000000e+00
   5192.445670 8.058600e-14 5.197600e+03 1.000000e+00
   5194.216141 8.009200e-14 5.199370e+03 1.000000e+00
   5195.986613 8.148500e-14 5.201150e+03 1.000000e+00
   5197.767087 8.309300e-14 5.202920e+03 1.000000e+00
   5199.537558 8.519400e-14 5.204700e+03 1.000000e+00
   5201.318033 8.516700e-14 5.206480e+03 1.000000e+00
   5203.088504 8.291300e-14 5.208250e+03 1.000000e+00
   5204.858976 8.066800e-14 5.210030e+03 1.000000e+00
   5206.639450 7.692400e-14 5.211800e+03 1.000000e+00
   5208.409921 7.690500e-14 5.213580e+03 1.000000e+00
   5210.180393 7.711900e-14 5.215350e+03 1.000000e+00
   5211.960867 8.057200e-14 5.217130e+03 1.000000e+00
   5213.731338 8.277200e-14 5.218910e+03 1.000000e+00
   5215.511813 8.388700e-14 5.220680e+03 1.000000e+00
   5217.282284 8.679500e-14 5.222460e+03 1.000000e+00
   5219.052756 8.803600e-14 5.224230e+03 1.000000e+00
   5220.833230 8.744800e-14 5.226010e+03 1.000000e+00
   5222.603702 8.614900e-14 5.227790e+03 1.000000e+00
   5224.374173 8.394600e-14 5.229560e+03 1.000000e+00
   5226.154647 8.136200e-14 5.231340e+03 1.000000e+00
   5227.925119 8.118300e-14 5.233110e+03 1.000000e+00
   5229.705593 8.308200e-14 5.234890e+03 1.000000e+00
   5231.476065 8.386700e-14 5.236670e+03 1.000000e+00
   5233.246536 8.546100e-14 5.238440e+03 1.000000e+00
   5235.027011 8.797300e-14 5.240220e+03 1.000000e+00
   5236.797482 8.813800e-14 5.241990e+03 1.000000e+00
   5238.567954 8.903000e-14 5.243770e+03 1.000000e+00
   5240.348428 9.124300e-14 5.245550e+03 1.000000e+00
   5242.118900 9.164000e-14 5.247320e+03 1.000000e+00
   5243.889372 9.086000e-14 5.249100e+03 1.000000e+00
   5245.669846 9.033700e-14 5.250870e+03 1.000000e+00
   5247.440318 8.798400e-14 5.252650e+03 1.000000e+00
   5249.220792 8.755800e-14 5.254430e+03 1.000000e+00
   5250.991264 8.596200e-14 5.256200e+03 1.000000e+00
   5252.761735 8.498300e-14 5.257980e+03 1.000000e+00
   5254.542210 8.675000e-14 5.259750e+03 1.000000e+00
   5256.312682 8.927900e-14 5.261530e+03 1.000000e+00
   5258.083153 9.039900e-14 5.263310e+03 1.000000e+00
   5259.863628 8.907400e-14 5.265080e+03 1.000000e+00
   5261.634099 8.695600e-14 5.266860e+03 1.000000e+00
   5263.414574 8.388800e-14 5.268630e+03 1.000000e+00
   5265.185046 7.955900e-14 5.270410e+03 1.000000e+00
   5266.955517 7.660000e-14 5.272190e+03 1.000000e+00
   5268.735992 7.577500e-14 5.273960e+03 1.000000e+00
   5270.506464 7.604600e-14 5.275740e+03 1.000000e+00
   5272.276935 7.883300e-14 5.277510e+03 1.000000e+00
   5274.057410 8.176900e-14 5.279290e+03 1.000000e+00
   5275.827882 8.621800e-14 5.281060e+03 1.000000e+00
   5277.598354 8.883100e-14 5.282840e+03 1.000000e+00
   5279.378828 8.961700e-14 5.284620e+03 1.000000e+00
   5281.149300 9.085900e-14 5.286390e+03 1.000000e+00
   5282.929774 8.944300e-14 5.288170e+03 1.000000e+00
   5284.700246 8.940400e-14 5.289940e+03 1.000000e+00
   5286.470718 9.067500e-14 5.291720e+03 1.000000e+00
   5288.251193 9.299500e-14 5.293500e+03 1.000000e+00
   5290.021665 9.596400e-14 5.295270e+03 1.000000e+00
   5291.792136 9.592500e-14 5.297050e+03 1.000000e+00
   5293.572611 9.463100e-14 5.298820e+03 1.000000e+00
   5295.343083 9.223800e-14 5.300600e+03 1.000000e+00
   5297.123557 8.906900e-14 5.302380e+03 1.000000e+00
   5298.894029 8.847500e-14 5.304150e+03 1.000000e+00
   5300.664501 8.857400e-14 5.305930e+03 1.000000e+00
   5302.444976 9.034900e-14 5.307700e+03 1.000000e+00
   5304.215448 9.314600e-14 5.309480e+03 1.000000e+00
   5305.985920 9.508900e-14 5.311260e+03 1.000000e+00
   5307.766394 9.694600e-14 5.313030e+03 1.000000e+00
   5309.536866 9.743500e-14 5.314810e+03 1.000000e+00
   5311.317341 9.667100e-14 5.316580e+03 1.000000e+00
   5313.087813 9.616700e-14 5.318360e+03 1.000000e+00
   5314.858285 9.571400e-14 5.320140e+03 1.000000e+00
   5316.638760 9.543900e-14 5.321910e+03 1.000000e+00
   5318.409232 9.422700e-14 5.323690e+03 1.000000e+00
   5320.179704 9.349000e-14 5.325460e+03 1.000000e+00
   5321.960178 9.105500e-14 5.327240e+03 1.000000e+00
   5323.730650 8.775000e-14 5.329020e+03 1.000000e+00
   5325.501122 8.522700e-14 5.330790e+03 1.000000e+00
   5327.281597 8.366600e-14 5.332570e+03 1.000000e+00
   5329.052069 8.370500e-14 5.334340e+03 1.000000e+00
   5330.832544 8.455500e-14 5.336120e+03 1.000000e+00
   5332.603016 8.688800e-14 5.337900e+03 1.000000e+00
   5334.373488 9.004000e-14 5.339670e+03 1.000000e+00
   5336.153963 9.219500e-14 5.341450e+03 1.000000e+00
   5337.924435 9.191800e-14 5.343220e+03 1.000000e+00
   5339.694907 9.034100e-14 5.345000e+03 1.000000e+00
   5341.475382 8.938300e-14 5.346770e+03 1.000000e+00
   5343.245854 8.991600e-14 5.348550e+03 1.000000e+00
   5345.026329 9.185000e-14 5.350330e+03 1.000000e+00
   5346.796801 9.244500e-14 5.352100e+03 1.000000e+00
   5348.567273 9.156500e-14 5.353880e+03 1.000000e+00
   5350.347748 9.187700e-14 5.355650e+03 1.000000e+00
   5352.118220 9.411200e-14 5.357430e+03 1.000000e+00
   5353.888692 9.669300e-14 5.359210e+03 1.000000e+00
   5355.669167 9.713500e-14 5.360980e+03 1.000000e+00
   5357.439639 9.844000e-14 5.362760e+03 1.000000e+00
   5359.210111 9.857000e-14 5.364530e+03 1.000000e+00
   5360.990586 9.803100e-14 5.366310e+03 1.000000e+00
   5362.761058 9.596800e-14 5.368090e+03 1.000000e+00
   5364.541533 9.312000e-14 5.369860e+03 1.000000e+00
   5366.312005 9.068800e-14 5.371640e+03 1.000000e+00
   5368.082477 9.052700e-14 5.373410e+03 1.000000e+00
   5369.862952 8.918000e-14 5.375190e+03 1.000000e+00
   5371.633425 8.835900e-14 5.376970e+03 1.000000e+00
   5373.403897 8.924800e-14 5.378740e+03 1.000000e+00
   5375.184372 9.119400e-14 5.380520e+03 1.000000e+00
   5376.954844 9.358100e-14 5.382290e+03 1.000000e+00
   5378.725316 9.398200e-14 5.384070e+03 1.000000e+00
   5380.505791 9.513800e-14 5.385850e+03 1.000000e+00
   5382.276263 9.375900e-14 5.387620e+03 1.000000e+00
   5384.056738 9.352000e-14 5.389400e+03 1.000000e+00
   5385.827211 9.283000e-14 5.391170e+03 1.000000e+00
   5387.597683 9.422100e-14 5.392950e+03 1.000000e+00
   5389.378158 9.254200e-14 5.394730e+03 1.000000e+00
   5391.148630 9.195800e-14 5.396500e+03 1.000000e+00
   5392.919103 9.031200e-14 5.398280e+03 1.000000e+00
   5394.699578 8.671300e-14 5.400050e+03 1.000000e+00
   5396.470050 8.571600e-14 5.401830e+03 1.000000e+00
   5398.250525 8.671100e-14 5.403600e+03 1.000000e+00
   5400.020997 8.785600e-14 5.405380e+03 1.000000e+00
   5401.791470 8.699500e-14 5.407160e+03 1.000000e+00
   5403.571945 8.626800e-14 5.408930e+03 1.000000e+00
   5405.342417 8.551300e-14 5.410710e+03 1.000000e+00
   5407.112889 8.413600e-14 5.412480e+03 1.000000e+00
   5408.893364 8.513300e-14 5.414260e+03 1.000000e+00
   5410.663837 8.670700e-14 5.416040e+03 1.000000e+00
   5412.444312 8.774200e-14 5.417810e+03 1.000000e+00
   5414.214784 9.061900e-14 5.419590e+03 1.000000e+00
   5415.985257 9.324700e-14 5.421360e+03 1.000000e+00
   5417.765732 9.990800e-14 5.423140e+03 1.000000e+00
   5419.536204 1.055300e-13 5.424920e+03 1.000000e+00
   5421.306677 9.926300e-14 5.426690e+03 1.000000e+00
   5423.087152 9.306600e-14 5.428470e+03 1.000000e+00
   5424.857624 9.283800e-14 5.430240e+03 1.000000e+00
   5426.628097 9.139100e-14 5.432020e+03 1.000000e+00
   5428.408572 9.053200e-14 5.433800e+03 1.000000e+00
   5430.179044 8.978300e-14 5.435570e+03 1.000000e+00
   5431.959519 8.890000e-14 5.437350e+03 1.000000e+00
   5433.729992 8.696000e-14 5.439120e+03 1.000000e+00
   5435.500464 8.747100e-14 5.440900e+03 1.000000e+00
   5437.280940 9.018100e-14 5.442680e+03 1.000000e+00
   5439.051412 9.268200e-14 5.444450e+03 1.000000e+00
   5440.821885 9.318600e-14 5.446230e+03 1.000000e+00
   5442.602360 9.341100e-14 5.448000e+03 1.000000e+00
   5444.372832 9.387900e-14 5.449780e+03 1.000000e+00
   5446.153308 9.320100e-14 5.451560e+03 1.000000e+00
   5447.923780 9.132300e-14 5.453330e+03 1.000000e+00
   5449.694253 8.826800e-14 5.455110e+03 1.000000e+00
   5451.474728 8.926900e-14 5.456880e+03 1.000000e+00
   5453.245200 9.078300e-14 5.458660e+03 1.000000e+00
   5455.015673 8.787500e-14 5.460440e+03 1.000000e+00
   5456.796148 9.235300e-14 5.462210e+03 1.000000e+00
   5458.566621 9.266600e-14 5.463990e+03 1.000000e+00
   5460.337093 9.290400e-14 5.465760e+03 1.000000e+00
   5462.117569 8.955000e-14 5.467540e+03 1.000000e+00
   5463.888041 9.133900e-14 5.469310e+03 1.000000e+00
   5465.668517 9.220100e-14 5.471090e+03 1.000000e+00
   5467.438989 9.133000e-14 5.472870e+03 1.000000e+00
   5469.209462 9.229300e-14 5.474640e+03 1.000000e+00
   5470.989937 9.229900e-14 5.476420e+03 1.000000e+00
   5472.760410 9.011800e-14 5.478190e+03 1.000000e+00
   5474.530882 8.944700e-14 5.479970e+03 1.000000e+00
   5476.311358 8.761800e-14 5.481750e+03 1.000000e+00
   5478.081830 8.692600e-14 5.483520e+03 1.000000e+00
   5479.862306 8.638300e-14 5.485300e+03 1.000000e+00
   5481.632778 8.899700e-14 5.487070e+03 1.000000e+00
   5483.403251 9.148800e-14 5.488850e+03 1.000000e+00
   5485.183726 9.223700e-14 5.490630e+03 1.000000e+00
   5486.954199 9.139300e-14 5.492400e+03 1.000000e+00
   5488.724672 9.020900e-14 5.494180e+03 1.000000e+00
   5490.505147 9.175100e-14 5.495950e+03 1.000000e+00
   5492.275620 9.229000e-14 5.497730e+03 1.000000e+00
   5494.046093 9.246100e-14 5.499510e+03 1.000000e+00
   5495.826568 9.206600e-14 5.501280e+03 1.000000e+00
   5497.597041 9.216400e-14 5.503060e+03 1.000000e+00
   5499.377516 9.225100e-14 5.504830e+03 1.000000e+00
   5501.147989 9.125200e-14 5.506610e+03 1.000000e+00
   5502.918462 9.212000e-14 5.508390e+03 1.000000e+00
   5504.698937 9.070000e-14 5.510160e+03 1.000000e+00
   5506.469410 8.965800e-14 5.511940e+03 1.000000e+00
   5508.239883 8.930300e-14 5.513710e+03 1.000000e+00
   5510.020358 9.130900e-14 5.515490e+03 1.000000e+00
   5511.790831 9.026400e-14 5.517270e+03 1.000000e+00
   5513.571306 8.890400e-14 5.519040e+03 1.000000e+00
   5515.341779 8.954400e-14 5.520820e+03 1.000000e+00
   5517.112252 9.149500e-14 5.522590e+03 1.000000e+00
   5518.892728 9.259400e-14 5.524370e+03 1.000000e+00
   5520.663200 9.414600e-14 5.526150e+03 1.000000e+00
   5522.433673 9.540000e-14 5.527920e+03 1.000000e+00
   5524.214149 9.416600e-14 5.529700e+03 1.000000e+00
   5525.984622 9.218900e-14 5.531470e+03 1.000000e+00
   5527.765097 9.242700e-14 5.533250e+03 1.000000e+00
   5529.535570 9.148800e-14 5.535020e+03 1.000000e+00
   5531.306043 9.067600e-14 5.536800e+03 1.000000e+00
   5533.086518 9.278300e-14 5.538580e+03 1.000000e+00
   5534.856991 9.179200e-14 5.540350e+03 1.000000e+00
   5536.627464 9.382300e-14 5.542130e+03 1.000000e+00
   5538.407940 9.366600e-14 5.543900e+03 1.000000e+00
   5540.178413 9.424900e-14 5.545680e+03 1.000000e+00
   5541.948886 9.667300e-14 5.547460e+03 1.000000e+00
   5543.729361 9.729200e-14 5.549230e+03 1.000000e+00
   5545.499834 9.599000e-14 5.551010e+03 1.000000e+00
   5547.280310 9.591900e-14 5.552780e+03 1.000000e+00
   5549.050783 9.662400e-14 5.554560e+03 1.000000e+00
   5550.821256 9.698600e-14 5.556340e+03 1.000000e+00
   5552.601731 9.587600e-14 5.558110e+03 1.000000e+00
   5554.372204 9.528200e-14 5.559890e+03 1.000000e+00
   5556.142677 9.538400e-14 5.561660e+03 1.000000e+00
   5557.923153 9.434500e-14 5.563440e+03 1.000000e+00
   5559.693626 9.540700e-14 5.565220e+03 1.000000e+00
   5561.474101 9.457900e-14 5.566990e+03 1.000000e+00
   5563.244574 9.421300e-14 5.568770e+03 1.000000e+00
   5565.015047 8.842300e-14 5.570540e+03 1.000000e+00
   5566.795523 9.044900e-14 5.572320e+03 1.000000e+00
   5568.565996 8.911200e-14 5.574100e+03 1.000000e+00
   5570.336469 9.002900e-14 5.575870e+03 1.000000e+00
   5572.116945 9.709500e-14 5.577650e+03 1.000000e+00
   5573.887418 9.279900e-14 5.579420e+03 1.000000e+00
   5575.657891 9.663500e-14 5.581200e+03 1.000000e+00
   5577.438367 9.331100e-14 5.582980e+03 1.000000e+00
   5579.208840 9.377000e-14 5.584750e+03 1.000000e+00
   5580.989315 9.508900e-14 5.586530e+03 1.000000e+00
   5582.759788 9.553000e-14 5.588300e+03 1.000000e+00
   5584.530262 9.335400e-14 5.590080e+03 1.000000e+00
   5586.310737 8.978800e-14 5.591850e+03 1.000000e+00
   5588.081210 8.804500e-14 5.593630e+03 1.000000e+00
   5589.851683 8.877800e-14 5.595410e+03 1.000000e+00
   5591.632159 8.955500e-14 5.597180e+03 1.000000e+00
   5593.402632 9.010200e-14 5.598960e+03 1.000000e+00
   5595.173105 9.177600e-14 5.600730e+03 1.000000e+00
   5596.953581 9.234600e-14 5.602510e+03 1.000000e+00
   5598.724054 9.187900e-14 5.604290e+03 1.000000e+00
   5600.504530 9.153600e-14 5.606060e+03 1.000000e+00
   5602.275003 9.148900e-14 5.607840e+03 1.000000e+00
   5604.045476 9.131800e-14 5.609610e+03 1.000000e+00
   5605.825952 9.237600e-14 5.611390e+03 1.000000e+00
   5607.596425 9.569300e-14 5.613170e+03 1.000000e+00
   5609.366899 9.781600e-14 5.614940e+03 1.000000e+00
   5611.147374 9.775400e-14 5.616720e+03 1.000000e+00
   5612.917848 9.660500e-14 5.618490e+03 1.000000e+00
   5614.698323 9.477500e-14 5.620270e+03 1.000000e+00
   5616.468797 9.236400e-14 5.622050e+03 1.000000e+00
   5618.239270 9.081900e-14 5.623820e+03 1.000000e+00
   5620.019746 9.067300e-14 5.625600e+03 1.000000e+00
   5621.790219 9.134800e-14 5.627370e+03 1.000000e+00
   5623.560692 9.307800e-14 5.629150e+03 1.000000e+00
   5625.341168 9.311300e-14 5.630930e+03 1.000000e+00
   5627.111641 9.261500e-14 5.632700e+03 1.000000e+00
   5628.892117 9.382200e-14 5.634480e+03 1.000000e+00
   5630.662590 9.486200e-14 5.636250e+03 1.000000e+00
   5632.433064 9.604100e-14 5.638030e+03 1.000000e+00
   5634.213540 9.533800e-14 5.639810e+03 1.000000e+00
   5635.984013 9.520100e-14 5.641580e+03 1.000000e+00
   5637.754486 9.403600e-14 5.643360e+03 1.000000e+00
   5639.534962 9.212800e-14 5.645130e+03 1.000000e+00
   5641.305435 9.233300e-14 5.646910e+03 1.000000e+00
   5643.075909 9.340900e-14 5.648690e+03 1.000000e+00
   5644.856384 9.408600e-14 5.650460e+03 1.000000e+00
   5646.626858 9.527300e-14 5.652240e+03 1.000000e+00
   5648.407334 9.591600e-14 5.654010e+03 1.000000e+00
   5650.177807 9.441200e-14 5.655790e+03 1.000000e+00
   5651.948280 9.466200e-14 5.657560e+03 1.000000e+00
   5653.728756 9.479900e-14 5.659340e+03 1.000000e+00
   5655.499230 9.417200e-14 5.661120e+03 1.000000e+00
   5657.269703 9.230100e-14 5.662890e+03 1.000000e+00
   5659.050179 9.142800e-14 5.664670e+03 1.000000e+00
   5660.820652 9.158700e-14 5.666440e+03 1.000000e+00
   5662.601128 9.137000e-14 5.668220e+03 1.000000e+00
   5664.371602 9.140400e-14 5.670000e+03 1.000000e+00
   5666.142075 9.416000e-14 5.671770e+03 1.000000e+00
   5667.922551 9.443000e-14 5.673550e+03 1.000000e+00
   5669.693025 9.395200e-14 5.675320e+03 1.000000e+00
   5671.463498 9.401600e-14 5.677100e+03 1.000000e+00
   5673.243974 9.592400e-14 5.678880e+03 1.000000e+00
   5675.014447 9.623600e-14 5.680650e+03 1.000000e+00
   5676.794924 9.651600e-14 5.682430e+03 1.000000e+00
   5678.565397 9.581100e-14 5.684200e+03 1.000000e+00
   5680.335870 9.287600e-14 5.685980e+03 1.000000e+00
   5682.116346 9.203500e-14 5.687760e+03 1.000000e+00
   5683.886820 9.375900e-14 5.689530e+03 1.000000e+00
   5685.657293 9.326800e-14 5.691310e+03 1.000000e+00
   5687.437769 9.178400e-14 5.693080e+03 1.000000e+00
   5689.208243 9.333500e-14 5.694860e+03 1.000000e+00
   5690.978716 9.393400e-14 5.696640e+03 1.000000e+00
   5692.759192 9.473700e-14 5.698410e+03 1.000000e+00
   5694.529666 9.490800e-14 5.700190e+03 1.000000e+00
   5696.310142 9.588600e-14 5.701960e+03 1.000000e+00
   5698.080616 9.505100e-14 5.703740e+03 1.000000e+00
   5699.851089 9.349100e-14 5.705520e+03 1.000000e+00
   5701.631565 9.260600e-14 5.707290e+03 1.000000e+00
   5703.402039 9.288300e-14 5.709070e+03 1.000000e+00
   5705.172512 9.189400e-14 5.710840e+03 1.000000e+00
   5706.952988 9.160700e-14 5.712620e+03 1.000000e+00
   5708.723462 8.955800e-14 5.714400e+03 1.000000e+00
   5710.493935 8.734500e-14 5.716170e+03 1.000000e+00
   5712.274412 8.933000e-14 5.717950e+03 1.000000e+00
   5714.044885 9.141900e-14 5.719720e+03 1.000000e+00
   5715.825361 9.258900e-14 5.721500e+03 1.000000e+00
   5717.595835 9.377500e-14 5.723270e+03 1.000000e+00
   5719.366308 9.466200e-14 5.725050e+03 1.000000e+00
   5721.146785 9.619900e-14 5.726830e+03 1.000000e+00
   5722.917258 9.864200e-14 5.728600e+03 1.000000e+00
   5724.687732 9.598500e-14 5.730380e+03 1.000000e+00
   5726.468208 9.584100e-14 5.732150e+03 1.000000e+00
   5728.238682 9.553000e-14 5.733930e+03 1.000000e+00
   5730.019158 9.529900e-14 5.735710e+03 1.000000e+00
   5731.789631 9.514500e-14 5.737480e+03 1.000000e+00
   5733.560105 9.649500e-14 5.739260e+03 1.000000e+00
   5735.340581 9.677200e-14 5.741030e+03 1.000000e+00
   5737.111055 9.668600e-14 5.742810e+03 1.000000e+00
   5738.881529 9.675400e-14 5.744590e+03 1.000000e+00
   5740.662005 9.662500e-14 5.746360e+03 1.000000e+00
   5742.432478 9.579400e-14 5.748140e+03 1.000000e+00
   5744.202952 9.638000e-14 5.749910e+03 1.000000e+00
   5745.983428 9.565200e-14 5.751690e+03 1.000000e+00
   5747.753902 9.570300e-14 5.753470e+03 1.000000e+00
   5749.534378 9.527900e-14 5.755240e+03 1.000000e+00
   5751.304852 9.523000e-14 5.757020e+03 1.000000e+00
   5753.075326 9.603800e-14 5.758790e+03 1.000000e+00
   5754.855802 9.473700e-14 5.760570e+03 1.000000e+00
   5756.626276 9.455300e-14 5.762350e+03 1.000000e+00
   5758.396749 9.381300e-14 5.764120e+03 1.000000e+00
   5760.177226 9.358700e-14 5.765900e+03 1.000000e+00
   5761.947699 9.389200e-14 5.767670e+03 1.000000e+00
   5763.728176 9.377400e-14 5.769450e+03 1.000000e+00
   5765.498650 9.492800e-14 5.771230e+03 1.000000e+00
   5767.269123 9.779400e-14 5.773000e+03 1.000000e+00
   5769.049600 9.836700e-14 5.774780e+03 1.000000e+00
   5770.820073 9.874000e-14 5.776550e+03 1.000000e+00
   5772.590547 9.819400e-14 5.778330e+03 1.000000e+00
   5774.371024 9.712800e-14 5.780100e+03 1.000000e+00
   5776.141497 9.510900e-14 5.781880e+03 1.000000e+00
   5777.921974 9.511600e-14 5.783660e+03 1.000000e+00
   5779.692447 9.413200e-14 5.785430e+03 1.000000e+00
   5781.462921 9.193900e-14 5.787210e+03 1.000000e+00
   5783.243398 8.994800e-14 5.788980e+03 1.000000e+00
   5785.013871 9.117900e-14 5.790760e+03 1.000000e+00
   5786.784345 9.133200e-14 5.792540e+03 1.000000e+00
   5788.564822 9.218600e-14 5.794310e+03 1.000000e+00
   5790.335295 9.400800e-14 5.796090e+03 1.000000e+00
   5792.105769 9.604700e-14 5.797860e+03 1.000000e+00
   5793.886246 9.546000e-14 5.799640e+03 1.000000e+00
   5795.656719 9.584700e-14 5.801420e+03 1.000000e+00
   5797.437196 9.698300e-14 5.803190e+03 1.000000e+00
   5799.207670 9.724000e-14 5.804970e+03 1.000000e+00
   5800.978144 9.781400e-14 5.806740e+03 1.000000e+00
   5802.758620 9.750600e-14 5.808520e+03 1.000000e+00
   5804.529094 9.771000e-14 5.810300e+03 1.000000e+00
   5806.299568 9.703100e-14 5.812070e+03 1.000000e+00
   5808.080044 9.695500e-14 5.813850e+03 1.000000e+00
   5809.850518 9.701200e-14 5.815620e+03 1.000000e+00
   5811.630995 9.921100e-14 5.817400e+03 1.000000e+00
   5813.401469 9.856400e-14 5.819180e+03 1.000000e+00
   5815.171942 9.830500e-14 5.820950e+03 1.000000e+00
   5816.952419 9.725800e-14 5.822730e+03 1.000000e+00
   5818.722893 9.749200e-14 5.824500e+03 1.000000e+00
   5820.493367 9.873800e-14 5.826280e+03 1.000000e+00
   5822.273843 9.714300e-14 5.828060e+03 1.000000e+00
   5824.044317 9.818000e-14 5.829830e+03 1.000000e+00
   5825.814791 1.003100e-13 5.831610e+03 1.000000e+00
   5827.595268 9.856200e-14 5.833380e+03 1.000000e+00
   5829.365742 9.981900e-14 5.835160e+03 1.000000e+00
   5831.146218 9.991900e-14 5.836940e+03 1.000000e+00
   5832.916692 9.963300e-14 5.838710e+03 1.000000e+00
   5834.687166 1.005900e-13 5.840490e+03 1.000000e+00
   5836.467643 9.854600e-14 5.842260e+03 1.000000e+00
   5838.238117 9.874400e-14 5.844040e+03 1.000000e+00
   5840.008591 9.879900e-14 5.845810e+03 1.000000e+00
   5841.789067 9.887600e-14 5.847590e+03 1.000000e+00
   5843.559541 9.983200e-14 5.849370e+03 1.000000e+00
   5845.340018 9.923400e-14 5.851140e+03 1.000000e+00
   5847.110492 9.871300e-14 5.852920e+03 1.000000e+00
   5848.880966 9.832000e-14 5.854690e+03 1.000000e+00
   5850.661442 9.606300e-14 5.856470e+03 1.000000e+00
   5852.431916 9.506100e-14 5.858250e+03 1.000000e+00
   5854.202390 9.496800e-14 5.860020e+03 1.000000e+00
   5855.982867 9.337800e-14 5.861800e+03 1.000000e+00
   5857.753341 9.392400e-14 5.863570e+03 1.000000e+00
   5859.523815 9.429600e-14 5.865350e+03 1.000000e+00
   5861.304292 9.375700e-14 5.867130e+03 1.000000e+00
   5863.074766 9.396500e-14 5.868900e+03 1.000000e+00
   5864.855242 9.417200e-14 5.870680e+03 1.000000e+00
   5866.625717 9.536200e-14 5.872450e+03 1.000000e+00
   5868.396191 9.606800e-14 5.874230e+03 1.000000e+00
   5870.176667 9.478600e-14 5.876010e+03 1.000000e+00
   5871.947141 9.645200e-14 5.877780e+03 1.000000e+00
   5873.717615 9.775500e-14 5.879560e+03 1.000000e+00
   5875.498092 9.557200e-14 5.881330e+03 1.000000e+00
   5877.268566 9.531500e-14 5.883110e+03 1.000000e+00
   5879.049043 9.246800e-14 5.884890e+03 1.000000e+00
   5880.819517 9.141100e-14 5.886660e+03 1.000000e+00
   5882.589991 8.966600e-14 5.888440e+03 1.000000e+00
   5884.370468 9.024800e-14 5.890210e+03 1.000000e+00
   5886.140942 8.739300e-14 5.891990e+03 1.000000e+00
   5887.911416 8.180400e-14 5.893770e+03 1.000000e+00
   5889.691893 7.871100e-14 5.895540e+03 1.000000e+00
   5891.462367 7.512100e-14 5.897320e+03 1.000000e+00
   5893.242844 7.510100e-14 5.899090e+03 1.000000e+00
   5895.013318 7.593900e-14 5.900870e+03 1.000000e+00
   5896.783792 7.896200e-14 5.902650e+03 1.000000e+00
   5898.564269 8.139900e-14 5.904420e+03 1.000000e+00
   5900.334743 8.502900e-14 5.906200e+03 1.000000e+00
   5902.105217 8.857200e-14 5.907970e+03 1.000000e+00
   5903.885694 9.106800e-14 5.909750e+03 1.000000e+00
   5905.656168 9.233200e-14 5.911520e+03 1.000000e+00
   5907.426642 9.363700e-14 5.913300e+03 1.000000e+00
   5909.207119 9.340700e-14 5.915080e+03 1.000000e+00
   5910.977593 9.214300e-14 5.916850e+03 1.000000e+00
   5912.758070 9.199000e-14 5.918630e+03 1.000000e+00
   5914.528544 9.126800e-14 5.920400e+03 1.000000e+00
   5916.299018 9.124100e-14 5.922180e+03 1.000000e+00
   5918.079495 9.268400e-14 5.923960e+03 1.000000e+00
   5919.849969 9.308600e-14 5.925730e+03 1.000000e+00
   5921.620444 9.425200e-14 5.927510e+03 1.000000e+00
   5923.400921 9.602500e-14 5.929280e+03 1.000000e+00
   5925.171395 9.352400e-14 5.931060e+03 1.000000e+00
   5926.941869 9.511500e-14 5.932840e+03 1.000000e+00
   5928.722346 9.422100e-14 5.934610e+03 1.000000e+00
   5930.492820 9.322000e-14 5.936390e+03 1.000000e+00
   5932.273297 9.312800e-14 5.938160e+03 1.000000e+00
   5934.043771 9.113000e-14 5.939940e+03 1.000000e+00
   5935.814246 9.200200e-14 5.941720e+03 1.000000e+00
   5937.594722 9.342000e-14 5.943490e+03 1.000000e+00
   5939.365197 9.235300e-14 5.945270e+03 1.000000e+00
   5941.135671 9.378400e-14 5.947040e+03 1.000000e+00
   5942.916148 9.468700e-14 5.948820e+03 1.000000e+00
   5944.686622 9.372900e-14 5.950600e+03 1.000000e+00
   5946.467099 9.475800e-14 5.952370e+03 1.000000e+00
   5948.237573 9.281200e-14 5.954150e+03 1.000000e+00
   5950.008048 9.329100e-14 5.955920e+03 1.000000e+00
   5951.788525 9.410000e-14 5.957700e+03 1.000000e+00
   5953.558999 9.460500e-14 5.959480e+03 1.000000e+00
   5955.329473 9.462500e-14 5.961250e+03 1.000000e+00
   5957.109950 9.302700e-14 5.963030e+03 1.000000e+00
   5958.880425 9.316100e-14 5.964800e+03 1.000000e+00
   5960.650899 9.335500e-14 5.966580e+03 1.000000e+00
   5962.431376 9.284300e-14 5.968350e+03 1.000000e+00
   5964.201850 9.359700e-14 5.970130e+03 1.000000e+00
   5965.982327 9.494600e-14 5.971910e+03 1.000000e+00
   5967.752802 9.619900e-14 5.973680e+03 1.000000e+00
   5969.523276 9.724400e-14 5.975460e+03 1.000000e+00
   5971.303753 9.684700e-14 5.977230e+03 1.000000e+00
   5973.074227 9.670600e-14 5.979010e+03 1.000000e+00
   5974.844702 9.620600e-14 5.980790e+03 1.000000e+00
   5976.625179 9.556500e-14 5.982560e+03 1.000000e+00
   5978.395653 9.393300e-14 5.984340e+03 1.000000e+00
   5980.176130 9.239100e-14 5.986110e+03 1.000000e+00
   5981.946605 9.324100e-14 5.987890e+03 1.000000e+00
   5983.717079 9.427100e-14 5.989670e+03 1.000000e+00
   5985.497556 9.371900e-14 5.991440e+03 1.000000e+00
   5987.268030 9.444600e-14 5.993220e+03 1.000000e+00
   5989.038505 9.376200e-14 5.994990e+03 1.000000e+00
   5990.818982 9.460500e-14 5.996770e+03 1.000000e+00
   5992.589456 9.484900e-14 5.998550e+03 1.000000e+00
   5994.369933 9.577000e-14 6.000320e+03 1.000000e+00
   5996.140408 9.484800e-14 6.002100e+03 1.000000e+00
   5997.910882 9.576600e-14 6.003870e+03 1.000000e+00
   5999.691359 9.396800e-14 6.005650e+03 1.000000e+00
   6001.461834 9.434000e-14 6.007430e+03 1.000000e+00
   6003.232308 9.336900e-14 6.009200e+03 1.000000e+00
   6005.012785 9.356200e-14 6.010980e+03 1.000000e+00
   6006.783260 9.212700e-14 6.012750e+03 1.000000e+00
   6008.553734 9.284500e-14 6.014530e+03 1.000000e+00
   6010.334211 9.408800e-14 6.016310e+03 1.000000e+00
   6012.104686 9.329100e-14 6.018080e+03 1.000000e+00
   6013.885163 9.389900e-14 6.019860e+03 1.000000e+00
   6015.655638 9.489400e-14 6.021630e+03 1.000000e+00
   6017.426112 9.425600e-14 6.023410e+03 1.000000e+00
   6019.206589 9.363000e-14 6.025190e+03 1.000000e+00
   6020.977064 9.297600e-14 6.026960e+03 1.000000e+00
   6022.747538 9.232700e-14 6.028740e+03 1.000000e+00
   6024.528015 9.296400e-14 6.030510e+03 1.000000e+00
   6026.298490 9.409100e-14 6.032290e+03 1.000000e+00
   6028.078967 9.573200e-14 6.034060e+03 1.000000e+00
   6029.849442 9.683100e-14 6.035840e+03 1.000000e+00
   6031.619916 9.700200e-14 6.037620e+03 1.000000e+00
   6033.400393 9.709900e-14 6.039390e+03 1.000000e+00
   6035.170868 9.628800e-14 6.041170e+03 1.000000e+00
   6036.941342 9.593000e-14 6.042940e+03 1.000000e+00
   6038.721820 9.578700e-14 6.044720e+03 1.000000e+00
   6040.492294 9.544800e-14 6.046500e+03 1.000000e+00
   6042.262769 9.636400e-14 6.048270e+03 1.000000e+00
   6044.043246 9.718900e-14 6.050050e+03 1.000000e+00
   6045.813721 9.727000e-14 6.051820e+03 1.000000e+00
   6047.594198 9.822500e-14 6.053600e+03 1.000000e+00
   6049.364672 9.806700e-14 6.055380e+03 1.000000e+00
   6051.135147 9.749200e-14 6.057150e+03 1.000000e+00
   6052.915624 9.712400e-14 6.058930e+03 1.000000e+00
   6054.686099 9.603300e-14 6.060700e+03 1.000000e+00
   6056.456573 9.593500e-14 6.062480e+03 1.000000e+00
   6058.237051 9.636400e-14 6.064260e+03 1.000000e+00
   6060.007525 9.598500e-14 6.066030e+03 1.000000e+00
   6061.788003 9.596400e-14 6.067810e+03 1.000000e+00
   6063.558477 9.637800e-14 6.069580e+03 1.000000e+00
   6065.328952 9.591400e-14 6.071360e+03 1.000000e+00
   6067.109429 9.517700e-14 6.073140e+03 1.000000e+00
   6068.879904 9.644900e-14 6.074910e+03 1.000000e+00
   6070.650378 9.788400e-14 6.076690e+03 1.000000e+00
   6072.430856 9.780900e-14 6.078460e+03 1.000000e+00
   6074.201330 9.813000e-14 6.080240e+03 1.000000e+00
   6075.971805 9.687000e-14 6.082020e+03 1.000000e+00
   6077.752282 9.609000e-14 6.083790e+03 1.000000e+00
   6079.522757 9.710700e-14 6.085570e+03 1.000000e+00
   6081.303234 9.569300e-14 6.087340e+03 1.000000e+00
   6083.073709 9.463300e-14 6.089120e+03 1.000000e+00
   6084.844184 9.468200e-14 6.090900e+03 1.000000e+00
   6086.624661 9.474500e-14 6.092670e+03 1.000000e+00
   6088.395136 9.446200e-14 6.094450e+03 1.000000e+00
   6090.165610 9.434800e-14 6.096220e+03 1.000000e+00
   6091.946088 9.534400e-14 6.098000e+03 1.000000e+00
   6093.716563 9.475700e-14 6.099770e+03 1.000000e+00
   6095.497040 9.567000e-14 6.101550e+03 1.000000e+00
   6097.267515 9.667100e-14 6.103330e+03 1.000000e+00
   6099.037989 9.592900e-14 6.105100e+03 1.000000e+00
   6100.818467 9.330200e-14 6.106880e+03 1.000000e+00
   6102.588942 9.235700e-14 6.108650e+03 1.000000e+00
   6104.359416 9.319900e-14 6.110430e+03 1.000000e+00
   6106.139894 9.285400e-14 6.112210e+03 1.000000e+00
   6107.910368 9.386000e-14 6.113980e+03 1.000000e+00
   6109.680843 9.436500e-14 6.115760e+03 1.000000e+00
   6111.461321 9.596200e-14 6.117530e+03 1.000000e+00
   6113.231795 9.750300e-14 6.119310e+03 1.000000e+00
   6115.012273 9.730800e-14 6.121090e+03 1.000000e+00
   6116.782748 9.556600e-14 6.122860e+03 1.000000e+00
   6118.553222 9.459500e-14 6.124640e+03 1.000000e+00
   6120.333700 9.392100e-14 6.126410e+03 1.000000e+00
   6122.104175 9.336800e-14 6.128190e+03 1.000000e+00
   6123.874649 9.242700e-14 6.129970e+03 1.000000e+00
   6125.655127 9.303000e-14 6.131740e+03 1.000000e+00
   6127.425602 9.410300e-14 6.133520e+03 1.000000e+00
   6129.206079 9.484800e-14 6.135290e+03 1.000000e+00
   6130.976554 9.607400e-14 6.137070e+03 1.000000e+00
   6132.747029 9.566200e-14 6.138850e+03 1.000000e+00
   6134.527506 9.265700e-14 6.140620e+03 1.000000e+00
   6136.297981 9.200000e-14 6.142400e+03 1.000000e+00
   6138.068456 9.144300e-14 6.144170e+03 1.000000e+00
   6139.848933 9.081000e-14 6.145950e+03 1.000000e+00
   6141.619408 9.244500e-14 6.147730e+03 1.000000e+00
   6143.389883 9.354700e-14 6.149500e+03 1.000000e+00
   6145.170361 9.483900e-14 6.151280e+03 1.000000e+00
   6146.940835 9.450900e-14 6.153050e+03 1.000000e+00
   6148.721313 9.499900e-14 6.154830e+03 1.000000e+00
   6150.491788 9.423800e-14 6.156600e+03 1.000000e+00
   6152.262263 9.417300e-14 6.158380e+03 1.000000e+00
   6154.042740 9.459200e-14 6.160160e+03 1.000000e+00
   6155.813215 9.211900e-14 6.161930e+03 1.000000e+00
   6157.583690 9.128900e-14 6.163710e+03 1.000000e+00
   6159.364167 9.016900e-14 6.165480e+03 1.000000e+00
   6161.134642 8.695900e-14 6.167260e+03 1.000000e+00
   6162.915120 8.617800e-14 6.169040e+03 1.000000e+00
   6164.685595 8.418300e-14 6.170810e+03 1.000000e+00
   6166.456070 8.391500e-14 6.172590e+03 1.000000e+00
   6168.236547 8.673000e-14 6.174360e+03 1.000000e+00
   6170.007022 8.844200e-14 6.176140e+03 1.000000e+00
   6171.777497 8.994600e-14 6.177920e+03 1.000000e+00
   6173.557975 8.961200e-14 6.179690e+03 1.000000e+00
   6175.328450 9.075700e-14 6.181470e+03 1.000000e+00
   6177.108927 9.075800e-14 6.183240e+03 1.000000e+00
   6178.879402 9.129600e-14 6.185020e+03 1.000000e+00
   6180.649877 9.242600e-14 6.186800e+03 1.000000e+00
   6182.430355 9.255500e-14 6.188570e+03 1.000000e+00
   6184.200830 9.208800e-14 6.190350e+03 1.000000e+00
   6185.971305 9.194700e-14 6.192120e+03 1.000000e+00
   6187.751782 9.224900e-14 6.193900e+03 1.000000e+00
   6189.522257 8.984800e-14 6.195680e+03 1.000000e+00
   6191.292732 8.848500e-14 6.197450e+03 1.000000e+00
   6193.073210 8.869100e-14 6.199230e+03 1.000000e+00
   6194.843685 8.962400e-14 6.201000e+03 1.000000e+00
   6196.624163 9.024000e-14 6.202780e+03 1.000000e+00
   6198.394637 9.112600e-14 6.204560e+03 1.000000e+00
   6200.165112 9.107700e-14 6.206330e+03 1.000000e+00
   6201.945590 9.286100e-14 6.208110e+03 1.000000e+00
   6203.716065 9.112700e-14 6.209880e+03 1.000000e+00
   6205.486540 9.272700e-14 6.211660e+03 1.000000e+00
   6207.267018 9.337500e-14 6.213440e+03 1.000000e+00
   6209.037493 9.397900e-14 6.215210e+03 1.000000e+00
   6210.817971 9.257600e-14 6.216990e+03 1.000000e+00
   6212.588446 9.138200e-14 6.218760e+03 1.000000e+00
   6214.358921 8.944700e-14 6.220540e+03 1.000000e+00
   6216.139398 8.818000e-14 6.222310e+03 1.000000e+00
   6217.909873 8.795700e-14 6.224090e+03 1.000000e+00
   6219.680348 8.797300e-14 6.225870e+03 1.000000e+00
   6221.460826 8.973900e-14 6.227640e+03 1.000000e+00
   6223.231301 9.025900e-14 6.229420e+03 1.000000e+00
   6225.001776 8.909900e-14 6.231190e+03 1.000000e+00
   6226.782254 8.910400e-14 6.232970e+03 1.000000e+00
   6228.552729 8.946400e-14 6.234750e+03 1.000000e+00
   6230.333207 8.798300e-14 6.236520e+03 1.000000e+00
   6232.103682 8.634100e-14 6.238300e+03 1.000000e+00
   6233.874157 8.726000e-14 6.240070e+03 1.000000e+00
   6235.654635 8.943100e-14 6.241850e+03 1.000000e+00
   6237.425110 9.030200e-14 6.243630e+03 1.000000e+00
   6239.195585 9.049500e-14 6.245400e+03 1.000000e+00
   6240.976063 8.679700e-14 6.247180e+03 1.000000e+00
   6242.746538 8.787700e-14 6.248950e+03 1.000000e+00
   6244.527015 8.793300e-14 6.250730e+03 1.000000e+00
   6246.297491 8.627100e-14 6.252510e+03 1.000000e+00
   6248.067966 8.773700e-14 6.254280e+03 1.000000e+00
   6249.848444 8.746400e-14 6.256060e+03 1.000000e+00
   6251.618919 8.677800e-14 6.257830e+03 1.000000e+00
   6253.389394 8.591700e-14 6.259610e+03 1.000000e+00
   6255.169872 8.540200e-14 6.261390e+03 1.000000e+00
   6256.940347 8.523400e-14 6.263160e+03 1.000000e+00
   6258.710822 8.585900e-14 6.264940e+03 1.000000e+00
   6260.491300 8.697300e-14 6.266710e+03 1.000000e+00
   6262.261775 8.712400e-14 6.268490e+03 1.000000e+00
   6264.042253 8.649800e-14 6.270270e+03 1.000000e+00
   6265.812728 8.695000e-14 6.272040e+03 1.000000e+00
   6267.583203 8.457000e-14 6.273820e+03 1.000000e+00
   6269.363681 8.364500e-14 6.275590e+03 1.000000e+00
   6271.134156 8.376000e-14 6.277370e+03 1.000000e+00
   6272.904631 8.387100e-14 6.279150e+03 1.000000e+00
   6274.685109 8.585700e-14 6.280920e+03 1.000000e+00
   6276.455584 8.712800e-14 6.282700e+03 1.000000e+00
   6278.236062 8.820800e-14 6.284470e+03 1.000000e+00
   6280.006537 8.750900e-14 6.286250e+03 1.000000e+00
   6281.777012 8.760700e-14 6.288020e+03 1.000000e+00
   6283.557490 8.697300e-14 6.289800e+03 1.000000e+00
   6285.327966 8.898500e-14 6.291580e+03 1.000000e+00
   6287.098441 8.982100e-14 6.293350e+03 1.000000e+00
   6288.878919 9.066100e-14 6.295130e+03 1.000000e+00
   6290.649394 8.908400e-14 6.296900e+03 1.000000e+00
   6292.419869 9.005200e-14 6.298680e+03 1.000000e+00
   6294.200347 8.852000e-14 6.300460e+03 1.000000e+00
   6295.970822 8.873500e-14 6.302230e+03 1.000000e+00
   6297.751300 8.974700e-14 6.304010e+03 1.000000e+00
   6299.521775 8.851100e-14 6.305780e+03 1.000000e+00
   6301.292251 8.806000e-14 6.307560e+03 1.000000e+00
   6303.072729 8.882200e-14 6.309340e+03 1.000000e+00
   6304.843204 8.961600e-14 6.311110e+03 1.000000e+00
   6306.613679 8.963900e-14 6.312890e+03 1.000000e+00
   6308.394157 9.107100e-14 6.314660e+03 1.000000e+00
   6310.164632 9.100000e-14 6.316440e+03 1.000000e+00
   6311.945110 9.011500e-14 6.318220e+03 1.000000e+00
   6313.715586 8.996800e-14 6.319990e+03 1.000000e+00
   6315.486061 8.845300e-14 6.321770e+03 1.000000e+00
   6317.266539 8.857700e-14 6.323540e+03 1.000000e+00
   6319.037014 8.847600e-14 6.325320e+03 1.000000e+00
   6320.807489 8.739000e-14 6.327100e+03 1.000000e+00
   6322.587967 8.870600e-14 6.328870e+03 1.000000e+00
   6324.358443 9.019400e-14 6.330650e+03 1.000000e+00
   6326.128918 9.161100e-14 6.332420e+03 1.000000e+00
   6327.909396 9.217800e-14 6.334200e+03 1.000000e+00
   6329.679871 9.160700e-14 6.335980e+03 1.000000e+00
   6331.460349 9.175100e-14 6.337750e+03 1.000000e+00
   6333.230825 9.178800e-14 6.339530e+03 1.000000e+00
   6335.001300 9.100700e-14 6.341300e+03 1.000000e+00
   6336.781778 9.026000e-14 6.343080e+03 1.000000e+00
   6338.552253 9.042700e-14 6.344850e+03 1.000000e+00
   6340.322729 9.050800e-14 6.346630e+03 1.000000e+00
   6342.103207 8.963400e-14 6.348410e+03 1.000000e+00
   6343.873682 9.115200e-14 6.350180e+03 1.000000e+00
   6345.654160 9.301700e-14 6.351960e+03 1.000000e+00
   6347.424635 9.272800e-14 6.353730e+03 1.000000e+00
   6349.195111 9.233500e-14 6.355510e+03 1.000000e+00
   6350.975589 9.157700e-14 6.357290e+03 1.000000e+00
   6352.746064 9.160500e-14 6.359060e+03 1.000000e+00
   6354.516540 9.240100e-14 6.360840e+03 1.000000e+00
   6356.297018 9.097600e-14 6.362610e+03 1.000000e+00
   6358.067493 8.972500e-14 6.364390e+03 1.000000e+00
   6359.837968 8.934600e-14 6.366170e+03 1.000000e+00
   6361.618446 8.956800e-14 6.367940e+03 1.000000e+00
   6363.388922 8.877900e-14 6.369720e+03 1.000000e+00
   6365.169400 8.883100e-14 6.371490e+03 1.000000e+00
   6366.939875 9.187900e-14 6.373270e+03 1.000000e+00
   6368.710351 9.327700e-14 6.375050e+03 1.000000e+00
   6370.490829 9.317500e-14 6.376820e+03 1.000000e+00
   6372.261304 9.283600e-14 6.378600e+03 1.000000e+00
   6374.031780 9.312200e-14 6.380370e+03 1.000000e+00
   6375.812258 9.364300e-14 6.382150e+03 1.000000e+00
   6377.582733 9.425600e-14 6.383930e+03 1.000000e+00
   6379.363211 9.437200e-14 6.385700e+03 1.000000e+00
   6381.133687 9.410600e-14 6.387480e+03 1.000000e+00
   6382.904162 9.289900e-14 6.389250e+03 1.000000e+00
   6384.684640 9.295400e-14 6.391030e+03 1.000000e+00
   6386.455116 9.440000e-14 6.392810e+03 1.000000e+00
   6388.225591 9.473000e-14 6.394580e+03 1.000000e+00
   6390.006069 9.429300e-14 6.396360e+03 1.000000e+00
   6391.776545 9.428400e-14 6.398130e+03 1.000000e+00
   6393.557023 9.210100e-14 6.399910e+03 1.000000e+00
   6395.327499 9.165800e-14 6.401680e+03 1.000000e+00
   6397.097974 9.236400e-14 6.403460e+03 1.000000e+00
   6398.878452 9.182600e-14 6.405240e+03 1.000000e+00
   6400.648928 9.260900e-14 6.407010e+03 1.000000e+00
   6402.419403 9.137100e-14 6.408790e+03 1.000000e+00
   6404.199881 9.285600e-14 6.410560e+03 1.000000e+00
   6405.970357 9.401900e-14 6.412340e+03 1.000000e+00
   6407.740832 9.301200e-14 6.414120e+03 1.000000e+00
   6409.521311 9.304300e-14 6.415890e+03 1.000000e+00
   6411.291786 9.273300e-14 6.417670e+03 1.000000e+00
   6413.072264 9.201700e-14 6.419440e+03 1.000000e+00
   6414.842740 9.194900e-14 6.421220e+03 1.000000e+00
   6416.613215 9.264100e-14 6.423000e+03 1.000000e+00
   6418.393693 9.316600e-14 6.424770e+03 1.000000e+00
   6420.164169 9.427100e-14 6.426550e+03 1.000000e+00
   6421.934645 9.197300e-14 6.428320e+03 1.000000e+00
   6423.715123 9.179700e-14 6.430100e+03 1.000000e+00
   6425.485598 9.360400e-14 6.431880e+03 1.000000e+00
   6427.266077 9.503900e-14 6.433650e+03 1.000000e+00
   6429.036552 9.516200e-14 6.435430e+03 1.000000e+00
   6430.807028 9.412800e-14 6.437200e+03 1.000000e+00
   6432.587506 9.241200e-14 6.438980e+03 1.000000e+00
   6434.357981 9.312000e-14 6.440760e+03 1.000000e+00
   6436.128457 9.313500e-14 6.442530e+03 1.000000e+00
   6437.908935 9.416200e-14 6.444310e+03 1.000000e+00
   6439.679411 9.433800e-14 6.446080e+03 1.000000e+00
   6441.459889 9.343100e-14 6.447860e+03 1.000000e+00
   6443.230365 9.385100e-14 6.449640e+03 1.000000e+00
   6445.000840 9.482500e-14 6.451410e+03 1.000000e+00
   6446.781319 9.506300e-14 6.453190e+03 1.000000e+00
   6448.551794 9.289400e-14 6.454960e+03 1.000000e+00
   6450.322270 9.169800e-14 6.456740e+03 1.000000e+00
   6452.102748 9.107900e-14 6.458520e+03 1.000000e+00
   6453.873224 9.179300e-14 6.460290e+03 1.000000e+00
   6455.643699 9.204100e-14 6.462070e+03 1.000000e+00
   6457.424178 9.230600e-14 6.463840e+03 1.000000e+00
   6459.194653 9.280900e-14 6.465620e+03 1.000000e+00
   6460.965129 9.465300e-14 6.467390e+03 1.000000e+00
   6462.745607 9.225900e-14 6.469170e+03 1.000000e+00
   6464.516083 9.075000e-14 6.470950e+03 1.000000e+00
   6466.296561 9.034400e-14 6.472720e+03 1.000000e+00
   6468.067037 8.971100e-14 6.474500e+03 1.000000e+00
   6469.837512 9.055200e-14 6.476270e+03 1.000000e+00
   6471.617991 9.236400e-14 6.478050e+03 1.000000e+00
   6473.388466 9.117700e-14 6.479830e+03 1.000000e+00
   6475.158942 9.189000e-14 6.481600e+03 1.000000e+00
   6476.939420 9.265200e-14 6.483380e+03 1.000000e+00
   6478.709896 9.412900e-14 6.485150e+03 1.000000e+00
   6480.490374 9.232300e-14 6.486930e+03 1.000000e+00
   6482.260850 9.241700e-14 6.488710e+03 1.000000e+00
   6484.031326 9.341800e-14 6.490480e+03 1.000000e+00
   6485.811804 9.206600e-14 6.492260e+03 1.000000e+00
   6487.582280 9.177500e-14 6.494030e+03 1.000000e+00
   6489.352756 9.195400e-14 6.495810e+03 1.000000e+00
   6491.133234 8.836900e-14 6.497590e+03 1.000000e+00
   6492.903710 8.787300e-14 6.499360e+03 1.000000e+00
   6494.684188 8.640200e-14 6.501140e+03 1.000000e+00
   6496.454664 8.680800e-14 6.502910e+03 1.000000e+00
   6498.225139 8.634300e-14 6.504690e+03 1.000000e+00
   6500.005618 8.584400e-14 6.506470e+03 1.000000e+00
   6501.776094 8.863500e-14 6.508240e+03 1.000000e+00
   6503.546569 9.020600e-14 6.510020e+03 1.000000e+00
   6505.327048 8.949800e-14 6.511790e+03 1.000000e+00
   6507.097523 8.913100e-14 6.513570e+03 1.000000e+00
   6508.867999 8.968200e-14 6.515350e+03 1.000000e+00
   6510.648478 9.150500e-14 6.517120e+03 1.000000e+00
   6512.418953 9.133100e-14 6.518900e+03 1.000000e+00
   6514.199432 9.444800e-14 6.520670e+03 1.000000e+00
   6515.969907 9.369100e-14 6.522450e+03 1.000000e+00
   6517.740383 9.397200e-14 6.524230e+03 1.000000e+00
   6519.520862 9.382400e-14 6.526000e+03 1.000000e+00
   6521.291337 9.351600e-14 6.527780e+03 1.000000e+00
   6523.061813 9.398700e-14 6.529550e+03 1.000000e+00
   6524.842292 9.316000e-14 6.531330e+03 1.000000e+00
   6526.612767 9.423200e-14 6.533100e+03 1.000000e+00
   6528.393246 9.868400e-14 6.534880e+03 1.000000e+00
   6530.163722 9.538400e-14 6.536660e+03 1.000000e+00
   6531.934197 9.392800e-14 6.538430e+03 1.000000e+00
   6533.714676 9.379800e-14 6.540210e+03 1.000000e+00
   6535.485152 9.429800e-14 6.541980e+03 1.000000e+00
   6537.255628 9.466700e-14 6.543760e+03 1.000000e+00
   6539.036106 9.409700e-14 6.545540e+03 1.000000e+00
   6540.806582 9.379400e-14 6.547310e+03 1.000000e+00
   6542.587060 9.583900e-14 6.549090e+03 1.000000e+00
   6544.357536 9.462400e-14 6.550860e+03 1.000000e+00
   6546.128012 9.410500e-14 6.552640e+03 1.000000e+00
   6547.908490 9.381500e-14 6.554420e+03 1.000000e+00
   6549.678966 9.479100e-14 6.556190e+03 1.000000e+00
   6551.449442 9.371600e-14 6.557970e+03 1.000000e+00
   6553.229921 9.092900e-14 6.559740e+03 1.000000e+00
   6555.000396 9.013100e-14 6.561520e+03 1.000000e+00
   6556.770872 8.872800e-14 6.563300e+03 1.000000e+00
   6558.551351 8.708100e-14 6.565070e+03 1.000000e+00
   6560.321827 8.934500e-14 6.566850e+03 1.000000e+00
   6562.102305 9.119100e-14 6.568620e+03 1.000000e+00
   6563.872781 9.092900e-14 6.570400e+03 1.000000e+00
   6565.643257 8.985900e-14 6.572180e+03 1.000000e+00
   6567.423735 8.780000e-14 6.573950e+03 1.000000e+00
   6569.194211 8.680400e-14 6.575730e+03 1.000000e+00
   6570.964687 8.860800e-14 6.577500e+03 1.000000e+00
   6572.745166 9.029400e-14 6.579280e+03 1.000000e+00
   6574.515642 9.094200e-14 6.581060e+03 1.000000e+00
   6576.286118 8.931000e-14 6.582830e+03 1.000000e+00
   6578.066596 8.985200e-14 6.584610e+03 1.000000e+00
   6579.837072 9.182800e-14 6.586380e+03 1.000000e+00
   6581.617551 9.559400e-14 6.588160e+03 1.000000e+00
   6583.388026 9.971100e-14 6.589940e+03 1.000000e+00
   6585.158502 1.012300e-13 6.591710e+03 1.000000e+00
   6586.938981 9.905300e-14 6.593490e+03 1.000000e+00
   6588.709457 9.640700e-14 6.595260e+03 1.000000e+00
   6590.479933 9.363100e-14 6.597040e+03 1.000000e+00
   6592.260411 8.975700e-14 6.598810e+03 1.000000e+00
   6594.030887 8.909000e-14 6.600590e+03 1.000000e+00
   6595.811366 9.024900e-14 6.602370e+03 1.000000e+00
   6597.581842 9.139200e-14 6.604140e+03 1.000000e+00
   6599.352318 9.190600e-14 6.605920e+03 1.000000e+00
   6601.132796 9.255700e-14 6.607690e+03 1.000000e+00
   6602.903272 9.199400e-14 6.609470e+03 1.000000e+00
   6604.673748 9.257000e-14 6.611250e+03 1.000000e+00
   6606.454227 9.274500e-14 6.613020e+03 1.000000e+00
   6608.224703 9.144800e-14 6.614800e+03 1.000000e+00
   6610.005181 9.144500e-14 6.616570e+03 1.000000e+00
   6611.775657 9.134400e-14 6.618350e+03 1.000000e+00
   6613.546133 9.142000e-14 6.620130e+03 1.000000e+00
   6615.326612 9.250800e-14 6.621900e+03 1.000000e+00
   6617.097088 9.344100e-14 6.623680e+03 1.000000e+00
   6618.867564 9.527700e-14 6.625450e+03 1.000000e+00
   6620.648043 9.550300e-14 6.627230e+03 1.000000e+00
   6622.418519 9.442500e-14 6.629010e+03 1.000000e+00
   6624.188995 9.262800e-14 6.630780e+03 1.000000e+00
   6625.969473 9.224700e-14 6.632560e+03 1.000000e+00
   6627.739949 9.415400e-14 6.634330e+03 1.000000e+00
   6629.520428 9.370200e-14 6.636110e+03 1.000000e+00
   6631.290904 9.215600e-14 6.637890e+03 1.000000e+00
   6633.061380 9.183300e-14 6.639660e+03 1.000000e+00
   6634.841859 9.082500e-14 6.641440e+03 1.000000e+00
   6636.612335 9.030100e-14 6.643210e+03 1.000000e+00
   6638.382811 9.276000e-14 6.644990e+03 1.000000e+00
   6640.163289 9.285500e-14 6.646770e+03 1.000000e+00
   6641.933765 9.123200e-14 6.648540e+03 1.000000e+00
   6643.714244 9.195200e-14 6.650320e+03 1.000000e+00
   6645.484720 9.171100e-14 6.652090e+03 1.000000e+00
   6647.255196 9.156700e-14 6.653870e+03 1.000000e+00
   6649.035675 9.171100e-14 6.655650e+03 1.000000e+00
   6650.806151 9.268100e-14 6.657420e+03 1.000000e+00
   6652.576627 9.213500e-14 6.659200e+03 1.000000e+00
   6654.357106 9.062000e-14 6.660970e+03 1.000000e+00
   6656.127582 9.090400e-14 6.662750e+03 1.000000e+00
   6657.898058 9.183200e-14 6.664520e+03 1.000000e+00
   6659.678537 9.051500e-14 6.666300e+03 1.000000e+00
   6661.449013 9.032900e-14 6.668080e+03 1.000000e+00
   6663.229491 9.042200e-14 6.669850e+03 1.000000e+00
   6664.999967 9.024000e-14 6.671630e+03 1.000000e+00
   6666.770444 8.970600e-14 6.673400e+03 1.000000e+00
   6668.550922 9.050500e-14 6.675180e+03 1.000000e+00
   6670.321398 9.194900e-14 6.676960e+03 1.000000e+00
   6672.091874 9.256900e-14 6.678730e+03 1.000000e+00
   6673.872353 9.128500e-14 6.680510e+03 1.000000e+00
   6675.642829 9.183200e-14 6.682280e+03 1.000000e+00
   6677.423308 9.130500e-14 6.684060e+03 1.000000e+00
   6679.193784 9.025400e-14 6.685840e+03 1.000000e+00
   6680.964260 9.024200e-14 6.687610e+03 1.000000e+00
   6682.744739 9.041500e-14 6.689390e+03 1.000000e+00
   6684.515215 9.242800e-14 6.691160e+03 1.000000e+00
   6686.285691 9.237600e-14 6.692940e+03 1.000000e+00
   6688.066170 9.256300e-14 6.694720e+03 1.000000e+00
   6689.836646 9.334100e-14 6.696490e+03 1.000000e+00
   6691.607122 9.260800e-14 6.698270e+03 1.000000e+00
   6693.387601 9.225200e-14 6.700040e+03 1.000000e+00
   6695.158077 9.153400e-14 6.701820e+03 1.000000e+00
   6696.938556 9.113600e-14 6.703600e+03 1.000000e+00
   6698.709032 9.120600e-14 6.705370e+03 1.000000e+00
   6700.479508 9.070100e-14 6.707150e+03 1.000000e+00
   6702.259987 9.066000e-14 6.708920e+03 1.000000e+00
   6704.030463 9.145300e-14 6.710700e+03 1.000000e+00
   6705.800940 9.081900e-14 6.712470e+03 1.000000e+00
   6707.581418 9.049300e-14 6.714250e+03 1.000000e+00
   6709.351895 9.191500e-14 6.716030e+03 1.000000e+00
   6711.132373 9.096400e-14 6.717800e+03 1.000000e+00
   6712.902850 9.112700e-14 6.719580e+03 1.000000e+00
   6714.673326 9.507700e-14 6.721350e+03 1.000000e+00
   6716.453805 9.848500e-14 6.723130e+03 1.000000e+00
   6718.224281 9.802100e-14 6.724910e+03 1.000000e+00
   6719.994757 9.534700e-14 6.726680e+03 1.000000e+00
   6721.775236 9.260300e-14 6.728460e+03 1.000000e+00
   6723.545712 9.089300e-14 6.730230e+03 1.000000e+00
   6725.316188 9.061300e-14 6.732010e+03 1.000000e+00
   6727.096667 9.178400e-14 6.733790e+03 1.000000e+00
   6728.867143 9.427600e-14 6.735560e+03 1.000000e+00
   6730.647622 9.681900e-14 6.737340e+03 1.000000e+00
   6732.418098 9.668400e-14 6.739110e+03 1.000000e+00
   6734.188575 9.568700e-14 6.740890e+03 1.000000e+00
   6735.969054 9.302200e-14 6.742670e+03 1.000000e+00
   6737.739530 9.086500e-14 6.744440e+03 1.000000e+00
   6739.510006 8.954500e-14 6.746220e+03 1.000000e+00
   6741.290485 8.952100e-14 6.747990e+03 1.000000e+00
   6743.060961 9.110600e-14 6.749770e+03 1.000000e+00
   6744.841440 9.012300e-14 6.751550e+03 1.000000e+00
   6746.611916 8.934400e-14 6.753320e+03 1.000000e+00
   6748.382392 9.067900e-14 6.755100e+03 1.000000e+00
   6750.162871 8.952900e-14 6.756870e+03 1.000000e+00
   6751.933348 9.060800e-14 6.758650e+03 1.000000e+00
   6753.703824 9.126300e-14 6.760430e+03 1.000000e+00
   6755.484303 9.025000e-14 6.762200e+03 1.000000e+00
   6757.254779 9.124800e-14 6.763980e+03 1.000000e+00
   6759.035258 9.035400e-14 6.765750e+03 1.000000e+00
   6760.805734 9.057200e-14 6.767530e+03 1.000000e+00
   6762.576211 9.223200e-14 6.769310e+03 1.000000e+00
   6764.356690 9.154000e-14 6.771080e+03 1.000000e+00
   6766.127166 9.088500e-14 6.772860e+03 1.000000e+00
   6767.897642 9.157100e-14 6.774630e+03 1.000000e+00
   6769.678121 9.029700e-14 6.776410e+03 1.000000e+00
   6771.448597 8.915000e-14 6.778180e+03 1.000000e+00
   6773.219074 8.965000e-14 6.779960e+03 1.000000e+00
   6774.999553 9.194700e-14 6.781740e+03 1.000000e+00
   6776.770029 9.337100e-14 6.783510e+03 1.000000e+00
   6778.550508 9.315400e-14 6.785290e+03 1.000000e+00
   6780.320984 9.205500e-14 6.787060e+03 1.000000e+00
   6782.091460 9.138000e-14 6.788840e+03 1.000000e+00
   6783.871939 9.160500e-14 6.790620e+03 1.000000e+00
   6785.642416 9.040700e-14 6.792390e+03 1.000000e+00
   6787.412892 8.996500e-14 6.794170e+03 1.000000e+00
   6789.193371 8.992000e-14 6.795940e+03 1.000000e+00
   6790.963847 9.093100e-14 6.797720e+03 1.000000e+00
   6792.734324 9.191400e-14 6.799500e+03 1.000000e+00
   6794.514803 9.098500e-14 6.801270e+03 1.000000e+00
   6796.285279 9.075100e-14 6.803050e+03 1.000000e+00
   6798.065758 9.129800e-14 6.804820e+03 1.000000e+00
   6799.836234 9.385900e-14 6.806600e+03 1.000000e+00
   6801.606711 9.290600e-14 6.808380e+03 1.000000e+00
   6803.387190 9.157600e-14 6.810150e+03 1.000000e+00
   6805.157666 9.194100e-14 6.811930e+03 1.000000e+00
   6806.928143 9.164600e-14 6.813700e+03 1.000000e+00
   6808.708622 9.209400e-14 6.815480e+03 1.000000e+00
   6810.479098 9.180600e-14 6.817260e+03 1.000000e+00
   6812.259577 9.230800e-14 6.819030e+03 1.000000e+00
   6814.030053 9.195400e-14 6.820810e+03 1.000000e+00
   6815.800530 9.048000e-14 6.822580e+03 1.000000e+00
   6817.581009 9.144400e-14 6.824360e+03 1.000000e+00
   6819.351485 9.293100e-14 6.826140e+03 1.000000e+00
   6821.121962 9.133900e-14 6.827910e+03 1.000000e+00
   6822.902441 9.198300e-14 6.829690e+03 1.000000e+00
   6824.672917 9.211600e-14 6.831460e+03 1.000000e+00
   6826.443393 9.355500e-14 6.833240e+03 1.000000e+00
   6828.223873 9.313200e-14 6.835020e+03 1.000000e+00
   6829.994349 9.284300e-14 6.836790e+03 1.000000e+00
   6831.774828 9.353200e-14 6.838570e+03 1.000000e+00
   6833.545304 9.427000e-14 6.840340e+03 1.000000e+00
   6835.315781 9.424600e-14 6.842120e+03 1.000000e+00
   6837.096260 9.473100e-14 6.843900e+03 1.000000e+00
   6838.866736 9.368000e-14 6.845670e+03 1.000000e+00
   6840.637213 9.210700e-14 6.847450e+03 1.000000e+00
   6842.417692 9.108600e-14 6.849220e+03 1.000000e+00
   6844.188168 9.222400e-14 6.851000e+03 1.000000e+00
   6845.968647 9.123800e-14 6.852770e+03 1.000000e+00
   6847.739124 9.198600e-14 6.854550e+03 1.000000e+00
   6849.509600 9.421600e-14 6.856330e+03 1.000000e+00
   6851.290079 9.298300e-14 6.858100e+03 1.000000e+00
   6853.060556 9.250100e-14 6.859880e+03 1.000000e+00
   6854.831032 9.033900e-14 6.861650e+03 1.000000e+00
   6856.611511 8.306600e-14 6.863430e+03 1.000000e+00
   6858.381988 7.346700e-14 6.865210e+03 1.000000e+00
   6860.162467 6.701300e-14 6.866980e+03 1.000000e+00
   6861.932943 6.077500e-14 6.868760e+03 1.000000e+00
   6863.703420 6.211900e-14 6.870530e+03 1.000000e+00
   6865.483899 6.557400e-14 6.872310e+03 1.000000e+00
   6867.254376 7.041000e-14 6.874090e+03 1.000000e+00
   6869.024852 7.596100e-14 6.875860e+03 1.000000e+00
   6870.805331 8.126600e-14 6.877640e+03 1.000000e+00
   6872.575808 8.546900e-14 6.879410e+03 1.000000e+00
   6874.346284 8.570400e-14 6.881190e+03 1.000000e+00
   6876.126763 8.391000e-14 6.882970e+03 1.000000e+00
   6877.897240 8.270300e-14 6.884740e+03 1.000000e+00
   6879.677719 8.086900e-14 6.886520e+03 1.000000e+00
   6881.448195 7.840800e-14 6.888290e+03 1.000000e+00
   6883.218672 7.917800e-14 6.890070e+03 1.000000e+00
   6884.999151 8.040800e-14 6.891850e+03 1.000000e+00
   6886.769628 8.151600e-14 6.893620e+03 1.000000e+00
   6888.540104 8.189500e-14 6.895400e+03 1.000000e+00
   6890.320583 8.312700e-14 6.897170e+03 1.000000e+00
   6892.091060 8.504300e-14 6.898950e+03 1.000000e+00
   6893.871539 8.432700e-14 6.900730e+03 1.000000e+00
   6895.642016 8.490300e-14 6.902500e+03 1.000000e+00
   6897.412492 8.482400e-14 6.904280e+03 1.000000e+00
   6899.192971 8.547000e-14 6.906050e+03 1.000000e+00
   6900.963448 8.865900e-14 6.907830e+03 1.000000e+00
   6902.733924 8.778100e-14 6.909600e+03 1.000000e+00
   6904.514404 8.828500e-14 6.911380e+03 1.000000e+00
   6906.284880 9.030300e-14 6.913160e+03 1.000000e+00
   6908.055357 8.939200e-14 6.914930e+03 1.000000e+00
   6909.835836 9.135200e-14 6.916710e+03 1.000000e+00
   6911.606312 9.170200e-14 6.918480e+03 1.000000e+00
   6913.386792 8.986600e-14 6.920260e+03 1.000000e+00
   6915.157268 8.956000e-14 6.922040e+03 1.000000e+00
   6916.927745 8.963300e-14 6.923810e+03 1.000000e+00
   6918.708224 9.159600e-14 6.925590e+03 1.000000e+00
   6920.478701 9.000200e-14 6.927360e+03 1.000000e+00
   6922.249177 8.956500e-14 6.929140e+03 1.000000e+00
   6924.029656 8.929800e-14 6.930920e+03 1.000000e+00
   6925.800133 8.950700e-14 6.932690e+03 1.000000e+00
   6927.580612 8.710300e-14 6.934470e+03 1.000000e+00
   6929.351089 8.626000e-14 6.936240e+03 1.000000e+00
   6931.121565 8.540500e-14 6.938020e+03 1.000000e+00
   6932.902045 8.620400e-14 6.939800e+03 1.000000e+00
   6934.672521 8.931500e-14 6.941570e+03 1.000000e+00
   6936.442998 8.748500e-14 6.943350e+03 1.000000e+00
   6938.223477 8.925600e-14 6.945120e+03 1.000000e+00
   6939.993954 9.077100e-14 6.946900e+03 1.000000e+00
   6941.764430 8.988600e-14 6.948680e+03 1.000000e+00
   6943.544910 9.115200e-14 6.950450e+03 1.000000e+00
   6945.315386 9.021100e-14 6.952230e+03 1.000000e+00
   6947.095866 9.008400e-14 6.954000e+03 1.000000e+00
   6948.866342 8.885000e-14 6.955780e+03 1.000000e+00
   6950.636819 9.003000e-14 6.957560e+03 1.000000e+00
   6952.417298 9.135900e-14 6.959330e+03 1.000000e+00
   6954.187775 9.163800e-14 6.961110e+03 1.000000e+00
   6955.958251 9.337900e-14 6.962880e+03 1.000000e+00
   6957.738731 9.516600e-14 6.964660e+03 1.000000e+00
   6959.509207 9.542200e-14 6.966440e+03 1.000000e+00
   6961.289687 9.520600e-14 6.968210e+03 1.000000e+00
   6963.060163 9.515800e-14 6.969990e+03 1.000000e+00
   6964.830640 9.570900e-14 6.971760e+03 1.000000e+00
   6966.611119 9.510000e-14 6.973540e+03 1.000000e+00
   6968.381596 9.435600e-14 6.975310e+03 1.000000e+00
   6970.152073 9.484100e-14 6.977090e+03 1.000000e+00
   6971.932552 9.401000e-14 6.978870e+03 1.000000e+00
   6973.703029 9.437100e-14 6.980640e+03 1.000000e+00
   6975.483508 9.151500e-14 6.982420e+03 1.000000e+00
   6977.253985 8.959400e-14 6.984190e+03 1.000000e+00
   6979.024461 8.717500e-14 6.985970e+03 1.000000e+00
   6980.804941 8.670000e-14 6.987750e+03 1.000000e+00
   6982.575417 8.845200e-14 6.989520e+03 1.000000e+00
   6984.345894 9.025600e-14 6.991300e+03 1.000000e+00
   6986.126374 9.140800e-14 6.993070e+03 1.000000e+00
   6987.896850 9.195700e-14 6.994850e+03 1.000000e+00
   6989.667327 9.278800e-14 6.996630e+03 1.000000e+00
   6991.447806 9.392900e-14 6.998400e+03 1.000000e+00
   6993.218283 9.168400e-14 7.000180e+03 1.000000e+00
   6994.998762 9.173100e-14 7.001950e+03 1.000000e+00
   6996.769239 9.065200e-14 7.003730e+03 1.000000e+00
   6998.539716 8.991000e-14 7.005510e+03 1.000000e+00
   7000.320195 9.143900e-14 7.007280e+03 1.000000e+00
   7002.090672 9.189200e-14 7.009060e+03 1.000000e+00
   7003.861149 9.015100e-14 7.010830e+03 1.000000e+00
   7005.641628 8.954900e-14 7.012610e+03 1.000000e+00
   7007.412105 9.005000e-14 7.014390e+03 1.000000e+00
   7009.182581 9.167900e-14 7.016160e+03 1.000000e+00
   7010.963061 9.177300e-14 7.017940e+03 1.000000e+00
   7012.733538 9.233800e-14 7.019710e+03 1.000000e+00
   7014.514017 9.085700e-14 7.021490e+03 1.000000e+00
   7016.284494 8.858600e-14 7.023260e+03 1.000000e+00
   7018.054971 8.948100e-14 7.025040e+03 1.000000e+00
   7019.835450 8.976800e-14 7.026820e+03 1.000000e+00
   7021.605927 9.121400e-14 7.028590e+03 1.000000e+00
   7023.736500 8.780600e-14 7.030720e+03 0.000000e+00
   7039.930861 9.147600e-14 7.046930e+03 0.000000e+00
   7056.155231 9.486200e-14 7.063180e+03 0.000000e+00
   7072.419611 8.747400e-14 7.079460e+03 0.000000e+00
   7088.724002 9.029500e-14 7.095780e+03 0.000000e+00
   7105.068405 8.481000e-14 7.112140e+03 0.000000e+00
   7121.442815 8.399000e-14 7.128530e+03 0.000000e+00
   7137.867240 8.222600e-14 7.144960e+03 0.000000e+00
   7154.311670 8.332800e-14 7.161430e+03 0.000000e+00
   7170.806113 8.425100e-14 7.177940e+03 0.000000e+00
   7187.340568 8.267100e-14 7.194490e+03 0.000000e+00
   7203.905031 8.149500e-14 7.211080e+03 0.000000e+00
   7220.509506 8.548900e-14 7.227700e+03 0.000000e+00
   7237.153991 8.584000e-14 7.244360e+03 0.000000e+00
   7253.838487 8.384300e-14 7.261060e+03 0.000000e+00
   7270.562994 8.303200e-14 7.277800e+03 0.000000e+00
   7287.317510 8.472700e-14 7.294570e+03 0.000000e+00
   7304.122039 8.645700e-14 7.311390e+03 0.000000e+00
   7320.956577 8.601500e-14 7.328250e+03 0.000000e+00
   7337.831126 8.817500e-14 7.345140e+03 0.000000e+00
   7354.755688 8.813000e-14 7.362070e+03 0.000000e+00
   7371.710259 8.588100e-14 7.379040e+03 0.000000e+00
   7388.694838 9.176300e-14 7.396050e+03 0.000000e+00
   7405.729431 9.108400e-14 7.413100e+03 0.000000e+00
   7422.804034 8.754100e-14 7.430190e+03 0.000000e+00
   7439.918649 8.932700e-14 7.447320e+03 0.000000e+00
   7457.063273 8.948500e-14 7.464490e+03 0.000000e+00
   7474.257909 9.026600e-14 7.481700e+03 0.000000e+00
   7491.482555 8.939000e-14 7.498940e+03 0.000000e+00
   7508.757214 9.100400e-14 7.516230e+03 0.000000e+00
   7526.061881 9.222000e-14 7.533560e+03 0.000000e+00
   7543.416562 9.195900e-14 7.550920e+03 0.000000e+00
   7560.801251 9.064800e-14 7.568330e+03 0.000000e+00
   7578.235954 8.956200e-14 7.585780e+03 0.000000e+00
   7595.700666 8.848900e-14 7.603260e+03 0.000000e+00
   7613.215391 8.742900e-14 7.620790e+03 0.000000e+00
   7630.760125 8.578600e-14 7.638360e+03 0.000000e+00
   7648.354872 8.633400e-14 7.655970e+03 0.000000e+00
   7665.979627 8.490700e-14 7.673610e+03 0.000000e+00
   7683.654397 8.369600e-14 7.691300e+03 0.000000e+00
   7701.369177 8.403600e-14 7.709040e+03 0.000000e+00
   7719.123968 8.379600e-14 7.726810e+03 0.000000e+00
   7736.918771 8.184400e-14 7.744620e+03 0.000000e+00
   7754.753584 8.161000e-14 7.762470e+03 0.000000e+00
   7772.628408 8.308100e-14 7.780370e+03 0.000000e+00
   7790.543244 8.077200e-14 7.798300e+03 0.000000e+00
   7808.498090 8.091300e-14 7.816280e+03 0.000000e+00
   7826.502950 8.487300e-14 7.834300e+03 0.000000e+00
   7844.547822 7.989600e-14 7.852360e+03 0.000000e+00
   7862.632704 8.284800e-14 7.870460e+03 0.000000e+00
   7880.757597 8.299200e-14 7.888600e+03 0.000000e+00
   7898.922501 8.390500e-14 7.906790e+03 0.000000e+00
   7917.127417 8.213800e-14 7.925010e+03 0.000000e+00
   7935.382346 8.059200e-14 7.943280e+03 0.000000e+00
   7953.677286 7.692100e-14 7.961590e+03 0.000000e+00
   7972.012237 8.050000e-14 7.979950e+03 0.000000e+00
   7990.387199 8.026800e-14 7.998340e+03 0.000000e+00
   8008.802172 7.912100e-14 8.016780e+03 0.000000e+00
   8027.267159 8.337600e-14 8.035260e+03 0.000000e+00
   8045.772157 8.409900e-14 8.053780e+03 0.000000e+00
   8064.317166 8.327900e-14 8.072350e+03 0.000000e+00
   8082.912189 8.022000e-14 8.090960e+03 0.000000e+00
   8101.537220 7.962100e-14 8.109610e+03 0.000000e+00
   8120.222267 8.199200e-14 8.128310e+03 0.000000e+00
   8138.937323 8.289200e-14 8.147040e+03 0.000000e+00
   8157.702392 8.021500e-14 8.165820e+03 0.000000e+00
   8176.507473 7.906800e-14 8.184650e+03 0.000000e+00
   8195.352564 7.740000e-14 8.203520e+03 0.000000e+00
   8214.247669 8.137300e-14 8.222430e+03 0.000000e+00
   8233.182786 7.947400e-14 8.241380e+03 0.000000e+00
   8252.167916 8.221700e-14 8.260380e+03 0.000000e+00
   8271.183054 8.350300e-14 8.279420e+03 0.000000e+00
   8290.248206 8.061900e-14 8.298510e+03 0.000000e+00
   8309.363372 7.946500e-14 8.317640e+03 0.000000e+00
   8328.518548 7.996700e-14 8.336810e+03 0.000000e+00
   8347.713736 7.756200e-14 8.356030e+03 0.000000e+00
   8366.958938 7.987000e-14 8.375290e+03 0.000000e+00
   8386.244150 7.836400e-14 8.394600e+03 0.000000e+00
   8405.579377 8.014000e-14 8.413950e+03 0.000000e+00
   8424.954614 7.737200e-14 8.433350e+03 0.000000e+00
   8444.379865 7.608700e-14 8.452790e+03 0.000000e+00
   8463.845127 7.709800e-14 8.472270e+03 0.000000e+00
   8483.350400 7.616800e-14 8.491800e+03 0.000000e+00
   8502.915690 7.771500e-14 8.511380e+03 0.000000e+00
   8522.510987 7.589800e-14 8.531000e+03 0.000000e+00
   8542.156299 7.532800e-14 8.550670e+03 0.000000e+00
   8561.851624 7.289300e-14 8.570380e+03 0.000000e+00
   8581.586961 7.575500e-14 8.590140e+03 0.000000e+00
   8601.372311 7.553300e-14 8.609940e+03 0.000000e+00
   8621.197672 7.462100e-14 8.629790e+03 0.000000e+00
   8641.073046 7.613500e-14 8.649680e+03 0.000000e+00
   8660.988432 7.249500e-14 8.669620e+03 0.000000e+00
   8680.953832 7.195000e-14 8.689600e+03 0.000000e+00
   8700.969245 6.803800e-14 8.709640e+03 0.000000e+00
   8721.024669 7.472600e-14 8.729710e+03 0.000000e+00
   8741.130107 7.433500e-14 8.749840e+03 0.000000e+00
   8761.285559 7.394500e-14 8.770010e+03 0.000000e+00
   8781.481022 7.561800e-14 8.790230e+03 0.000000e+00
   8801.716496 7.401900e-14 8.810490e+03 0.000000e+00
   8822.011986 7.448400e-14 8.830800e+03 0.000000e+00
   8842.347487 7.564400e-14 8.851160e+03 0.000000e+00
   8862.733002 7.559500e-14 8.871560e+03 0.000000e+00
   8883.158528 7.082800e-14 8.892010e+03 0.000000e+00
   8903.644070 7.094400e-14 8.912510e+03 0.000000e+00
   8924.169624 7.089700e-14 8.933050e+03 0.000000e+00
   8944.735188 7.085000e-14 8.953650e+03 0.000000e+00
   8965.360769 6.935100e-14 8.974290e+03 0.000000e+00
   8986.026361 6.772700e-14 8.994980e+03 0.000000e+00
   9006.741967 7.119800e-14 9.015710e+03 0.000000e+00
   9027.507586 6.355900e-14 9.036500e+03 0.000000e+00
   9048.313216 7.445300e-14 9.057330e+03 0.000000e+00
   9069.168860 7.561200e-14 9.078200e+03 0.000000e+00
   9090.074518 6.859500e-14 9.099130e+03 0.000000e+00
   9111.030190 6.792000e-14 9.120110e+03 0.000000e+00
   9132.035875 6.850200e-14 9.141130e+03 0.000000e+00
   9153.081571 6.924700e-14 9.162200e+03 0.000000e+00
   9174.187284 7.032400e-14 9.183330e+03 0.000000e+00
   9195.333008 6.899300e-14 9.204500e+03 0.000000e+00
   9216.528745 6.990400e-14 9.225710e+03 0.000000e+00
   9237.784499 6.625300e-14 9.246980e+03 0.000000e+00
   9259.070261 6.635900e-14 9.268300e+03 0.000000e+00
   9280.416040 7.287800e-14 9.289660e+03 0.000000e+00
   9301.811833 6.688000e-14 9.311080e+03 0.000000e+00
   9323.257639 7.063000e-14 9.332540e+03 0.000000e+00
   9344.743456 7.041800e-14 9.354060e+03 0.000000e+00
   9366.289289 6.924300e-14 9.375620e+03 0.000000e+00
   9387.885137 7.015700e-14 9.397230e+03 0.000000e+00
   9409.520995 6.882700e-14 9.418900e+03 0.000000e+00
   9431.206867 7.038000e-14 9.440610e+03 0.000000e+00
   9452.952755 6.936500e-14 9.462370e+03 0.000000e+00
   9474.748657 7.060400e-14 9.484180e+03 0.000000e+00
   9496.584571 7.055300e-14 9.506050e+03 0.000000e+00
   9518.480500 6.921600e-14 9.527960e+03 0.000000e+00
   9540.416441 6.948500e-14 9.549930e+03 0.000000e+00
   9562.412398 6.785400e-14 9.571940e+03 0.000000e+00
   9584.458369 7.002600e-14 9.594010e+03 0.000000e+00
   9606.554353 6.901500e-14 9.616120e+03 0.000000e+00
   9628.690349 6.928200e-14 9.638290e+03 0.000000e+00
   9650.886361 6.812500e-14 9.660510e+03 0.000000e+00
   9673.142389 6.807400e-14 9.682780e+03 0.000000e+00
   9695.438429 6.865400e-14 9.705100e+03 0.000000e+00
   9717.784482 6.766100e-14 9.727470e+03 0.000000e+00
   9740.190551 6.699100e-14 9.749900e+03 0.000000e+00
   9762.646635 6.663400e-14 9.772370e+03 0.000000e+00
   9785.142729 6.597400e-14 9.794900e+03 0.000000e+00
   9807.708843 6.730400e-14 9.817480e+03 0.000000e+00
   9830.314967 6.663700e-14 9.840110e+03 0.000000e+00
   9852.971105 6.689400e-14 9.862790e+03 0.000000e+00
   9875.687260 6.623100e-14 9.885530e+03 0.000000e+00
   9898.453428 6.618000e-14 9.908320e+03 0.000000e+00
   9921.269610 6.537300e-14 9.931160e+03 0.000000e+00
   9944.145809 6.577600e-14 9.954050e+03 0.000000e+00
   9967.072021 6.587700e-14 9.977000e+03 0.000000e+00
   9990.048247 6.552400e-14 1.000000e+04 0.000000e+00
  10036.150740 6.527200e-14 1.004615e+04 0.000000e+00
  10082.483296 6.427700e-14 1.009253e+04 0.000000e+00
  10129.015907 6.477000e-14 1.013912e+04 0.000000e+00
  10175.768579 6.392800e-14 1.018591e+04 0.000000e+00
  10222.751313 6.397400e-14 1.023294e+04 0.000000e+00
  10269.934102 6.387200e-14 1.028017e+04 0.000000e+00
  10293.600518 6.352800e-14 1.030386e+04 0.000000e+00
  10509.138951 6.092400e-14 1.051962e+04 0.000000e+00
  10704.531934 5.795800e-14 1.071520e+04 0.000000e+00
  10903.535906 5.586100e-14 1.091441e+04 0.000000e+00
  11106.250894 5.347000e-14 1.111732e+04 0.000000e+00
  11312.726913 5.213300e-14 1.132400e+04 0.000000e+00
  11496.536790 5.153600e-14 1.150800e+04 0.000000e+00
  11710.274798 5.001600e-14 1.172195e+04 0.000000e+00
  11900.556446 4.809600e-14 1.191243e+04 0.000000e+00
  12093.928941 4.700100e-14 1.210599e+04 0.000000e+00
  12290.442295 4.614400e-14 1.230269e+04 0.000000e+00
  12490.136520 4.478300e-14 1.250259e+04 0.000000e+00
  12693.091637 4.366300e-14 1.270574e+04 0.000000e+00
  12899.327651 4.247300e-14 1.291219e+04 0.000000e+00
  13108.924585 4.160200e-14 1.312200e+04 0.000000e+00
  13291.294127 4.028200e-14 1.330455e+04 0.000000e+00
  13507.252801 3.945600e-14 1.352073e+04 0.000000e+00
  13695.163859 3.864700e-14 1.370882e+04 0.000000e+00
  13917.684326 3.724900e-14 1.393157e+04 0.000000e+00
  14111.306945 3.565400e-14 1.412538e+04 0.000000e+00
  14307.610298 3.508400e-14 1.432188e+04 0.000000e+00
  14506.654399 3.508400e-14 1.452112e+04 0.000000e+00
  14708.459255 3.389300e-14 1.472313e+04 0.000000e+00
  14913.064876 3.412800e-14 1.492794e+04 0.000000e+00
  15120.521277 3.412800e-14 1.513561e+04 0.000000e+00
  15295.618883 3.452300e-14 1.531087e+04 0.000000e+00
  15508.396737 3.412800e-14 1.552387e+04 0.000000e+00
  15687.985570 3.350500e-14 1.570363e+04 0.000000e+00
  15906.224917 3.236800e-14 1.592209e+04 0.000000e+00
  16090.395001 3.244200e-14 1.610645e+04 0.000000e+00
  16314.235878 3.207100e-14 1.633051e+04 0.000000e+00
  16503.157260 3.155800e-14 1.651962e+04 0.000000e+00
  16694.259239 3.112500e-14 1.671091e+04 0.000000e+00
  16887.571821 3.048700e-14 1.690442e+04 0.000000e+00
  17122.505727 2.965600e-14 1.713958e+04 0.000000e+00
  17320.749656 2.845200e-14 1.733803e+04 0.000000e+00
  17521.324221 2.754900e-14 1.753880e+04 0.000000e+00
  17724.219419 2.643100e-14 1.774190e+04 0.000000e+00
  17888.204034 2.541600e-14 1.790605e+04 0.000000e+00
  18095.340391 2.421600e-14 1.811340e+04 0.000000e+00
  18304.887406 2.350200e-14 1.832314e+04 0.000000e+00
  18516.845079 2.270400e-14 1.853532e+04 0.000000e+00
  18688.171698 2.168300e-14 1.870681e+04 0.000000e+00
  18904.570583 2.104300e-14 1.892343e+04 0.000000e+00
  19123.480154 2.061200e-14 1.914256e+04 0.000000e+00
  19300.418305 1.986600e-14 1.931967e+04 0.000000e+00
  19523.909127 1.905900e-14 1.954339e+04 0.000000e+00
  19704.568294 1.841200e-14 1.972423e+04 0.000000e+00
  19886.877911 1.782800e-14 1.990672e+04 0.000000e+00
  20117.170589 1.750300e-14 2.013724e+04 0.000000e+00
  20303.321255 1.683100e-14 2.032357e+04 0.000000e+00
  20491.162382 1.656200e-14 2.051161e+04 0.000000e+00
  20728.446968 1.607400e-14 2.074913e+04 0.000000e+00
  20920.259179 1.567200e-14 2.094113e+04 0.000000e+00
  21113.811865 1.535000e-14 2.113488e+04 0.000000e+00
  21309.185047 1.496600e-14 2.133045e+04 0.000000e+00
  21506.368724 1.462600e-14 2.152783e+04 0.000000e+00
  21705.352892 1.409600e-14 2.172701e+04 0.000000e+00
  21906.197567 1.383900e-14 2.192805e+04 0.000000e+00
  22108.872743 1.340000e-14 2.213094e+04 0.000000e+00
  22313.458439 1.300500e-14 2.233572e+04 0.000000e+00
  22519.934651 1.268000e-14 2.254240e+04 0.000000e+00
  22728.291377 1.233400e-14 2.275097e+04 0.000000e+00
  22885.844272 1.104400e-14 2.290868e+04 0.000000e+00
  23097.591922 1.091700e-14 2.312064e+04 0.000000e+00
  23311.320113 9.552400e-15 2.333458e+04 0.000000e+00
  23527.028845 8.997300e-15 2.355050e+04 0.000000e+00
  23690.093243 9.101500e-15 2.371374e+04 0.000000e+00
  23909.312933 8.358200e-15 2.393317e+04 0.000000e+00
  24130.523165 8.074400e-15 2.415460e+04 0.000000e+00
  24297.798713 7.982000e-15 2.432205e+04 0.000000e+00
  24522.609927 7.432100e-15 2.454708e+04 0.000000e+00
  24692.606217 7.313300e-15 2.471725e+04 0.000000e+00
  24921.068428 6.181700e-15 2.494594e+04 0.000000e+00
  25093.825471 6.096900e-15 2.511887e+04 0.000000e+00
  25325.998694 6.139200e-15 2.535128e+04 0.000000e+00
  25501.566504 6.082900e-15 2.552702e+04 0.000000e+00
  25678.324638 6.167500e-15 2.570395e+04 0.000000e+00
  25915.929343 6.041000e-15 2.594179e+04 0.000000e+00
  26095.558260 6.013300e-15 2.612160e+04 0.000000e+00
  26337.034021 5.849400e-15 2.636331e+04 0.000000e+00
  26519.583735 5.782400e-15 2.654604e+04 0.000000e+00
  26703.423801 5.663800e-15 2.673007e+04 0.000000e+00
  26888.504206 5.573300e-15 2.691534e+04 0.000000e+00
  27137.311966 5.471600e-15 2.716439e+04 0.000000e+00
  27325.403192 5.347000e-15 2.735267e+04 0.000000e+00
  27514.834783 5.261500e-15 2.754229e+04 0.000000e+00
  27705.546724 5.129900e-15 2.773319e+04 0.000000e+00
  27897.609033 5.059500e-15 2.792545e+04 0.000000e+00
  28090.971696 4.944400e-15 2.811900e+04 0.000000e+00
  28285.704734 4.865300e-15 2.831393e+04 0.000000e+00
  28481.758131 4.754600e-15 2.851018e+04 0.000000e+00
  28679.201908 4.657100e-15 2.870782e+04 0.000000e+00
  28877.976047 4.572100e-15 2.890680e+04 0.000000e+00
  29078.170574 4.478300e-15 2.910719e+04 0.000000e+00
  29279.715469 4.376300e-15 2.930893e+04 0.000000e+00
  29482.660746 4.286600e-15 2.951208e+04 0.000000e+00
  29687.036413 4.218000e-15 2.971666e+04 0.000000e+00
  29892.802460 4.122000e-15 2.992263e+04 0.000000e+00
  30100.028904 4.046800e-15 3.013007e+04 0.000000e+00
  30308.655731 3.963800e-15 3.033890e+04 0.000000e+00
  30518.762961 3.909400e-15 3.054922e+04 0.000000e+00
  30730.300582 3.846900e-15 3.076096e+04 0.000000e+00
  30943.328608 3.776700e-15 3.097421e+04 0.000000e+00
  31086.147511 3.716300e-15 3.111717e+04 0.000000e+00
  31301.606201 3.656900e-15 3.133284e+04 0.000000e+00
  31518.595308 3.590100e-15 3.155005e+04 0.000000e+00
  31737.054816 3.524600e-15 3.176873e+04 0.000000e+00
  31883.574728 3.476300e-15 3.191539e+04 0.000000e+00
  32104.564926 3.412800e-15 3.213660e+04 0.000000e+00
  32327.125553 3.358200e-15 3.235938e+04 0.000000e+00
  32476.326196 3.304500e-15 3.250874e+04 0.000000e+00
  32701.427515 3.251700e-15 3.273406e+04 0.000000e+00
  32928.119268 3.207100e-15 3.296098e+04 0.000000e+00
  33080.100670 3.163100e-15 3.311311e+04 0.000000e+00
  33309.383129 3.076900e-15 3.334262e+04 0.000000e+00
  33540.286031 3.020700e-15 3.357376e+04 0.000000e+00
  33695.098204 2.958800e-15 3.372872e+04 0.000000e+00
  33928.681836 2.898100e-15 3.396254e+04 0.000000e+00
  34085.274495 2.838600e-15 3.411929e+04 0.000000e+00
  34321.528856 2.793300e-15 3.435578e+04 0.000000e+00
  34479.972019 2.736000e-15 3.451438e+04 0.000000e+00
  34718.957125 2.686000e-15 3.475361e+04 0.000000e+00
  34879.240790 2.630900e-15 3.491405e+04 0.000000e+00
  35120.996651 2.582900e-15 3.515604e+04 0.000000e+00
  35283.090810 2.529900e-15 3.531830e+04 0.000000e+00
  35527.687445 2.483800e-15 3.556314e+04 0.000000e+00
  35691.662117 2.432800e-15 3.572728e+04 0.000000e+00
  35939.089524 2.388400e-15 3.597495e+04 0.000000e+00
  36104.964714 2.344800e-15 3.614099e+04 0.000000e+00
  36271.600112 2.302000e-15 3.630780e+04 0.000000e+00
  36523.048615 2.254800e-15 3.655950e+04 0.000000e+00
  36691.614539 2.208600e-15 3.672823e+04 0.000000e+00
  36945.933826 2.158300e-15 3.698280e+04 0.000000e+00
  37116.500295 2.114000e-15 3.715354e+04 0.000000e+00
  37287.806966 2.080200e-15 3.732502e+04 0.000000e+00
  37546.247376 2.032900e-15 3.758372e+04 0.000000e+00
  37719.584600 2.000400e-15 3.775723e+04 0.000000e+00
  37893.682032 1.963900e-15 3.793150e+04 0.000000e+00
  38068.579683 1.928000e-15 3.810657e+04 0.000000e+00
  38332.481582 1.892800e-15 3.837073e+04 0.000000e+00
  38509.399783 1.858300e-15 3.854783e+04 0.000000e+00
  38687.138208 1.820200e-15 3.872575e+04 0.000000e+00
  38955.331277 1.786900e-15 3.899421e+04 0.000000e+00
  39135.130263 1.754300e-15 3.917418e+04 0.000000e+00
  39315.749473 1.722300e-15 3.935499e+04 0.000000e+00
  39497.248924 1.683100e-15 3.953667e+04 0.000000e+00
  39679.548592 1.652400e-15 3.971915e+04 0.000000e+00
  39954.623538 1.614800e-15 3.999450e+04 0.000000e+00
  40139.033781 1.592600e-15 4.017909e+04 0.000000e+00
  40324.294257 1.563500e-15 4.036454e+04 0.000000e+00
  40510.404964 1.531500e-15 4.055084e+04 0.000000e+00
  40697.425920 1.507000e-15 4.073804e+04 0.000000e+00
  40885.267099 1.479500e-15 4.092607e+04 0.000000e+00
  41073.968513 1.455800e-15 4.111496e+04 0.000000e+00
  41358.696090 1.432600e-15 4.139998e+04 0.000000e+00
  41549.588101 1.406400e-15 4.159106e+04 0.000000e+00
  41741.360352 1.380700e-15 4.178302e+04 0.000000e+00
  41934.062857 1.355500e-15 4.197591e+04 0.000000e+00
  42127.605590 1.330800e-15 4.216965e+04 0.000000e+00
  42322.038567 1.315600e-15 4.236428e+04 0.000000e+00
  42517.421802 1.288600e-15 4.255986e+04 0.000000e+00
  42713.665272 1.270900e-15 4.275629e+04 0.000000e+00
  42910.808988 1.216500e-15 4.295363e+04 0.000000e+00
  43108.902962 1.164400e-15 4.315193e+04 0.000000e+00
  43307.877177 1.161700e-15 4.335110e+04 0.000000e+00
  43507.761639 1.114600e-15 4.355118e+04 0.000000e+00
  43708.566353 1.089200e-15 4.375219e+04 0.000000e+00
  43910.351334 1.066900e-15 4.395418e+04 0.000000e+00
  44113.016554 1.005400e-15 4.415704e+04 0.000000e+00
  44316.622031 9.911100e-16 4.436085e+04 0.000000e+00
  44521.207776 9.767700e-16 4.456564e+04 0.000000e+00
  44726.693766 9.623700e-16 4.477133e+04 0.000000e+00
  44933.130015 9.484300e-16 4.497797e+04 0.000000e+00
  45140.566536 9.350200e-16 4.518562e+04 0.000000e+00
  45348.913306 9.215500e-16 4.539417e+04 0.000000e+00
  45558.210335 9.080300e-16 4.560368e+04 0.000000e+00
  45663.228950 9.012400e-16 4.570880e+04 0.000000e+00
  45874.036390 8.883300e-16 4.591982e+04 0.000000e+00
  46085.764082 8.757100e-16 4.613176e+04 0.000000e+00
  46298.472041 8.630300e-16 4.634468e+04 0.000000e+00
  46512.210280 8.503000e-16 4.655863e+04 0.000000e+00
  46726.888776 8.378800e-16 4.677352e+04 0.000000e+00
  46942.547539 8.260300e-16 4.698940e+04 0.000000e+00
  47159.216578 8.141200e-16 4.720628e+04 0.000000e+00
  47267.976213 8.081500e-16 4.731515e+04 0.000000e+00
  47486.135658 7.961600e-16 4.753353e+04 0.000000e+00
  47705.305378 7.846600e-16 4.775292e+04 0.000000e+00
  47925.535388 7.735100e-16 4.797337e+04 0.000000e+00
  48146.735662 7.623100e-16 4.819479e+04 0.000000e+00
  48257.715902 7.566800e-16 4.830588e+04 0.000000e+00
  48480.446593 7.454000e-16 4.852884e+04 0.000000e+00
  48704.257579 7.347500e-16 4.875287e+04 0.000000e+00
  48929.048832 7.242600e-16 4.897789e+04 0.000000e+00
  49154.890371 7.137200e-16 4.920395e+04 0.000000e+00
  49268.191244 7.084300e-16 4.931736e+04 0.000000e+00
  49495.643222 6.978100e-16 4.954504e+04 0.000000e+00
  49724.085470 6.879600e-16 4.977371e+04 0.000000e+00
  49953.588008 6.780800e-16 5.000344e+04 0.000000e+00
  50068.729383 6.731300e-16 5.011870e+04 0.000000e+00
  50299.872367 6.631800e-16 5.035008e+04 0.000000e+00
  50532.035630 6.533300e-16 5.058246e+04 0.000000e+00
  50765.259181 6.440800e-16 5.081593e+04 0.000000e+00
  50882.281069 6.394400e-16 5.093306e+04 0.000000e+00
  50999.623044 6.347900e-16 5.105052e+04 0.000000e+00
  51117.175076 6.301200e-16 5.116820e+04 0.000000e+00
  51235.007184 6.254500e-16 5.128614e+04 0.000000e+00
  51353.109366 6.207700e-16 5.140436e+04 0.000000e+00
  51471.481622 6.160700e-16 5.152285e+04 0.000000e+00
  51590.123952 6.116400e-16 5.164162e+04 0.000000e+00
  51709.106374 6.073000e-16 5.176071e+04 0.000000e+00
  51828.298853 6.029400e-16 5.188002e+04 0.000000e+00
  51947.761406 5.985700e-16 5.199961e+04 0.000000e+00
  52067.504035 5.942000e-16 5.211947e+04 0.000000e+00
  52187.526741 5.898100e-16 5.223961e+04 0.000000e+00
  52307.819520 5.854200e-16 5.236003e+04 0.000000e+00
  52428.392376 5.810100e-16 5.248072e+04 0.000000e+00
  52549.305324 5.766400e-16 5.260175e+04 0.000000e+00
  52670.428330 5.725600e-16 5.272300e+04 0.000000e+00
  52791.841414 5.684700e-16 5.284453e+04 0.000000e+00
  52913.534575 5.643800e-16 5.296634e+04 0.000000e+00
  53035.497810 5.602700e-16 5.308843e+04 0.000000e+00
  53157.751124 5.561500e-16 5.321080e+04 0.000000e+00
  53280.344530 5.520200e-16 5.333352e+04 0.000000e+00
  53403.157997 5.478900e-16 5.345646e+04 0.000000e+00
  53526.251540 5.437400e-16 5.357968e+04 0.000000e+00
  53649.635161 5.397700e-16 5.370318e+04 0.000000e+00
  53773.308862 5.359300e-16 5.382697e+04 0.000000e+00
  53897.252637 5.320800e-16 5.395105e+04 0.000000e+00
  54021.486491 5.282300e-16 5.407541e+04 0.000000e+00
  54146.070440 5.243600e-16 5.420011e+04 0.000000e+00
  54270.884451 5.204900e-16 5.432505e+04 0.000000e+00
  54395.978540 5.166100e-16 5.445027e+04 0.000000e+00
  54521.372710 5.127200e-16 5.457579e+04 0.000000e+00
  54647.046956 5.088200e-16 5.470159e+04 0.000000e+00
  54773.011281 5.052000e-16 5.482768e+04 0.000000e+00
  54899.265686 5.015900e-16 5.495406e+04 0.000000e+00
  55025.870186 4.979700e-16 5.508079e+04 0.000000e+00
  55152.714751 4.943500e-16 5.520776e+04 0.000000e+00
  55279.839393 4.907100e-16 5.533502e+04 0.000000e+00
  55407.264116 4.870700e-16 5.546257e+04 0.000000e+00
  55534.978919 4.834200e-16 5.559041e+04 0.000000e+00
  55662.993803 4.797600e-16 5.571855e+04 0.000000e+00
  55791.368786 4.761900e-16 5.584705e+04 0.000000e+00
  55919.963828 4.728000e-16 5.597578e+04 0.000000e+00
  56048.868955 4.694100e-16 5.610481e+04 0.000000e+00
  56178.064161 4.660000e-16 5.623413e+04 0.000000e+00
  56307.559449 4.625900e-16 5.636376e+04 0.000000e+00
  56437.354819 4.591700e-16 5.649368e+04 0.000000e+00
  56567.440268 4.557500e-16 5.662390e+04 0.000000e+00
  56697.895817 4.523100e-16 5.675448e+04 0.000000e+00
  56828.591433 4.488700e-16 5.688531e+04 0.000000e+00
  56959.587129 4.456200e-16 5.701643e+04 0.000000e+00
  57090.882908 4.424400e-16 5.714786e+04 0.000000e+00
  57222.478769 4.392500e-16 5.727959e+04 0.000000e+00
  57354.374711 4.360500e-16 5.741162e+04 0.000000e+00
  57486.650757 4.328400e-16 5.754402e+04 0.000000e+00
  57619.156866 4.296200e-16 5.767667e+04 0.000000e+00
  57751.973059 4.264000e-16 5.780962e+04 0.000000e+00
  57885.099337 4.231700e-16 5.794287e+04 0.000000e+00
  58018.525696 4.199700e-16 5.807643e+04 0.000000e+00
  58152.262140 4.169800e-16 5.821030e+04 0.000000e+00
  58286.308669 4.139900e-16 5.834448e+04 0.000000e+00
  58420.725298 4.109800e-16 5.847904e+04 0.000000e+00
  58555.391996 4.079700e-16 5.861383e+04 0.000000e+00
  58690.368778 4.049600e-16 5.874894e+04 0.000000e+00
  58825.655645 4.019300e-16 5.888436e+04 0.000000e+00
  58961.242593 3.989000e-16 5.902009e+04 0.000000e+00
  59097.159632 3.958700e-16 5.915614e+04 0.000000e+00
  59233.376752 3.929500e-16 5.929250e+04 0.000000e+00
  59369.983979 3.901400e-16 5.942924e+04 0.000000e+00
  59506.831271 3.873300e-16 5.956623e+04 0.000000e+00
  59643.998650 3.845000e-16 5.970353e+04 0.000000e+00
  59781.486117 3.816700e-16 5.984115e+04 0.000000e+00
  59919.283668 3.788400e-16 5.997909e+04 0.000000e+00
  60057.411309 3.759900e-16 6.011735e+04 0.000000e+00
  60195.909051 3.731400e-16 6.025599e+04 0.000000e+00
  60334.666864 3.702900e-16 6.039488e+04 0.000000e+00
  60473.744764 3.676400e-16 6.053410e+04 0.000000e+00
  60613.132748 3.650000e-16 6.067363e+04 0.000000e+00
  60752.850823 3.623500e-16 6.081349e+04 0.000000e+00
  60892.888985 3.596900e-16 6.095367e+04 0.000000e+00
  61033.257237 3.570300e-16 6.109417e+04 0.000000e+00
  61174.005592 3.543600e-16 6.123506e+04 0.000000e+00
  61315.014019 3.516900e-16 6.137621e+04 0.000000e+00
  61456.352535 3.490100e-16 6.151769e+04 0.000000e+00
  61598.021141 3.464000e-16 6.165950e+04 0.000000e+00
  61739.999832 3.439200e-16 6.180162e+04 0.000000e+00
  61882.318616 3.414400e-16 6.194408e+04 0.000000e+00
  62025.027506 3.389500e-16 6.208693e+04 0.000000e+00
  62168.006469 3.364500e-16 6.223005e+04 0.000000e+00
  62311.305520 3.339500e-16 6.237350e+04 0.000000e+00
  62454.934661 3.314400e-16 6.251727e+04 0.000000e+00
  62598.893891 3.289300e-16 6.266138e+04 0.000000e+00
  62743.193215 3.264100e-16 6.280582e+04 0.000000e+00
  62887.822628 3.240400e-16 6.295059e+04 0.000000e+00
  63032.852151 3.217000e-16 6.309576e+04 0.000000e+00
  63178.151747 3.193700e-16 6.324120e+04 0.000000e+00
  63323.771430 3.170300e-16 6.338698e+04 0.000000e+00
  63469.741209 3.146800e-16 6.353309e+04 0.000000e+00
  63616.051080 3.123300e-16 6.367954e+04 0.000000e+00
  63762.681039 3.099700e-16 6.382632e+04 0.000000e+00
  63909.731112 3.076100e-16 6.397352e+04 0.000000e+00
  64057.051259 3.052700e-16 6.412098e+04 0.000000e+00
  64204.701496 3.030800e-16 6.426879e+04 0.000000e+00
  64352.701829 3.008900e-16 6.441693e+04 0.000000e+00
  64501.042254 2.987000e-16 6.456541e+04 0.000000e+00
  64649.712769 2.965000e-16 6.471424e+04 0.000000e+00
  64798.743382 2.942900e-16 6.486341e+04 0.000000e+00
  64948.174104 2.920800e-16 6.501300e+04 0.000000e+00
  65097.884902 2.898700e-16 6.516286e+04 0.000000e+00
  65247.935794 2.876400e-16 6.531306e+04 0.000000e+00
  65398.336780 2.855100e-16 6.546361e+04 0.000000e+00
  65549.097865 2.834600e-16 6.561452e+04 0.000000e+00
  65700.189040 2.814000e-16 6.576576e+04 0.000000e+00
  65851.630310 2.793400e-16 6.591735e+04 0.000000e+00
  66003.491695 2.772700e-16 6.606937e+04 0.000000e+00
  66155.633156 2.752000e-16 6.622166e+04 0.000000e+00
  66308.134715 2.731200e-16 6.637431e+04 0.000000e+00
  66460.976367 2.710400e-16 6.652731e+04 0.000000e+00
  66614.168115 2.689500e-16 6.668066e+04 0.000000e+00
  66767.719960 2.670100e-16 6.683436e+04 0.000000e+00
  66921.701923 2.650800e-16 6.698849e+04 0.000000e+00
  67075.963962 2.631500e-16 6.714291e+04 0.000000e+00
  67230.576097 2.612100e-16 6.729768e+04 0.000000e+00
  67385.548330 2.592600e-16 6.745280e+04 0.000000e+00
  67540.880661 2.573200e-16 6.760829e+04 0.000000e+00
  67696.563087 2.553600e-16 6.776412e+04 0.000000e+00
  67852.605611 2.534100e-16 6.792033e+04 0.000000e+00
  68009.078253 2.515000e-16 6.807696e+04 0.000000e+00
  68165.860979 2.496900e-16 6.823389e+04 0.000000e+00
  68322.983798 2.478700e-16 6.839117e+04 0.000000e+00
  68480.476718 2.460500e-16 6.854882e+04 0.000000e+00
  68638.319734 2.442300e-16 6.870683e+04 0.000000e+00
  68796.542852 2.424000e-16 6.886520e+04 0.000000e+00
  68955.196089 2.405700e-16 6.902402e+04 0.000000e+00
  69114.139404 2.387400e-16 6.918312e+04 0.000000e+00
  69273.452820 2.369000e-16 6.934259e+04 0.000000e+00
  69433.126334 2.351600e-16 6.950243e+04 0.000000e+00
  69593.179952 2.334600e-16 6.966264e+04 0.000000e+00
  69753.603671 2.317600e-16 6.982322e+04 0.000000e+00
  69914.387488 2.300500e-16 6.998416e+04 0.000000e+00
  70075.621427 2.283300e-16 7.014556e+04 0.000000e+00
  70237.145446 2.266200e-16 7.030725e+04 0.000000e+00
  70399.049568 2.249000e-16 7.046931e+04 0.000000e+00
  70561.323791 2.231700e-16 7.063175e+04 0.000000e+00
  70723.978118 2.214600e-16 7.079456e+04 0.000000e+00
  70887.002546 2.198700e-16 7.095775e+04 0.000000e+00
  71050.477096 2.182700e-16 7.112139e+04 0.000000e+00
  71214.251728 2.166700e-16 7.128533e+04 0.000000e+00
  71378.406464 2.150600e-16 7.144965e+04 0.000000e+00
  71542.941303 2.134500e-16 7.161434e+04 0.000000e+00
  71707.856246 2.118400e-16 7.177942e+04 0.000000e+00
  71873.141290 2.102200e-16 7.194488e+04 0.000000e+00
  72038.816440 2.086000e-16 7.211072e+04 0.000000e+00
  72204.951716 2.070500e-16 7.227702e+04 0.000000e+00
  72371.387073 2.055500e-16 7.244362e+04 0.000000e+00
  72538.212537 2.040500e-16 7.261061e+04 0.000000e+00
  72705.408102 2.025400e-16 7.277798e+04 0.000000e+00
  72873.003775 2.010300e-16 7.294573e+04 0.000000e+00
  73040.979553 1.995200e-16 7.311388e+04 0.000000e+00
  73209.345436 1.980100e-16 7.328241e+04 0.000000e+00
  73378.181448 1.964900e-16 7.345141e+04 0.000000e+00
  73547.317542 1.949600e-16 7.362073e+04 0.000000e+00
  73716.853744 1.935500e-16 7.379043e+04 0.000000e+00
  73886.780053 1.921400e-16 7.396052e+04 0.000000e+00
  74057.096468 1.907300e-16 7.413101e+04 0.000000e+00
  74227.792987 1.893200e-16 7.430188e+04 0.000000e+00
  74398.979640 1.879000e-16 7.447323e+04 0.000000e+00
  74570.476377 1.864800e-16 7.464490e+04 0.000000e+00
  74742.363220 1.850600e-16 7.481696e+04 0.000000e+00
  74914.650173 1.836300e-16 7.498942e+04 0.000000e+00
  75087.327232 1.822400e-16 7.516227e+04 0.000000e+00
  75260.414402 1.809200e-16 7.533553e+04 0.000000e+00
  75433.901682 1.796000e-16 7.550919e+04 0.000000e+00
  75607.859089 1.782700e-16 7.568332e+04 0.000000e+00
  75782.146587 1.769400e-16 7.585778e+04 0.000000e+00
  75956.824191 1.756100e-16 7.603263e+04 0.000000e+00
  76131.911907 1.742700e-16 7.620790e+04 0.000000e+00
  76307.399732 1.729400e-16 7.638356e+04 0.000000e+00
  76483.297669 1.716000e-16 7.655963e+04 0.000000e+00
  76659.675736 1.703300e-16 7.673619e+04 0.000000e+00
  76836.383894 1.690900e-16 7.691307e+04 0.000000e+00
  77013.492161 1.678500e-16 7.709036e+04 0.000000e+00
  77191.020542 1.666100e-16 7.726806e+04 0.000000e+00
  77368.949032 1.653600e-16 7.744617e+04 0.000000e+00
  77547.287634 1.641100e-16 7.762469e+04 0.000000e+00
  77726.036348 1.628500e-16 7.780362e+04 0.000000e+00
  77905.295200 1.616000e-16 7.798305e+04 0.000000e+00
  78084.874141 1.603500e-16 7.816280e+04 0.000000e+00
  78264.863192 1.591900e-16 7.834298e+04 0.000000e+00
  78445.272359 1.580300e-16 7.852356e+04 0.000000e+00
  78626.091637 1.568600e-16 7.870456e+04 0.000000e+00
  78807.331030 1.556900e-16 7.888598e+04 0.000000e+00
  78988.980534 1.545200e-16 7.906782e+04 0.000000e+00
  79171.140178 1.533400e-16 7.925016e+04 0.000000e+00
  79353.639914 1.521600e-16 7.943284e+04 0.000000e+00
  79536.549762 1.509800e-16 7.961594e+04 0.000000e+00
  79719.889727 1.498500e-16 7.979946e+04 0.000000e+00
  79903.659809 1.487600e-16 7.998341e+04 0.000000e+00
  80087.840004 1.476700e-16 8.016777e+04 0.000000e+00
  80272.530337 1.465700e-16 8.035265e+04 0.000000e+00
  80457.560763 1.454700e-16 8.053787e+04 0.000000e+00
  80643.031309 1.443700e-16 8.072352e+04 0.000000e+00
  80828.911967 1.432700e-16 8.090959e+04 0.000000e+00
  81015.232745 1.421600e-16 8.109609e+04 0.000000e+00
  81201.973637 1.410500e-16 8.128302e+04 0.000000e+00
  81389.154649 1.400300e-16 8.147038e+04 0.000000e+00
  81576.855803 1.390000e-16 8.165827e+04 0.000000e+00
  81764.897050 1.379800e-16 8.184650e+04 0.000000e+00
  81953.368414 1.369500e-16 8.203516e+04 0.000000e+00
  82142.269895 1.359200e-16 8.222426e+04 0.000000e+00
  82331.611496 1.348800e-16 8.241379e+04 0.000000e+00
  82521.393217 1.338500e-16 8.260376e+04 0.000000e+00
  82711.705083 1.328100e-16 8.279426e+04 0.000000e+00
  82902.357041 1.317900e-16 8.298510e+04 0.000000e+00
  83093.459122 1.308300e-16 8.317639e+04 0.000000e+00
  83284.991320 1.298700e-16 8.336812e+04 0.000000e+00
  83476.973641 1.289100e-16 8.356029e+04 0.000000e+00
  83669.386079 1.279400e-16 8.375290e+04 0.000000e+00
  83862.258643 1.269700e-16 8.394596e+04 0.000000e+00
  84055.661351 1.260000e-16 8.413955e+04 0.000000e+00
  84249.414154 1.250300e-16 8.433350e+04 0.000000e+00
  84443.607078 1.240500e-16 8.452789e+04 0.000000e+00
  84638.260127 1.231300e-16 8.472273e+04 0.000000e+00
  84833.363298 1.222300e-16 8.491803e+04 0.000000e+00
  85028.906590 1.213300e-16 8.511377e+04 0.000000e+00
  85224.990029 1.204200e-16 8.531005e+04 0.000000e+00
  85421.443568 1.195200e-16 8.550670e+04 0.000000e+00
  85618.347231 1.186100e-16 8.570380e+04 0.000000e+00
  85815.701016 1.177000e-16 8.590135e+04 0.000000e+00
  86013.514926 1.167800e-16 8.609937e+04 0.000000e+00
  86211.778959 1.158800e-16 8.629783e+04 0.000000e+00
  86410.503118 1.150300e-16 8.649675e+04 0.000000e+00
  86609.787429 1.141900e-16 8.669623e+04 0.000000e+00
  86809.431839 1.133400e-16 8.689607e+04 0.000000e+00
  87009.526371 1.124900e-16 8.709637e+04 0.000000e+00
  87210.091031 1.116400e-16 8.729713e+04 0.000000e+00
  87411.115817 1.107800e-16 8.749836e+04 0.000000e+00
  87612.600728 1.099300e-16 8.770005e+04 0.000000e+00
  87814.555767 1.090700e-16 8.790220e+04 0.000000e+00
  88017.070959 1.082500e-16 8.810492e+04 0.000000e+00
  88219.956252 1.074500e-16 8.830801e+04 0.000000e+00
  88423.311673 1.066600e-16 8.851157e+04 0.000000e+00
  88627.137222 1.058600e-16 8.871559e+04 0.000000e+00
  88831.422896 1.050600e-16 8.892009e+04 0.000000e+00
  89036.188701 1.042600e-16 8.912505e+04 0.000000e+00
  89241.524662 1.034600e-16 8.933059e+04 0.000000e+00
  89447.230724 1.026600e-16 8.953651e+04 0.000000e+00
  89653.406914 1.018500e-16 8.974289e+04 0.000000e+00
  89860.073237 1.011100e-16 8.994976e+04 0.000000e+00
  90067.209689 1.003600e-16 9.015710e+04 0.000000e+00
  90274.816268 9.961800e-17 9.036491e+04 0.000000e+00
  90482.902979 9.887000e-17 9.057321e+04 0.000000e+00
  90691.579850 9.812100e-17 9.078209e+04 0.000000e+00
  90900.626822 9.737000e-17 9.099135e+04 0.000000e+00
  91110.153926 9.661700e-17 9.120109e+04 0.000000e+00
  91320.171162 9.586300e-17 9.141132e+04 0.000000e+00
  91530.668530 9.512800e-17 9.162202e+04 0.000000e+00
  91741.656031 9.443100e-17 9.183322e+04 0.000000e+00
  91953.233693 9.373200e-17 9.204501e+04 0.000000e+00
  92165.181456 9.303200e-17 9.225717e+04 0.000000e+00
  92377.639358 9.233100e-17 9.246984e+04 0.000000e+00
  92590.567388 9.162700e-17 9.268298e+04 0.000000e+00
  92803.995555 9.092300e-17 9.289662e+04 0.000000e+00
  93017.913855 9.021600e-17 9.311076e+04 0.000000e+00
  93232.332291 8.950800e-17 9.332538e+04 0.000000e+00
  93447.340888 8.884100e-17 9.354061e+04 0.000000e+00
  93662.739592 8.818700e-17 9.375623e+04 0.000000e+00
  93878.648435 8.753100e-17 9.397234e+04 0.000000e+00
  94095.037408 8.687400e-17 9.418895e+04 0.000000e+00
  94311.936521 8.621600e-17 9.440607e+04 0.000000e+00
  94529.335769 8.555600e-17 9.462368e+04 0.000000e+00
  94747.335182 8.489400e-17 9.484190e+04 0.000000e+00
  94965.734703 8.423100e-17 9.506052e+04 0.000000e+00
  95184.634361 8.357400e-17 9.527963e+04 0.000000e+00
  95404.044158 8.296100e-17 9.549927e+04 0.000000e+00
  95623.954091 8.234800e-17 9.571940e+04 0.000000e+00
  95844.374164 8.173200e-17 9.594004e+04 0.000000e+00
  96065.304375 8.111600e-17 9.616119e+04 0.000000e+00
  96286.844752 8.049700e-17 9.638295e+04 0.000000e+00
  96508.795242 7.987800e-17 9.660512e+04 0.000000e+00
  96731.245867 7.925700e-17 9.682780e+04 0.000000e+00
  96954.226638 7.863500e-17 9.705099e+04 0.000000e+00
  97177.707544 7.803800e-17 9.727470e+04 0.000000e+00
  97401.718595 7.746400e-17 9.749893e+04 0.000000e+00
  97626.229783 7.688800e-17 9.772367e+04 0.000000e+00
  97851.371142 7.631000e-17 9.794904e+04 0.000000e+00
  98076.932615 7.573100e-17 9.817482e+04 0.000000e+00
  98303.004228 7.515100e-17 9.840112e+04 0.000000e+00
  98529.595982 7.457000e-17 9.862794e+04 0.000000e+00
  98756.717881 7.398800e-17 9.885528e+04 0.000000e+00
  98984.349919 7.340400e-17 9.908315e+04 0.000000e+00
  99212.632135 7.286200e-17 9.931166e+04 0.000000e+00
  99441.324462 7.232300e-17 9.954058e+04 0.000000e+00
  99670.546933 7.178300e-17 9.977002e+04 0.000000e+00
  99900.289546 7.124100e-17 1.000000e+05 0.000000e+00
 100130.572307 7.069800e-17 1.002305e+05 0.000000e+00
 100361.375209 7.015400e-17 1.004616e+05 0.000000e+00
 100592.718259 6.960800e-17 1.006931e+05 0.000000e+00
 100824.701482 6.906100e-17 1.009253e+05 0.000000e+00
 101057.104821 6.852800e-17 1.011580e+05 0.000000e+00
 101290.048307 6.802300e-17 1.013911e+05 0.000000e+00
 101523.531940 6.751700e-17 1.016249e+05 0.000000e+00
 101757.555720 6.701000e-17 1.018591e+05 0.000000e+00
 101992.109644 6.650200e-17 1.020939e+05 0.000000e+00
 102227.323749 6.599200e-17 1.023294e+05 0.000000e+00
 102462.957968 6.548200e-17 1.025652e+05 0.000000e+00
 102699.142337 6.497000e-17 1.028016e+05 0.000000e+00
 102935.876856 6.445700e-17 1.030386e+05 0.000000e+00
 103173.151523 6.397300e-17 1.032761e+05 0.000000e+00
 103410.976339 6.350000e-17 1.035142e+05 0.000000e+00
 103649.341302 6.302500e-17 1.037528e+05 0.000000e+00
 103888.376448 6.254900e-17 1.039921e+05 0.000000e+00
 104127.841712 6.207200e-17 1.042318e+05 0.000000e+00
 104367.867128 6.159400e-17 1.044720e+05 0.000000e+00
 104608.442694 6.111500e-17 1.047129e+05 0.000000e+00
 104849.568409 6.063500e-17 1.049542e+05 0.000000e+00
 105091.254278 6.015900e-17 1.051961e+05 0.000000e+00
 105333.500299 5.971500e-17 1.054386e+05 0.000000e+00
 105576.416503 5.927100e-17 1.056818e+05 0.000000e+00
 105819.782830 5.882500e-17 1.059254e+05 0.000000e+00
 106063.699307 5.837900e-17 1.061696e+05 0.000000e+00
 106308.185938 5.793200e-17 1.064143e+05 0.000000e+00
 106553.232723 5.748300e-17 1.066596e+05 0.000000e+00
 106798.839660 5.703400e-17 1.069054e+05 0.000000e+00
 107045.146789 5.658300e-17 1.071520e+05 0.000000e+00
 107291.894037 5.615100e-17 1.073990e+05 0.000000e+00
 107539.201438 5.573500e-17 1.076465e+05 0.000000e+00
 107787.088997 5.531800e-17 1.078947e+05 0.000000e+00
 108035.546711 5.490100e-17 1.081434e+05 0.000000e+00
 108284.574581 5.448200e-17 1.083927e+05 0.000000e+00
 108534.182609 5.406200e-17 1.086425e+05 0.000000e+00
 108784.480825 5.364100e-17 1.088931e+05 0.000000e+00
 109035.239166 5.322000e-17 1.091441e+05 0.000000e+00
 109286.567663 5.279700e-17 1.093956e+05 0.000000e+00
 109538.486321 5.240600e-17 1.096478e+05 0.000000e+00
 109790.975134 5.201600e-17 1.099006e+05 0.000000e+00
 110044.044105 5.162500e-17 1.101539e+05 0.000000e+00
 110297.833273 5.123300e-17 1.104079e+05 0.000000e+00
 110552.072563 5.084000e-17 1.106624e+05 0.000000e+00
 110806.902014 5.044600e-17 1.109175e+05 0.000000e+00
 111062.321626 5.005100e-17 1.111732e+05 0.000000e+00
 111318.331399 4.965600e-17 1.114294e+05 0.000000e+00
 111574.931332 4.927000e-17 1.116863e+05 0.000000e+00
 111832.111424 4.890500e-17 1.119437e+05 0.000000e+00
 112090.021715 4.853900e-17 1.122019e+05 0.000000e+00
 112348.402134 4.817300e-17 1.124605e+05 0.000000e+00
 112607.362711 4.780500e-17 1.127198e+05 0.000000e+00
 112866.933454 4.743700e-17 1.129796e+05 0.000000e+00
 113127.094358 4.706700e-17 1.132400e+05 0.000000e+00
 113387.865429 4.669700e-17 1.135010e+05 0.000000e+00
 113649.356696 4.632600e-17 1.137628e+05 0.000000e+00
 113911.328094 4.597700e-17 1.140250e+05 0.000000e+00
 114173.899655 4.563400e-17 1.142879e+05 0.000000e+00
 114437.081382 4.529100e-17 1.145513e+05 0.000000e+00
 114700.863274 4.494700e-17 1.148153e+05 0.000000e+00
 114965.265334 4.460300e-17 1.150800e+05 0.000000e+00
 115230.267558 4.425700e-17 1.153453e+05 0.000000e+00
 115496.009983 4.391100e-17 1.156113e+05 0.000000e+00
 115762.232540 4.356300e-17 1.158778e+05 0.000000e+00
 116029.065262 4.321900e-17 1.161449e+05 0.000000e+00
 116296.528157 4.289900e-17 1.164126e+05 0.000000e+00
 116564.591215 4.257800e-17 1.166809e+05 0.000000e+00
 116833.284445 4.225600e-17 1.169499e+05 0.000000e+00
 117102.597844 4.193400e-17 1.172195e+05 0.000000e+00
 117372.651444 4.161000e-17 1.174898e+05 0.000000e+00
 117643.205181 4.128600e-17 1.177606e+05 0.000000e+00
 117914.379087 4.096200e-17 1.180321e+05 0.000000e+00
 118186.183165 4.063600e-17 1.183041e+05 0.000000e+00
 118458.607412 4.032400e-17 1.185768e+05 0.000000e+00
 118731.671833 4.002400e-17 1.188502e+05 0.000000e+00
 119005.476456 3.972300e-17 1.191243e+05 0.000000e+00
 119279.801221 3.942100e-17 1.193989e+05 0.000000e+00
 119554.746155 3.911800e-17 1.196741e+05 0.000000e+00
 119830.331263 3.881500e-17 1.199499e+05 0.000000e+00
 120106.546543 3.851100e-17 1.202264e+05 0.000000e+00
 120383.401998 3.820700e-17 1.205036e+05 0.000000e+00
 120660.887624 3.790200e-17 1.207813e+05 0.000000e+00
 120939.163466 3.761900e-17 1.210599e+05 0.000000e+00
 121217.929441 3.733700e-17 1.213389e+05 0.000000e+00
 121497.345593 3.705500e-17 1.216186e+05 0.000000e+00
 121777.411923 3.677200e-17 1.218989e+05 0.000000e+00
 122058.108425 3.648800e-17 1.221799e+05 0.000000e+00
 122339.465106 3.620400e-17 1.224616e+05 0.000000e+00
 122621.591997 3.591900e-17 1.227440e+05 0.000000e+00
 122904.249033 3.563400e-17 1.230269e+05 0.000000e+00
 123187.556246 3.535500e-17 1.233105e+05 0.000000e+00
 123471.503634 3.509200e-17 1.235947e+05 0.000000e+00
 123756.121204 3.482800e-17 1.238796e+05 0.000000e+00
 124041.388951 3.456300e-17 1.241652e+05 0.000000e+00
 124327.306876 3.429800e-17 1.244514e+05 0.000000e+00
 124614.025019 3.403200e-17 1.247384e+05 0.000000e+00
 124901.273306 3.376500e-17 1.250259e+05 0.000000e+00
 125189.181773 3.349800e-17 1.253141e+05 0.000000e+00
 125477.750420 3.323100e-17 1.256030e+05 0.000000e+00
 125766.989250 3.297900e-17 1.258925e+05 0.000000e+00
 126056.888260 3.273200e-17 1.261827e+05 0.000000e+00
 126347.597491 3.248400e-17 1.264737e+05 0.000000e+00
 126638.836866 3.223600e-17 1.267652e+05 0.000000e+00
 126930.746423 3.198700e-17 1.270574e+05 0.000000e+00
 127223.336166 3.173800e-17 1.273503e+05 0.000000e+00
 127516.596092 3.148800e-17 1.276439e+05 0.000000e+00
 127810.526201 3.123800e-17 1.279381e+05 0.000000e+00
 128105.136495 3.098900e-17 1.282330e+05 0.000000e+00
 128400.567012 3.075800e-17 1.285287e+05 0.000000e+00
 128696.537677 3.052700e-17 1.288250e+05 0.000000e+00
 128993.198529 3.029500e-17 1.291219e+05 0.000000e+00
 129290.529565 3.006200e-17 1.294196e+05 0.000000e+00
 129588.560791 2.982900e-17 1.297179e+05 0.000000e+00
 129887.272203 2.959500e-17 1.300169e+05 0.000000e+00
 130186.673802 2.936100e-17 1.303166e+05 0.000000e+00
 130486.905629 2.912600e-17 1.306171e+05 0.000000e+00
 130787.687605 2.890200e-17 1.309182e+05 0.000000e+00
 131089.159769 2.868500e-17 1.312200e+05 0.000000e+00
 131391.332124 2.846800e-17 1.315225e+05 0.000000e+00
 131694.194667 2.825100e-17 1.318256e+05 0.000000e+00
 131997.757401 2.803300e-17 1.321295e+05 0.000000e+00
 132302.170366 2.781400e-17 1.324342e+05 0.000000e+00
 132607.133482 2.759500e-17 1.327395e+05 0.000000e+00
 132912.806791 2.737500e-17 1.330455e+05 0.000000e+00
 133219.180291 2.715500e-17 1.333521e+05 0.000000e+00
 133526.263985 2.695200e-17 1.336595e+05 0.000000e+00
 133834.047869 2.674900e-17 1.339676e+05 0.000000e+00
 134142.531945 2.654500e-17 1.342764e+05 0.000000e+00
 134451.896260 2.634100e-17 1.345861e+05 0.000000e+00
 134761.820728 2.613700e-17 1.348963e+05 0.000000e+00
 135072.455389 2.593200e-17 1.352073e+05 0.000000e+00
 135383.810247 2.572700e-17 1.355189e+05 0.000000e+00
 135695.875298 2.552100e-17 1.358313e+05 0.000000e+00
 136008.660546 2.532100e-17 1.361444e+05 0.000000e+00
 136322.326033 2.513100e-17 1.364584e+05 0.000000e+00
 136636.561676 2.494100e-17 1.367729e+05 0.000000e+00
 136951.517516 2.475000e-17 1.370882e+05 0.000000e+00
 137267.193551 2.455900e-17 1.374042e+05 0.000000e+00
 137583.599786 2.436800e-17 1.377209e+05 0.000000e+00
 137900.756225 2.417600e-17 1.380384e+05 0.000000e+00
 138218.622857 2.398300e-17 1.383566e+05 0.000000e+00
 138537.369730 2.379000e-17 1.386756e+05 0.000000e+00
 138856.706763 2.360900e-17 1.389953e+05 0.000000e+00
 139176.794001 2.343100e-17 1.393157e+05 0.000000e+00
 139497.601435 2.325300e-17 1.396368e+05 0.000000e+00
 139819.149071 2.307400e-17 1.399587e+05 0.000000e+00
 140141.436909 2.289500e-17 1.402813e+05 0.000000e+00
 140464.474951 2.271600e-17 1.406047e+05 0.000000e+00
 140788.413238 2.253600e-17 1.409289e+05 0.000000e+00
 141112.941687 2.235600e-17 1.412538e+05 0.000000e+00
 141438.220340 2.217700e-17 1.415794e+05 0.000000e+00
 141764.239194 2.201100e-17 1.419057e+05 0.000000e+00
 142091.028259 2.184400e-17 1.422328e+05 0.000000e+00
 142418.557525 2.167700e-17 1.425607e+05 0.000000e+00
 142746.997039 2.151000e-17 1.428895e+05 0.000000e+00
 143076.026715 2.134200e-17 1.432188e+05 0.000000e+00
 143405.836602 2.117400e-17 1.435490e+05 0.000000e+00
 143736.396695 2.100500e-17 1.438799e+05 0.000000e+00
 144067.726997 2.083600e-17 1.442115e+05 0.000000e+00
 144399.797501 2.067400e-17 1.445439e+05 0.000000e+00
 144732.648218 2.051900e-17 1.448771e+05 0.000000e+00
 145066.429188 2.036200e-17 1.452112e+05 0.000000e+00
 145400.810322 2.020600e-17 1.455459e+05 0.000000e+00
 145735.981671 2.004900e-17 1.458814e+05 0.000000e+00
 146071.913227 1.989200e-17 1.462177e+05 0.000000e+00
 146408.624996 1.973400e-17 1.465548e+05 0.000000e+00
 146746.096973 1.957600e-17 1.468926e+05 0.000000e+00
 147084.519208 1.941800e-17 1.472313e+05 0.000000e+00
 147423.561612 1.927200e-17 1.475707e+05 0.000000e+00
 147763.374226 1.912600e-17 1.479109e+05 0.000000e+00
 148103.987059 1.897900e-17 1.482518e+05 0.000000e+00
 148445.380104 1.883300e-17 1.485935e+05 0.000000e+00
 148787.563364 1.868600e-17 1.489361e+05 0.000000e+00
 149130.526837 1.853900e-17 1.492794e+05 0.000000e+00
 149474.430566 1.839100e-17 1.496236e+05 0.000000e+00
 149818.994475 1.824300e-17 1.499685e+05 0.000000e+00
 150164.338597 1.809900e-17 1.503142e+05 0.000000e+00
 150510.482937 1.796300e-17 1.506607e+05 0.000000e+00
 150857.417492 1.782600e-17 1.510080e+05 0.000000e+00
 151205.142263 1.768900e-17 1.513561e+05 0.000000e+00
 151553.857304 1.755100e-17 1.517051e+05 0.000000e+00
 151903.202516 1.741400e-17 1.520548e+05 0.000000e+00
 152253.347947 1.727600e-17 1.524053e+05 0.000000e+00
 152604.293595 1.713700e-17 1.527566e+05 0.000000e+00
 152956.049465 1.699900e-17 1.531087e+05 0.000000e+00
 153308.635560 1.686800e-17 1.534617e+05 0.000000e+00
 153662.021874 1.674100e-17 1.538154e+05 0.000000e+00
 154016.388455 1.661300e-17 1.541701e+05 0.000000e+00
 154371.405214 1.648400e-17 1.545255e+05 0.000000e+00
 154727.252198 1.635600e-17 1.548817e+05 0.000000e+00
 155083.919406 1.622700e-17 1.552387e+05 0.000000e+00
 155441.386832 1.609700e-17 1.555965e+05 0.000000e+00
 155799.684485 1.596800e-17 1.559552e+05 0.000000e+00
 156158.822366 1.583900e-17 1.563147e+05 0.000000e+00
 156518.950518 1.572000e-17 1.566752e+05 0.000000e+00
 156879.728846 1.560000e-17 1.570363e+05 0.000000e+00
 157241.357406 1.548000e-17 1.573983e+05 0.000000e+00
 157603.806190 1.536000e-17 1.577611e+05 0.000000e+00
 157967.095203 1.524000e-17 1.581248e+05 0.000000e+00
 158331.224445 1.511900e-17 1.584892e+05 0.000000e+00
 158696.353960 1.499800e-17 1.588548e+05 0.000000e+00
 159062.163660 1.487600e-17 1.592209e+05 0.000000e+00
 159428.813588 1.476000e-17 1.595879e+05 0.000000e+00
 159796.303746 1.464800e-17 1.599558e+05 0.000000e+00
 160164.654139 1.453600e-17 1.603245e+05 0.000000e+00
 160533.834758 1.442400e-17 1.606941e+05 0.000000e+00
 160903.885613 1.431100e-17 1.610645e+05 0.000000e+00
 161274.956747 1.419800e-17 1.614359e+05 0.000000e+00
 161646.708067 1.408500e-17 1.618080e+05 0.000000e+00
 162019.319621 1.397200e-17 1.621810e+05 0.000000e+00
 162392.771403 1.385800e-17 1.625549e+05 0.000000e+00
 162767.103426 1.375300e-17 1.629296e+05 0.000000e+00
 163142.295683 1.364900e-17 1.633051e+05 0.000000e+00
 163518.528224 1.354400e-17 1.636817e+05 0.000000e+00
 163895.450953 1.343800e-17 1.640590e+05 0.000000e+00
 164273.243919 1.333300e-17 1.644372e+05 0.000000e+00
 164651.897120 1.322700e-17 1.648162e+05 0.000000e+00
 165031.440563 1.312100e-17 1.651962e+05 0.000000e+00
 165411.844240 1.301500e-17 1.655769e+05 0.000000e+00
 165793.128158 1.291200e-17 1.659586e+05 0.000000e+00
 166175.482367 1.281400e-17 1.663413e+05 0.000000e+00
 166558.526764 1.271600e-17 1.667248e+05 0.000000e+00
 166942.451402 1.261700e-17 1.671091e+05 0.000000e+00
 167327.276284 1.251900e-17 1.674943e+05 0.000000e+00
 167712.961402 1.242000e-17 1.678804e+05 0.000000e+00
 168099.566769 1.232100e-17 1.682673e+05 0.000000e+00
 168487.222424 1.222200e-17 1.686554e+05 0.000000e+00
 168875.598274 1.212200e-17 1.690442e+05 0.000000e+00
 169264.874370 1.202900e-17 1.694338e+05 0.000000e+00
 169655.040709 1.193700e-17 1.698244e+05 0.000000e+00
 170046.107292 1.184500e-17 1.702158e+05 0.000000e+00
 170438.074122 1.175300e-17 1.706082e+05 0.000000e+00
 170830.951199 1.166100e-17 1.710015e+05 0.000000e+00
 171224.908571 1.156900e-17 1.713958e+05 0.000000e+00
 171619.596142 1.147600e-17 1.717909e+05 0.000000e+00
 172015.183958 1.138300e-17 1.721869e+05 0.000000e+00
 172411.702027 1.129100e-17 1.725838e+05 0.000000e+00
 172809.130345 1.120500e-17 1.729816e+05 0.000000e+00
 173207.468911 1.112000e-17 1.733803e+05 0.000000e+00
 173606.707722 1.103400e-17 1.737800e+05 0.000000e+00
 174007.076842 1.094700e-17 1.741808e+05 0.000000e+00
 174408.176160 1.086100e-17 1.745822e+05 0.000000e+00
 174810.205732 1.077400e-17 1.749847e+05 0.000000e+00
 175213.155555 1.068800e-17 1.753880e+05 0.000000e+00
 175617.025628 1.060100e-17 1.757923e+05 0.000000e+00
 176021.845961 1.051700e-17 1.761975e+05 0.000000e+00
 176427.786599 1.043700e-17 1.766039e+05 0.000000e+00
 176834.457436 1.035700e-17 1.770110e+05 0.000000e+00
 177242.078532 1.027600e-17 1.774190e+05 0.000000e+00
 177650.629881 1.019600e-17 1.778279e+05 0.000000e+00
 178060.121487 1.011500e-17 1.782378e+05 0.000000e+00
 178470.573354 1.003400e-17 1.786487e+05 0.000000e+00
 178881.955475 9.952600e-18 1.790605e+05 0.000000e+00
 179294.487910 9.871200e-18 1.794734e+05 0.000000e+00
 179707.770549 9.795900e-18 1.798871e+05 0.000000e+00
 180122.013450 9.720900e-18 1.803018e+05 0.000000e+00
 180537.216612 9.645700e-18 1.807174e+05 0.000000e+00
 180953.360031 9.570300e-18 1.811340e+05 0.000000e+00
 181370.473714 9.494800e-18 1.815515e+05 0.000000e+00
 181788.747714 9.419100e-18 1.819702e+05 0.000000e+00
 182207.781920 9.343200e-18 1.823896e+05 0.000000e+00
 182627.786391 9.267200e-18 1.828101e+05 0.000000e+00
 183048.751124 9.193000e-18 1.832315e+05 0.000000e+00
 183470.686121 9.123000e-18 1.836538e+05 0.000000e+00
 183893.601386 9.052800e-18 1.840771e+05 0.000000e+00
 184317.486915 8.982400e-18 1.845015e+05 0.000000e+00
 184742.562768 8.911800e-18 1.849270e+05 0.000000e+00
 185168.398829 8.841100e-18 1.853532e+05 0.000000e+00
 185595.225159 8.770300e-18 1.857805e+05 0.000000e+00
 186023.031757 8.699300e-18 1.862087e+05 0.000000e+00
 186451.838627 8.628100e-18 1.866379e+05 0.000000e+00
 186881.615762 8.561100e-18 1.870681e+05 0.000000e+00
 187312.383166 8.495500e-18 1.874993e+05 0.000000e+00
 187744.360901 8.429800e-18 1.879318e+05 0.000000e+00
 188177.138853 8.363900e-18 1.883650e+05 0.000000e+00
 188610.887070 8.297900e-18 1.887991e+05 0.000000e+00
 189045.655565 8.231700e-18 1.892343e+05 0.000000e+00
 189481.414330 8.165400e-18 1.896705e+05 0.000000e+00
 189918.193374 8.098900e-18 1.901078e+05 0.000000e+00
 190356.162741 8.033000e-18 1.905462e+05 0.000000e+00
 190794.962335 7.971700e-18 1.909854e+05 0.000000e+00
 191234.752199 7.910400e-18 1.914256e+05 0.000000e+00
 191675.562341 7.848900e-18 1.918669e+05 0.000000e+00
 192117.392760 7.787200e-18 1.923091e+05 0.000000e+00
 192560.223453 7.725400e-18 1.927524e+05 0.000000e+00
 193004.094429 7.663500e-18 1.931967e+05 0.000000e+00
 193449.195740 7.601400e-18 1.936423e+05 0.000000e+00
 193895.117275 7.539200e-18 1.940886e+05 0.000000e+00
 194342.059088 7.479600e-18 1.945360e+05 0.000000e+00
 194790.021180 7.422300e-18 1.949844e+05 0.000000e+00
 195239.023554 7.364800e-18 1.954339e+05 0.000000e+00
 195689.076215 7.307300e-18 1.958844e+05 0.000000e+00
 196140.359211 7.249600e-18 1.963361e+05 0.000000e+00
 196592.482437 7.191700e-18 1.967887e+05 0.000000e+00
 197045.645945 7.133800e-18 1.972423e+05 0.000000e+00
 197499.839735 7.075700e-18 1.976970e+05 0.000000e+00
 197955.093814 7.017400e-18 1.981527e+05 0.000000e+00
 198411.388176 6.963600e-18 1.986094e+05 0.000000e+00
 198868.742827 6.910000e-18 1.990672e+05 0.000000e+00
 199327.367824 6.856200e-18 1.995263e+05 0.000000e+00
 199786.823048 6.802400e-18 1.999862e+05 0.000000e+00
 200247.348563 6.748400e-18 2.004472e+05 0.000000e+00
 200708.934368 6.694300e-18 2.009093e+05 0.000000e+00
 201171.590464 6.640000e-18 2.013724e+05 0.000000e+00
 201635.306849 6.585700e-18 2.018366e+05 0.000000e+00
 202100.313585 6.532700e-18 2.023020e+05 0.000000e+00
 202566.160551 6.482600e-18 2.027683e+05 0.000000e+00
 203033.087811 6.432500e-18 2.032357e+05 0.000000e+00
 203501.105369 6.382200e-18 2.037042e+05 0.000000e+00
 203970.183215 6.331800e-18 2.041738e+05 0.000000e+00
 204440.351359 6.281300e-18 2.046444e+05 0.000000e+00
 204911.599796 6.230600e-18 2.051161e+05 0.000000e+00
 205384.158592 6.179800e-18 2.055892e+05 0.000000e+00
 205857.577621 6.129000e-18 2.060630e+05 0.000000e+00
 206332.106953 6.081100e-18 2.065380e+05 0.000000e+00
 206807.706577 6.034300e-18 2.070141e+05 0.000000e+00
 207284.426506 5.987300e-18 2.074913e+05 0.000000e+00
 207762.226730 5.940300e-18 2.079696e+05 0.000000e+00
 208241.137256 5.893100e-18 2.084490e+05 0.000000e+00
 208721.378145 5.845800e-18 2.089297e+05 0.000000e+00
 209202.489271 5.798500e-18 2.094113e+05 0.000000e+00
 209684.710700 5.751000e-18 2.098940e+05 0.000000e+00
 210168.062437 5.703900e-18 2.103778e+05 0.000000e+00
 210652.494468 5.660200e-18 2.108628e+05 0.000000e+00
 211138.076813 5.616400e-18 2.113488e+05 0.000000e+00
 211624.999523 5.572500e-18 2.118362e+05 0.000000e+00
 212112.802473 5.528400e-18 2.123245e+05 0.000000e+00
 212601.735731 5.484300e-18 2.128139e+05 0.000000e+00
 213091.799297 5.440100e-18 2.133045e+05 0.000000e+00
 213582.993171 5.395800e-18 2.137962e+05 0.000000e+00
 214075.317353 5.351400e-18 2.142890e+05 0.000000e+00
 214568.771844 5.308800e-18 2.147829e+05 0.000000e+00
 215063.606710 5.267900e-18 2.152783e+05 0.000000e+00
 215559.351825 5.226900e-18 2.157745e+05 0.000000e+00
 216056.227248 5.185800e-18 2.162719e+05 0.000000e+00
 216554.252984 5.144700e-18 2.167704e+05 0.000000e+00
 217053.419031 5.103400e-18 2.172701e+05 0.000000e+00
 217553.755397 5.062000e-18 2.177709e+05 0.000000e+00
 218055.472139 5.020500e-18 2.182731e+05 0.000000e+00
 218558.089127 4.979000e-18 2.187762e+05 0.000000e+00
 219061.886436 4.940600e-18 2.192805e+05 0.000000e+00
 219566.834059 4.902300e-18 2.197860e+05 0.000000e+00
 220072.952001 4.864000e-18 2.202926e+05 0.000000e+00
 220580.250264 4.825600e-18 2.208004e+05 0.000000e+00
 221088.688839 4.787100e-18 2.213094e+05 0.000000e+00
 221598.557803 4.748400e-18 2.218197e+05 0.000000e+00
 222109.357020 4.709700e-18 2.223310e+05 0.000000e+00
 222621.346563 4.671000e-18 2.228435e+05 0.000000e+00
 223134.496421 4.633200e-18 2.233572e+05 0.000000e+00
 223648.836604 4.597500e-18 2.238721e+05 0.000000e+00
 224164.367111 4.561700e-18 2.243881e+05 0.000000e+00
 224681.328008 4.525800e-18 2.249056e+05 0.000000e+00
 225199.229162 4.489900e-18 2.254240e+05 0.000000e+00
 225718.340645 4.453800e-18 2.259436e+05 0.000000e+00
 226238.632450 4.417700e-18 2.264644e+05 0.000000e+00
 226760.124582 4.381500e-18 2.269865e+05 0.000000e+00
 227282.817041 4.345300e-18 2.275097e+05 0.000000e+00
 227806.739836 4.311100e-18 2.280341e+05 0.000000e+00
 228332.083018 4.277700e-18 2.285600e+05 0.000000e+00
 228858.406467 4.244300e-18 2.290868e+05 0.000000e+00
 229385.940245 4.210700e-18 2.296149e+05 0.000000e+00
 229914.694357 4.177100e-18 2.301442e+05 0.000000e+00
 230444.668801 4.143400e-18 2.306747e+05 0.000000e+00
 230975.853575 4.109700e-18 2.312064e+05 0.000000e+00
 231508.278687 4.075800e-18 2.317393e+05 0.000000e+00
 232042.184202 4.042300e-18 2.322738e+05 0.000000e+00
 232577.049979 4.011100e-18 2.328092e+05 0.000000e+00
 233113.156095 3.979900e-18 2.333458e+05 0.000000e+00
 233650.492545 3.948600e-18 2.338837e+05 0.000000e+00
 234189.069334 3.917200e-18 2.344228e+05 0.000000e+00
 234728.906466 3.885800e-18 2.349632e+05 0.000000e+00
 235270.224002 3.854300e-18 2.355050e+05 0.000000e+00
 235812.541810 3.822700e-18 2.360479e+05 0.000000e+00
 236356.109959 3.791000e-18 2.365920e+05 0.000000e+00
 236900.928449 3.760700e-18 2.371374e+05 0.000000e+00
 237446.987277 3.731600e-18 2.376840e+05 0.000000e+00
 237994.336456 3.702400e-18 2.382319e+05 0.000000e+00
 238542.925974 3.673100e-18 2.387810e+05 0.000000e+00
 239093.035906 3.643800e-18 2.393317e+05 0.000000e+00
 239644.166116 3.614400e-18 2.398834e+05 0.000000e+00
 240196.556670 3.584900e-18 2.404363e+05 0.000000e+00
 240750.237575 3.555400e-18 2.409905e+05 0.000000e+00
 241305.188827 3.525800e-18 2.415460e+05 0.000000e+00
 241861.410424 3.498500e-18 2.421028e+05 0.000000e+00
 242419.182445 3.471200e-18 2.426611e+05 0.000000e+00
 242977.964741 3.443900e-18 2.432205e+05 0.000000e+00
 243538.047391 3.416600e-18 2.437811e+05 0.000000e+00
 244099.430395 3.389100e-18 2.443431e+05 0.000000e+00
 244662.103752 3.361600e-18 2.449063e+05 0.000000e+00
 245226.057457 3.334100e-18 2.454708e+05 0.000000e+00
 245791.321519 3.306500e-18 2.460366e+05 0.000000e+00
 246358.156010 3.279600e-18 2.466040e+05 0.000000e+00
 246926.030783 3.254200e-18 2.471725e+05 0.000000e+00
 247495.205912 3.228700e-18 2.477422e+05 0.000000e+00
 248065.701400 3.203200e-18 2.483133e+05 0.000000e+00
 248637.507245 3.177600e-18 2.488857e+05 0.000000e+00
 249210.633451 3.151900e-18 2.494594e+05 0.000000e+00
 249785.100021 3.126200e-18 2.500344e+05 0.000000e+00
 256192.656398 2.859100e-18 2.564484e+05 0.000000e+00
 262160.272869 2.638200e-18 2.624219e+05 0.000000e+00
 268266.617152 2.433700e-18 2.685344e+05 0.000000e+00
 274515.510287 2.244500e-18 2.747895e+05 0.000000e+00
 280909.623002 2.069400e-18 2.811900e+05 0.000000e+00
 287452.996399 1.907500e-18 2.877399e+05 0.000000e+00
 294148.471251 1.757700e-18 2.944421e+05 0.000000e+00
 301000.228699 1.620800e-18 3.013007e+05 0.000000e+00
 308011.259557 1.494300e-18 3.083187e+05 0.000000e+00
 315185.915012 1.377300e-18 3.155005e+05 0.000000e+00
 322527.365928 1.269100e-18 3.228493e+05 0.000000e+00
 330040.183550 1.169000e-18 3.303696e+05 0.000000e+00
 337727.598759 1.076600e-18 3.380647e+05 0.000000e+00
 345594.472880 4.237500e-18 3.459394e+05 0.000000e+00
