# An Atlas of Galaxy Spectral Energy Distributions from the Ultraviolet to the Mid-Infrared
# Brown et al. (2014)
# http://dx.doi.org/10.5072/03/529D3551F0117
# 
# Column 1 : Restframe Wavelength (Angstrom)
# Column 2 : Flux per unit wavelength (ergs/s/cm^2/Angstrom)
# Column 3 : Observed wavelength (Angstrom)
# Column 4 : Source (0 = model, 1 = Optical Spectrum, 2 = Akari, 3 = Spitzer IRS)
# 
# CONVERTED air -> vacuum (Morton 2000/SDSS) above 2000 A by sedfit; wavelengths below are unchanged (already vacuum by convention).
    102.090000 1.055700e-20 1.030400e+02 0.000000e+00
    103.980000 1.246100e-20 1.049500e+02 0.000000e+00
    105.920000 1.518900e-20 1.069100e+02 0.000000e+00
    107.890000 1.868700e-20 1.088900e+02 0.000000e+00
    109.890000 2.783200e-20 1.109200e+02 0.000000e+00
    114.020000 3.877400e-20 1.150800e+02 0.000000e+00
    118.020000 5.111400e-20 1.191200e+02 0.000000e+00
    121.050000 1.515400e-19 1.221800e+02 0.000000e+00
    125.020000 1.961300e-19 1.261800e+02 0.000000e+00
    127.050000 2.190500e-19 1.282300e+02 0.000000e+00
    127.930000 2.336400e-19 1.291200e+02 0.000000e+00
    130.910000 2.719800e-19 1.321300e+02 0.000000e+00
    132.120000 3.122800e-19 1.333500e+02 0.000000e+00
    133.960000 3.431900e-19 1.352100e+02 0.000000e+00
    137.080000 4.310600e-19 1.383600e+02 0.000000e+00
    139.950000 4.937900e-19 1.412500e+02 0.000000e+00
    142.880000 9.807100e-19 1.442100e+02 0.000000e+00
    146.880000 1.855800e-18 1.482500e+02 0.000000e+00
    151.000000 2.155500e-18 1.524100e+02 0.000000e+00
    154.870000 2.509200e-18 1.563100e+02 0.000000e+00
    158.840000 2.921100e-18 1.603200e+02 0.000000e+00
    162.170000 3.254900e-18 1.636800e+02 0.000000e+00
    165.950000 3.754400e-18 1.674900e+02 0.000000e+00
    169.810000 4.261300e-18 1.714000e+02 0.000000e+00
    172.970000 4.694000e-18 1.745800e+02 0.000000e+00
    177.000000 5.291000e-18 1.786500e+02 0.000000e+00
    179.870000 5.761600e-18 1.815500e+02 0.000000e+00
    181.960000 6.103000e-18 1.836500e+02 0.000000e+00
    186.190000 6.816200e-18 1.879300e+02 0.000000e+00
    190.970000 7.754300e-18 1.927500e+02 0.000000e+00
    194.070000 8.405100e-18 1.958800e+02 0.000000e+00
    198.140000 9.258500e-18 1.999900e+02 0.000000e+00
    201.820000 1.019900e-17 2.037000e+02 0.000000e+00
    205.100000 1.092800e-17 2.070100e+02 0.000000e+00
    209.880000 1.176400e-17 2.118400e+02 0.000000e+00
    215.760000 1.382100e-17 2.177700e+02 0.000000e+00
    219.770000 1.501600e-17 2.218200e+02 0.000000e+00
    222.830000 1.579600e-17 2.249100e+02 0.000000e+00
    226.970000 1.716100e-17 2.290900e+02 0.000000e+00
    230.130000 2.664000e-17 2.322700e+02 0.000000e+00
    233.870000 4.555500e-17 2.360500e+02 0.000000e+00
    239.860000 6.288400e-17 2.421000e+02 0.000000e+00
    246.020000 6.288400e-17 2.483100e+02 0.000000e+00
    251.750000 7.007100e-17 2.541000e+02 0.000000e+00
    257.020000 5.868700e-17 2.594200e+02 0.000000e+00
    260.000000 7.253400e-17 2.624200e+02 0.000000e+00
    264.220000 7.898400e-17 2.666900e+02 0.000000e+00
    269.130000 8.176000e-17 2.716400e+02 0.000000e+00
    274.140000 8.443900e-17 2.766900e+02 0.000000e+00
    279.230000 8.620700e-17 2.818400e+02 0.000000e+00
    283.770000 8.944200e-17 2.864200e+02 0.000000e+00
    289.710000 8.862200e-17 2.924200e+02 0.000000e+00
    295.780000 9.216000e-17 2.985400e+02 0.000000e+00
    301.280000 9.026900e-17 3.040900e+02 0.000000e+00
    308.300000 9.561800e-17 3.111700e+02 0.000000e+00
    317.660000 1.029300e-16 3.206300e+02 0.000000e+00
    328.070000 1.070400e-16 3.311300e+02 0.000000e+00
    338.040000 1.092800e-16 3.411900e+02 0.000000e+00
    348.310000 1.115700e-16 3.515600e+02 0.000000e+00
    357.250000 1.152200e-16 3.605800e+02 0.000000e+00
    366.410000 1.203800e-16 3.698300e+02 0.000000e+00
    374.940000 1.220500e-16 3.784400e+02 0.000000e+00
    384.560000 1.190000e-16 3.881500e+02 0.000000e+00
    395.340000 1.263400e-16 3.990200e+02 0.000000e+00
    404.550000 1.304800e-16 4.083200e+02 0.000000e+00
    413.970000 1.310800e-16 4.178300e+02 0.000000e+00
    421.660000 1.304800e-16 4.256000e+02 0.000000e+00
    430.490000 1.301800e-16 4.345100e+02 0.000000e+00
    440.520000 1.332100e-16 4.446300e+02 0.000000e+00
    450.780000 1.335200e-16 4.549900e+02 0.000000e+00
    460.220000 1.322900e-16 4.645200e+02 0.000000e+00
    469.860000 1.326000e-16 4.742400e+02 0.000000e+00
    479.700000 1.347500e-16 4.841700e+02 0.000000e+00
    489.740000 1.319900e-16 4.943100e+02 0.000000e+00
    500.000000 1.360000e-16 5.046600e+02 0.000000e+00
    505.790000 1.404600e-16 5.105000e+02 0.000000e+00
    511.640000 1.961300e-16 5.164200e+02 0.000000e+00
    519.960000 1.974900e-16 5.248100e+02 0.000000e+00
    529.620000 1.979400e-16 5.345600e+02 0.000000e+00
    539.470000 1.890300e-16 5.445000e+02 0.000000e+00
    549.500000 2.160400e-16 5.546300e+02 0.000000e+00
    559.710000 2.440800e-16 5.649400e+02 0.000000e+00
    570.120000 2.633500e-16 5.754400e+02 0.000000e+00
    579.380000 2.561800e-16 5.847900e+02 0.000000e+00
    590.160000 2.867700e-16 5.956600e+02 0.000000e+00
    599.750000 2.848000e-16 6.053400e+02 0.000000e+00
    609.490000 3.058700e-16 6.151800e+02 0.000000e+00
    619.390000 3.560700e-16 6.251700e+02 0.000000e+00
    629.460000 3.728600e-16 6.353300e+02 0.000000e+00
    639.690000 3.841900e-16 6.456500e+02 0.000000e+00
    650.080000 4.183500e-16 6.561500e+02 0.000000e+00
    657.610000 4.320600e-16 6.637400e+02 0.000000e+00
    665.220000 4.608300e-16 6.714300e+02 0.000000e+00
    674.480000 4.759300e-16 6.807700e+02 0.000000e+00
    685.440000 4.650900e-16 6.918300e+02 0.000000e+00
    694.970000 5.695600e-16 7.014600e+02 0.000000e+00
    704.640000 5.377000e-16 7.112100e+02 0.000000e+00
    716.090000 6.479500e-16 7.227700e+02 0.000000e+00
    726.050000 6.769300e-16 7.328200e+02 0.000000e+00
    734.460000 7.055700e-16 7.413100e+02 0.000000e+00
    744.670000 7.718600e-16 7.516200e+02 0.000000e+00
    755.030000 8.176000e-16 7.620800e+02 0.000000e+00
    765.540000 8.463300e-16 7.726800e+02 0.000000e+00
    774.400000 9.344200e-16 7.816300e+02 0.000000e+00
    785.180000 9.920700e-16 7.925000e+02 0.000000e+00
    794.270000 1.048400e-15 8.016800e+02 0.000000e+00
    805.320000 1.100400e-15 8.128300e+02 0.000000e+00
    814.640000 1.146900e-15 8.222400e+02 0.000000e+00
    824.080000 1.248900e-15 8.317600e+02 0.000000e+00
    835.540000 1.075300e-15 8.433300e+02 0.000000e+00
    845.210000 1.338300e-15 8.531000e+02 0.000000e+00
    855.000000 1.388500e-15 8.629800e+02 0.000000e+00
    864.900000 1.494700e-15 8.729700e+02 0.000000e+00
    874.920000 1.594200e-15 8.830800e+02 0.000000e+00
    885.050000 1.716100e-15 8.933100e+02 0.000000e+00
    895.300000 1.809400e-15 9.036500e+02 0.000000e+00
    905.660000 1.843100e-15 9.141100e+02 0.000000e+00
    914.040000 2.573600e-15 9.225700e+02 0.000000e+00
    924.630000 1.494700e-14 9.332500e+02 0.000000e+00
    935.330000 3.202900e-14 9.440600e+02 0.000000e+00
    943.990000 6.047000e-14 9.528000e+02 0.000000e+00
    954.920000 8.289700e-14 9.638300e+02 0.000000e+00
    965.980000 9.672500e-14 9.749900e+02 0.000000e+00
    974.920000 1.899100e-14 9.840100e+02 0.000000e+00
    983.940000 8.841800e-14 9.931200e+02 0.000000e+00
    995.330000 8.923600e-14 1.004620e+03 0.000000e+00
   1004.540000 1.206500e-13 1.013910e+03 0.000000e+00
   1013.830000 1.146900e-13 1.023290e+03 0.000000e+00
   1025.570000 5.041300e-14 1.035140e+03 0.000000e+00
   1035.060000 8.581100e-14 1.044720e+03 0.000000e+00
   1044.640000 1.501600e-13 1.054390e+03 0.000000e+00
   1054.310000 1.464000e-13 1.064140e+03 0.000000e+00
   1064.060000 1.203800e-13 1.073990e+03 0.000000e+00
   1073.910000 1.398100e-13 1.083930e+03 0.000000e+00
   1083.840000 1.152200e-13 1.093960e+03 0.000000e+00
   1093.870000 1.453900e-13 1.104080e+03 0.000000e+00
   1103.990000 1.369400e-13 1.114290e+03 0.000000e+00
   1114.210000 1.326000e-13 1.124610e+03 0.000000e+00
   1124.520000 1.184500e-13 1.135010e+03 0.000000e+00
   1134.920000 1.453900e-13 1.145510e+03 0.000000e+00
   1145.430000 1.332100e-13 1.156110e+03 0.000000e+00
   1156.020000 1.394900e-13 1.166810e+03 0.000000e+00
   1164.040000 1.427400e-13 1.174900e+03 0.000000e+00
   1174.810000 1.010500e-13 1.185770e+03 0.000000e+00
   1185.680000 1.398100e-13 1.196740e+03 0.000000e+00
   1193.900000 1.080300e-13 1.205040e+03 0.000000e+00
   1204.940000 8.138400e-14 1.216190e+03 0.000000e+00
   1216.090000 5.099700e-14 1.227440e+03 0.000000e+00
   1224.520000 1.017500e-13 1.235950e+03 0.000000e+00
   1235.850000 1.401300e-13 1.247380e+03 0.000000e+00
   1244.420000 1.484400e-13 1.256030e+03 0.000000e+00
   1255.930000 1.427400e-13 1.267650e+03 0.000000e+00
   1264.640000 1.301800e-13 1.276440e+03 0.000000e+00
   1276.340000 1.518900e-13 1.288250e+03 0.000000e+00
   1285.190000 1.547200e-13 1.297180e+03 0.000000e+00
   1294.100000 1.275100e-13 1.306170e+03 0.000000e+00
   1306.070000 1.298800e-13 1.318260e+03 0.000000e+00
   1315.120000 1.518900e-13 1.327390e+03 0.000000e+00
   1324.240000 1.443900e-13 1.336600e+03 0.000000e+00
   1336.490000 1.322900e-13 1.348960e+03 0.000000e+00
   1345.760000 1.481000e-13 1.358310e+03 0.000000e+00
   1355.090000 1.447200e-13 1.367730e+03 0.000000e+00
   1364.480000 1.332100e-13 1.377210e+03 0.000000e+00
   1373.940000 1.353800e-13 1.386760e+03 0.000000e+00
   1383.460000 1.366300e-13 1.396370e+03 0.000000e+00
   1396.260000 1.149600e-13 1.409290e+03 0.000000e+00
   1405.940000 1.195500e-13 1.419060e+03 0.000000e+00
   1415.690000 1.278000e-13 1.428890e+03 0.000000e+00
   1425.500000 1.278000e-13 1.438800e+03 0.000000e+00
   1435.380000 1.298800e-13 1.448770e+03 0.000000e+00
   1442.010000 1.338300e-13 1.455460e+03 0.000000e+00
   1448.660000 1.335200e-13 1.462180e+03 0.000000e+00
   1455.350000 1.304800e-13 1.468930e+03 0.000000e+00
   1465.440000 1.226100e-13 1.479110e+03 0.000000e+00
   1475.590000 1.231800e-13 1.489360e+03 0.000000e+00
   1485.820000 1.234600e-13 1.499690e+03 0.000000e+00
   1496.120000 1.234600e-13 1.510080e+03 0.000000e+00
   1506.490000 1.168300e-13 1.520550e+03 0.000000e+00
   1513.450000 1.058100e-13 1.527570e+03 0.000000e+00
   1516.930000 1.110600e-13 1.531090e+03 0.000000e+00
   1523.940000 1.110600e-13 1.538150e+03 0.000000e+00
   1534.500000 9.807100e-14 1.548820e+03 0.000000e+00
   1545.140000 1.001200e-13 1.559550e+03 0.000000e+00
   1555.850000 9.672500e-14 1.570360e+03 0.000000e+00
   1566.630000 1.015200e-13 1.581250e+03 0.000000e+00
   1573.860000 1.072900e-13 1.588550e+03 0.000000e+00
   1584.770000 1.095300e-13 1.599560e+03 0.000000e+00
   1595.760000 1.108000e-13 1.610650e+03 0.000000e+00
   1606.820000 1.090300e-13 1.621810e+03 0.000000e+00
   1614.230000 1.087800e-13 1.629300e+03 0.000000e+00
   1625.420000 1.058100e-13 1.640590e+03 0.000000e+00
   1636.690000 1.110600e-13 1.651960e+03 0.000000e+00
   1644.250000 1.110600e-13 1.659590e+03 0.000000e+00
   1655.640000 1.067900e-13 1.671090e+03 0.000000e+00
   1663.290000 1.126000e-13 1.678800e+03 0.000000e+00
   1670.960000 1.060600e-13 1.686550e+03 0.000000e+00
   1678.680000 1.136400e-13 1.694340e+03 0.000000e+00
   1686.420000 1.146900e-13 1.702160e+03 0.000000e+00
   1694.210000 1.095300e-13 1.710020e+03 0.000000e+00
   1705.950000 1.063000e-13 1.721870e+03 0.000000e+00
   1713.830000 1.012800e-13 1.729820e+03 0.000000e+00
   1725.710000 1.003600e-13 1.741810e+03 0.000000e+00
   1733.670000 1.053300e-13 1.749850e+03 0.000000e+00
   1745.690000 1.029300e-13 1.761980e+03 0.000000e+00
   1753.750000 1.065500e-13 1.770110e+03 0.000000e+00
   1765.900000 1.012800e-13 1.782380e+03 0.000000e+00
   1774.050000 1.008200e-13 1.790610e+03 0.000000e+00
   1786.350000 1.026900e-13 1.803020e+03 0.000000e+00
   1794.600000 1.060600e-13 1.811340e+03 0.000000e+00
   1807.040000 1.063000e-13 1.823900e+03 0.000000e+00
   1815.380000 9.829700e-14 1.832310e+03 0.000000e+00
   1823.760000 1.010500e-13 1.840770e+03 0.000000e+00
   1836.400000 9.829700e-14 1.853530e+03 0.000000e+00
   1844.870000 9.131500e-14 1.862090e+03 0.000000e+00
   1853.390000 9.068600e-14 1.870680e+03 0.000000e+00
   1866.240000 9.279800e-14 1.883650e+03 0.000000e+00
   1874.850000 9.852400e-14 1.892340e+03 0.000000e+00
   1883.510000 9.047800e-14 1.901080e+03 0.000000e+00
   1896.560000 8.581100e-14 1.914260e+03 0.000000e+00
   1905.310000 9.216000e-14 1.923090e+03 0.000000e+00
   1914.110000 8.780900e-14 1.931970e+03 0.000000e+00
   1922.950000 8.541600e-14 1.940890e+03 0.000000e+00
   1936.270000 8.944200e-14 1.954340e+03 0.000000e+00
   1945.210000 9.173600e-14 1.963360e+03 0.000000e+00
   1954.190000 8.502400e-14 1.972420e+03 0.000000e+00
   1967.740000 9.152500e-14 1.986100e+03 0.000000e+00
   1976.820000 9.452400e-14 1.995260e+03 0.000000e+00
   1985.940000 8.944200e-14 2.004470e+03 0.000000e+00
   1995.110000 8.740600e-14 2.013720e+03 0.000000e+00
   2004.968839 9.006200e-14 2.023020e+03 0.000000e+00
   2014.220469 8.841800e-14 2.032360e+03 0.000000e+00
   2023.512127 9.194800e-14 2.041740e+03 0.000000e+00
   2037.544671 8.620700e-14 2.055890e+03 0.000000e+00
   2046.946401 8.780900e-14 2.065380e+03 0.000000e+00
   2056.388157 8.270700e-14 2.074910e+03 0.000000e+00
   2065.879942 8.482800e-14 2.084490e+03 0.000000e+00
   2075.421753 9.026900e-14 2.094110e+03 0.000000e+00
   2080.202667 8.443900e-14 2.098940e+03 0.000000e+00
   2084.993587 8.760700e-14 2.103780e+03 0.000000e+00
   2094.615448 8.347200e-14 2.113490e+03 0.000000e+00
   2104.287335 8.541600e-14 2.123240e+03 0.000000e+00
   2113.999245 8.581100e-14 2.133040e+03 0.000000e+00
   2123.751178 8.680400e-14 2.142890e+03 0.000000e+00
   2133.553136 8.405100e-14 2.152780e+03 0.000000e+00
   2143.405118 8.270700e-14 2.162720e+03 0.000000e+00
   2153.297122 8.541600e-14 2.172700e+03 0.000000e+00
   2163.229148 8.385700e-14 2.182730e+03 0.000000e+00
   2173.221199 8.328000e-14 2.192810e+03 0.000000e+00
   2183.243269 8.157200e-14 2.202930e+03 0.000000e+00
   2193.325364 8.366400e-14 2.213090e+03 0.000000e+00
   2203.447480 8.232700e-14 2.223310e+03 0.000000e+00
   2213.619617 8.026800e-14 2.233570e+03 0.000000e+00
   2223.831775 7.826000e-14 2.243880e+03 0.000000e+00
   2234.093955 8.026800e-14 2.254240e+03 0.000000e+00
   2244.406156 7.898400e-14 2.264640e+03 0.000000e+00
   2254.768379 7.683200e-14 2.275100e+03 0.000000e+00
   2265.170621 7.790100e-14 2.285600e+03 0.000000e+00
   2275.622884 7.844100e-14 2.296150e+03 0.000000e+00
   2286.125167 7.879400e-14 2.306750e+03 0.000000e+00
   2296.677472 7.523600e-14 2.317390e+03 0.000000e+00
   2307.279797 7.592000e-14 2.328090e+03 0.000000e+00
   2317.932143 7.383800e-14 2.338840e+03 0.000000e+00
   2323.273322 6.327700e-14 2.344230e+03 0.000000e+00
   2333.995697 7.098600e-14 2.355050e+03 0.000000e+00
   2344.768092 7.016200e-14 2.365920e+03 0.000000e+00
   2355.590507 7.161900e-14 2.376840e+03 0.000000e+00
   2366.462941 6.949500e-14 2.387810e+03 0.000000e+00
   2377.385396 6.964400e-14 2.398830e+03 0.000000e+00
   2388.357869 6.742300e-14 2.409910e+03 0.000000e+00
   2393.859113 6.914700e-14 2.415460e+03 0.000000e+00
   2404.911617 6.740600e-14 2.426610e+03 0.000000e+00
   2416.014140 6.770500e-14 2.437810e+03 0.000000e+00
   2427.156680 6.879400e-14 2.449060e+03 0.000000e+00
   2438.359242 6.675300e-14 2.460370e+03 0.000000e+00
   2443.980530 6.830200e-14 2.466040e+03 0.000000e+00
   2455.263121 6.766400e-14 2.477420e+03 0.000000e+00
   2466.595731 6.687800e-14 2.488860e+03 0.000000e+00
   2477.978360 6.564600e-14 2.500350e+03 0.000000e+00
   2483.689681 6.624700e-14 2.506110e+03 0.000000e+00
   2495.152339 6.096600e-14 2.517680e+03 0.000000e+00
   2506.675018 6.622400e-14 2.529300e+03 0.000000e+00
   2512.446362 6.265800e-14 2.535130e+03 0.000000e+00
   2518.237713 6.455600e-14 2.540970e+03 0.000000e+00
   2524.049069 6.308100e-14 2.546830e+03 0.000000e+00
   2535.691793 6.292400e-14 2.558590e+03 0.000000e+00
   2547.404539 6.190700e-14 2.570400e+03 0.000000e+00
   2553.275918 6.348900e-14 2.576320e+03 0.000000e+00
   2565.058691 6.260700e-14 2.588210e+03 0.000000e+00
   2576.891481 6.390600e-14 2.600160e+03 0.000000e+00
   2582.832885 6.346000e-14 2.606150e+03 0.000000e+00
   2594.755706 6.301200e-14 2.618180e+03 0.000000e+00
   2606.728545 6.170800e-14 2.630270e+03 0.000000e+00
   2618.761404 6.113100e-14 2.642410e+03 0.000000e+00
   2624.802842 6.154900e-14 2.648500e+03 0.000000e+00
   2636.915729 6.196400e-14 2.660720e+03 0.000000e+00
   2642.997180 6.354700e-14 2.666860e+03 0.000000e+00
   2655.190095 6.382800e-14 2.679170e+03 0.000000e+00
   2667.453032 6.108400e-14 2.691540e+03 0.000000e+00
   2673.594505 6.192800e-14 2.697740e+03 0.000000e+00
   2685.937470 6.177400e-14 2.710190e+03 0.000000e+00
   2698.330452 5.994100e-14 2.722700e+03 0.000000e+00
   2704.551951 6.021200e-14 2.728980e+03 0.000000e+00
   2717.034963 5.896500e-14 2.741570e+03 0.000000e+00
   2723.296476 5.841900e-14 2.747890e+03 0.000000e+00
   2735.869517 5.922000e-14 2.760580e+03 0.000000e+00
   2748.492576 5.628400e-14 2.773320e+03 0.000000e+00
   2754.834114 5.640800e-14 2.779710e+03 0.000000e+00
   2767.547203 5.691900e-14 2.792540e+03 0.000000e+00
   2773.928755 5.783800e-14 2.798980e+03 0.000000e+00
   2786.731872 5.677100e-14 2.811900e+03 0.000000e+00
   2793.153438 5.261200e-14 2.818380e+03 0.000000e+00
   2806.046585 5.407500e-14 2.831390e+03 0.000000e+00
   2818.999751 5.661200e-14 2.844460e+03 0.000000e+00
   2825.491340 5.673600e-14 2.851020e+03 0.000000e+00
   2838.534535 5.492600e-14 2.864180e+03 0.000000e+00
   2845.076140 5.441600e-14 2.870780e+03 0.000000e+00
   2858.209364 5.378200e-14 2.884030e+03 0.000000e+00
   2864.800985 5.515600e-14 2.890680e+03 0.000000e+00
   2878.024238 5.501800e-14 2.904020e+03 0.000000e+00
   2884.655872 5.476000e-14 2.910720e+03 0.000000e+00
   2897.969154 5.474800e-14 2.924150e+03 0.000000e+00
   2911.342456 5.575500e-14 2.937650e+03 0.000000e+00
   2931.527448 5.446800e-14 2.958010e+03 0.000000e+00
   2951.842481 5.333400e-14 2.978520e+03 0.000000e+00
   2972.307562 5.319500e-14 2.999160e+03 0.000000e+00
   2992.912686 5.256900e-14 3.019950e+03 0.000000e+00
   3013.657855 5.207000e-14 3.040890e+03 0.000000e+00
   3027.561324 5.181900e-14 3.054920e+03 0.000000e+00
   3048.546567 5.132800e-14 3.076100e+03 0.000000e+00
   3069.681857 5.107500e-14 3.097420e+03 0.000000e+00
   3090.957190 5.024200e-14 3.118890e+03 0.000000e+00
   3112.382570 5.022500e-14 3.140510e+03 0.000000e+00
   3133.957996 4.929100e-14 3.162280e+03 0.000000e+00
   3148.421638 4.882800e-14 3.176870e+03 0.000000e+00
   3170.247140 4.858700e-14 3.198900e+03 0.000000e+00
   3192.212686 4.703000e-14 3.221070e+03 0.000000e+00
   3214.338280 4.723100e-14 3.243400e+03 0.000000e+00
   3229.182038 4.614500e-14 3.258370e+03 0.000000e+00
   3251.557708 4.709500e-14 3.280950e+03 0.000000e+00
   3274.103429 4.740400e-14 3.303700e+03 0.000000e+00
   3289.207266 4.685000e-14 3.318940e+03 0.000000e+00
   3312.013066 4.608500e-14 3.341950e+03 0.000000e+00
   3319.645008 4.672000e-14 3.349660e+03 0.000000e+00
   3327.296957 4.693000e-14 3.357380e+03 0.000000e+00
   3334.968911 4.725000e-14 3.365120e+03 0.000000e+00
   3342.660871 4.522200e-14 3.372870e+03 0.000000e+00
   3350.362835 4.734800e-14 3.380650e+03 0.000000e+00
   3358.084804 4.521100e-14 3.388440e+03 0.000000e+00
   3365.826780 4.317100e-14 3.396250e+03 0.000000e+00
   3373.588761 4.306600e-14 3.404080e+03 0.000000e+00
   3381.360745 4.478000e-14 3.411930e+03 0.000000e+00
   3389.152736 4.560700e-14 3.419790e+03 0.000000e+00
   3396.964732 4.518300e-14 3.427680e+03 0.000000e+00
   3404.796735 4.497000e-14 3.435580e+03 0.000000e+00
   3412.648743 4.384000e-14 3.443500e+03 0.000000e+00
   3420.510754 4.413900e-14 3.451440e+03 0.000000e+00
   3428.402774 4.485000e-14 3.459390e+03 0.000000e+00
   3436.304797 4.505200e-14 3.467370e+03 0.000000e+00
   3444.226826 4.272200e-14 3.475360e+03 0.000000e+00
   3452.158859 4.432000e-14 3.483370e+03 0.000000e+00
   3460.120900 4.310700e-14 3.491400e+03 0.000000e+00
   3468.092944 4.280500e-14 3.499450e+03 0.000000e+00
   3476.094996 4.299700e-14 3.507520e+03 0.000000e+00
   3484.107052 4.250000e-14 3.515600e+03 0.000000e+00
   3492.139114 4.328400e-14 3.523710e+03 0.000000e+00
   3500.191182 4.190600e-14 3.531830e+03 0.000000e+00
   3508.253253 4.258100e-14 3.539970e+03 0.000000e+00
   3516.345332 4.113000e-14 3.548130e+03 0.000000e+00
   3524.447415 4.247300e-14 3.556310e+03 0.000000e+00
   3532.569503 4.207800e-14 3.564510e+03 0.000000e+00
   3540.711597 4.305200e-14 3.572730e+03 0.000000e+00
   3548.873698 4.374600e-14 3.580960e+03 0.000000e+00
   3557.055804 4.294200e-14 3.589220e+03 0.000000e+00
   3565.257916 4.283800e-14 3.597490e+03 0.000000e+00
   3573.470031 4.090500e-14 3.605790e+03 0.000000e+00
   3581.712155 4.006100e-14 3.614100e+03 0.000000e+00
   3589.974284 3.816500e-14 3.622430e+03 0.000000e+00
   3598.246417 4.042100e-14 3.630780e+03 0.000000e+00
   3606.538555 4.088300e-14 3.639150e+03 0.000000e+00
   3614.850700 3.985600e-14 3.647540e+03 0.000000e+00
   3623.182850 4.012700e-14 3.655950e+03 0.000000e+00
   3631.535006 4.399200e-14 3.664370e+03 0.000000e+00
   3639.907168 4.133500e-14 3.672820e+03 0.000000e+00
   3645.928724 4.196600e-14 3.678900e+03 1.000000e+00
   3648.659429 4.169000e-14 3.681650e+03 1.000000e+00
   3651.380132 4.056300e-14 3.684400e+03 1.000000e+00
   3654.110838 4.273500e-14 3.687150e+03 1.000000e+00
   3656.831541 4.392500e-14 3.689900e+03 1.000000e+00
   3659.562247 4.175000e-14 3.692650e+03 1.000000e+00
   3662.282950 4.138000e-14 3.695400e+03 1.000000e+00
   3665.013656 3.921700e-14 3.698150e+03 1.000000e+00
   3667.734359 3.579200e-14 3.700900e+03 1.000000e+00
   3670.455063 3.491400e-14 3.703650e+03 1.000000e+00
   3673.185769 3.845700e-14 3.706400e+03 1.000000e+00
   3675.906472 3.411500e-14 3.709150e+03 1.000000e+00
   3678.637179 4.015900e-14 3.711900e+03 1.000000e+00
   3681.357882 3.972400e-14 3.714650e+03 1.000000e+00
   3684.088589 4.387600e-14 3.717400e+03 1.000000e+00
   3686.809293 3.651100e-14 3.720150e+03 1.000000e+00
   3689.539999 3.972300e-14 3.722900e+03 1.000000e+00
   3692.260703 4.402700e-14 3.725650e+03 1.000000e+00
   3694.991410 3.875300e-14 3.728400e+03 1.000000e+00
   3697.712114 3.929700e-14 3.731150e+03 1.000000e+00
   3700.432818 4.353000e-14 3.733900e+03 1.000000e+00
   3703.163525 4.165300e-14 3.736650e+03 1.000000e+00
   3705.884229 4.400900e-14 3.739400e+03 1.000000e+00
   3708.614936 3.860100e-14 3.742150e+03 1.000000e+00
   3711.335641 2.909800e-14 3.744900e+03 1.000000e+00
   3714.066348 3.634700e-14 3.747650e+03 1.000000e+00
   3716.787053 4.132700e-14 3.750400e+03 1.000000e+00
   3719.517760 4.799900e-14 3.753150e+03 1.000000e+00
   3722.238465 6.971500e-14 3.755900e+03 1.000000e+00
   3724.969172 1.302200e-13 3.758650e+03 1.000000e+00
   3727.689877 2.094600e-13 3.761400e+03 1.000000e+00
   3730.420584 2.527600e-13 3.764150e+03 1.000000e+00
   3733.141289 2.184900e-13 3.766900e+03 1.000000e+00
   3735.861994 1.371900e-13 3.769650e+03 1.000000e+00
   3738.592702 7.184400e-14 3.772400e+03 1.000000e+00
   3741.313407 4.752000e-14 3.775150e+03 1.000000e+00
   3744.044115 4.148500e-14 3.777900e+03 1.000000e+00
   3746.764820 4.108000e-14 3.780650e+03 1.000000e+00
   3749.495528 4.219600e-14 3.783400e+03 1.000000e+00
   3752.216234 4.000200e-14 3.786150e+03 1.000000e+00
   3754.946942 4.358200e-14 3.788900e+03 1.000000e+00
   3757.667647 4.475300e-14 3.791650e+03 1.000000e+00
   3760.398356 4.576900e-14 3.794400e+03 1.000000e+00
   3763.119061 4.574500e-14 3.797150e+03 1.000000e+00
   3765.839767 4.621200e-14 3.799900e+03 1.000000e+00
   3768.570476 3.852600e-14 3.802650e+03 1.000000e+00
   3771.291181 4.116100e-14 3.805400e+03 1.000000e+00
   3774.021890 4.450500e-14 3.808150e+03 1.000000e+00
   3776.742596 4.712100e-14 3.810900e+03 1.000000e+00
   3779.473305 4.743300e-14 3.813650e+03 1.000000e+00
   3782.194011 4.870400e-14 3.816400e+03 1.000000e+00
   3784.924720 4.657400e-14 3.819150e+03 1.000000e+00
   3787.645426 4.812400e-14 3.821900e+03 1.000000e+00
   3790.376135 4.762200e-14 3.824650e+03 1.000000e+00
   3793.096841 4.356200e-14 3.827400e+03 1.000000e+00
   3795.817548 4.343700e-14 3.830150e+03 1.000000e+00
   3798.548257 4.799900e-14 3.832900e+03 1.000000e+00
   3801.268963 4.298600e-14 3.835650e+03 1.000000e+00
   3803.999672 4.035300e-14 3.838400e+03 1.000000e+00
   3806.720379 4.753700e-14 3.841150e+03 1.000000e+00
   3809.451088 4.700100e-14 3.843900e+03 1.000000e+00
   3812.171795 4.623900e-14 3.846650e+03 1.000000e+00
   3814.902505 4.753000e-14 3.849400e+03 1.000000e+00
   3817.623212 4.663400e-14 3.852150e+03 1.000000e+00
   3820.353921 4.598700e-14 3.854900e+03 1.000000e+00
   3823.074628 4.460900e-14 3.857650e+03 1.000000e+00
   3825.805338 4.268000e-14 3.860400e+03 1.000000e+00
   3828.526045 4.663700e-14 3.863150e+03 1.000000e+00
   3831.246752 4.196300e-14 3.865900e+03 1.000000e+00
   3833.977462 3.892200e-14 3.868650e+03 1.000000e+00
   3836.698169 3.895200e-14 3.871400e+03 1.000000e+00
   3839.428879 4.828500e-14 3.874150e+03 1.000000e+00
   3842.149587 4.222700e-14 3.876900e+03 1.000000e+00
   3844.880297 4.341700e-14 3.879650e+03 1.000000e+00
   3847.601004 4.472000e-14 3.882400e+03 1.000000e+00
   3850.331715 4.778500e-14 3.885150e+03 1.000000e+00
   3853.052422 4.702600e-14 3.887900e+03 1.000000e+00
   3855.783133 5.132800e-14 3.890650e+03 1.000000e+00
   3858.503841 4.893700e-14 3.893400e+03 1.000000e+00
   3861.224548 4.881200e-14 3.896150e+03 1.000000e+00
   3863.955259 5.607800e-14 3.898900e+03 1.000000e+00
   3866.675967 5.394200e-14 3.901650e+03 1.000000e+00
   3869.406677 5.730100e-14 3.904400e+03 1.000000e+00
   3872.127386 6.221400e-14 3.907150e+03 1.000000e+00
   3874.858096 5.493200e-14 3.909900e+03 1.000000e+00
   3877.578804 5.184200e-14 3.912650e+03 1.000000e+00
   3880.309515 5.141200e-14 3.915400e+03 1.000000e+00
   3883.030224 4.949400e-14 3.918150e+03 1.000000e+00
   3885.760935 4.749100e-14 3.920900e+03 1.000000e+00
   3888.481643 5.392300e-14 3.923650e+03 1.000000e+00
   3891.212354 5.518500e-14 3.926400e+03 1.000000e+00
   3893.933063 5.250000e-14 3.929150e+03 1.000000e+00
   3896.653771 5.025000e-14 3.931900e+03 1.000000e+00
   3899.384482 4.484400e-14 3.934650e+03 1.000000e+00
   3902.105191 4.693700e-14 3.937400e+03 1.000000e+00
   3904.835902 4.606600e-14 3.940150e+03 1.000000e+00
   3907.556611 4.671100e-14 3.942900e+03 1.000000e+00
   3910.287323 4.854200e-14 3.945650e+03 1.000000e+00
   3913.008032 4.774500e-14 3.948400e+03 1.000000e+00
   3915.738743 4.861900e-14 3.951150e+03 1.000000e+00
   3918.459452 5.230800e-14 3.953900e+03 1.000000e+00
   3921.190164 5.248800e-14 3.956650e+03 1.000000e+00
   3923.910873 4.829200e-14 3.959400e+03 1.000000e+00
   3926.631582 4.863300e-14 3.962150e+03 1.000000e+00
   3929.362294 4.485200e-14 3.964900e+03 1.000000e+00
   3932.083003 4.504900e-14 3.967650e+03 1.000000e+00
   3934.813715 4.083800e-14 3.970400e+03 1.000000e+00
   3937.534425 3.991100e-14 3.973150e+03 1.000000e+00
   3940.265137 4.310400e-14 3.975900e+03 1.000000e+00
   3942.985846 4.375400e-14 3.978650e+03 1.000000e+00
   3945.716558 5.043300e-14 3.981400e+03 1.000000e+00
   3948.437268 4.884800e-14 3.984150e+03 1.000000e+00
   3951.167980 4.989100e-14 3.986900e+03 1.000000e+00
   3953.888690 4.890000e-14 3.989650e+03 1.000000e+00
   3956.619402 5.213600e-14 3.992400e+03 1.000000e+00
   3959.340112 4.647700e-14 3.995150e+03 1.000000e+00
   3962.060822 4.809900e-14 3.997900e+03 1.000000e+00
   3964.791534 4.345000e-14 4.000650e+03 1.000000e+00
   3967.512244 4.798600e-14 4.003400e+03 1.000000e+00
   3970.242957 4.831300e-14 4.006150e+03 1.000000e+00
   3972.963667 5.630300e-14 4.008900e+03 1.000000e+00
   3975.694380 4.721000e-14 4.011650e+03 1.000000e+00
   3978.415090 4.974900e-14 4.014400e+03 1.000000e+00
   3981.145803 4.321500e-14 4.017150e+03 1.000000e+00
   3983.866513 5.124500e-14 4.019900e+03 1.000000e+00
   3986.597226 4.956400e-14 4.022650e+03 1.000000e+00
   3989.317936 5.348700e-14 4.025400e+03 1.000000e+00
   3992.038647 5.332300e-14 4.028150e+03 1.000000e+00
   3994.769360 5.357700e-14 4.030900e+03 1.000000e+00
   3997.490070 5.915800e-14 4.033650e+03 1.000000e+00
   4000.220783 5.339900e-14 4.036400e+03 1.000000e+00
   4002.941494 5.591900e-14 4.039150e+03 1.000000e+00
   4005.672207 5.411000e-14 4.041900e+03 1.000000e+00
   4008.392918 5.791700e-14 4.044650e+03 1.000000e+00
   4011.123631 5.464300e-14 4.047400e+03 1.000000e+00
   4013.844342 5.743400e-14 4.050150e+03 1.000000e+00
   4016.575056 5.390100e-14 4.052900e+03 1.000000e+00
   4019.295767 5.614700e-14 4.055650e+03 1.000000e+00
   4022.026480 5.564000e-14 4.058400e+03 1.000000e+00
   4024.747191 5.678300e-14 4.061150e+03 1.000000e+00
   4027.467902 5.737100e-14 4.063900e+03 1.000000e+00
   4030.198616 5.439100e-14 4.066650e+03 1.000000e+00
   4032.919327 5.574800e-14 4.069400e+03 1.000000e+00
   4035.650041 5.614300e-14 4.072150e+03 1.000000e+00
   4038.370752 5.244100e-14 4.074900e+03 1.000000e+00
   4041.101466 5.527100e-14 4.077650e+03 1.000000e+00
   4043.822177 5.414700e-14 4.080400e+03 1.000000e+00
   4046.552892 5.175500e-14 4.083150e+03 1.000000e+00
   4049.273603 5.377700e-14 4.085900e+03 1.000000e+00
   4052.004317 5.064000e-14 4.088650e+03 1.000000e+00
   4054.725029 5.403200e-14 4.091400e+03 1.000000e+00
   4057.445740 4.982500e-14 4.094150e+03 1.000000e+00
   4060.176454 5.289200e-14 4.096900e+03 1.000000e+00
   4062.897166 5.391700e-14 4.099650e+03 1.000000e+00
   4065.627880 5.010700e-14 4.102400e+03 1.000000e+00
   4068.348592 5.317600e-14 4.105150e+03 1.000000e+00
   4071.079307 5.534700e-14 4.107900e+03 1.000000e+00
   4073.800019 5.473700e-14 4.110650e+03 1.000000e+00
   4076.530733 5.414400e-14 4.113400e+03 1.000000e+00
   4079.251445 4.885700e-14 4.116150e+03 1.000000e+00
   4081.982160 5.076000e-14 4.118900e+03 1.000000e+00
   4084.702872 5.082000e-14 4.121650e+03 1.000000e+00
   4087.423584 5.028600e-14 4.124400e+03 1.000000e+00
   4090.154299 4.952500e-14 4.127150e+03 1.000000e+00
   4092.875011 4.715200e-14 4.129900e+03 1.000000e+00
   4095.605726 4.729700e-14 4.132650e+03 1.000000e+00
   4098.326438 5.031400e-14 4.135400e+03 1.000000e+00
   4101.057153 5.730200e-14 4.138150e+03 1.000000e+00
   4103.777865 6.235200e-14 4.140900e+03 1.000000e+00
   4106.508580 6.182900e-14 4.143650e+03 1.000000e+00
   4109.229293 5.514600e-14 4.146400e+03 1.000000e+00
   4111.960008 4.986500e-14 4.149150e+03 1.000000e+00
   4114.680721 4.881000e-14 4.151900e+03 1.000000e+00
   4117.411436 4.981600e-14 4.154650e+03 1.000000e+00
   4120.132148 5.008900e-14 4.157400e+03 1.000000e+00
   4122.852861 5.045000e-14 4.160150e+03 1.000000e+00
   4125.583576 4.833800e-14 4.162900e+03 1.000000e+00
   4128.304289 5.145300e-14 4.165650e+03 1.000000e+00
   4131.035005 5.009300e-14 4.168400e+03 1.000000e+00
   4133.755718 4.992600e-14 4.171150e+03 1.000000e+00
   4136.486433 4.980800e-14 4.173900e+03 1.000000e+00
   4139.207146 4.962800e-14 4.176650e+03 1.000000e+00
   4141.937862 4.966200e-14 4.179400e+03 1.000000e+00
   4144.658575 5.029900e-14 4.182150e+03 1.000000e+00
   4147.389290 5.127200e-14 4.184900e+03 1.000000e+00
   4150.110004 5.180100e-14 4.187650e+03 1.000000e+00
   4152.830717 5.273600e-14 4.190400e+03 1.000000e+00
   4155.561433 4.971500e-14 4.193150e+03 1.000000e+00
   4158.282146 5.267900e-14 4.195900e+03 1.000000e+00
   4161.012862 5.055000e-14 4.198650e+03 1.000000e+00
   4163.733575 5.110600e-14 4.201400e+03 1.000000e+00
   4166.464291 5.241100e-14 4.204150e+03 1.000000e+00
   4169.185005 5.224500e-14 4.206900e+03 1.000000e+00
   4171.915721 5.217200e-14 4.209650e+03 1.000000e+00
   4174.636434 5.213400e-14 4.212400e+03 1.000000e+00
   4177.367150 5.078900e-14 4.215150e+03 1.000000e+00
   4180.087864 5.259400e-14 4.217900e+03 1.000000e+00
   4182.818580 5.400100e-14 4.220650e+03 1.000000e+00
   4185.539294 5.100100e-14 4.223400e+03 1.000000e+00
   4188.260008 4.950600e-14 4.226150e+03 1.000000e+00
   4190.990724 5.133500e-14 4.228900e+03 1.000000e+00
   4193.711438 5.422300e-14 4.231650e+03 1.000000e+00
   4196.442154 5.463000e-14 4.234400e+03 1.000000e+00
   4199.162868 5.403600e-14 4.237150e+03 1.000000e+00
   4201.893585 5.158000e-14 4.239900e+03 1.000000e+00
   4204.614299 5.362500e-14 4.242650e+03 1.000000e+00
   4207.345016 5.310000e-14 4.245400e+03 1.000000e+00
   4210.065730 5.273200e-14 4.248150e+03 1.000000e+00
   4212.796446 4.915200e-14 4.250900e+03 1.000000e+00
   4215.517160 5.179900e-14 4.253650e+03 1.000000e+00
   4218.237875 5.066900e-14 4.256400e+03 1.000000e+00
   4220.968592 5.076200e-14 4.259150e+03 1.000000e+00
   4223.689306 5.060500e-14 4.261900e+03 1.000000e+00
   4226.420023 5.091200e-14 4.264650e+03 1.000000e+00
   4229.140737 5.036100e-14 4.267400e+03 1.000000e+00
   4231.871454 5.023800e-14 4.270150e+03 1.000000e+00
   4234.592169 5.015700e-14 4.272900e+03 1.000000e+00
   4237.322886 5.120300e-14 4.275650e+03 1.000000e+00
   4240.043600 4.888000e-14 4.278400e+03 1.000000e+00
   4242.774317 4.911700e-14 4.281150e+03 1.000000e+00
   4245.495032 4.941000e-14 4.283900e+03 1.000000e+00
   4248.225749 5.153700e-14 4.286650e+03 1.000000e+00
   4250.946464 5.046200e-14 4.289400e+03 1.000000e+00
   4253.667179 4.910300e-14 4.292150e+03 1.000000e+00
   4256.397896 5.069300e-14 4.294900e+03 1.000000e+00
   4259.118611 4.851200e-14 4.297650e+03 1.000000e+00
   4261.849328 4.870100e-14 4.300400e+03 1.000000e+00
   4264.570043 4.996000e-14 4.303150e+03 1.000000e+00
   4267.300761 4.808800e-14 4.305900e+03 1.000000e+00
   4270.021476 4.863500e-14 4.308650e+03 1.000000e+00
   4272.752193 4.927100e-14 4.311400e+03 1.000000e+00
   4275.472908 4.794100e-14 4.314150e+03 1.000000e+00
   4278.203626 4.918100e-14 4.316900e+03 1.000000e+00
   4280.924341 4.989400e-14 4.319650e+03 1.000000e+00
   4283.645056 4.931100e-14 4.322400e+03 1.000000e+00
   4286.375774 5.072100e-14 4.325150e+03 1.000000e+00
   4289.096489 4.900000e-14 4.327900e+03 1.000000e+00
   4291.827207 4.752700e-14 4.330650e+03 1.000000e+00
   4294.547923 4.704900e-14 4.333400e+03 1.000000e+00
   4297.278641 4.555300e-14 4.336150e+03 1.000000e+00
   4299.999356 4.567000e-14 4.338900e+03 1.000000e+00
   4302.730074 4.487400e-14 4.341650e+03 1.000000e+00
   4305.450789 4.393400e-14 4.344400e+03 1.000000e+00
   4308.181508 4.434700e-14 4.347150e+03 1.000000e+00
   4310.902223 4.386900e-14 4.349900e+03 1.000000e+00
   4313.632941 4.526200e-14 4.352650e+03 1.000000e+00
   4316.353657 4.889400e-14 4.355400e+03 1.000000e+00
   4319.074373 4.851000e-14 4.358150e+03 1.000000e+00
   4321.805091 4.888100e-14 4.360900e+03 1.000000e+00
   4324.525807 4.653500e-14 4.363650e+03 1.000000e+00
   4327.256525 4.607600e-14 4.366400e+03 1.000000e+00
   4329.977241 4.526500e-14 4.369150e+03 1.000000e+00
   4332.707959 4.707200e-14 4.371900e+03 1.000000e+00
   4335.428675 5.057500e-14 4.374650e+03 1.000000e+00
   4338.159394 5.846600e-14 4.377400e+03 1.000000e+00
   4340.880110 7.734100e-14 4.380150e+03 1.000000e+00
   4343.610828 8.628200e-14 4.382900e+03 1.000000e+00
   4346.331544 8.000500e-14 4.385650e+03 1.000000e+00
   4349.052260 6.608900e-14 4.388400e+03 1.000000e+00
   4351.782979 5.200500e-14 4.391150e+03 1.000000e+00
   4354.503695 4.792200e-14 4.393900e+03 1.000000e+00
   4357.234414 4.668900e-14 4.396650e+03 1.000000e+00
   4359.955130 4.980600e-14 4.399400e+03 1.000000e+00
   4362.685849 5.024400e-14 4.402150e+03 1.000000e+00
   4365.406565 5.293200e-14 4.404900e+03 1.000000e+00
   4368.137284 5.108300e-14 4.407650e+03 1.000000e+00
   4370.858001 5.007200e-14 4.410400e+03 1.000000e+00
   4373.588720 5.044400e-14 4.413150e+03 1.000000e+00
   4376.309436 4.725000e-14 4.415900e+03 1.000000e+00
   4379.030153 5.179900e-14 4.418650e+03 1.000000e+00
   4381.760872 4.746300e-14 4.421400e+03 1.000000e+00
   4384.481588 4.604800e-14 4.424150e+03 1.000000e+00
   4387.212307 4.773800e-14 4.426900e+03 1.000000e+00
   4389.933024 4.823500e-14 4.429650e+03 1.000000e+00
   4392.663743 4.952300e-14 4.432400e+03 1.000000e+00
   4395.384460 4.740200e-14 4.435150e+03 1.000000e+00
   4398.115179 4.981400e-14 4.437900e+03 1.000000e+00
   4400.835896 4.828300e-14 4.440650e+03 1.000000e+00
   4403.566616 5.082800e-14 4.443400e+03 1.000000e+00
   4406.287332 4.865400e-14 4.446150e+03 1.000000e+00
   4409.018052 4.845200e-14 4.448900e+03 1.000000e+00
   4411.738769 5.003600e-14 4.451650e+03 1.000000e+00
   4414.459486 5.066200e-14 4.454400e+03 1.000000e+00
   4417.190205 5.080200e-14 4.457150e+03 1.000000e+00
   4419.910922 5.061200e-14 4.459900e+03 1.000000e+00
   4422.641642 4.895000e-14 4.462650e+03 1.000000e+00
   4425.362359 4.844100e-14 4.465400e+03 1.000000e+00
   4428.093079 5.161100e-14 4.468150e+03 1.000000e+00
   4430.813796 5.114900e-14 4.470900e+03 1.000000e+00
   4433.544516 4.989400e-14 4.473650e+03 1.000000e+00
   4436.265233 4.895700e-14 4.476400e+03 1.000000e+00
   4438.995953 5.017100e-14 4.479150e+03 1.000000e+00
   4441.716670 5.251500e-14 4.481900e+03 1.000000e+00
   4444.437387 5.015300e-14 4.484650e+03 1.000000e+00
   4447.168107 4.816800e-14 4.487400e+03 1.000000e+00
   4449.888825 4.890600e-14 4.490150e+03 1.000000e+00
   4452.619545 5.209400e-14 4.492900e+03 1.000000e+00
   4455.340262 5.230800e-14 4.495650e+03 1.000000e+00
   4458.070982 4.815900e-14 4.498400e+03 1.000000e+00
   4460.791700 4.725700e-14 4.501150e+03 1.000000e+00
   4463.522420 4.894400e-14 4.503900e+03 1.000000e+00
   4466.243137 4.782300e-14 4.506650e+03 1.000000e+00
   4468.973858 5.078300e-14 4.509400e+03 1.000000e+00
   4471.694575 5.109100e-14 4.512150e+03 1.000000e+00
   4474.425296 5.381900e-14 4.514900e+03 1.000000e+00
   4477.146013 5.224100e-14 4.517650e+03 1.000000e+00
   4479.866731 5.248100e-14 4.520400e+03 1.000000e+00
   4482.597451 5.068000e-14 4.523150e+03 1.000000e+00
   4485.318169 4.970800e-14 4.525900e+03 1.000000e+00
   4488.048890 4.941800e-14 4.528650e+03 1.000000e+00
   4490.769608 5.271700e-14 4.531400e+03 1.000000e+00
   4493.500328 5.106700e-14 4.534150e+03 1.000000e+00
   4496.221046 5.037100e-14 4.536900e+03 1.000000e+00
   4498.951767 5.012400e-14 4.539650e+03 1.000000e+00
   4501.672485 5.106900e-14 4.542400e+03 1.000000e+00
   4504.403205 5.178700e-14 4.545150e+03 1.000000e+00
   4507.123923 5.370800e-14 4.547900e+03 1.000000e+00
   4509.844642 5.286500e-14 4.550650e+03 1.000000e+00
   4512.575362 5.078200e-14 4.553400e+03 1.000000e+00
   4515.296080 5.253000e-14 4.556150e+03 1.000000e+00
   4518.026801 4.960100e-14 4.558900e+03 1.000000e+00
   4520.747520 5.060600e-14 4.561650e+03 1.000000e+00
   4523.478240 5.094400e-14 4.564400e+03 1.000000e+00
   4526.198959 5.133200e-14 4.567150e+03 1.000000e+00
   4528.929680 4.721600e-14 4.569900e+03 1.000000e+00
   4531.650398 4.966500e-14 4.572650e+03 1.000000e+00
   4534.381119 4.875800e-14 4.575400e+03 1.000000e+00
   4537.101837 5.150300e-14 4.578150e+03 1.000000e+00
   4539.832559 4.916900e-14 4.580900e+03 1.000000e+00
   4542.553277 5.228600e-14 4.583650e+03 1.000000e+00
   4545.273996 5.044000e-14 4.586400e+03 1.000000e+00
   4548.004717 5.056600e-14 4.589150e+03 1.000000e+00
   4550.725435 4.938300e-14 4.591900e+03 1.000000e+00
   4553.456157 4.820500e-14 4.594650e+03 1.000000e+00
   4556.176875 4.764900e-14 4.597400e+03 1.000000e+00
   4558.907596 4.798000e-14 4.600150e+03 1.000000e+00
   4561.628315 4.952200e-14 4.602900e+03 1.000000e+00
   4564.359037 5.208000e-14 4.605650e+03 1.000000e+00
   4567.079755 5.360300e-14 4.608400e+03 1.000000e+00
   4569.810477 5.344500e-14 4.611150e+03 1.000000e+00
   4572.531196 5.143300e-14 4.613900e+03 1.000000e+00
   4575.251914 5.157300e-14 4.616650e+03 1.000000e+00
   4577.982636 5.278500e-14 4.619400e+03 1.000000e+00
   4580.703355 5.206200e-14 4.622150e+03 1.000000e+00
   4583.434076 5.098700e-14 4.624900e+03 1.000000e+00
   4586.154795 5.184600e-14 4.627650e+03 1.000000e+00
   4588.885517 4.950600e-14 4.630400e+03 1.000000e+00
   4591.606236 4.977300e-14 4.633150e+03 1.000000e+00
   4594.336958 5.023400e-14 4.635900e+03 1.000000e+00
   4597.057677 5.003700e-14 4.638650e+03 1.000000e+00
   4599.788399 5.024900e-14 4.641400e+03 1.000000e+00
   4602.509118 4.953800e-14 4.644150e+03 1.000000e+00
   4605.239840 5.137300e-14 4.646900e+03 1.000000e+00
   4607.960559 4.999300e-14 4.649650e+03 1.000000e+00
   4610.681278 5.031400e-14 4.652400e+03 1.000000e+00
   4613.412000 5.282000e-14 4.655150e+03 1.000000e+00
   4616.132719 5.139300e-14 4.657900e+03 1.000000e+00
   4618.863441 5.148700e-14 4.660650e+03 1.000000e+00
   4621.584161 5.251600e-14 4.663400e+03 1.000000e+00
   4624.314883 5.086600e-14 4.666150e+03 1.000000e+00
   4627.035602 5.100900e-14 4.668900e+03 1.000000e+00
   4629.766324 5.122600e-14 4.671650e+03 1.000000e+00
   4632.487044 5.011900e-14 4.674400e+03 1.000000e+00
   4635.217766 4.977800e-14 4.677150e+03 1.000000e+00
   4637.938485 5.287300e-14 4.679900e+03 1.000000e+00
   4640.659205 4.879100e-14 4.682650e+03 1.000000e+00
   4643.389927 5.139600e-14 4.685400e+03 1.000000e+00
   4646.110647 4.789300e-14 4.688150e+03 1.000000e+00
   4648.841369 5.035500e-14 4.690900e+03 1.000000e+00
   4651.562089 4.969900e-14 4.693650e+03 1.000000e+00
   4654.292811 4.951700e-14 4.696400e+03 1.000000e+00
   4657.013531 4.984200e-14 4.699150e+03 1.000000e+00
   4659.744253 5.308900e-14 4.701900e+03 1.000000e+00
   4662.464973 5.163800e-14 4.704650e+03 1.000000e+00
   4665.195696 5.137400e-14 4.707400e+03 1.000000e+00
   4667.916416 5.056800e-14 4.710150e+03 1.000000e+00
   4670.647138 4.970500e-14 4.712900e+03 1.000000e+00
   4673.367858 4.885100e-14 4.715650e+03 1.000000e+00
   4676.088578 5.146400e-14 4.718400e+03 1.000000e+00
   4678.819301 5.129900e-14 4.721150e+03 1.000000e+00
   4681.540021 5.044000e-14 4.723900e+03 1.000000e+00
   4684.270743 4.894100e-14 4.726650e+03 1.000000e+00
   4686.991463 5.111900e-14 4.729400e+03 1.000000e+00
   4689.722186 5.177400e-14 4.732150e+03 1.000000e+00
   4692.442906 5.214100e-14 4.734900e+03 1.000000e+00
   4695.173629 5.249700e-14 4.737650e+03 1.000000e+00
   4697.894349 5.286600e-14 4.740400e+03 1.000000e+00
   4700.625072 5.246100e-14 4.743150e+03 1.000000e+00
   4703.345792 5.178700e-14 4.745900e+03 1.000000e+00
   4706.066513 4.914400e-14 4.748650e+03 1.000000e+00
   4708.797235 5.108200e-14 4.751400e+03 1.000000e+00
   4711.517956 5.097800e-14 4.754150e+03 1.000000e+00
   4714.248679 5.030600e-14 4.756900e+03 1.000000e+00
   4716.969399 5.227100e-14 4.759650e+03 1.000000e+00
   4719.700122 4.868800e-14 4.762400e+03 1.000000e+00
   4722.420843 5.151700e-14 4.765150e+03 1.000000e+00
   4725.151566 5.054800e-14 4.767900e+03 1.000000e+00
   4727.872286 4.995800e-14 4.770650e+03 1.000000e+00
   4730.603009 4.908200e-14 4.773400e+03 1.000000e+00
   4733.323730 4.901900e-14 4.776150e+03 1.000000e+00
   4736.044450 4.838700e-14 4.778900e+03 1.000000e+00
   4738.775174 5.047400e-14 4.781650e+03 1.000000e+00
   4741.495894 5.092200e-14 4.784400e+03 1.000000e+00
   4744.226618 5.199200e-14 4.787150e+03 1.000000e+00
   4746.947338 5.091300e-14 4.789900e+03 1.000000e+00
   4749.678062 5.101400e-14 4.792650e+03 1.000000e+00
   4752.398782 5.234500e-14 4.795400e+03 1.000000e+00
   4755.129506 5.233500e-14 4.798150e+03 1.000000e+00
   4757.850226 5.077400e-14 4.800900e+03 1.000000e+00
   4760.580950 4.885200e-14 4.803650e+03 1.000000e+00
   4763.301671 5.128000e-14 4.806400e+03 1.000000e+00
   4766.032394 5.142600e-14 4.809150e+03 1.000000e+00
   4768.753115 4.912400e-14 4.811900e+03 1.000000e+00
   4771.473836 4.742900e-14 4.814650e+03 1.000000e+00
   4774.204560 5.033800e-14 4.817400e+03 1.000000e+00
   4776.925281 4.871100e-14 4.820150e+03 1.000000e+00
   4779.656004 5.041500e-14 4.822900e+03 1.000000e+00
   4782.376725 4.956800e-14 4.825650e+03 1.000000e+00
   4785.107449 5.039500e-14 4.828400e+03 1.000000e+00
   4787.828170 4.814400e-14 4.831150e+03 1.000000e+00
   4790.558894 4.644900e-14 4.833900e+03 1.000000e+00
   4793.279615 4.767100e-14 4.836650e+03 1.000000e+00
   4796.010339 4.923100e-14 4.839400e+03 1.000000e+00
   4798.731060 4.806200e-14 4.842150e+03 1.000000e+00
   4801.451781 4.675900e-14 4.844900e+03 1.000000e+00
   4804.182505 4.882000e-14 4.847650e+03 1.000000e+00
   4806.903226 4.904000e-14 4.850400e+03 1.000000e+00
   4809.633950 4.863200e-14 4.853150e+03 1.000000e+00
   4812.354671 4.922200e-14 4.855900e+03 1.000000e+00
   4815.085395 4.916700e-14 4.858650e+03 1.000000e+00
   4817.806117 4.825100e-14 4.861400e+03 1.000000e+00
   4820.536841 4.985700e-14 4.864150e+03 1.000000e+00
   4823.257562 4.703900e-14 4.866900e+03 1.000000e+00
   4825.988286 4.750300e-14 4.869650e+03 1.000000e+00
   4828.709008 4.813100e-14 4.872400e+03 1.000000e+00
   4831.439732 4.748300e-14 4.875150e+03 1.000000e+00
   4834.160453 4.675900e-14 4.877900e+03 1.000000e+00
   4836.881175 4.628300e-14 4.880650e+03 1.000000e+00
   4839.611899 4.702100e-14 4.883400e+03 1.000000e+00
   4842.332621 4.635200e-14 4.886150e+03 1.000000e+00
   4845.063345 4.486400e-14 4.888900e+03 1.000000e+00
   4847.784066 4.687900e-14 4.891650e+03 1.000000e+00
   4850.514791 4.650100e-14 4.894400e+03 1.000000e+00
   4853.235512 4.688100e-14 4.897150e+03 1.000000e+00
   4855.966237 5.294900e-14 4.899900e+03 1.000000e+00
   4858.686959 7.112900e-14 4.902650e+03 1.000000e+00
   4861.417683 1.094000e-13 4.905400e+03 1.000000e+00
   4864.138405 1.440300e-13 4.908150e+03 1.000000e+00
   4866.859127 1.435600e-13 4.910900e+03 1.000000e+00
   4869.589851 1.069300e-13 4.913650e+03 1.000000e+00
   4872.310573 6.564900e-14 4.916400e+03 1.000000e+00
   4875.041297 5.007100e-14 4.919150e+03 1.000000e+00
   4877.762019 4.528000e-14 4.921900e+03 1.000000e+00
   4880.492744 4.393000e-14 4.924650e+03 1.000000e+00
   4883.213466 4.565600e-14 4.927400e+03 1.000000e+00
   4885.944191 4.628900e-14 4.930150e+03 1.000000e+00
   4888.664913 4.752300e-14 4.932900e+03 1.000000e+00
   4891.395637 4.582500e-14 4.935650e+03 1.000000e+00
   4894.116359 4.542100e-14 4.938400e+03 1.000000e+00
   4896.847084 4.541000e-14 4.941150e+03 1.000000e+00
   4899.567806 4.701200e-14 4.943900e+03 1.000000e+00
   4902.288528 4.782900e-14 4.946650e+03 1.000000e+00
   4905.019253 4.789200e-14 4.949400e+03 1.000000e+00
   4907.739975 4.870700e-14 4.952150e+03 1.000000e+00
   4910.470700 4.767000e-14 4.954900e+03 1.000000e+00
   4913.191422 4.789000e-14 4.957650e+03 1.000000e+00
   4915.922147 4.621900e-14 4.960400e+03 1.000000e+00
   4918.642869 4.858800e-14 4.963150e+03 1.000000e+00
   4921.373594 4.760900e-14 4.965900e+03 1.000000e+00
   4924.094317 4.505900e-14 4.968650e+03 1.000000e+00
   4926.825042 4.701600e-14 4.971400e+03 1.000000e+00
   4929.545764 4.508800e-14 4.974150e+03 1.000000e+00
   4932.266486 4.567200e-14 4.976900e+03 1.000000e+00
   4934.997211 4.667700e-14 4.979650e+03 1.000000e+00
   4937.717934 4.481200e-14 4.982400e+03 1.000000e+00
   4940.448659 4.590500e-14 4.985150e+03 1.000000e+00
   4943.169381 4.752400e-14 4.987900e+03 1.000000e+00
   4945.900107 4.737800e-14 4.990650e+03 1.000000e+00
   4948.620829 4.900700e-14 4.993400e+03 1.000000e+00
   4951.351554 5.002600e-14 4.996150e+03 1.000000e+00
   4954.072277 5.227100e-14 4.998900e+03 1.000000e+00
   4956.803002 6.528200e-14 5.001650e+03 1.000000e+00
   4959.523725 8.884500e-14 5.004400e+03 1.000000e+00
   4962.254450 1.080600e-13 5.007150e+03 1.000000e+00
   4964.975173 1.036200e-13 5.009900e+03 1.000000e+00
   4967.695895 8.299700e-14 5.012650e+03 1.000000e+00
   4970.426621 5.972500e-14 5.015400e+03 1.000000e+00
   4973.147344 5.151700e-14 5.018150e+03 1.000000e+00
   4975.878069 4.878300e-14 5.020900e+03 1.000000e+00
   4978.598792 4.744200e-14 5.023650e+03 1.000000e+00
   4981.329517 4.808400e-14 5.026400e+03 1.000000e+00
   4984.050240 4.769400e-14 5.029150e+03 1.000000e+00
   4986.780966 4.708400e-14 5.031900e+03 1.000000e+00
   4989.501688 4.637600e-14 5.034650e+03 1.000000e+00
   4992.232414 4.846200e-14 5.037400e+03 1.000000e+00
   4994.953137 4.770300e-14 5.040150e+03 1.000000e+00
   4997.673860 4.756100e-14 5.042900e+03 1.000000e+00
   5000.404585 5.893300e-14 5.045650e+03 1.000000e+00
   5003.125308 8.088900e-14 5.048400e+03 1.000000e+00
   5005.856034 1.229800e-13 5.051150e+03 1.000000e+00
   5008.576757 1.988600e-13 5.053900e+03 1.000000e+00
   5011.307483 2.352000e-13 5.056650e+03 1.000000e+00
   5014.028206 1.945600e-13 5.059400e+03 1.000000e+00
   5016.758932 1.199200e-13 5.062150e+03 1.000000e+00
   5019.479655 7.059400e-14 5.064900e+03 1.000000e+00
   5022.210381 5.312500e-14 5.067650e+03 1.000000e+00
   5024.931104 4.794600e-14 5.070400e+03 1.000000e+00
   5027.651827 4.522300e-14 5.073150e+03 1.000000e+00
   5030.382553 4.336400e-14 5.075900e+03 1.000000e+00
   5033.103276 4.416900e-14 5.078650e+03 1.000000e+00
   5035.834002 4.528800e-14 5.081400e+03 1.000000e+00
   5038.554725 4.493200e-14 5.084150e+03 1.000000e+00
   5041.285451 4.575500e-14 5.086900e+03 1.000000e+00
   5044.006175 4.536300e-14 5.089650e+03 1.000000e+00
   5046.736901 4.542800e-14 5.092400e+03 1.000000e+00
   5049.457624 4.586900e-14 5.095150e+03 1.000000e+00
   5052.188350 4.701500e-14 5.097900e+03 1.000000e+00
   5054.909073 4.631100e-14 5.100650e+03 1.000000e+00
   5057.639799 4.686800e-14 5.103400e+03 1.000000e+00
   5060.360523 4.713500e-14 5.106150e+03 1.000000e+00
   5063.081246 4.670600e-14 5.108900e+03 1.000000e+00
   5065.811973 4.543300e-14 5.111650e+03 1.000000e+00
   5068.532696 4.578200e-14 5.114400e+03 1.000000e+00
   5071.263422 4.505600e-14 5.117150e+03 1.000000e+00
   5073.984146 4.434300e-14 5.119900e+03 1.000000e+00
   5076.714872 4.552500e-14 5.122650e+03 1.000000e+00
   5079.435596 4.393100e-14 5.125400e+03 1.000000e+00
   5082.166322 4.316900e-14 5.128150e+03 1.000000e+00
   5084.887046 4.394200e-14 5.130900e+03 1.000000e+00
   5087.617772 4.452000e-14 5.133650e+03 1.000000e+00
   5090.338496 4.673800e-14 5.136400e+03 1.000000e+00
   5093.059219 4.681700e-14 5.139150e+03 1.000000e+00
   5095.789946 4.633300e-14 5.141900e+03 1.000000e+00
   5098.510669 4.566600e-14 5.144650e+03 1.000000e+00
   5101.241396 4.384900e-14 5.147400e+03 1.000000e+00
   5103.962120 4.382000e-14 5.150150e+03 1.000000e+00
   5106.692846 4.422000e-14 5.152900e+03 1.000000e+00
   5109.413570 4.297600e-14 5.155650e+03 1.000000e+00
   5112.144296 4.452500e-14 5.158400e+03 1.000000e+00
   5114.865020 4.665400e-14 5.161150e+03 1.000000e+00
   5117.595747 4.611700e-14 5.163900e+03 1.000000e+00
   5120.316471 4.380800e-14 5.166650e+03 1.000000e+00
   5123.047197 4.435800e-14 5.169400e+03 1.000000e+00
   5125.767921 4.377600e-14 5.172150e+03 1.000000e+00
   5128.488645 4.375500e-14 5.174900e+03 1.000000e+00
   5131.219372 4.431600e-14 5.177650e+03 1.000000e+00
   5133.940096 4.333800e-14 5.180400e+03 1.000000e+00
   5136.670823 4.361400e-14 5.183150e+03 1.000000e+00
   5139.391547 4.427500e-14 5.185900e+03 1.000000e+00
   5142.122273 4.417900e-14 5.188650e+03 1.000000e+00
   5144.842998 4.376500e-14 5.191400e+03 1.000000e+00
   5147.573724 4.336600e-14 5.194150e+03 1.000000e+00
   5150.294449 4.476000e-14 5.196900e+03 1.000000e+00
   5153.025175 4.424400e-14 5.199650e+03 1.000000e+00
   5155.745900 4.324200e-14 5.202400e+03 1.000000e+00
   5158.466624 4.363000e-14 5.205150e+03 1.000000e+00
   5161.197351 4.442100e-14 5.207900e+03 1.000000e+00
   5163.918075 4.246100e-14 5.210650e+03 1.000000e+00
   5166.648802 4.082400e-14 5.213400e+03 1.000000e+00
   5169.369526 4.029600e-14 5.216150e+03 1.000000e+00
   5172.100253 3.861800e-14 5.218900e+03 1.000000e+00
   5174.820977 4.020000e-14 5.221650e+03 1.000000e+00
   5177.551704 4.199200e-14 5.224400e+03 1.000000e+00
   5180.272429 4.191200e-14 5.227150e+03 1.000000e+00
   5183.003156 4.234300e-14 5.229900e+03 1.000000e+00
   5185.723880 4.068100e-14 5.232650e+03 1.000000e+00
   5188.454607 4.027400e-14 5.235400e+03 1.000000e+00
   5191.175332 4.203700e-14 5.238150e+03 1.000000e+00
   5193.896056 4.226800e-14 5.240900e+03 1.000000e+00
   5196.626783 4.308800e-14 5.243650e+03 1.000000e+00
   5199.347508 4.520500e-14 5.246400e+03 1.000000e+00
   5202.078235 4.772800e-14 5.249150e+03 1.000000e+00
   5204.798960 4.710700e-14 5.251900e+03 1.000000e+00
   5207.529687 4.457200e-14 5.254650e+03 1.000000e+00
   5210.250411 4.308200e-14 5.257400e+03 1.000000e+00
   5212.981139 4.206900e-14 5.260150e+03 1.000000e+00
   5215.701863 4.251000e-14 5.262900e+03 1.000000e+00
   5218.432591 4.492600e-14 5.265650e+03 1.000000e+00
   5221.153315 4.616400e-14 5.268400e+03 1.000000e+00
   5223.874040 4.517300e-14 5.271150e+03 1.000000e+00
   5226.604767 4.253900e-14 5.273900e+03 1.000000e+00
   5229.325492 4.169700e-14 5.276650e+03 1.000000e+00
   5232.056219 4.282500e-14 5.279400e+03 1.000000e+00
   5234.776944 4.394000e-14 5.282150e+03 1.000000e+00
   5237.507672 4.461100e-14 5.284900e+03 1.000000e+00
   5240.228396 4.361400e-14 5.287650e+03 1.000000e+00
   5242.959124 4.344600e-14 5.290400e+03 1.000000e+00
   5245.679849 4.438100e-14 5.293150e+03 1.000000e+00
   5248.410576 4.455500e-14 5.295900e+03 1.000000e+00
   5251.131301 4.350200e-14 5.298650e+03 1.000000e+00
   5253.862029 4.338700e-14 5.301400e+03 1.000000e+00
   5256.582754 4.431100e-14 5.304150e+03 1.000000e+00
   5259.303478 4.561300e-14 5.306900e+03 1.000000e+00
   5262.034206 4.523300e-14 5.309650e+03 1.000000e+00
   5264.754931 4.387800e-14 5.312400e+03 1.000000e+00
   5267.485659 4.371500e-14 5.315150e+03 1.000000e+00
   5270.206384 4.157100e-14 5.317900e+03 1.000000e+00
   5272.937111 4.090200e-14 5.320650e+03 1.000000e+00
   5275.657836 4.325200e-14 5.323400e+03 1.000000e+00
   5278.388564 4.392000e-14 5.326150e+03 1.000000e+00
   5281.109289 4.338900e-14 5.328900e+03 1.000000e+00
   5283.840017 4.378100e-14 5.331650e+03 1.000000e+00
   5286.560742 4.460500e-14 5.334400e+03 1.000000e+00
   5289.281467 4.584600e-14 5.337150e+03 1.000000e+00
   5292.012195 4.608100e-14 5.339900e+03 1.000000e+00
   5294.732920 4.495400e-14 5.342650e+03 1.000000e+00
   5297.463648 4.671000e-14 5.345400e+03 1.000000e+00
   5300.184373 4.675500e-14 5.348150e+03 1.000000e+00
   5302.915101 4.524000e-14 5.350900e+03 1.000000e+00
   5305.635826 4.491600e-14 5.353650e+03 1.000000e+00
   5308.366554 4.466800e-14 5.356400e+03 1.000000e+00
   5311.087280 4.636200e-14 5.359150e+03 1.000000e+00
   5313.818008 4.576200e-14 5.361900e+03 1.000000e+00
   5316.538733 4.496700e-14 5.364650e+03 1.000000e+00
   5319.259458 4.370400e-14 5.367400e+03 1.000000e+00
   5321.990186 4.505000e-14 5.370150e+03 1.000000e+00
   5324.710912 4.458000e-14 5.372900e+03 1.000000e+00
   5327.441640 4.478900e-14 5.375650e+03 1.000000e+00
   5330.162365 4.327300e-14 5.378400e+03 1.000000e+00
   5332.893093 4.328000e-14 5.381150e+03 1.000000e+00
   5335.613819 4.263800e-14 5.383900e+03 1.000000e+00
   5338.344547 4.400600e-14 5.386650e+03 1.000000e+00
   5341.065272 4.442500e-14 5.389400e+03 1.000000e+00
   5343.796000 4.488200e-14 5.392150e+03 1.000000e+00
   5346.516726 4.385600e-14 5.394900e+03 1.000000e+00
   5349.247454 4.320400e-14 5.397650e+03 1.000000e+00
   5351.968180 4.339400e-14 5.400400e+03 1.000000e+00
   5354.688905 4.311000e-14 5.403150e+03 1.000000e+00
   5357.419634 4.360100e-14 5.405900e+03 1.000000e+00
   5360.140359 4.610400e-14 5.408650e+03 1.000000e+00
   5362.871087 4.715900e-14 5.411400e+03 1.000000e+00
   5365.591813 4.501600e-14 5.414150e+03 1.000000e+00
   5368.322541 4.337800e-14 5.416900e+03 1.000000e+00
   5371.043267 4.328800e-14 5.419650e+03 1.000000e+00
   5373.773995 4.263800e-14 5.422400e+03 1.000000e+00
   5376.494721 4.358100e-14 5.425150e+03 1.000000e+00
   5379.225450 4.471000e-14 5.427900e+03 1.000000e+00
   5381.946175 4.272000e-14 5.430650e+03 1.000000e+00
   5384.666901 4.335400e-14 5.433400e+03 1.000000e+00
   5387.397630 4.475800e-14 5.436150e+03 1.000000e+00
   5390.118355 4.476800e-14 5.438900e+03 1.000000e+00
   5392.849084 4.278100e-14 5.441650e+03 1.000000e+00
   5395.569810 4.211000e-14 5.444400e+03 1.000000e+00
   5398.300538 4.311400e-14 5.447150e+03 1.000000e+00
   5401.021264 4.319200e-14 5.449900e+03 1.000000e+00
   5403.751993 4.137700e-14 5.452650e+03 1.000000e+00
   5406.472719 4.154300e-14 5.455400e+03 1.000000e+00
   5409.203447 4.095500e-14 5.458150e+03 1.000000e+00
   5411.924173 4.129300e-14 5.460900e+03 1.000000e+00
   5414.654902 4.243500e-14 5.463650e+03 1.000000e+00
   5417.375628 4.489700e-14 5.466400e+03 1.000000e+00
   5420.096354 4.442100e-14 5.469150e+03 1.000000e+00
   5422.827082 4.414900e-14 5.471900e+03 1.000000e+00
   5425.547808 4.484600e-14 5.474650e+03 1.000000e+00
   5428.278537 4.391400e-14 5.477400e+03 1.000000e+00
   5430.999263 4.478200e-14 5.480150e+03 1.000000e+00
   5433.729992 4.319100e-14 5.482900e+03 1.000000e+00
   5436.450718 4.188800e-14 5.485650e+03 1.000000e+00
   5439.181447 4.346100e-14 5.488400e+03 1.000000e+00
   5441.902173 4.437700e-14 5.491150e+03 1.000000e+00
   5444.632902 4.481900e-14 5.493900e+03 1.000000e+00
   5447.353628 4.415600e-14 5.496650e+03 1.000000e+00
   5450.074354 4.359900e-14 5.499400e+03 1.000000e+00
   5452.805083 4.258300e-14 5.502150e+03 1.000000e+00
   5455.525809 4.222400e-14 5.504900e+03 1.000000e+00
   5458.256538 4.354400e-14 5.507650e+03 1.000000e+00
   5460.977264 4.369100e-14 5.510400e+03 1.000000e+00
   5463.707993 4.102200e-14 5.513150e+03 1.000000e+00
   5466.428719 4.234300e-14 5.515900e+03 1.000000e+00
   5469.159448 4.451600e-14 5.518650e+03 1.000000e+00
   5471.880175 4.325200e-14 5.521400e+03 1.000000e+00
   5474.610904 4.394800e-14 5.524150e+03 1.000000e+00
   5477.331630 4.247200e-14 5.526900e+03 1.000000e+00
   5480.062359 4.120000e-14 5.529650e+03 1.000000e+00
   5482.783086 4.207800e-14 5.532400e+03 1.000000e+00
   5485.503812 4.414500e-14 5.535150e+03 1.000000e+00
   5488.234541 4.354400e-14 5.537900e+03 1.000000e+00
   5490.955267 4.393100e-14 5.540650e+03 1.000000e+00
   5493.685997 4.365400e-14 5.543400e+03 1.000000e+00
   5496.406723 4.241200e-14 5.546150e+03 1.000000e+00
   5499.137452 4.387300e-14 5.548900e+03 1.000000e+00
   5501.858179 4.226100e-14 5.551650e+03 1.000000e+00
   5504.588908 4.293300e-14 5.554400e+03 1.000000e+00
   5507.309634 4.168000e-14 5.557150e+03 1.000000e+00
   5510.040364 4.246100e-14 5.559900e+03 1.000000e+00
   5512.761090 4.159100e-14 5.562650e+03 1.000000e+00
   5515.481817 4.328100e-14 5.565400e+03 1.000000e+00
   5518.212546 4.211100e-14 5.568150e+03 1.000000e+00
   5520.933273 4.291800e-14 5.570900e+03 1.000000e+00
   5523.664002 4.392600e-14 5.573650e+03 1.000000e+00
   5526.384728 4.399700e-14 5.576400e+03 1.000000e+00
   5529.115458 4.597100e-14 5.579150e+03 1.000000e+00
   5531.836184 4.437500e-14 5.581900e+03 1.000000e+00
   5534.566914 4.194100e-14 5.584650e+03 1.000000e+00
   5537.287641 4.279100e-14 5.587400e+03 1.000000e+00
   5540.018370 4.581300e-14 5.590150e+03 1.000000e+00
   5542.739097 4.308200e-14 5.592900e+03 1.000000e+00
   5545.469826 4.232000e-14 5.595650e+03 1.000000e+00
   5548.190553 4.155700e-14 5.598400e+03 1.000000e+00
   5550.911280 4.373100e-14 5.601150e+03 1.000000e+00
   5553.642009 4.155900e-14 5.603900e+03 1.000000e+00
   5556.362736 4.232300e-14 5.606650e+03 1.000000e+00
   5559.093465 4.313900e-14 5.609400e+03 1.000000e+00
   5561.814192 4.359800e-14 5.612150e+03 1.000000e+00
   5564.544922 4.329300e-14 5.614900e+03 1.000000e+00
   5567.265649 4.343500e-14 5.617650e+03 1.000000e+00
   5569.996378 4.397200e-14 5.620400e+03 1.000000e+00
   5572.717105 4.138100e-14 5.623150e+03 1.000000e+00
   5575.447835 3.971800e-14 5.625900e+03 1.000000e+00
   5578.168562 4.355600e-14 5.628650e+03 1.000000e+00
   5580.889289 4.149600e-14 5.631400e+03 1.000000e+00
   5583.620018 4.235100e-14 5.634150e+03 1.000000e+00
   5586.340745 4.392100e-14 5.636900e+03 1.000000e+00
   5589.071475 4.197100e-14 5.639650e+03 1.000000e+00
   5591.792202 4.125000e-14 5.642400e+03 1.000000e+00
   5594.522932 4.298100e-14 5.645150e+03 1.000000e+00
   5597.243659 4.029900e-14 5.647900e+03 1.000000e+00
   5599.974388 4.326700e-14 5.650650e+03 1.000000e+00
   5602.695116 4.243000e-14 5.653400e+03 1.000000e+00
   5605.425845 4.067400e-14 5.656150e+03 1.000000e+00
   5608.146572 4.376000e-14 5.658900e+03 1.000000e+00
   5610.867300 4.311600e-14 5.661650e+03 1.000000e+00
   5613.598029 4.298500e-14 5.664400e+03 1.000000e+00
   5616.318756 4.234800e-14 5.667150e+03 1.000000e+00
   5619.049486 4.324000e-14 5.669900e+03 1.000000e+00
   5621.770214 4.147800e-14 5.672650e+03 1.000000e+00
   5624.500943 4.197400e-14 5.675400e+03 1.000000e+00
   5627.221671 4.087900e-14 5.678150e+03 1.000000e+00
   5629.952401 4.072900e-14 5.680900e+03 1.000000e+00
   5632.673128 4.152500e-14 5.683650e+03 1.000000e+00
   5635.403858 4.215200e-14 5.686400e+03 1.000000e+00
   5638.124585 4.193500e-14 5.689150e+03 1.000000e+00
   5640.855315 4.247600e-14 5.691900e+03 1.000000e+00
   5643.576042 4.323000e-14 5.694650e+03 1.000000e+00
   5646.296770 4.338200e-14 5.697400e+03 1.000000e+00
   5649.027500 4.191300e-14 5.700150e+03 1.000000e+00
   5651.748227 4.305000e-14 5.702900e+03 1.000000e+00
   5654.478957 4.247100e-14 5.705650e+03 1.000000e+00
   5657.199684 4.313600e-14 5.708400e+03 1.000000e+00
   5659.930414 4.331100e-14 5.711150e+03 1.000000e+00
   5662.651142 4.171100e-14 5.713900e+03 1.000000e+00
   5665.381872 4.018000e-14 5.716650e+03 1.000000e+00
   5668.102599 4.012700e-14 5.719400e+03 1.000000e+00
   5670.833329 4.095400e-14 5.722150e+03 1.000000e+00
   5673.554057 4.175400e-14 5.724900e+03 1.000000e+00
   5676.274784 4.183800e-14 5.727650e+03 1.000000e+00
   5679.005515 4.120900e-14 5.730400e+03 1.000000e+00
   5681.726242 4.047000e-14 5.733150e+03 1.000000e+00
   5684.456972 4.531300e-14 5.735900e+03 1.000000e+00
   5687.177700 4.061500e-14 5.738650e+03 1.000000e+00
   5689.908430 4.197100e-14 5.741400e+03 1.000000e+00
   5692.629158 4.007200e-14 5.744150e+03 1.000000e+00
   5695.359888 4.247100e-14 5.746900e+03 1.000000e+00
   5698.080616 4.096100e-14 5.749650e+03 1.000000e+00
   5700.811346 4.214200e-14 5.752400e+03 1.000000e+00
   5703.532073 4.145700e-14 5.755150e+03 1.000000e+00
   5706.262804 4.155700e-14 5.757900e+03 1.000000e+00
   5708.983531 3.889600e-14 5.760650e+03 1.000000e+00
   5711.704259 4.174700e-14 5.763400e+03 1.000000e+00
   5714.434989 3.849100e-14 5.766150e+03 1.000000e+00
   5717.155717 4.173100e-14 5.768900e+03 1.000000e+00
   5719.886448 4.152700e-14 5.771650e+03 1.000000e+00
   5722.607175 4.197200e-14 5.774400e+03 1.000000e+00
   5725.337906 4.315400e-14 5.777150e+03 1.000000e+00
   5728.058633 4.300700e-14 5.779900e+03 1.000000e+00
   5730.789364 4.326900e-14 5.782650e+03 1.000000e+00
   5733.510092 3.975500e-14 5.785400e+03 1.000000e+00
   5736.240822 4.143300e-14 5.788150e+03 1.000000e+00
   5738.961550 4.162000e-14 5.790900e+03 1.000000e+00
   5741.682278 4.109400e-14 5.793650e+03 1.000000e+00
   5744.413008 4.338800e-14 5.796400e+03 1.000000e+00
   5747.133736 4.203200e-14 5.799150e+03 1.000000e+00
   5749.864467 4.155800e-14 5.801900e+03 1.000000e+00
   5752.585195 3.973000e-14 5.804650e+03 1.000000e+00
   5755.315925 4.451600e-14 5.807400e+03 1.000000e+00
   5758.036653 4.259000e-14 5.810150e+03 1.000000e+00
   5760.767384 4.598200e-14 5.812900e+03 1.000000e+00
   5763.488112 4.159700e-14 5.815650e+03 1.000000e+00
   5766.218842 4.362100e-14 5.818400e+03 1.000000e+00
   5768.939570 4.308500e-14 5.821150e+03 1.000000e+00
   5771.670301 4.252600e-14 5.823900e+03 1.000000e+00
   5774.391029 4.302500e-14 5.826650e+03 1.000000e+00
   5777.111757 4.243000e-14 5.829400e+03 1.000000e+00
   5779.842488 4.330400e-14 5.832150e+03 1.000000e+00
   5782.563216 4.227200e-14 5.834900e+03 1.000000e+00
   5785.293946 4.158300e-14 5.837650e+03 1.000000e+00
   5788.014674 4.138900e-14 5.840400e+03 1.000000e+00
   5790.745405 4.122000e-14 5.843150e+03 1.000000e+00
   5793.466133 4.273800e-14 5.845900e+03 1.000000e+00
   5796.196864 4.446900e-14 5.848650e+03 1.000000e+00
   5798.917592 4.282300e-14 5.851400e+03 1.000000e+00
   5801.648323 4.267700e-14 5.854150e+03 1.000000e+00
   5804.369051 4.103800e-14 5.856900e+03 1.000000e+00
   5807.089779 4.082200e-14 5.859650e+03 1.000000e+00
   5809.820510 4.340500e-14 5.862400e+03 1.000000e+00
   5812.541238 4.340500e-14 5.865150e+03 1.000000e+00
   5815.271969 4.105300e-14 5.867900e+03 1.000000e+00
   5817.992697 4.246800e-14 5.870650e+03 1.000000e+00
   5820.723428 4.426600e-14 5.873400e+03 1.000000e+00
   5823.444157 4.250100e-14 5.876150e+03 1.000000e+00
   5826.174887 4.531700e-14 5.878900e+03 1.000000e+00
   5828.895616 4.276700e-14 5.881650e+03 1.000000e+00
   5831.626347 4.127000e-14 5.884400e+03 1.000000e+00
   5834.347075 4.417200e-14 5.887150e+03 1.000000e+00
   5837.077806 4.271200e-14 5.889900e+03 1.000000e+00
   5839.798534 4.191900e-14 5.892650e+03 1.000000e+00
   5842.519263 4.274800e-14 5.895400e+03 1.000000e+00
   5845.249994 4.336000e-14 5.898150e+03 1.000000e+00
   5847.970722 4.274800e-14 5.900900e+03 1.000000e+00
   5850.701453 4.206900e-14 5.903650e+03 1.000000e+00
   5853.422181 4.334900e-14 5.906400e+03 1.000000e+00
   5856.152913 4.216700e-14 5.909150e+03 1.000000e+00
   5858.873641 4.215700e-14 5.911900e+03 1.000000e+00
   5861.604372 4.233100e-14 5.914650e+03 1.000000e+00
   5864.325101 4.163100e-14 5.917400e+03 1.000000e+00
   5867.055832 4.052900e-14 5.920150e+03 1.000000e+00
   5869.776560 4.060700e-14 5.922900e+03 1.000000e+00
   5872.497289 4.323400e-14 5.925650e+03 1.000000e+00
   5875.228020 4.909400e-14 5.928400e+03 1.000000e+00
   5877.948748 5.646900e-14 5.931150e+03 1.000000e+00
   5880.679479 5.577300e-14 5.933900e+03 1.000000e+00
   5883.400208 4.985500e-14 5.936650e+03 1.000000e+00
   5886.130939 4.560500e-14 5.939400e+03 1.000000e+00
   5888.851668 3.978700e-14 5.942150e+03 1.000000e+00
   5891.582399 3.677200e-14 5.944900e+03 1.000000e+00
   5894.303128 3.691200e-14 5.947650e+03 1.000000e+00
   5897.033859 3.606500e-14 5.950400e+03 1.000000e+00
   5899.754588 3.751900e-14 5.953150e+03 1.000000e+00
   5902.485319 3.871800e-14 5.955900e+03 1.000000e+00
   5905.206047 4.039100e-14 5.958650e+03 1.000000e+00
   5907.926776 4.089600e-14 5.961400e+03 1.000000e+00
   5910.657507 4.060900e-14 5.964150e+03 1.000000e+00
   5913.378236 4.145400e-14 5.966900e+03 1.000000e+00
   5916.108968 4.084800e-14 5.969650e+03 1.000000e+00
   5918.829696 4.057200e-14 5.972400e+03 1.000000e+00
   5921.560428 3.847500e-14 5.975150e+03 1.000000e+00
   5924.281156 3.865200e-14 5.977900e+03 1.000000e+00
   5927.011888 4.091100e-14 5.980650e+03 1.000000e+00
   5929.732617 4.032700e-14 5.983400e+03 1.000000e+00
   5932.463348 3.911700e-14 5.986150e+03 1.000000e+00
   5935.184077 3.738200e-14 5.988900e+03 1.000000e+00
   5937.904806 3.968200e-14 5.991650e+03 1.000000e+00
   5940.635537 3.968400e-14 5.994400e+03 1.000000e+00
   5943.356266 3.955000e-14 5.997150e+03 1.000000e+00
   5946.086997 4.032200e-14 5.999900e+03 1.000000e+00
   5948.807726 4.006800e-14 6.002650e+03 1.000000e+00
   5951.538458 4.100700e-14 6.005400e+03 1.000000e+00
   5954.259187 3.980000e-14 6.008150e+03 1.000000e+00
   5956.989918 4.035600e-14 6.010900e+03 1.000000e+00
   5959.710647 3.960400e-14 6.013650e+03 1.000000e+00
   5962.441379 4.024200e-14 6.016400e+03 1.000000e+00
   5965.162108 4.176400e-14 6.019150e+03 1.000000e+00
   5967.882836 3.957300e-14 6.021900e+03 1.000000e+00
   5970.613568 3.951000e-14 6.024650e+03 1.000000e+00
   5973.334297 4.058100e-14 6.027400e+03 1.000000e+00
   5976.065029 4.055600e-14 6.030150e+03 1.000000e+00
   5978.785758 4.107800e-14 6.032900e+03 1.000000e+00
   5981.516489 4.026800e-14 6.035650e+03 1.000000e+00
   5984.237218 4.199100e-14 6.038400e+03 1.000000e+00
   5986.967950 4.030700e-14 6.041150e+03 1.000000e+00
   5989.688679 3.965500e-14 6.043900e+03 1.000000e+00
   5992.419411 4.046300e-14 6.046650e+03 1.000000e+00
   5995.140140 4.148200e-14 6.049400e+03 1.000000e+00
   5997.870872 4.133000e-14 6.052150e+03 1.000000e+00
   6000.591601 3.901100e-14 6.054900e+03 1.000000e+00
   6003.312330 3.888300e-14 6.057650e+03 1.000000e+00
   6006.043061 3.941900e-14 6.060400e+03 1.000000e+00
   6008.763791 4.084800e-14 6.063150e+03 1.000000e+00
   6011.494522 4.062400e-14 6.065900e+03 1.000000e+00
   6014.215252 3.971900e-14 6.068650e+03 1.000000e+00
   6016.945983 4.058400e-14 6.071400e+03 1.000000e+00
   6019.666713 3.925200e-14 6.074150e+03 1.000000e+00
   6022.397444 4.124300e-14 6.076900e+03 1.000000e+00
   6025.118174 4.099500e-14 6.079650e+03 1.000000e+00
   6027.848905 4.076100e-14 6.082400e+03 1.000000e+00
   6030.569635 3.826800e-14 6.085150e+03 1.000000e+00
   6033.290364 4.058100e-14 6.087900e+03 1.000000e+00
   6036.021096 3.872000e-14 6.090650e+03 1.000000e+00
   6038.741825 4.137100e-14 6.093400e+03 1.000000e+00
   6041.472557 4.160500e-14 6.096150e+03 1.000000e+00
   6044.193286 4.013200e-14 6.098900e+03 1.000000e+00
   6046.924018 4.192300e-14 6.101650e+03 1.000000e+00
   6049.644747 4.127100e-14 6.104400e+03 1.000000e+00
   6052.375479 4.230700e-14 6.107150e+03 1.000000e+00
   6055.096209 4.289900e-14 6.109900e+03 1.000000e+00
   6057.826941 4.138900e-14 6.112650e+03 1.000000e+00
   6060.547670 3.902600e-14 6.115400e+03 1.000000e+00
   6063.278402 3.904200e-14 6.118150e+03 1.000000e+00
   6065.999132 4.051900e-14 6.120900e+03 1.000000e+00
   6068.719861 4.120500e-14 6.123650e+03 1.000000e+00
   6071.450593 3.976000e-14 6.126400e+03 1.000000e+00
   6074.171322 3.988400e-14 6.129150e+03 1.000000e+00
   6076.902054 3.991700e-14 6.131900e+03 1.000000e+00
   6079.622784 3.975700e-14 6.134650e+03 1.000000e+00
   6082.353516 3.917700e-14 6.137400e+03 1.000000e+00
   6085.074245 4.239700e-14 6.140150e+03 1.000000e+00
   6087.804978 3.842500e-14 6.142900e+03 1.000000e+00
   6090.525707 4.100900e-14 6.145650e+03 1.000000e+00
   6093.256439 3.777400e-14 6.148400e+03 1.000000e+00
   6095.977169 3.989900e-14 6.151150e+03 1.000000e+00
   6098.697898 3.950200e-14 6.153900e+03 1.000000e+00
   6101.428630 4.209200e-14 6.156650e+03 1.000000e+00
   6104.149360 3.955000e-14 6.159400e+03 1.000000e+00
   6106.880092 4.131200e-14 6.162150e+03 1.000000e+00
   6109.600822 4.021600e-14 6.164900e+03 1.000000e+00
   6112.331554 4.025500e-14 6.167650e+03 1.000000e+00
   6115.052284 4.005500e-14 6.170400e+03 1.000000e+00
   6117.783016 4.504100e-14 6.173150e+03 1.000000e+00
   6120.503745 5.010600e-14 6.175900e+03 1.000000e+00
   6123.234478 4.680300e-14 6.178650e+03 1.000000e+00
   6125.955207 3.904600e-14 6.181400e+03 1.000000e+00
   6128.685940 3.840800e-14 6.184150e+03 1.000000e+00
   6131.406669 3.943200e-14 6.186900e+03 1.000000e+00
   6134.127399 4.038200e-14 6.189650e+03 1.000000e+00
   6136.858131 3.810700e-14 6.192400e+03 1.000000e+00
   6139.578861 3.841000e-14 6.195150e+03 1.000000e+00
   6142.309593 3.863800e-14 6.197900e+03 1.000000e+00
   6145.030323 3.946200e-14 6.200650e+03 1.000000e+00
   6147.761055 3.699200e-14 6.203400e+03 1.000000e+00
   6150.481785 4.100200e-14 6.206150e+03 1.000000e+00
   6153.212517 3.848500e-14 6.208900e+03 1.000000e+00
   6155.933247 4.115700e-14 6.211650e+03 1.000000e+00
   6158.663980 3.749100e-14 6.214400e+03 1.000000e+00
   6161.384709 3.893300e-14 6.217150e+03 1.000000e+00
   6164.105439 3.647100e-14 6.219900e+03 1.000000e+00
   6166.836172 3.668600e-14 6.222650e+03 1.000000e+00
   6169.556901 3.634500e-14 6.225400e+03 1.000000e+00
   6172.287634 3.764100e-14 6.228150e+03 1.000000e+00
   6175.008364 3.684900e-14 6.230900e+03 1.000000e+00
   6177.739096 3.884500e-14 6.233650e+03 1.000000e+00
   6180.459826 3.975700e-14 6.236400e+03 1.000000e+00
   6183.190559 4.228500e-14 6.239150e+03 1.000000e+00
   6185.911289 3.861300e-14 6.241900e+03 1.000000e+00
   6188.642021 3.730900e-14 6.244650e+03 1.000000e+00
   6191.362751 3.662000e-14 6.247400e+03 1.000000e+00
   6194.093484 3.772400e-14 6.250150e+03 1.000000e+00
   6196.814213 3.701400e-14 6.252900e+03 1.000000e+00
   6199.534943 3.926000e-14 6.255650e+03 1.000000e+00
   6202.265676 3.605300e-14 6.258400e+03 1.000000e+00
   6204.986406 3.690200e-14 6.261150e+03 1.000000e+00
   6207.717139 3.700900e-14 6.263900e+03 1.000000e+00
   6210.437869 3.787600e-14 6.266650e+03 1.000000e+00
   6213.168601 3.789600e-14 6.269400e+03 1.000000e+00
   6215.889331 3.871900e-14 6.272150e+03 1.000000e+00
   6218.620064 3.708400e-14 6.274900e+03 1.000000e+00
   6221.340794 3.630200e-14 6.277650e+03 1.000000e+00
   6224.071527 3.662300e-14 6.280400e+03 1.000000e+00
   6226.792257 3.668100e-14 6.283150e+03 1.000000e+00
   6229.512987 3.773000e-14 6.285900e+03 1.000000e+00
   6232.243719 3.823300e-14 6.288650e+03 1.000000e+00
   6234.964449 3.599800e-14 6.291400e+03 1.000000e+00
   6237.695182 3.671600e-14 6.294150e+03 1.000000e+00
   6240.415912 3.694900e-14 6.296900e+03 1.000000e+00
   6243.146645 3.568200e-14 6.299650e+03 1.000000e+00
   6245.867375 3.804400e-14 6.302400e+03 1.000000e+00
   6248.598108 3.835600e-14 6.305150e+03 1.000000e+00
   6251.318838 3.889800e-14 6.307900e+03 1.000000e+00
   6254.049571 3.900200e-14 6.310650e+03 1.000000e+00
   6256.770301 3.898400e-14 6.313400e+03 1.000000e+00
   6259.491031 3.677500e-14 6.316150e+03 1.000000e+00
   6262.221764 3.667200e-14 6.318900e+03 1.000000e+00
   6264.942494 3.869400e-14 6.321650e+03 1.000000e+00
   6267.673227 3.694900e-14 6.324400e+03 1.000000e+00
   6270.393957 3.783200e-14 6.327150e+03 1.000000e+00
   6273.124690 3.897300e-14 6.329900e+03 1.000000e+00
   6275.845420 3.679500e-14 6.332650e+03 1.000000e+00
   6278.576153 3.592000e-14 6.335400e+03 1.000000e+00
   6281.296884 3.861500e-14 6.338150e+03 1.000000e+00
   6284.027617 3.645300e-14 6.340900e+03 1.000000e+00
   6286.748347 3.669700e-14 6.343650e+03 1.000000e+00
   6289.479080 3.840400e-14 6.346400e+03 1.000000e+00
   6292.199810 3.843200e-14 6.349150e+03 1.000000e+00
   6294.920540 3.808900e-14 6.351900e+03 1.000000e+00
   6297.651273 3.945200e-14 6.354650e+03 1.000000e+00
   6300.372004 4.215400e-14 6.357400e+03 1.000000e+00
   6303.102737 4.645900e-14 6.360150e+03 1.000000e+00
   6305.823467 4.953300e-14 6.362900e+03 1.000000e+00
   6308.554200 4.623900e-14 6.365650e+03 1.000000e+00
   6311.274930 3.682500e-14 6.368400e+03 1.000000e+00
   6314.005663 3.862600e-14 6.371150e+03 1.000000e+00
   6316.726394 4.177600e-14 6.373900e+03 1.000000e+00
   6319.457127 3.539200e-14 6.376650e+03 1.000000e+00
   6322.177857 3.832300e-14 6.379400e+03 1.000000e+00
   6324.898588 3.567900e-14 6.382150e+03 1.000000e+00
   6327.629321 3.860800e-14 6.384900e+03 1.000000e+00
   6330.350051 3.906900e-14 6.387650e+03 1.000000e+00
   6333.080784 3.855500e-14 6.390400e+03 1.000000e+00
   6335.801515 4.015100e-14 6.393150e+03 1.000000e+00
   6338.532248 3.900300e-14 6.395900e+03 1.000000e+00
   6341.252978 3.769400e-14 6.398650e+03 1.000000e+00
   6343.983712 3.862600e-14 6.401400e+03 1.000000e+00
   6346.704442 3.969000e-14 6.404150e+03 1.000000e+00
   6349.435175 4.046600e-14 6.406900e+03 1.000000e+00
   6352.155906 4.272900e-14 6.409650e+03 1.000000e+00
   6354.886639 3.976700e-14 6.412400e+03 1.000000e+00
   6357.607369 4.210100e-14 6.415150e+03 1.000000e+00
   6360.328100 4.110800e-14 6.417900e+03 1.000000e+00
   6363.058833 4.004400e-14 6.420650e+03 1.000000e+00
   6365.779564 3.949600e-14 6.423400e+03 1.000000e+00
   6368.510297 4.063700e-14 6.426150e+03 1.000000e+00
   6371.231028 4.169500e-14 6.428900e+03 1.000000e+00
   6373.961761 4.092500e-14 6.431650e+03 1.000000e+00
   6376.682492 3.769500e-14 6.434400e+03 1.000000e+00
   6379.413225 3.881800e-14 6.437150e+03 1.000000e+00
   6382.133955 3.885100e-14 6.439900e+03 1.000000e+00
   6384.864689 3.968500e-14 6.442650e+03 1.000000e+00
   6387.585419 3.847500e-14 6.445400e+03 1.000000e+00
   6390.306150 3.841700e-14 6.448150e+03 1.000000e+00
   6393.036883 3.870100e-14 6.450900e+03 1.000000e+00
   6395.757614 3.903500e-14 6.453650e+03 1.000000e+00
   6398.488347 3.973200e-14 6.456400e+03 1.000000e+00
   6401.209078 3.842000e-14 6.459150e+03 1.000000e+00
   6403.939811 3.903500e-14 6.461900e+03 1.000000e+00
   6406.660542 3.915000e-14 6.464650e+03 1.000000e+00
   6409.391276 3.869900e-14 6.467400e+03 1.000000e+00
   6412.112006 3.723900e-14 6.470150e+03 1.000000e+00
   6414.842740 3.924100e-14 6.472900e+03 1.000000e+00
   6417.563471 3.866700e-14 6.475650e+03 1.000000e+00
   6420.294204 3.893000e-14 6.478400e+03 1.000000e+00
   6423.014935 3.853400e-14 6.481150e+03 1.000000e+00
   6425.735665 3.712700e-14 6.483900e+03 1.000000e+00
   6428.466399 3.850000e-14 6.486650e+03 1.000000e+00
   6431.187130 3.754800e-14 6.489400e+03 1.000000e+00
   6433.917863 3.632200e-14 6.492150e+03 1.000000e+00
   6436.638594 3.736200e-14 6.494900e+03 1.000000e+00
   6439.369328 3.945600e-14 6.497650e+03 1.000000e+00
   6442.090058 3.766400e-14 6.500400e+03 1.000000e+00
   6444.820792 3.724600e-14 6.503150e+03 1.000000e+00
   6447.541523 3.853900e-14 6.505900e+03 1.000000e+00
   6450.272256 3.936100e-14 6.508650e+03 1.000000e+00
   6452.992987 3.855600e-14 6.511400e+03 1.000000e+00
   6455.713718 3.821000e-14 6.514150e+03 1.000000e+00
   6458.444452 3.844200e-14 6.516900e+03 1.000000e+00
   6461.165183 3.764900e-14 6.519650e+03 1.000000e+00
   6463.895916 3.751800e-14 6.522400e+03 1.000000e+00
   6466.616647 3.739200e-14 6.525150e+03 1.000000e+00
   6469.347381 3.770100e-14 6.527900e+03 1.000000e+00
   6472.068112 3.740900e-14 6.530650e+03 1.000000e+00
   6474.798845 3.793400e-14 6.533400e+03 1.000000e+00
   6477.519576 3.752800e-14 6.536150e+03 1.000000e+00
   6480.250310 3.609200e-14 6.538900e+03 1.000000e+00
   6482.971041 3.604300e-14 6.541650e+03 1.000000e+00
   6485.701775 3.720200e-14 6.544400e+03 1.000000e+00
   6488.422506 3.737800e-14 6.547150e+03 1.000000e+00
   6491.143237 3.911900e-14 6.549900e+03 1.000000e+00
   6493.873970 3.792700e-14 6.552650e+03 1.000000e+00
   6496.594701 3.626200e-14 6.555400e+03 1.000000e+00
   6499.325435 3.490300e-14 6.558150e+03 1.000000e+00
   6502.046166 3.524700e-14 6.560900e+03 1.000000e+00
   6504.776900 3.591800e-14 6.563650e+03 1.000000e+00
   6507.497631 3.723500e-14 6.566400e+03 1.000000e+00
   6510.228365 3.634800e-14 6.569150e+03 1.000000e+00
   6512.949096 3.626600e-14 6.571900e+03 1.000000e+00
   6515.679830 3.718100e-14 6.574650e+03 1.000000e+00
   6518.400561 3.639000e-14 6.577400e+03 1.000000e+00
   6521.121292 3.599100e-14 6.580150e+03 1.000000e+00
   6523.852026 3.687600e-14 6.582900e+03 1.000000e+00
   6526.572757 3.692800e-14 6.585650e+03 1.000000e+00
   6529.303490 3.853400e-14 6.588400e+03 1.000000e+00
   6532.024222 3.868100e-14 6.591150e+03 1.000000e+00
   6534.754955 3.664900e-14 6.593900e+03 1.000000e+00
   6537.475687 3.762100e-14 6.596650e+03 1.000000e+00
   6540.206421 3.769600e-14 6.599400e+03 1.000000e+00
   6542.927152 4.010200e-14 6.602150e+03 1.000000e+00
   6545.657886 4.577100e-14 6.604900e+03 1.000000e+00
   6548.378617 6.281000e-14 6.607650e+03 1.000000e+00
   6551.099348 7.942500e-14 6.610400e+03 1.000000e+00
   6553.830082 8.051800e-14 6.613150e+03 1.000000e+00
   6556.550813 7.945400e-14 6.615900e+03 1.000000e+00
   6559.281547 1.065200e-13 6.618650e+03 1.000000e+00
   6562.002278 2.139500e-13 6.621400e+03 1.000000e+00
   6564.733012 3.885500e-13 6.624150e+03 1.000000e+00
   6567.453744 4.600100e-13 6.626900e+03 1.000000e+00
   6570.184477 3.606800e-13 6.629650e+03 1.000000e+00
   6572.905209 1.819200e-13 6.632400e+03 1.000000e+00
   6575.635943 8.435200e-14 6.635150e+03 1.000000e+00
   6578.356674 5.960100e-14 6.637900e+03 1.000000e+00
   6581.087408 7.556400e-14 6.640650e+03 1.000000e+00
   6583.808139 1.225000e-13 6.643400e+03 1.000000e+00
   6586.528871 1.659900e-13 6.646150e+03 1.000000e+00
   6589.259605 1.632100e-13 6.648900e+03 1.000000e+00
   6591.980336 1.141200e-13 6.651650e+03 1.000000e+00
   6594.711070 6.690000e-14 6.654400e+03 1.000000e+00
   6597.431801 4.734800e-14 6.657150e+03 1.000000e+00
   6600.162536 4.012800e-14 6.659900e+03 1.000000e+00
   6602.883267 4.023900e-14 6.662650e+03 1.000000e+00
   6605.614001 3.954100e-14 6.665400e+03 1.000000e+00
   6608.334732 3.854400e-14 6.668150e+03 1.000000e+00
   6611.065467 3.731800e-14 6.670900e+03 1.000000e+00
   6613.786198 3.714200e-14 6.673650e+03 1.000000e+00
   6616.506929 3.723700e-14 6.676400e+03 1.000000e+00
   6619.237663 3.753000e-14 6.679150e+03 1.000000e+00
   6621.958395 3.817300e-14 6.681900e+03 1.000000e+00
   6624.689129 3.616600e-14 6.684650e+03 1.000000e+00
   6627.409861 3.683900e-14 6.687400e+03 1.000000e+00
   6630.140595 3.606800e-14 6.690150e+03 1.000000e+00
   6632.861326 3.707200e-14 6.692900e+03 1.000000e+00
   6635.592060 3.569400e-14 6.695650e+03 1.000000e+00
   6638.312792 3.584800e-14 6.698400e+03 1.000000e+00
   6641.043526 3.665200e-14 6.701150e+03 1.000000e+00
   6643.764258 3.699000e-14 6.703900e+03 1.000000e+00
   6646.494992 3.676900e-14 6.706650e+03 1.000000e+00
   6649.215723 3.627500e-14 6.709400e+03 1.000000e+00
   6651.936455 3.570900e-14 6.712150e+03 1.000000e+00
   6654.667189 3.815900e-14 6.714900e+03 1.000000e+00
   6657.387921 3.810300e-14 6.717650e+03 1.000000e+00
   6660.118655 3.647400e-14 6.720400e+03 1.000000e+00
   6662.839387 3.526000e-14 6.723150e+03 1.000000e+00
   6665.570121 3.650300e-14 6.725900e+03 1.000000e+00
   6668.290852 3.854600e-14 6.728650e+03 1.000000e+00
   6671.021587 3.643000e-14 6.731400e+03 1.000000e+00
   6673.742318 3.584100e-14 6.734150e+03 1.000000e+00
   6676.473053 3.952700e-14 6.736900e+03 1.000000e+00
   6679.193784 4.184600e-14 6.739650e+03 1.000000e+00
   6681.914516 4.212100e-14 6.742400e+03 1.000000e+00
   6684.645250 4.098600e-14 6.745150e+03 1.000000e+00
   6687.365982 3.761300e-14 6.747900e+03 1.000000e+00
   6690.096716 3.623900e-14 6.750650e+03 1.000000e+00
   6692.817448 3.774800e-14 6.753400e+03 1.000000e+00
   6695.548182 3.700900e-14 6.756150e+03 1.000000e+00
   6698.268914 3.670700e-14 6.758900e+03 1.000000e+00
   6700.999648 3.695300e-14 6.761650e+03 1.000000e+00
   6703.720380 3.732300e-14 6.764400e+03 1.000000e+00
   6706.451114 3.803800e-14 6.767150e+03 1.000000e+00
   6709.171846 3.989900e-14 6.769900e+03 1.000000e+00
   6711.902581 4.417600e-14 6.772650e+03 1.000000e+00
   6714.623312 5.485900e-14 6.775400e+03 1.000000e+00
   6717.344044 7.454900e-14 6.778150e+03 1.000000e+00
   6720.074779 9.534500e-14 6.780900e+03 1.000000e+00
   6722.795510 9.039700e-14 6.783650e+03 1.000000e+00
   6725.526245 6.807700e-14 6.786400e+03 1.000000e+00
   6728.246977 5.561300e-14 6.789150e+03 1.000000e+00
   6730.977711 7.004100e-14 6.791900e+03 1.000000e+00
   6733.698443 8.233900e-14 6.794650e+03 1.000000e+00
   6736.429177 8.431100e-14 6.797400e+03 1.000000e+00
   6739.149909 6.457400e-14 6.800150e+03 1.000000e+00
   6741.880644 4.870000e-14 6.802900e+03 1.000000e+00
   6744.601375 3.829300e-14 6.805650e+03 1.000000e+00
   6747.322107 3.989400e-14 6.808400e+03 1.000000e+00
   6750.052842 3.689200e-14 6.811150e+03 1.000000e+00
   6752.773574 3.626600e-14 6.813900e+03 1.000000e+00
   6755.504308 3.652600e-14 6.816650e+03 1.000000e+00
   6758.225040 3.780100e-14 6.819400e+03 1.000000e+00
   6760.955775 3.779400e-14 6.822150e+03 1.000000e+00
   6763.676507 3.746500e-14 6.824900e+03 1.000000e+00
   6766.407241 3.825900e-14 6.827650e+03 1.000000e+00
   6777.770298 3.623100e-14 6.839120e+03 0.000000e+00
   6793.394501 3.581000e-14 6.854880e+03 0.000000e+00
   6809.048713 3.663700e-14 6.870680e+03 0.000000e+00
   6824.752939 3.671500e-14 6.886520e+03 0.000000e+00
   6840.477170 3.670900e-14 6.902400e+03 0.000000e+00
   6856.251414 3.661800e-14 6.918310e+03 0.000000e+00
   6872.055668 3.512400e-14 6.934260e+03 0.000000e+00
   6887.899932 3.593600e-14 6.950240e+03 0.000000e+00
   6903.774204 3.576400e-14 6.966260e+03 0.000000e+00
   6919.688488 3.600600e-14 6.982330e+03 0.000000e+00
   6935.642783 3.550500e-14 6.998420e+03 0.000000e+00
   6951.627085 3.640900e-14 7.014550e+03 0.000000e+00
   6967.651399 3.615200e-14 7.030720e+03 0.000000e+00
   6983.715724 3.614500e-14 7.046930e+03 0.000000e+00
   6999.820061 3.597200e-14 7.063180e+03 0.000000e+00
   7015.954405 3.547200e-14 7.079460e+03 0.000000e+00
   7032.128760 3.506000e-14 7.095780e+03 0.000000e+00
   7048.333124 3.603500e-14 7.112140e+03 0.000000e+00
   7064.577499 3.553400e-14 7.128530e+03 0.000000e+00
   7080.871887 3.560900e-14 7.144960e+03 0.000000e+00
   7097.196284 3.439400e-14 7.161430e+03 0.000000e+00
   7113.550689 3.454600e-14 7.177940e+03 0.000000e+00
   7129.955108 3.430200e-14 7.194490e+03 0.000000e+00
   7146.389535 3.405900e-14 7.211080e+03 0.000000e+00
   7162.863974 3.428900e-14 7.227700e+03 0.000000e+00
   7179.368420 3.357900e-14 7.244360e+03 0.000000e+00
   7195.922881 3.118800e-14 7.261060e+03 0.000000e+00
   7212.507349 3.303000e-14 7.277800e+03 0.000000e+00
   7229.131829 3.442100e-14 7.294570e+03 0.000000e+00
   7245.806322 3.378600e-14 7.311390e+03 0.000000e+00
   7262.510824 3.339300e-14 7.328250e+03 0.000000e+00
   7279.245334 3.487900e-14 7.345140e+03 0.000000e+00
   7296.029858 3.423600e-14 7.362070e+03 0.000000e+00
   7312.844390 3.422900e-14 7.379040e+03 0.000000e+00
   7329.698933 3.502000e-14 7.396050e+03 0.000000e+00
   7346.603490 3.574600e-14 7.413100e+03 0.000000e+00
   7363.538056 3.420900e-14 7.430190e+03 0.000000e+00
   7380.512632 3.556800e-14 7.447320e+03 0.000000e+00
   7397.527219 3.419600e-14 7.464490e+03 0.000000e+00
   7414.581817 3.547200e-14 7.481700e+03 0.000000e+00
   7431.666424 3.394700e-14 7.498940e+03 0.000000e+00
   7448.801044 3.473100e-14 7.516230e+03 0.000000e+00
   7465.975676 3.545100e-14 7.533560e+03 0.000000e+00
   7483.180316 3.503800e-14 7.550920e+03 0.000000e+00
   7500.434969 3.479000e-14 7.568330e+03 0.000000e+00
   7517.729634 3.502400e-14 7.585780e+03 0.000000e+00
   7535.054306 3.517900e-14 7.603260e+03 0.000000e+00
   7552.418990 3.566100e-14 7.620790e+03 0.000000e+00
   7569.833688 3.516500e-14 7.638360e+03 0.000000e+00
   7587.288397 3.507700e-14 7.655970e+03 0.000000e+00
   7604.773113 3.443000e-14 7.673610e+03 0.000000e+00
   7622.307844 3.387200e-14 7.691300e+03 0.000000e+00
   7639.882586 3.410000e-14 7.709040e+03 0.000000e+00
   7657.487336 3.362500e-14 7.726810e+03 0.000000e+00
   7675.142100 3.123000e-14 7.744620e+03 0.000000e+00
   7692.836874 3.299800e-14 7.762470e+03 0.000000e+00
   7710.571660 3.086000e-14 7.780370e+03 0.000000e+00
   7728.336454 3.253200e-14 7.798300e+03 0.000000e+00
   7746.151262 3.313000e-14 7.816280e+03 0.000000e+00
   7764.016084 3.251800e-14 7.834300e+03 0.000000e+00
   7781.910914 3.177100e-14 7.852360e+03 0.000000e+00
   7799.845755 3.183800e-14 7.870460e+03 0.000000e+00
   7817.830609 3.242300e-14 7.888600e+03 0.000000e+00
   7835.855475 3.294300e-14 7.906790e+03 0.000000e+00
   7853.920352 3.293600e-14 7.925010e+03 0.000000e+00
   7872.025240 3.315800e-14 7.943280e+03 0.000000e+00
   7890.170138 3.254500e-14 7.961590e+03 0.000000e+00
   7908.355048 3.224000e-14 7.979950e+03 0.000000e+00
   7926.589972 3.142700e-14 7.998340e+03 0.000000e+00
   7944.864906 3.163800e-14 8.016780e+03 0.000000e+00
   7963.169849 3.192400e-14 8.035260e+03 0.000000e+00
   7981.534808 3.206500e-14 8.053780e+03 0.000000e+00
   7999.929776 3.213200e-14 8.072350e+03 0.000000e+00
   8018.374757 3.212500e-14 8.090960e+03 0.000000e+00
   8036.859750 3.074300e-14 8.109610e+03 0.000000e+00
   8055.384753 3.189000e-14 8.128310e+03 0.000000e+00
   8073.949768 3.247600e-14 8.147040e+03 0.000000e+00
   8092.564796 3.151100e-14 8.165820e+03 0.000000e+00
   8111.219835 3.172300e-14 8.184650e+03 0.000000e+00
   8129.914885 3.200900e-14 8.203520e+03 0.000000e+00
   8148.659949 3.222400e-14 8.222430e+03 0.000000e+00
   8167.445024 3.162900e-14 8.241380e+03 0.000000e+00
   8186.270110 3.169500e-14 8.260380e+03 0.000000e+00
   8205.145210 2.950500e-14 8.279420e+03 0.000000e+00
   8224.060321 3.124600e-14 8.298510e+03 0.000000e+00
   8243.015442 2.949200e-14 8.317640e+03 0.000000e+00
   8262.020578 3.240400e-14 8.336810e+03 0.000000e+00
   8281.065724 3.232300e-14 8.356030e+03 0.000000e+00
   8300.160885 3.022800e-14 8.375290e+03 0.000000e+00
   8319.286053 3.043100e-14 8.394600e+03 0.000000e+00
   8338.461236 3.007600e-14 8.413950e+03 0.000000e+00
   8357.686432 3.055800e-14 8.433350e+03 0.000000e+00
   8376.951639 3.083300e-14 8.452790e+03 0.000000e+00
   8396.266859 2.998600e-14 8.472270e+03 0.000000e+00
   8415.622091 3.110500e-14 8.491800e+03 0.000000e+00
   8435.017334 3.053000e-14 8.511380e+03 0.000000e+00
   8454.462591 3.017400e-14 8.531000e+03 0.000000e+00
   8473.957861 3.051600e-14 8.550670e+03 0.000000e+00
   8493.493142 3.016000e-14 8.570380e+03 0.000000e+00
   8513.068435 2.775400e-14 8.590140e+03 0.000000e+00
   8532.693741 3.014600e-14 8.609940e+03 0.000000e+00
   8552.369060 1.941500e-14 8.629790e+03 0.000000e+00
   8572.074388 3.006300e-14 8.649680e+03 0.000000e+00
   8591.839733 3.012500e-14 8.669620e+03 0.000000e+00
   8611.645089 2.896200e-14 8.689600e+03 0.000000e+00
   8631.500458 2.962900e-14 8.709640e+03 0.000000e+00
   8651.395838 3.003500e-14 8.729710e+03 0.000000e+00
   8671.331229 2.474700e-14 8.749840e+03 0.000000e+00
   8691.326637 2.840700e-14 8.770010e+03 0.000000e+00
   8711.362056 2.859700e-14 8.790230e+03 0.000000e+00
   8731.447488 2.980000e-14 8.810490e+03 0.000000e+00
   8751.572932 2.891400e-14 8.830800e+03 0.000000e+00
   8771.748389 2.951300e-14 8.851160e+03 0.000000e+00
   8791.963857 2.950600e-14 8.871560e+03 0.000000e+00
   8812.229339 2.970300e-14 8.892010e+03 0.000000e+00
   8832.554838 2.928800e-14 8.912510e+03 0.000000e+00
   8852.910345 2.908000e-14 8.933050e+03 0.000000e+00
   8873.315865 2.639300e-14 8.953650e+03 0.000000e+00
   8893.771399 2.814400e-14 8.974290e+03 0.000000e+00
   8914.276947 2.852800e-14 8.994980e+03 0.000000e+00
   8934.822506 2.852200e-14 9.015710e+03 0.000000e+00
   8955.428082 2.773800e-14 9.036500e+03 0.000000e+00
   8976.063665 2.654400e-14 9.057330e+03 0.000000e+00
   8996.759265 2.778800e-14 9.078200e+03 0.000000e+00
   9017.494876 2.690000e-14 9.099130e+03 0.000000e+00
   9038.290504 2.652400e-14 9.120110e+03 0.000000e+00
   9059.116140 2.975300e-14 9.141130e+03 0.000000e+00
   9080.001792 2.769700e-14 9.162200e+03 0.000000e+00
   9100.937458 2.560500e-14 9.183330e+03 0.000000e+00
   9121.913135 2.806800e-14 9.204500e+03 0.000000e+00
   9142.938826 2.637000e-14 9.225710e+03 0.000000e+00
   9164.024533 2.624200e-14 9.246980e+03 0.000000e+00
   9185.140249 2.442800e-14 9.268300e+03 0.000000e+00
   9206.315981 2.671700e-14 9.289660e+03 0.000000e+00
   9227.541727 2.622200e-14 9.311080e+03 0.000000e+00
   9248.817486 2.633700e-14 9.332540e+03 0.000000e+00
   9270.133256 2.669600e-14 9.354060e+03 0.000000e+00
   9291.499041 2.554700e-14 9.375620e+03 0.000000e+00
   9312.924841 2.461700e-14 9.397230e+03 0.000000e+00
   9334.390653 2.780500e-14 9.418900e+03 0.000000e+00
   9355.906478 2.767000e-14 9.440610e+03 0.000000e+00
   9377.482320 2.734600e-14 9.462370e+03 0.000000e+00
   9399.098173 2.759200e-14 9.484180e+03 0.000000e+00
   9420.754036 2.714400e-14 9.506050e+03 0.000000e+00
   9442.479919 2.751500e-14 9.527960e+03 0.000000e+00
   9464.245813 2.750800e-14 9.549930e+03 0.000000e+00
   9486.061721 2.743700e-14 9.571940e+03 0.000000e+00
   9507.927642 2.705400e-14 9.594010e+03 0.000000e+00
   9529.843578 2.698500e-14 9.616120e+03 0.000000e+00
   9551.819529 2.600200e-14 9.638290e+03 0.000000e+00
   9573.835492 2.672300e-14 9.660510e+03 0.000000e+00
   9595.911471 2.708800e-14 9.682780e+03 0.000000e+00
   9618.027461 2.683200e-14 9.705100e+03 0.000000e+00
   9640.193465 2.682500e-14 9.727470e+03 0.000000e+00
   9662.419485 2.651100e-14 9.749900e+03 0.000000e+00
   9684.695519 2.662700e-14 9.772370e+03 0.000000e+00
   9707.021566 2.637600e-14 9.794900e+03 0.000000e+00
   9729.397628 2.618700e-14 9.817480e+03 0.000000e+00
   9751.823703 2.606000e-14 9.840110e+03 0.000000e+00
   9774.299792 2.611300e-14 9.862790e+03 0.000000e+00
   9796.835897 2.574800e-14 9.885530e+03 0.000000e+00
   9819.422016 2.615900e-14 9.908320e+03 0.000000e+00
   9842.058149 2.603200e-14 9.931160e+03 0.000000e+00
   9864.744295 2.584600e-14 9.954050e+03 0.000000e+00
   9887.490458 2.577900e-14 9.977000e+03 0.000000e+00
   9910.276632 2.553600e-14 1.000000e+04 0.000000e+00
   9933.122822 2.564700e-14 1.002305e+04 0.000000e+00
   9956.019026 2.564000e-14 1.004615e+04 0.000000e+00
   9978.965244 2.557400e-14 1.006931e+04 0.000000e+00
  10001.981481 2.544900e-14 1.009253e+04 0.000000e+00
  10025.037729 2.515100e-14 1.011580e+04 0.000000e+00
  10071.310268 2.473500e-14 1.016249e+04 0.000000e+00
  10117.792866 2.495000e-14 1.020939e+04 0.000000e+00
  10187.931875 2.470100e-14 1.028017e+04 0.000000e+00
  10234.954621 2.463000e-14 1.032761e+04 0.000000e+00
  10282.187424 2.455900e-14 1.037528e+04 0.000000e+00
  10305.903853 2.438300e-14 1.039921e+04 0.000000e+00
  10497.505797 2.350200e-14 1.059254e+04 0.000000e+00
  10692.658714 2.251900e-14 1.078947e+04 0.000000e+00
  10891.452628 2.160400e-14 1.099006e+04 0.000000e+00
  11093.927551 2.087100e-14 1.119437e+04 0.000000e+00
  11300.193513 2.025500e-14 1.140250e+04 0.000000e+00
  11510.280520 1.993200e-14 1.161449e+04 0.000000e+00
  11697.301276 1.934400e-14 1.180321e+04 0.000000e+00
  11914.770305 1.868700e-14 1.202264e+04 0.000000e+00
  12108.362860 1.822000e-14 1.221799e+04 0.000000e+00
  12305.106277 1.780500e-14 1.241652e+04 0.000000e+00
  12505.050570 1.732000e-14 1.261827e+04 0.000000e+00
  12708.235750 1.688700e-14 1.282330e+04 0.000000e+00
  12914.731835 1.642600e-14 1.303166e+04 0.000000e+00
  13094.390637 1.608900e-14 1.321295e+04 0.000000e+00
  13307.158437 1.565100e-14 1.342764e+04 0.000000e+00
  13492.278732 1.536500e-14 1.361444e+04 0.000000e+00
  13711.508300 1.505000e-14 1.383566e+04 0.000000e+00
  13902.260135 1.460600e-14 1.402813e+04 0.000000e+00
  14095.662694 1.414300e-14 1.422328e+04 0.000000e+00
  14291.745986 1.385300e-14 1.442115e+04 0.000000e+00
  14490.570027 1.378900e-14 1.462177e+04 0.000000e+00
  14692.154823 1.341300e-14 1.482518e+04 0.000000e+00
  14896.540384 1.341300e-14 1.503142e+04 0.000000e+00
  15103.776724 1.332100e-14 1.524053e+04 0.000000e+00
  15313.893852 1.341300e-14 1.545255e+04 0.000000e+00
  15491.202062 1.332100e-14 1.563147e+04 0.000000e+00
  15706.710662 1.304800e-14 1.584892e+04 0.000000e+00
  15888.590121 1.263400e-14 1.603245e+04 0.000000e+00
  16109.620230 1.266300e-14 1.625549e+04 0.000000e+00
  16296.170965 1.254700e-14 1.644372e+04 0.000000e+00
  16522.872623 1.226100e-14 1.667248e+04 0.000000e+00
  16714.204664 1.203800e-14 1.686554e+04 0.000000e+00
  16907.727303 1.173700e-14 1.706082e+04 0.000000e+00
  17103.520562 1.144300e-14 1.725838e+04 0.000000e+00
  17301.574439 1.097800e-14 1.745823e+04 0.000000e+00
  17501.918941 1.067900e-14 1.766039e+04 0.000000e+00
  17704.564072 1.029300e-14 1.786487e+04 0.000000e+00
  17909.579850 9.966500e-15 1.807174e+04 0.000000e+00
  18116.966275 9.561800e-15 1.828101e+04 0.000000e+00
  18284.591883 9.301200e-15 1.845014e+04 0.000000e+00
  18496.319494 9.026900e-15 1.866379e+04 0.000000e+00
  18710.497773 8.660500e-15 1.887991e+04 0.000000e+00
  18883.634886 8.405100e-15 1.905462e+04 0.000000e+00
  19102.284386 8.251600e-15 1.927524e+04 0.000000e+00
  19323.474580 7.953200e-15 1.949844e+04 0.000000e+00
  19502.283242 7.647900e-15 1.967887e+04 0.000000e+00
  19682.722348 7.422300e-15 1.986094e+04 0.000000e+00
  19910.644379 7.203500e-15 2.009093e+04 0.000000e+00
  20094.884523 7.072000e-15 2.027683e+04 0.000000e+00
  20327.557851 6.831900e-15 2.051161e+04 0.000000e+00
  20515.649047 6.707200e-15 2.070141e+04 0.000000e+00
  20705.490720 6.509400e-15 2.089297e+04 0.000000e+00
  20897.062865 6.346600e-15 2.108628e+04 0.000000e+00
  21090.425499 6.216400e-15 2.128139e+04 0.000000e+00
  21285.558616 6.061000e-15 2.147829e+04 0.000000e+00
  21482.522232 5.909400e-15 2.167704e+04 0.000000e+00
  21681.306346 5.721900e-15 2.187762e+04 0.000000e+00
  21881.910956 5.604600e-15 2.208004e+04 0.000000e+00
  22084.386076 5.451800e-15 2.228435e+04 0.000000e+00
  22288.741710 5.291000e-15 2.249056e+04 0.000000e+00
  22494.967854 5.170600e-15 2.269865e+04 0.000000e+00
  22703.114522 5.029700e-15 2.290868e+04 0.000000e+00
  22913.171712 4.495000e-15 2.312064e+04 0.000000e+00
  23125.189436 4.347300e-15 2.333458e+04 0.000000e+00
  23285.473076 3.767900e-15 2.349632e+04 0.000000e+00
  23500.941742 3.483000e-15 2.371374e+04 0.000000e+00
  23718.410954 3.438700e-15 2.393317e+04 0.000000e+00
  23882.805715 3.100600e-15 2.409905e+04 0.000000e+00
  24103.795888 2.931700e-15 2.432205e+04 0.000000e+00
  24326.806611 2.833500e-15 2.454708e+04 0.000000e+00
  24495.452533 2.602500e-15 2.471725e+04 0.000000e+00
  24722.084244 2.510000e-15 2.494594e+04 0.000000e+00
  24893.470913 2.147800e-15 2.511887e+04 0.000000e+00
  25123.783629 2.057000e-15 2.535128e+04 0.000000e+00
  25226.281540 1.794900e-15 2.545470e+04 2.000000e+00
  25322.217664 1.926800e-15 2.555150e+04 2.000000e+00
  25418.143786 1.977100e-15 2.564830e+04 2.000000e+00
  25513.979884 2.028200e-15 2.574500e+04 2.000000e+00
  25609.916009 1.969600e-15 2.584180e+04 2.000000e+00
  25705.742104 1.957700e-15 2.593850e+04 2.000000e+00
  25801.668227 2.019500e-15 2.603530e+04 2.000000e+00
  25897.604352 1.961200e-15 2.613210e+04 2.000000e+00
  25993.440451 2.121000e-15 2.622880e+04 2.000000e+00
  26089.366574 2.118300e-15 2.632560e+04 2.000000e+00
  26185.302700 2.249400e-15 2.642240e+04 2.000000e+00
  26281.138799 2.239600e-15 2.651910e+04 2.000000e+00
  26377.064923 2.088500e-15 2.661590e+04 2.000000e+00
  26472.901022 1.907600e-15 2.671260e+04 2.000000e+00
  26568.827146 1.666700e-15 2.680940e+04 2.000000e+00
  26664.753270 1.741800e-15 2.690620e+04 2.000000e+00
  26760.589370 1.877200e-15 2.700290e+04 2.000000e+00
  26856.525497 1.811400e-15 2.709970e+04 2.000000e+00
  26952.451621 1.819400e-15 2.719650e+04 2.000000e+00
  27048.287721 1.743000e-15 2.729320e+04 2.000000e+00
  27144.213846 1.769100e-15 2.739000e+04 2.000000e+00
  27240.049947 1.741000e-15 2.748670e+04 2.000000e+00
  27335.976072 1.810900e-15 2.758350e+04 2.000000e+00
  27431.912200 1.798900e-15 2.768030e+04 2.000000e+00
  27527.748300 1.742800e-15 2.777700e+04 2.000000e+00
  27623.674426 1.638500e-15 2.787380e+04 2.000000e+00
  27719.610554 1.655800e-15 2.797060e+04 2.000000e+00
  27815.436653 1.663100e-15 2.806730e+04 2.000000e+00
  27911.372781 1.730400e-15 2.816410e+04 2.000000e+00
  28007.198880 1.746800e-15 2.826080e+04 2.000000e+00
  28103.135009 1.733400e-15 2.835760e+04 2.000000e+00
  28199.061135 1.669200e-15 2.845440e+04 2.000000e+00
  28294.897237 1.586000e-15 2.855110e+04 2.000000e+00
  28390.833366 1.573100e-15 2.864790e+04 2.000000e+00
  28486.759493 1.577900e-15 2.874470e+04 2.000000e+00
  28582.595595 1.639500e-15 2.884140e+04 2.000000e+00
  28678.521722 1.654500e-15 2.893820e+04 2.000000e+00
  28774.357825 1.679400e-15 2.903490e+04 2.000000e+00
  28870.283952 1.643300e-15 2.913170e+04 2.000000e+00
  28966.220082 1.627900e-15 2.922850e+04 2.000000e+00
  29062.046182 1.596400e-15 2.932520e+04 2.000000e+00
  29157.982312 1.525400e-15 2.942200e+04 2.000000e+00
  29253.908440 1.647600e-15 2.951880e+04 2.000000e+00
  29349.744543 1.655900e-15 2.961550e+04 2.000000e+00
  29445.680674 1.652100e-15 2.971230e+04 2.000000e+00
  29541.506774 1.545800e-15 2.980900e+04 2.000000e+00
  29637.442905 1.574000e-15 2.990580e+04 2.000000e+00
  29733.369033 1.566900e-15 3.000260e+04 2.000000e+00
  29829.205137 1.628300e-15 3.009930e+04 2.000000e+00
  29925.131265 1.540400e-15 3.019610e+04 2.000000e+00
  30021.067397 1.516600e-15 3.029290e+04 2.000000e+00
  30116.903501 1.387600e-15 3.038960e+04 2.000000e+00
  30212.829629 1.421600e-15 3.048640e+04 2.000000e+00
  30308.665734 1.499200e-15 3.058310e+04 2.000000e+00
  30404.591863 1.511900e-15 3.067990e+04 2.000000e+00
  30500.527994 1.462000e-15 3.077670e+04 2.000000e+00
  30596.354096 1.494200e-15 3.087340e+04 2.000000e+00
  30692.290228 1.356000e-15 3.097020e+04 2.000000e+00
  30788.216357 1.369300e-15 3.106700e+04 2.000000e+00
  30884.052462 1.342300e-15 3.116370e+04 2.000000e+00
  30979.988594 1.424600e-15 3.126050e+04 2.000000e+00
  31075.814697 1.439300e-15 3.135720e+04 2.000000e+00
  31171.750829 1.415800e-15 3.145400e+04 2.000000e+00
  31267.676959 1.355100e-15 3.155080e+04 2.000000e+00
  31363.513064 1.383300e-15 3.164750e+04 2.000000e+00
  31459.439194 1.504600e-15 3.174430e+04 2.000000e+00
  31555.375327 1.529400e-15 3.184110e+04 2.000000e+00
  31651.201430 1.440100e-15 3.193780e+04 2.000000e+00
  31747.137563 1.473300e-15 3.203460e+04 2.000000e+00
  31842.973668 1.305800e-15 3.213130e+04 2.000000e+00
  31938.899799 1.322000e-15 3.222810e+04 2.000000e+00
  32034.835932 1.312500e-15 3.232490e+04 2.000000e+00
  32130.662035 1.427700e-15 3.242160e+04 2.000000e+00
  32226.598169 1.411300e-15 3.251840e+04 2.000000e+00
  32322.524300 1.510300e-15 3.261520e+04 2.000000e+00
  32418.360406 1.589500e-15 3.271190e+04 2.000000e+00
  32514.286537 1.772300e-15 3.280870e+04 2.000000e+00
  32610.122643 1.950100e-15 3.290540e+04 2.000000e+00
  32706.048774 2.269300e-15 3.300220e+04 2.000000e+00
  32801.984908 2.848900e-15 3.309900e+04 2.000000e+00
  32897.821015 3.485200e-15 3.319570e+04 2.000000e+00
  32993.747146 3.629800e-15 3.329250e+04 2.000000e+00
  33089.683280 3.441800e-15 3.338930e+04 2.000000e+00
  33185.509384 2.539700e-15 3.348600e+04 2.000000e+00
  33281.445519 2.083800e-15 3.358280e+04 2.000000e+00
  33377.271623 1.793100e-15 3.367950e+04 2.000000e+00
  33473.207758 1.643500e-15 3.377630e+04 2.000000e+00
  33569.143892 1.562500e-15 3.387310e+04 2.000000e+00
  33664.969997 1.654400e-15 3.396980e+04 2.000000e+00
  33760.906131 1.616600e-15 3.406660e+04 2.000000e+00
  33856.832263 1.631800e-15 3.416340e+04 2.000000e+00
  33952.668371 1.515100e-15 3.426010e+04 2.000000e+00
  34048.594503 1.570400e-15 3.435690e+04 2.000000e+00
  34144.430611 1.470400e-15 3.445360e+04 2.000000e+00
  34240.356743 1.555300e-15 3.455040e+04 2.000000e+00
  34336.292878 1.468600e-15 3.464720e+04 2.000000e+00
  34432.118983 1.491100e-15 3.474390e+04 2.000000e+00
  34528.055118 1.516700e-15 3.484070e+04 2.000000e+00
  34623.991254 1.493500e-15 3.493750e+04 2.000000e+00
  34719.817359 1.424900e-15 3.503420e+04 2.000000e+00
  34815.753494 1.362400e-15 3.513100e+04 2.000000e+00
  34911.579600 1.315900e-15 3.522770e+04 2.000000e+00
  35007.515736 1.332800e-15 3.532450e+04 2.000000e+00
  35103.441868 1.273200e-15 3.542130e+04 2.000000e+00
  35199.277977 1.286500e-15 3.551800e+04 2.000000e+00
  35295.214113 1.146800e-15 3.561480e+04 2.000000e+00
  35391.140246 1.150900e-15 3.571160e+04 2.000000e+00
  35486.976354 1.145100e-15 3.580830e+04 2.000000e+00
  35582.902488 1.184900e-15 3.590510e+04 2.000000e+00
  35678.738596 1.078900e-15 3.600180e+04 2.000000e+00
  35774.664730 1.109700e-15 3.609860e+04 2.000000e+00
  35870.600866 1.088400e-15 3.619540e+04 2.000000e+00
  35966.436975 1.103600e-15 3.629210e+04 2.000000e+00
  36062.363108 1.109800e-15 3.638890e+04 2.000000e+00
  36158.289242 1.080600e-15 3.648570e+04 2.000000e+00
  36254.125351 9.798600e-16 3.658240e+04 2.000000e+00
  36350.061487 1.049000e-15 3.667920e+04 2.000000e+00
  36445.887594 1.067500e-15 3.677590e+04 2.000000e+00
  36541.823730 1.119000e-15 3.687270e+04 2.000000e+00
  36637.749864 1.048400e-15 3.696950e+04 2.000000e+00
  36733.585974 9.824300e-16 3.706620e+04 2.000000e+00
  36829.512108 9.498300e-16 3.716300e+04 2.000000e+00
  36925.448244 1.020700e-15 3.725980e+04 2.000000e+00
  37021.284354 1.022000e-15 3.735650e+04 2.000000e+00
  37117.210488 1.037200e-15 3.745330e+04 2.000000e+00
  37213.046598 1.019800e-15 3.755000e+04 2.000000e+00
  37308.972732 1.003700e-15 3.764680e+04 2.000000e+00
  37404.908869 1.006600e-15 3.774360e+04 2.000000e+00
  37500.734976 9.829200e-16 3.784030e+04 2.000000e+00
  37596.671113 9.018900e-16 3.793710e+04 2.000000e+00
  37692.597248 8.913600e-16 3.803390e+04 2.000000e+00
  37788.433358 8.912100e-16 3.813060e+04 2.000000e+00
  37884.369495 1.022100e-15 3.822740e+04 2.000000e+00
  37980.195603 1.043400e-15 3.832410e+04 2.000000e+00
  38076.131740 1.066100e-15 3.842090e+04 2.000000e+00
  38172.057875 1.012000e-15 3.851770e+04 2.000000e+00
  38267.893985 9.399500e-16 3.861440e+04 2.000000e+00
  38363.820120 9.488500e-16 3.871120e+04 2.000000e+00
  38459.756258 9.591500e-16 3.880800e+04 2.000000e+00
  38555.582365 9.186700e-16 3.890470e+04 2.000000e+00
  38651.518503 9.185300e-16 3.900150e+04 2.000000e+00
  38747.354613 8.103000e-16 3.909820e+04 2.000000e+00
  38843.280749 7.759300e-16 3.919500e+04 2.000000e+00
  38939.216886 8.205800e-16 3.929180e+04 2.000000e+00
  39035.042994 7.871200e-16 3.938850e+04 2.000000e+00
  39130.979132 8.390200e-16 3.948530e+04 2.000000e+00
  39226.905268 8.728000e-16 3.958210e+04 2.000000e+00
  39322.741378 9.260900e-16 3.967880e+04 2.000000e+00
  39418.677517 9.208200e-16 3.977560e+04 2.000000e+00
  39514.503625 8.256500e-16 3.987230e+04 2.000000e+00
  39610.439763 8.503900e-16 3.996910e+04 2.000000e+00
  39706.365898 8.167900e-16 4.006590e+04 2.000000e+00
  39802.202009 8.932300e-16 4.016260e+04 2.000000e+00
  39898.128145 8.827000e-16 4.025940e+04 2.000000e+00
  39994.064283 9.042100e-16 4.035620e+04 2.000000e+00
  40089.890392 8.360900e-16 4.045290e+04 2.000000e+00
  40185.826530 8.183400e-16 4.054970e+04 2.000000e+00
  40281.662642 8.534300e-16 4.064640e+04 2.000000e+00
  40377.588777 1.038000e-15 4.074320e+04 2.000000e+00
  40473.524916 1.318700e-15 4.084000e+04 2.000000e+00
  40569.351025 1.634700e-15 4.093670e+04 2.000000e+00
  40665.287163 1.484800e-15 4.103350e+04 2.000000e+00
  40761.213299 1.119700e-15 4.113030e+04 2.000000e+00
  40857.049411 8.781100e-16 4.122700e+04 2.000000e+00
  40952.975547 8.018400e-16 4.132380e+04 2.000000e+00
  41048.811658 7.491100e-16 4.142050e+04 2.000000e+00
  41144.737795 7.460200e-16 4.151730e+04 2.000000e+00
  41240.673934 7.197200e-16 4.161410e+04 2.000000e+00
  41336.510045 7.622100e-16 4.171080e+04 2.000000e+00
  41432.436182 7.971100e-16 4.180760e+04 2.000000e+00
  41528.372321 8.009700e-16 4.190440e+04 2.000000e+00
  41624.198430 7.156400e-16 4.200110e+04 2.000000e+00
  41720.134569 7.093400e-16 4.209790e+04 2.000000e+00
  41815.960678 6.517700e-16 4.219460e+04 2.000000e+00
  41911.896817 6.913700e-16 4.229140e+04 2.000000e+00
  42007.822954 6.524600e-16 4.238820e+04 2.000000e+00
  42103.659066 6.802000e-16 4.248490e+04 2.000000e+00
  42199.595205 6.639500e-16 4.258170e+04 2.000000e+00
  42295.521342 6.988000e-16 4.267850e+04 2.000000e+00
  42391.357454 7.073500e-16 4.277520e+04 2.000000e+00
  42487.283590 6.991600e-16 4.287200e+04 2.000000e+00
  42583.119703 6.553200e-16 4.296870e+04 2.000000e+00
  42679.045839 6.366900e-16 4.306550e+04 2.000000e+00
  42774.981979 6.176100e-16 4.316230e+04 2.000000e+00
  42870.808089 6.164700e-16 4.325900e+04 2.000000e+00
  42966.744228 5.961400e-16 4.335580e+04 2.000000e+00
  43062.680368 5.829500e-16 4.345260e+04 2.000000e+00
  43158.506478 6.302900e-16 4.354930e+04 2.000000e+00
  43254.442617 6.480000e-16 4.364610e+04 2.000000e+00
  43350.268727 6.411200e-16 4.374280e+04 2.000000e+00
  43446.204867 5.737800e-16 4.383960e+04 2.000000e+00
  43542.131004 5.594600e-16 4.393640e+04 2.000000e+00
  43637.967116 5.791700e-16 4.403310e+04 2.000000e+00
  43733.903256 6.004500e-16 4.412990e+04 2.000000e+00
  43829.829394 6.041900e-16 4.422670e+04 2.000000e+00
  43925.665506 6.081400e-16 4.432340e+04 2.000000e+00
  44021.591644 5.970600e-16 4.442020e+04 2.000000e+00
  44117.427756 5.411500e-16 4.451690e+04 2.000000e+00
  44213.353894 5.234500e-16 4.461370e+04 2.000000e+00
  44309.280031 5.451400e-16 4.471050e+04 2.000000e+00
  44405.116144 6.018500e-16 4.480720e+04 2.000000e+00
  44501.052284 5.780800e-16 4.490400e+04 2.000000e+00
  44596.978421 5.806400e-16 4.500080e+04 2.000000e+00
  44692.814534 5.396600e-16 4.509750e+04 2.000000e+00
  44788.750675 5.267100e-16 4.519430e+04 2.000000e+00
  44884.576785 4.905500e-16 4.529100e+04 2.000000e+00
  44980.512925 4.672000e-16 4.538780e+04 2.000000e+00
  45076.439063 4.679800e-16 4.548460e+04 2.000000e+00
  45172.265173 4.712300e-16 4.558130e+04 2.000000e+00
  45268.201314 4.950600e-16 4.567810e+04 2.000000e+00
  45364.137454 5.153100e-16 4.577490e+04 2.000000e+00
  45459.973567 5.618500e-16 4.587160e+04 2.000000e+00
  45555.899705 5.626000e-16 4.596840e+04 2.000000e+00
  45651.735818 5.825200e-16 4.606510e+04 2.000000e+00
  45747.661956 5.236800e-16 4.616190e+04 2.000000e+00
  45843.598097 4.616700e-16 4.625870e+04 2.000000e+00
  45939.424207 4.605100e-16 4.635540e+04 2.000000e+00
  46035.360348 4.576100e-16 4.645220e+04 2.000000e+00
  46131.286486 5.994600e-16 4.654900e+04 2.000000e+00
  46227.122599 6.322100e-16 4.664570e+04 2.000000e+00
  46323.048737 6.730000e-16 4.674250e+04 2.000000e+00
  46418.884851 7.145700e-16 4.683920e+04 2.000000e+00
  46514.820992 7.937200e-16 4.693600e+04 2.000000e+00
  46610.747130 7.573200e-16 4.703280e+04 2.000000e+00
  46706.583243 6.767900e-16 4.712950e+04 2.000000e+00
  46802.509381 5.407700e-16 4.722630e+04 2.000000e+00
  46898.435520 5.229100e-16 4.732310e+04 2.000000e+00
  46994.271633 4.887000e-16 4.741980e+04 2.000000e+00
  47090.207774 5.116400e-16 4.751660e+04 2.000000e+00
  47186.043888 4.597900e-16 4.761330e+04 2.000000e+00
  47281.970026 4.890900e-16 4.771010e+04 2.000000e+00
  47377.906167 4.874600e-16 4.780690e+04 2.000000e+00
  47473.732278 5.582500e-16 4.790360e+04 2.000000e+00
  47569.658417 4.672200e-16 4.800040e+04 2.000000e+00
  47665.594558 5.018000e-16 4.809720e+04 2.000000e+00
  47761.430672 4.857800e-16 4.819390e+04 2.000000e+00
  47857.356810 5.456200e-16 4.829070e+04 2.000000e+00
  47953.192924 5.663200e-16 4.838740e+04 2.000000e+00
  48049.129065 5.874100e-16 4.848420e+04 2.000000e+00
  48145.055204 5.421000e-16 4.858100e+04 2.000000e+00
  48240.891318 5.152500e-16 4.867770e+04 2.000000e+00
  48336.817456 5.241800e-16 4.877450e+04 2.000000e+00
  48432.743595 5.293100e-16 4.887130e+04 2.000000e+00
  48528.579709 4.651400e-16 4.896800e+04 2.000000e+00
  48624.505848 4.450300e-16 4.906480e+04 2.000000e+00
  48720.341962 4.425500e-16 4.916150e+04 2.000000e+00
  48816.278103 4.863100e-16 4.925830e+04 2.000000e+00
  48912.214244 4.462600e-16 4.935510e+04 2.000000e+00
  49008.040356 4.855800e-16 4.945180e+04 2.000000e+00
  49104.966767 4.557600e-16 4.954960e+04 2.000000e+00
  49596.010571 4.550800e-16 5.004510e+04 0.000000e+00
  50091.975717 4.544000e-16 5.054555e+04 0.000000e+00
  50592.892213 4.537000e-16 5.105100e+04 0.000000e+00
  51098.820074 4.530000e-16 5.156152e+04 0.000000e+00
  51609.809316 4.522900e-16 5.207713e+04 0.000000e+00
  51704.325071 4.521600e-16 5.217250e+04 3.000000e+00
  52004.006732 5.267100e-16 5.247490e+04 3.000000e+00
  52303.698397 5.541500e-16 5.277730e+04 3.000000e+00
  52603.380059 5.047400e-16 5.307970e+04 3.000000e+00
  52903.071724 5.196600e-16 5.338210e+04 3.000000e+00
  53202.853414 5.818200e-16 5.368460e+04 3.000000e+00
  53502.545080 6.208100e-16 5.398700e+04 3.000000e+00
  53802.226742 4.571200e-16 5.428940e+04 3.000000e+00
  54101.908405 4.369100e-16 5.459180e+04 3.000000e+00
  54401.600071 4.125200e-16 5.489420e+04 3.000000e+00
  54701.381762 4.255600e-16 5.519670e+04 3.000000e+00
  55001.073428 4.682100e-16 5.549910e+04 3.000000e+00
  55300.755092 4.922800e-16 5.580150e+04 3.000000e+00
  55600.446759 5.211100e-16 5.610390e+04 3.000000e+00
  55900.128423 5.459200e-16 5.640630e+04 3.000000e+00
  56199.910114 6.223700e-16 5.670880e+04 3.000000e+00
  56499.601781 6.582800e-16 5.701120e+04 3.000000e+00
  56799.283446 6.724200e-16 5.731360e+04 3.000000e+00
  57098.975113 6.989000e-16 5.761600e+04 3.000000e+00
  57398.666781 6.870100e-16 5.791840e+04 3.000000e+00
  57698.448473 6.650600e-16 5.822090e+04 3.000000e+00
  57998.140141 6.367800e-16 5.852330e+04 3.000000e+00
  58297.821806 6.333600e-16 5.882570e+04 3.000000e+00
  58597.503472 6.721800e-16 5.912810e+04 3.000000e+00
  58897.195140 7.094000e-16 5.943050e+04 3.000000e+00
  59196.976833 7.004700e-16 5.973300e+04 3.000000e+00
  59496.668501 7.149200e-16 6.003540e+04 3.000000e+00
  59796.350167 8.262700e-16 6.033780e+04 3.000000e+00
  60096.041836 9.804600e-16 6.064020e+04 3.000000e+00
  60395.723502 1.023100e-15 6.094260e+04 3.000000e+00
  60695.505196 1.074000e-15 6.124510e+04 3.000000e+00
  60995.196865 1.186300e-15 6.154750e+04 3.000000e+00
  61294.878531 1.520600e-15 6.184990e+04 3.000000e+00
  61594.570201 2.201000e-15 6.215230e+04 3.000000e+00
  61894.251868 3.055200e-15 6.245470e+04 3.000000e+00
  62194.043565 3.362200e-15 6.275720e+04 3.000000e+00
  62493.725232 3.082300e-15 6.305960e+04 3.000000e+00
  62793.416901 2.574000e-15 6.336200e+04 3.000000e+00
  63093.098569 2.104100e-15 6.366440e+04 3.000000e+00
  63392.780236 1.729300e-15 6.396680e+04 3.000000e+00
  63692.571933 1.470300e-15 6.426930e+04 3.000000e+00
  63992.253601 1.306800e-15 6.457170e+04 3.000000e+00
  64291.945271 1.174600e-15 6.487410e+04 3.000000e+00
  64591.626939 1.058700e-15 6.517650e+04 3.000000e+00
  64891.318610 9.914400e-16 6.547890e+04 3.000000e+00
  65191.100305 9.837700e-16 6.578140e+04 3.000000e+00
  65490.781973 9.141600e-16 6.608380e+04 3.000000e+00
  65790.473644 9.463200e-16 6.638620e+04 3.000000e+00
  66090.165315 9.643100e-16 6.668860e+04 3.000000e+00
  66389.846983 9.780700e-16 6.699100e+04 3.000000e+00
  66689.638682 9.639700e-16 6.729350e+04 3.000000e+00
  66989.320350 9.643600e-16 6.759590e+04 3.000000e+00
  67289.012022 9.787500e-16 6.789830e+04 3.000000e+00
  67588.683688 9.686000e-16 6.820070e+04 3.000000e+00
  67888.385362 9.468900e-16 6.850310e+04 3.000000e+00
  68188.167058 9.258900e-16 6.880560e+04 3.000000e+00
  68487.848727 9.388800e-16 6.910800e+04 3.000000e+00
  68787.540399 9.665700e-16 6.941040e+04 3.000000e+00
  69087.232071 9.829900e-16 6.971280e+04 3.000000e+00
  69386.913740 1.036200e-15 7.001520e+04 3.000000e+00
  69686.695437 1.304200e-15 7.031770e+04 3.000000e+00
  69986.387109 1.334300e-15 7.062010e+04 3.000000e+00
  70286.068778 1.135800e-15 7.092250e+04 3.000000e+00
  70585.750448 1.119400e-15 7.122490e+04 3.000000e+00
  70885.442120 1.242900e-15 7.152730e+04 3.000000e+00
  71185.223817 1.218700e-15 7.182980e+04 3.000000e+00
  71484.915490 1.222300e-15 7.213220e+04 3.000000e+00
  71784.597160 1.251700e-15 7.243460e+04 3.000000e+00
  72084.288832 1.290300e-15 7.273700e+04 3.000000e+00
  72383.970503 1.334400e-15 7.303940e+04 3.000000e+00
  72683.752200 1.407300e-15 7.334190e+04 3.000000e+00
  72983.443873 1.460000e-15 7.364430e+04 3.000000e+00
  73283.135546 1.571200e-15 7.394670e+04 3.000000e+00
  73582.817216 1.676000e-15 7.424910e+04 3.000000e+00
  73882.498886 1.850400e-15 7.455150e+04 3.000000e+00
  74182.290587 2.047400e-15 7.485400e+04 3.000000e+00
  74481.972257 2.259100e-15 7.515640e+04 3.000000e+00
  74781.653928 2.430100e-15 7.545880e+04 3.000000e+00
  75081.345601 2.491100e-15 7.576120e+04 3.000000e+00
  75680.718946 2.921500e-15 7.636600e+04 3.000000e+00
  76280.192317 3.020400e-15 7.697090e+04 3.000000e+00
  76879.555659 2.923600e-15 7.757570e+04 3.000000e+00
  77478.939007 2.799900e-15 7.818050e+04 3.000000e+00
  78078.412380 2.680500e-15 7.878540e+04 3.000000e+00
  78677.785725 2.493500e-15 7.939020e+04 3.000000e+00
  79277.259098 2.166500e-15 7.999510e+04 3.000000e+00
  79876.622441 1.872400e-15 8.059990e+04 3.000000e+00
  80476.005790 1.613900e-15 8.120470e+04 3.000000e+00
  81075.469161 1.413600e-15 8.180959e+04 3.000000e+00
  81674.842507 1.298700e-15 8.241440e+04 3.000000e+00
  82274.215854 1.252000e-15 8.301920e+04 3.000000e+00
  82873.679225 1.273200e-15 8.362409e+04 3.000000e+00
  83473.062575 1.292000e-15 8.422890e+04 3.000000e+00
  84072.425920 1.298200e-15 8.483370e+04 3.000000e+00
  84671.909297 1.375800e-15 8.543860e+04 3.000000e+00
  85271.272642 1.515600e-15 8.604340e+04 3.000000e+00
  85870.756020 1.577900e-15 8.664830e+04 3.000000e+00
  86470.129368 1.503400e-15 8.725310e+04 3.000000e+00
  87069.502716 1.335300e-15 8.785791e+04 3.000000e+00
  87668.976092 1.133100e-15 8.846280e+04 3.000000e+00
  88268.339438 9.537500e-16 8.906760e+04 3.000000e+00
  88867.722789 8.472900e-16 8.967241e+04 3.000000e+00
  89467.186162 8.761500e-16 9.027730e+04 3.000000e+00
  90066.559511 9.080500e-16 9.088210e+04 3.000000e+00
  90665.932860 7.355900e-16 9.148690e+04 3.000000e+00
  91265.396234 6.753400e-16 9.209180e+04 3.000000e+00
  91864.779586 6.830200e-16 9.269660e+04 3.000000e+00
  92464.242961 6.640000e-16 9.330150e+04 3.000000e+00
  93063.616310 6.543000e-16 9.390630e+04 3.000000e+00
  93662.989660 6.602300e-16 9.451110e+04 3.000000e+00
  94262.453035 6.491800e-16 9.511599e+04 3.000000e+00
  94861.836387 6.493100e-16 9.572080e+04 3.000000e+00
  95461.209738 6.476600e-16 9.632560e+04 3.000000e+00
  96060.683115 6.569700e-16 9.693050e+04 3.000000e+00
  96660.046463 6.780600e-16 9.753530e+04 3.000000e+00
  97259.419814 6.635300e-16 9.814009e+04 3.000000e+00
  97858.903194 6.484200e-16 9.874500e+04 3.000000e+00
  98458.276545 6.314000e-16 9.934980e+04 3.000000e+00
  99057.749923 6.276000e-16 9.995470e+04 3.000000e+00
  99657.113272 6.255000e-16 1.005595e+05 3.000000e+00
 100256.496626 6.223200e-16 1.011643e+05 3.000000e+00
 100855.960002 6.264100e-16 1.017692e+05 3.000000e+00
 101455.333353 6.237900e-16 1.023740e+05 3.000000e+00
 102054.706704 6.154400e-16 1.029788e+05 3.000000e+00
 102654.170081 6.174100e-16 1.035837e+05 3.000000e+00
 103253.553435 6.259700e-16 1.041885e+05 3.000000e+00
 103852.916784 6.465700e-16 1.047933e+05 3.000000e+00
 104452.390163 7.151800e-16 1.053982e+05 3.000000e+00
 105051.763515 8.359900e-16 1.060030e+05 3.000000e+00
 105651.246897 8.159100e-16 1.066079e+05 3.000000e+00
 106250.610247 7.406000e-16 1.072127e+05 3.000000e+00
 106849.983599 7.353600e-16 1.078175e+05 3.000000e+00
 107449.466982 7.280500e-16 1.084224e+05 3.000000e+00
 108048.830331 7.293200e-16 1.090272e+05 3.000000e+00
 108648.203684 7.420400e-16 1.096320e+05 3.000000e+00
 109247.677064 7.878600e-16 1.102369e+05 3.000000e+00
 109847.050416 8.796000e-16 1.108417e+05 3.000000e+00
 110446.423769 9.489600e-16 1.114465e+05 3.000000e+00
 111045.887147 1.042500e-15 1.120514e+05 3.000000e+00
 111645.270502 1.443100e-15 1.126562e+05 3.000000e+00
 112244.733880 1.883000e-15 1.132611e+05 3.000000e+00
 112844.107233 1.856300e-15 1.138659e+05 3.000000e+00
 113443.480586 1.566500e-15 1.144707e+05 3.000000e+00
 114042.953967 1.306900e-15 1.150756e+05 3.000000e+00
 114642.327320 1.142900e-15 1.156804e+05 3.000000e+00
 115241.700674 1.022700e-15 1.162852e+05 3.000000e+00
 115841.164052 9.783700e-16 1.168901e+05 3.000000e+00
 116440.537405 9.285100e-16 1.174949e+05 3.000000e+00
 117039.910759 8.935400e-16 1.180997e+05 3.000000e+00
 117639.384140 8.824800e-16 1.187046e+05 3.000000e+00
 118238.757494 8.902700e-16 1.193094e+05 3.000000e+00
 118838.240877 9.131000e-16 1.199143e+05 3.000000e+00
 119437.604229 9.355800e-16 1.205191e+05 3.000000e+00
 120036.977583 9.372200e-16 1.211239e+05 3.000000e+00
 120636.450964 9.257200e-16 1.217288e+05 3.000000e+00
 121235.824318 9.165100e-16 1.223336e+05 3.000000e+00
 121835.197672 9.025200e-16 1.229384e+05 3.000000e+00
 122434.661051 9.184300e-16 1.235433e+05 3.000000e+00
 123034.044408 9.536700e-16 1.241481e+05 3.000000e+00
 123633.417762 9.772300e-16 1.247529e+05 3.000000e+00
 124232.881141 9.893600e-16 1.253578e+05 3.000000e+00
 124832.254496 1.013300e-15 1.259626e+05 3.000000e+00
 125431.727877 1.062800e-15 1.265675e+05 3.000000e+00
 126031.101232 1.098100e-15 1.271723e+05 3.000000e+00
 126630.474587 1.137900e-15 1.277771e+05 3.000000e+00
 127229.947968 1.251700e-15 1.283820e+05 3.000000e+00
 127829.311320 1.656300e-15 1.289868e+05 3.000000e+00
 128428.694678 1.823000e-15 1.295916e+05 3.000000e+00
 129028.168060 1.142800e-15 1.301965e+05 3.000000e+00
 129627.531412 8.806200e-16 1.308013e+05 3.000000e+00
 130226.904767 8.328800e-16 1.314061e+05 3.000000e+00
 130826.378149 8.194700e-16 1.320110e+05 3.000000e+00
 131425.751504 8.133300e-16 1.326158e+05 3.000000e+00
 132025.124859 8.116600e-16 1.332206e+05 3.000000e+00
 132624.598242 8.168700e-16 1.338255e+05 3.000000e+00
 133223.971597 8.152700e-16 1.344303e+05 3.000000e+00
 133823.444980 8.041800e-16 1.350352e+05 3.000000e+00
 134422.818335 8.169800e-16 1.356400e+05 3.000000e+00
 135022.181687 8.134800e-16 1.362448e+05 3.000000e+00
 135621.665073 8.189800e-16 1.368497e+05 3.000000e+00
 136221.028425 8.228100e-16 1.374545e+05 3.000000e+00
 136820.401781 8.033500e-16 1.380593e+05 3.000000e+00
 137419.885166 7.914000e-16 1.386642e+05 3.000000e+00
 138019.248519 7.887400e-16 1.392690e+05 3.000000e+00
 138618.621875 7.815900e-16 1.398738e+05 3.000000e+00
 139218.095258 7.745200e-16 1.404787e+05 3.000000e+00
 139817.468613 7.763800e-16 1.410835e+05 3.000000e+00
 140416.941996 7.876600e-16 1.416884e+05 3.000000e+00
 141016.315352 7.734700e-16 1.422932e+05 3.000000e+00
 141615.688708 7.747000e-16 1.428980e+05 3.000000e+00
 142215.162091 7.480100e-16 1.435029e+05 3.000000e+00
 142814.535447 7.220300e-16 1.441077e+05 3.000000e+00
 143413.898800 6.985000e-16 1.447125e+05 3.000000e+00
 144465.965535 7.651500e-16 1.457741e+05 3.000000e+00
 145305.184259 7.597600e-16 1.466209e+05 3.000000e+00
 146144.382979 7.626300e-16 1.474677e+05 3.000000e+00
 146983.581698 7.621600e-16 1.483145e+05 3.000000e+00
 147822.680390 7.547700e-16 1.491612e+05 3.000000e+00
 148661.879109 7.585100e-16 1.500080e+05 3.000000e+00
 149501.077829 7.599500e-16 1.508548e+05 3.000000e+00
 150340.186524 7.690300e-16 1.517015e+05 3.000000e+00
 151179.385243 7.776900e-16 1.525483e+05 3.000000e+00
 152018.583963 7.785000e-16 1.533951e+05 3.000000e+00
 152857.682655 7.901700e-16 1.542418e+05 3.000000e+00
 153696.881375 8.005300e-16 1.550886e+05 3.000000e+00
 154536.100100 9.250600e-16 1.559354e+05 3.000000e+00
 155375.198793 1.190000e-15 1.567821e+05 3.000000e+00
 156214.397513 1.147700e-15 1.576289e+05 3.000000e+00
 157053.596233 8.866100e-16 1.584757e+05 3.000000e+00
 157892.684923 8.484800e-16 1.593224e+05 3.000000e+00
 158731.903649 8.657900e-16 1.601692e+05 3.000000e+00
 159571.102369 8.796500e-16 1.610160e+05 3.000000e+00
 160410.301089 8.875100e-16 1.618628e+05 3.000000e+00
 161249.399782 9.112200e-16 1.627095e+05 3.000000e+00
 162088.618508 9.234800e-16 1.635563e+05 3.000000e+00
 162927.797223 9.711000e-16 1.644031e+05 3.000000e+00
 163766.915921 1.038400e-15 1.652498e+05 3.000000e+00
 164606.104639 1.065800e-15 1.660966e+05 3.000000e+00
 165445.303359 1.047700e-15 1.669434e+05 3.000000e+00
 166284.422058 1.029000e-15 1.677901e+05 3.000000e+00
 167123.600773 1.033300e-15 1.686369e+05 3.000000e+00
 167962.819499 1.034100e-15 1.694837e+05 3.000000e+00
 168801.908190 1.042400e-15 1.703304e+05 3.000000e+00
 169641.116914 1.070000e-15 1.711772e+05 3.000000e+00
 170480.315634 1.102100e-15 1.720240e+05 3.000000e+00
 171319.404325 1.095100e-15 1.728707e+05 3.000000e+00
 172158.623052 1.089500e-15 1.737175e+05 3.000000e+00
 172997.821773 1.098900e-15 1.745643e+05 3.000000e+00
 173837.020493 1.113200e-15 1.754111e+05 3.000000e+00
 174676.119187 1.093600e-15 1.762578e+05 3.000000e+00
 175515.337914 1.064100e-15 1.771046e+05 3.000000e+00
 176354.516629 1.059300e-15 1.779514e+05 3.000000e+00
 177193.635329 1.067100e-15 1.787981e+05 3.000000e+00
 178032.834050 1.069200e-15 1.796449e+05 3.000000e+00
 178872.032771 1.081500e-15 1.804917e+05 3.000000e+00
 179711.141468 1.078100e-15 1.813384e+05 3.000000e+00
 180550.320184 1.071300e-15 1.821852e+05 3.000000e+00
 181389.538910 1.073700e-15 1.830320e+05 3.000000e+00
 182228.637604 1.090000e-15 1.838787e+05 3.000000e+00
 183067.836326 1.092800e-15 1.847255e+05 3.000000e+00
 183907.035047 1.099900e-15 1.855723e+05 3.000000e+00
 184746.123739 1.100200e-15 1.864190e+05 3.000000e+00
 185585.342466 1.125300e-15 1.872658e+05 3.000000e+00
 186424.551190 1.443300e-15 1.881126e+05 3.000000e+00
 187263.749911 1.630100e-15 1.889594e+05 3.000000e+00
 188102.838603 1.332500e-15 1.898061e+05 3.000000e+00
 188942.057330 1.127100e-15 1.906529e+05 3.000000e+00
 189781.236046 1.130900e-15 1.914997e+05 3.000000e+00
 190620.354746 1.139000e-15 1.923464e+05 3.000000e+00
 191459.553468 1.137400e-15 1.931932e+05 3.000000e+00
 192298.752190 1.118000e-15 1.940400e+05 3.000000e+00
 193137.860887 1.120300e-15 1.948867e+05 3.000000e+00
 193977.069611 1.147400e-15 1.957335e+05 3.000000e+00
 194816.258330 1.148000e-15 1.965803e+05 3.000000e+00
 195655.357025 1.135800e-15 1.974270e+05 3.000000e+00
 196494.555747 1.131900e-15 1.982738e+05 3.000000e+00
 197333.754469 1.135200e-15 1.991206e+05 3.000000e+00
 198172.873169 1.131700e-15 1.999673e+05 3.000000e+00
 199012.061888 1.128600e-15 2.008141e+05 3.000000e+00
 199851.270613 1.129400e-15 2.016609e+05 3.000000e+00
 200690.469335 1.126400e-15 2.025077e+05 3.000000e+00
 201529.558027 1.127800e-15 2.033544e+05 3.000000e+00
 202368.776755 1.120500e-15 2.042012e+05 3.000000e+00
 204047.074171 1.105500e-15 2.058947e+05 3.000000e+00
 205725.471616 1.149100e-15 2.075883e+05 3.000000e+00
 207403.789038 1.147100e-15 2.092818e+05 3.000000e+00
 209082.076453 1.130700e-15 2.109753e+05 3.000000e+00
 210760.473898 1.152200e-15 2.126689e+05 3.000000e+00
 212438.781318 1.160300e-15 2.143624e+05 3.000000e+00
 214117.188765 1.150900e-15 2.160560e+05 3.000000e+00
 215795.496186 1.181400e-15 2.177495e+05 3.000000e+00
 217473.793603 1.185500e-15 2.194430e+05 3.000000e+00
 219152.211054 1.183500e-15 2.211366e+05 3.000000e+00
 220830.508472 1.204000e-15 2.228301e+05 3.000000e+00
 222508.795887 1.198700e-15 2.245236e+05 3.000000e+00
 224187.193332 1.196200e-15 2.262172e+05 3.000000e+00
 225865.510756 1.224100e-15 2.279107e+05 3.000000e+00
 227543.908201 1.216400e-15 2.296043e+05 3.000000e+00
 229222.215622 1.213500e-15 2.312978e+05 3.000000e+00
 230900.513041 1.228100e-15 2.329913e+05 3.000000e+00
 232578.930492 1.250000e-15 2.346849e+05 3.000000e+00
 234257.227910 1.239800e-15 2.363784e+05 3.000000e+00
 235935.535332 1.229200e-15 2.380719e+05 3.000000e+00
 237613.912772 1.228600e-15 2.397655e+05 3.000000e+00
 239292.230196 1.219900e-15 2.414590e+05 3.000000e+00
 240970.627642 1.210300e-15 2.431526e+05 3.000000e+00
 242648.935064 1.203500e-15 2.448461e+05 3.000000e+00
 244327.232483 1.205000e-15 2.465396e+05 3.000000e+00
 246005.649934 1.192400e-15 2.482332e+05 3.000000e+00
 247683.947353 1.180200e-15 2.499267e+05 3.000000e+00
 249362.254775 1.177400e-15 2.516202e+05 3.000000e+00
 251040.662224 1.178500e-15 2.533138e+05 3.000000e+00
 252718.969646 1.181800e-15 2.550073e+05 3.000000e+00
 254397.347087 1.177900e-15 2.567009e+05 3.000000e+00
 256075.654509 1.170800e-15 2.583944e+05 3.000000e+00
 257753.951928 1.183600e-15 2.600879e+05 3.000000e+00
 259432.369380 1.200500e-15 2.617815e+05 3.000000e+00
 261110.666800 1.191800e-15 2.634750e+05 3.000000e+00
 262788.974222 1.186300e-15 2.651685e+05 3.000000e+00
 264467.371669 1.179900e-15 2.668621e+05 3.000000e+00
 266145.669088 1.178200e-15 2.685556e+05 3.000000e+00
 267824.066535 1.174200e-15 2.702492e+05 3.000000e+00
 269502.373957 1.191800e-15 2.719427e+05 3.000000e+00
 271180.701385 1.202800e-15 2.736362e+05 3.000000e+00
 272859.098832 1.208400e-15 2.753298e+05 3.000000e+00
 274537.376246 1.195800e-15 2.770233e+05 3.000000e+00
 276215.673666 1.199200e-15 2.787168e+05 3.000000e+00
 277894.101122 1.201000e-15 2.804104e+05 3.000000e+00
 279572.408544 1.208000e-15 2.821039e+05 3.000000e+00
 281250.805991 1.195100e-15 2.837975e+05 3.000000e+00
 282929.103411 1.195800e-15 2.854910e+05 3.000000e+00
 284607.410834 1.195100e-15 2.871845e+05 3.000000e+00
 286285.808281 1.192300e-15 2.888781e+05 3.000000e+00
 287964.105701 1.184900e-15 2.905716e+05 3.000000e+00
 289642.413124 1.175100e-15 2.922651e+05 3.000000e+00
 291320.810572 1.183100e-15 2.939587e+05 3.000000e+00
 292999.107992 1.175000e-15 2.956522e+05 3.000000e+00
 294677.505439 1.185600e-15 2.973458e+05 3.000000e+00
 296355.842870 1.200000e-15 2.990393e+05 3.000000e+00
 298034.140291 1.194100e-15 3.007328e+05 3.000000e+00
 299712.537738 1.199500e-15 3.024264e+05 3.000000e+00
 301390.845161 1.194800e-15 3.041199e+05 3.000000e+00
 303069.142582 1.185100e-15 3.058134e+05 3.000000e+00
 304747.540029 1.195200e-15 3.075070e+05 3.000000e+00
 306425.847453 1.191800e-15 3.092005e+05 3.000000e+00
 308104.234898 1.189900e-15 3.108941e+05 3.000000e+00
 309782.542321 1.192300e-15 3.125876e+05 3.000000e+00
 311460.849744 1.199700e-15 3.142811e+05 3.000000e+00
 313139.237189 1.219800e-15 3.159747e+05 3.000000e+00
 314817.574621 1.218500e-15 3.176682e+05 3.000000e+00
 316495.882044 1.210300e-15 3.193617e+05 3.000000e+00
 318174.279492 1.205800e-15 3.210553e+05 3.000000e+00
 319852.546904 1.218000e-15 3.227488e+05 3.000000e+00
 321530.974361 1.240300e-15 3.244424e+05 3.000000e+00
 323209.281784 1.263700e-15 3.261359e+05 3.000000e+00
 324887.579205 1.267100e-15 3.278294e+05 3.000000e+00
 326565.976653 1.284100e-15 3.295230e+05 3.000000e+00
 328244.284076 1.306700e-15 3.312165e+05 3.000000e+00
 329922.581497 1.318300e-15 3.329100e+05 3.000000e+00
 331601.008953 1.330100e-15 3.346036e+05 3.000000e+00
 333279.316377 1.486600e-15 3.362971e+05 3.000000e+00
 334957.673814 1.522300e-15 3.379907e+05 3.000000e+00
 336635.981238 1.446300e-15 3.396842e+05 3.000000e+00
 338314.318670 1.326700e-15 3.413777e+05 3.000000e+00
 339992.676107 1.316000e-15 3.430713e+05 3.000000e+00
 341670.983531 1.342900e-15 3.447648e+05 3.000000e+00
 343349.290955 1.294800e-15 3.464583e+05 3.000000e+00
 345027.718411 1.331700e-15 3.481519e+05 3.000000e+00
 346705.985824 1.452500e-15 3.498454e+05 3.000000e+00
