# An Atlas of Galaxy Spectral Energy Distributions from the Ultraviolet to the Mid-Infrared
# Brown et al. (2014)
# http://dx.doi.org/10.5072/03/529D3551F0117
# 
# Column 1 : Restframe Wavelength (Angstrom)
# Column 2 : Flux per unit wavelength (ergs/s/cm^2/Angstrom)
# Column 3 : Observed wavelength (Angstrom)
# Column 4 : Source (0 = model, 1 = Optical Spectrum, 2 = Akari, 3 = Spitzer IRS)
# 
# CONVERTED air -> vacuum (Morton 2000/SDSS) above 2000 A by sedfit; wavelengths below are unchanged (already vacuum by convention).
    102.040000 6.276100e-17 1.028000e+02 0.000000e+00
    103.930000 6.632600e-17 1.047100e+02 0.000000e+00
    106.110000 7.323000e-17 1.069100e+02 0.000000e+00
    108.080000 8.141200e-17 1.088900e+02 0.000000e+00
    110.090000 1.123800e-16 1.109200e+02 0.000000e+00
    113.960000 1.311300e-16 1.148200e+02 0.000000e+00
    117.970000 1.461100e-16 1.188500e+02 0.000000e+00
    120.990000 3.611500e-16 1.219000e+02 0.000000e+00
    124.960000 4.080300e-16 1.258900e+02 0.000000e+00
    126.990000 4.292300e-16 1.279400e+02 0.000000e+00
    127.870000 4.432900e-16 1.288200e+02 0.000000e+00
    131.150000 4.749900e-16 1.321300e+02 0.000000e+00
    132.060000 5.232200e-16 1.330500e+02 0.000000e+00
    133.890000 5.441100e-16 1.349000e+02 0.000000e+00
    137.010000 6.218500e-16 1.380400e+02 0.000000e+00
    139.880000 6.617400e-16 1.409300e+02 0.000000e+00
    143.140000 1.080700e-15 1.442100e+02 0.000000e+00
    147.150000 1.689200e-15 1.482500e+02 0.000000e+00
    150.930000 1.810000e-15 1.520500e+02 0.000000e+00
    155.150000 1.948400e-15 1.563100e+02 0.000000e+00
    159.130000 2.102300e-15 1.603200e+02 0.000000e+00
    162.090000 2.216600e-15 1.633100e+02 0.000000e+00
    165.870000 2.380600e-15 1.671100e+02 0.000000e+00
    170.120000 2.533300e-15 1.714000e+02 0.000000e+00
    172.890000 2.658800e-15 1.741800e+02 0.000000e+00
    176.910000 2.809900e-15 1.782400e+02 0.000000e+00
    180.200000 2.928800e-15 1.815500e+02 0.000000e+00
    181.870000 3.017800e-15 1.832300e+02 0.000000e+00
    186.110000 3.181900e-15 1.875000e+02 0.000000e+00
    190.880000 3.378200e-15 1.923100e+02 0.000000e+00
    193.980000 3.521200e-15 1.954300e+02 0.000000e+00
    198.040000 3.687100e-15 1.995300e+02 0.000000e+00
    202.190000 3.860900e-15 2.037000e+02 0.000000e+00
    205.000000 3.987400e-15 2.065400e+02 0.000000e+00
    209.780000 4.070900e-15 2.113500e+02 0.000000e+00
    216.150000 4.453400e-15 2.177700e+02 0.000000e+00
    220.170000 4.641800e-15 2.218200e+02 0.000000e+00
    223.230000 4.739000e-15 2.249100e+02 0.000000e+00
    226.860000 4.939500e-15 2.285600e+02 0.000000e+00
    230.020000 7.373700e-15 2.317400e+02 0.000000e+00
    233.760000 1.212500e-14 2.355000e+02 0.000000e+00
    239.750000 1.587400e-14 2.415500e+02 0.000000e+00
    245.900000 1.512500e-14 2.477400e+02 0.000000e+00
    252.210000 1.594700e-14 2.541000e+02 0.000000e+00
    256.900000 1.275500e-14 2.588200e+02 0.000000e+00
    259.870000 1.544100e-14 2.618200e+02 0.000000e+00
    264.100000 1.631900e-14 2.660700e+02 0.000000e+00
    269.010000 1.624400e-14 2.710200e+02 0.000000e+00
    274.010000 1.616900e-14 2.760600e+02 0.000000e+00
    279.100000 1.591100e-14 2.811900e+02 0.000000e+00
    284.290000 1.594700e-14 2.864200e+02 0.000000e+00
    290.240000 1.519500e-14 2.924200e+02 0.000000e+00
    296.320000 1.519500e-14 2.985400e+02 0.000000e+00
    301.140000 1.434500e-14 3.033900e+02 0.000000e+00
    308.150000 1.461100e-14 3.104600e+02 0.000000e+00
    318.240000 1.481500e-14 3.206300e+02 0.000000e+00
    327.920000 1.454400e-14 3.303700e+02 0.000000e+00
    337.880000 1.411500e-14 3.404100e+02 0.000000e+00
    348.150000 1.369900e-14 3.507500e+02 0.000000e+00
    357.080000 1.354200e-14 3.597500e+02 0.000000e+00
    366.240000 1.360500e-14 3.689800e+02 0.000000e+00
    374.770000 1.323400e-14 3.775700e+02 0.000000e+00
    385.270000 1.237900e-14 3.881500e+02 0.000000e+00
    395.150000 1.260900e-14 3.981100e+02 0.000000e+00
    405.290000 1.252200e-14 4.083200e+02 0.000000e+00
    413.770000 1.218100e-14 4.168700e+02 0.000000e+00
    422.440000 1.176800e-14 4.256000e+02 0.000000e+00
    430.290000 1.142100e-14 4.335100e+02 0.000000e+00
    441.330000 1.126400e-14 4.446300e+02 0.000000e+00
    450.570000 1.093200e-14 4.539400e+02 0.000000e+00
    460.000000 1.048800e-14 4.634500e+02 0.000000e+00
    469.640000 1.020200e-14 4.731500e+02 0.000000e+00
    479.470000 1.003900e-14 4.830600e+02 0.000000e+00
    489.510000 9.543000e-15 4.931700e+02 0.000000e+00
    499.760000 9.521100e-15 5.035000e+02 0.000000e+00
    505.550000 9.219100e-15 5.093300e+02 0.000000e+00
    512.580000 9.787800e-15 5.164200e+02 0.000000e+00
    519.710000 9.477400e-15 5.236000e+02 0.000000e+00
    530.590000 9.071700e-15 5.345600e+02 0.000000e+00
    540.460000 8.485700e-15 5.445000e+02 0.000000e+00
    550.510000 8.178800e-15 5.546300e+02 0.000000e+00
    559.450000 8.388600e-15 5.636400e+02 0.000000e+00
    569.850000 8.330800e-15 5.741200e+02 0.000000e+00
    580.450000 8.029500e-15 5.847900e+02 0.000000e+00
    589.880000 7.882900e-15 5.942900e+02 0.000000e+00
    599.460000 7.407800e-15 6.039500e+02 0.000000e+00
    610.610000 6.556700e-15 6.151800e+02 0.000000e+00
    620.530000 7.323000e-15 6.251700e+02 0.000000e+00
    630.610000 7.009500e-15 6.353300e+02 0.000000e+00
    639.380000 7.009500e-15 6.441700e+02 0.000000e+00
    649.770000 6.771500e-15 6.546400e+02 0.000000e+00
    657.300000 6.496600e-15 6.622200e+02 0.000000e+00
    664.910000 6.571800e-15 6.698800e+02 0.000000e+00
    675.710000 6.481700e-15 6.807700e+02 0.000000e+00
    685.110000 6.077000e-15 6.902400e+02 0.000000e+00
    694.640000 6.161500e-15 6.998400e+02 0.000000e+00
    704.310000 5.710700e-15 7.095800e+02 0.000000e+00
    715.750000 5.911400e-15 7.211100e+02 0.000000e+00
    725.710000 5.790100e-15 7.311400e+02 0.000000e+00
    735.800000 5.684400e-15 7.413100e+02 0.000000e+00
    744.320000 5.504100e-15 7.498900e+02 0.000000e+00
    754.680000 5.354100e-15 7.603300e+02 0.000000e+00
    765.180000 4.860600e-15 7.709000e+02 0.000000e+00
    775.820000 5.124900e-15 7.816300e+02 0.000000e+00
    784.800000 4.883000e-15 7.906800e+02 0.000000e+00
    795.720000 4.883000e-15 8.016800e+02 0.000000e+00
    804.940000 4.827100e-15 8.109600e+02 0.000000e+00
    814.260000 4.739000e-15 8.203500e+02 0.000000e+00
    825.580000 4.663200e-15 8.317600e+02 0.000000e+00
    835.140000 4.233400e-15 8.414000e+02 0.000000e+00
    844.810000 4.453400e-15 8.511400e+02 0.000000e+00
    854.600000 4.332000e-15 8.609900e+02 0.000000e+00
    864.490000 4.302200e-15 8.709600e+02 0.000000e+00
    874.500000 4.223600e-15 8.810500e+02 0.000000e+00
    884.630000 4.146600e-15 8.912500e+02 0.000000e+00
    894.870000 4.070900e-15 9.015700e+02 0.000000e+00
    905.240000 3.969100e-15 9.120100e+02 0.000000e+00
    915.720000 3.914600e-15 9.225700e+02 0.000000e+00
    924.190000 6.571800e-15 9.311100e+02 0.000000e+00
    934.890000 9.283000e-15 9.418900e+02 0.000000e+00
    945.720000 1.190400e-14 9.528000e+02 0.000000e+00
    954.470000 1.332600e-14 9.616100e+02 0.000000e+00
    965.520000 1.434500e-14 9.727500e+02 0.000000e+00
    974.450000 7.528100e-15 9.817500e+02 0.000000e+00
    985.740000 1.263800e-14 9.931200e+02 0.000000e+00
    994.860000 1.206900e-14 1.002310e+03 0.000000e+00
   1004.060000 1.385800e-14 1.011580e+03 0.000000e+00
   1015.690000 1.366700e-14 1.023290e+03 0.000000e+00
   1025.090000 8.804100e-15 1.032760e+03 0.000000e+00
   1034.570000 1.195900e-14 1.042320e+03 0.000000e+00
   1044.150000 1.526500e-14 1.051960e+03 0.000000e+00
   1053.810000 1.478000e-14 1.061700e+03 0.000000e+00
   1066.010000 1.305200e-14 1.073990e+03 0.000000e+00
   1075.870000 1.392200e-14 1.083930e+03 0.000000e+00
   1085.830000 1.182200e-14 1.093960e+03 0.000000e+00
   1095.880000 1.395400e-14 1.104080e+03 0.000000e+00
   1106.020000 1.329500e-14 1.114290e+03 0.000000e+00
   1116.250000 1.299200e-14 1.124610e+03 0.000000e+00
   1123.990000 1.184900e-14 1.132400e+03 0.000000e+00
   1134.390000 1.323400e-14 1.142880e+03 0.000000e+00
   1144.880000 1.252200e-14 1.153450e+03 0.000000e+00
   1155.480000 1.255100e-14 1.164130e+03 0.000000e+00
   1166.170000 1.246500e-14 1.174900e+03 0.000000e+00
   1174.250000 9.631400e-15 1.183040e+03 0.000000e+00
   1185.120000 1.187600e-14 1.193990e+03 0.000000e+00
   1196.080000 1.024900e-14 1.205040e+03 0.000000e+00
   1204.370000 8.844800e-15 1.213390e+03 0.000000e+00
   1215.520000 6.348700e-15 1.224620e+03 0.000000e+00
   1223.940000 9.720500e-15 1.233110e+03 0.000000e+00
   1235.270000 1.129000e-14 1.244510e+03 0.000000e+00
   1243.830000 1.157900e-14 1.253140e+03 0.000000e+00
   1255.340000 1.129000e-14 1.264740e+03 0.000000e+00
   1264.040000 1.070700e-14 1.273500e+03 0.000000e+00
   1275.740000 1.163300e-14 1.285290e+03 0.000000e+00
   1284.580000 1.168700e-14 1.294200e+03 0.000000e+00
   1296.470000 1.032000e-14 1.306170e+03 0.000000e+00
   1305.450000 1.027300e-14 1.315220e+03 0.000000e+00
   1314.500000 1.126400e-14 1.324340e+03 0.000000e+00
   1323.610000 1.083100e-14 1.333520e+03 0.000000e+00
   1335.860000 1.010900e-14 1.345860e+03 0.000000e+00
   1345.120000 1.083100e-14 1.355190e+03 0.000000e+00
   1354.450000 1.056100e-14 1.364580e+03 0.000000e+00
   1363.830000 9.878400e-15 1.374040e+03 0.000000e+00
   1376.450000 9.878400e-15 1.386760e+03 0.000000e+00
   1385.990000 9.833000e-15 1.396370e+03 0.000000e+00
   1395.600000 8.311600e-15 1.406050e+03 0.000000e+00
   1405.280000 8.216500e-15 1.415790e+03 0.000000e+00
   1415.020000 9.219100e-15 1.425610e+03 0.000000e+00
   1424.820000 9.009200e-15 1.435490e+03 0.000000e+00
   1434.700000 9.113500e-15 1.445440e+03 0.000000e+00
   1441.320000 9.240300e-15 1.452110e+03 0.000000e+00
   1447.980000 9.197900e-15 1.458810e+03 0.000000e+00
   1454.660000 8.967800e-15 1.465550e+03 0.000000e+00
   1464.740000 8.544500e-15 1.475710e+03 0.000000e+00
   1474.900000 8.485700e-15 1.485940e+03 0.000000e+00
   1485.120000 8.485700e-15 1.496240e+03 0.000000e+00
   1495.410000 8.388600e-15 1.506610e+03 0.000000e+00
   1505.780000 8.066500e-15 1.517050e+03 0.000000e+00
   1512.730000 7.510800e-15 1.524050e+03 0.000000e+00
   1516.220000 7.721200e-15 1.527570e+03 0.000000e+00
   1526.730000 7.632900e-15 1.538150e+03 0.000000e+00
   1533.770000 6.865700e-15 1.545250e+03 0.000000e+00
   1544.410000 6.663300e-15 1.555970e+03 0.000000e+00
   1555.110000 6.496600e-15 1.566750e+03 0.000000e+00
   1565.890000 6.818500e-15 1.577610e+03 0.000000e+00
   1576.740000 7.074400e-15 1.588550e+03 0.000000e+00
   1584.020000 7.156300e-15 1.595880e+03 0.000000e+00
   1595.000000 7.189300e-15 1.606940e+03 0.000000e+00
   1606.060000 6.961200e-15 1.618080e+03 0.000000e+00
   1613.470000 6.881600e-15 1.625550e+03 0.000000e+00
   1624.660000 6.694000e-15 1.636820e+03 0.000000e+00
   1635.920000 6.881600e-15 1.648160e+03 0.000000e+00
   1643.470000 6.834200e-15 1.655770e+03 0.000000e+00
   1654.860000 6.617400e-15 1.667250e+03 0.000000e+00
   1666.330000 6.849900e-15 1.678800e+03 0.000000e+00
   1670.170000 6.392700e-15 1.682670e+03 0.000000e+00
   1677.880000 6.945200e-15 1.690440e+03 0.000000e+00
   1685.630000 6.961200e-15 1.698240e+03 0.000000e+00
   1693.410000 6.663300e-15 1.706080e+03 0.000000e+00
   1705.140000 6.481700e-15 1.717910e+03 0.000000e+00
   1716.960000 6.261600e-15 1.729820e+03 0.000000e+00
   1724.890000 6.204200e-15 1.737800e+03 0.000000e+00
   1736.850000 6.481700e-15 1.749850e+03 0.000000e+00
   1744.860000 6.348700e-15 1.757920e+03 0.000000e+00
   1756.960000 6.587000e-15 1.770110e+03 0.000000e+00
   1765.070000 6.189900e-15 1.778280e+03 0.000000e+00
   1773.220000 6.232900e-15 1.786490e+03 0.000000e+00
   1785.510000 6.334100e-15 1.798870e+03 0.000000e+00
   1793.750000 6.647900e-15 1.807170e+03 0.000000e+00
   1806.180000 6.587000e-15 1.819700e+03 0.000000e+00
   1814.520000 6.204200e-15 1.828100e+03 0.000000e+00
   1827.100000 6.305000e-15 1.840770e+03 0.000000e+00
   1835.530000 6.161500e-15 1.849270e+03 0.000000e+00
   1844.000000 5.593500e-15 1.857800e+03 0.000000e+00
   1856.780000 5.816800e-15 1.870680e+03 0.000000e+00
   1865.350000 6.119100e-15 1.879320e+03 0.000000e+00
   1873.960000 6.290500e-15 1.887990e+03 0.000000e+00
   1886.950000 5.966100e-15 1.901080e+03 0.000000e+00
   1895.660000 6.007400e-15 1.909850e+03 0.000000e+00
   1904.410000 6.147300e-15 1.918670e+03 0.000000e+00
   1913.200000 6.077000e-15 1.927530e+03 0.000000e+00
   1926.470000 5.723800e-15 1.940890e+03 0.000000e+00
   1935.360000 5.341800e-15 1.949840e+03 0.000000e+00
   1944.290000 6.334100e-15 1.958840e+03 0.000000e+00
   1953.270000 6.119100e-15 1.967890e+03 0.000000e+00
   1966.810000 6.756000e-15 1.981530e+03 0.000000e+00
   1975.880000 6.587000e-15 1.990670e+03 0.000000e+00
   1985.000000 6.678600e-15 1.999860e+03 0.000000e+00
   1994.170000 6.678600e-15 2.009090e+03 0.000000e+00
   2004.018673 6.587000e-15 2.018370e+03 0.000000e+00
   2017.911125 6.663300e-15 2.032360e+03 0.000000e+00
   2027.222795 6.247200e-15 2.041740e+03 0.000000e+00
   2036.574494 6.802800e-15 2.051160e+03 0.000000e+00
   2045.976222 7.255800e-15 2.060630e+03 0.000000e+00
   2055.417976 6.771500e-15 2.070140e+03 0.000000e+00
   2064.909758 6.740400e-15 2.079700e+03 0.000000e+00
   2074.431564 7.528100e-15 2.089300e+03 0.000000e+00
   2079.222479 9.878400e-15 2.094110e+03 0.000000e+00
   2084.013399 1.113500e-14 2.098940e+03 0.000000e+00
   2093.625256 1.036800e-14 2.108630e+03 0.000000e+00
   2103.287139 1.003900e-14 2.118360e+03 0.000000e+00
   2117.870010 1.103300e-14 2.133040e+03 0.000000e+00
   2127.641953 1.003900e-14 2.142890e+03 0.000000e+00
   2137.463921 9.565000e-15 2.152780e+03 0.000000e+00
   2147.325911 1.136800e-14 2.162720e+03 0.000000e+00
   2157.237924 1.134200e-14 2.172700e+03 0.000000e+00
   2167.189959 1.010900e-14 2.182730e+03 0.000000e+00
   2177.192018 1.022600e-14 2.192810e+03 0.000000e+00
   2187.244099 1.209700e-14 2.202930e+03 0.000000e+00
   2197.336201 1.223700e-14 2.213090e+03 0.000000e+00
   2207.478325 1.182200e-14 2.223310e+03 0.000000e+00
   2217.670472 9.742900e-15 2.233570e+03 0.000000e+00
   2227.902639 1.090700e-14 2.243880e+03 0.000000e+00
   2238.184827 1.366700e-14 2.254240e+03 0.000000e+00
   2243.345929 1.302200e-14 2.259440e+03 0.000000e+00
   2253.698149 1.036800e-14 2.269860e+03 0.000000e+00
   2264.100390 9.833000e-15 2.280340e+03 0.000000e+00
   2274.552651 1.051200e-14 2.290870e+03 0.000000e+00
   2285.044932 1.335700e-14 2.301440e+03 0.000000e+00
   2295.597236 1.134400e-14 2.312070e+03 0.000000e+00
   2306.189558 1.339200e-14 2.322740e+03 0.000000e+00
   2316.831900 1.174700e-14 2.333460e+03 0.000000e+00
   2327.524263 9.660900e-15 2.344230e+03 0.000000e+00
   2338.266645 8.853100e-15 2.355050e+03 0.000000e+00
   2343.657845 6.609000e-15 2.360480e+03 0.000000e+00
   2354.480259 1.104600e-14 2.371370e+03 0.000000e+00
   2365.342690 7.068100e-15 2.382320e+03 0.000000e+00
   2376.255141 8.798000e-15 2.393320e+03 0.000000e+00
   2387.227614 5.787200e-15 2.404360e+03 0.000000e+00
   2398.240104 6.927000e-15 2.415460e+03 0.000000e+00
   2403.771358 6.895900e-15 2.421030e+03 0.000000e+00
   2414.863878 7.937300e-15 2.432200e+03 0.000000e+00
   2426.016420 1.269900e-14 2.443430e+03 0.000000e+00
   2437.208978 1.261400e-14 2.454710e+03 0.000000e+00
   2448.461558 1.482300e-14 2.466040e+03 0.000000e+00
   2454.102854 1.552300e-14 2.471720e+03 0.000000e+00
   2465.425461 1.371000e-14 2.483130e+03 0.000000e+00
   2476.808089 1.202600e-14 2.494600e+03 0.000000e+00
   2488.240736 7.856400e-15 2.506110e+03 0.000000e+00
   2493.982067 9.252600e-15 2.511890e+03 0.000000e+00
   2505.484741 1.387900e-14 2.523480e+03 0.000000e+00
   2511.266087 6.720400e-15 2.529300e+03 0.000000e+00
   2517.047435 5.425500e-15 2.535130e+03 0.000000e+00
   2522.848789 6.004600e-15 2.540970e+03 0.000000e+00
   2534.501514 9.387900e-15 2.552700e+03 0.000000e+00
   2546.194255 9.900500e-15 2.564480e+03 0.000000e+00
   2557.947017 1.685600e-14 2.576320e+03 0.000000e+00
   2563.848406 1.278800e-14 2.582260e+03 0.000000e+00
   2575.681196 1.606500e-14 2.594180e+03 0.000000e+00
   2587.564003 1.425500e-14 2.606150e+03 0.000000e+00
   2593.525414 1.282400e-14 2.612160e+03 0.000000e+00
   2605.498253 1.104300e-14 2.624220e+03 0.000000e+00
   2617.521109 9.958400e-15 2.636330e+03 0.000000e+00
   2623.562546 1.349700e-14 2.642410e+03 0.000000e+00
   2635.665430 2.287300e-14 2.654610e+03 0.000000e+00
   2647.838337 3.086100e-14 2.666860e+03 0.000000e+00
   2653.939796 4.221400e-14 2.673010e+03 0.000000e+00
   2666.182728 2.783300e-14 2.685340e+03 0.000000e+00
   2678.495682 3.130700e-14 2.697740e+03 0.000000e+00
   2684.667164 3.619800e-14 2.703960e+03 0.000000e+00
   2697.060146 2.622900e-14 2.716440e+03 0.000000e+00
   2703.271642 3.227200e-14 2.722700e+03 0.000000e+00
   2715.754654 2.322300e-14 2.735270e+03 0.000000e+00
   2728.287682 1.870800e-14 2.747890e+03 0.000000e+00
   2734.579205 2.371700e-14 2.754230e+03 0.000000e+00
   2747.192260 1.343200e-14 2.766940e+03 0.000000e+00
   2753.533799 1.854400e-14 2.773320e+03 0.000000e+00
   2766.236884 2.439500e-14 2.786120e+03 0.000000e+00
   2779.009991 2.602500e-14 2.798980e+03 0.000000e+00
   2785.411551 1.529100e-14 2.805430e+03 0.000000e+00
   2798.264685 6.847600e-15 2.818380e+03 0.000000e+00
   2804.716260 8.233500e-15 2.824880e+03 0.000000e+00
   2817.669426 2.273400e-14 2.837920e+03 0.000000e+00
   2824.161014 3.316900e-14 2.844460e+03 0.000000e+00
   2837.194207 3.089100e-14 2.857590e+03 0.000000e+00
   2843.735811 2.207400e-14 2.864180e+03 0.000000e+00
   2856.859033 1.244400e-14 2.877400e+03 0.000000e+00
   2863.450653 3.048100e-14 2.884030e+03 0.000000e+00
   2876.663903 4.131600e-14 2.897340e+03 0.000000e+00
   2883.295536 3.768500e-14 2.904020e+03 0.000000e+00
   2896.598816 4.594800e-14 2.917430e+03 0.000000e+00
   2909.972117 6.199700e-14 2.930890e+03 0.000000e+00
   2930.137103 5.426500e-14 2.951210e+03 0.000000e+00
   2950.452136 5.008100e-14 2.971670e+03 0.000000e+00
   2970.897211 5.197800e-14 2.992270e+03 0.000000e+00
   2991.492332 5.296300e-14 3.013010e+03 0.000000e+00
   3012.227498 5.298200e-14 3.033890e+03 0.000000e+00
   3033.102707 5.666100e-14 3.054920e+03 0.000000e+00
   3054.127963 5.976400e-14 3.076100e+03 0.000000e+00
   3068.231494 6.434900e-14 3.090300e+03 0.000000e+00
   3089.496824 6.247400e-14 3.111720e+03 0.000000e+00
   3110.912201 7.225400e-14 3.133290e+03 0.000000e+00
   3132.477623 6.653000e-14 3.155010e+03 0.000000e+00
   3154.183089 6.609700e-14 3.176870e+03 0.000000e+00
   3168.746762 7.333100e-14 3.191540e+03 0.000000e+00
   3190.702304 6.418800e-14 3.213660e+03 0.000000e+00
   3212.827898 7.122200e-14 3.235940e+03 0.000000e+00
   3227.651650 6.077500e-14 3.250870e+03 0.000000e+00
   3250.027320 8.489600e-14 3.273410e+03 0.000000e+00
   3272.553036 9.909600e-14 3.296100e+03 0.000000e+00
   3287.656872 9.731200e-14 3.311310e+03 0.000000e+00
   3310.442666 9.085200e-14 3.334260e+03 0.000000e+00
   3325.726557 8.364700e-14 3.349660e+03 0.000000e+00
   3333.388508 8.841100e-14 3.357380e+03 0.000000e+00
   3341.070466 7.935300e-14 3.365120e+03 0.000000e+00
   3348.782432 9.519600e-14 3.372870e+03 0.000000e+00
   3356.494399 9.218800e-14 3.380650e+03 0.000000e+00
   3364.236374 6.049700e-14 3.388440e+03 0.000000e+00
   3371.988352 7.341600e-14 3.396250e+03 0.000000e+00
   3379.760337 8.888900e-14 3.404080e+03 0.000000e+00
   3387.552327 8.667700e-14 3.411930e+03 0.000000e+00
   3395.364323 9.014900e-14 3.419790e+03 0.000000e+00
   3403.186323 1.094000e-13 3.427680e+03 0.000000e+00
   3411.038331 8.873100e-14 3.435580e+03 0.000000e+00
   3418.900342 7.964100e-14 3.443500e+03 0.000000e+00
   3426.782359 9.799300e-14 3.451440e+03 0.000000e+00
   3434.674380 1.112400e-13 3.459390e+03 0.000000e+00
   3442.596409 9.126600e-14 3.467370e+03 0.000000e+00
   3450.528441 8.248400e-14 3.475360e+03 0.000000e+00
   3458.480479 9.625600e-14 3.483370e+03 0.000000e+00
   3466.452523 8.481800e-14 3.491400e+03 0.000000e+00
   3474.444573 1.050900e-13 3.499450e+03 0.000000e+00
   3482.456629 8.701700e-14 3.507520e+03 0.000000e+00
   3490.488690 9.969300e-14 3.515600e+03 0.000000e+00
   3498.530755 8.886300e-14 3.523710e+03 0.000000e+00
   3506.592826 1.095900e-13 3.531830e+03 0.000000e+00
   3514.674903 9.634800e-14 3.539970e+03 0.000000e+00
   3522.776985 1.124300e-13 3.548130e+03 0.000000e+00
   3530.899073 7.637700e-14 3.556310e+03 0.000000e+00
   3539.041168 1.064200e-13 3.564510e+03 0.000000e+00
   3547.203268 1.122200e-13 3.572730e+03 0.000000e+00
   3555.375371 1.112100e-13 3.580960e+03 0.000000e+00
   3563.567480 1.016700e-13 3.589220e+03 0.000000e+00
   3571.789598 8.095800e-14 3.597490e+03 0.000000e+00
   3580.021719 9.064000e-14 3.605790e+03 0.000000e+00
   3588.273846 6.876700e-14 3.614100e+03 0.000000e+00
   3596.545978 9.941300e-14 3.622430e+03 0.000000e+00
   3604.838117 1.206400e-13 3.630780e+03 0.000000e+00
   3613.140259 8.561800e-14 3.639150e+03 0.000000e+00
   3621.472409 9.719100e-14 3.647540e+03 0.000000e+00
   3629.824565 1.232200e-13 3.655950e+03 0.000000e+00
   3638.186724 9.241600e-14 3.664370e+03 0.000000e+00
   3646.578892 1.196200e-13 3.672820e+03 0.000000e+00
   3654.981063 1.046800e-13 3.681290e+03 0.000000e+00
   3663.403240 1.415600e-13 3.689780e+03 0.000000e+00
   3671.855425 1.276400e-13 3.698280e+03 0.000000e+00
   3680.317613 1.267800e-13 3.706810e+03 0.000000e+00
   3688.799808 1.194300e-13 3.715350e+03 0.000000e+00
   3697.302008 1.346400e-13 3.723920e+03 0.000000e+00
   3705.824214 1.400400e-13 3.732500e+03 0.000000e+00
   3714.366426 1.072300e-13 3.741110e+03 0.000000e+00
   3722.928643 1.115200e-13 3.749730e+03 0.000000e+00
   3731.510867 1.118000e-13 3.758370e+03 0.000000e+00
   3740.113096 6.187200e-14 3.767040e+03 0.000000e+00
   3748.735331 9.110900e-14 3.775720e+03 0.000000e+00
   3757.377572 1.055900e-13 3.784430e+03 0.000000e+00
   3766.039819 1.029600e-13 3.793150e+03 0.000000e+00
   3774.722072 1.070900e-13 3.801890e+03 0.000000e+00
   3783.424330 1.302600e-13 3.810660e+03 0.000000e+00
   3792.146594 1.103800e-13 3.819440e+03 0.000000e+00
   3800.888864 9.352800e-14 3.828250e+03 0.000000e+00
   3809.651140 1.264800e-13 3.837070e+03 0.000000e+00
   3818.433422 1.106800e-13 3.845920e+03 0.000000e+00
   3827.225707 9.081000e-14 3.854780e+03 0.000000e+00
   3836.048000 7.659500e-14 3.863670e+03 0.000000e+00
   3844.900302 7.215500e-14 3.872580e+03 0.000000e+00
   3853.762607 1.074800e-13 3.881500e+03 0.000000e+00
   3862.644918 9.107400e-14 3.890450e+03 0.000000e+00
   3871.547235 1.105200e-13 3.899420e+03 0.000000e+00
   3880.469557 1.144300e-13 3.908410e+03 0.000000e+00
   3884.070494 9.176400e-14 3.912040e+03 1.000000e+00
   3887.081278 1.132700e-13 3.915060e+03 1.000000e+00
   3890.082060 1.261200e-13 3.918080e+03 1.000000e+00
   3893.082841 4.111500e-14 3.921110e+03 1.000000e+00
   3896.083623 5.717300e-14 3.924130e+03 1.000000e+00
   3899.084404 5.993500e-14 3.927150e+03 1.000000e+00
   3902.085186 6.648300e-14 3.930180e+03 1.000000e+00
   3905.085968 1.199800e-13 3.933200e+03 1.000000e+00
   3908.086749 1.022600e-13 3.936220e+03 1.000000e+00
   3911.087531 8.343300e-14 3.939250e+03 1.000000e+00
   3914.088313 6.238400e-14 3.942270e+03 1.000000e+00
   3917.089095 1.223700e-13 3.945290e+03 1.000000e+00
   3920.089877 1.225400e-13 3.948320e+03 1.000000e+00
   3923.090659 1.101700e-13 3.951340e+03 1.000000e+00
   3926.101444 7.004100e-14 3.954360e+03 1.000000e+00
   3929.102226 8.610300e-14 3.957390e+03 1.000000e+00
   3932.103008 9.128900e-14 3.960410e+03 1.000000e+00
   3935.103791 6.054700e-14 3.963430e+03 1.000000e+00
   3938.104573 3.799600e-14 3.966460e+03 1.000000e+00
   3941.105356 7.327000e-14 3.969480e+03 1.000000e+00
   3944.106138 1.274000e-13 3.972500e+03 1.000000e+00
   3947.106921 1.160600e-13 3.975530e+03 1.000000e+00
   3950.107703 1.495900e-13 3.978550e+03 1.000000e+00
   3953.108486 1.388500e-13 3.981570e+03 1.000000e+00
   3956.109269 1.367500e-13 3.984600e+03 1.000000e+00
   3959.110052 1.578200e-13 3.987620e+03 1.000000e+00
   3962.120837 1.374400e-13 3.990640e+03 1.000000e+00
   3965.121620 1.698500e-13 3.993670e+03 1.000000e+00
   3968.122403 1.661500e-13 3.996690e+03 1.000000e+00
   3971.123187 1.984100e-13 3.999710e+03 1.000000e+00
   3974.123970 1.648800e-13 4.002740e+03 1.000000e+00
   3977.124753 1.514400e-13 4.005760e+03 1.000000e+00
   3980.125536 1.692100e-13 4.008780e+03 1.000000e+00
   3983.126320 1.736500e-13 4.011810e+03 1.000000e+00
   3986.127103 1.900600e-13 4.014830e+03 1.000000e+00
   3989.127887 1.769500e-13 4.017850e+03 1.000000e+00
   3992.128670 1.834700e-13 4.020880e+03 1.000000e+00
   3995.129454 1.701400e-13 4.023900e+03 1.000000e+00
   3998.130237 1.934600e-13 4.026920e+03 1.000000e+00
   4001.141024 1.732300e-13 4.029950e+03 1.000000e+00
   4004.141808 1.668700e-13 4.032970e+03 1.000000e+00
   4007.142591 1.643500e-13 4.035990e+03 1.000000e+00
   4010.143375 1.385100e-13 4.039010e+03 1.000000e+00
   4013.144159 1.467200e-13 4.042040e+03 1.000000e+00
   4016.144943 1.886000e-13 4.045060e+03 1.000000e+00
   4019.145727 1.714800e-13 4.048080e+03 1.000000e+00
   4022.146512 1.818400e-13 4.051110e+03 1.000000e+00
   4025.147296 1.596800e-13 4.054130e+03 1.000000e+00
   4028.148080 1.467700e-13 4.057150e+03 1.000000e+00
   4031.148864 1.753000e-13 4.060180e+03 1.000000e+00
   4034.149649 1.747600e-13 4.063200e+03 1.000000e+00
   4037.150433 1.743500e-13 4.066220e+03 1.000000e+00
   4040.161220 1.763300e-13 4.069250e+03 1.000000e+00
   4043.162005 1.749100e-13 4.072270e+03 1.000000e+00
   4046.162789 1.630300e-13 4.075290e+03 1.000000e+00
   4049.163574 1.735800e-13 4.078320e+03 1.000000e+00
   4052.164359 1.776400e-13 4.081340e+03 1.000000e+00
   4055.165144 1.832600e-13 4.084360e+03 1.000000e+00
   4058.165929 1.742800e-13 4.087390e+03 1.000000e+00
   4061.166713 1.937700e-13 4.090410e+03 1.000000e+00
   4064.167498 1.783600e-13 4.093430e+03 1.000000e+00
   4067.168283 1.586800e-13 4.096460e+03 1.000000e+00
   4070.169069 1.491900e-13 4.099480e+03 1.000000e+00
   4073.169854 1.663200e-13 4.102500e+03 1.000000e+00
   4076.170639 1.614900e-13 4.105530e+03 1.000000e+00
   4079.181427 1.552900e-13 4.108550e+03 1.000000e+00
   4082.182212 2.001900e-13 4.111570e+03 1.000000e+00
   4085.182997 1.750500e-13 4.114600e+03 1.000000e+00
   4088.183783 1.520300e-13 4.117620e+03 1.000000e+00
   4091.184568 1.657800e-13 4.120640e+03 1.000000e+00
   4094.185354 1.755800e-13 4.123670e+03 1.000000e+00
   4097.186139 1.499200e-13 4.126690e+03 1.000000e+00
   4100.186925 1.667100e-13 4.129710e+03 1.000000e+00
   4103.187711 1.509100e-13 4.132740e+03 1.000000e+00
   4106.188497 1.777700e-13 4.135760e+03 1.000000e+00
   4109.189282 1.735700e-13 4.138780e+03 1.000000e+00
   4112.190068 1.622100e-13 4.141810e+03 1.000000e+00
   4115.200857 1.482700e-13 4.144830e+03 1.000000e+00
   4118.201643 1.561800e-13 4.147850e+03 1.000000e+00
   4121.202429 1.858500e-13 4.150880e+03 1.000000e+00
   4124.203215 1.681300e-13 4.153900e+03 1.000000e+00
   4127.204001 1.599400e-13 4.156920e+03 1.000000e+00
   4130.204787 1.650300e-13 4.159940e+03 1.000000e+00
   4133.205573 1.737600e-13 4.162970e+03 1.000000e+00
   4136.206360 1.764800e-13 4.165990e+03 1.000000e+00
   4139.207146 1.493600e-13 4.169010e+03 1.000000e+00
   4142.207932 1.601500e-13 4.172040e+03 1.000000e+00
   4145.208719 1.784800e-13 4.175060e+03 1.000000e+00
   4148.209505 1.758300e-13 4.178080e+03 1.000000e+00
   4151.210292 1.640900e-13 4.181110e+03 1.000000e+00
   4154.221081 1.659700e-13 4.184130e+03 1.000000e+00
   4157.221868 1.802900e-13 4.187150e+03 1.000000e+00
   4160.222655 1.715600e-13 4.190180e+03 1.000000e+00
   4163.223441 1.660000e-13 4.193200e+03 1.000000e+00
   4166.224228 1.609700e-13 4.196220e+03 1.000000e+00
   4169.225015 1.758200e-13 4.199250e+03 1.000000e+00
   4172.225802 1.698300e-13 4.202270e+03 1.000000e+00
   4175.226589 1.793700e-13 4.205290e+03 1.000000e+00
   4178.227376 2.001200e-13 4.208320e+03 1.000000e+00
   4181.228163 1.875500e-13 4.211340e+03 1.000000e+00
   4184.228950 1.849100e-13 4.214360e+03 1.000000e+00
   4187.229737 1.830400e-13 4.217390e+03 1.000000e+00
   4190.240527 1.593800e-13 4.220410e+03 1.000000e+00
   4193.241315 1.663400e-13 4.223430e+03 1.000000e+00
   4196.242102 1.522300e-13 4.226460e+03 1.000000e+00
   4199.242889 1.887000e-13 4.229480e+03 1.000000e+00
   4202.243677 1.782200e-13 4.232500e+03 1.000000e+00
   4205.244464 1.971300e-13 4.235530e+03 1.000000e+00
   4208.245252 1.917100e-13 4.238550e+03 1.000000e+00
   4211.246039 1.961300e-13 4.241570e+03 1.000000e+00
   4214.246827 2.020500e-13 4.244600e+03 1.000000e+00
   4217.247615 1.915000e-13 4.247620e+03 1.000000e+00
   4220.248402 1.745200e-13 4.250640e+03 1.000000e+00
   4223.249190 1.830600e-13 4.253670e+03 1.000000e+00
   4226.249978 1.821900e-13 4.256690e+03 1.000000e+00
   4229.260769 1.904300e-13 4.259710e+03 1.000000e+00
   4232.261557 2.065300e-13 4.262740e+03 1.000000e+00
   4235.262345 1.748400e-13 4.265760e+03 1.000000e+00
   4238.263133 1.646800e-13 4.268780e+03 1.000000e+00
   4241.263921 1.658900e-13 4.271810e+03 1.000000e+00
   4244.264709 1.840800e-13 4.274830e+03 1.000000e+00
   4247.265497 1.917500e-13 4.277850e+03 1.000000e+00
   4250.266285 2.000700e-13 4.280880e+03 1.000000e+00
   4253.267074 1.839700e-13 4.283900e+03 1.000000e+00
   4256.267862 1.643400e-13 4.286920e+03 1.000000e+00
   4259.268650 1.868700e-13 4.289940e+03 1.000000e+00
   4262.269439 2.453600e-13 4.292970e+03 1.000000e+00
   4265.270227 1.935100e-13 4.295990e+03 1.000000e+00
   4268.281018 1.325700e-13 4.299010e+03 1.000000e+00
   4271.281807 1.312400e-13 4.302040e+03 1.000000e+00
   4274.282596 1.358800e-13 4.305060e+03 1.000000e+00
   4277.283384 1.267600e-13 4.308080e+03 1.000000e+00
   4280.284173 1.667800e-13 4.311110e+03 1.000000e+00
   4283.284962 2.043600e-13 4.314130e+03 1.000000e+00
   4286.285750 2.093300e-13 4.317150e+03 1.000000e+00
   4289.286539 1.909900e-13 4.320180e+03 1.000000e+00
   4292.287328 2.009400e-13 4.323200e+03 1.000000e+00
   4295.288117 2.107200e-13 4.326220e+03 1.000000e+00
   4298.288906 2.150300e-13 4.329250e+03 1.000000e+00
   4301.289695 2.150600e-13 4.332270e+03 1.000000e+00
   4304.290484 1.963700e-13 4.335290e+03 1.000000e+00
   4307.301276 1.943500e-13 4.338320e+03 1.000000e+00
   4310.302065 2.056800e-13 4.341340e+03 1.000000e+00
   4313.302855 2.086600e-13 4.344360e+03 1.000000e+00
   4316.303644 2.098800e-13 4.347390e+03 1.000000e+00
   4319.304433 1.993900e-13 4.350410e+03 1.000000e+00
   4322.305222 2.139800e-13 4.353430e+03 1.000000e+00
   4325.306012 2.106800e-13 4.356460e+03 1.000000e+00
   4328.306801 2.182800e-13 4.359480e+03 1.000000e+00
   4331.307591 2.283300e-13 4.362500e+03 1.000000e+00
   4334.308380 2.266400e-13 4.365530e+03 1.000000e+00
   4337.309170 2.165900e-13 4.368550e+03 1.000000e+00
   4340.309960 2.098800e-13 4.371570e+03 1.000000e+00
   4343.320752 2.113500e-13 4.374600e+03 1.000000e+00
   4346.321542 2.020900e-13 4.377620e+03 1.000000e+00
   4349.322331 1.948000e-13 4.380640e+03 1.000000e+00
   4352.323121 1.920800e-13 4.383670e+03 1.000000e+00
   4355.323911 1.776700e-13 4.386690e+03 1.000000e+00
   4358.324701 2.099100e-13 4.389710e+03 1.000000e+00
   4361.325491 2.075900e-13 4.392740e+03 1.000000e+00
   4364.326281 2.063300e-13 4.395760e+03 1.000000e+00
   4367.327071 2.146700e-13 4.398780e+03 1.000000e+00
   4370.327861 2.032900e-13 4.401810e+03 1.000000e+00
   4373.328651 2.017700e-13 4.404830e+03 1.000000e+00
   4376.329441 2.045100e-13 4.407850e+03 1.000000e+00
   4379.330232 2.115900e-13 4.410870e+03 1.000000e+00
   4382.341025 2.404700e-13 4.413900e+03 1.000000e+00
   4385.341815 2.214600e-13 4.416920e+03 1.000000e+00
   4388.342605 2.208300e-13 4.419940e+03 1.000000e+00
   4391.343396 2.373400e-13 4.422970e+03 1.000000e+00
   4394.344186 2.350700e-13 4.425990e+03 1.000000e+00
   4397.344976 2.431300e-13 4.429010e+03 1.000000e+00
   4400.345767 2.426800e-13 4.432040e+03 1.000000e+00
   4403.346558 2.538100e-13 4.435060e+03 1.000000e+00
   4406.347348 2.275700e-13 4.438080e+03 1.000000e+00
   4409.348139 2.439700e-13 4.441110e+03 1.000000e+00
   4412.348930 2.518600e-13 4.444130e+03 1.000000e+00
   4415.349720 2.526900e-13 4.447150e+03 1.000000e+00
   4418.350511 2.470200e-13 4.450180e+03 1.000000e+00
   4421.361304 2.352200e-13 4.453200e+03 1.000000e+00
   4424.362095 2.260800e-13 4.456220e+03 1.000000e+00
   4427.362886 2.206400e-13 4.459250e+03 1.000000e+00
   4430.363677 2.346700e-13 4.462270e+03 1.000000e+00
   4433.364468 2.433600e-13 4.465290e+03 1.000000e+00
   4436.365259 2.467500e-13 4.468320e+03 1.000000e+00
   4439.366050 2.609300e-13 4.471340e+03 1.000000e+00
   4442.366841 2.574300e-13 4.474360e+03 1.000000e+00
   4445.367633 2.781600e-13 4.477390e+03 1.000000e+00
   4448.368424 2.550800e-13 4.480410e+03 1.000000e+00
   4451.369215 2.611600e-13 4.483430e+03 1.000000e+00
   4454.370006 2.517300e-13 4.486460e+03 1.000000e+00
   4457.370798 2.527200e-13 4.489480e+03 1.000000e+00
   4460.381592 2.615500e-13 4.492500e+03 1.000000e+00
   4463.382383 3.012700e-13 4.495530e+03 1.000000e+00
   4466.383174 2.756500e-13 4.498550e+03 1.000000e+00
   4469.383966 2.812000e-13 4.501570e+03 1.000000e+00
   4472.384757 2.840700e-13 4.504600e+03 1.000000e+00
   4475.385549 2.918500e-13 4.507620e+03 1.000000e+00
   4478.386341 2.778900e-13 4.510640e+03 1.000000e+00
   4481.387132 2.602100e-13 4.513670e+03 1.000000e+00
   4484.387924 2.676000e-13 4.516690e+03 1.000000e+00
   4487.388716 2.640300e-13 4.519710e+03 1.000000e+00
   4490.389507 2.499700e-13 4.522730e+03 1.000000e+00
   4493.390299 2.364300e-13 4.525760e+03 1.000000e+00
   4496.401094 2.392000e-13 4.528780e+03 1.000000e+00
   4499.401885 2.397800e-13 4.531800e+03 1.000000e+00
   4502.402677 2.412100e-13 4.534830e+03 1.000000e+00
   4505.403469 2.586200e-13 4.537850e+03 1.000000e+00
   4508.404261 2.471000e-13 4.540870e+03 1.000000e+00
   4511.405053 2.563200e-13 4.543900e+03 1.000000e+00
   4514.405845 2.579600e-13 4.546920e+03 1.000000e+00
   4517.406638 2.562000e-13 4.549940e+03 1.000000e+00
   4520.407430 2.531800e-13 4.552970e+03 1.000000e+00
   4523.408222 2.626700e-13 4.555990e+03 1.000000e+00
   4526.409014 2.640600e-13 4.559010e+03 1.000000e+00
   4529.409806 2.764500e-13 4.562040e+03 1.000000e+00
   4532.410599 2.799200e-13 4.565060e+03 1.000000e+00
   4535.421394 2.780600e-13 4.568080e+03 1.000000e+00
   4538.422186 2.891200e-13 4.571110e+03 1.000000e+00
   4541.422979 2.760600e-13 4.574130e+03 1.000000e+00
   4544.423771 2.727600e-13 4.577150e+03 1.000000e+00
   4547.424563 2.574700e-13 4.580180e+03 1.000000e+00
   4550.425356 2.674100e-13 4.583200e+03 1.000000e+00
   4553.426149 2.749900e-13 4.586220e+03 1.000000e+00
   4556.426941 2.714000e-13 4.589250e+03 1.000000e+00
   4559.427734 2.721000e-13 4.592270e+03 1.000000e+00
   4562.428527 2.595200e-13 4.595290e+03 1.000000e+00
   4565.429319 2.707900e-13 4.598320e+03 1.000000e+00
   4568.430112 2.753500e-13 4.601340e+03 1.000000e+00
   4571.440908 2.793600e-13 4.604360e+03 1.000000e+00
   4574.441700 2.883500e-13 4.607390e+03 1.000000e+00
   4577.442493 2.837300e-13 4.610410e+03 1.000000e+00
   4580.443286 2.850700e-13 4.613430e+03 1.000000e+00
   4583.444079 2.854100e-13 4.616460e+03 1.000000e+00
   4586.444872 2.928100e-13 4.619480e+03 1.000000e+00
   4589.445665 3.003800e-13 4.622500e+03 1.000000e+00
   4592.446458 2.826800e-13 4.625530e+03 1.000000e+00
   4595.447251 2.950000e-13 4.628550e+03 1.000000e+00
   4598.448044 2.878800e-13 4.631570e+03 1.000000e+00
   4601.448838 2.704000e-13 4.634600e+03 1.000000e+00
   4604.449631 2.818400e-13 4.637620e+03 1.000000e+00
   4607.450424 2.632100e-13 4.640640e+03 1.000000e+00
   4610.461220 2.604600e-13 4.643670e+03 1.000000e+00
   4613.462013 2.609600e-13 4.646690e+03 1.000000e+00
   4616.462807 2.568000e-13 4.649710e+03 1.000000e+00
   4619.463600 2.630200e-13 4.652730e+03 1.000000e+00
   4622.464393 2.769200e-13 4.655760e+03 1.000000e+00
   4625.465187 2.721700e-13 4.658780e+03 1.000000e+00
   4628.465980 2.744600e-13 4.661800e+03 1.000000e+00
   4631.466774 2.751400e-13 4.664830e+03 1.000000e+00
   4634.467568 2.452300e-13 4.667850e+03 1.000000e+00
   4637.468361 2.636900e-13 4.670870e+03 1.000000e+00
   4640.469155 2.748000e-13 4.673900e+03 1.000000e+00
   4643.469948 2.621500e-13 4.676920e+03 1.000000e+00
   4646.470742 2.605200e-13 4.679940e+03 1.000000e+00
   4649.481539 2.656600e-13 4.682970e+03 1.000000e+00
   4652.482332 2.622600e-13 4.685990e+03 1.000000e+00
   4655.483126 2.611200e-13 4.689010e+03 1.000000e+00
   4658.483920 2.540500e-13 4.692040e+03 1.000000e+00
   4661.484714 2.619300e-13 4.695060e+03 1.000000e+00
   4664.485508 2.650800e-13 4.698080e+03 1.000000e+00
   4667.486302 2.516700e-13 4.701110e+03 1.000000e+00
   4670.487096 2.516300e-13 4.704130e+03 1.000000e+00
   4673.487890 2.573900e-13 4.707150e+03 1.000000e+00
   4676.488684 3.173100e-13 4.710180e+03 1.000000e+00
   4679.489478 3.074300e-13 4.713200e+03 1.000000e+00
   4682.490272 2.681500e-13 4.716220e+03 1.000000e+00
   4685.491066 2.905500e-13 4.719250e+03 1.000000e+00
   4688.501863 2.942600e-13 4.722270e+03 1.000000e+00
   4691.502657 2.734800e-13 4.725290e+03 1.000000e+00
   4694.503452 2.652100e-13 4.728320e+03 1.000000e+00
   4697.504246 2.623100e-13 4.731340e+03 1.000000e+00
   4700.505040 2.678400e-13 4.734360e+03 1.000000e+00
   4703.505835 2.730700e-13 4.737390e+03 1.000000e+00
   4706.506629 2.886600e-13 4.740410e+03 1.000000e+00
   4709.507423 2.906300e-13 4.743430e+03 1.000000e+00
   4712.508218 2.891400e-13 4.746460e+03 1.000000e+00
   4715.509012 2.986700e-13 4.749480e+03 1.000000e+00
   4718.509807 2.824800e-13 4.752500e+03 1.000000e+00
   4721.510602 2.801500e-13 4.755530e+03 1.000000e+00
   4724.521399 2.774300e-13 4.758550e+03 1.000000e+00
   4727.522193 2.728300e-13 4.761570e+03 1.000000e+00
   4730.522988 2.730300e-13 4.764600e+03 1.000000e+00
   4733.523783 2.711900e-13 4.767620e+03 1.000000e+00
   4736.524578 2.809300e-13 4.770640e+03 1.000000e+00
   4739.525372 2.918100e-13 4.773660e+03 1.000000e+00
   4742.526167 2.907900e-13 4.776690e+03 1.000000e+00
   4745.526962 2.845300e-13 4.779710e+03 1.000000e+00
   4748.527757 2.839200e-13 4.782730e+03 1.000000e+00
   4751.528552 2.784700e-13 4.785760e+03 1.000000e+00
   4754.529347 2.815500e-13 4.788780e+03 1.000000e+00
   4757.530142 2.815000e-13 4.791800e+03 1.000000e+00
   4760.530937 2.951400e-13 4.794830e+03 1.000000e+00
   4763.541734 2.928800e-13 4.797850e+03 1.000000e+00
   4766.542529 2.908400e-13 4.800870e+03 1.000000e+00
   4769.543324 2.891300e-13 4.803900e+03 1.000000e+00
   4772.544120 2.969200e-13 4.806920e+03 1.000000e+00
   4775.544915 2.967700e-13 4.809940e+03 1.000000e+00
   4778.545710 2.866000e-13 4.812970e+03 1.000000e+00
   4781.546505 2.961100e-13 4.815990e+03 1.000000e+00
   4784.547300 2.885700e-13 4.819010e+03 1.000000e+00
   4787.548096 3.020200e-13 4.822040e+03 1.000000e+00
   4790.548891 2.904600e-13 4.825060e+03 1.000000e+00
   4793.549686 2.810800e-13 4.828080e+03 1.000000e+00
   4796.550482 2.843700e-13 4.831110e+03 1.000000e+00
   4799.561280 2.782600e-13 4.834130e+03 1.000000e+00
   4802.562075 2.829900e-13 4.837150e+03 1.000000e+00
   4805.562871 2.822800e-13 4.840180e+03 1.000000e+00
   4808.563666 2.877900e-13 4.843200e+03 1.000000e+00
   4811.564462 3.172900e-13 4.846220e+03 1.000000e+00
   4814.565257 2.815600e-13 4.849250e+03 1.000000e+00
   4817.566053 2.774800e-13 4.852270e+03 1.000000e+00
   4820.566849 2.636100e-13 4.855290e+03 1.000000e+00
   4823.567644 2.501100e-13 4.858320e+03 1.000000e+00
   4826.568440 2.448100e-13 4.861340e+03 1.000000e+00
   4829.569236 2.460800e-13 4.864360e+03 1.000000e+00
   4832.570032 2.463100e-13 4.867390e+03 1.000000e+00
   4835.570827 2.562100e-13 4.870410e+03 1.000000e+00
   4838.581626 2.664000e-13 4.873430e+03 1.000000e+00
   4841.582422 2.734700e-13 4.876460e+03 1.000000e+00
   4844.583218 2.770800e-13 4.879480e+03 1.000000e+00
   4847.584013 2.767400e-13 4.882500e+03 1.000000e+00
   4850.584809 2.672900e-13 4.885520e+03 1.000000e+00
   4853.585605 2.696600e-13 4.888550e+03 1.000000e+00
   4856.586401 2.757100e-13 4.891570e+03 1.000000e+00
   4859.587197 2.889800e-13 4.894590e+03 1.000000e+00
   4862.587993 2.947300e-13 4.897620e+03 1.000000e+00
   4865.588790 3.060000e-13 4.900640e+03 1.000000e+00
   4868.589586 2.934700e-13 4.903660e+03 1.000000e+00
   4871.590382 2.834200e-13 4.906690e+03 1.000000e+00
   4874.591178 2.794500e-13 4.909710e+03 1.000000e+00
   4877.601977 2.854500e-13 4.912730e+03 1.000000e+00
   4880.602773 2.809400e-13 4.915760e+03 1.000000e+00
   4883.603569 2.641300e-13 4.918780e+03 1.000000e+00
   4886.604366 2.624600e-13 4.921800e+03 1.000000e+00
   4889.605162 2.779100e-13 4.924830e+03 1.000000e+00
   4892.605958 2.906800e-13 4.927850e+03 1.000000e+00
   4895.606755 2.918800e-13 4.930870e+03 1.000000e+00
   4898.607551 2.858800e-13 4.933900e+03 1.000000e+00
   4901.608348 2.804700e-13 4.936920e+03 1.000000e+00
   4904.609144 2.787100e-13 4.939940e+03 1.000000e+00
   4907.609941 2.895400e-13 4.942970e+03 1.000000e+00
   4910.610737 3.063700e-13 4.945990e+03 1.000000e+00
   4913.621536 2.995500e-13 4.949010e+03 1.000000e+00
   4916.622333 2.927600e-13 4.952040e+03 1.000000e+00
   4919.623130 2.847200e-13 4.955060e+03 1.000000e+00
   4922.623926 2.868000e-13 4.958080e+03 1.000000e+00
   4925.624723 2.831900e-13 4.961110e+03 1.000000e+00
   4928.625520 2.773600e-13 4.964130e+03 1.000000e+00
   4931.626316 2.793200e-13 4.967150e+03 1.000000e+00
   4934.627113 2.763500e-13 4.970180e+03 1.000000e+00
   4937.627910 2.860900e-13 4.973200e+03 1.000000e+00
   4940.628707 2.854700e-13 4.976220e+03 1.000000e+00
   4943.629504 2.774200e-13 4.979250e+03 1.000000e+00
   4946.630301 2.585300e-13 4.982270e+03 1.000000e+00
   4949.631097 2.617300e-13 4.985290e+03 1.000000e+00
   4952.641897 2.717400e-13 4.988320e+03 1.000000e+00
   4955.642694 2.816800e-13 4.991340e+03 1.000000e+00
   4958.643491 2.840100e-13 4.994360e+03 1.000000e+00
   4961.644288 2.766900e-13 4.997390e+03 1.000000e+00
   4964.645085 2.651400e-13 5.000410e+03 1.000000e+00
   4967.645882 2.604100e-13 5.003430e+03 1.000000e+00
   4970.646679 2.565800e-13 5.006460e+03 1.000000e+00
   4973.647476 2.547100e-13 5.009480e+03 1.000000e+00
   4976.648274 2.503100e-13 5.012500e+03 1.000000e+00
   4979.649071 2.488200e-13 5.015520e+03 1.000000e+00
   4982.649868 2.546700e-13 5.018550e+03 1.000000e+00
   4985.650665 2.585400e-13 5.021570e+03 1.000000e+00
   4988.661465 2.677200e-13 5.024590e+03 1.000000e+00
   4991.662263 2.699600e-13 5.027620e+03 1.000000e+00
   4994.663060 2.724000e-13 5.030640e+03 1.000000e+00
   4997.663857 2.749600e-13 5.033660e+03 1.000000e+00
   5000.664655 2.611700e-13 5.036690e+03 1.000000e+00
   5003.665452 2.554900e-13 5.039710e+03 1.000000e+00
   5006.666249 2.577700e-13 5.042730e+03 1.000000e+00
   5009.667047 2.712400e-13 5.045760e+03 1.000000e+00
   5012.667844 2.700800e-13 5.048780e+03 1.000000e+00
   5015.668642 2.719300e-13 5.051800e+03 1.000000e+00
   5018.669439 2.761500e-13 5.054830e+03 1.000000e+00
   5021.670237 2.828800e-13 5.057850e+03 1.000000e+00
   5024.671035 2.807500e-13 5.060870e+03 1.000000e+00
   5027.671832 2.777600e-13 5.063900e+03 1.000000e+00
   5030.682633 2.710200e-13 5.066920e+03 1.000000e+00
   5033.683430 2.994500e-13 5.069940e+03 1.000000e+00
   5036.684228 2.773200e-13 5.072970e+03 1.000000e+00
   5039.685026 2.621900e-13 5.075990e+03 1.000000e+00
   5042.685824 2.550700e-13 5.079010e+03 1.000000e+00
   5045.686621 2.510400e-13 5.082040e+03 1.000000e+00
   5048.687419 2.610200e-13 5.085060e+03 1.000000e+00
   5051.688217 2.675500e-13 5.088080e+03 1.000000e+00
   5054.689015 2.714900e-13 5.091110e+03 1.000000e+00
   5057.689813 2.766200e-13 5.094130e+03 1.000000e+00
   5060.690611 2.669700e-13 5.097150e+03 1.000000e+00
   5063.691409 2.552800e-13 5.100180e+03 1.000000e+00
   5066.702209 2.605600e-13 5.103200e+03 1.000000e+00
   5069.703007 2.567900e-13 5.106220e+03 1.000000e+00
   5072.703805 2.639600e-13 5.109250e+03 1.000000e+00
   5075.704603 2.656800e-13 5.112270e+03 1.000000e+00
   5078.705401 2.657200e-13 5.115290e+03 1.000000e+00
   5081.706200 2.765600e-13 5.118320e+03 1.000000e+00
   5084.706998 2.541400e-13 5.121340e+03 1.000000e+00
   5087.707796 2.512000e-13 5.124360e+03 1.000000e+00
   5090.708594 2.499300e-13 5.127380e+03 1.000000e+00
   5093.709392 2.530800e-13 5.130410e+03 1.000000e+00
   5096.710190 2.566400e-13 5.133430e+03 1.000000e+00
   5099.710989 2.594600e-13 5.136450e+03 1.000000e+00
   5102.711787 2.613600e-13 5.139480e+03 1.000000e+00
   5105.722588 2.453800e-13 5.142500e+03 1.000000e+00
   5108.723386 2.497800e-13 5.145520e+03 1.000000e+00
   5111.724185 2.557800e-13 5.148550e+03 1.000000e+00
   5114.724983 2.496500e-13 5.151570e+03 1.000000e+00
   5117.725781 2.506200e-13 5.154590e+03 1.000000e+00
   5120.726580 2.533200e-13 5.157620e+03 1.000000e+00
   5123.727378 2.568400e-13 5.160640e+03 1.000000e+00
   5126.728177 2.364500e-13 5.163660e+03 1.000000e+00
   5129.728975 2.207500e-13 5.166690e+03 1.000000e+00
   5132.729774 1.976900e-13 5.169710e+03 1.000000e+00
   5135.730572 1.999000e-13 5.172730e+03 1.000000e+00
   5138.731371 2.172700e-13 5.175760e+03 1.000000e+00
   5141.742172 2.187400e-13 5.178780e+03 1.000000e+00
   5144.742971 2.136500e-13 5.181800e+03 1.000000e+00
   5147.743770 2.086900e-13 5.184830e+03 1.000000e+00
   5150.744568 2.336000e-13 5.187850e+03 1.000000e+00
   5153.745367 2.440100e-13 5.190870e+03 1.000000e+00
   5156.746166 2.574800e-13 5.193900e+03 1.000000e+00
   5159.746965 2.609000e-13 5.196920e+03 1.000000e+00
   5162.747763 2.656700e-13 5.199940e+03 1.000000e+00
   5165.748562 2.551400e-13 5.202970e+03 1.000000e+00
   5168.749361 2.468800e-13 5.205990e+03 1.000000e+00
   5171.750160 2.507300e-13 5.209010e+03 1.000000e+00
   5174.750959 2.492200e-13 5.212040e+03 1.000000e+00
   5177.751758 2.668800e-13 5.215060e+03 1.000000e+00
   5180.762559 2.781900e-13 5.218080e+03 1.000000e+00
   5183.763358 2.805100e-13 5.221110e+03 1.000000e+00
   5186.764157 2.756500e-13 5.224130e+03 1.000000e+00
   5189.764956 2.661500e-13 5.227150e+03 1.000000e+00
   5192.765755 2.610200e-13 5.230180e+03 1.000000e+00
   5195.766554 2.762900e-13 5.233200e+03 1.000000e+00
   5198.767353 2.828100e-13 5.236220e+03 1.000000e+00
   5201.768152 2.944600e-13 5.239250e+03 1.000000e+00
   5204.768952 2.946800e-13 5.242270e+03 1.000000e+00
   5207.769751 2.844200e-13 5.245290e+03 1.000000e+00
   5210.770550 2.743900e-13 5.248310e+03 1.000000e+00
   5213.771349 2.729600e-13 5.251340e+03 1.000000e+00
   5216.772148 2.821700e-13 5.254360e+03 1.000000e+00
   5219.782950 2.802100e-13 5.257380e+03 1.000000e+00
   5222.783749 2.760600e-13 5.260410e+03 1.000000e+00
   5225.784549 2.559500e-13 5.263430e+03 1.000000e+00
   5228.785348 2.446900e-13 5.266450e+03 1.000000e+00
   5231.786147 2.356800e-13 5.269480e+03 1.000000e+00
   5234.786947 2.528800e-13 5.272500e+03 1.000000e+00
   5237.787746 2.748200e-13 5.275520e+03 1.000000e+00
   5240.788546 2.840500e-13 5.278550e+03 1.000000e+00
   5243.789345 2.887000e-13 5.281570e+03 1.000000e+00
   5246.790144 2.960800e-13 5.284590e+03 1.000000e+00
   5249.790944 3.008800e-13 5.287620e+03 1.000000e+00
   5252.791743 3.069300e-13 5.290640e+03 1.000000e+00
   5255.792543 2.985500e-13 5.293660e+03 1.000000e+00
   5258.803345 2.913300e-13 5.296690e+03 1.000000e+00
   5261.804145 2.869200e-13 5.299710e+03 1.000000e+00
   5264.804944 2.950500e-13 5.302730e+03 1.000000e+00
   5267.805744 3.091500e-13 5.305760e+03 1.000000e+00
   5270.806544 3.143500e-13 5.308780e+03 1.000000e+00
   5273.807343 3.110600e-13 5.311800e+03 1.000000e+00
   5276.808143 3.116900e-13 5.314830e+03 1.000000e+00
   5279.808943 3.053300e-13 5.317850e+03 1.000000e+00
   5282.809742 2.973200e-13 5.320870e+03 1.000000e+00
   5285.810542 2.872400e-13 5.323900e+03 1.000000e+00
   5288.811342 2.731900e-13 5.326920e+03 1.000000e+00
   5291.812142 2.728000e-13 5.329940e+03 1.000000e+00
   5294.822944 2.822100e-13 5.332970e+03 1.000000e+00
   5297.823744 2.909500e-13 5.335990e+03 1.000000e+00
   5300.824544 2.910200e-13 5.339010e+03 1.000000e+00
   5303.825344 2.940400e-13 5.342040e+03 1.000000e+00
   5306.826144 2.926500e-13 5.345060e+03 1.000000e+00
   5309.826944 2.939400e-13 5.348080e+03 1.000000e+00
   5312.827744 2.995400e-13 5.351110e+03 1.000000e+00
   5315.828544 3.096900e-13 5.354130e+03 1.000000e+00
   5318.829344 3.112100e-13 5.357150e+03 1.000000e+00
   5321.830144 3.144900e-13 5.360180e+03 1.000000e+00
   5324.830944 3.045600e-13 5.363200e+03 1.000000e+00
   5327.831744 2.963400e-13 5.366220e+03 1.000000e+00
   5330.832544 2.954100e-13 5.369250e+03 1.000000e+00
   5333.843347 2.865400e-13 5.372270e+03 1.000000e+00
   5336.844147 2.954800e-13 5.375290e+03 1.000000e+00
   5339.844947 3.064700e-13 5.378310e+03 1.000000e+00
   5342.845747 3.035700e-13 5.381340e+03 1.000000e+00
   5345.846547 3.116100e-13 5.384360e+03 1.000000e+00
   5348.847347 3.029100e-13 5.387380e+03 1.000000e+00
   5351.848148 3.005200e-13 5.390410e+03 1.000000e+00
   5354.848948 2.949700e-13 5.393430e+03 1.000000e+00
   5357.849748 2.820300e-13 5.396450e+03 1.000000e+00
   5360.850549 2.841800e-13 5.399480e+03 1.000000e+00
   5363.851349 2.751200e-13 5.402500e+03 1.000000e+00
   5366.852149 2.737900e-13 5.405520e+03 1.000000e+00
   5369.862952 2.769800e-13 5.408550e+03 1.000000e+00
   5372.863753 2.854100e-13 5.411570e+03 1.000000e+00
   5375.864553 2.965200e-13 5.414590e+03 1.000000e+00
   5378.865354 3.004700e-13 5.417620e+03 1.000000e+00
   5381.866154 3.022800e-13 5.420640e+03 1.000000e+00
   5384.866954 2.979300e-13 5.423660e+03 1.000000e+00
   5387.867755 3.004400e-13 5.426690e+03 1.000000e+00
   5390.868555 2.896900e-13 5.429710e+03 1.000000e+00
   5393.869356 2.884000e-13 5.432730e+03 1.000000e+00
   5396.870157 2.927700e-13 5.435760e+03 1.000000e+00
   5399.870957 2.949900e-13 5.438780e+03 1.000000e+00
   5402.871758 2.947200e-13 5.441800e+03 1.000000e+00
   5405.872558 3.029400e-13 5.444830e+03 1.000000e+00
   5408.883362 2.930900e-13 5.447850e+03 1.000000e+00
   5411.884162 2.837700e-13 5.450870e+03 1.000000e+00
   5414.884963 2.876400e-13 5.453900e+03 1.000000e+00
   5417.885764 2.862100e-13 5.456920e+03 1.000000e+00
   5420.886565 2.883000e-13 5.459940e+03 1.000000e+00
   5423.887365 2.902000e-13 5.462970e+03 1.000000e+00
   5426.888166 2.891900e-13 5.465990e+03 1.000000e+00
   5429.888967 2.926300e-13 5.469010e+03 1.000000e+00
   5432.889768 2.903700e-13 5.472040e+03 1.000000e+00
   5435.890568 2.896000e-13 5.475060e+03 1.000000e+00
   5438.891369 2.769100e-13 5.478080e+03 1.000000e+00
   5441.892170 2.827100e-13 5.481100e+03 1.000000e+00
   5444.892971 2.865900e-13 5.484130e+03 1.000000e+00
   5447.903775 2.909100e-13 5.487150e+03 1.000000e+00
   5450.904576 2.874400e-13 5.490170e+03 1.000000e+00
   5453.905377 2.936300e-13 5.493200e+03 1.000000e+00
   5456.906178 2.940100e-13 5.496220e+03 1.000000e+00
   5459.906979 2.904300e-13 5.499240e+03 1.000000e+00
   5462.907780 2.960600e-13 5.502270e+03 1.000000e+00
   5465.908581 2.935400e-13 5.505290e+03 1.000000e+00
   5468.909382 2.862900e-13 5.508310e+03 1.000000e+00
   5471.910183 2.813500e-13 5.511340e+03 1.000000e+00
   5474.910984 2.880300e-13 5.514360e+03 1.000000e+00
   5477.911785 2.897900e-13 5.517380e+03 1.000000e+00
   5480.912586 2.937100e-13 5.520410e+03 1.000000e+00
   5483.913387 2.962600e-13 5.523430e+03 1.000000e+00
   5486.924191 2.923700e-13 5.526450e+03 1.000000e+00
   5489.924992 2.936900e-13 5.529480e+03 1.000000e+00
   5492.925794 2.950100e-13 5.532500e+03 1.000000e+00
   5495.926595 2.963300e-13 5.535520e+03 1.000000e+00
   5498.927396 2.976500e-13 5.538550e+03 1.000000e+00
   5501.928197 2.989700e-13 5.541570e+03 1.000000e+00
   5504.928999 3.002900e-13 5.544590e+03 1.000000e+00
   5507.929800 3.016100e-13 5.547620e+03 1.000000e+00
   5510.930601 3.130900e-13 5.550640e+03 1.000000e+00
   5513.931403 3.060900e-13 5.553660e+03 1.000000e+00
   5516.932204 3.062800e-13 5.556690e+03 1.000000e+00
   5519.933005 3.021700e-13 5.559710e+03 1.000000e+00
   5522.943810 2.996400e-13 5.562730e+03 1.000000e+00
   5525.944611 2.935000e-13 5.565760e+03 1.000000e+00
   5528.945412 2.973900e-13 5.568780e+03 1.000000e+00
   5531.946214 2.967500e-13 5.571800e+03 1.000000e+00
   5534.947015 2.995200e-13 5.574830e+03 1.000000e+00
   5537.947817 2.980200e-13 5.577850e+03 1.000000e+00
   5540.948618 3.021900e-13 5.580870e+03 1.000000e+00
   5543.949420 2.915400e-13 5.583900e+03 1.000000e+00
   5546.950222 2.817500e-13 5.586920e+03 1.000000e+00
   5549.951023 2.822100e-13 5.589940e+03 1.000000e+00
   5552.951825 2.850200e-13 5.592970e+03 1.000000e+00
   5555.952626 2.881600e-13 5.595990e+03 1.000000e+00
   5558.953428 2.881200e-13 5.599010e+03 1.000000e+00
   5561.964232 2.866500e-13 5.602040e+03 1.000000e+00
   5564.965034 2.925500e-13 5.605060e+03 1.000000e+00
   5567.965836 3.019900e-13 5.608080e+03 1.000000e+00
   5570.966637 3.027100e-13 5.611100e+03 1.000000e+00
   5573.967439 3.059500e-13 5.614130e+03 1.000000e+00
   5576.968241 2.994700e-13 5.617150e+03 1.000000e+00
   5579.969043 2.875800e-13 5.620170e+03 1.000000e+00
   5582.969845 2.861800e-13 5.623200e+03 1.000000e+00
   5585.970646 2.936400e-13 5.626220e+03 1.000000e+00
   5588.971448 2.898100e-13 5.629240e+03 1.000000e+00
   5591.972250 2.953800e-13 5.632270e+03 1.000000e+00
   5594.973052 2.985500e-13 5.635290e+03 1.000000e+00
   5597.973854 2.936600e-13 5.638310e+03 1.000000e+00
   5600.984658 2.921000e-13 5.641340e+03 1.000000e+00
   5603.985460 2.954400e-13 5.644360e+03 1.000000e+00
   5606.986262 2.975100e-13 5.647380e+03 1.000000e+00
   5609.987064 3.011400e-13 5.650410e+03 1.000000e+00
   5612.987866 3.043200e-13 5.653430e+03 1.000000e+00
   5615.988668 2.968300e-13 5.656450e+03 1.000000e+00
   5618.989470 2.877200e-13 5.659480e+03 1.000000e+00
   5621.990272 2.940100e-13 5.662500e+03 1.000000e+00
   5624.991074 2.876800e-13 5.665520e+03 1.000000e+00
   5627.991876 2.940600e-13 5.668550e+03 1.000000e+00
   5630.992679 2.976800e-13 5.671570e+03 1.000000e+00
   5633.993481 3.034700e-13 5.674590e+03 1.000000e+00
   5637.004285 2.995300e-13 5.677620e+03 1.000000e+00
   5640.005088 2.985500e-13 5.680640e+03 1.000000e+00
   5643.005890 2.966500e-13 5.683660e+03 1.000000e+00
   5646.006692 2.941900e-13 5.686690e+03 1.000000e+00
   5649.007494 2.907600e-13 5.689710e+03 1.000000e+00
   5652.008296 3.028900e-13 5.692730e+03 1.000000e+00
   5655.009099 2.987300e-13 5.695760e+03 1.000000e+00
   5658.009901 2.952300e-13 5.698780e+03 1.000000e+00
   5661.010703 2.975400e-13 5.701800e+03 1.000000e+00
   5664.011506 2.867400e-13 5.704830e+03 1.000000e+00
   5667.012308 2.756800e-13 5.707850e+03 1.000000e+00
   5670.013110 2.840700e-13 5.710870e+03 1.000000e+00
   5673.013913 2.914500e-13 5.713900e+03 1.000000e+00
   5676.024718 3.006600e-13 5.716920e+03 1.000000e+00
   5679.025520 2.982300e-13 5.719940e+03 1.000000e+00
   5682.026322 2.977400e-13 5.722970e+03 1.000000e+00
   5685.027125 3.104300e-13 5.725990e+03 1.000000e+00
   5688.027927 3.072100e-13 5.729010e+03 1.000000e+00
   5691.028730 3.070600e-13 5.732030e+03 1.000000e+00
   5694.029532 3.063600e-13 5.735060e+03 1.000000e+00
   5697.030335 3.062100e-13 5.738080e+03 1.000000e+00
   5700.031137 3.020000e-13 5.741100e+03 1.000000e+00
   5703.031940 3.002300e-13 5.744130e+03 1.000000e+00
   5706.032742 3.109800e-13 5.747150e+03 1.000000e+00
   5709.033545 2.985500e-13 5.750170e+03 1.000000e+00
   5712.034347 2.961800e-13 5.753200e+03 1.000000e+00
   5715.045153 3.001100e-13 5.756220e+03 1.000000e+00
   5718.045955 2.993500e-13 5.759240e+03 1.000000e+00
   5721.046758 3.019800e-13 5.762270e+03 1.000000e+00
   5724.047561 3.014700e-13 5.765290e+03 1.000000e+00
   5727.048363 3.068300e-13 5.768310e+03 1.000000e+00
   5730.049166 3.064800e-13 5.771340e+03 1.000000e+00
   5733.049969 3.032600e-13 5.774360e+03 1.000000e+00
   5736.050771 3.048200e-13 5.777380e+03 1.000000e+00
   5739.051574 2.978800e-13 5.780410e+03 1.000000e+00
   5742.052377 2.895100e-13 5.783430e+03 1.000000e+00
   5745.053180 2.885600e-13 5.786450e+03 1.000000e+00
   5748.053982 2.954800e-13 5.789480e+03 1.000000e+00
   5751.064788 2.999600e-13 5.792500e+03 1.000000e+00
   5754.065591 3.034700e-13 5.795520e+03 1.000000e+00
   5757.066393 3.111400e-13 5.798550e+03 1.000000e+00
   5760.067196 3.085400e-13 5.801570e+03 1.000000e+00
   5763.067999 3.143700e-13 5.804590e+03 1.000000e+00
   5766.068802 3.117100e-13 5.807620e+03 1.000000e+00
   5769.069605 3.108200e-13 5.810640e+03 1.000000e+00
   5772.070408 2.996200e-13 5.813660e+03 1.000000e+00
   5775.071211 3.042800e-13 5.816690e+03 1.000000e+00
   5778.072014 3.131000e-13 5.819710e+03 1.000000e+00
   5781.072817 3.108500e-13 5.822730e+03 1.000000e+00
   5784.073620 3.116800e-13 5.825760e+03 1.000000e+00
   5787.074423 3.161500e-13 5.828780e+03 1.000000e+00
   5790.085228 3.068300e-13 5.831800e+03 1.000000e+00
   5793.086032 3.133300e-13 5.834830e+03 1.000000e+00
   5796.086835 3.093400e-13 5.837850e+03 1.000000e+00
   5799.087638 3.104300e-13 5.840870e+03 1.000000e+00
   5802.088441 3.032100e-13 5.843900e+03 1.000000e+00
   5805.089244 3.002100e-13 5.846920e+03 1.000000e+00
   5808.090047 2.989300e-13 5.849940e+03 1.000000e+00
   5811.090850 2.873100e-13 5.852960e+03 1.000000e+00
   5814.091653 2.915700e-13 5.855990e+03 1.000000e+00
   5817.092456 2.860900e-13 5.859010e+03 1.000000e+00
   5820.093260 2.925000e-13 5.862030e+03 1.000000e+00
   5823.094063 2.937800e-13 5.865060e+03 1.000000e+00
   5826.094866 2.914800e-13 5.868080e+03 1.000000e+00
   5829.105672 2.968500e-13 5.871100e+03 1.000000e+00
   5832.106475 2.918400e-13 5.874130e+03 1.000000e+00
   5835.107279 2.937200e-13 5.877150e+03 1.000000e+00
   5838.108082 2.860700e-13 5.880170e+03 1.000000e+00
   5841.108885 2.798200e-13 5.883200e+03 1.000000e+00
   5844.109688 2.664000e-13 5.886220e+03 1.000000e+00
   5847.110492 2.434300e-13 5.889240e+03 1.000000e+00
   5850.111295 2.325700e-13 5.892270e+03 1.000000e+00
   5853.112098 2.240600e-13 5.895290e+03 1.000000e+00
   5856.112902 2.374800e-13 5.898310e+03 1.000000e+00
   5859.113705 2.561700e-13 5.901340e+03 1.000000e+00
   5862.114509 2.714300e-13 5.904360e+03 1.000000e+00
   5865.125315 2.820500e-13 5.907380e+03 1.000000e+00
   5868.126118 2.819800e-13 5.910410e+03 1.000000e+00
   5871.126922 2.834700e-13 5.913430e+03 1.000000e+00
   5874.127725 2.834500e-13 5.916450e+03 1.000000e+00
   5877.128529 2.857100e-13 5.919480e+03 1.000000e+00
   5880.129332 2.859400e-13 5.922500e+03 1.000000e+00
   5883.130136 2.891600e-13 5.925520e+03 1.000000e+00
   5886.130939 2.892200e-13 5.928550e+03 1.000000e+00
   5889.131743 2.883200e-13 5.931570e+03 1.000000e+00
   5892.132546 2.947100e-13 5.934590e+03 1.000000e+00
   5895.133350 2.925200e-13 5.937620e+03 1.000000e+00
   5898.134154 2.908700e-13 5.940640e+03 1.000000e+00
   5901.134957 2.956100e-13 5.943660e+03 1.000000e+00
   5904.145764 2.915100e-13 5.946690e+03 1.000000e+00
   5907.146567 2.925400e-13 5.949710e+03 1.000000e+00
   5910.147371 2.841400e-13 5.952730e+03 1.000000e+00
   5913.148175 2.858600e-13 5.955760e+03 1.000000e+00
   5916.148978 2.895400e-13 5.958780e+03 1.000000e+00
   5919.149782 2.944600e-13 5.961800e+03 1.000000e+00
   5922.150586 2.927500e-13 5.964830e+03 1.000000e+00
   5925.151389 2.912500e-13 5.967850e+03 1.000000e+00
   5928.152193 2.962900e-13 5.970870e+03 1.000000e+00
   5931.152997 2.995000e-13 5.973900e+03 1.000000e+00
   5934.153801 2.962300e-13 5.976920e+03 1.000000e+00
   5937.154605 2.935200e-13 5.979940e+03 1.000000e+00
   5940.165411 2.878800e-13 5.982960e+03 1.000000e+00
   5943.166215 2.890700e-13 5.985990e+03 1.000000e+00
   5946.167019 2.844000e-13 5.989010e+03 1.000000e+00
   5949.167823 2.882600e-13 5.992030e+03 1.000000e+00
   5952.168627 2.865300e-13 5.995060e+03 1.000000e+00
   5955.169430 2.837200e-13 5.998080e+03 1.000000e+00
   5958.170234 2.847500e-13 6.001100e+03 1.000000e+00
   5961.171038 2.840200e-13 6.004130e+03 1.000000e+00
   5964.171842 2.914800e-13 6.007150e+03 1.000000e+00
   5967.172646 2.847900e-13 6.010170e+03 1.000000e+00
   5970.173450 2.841500e-13 6.013200e+03 1.000000e+00
   5973.174254 2.824100e-13 6.016220e+03 1.000000e+00
   5976.175058 2.845600e-13 6.019240e+03 1.000000e+00
   5979.185865 2.863300e-13 6.022270e+03 1.000000e+00
   5982.186669 2.825700e-13 6.025290e+03 1.000000e+00
   5985.187473 2.876600e-13 6.028310e+03 1.000000e+00
   5988.188277 2.916800e-13 6.031340e+03 1.000000e+00
   5991.189081 2.998600e-13 6.034360e+03 1.000000e+00
   5994.189885 3.050900e-13 6.037380e+03 1.000000e+00
   5997.190689 2.938900e-13 6.040410e+03 1.000000e+00
   6000.191493 2.974000e-13 6.043430e+03 1.000000e+00
   6003.192298 3.070600e-13 6.046450e+03 1.000000e+00
   6006.193102 3.100200e-13 6.049480e+03 1.000000e+00
   6009.193906 3.070100e-13 6.052500e+03 1.000000e+00
   6012.194710 2.986100e-13 6.055520e+03 1.000000e+00
   6015.195514 2.910100e-13 6.058550e+03 1.000000e+00
   6018.206321 2.973700e-13 6.061570e+03 1.000000e+00
   6021.207125 2.938100e-13 6.064590e+03 1.000000e+00
   6024.207930 2.973400e-13 6.067620e+03 1.000000e+00
   6027.208734 3.004500e-13 6.070640e+03 1.000000e+00
   6030.209538 3.011600e-13 6.073660e+03 1.000000e+00
   6033.210342 3.062900e-13 6.076690e+03 1.000000e+00
   6036.211147 3.020700e-13 6.079710e+03 1.000000e+00
   6039.211951 2.938300e-13 6.082730e+03 1.000000e+00
   6042.212755 2.936000e-13 6.085760e+03 1.000000e+00
   6045.213560 2.894900e-13 6.088780e+03 1.000000e+00
   6048.214364 2.939100e-13 6.091800e+03 1.000000e+00
   6051.215168 2.861900e-13 6.094820e+03 1.000000e+00
   6054.215973 2.848600e-13 6.097850e+03 1.000000e+00
   6057.226780 2.908600e-13 6.100870e+03 1.000000e+00
   6060.227584 2.900400e-13 6.103890e+03 1.000000e+00
   6063.228389 2.898600e-13 6.106920e+03 1.000000e+00
   6066.229193 2.910500e-13 6.109940e+03 1.000000e+00
   6069.229998 2.940600e-13 6.112960e+03 1.000000e+00
   6072.230802 2.966000e-13 6.115990e+03 1.000000e+00
   6075.231607 2.923500e-13 6.119010e+03 1.000000e+00
   6078.232411 2.890100e-13 6.122030e+03 1.000000e+00
   6081.233216 2.855300e-13 6.125060e+03 1.000000e+00
   6084.234020 2.849400e-13 6.128080e+03 1.000000e+00
   6087.234825 2.919300e-13 6.131100e+03 1.000000e+00
   6090.235629 2.895600e-13 6.134130e+03 1.000000e+00
   6093.246437 2.796800e-13 6.137150e+03 1.000000e+00
   6096.247241 2.807700e-13 6.140170e+03 1.000000e+00
   6099.248046 2.895800e-13 6.143200e+03 1.000000e+00
   6102.248850 2.904900e-13 6.146220e+03 1.000000e+00
   6105.249655 2.938800e-13 6.149240e+03 1.000000e+00
   6108.250460 2.882800e-13 6.152270e+03 1.000000e+00
   6111.251264 2.822600e-13 6.155290e+03 1.000000e+00
   6114.252069 2.731800e-13 6.158310e+03 1.000000e+00
   6117.252874 2.724800e-13 6.161340e+03 1.000000e+00
   6120.253678 2.622300e-13 6.164360e+03 1.000000e+00
   6123.254483 2.661600e-13 6.167380e+03 1.000000e+00
   6126.255288 2.682600e-13 6.170410e+03 1.000000e+00
   6129.256092 2.651200e-13 6.173430e+03 1.000000e+00
   6132.266900 2.735400e-13 6.176450e+03 1.000000e+00
   6135.267705 2.777100e-13 6.179480e+03 1.000000e+00
   6138.268509 2.806800e-13 6.182500e+03 1.000000e+00
   6141.269314 2.770700e-13 6.185520e+03 1.000000e+00
   6144.270119 2.720300e-13 6.188550e+03 1.000000e+00
   6147.270924 2.655300e-13 6.191570e+03 1.000000e+00
   6150.271729 2.727900e-13 6.194590e+03 1.000000e+00
   6153.272534 2.726700e-13 6.197620e+03 1.000000e+00
   6156.273338 2.677200e-13 6.200640e+03 1.000000e+00
   6159.274143 2.781300e-13 6.203660e+03 1.000000e+00
   6162.274948 2.796700e-13 6.206690e+03 1.000000e+00
   6165.275753 2.779600e-13 6.209710e+03 1.000000e+00
   6168.286561 2.731900e-13 6.212730e+03 1.000000e+00
   6171.287366 2.694600e-13 6.215750e+03 1.000000e+00
   6174.288171 2.611800e-13 6.218780e+03 1.000000e+00
   6177.288976 2.571800e-13 6.221800e+03 1.000000e+00
   6180.289781 2.614900e-13 6.224820e+03 1.000000e+00
   6183.290586 2.620600e-13 6.227850e+03 1.000000e+00
   6186.291391 2.551400e-13 6.230870e+03 1.000000e+00
   6189.292196 2.494300e-13 6.233890e+03 1.000000e+00
   6192.293001 2.547700e-13 6.236920e+03 1.000000e+00
   6195.293806 2.567800e-13 6.239940e+03 1.000000e+00
   6198.294611 2.596200e-13 6.242960e+03 1.000000e+00
   6201.295416 2.590000e-13 6.245990e+03 1.000000e+00
   6204.296221 2.584600e-13 6.249010e+03 1.000000e+00
   6207.297026 2.541600e-13 6.252030e+03 1.000000e+00
   6210.307834 2.517900e-13 6.255060e+03 1.000000e+00
   6213.308639 2.489900e-13 6.258080e+03 1.000000e+00
   6216.309444 2.516300e-13 6.261100e+03 1.000000e+00
   6219.310249 2.644900e-13 6.264130e+03 1.000000e+00
   6222.311054 2.663000e-13 6.267150e+03 1.000000e+00
   6225.311859 2.635700e-13 6.270170e+03 1.000000e+00
   6228.312665 2.661300e-13 6.273200e+03 1.000000e+00
   6231.313470 2.686800e-13 6.276220e+03 1.000000e+00
   6234.314275 2.712400e-13 6.279240e+03 1.000000e+00
   6237.315080 2.724500e-13 6.282270e+03 1.000000e+00
   6240.315885 2.757000e-13 6.285290e+03 1.000000e+00
   6243.316691 2.730700e-13 6.288310e+03 1.000000e+00
   6246.327499 2.756800e-13 6.291340e+03 1.000000e+00
   6249.328304 2.764300e-13 6.294360e+03 1.000000e+00
   6252.329109 2.670100e-13 6.297380e+03 1.000000e+00
   6255.329915 2.674900e-13 6.300410e+03 1.000000e+00
   6258.330720 2.669400e-13 6.303430e+03 1.000000e+00
   6261.331525 2.686900e-13 6.306450e+03 1.000000e+00
   6264.332330 2.737600e-13 6.309480e+03 1.000000e+00
   6267.333136 2.821800e-13 6.312500e+03 1.000000e+00
   6270.333941 2.679600e-13 6.315520e+03 1.000000e+00
   6273.334747 2.661300e-13 6.318550e+03 1.000000e+00
   6276.335552 2.654100e-13 6.321570e+03 1.000000e+00
   6279.336357 2.695400e-13 6.324590e+03 1.000000e+00
   6282.337163 2.726800e-13 6.327620e+03 1.000000e+00
   6285.347971 2.749500e-13 6.330640e+03 1.000000e+00
   6288.348776 2.769400e-13 6.333660e+03 1.000000e+00
   6291.349582 2.674200e-13 6.336690e+03 1.000000e+00
   6294.350387 2.688400e-13 6.339710e+03 1.000000e+00
   6297.351193 2.694400e-13 6.342730e+03 1.000000e+00
   6300.351998 2.736600e-13 6.345750e+03 1.000000e+00
   6303.352804 2.760700e-13 6.348780e+03 1.000000e+00
   6306.353609 2.753400e-13 6.351800e+03 1.000000e+00
   6309.354415 2.736000e-13 6.354820e+03 1.000000e+00
   6312.355220 2.701100e-13 6.357850e+03 1.000000e+00
   6315.356026 2.639400e-13 6.360870e+03 1.000000e+00
   6318.356831 2.632400e-13 6.363890e+03 1.000000e+00
   6321.367640 2.662700e-13 6.366920e+03 1.000000e+00
   6324.368445 2.745300e-13 6.369940e+03 1.000000e+00
   6327.369251 2.807600e-13 6.372960e+03 1.000000e+00
   6330.370057 2.821900e-13 6.375990e+03 1.000000e+00
   6333.370862 2.834200e-13 6.379010e+03 1.000000e+00
   6336.371668 2.844300e-13 6.382030e+03 1.000000e+00
   6339.372473 2.821400e-13 6.385060e+03 1.000000e+00
   6342.373279 2.808900e-13 6.388080e+03 1.000000e+00
   6345.374085 2.826200e-13 6.391100e+03 1.000000e+00
   6348.374891 2.837500e-13 6.394130e+03 1.000000e+00
   6351.375696 2.713300e-13 6.397150e+03 1.000000e+00
   6354.376502 2.754300e-13 6.400170e+03 1.000000e+00
   6357.377308 2.762600e-13 6.403200e+03 1.000000e+00
   6360.388116 2.769800e-13 6.406220e+03 1.000000e+00
   6363.388922 2.768400e-13 6.409240e+03 1.000000e+00
   6366.389728 2.740200e-13 6.412270e+03 1.000000e+00
   6369.390533 2.785100e-13 6.415290e+03 1.000000e+00
   6372.391339 2.780400e-13 6.418310e+03 1.000000e+00
   6375.392145 2.764100e-13 6.421340e+03 1.000000e+00
   6378.392951 2.730200e-13 6.424360e+03 1.000000e+00
   6381.393757 2.770600e-13 6.427380e+03 1.000000e+00
   6384.394562 2.772400e-13 6.430410e+03 1.000000e+00
   6387.395368 2.757500e-13 6.433430e+03 1.000000e+00
   6390.396174 2.820300e-13 6.436450e+03 1.000000e+00
   6393.396980 2.826000e-13 6.439480e+03 1.000000e+00
   6396.397786 2.801800e-13 6.442500e+03 1.000000e+00
   6399.408595 2.850900e-13 6.445520e+03 1.000000e+00
   6402.409400 2.802100e-13 6.448550e+03 1.000000e+00
   6405.410206 2.787600e-13 6.451570e+03 1.000000e+00
   6408.411012 2.741000e-13 6.454590e+03 1.000000e+00
   6411.411818 2.808000e-13 6.457610e+03 1.000000e+00
   6414.412624 2.759500e-13 6.460640e+03 1.000000e+00
   6417.413430 2.824500e-13 6.463660e+03 1.000000e+00
   6420.414236 2.755600e-13 6.466680e+03 1.000000e+00
   6423.415042 2.840100e-13 6.469710e+03 1.000000e+00
   6426.415848 2.821600e-13 6.472730e+03 1.000000e+00
   6429.416654 2.816800e-13 6.475750e+03 1.000000e+00
   6432.417460 2.835900e-13 6.478780e+03 1.000000e+00
   6435.418266 2.726500e-13 6.481800e+03 1.000000e+00
   6438.429075 2.793100e-13 6.484820e+03 1.000000e+00
   6441.429881 2.784700e-13 6.487850e+03 1.000000e+00
   6444.430687 2.733000e-13 6.490870e+03 1.000000e+00
   6447.431493 2.678600e-13 6.493890e+03 1.000000e+00
   6450.432299 2.692700e-13 6.496920e+03 1.000000e+00
   6453.433105 2.599000e-13 6.499940e+03 1.000000e+00
   6456.433912 2.600300e-13 6.502960e+03 1.000000e+00
   6459.434718 2.687900e-13 6.505990e+03 1.000000e+00
   6462.435524 2.780000e-13 6.509010e+03 1.000000e+00
   6465.436330 2.827700e-13 6.512030e+03 1.000000e+00
   6468.437136 2.815100e-13 6.515060e+03 1.000000e+00
   6471.437942 2.818100e-13 6.518080e+03 1.000000e+00
   6474.448751 2.802800e-13 6.521100e+03 1.000000e+00
   6477.449557 2.816300e-13 6.524130e+03 1.000000e+00
   6480.450364 2.836200e-13 6.527150e+03 1.000000e+00
   6483.451170 2.852800e-13 6.530170e+03 1.000000e+00
   6486.451976 2.814400e-13 6.533200e+03 1.000000e+00
   6489.452782 2.818100e-13 6.536220e+03 1.000000e+00
   6492.453589 2.857200e-13 6.539240e+03 1.000000e+00
   6495.454395 2.887300e-13 6.542270e+03 1.000000e+00
   6498.455201 2.764600e-13 6.545290e+03 1.000000e+00
   6501.456008 2.814900e-13 6.548310e+03 1.000000e+00
   6504.456814 2.723300e-13 6.551340e+03 1.000000e+00
   6507.457620 2.730400e-13 6.554360e+03 1.000000e+00
   6510.458426 2.671200e-13 6.557380e+03 1.000000e+00
   6513.469236 2.567400e-13 6.560410e+03 1.000000e+00
   6516.470042 2.481800e-13 6.563430e+03 1.000000e+00
   6519.470848 2.489900e-13 6.566450e+03 1.000000e+00
   6522.471655 2.570900e-13 6.569480e+03 1.000000e+00
   6525.472461 2.646500e-13 6.572500e+03 1.000000e+00
   6528.473267 2.676000e-13 6.575520e+03 1.000000e+00
   6531.474074 2.778400e-13 6.578540e+03 1.000000e+00
   6534.474880 2.815500e-13 6.581570e+03 1.000000e+00
   6537.475687 2.761600e-13 6.584590e+03 1.000000e+00
   6540.476493 2.798200e-13 6.587610e+03 1.000000e+00
   6543.477300 2.800600e-13 6.590640e+03 1.000000e+00
   6546.478106 2.773100e-13 6.593660e+03 1.000000e+00
   6549.488915 2.701300e-13 6.596680e+03 1.000000e+00
   6552.489722 2.741700e-13 6.599710e+03 1.000000e+00
   6555.490528 2.800700e-13 6.602730e+03 1.000000e+00
   6558.491335 2.722600e-13 6.605750e+03 1.000000e+00
   6561.492141 2.780000e-13 6.608780e+03 1.000000e+00
   6564.492948 2.826300e-13 6.611800e+03 1.000000e+00
   6567.493754 2.777300e-13 6.614820e+03 1.000000e+00
   6570.494561 2.801100e-13 6.617850e+03 1.000000e+00
   6573.495367 2.839200e-13 6.620870e+03 1.000000e+00
   6576.496174 2.787500e-13 6.623890e+03 1.000000e+00
   6579.496981 2.801200e-13 6.626920e+03 1.000000e+00
   6582.497787 2.798000e-13 6.629940e+03 1.000000e+00
   6585.498594 2.680100e-13 6.632960e+03 1.000000e+00
   6588.509403 2.711900e-13 6.635990e+03 1.000000e+00
   6591.510210 2.710700e-13 6.639010e+03 1.000000e+00
   6594.511016 2.687400e-13 6.642030e+03 1.000000e+00
   6597.511823 2.713100e-13 6.645060e+03 1.000000e+00
   6600.512630 2.695300e-13 6.648080e+03 1.000000e+00
   6603.513436 2.680400e-13 6.651100e+03 1.000000e+00
   6606.514243 2.800300e-13 6.654130e+03 1.000000e+00
   6609.515050 2.671900e-13 6.657150e+03 1.000000e+00
   6612.515856 2.737900e-13 6.660170e+03 1.000000e+00
   6615.516663 2.676000e-13 6.663200e+03 1.000000e+00
   6618.517470 2.683400e-13 6.666220e+03 1.000000e+00
   6621.518277 2.700900e-13 6.669240e+03 1.000000e+00
   6624.519083 2.707400e-13 6.672270e+03 1.000000e+00
   6627.529893 2.692500e-13 6.675290e+03 1.000000e+00
   6630.530700 2.681500e-13 6.678310e+03 1.000000e+00
   6633.531506 2.705700e-13 6.681340e+03 1.000000e+00
   6636.532313 2.714600e-13 6.684360e+03 1.000000e+00
   6639.533120 2.639800e-13 6.687380e+03 1.000000e+00
   6642.533927 2.724500e-13 6.690410e+03 1.000000e+00
   6645.534734 2.653900e-13 6.693430e+03 1.000000e+00
   6648.535540 2.631400e-13 6.696450e+03 1.000000e+00
   6651.536347 2.634100e-13 6.699480e+03 1.000000e+00
   6654.537154 2.639300e-13 6.702500e+03 1.000000e+00
   6657.537961 2.681500e-13 6.705520e+03 1.000000e+00
   6660.538768 2.734900e-13 6.708540e+03 1.000000e+00
   6663.549577 2.698900e-13 6.711570e+03 1.000000e+00
   6666.550384 2.609500e-13 6.714590e+03 1.000000e+00
   6669.551191 2.623200e-13 6.717610e+03 1.000000e+00
   6672.551998 2.624200e-13 6.720640e+03 1.000000e+00
   6675.552805 2.605600e-13 6.723660e+03 1.000000e+00
   6678.553612 2.598900e-13 6.726680e+03 1.000000e+00
   6681.554419 2.647400e-13 6.729710e+03 1.000000e+00
   6684.555226 2.638700e-13 6.732730e+03 1.000000e+00
   6687.556033 2.696400e-13 6.735750e+03 1.000000e+00
   6690.556840 2.634200e-13 6.738780e+03 1.000000e+00
   6693.557647 2.570800e-13 6.741800e+03 1.000000e+00
   6696.558454 2.639400e-13 6.744820e+03 1.000000e+00
   6699.559261 2.622400e-13 6.747850e+03 1.000000e+00
   6702.570071 2.600900e-13 6.750870e+03 1.000000e+00
   6705.570878 2.635500e-13 6.753890e+03 1.000000e+00
   6708.571685 2.618800e-13 6.756920e+03 1.000000e+00
   6711.572492 2.599000e-13 6.759940e+03 1.000000e+00
   6714.573299 2.688200e-13 6.762960e+03 1.000000e+00
   6717.574106 2.663000e-13 6.765990e+03 1.000000e+00
   6720.574913 2.695200e-13 6.769010e+03 1.000000e+00
   6723.575720 2.690200e-13 6.772030e+03 1.000000e+00
   6726.576527 2.631800e-13 6.775060e+03 1.000000e+00
   6729.577334 2.674000e-13 6.778080e+03 1.000000e+00
   6732.578141 2.658700e-13 6.781100e+03 1.000000e+00
   6735.578949 2.622000e-13 6.784130e+03 1.000000e+00
   6738.589758 2.608000e-13 6.787150e+03 1.000000e+00
   6741.590566 2.693900e-13 6.790170e+03 1.000000e+00
   6744.591373 2.685300e-13 6.793200e+03 1.000000e+00
   6747.592180 2.669700e-13 6.796220e+03 1.000000e+00
   6750.592987 2.618500e-13 6.799240e+03 1.000000e+00
   6753.593794 2.641400e-13 6.802270e+03 1.000000e+00
   6756.594602 2.693200e-13 6.805290e+03 1.000000e+00
   6759.595409 2.637000e-13 6.808310e+03 1.000000e+00
   6762.596216 2.595500e-13 6.811330e+03 1.000000e+00
   6765.597023 2.557000e-13 6.814360e+03 1.000000e+00
   6768.597830 2.316100e-13 6.817380e+03 1.000000e+00
   6771.598638 2.104100e-13 6.820400e+03 1.000000e+00
   6774.599445 2.059600e-13 6.823430e+03 1.000000e+00
   6777.600252 2.206300e-13 6.826450e+03 1.000000e+00
   6780.611062 2.379000e-13 6.829470e+03 1.000000e+00
   6790.183638 2.663700e-13 6.839120e+03 0.000000e+00
   6805.827847 2.639700e-13 6.854880e+03 0.000000e+00
   6821.522069 2.640200e-13 6.870680e+03 0.000000e+00
   6837.246300 2.604400e-13 6.886520e+03 0.000000e+00
   6853.010542 2.628900e-13 6.902400e+03 0.000000e+00
   6868.804793 2.534200e-13 6.918310e+03 0.000000e+00
   6884.639054 2.581800e-13 6.934260e+03 0.000000e+00
   6900.513327 2.624200e-13 6.950240e+03 0.000000e+00
   6916.417608 2.618600e-13 6.966260e+03 0.000000e+00
   6932.361899 2.631100e-13 6.982330e+03 0.000000e+00
   6948.346202 2.680500e-13 6.998420e+03 0.000000e+00
   6964.360513 2.656300e-13 7.014550e+03 0.000000e+00
   6980.414836 2.693700e-13 7.030720e+03 0.000000e+00
   6996.509169 2.694200e-13 7.046930e+03 0.000000e+00
   7012.633511 2.645500e-13 7.063180e+03 0.000000e+00
   7028.797863 2.707500e-13 7.079460e+03 0.000000e+00
   7045.002227 2.720500e-13 7.095780e+03 0.000000e+00
   7061.246602 2.677500e-13 7.112140e+03 0.000000e+00
   7077.520985 2.534000e-13 7.128530e+03 0.000000e+00
   7093.835379 2.534400e-13 7.144960e+03 0.000000e+00
   7110.189784 2.576000e-13 7.161430e+03 0.000000e+00
   7126.574197 2.570500e-13 7.177940e+03 0.000000e+00
   7143.008625 2.512400e-13 7.194490e+03 0.000000e+00
   7159.473060 2.495600e-13 7.211080e+03 0.000000e+00
   7175.977507 2.478800e-13 7.227700e+03 0.000000e+00
   7192.521964 2.479300e-13 7.244360e+03 0.000000e+00
   7209.106433 2.485400e-13 7.261060e+03 0.000000e+00
   7225.720910 2.561400e-13 7.277800e+03 0.000000e+00
   7242.375398 2.561800e-13 7.294570e+03 0.000000e+00
   7259.069897 2.622000e-13 7.311390e+03 0.000000e+00
   7275.804407 2.658900e-13 7.328250e+03 0.000000e+00
   7292.578928 2.580900e-13 7.345140e+03 0.000000e+00
   7309.393460 2.641500e-13 7.362070e+03 0.000000e+00
   7326.238000 2.660300e-13 7.379040e+03 0.000000e+00
   7343.122552 2.691600e-13 7.396050e+03 0.000000e+00
   7360.057117 2.692100e-13 7.413100e+03 0.000000e+00
   7377.021691 2.717500e-13 7.430190e+03 0.000000e+00
   7394.026275 2.668300e-13 7.447320e+03 0.000000e+00
   7411.070871 2.712200e-13 7.464490e+03 0.000000e+00
   7428.155477 2.694000e-13 7.481700e+03 0.000000e+00
   7445.280095 2.776300e-13 7.498940e+03 0.000000e+00
   7462.444724 2.783200e-13 7.516230e+03 0.000000e+00
   7479.649363 2.739200e-13 7.533560e+03 0.000000e+00
   7496.884011 2.758700e-13 7.550920e+03 0.000000e+00
   7514.168673 2.759200e-13 7.568330e+03 0.000000e+00
   7531.493346 2.753400e-13 7.585780e+03 0.000000e+00
   7548.858030 2.805100e-13 7.603260e+03 0.000000e+00
   7566.252722 2.760700e-13 7.620790e+03 0.000000e+00
   7583.697428 2.761200e-13 7.638360e+03 0.000000e+00
   7601.182145 2.668000e-13 7.655970e+03 0.000000e+00
   7618.696870 2.668500e-13 7.673610e+03 0.000000e+00
   7636.261609 2.743700e-13 7.691300e+03 0.000000e+00
   7653.866359 2.614700e-13 7.709040e+03 0.000000e+00
   7671.511120 2.514800e-13 7.726810e+03 0.000000e+00
   7689.195892 2.556100e-13 7.744620e+03 0.000000e+00
   7706.920675 2.568400e-13 7.762470e+03 0.000000e+00
   7724.685469 2.516200e-13 7.780370e+03 0.000000e+00
   7742.490274 2.587200e-13 7.798300e+03 0.000000e+00
   7760.345093 2.482600e-13 7.816280e+03 0.000000e+00
   7778.229920 2.570300e-13 7.834300e+03 0.000000e+00
   7796.164761 2.518100e-13 7.852360e+03 0.000000e+00
   7814.129610 2.595100e-13 7.870460e+03 0.000000e+00
   7832.154476 2.637700e-13 7.888600e+03 0.000000e+00
   7850.199347 2.620100e-13 7.906790e+03 0.000000e+00
   7868.294232 2.644800e-13 7.925010e+03 0.000000e+00
   7886.439131 2.591000e-13 7.943280e+03 0.000000e+00
   7904.614038 2.544200e-13 7.961590e+03 0.000000e+00
   7922.838959 2.475400e-13 7.979950e+03 0.000000e+00
   7941.103891 2.510300e-13 7.998340e+03 0.000000e+00
   7959.408834 2.516500e-13 8.016780e+03 0.000000e+00
   7977.753787 2.599500e-13 8.035260e+03 0.000000e+00
   7996.148755 2.582100e-13 8.053780e+03 0.000000e+00
   8014.583734 2.594500e-13 8.072350e+03 0.000000e+00
   8033.058723 2.625100e-13 8.090960e+03 0.000000e+00
   8051.573724 2.662100e-13 8.109610e+03 0.000000e+00
   8070.138738 2.681100e-13 8.128310e+03 0.000000e+00
   8088.743764 2.638700e-13 8.147040e+03 0.000000e+00
   8107.388800 2.585100e-13 8.165820e+03 0.000000e+00
   8126.073848 2.597500e-13 8.184650e+03 0.000000e+00
   8144.808909 2.622100e-13 8.203520e+03 0.000000e+00
   8163.583981 2.622600e-13 8.222430e+03 0.000000e+00
   8182.399064 2.623100e-13 8.241380e+03 0.000000e+00
   8201.264161 2.605500e-13 8.260380e+03 0.000000e+00
   8220.169269 2.636200e-13 8.279420e+03 0.000000e+00
   8239.114388 2.344600e-13 8.298510e+03 0.000000e+00
   8258.109521 2.680100e-13 8.317640e+03 0.000000e+00
   8277.144665 2.699200e-13 8.336810e+03 0.000000e+00
   8296.229822 2.620100e-13 8.356030e+03 0.000000e+00
   8315.354991 2.491200e-13 8.375290e+03 0.000000e+00
   8334.520170 2.555600e-13 8.394600e+03 0.000000e+00
   8353.735364 2.579800e-13 8.413950e+03 0.000000e+00
   8372.990568 2.568400e-13 8.433350e+03 0.000000e+00
   8392.295786 2.493200e-13 8.452790e+03 0.000000e+00
   8411.641015 2.557700e-13 8.472270e+03 0.000000e+00
   8431.026255 2.564100e-13 8.491800e+03 0.000000e+00
   8450.471512 2.426700e-13 8.511380e+03 0.000000e+00
   8469.946777 2.483700e-13 8.531000e+03 0.000000e+00
   8489.472055 2.513000e-13 8.550670e+03 0.000000e+00
   8509.047347 1.919900e-13 8.570380e+03 0.000000e+00
   8528.662651 2.395400e-13 8.590140e+03 0.000000e+00
   8548.317965 2.225700e-13 8.609940e+03 0.000000e+00
   8568.023293 2.429700e-13 8.629790e+03 0.000000e+00
   8587.778635 2.481100e-13 8.649680e+03 0.000000e+00
   8607.573988 2.447500e-13 8.669620e+03 0.000000e+00
   8627.409351 2.459300e-13 8.689600e+03 0.000000e+00
   8647.304732 2.476900e-13 8.709640e+03 0.000000e+00
   8667.240123 2.387800e-13 8.729710e+03 0.000000e+00
   8687.215525 2.301900e-13 8.749840e+03 0.000000e+00
   8707.240941 2.405300e-13 8.770010e+03 0.000000e+00
   8727.316371 2.456200e-13 8.790230e+03 0.000000e+00
   8747.431812 2.378800e-13 8.810490e+03 0.000000e+00
   8767.597266 2.406800e-13 8.830800e+03 0.000000e+00
   8787.812735 2.480500e-13 8.851160e+03 0.000000e+00
   8808.068214 2.447000e-13 8.871560e+03 0.000000e+00
   8828.373707 2.493000e-13 8.892010e+03 0.000000e+00
   8848.729214 2.386800e-13 8.912510e+03 0.000000e+00
   8869.124731 2.465500e-13 8.933050e+03 0.000000e+00
   8889.570263 2.312000e-13 8.953650e+03 0.000000e+00
   8910.065808 2.355500e-13 8.974290e+03 0.000000e+00
   8930.601364 2.366900e-13 8.994980e+03 0.000000e+00
   8951.186934 2.389300e-13 9.015710e+03 0.000000e+00
   8971.822518 2.351600e-13 9.036500e+03 0.000000e+00
   8992.508115 2.325200e-13 9.057330e+03 0.000000e+00
   9013.233723 2.195600e-13 9.078200e+03 0.000000e+00
   9034.009345 2.221500e-13 9.099130e+03 0.000000e+00
   9054.834981 2.498800e-13 9.120110e+03 0.000000e+00
   9075.710631 2.392300e-13 9.141130e+03 0.000000e+00
   9096.626291 2.370900e-13 9.162200e+03 0.000000e+00
   9117.601969 2.328100e-13 9.183330e+03 0.000000e+00
   9138.617657 2.444000e-13 9.204500e+03 0.000000e+00
   9159.683358 2.318500e-13 9.225710e+03 0.000000e+00
   9180.799074 2.240200e-13 9.246980e+03 0.000000e+00
   9201.964803 2.351700e-13 9.268300e+03 0.000000e+00
   9223.180546 2.220700e-13 9.289660e+03 0.000000e+00
   9244.446303 2.241700e-13 9.311080e+03 0.000000e+00
   9265.752070 2.299700e-13 9.332540e+03 0.000000e+00
   9287.107852 2.386500e-13 9.354060e+03 0.000000e+00
   9308.513647 2.108000e-13 9.375620e+03 0.000000e+00
   9329.979458 2.376600e-13 9.397230e+03 0.000000e+00
   9351.485281 2.366200e-13 9.418900e+03 0.000000e+00
   9373.041117 2.339600e-13 9.440610e+03 0.000000e+00
   9394.646967 2.361800e-13 9.462370e+03 0.000000e+00
   9416.302831 2.324600e-13 9.484180e+03 0.000000e+00
   9438.008709 2.357400e-13 9.506050e+03 0.000000e+00
   9459.774603 2.336300e-13 9.527960e+03 0.000000e+00
   9481.580508 2.358500e-13 9.549930e+03 0.000000e+00
   9503.436426 2.353600e-13 9.571940e+03 0.000000e+00
   9525.342359 2.332500e-13 9.594010e+03 0.000000e+00
   9547.298305 2.295800e-13 9.616120e+03 0.000000e+00
   9569.304265 2.317500e-13 9.638290e+03 0.000000e+00
   9591.370241 2.334100e-13 9.660510e+03 0.000000e+00
   9613.476228 2.307900e-13 9.682780e+03 0.000000e+00
   9635.642232 2.313800e-13 9.705100e+03 0.000000e+00
   9657.848247 2.277300e-13 9.727470e+03 0.000000e+00
   9680.114278 2.277800e-13 9.749900e+03 0.000000e+00
   9702.430323 2.294100e-13 9.772370e+03 0.000000e+00
   9724.796381 2.258000e-13 9.794900e+03 0.000000e+00
   9747.212454 2.253300e-13 9.817480e+03 0.000000e+00
   9769.688542 2.253800e-13 9.840110e+03 0.000000e+00
   9792.204642 2.228500e-13 9.862790e+03 0.000000e+00
   9814.770756 2.260000e-13 9.885530e+03 0.000000e+00
   9837.406888 2.250200e-13 9.908320e+03 0.000000e+00
   9860.083032 2.250700e-13 9.931160e+03 0.000000e+00
   9882.809190 2.235700e-13 9.954050e+03 0.000000e+00
   9905.595363 2.205600e-13 9.977000e+03 0.000000e+00
   9928.431551 2.216200e-13 1.000000e+04 0.000000e+00
   9951.317752 2.216800e-13 1.002305e+04 0.000000e+00
   9974.253967 2.212200e-13 1.004615e+04 0.000000e+00
   9997.240196 2.202500e-13 1.006931e+04 0.000000e+00
  10020.296444 2.187900e-13 1.009253e+04 0.000000e+00
  10066.548978 2.163900e-13 1.013912e+04 0.000000e+00
  10136.317886 2.165400e-13 1.020939e+04 0.000000e+00
  10183.110569 2.141600e-13 1.025652e+04 0.000000e+00
  10230.113309 2.132800e-13 1.030386e+04 0.000000e+00
  10277.326106 2.128900e-13 1.035142e+04 0.000000e+00
  10301.022530 2.114800e-13 1.037528e+04 0.000000e+00
  10492.534449 2.047000e-13 1.056818e+04 0.000000e+00
  10712.244025 1.966500e-13 1.078947e+04 0.000000e+00
  10911.398038 1.891000e-13 1.099006e+04 0.000000e+00
  11114.253065 1.818400e-13 1.119437e+04 0.000000e+00
  11294.852063 1.764800e-13 1.137628e+04 0.000000e+00
  11504.839043 1.728600e-13 1.158778e+04 0.000000e+00
  11691.769775 1.673700e-13 1.177606e+04 0.000000e+00
  11909.138776 1.616900e-13 1.199499e+04 0.000000e+00
  12102.641306 1.572800e-13 1.218990e+04 0.000000e+00
  12299.294699 1.537000e-13 1.238796e+04 0.000000e+00
  12499.138965 1.495200e-13 1.258925e+04 0.000000e+00
  12702.234120 1.457800e-13 1.279381e+04 0.000000e+00
  12908.630178 1.418000e-13 1.300169e+04 0.000000e+00
  13118.377153 1.385800e-13 1.321295e+04 0.000000e+00
  13300.866728 1.348000e-13 1.339676e+04 0.000000e+00
  13516.985445 1.326400e-13 1.361444e+04 0.000000e+00
  13705.026539 1.299200e-13 1.380384e+04 0.000000e+00
  13895.688349 1.260900e-13 1.399587e+04 0.000000e+00
  14089.000883 1.220900e-13 1.419057e+04 0.000000e+00
  14317.923101 1.198600e-13 1.442115e+04 0.000000e+00
  14517.107240 1.198600e-13 1.462177e+04 0.000000e+00
  14719.062137 1.166000e-13 1.482518e+04 0.000000e+00
  14889.508472 1.166000e-13 1.499685e+04 0.000000e+00
  15096.634782 1.163300e-13 1.520548e+04 0.000000e+00
  15306.651882 1.171400e-13 1.541701e+04 0.000000e+00
  15519.579778 1.160600e-13 1.563147e+04 0.000000e+00
  15699.288644 1.144700e-13 1.581248e+04 0.000000e+00
  15917.688034 1.113500e-13 1.603245e+04 0.000000e+00
  16102.008160 1.113500e-13 1.621810e+04 0.000000e+00
  16288.468870 1.103300e-13 1.640590e+04 0.000000e+00
  16515.060498 1.078200e-13 1.663413e+04 0.000000e+00
  16706.282509 1.056100e-13 1.682673e+04 0.000000e+00
  16899.735129 1.029600e-13 1.702158e+04 0.000000e+00
  17095.428361 9.992800e-14 1.721869e+04 0.000000e+00
  17293.392213 9.609200e-14 1.741808e+04 0.000000e+00
  17493.626685 9.325800e-14 1.761975e+04 0.000000e+00
  17696.201797 8.988500e-14 1.782379e+04 0.000000e+00
  17901.117547 8.703400e-14 1.803018e+04 0.000000e+00
  18108.403945 8.350000e-14 1.823896e+04 0.000000e+00
  18318.070993 8.141200e-14 1.845014e+04 0.000000e+00
  18487.577115 7.882900e-14 1.862087e+04 0.000000e+00
  18701.655367 7.597800e-14 1.883649e+04 0.000000e+00
  18918.214296 7.373700e-14 1.905462e+04 0.000000e+00
  19093.251928 7.189300e-14 1.923091e+04 0.000000e+00
  19314.342095 6.929300e-14 1.945360e+04 0.000000e+00
  19493.070734 6.647900e-14 1.963361e+04 0.000000e+00
  19718.772159 6.451900e-14 1.986094e+04 0.000000e+00
  19901.231818 6.261600e-14 2.004472e+04 0.000000e+00
  20085.391940 6.133200e-14 2.023020e+04 0.000000e+00
  20317.945235 5.911400e-14 2.046444e+04 0.000000e+00
  20505.956408 5.803500e-14 2.065380e+04 0.000000e+00
  20695.678049 5.632300e-14 2.084490e+04 0.000000e+00
  20887.180175 5.478800e-14 2.103778e+04 0.000000e+00
  21129.056014 5.354100e-14 2.128139e+04 0.000000e+00
  21324.539227 5.220200e-14 2.147829e+04 0.000000e+00
  21521.862942 5.089600e-14 2.167704e+04 0.000000e+00
  21721.017156 4.916800e-14 2.187762e+04 0.000000e+00
  21921.981864 4.816000e-14 2.208004e+04 0.000000e+00
  22124.827086 4.674000e-14 2.228435e+04 0.000000e+00
  22329.562823 4.546600e-14 2.249056e+04 0.000000e+00
  22484.324957 4.432900e-14 2.264644e+04 0.000000e+00
  22692.381600 4.302200e-14 2.285600e+04 0.000000e+00
  22902.338762 3.878700e-14 2.306747e+04 0.000000e+00
  23114.256460 3.843100e-14 2.328092e+04 0.000000e+00
  23328.124689 3.386000e-14 2.349632e+04 0.000000e+00
  23489.838719 3.211300e-14 2.365920e+04 0.000000e+00
  23707.167892 3.241100e-14 2.387810e+04 0.000000e+00
  23926.537623 2.983200e-14 2.409905e+04 0.000000e+00
  24092.402785 2.901900e-14 2.426611e+04 0.000000e+00
  24315.313482 2.868700e-14 2.449063e+04 0.000000e+00
  24483.869378 2.702000e-14 2.466040e+04 0.000000e+00
  24710.401063 2.671100e-14 2.488857e+04 0.000000e+00
  24881.697707 2.294500e-14 2.506110e+04 0.000000e+00
  25111.910395 2.263000e-14 2.529297e+04 0.000000e+00
  25285.997801 2.278700e-14 2.546831e+04 0.000000e+00
  25519.941507 2.263000e-14 2.570395e+04 0.000000e+00
  25696.859685 2.284000e-14 2.588213e+04 0.000000e+00
  25934.604428 2.237100e-14 2.612160e+04 0.000000e+00
  26114.393389 2.226800e-14 2.630268e+04 0.000000e+00
  26295.392681 2.171100e-14 2.648499e+04 0.000000e+00
  26477.682324 2.141300e-14 2.666859e+04 0.000000e+00
  26722.659040 2.097400e-14 2.691534e+04 0.000000e+00
  26907.909491 2.063900e-14 2.710192e+04 0.000000e+00
  27094.410282 2.026200e-14 2.728977e+04 0.000000e+00
  27282.241437 1.984700e-14 2.747895e+04 0.000000e+00
  27534.660183 1.948400e-14 2.773319e+04 0.000000e+00
  27725.542170 1.904100e-14 2.792545e+04 0.000000e+00
  27917.704506 1.878000e-14 2.811900e+04 0.000000e+00
  28111.237216 1.835200e-14 2.831393e+04 0.000000e+00
  28306.080283 1.801700e-14 2.851018e+04 0.000000e+00
  28502.313730 1.764800e-14 2.870782e+04 0.000000e+00
  28699.867536 1.724600e-14 2.890680e+04 0.000000e+00
  28898.821725 1.693100e-14 2.910719e+04 0.000000e+00
  29099.126282 1.658400e-14 2.930893e+04 0.000000e+00
  29300.811215 1.620600e-14 2.951208e+04 0.000000e+00
  29503.936541 1.587400e-14 2.971666e+04 0.000000e+00
  29708.432241 1.554800e-14 2.992263e+04 0.000000e+00
  29914.378336 1.523000e-14 3.013007e+04 0.000000e+00
  30121.714811 1.491700e-14 3.033890e+04 0.000000e+00
  30330.531690 1.461100e-14 3.054922e+04 0.000000e+00
  30540.758953 1.437800e-14 3.076096e+04 0.000000e+00
  30681.717348 1.411500e-14 3.090294e+04 0.000000e+00
  30894.405282 1.382600e-14 3.111717e+04 0.000000e+00
  31108.543612 1.357300e-14 3.133284e+04 0.000000e+00
  31324.192353 1.332600e-14 3.155005e+04 0.000000e+00
  31541.311496 1.305200e-14 3.176873e+04 0.000000e+00
  31686.921160 1.281400e-14 3.191539e+04 0.000000e+00
  31906.550987 1.255100e-14 3.213660e+04 0.000000e+00
  32127.731237 1.229400e-14 3.235938e+04 0.000000e+00
  32276.021632 1.206900e-14 3.250874e+04 0.000000e+00
  32499.722569 1.184900e-14 3.273406e+04 0.000000e+00
  32725.023943 1.160600e-14 3.296098e+04 0.000000e+00
  32876.065088 1.139400e-14 3.311311e+04 0.000000e+00
  33103.937163 1.118600e-14 3.334262e+04 0.000000e+00
  33333.419677 1.090700e-14 3.357376e+04 0.000000e+00
  33487.271589 1.068300e-14 3.372872e+04 0.000000e+00
  33719.414828 1.044000e-14 3.396254e+04 0.000000e+00
  33875.037223 1.020200e-14 3.411929e+04 0.000000e+00
  34109.831185 9.992800e-15 3.435578e+04 0.000000e+00
  34346.295603 9.787800e-15 3.459394e+04 0.000000e+00
  34504.818788 9.609200e-15 3.475361e+04 0.000000e+00
  34744.013951 9.390500e-15 3.499453e+04 0.000000e+00
  34904.367635 9.197900e-15 3.515604e+04 0.000000e+00
  35146.303545 9.009200e-15 3.539971e+04 0.000000e+00
  35308.557748 8.824400e-15 3.556314e+04 0.000000e+00
  35471.522144 8.643500e-15 3.572728e+04 0.000000e+00
  35717.419134 8.466200e-15 3.597495e+04 0.000000e+00
  35882.274046 8.292500e-15 3.614099e+04 0.000000e+00
  36130.981802 8.141200e-15 3.639149e+04 0.000000e+00
  36297.777243 7.974200e-15 3.655950e+04 0.000000e+00
  36549.365785 7.792700e-15 3.681289e+04 0.000000e+00
  36718.051742 7.632900e-15 3.698280e+04 0.000000e+00
  36887.567924 7.476300e-15 3.715354e+04 0.000000e+00
  37143.237579 7.323000e-15 3.741105e+04 0.000000e+00
  37314.674285 7.189300e-15 3.758372e+04 0.000000e+00
  37486.941218 7.009500e-15 3.775723e+04 0.000000e+00
  37746.772008 6.897400e-15 3.801893e+04 0.000000e+00
  37920.989472 6.771500e-15 3.819441e+04 0.000000e+00
  38096.047166 6.632600e-15 3.837073e+04 0.000000e+00
  38271.885072 6.511600e-15 3.854783e+04 0.000000e+00
  38537.197356 6.392700e-15 3.881506e+04 0.000000e+00
  38715.055814 6.247200e-15 3.899421e+04 0.000000e+00
  38893.744497 6.133200e-15 3.917418e+04 0.000000e+00
  39073.253405 6.021300e-15 3.935499e+04 0.000000e+00
  39344.127205 5.911400e-15 3.962781e+04 0.000000e+00
  39525.716680 5.790100e-15 3.981071e+04 0.000000e+00
  39708.186394 5.671400e-15 3.999450e+04 0.000000e+00
  39891.456327 5.555000e-15 4.017909e+04 0.000000e+00
  40075.576492 5.453600e-15 4.036454e+04 0.000000e+00
  40353.392185 5.366400e-15 4.064435e+04 0.000000e+00
  40539.642930 5.256400e-15 4.083195e+04 0.000000e+00
  40726.753911 5.172300e-15 4.102040e+04 0.000000e+00
  40914.725125 5.077900e-15 4.120973e+04 0.000000e+00
  41103.606588 4.996700e-15 4.139998e+04 0.000000e+00
  41293.318277 4.916800e-15 4.159106e+04 0.000000e+00
  41483.910206 4.827100e-15 4.178302e+04 0.000000e+00
  41675.422386 4.739000e-15 4.197591e+04 0.000000e+00
  41867.764793 4.652500e-15 4.216965e+04 0.000000e+00
  42157.963862 4.567600e-15 4.246193e+04 0.000000e+00
  42352.586890 4.504900e-15 4.265796e+04 0.000000e+00
  42548.060150 4.422700e-15 4.285485e+04 0.000000e+00
  42744.443658 4.352000e-15 4.305264e+04 0.000000e+00
  42941.777426 4.175300e-15 4.325140e+04 0.000000e+00
  43139.971427 3.996600e-15 4.345102e+04 0.000000e+00
  43339.085680 3.987400e-15 4.365157e+04 0.000000e+00
  43539.160194 3.816700e-15 4.385309e+04 0.000000e+00
  43740.114949 3.798700e-15 4.405549e+04 0.000000e+00
  43941.989954 3.736800e-15 4.425883e+04 0.000000e+00
  44144.805216 3.674700e-15 4.446310e+04 0.000000e+00
  44348.600745 3.612200e-15 4.466837e+04 0.000000e+00
  44553.286516 3.549500e-15 4.487454e+04 0.000000e+00
  44758.922547 3.492100e-15 4.508165e+04 0.000000e+00
  44862.150674 3.463400e-15 4.518562e+04 0.000000e+00
  45069.207092 3.405800e-15 4.539417e+04 0.000000e+00
  45277.223772 3.348000e-15 4.560368e+04 0.000000e+00
  45486.190711 3.290800e-15 4.581416e+04 0.000000e+00
  45696.187931 3.237700e-15 4.602567e+04 0.000000e+00
  45907.095398 3.184500e-15 4.623810e+04 0.000000e+00
  46118.973131 3.131000e-15 4.645151e+04 0.000000e+00
  46331.881144 3.077200e-15 4.666595e+04 0.000000e+00
  46545.729414 3.027500e-15 4.688134e+04 0.000000e+00
  46760.557950 2.978300e-15 4.709772e+04 0.000000e+00
  46868.347321 2.953600e-15 4.720628e+04 0.000000e+00
  47084.716278 2.904000e-15 4.742421e+04 0.000000e+00
  47302.035494 2.854500e-15 4.764310e+04 0.000000e+00
  47520.354982 2.809000e-15 4.786299e+04 0.000000e+00
  47739.734760 2.763300e-15 4.808395e+04 0.000000e+00
  47960.074799 2.717400e-15 4.830588e+04 0.000000e+00
  48070.624922 2.694400e-15 4.841723e+04 0.000000e+00
  48292.495379 2.649300e-15 4.864070e+04 0.000000e+00
  48515.436127 2.607100e-15 4.886525e+04 0.000000e+00
  48739.357143 2.564700e-15 4.909079e+04 0.000000e+00
  48964.318442 2.522100e-15 4.931736e+04 0.000000e+00
  49077.179195 2.500800e-15 4.943104e+04 0.000000e+00
  49303.740931 2.459700e-15 4.965924e+04 0.000000e+00
  49531.302939 2.420600e-15 4.988845e+04 0.000000e+00
  49759.915234 2.381300e-15 5.011870e+04 0.000000e+00
  49874.676505 2.361500e-15 5.023429e+04 0.000000e+00
  50104.859228 2.321900e-15 5.046614e+04 0.000000e+00
  50336.122245 2.284600e-15 5.069906e+04 0.000000e+00
  50568.445551 2.248200e-15 5.093306e+04 0.000000e+00
  50685.067330 2.230000e-15 5.105052e+04 0.000000e+00
  50801.899165 2.211700e-15 5.116820e+04 0.000000e+00
  50919.001075 2.193400e-15 5.128614e+04 0.000000e+00
  51036.373058 2.175000e-15 5.140436e+04 0.000000e+00
  51154.015114 2.156600e-15 5.152285e+04 0.000000e+00
  51271.927245 2.139400e-15 5.164162e+04 0.000000e+00
  51390.169465 2.122600e-15 5.176071e+04 0.000000e+00
  51508.631745 2.105700e-15 5.188002e+04 0.000000e+00
  51627.354097 2.088900e-15 5.199961e+04 0.000000e+00
  51746.366527 2.071900e-15 5.211947e+04 0.000000e+00
  51865.639028 2.055000e-15 5.223961e+04 0.000000e+00
  51985.191605 2.037900e-15 5.236003e+04 0.000000e+00
  52105.024259 2.020900e-15 5.248072e+04 0.000000e+00
  52225.187003 2.004000e-15 5.260175e+04 0.000000e+00
  52345.569807 1.988400e-15 5.272300e+04 0.000000e+00
  52466.232687 1.972800e-15 5.284453e+04 0.000000e+00
  52587.165641 1.957200e-15 5.296634e+04 0.000000e+00
  52708.388674 1.941500e-15 5.308843e+04 0.000000e+00
  52829.881780 1.925700e-15 5.321080e+04 0.000000e+00
  52951.714979 1.910000e-15 5.333352e+04 0.000000e+00
  53073.778241 1.894200e-15 5.345646e+04 0.000000e+00
  53196.111577 1.878300e-15 5.357968e+04 0.000000e+00
  53318.734992 1.863200e-15 5.370318e+04 0.000000e+00
  53441.638483 1.848800e-15 5.382697e+04 0.000000e+00
  53564.822050 1.834300e-15 5.395105e+04 0.000000e+00
  53688.295696 1.819700e-15 5.407541e+04 0.000000e+00
  53812.109435 1.805100e-15 5.420011e+04 0.000000e+00
  53936.153237 1.790500e-15 5.432505e+04 0.000000e+00
  54060.477115 1.775900e-15 5.445027e+04 0.000000e+00
  54185.091073 1.761200e-15 5.457579e+04 0.000000e+00
  54309.995109 1.746500e-15 5.470159e+04 0.000000e+00
  54435.179222 1.733000e-15 5.482768e+04 0.000000e+00
  54560.653414 1.719500e-15 5.495406e+04 0.000000e+00
  54686.487703 1.706000e-15 5.508079e+04 0.000000e+00
  54812.542053 1.692500e-15 5.520776e+04 0.000000e+00
  54938.886482 1.678900e-15 5.533502e+04 0.000000e+00
  55065.520990 1.665400e-15 5.546257e+04 0.000000e+00
  55192.455580 1.651800e-15 5.559041e+04 0.000000e+00
  55319.680249 1.638100e-15 5.571855e+04 0.000000e+00
  55447.255014 1.624800e-15 5.584705e+04 0.000000e+00
  55575.059841 1.612400e-15 5.597578e+04 0.000000e+00
  55703.164750 1.599900e-15 5.610481e+04 0.000000e+00
  55831.569740 1.587300e-15 5.623413e+04 0.000000e+00
  55960.264810 1.574700e-15 5.636376e+04 0.000000e+00
  56089.259962 1.562100e-15 5.649368e+04 0.000000e+00
  56218.545192 1.549500e-15 5.662390e+04 0.000000e+00
  56348.190521 1.536900e-15 5.675448e+04 0.000000e+00
  56478.085918 1.524200e-15 5.688531e+04 0.000000e+00
  56608.271394 1.512300e-15 5.701643e+04 0.000000e+00
  56738.756952 1.500700e-15 5.714786e+04 0.000000e+00
  56869.542592 1.489100e-15 5.727959e+04 0.000000e+00
  57000.628313 1.477400e-15 5.741162e+04 0.000000e+00
  57132.084136 1.465700e-15 5.754402e+04 0.000000e+00
  57263.780024 1.454000e-15 5.767667e+04 0.000000e+00
  57395.775993 1.442200e-15 5.780962e+04 0.000000e+00
  57528.072045 1.430500e-15 5.794287e+04 0.000000e+00
  57660.678180 1.418800e-15 5.807643e+04 0.000000e+00
  57793.594401 1.408000e-15 5.821030e+04 0.000000e+00
  57926.810703 1.397200e-15 5.834448e+04 0.000000e+00
  58060.397106 1.386400e-15 5.847904e+04 0.000000e+00
  58194.233578 1.375600e-15 5.861383e+04 0.000000e+00
  58328.370131 1.364700e-15 5.874894e+04 0.000000e+00
  58462.826771 1.353800e-15 5.888436e+04 0.000000e+00
  58597.583493 1.342900e-15 5.902009e+04 0.000000e+00
  58732.660303 1.331900e-15 5.915614e+04 0.000000e+00
  58868.037194 1.321500e-15 5.929250e+04 0.000000e+00
  59003.804192 1.311400e-15 5.942924e+04 0.000000e+00
  59139.811255 1.301400e-15 5.956623e+04 0.000000e+00
  59276.128402 1.291300e-15 5.970353e+04 0.000000e+00
  59412.765637 1.281200e-15 5.984115e+04 0.000000e+00
  59549.712956 1.271100e-15 5.997909e+04 0.000000e+00
  59686.980363 1.260900e-15 6.011735e+04 0.000000e+00
  59824.627873 1.250800e-15 6.025599e+04 0.000000e+00
  59962.535454 1.240600e-15 6.039488e+04 0.000000e+00
  60100.753120 1.231200e-15 6.053410e+04 0.000000e+00
  60239.280870 1.221900e-15 6.067363e+04 0.000000e+00
  60378.138710 1.212500e-15 6.081349e+04 0.000000e+00
  60517.316638 1.203100e-15 6.095367e+04 0.000000e+00
  60656.814652 1.193700e-15 6.109417e+04 0.000000e+00
  60796.692770 1.184300e-15 6.123506e+04 0.000000e+00
  60936.840962 1.174900e-15 6.137621e+04 0.000000e+00
  61077.299239 1.165400e-15 6.151769e+04 0.000000e+00
  61218.087605 1.156200e-15 6.165950e+04 0.000000e+00
  61359.206061 1.147500e-15 6.180162e+04 0.000000e+00
  61500.644605 1.138800e-15 6.194408e+04 0.000000e+00
  61642.473255 1.130100e-15 6.208693e+04 0.000000e+00
  61784.561976 1.121400e-15 6.223005e+04 0.000000e+00
  61926.980787 1.112600e-15 6.237350e+04 0.000000e+00
  62069.719685 1.103900e-15 6.251727e+04 0.000000e+00
  62212.798676 1.095100e-15 6.266138e+04 0.000000e+00
  62356.207756 1.086300e-15 6.280582e+04 0.000000e+00
  62499.936924 1.078000e-15 6.295059e+04 0.000000e+00
  62644.076204 1.069900e-15 6.309576e+04 0.000000e+00
  62788.475555 1.061800e-15 6.324120e+04 0.000000e+00
  62933.204996 1.053700e-15 6.338698e+04 0.000000e+00
  63078.274529 1.045600e-15 6.353309e+04 0.000000e+00
  63223.674152 1.037400e-15 6.367954e+04 0.000000e+00
  63369.403866 1.029300e-15 6.382632e+04 0.000000e+00
  63515.553694 1.021100e-15 6.397352e+04 0.000000e+00
  63661.953590 1.013000e-15 6.412098e+04 0.000000e+00
  63808.703581 1.005400e-15 6.426879e+04 0.000000e+00
  63955.783662 9.979200e-16 6.441693e+04 0.000000e+00
  64103.203837 9.903800e-16 6.456541e+04 0.000000e+00
  64250.964103 9.828200e-16 6.471424e+04 0.000000e+00
  64399.074466 9.752400e-16 6.486341e+04 0.000000e+00
  64547.584937 9.676400e-16 6.501300e+04 0.000000e+00
  64696.375485 9.600200e-16 6.516286e+04 0.000000e+00
  64845.506125 9.523900e-16 6.531306e+04 0.000000e+00
  64994.976858 9.451000e-16 6.546361e+04 0.000000e+00
  65144.797687 9.381100e-16 6.561452e+04 0.000000e+00
  65294.958608 9.310900e-16 6.576576e+04 0.000000e+00
  65445.469625 9.240600e-16 6.591735e+04 0.000000e+00
  65596.390753 9.170100e-16 6.606937e+04 0.000000e+00
  65747.601961 9.099400e-16 6.622166e+04 0.000000e+00
  65899.153261 9.028600e-16 6.637431e+04 0.000000e+00
  66051.064659 8.957700e-16 6.652731e+04 0.000000e+00
  66203.306148 8.886500e-16 6.668066e+04 0.000000e+00
  66355.907734 8.821100e-16 6.683436e+04 0.000000e+00
  66508.939438 8.755800e-16 6.698849e+04 0.000000e+00
  66662.251218 8.690400e-16 6.714291e+04 0.000000e+00
  66815.913094 8.624800e-16 6.729768e+04 0.000000e+00
  66969.925065 8.559100e-16 6.745280e+04 0.000000e+00
  67124.297134 8.493300e-16 6.760829e+04 0.000000e+00
  67279.019299 8.427200e-16 6.776412e+04 0.000000e+00
  67434.101561 8.361100e-16 6.792033e+04 0.000000e+00
  67589.613941 8.296700e-16 6.807696e+04 0.000000e+00
  67745.416400 8.236000e-16 6.823389e+04 0.000000e+00
  67901.578958 8.175100e-16 6.839117e+04 0.000000e+00
  68058.091610 8.114100e-16 6.854882e+04 0.000000e+00
  68214.974364 8.053000e-16 6.870683e+04 0.000000e+00
  68372.217215 7.991700e-16 6.886520e+04 0.000000e+00
  68529.890184 7.930300e-16 6.902402e+04 0.000000e+00
  68687.863235 7.868700e-16 6.918312e+04 0.000000e+00
  68846.186381 7.807000e-16 6.934259e+04 0.000000e+00
  69004.879628 7.749100e-16 6.950243e+04 0.000000e+00
  69163.942976 7.692500e-16 6.966264e+04 0.000000e+00
  69323.366422 7.635700e-16 6.982322e+04 0.000000e+00
  69483.159969 7.578800e-16 6.998416e+04 0.000000e+00
  69643.403639 7.521700e-16 7.014556e+04 0.000000e+00
  69803.937388 7.464500e-16 7.030725e+04 0.000000e+00
  69964.841237 7.407200e-16 7.046931e+04 0.000000e+00
  70126.115188 7.349800e-16 7.063175e+04 0.000000e+00
  70287.759239 7.292900e-16 7.079456e+04 0.000000e+00
  70449.783394 7.240200e-16 7.095775e+04 0.000000e+00
  70612.247669 7.187300e-16 7.112139e+04 0.000000e+00
  70775.012026 7.134300e-16 7.128533e+04 0.000000e+00
  70938.156486 7.081200e-16 7.144965e+04 0.000000e+00
  71101.671047 7.028000e-16 7.161434e+04 0.000000e+00
  71265.565712 6.974600e-16 7.177942e+04 0.000000e+00
  71429.840481 6.921200e-16 7.194488e+04 0.000000e+00
  71594.495353 6.867600e-16 7.211072e+04 0.000000e+00
  71759.600348 6.816300e-16 7.227702e+04 0.000000e+00
  71925.015427 6.767100e-16 7.244362e+04 0.000000e+00
  72090.810610 6.717700e-16 7.261061e+04 0.000000e+00
  72256.975894 6.668300e-16 7.277798e+04 0.000000e+00
  72423.531284 6.618700e-16 7.294573e+04 0.000000e+00
  72590.476780 6.569000e-16 7.311388e+04 0.000000e+00
  72757.802380 6.519200e-16 7.328241e+04 0.000000e+00
  72925.588106 6.469300e-16 7.345141e+04 0.000000e+00
  73093.693918 6.419200e-16 7.362073e+04 0.000000e+00
  73262.179835 6.373100e-16 7.379043e+04 0.000000e+00
  73431.055858 6.327100e-16 7.396052e+04 0.000000e+00
  73600.321987 6.281100e-16 7.413101e+04 0.000000e+00
  73769.978222 6.234900e-16 7.430188e+04 0.000000e+00
  73940.094583 6.188600e-16 7.447323e+04 0.000000e+00
  74110.531031 6.142200e-16 7.464490e+04 0.000000e+00
  74281.367588 6.095700e-16 7.481696e+04 0.000000e+00
  74452.594251 6.049000e-16 7.498942e+04 0.000000e+00
  74624.201018 6.003700e-16 7.516227e+04 0.000000e+00
  74796.217897 5.960800e-16 7.533553e+04 0.000000e+00
  74968.634885 5.917900e-16 7.550919e+04 0.000000e+00
  75141.522001 5.874800e-16 7.568332e+04 0.000000e+00
  75314.729204 5.831700e-16 7.585778e+04 0.000000e+00
  75488.336517 5.788500e-16 7.603263e+04 0.000000e+00
  75662.343938 5.745100e-16 7.620790e+04 0.000000e+00
  75836.751468 5.701700e-16 7.638356e+04 0.000000e+00
  76011.559108 5.658100e-16 7.655963e+04 0.000000e+00
  76186.846878 5.617200e-16 7.673619e+04 0.000000e+00
  76362.464739 5.577200e-16 7.691307e+04 0.000000e+00
  76538.482708 5.537100e-16 7.709036e+04 0.000000e+00
  76714.920792 5.496900e-16 7.726806e+04 0.000000e+00
  76891.748982 5.456600e-16 7.744617e+04 0.000000e+00
  77068.987284 5.416200e-16 7.762469e+04 0.000000e+00
  77246.635698 5.375700e-16 7.780362e+04 0.000000e+00
  77424.784248 5.335100e-16 7.798305e+04 0.000000e+00
  77603.252886 5.294900e-16 7.816280e+04 0.000000e+00
  77782.141638 5.257500e-16 7.834298e+04 0.000000e+00
  77961.430499 5.220100e-16 7.852356e+04 0.000000e+00
  78141.139474 5.182600e-16 7.870456e+04 0.000000e+00
  78321.258562 5.145000e-16 7.888598e+04 0.000000e+00
  78501.787761 5.107400e-16 7.906782e+04 0.000000e+00
  78682.827099 5.069600e-16 7.925016e+04 0.000000e+00
  78864.206530 5.031700e-16 7.943284e+04 0.000000e+00
  79045.986070 4.993800e-16 7.961594e+04 0.000000e+00
  79228.195727 4.957500e-16 7.979946e+04 0.000000e+00
  79410.825498 4.922600e-16 7.998341e+04 0.000000e+00
  79593.875385 4.887600e-16 8.016777e+04 0.000000e+00
  79777.425407 4.852600e-16 8.035265e+04 0.000000e+00
  79961.315522 4.817400e-16 8.053787e+04 0.000000e+00
  80145.635755 4.782200e-16 8.072352e+04 0.000000e+00
  80330.376102 4.746900e-16 8.090959e+04 0.000000e+00
  80515.546566 4.711500e-16 8.109609e+04 0.000000e+00
  80701.137145 4.676000e-16 8.128302e+04 0.000000e+00
  80887.157840 4.643300e-16 8.147038e+04 0.000000e+00
  81073.698678 4.610700e-16 8.165827e+04 0.000000e+00
  81260.579609 4.577900e-16 8.184650e+04 0.000000e+00
  81447.890656 4.545100e-16 8.203516e+04 0.000000e+00
  81635.631821 4.512300e-16 8.222426e+04 0.000000e+00
  81823.803103 4.479300e-16 8.241379e+04 0.000000e+00
  82012.414505 4.446300e-16 8.260376e+04 0.000000e+00
  82201.556052 4.413200e-16 8.279426e+04 0.000000e+00
  82391.027689 4.381000e-16 8.298510e+04 0.000000e+00
  82580.949448 4.350500e-16 8.317639e+04 0.000000e+00
  82771.301324 4.320000e-16 8.336812e+04 0.000000e+00
  82962.103324 4.289400e-16 8.356029e+04 0.000000e+00
  83153.335440 4.258700e-16 8.375290e+04 0.000000e+00
  83345.007676 4.228000e-16 8.394596e+04 0.000000e+00
  83537.220060 4.197100e-16 8.413955e+04 0.000000e+00
  83729.772536 4.166300e-16 8.433350e+04 0.000000e+00
  83922.775135 4.135300e-16 8.452789e+04 0.000000e+00
  84116.227857 4.106200e-16 8.472273e+04 0.000000e+00
  84310.120699 4.077700e-16 8.491803e+04 0.000000e+00
  84504.463663 4.049100e-16 8.511377e+04 0.000000e+00
  84699.336772 4.020500e-16 8.531005e+04 0.000000e+00
  84894.579982 3.991800e-16 8.550670e+04 0.000000e+00
  85090.273314 3.963000e-16 8.570380e+04 0.000000e+00
  85286.406767 3.934200e-16 8.590135e+04 0.000000e+00
  85483.000345 3.905200e-16 8.609937e+04 0.000000e+00
  85680.044045 3.876600e-16 8.629783e+04 0.000000e+00
  85877.537868 3.850000e-16 8.649675e+04 0.000000e+00
  86075.591844 3.823300e-16 8.669623e+04 0.000000e+00
  86274.005918 3.796500e-16 8.689607e+04 0.000000e+00
  86472.860112 3.769700e-16 8.709637e+04 0.000000e+00
  86672.194437 3.742900e-16 8.729713e+04 0.000000e+00
  86871.978885 3.715900e-16 8.749836e+04 0.000000e+00
  87072.223458 3.688900e-16 8.770005e+04 0.000000e+00
  87272.928156 3.661900e-16 8.790220e+04 0.000000e+00
  87474.203010 3.636000e-16 8.810492e+04 0.000000e+00
  87675.827959 3.611000e-16 8.830801e+04 0.000000e+00
  87877.933039 3.586100e-16 8.851157e+04 0.000000e+00
  88080.498245 3.561000e-16 8.871559e+04 0.000000e+00
  88283.523576 3.535900e-16 8.892009e+04 0.000000e+00
  88487.029038 3.510800e-16 8.912505e+04 0.000000e+00
  88691.094652 3.485500e-16 8.933059e+04 0.000000e+00
  88895.540370 3.460200e-16 8.953651e+04 0.000000e+00
  89100.446214 3.434900e-16 8.974289e+04 0.000000e+00
  89305.832188 3.411500e-16 8.994976e+04 0.000000e+00
  89511.688291 3.388100e-16 9.015710e+04 0.000000e+00
  89718.014521 3.364700e-16 9.036491e+04 0.000000e+00
  89924.820883 3.341300e-16 9.057321e+04 0.000000e+00
  90132.207403 3.317800e-16 9.078209e+04 0.000000e+00
  90339.964023 3.294200e-16 9.099135e+04 0.000000e+00
  90548.210777 3.270600e-16 9.120109e+04 0.000000e+00
  90756.927660 3.246900e-16 9.141132e+04 0.000000e+00
  90966.124673 3.223800e-16 9.162202e+04 0.000000e+00
  91175.801817 3.202000e-16 9.183322e+04 0.000000e+00
  91386.079124 3.180100e-16 9.204501e+04 0.000000e+00
  91596.726533 3.158200e-16 9.225717e+04 0.000000e+00
  91807.864075 3.136200e-16 9.246984e+04 0.000000e+00
  92019.491751 3.114200e-16 9.268298e+04 0.000000e+00
  92231.599557 3.092100e-16 9.289662e+04 0.000000e+00
  92444.197497 3.070000e-16 9.311076e+04 0.000000e+00
  92657.285571 3.047800e-16 9.332538e+04 0.000000e+00
  92870.973809 3.026900e-16 9.354061e+04 0.000000e+00
  93085.042150 3.006400e-16 9.375623e+04 0.000000e+00
  93299.620630 2.985900e-16 9.397234e+04 0.000000e+00
  93514.679240 2.965400e-16 9.418895e+04 0.000000e+00
  93730.237988 2.944800e-16 9.440607e+04 0.000000e+00
  93946.286868 2.924100e-16 9.462368e+04 0.000000e+00
  94162.945915 2.903400e-16 9.484190e+04 0.000000e+00
  94379.995069 2.882700e-16 9.506052e+04 0.000000e+00
  94597.544359 2.862200e-16 9.527963e+04 0.000000e+00
  94815.603787 2.843000e-16 9.549927e+04 0.000000e+00
  95034.163353 2.823800e-16 9.571940e+04 0.000000e+00
  95253.223054 2.804600e-16 9.594004e+04 0.000000e+00
  95472.792895 2.785400e-16 9.616119e+04 0.000000e+00
  95692.962899 2.766000e-16 9.638295e+04 0.000000e+00
  95913.543014 2.746700e-16 9.660512e+04 0.000000e+00
  96134.633269 2.727300e-16 9.682780e+04 0.000000e+00
  96356.223661 2.707800e-16 9.705099e+04 0.000000e+00
  96578.334194 2.689200e-16 9.727470e+04 0.000000e+00
  96800.954866 2.671300e-16 9.749893e+04 0.000000e+00
  97024.085677 2.653300e-16 9.772367e+04 0.000000e+00
  97247.846660 2.635200e-16 9.794904e+04 0.000000e+00
  97472.007752 2.617200e-16 9.817482e+04 0.000000e+00
  97696.688985 2.599100e-16 9.840112e+04 0.000000e+00
  97921.880358 2.580900e-16 9.862794e+04 0.000000e+00
  98147.601875 2.562700e-16 9.885528e+04 0.000000e+00
  98373.833531 2.544500e-16 9.908315e+04 0.000000e+00
  98600.705362 2.527600e-16 9.931166e+04 0.000000e+00
  98827.987305 2.510800e-16 9.954058e+04 0.000000e+00
  99055.789389 2.493900e-16 9.977002e+04 0.000000e+00
  99284.121618 2.477000e-16 1.000000e+05 0.000000e+00
  99512.983991 2.460000e-16 1.002305e+05 0.000000e+00
  99742.366506 2.443000e-16 1.004616e+05 0.000000e+00
  99972.279166 2.426000e-16 1.006931e+05 0.000000e+00
 100202.832000 2.408900e-16 1.009253e+05 0.000000e+00
 100433.804949 2.392300e-16 1.011580e+05 0.000000e+00
 100665.308042 2.376500e-16 1.013911e+05 0.000000e+00
 100897.351282 2.360700e-16 1.016249e+05 0.000000e+00
 101129.934670 2.344900e-16 1.018591e+05 0.000000e+00
 101363.038199 2.329000e-16 1.020939e+05 0.000000e+00
 101596.801908 2.313100e-16 1.023294e+05 0.000000e+00
 101830.985732 2.297200e-16 1.025652e+05 0.000000e+00
 102065.709703 2.281200e-16 1.028016e+05 0.000000e+00
 102300.983824 2.265200e-16 1.030386e+05 0.000000e+00
 102536.798092 2.250100e-16 1.032761e+05 0.000000e+00
 102773.152508 2.235300e-16 1.035142e+05 0.000000e+00
 103010.047070 2.220500e-16 1.037528e+05 0.000000e+00
 103247.601813 2.205600e-16 1.039921e+05 0.000000e+00
 103485.596676 2.190700e-16 1.042318e+05 0.000000e+00
 103724.141688 2.175800e-16 1.044720e+05 0.000000e+00
 103963.236851 2.160800e-16 1.047129e+05 0.000000e+00
 104202.872160 2.145800e-16 1.049542e+05 0.000000e+00
 104443.077625 2.131000e-16 1.051961e+05 0.000000e+00
 104683.823238 2.117100e-16 1.054386e+05 0.000000e+00
 104925.239033 2.103200e-16 1.056818e+05 0.000000e+00
 105167.104950 2.089300e-16 1.059254e+05 0.000000e+00
 105409.521018 2.075300e-16 1.061696e+05 0.000000e+00
 105652.497238 2.061400e-16 1.064143e+05 0.000000e+00
 105896.033611 2.047300e-16 1.066596e+05 0.000000e+00
 106140.130137 2.033300e-16 1.069054e+05 0.000000e+00
 106384.906848 2.019200e-16 1.071520e+05 0.000000e+00
 106630.133682 2.005700e-16 1.073990e+05 0.000000e+00
 106875.920668 1.992700e-16 1.076465e+05 0.000000e+00
 107122.277810 1.979600e-16 1.078947e+05 0.000000e+00
 107369.205107 1.966600e-16 1.081434e+05 0.000000e+00
 107616.692557 1.953500e-16 1.083927e+05 0.000000e+00
 107864.760165 1.940300e-16 1.086425e+05 0.000000e+00
 108113.517961 1.927200e-16 1.088931e+05 0.000000e+00
 108362.725880 1.914000e-16 1.091441e+05 0.000000e+00
 108612.513957 1.900700e-16 1.093956e+05 0.000000e+00
 108862.872189 1.888500e-16 1.096478e+05 0.000000e+00
 109113.800577 1.876300e-16 1.099006e+05 0.000000e+00
 109365.319126 1.864000e-16 1.101539e+05 0.000000e+00
 109617.537865 1.851700e-16 1.104079e+05 0.000000e+00
 109870.206727 1.839400e-16 1.106624e+05 0.000000e+00
 110123.465751 1.827100e-16 1.109175e+05 0.000000e+00
 110377.304932 1.814700e-16 1.111732e+05 0.000000e+00
 110631.734274 1.802300e-16 1.114294e+05 0.000000e+00
 110886.753777 1.790200e-16 1.116863e+05 0.000000e+00
 111142.353438 1.778700e-16 1.119437e+05 0.000000e+00
 111398.673295 1.767200e-16 1.122019e+05 0.000000e+00
 111655.453278 1.755700e-16 1.124605e+05 0.000000e+00
 111912.823421 1.744200e-16 1.127198e+05 0.000000e+00
 112170.793728 1.732600e-16 1.129796e+05 0.000000e+00
 112429.344194 1.721000e-16 1.132400e+05 0.000000e+00
 112688.514828 1.709400e-16 1.135010e+05 0.000000e+00
 112948.385653 1.697700e-16 1.137628e+05 0.000000e+00
 113208.746612 1.686700e-16 1.140250e+05 0.000000e+00
 113469.697732 1.676000e-16 1.142879e+05 0.000000e+00
 113731.249015 1.665200e-16 1.145513e+05 0.000000e+00
 113993.410464 1.654300e-16 1.148153e+05 0.000000e+00
 114256.172077 1.643500e-16 1.150800e+05 0.000000e+00
 114519.543857 1.632600e-16 1.153453e+05 0.000000e+00
 114783.645835 1.621700e-16 1.156113e+05 0.000000e+00
 115048.227944 1.610800e-16 1.158778e+05 0.000000e+00
 115313.420220 1.599900e-16 1.161449e+05 0.000000e+00
 115579.232665 1.589800e-16 1.164126e+05 0.000000e+00
 115845.645273 1.579700e-16 1.166809e+05 0.000000e+00
 116112.678050 1.569500e-16 1.169499e+05 0.000000e+00
 116380.330997 1.559400e-16 1.172195e+05 0.000000e+00
 116648.724145 1.549200e-16 1.174898e+05 0.000000e+00
 116917.607426 1.538900e-16 1.177606e+05 0.000000e+00
 117187.100874 1.528700e-16 1.180321e+05 0.000000e+00
 117457.224494 1.518400e-16 1.183041e+05 0.000000e+00
 117727.978285 1.508500e-16 1.185768e+05 0.000000e+00
 117999.352246 1.499000e-16 1.188502e+05 0.000000e+00
 118271.476411 1.489500e-16 1.191243e+05 0.000000e+00
 118544.100712 1.479900e-16 1.193989e+05 0.000000e+00
 118817.345182 1.470400e-16 1.196741e+05 0.000000e+00
 119091.229827 1.460800e-16 1.199499e+05 0.000000e+00
 119365.744644 1.451100e-16 1.202264e+05 0.000000e+00
 119640.899635 1.441500e-16 1.205036e+05 0.000000e+00
 119916.674795 1.431800e-16 1.207813e+05 0.000000e+00
 120193.230168 1.422900e-16 1.210599e+05 0.000000e+00
 120470.275674 1.413900e-16 1.213389e+05 0.000000e+00
 120747.971358 1.404900e-16 1.216186e+05 0.000000e+00
 121026.307216 1.395900e-16 1.218989e+05 0.000000e+00
 121305.273246 1.386900e-16 1.221799e+05 0.000000e+00
 121584.899455 1.377900e-16 1.224616e+05 0.000000e+00
 121865.285872 1.368900e-16 1.227440e+05 0.000000e+00
 122146.202434 1.359800e-16 1.230269e+05 0.000000e+00
 122427.759170 1.350900e-16 1.233105e+05 0.000000e+00
 122709.956080 1.342500e-16 1.235947e+05 0.000000e+00
 122992.813171 1.334100e-16 1.238796e+05 0.000000e+00
 123276.320438 1.325700e-16 1.241652e+05 0.000000e+00
 123560.477883 1.317200e-16 1.244514e+05 0.000000e+00
 123845.435546 1.308700e-16 1.247384e+05 0.000000e+00
 124130.903348 1.300200e-16 1.250259e+05 0.000000e+00
 124417.041333 1.291700e-16 1.253141e+05 0.000000e+00
 124703.829494 1.283200e-16 1.256030e+05 0.000000e+00
 124991.277836 1.275100e-16 1.258925e+05 0.000000e+00
 125279.386358 1.267200e-16 1.261827e+05 0.000000e+00
 125568.305100 1.259200e-16 1.264737e+05 0.000000e+00
 125857.753987 1.251300e-16 1.267652e+05 0.000000e+00
 126147.863054 1.243300e-16 1.270574e+05 0.000000e+00
 126438.642304 1.235300e-16 1.273503e+05 0.000000e+00
 126730.091736 1.227300e-16 1.276439e+05 0.000000e+00
 127022.211351 1.219300e-16 1.279381e+05 0.000000e+00
 127315.011152 1.211400e-16 1.282330e+05 0.000000e+00
 127608.621173 1.203900e-16 1.285287e+05 0.000000e+00
 127902.761339 1.196500e-16 1.288250e+05 0.000000e+00
 128197.591693 1.189000e-16 1.291219e+05 0.000000e+00
 128493.092229 1.181500e-16 1.294196e+05 0.000000e+00
 128789.272951 1.174000e-16 1.297179e+05 0.000000e+00
 129086.153864 1.166500e-16 1.300169e+05 0.000000e+00
 129383.704959 1.159000e-16 1.303166e+05 0.000000e+00
 129682.076278 1.151400e-16 1.306171e+05 0.000000e+00
 129981.007750 1.144200e-16 1.309182e+05 0.000000e+00
 130280.629409 1.137200e-16 1.312200e+05 0.000000e+00
 130580.931255 1.130100e-16 1.315225e+05 0.000000e+00
 130881.933291 1.123100e-16 1.318256e+05 0.000000e+00
 131183.615512 1.116100e-16 1.321295e+05 0.000000e+00
 131486.147965 1.109000e-16 1.324342e+05 0.000000e+00
 131789.230568 1.101900e-16 1.327395e+05 0.000000e+00
 132093.023365 1.094800e-16 1.330455e+05 0.000000e+00
 132397.506350 1.087700e-16 1.333521e+05 0.000000e+00
 132702.689525 1.081100e-16 1.336595e+05 0.000000e+00
 133008.582894 1.074500e-16 1.339676e+05 0.000000e+00
 133315.166452 1.067900e-16 1.342764e+05 0.000000e+00
 133622.620246 1.061200e-16 1.345861e+05 0.000000e+00
 133930.634193 1.054600e-16 1.348963e+05 0.000000e+00
 134239.348331 1.047900e-16 1.352073e+05 0.000000e+00
 134548.782666 1.041200e-16 1.355189e+05 0.000000e+00
 134858.927193 1.034600e-16 1.358313e+05 0.000000e+00
 135169.781915 1.028000e-16 1.361444e+05 0.000000e+00
 135481.516876 1.021800e-16 1.364584e+05 0.000000e+00
 135793.811990 1.015600e-16 1.367729e+05 0.000000e+00
 136106.817298 1.009400e-16 1.370882e+05 0.000000e+00
 136420.552805 1.003100e-16 1.374042e+05 0.000000e+00
 136735.008507 9.968600e-17 1.377209e+05 0.000000e+00
 137050.204412 9.905800e-17 1.380384e+05 0.000000e+00
 137366.110510 9.842900e-17 1.383566e+05 0.000000e+00
 137682.896849 9.779800e-17 1.386756e+05 0.000000e+00
 138000.263345 9.720200e-17 1.389953e+05 0.000000e+00
 138318.370043 9.661700e-17 1.393157e+05 0.000000e+00
 138637.196937 9.603000e-17 1.396368e+05 0.000000e+00
 138956.774036 9.544200e-17 1.399587e+05 0.000000e+00
 139277.071331 9.485300e-17 1.402813e+05 0.000000e+00
 139598.108828 9.426300e-17 1.406047e+05 0.000000e+00
 139920.056573 9.367100e-17 1.409289e+05 0.000000e+00
 140242.574473 9.307800e-17 1.412538e+05 0.000000e+00
 140565.852581 9.248900e-17 1.415794e+05 0.000000e+00
 140889.860887 9.193900e-17 1.419057e+05 0.000000e+00
 141214.629401 9.138700e-17 1.422328e+05 0.000000e+00
 141540.138117 9.083400e-17 1.425607e+05 0.000000e+00
 141866.557080 9.027900e-17 1.428895e+05 0.000000e+00
 142193.556202 8.972400e-17 1.432188e+05 0.000000e+00
 142521.335537 8.916700e-17 1.435490e+05 0.000000e+00
 142849.855073 8.860900e-17 1.438799e+05 0.000000e+00
 143179.134816 8.804900e-17 1.442115e+05 0.000000e+00
 143509.164764 8.751100e-17 1.445439e+05 0.000000e+00
 143839.964922 8.699200e-17 1.448771e+05 0.000000e+00
 144171.685330 8.647100e-17 1.452112e+05 0.000000e+00
 144504.005902 8.594900e-17 1.455459e+05 0.000000e+00
 144837.106687 8.542600e-17 1.458814e+05 0.000000e+00
 145170.957677 8.490200e-17 1.462177e+05 0.000000e+00
 145505.598881 8.437700e-17 1.465548e+05 0.000000e+00
 145840.990290 8.385000e-17 1.468926e+05 0.000000e+00
 146177.331959 8.332200e-17 1.472313e+05 0.000000e+00
 146514.273790 8.283000e-17 1.475707e+05 0.000000e+00
 146851.995835 8.234000e-17 1.479109e+05 0.000000e+00
 147190.508095 8.184900e-17 1.482518e+05 0.000000e+00
 147529.800567 8.135700e-17 1.485935e+05 0.000000e+00
 147869.863249 8.086300e-17 1.489361e+05 0.000000e+00
 148210.716147 8.036800e-17 1.492794e+05 0.000000e+00
 148552.499298 7.987200e-17 1.496236e+05 0.000000e+00
 148894.942630 7.937500e-17 1.499685e+05 0.000000e+00
 149238.156171 7.889000e-17 1.503142e+05 0.000000e+00
 149582.159927 7.842800e-17 1.506607e+05 0.000000e+00
 149926.953899 7.796600e-17 1.510080e+05 0.000000e+00
 150272.538086 7.750200e-17 1.513561e+05 0.000000e+00
 150619.102541 7.703700e-17 1.517051e+05 0.000000e+00
 150966.287164 7.657100e-17 1.520548e+05 0.000000e+00
 151314.272006 7.610400e-17 1.524053e+05 0.000000e+00
 151663.057066 7.563600e-17 1.527566e+05 0.000000e+00
 152012.642344 7.516700e-17 1.531087e+05 0.000000e+00
 152363.057848 7.472300e-17 1.534617e+05 0.000000e+00
 152714.263567 7.428700e-17 1.538154e+05 0.000000e+00
 153066.439551 7.385000e-17 1.541701e+05 0.000000e+00
 153419.265712 7.341200e-17 1.545255e+05 0.000000e+00
 153772.922100 7.297300e-17 1.548817e+05 0.000000e+00
 154127.378705 7.253300e-17 1.552387e+05 0.000000e+00
 154482.645532 7.209200e-17 1.555965e+05 0.000000e+00
 154838.742584 7.165000e-17 1.559552e+05 0.000000e+00
 155195.659860 7.121100e-17 1.563147e+05 0.000000e+00
 155553.567407 7.080100e-17 1.566752e+05 0.000000e+00
 155912.125130 7.038900e-17 1.570363e+05 0.000000e+00
 156271.513080 6.997600e-17 1.573983e+05 0.000000e+00
 156631.731255 6.956300e-17 1.577611e+05 0.000000e+00
 156992.779658 6.914800e-17 1.581248e+05 0.000000e+00
 157354.658286 6.873200e-17 1.584892e+05 0.000000e+00
 157717.547190 6.831600e-17 1.588548e+05 0.000000e+00
 158081.096274 6.789800e-17 1.592209e+05 0.000000e+00
 158445.485586 6.749700e-17 1.595879e+05 0.000000e+00
 158810.705126 6.710900e-17 1.599558e+05 0.000000e+00
 159176.784899 6.672000e-17 1.603245e+05 0.000000e+00
 159543.684896 6.633000e-17 1.606941e+05 0.000000e+00
 159911.455130 6.593900e-17 1.610645e+05 0.000000e+00
 160280.235640 6.554700e-17 1.614359e+05 0.000000e+00
 160649.696335 6.515400e-17 1.618080e+05 0.000000e+00
 161020.007262 6.476100e-17 1.621810e+05 0.000000e+00
 161391.168420 6.436600e-17 1.625549e+05 0.000000e+00
 161763.189813 6.399900e-17 1.629296e+05 0.000000e+00
 162136.061438 6.363200e-17 1.633051e+05 0.000000e+00
 162509.973346 6.326400e-17 1.636817e+05 0.000000e+00
 162884.565440 6.289600e-17 1.640590e+05 0.000000e+00
 163260.027771 6.252600e-17 1.644372e+05 0.000000e+00
 163636.350336 6.215600e-17 1.648162e+05 0.000000e+00
 164013.553141 6.178500e-17 1.651962e+05 0.000000e+00
 164391.606178 6.141300e-17 1.655769e+05 0.000000e+00
 164770.549458 6.105000e-17 1.659586e+05 0.000000e+00
 165150.543024 6.070300e-17 1.663413e+05 0.000000e+00
 165531.216775 6.035700e-17 1.667248e+05 0.000000e+00
 165912.780769 6.000900e-17 1.671091e+05 0.000000e+00
 166295.225003 5.966100e-17 1.674943e+05 0.000000e+00
 166678.539473 5.931200e-17 1.678804e+05 0.000000e+00
 167062.754190 5.896200e-17 1.682673e+05 0.000000e+00
 167448.019192 5.861100e-17 1.686554e+05 0.000000e+00
 167834.004391 5.825900e-17 1.690442e+05 0.000000e+00
 168220.869830 5.792600e-17 1.694338e+05 0.000000e+00
 168608.635514 5.759900e-17 1.698244e+05 0.000000e+00
 168997.291441 5.727100e-17 1.702158e+05 0.000000e+00
 169386.837611 5.694200e-17 1.706082e+05 0.000000e+00
 169777.294028 5.661300e-17 1.710015e+05 0.000000e+00
 170168.830740 5.628200e-17 1.713958e+05 0.000000e+00
 170561.077646 5.595100e-17 1.717909e+05 0.000000e+00
 170954.224797 5.562000e-17 1.721869e+05 0.000000e+00
 171348.292199 5.529100e-17 1.725838e+05 0.000000e+00
 171743.269848 5.498200e-17 1.729816e+05 0.000000e+00
 172139.147744 5.467200e-17 1.733803e+05 0.000000e+00
 172535.925884 5.436200e-17 1.737800e+05 0.000000e+00
 172933.824330 5.405100e-17 1.741808e+05 0.000000e+00
 173332.452975 5.374000e-17 1.745822e+05 0.000000e+00
 173732.011874 5.342700e-17 1.749847e+05 0.000000e+00
 174132.461015 5.311400e-17 1.753880e+05 0.000000e+00
 174533.850412 5.280000e-17 1.757923e+05 0.000000e+00
 174936.170063 5.249800e-17 1.761975e+05 0.000000e+00
 175339.610020 5.220600e-17 1.766039e+05 0.000000e+00
 175743.770172 5.191300e-17 1.770110e+05 0.000000e+00
 176148.880584 5.162000e-17 1.774190e+05 0.000000e+00
 176554.901244 5.132600e-17 1.778279e+05 0.000000e+00
 176961.882165 5.103100e-17 1.782378e+05 0.000000e+00
 177369.793340 5.073500e-17 1.786487e+05 0.000000e+00
 177778.644771 5.043900e-17 1.790605e+05 0.000000e+00
 178188.626511 5.014200e-17 1.794734e+05 0.000000e+00
 178599.368457 4.986500e-17 1.798871e+05 0.000000e+00
 179011.050660 4.958800e-17 1.803018e+05 0.000000e+00
 179423.693124 4.931100e-17 1.807174e+05 0.000000e+00
 179837.265843 4.903300e-17 1.811340e+05 0.000000e+00
 180251.808825 4.875500e-17 1.815515e+05 0.000000e+00
 180667.502121 4.847600e-17 1.819702e+05 0.000000e+00
 181083.955624 4.819600e-17 1.823896e+05 0.000000e+00
 181501.369389 4.791600e-17 1.828101e+05 0.000000e+00
 181919.743416 4.764200e-17 1.832315e+05 0.000000e+00
 182339.077705 4.738000e-17 1.836538e+05 0.000000e+00
 182759.372255 4.711900e-17 1.840771e+05 0.000000e+00
 183180.647072 4.685600e-17 1.845015e+05 0.000000e+00
 183603.102211 4.659300e-17 1.849270e+05 0.000000e+00
 184026.317557 4.633000e-17 1.853532e+05 0.000000e+00
 184450.503168 4.606500e-17 1.857805e+05 0.000000e+00
 184875.679049 4.580100e-17 1.862087e+05 0.000000e+00
 185301.835196 4.553500e-17 1.866379e+05 0.000000e+00
 185728.961609 4.528300e-17 1.870681e+05 0.000000e+00
 186157.078291 4.503600e-17 1.874993e+05 0.000000e+00
 186586.385297 4.478800e-17 1.879318e+05 0.000000e+00
 187016.492522 4.454000e-17 1.883650e+05 0.000000e+00
 187447.570011 4.429000e-17 1.887991e+05 0.000000e+00
 187879.657776 4.404100e-17 1.892343e+05 0.000000e+00
 188312.715804 4.379100e-17 1.896705e+05 0.000000e+00
 188746.814117 4.354000e-17 1.901078e+05 0.000000e+00
 189182.072746 4.329100e-17 1.905462e+05 0.000000e+00
 189618.171603 4.305700e-17 1.909854e+05 0.000000e+00
 190055.250728 4.282300e-17 1.914256e+05 0.000000e+00
 190493.340129 4.258800e-17 1.918669e+05 0.000000e+00
 190932.439804 4.235300e-17 1.923091e+05 0.000000e+00
 191372.549755 4.211700e-17 1.927524e+05 0.000000e+00
 191813.679984 4.188000e-17 1.931967e+05 0.000000e+00
 192256.040549 4.164300e-17 1.936423e+05 0.000000e+00
 192699.201331 4.140600e-17 1.940886e+05 0.000000e+00
 193143.392394 4.117700e-17 1.945360e+05 0.000000e+00
 193588.583730 4.095500e-17 1.949844e+05 0.000000e+00
 194034.825352 4.073300e-17 1.954339e+05 0.000000e+00
 194482.097255 4.051100e-17 1.958844e+05 0.000000e+00
 194930.599494 4.028800e-17 1.963361e+05 0.000000e+00
 195379.931958 4.006400e-17 1.967887e+05 0.000000e+00
 195830.294704 3.984000e-17 1.972423e+05 0.000000e+00
 196281.697733 3.961500e-17 1.976970e+05 0.000000e+00
 196734.141045 3.939000e-17 1.981527e+05 0.000000e+00
 197187.614639 3.918000e-17 1.986094e+05 0.000000e+00
 197642.158524 3.897000e-17 1.990672e+05 0.000000e+00
 198097.942747 3.875900e-17 1.995263e+05 0.000000e+00
 198554.577202 3.854800e-17 1.999862e+05 0.000000e+00
 199012.261943 3.833700e-17 2.004472e+05 0.000000e+00
 199470.996970 3.812500e-17 2.009093e+05 0.000000e+00
 199930.792286 3.791300e-17 2.013724e+05 0.000000e+00
 200391.657894 3.770000e-17 2.018366e+05 0.000000e+00
 200853.793849 3.749200e-17 2.023020e+05 0.000000e+00
 201316.770032 3.729300e-17 2.027683e+05 0.000000e+00
 201780.816507 3.709400e-17 2.032357e+05 0.000000e+00
 202245.943276 3.689400e-17 2.037042e+05 0.000000e+00
 202712.130335 3.669400e-17 2.041738e+05 0.000000e+00
 203179.397688 3.649400e-17 2.046444e+05 0.000000e+00
 203647.745335 3.629300e-17 2.051161e+05 0.000000e+00
 204117.383334 3.609200e-17 2.055892e+05 0.000000e+00
 204587.881568 3.589000e-17 2.060630e+05 0.000000e+00
 205059.480101 3.569800e-17 2.065380e+05 0.000000e+00
 205532.158929 3.551000e-17 2.070141e+05 0.000000e+00
 206005.928054 3.532100e-17 2.074913e+05 0.000000e+00
 206480.787476 3.513200e-17 2.079696e+05 0.000000e+00
 206956.747198 3.494200e-17 2.084490e+05 0.000000e+00
 207434.017277 3.475200e-17 2.089297e+05 0.000000e+00
 207912.167596 3.456200e-17 2.094113e+05 0.000000e+00
 208391.418215 3.437100e-17 2.098940e+05 0.000000e+00
 208871.779137 3.418100e-17 2.103778e+05 0.000000e+00
 209353.230356 3.400300e-17 2.108628e+05 0.000000e+00
 209835.811882 3.382400e-17 2.113488e+05 0.000000e+00
 210319.723772 3.364500e-17 2.118362e+05 0.000000e+00
 210804.525904 3.346600e-17 2.123245e+05 0.000000e+00
 211290.448341 3.328600e-17 2.128139e+05 0.000000e+00
 211777.481081 3.310500e-17 2.133045e+05 0.000000e+00
 212265.654132 3.292500e-17 2.137962e+05 0.000000e+00
 212754.937486 3.274400e-17 2.142890e+05 0.000000e+00
 213245.351147 3.256900e-17 2.147829e+05 0.000000e+00
 213737.135182 3.240000e-17 2.152783e+05 0.000000e+00
 214229.819463 3.223000e-17 2.157745e+05 0.000000e+00
 214723.634051 3.206000e-17 2.162719e+05 0.000000e+00
 215218.578948 3.189000e-17 2.167704e+05 0.000000e+00
 215714.674158 3.171900e-17 2.172701e+05 0.000000e+00
 216211.919681 3.154800e-17 2.177709e+05 0.000000e+00
 216710.535578 3.137600e-17 2.182731e+05 0.000000e+00
 217210.061724 3.120500e-17 2.187762e+05 0.000000e+00
 217710.748185 3.104400e-17 2.192805e+05 0.000000e+00
 218212.584960 3.088300e-17 2.197860e+05 0.000000e+00
 218715.582051 3.072200e-17 2.202926e+05 0.000000e+00
 219219.739459 3.056100e-17 2.208004e+05 0.000000e+00
 219725.057182 3.039900e-17 2.213094e+05 0.000000e+00
 220231.775288 3.023700e-17 2.218197e+05 0.000000e+00
 220739.423647 3.007500e-17 2.223310e+05 0.000000e+00
 221248.262330 2.991200e-17 2.228435e+05 0.000000e+00
 221758.241324 2.975300e-17 2.233572e+05 0.000000e+00
 222269.410643 2.960100e-17 2.238721e+05 0.000000e+00
 222781.760283 2.944800e-17 2.243881e+05 0.000000e+00
 223295.530311 2.929500e-17 2.249056e+05 0.000000e+00
 223810.240594 2.914200e-17 2.254240e+05 0.000000e+00
 224326.141202 2.898900e-17 2.259436e+05 0.000000e+00
 224843.222132 2.883500e-17 2.264644e+05 0.000000e+00
 225361.503389 2.868100e-17 2.269865e+05 0.000000e+00
 225880.974971 2.852600e-17 2.275097e+05 0.000000e+00
 226401.656882 2.837900e-17 2.280341e+05 0.000000e+00
 226923.769183 2.823500e-17 2.285600e+05 0.000000e+00
 227446.841746 2.809000e-17 2.290868e+05 0.000000e+00
 227971.124639 2.794500e-17 2.296149e+05 0.000000e+00
 228496.617861 2.779900e-17 2.301442e+05 0.000000e+00
 229023.321414 2.765400e-17 2.306747e+05 0.000000e+00
 229551.235296 2.750800e-17 2.312064e+05 0.000000e+00
 230080.369511 2.736100e-17 2.317393e+05 0.000000e+00
 230610.984130 2.721600e-17 2.322738e+05 0.000000e+00
 231142.559010 2.707900e-17 2.328092e+05 0.000000e+00
 231675.354223 2.694200e-17 2.333458e+05 0.000000e+00
 232209.379771 2.680400e-17 2.338837e+05 0.000000e+00
 232744.625652 2.666600e-17 2.344228e+05 0.000000e+00
 233281.131876 2.652800e-17 2.349632e+05 0.000000e+00
 233819.118504 2.639000e-17 2.355050e+05 0.000000e+00
 234358.085399 2.625100e-17 2.360479e+05 0.000000e+00
 234898.302635 2.611200e-17 2.365920e+05 0.000000e+00
 235439.760209 2.597700e-17 2.371374e+05 0.000000e+00
 235982.458120 2.584700e-17 2.376840e+05 0.000000e+00
 236526.426378 2.571700e-17 2.382319e+05 0.000000e+00
 237071.634975 2.558600e-17 2.387810e+05 0.000000e+00
 237618.343980 2.545500e-17 2.393317e+05 0.000000e+00
 238166.083266 2.532400e-17 2.398834e+05 0.000000e+00
 238715.062890 2.519200e-17 2.404363e+05 0.000000e+00
 239265.332865 2.506000e-17 2.409905e+05 0.000000e+00
 239816.853182 2.492800e-17 2.415460e+05 0.000000e+00
 240369.653847 2.480400e-17 2.421028e+05 0.000000e+00
 240923.984930 2.468100e-17 2.426611e+05 0.000000e+00
 241479.316285 2.455700e-17 2.432205e+05 0.000000e+00
 242035.947994 2.443300e-17 2.437811e+05 0.000000e+00
 242593.860053 2.430800e-17 2.443431e+05 0.000000e+00
 243153.062463 2.418300e-17 2.449063e+05 0.000000e+00
 243713.535220 2.405800e-17 2.454708e+05 0.000000e+00
 244275.318333 2.393300e-17 2.460366e+05 0.000000e+00
 244838.661872 2.381000e-17 2.466040e+05 0.000000e+00
 245403.025689 2.369300e-17 2.471725e+05 0.000000e+00
 245968.699863 2.357500e-17 2.477422e+05 0.000000e+00
 246535.674392 2.345700e-17 2.483133e+05 0.000000e+00
 247103.949275 2.333900e-17 2.488857e+05 0.000000e+00
 247673.544518 2.322100e-17 2.494594e+05 0.000000e+00
 248244.460121 2.310200e-17 2.500344e+05 0.000000e+00
 248816.946151 2.298300e-17 2.506110e+05 0.000000e+00
 249390.492471 2.286400e-17 2.511887e+05 0.000000e+00
 249965.349148 2.275100e-17 2.517677e+05 0.000000e+00
 255787.656015 2.164000e-17 2.576320e+05 0.000000e+00
 261745.859921 2.059200e-17 2.636332e+05 0.000000e+00
 267842.841652 1.960100e-17 2.697741e+05 0.000000e+00
 274081.542009 1.866500e-17 2.760578e+05 0.000000e+00
 280465.852052 1.778100e-17 2.824881e+05 0.000000e+00
 286998.592551 1.694800e-17 2.890680e+05 0.000000e+00
 293683.794603 1.616400e-17 2.958014e+05 0.000000e+00
 300524.409014 1.542300e-17 3.026913e+05 0.000000e+00
 307524.686942 1.472100e-17 3.097421e+05 0.000000e+00
 314687.659212 1.405700e-17 3.169567e+05 0.000000e+00
 322017.837055 1.342800e-17 3.243397e+05 0.000000e+00
 329518.411340 1.283300e-17 3.318944e+05 0.000000e+00
 337194.073346 1.227300e-17 3.396254e+05 0.000000e+00
 345048.123973 2.714500e-17 3.475361e+05 0.000000e+00
