# An Atlas of Galaxy Spectral Energy Distributions from the Ultraviolet to the Mid-Infrared
# Brown et al. (2014)
# http://dx.doi.org/10.5072/03/529D3551F0117
# 
# Column 1 : Restframe Wavelength (Angstrom)
# Column 2 : Flux per unit wavelength (ergs/s/cm^2/Angstrom)
# Column 3 : Observed wavelength (Angstrom)
# Column 4 : Source (0 = model, 1 = Optical Spectrum, 2 = Akari, 3 = Spitzer IRS)
# 
# CONVERTED air -> vacuum (Morton 2000/SDSS) above 2000 A by sedfit; wavelengths below are unchanged (already vacuum by convention).
    100.020000 2.141800e-25 1.011600e+02 0.000000e+00
    102.120000 3.039400e-25 1.032800e+02 0.000000e+00
    104.010000 4.015900e-25 1.052000e+02 0.000000e+00
    105.950000 5.429800e-25 1.071500e+02 0.000000e+00
    107.920000 7.341500e-25 1.091400e+02 0.000000e+00
    109.920000 1.171600e-24 1.111700e+02 0.000000e+00
    114.050000 1.980500e-24 1.153500e+02 0.000000e+00
    118.060000 3.146200e-24 1.194000e+02 0.000000e+00
    121.090000 8.143000e-24 1.224600e+02 0.000000e+00
    125.050000 1.264100e-23 1.264700e+02 0.000000e+00
    127.080000 1.555200e-23 1.285300e+02 0.000000e+00
    127.960000 1.729000e-23 1.294200e+02 0.000000e+00
    130.950000 2.305600e-23 1.324300e+02 0.000000e+00
    131.850000 2.665500e-23 1.333500e+02 0.000000e+00
    134.000000 3.204700e-23 1.355200e+02 0.000000e+00
    137.120000 4.393200e-23 1.386800e+02 0.000000e+00
    139.990000 5.698800e-23 1.415800e+02 0.000000e+00
    142.920000 9.285100e-23 1.445400e+02 0.000000e+00
    146.920000 1.502400e-22 1.485900e+02 0.000000e+00
    151.040000 2.040700e-22 1.527600e+02 0.000000e+00
    154.910000 2.746500e-22 1.566800e+02 0.000000e+00
    158.890000 3.654100e-22 1.606900e+02 0.000000e+00
    161.840000 4.485200e-22 1.636800e+02 0.000000e+00
    165.990000 5.845000e-22 1.678800e+02 0.000000e+00
    169.860000 7.512500e-22 1.717900e+02 0.000000e+00
    173.020000 9.011200e-22 1.749800e+02 0.000000e+00
    177.050000 1.137100e-21 1.790600e+02 0.000000e+00
    179.920000 1.348300e-21 1.819700e+02 0.000000e+00
    182.010000 1.505900e-21 1.840800e+02 0.000000e+00
    185.820000 1.861200e-21 1.879300e+02 0.000000e+00
    191.030000 2.397600e-21 1.932000e+02 0.000000e+00
    194.130000 2.784700e-21 1.963400e+02 0.000000e+00
    198.190000 3.363400e-21 2.004500e+02 0.000000e+00
    201.880000 4.034500e-21 2.041700e+02 0.000000e+00
    205.160000 4.610900e-21 2.074900e+02 0.000000e+00
    209.940000 5.594800e-21 2.123200e+02 0.000000e+00
    215.820000 7.274200e-21 2.182700e+02 0.000000e+00
    219.830000 8.487600e-21 2.223300e+02 0.000000e+00
    222.890000 9.479500e-21 2.254200e+02 0.000000e+00
    227.030000 1.098500e-20 2.296100e+02 0.000000e+00
    230.190000 2.684000e-20 2.328100e+02 0.000000e+00
    233.930000 4.128400e-20 2.365900e+02 0.000000e+00
    239.930000 5.442300e-20 2.426600e+02 0.000000e+00
    246.090000 6.064400e-20 2.488900e+02 0.000000e+00
    251.820000 7.043400e-20 2.546800e+02 0.000000e+00
    257.090000 6.867300e-20 2.600200e+02 0.000000e+00
    260.070000 8.068300e-20 2.630300e+02 0.000000e+00
    264.300000 8.928600e-20 2.673000e+02 0.000000e+00
    269.210000 9.745100e-20 2.722700e+02 0.000000e+00
    274.210000 1.061200e-19 2.773300e+02 0.000000e+00
    279.310000 1.147600e-19 2.824900e+02 0.000000e+00
    283.850000 1.241000e-19 2.870800e+02 0.000000e+00
    289.790000 1.317600e-19 2.930900e+02 0.000000e+00
    295.860000 1.458100e-19 2.992300e+02 0.000000e+00
    300.670000 1.519800e-19 3.040900e+02 0.000000e+00
    307.670000 1.689600e-19 3.111700e+02 0.000000e+00
    317.750000 1.953400e-19 3.213700e+02 0.000000e+00
    328.160000 2.191700e-19 3.318900e+02 0.000000e+00
    338.140000 2.447800e-19 3.419800e+02 0.000000e+00
    347.610000 2.721400e-19 3.515600e+02 0.000000e+00
    357.350000 3.011500e-19 3.614100e+02 0.000000e+00
    365.670000 3.363400e-19 3.698300e+02 0.000000e+00
    375.050000 3.687900e-19 3.793100e+02 0.000000e+00
    384.670000 4.071800e-19 3.890500e+02 0.000000e+00
    395.450000 4.707400e-19 3.999400e+02 0.000000e+00
    404.660000 5.343000e-19 4.092600e+02 0.000000e+00
    414.090000 6.050400e-19 4.187900e+02 0.000000e+00
    421.780000 6.695500e-19 4.265800e+02 0.000000e+00
    429.630000 7.495200e-19 4.345100e+02 0.000000e+00
    440.650000 8.969800e-19 4.456600e+02 0.000000e+00
    450.910000 1.051400e-18 4.560400e+02 0.000000e+00
    460.350000 1.204400e-18 4.655900e+02 0.000000e+00
    469.990000 1.441400e-18 4.753400e+02 0.000000e+00
    479.830000 1.729000e-18 4.852900e+02 0.000000e+00
    489.880000 2.054900e-18 4.954500e+02 0.000000e+00
    500.140000 2.510600e-18 5.058200e+02 0.000000e+00
    505.930000 9.589300e-18 5.116800e+02 0.000000e+00
    511.790000 3.662600e-17 5.176100e+02 0.000000e+00
    520.100000 3.800000e-17 5.260200e+02 0.000000e+00
    529.770000 4.025200e-17 5.358000e+02 0.000000e+00
    539.620000 3.933500e-17 5.457600e+02 0.000000e+00
    549.660000 5.161600e-17 5.559000e+02 0.000000e+00
    559.870000 6.306400e-17 5.662400e+02 0.000000e+00
    570.280000 7.157900e-17 5.767700e+02 0.000000e+00
    579.550000 7.092300e-17 5.861400e+02 0.000000e+00
    590.320000 8.448600e-17 5.970400e+02 0.000000e+00
    599.920000 8.745500e-17 6.067400e+02 0.000000e+00
    609.660000 1.025100e-16 6.165900e+02 0.000000e+00
    619.570000 1.196100e-16 6.266100e+02 0.000000e+00
    629.640000 1.296500e-16 6.368000e+02 0.000000e+00
    639.870000 1.370200e-16 6.471400e+02 0.000000e+00
    650.270000 1.526800e-16 6.576600e+02 0.000000e+00
    657.800000 1.613600e-16 6.652700e+02 0.000000e+00
    665.410000 1.745000e-16 6.729800e+02 0.000000e+00
    674.670000 1.861200e-16 6.823400e+02 0.000000e+00
    685.630000 1.882700e-16 6.934300e+02 0.000000e+00
    695.170000 2.268700e-16 7.030700e+02 0.000000e+00
    704.840000 2.237600e-16 7.128500e+02 0.000000e+00
    716.290000 2.684000e-16 7.244400e+02 0.000000e+00
    726.260000 2.836500e-16 7.345100e+02 0.000000e+00
    734.670000 3.011500e-16 7.430200e+02 0.000000e+00
    744.890000 3.302100e-16 7.533600e+02 0.000000e+00
    755.250000 3.522000e-16 7.638400e+02 0.000000e+00
    765.760000 3.756500e-16 7.744600e+02 0.000000e+00
    774.620000 4.062400e-16 7.834300e+02 0.000000e+00
    785.400000 4.413500e-16 7.943300e+02 0.000000e+00
    794.490000 4.664300e-16 8.035300e+02 0.000000e+00
    805.550000 4.918000e-16 8.147000e+02 0.000000e+00
    814.870000 5.173500e-16 8.241400e+02 0.000000e+00
    824.310000 5.607700e-16 8.336800e+02 0.000000e+00
    835.780000 5.233400e-16 8.452800e+02 0.000000e+00
    845.460000 6.134600e-16 8.550700e+02 0.000000e+00
    855.250000 6.468200e-16 8.649700e+02 0.000000e+00
    865.150000 6.914900e-16 8.749800e+02 0.000000e+00
    875.170000 7.375400e-16 8.851200e+02 0.000000e+00
    885.300000 7.884700e-16 8.953600e+02 0.000000e+00
    895.550000 8.332700e-16 9.057300e+02 0.000000e+00
    905.920000 8.625500e-16 9.162200e+02 0.000000e+00
    914.300000 1.243900e-15 9.247000e+02 0.000000e+00
    924.890000 7.207500e-15 9.354100e+02 0.000000e+00
    935.600000 1.516300e-14 9.462400e+02 0.000000e+00
    944.260000 3.011500e-14 9.549900e+02 0.000000e+00
    955.190000 4.034500e-14 9.660500e+02 0.000000e+00
    964.030000 5.009400e-14 9.749900e+02 0.000000e+00
    975.190000 1.502400e-14 9.862800e+02 0.000000e+00
    984.220000 5.429800e-14 9.954100e+02 0.000000e+00
    995.610000 5.343000e-14 1.006930e+03 0.000000e+00
   1004.830000 6.291900e-14 1.016250e+03 0.000000e+00
   1014.120000 5.804800e-14 1.025650e+03 0.000000e+00
   1025.870000 2.504900e-14 1.037530e+03 0.000000e+00
   1035.360000 4.940700e-14 1.047130e+03 0.000000e+00
   1044.940000 7.426500e-14 1.056820e+03 0.000000e+00
   1054.610000 7.375400e-14 1.066600e+03 0.000000e+00
   1064.370000 6.603700e-14 1.076470e+03 0.000000e+00
   1074.210000 7.341500e-14 1.086430e+03 0.000000e+00
   1084.150000 6.573300e-14 1.096480e+03 0.000000e+00
   1094.180000 7.599500e-14 1.106620e+03 0.000000e+00
   1104.310000 7.291000e-14 1.116860e+03 0.000000e+00
   1114.530000 7.307800e-14 1.127200e+03 0.000000e+00
   1124.840000 6.773100e-14 1.137630e+03 0.000000e+00
   1135.250000 7.599500e-14 1.148150e+03 0.000000e+00
   1145.750000 7.190900e-14 1.158780e+03 0.000000e+00
   1153.690000 7.460800e-14 1.166810e+03 0.000000e+00
   1164.370000 7.617000e-14 1.177610e+03 0.000000e+00
   1175.140000 6.092300e-14 1.188500e+03 0.000000e+00
   1186.020000 7.512500e-14 1.199500e+03 0.000000e+00
   1194.240000 6.573300e-14 1.207810e+03 0.000000e+00
   1205.290000 5.367700e-14 1.218990e+03 0.000000e+00
   1213.640000 2.771900e-14 1.227440e+03 0.000000e+00
   1224.870000 5.831600e-14 1.238800e+03 0.000000e+00
   1236.210000 7.375400e-14 1.250260e+03 0.000000e+00
   1244.770000 7.705200e-14 1.258930e+03 0.000000e+00
   1256.290000 7.634600e-14 1.270570e+03 0.000000e+00
   1265.000000 7.341500e-14 1.279380e+03 0.000000e+00
   1273.770000 7.921100e-14 1.288250e+03 0.000000e+00
   1285.560000 7.994400e-14 1.300170e+03 0.000000e+00
   1294.470000 7.240800e-14 1.309180e+03 0.000000e+00
   1306.440000 7.341500e-14 1.321300e+03 0.000000e+00
   1315.500000 7.994400e-14 1.330450e+03 0.000000e+00
   1324.620000 7.740800e-14 1.339680e+03 0.000000e+00
   1333.800000 7.409400e-14 1.348960e+03 0.000000e+00
   1346.140000 7.830400e-14 1.361440e+03 0.000000e+00
   1355.470000 7.812400e-14 1.370880e+03 0.000000e+00
   1364.870000 7.512500e-14 1.380380e+03 0.000000e+00
   1374.330000 7.547200e-14 1.389950e+03 0.000000e+00
   1383.860000 7.617000e-14 1.399590e+03 0.000000e+00
   1393.450000 6.820000e-14 1.409290e+03 0.000000e+00
   1406.340000 7.027200e-14 1.422330e+03 0.000000e+00
   1416.090000 7.409400e-14 1.432190e+03 0.000000e+00
   1425.910000 7.341500e-14 1.442120e+03 0.000000e+00
   1435.790000 7.443600e-14 1.452110e+03 0.000000e+00
   1442.420000 7.564600e-14 1.458810e+03 0.000000e+00
   1445.740000 7.529800e-14 1.462180e+03 0.000000e+00
   1455.760000 7.443600e-14 1.472310e+03 0.000000e+00
   1465.850000 7.224100e-14 1.482520e+03 0.000000e+00
   1476.020000 7.224100e-14 1.492790e+03 0.000000e+00
   1486.250000 7.207500e-14 1.503140e+03 0.000000e+00
   1496.550000 7.190900e-14 1.513560e+03 0.000000e+00
   1503.460000 6.962800e-14 1.520550e+03 0.000000e+00
   1510.400000 6.588500e-14 1.527570e+03 0.000000e+00
   1517.370000 6.757500e-14 1.534620e+03 0.000000e+00
   1524.370000 6.788700e-14 1.541700e+03 0.000000e+00
   1534.940000 6.291900e-14 1.552390e+03 0.000000e+00
   1545.580000 6.379500e-14 1.563150e+03 0.000000e+00
   1556.290000 6.205600e-14 1.573980e+03 0.000000e+00
   1563.470000 6.408900e-14 1.581250e+03 0.000000e+00
   1574.310000 6.649400e-14 1.592210e+03 0.000000e+00
   1585.220000 6.695500e-14 1.603250e+03 0.000000e+00
   1596.210000 6.773100e-14 1.614360e+03 0.000000e+00
   1603.580000 6.618900e-14 1.621810e+03 0.000000e+00
   1614.700000 6.588500e-14 1.633050e+03 0.000000e+00
   1625.890000 6.528100e-14 1.644370e+03 0.000000e+00
   1633.390000 6.695500e-14 1.651960e+03 0.000000e+00
   1644.720000 6.649400e-14 1.663410e+03 0.000000e+00
   1656.120000 6.543100e-14 1.674940e+03 0.000000e+00
   1663.760000 6.757500e-14 1.682670e+03 0.000000e+00
   1671.440000 6.513000e-14 1.690440e+03 0.000000e+00
   1675.290000 6.788700e-14 1.694340e+03 0.000000e+00
   1686.910000 6.788700e-14 1.706080e+03 0.000000e+00
   1694.690000 6.618900e-14 1.713960e+03 0.000000e+00
   1706.440000 6.483100e-14 1.725840e+03 0.000000e+00
   1714.320000 6.306400e-14 1.733800e+03 0.000000e+00
   1726.200000 6.277500e-14 1.745820e+03 0.000000e+00
   1734.170000 6.453300e-14 1.753880e+03 0.000000e+00
   1746.190000 6.335600e-14 1.766040e+03 0.000000e+00
   1754.250000 6.468200e-14 1.774190e+03 0.000000e+00
   1766.410000 6.219900e-14 1.786490e+03 0.000000e+00
   1774.560000 6.248600e-14 1.794730e+03 0.000000e+00
   1786.860000 6.306400e-14 1.807170e+03 0.000000e+00
   1795.110000 6.408900e-14 1.815520e+03 0.000000e+00
   1803.390000 6.408900e-14 1.823900e+03 0.000000e+00
   1815.890000 6.148700e-14 1.836540e+03 0.000000e+00
   1824.280000 6.234300e-14 1.845020e+03 0.000000e+00
   1836.920000 6.134600e-14 1.857800e+03 0.000000e+00
   1845.400000 5.818100e-14 1.866380e+03 0.000000e+00
   1853.920000 5.778100e-14 1.874990e+03 0.000000e+00
   1866.770000 5.872000e-14 1.887990e+03 0.000000e+00
   1875.390000 6.064400e-14 1.896710e+03 0.000000e+00
   1884.040000 5.698800e-14 1.905460e+03 0.000000e+00
   1897.100000 5.480100e-14 1.918670e+03 0.000000e+00
   1905.860000 5.778100e-14 1.927530e+03 0.000000e+00
   1914.660000 5.581900e-14 1.936420e+03 0.000000e+00
   1923.490000 5.467400e-14 1.945360e+03 0.000000e+00
   1936.830000 5.646600e-14 1.958840e+03 0.000000e+00
   1945.770000 5.764800e-14 1.967890e+03 0.000000e+00
   1954.750000 5.442300e-14 1.976970e+03 0.000000e+00
   1968.300000 5.712000e-14 1.990670e+03 0.000000e+00
   1977.380000 5.858500e-14 1.999860e+03 0.000000e+00
   1981.940000 5.620600e-14 2.004470e+03 0.000000e+00
   1995.680000 5.518000e-14 2.018370e+03 0.000000e+00
   2005.538939 5.620600e-14 2.027680e+03 0.000000e+00
   2014.800571 5.594800e-14 2.037040e+03 0.000000e+00
   2024.092231 5.712000e-14 2.046450e+03 0.000000e+00
   2033.433921 5.492700e-14 2.055890e+03 0.000000e+00
   2047.526508 5.518000e-14 2.070140e+03 0.000000e+00
   2056.978268 5.318400e-14 2.079700e+03 0.000000e+00
   2066.470053 5.404900e-14 2.089300e+03 0.000000e+00
   2076.011866 5.633600e-14 2.098940e+03 0.000000e+00
   2080.792780 5.392400e-14 2.103780e+03 0.000000e+00
   2085.593703 5.492700e-14 2.108630e+03 0.000000e+00
   2095.215565 5.318400e-14 2.118360e+03 0.000000e+00
   2104.887452 5.417300e-14 2.128140e+03 0.000000e+00
   2114.599363 5.417300e-14 2.137960e+03 0.000000e+00
   2124.361300 5.480100e-14 2.147830e+03 0.000000e+00
   2134.163258 5.367700e-14 2.157740e+03 0.000000e+00
   2144.015241 5.294000e-14 2.167700e+03 0.000000e+00
   2153.907246 5.380000e-14 2.177710e+03 0.000000e+00
   2163.849275 5.318400e-14 2.187760e+03 0.000000e+00
   2173.841327 5.281800e-14 2.197860e+03 0.000000e+00
   2183.873400 5.245500e-14 2.208010e+03 0.000000e+00
   2193.945493 5.306200e-14 2.218200e+03 0.000000e+00
   2204.077612 5.233400e-14 2.228440e+03 0.000000e+00
   2214.249750 5.161600e-14 2.238720e+03 0.000000e+00
   2224.461909 5.079100e-14 2.249050e+03 0.000000e+00
   2234.734091 5.137900e-14 2.259440e+03 0.000000e+00
   2245.046293 5.102500e-14 2.269860e+03 0.000000e+00
   2255.408517 5.009400e-14 2.280340e+03 0.000000e+00
   2265.820761 5.032500e-14 2.290870e+03 0.000000e+00
   2276.273025 5.043900e-14 2.301440e+03 0.000000e+00
   2286.785311 5.053600e-14 2.312070e+03 0.000000e+00
   2297.337617 4.902800e-14 2.322740e+03 0.000000e+00
   2307.939942 4.935000e-14 2.333460e+03 0.000000e+00
   2313.261113 4.866400e-14 2.338840e+03 0.000000e+00
   2323.933468 4.355600e-14 2.349630e+03 0.000000e+00
   2334.665846 4.741200e-14 2.360480e+03 0.000000e+00
   2345.438241 4.674300e-14 2.371370e+03 0.000000e+00
   2356.260657 4.737600e-14 2.382320e+03 0.000000e+00
   2367.133092 4.638700e-14 2.393320e+03 0.000000e+00
   2378.065549 4.647600e-14 2.404360e+03 0.000000e+00
   2383.546784 4.540900e-14 2.409910e+03 0.000000e+00
   2394.549269 4.602300e-14 2.421030e+03 0.000000e+00
   2405.601773 4.537500e-14 2.432200e+03 0.000000e+00
   2416.704297 4.525300e-14 2.443430e+03 0.000000e+00
   2427.856840 4.565400e-14 2.454710e+03 0.000000e+00
   2433.448118 4.470900e-14 2.460370e+03 0.000000e+00
   2444.680691 4.520900e-14 2.471720e+03 0.000000e+00
   2455.963282 4.498300e-14 2.483130e+03 0.000000e+00
   2467.305895 4.445100e-14 2.494600e+03 0.000000e+00
   2472.987206 4.403400e-14 2.500350e+03 0.000000e+00
   2484.399846 4.422000e-14 2.511890e+03 0.000000e+00
   2495.872506 4.231000e-14 2.523480e+03 0.000000e+00
   2507.385183 4.398200e-14 2.535130e+03 0.000000e+00
   2513.166530 4.257800e-14 2.540970e+03 0.000000e+00
   2518.957881 4.326100e-14 2.546830e+03 0.000000e+00
   2524.769238 4.256100e-14 2.552700e+03 0.000000e+00
   2536.421964 4.225000e-14 2.564480e+03 0.000000e+00
   2548.124708 4.184600e-14 2.576320e+03 0.000000e+00
   2553.996088 4.251700e-14 2.582260e+03 0.000000e+00
   2565.788863 4.211000e-14 2.594180e+03 0.000000e+00
   2577.631656 4.248200e-14 2.606150e+03 0.000000e+00
   2583.573060 4.227800e-14 2.612160e+03 0.000000e+00
   2595.495881 4.196900e-14 2.624220e+03 0.000000e+00
   2607.478723 4.147100e-14 2.636330e+03 0.000000e+00
   2613.490151 4.117700e-14 2.642410e+03 0.000000e+00
   2625.553020 4.125500e-14 2.654610e+03 0.000000e+00
   2637.665908 4.114200e-14 2.666860e+03 0.000000e+00
   2643.747359 4.189800e-14 2.673010e+03 0.000000e+00
   2655.950277 4.178400e-14 2.685340e+03 0.000000e+00
   2668.213214 4.091000e-14 2.697740e+03 0.000000e+00
   2674.354688 4.108900e-14 2.703960e+03 0.000000e+00
   2686.707655 4.107200e-14 2.716440e+03 0.000000e+00
   2692.899144 4.031300e-14 2.722700e+03 0.000000e+00
   2705.322137 4.038800e-14 2.735270e+03 0.000000e+00
   2717.815151 3.981700e-14 2.747890e+03 0.000000e+00
   2724.076664 3.944300e-14 2.754230e+03 0.000000e+00
   2736.649706 3.979000e-14 2.766940e+03 0.000000e+00
   2742.961235 3.843100e-14 2.773320e+03 0.000000e+00
   2755.614304 3.841400e-14 2.786120e+03 0.000000e+00
   2768.337395 3.857400e-14 2.798980e+03 0.000000e+00
   2774.718947 3.901200e-14 2.805430e+03 0.000000e+00
   2787.522065 3.854800e-14 2.818380e+03 0.000000e+00
   2793.953633 3.655100e-14 2.824880e+03 0.000000e+00
   2806.846780 3.721400e-14 2.837920e+03 0.000000e+00
   2813.318362 3.833600e-14 2.844460e+03 0.000000e+00
   2826.301538 3.805400e-14 2.857590e+03 0.000000e+00
   2832.813133 3.735100e-14 2.864180e+03 0.000000e+00
   2845.896341 3.733400e-14 2.877400e+03 0.000000e+00
   2859.029566 3.706000e-14 2.890680e+03 0.000000e+00
   2865.621186 3.739400e-14 2.897340e+03 0.000000e+00
   2878.844440 3.711900e-14 2.910720e+03 0.000000e+00
   2885.476074 3.702500e-14 2.917430e+03 0.000000e+00
   2898.799359 3.683800e-14 2.930890e+03 0.000000e+00
   2912.182663 3.699000e-14 2.944420e+03 0.000000e+00
   2932.367656 3.637300e-14 2.964830e+03 0.000000e+00
   2952.692692 3.584800e-14 2.985380e+03 0.000000e+00
   2973.157773 3.573900e-14 3.006080e+03 0.000000e+00
   2993.762898 3.538600e-14 3.026910e+03 0.000000e+00
   3007.586341 3.512500e-14 3.040890e+03 0.000000e+00
   3028.431541 3.485700e-14 3.061960e+03 0.000000e+00
   3049.416785 3.451200e-14 3.083190e+03 0.000000e+00
   3070.552075 3.409100e-14 3.104560e+03 0.000000e+00
   3091.837411 3.375300e-14 3.126080e+03 0.000000e+00
   3113.272794 3.341800e-14 3.147750e+03 0.000000e+00
   3127.636405 3.301900e-14 3.162280e+03 0.000000e+00
   3149.321864 3.276600e-14 3.184200e+03 0.000000e+00
   3171.147367 3.244000e-14 3.206270e+03 0.000000e+00
   3193.132918 3.175000e-14 3.228490e+03 0.000000e+00
   3207.866643 3.173300e-14 3.243400e+03 0.000000e+00
   3230.102271 3.127300e-14 3.265880e+03 0.000000e+00
   3252.487944 3.124800e-14 3.288520e+03 0.000000e+00
   3267.501753 3.115900e-14 3.303700e+03 0.000000e+00
   3290.147505 3.084800e-14 3.326600e+03 0.000000e+00
   3312.953305 3.054000e-14 3.349660e+03 0.000000e+00
   3320.595250 3.095700e-14 3.357380e+03 0.000000e+00
   3328.247199 3.109100e-14 3.365120e+03 0.000000e+00
   3335.919153 3.101100e-14 3.372870e+03 0.000000e+00
   3343.611114 2.926800e-14 3.380650e+03 0.000000e+00
   3351.313077 3.099400e-14 3.388440e+03 0.000000e+00
   3359.045049 2.898400e-14 3.396250e+03 0.000000e+00
   3366.787025 2.958200e-14 3.404080e+03 0.000000e+00
   3374.549006 2.916800e-14 3.411930e+03 0.000000e+00
   3382.320991 2.882600e-14 3.419790e+03 0.000000e+00
   3390.122984 3.003800e-14 3.427680e+03 0.000000e+00
   3397.934980 3.009900e-14 3.435580e+03 0.000000e+00
   3405.766983 2.920300e-14 3.443500e+03 0.000000e+00
   3413.618991 2.906000e-14 3.451440e+03 0.000000e+00
   3421.491005 2.979700e-14 3.459390e+03 0.000000e+00
   3429.373022 2.972000e-14 3.467370e+03 0.000000e+00
   3437.285048 2.998700e-14 3.475360e+03 0.000000e+00
   3445.207077 2.889400e-14 3.483370e+03 0.000000e+00
   3453.149113 3.017700e-14 3.491400e+03 0.000000e+00
   3461.111153 2.874500e-14 3.499450e+03 0.000000e+00
   3469.083198 2.873600e-14 3.507520e+03 0.000000e+00
   3477.085250 2.866200e-14 3.515600e+03 0.000000e+00
   3485.097306 2.819500e-14 3.523710e+03 0.000000e+00
   3493.129368 2.911100e-14 3.531830e+03 0.000000e+00
   3501.181436 2.876900e-14 3.539970e+03 0.000000e+00
   3509.253510 2.797700e-14 3.548130e+03 0.000000e+00
   3517.345589 2.777600e-14 3.556310e+03 0.000000e+00
   3525.457674 2.834900e-14 3.564510e+03 0.000000e+00
   3533.579763 2.853800e-14 3.572730e+03 0.000000e+00
   3541.721857 2.879300e-14 3.580960e+03 0.000000e+00
   3549.893960 2.925200e-14 3.589220e+03 0.000000e+00
   3558.076066 2.924400e-14 3.597490e+03 0.000000e+00
   3566.278178 2.916800e-14 3.605790e+03 0.000000e+00
   3574.500296 2.816900e-14 3.614100e+03 0.000000e+00
   3582.732418 2.733000e-14 3.622430e+03 0.000000e+00
   3590.994547 2.676200e-14 3.630780e+03 0.000000e+00
   3599.276683 2.750300e-14 3.639150e+03 0.000000e+00
   3607.568821 2.768500e-14 3.647540e+03 0.000000e+00
   3615.880966 2.799800e-14 3.655950e+03 0.000000e+00
   3624.223119 2.824800e-14 3.664370e+03 0.000000e+00
   3632.575275 2.950200e-14 3.672820e+03 0.000000e+00
   3634.645810 2.789600e-14 3.674920e+03 1.000000e+00
   3637.366512 2.703300e-14 3.677670e+03 1.000000e+00
   3640.087215 2.952500e-14 3.680420e+03 1.000000e+00
   3642.807918 2.835500e-14 3.683170e+03 1.000000e+00
   3645.528621 2.566100e-14 3.685920e+03 1.000000e+00
   3648.249323 2.637500e-14 3.688670e+03 1.000000e+00
   3650.970026 2.829600e-14 3.691420e+03 1.000000e+00
   3653.690729 2.845800e-14 3.694170e+03 1.000000e+00
   3656.411432 2.818600e-14 3.696920e+03 1.000000e+00
   3659.122133 3.014900e-14 3.699670e+03 1.000000e+00
   3661.842836 2.487000e-14 3.702420e+03 1.000000e+00
   3664.563540 2.693600e-14 3.705170e+03 1.000000e+00
   3667.284243 2.681300e-14 3.707920e+03 1.000000e+00
   3670.004946 2.752900e-14 3.710670e+03 1.000000e+00
   3672.725650 2.528000e-14 3.713420e+03 1.000000e+00
   3675.446353 2.835000e-14 3.716170e+03 1.000000e+00
   3678.167057 2.878500e-14 3.718920e+03 1.000000e+00
   3680.887761 2.573900e-14 3.721670e+03 1.000000e+00
   3683.608465 2.539300e-14 3.724420e+03 1.000000e+00
   3686.329168 2.579900e-14 3.727170e+03 1.000000e+00
   3689.039870 2.707500e-14 3.729920e+03 1.000000e+00
   3691.760574 2.650700e-14 3.732670e+03 1.000000e+00
   3694.481278 2.710900e-14 3.735420e+03 1.000000e+00
   3697.201982 2.667300e-14 3.738170e+03 1.000000e+00
   3699.922686 2.946700e-14 3.740920e+03 1.000000e+00
   3702.643390 2.734200e-14 3.743670e+03 1.000000e+00
   3705.364095 2.851800e-14 3.746420e+03 1.000000e+00
   3708.084799 2.689600e-14 3.749170e+03 1.000000e+00
   3710.805504 2.667500e-14 3.751920e+03 1.000000e+00
   3713.526208 2.670600e-14 3.754670e+03 1.000000e+00
   3716.246913 3.146200e-14 3.757420e+03 1.000000e+00
   3718.957615 4.079400e-14 3.760170e+03 1.000000e+00
   3721.678319 7.683500e-14 3.762920e+03 1.000000e+00
   3724.399024 1.371100e-13 3.765670e+03 1.000000e+00
   3727.119729 1.815900e-13 3.768420e+03 1.000000e+00
   3729.840434 1.741600e-13 3.771170e+03 1.000000e+00
   3732.561139 1.174200e-13 3.773920e+03 1.000000e+00
   3735.281844 6.597400e-14 3.776670e+03 1.000000e+00
   3738.002549 4.134800e-14 3.779420e+03 1.000000e+00
   3740.723254 3.598000e-14 3.782170e+03 1.000000e+00
   3743.443960 3.193500e-14 3.784920e+03 1.000000e+00
   3746.164665 2.792200e-14 3.787670e+03 1.000000e+00
   3748.875368 2.915300e-14 3.790420e+03 1.000000e+00
   3751.596073 2.690500e-14 3.793170e+03 1.000000e+00
   3754.316778 3.193800e-14 3.795920e+03 1.000000e+00
   3757.037484 3.215300e-14 3.798670e+03 1.000000e+00
   3759.758190 3.184500e-14 3.801420e+03 1.000000e+00
   3762.478895 3.253200e-14 3.804170e+03 1.000000e+00
   3765.199601 3.075500e-14 3.806920e+03 1.000000e+00
   3767.920307 2.906200e-14 3.809670e+03 1.000000e+00
   3770.641013 2.977700e-14 3.812420e+03 1.000000e+00
   3773.361719 3.109400e-14 3.815170e+03 1.000000e+00
   3776.082425 3.112000e-14 3.817920e+03 1.000000e+00
   3778.793128 3.234600e-14 3.820670e+03 1.000000e+00
   3781.513834 3.492000e-14 3.823420e+03 1.000000e+00
   3784.234540 3.593800e-14 3.826170e+03 1.000000e+00
   3786.955247 3.637700e-14 3.828920e+03 1.000000e+00
   3789.675953 3.328900e-14 3.831670e+03 1.000000e+00
   3792.396659 3.057300e-14 3.834420e+03 1.000000e+00
   3795.117366 3.030800e-14 3.837170e+03 1.000000e+00
   3797.838072 2.976500e-14 3.839920e+03 1.000000e+00
   3800.558779 2.954200e-14 3.842670e+03 1.000000e+00
   3803.279485 3.163800e-14 3.845420e+03 1.000000e+00
   3806.000192 3.293000e-14 3.848170e+03 1.000000e+00
   3808.710896 3.533400e-14 3.850920e+03 1.000000e+00
   3811.431603 3.725900e-14 3.853670e+03 1.000000e+00
   3814.152310 3.631300e-14 3.856420e+03 1.000000e+00
   3816.873017 3.649600e-14 3.859170e+03 1.000000e+00
   3819.593724 3.576000e-14 3.861920e+03 1.000000e+00
   3822.314431 3.708100e-14 3.864670e+03 1.000000e+00
   3825.035138 3.427500e-14 3.867420e+03 1.000000e+00
   3827.755845 3.286700e-14 3.870170e+03 1.000000e+00
   3830.476552 3.004900e-14 3.872920e+03 1.000000e+00
   3833.197259 2.794700e-14 3.875670e+03 1.000000e+00
   3835.917967 2.839400e-14 3.878420e+03 1.000000e+00
   3838.628671 2.891900e-14 3.881170e+03 1.000000e+00
   3841.349379 3.188000e-14 3.883920e+03 1.000000e+00
   3844.070086 3.494200e-14 3.886670e+03 1.000000e+00
   3846.790794 3.521200e-14 3.889420e+03 1.000000e+00
   3849.511501 3.819300e-14 3.892170e+03 1.000000e+00
   3852.232209 3.721500e-14 3.894920e+03 1.000000e+00
   3854.952917 3.713500e-14 3.897670e+03 1.000000e+00
   3857.673625 3.888300e-14 3.900420e+03 1.000000e+00
   3860.394332 4.029800e-14 3.903170e+03 1.000000e+00
   3863.115040 4.157900e-14 3.905920e+03 1.000000e+00
   3865.835748 4.486600e-14 3.908670e+03 1.000000e+00
   3868.546454 4.485500e-14 3.911420e+03 1.000000e+00
   3871.267162 4.427400e-14 3.914170e+03 1.000000e+00
   3873.987870 3.857200e-14 3.916920e+03 1.000000e+00
   3876.708578 3.681400e-14 3.919670e+03 1.000000e+00
   3879.429286 3.491800e-14 3.922420e+03 1.000000e+00
   3882.149994 3.290300e-14 3.925170e+03 1.000000e+00
   3884.870703 3.462400e-14 3.927920e+03 1.000000e+00
   3887.591411 3.396700e-14 3.930670e+03 1.000000e+00
   3890.312120 3.443600e-14 3.933420e+03 1.000000e+00
   3893.032828 3.323500e-14 3.936170e+03 1.000000e+00
   3895.753537 3.246200e-14 3.938920e+03 1.000000e+00
   3898.464243 3.315400e-14 3.941670e+03 1.000000e+00
   3901.184951 3.507100e-14 3.944420e+03 1.000000e+00
   3903.905660 3.625900e-14 3.947170e+03 1.000000e+00
   3906.626369 3.615400e-14 3.949920e+03 1.000000e+00
   3909.347078 3.779600e-14 3.952670e+03 1.000000e+00
   3912.067787 3.820400e-14 3.955420e+03 1.000000e+00
   3914.788495 3.806100e-14 3.958170e+03 1.000000e+00
   3917.509204 3.658200e-14 3.960920e+03 1.000000e+00
   3920.229914 3.682400e-14 3.963670e+03 1.000000e+00
   3922.950623 3.630800e-14 3.966420e+03 1.000000e+00
   3925.671332 3.608400e-14 3.969170e+03 1.000000e+00
   3928.382038 3.523500e-14 3.971920e+03 1.000000e+00
   3931.102748 3.363700e-14 3.974670e+03 1.000000e+00
   3933.823457 3.397200e-14 3.977420e+03 1.000000e+00
   3936.544166 3.401000e-14 3.980170e+03 1.000000e+00
   3939.264876 3.548900e-14 3.982920e+03 1.000000e+00
   3941.985585 3.635100e-14 3.985670e+03 1.000000e+00
   3944.706295 3.832000e-14 3.988420e+03 1.000000e+00
   3947.427004 3.685300e-14 3.991170e+03 1.000000e+00
   3950.147714 3.633000e-14 3.993920e+03 1.000000e+00
   3952.868424 3.663300e-14 3.996670e+03 1.000000e+00
   3955.589133 3.628800e-14 3.999420e+03 1.000000e+00
   3958.299841 3.595800e-14 4.002170e+03 1.000000e+00
   3961.020550 3.278900e-14 4.004920e+03 1.000000e+00
   3963.741260 3.245000e-14 4.007670e+03 1.000000e+00
   3966.461970 3.394100e-14 4.010420e+03 1.000000e+00
   3969.182680 3.330600e-14 4.013170e+03 1.000000e+00
   3971.903390 3.180400e-14 4.015920e+03 1.000000e+00
   3974.624100 3.269500e-14 4.018670e+03 1.000000e+00
   3977.344810 3.258600e-14 4.021420e+03 1.000000e+00
   3980.065521 3.325500e-14 4.024170e+03 1.000000e+00
   3982.786231 3.528800e-14 4.026920e+03 1.000000e+00
   3985.506941 3.612000e-14 4.029670e+03 1.000000e+00
   3988.217649 3.786500e-14 4.032420e+03 1.000000e+00
   3990.938359 3.790000e-14 4.035170e+03 1.000000e+00
   3993.659070 3.717500e-14 4.037920e+03 1.000000e+00
   3996.379780 3.838000e-14 4.040670e+03 1.000000e+00
   3999.100491 3.962700e-14 4.043420e+03 1.000000e+00
   4001.821201 3.881200e-14 4.046170e+03 1.000000e+00
   4004.541912 4.107500e-14 4.048920e+03 1.000000e+00
   4007.262623 4.176600e-14 4.051670e+03 1.000000e+00
   4009.983333 4.056700e-14 4.054420e+03 1.000000e+00
   4012.704044 3.903400e-14 4.057170e+03 1.000000e+00
   4015.424755 4.022500e-14 4.059920e+03 1.000000e+00
   4018.135463 3.999900e-14 4.062670e+03 1.000000e+00
   4020.856174 4.003400e-14 4.065420e+03 1.000000e+00
   4023.576885 3.969800e-14 4.068170e+03 1.000000e+00
   4026.297596 3.959100e-14 4.070920e+03 1.000000e+00
   4029.018307 3.846100e-14 4.073670e+03 1.000000e+00
   4031.739019 4.023600e-14 4.076420e+03 1.000000e+00
   4034.459730 4.017500e-14 4.079170e+03 1.000000e+00
   4037.180441 3.980500e-14 4.081920e+03 1.000000e+00
   4039.901152 4.009500e-14 4.084670e+03 1.000000e+00
   4042.621864 4.098600e-14 4.087420e+03 1.000000e+00
   4045.342575 4.020300e-14 4.090170e+03 1.000000e+00
   4048.053284 4.099600e-14 4.092920e+03 1.000000e+00
   4050.773995 4.007600e-14 4.095670e+03 1.000000e+00
   4053.494707 4.001700e-14 4.098420e+03 1.000000e+00
   4056.215418 4.015000e-14 4.101170e+03 1.000000e+00
   4058.936130 4.107400e-14 4.103920e+03 1.000000e+00
   4061.656842 4.070700e-14 4.106670e+03 1.000000e+00
   4064.377553 3.874400e-14 4.109420e+03 1.000000e+00
   4067.098265 4.048600e-14 4.112170e+03 1.000000e+00
   4069.818977 4.067600e-14 4.114920e+03 1.000000e+00
   4072.539689 3.981700e-14 4.117670e+03 1.000000e+00
   4075.260401 3.889000e-14 4.120420e+03 1.000000e+00
   4077.971110 3.715800e-14 4.123170e+03 1.000000e+00
   4080.691822 3.837800e-14 4.125920e+03 1.000000e+00
   4083.412534 3.595300e-14 4.128670e+03 1.000000e+00
   4086.133246 3.638300e-14 4.131420e+03 1.000000e+00
   4088.853958 3.542300e-14 4.134170e+03 1.000000e+00
   4091.574670 3.439300e-14 4.136920e+03 1.000000e+00
   4094.295383 3.459900e-14 4.139670e+03 1.000000e+00
   4097.016095 3.478600e-14 4.142420e+03 1.000000e+00
   4099.736807 3.883900e-14 4.145170e+03 1.000000e+00
   4102.457520 3.940000e-14 4.147920e+03 1.000000e+00
   4105.178232 3.779800e-14 4.150670e+03 1.000000e+00
   4107.888942 3.515000e-14 4.153420e+03 1.000000e+00
   4110.609654 3.368600e-14 4.156170e+03 1.000000e+00
   4113.330367 3.267700e-14 4.158920e+03 1.000000e+00
   4116.051079 3.460800e-14 4.161670e+03 1.000000e+00
   4118.771792 3.475500e-14 4.164420e+03 1.000000e+00
   4121.492505 3.692100e-14 4.167170e+03 1.000000e+00
   4124.213217 3.712500e-14 4.169920e+03 1.000000e+00
   4126.933930 3.783000e-14 4.172670e+03 1.000000e+00
   4129.654643 3.751600e-14 4.175420e+03 1.000000e+00
   4132.375356 3.686500e-14 4.178170e+03 1.000000e+00
   4135.096069 3.680700e-14 4.180920e+03 1.000000e+00
   4137.806779 3.719200e-14 4.183670e+03 1.000000e+00
   4140.527492 3.795900e-14 4.186420e+03 1.000000e+00
   4143.248205 3.721900e-14 4.189170e+03 1.000000e+00
   4145.968918 3.619200e-14 4.191920e+03 1.000000e+00
   4148.689631 3.738700e-14 4.194670e+03 1.000000e+00
   4151.410344 3.631100e-14 4.197420e+03 1.000000e+00
   4154.131058 3.727900e-14 4.200170e+03 1.000000e+00
   4156.851771 3.823400e-14 4.202920e+03 1.000000e+00
   4159.572484 3.770700e-14 4.205670e+03 1.000000e+00
   4162.293197 3.724800e-14 4.208420e+03 1.000000e+00
   4165.013911 3.702600e-14 4.211170e+03 1.000000e+00
   4167.724622 3.690000e-14 4.213920e+03 1.000000e+00
   4170.445335 3.741400e-14 4.216670e+03 1.000000e+00
   4173.166049 3.688700e-14 4.219420e+03 1.000000e+00
   4175.886762 3.682300e-14 4.222170e+03 1.000000e+00
   4178.607476 3.628500e-14 4.224920e+03 1.000000e+00
   4181.328189 3.734900e-14 4.227670e+03 1.000000e+00
   4184.048903 3.699500e-14 4.230420e+03 1.000000e+00
   4186.769617 3.628600e-14 4.233170e+03 1.000000e+00
   4189.490330 3.715100e-14 4.235920e+03 1.000000e+00
   4192.211044 3.682300e-14 4.238670e+03 1.000000e+00
   4194.931758 3.691400e-14 4.241420e+03 1.000000e+00
   4197.642469 3.493300e-14 4.244170e+03 1.000000e+00
   4200.363183 3.659200e-14 4.246920e+03 1.000000e+00
   4203.083897 3.663800e-14 4.249670e+03 1.000000e+00
   4205.804611 3.589500e-14 4.252420e+03 1.000000e+00
   4208.525325 3.714600e-14 4.255170e+03 1.000000e+00
   4211.246039 3.737700e-14 4.257920e+03 1.000000e+00
   4213.966754 3.754000e-14 4.260670e+03 1.000000e+00
   4216.687468 3.528500e-14 4.263420e+03 1.000000e+00
   4219.408182 3.502800e-14 4.266170e+03 1.000000e+00
   4222.128896 3.596600e-14 4.268920e+03 1.000000e+00
   4224.849610 3.528600e-14 4.271670e+03 1.000000e+00
   4227.560322 3.689100e-14 4.274420e+03 1.000000e+00
   4230.281037 3.621200e-14 4.277170e+03 1.000000e+00
   4233.001751 3.599400e-14 4.279920e+03 1.000000e+00
   4235.722465 3.485700e-14 4.282670e+03 1.000000e+00
   4238.443180 3.573500e-14 4.285420e+03 1.000000e+00
   4241.163894 3.597800e-14 4.288170e+03 1.000000e+00
   4243.884609 3.671200e-14 4.290920e+03 1.000000e+00
   4246.605324 3.537200e-14 4.293670e+03 1.000000e+00
   4249.326038 3.592100e-14 4.296420e+03 1.000000e+00
   4252.046753 3.665600e-14 4.299170e+03 1.000000e+00
   4254.767468 3.579700e-14 4.301920e+03 1.000000e+00
   4257.478180 3.617200e-14 4.304670e+03 1.000000e+00
   4260.198895 3.606400e-14 4.307420e+03 1.000000e+00
   4262.919610 3.671100e-14 4.310170e+03 1.000000e+00
   4265.640324 3.721200e-14 4.312920e+03 1.000000e+00
   4268.361039 3.695000e-14 4.315670e+03 1.000000e+00
   4271.081754 3.576600e-14 4.318420e+03 1.000000e+00
   4273.802469 3.626500e-14 4.321170e+03 1.000000e+00
   4276.523184 3.553000e-14 4.323920e+03 1.000000e+00
   4279.243899 3.621900e-14 4.326670e+03 1.000000e+00
   4281.964615 3.578100e-14 4.329420e+03 1.000000e+00
   4284.685330 3.545600e-14 4.332170e+03 1.000000e+00
   4287.396042 3.569400e-14 4.334920e+03 1.000000e+00
   4290.116758 3.490800e-14 4.337670e+03 1.000000e+00
   4292.837473 3.525000e-14 4.340420e+03 1.000000e+00
   4295.558188 3.405900e-14 4.343170e+03 1.000000e+00
   4298.278904 3.422900e-14 4.345920e+03 1.000000e+00
   4300.999619 3.381200e-14 4.348670e+03 1.000000e+00
   4303.720334 3.328500e-14 4.351420e+03 1.000000e+00
   4306.441050 3.434600e-14 4.354170e+03 1.000000e+00
   4309.161765 3.290800e-14 4.356920e+03 1.000000e+00
   4311.882481 3.462400e-14 4.359670e+03 1.000000e+00
   4314.603197 3.370000e-14 4.362420e+03 1.000000e+00
   4317.313910 3.348300e-14 4.365170e+03 1.000000e+00
   4320.034625 3.354000e-14 4.367920e+03 1.000000e+00
   4322.755341 3.380000e-14 4.370670e+03 1.000000e+00
   4325.476057 3.298400e-14 4.373420e+03 1.000000e+00
   4328.196772 3.185200e-14 4.376170e+03 1.000000e+00
   4330.917488 3.165000e-14 4.378920e+03 1.000000e+00
   4333.638204 3.361700e-14 4.381670e+03 1.000000e+00
   4336.358920 3.923100e-14 4.384420e+03 1.000000e+00
   4339.079636 4.837900e-14 4.387170e+03 1.000000e+00
   4341.800352 5.310100e-14 4.389920e+03 1.000000e+00
   4344.521068 4.611900e-14 4.392670e+03 1.000000e+00
   4347.231781 3.635800e-14 4.395420e+03 1.000000e+00
   4349.952497 3.107100e-14 4.398170e+03 1.000000e+00
   4352.673213 3.190100e-14 4.400920e+03 1.000000e+00
   4355.393930 3.208000e-14 4.403670e+03 1.000000e+00
   4358.114646 3.331400e-14 4.406420e+03 1.000000e+00
   4360.835362 3.530100e-14 4.409170e+03 1.000000e+00
   4363.556078 3.529600e-14 4.411920e+03 1.000000e+00
   4366.276795 3.559700e-14 4.414670e+03 1.000000e+00
   4368.997511 3.496800e-14 4.417420e+03 1.000000e+00
   4371.718227 3.528200e-14 4.420170e+03 1.000000e+00
   4374.438944 3.378200e-14 4.422920e+03 1.000000e+00
   4377.149657 3.400800e-14 4.425670e+03 1.000000e+00
   4379.870374 3.482500e-14 4.428420e+03 1.000000e+00
   4382.591090 3.368600e-14 4.431170e+03 1.000000e+00
   4385.311807 3.202800e-14 4.433920e+03 1.000000e+00
   4388.032524 3.291100e-14 4.436670e+03 1.000000e+00
   4390.753240 3.370600e-14 4.439420e+03 1.000000e+00
   4393.473957 3.463100e-14 4.442170e+03 1.000000e+00
   4396.194673 3.395400e-14 4.444920e+03 1.000000e+00
   4398.915390 3.461600e-14 4.447670e+03 1.000000e+00
   4401.636107 3.478000e-14 4.450420e+03 1.000000e+00
   4404.356824 3.318900e-14 4.453170e+03 1.000000e+00
   4407.067538 3.429200e-14 4.455920e+03 1.000000e+00
   4409.788255 3.491500e-14 4.458670e+03 1.000000e+00
   4412.508972 3.510500e-14 4.461420e+03 1.000000e+00
   4415.229689 3.500900e-14 4.464170e+03 1.000000e+00
   4417.950406 3.465400e-14 4.466920e+03 1.000000e+00
   4420.671123 3.441900e-14 4.469670e+03 1.000000e+00
   4423.391840 3.496700e-14 4.472420e+03 1.000000e+00
   4426.112557 3.450900e-14 4.475170e+03 1.000000e+00
   4428.833274 3.521900e-14 4.477920e+03 1.000000e+00
   4431.553991 3.504900e-14 4.480670e+03 1.000000e+00
   4434.274708 3.461500e-14 4.483420e+03 1.000000e+00
   4436.985423 3.490500e-14 4.486170e+03 1.000000e+00
   4439.706140 3.497000e-14 4.488920e+03 1.000000e+00
   4442.426857 3.470500e-14 4.491670e+03 1.000000e+00
   4445.147574 3.495700e-14 4.494420e+03 1.000000e+00
   4447.868292 3.573700e-14 4.497170e+03 1.000000e+00
   4450.589009 3.443600e-14 4.499920e+03 1.000000e+00
   4453.309727 3.390900e-14 4.502670e+03 1.000000e+00
   4456.030444 3.364000e-14 4.505420e+03 1.000000e+00
   4458.751162 3.418200e-14 4.508170e+03 1.000000e+00
   4461.471879 3.390200e-14 4.510920e+03 1.000000e+00
   4464.192597 3.444400e-14 4.513670e+03 1.000000e+00
   4466.903312 3.513400e-14 4.516420e+03 1.000000e+00
   4469.624029 3.523200e-14 4.519170e+03 1.000000e+00
   4472.344747 3.608300e-14 4.521920e+03 1.000000e+00
   4475.065464 3.614000e-14 4.524670e+03 1.000000e+00
   4477.786182 3.515100e-14 4.527420e+03 1.000000e+00
   4480.506900 3.442400e-14 4.530170e+03 1.000000e+00
   4483.227618 3.425700e-14 4.532920e+03 1.000000e+00
   4485.948336 3.501000e-14 4.535670e+03 1.000000e+00
   4488.669053 3.462900e-14 4.538420e+03 1.000000e+00
   4491.389771 3.352100e-14 4.541170e+03 1.000000e+00
   4494.110489 3.499800e-14 4.543920e+03 1.000000e+00
   4496.821204 3.569300e-14 4.546670e+03 1.000000e+00
   4499.541922 3.519900e-14 4.549420e+03 1.000000e+00
   4502.262640 3.576100e-14 4.552170e+03 1.000000e+00
   4504.983358 3.600900e-14 4.554920e+03 1.000000e+00
   4507.704077 3.527100e-14 4.557670e+03 1.000000e+00
   4510.424795 3.485800e-14 4.560420e+03 1.000000e+00
   4513.145513 3.461700e-14 4.563170e+03 1.000000e+00
   4515.866231 3.489100e-14 4.565920e+03 1.000000e+00
   4518.586949 3.500100e-14 4.568670e+03 1.000000e+00
   4521.307667 3.499300e-14 4.571420e+03 1.000000e+00
   4524.028386 3.397300e-14 4.574170e+03 1.000000e+00
   4526.739101 3.303200e-14 4.576920e+03 1.000000e+00
   4529.459820 3.332500e-14 4.579670e+03 1.000000e+00
   4532.180538 3.291800e-14 4.582420e+03 1.000000e+00
   4534.901256 3.290400e-14 4.585170e+03 1.000000e+00
   4537.621975 3.334400e-14 4.587920e+03 1.000000e+00
   4540.342693 3.393300e-14 4.590670e+03 1.000000e+00
   4543.063412 3.437500e-14 4.593420e+03 1.000000e+00
   4545.784130 3.463900e-14 4.596170e+03 1.000000e+00
   4548.504849 3.445300e-14 4.598920e+03 1.000000e+00
   4551.225567 3.368500e-14 4.601670e+03 1.000000e+00
   4553.946286 3.358500e-14 4.604420e+03 1.000000e+00
   4556.657002 3.339500e-14 4.607170e+03 1.000000e+00
   4559.377721 3.412500e-14 4.609920e+03 1.000000e+00
   4562.098439 3.431200e-14 4.612670e+03 1.000000e+00
   4564.819158 3.370100e-14 4.615420e+03 1.000000e+00
   4567.539877 3.339100e-14 4.618170e+03 1.000000e+00
   4570.260596 3.371100e-14 4.620920e+03 1.000000e+00
   4572.981314 3.393100e-14 4.623670e+03 1.000000e+00
   4575.702033 3.397100e-14 4.626420e+03 1.000000e+00
   4578.422752 3.445900e-14 4.629170e+03 1.000000e+00
   4581.143471 3.438200e-14 4.631920e+03 1.000000e+00
   4583.864190 3.346200e-14 4.634670e+03 1.000000e+00
   4586.574906 3.343500e-14 4.637420e+03 1.000000e+00
   4589.295625 3.404800e-14 4.640170e+03 1.000000e+00
   4592.016344 3.382500e-14 4.642920e+03 1.000000e+00
   4594.737064 3.420900e-14 4.645670e+03 1.000000e+00
   4597.457783 3.381400e-14 4.648420e+03 1.000000e+00
   4600.178502 3.391900e-14 4.651170e+03 1.000000e+00
   4602.899221 3.411300e-14 4.653920e+03 1.000000e+00
   4605.619940 3.450800e-14 4.656670e+03 1.000000e+00
   4608.340659 3.401000e-14 4.659420e+03 1.000000e+00
   4611.061379 3.454100e-14 4.662170e+03 1.000000e+00
   4613.782098 3.425100e-14 4.664920e+03 1.000000e+00
   4616.492815 3.377000e-14 4.667670e+03 1.000000e+00
   4619.213534 3.417400e-14 4.670420e+03 1.000000e+00
   4621.934253 3.433300e-14 4.673170e+03 1.000000e+00
   4624.654973 3.400400e-14 4.675920e+03 1.000000e+00
   4627.375692 3.473700e-14 4.678670e+03 1.000000e+00
   4630.096412 3.435000e-14 4.681420e+03 1.000000e+00
   4632.817131 3.382500e-14 4.684170e+03 1.000000e+00
   4635.537851 3.333500e-14 4.686920e+03 1.000000e+00
   4638.258570 3.373900e-14 4.689670e+03 1.000000e+00
   4640.979290 3.395000e-14 4.692420e+03 1.000000e+00
   4643.700009 3.381000e-14 4.695170e+03 1.000000e+00
   4646.410726 3.349000e-14 4.697920e+03 1.000000e+00
   4649.131446 3.332900e-14 4.700670e+03 1.000000e+00
   4651.852166 3.371600e-14 4.703420e+03 1.000000e+00
   4654.572885 3.458600e-14 4.706170e+03 1.000000e+00
   4657.293605 3.412300e-14 4.708920e+03 1.000000e+00
   4660.014325 3.383400e-14 4.711670e+03 1.000000e+00
   4662.735045 3.362300e-14 4.714420e+03 1.000000e+00
   4665.455765 3.367700e-14 4.717170e+03 1.000000e+00
   4668.176484 3.274500e-14 4.719920e+03 1.000000e+00
   4670.897204 3.256900e-14 4.722670e+03 1.000000e+00
   4673.617924 3.314600e-14 4.725420e+03 1.000000e+00
   4676.328642 3.301900e-14 4.728170e+03 1.000000e+00
   4679.049361 3.286200e-14 4.730920e+03 1.000000e+00
   4681.770081 3.293800e-14 4.733670e+03 1.000000e+00
   4684.490802 3.384500e-14 4.736420e+03 1.000000e+00
   4687.211522 3.338300e-14 4.739170e+03 1.000000e+00
   4689.932242 3.370200e-14 4.741920e+03 1.000000e+00
   4692.652962 3.412800e-14 4.744670e+03 1.000000e+00
   4695.373682 3.345600e-14 4.747420e+03 1.000000e+00
   4698.094402 3.250900e-14 4.750170e+03 1.000000e+00
   4700.815122 3.251900e-14 4.752920e+03 1.000000e+00
   4703.535843 3.296400e-14 4.755670e+03 1.000000e+00
   4706.246560 3.315200e-14 4.758420e+03 1.000000e+00
   4708.967280 3.291800e-14 4.761170e+03 1.000000e+00
   4711.688001 3.274800e-14 4.763920e+03 1.000000e+00
   4714.408721 3.249800e-14 4.766670e+03 1.000000e+00
   4717.129441 3.168700e-14 4.769420e+03 1.000000e+00
   4719.850162 3.227200e-14 4.772170e+03 1.000000e+00
   4722.570882 3.308600e-14 4.774920e+03 1.000000e+00
   4725.291603 3.356600e-14 4.777670e+03 1.000000e+00
   4728.012323 3.244300e-14 4.780420e+03 1.000000e+00
   4730.733044 3.247900e-14 4.783170e+03 1.000000e+00
   4733.453764 3.271800e-14 4.785920e+03 1.000000e+00
   4736.164482 3.171800e-14 4.788670e+03 1.000000e+00
   4738.885203 3.233900e-14 4.791420e+03 1.000000e+00
   4741.605923 3.249400e-14 4.794170e+03 1.000000e+00
   4744.326644 3.261400e-14 4.796920e+03 1.000000e+00
   4747.047365 3.335500e-14 4.799670e+03 1.000000e+00
   4749.768085 3.308700e-14 4.802420e+03 1.000000e+00
   4752.488806 3.260400e-14 4.805170e+03 1.000000e+00
   4755.209527 3.283500e-14 4.807920e+03 1.000000e+00
   4757.930248 3.322600e-14 4.810670e+03 1.000000e+00
   4760.650968 3.320100e-14 4.813420e+03 1.000000e+00
   4763.371689 3.176500e-14 4.816170e+03 1.000000e+00
   4766.082407 3.207300e-14 4.818920e+03 1.000000e+00
   4768.803128 3.247900e-14 4.821670e+03 1.000000e+00
   4771.523849 3.327300e-14 4.824420e+03 1.000000e+00
   4774.244570 3.338200e-14 4.827170e+03 1.000000e+00
   4776.965291 3.313200e-14 4.829920e+03 1.000000e+00
   4779.686012 3.308400e-14 4.832670e+03 1.000000e+00
   4782.406733 3.228600e-14 4.835420e+03 1.000000e+00
   4785.127454 3.270800e-14 4.838170e+03 1.000000e+00
   4787.848175 3.238300e-14 4.840920e+03 1.000000e+00
   4790.568896 3.222100e-14 4.843670e+03 1.000000e+00
   4793.289617 3.206600e-14 4.846420e+03 1.000000e+00
   4796.000336 3.191200e-14 4.849170e+03 1.000000e+00
   4798.721057 3.218100e-14 4.851920e+03 1.000000e+00
   4801.441778 3.303500e-14 4.854670e+03 1.000000e+00
   4804.162500 3.204700e-14 4.857420e+03 1.000000e+00
   4806.883221 3.212300e-14 4.860170e+03 1.000000e+00
   4809.603942 3.212000e-14 4.862920e+03 1.000000e+00
   4812.324663 3.258600e-14 4.865670e+03 1.000000e+00
   4815.045385 3.174700e-14 4.868420e+03 1.000000e+00
   4817.766106 3.206800e-14 4.871170e+03 1.000000e+00
   4820.486827 3.193200e-14 4.873920e+03 1.000000e+00
   4823.207549 3.147000e-14 4.876670e+03 1.000000e+00
   4825.918268 3.168600e-14 4.879420e+03 1.000000e+00
   4828.638989 3.120400e-14 4.882170e+03 1.000000e+00
   4831.359711 3.070200e-14 4.884920e+03 1.000000e+00
   4834.080432 3.074400e-14 4.887670e+03 1.000000e+00
   4836.801154 3.045100e-14 4.890420e+03 1.000000e+00
   4839.521875 3.028200e-14 4.893170e+03 1.000000e+00
   4842.242597 3.015800e-14 4.895920e+03 1.000000e+00
   4844.963318 2.953900e-14 4.898670e+03 1.000000e+00
   4847.684040 2.882600e-14 4.901420e+03 1.000000e+00
   4850.404762 3.061100e-14 4.904170e+03 1.000000e+00
   4853.125483 3.140500e-14 4.906920e+03 1.000000e+00
   4855.836202 4.132900e-14 4.909670e+03 1.000000e+00
   4858.556924 6.478300e-14 4.912420e+03 1.000000e+00
   4861.277646 8.514200e-14 4.915170e+03 1.000000e+00
   4863.998368 8.122300e-14 4.917920e+03 1.000000e+00
   4866.719089 5.798500e-14 4.920670e+03 1.000000e+00
   4869.439811 3.770800e-14 4.923420e+03 1.000000e+00
   4872.160533 2.983300e-14 4.926170e+03 1.000000e+00
   4874.881255 2.895200e-14 4.928920e+03 1.000000e+00
   4877.601977 2.925900e-14 4.931670e+03 1.000000e+00
   4880.322699 2.959600e-14 4.934420e+03 1.000000e+00
   4883.043421 2.948500e-14 4.937170e+03 1.000000e+00
   4885.754140 2.944900e-14 4.939920e+03 1.000000e+00
   4888.474862 3.042900e-14 4.942670e+03 1.000000e+00
   4891.195584 3.091100e-14 4.945420e+03 1.000000e+00
   4893.916306 3.080000e-14 4.948170e+03 1.000000e+00
   4896.637028 3.096300e-14 4.950920e+03 1.000000e+00
   4899.357750 3.014500e-14 4.953670e+03 1.000000e+00
   4902.078472 3.006600e-14 4.956420e+03 1.000000e+00
   4904.799195 3.136200e-14 4.959170e+03 1.000000e+00
   4907.519917 3.138200e-14 4.961920e+03 1.000000e+00
   4910.240639 2.999700e-14 4.964670e+03 1.000000e+00
   4912.961361 3.060700e-14 4.967420e+03 1.000000e+00
   4915.672081 3.101300e-14 4.970170e+03 1.000000e+00
   4918.392803 3.016100e-14 4.972920e+03 1.000000e+00
   4921.113525 3.056900e-14 4.975670e+03 1.000000e+00
   4923.834248 3.025700e-14 4.978420e+03 1.000000e+00
   4926.554970 3.023200e-14 4.981170e+03 1.000000e+00
   4929.275692 3.041900e-14 4.983920e+03 1.000000e+00
   4931.996415 3.036600e-14 4.986670e+03 1.000000e+00
   4934.717137 3.046200e-14 4.989420e+03 1.000000e+00
   4937.437860 3.059000e-14 4.992170e+03 1.000000e+00
   4940.158582 2.922200e-14 4.994920e+03 1.000000e+00
   4942.879304 2.996500e-14 4.997670e+03 1.000000e+00
   4945.590024 3.194300e-14 5.000420e+03 1.000000e+00
   4948.310747 3.134600e-14 5.003170e+03 1.000000e+00
   4951.031469 3.282800e-14 5.005920e+03 1.000000e+00
   4953.752192 4.024900e-14 5.008670e+03 1.000000e+00
   4956.472915 5.557500e-14 5.011420e+03 1.000000e+00
   4959.193637 6.689200e-14 5.014170e+03 1.000000e+00
   4961.914360 6.320500e-14 5.016920e+03 1.000000e+00
   4964.635082 4.783800e-14 5.019670e+03 1.000000e+00
   4967.355805 3.608700e-14 5.022420e+03 1.000000e+00
   4970.076528 3.188600e-14 5.025170e+03 1.000000e+00
   4972.787248 3.109900e-14 5.027920e+03 1.000000e+00
   4975.507971 3.180000e-14 5.030670e+03 1.000000e+00
   4978.228693 3.003000e-14 5.033420e+03 1.000000e+00
   4980.949416 2.980400e-14 5.036170e+03 1.000000e+00
   4983.670139 3.061100e-14 5.038920e+03 1.000000e+00
   4986.390862 3.042000e-14 5.041670e+03 1.000000e+00
   4989.111585 2.997300e-14 5.044420e+03 1.000000e+00
   4991.832308 3.117000e-14 5.047170e+03 1.000000e+00
   4994.553031 3.011100e-14 5.049920e+03 1.000000e+00
   4997.273754 3.207700e-14 5.052670e+03 1.000000e+00
   4999.994477 4.240400e-14 5.055420e+03 1.000000e+00
   5002.705197 7.406600e-14 5.058170e+03 1.000000e+00
   5005.425920 1.223800e-13 5.060920e+03 1.000000e+00
   5008.146643 1.428900e-13 5.063670e+03 1.000000e+00
   5010.867366 1.124900e-13 5.066420e+03 1.000000e+00
   5013.588089 6.474600e-14 5.069170e+03 1.000000e+00
   5016.308812 3.939600e-14 5.071920e+03 1.000000e+00
   5019.029535 3.147100e-14 5.074670e+03 1.000000e+00
   5021.750258 3.096200e-14 5.077420e+03 1.000000e+00
   5024.470982 2.988600e-14 5.080170e+03 1.000000e+00
   5027.191705 2.996000e-14 5.082920e+03 1.000000e+00
   5029.912428 2.901400e-14 5.085670e+03 1.000000e+00
   5032.623148 2.985000e-14 5.088420e+03 1.000000e+00
   5035.343872 2.946900e-14 5.091170e+03 1.000000e+00
   5038.064595 3.000500e-14 5.093920e+03 1.000000e+00
   5040.785318 2.939000e-14 5.096670e+03 1.000000e+00
   5043.506042 3.004000e-14 5.099420e+03 1.000000e+00
   5046.226765 2.963000e-14 5.102170e+03 1.000000e+00
   5048.947488 2.970900e-14 5.104920e+03 1.000000e+00
   5051.668212 2.966900e-14 5.107670e+03 1.000000e+00
   5054.388935 2.936900e-14 5.110420e+03 1.000000e+00
   5057.109658 2.991200e-14 5.113170e+03 1.000000e+00
   5059.830382 2.893700e-14 5.115920e+03 1.000000e+00
   5062.541103 3.015700e-14 5.118670e+03 1.000000e+00
   5065.261826 2.957400e-14 5.121420e+03 1.000000e+00
   5067.982550 2.942600e-14 5.124170e+03 1.000000e+00
   5070.703273 2.926100e-14 5.126920e+03 1.000000e+00
   5073.423997 2.870900e-14 5.129670e+03 1.000000e+00
   5076.144720 2.909200e-14 5.132420e+03 1.000000e+00
   5078.865444 2.943100e-14 5.135170e+03 1.000000e+00
   5081.586168 3.007000e-14 5.137920e+03 1.000000e+00
   5084.306891 2.902700e-14 5.140670e+03 1.000000e+00
   5087.027615 2.871000e-14 5.143420e+03 1.000000e+00
   5089.748339 2.872800e-14 5.146170e+03 1.000000e+00
   5092.459060 2.897800e-14 5.148920e+03 1.000000e+00
   5095.179783 2.968500e-14 5.151670e+03 1.000000e+00
   5097.900507 2.886400e-14 5.154420e+03 1.000000e+00
   5100.621231 2.858600e-14 5.157170e+03 1.000000e+00
   5103.341955 2.879600e-14 5.159920e+03 1.000000e+00
   5106.062678 2.916300e-14 5.162670e+03 1.000000e+00
   5108.783402 2.875700e-14 5.165420e+03 1.000000e+00
   5111.504126 2.867600e-14 5.168170e+03 1.000000e+00
   5114.224850 2.893800e-14 5.170920e+03 1.000000e+00
   5116.945574 2.943100e-14 5.173670e+03 1.000000e+00
   5119.666298 2.910500e-14 5.176420e+03 1.000000e+00
   5122.377019 2.908500e-14 5.179170e+03 1.000000e+00
   5125.097743 2.844500e-14 5.181920e+03 1.000000e+00
   5127.818467 2.800300e-14 5.184670e+03 1.000000e+00
   5130.539191 2.720600e-14 5.187420e+03 1.000000e+00
   5133.259915 2.742600e-14 5.190170e+03 1.000000e+00
   5135.980639 2.739000e-14 5.192920e+03 1.000000e+00
   5138.701363 2.878400e-14 5.195670e+03 1.000000e+00
   5141.422087 2.914800e-14 5.198420e+03 1.000000e+00
   5144.142811 2.832600e-14 5.201170e+03 1.000000e+00
   5146.863535 2.808700e-14 5.203920e+03 1.000000e+00
   5149.584259 2.784500e-14 5.206670e+03 1.000000e+00
   5152.294981 2.814700e-14 5.209420e+03 1.000000e+00
   5155.015705 2.852500e-14 5.212170e+03 1.000000e+00
   5157.736429 2.869300e-14 5.214920e+03 1.000000e+00
   5160.457154 2.796100e-14 5.217670e+03 1.000000e+00
   5163.177878 2.775700e-14 5.220420e+03 1.000000e+00
   5165.898602 2.790800e-14 5.223170e+03 1.000000e+00
   5168.619326 2.654800e-14 5.225920e+03 1.000000e+00
   5171.340051 2.596400e-14 5.228670e+03 1.000000e+00
   5174.060775 2.675800e-14 5.231420e+03 1.000000e+00
   5176.781499 2.777900e-14 5.234170e+03 1.000000e+00
   5179.502224 2.695100e-14 5.236920e+03 1.000000e+00
   5182.212945 2.727500e-14 5.239670e+03 1.000000e+00
   5184.933670 2.672600e-14 5.242420e+03 1.000000e+00
   5187.654394 2.734300e-14 5.245170e+03 1.000000e+00
   5190.375119 2.706000e-14 5.247920e+03 1.000000e+00
   5193.095843 2.799100e-14 5.250670e+03 1.000000e+00
   5195.816568 2.784800e-14 5.253420e+03 1.000000e+00
   5198.537292 2.915100e-14 5.256170e+03 1.000000e+00
   5201.258017 2.948000e-14 5.258920e+03 1.000000e+00
   5203.978741 2.857600e-14 5.261670e+03 1.000000e+00
   5206.699466 2.743600e-14 5.264420e+03 1.000000e+00
   5209.420190 2.755000e-14 5.267170e+03 1.000000e+00
   5212.130912 2.734100e-14 5.269920e+03 1.000000e+00
   5214.851637 2.774300e-14 5.272670e+03 1.000000e+00
   5217.572361 2.801700e-14 5.275420e+03 1.000000e+00
   5220.293086 2.757900e-14 5.278170e+03 1.000000e+00
   5223.013811 2.824700e-14 5.280920e+03 1.000000e+00
   5225.734535 2.762200e-14 5.283670e+03 1.000000e+00
   5228.455260 2.650400e-14 5.286420e+03 1.000000e+00
   5231.175985 2.754300e-14 5.289170e+03 1.000000e+00
   5233.896710 2.790200e-14 5.291920e+03 1.000000e+00
   5236.617434 2.817300e-14 5.294670e+03 1.000000e+00
   5239.338159 2.821700e-14 5.297420e+03 1.000000e+00
   5242.048881 2.743800e-14 5.300170e+03 1.000000e+00
   5244.769606 2.802700e-14 5.302920e+03 1.000000e+00
   5247.490331 2.811000e-14 5.305670e+03 1.000000e+00
   5250.211056 2.854900e-14 5.308420e+03 1.000000e+00
   5252.931781 2.821500e-14 5.311170e+03 1.000000e+00
   5255.652506 2.793000e-14 5.313920e+03 1.000000e+00
   5258.373231 2.783300e-14 5.316670e+03 1.000000e+00
   5261.093956 2.749200e-14 5.319420e+03 1.000000e+00
   5263.814680 2.695300e-14 5.322170e+03 1.000000e+00
   5266.535405 2.648300e-14 5.324920e+03 1.000000e+00
   5269.256130 2.685900e-14 5.327670e+03 1.000000e+00
   5271.966853 2.808600e-14 5.330420e+03 1.000000e+00
   5274.687578 2.793400e-14 5.333170e+03 1.000000e+00
   5277.408303 2.759800e-14 5.335920e+03 1.000000e+00
   5280.129028 2.775500e-14 5.338670e+03 1.000000e+00
   5282.849753 2.769800e-14 5.341420e+03 1.000000e+00
   5285.570478 2.846400e-14 5.344170e+03 1.000000e+00
   5288.291203 2.802800e-14 5.346920e+03 1.000000e+00
   5291.011928 2.847100e-14 5.349670e+03 1.000000e+00
   5293.732654 2.858400e-14 5.352420e+03 1.000000e+00
   5296.453379 2.816700e-14 5.355170e+03 1.000000e+00
   5299.174104 2.802300e-14 5.357920e+03 1.000000e+00
   5301.884827 2.846800e-14 5.360670e+03 1.000000e+00
   5304.605552 2.752800e-14 5.363420e+03 1.000000e+00
   5307.326277 2.837300e-14 5.366170e+03 1.000000e+00
   5310.047002 2.877400e-14 5.368920e+03 1.000000e+00
   5312.767728 2.886600e-14 5.371670e+03 1.000000e+00
   5315.488453 2.766900e-14 5.374420e+03 1.000000e+00
   5318.209178 2.796500e-14 5.377170e+03 1.000000e+00
   5320.929904 2.767500e-14 5.379920e+03 1.000000e+00
   5323.650629 2.706600e-14 5.382670e+03 1.000000e+00
   5326.371354 2.756700e-14 5.385420e+03 1.000000e+00
   5329.092080 2.662800e-14 5.388170e+03 1.000000e+00
   5331.802803 2.725100e-14 5.390920e+03 1.000000e+00
   5334.523528 2.765700e-14 5.393670e+03 1.000000e+00
   5337.244253 2.767000e-14 5.396420e+03 1.000000e+00
   5339.964979 2.771300e-14 5.399170e+03 1.000000e+00
   5342.685704 2.754200e-14 5.401920e+03 1.000000e+00
   5345.406430 2.747300e-14 5.404670e+03 1.000000e+00
   5348.127155 2.737100e-14 5.407420e+03 1.000000e+00
   5350.847881 2.767600e-14 5.410170e+03 1.000000e+00
   5353.568607 2.767300e-14 5.412920e+03 1.000000e+00
   5356.289332 2.781500e-14 5.415670e+03 1.000000e+00
   5359.010058 2.770200e-14 5.418420e+03 1.000000e+00
   5361.720781 2.812800e-14 5.421170e+03 1.000000e+00
   5364.441506 2.758900e-14 5.423920e+03 1.000000e+00
   5367.162232 2.738700e-14 5.426670e+03 1.000000e+00
   5369.882958 2.735100e-14 5.429420e+03 1.000000e+00
   5372.603683 2.764400e-14 5.432170e+03 1.000000e+00
   5375.324409 2.738000e-14 5.434920e+03 1.000000e+00
   5378.045135 2.747500e-14 5.437670e+03 1.000000e+00
   5380.765860 2.711500e-14 5.440420e+03 1.000000e+00
   5383.486586 2.685300e-14 5.443170e+03 1.000000e+00
   5386.207312 2.792800e-14 5.445920e+03 1.000000e+00
   5388.928038 2.687500e-14 5.448670e+03 1.000000e+00
   5391.638761 2.677600e-14 5.451420e+03 1.000000e+00
   5394.359487 2.667200e-14 5.454170e+03 1.000000e+00
   5397.080213 2.688800e-14 5.456920e+03 1.000000e+00
   5399.800939 2.672100e-14 5.459670e+03 1.000000e+00
   5402.521664 2.609100e-14 5.462420e+03 1.000000e+00
   5405.242390 2.671200e-14 5.465170e+03 1.000000e+00
   5407.963116 2.677900e-14 5.467920e+03 1.000000e+00
   5410.683842 2.619000e-14 5.470670e+03 1.000000e+00
   5413.404568 2.722200e-14 5.473420e+03 1.000000e+00
   5416.125294 2.718900e-14 5.476170e+03 1.000000e+00
   5418.846020 2.640600e-14 5.478920e+03 1.000000e+00
   5421.556743 2.612000e-14 5.481670e+03 1.000000e+00
   5424.277469 2.688700e-14 5.484420e+03 1.000000e+00
   5426.998195 2.725700e-14 5.487170e+03 1.000000e+00
   5429.718921 2.688700e-14 5.489920e+03 1.000000e+00
   5432.439648 2.682600e-14 5.492670e+03 1.000000e+00
   5435.160374 2.755700e-14 5.495420e+03 1.000000e+00
   5437.881100 2.686500e-14 5.498170e+03 1.000000e+00
   5440.601826 2.699600e-14 5.500920e+03 1.000000e+00
   5443.322552 2.718700e-14 5.503670e+03 1.000000e+00
   5446.043278 2.715700e-14 5.506420e+03 1.000000e+00
   5448.764004 2.629800e-14 5.509170e+03 1.000000e+00
   5451.474728 2.552600e-14 5.511920e+03 1.000000e+00
   5454.195454 2.658000e-14 5.514670e+03 1.000000e+00
   5456.916180 2.681000e-14 5.517420e+03 1.000000e+00
   5459.636906 2.584000e-14 5.520170e+03 1.000000e+00
   5462.357633 2.655200e-14 5.522920e+03 1.000000e+00
   5465.078359 2.657800e-14 5.525670e+03 1.000000e+00
   5467.799085 2.703300e-14 5.528420e+03 1.000000e+00
   5470.519812 2.773400e-14 5.531170e+03 1.000000e+00
   5473.240538 2.692300e-14 5.533920e+03 1.000000e+00
   5475.961264 2.713900e-14 5.536670e+03 1.000000e+00
   5478.681991 2.652500e-14 5.539420e+03 1.000000e+00
   5481.392714 2.664200e-14 5.542170e+03 1.000000e+00
   5484.113441 2.692500e-14 5.544920e+03 1.000000e+00
   5486.834167 2.698400e-14 5.547670e+03 1.000000e+00
   5489.554894 2.643300e-14 5.550420e+03 1.000000e+00
   5492.275620 2.738600e-14 5.553170e+03 1.000000e+00
   5494.996346 2.581500e-14 5.555920e+03 1.000000e+00
   5497.717073 2.641700e-14 5.558670e+03 1.000000e+00
   5500.437799 2.674900e-14 5.561420e+03 1.000000e+00
   5503.158526 2.584400e-14 5.564170e+03 1.000000e+00
   5505.879252 2.548500e-14 5.566920e+03 1.000000e+00
   5508.599979 2.628400e-14 5.569670e+03 1.000000e+00
   5511.310703 2.651800e-14 5.572420e+03 1.000000e+00
   5514.031429 2.484800e-14 5.575170e+03 1.000000e+00
   5516.752156 2.688900e-14 5.577920e+03 1.000000e+00
   5519.472883 2.579800e-14 5.580670e+03 1.000000e+00
   5522.193609 2.620400e-14 5.583420e+03 1.000000e+00
   5524.914336 2.630000e-14 5.586170e+03 1.000000e+00
   5527.635062 2.600700e-14 5.588920e+03 1.000000e+00
   5530.355789 2.549400e-14 5.591670e+03 1.000000e+00
   5533.076516 2.511800e-14 5.594420e+03 1.000000e+00
   5535.797242 2.683400e-14 5.597170e+03 1.000000e+00
   5538.517969 2.616300e-14 5.599920e+03 1.000000e+00
   5541.228693 2.664200e-14 5.602670e+03 1.000000e+00
   5543.949420 2.662000e-14 5.605420e+03 1.000000e+00
   5546.670147 2.633400e-14 5.608170e+03 1.000000e+00
   5549.390873 2.656700e-14 5.610920e+03 1.000000e+00
   5552.111600 2.739200e-14 5.613670e+03 1.000000e+00
   5554.832327 2.702500e-14 5.616420e+03 1.000000e+00
   5557.553054 2.684000e-14 5.619170e+03 1.000000e+00
   5560.273781 2.629300e-14 5.621920e+03 1.000000e+00
   5562.994508 2.586700e-14 5.624670e+03 1.000000e+00
   5565.715234 2.640700e-14 5.627420e+03 1.000000e+00
   5568.435961 2.638900e-14 5.630170e+03 1.000000e+00
   5571.146686 2.606100e-14 5.632920e+03 1.000000e+00
   5573.867412 2.635800e-14 5.635670e+03 1.000000e+00
   5576.588139 2.678600e-14 5.638420e+03 1.000000e+00
   5579.308866 2.684500e-14 5.641170e+03 1.000000e+00
   5582.029593 2.675900e-14 5.643920e+03 1.000000e+00
   5584.750320 2.585000e-14 5.646670e+03 1.000000e+00
   5587.471047 2.566800e-14 5.649420e+03 1.000000e+00
   5590.191774 2.580200e-14 5.652170e+03 1.000000e+00
   5592.912501 2.546300e-14 5.654920e+03 1.000000e+00
   5595.633228 2.622200e-14 5.657670e+03 1.000000e+00
   5598.353955 2.612600e-14 5.660420e+03 1.000000e+00
   5601.064680 2.634900e-14 5.663170e+03 1.000000e+00
   5603.785407 2.666800e-14 5.665920e+03 1.000000e+00
   5606.506134 2.715200e-14 5.668670e+03 1.000000e+00
   5609.226861 2.682600e-14 5.671420e+03 1.000000e+00
   5611.947588 2.659800e-14 5.674170e+03 1.000000e+00
   5614.668315 2.619600e-14 5.676920e+03 1.000000e+00
   5617.389043 2.580400e-14 5.679670e+03 1.000000e+00
   5620.109770 2.628100e-14 5.682420e+03 1.000000e+00
   5622.830497 2.648600e-14 5.685170e+03 1.000000e+00
   5625.551224 2.587600e-14 5.687920e+03 1.000000e+00
   5628.271951 2.451400e-14 5.690670e+03 1.000000e+00
   5630.982676 2.604100e-14 5.693420e+03 1.000000e+00
   5633.703403 2.602300e-14 5.696170e+03 1.000000e+00
   5636.424130 2.580600e-14 5.698920e+03 1.000000e+00
   5639.144858 2.590700e-14 5.701670e+03 1.000000e+00
   5641.865585 2.647600e-14 5.704420e+03 1.000000e+00
   5644.586312 2.585600e-14 5.707170e+03 1.000000e+00
   5647.307040 2.604300e-14 5.709920e+03 1.000000e+00
   5650.027767 2.541900e-14 5.712670e+03 1.000000e+00
   5652.748494 2.534500e-14 5.715420e+03 1.000000e+00
   5655.469222 2.617400e-14 5.718170e+03 1.000000e+00
   5658.189949 2.616100e-14 5.720920e+03 1.000000e+00
   5660.900674 2.562800e-14 5.723670e+03 1.000000e+00
   5663.621401 2.548300e-14 5.726420e+03 1.000000e+00
   5666.342129 2.531200e-14 5.729170e+03 1.000000e+00
   5669.062856 2.541700e-14 5.731920e+03 1.000000e+00
   5671.783584 2.556600e-14 5.734670e+03 1.000000e+00
   5674.504311 2.558300e-14 5.737420e+03 1.000000e+00
   5677.225039 2.633700e-14 5.740170e+03 1.000000e+00
   5679.945766 2.652400e-14 5.742920e+03 1.000000e+00
   5682.666494 2.643000e-14 5.745670e+03 1.000000e+00
   5685.387221 2.638500e-14 5.748420e+03 1.000000e+00
   5688.107949 2.584400e-14 5.751170e+03 1.000000e+00
   5690.818673 2.640800e-14 5.753920e+03 1.000000e+00
   5693.539401 2.560200e-14 5.756670e+03 1.000000e+00
   5696.260129 2.530400e-14 5.759420e+03 1.000000e+00
   5698.980856 2.545200e-14 5.762170e+03 1.000000e+00
   5701.701584 2.530300e-14 5.764920e+03 1.000000e+00
   5704.422312 2.535000e-14 5.767670e+03 1.000000e+00
   5707.143039 2.488200e-14 5.770420e+03 1.000000e+00
   5709.863767 2.493500e-14 5.773170e+03 1.000000e+00
   5712.584494 2.502400e-14 5.775920e+03 1.000000e+00
   5715.305222 2.459000e-14 5.778670e+03 1.000000e+00
   5718.025950 2.565100e-14 5.781420e+03 1.000000e+00
   5720.736675 2.547500e-14 5.784170e+03 1.000000e+00
   5723.457403 2.538300e-14 5.786920e+03 1.000000e+00
   5726.178130 2.558000e-14 5.789670e+03 1.000000e+00
   5728.898858 2.522200e-14 5.792420e+03 1.000000e+00
   5731.619586 2.578300e-14 5.795170e+03 1.000000e+00
   5734.340314 2.525300e-14 5.797920e+03 1.000000e+00
   5737.061042 2.578600e-14 5.800670e+03 1.000000e+00
   5739.781769 2.588900e-14 5.803420e+03 1.000000e+00
   5742.502497 2.541100e-14 5.806170e+03 1.000000e+00
   5745.223225 2.534000e-14 5.808920e+03 1.000000e+00
   5747.943953 2.589000e-14 5.811670e+03 1.000000e+00
   5750.654678 2.520200e-14 5.814420e+03 1.000000e+00
   5753.375406 2.543900e-14 5.817170e+03 1.000000e+00
   5756.096134 2.606500e-14 5.819920e+03 1.000000e+00
   5758.816862 2.598700e-14 5.822670e+03 1.000000e+00
   5761.537590 2.568600e-14 5.825420e+03 1.000000e+00
   5764.258318 2.511000e-14 5.828170e+03 1.000000e+00
   5766.979046 2.565200e-14 5.830920e+03 1.000000e+00
   5769.699774 2.522900e-14 5.833670e+03 1.000000e+00
   5772.420502 2.549500e-14 5.836420e+03 1.000000e+00
   5775.141230 2.466400e-14 5.839170e+03 1.000000e+00
   5777.861958 2.531300e-14 5.841920e+03 1.000000e+00
   5780.572683 2.496400e-14 5.844670e+03 1.000000e+00
   5783.293411 2.581600e-14 5.847420e+03 1.000000e+00
   5786.014139 2.532700e-14 5.850170e+03 1.000000e+00
   5788.734867 2.544700e-14 5.852920e+03 1.000000e+00
   5791.455595 2.541300e-14 5.855670e+03 1.000000e+00
   5794.176323 2.515100e-14 5.858420e+03 1.000000e+00
   5796.897051 2.586800e-14 5.861170e+03 1.000000e+00
   5799.617780 2.510800e-14 5.863920e+03 1.000000e+00
   5802.338508 2.510500e-14 5.866670e+03 1.000000e+00
   5805.059236 2.547900e-14 5.869420e+03 1.000000e+00
   5807.779964 2.521000e-14 5.872170e+03 1.000000e+00
   5810.490689 2.488200e-14 5.874920e+03 1.000000e+00
   5813.211418 2.557600e-14 5.877670e+03 1.000000e+00
   5815.932146 2.605200e-14 5.880420e+03 1.000000e+00
   5818.652874 2.611900e-14 5.883170e+03 1.000000e+00
   5821.373602 2.545000e-14 5.885920e+03 1.000000e+00
   5824.094331 2.612700e-14 5.888670e+03 1.000000e+00
   5826.815059 2.609900e-14 5.891420e+03 1.000000e+00
   5829.535787 2.548700e-14 5.894170e+03 1.000000e+00
   5832.256515 2.547000e-14 5.896920e+03 1.000000e+00
   5834.977244 2.570300e-14 5.899670e+03 1.000000e+00
   5837.697972 2.490200e-14 5.902420e+03 1.000000e+00
   5840.408698 2.560200e-14 5.905170e+03 1.000000e+00
   5843.129426 2.574400e-14 5.907920e+03 1.000000e+00
   5845.850154 2.609200e-14 5.910670e+03 1.000000e+00
   5848.570883 2.599100e-14 5.913420e+03 1.000000e+00
   5851.291611 2.453600e-14 5.916170e+03 1.000000e+00
   5854.012339 2.283600e-14 5.918920e+03 1.000000e+00
   5856.733068 2.508500e-14 5.921670e+03 1.000000e+00
   5859.453796 2.551800e-14 5.924420e+03 1.000000e+00
   5862.174525 2.359000e-14 5.927170e+03 1.000000e+00
   5864.895253 2.518400e-14 5.929920e+03 1.000000e+00
   5867.615982 2.426500e-14 5.932670e+03 1.000000e+00
   5870.326707 2.649300e-14 5.935420e+03 1.000000e+00
   5873.047436 2.897200e-14 5.938170e+03 1.000000e+00
   5875.768164 3.159900e-14 5.940920e+03 1.000000e+00
   5878.488893 3.124400e-14 5.943670e+03 1.000000e+00
   5881.209621 2.842700e-14 5.946420e+03 1.000000e+00
   5883.930350 2.486500e-14 5.949170e+03 1.000000e+00
   5886.651079 2.507400e-14 5.951920e+03 1.000000e+00
   5889.371807 2.394400e-14 5.954670e+03 1.000000e+00
   5892.092536 2.453200e-14 5.957420e+03 1.000000e+00
   5894.813264 2.358200e-14 5.960170e+03 1.000000e+00
   5897.533993 2.381600e-14 5.962920e+03 1.000000e+00
   5900.244719 2.323800e-14 5.965670e+03 1.000000e+00
   5902.965447 2.362600e-14 5.968420e+03 1.000000e+00
   5905.686176 2.435600e-14 5.971170e+03 1.000000e+00
   5908.406905 2.358900e-14 5.973920e+03 1.000000e+00
   5911.127633 2.371700e-14 5.976670e+03 1.000000e+00
   5913.848362 2.396700e-14 5.979420e+03 1.000000e+00
   5916.569091 2.482100e-14 5.982170e+03 1.000000e+00
   5919.289819 2.425400e-14 5.984920e+03 1.000000e+00
   5922.010548 2.482900e-14 5.987670e+03 1.000000e+00
   5924.731277 2.351200e-14 5.990420e+03 1.000000e+00
   5927.452006 2.322300e-14 5.993170e+03 1.000000e+00
   5930.162732 2.322200e-14 5.995920e+03 1.000000e+00
   5932.883460 2.372000e-14 5.998670e+03 1.000000e+00
   5935.604189 2.406600e-14 6.001420e+03 1.000000e+00
   5938.324918 2.381600e-14 6.004170e+03 1.000000e+00
   5941.045647 2.388300e-14 6.006920e+03 1.000000e+00
   5943.766376 2.459500e-14 6.009670e+03 1.000000e+00
   5946.487105 2.456800e-14 6.012420e+03 1.000000e+00
   5949.207833 2.449500e-14 6.015170e+03 1.000000e+00
   5951.928562 2.388400e-14 6.017920e+03 1.000000e+00
   5954.649291 2.409200e-14 6.020670e+03 1.000000e+00
   5957.370020 2.400900e-14 6.023420e+03 1.000000e+00
   5960.080746 2.388900e-14 6.026170e+03 1.000000e+00
   5962.801475 2.359200e-14 6.028920e+03 1.000000e+00
   5965.522204 2.400500e-14 6.031670e+03 1.000000e+00
   5968.242933 2.417200e-14 6.034420e+03 1.000000e+00
   5970.963662 2.491800e-14 6.037170e+03 1.000000e+00
   5973.684391 2.467400e-14 6.039920e+03 1.000000e+00
   5976.405120 2.375600e-14 6.042670e+03 1.000000e+00
   5979.125849 2.350100e-14 6.045420e+03 1.000000e+00
   5981.846578 2.396700e-14 6.048170e+03 1.000000e+00
   5984.567307 2.329800e-14 6.050920e+03 1.000000e+00
   5987.288036 2.298600e-14 6.053670e+03 1.000000e+00
   5989.998762 2.330800e-14 6.056420e+03 1.000000e+00
   5992.719491 2.405100e-14 6.059170e+03 1.000000e+00
   5995.440220 2.362100e-14 6.061920e+03 1.000000e+00
   5998.160949 2.312900e-14 6.064670e+03 1.000000e+00
   6000.881678 2.366800e-14 6.067420e+03 1.000000e+00
   6003.602407 2.387200e-14 6.070170e+03 1.000000e+00
   6006.323137 2.359400e-14 6.072920e+03 1.000000e+00
   6009.043866 2.394100e-14 6.075670e+03 1.000000e+00
   6011.764595 2.348800e-14 6.078420e+03 1.000000e+00
   6014.485324 2.348100e-14 6.081170e+03 1.000000e+00
   6017.206053 2.359100e-14 6.083920e+03 1.000000e+00
   6019.916780 2.401200e-14 6.086670e+03 1.000000e+00
   6022.637509 2.425900e-14 6.089420e+03 1.000000e+00
   6025.358238 2.434600e-14 6.092170e+03 1.000000e+00
   6028.078967 2.405400e-14 6.094920e+03 1.000000e+00
   6030.799696 2.356900e-14 6.097670e+03 1.000000e+00
   6033.520426 2.387100e-14 6.100420e+03 1.000000e+00
   6036.241155 2.364000e-14 6.103170e+03 1.000000e+00
   6038.961884 2.387400e-14 6.105920e+03 1.000000e+00
   6041.682613 2.449300e-14 6.108670e+03 1.000000e+00
   6044.403343 2.425600e-14 6.111420e+03 1.000000e+00
   6047.124072 2.355300e-14 6.114170e+03 1.000000e+00
   6049.834798 2.348000e-14 6.116920e+03 1.000000e+00
   6052.555528 2.328700e-14 6.119670e+03 1.000000e+00
   6055.276257 2.319100e-14 6.122420e+03 1.000000e+00
   6057.996986 2.339600e-14 6.125170e+03 1.000000e+00
   6060.717716 2.358700e-14 6.127920e+03 1.000000e+00
   6063.438445 2.371900e-14 6.130670e+03 1.000000e+00
   6066.159174 2.354200e-14 6.133420e+03 1.000000e+00
   6068.879904 2.386500e-14 6.136170e+03 1.000000e+00
   6071.600633 2.400800e-14 6.138920e+03 1.000000e+00
   6074.321363 2.414300e-14 6.141670e+03 1.000000e+00
   6077.042092 2.345700e-14 6.144420e+03 1.000000e+00
   6079.752819 2.338600e-14 6.147170e+03 1.000000e+00
   6082.473548 2.290000e-14 6.149920e+03 1.000000e+00
   6085.194278 2.318200e-14 6.152670e+03 1.000000e+00
   6087.915007 2.343500e-14 6.155420e+03 1.000000e+00
   6090.635737 2.359300e-14 6.158170e+03 1.000000e+00
   6093.356466 2.365800e-14 6.160920e+03 1.000000e+00
   6096.077196 2.341000e-14 6.163670e+03 1.000000e+00
   6098.797925 2.361200e-14 6.166420e+03 1.000000e+00
   6101.518655 2.351500e-14 6.169170e+03 1.000000e+00
   6104.239384 2.328200e-14 6.171920e+03 1.000000e+00
   6106.960114 2.295000e-14 6.174670e+03 1.000000e+00
   6109.670840 2.368900e-14 6.177420e+03 1.000000e+00
   6112.391570 2.315900e-14 6.180170e+03 1.000000e+00
   6115.112300 2.247200e-14 6.182920e+03 1.000000e+00
   6117.833029 2.302800e-14 6.185670e+03 1.000000e+00
   6120.553759 2.316800e-14 6.188420e+03 1.000000e+00
   6123.274488 2.250100e-14 6.191170e+03 1.000000e+00
   6125.995218 2.265500e-14 6.193920e+03 1.000000e+00
   6128.715948 2.292200e-14 6.196670e+03 1.000000e+00
   6131.436677 2.291600e-14 6.199420e+03 1.000000e+00
   6134.157407 2.292300e-14 6.202170e+03 1.000000e+00
   6136.878137 2.232500e-14 6.204920e+03 1.000000e+00
   6139.588864 2.200500e-14 6.207670e+03 1.000000e+00
   6142.309593 2.306100e-14 6.210420e+03 1.000000e+00
   6145.030323 2.266600e-14 6.213170e+03 1.000000e+00
   6147.751053 2.231800e-14 6.215920e+03 1.000000e+00
   6150.471782 2.227200e-14 6.218670e+03 1.000000e+00
   6153.192512 2.311600e-14 6.221420e+03 1.000000e+00
   6155.913242 2.262600e-14 6.224170e+03 1.000000e+00
   6158.633972 2.212500e-14 6.226920e+03 1.000000e+00
   6161.354701 2.130100e-14 6.229670e+03 1.000000e+00
   6164.075431 2.194400e-14 6.232420e+03 1.000000e+00
   6166.796161 2.213000e-14 6.235170e+03 1.000000e+00
   6169.506888 2.228200e-14 6.237920e+03 1.000000e+00
   6172.227618 2.234500e-14 6.240670e+03 1.000000e+00
   6174.948348 2.201600e-14 6.243420e+03 1.000000e+00
   6177.669078 2.220800e-14 6.246170e+03 1.000000e+00
   6180.389807 2.286400e-14 6.248920e+03 1.000000e+00
   6183.110537 2.332600e-14 6.251670e+03 1.000000e+00
   6185.831267 2.306600e-14 6.254420e+03 1.000000e+00
   6188.551997 2.308300e-14 6.257170e+03 1.000000e+00
   6191.272727 2.195400e-14 6.259920e+03 1.000000e+00
   6193.993457 2.278800e-14 6.262670e+03 1.000000e+00
   6196.714187 2.231900e-14 6.265420e+03 1.000000e+00
   6199.424914 2.112000e-14 6.268170e+03 1.000000e+00
   6202.145644 2.220500e-14 6.270920e+03 1.000000e+00
   6204.866374 2.304600e-14 6.273670e+03 1.000000e+00
   6207.587104 2.385900e-14 6.276420e+03 1.000000e+00
   6210.307834 2.286400e-14 6.279170e+03 1.000000e+00
   6213.028564 2.274000e-14 6.281920e+03 1.000000e+00
   6215.749294 2.330200e-14 6.284670e+03 1.000000e+00
   6218.470024 2.248700e-14 6.287420e+03 1.000000e+00
   6221.190754 2.251000e-14 6.290170e+03 1.000000e+00
   6223.911484 2.270700e-14 6.292920e+03 1.000000e+00
   6226.632214 2.242900e-14 6.295670e+03 1.000000e+00
   6229.342941 2.217200e-14 6.298420e+03 1.000000e+00
   6232.063671 2.248400e-14 6.301170e+03 1.000000e+00
   6234.784401 2.187200e-14 6.303920e+03 1.000000e+00
   6237.505131 2.247400e-14 6.306670e+03 1.000000e+00
   6240.225861 2.207900e-14 6.309420e+03 1.000000e+00
   6242.946591 2.195600e-14 6.312170e+03 1.000000e+00
   6245.667321 2.218200e-14 6.314920e+03 1.000000e+00
   6248.388052 2.225700e-14 6.317670e+03 1.000000e+00
   6251.108782 2.251700e-14 6.320420e+03 1.000000e+00
   6253.829512 2.238600e-14 6.323170e+03 1.000000e+00
   6256.550242 2.192300e-14 6.325920e+03 1.000000e+00
   6259.260969 2.246000e-14 6.328670e+03 1.000000e+00
   6261.981700 2.170100e-14 6.331420e+03 1.000000e+00
   6264.702430 2.220400e-14 6.334170e+03 1.000000e+00
   6267.423160 2.234700e-14 6.336920e+03 1.000000e+00
   6270.143890 2.182800e-14 6.339670e+03 1.000000e+00
   6272.864620 2.269200e-14 6.342420e+03 1.000000e+00
   6275.585351 2.269600e-14 6.345170e+03 1.000000e+00
   6278.306081 2.125300e-14 6.347920e+03 1.000000e+00
   6281.026811 2.222600e-14 6.350670e+03 1.000000e+00
   6283.747541 2.144800e-14 6.353420e+03 1.000000e+00
   6286.468272 2.254400e-14 6.356170e+03 1.000000e+00
   6289.178999 2.273800e-14 6.358920e+03 1.000000e+00
   6291.899729 2.252100e-14 6.361670e+03 1.000000e+00
   6294.620460 2.323000e-14 6.364420e+03 1.000000e+00
   6297.341190 2.575200e-14 6.367170e+03 1.000000e+00
   6300.061920 2.885600e-14 6.369920e+03 1.000000e+00
   6302.782651 2.946900e-14 6.372670e+03 1.000000e+00
   6305.503381 2.659000e-14 6.375420e+03 1.000000e+00
   6308.224111 2.331800e-14 6.378170e+03 1.000000e+00
   6310.944842 2.262800e-14 6.380920e+03 1.000000e+00
   6313.665572 2.234700e-14 6.383670e+03 1.000000e+00
   6316.386302 2.131500e-14 6.386420e+03 1.000000e+00
   6319.097030 2.160100e-14 6.389170e+03 1.000000e+00
   6321.817761 2.198900e-14 6.391920e+03 1.000000e+00
   6324.538491 2.096100e-14 6.394670e+03 1.000000e+00
   6327.259221 2.160700e-14 6.397420e+03 1.000000e+00
   6329.979952 2.238200e-14 6.400170e+03 1.000000e+00
   6332.700682 2.136200e-14 6.402920e+03 1.000000e+00
   6335.421413 2.083200e-14 6.405670e+03 1.000000e+00
   6338.142143 2.195900e-14 6.408420e+03 1.000000e+00
   6340.862874 2.128600e-14 6.411170e+03 1.000000e+00
   6343.583604 2.222500e-14 6.413920e+03 1.000000e+00
   6346.304335 2.225700e-14 6.416670e+03 1.000000e+00
   6349.015062 2.171000e-14 6.419420e+03 1.000000e+00
   6351.735793 2.265900e-14 6.422170e+03 1.000000e+00
   6354.456523 2.214200e-14 6.424920e+03 1.000000e+00
   6357.177254 2.205600e-14 6.427670e+03 1.000000e+00
   6359.897985 2.301700e-14 6.430420e+03 1.000000e+00
   6362.618715 2.369300e-14 6.433170e+03 1.000000e+00
   6365.339446 2.372100e-14 6.435920e+03 1.000000e+00
   6368.060176 2.443100e-14 6.438670e+03 1.000000e+00
   6370.780907 2.296500e-14 6.441420e+03 1.000000e+00
   6373.501637 2.245000e-14 6.444170e+03 1.000000e+00
   6376.222368 2.148500e-14 6.446920e+03 1.000000e+00
   6378.933096 2.285000e-14 6.449670e+03 1.000000e+00
   6381.653826 2.216100e-14 6.452420e+03 1.000000e+00
   6384.374557 2.170300e-14 6.455170e+03 1.000000e+00
   6387.095288 2.210300e-14 6.457920e+03 1.000000e+00
   6389.816018 2.226400e-14 6.460670e+03 1.000000e+00
   6392.536749 2.140300e-14 6.463420e+03 1.000000e+00
   6395.257480 2.181800e-14 6.466170e+03 1.000000e+00
   6397.978210 2.145700e-14 6.468920e+03 1.000000e+00
   6400.698941 2.095500e-14 6.471670e+03 1.000000e+00
   6403.419672 2.103400e-14 6.474420e+03 1.000000e+00
   6406.140402 2.120200e-14 6.477170e+03 1.000000e+00
   6408.851131 2.067700e-14 6.479920e+03 1.000000e+00
   6411.571861 2.069300e-14 6.482670e+03 1.000000e+00
   6414.292592 2.163400e-14 6.485420e+03 1.000000e+00
   6417.013323 2.292300e-14 6.488170e+03 1.000000e+00
   6419.734053 2.268700e-14 6.490920e+03 1.000000e+00
   6422.454784 2.174100e-14 6.493670e+03 1.000000e+00
   6425.175515 2.246300e-14 6.496420e+03 1.000000e+00
   6427.896246 2.262300e-14 6.499170e+03 1.000000e+00
   6430.616977 2.167400e-14 6.501920e+03 1.000000e+00
   6433.337707 2.216300e-14 6.504670e+03 1.000000e+00
   6436.058438 2.208600e-14 6.507420e+03 1.000000e+00
   6438.769166 2.197700e-14 6.510170e+03 1.000000e+00
   6441.489897 2.230800e-14 6.512920e+03 1.000000e+00
   6444.210628 2.187600e-14 6.515670e+03 1.000000e+00
   6446.931359 2.156800e-14 6.518420e+03 1.000000e+00
   6449.652090 2.210500e-14 6.521170e+03 1.000000e+00
   6452.372821 2.199700e-14 6.523920e+03 1.000000e+00
   6455.093552 2.200300e-14 6.526670e+03 1.000000e+00
   6457.814282 2.210500e-14 6.529420e+03 1.000000e+00
   6460.535013 2.227900e-14 6.532170e+03 1.000000e+00
   6463.255744 2.165600e-14 6.534920e+03 1.000000e+00
   6465.976475 2.115200e-14 6.537670e+03 1.000000e+00
   6468.687203 2.070300e-14 6.540420e+03 1.000000e+00
   6471.407934 2.160000e-14 6.543170e+03 1.000000e+00
   6474.128665 2.137900e-14 6.545920e+03 1.000000e+00
   6476.849396 2.156700e-14 6.548670e+03 1.000000e+00
   6479.570127 2.154100e-14 6.551420e+03 1.000000e+00
   6482.290858 2.202700e-14 6.554170e+03 1.000000e+00
   6485.011589 2.183400e-14 6.556920e+03 1.000000e+00
   6487.732320 2.147100e-14 6.559670e+03 1.000000e+00
   6490.453051 2.199300e-14 6.562420e+03 1.000000e+00
   6493.173782 2.107500e-14 6.565170e+03 1.000000e+00
   6495.894513 1.998100e-14 6.567920e+03 1.000000e+00
   6498.605242 1.946100e-14 6.570670e+03 1.000000e+00
   6501.325973 2.043700e-14 6.573420e+03 1.000000e+00
   6504.046704 2.135200e-14 6.576170e+03 1.000000e+00
   6506.767435 2.127300e-14 6.578920e+03 1.000000e+00
   6509.488166 2.156300e-14 6.581670e+03 1.000000e+00
   6512.208897 2.200600e-14 6.584420e+03 1.000000e+00
   6514.929628 2.230900e-14 6.587170e+03 1.000000e+00
   6517.650359 2.141200e-14 6.589920e+03 1.000000e+00
   6520.371090 2.101300e-14 6.592670e+03 1.000000e+00
   6523.091821 2.109900e-14 6.595420e+03 1.000000e+00
   6525.812552 2.230600e-14 6.598170e+03 1.000000e+00
   6528.523281 2.168600e-14 6.600920e+03 1.000000e+00
   6531.244012 2.144200e-14 6.603670e+03 1.000000e+00
   6533.964743 2.129400e-14 6.606420e+03 1.000000e+00
   6536.685474 2.050200e-14 6.609170e+03 1.000000e+00
   6539.406205 2.209800e-14 6.611920e+03 1.000000e+00
   6542.126937 2.341000e-14 6.614670e+03 1.000000e+00
   6544.847668 2.691100e-14 6.617420e+03 1.000000e+00
   6547.568399 3.190800e-14 6.620170e+03 1.000000e+00
   6550.289130 3.330600e-14 6.622920e+03 1.000000e+00
   6553.009861 3.419400e-14 6.625670e+03 1.000000e+00
   6555.730593 4.754300e-14 6.628420e+03 1.000000e+00
   6558.441321 9.857800e-14 6.631170e+03 1.000000e+00
   6561.162052 1.890900e-13 6.633920e+03 1.000000e+00
   6563.882784 2.437500e-13 6.636670e+03 1.000000e+00
   6566.603515 2.001400e-13 6.639420e+03 1.000000e+00
   6569.324246 1.019200e-13 6.642170e+03 1.000000e+00
   6572.044978 4.219000e-14 6.644920e+03 1.000000e+00
   6574.765709 2.693800e-14 6.647670e+03 1.000000e+00
   6577.486440 2.856900e-14 6.650420e+03 1.000000e+00
   6580.207171 3.951600e-14 6.653170e+03 1.000000e+00
   6582.927903 5.408500e-14 6.655920e+03 1.000000e+00
   6585.638631 5.630500e-14 6.658670e+03 1.000000e+00
   6588.359363 4.271300e-14 6.661420e+03 1.000000e+00
   6591.080094 2.843500e-14 6.664170e+03 1.000000e+00
   6593.800825 2.222000e-14 6.666920e+03 1.000000e+00
   6596.521557 2.137100e-14 6.669670e+03 1.000000e+00
   6599.242288 2.095900e-14 6.672420e+03 1.000000e+00
   6601.963020 2.122400e-14 6.675170e+03 1.000000e+00
   6604.683751 2.101000e-14 6.677920e+03 1.000000e+00
   6607.404482 2.147300e-14 6.680670e+03 1.000000e+00
   6610.125214 2.144600e-14 6.683420e+03 1.000000e+00
   6612.845945 2.136100e-14 6.686170e+03 1.000000e+00
   6615.556674 2.234300e-14 6.688920e+03 1.000000e+00
   6618.277405 2.086400e-14 6.691670e+03 1.000000e+00
   6620.998137 2.192900e-14 6.694420e+03 1.000000e+00
   6623.718868 2.135100e-14 6.697170e+03 1.000000e+00
   6626.439600 2.057600e-14 6.699920e+03 1.000000e+00
   6629.160331 2.136100e-14 6.702670e+03 1.000000e+00
   6631.881063 2.084600e-14 6.705420e+03 1.000000e+00
   6634.601794 2.117000e-14 6.708170e+03 1.000000e+00
   6637.322526 2.118400e-14 6.710920e+03 1.000000e+00
   6640.043257 2.066700e-14 6.713670e+03 1.000000e+00
   6642.763989 2.131100e-14 6.716420e+03 1.000000e+00
   6645.474717 2.031200e-14 6.719170e+03 1.000000e+00
   6648.195449 2.147400e-14 6.721920e+03 1.000000e+00
   6650.916181 2.034600e-14 6.724670e+03 1.000000e+00
   6653.636912 2.027400e-14 6.727420e+03 1.000000e+00
   6656.357644 1.997800e-14 6.730170e+03 1.000000e+00
   6659.078375 2.017000e-14 6.732920e+03 1.000000e+00
   6661.799107 2.062800e-14 6.735670e+03 1.000000e+00
   6664.519838 2.057200e-14 6.738420e+03 1.000000e+00
   6667.240570 2.060700e-14 6.741170e+03 1.000000e+00
   6669.961302 2.054100e-14 6.743920e+03 1.000000e+00
   6672.682033 2.032100e-14 6.746670e+03 1.000000e+00
   6675.392762 2.191900e-14 6.749420e+03 1.000000e+00
   6678.113494 2.355700e-14 6.752170e+03 1.000000e+00
   6680.834225 2.268700e-14 6.754920e+03 1.000000e+00
   6683.554957 2.170500e-14 6.757670e+03 1.000000e+00
   6686.275689 2.123200e-14 6.760420e+03 1.000000e+00
   6688.996420 2.091600e-14 6.763170e+03 1.000000e+00
   6691.717152 2.127600e-14 6.765920e+03 1.000000e+00
   6694.437884 2.068300e-14 6.768670e+03 1.000000e+00
   6697.158615 2.026300e-14 6.771420e+03 1.000000e+00
   6699.879347 2.070900e-14 6.774170e+03 1.000000e+00
   6702.600079 2.077600e-14 6.776920e+03 1.000000e+00
   6705.310808 2.130300e-14 6.779670e+03 1.000000e+00
   6708.031539 2.269400e-14 6.782420e+03 1.000000e+00
   6710.752271 2.859600e-14 6.785170e+03 1.000000e+00
   6713.473003 4.072700e-14 6.787920e+03 1.000000e+00
   6716.193735 5.284000e-14 6.790670e+03 1.000000e+00
   6718.914466 5.485100e-14 6.793420e+03 1.000000e+00
   6721.635198 4.274100e-14 6.796170e+03 1.000000e+00
   6724.355930 3.161800e-14 6.798920e+03 1.000000e+00
   6727.076662 3.270200e-14 6.801670e+03 1.000000e+00
   6729.797394 4.134500e-14 6.804420e+03 1.000000e+00
   6732.518125 4.501100e-14 6.807170e+03 1.000000e+00
   6735.228854 3.876200e-14 6.809920e+03 1.000000e+00
   6737.949586 2.801400e-14 6.812670e+03 1.000000e+00
   6740.670318 2.222600e-14 6.815420e+03 1.000000e+00
   6743.391050 2.082300e-14 6.818170e+03 1.000000e+00
   6746.111782 2.049300e-14 6.820920e+03 1.000000e+00
   6748.832514 1.960700e-14 6.823670e+03 1.000000e+00
   6751.553245 2.002600e-14 6.826420e+03 1.000000e+00
   6754.273977 2.027500e-14 6.829170e+03 1.000000e+00
   6764.106622 2.047800e-14 6.839120e+03 0.000000e+00
   6779.700817 2.029300e-14 6.854880e+03 0.000000e+00
   6795.325021 2.039000e-14 6.870680e+03 0.000000e+00
   6810.999238 2.043900e-14 6.886520e+03 0.000000e+00
   6826.693461 2.034800e-14 6.902400e+03 0.000000e+00
   6842.427695 2.030400e-14 6.918310e+03 0.000000e+00
   6858.211942 2.012000e-14 6.934260e+03 0.000000e+00
   6874.016195 1.980100e-14 6.950240e+03 0.000000e+00
   6889.860460 1.989500e-14 6.966260e+03 0.000000e+00
   6905.744735 1.985200e-14 6.982330e+03 0.000000e+00
   6921.669021 1.985500e-14 6.998420e+03 0.000000e+00
   6937.623316 1.972000e-14 7.014550e+03 0.000000e+00
   6953.607619 1.995100e-14 7.030720e+03 0.000000e+00
   6969.641935 1.968000e-14 7.046930e+03 0.000000e+00
   6985.706260 1.945800e-14 7.063180e+03 0.000000e+00
   7001.810596 1.955000e-14 7.079460e+03 0.000000e+00
   7017.954944 1.950800e-14 7.095780e+03 0.000000e+00
   7034.129299 1.937600e-14 7.112140e+03 0.000000e+00
   7050.343665 1.973900e-14 7.128530e+03 0.000000e+00
   7066.598043 1.960600e-14 7.144960e+03 0.000000e+00
   7082.892432 1.960800e-14 7.161430e+03 0.000000e+00
   7099.216828 1.938600e-14 7.177940e+03 0.000000e+00
   7115.581236 1.938900e-14 7.194490e+03 0.000000e+00
   7131.985655 1.925800e-14 7.211080e+03 0.000000e+00
   7148.430085 1.930500e-14 7.227700e+03 0.000000e+00
   7164.904523 1.913100e-14 7.244360e+03 0.000000e+00
   7181.418973 1.852600e-14 7.261060e+03 0.000000e+00
   7197.973433 1.810700e-14 7.277800e+03 0.000000e+00
   7214.567905 1.823500e-14 7.294570e+03 0.000000e+00
   7231.202387 1.870500e-14 7.311390e+03 0.000000e+00
   7247.866878 1.845100e-14 7.328250e+03 0.000000e+00
   7264.581382 1.866800e-14 7.345140e+03 0.000000e+00
   7281.325895 1.854200e-14 7.362070e+03 0.000000e+00
   7298.110419 1.812200e-14 7.379040e+03 0.000000e+00
   7314.934954 1.863200e-14 7.396050e+03 0.000000e+00
   7331.799500 1.880700e-14 7.413100e+03 0.000000e+00
   7348.704057 1.898400e-14 7.430190e+03 0.000000e+00
   7365.638622 1.851200e-14 7.447320e+03 0.000000e+00
   7382.613198 1.877200e-14 7.464490e+03 0.000000e+00
   7399.637788 1.843200e-14 7.481700e+03 0.000000e+00
   7416.692387 1.852000e-14 7.498940e+03 0.000000e+00
   7433.786996 1.831000e-14 7.516230e+03 0.000000e+00
   7450.931619 1.835500e-14 7.533560e+03 0.000000e+00
   7468.106250 1.861300e-14 7.550920e+03 0.000000e+00
   7485.320893 1.853000e-14 7.568330e+03 0.000000e+00
   7502.575546 1.827800e-14 7.585780e+03 0.000000e+00
   7519.870211 1.823900e-14 7.603260e+03 0.000000e+00
   7537.204887 1.845300e-14 7.620790e+03 0.000000e+00
   7554.579573 1.837100e-14 7.638360e+03 0.000000e+00
   7571.994271 1.820500e-14 7.655970e+03 0.000000e+00
   7589.448979 1.824900e-14 7.673610e+03 0.000000e+00
   7606.943699 1.796000e-14 7.691300e+03 0.000000e+00
   7624.478430 1.796300e-14 7.709040e+03 0.000000e+00
   7642.063174 1.767800e-14 7.726810e+03 0.000000e+00
   7659.677927 1.784400e-14 7.744620e+03 0.000000e+00
   7677.332691 1.635200e-14 7.762470e+03 0.000000e+00
   7695.027466 1.752400e-14 7.780370e+03 0.000000e+00
   7712.772254 1.681500e-14 7.798300e+03 0.000000e+00
   7730.547051 1.736800e-14 7.816280e+03 0.000000e+00
   7748.371862 1.741100e-14 7.834300e+03 0.000000e+00
   7766.226680 1.729300e-14 7.852360e+03 0.000000e+00
   7784.131513 1.592000e-14 7.870460e+03 0.000000e+00
   7802.076357 1.710000e-14 7.888600e+03 0.000000e+00
   7820.061211 1.714200e-14 7.906790e+03 0.000000e+00
   7838.086077 1.730300e-14 7.925010e+03 0.000000e+00
   7856.160957 1.734600e-14 7.943280e+03 0.000000e+00
   7874.265844 1.726900e-14 7.961590e+03 0.000000e+00
   7892.420746 1.719200e-14 7.979950e+03 0.000000e+00
   7910.615659 1.699800e-14 7.998340e+03 0.000000e+00
   7928.850582 1.661300e-14 8.016780e+03 0.000000e+00
   7947.125517 1.661600e-14 8.035260e+03 0.000000e+00
   7965.450465 1.661800e-14 8.053780e+03 0.000000e+00
   7983.815424 1.677400e-14 8.072350e+03 0.000000e+00
   8002.210392 1.670000e-14 8.090960e+03 0.000000e+00
   8020.665376 1.662600e-14 8.109610e+03 0.000000e+00
   8039.150369 1.643800e-14 8.128310e+03 0.000000e+00
   8057.685375 1.636500e-14 8.147040e+03 0.000000e+00
   8076.260392 1.663300e-14 8.165820e+03 0.000000e+00
   8094.875420 1.633200e-14 8.184650e+03 0.000000e+00
   8113.540462 1.644800e-14 8.203520e+03 0.000000e+00
   8132.235512 1.637500e-14 8.222430e+03 0.000000e+00
   8150.980576 1.593100e-14 8.241380e+03 0.000000e+00
   8169.775654 1.593300e-14 8.260380e+03 0.000000e+00
   8188.610743 1.550200e-14 8.279420e+03 0.000000e+00
   8207.485842 1.529100e-14 8.298510e+03 0.000000e+00
   8226.410956 1.590400e-14 8.317640e+03 0.000000e+00
   8245.366078 1.554500e-14 8.336810e+03 0.000000e+00
   8264.381216 1.616800e-14 8.356030e+03 0.000000e+00
   8283.426362 1.576600e-14 8.375290e+03 0.000000e+00
   8302.521523 1.580400e-14 8.394600e+03 0.000000e+00
   8321.666697 1.573400e-14 8.413950e+03 0.000000e+00
   8340.851882 1.555700e-14 8.433350e+03 0.000000e+00
   8360.077078 1.584800e-14 8.452790e+03 0.000000e+00
   8379.342285 1.596100e-14 8.472270e+03 0.000000e+00
   8398.657506 1.521000e-14 8.491800e+03 0.000000e+00
   8418.022740 1.585600e-14 8.511380e+03 0.000000e+00
   8437.427986 1.571300e-14 8.531000e+03 0.000000e+00
   8456.873242 1.507700e-14 8.550670e+03 0.000000e+00
   8476.378515 1.511500e-14 8.570380e+03 0.000000e+00
   8495.913797 1.608700e-14 8.590140e+03 0.000000e+00
   8515.499092 1.487800e-14 8.609940e+03 0.000000e+00
   8535.134400 1.598100e-14 8.629790e+03 0.000000e+00
   8554.809720 1.171300e-14 8.649680e+03 0.000000e+00
   8574.525051 1.591300e-14 8.669620e+03 0.000000e+00
   8594.290396 1.562500e-14 8.689600e+03 0.000000e+00
   8614.105754 1.495800e-14 8.709640e+03 0.000000e+00
   8633.961123 1.555800e-14 8.729710e+03 0.000000e+00
   8653.866506 1.559600e-14 8.749840e+03 0.000000e+00
   8673.811900 1.130000e-14 8.770010e+03 0.000000e+00
   8693.807308 1.483100e-14 8.790230e+03 0.000000e+00
   8713.852730 1.514400e-14 8.810490e+03 0.000000e+00
   8733.938162 1.549900e-14 8.830800e+03 0.000000e+00
   8754.073608 1.473600e-14 8.851160e+03 0.000000e+00
   8774.249066 1.497800e-14 8.871560e+03 0.000000e+00
   8794.474537 1.518900e-14 8.892010e+03 0.000000e+00
   8814.750021 1.491400e-14 8.912510e+03 0.000000e+00
   8835.075520 1.464400e-14 8.933050e+03 0.000000e+00
   8855.431027 1.481600e-14 8.953650e+03 0.000000e+00
   8875.856552 1.311600e-14 8.974290e+03 0.000000e+00
   8896.312087 1.475300e-14 8.994980e+03 0.000000e+00
   8916.817635 1.492600e-14 9.015710e+03 0.000000e+00
   8937.373196 1.455500e-14 9.036500e+03 0.000000e+00
   8957.978772 1.442400e-14 9.057330e+03 0.000000e+00
   8978.624358 1.413100e-14 9.078200e+03 0.000000e+00
   8999.329961 1.334300e-14 9.099130e+03 0.000000e+00
   9020.075575 1.331400e-14 9.120110e+03 0.000000e+00
   9040.861200 1.443400e-14 9.141130e+03 0.000000e+00
   9061.706841 1.518700e-14 9.162200e+03 0.000000e+00
   9082.592493 1.369400e-14 9.183330e+03 0.000000e+00
   9103.528159 1.417800e-14 9.204500e+03 0.000000e+00
   9124.513839 1.461100e-14 9.225710e+03 0.000000e+00
   9145.559535 1.376400e-14 9.246980e+03 0.000000e+00
   9166.635240 1.284800e-14 9.268300e+03 0.000000e+00
   9187.760958 1.279100e-14 9.289660e+03 0.000000e+00
   9208.946693 1.370800e-14 9.311080e+03 0.000000e+00
   9230.172439 1.324500e-14 9.332540e+03 0.000000e+00
   9251.448198 1.343200e-14 9.354060e+03 0.000000e+00
   9272.773971 1.365200e-14 9.375620e+03 0.000000e+00
   9294.159761 1.387600e-14 9.397230e+03 0.000000e+00
   9315.585562 1.423500e-14 9.418900e+03 0.000000e+00
   9337.051373 1.420500e-14 9.440610e+03 0.000000e+00
   9358.577201 1.414200e-14 9.462370e+03 0.000000e+00
   9380.153043 1.401500e-14 9.484180e+03 0.000000e+00
   9401.778899 1.404900e-14 9.506050e+03 0.000000e+00
   9423.454768 1.395500e-14 9.527960e+03 0.000000e+00
   9445.170648 1.386100e-14 9.549930e+03 0.000000e+00
   9466.946545 1.383200e-14 9.571940e+03 0.000000e+00
   9488.772455 1.380300e-14 9.594010e+03 0.000000e+00
   9510.648379 1.367900e-14 9.616120e+03 0.000000e+00
   9532.564314 1.340000e-14 9.638290e+03 0.000000e+00
   9554.540266 1.253700e-14 9.660510e+03 0.000000e+00
   9576.566231 1.334400e-14 9.682780e+03 0.000000e+00
   9598.642210 1.353200e-14 9.705100e+03 0.000000e+00
   9620.768203 1.347200e-14 9.727470e+03 0.000000e+00
   9642.954212 1.341200e-14 9.749900e+03 0.000000e+00
   9665.180233 1.329200e-14 9.772370e+03 0.000000e+00
   9687.456267 1.332500e-14 9.794900e+03 0.000000e+00
   9709.792317 1.323500e-14 9.817480e+03 0.000000e+00
   9732.178381 1.320700e-14 9.840110e+03 0.000000e+00
   9754.604456 1.314900e-14 9.862790e+03 0.000000e+00
   9777.090548 1.312100e-14 9.885530e+03 0.000000e+00
   9799.636656 1.303300e-14 9.908320e+03 0.000000e+00
   9822.222775 1.306600e-14 9.931160e+03 0.000000e+00
   9844.868910 1.297800e-14 9.954050e+03 0.000000e+00
   9867.565059 1.289100e-14 9.977000e+03 0.000000e+00
   9890.311222 1.286400e-14 1.000000e+04 0.000000e+00
   9913.107399 1.280700e-14 1.002305e+04 0.000000e+00
   9935.953589 1.278000e-14 1.004615e+04 0.000000e+00
   9958.859796 1.275300e-14 1.006931e+04 0.000000e+00
   9981.826019 1.269700e-14 1.009253e+04 0.000000e+00
  10027.898504 1.229800e-14 1.013912e+04 0.000000e+00
  10074.181046 1.205100e-14 1.018591e+04 0.000000e+00
  10120.693652 1.227900e-14 1.023294e+04 0.000000e+00
  10167.396310 1.217100e-14 1.028017e+04 0.000000e+00
  10237.875413 1.209400e-14 1.035142e+04 0.000000e+00
  10285.138224 1.204300e-14 1.039921e+04 0.000000e+00
  10308.844650 1.193500e-14 1.042318e+04 0.000000e+00
  10500.496608 1.154800e-14 1.061696e+04 0.000000e+00
  10695.709541 1.108600e-14 1.081434e+04 0.000000e+00
  10894.553469 1.049000e-14 1.101539e+04 0.000000e+00
  11097.108414 1.039400e-14 1.122019e+04 0.000000e+00
  11303.414386 9.995000e-15 1.142879e+04 0.000000e+00
  11513.561410 9.745100e-15 1.164126e+04 0.000000e+00
  11700.642183 9.392600e-15 1.183041e+04 0.000000e+00
  11890.763788 9.073700e-15 1.202264e+04 0.000000e+00
  12111.823799 8.785900e-15 1.224616e+04 0.000000e+00
  12308.617230 8.546400e-15 1.244514e+04 0.000000e+00
  12508.631543 8.313500e-15 1.264737e+04 0.000000e+00
  12711.876739 8.068400e-15 1.285287e+04 0.000000e+00
  12888.704766 7.812400e-15 1.303166e+04 0.000000e+00
  13098.141656 7.617000e-15 1.324342e+04 0.000000e+00
  13310.969473 7.392400e-15 1.345861e+04 0.000000e+00
  13496.149784 7.240800e-15 1.364584e+04 0.000000e+00
  13715.439368 7.043400e-15 1.386756e+04 0.000000e+00
  13906.231214 6.867300e-15 1.406047e+04 0.000000e+00
  14099.683787 6.711000e-15 1.425607e+04 0.000000e+00
  14295.827095 6.528100e-15 1.445439e+04 0.000000e+00
  14494.701150 6.423700e-15 1.465547e+04 0.000000e+00
  14696.345962 6.277500e-15 1.485935e+04 0.000000e+00
  14900.791540 6.148700e-15 1.506607e+04 0.000000e+00
  15108.087896 6.008800e-15 1.527566e+04 0.000000e+00
  15318.265040 5.926300e-15 1.548817e+04 0.000000e+00
  15495.643269 5.885500e-15 1.566752e+04 0.000000e+00
  15711.211886 5.698800e-15 1.588548e+04 0.000000e+00
  15893.121353 5.518000e-15 1.606941e+04 0.000000e+00
  16114.221481 5.467400e-15 1.629296e+04 0.000000e+00
  16300.822230 5.404900e-15 1.648162e+04 0.000000e+00
  16489.573566 5.197400e-15 1.667248e+04 0.000000e+00
  16718.975962 5.067400e-15 1.690442e+04 0.000000e+00
  16912.558617 4.884100e-15 1.710014e+04 0.000000e+00
  17108.401890 4.761900e-15 1.729816e+04 0.000000e+00
  17306.505781 4.537200e-15 1.749847e+04 0.000000e+00
  17506.910299 4.454400e-15 1.770110e+04 0.000000e+00
  17709.615446 4.313100e-15 1.790605e+04 0.000000e+00
  17914.691240 4.185900e-15 1.811340e+04 0.000000e+00
  18122.137682 3.997500e-15 1.832314e+04 0.000000e+00
  18289.823307 3.915500e-15 1.849270e+04 0.000000e+00
  18501.600931 3.791300e-15 1.870681e+04 0.000000e+00
  18715.839227 3.612300e-15 1.892343e+04 0.000000e+00
  18889.026354 3.546400e-15 1.909854e+04 0.000000e+00
  19107.735870 3.457700e-15 1.931967e+04 0.000000e+00
  19284.543985 3.348000e-15 1.949844e+04 0.000000e+00
  19507.854758 3.204700e-15 1.972423e+04 0.000000e+00
  19688.343878 3.139000e-15 1.990672e+04 0.000000e+00
  19916.325926 3.053400e-15 2.013724e+04 0.000000e+00
  20100.616083 2.983900e-15 2.032357e+04 0.000000e+00
  20286.596703 2.876000e-15 2.051161e+04 0.000000e+00
  20521.510642 2.817000e-15 2.074913e+04 0.000000e+00
  20711.402329 2.727600e-15 2.094113e+04 0.000000e+00
  20903.024488 2.647200e-15 2.113488e+04 0.000000e+00
  21096.447138 2.581000e-15 2.133045e+04 0.000000e+00
  21291.660277 2.510600e-15 2.152783e+04 0.000000e+00
  21488.653901 2.447800e-15 2.172701e+04 0.000000e+00
  21687.498031 2.348500e-15 2.192805e+04 0.000000e+00
  21888.152655 2.310900e-15 2.213094e+04 0.000000e+00
  22090.687792 2.247900e-15 2.233572e+04 0.000000e+00
  22295.103442 2.181600e-15 2.254240e+04 0.000000e+00
  22501.379600 2.127100e-15 2.275097e+04 0.000000e+00
  22709.596287 2.073900e-15 2.296149e+04 0.000000e+00
  22919.703490 1.931000e-15 2.317393e+04 0.000000e+00
  23131.791234 1.913300e-15 2.338837e+04 0.000000e+00
  23292.144893 1.753000e-15 2.355050e+04 0.000000e+00
  23507.653569 1.693500e-15 2.376840e+04 0.000000e+00
  23725.172795 1.697400e-15 2.398834e+04 0.000000e+00
  23889.617570 1.580500e-15 2.415460e+04 0.000000e+00
  24110.677761 1.555200e-15 2.437811e+04 0.000000e+00
  24333.748501 1.548000e-15 2.460366e+04 0.000000e+00
  24502.434434 1.471600e-15 2.477422e+04 0.000000e+00
  24729.146167 1.471600e-15 2.500344e+04 0.000000e+00
  24900.572847 1.386100e-15 2.517677e+04 0.000000e+00
  25130.985590 1.376500e-15 2.540974e+04 0.000000e+00
  25305.173023 1.357600e-15 2.558586e+04 0.000000e+00
  25480.560783 1.326700e-15 2.576320e+04 0.000000e+00
  25716.344992 1.314600e-15 2.600159e+04 0.000000e+00
  25894.613538 1.275800e-15 2.618184e+04 0.000000e+00
  26134.198783 1.258300e-15 2.642408e+04 0.000000e+00
  26315.368121 1.224000e-15 2.660726e+04 0.000000e+00
  26497.767794 1.215600e-15 2.679168e+04 0.000000e+00
  26681.457819 1.182500e-15 2.697741e+04 0.000000e+00
  26928.315048 1.168900e-15 2.722701e+04 0.000000e+00
  27114.985886 1.147600e-15 2.741575e+04 0.000000e+00
  27302.927071 1.124000e-15 2.760578e+04 0.000000e+00
  27492.168610 1.098500e-15 2.779712e+04 0.000000e+00
  27682.750515 1.078400e-15 2.798981e+04 0.000000e+00
  27938.910281 1.063600e-15 2.824881e+04 0.000000e+00
  28132.563024 1.039400e-15 2.844461e+04 0.000000e+00
  28327.556132 1.020400e-15 2.864177e+04 0.000000e+00
  28523.929617 9.995000e-16 2.884032e+04 0.000000e+00
  28721.633464 9.722700e-16 2.904021e+04 0.000000e+00
  28920.737694 9.589200e-16 2.924153e+04 0.000000e+00
  29121.192292 9.414200e-16 2.944421e+04 0.000000e+00
  29323.067277 9.199900e-16 2.964832e+04 0.000000e+00
  29526.312636 9.011200e-16 2.985382e+04 0.000000e+00
  29730.988385 8.846800e-16 3.006077e+04 0.000000e+00
  29937.064516 8.665300e-16 3.026913e+04 0.000000e+00
  30075.232150 8.487600e-16 3.040884e+04 0.000000e+00
  30283.728941 8.275300e-16 3.061964e+04 0.000000e+00
  30493.626114 8.143000e-16 3.083187e+04 0.000000e+00
  30705.013694 7.994400e-16 3.104560e+04 0.000000e+00
  30917.841666 7.848500e-16 3.126079e+04 0.000000e+00
  31132.170048 7.687500e-16 3.147749e+04 0.000000e+00
  31275.859188 7.564600e-16 3.162278e+04 0.000000e+00
  31492.638237 7.426500e-16 3.184196e+04 0.000000e+00
  31710.957707 7.307800e-16 3.206270e+04 0.000000e+00
  31930.747578 7.207500e-16 3.228493e+04 0.000000e+00
  32078.157733 7.141400e-16 3.243397e+04 0.000000e+00
  32300.498300 7.141400e-16 3.265878e+04 0.000000e+00
  32524.409294 7.291000e-16 3.288518e+04 0.000000e+00
  32674.520186 7.902900e-16 3.303696e+04 0.000000e+00
  32900.991879 9.767500e-16 3.326594e+04 0.000000e+00
  33129.074011 9.655700e-16 3.349655e+04 0.000000e+00
  33281.985666 7.512500e-16 3.365115e+04 0.000000e+00
  33512.708518 6.664800e-16 3.388443e+04 0.000000e+00
  33744.981793 6.263000e-16 3.411929e+04 0.000000e+00
  33900.734223 6.022600e-16 3.427677e+04 0.000000e+00
  34135.738243 5.845000e-16 3.451438e+04 0.000000e+00
  34293.291163 5.698800e-16 3.467368e+04 0.000000e+00
  34531.025928 5.569100e-16 3.491405e+04 0.000000e+00
  34690.399345 5.454900e-16 3.507520e+04 0.000000e+00
  34930.844848 5.343000e-16 3.531830e+04 0.000000e+00
  35092.108781 5.245500e-16 3.548136e+04 0.000000e+00
  35335.335043 5.137900e-16 3.572728e+04 0.000000e+00
  35498.419472 5.044100e-16 3.589218e+04 0.000000e+00
  35744.506514 4.940700e-16 3.614099e+04 0.000000e+00
  35909.481458 4.861700e-16 3.630780e+04 0.000000e+00
  36075.226613 4.772900e-16 3.647538e+04 0.000000e+00
  36325.304743 4.685800e-16 3.672823e+04 0.000000e+00
  36492.960418 4.589700e-16 3.689775e+04 0.000000e+00
  36745.949342 4.516300e-16 3.715354e+04 0.000000e+00
  36915.545547 4.423700e-16 3.732502e+04 0.000000e+00
  37085.921964 4.353000e-16 3.749729e+04 0.000000e+00
  37343.012006 4.283400e-16 3.775723e+04 0.000000e+00
  37515.368963 4.176200e-16 3.793150e+04 0.000000e+00
  37688.516136 4.147500e-16 3.810657e+04 0.000000e+00
  37949.787318 4.081200e-16 3.837073e+04 0.000000e+00
  38124.945039 4.006700e-16 3.854783e+04 0.000000e+00
  38300.902978 3.942600e-16 3.872575e+04 0.000000e+00
  38477.721152 3.888500e-16 3.890453e+04 0.000000e+00
  38744.423815 3.817500e-16 3.917418e+04 0.000000e+00
  38923.242534 3.756500e-16 3.935499e+04 0.000000e+00
  39102.931491 3.687900e-16 3.953667e+04 0.000000e+00
  39283.410663 3.645700e-16 3.971915e+04 0.000000e+00
  39555.734858 3.579200e-16 3.999450e+04 0.000000e+00
  39738.304600 3.530100e-16 4.017909e+04 0.000000e+00
  39921.714571 3.465600e-16 4.036454e+04 0.000000e+00
  40105.974774 3.410200e-16 4.055084e+04 0.000000e+00
  40291.115217 3.363400e-16 4.073804e+04 0.000000e+00
  40477.085886 3.302100e-16 4.092607e+04 0.000000e+00
  40757.632324 3.271800e-16 4.120973e+04 0.000000e+00
  40945.793590 3.226900e-16 4.139998e+04 0.000000e+00
  41134.785083 3.182600e-16 4.159106e+04 0.000000e+00
  41324.636810 3.131700e-16 4.178302e+04 0.000000e+00
  41515.418791 3.088800e-16 4.197591e+04 0.000000e+00
  41707.020996 3.032400e-16 4.216965e+04 0.000000e+00
  41899.523446 2.997700e-16 4.236428e+04 0.000000e+00
  42092.956150 2.956500e-16 4.255986e+04 0.000000e+00
  42287.229082 2.922700e-16 4.275629e+04 0.000000e+00
  42482.402260 2.882600e-16 4.295363e+04 0.000000e+00
  42678.525698 2.843100e-16 4.315193e+04 0.000000e+00
  42875.509370 2.746500e-16 4.335110e+04 0.000000e+00
  43073.393287 2.659400e-16 4.355118e+04 0.000000e+00
  43272.207458 2.659400e-16 4.375219e+04 0.000000e+00
  43471.971888 2.569100e-16 4.395418e+04 0.000000e+00
  43672.616557 2.516400e-16 4.415704e+04 0.000000e+00
  43874.181478 2.487600e-16 4.436085e+04 0.000000e+00
  44076.726666 2.403200e-16 4.456564e+04 0.000000e+00
  44280.162097 2.392100e-16 4.477133e+04 0.000000e+00
  44484.537784 2.353900e-16 4.497797e+04 0.000000e+00
  44689.903741 2.284500e-16 4.518562e+04 0.000000e+00
  44896.169944 2.295000e-16 4.539417e+04 0.000000e+00
  45103.386405 2.253100e-16 4.560368e+04 0.000000e+00
  45311.553126 2.201800e-16 4.581416e+04 0.000000e+00
  45520.740125 2.201800e-16 4.602567e+04 0.000000e+00
  45730.837372 2.181600e-16 4.623810e+04 0.000000e+00
  45941.904883 2.127100e-16 4.645151e+04 0.000000e+00
  46154.002676 2.136900e-16 4.666595e+04 0.000000e+00
  46260.391664 2.107600e-16 4.677352e+04 0.000000e+00
  46473.899841 2.083500e-16 4.698940e+04 0.000000e+00
  46688.398288 2.073900e-16 4.720628e+04 0.000000e+00
  46903.937019 2.059600e-16 4.742421e+04 0.000000e+00
  47120.426008 2.036000e-16 4.764310e+04 0.000000e+00
  47337.905268 2.040700e-16 4.786299e+04 0.000000e+00
  47556.444816 2.017400e-16 4.808395e+04 0.000000e+00
  47666.064686 2.003500e-16 4.819479e+04 0.000000e+00
  47886.064632 1.985100e-16 4.841723e+04 0.000000e+00
  48107.084857 1.962400e-16 4.864070e+04 0.000000e+00
  48329.165371 1.971400e-16 4.886525e+04 0.000000e+00
  48552.226152 1.948900e-16 4.909079e+04 0.000000e+00
  48664.146649 1.931000e-16 4.920395e+04 0.000000e+00
  48888.757853 1.922100e-16 4.943104e+04 0.000000e+00
  49114.449351 1.904500e-16 4.965924e+04 0.000000e+00
  49341.141122 1.895800e-16 4.988845e+04 0.000000e+00
  49568.873177 1.895300e-16 5.011870e+04 0.000000e+00
  49683.184325 1.903100e-16 5.023429e+04 0.000000e+00
  49912.496811 1.914200e-16 5.046614e+04 0.000000e+00
  50142.859582 1.934200e-16 5.069906e+04 0.000000e+00
  50258.441077 1.937400e-16 5.081593e+04 0.000000e+00
  50490.464302 1.943800e-16 5.105052e+04 0.000000e+00
  50723.507804 1.963600e-16 5.128614e+04 0.000000e+00
  50840.419662 1.971200e-16 5.140436e+04 0.000000e+00
  50957.611596 1.983300e-16 5.152285e+04 0.000000e+00
  51075.073603 1.986300e-16 5.164162e+04 0.000000e+00
  51192.865701 1.989300e-16 5.176071e+04 0.000000e+00
  51310.867856 1.996800e-16 5.188002e+04 0.000000e+00
  51429.140084 2.004300e-16 5.199961e+04 0.000000e+00
  51547.692389 2.016500e-16 5.211947e+04 0.000000e+00
  51666.504765 2.033300e-16 5.223961e+04 0.000000e+00
  51785.607220 2.045500e-16 5.236003e+04 0.000000e+00
  51904.969745 2.048300e-16 5.248072e+04 0.000000e+00
  52024.672364 2.055700e-16 5.260175e+04 0.000000e+00
  52144.595042 2.063200e-16 5.272300e+04 0.000000e+00
  52264.797797 2.070600e-16 5.284453e+04 0.000000e+00
  52385.270625 2.082800e-16 5.296634e+04 0.000000e+00
  52506.023530 2.095000e-16 5.308843e+04 0.000000e+00
  52627.046508 2.112200e-16 5.321080e+04 0.000000e+00
  52748.419582 2.129400e-16 5.333352e+04 0.000000e+00
  52870.002713 2.131900e-16 5.345646e+04 0.000000e+00
  52991.875923 2.134400e-16 5.357968e+04 0.000000e+00
  53114.029210 2.146700e-16 5.370318e+04 0.000000e+00
  53236.462573 2.164100e-16 5.382697e+04 0.000000e+00
  53359.176012 2.176500e-16 5.395105e+04 0.000000e+00
  53482.169527 2.188900e-16 5.407541e+04 0.000000e+00
  53605.503135 2.206400e-16 5.420011e+04 0.000000e+00
  53729.076809 2.219000e-16 5.432505e+04 0.000000e+00
  53852.920556 2.231500e-16 5.445027e+04 0.000000e+00
  53977.054383 2.249200e-16 5.457579e+04 0.000000e+00
  54101.478288 2.261900e-16 5.470159e+04 0.000000e+00
  54226.182270 2.279800e-16 5.482768e+04 0.000000e+00
  54351.176331 2.287200e-16 5.495406e+04 0.000000e+00
  54476.520487 2.310600e-16 5.508079e+04 0.000000e+00
  54602.094706 2.328700e-16 5.520776e+04 0.000000e+00
  54727.959004 2.347000e-16 5.533502e+04 0.000000e+00
  54854.103379 2.359900e-16 5.546257e+04 0.000000e+00
  54980.547835 2.383800e-16 5.559041e+04 0.000000e+00
  55107.282371 2.402400e-16 5.571855e+04 0.000000e+00
  55234.367001 2.426700e-16 5.584705e+04 0.000000e+00
  55361.691697 2.456800e-16 5.597578e+04 0.000000e+00
  55489.306473 2.470100e-16 5.610481e+04 0.000000e+00
  55617.211327 2.489200e-16 5.623413e+04 0.000000e+00
  55745.416263 2.525800e-16 5.636376e+04 0.000000e+00
  55873.911279 2.545200e-16 5.649368e+04 0.000000e+00
  56002.706376 2.570600e-16 5.662390e+04 0.000000e+00
  56131.851568 2.602300e-16 5.675448e+04 0.000000e+00
  56261.246829 2.628200e-16 5.688531e+04 0.000000e+00
  56390.932169 2.660500e-16 5.701643e+04 0.000000e+00
  56520.907587 2.693100e-16 5.714786e+04 0.000000e+00
  56651.193091 2.732300e-16 5.727959e+04 0.000000e+00
  56781.778676 2.765800e-16 5.741162e+04 0.000000e+00
  56912.734362 2.799500e-16 5.754402e+04 0.000000e+00
  57043.920111 2.840200e-16 5.767667e+04 0.000000e+00
  57175.405941 2.888100e-16 5.780962e+04 0.000000e+00
  57307.201856 2.930000e-16 5.794287e+04 0.000000e+00
  57439.297853 2.979300e-16 5.807643e+04 0.000000e+00
  57571.703934 3.029300e-16 5.821030e+04 0.000000e+00
  57704.410098 3.087300e-16 5.834448e+04 0.000000e+00
  57837.486362 3.146400e-16 5.847904e+04 0.000000e+00
  57970.802691 3.206500e-16 5.861383e+04 0.000000e+00
  58104.429105 3.275200e-16 5.874894e+04 0.000000e+00
  58238.365604 3.345400e-16 5.888436e+04 0.000000e+00
  58372.602184 3.424900e-16 5.902009e+04 0.000000e+00
  58507.158852 3.514400e-16 5.915614e+04 0.000000e+00
  58642.025604 3.606100e-16 5.929250e+04 0.000000e+00
  58777.262457 3.708700e-16 5.942924e+04 0.000000e+00
  58912.749379 3.805400e-16 5.956623e+04 0.000000e+00
  59207.909812 3.892000e-16 5.986466e+04 3.000000e+00
  59514.353321 3.890800e-16 6.017451e+04 3.000000e+00
  59820.816835 5.169200e-16 6.048437e+04 3.000000e+00
  60127.270346 5.724000e-16 6.079422e+04 3.000000e+00
  60433.723858 5.878500e-16 6.110407e+04 3.000000e+00
  60740.187372 5.692100e-16 6.141393e+04 3.000000e+00
  61046.630881 7.175200e-16 6.172378e+04 3.000000e+00
  61353.084393 8.730800e-16 6.203363e+04 3.000000e+00
  61659.537905 1.288500e-15 6.234349e+04 3.000000e+00
  61965.991418 1.644700e-15 6.265334e+04 3.000000e+00
  62272.444930 1.639600e-15 6.296319e+04 3.000000e+00
  62578.898442 1.400100e-15 6.327305e+04 3.000000e+00
  62885.361958 1.186900e-15 6.358290e+04 3.000000e+00
  63191.815470 9.632400e-16 6.389276e+04 3.000000e+00
  63498.268983 7.810100e-16 6.420261e+04 3.000000e+00
  63804.712493 7.062100e-16 6.451246e+04 3.000000e+00
  64111.176009 5.771800e-16 6.482232e+04 3.000000e+00
  64417.629522 5.467900e-16 6.513217e+04 3.000000e+00
  64724.083036 4.288400e-16 6.544202e+04 3.000000e+00
  65030.546552 4.900300e-16 6.575188e+04 3.000000e+00
  65336.990062 4.110800e-16 6.606173e+04 3.000000e+00
  65643.443576 3.693000e-16 6.637158e+04 3.000000e+00
  65949.907092 4.383100e-16 6.668145e+04 3.000000e+00
  66256.350603 4.235800e-16 6.699129e+04 3.000000e+00
  66562.804117 4.844500e-16 6.730114e+04 3.000000e+00
  66869.267634 3.989100e-16 6.761100e+04 3.000000e+00
  67175.721148 4.258600e-16 6.792085e+04 3.000000e+00
  67482.174662 4.455800e-16 6.823071e+04 3.000000e+00
  67788.628176 4.511000e-16 6.854056e+04 3.000000e+00
  68095.081691 4.226300e-16 6.885041e+04 3.000000e+00
  68401.545208 4.656100e-16 6.916027e+04 3.000000e+00
  68707.988720 4.536800e-16 6.947012e+04 3.000000e+00
  69014.442234 4.968500e-16 6.977998e+04 3.000000e+00
  69320.895749 5.005100e-16 7.008983e+04 3.000000e+00
  69627.349264 5.081000e-16 7.039968e+04 3.000000e+00
  69933.812781 6.151400e-16 7.070954e+04 3.000000e+00
  70240.266296 5.158600e-16 7.101939e+04 3.000000e+00
  70546.719811 5.356800e-16 7.132924e+04 3.000000e+00
  70853.173326 5.493200e-16 7.163910e+04 3.000000e+00
  71159.616839 5.874600e-16 7.194895e+04 3.000000e+00
  71466.090360 5.406000e-16 7.225881e+04 3.000000e+00
  71772.533872 5.914100e-16 7.256866e+04 3.000000e+00
  72078.987388 5.970600e-16 7.287851e+04 3.000000e+00
  72385.450906 6.923500e-16 7.318838e+04 3.000000e+00
  72691.894419 6.679800e-16 7.349822e+04 3.000000e+00
  72998.347934 6.802200e-16 7.380807e+04 3.000000e+00
  73304.811453 8.060500e-16 7.411793e+04 3.000000e+00
  73611.264969 8.289800e-16 7.442778e+04 3.000000e+00
  73917.718485 9.386700e-16 7.473763e+04 3.000000e+00
  74224.161998 9.644300e-16 7.504748e+04 3.000000e+00
  74510.570051 1.043300e-15 7.533706e+04 3.000000e+00
  74530.625517 1.037500e-15 7.535734e+04 3.000000e+00
  74837.089035 1.101800e-15 7.566720e+04 3.000000e+00
  75124.687413 1.286300e-15 7.595799e+04 3.000000e+00
  75143.532549 1.211000e-15 7.597705e+04 3.000000e+00
  75738.814778 1.477800e-15 7.657894e+04 3.000000e+00
  76352.942144 1.485700e-15 7.719988e+04 3.000000e+00
  76967.079512 1.324200e-15 7.782082e+04 3.000000e+00
  77581.206878 1.286000e-15 7.844176e+04 3.000000e+00
  78195.344247 1.240900e-15 7.906271e+04 3.000000e+00
  78809.471613 1.207500e-15 7.968365e+04 3.000000e+00
  79423.588977 9.967100e-16 8.030459e+04 3.000000e+00
  80037.736349 7.877000e-16 8.092554e+04 3.000000e+00
  80651.863716 6.487900e-16 8.154648e+04 3.000000e+00
  81265.981081 6.145200e-16 8.216741e+04 3.000000e+00
  81880.118451 5.772900e-16 8.278836e+04 3.000000e+00
  82494.245819 5.632400e-16 8.340930e+04 3.000000e+00
  83108.383189 5.899200e-16 8.403025e+04 3.000000e+00
  83722.510557 5.583900e-16 8.465119e+04 3.000000e+00
  84336.647928 6.043900e-16 8.527213e+04 3.000000e+00
  84950.765294 6.597700e-16 8.589307e+04 3.000000e+00
  85564.912668 7.352800e-16 8.651402e+04 3.000000e+00
  86179.030034 7.228600e-16 8.713495e+04 3.000000e+00
  86793.157403 6.453800e-16 8.775590e+04 3.000000e+00
  87407.294775 5.112800e-16 8.837684e+04 3.000000e+00
  88021.422145 4.217000e-16 8.899778e+04 3.000000e+00
  88635.539512 3.307900e-16 8.961872e+04 3.000000e+00
  89249.676884 3.258900e-16 9.023966e+04 3.000000e+00
  89863.804254 3.499100e-16 9.086060e+04 3.000000e+00
  90477.941627 2.908400e-16 9.148155e+04 3.000000e+00
  91092.068997 2.273300e-16 9.210249e+04 3.000000e+00
  91706.206370 2.082500e-16 9.272344e+04 3.000000e+00
  92320.333740 2.119100e-16 9.334438e+04 3.000000e+00
  92934.461111 1.930000e-16 9.396532e+04 3.000000e+00
  93548.588482 1.965600e-16 9.458626e+04 3.000000e+00
  94162.715853 1.899100e-16 9.520720e+04 3.000000e+00
  94776.853227 1.815900e-16 9.582815e+04 3.000000e+00
  95390.980598 1.855400e-16 9.644909e+04 3.000000e+00
  96005.097966 1.970600e-16 9.707002e+04 3.000000e+00
  96619.245343 2.340200e-16 9.769098e+04 3.000000e+00
  97233.372715 2.071100e-16 9.831192e+04 3.000000e+00
  97847.500087 1.947500e-16 9.893286e+04 3.000000e+00
  98461.637461 1.837200e-16 9.955380e+04 3.000000e+00
  99075.724822 1.823800e-16 1.001747e+05 3.000000e+00
  99689.902208 1.616700e-16 1.007957e+05 3.000000e+00
 100303.989569 1.728000e-16 1.014166e+05 3.000000e+00
 100918.186961 1.804800e-16 1.020376e+05 3.000000e+00
 101532.274322 1.665700e-16 1.026585e+05 3.000000e+00
 102146.451708 1.594000e-16 1.032795e+05 3.000000e+00
 102760.549073 1.540400e-16 1.039004e+05 3.000000e+00
 103374.636435 1.684900e-16 1.045213e+05 3.000000e+00
 103988.813821 1.754600e-16 1.051423e+05 3.000000e+00
 104602.901183 2.362300e-16 1.057632e+05 3.000000e+00
 105217.098575 2.810400e-16 1.063842e+05 3.000000e+00
 105831.185938 2.539600e-16 1.070051e+05 3.000000e+00
 106445.273300 2.342600e-16 1.076260e+05 3.000000e+00
 107059.460690 2.268200e-16 1.082470e+05 3.000000e+00
 107673.558055 2.070200e-16 1.088679e+05 3.000000e+00
 108287.735442 2.198400e-16 1.094889e+05 3.000000e+00
 108901.822805 2.442700e-16 1.101098e+05 3.000000e+00
 109516.010195 2.903500e-16 1.107308e+05 3.000000e+00
 110130.107561 3.382800e-16 1.113517e+05 3.000000e+00
 110744.184921 3.854000e-16 1.119726e+05 3.000000e+00
 111358.372311 5.363300e-16 1.125936e+05 3.000000e+00
 111972.459674 8.616800e-16 1.132145e+05 3.000000e+00
 112586.647065 9.783600e-16 1.138355e+05 3.000000e+00
 113200.734428 7.985600e-16 1.144564e+05 3.000000e+00
 113814.921819 6.050700e-16 1.150774e+05 3.000000e+00
 114429.009182 4.617900e-16 1.156983e+05 3.000000e+00
 115043.096546 3.674800e-16 1.163192e+05 3.000000e+00
 115657.293940 3.146000e-16 1.169402e+05 3.000000e+00
 116271.381303 3.001900e-16 1.175611e+05 3.000000e+00
 116885.558692 2.742800e-16 1.181821e+05 3.000000e+00
 117499.646055 2.745800e-16 1.188030e+05 3.000000e+00
 118113.843449 2.675800e-16 1.194240e+05 3.000000e+00
 118727.930813 2.772400e-16 1.200449e+05 3.000000e+00
 119342.018177 2.870300e-16 1.206658e+05 3.000000e+00
 119956.205569 2.821800e-16 1.212868e+05 3.000000e+00
 120570.292933 2.740500e-16 1.219077e+05 3.000000e+00
 121184.480325 2.719800e-16 1.225287e+05 3.000000e+00
 121798.567689 2.609100e-16 1.231496e+05 3.000000e+00
 122412.665056 2.815600e-16 1.237705e+05 3.000000e+00
 123026.842445 2.958100e-16 1.243915e+05 3.000000e+00
 123640.929810 3.004800e-16 1.250124e+05 3.000000e+00
 124255.117201 3.005800e-16 1.256334e+05 3.000000e+00
 124869.214569 3.061700e-16 1.262543e+05 3.000000e+00
 125483.391958 3.162700e-16 1.268753e+05 3.000000e+00
 126097.489325 3.470800e-16 1.274962e+05 3.000000e+00
 126711.576690 3.865000e-16 1.281171e+05 3.000000e+00
 127325.764082 4.537300e-16 1.287381e+05 3.000000e+00
 127939.851447 6.251200e-16 1.293590e+05 3.000000e+00
 128554.038840 5.322300e-16 1.299800e+05 3.000000e+00
 129168.126205 2.934700e-16 1.306009e+05 3.000000e+00
 129782.203567 2.261900e-16 1.312218e+05 3.000000e+00
 130396.390959 2.098300e-16 1.318428e+05 3.000000e+00
 131010.488327 1.954800e-16 1.324637e+05 3.000000e+00
 131624.675720 1.996300e-16 1.330847e+05 3.000000e+00
 132238.753082 2.001500e-16 1.337056e+05 3.000000e+00
 132852.940475 1.940200e-16 1.343266e+05 3.000000e+00
 133467.037843 1.776500e-16 1.349475e+05 3.000000e+00
 134081.135211 1.815200e-16 1.355684e+05 3.000000e+00
 134695.322604 1.877400e-16 1.361894e+05 3.000000e+00
 135309.399967 2.049000e-16 1.368103e+05 3.000000e+00
 135923.587360 1.892500e-16 1.374313e+05 3.000000e+00
 136537.684728 1.948200e-16 1.380522e+05 3.000000e+00
 137151.872121 1.876600e-16 1.386732e+05 3.000000e+00
 137765.949484 1.647000e-16 1.392941e+05 3.000000e+00
 138380.036850 1.722200e-16 1.399150e+05 3.000000e+00
 138994.224243 1.756700e-16 1.405360e+05 3.000000e+00
 139608.321611 1.823100e-16 1.411569e+05 3.000000e+00
 140222.499002 1.692800e-16 1.417779e+05 3.000000e+00
 140836.586368 1.754400e-16 1.423988e+05 3.000000e+00
 141450.773761 1.825800e-16 1.430198e+05 3.000000e+00
 142064.871130 1.804400e-16 1.436407e+05 3.000000e+00
 142678.948493 1.593600e-16 1.442616e+05 3.000000e+00
 143293.155892 1.532300e-16 1.448826e+05 3.000000e+00
 143821.589914 1.467000e-16 1.454169e+05 3.000000e+00
 144728.417065 1.489500e-16 1.463338e+05 3.000000e+00
 145635.364248 1.572100e-16 1.472508e+05 3.000000e+00
 146542.211405 1.575000e-16 1.481677e+05 3.000000e+00
 147449.038556 1.471000e-16 1.490846e+05 3.000000e+00
 148355.885712 1.431000e-16 1.500015e+05 3.000000e+00
 149262.822893 1.349800e-16 1.509185e+05 3.000000e+00
 150169.670050 1.374800e-16 1.518354e+05 3.000000e+00
 151076.507204 1.417300e-16 1.527523e+05 3.000000e+00
 151983.444386 1.478000e-16 1.536693e+05 3.000000e+00
 152890.291543 1.585000e-16 1.545862e+05 3.000000e+00
 153797.118694 1.536800e-16 1.555031e+05 3.000000e+00
 154703.965851 2.615600e-16 1.564200e+05 3.000000e+00
 155610.913036 4.072800e-16 1.573370e+05 3.000000e+00
 156517.760193 2.894700e-16 1.582539e+05 3.000000e+00
 157424.587345 1.884100e-16 1.591708e+05 3.000000e+00
 158331.524527 1.676100e-16 1.600878e+05 3.000000e+00
 159238.371684 1.578500e-16 1.610047e+05 3.000000e+00
 160145.208839 1.564800e-16 1.619216e+05 3.000000e+00
 161052.146021 1.682600e-16 1.628386e+05 3.000000e+00
 161958.993179 1.752300e-16 1.637555e+05 3.000000e+00
 162865.830334 1.922400e-16 1.646724e+05 3.000000e+00
 163772.677492 2.083400e-16 1.655893e+05 3.000000e+00
 164679.624677 2.222200e-16 1.665063e+05 3.000000e+00
 165586.441826 2.119900e-16 1.674232e+05 3.000000e+00
 166493.288984 1.996600e-16 1.683401e+05 3.000000e+00
 167400.136142 1.971300e-16 1.692570e+05 3.000000e+00
 168307.083327 1.949100e-16 1.701740e+05 3.000000e+00
 169213.930485 2.094400e-16 1.710909e+05 3.000000e+00
 170120.777644 2.376800e-16 1.720078e+05 3.000000e+00
 171027.714826 2.233000e-16 1.729248e+05 3.000000e+00
 171934.541979 2.077500e-16 1.738417e+05 3.000000e+00
 172841.389137 2.162300e-16 1.747586e+05 3.000000e+00
 173748.336323 2.277900e-16 1.756756e+05 3.000000e+00
 174655.163476 2.161600e-16 1.765925e+05 3.000000e+00
 175562.010634 2.010300e-16 1.775094e+05 3.000000e+00
 176468.847790 1.874200e-16 1.784263e+05 3.000000e+00
 177375.784973 2.027000e-16 1.793433e+05 3.000000e+00
 178282.632132 1.870100e-16 1.802602e+05 3.000000e+00
 179189.459285 1.943700e-16 1.811771e+05 3.000000e+00
 180096.406471 1.775700e-16 1.820941e+05 3.000000e+00
 181003.253629 1.878300e-16 1.830110e+05 3.000000e+00
 181910.080783 1.761600e-16 1.839279e+05 3.000000e+00
 182817.017966 1.708800e-16 1.848449e+05 3.000000e+00
 183723.865125 1.887300e-16 1.857618e+05 3.000000e+00
 184630.712284 1.811700e-16 1.866787e+05 3.000000e+00
 185537.549440 1.841700e-16 1.875956e+05 3.000000e+00
 186444.486623 3.178800e-16 1.885126e+05 3.000000e+00
 187351.333782 3.826500e-16 1.894295e+05 3.000000e+00
 188258.170938 2.465400e-16 1.903464e+05 3.000000e+00
 189165.118125 2.131000e-16 1.912634e+05 3.000000e+00
 190071.965284 1.988500e-16 1.921803e+05 3.000000e+00
 190978.782435 1.900300e-16 1.930972e+05 3.000000e+00
 191885.629594 1.868800e-16 1.940141e+05 3.000000e+00
 192792.586783 1.935500e-16 1.949311e+05 3.000000e+00
 193699.423940 1.933400e-16 1.958480e+05 3.000000e+00
 194606.271099 1.860200e-16 1.967649e+05 3.000000e+00
 195513.208283 1.875300e-16 1.976819e+05 3.000000e+00
 196420.035437 2.071100e-16 1.985988e+05 3.000000e+00
 197326.882596 2.053100e-16 1.995157e+05 3.000000e+00
 198233.729755 2.031600e-16 2.004326e+05 3.000000e+00
 199140.676942 2.094200e-16 2.013496e+05 3.000000e+00
 200047.504096 2.029300e-16 2.022665e+05 3.000000e+00
 200954.351255 1.860000e-16 2.031834e+05 3.000000e+00
 201861.288440 1.798000e-16 2.041004e+05 3.000000e+00
 203297.359838 1.843800e-16 2.055524e+05 3.000000e+00
 205033.092909 2.028700e-16 2.073074e+05 3.000000e+00
 206769.826253 1.982400e-16 2.090634e+05 3.000000e+00
 208507.569872 1.949100e-16 2.108204e+05 3.000000e+00
 210246.173726 2.029500e-16 2.125783e+05 3.000000e+00
 211985.677825 2.177000e-16 2.143371e+05 3.000000e+00
 213726.162192 2.024100e-16 2.160969e+05 3.000000e+00
 215467.566809 2.108400e-16 2.178576e+05 3.000000e+00
 217209.931688 2.307300e-16 2.196193e+05 3.000000e+00
 218953.296840 2.162400e-16 2.213820e+05 3.000000e+00
 220697.542232 2.034900e-16 2.231456e+05 3.000000e+00
 222442.787897 2.055200e-16 2.249102e+05 3.000000e+00
 224188.923804 2.254600e-16 2.266757e+05 3.000000e+00
 225936.029976 2.244800e-16 2.284422e+05 3.000000e+00
 227684.136420 2.121200e-16 2.302097e+05 3.000000e+00
 229433.143110 2.267900e-16 2.319781e+05 3.000000e+00
 231183.140070 2.350000e-16 2.337475e+05 3.000000e+00
 232934.117298 2.277600e-16 2.355179e+05 3.000000e+00
 234685.984768 2.247700e-16 2.372892e+05 3.000000e+00
 236438.942535 2.258100e-16 2.390616e+05 3.000000e+00
 238192.700520 2.287400e-16 2.408348e+05 3.000000e+00
 239947.508792 2.318700e-16 2.426091e+05 3.000000e+00
 241703.347344 2.289200e-16 2.443844e+05 3.000000e+00
 243460.066137 2.188200e-16 2.461606e+05 3.000000e+00
 245217.755194 2.222900e-16 2.479378e+05 3.000000e+00
 246976.454526 2.352700e-16 2.497160e+05 3.000000e+00
 248736.024096 2.377300e-16 2.514951e+05 3.000000e+00
 250496.703968 2.302500e-16 2.532753e+05 3.000000e+00
 252258.274084 2.247100e-16 2.550564e+05 3.000000e+00
 254020.924493 2.299600e-16 2.568386e+05 3.000000e+00
 255784.435137 2.322600e-16 2.586217e+05 3.000000e+00
 257548.986065 2.474900e-16 2.604058e+05 3.000000e+00
 259314.497254 2.530600e-16 2.621909e+05 3.000000e+00
 261080.998714 2.438400e-16 2.639770e+05 3.000000e+00
 262848.490443 2.410900e-16 2.657641e+05 3.000000e+00
 264616.992448 2.412100e-16 2.675522e+05 3.000000e+00
 266386.464717 2.431600e-16 2.693413e+05 3.000000e+00
 268156.917253 2.471900e-16 2.711314e+05 3.000000e+00
 269928.360060 2.462500e-16 2.729225e+05 3.000000e+00
 271700.793136 2.459900e-16 2.747146e+05 3.000000e+00
 273474.336515 2.442700e-16 2.765078e+05 3.000000e+00
 275248.750131 2.419500e-16 2.783019e+05 3.000000e+00
 277024.154018 2.491300e-16 2.800970e+05 3.000000e+00
 278800.638198 2.370800e-16 2.818932e+05 3.000000e+00
 280578.132654 2.500100e-16 2.836904e+05 3.000000e+00
 282356.507350 2.543100e-16 2.854885e+05 3.000000e+00
 284135.952338 2.472300e-16 2.872877e+05 3.000000e+00
 285916.417604 2.509800e-16 2.890879e+05 3.000000e+00
 287697.973167 2.532600e-16 2.908892e+05 3.000000e+00
 289480.478989 2.564900e-16 2.926915e+05 3.000000e+00
 291263.915065 2.586900e-16 2.944947e+05 3.000000e+00
 293048.501454 2.538400e-16 2.962991e+05 3.000000e+00
 294834.008094 2.597200e-16 2.981044e+05 3.000000e+00
 296620.565021 2.571300e-16 2.999108e+05 3.000000e+00
 298408.142225 2.544700e-16 3.017182e+05 3.000000e+00
 300196.709700 2.648700e-16 3.035266e+05 3.000000e+00
 301986.357468 2.584600e-16 3.053361e+05 3.000000e+00
 303776.995507 2.713200e-16 3.071466e+05 3.000000e+00
 305568.623816 2.680200e-16 3.089581e+05 3.000000e+00
 307361.332419 2.731200e-16 3.107707e+05 3.000000e+00
 309155.151325 2.666900e-16 3.125844e+05 3.000000e+00
 310949.930493 2.656400e-16 3.143991e+05 3.000000e+00
 312745.729939 2.743000e-16 3.162148e+05 3.000000e+00
 314542.489646 2.752900e-16 3.180315e+05 3.000000e+00
 316340.449681 2.683800e-16 3.198494e+05 3.000000e+00
 318139.309961 2.827300e-16 3.216682e+05 3.000000e+00
 319939.310552 2.740400e-16 3.234882e+05 3.000000e+00
 321740.241396 2.720000e-16 3.253091e+05 3.000000e+00
 323542.342560 2.690800e-16 3.271312e+05 3.000000e+00
 325345.464001 2.746900e-16 3.289543e+05 3.000000e+00
 327149.515697 2.852500e-16 3.307784e+05 3.000000e+00
 328954.717705 2.962300e-16 3.326036e+05 3.000000e+00
 330760.990006 2.908700e-16 3.344299e+05 3.000000e+00
 332568.322595 3.405900e-16 3.362573e+05 3.000000e+00
 334376.695468 4.362300e-16 3.380857e+05 3.000000e+00
 336186.098622 3.633200e-16 3.399152e+05 3.000000e+00
 337996.512051 3.036900e-16 3.417457e+05 3.000000e+00
 339808.045786 2.902200e-16 3.435773e+05 3.000000e+00
 341620.749840 2.995600e-16 3.454101e+05 3.000000e+00
 343434.324130 2.915800e-16 3.472438e+05 3.000000e+00
 345249.098748 3.030900e-16 3.490787e+05 3.000000e+00
