# An Atlas of Galaxy Spectral Energy Distributions from the Ultraviolet to the Mid-Infrared
# Brown et al. (2014)
# http://dx.doi.org/10.5072/03/529D3551F0117
# 
# Column 1 : Restframe Wavelength (Angstrom)
# Column 2 : Flux per unit wavelength (ergs/s/cm^2/Angstrom)
# Column 3 : Observed wavelength (Angstrom)
# Column 4 : Source (0 = model, 1 = Optical Spectrum, 2 = Akari, 3 = Spitzer IRS)
# 
# CONVERTED air -> vacuum (Morton 2000/SDSS) above 2000 A by sedfit; wavelengths below are unchanged (already vacuum by convention).
    100.040000 5.674600e-25 1.016200e+02 0.000000e+00
    101.900000 8.608700e-25 1.035100e+02 0.000000e+00
    104.040000 1.177400e-24 1.056800e+02 0.000000e+00
    105.970000 1.644100e-24 1.076500e+02 0.000000e+00
    107.940000 2.338500e-24 1.096500e+02 0.000000e+00
    109.950000 3.801300e-24 1.116900e+02 0.000000e+00
    114.070000 6.682500e-24 1.158800e+02 0.000000e+00
    118.080000 1.091300e-23 1.199500e+02 0.000000e+00
    121.110000 4.829900e-23 1.230300e+02 0.000000e+00
    125.080000 7.276700e-23 1.270600e+02 0.000000e+00
    127.110000 8.628500e-23 1.291200e+02 0.000000e+00
    127.990000 9.548600e-23 1.300200e+02 0.000000e+00
    130.980000 1.210400e-22 1.330500e+02 0.000000e+00
    131.880000 1.489100e-22 1.339700e+02 0.000000e+00
    134.030000 1.717700e-22 1.361400e+02 0.000000e+00
    137.150000 2.482800e-22 1.393200e+02 0.000000e+00
    140.020000 3.082700e-22 1.422300e+02 0.000000e+00
    142.950000 8.809200e-22 1.452100e+02 0.000000e+00
    146.960000 2.223000e-21 1.492800e+02 0.000000e+00
    151.070000 2.792100e-21 1.534600e+02 0.000000e+00
    154.950000 3.564000e-21 1.574000e+02 0.000000e+00
    158.920000 4.528300e-21 1.614400e+02 0.000000e+00
    161.880000 5.369500e-21 1.644400e+02 0.000000e+00
    166.030000 6.791100e-21 1.686600e+02 0.000000e+00
    169.900000 8.432100e-21 1.725800e+02 0.000000e+00
    173.060000 9.659100e-21 1.757900e+02 0.000000e+00
    177.090000 1.238600e-20 1.798900e+02 0.000000e+00
    179.970000 1.451900e-20 1.828100e+02 0.000000e+00
    182.050000 1.614100e-20 1.849300e+02 0.000000e+00
    185.860000 1.995000e-20 1.888000e+02 0.000000e+00
    191.070000 2.593800e-20 1.940900e+02 0.000000e+00
    194.170000 3.047500e-20 1.972400e+02 0.000000e+00
    197.780000 3.732000e-20 2.009100e+02 0.000000e+00
    201.920000 4.591300e-20 2.051200e+02 0.000000e+00
    205.210000 5.344900e-20 2.084500e+02 0.000000e+00
    209.990000 6.606000e-20 2.133000e+02 0.000000e+00
    215.870000 9.160900e-20 2.192800e+02 0.000000e+00
    219.880000 1.114100e-19 2.233600e+02 0.000000e+00
    222.940000 1.267500e-19 2.264600e+02 0.000000e+00
    227.080000 1.545000e-19 2.306700e+02 0.000000e+00
    230.240000 2.285300e-19 2.338800e+02 0.000000e+00
    233.990000 4.017300e-19 2.376800e+02 0.000000e+00
    239.990000 5.847100e-19 2.437800e+02 0.000000e+00
    246.140000 6.965300e-19 2.500300e+02 0.000000e+00
    251.880000 9.288300e-19 2.558600e+02 0.000000e+00
    257.150000 1.027900e-18 2.612200e+02 0.000000e+00
    260.130000 1.235800e-18 2.642400e+02 0.000000e+00
    263.750000 1.844700e-18 2.679200e+02 0.000000e+00
    269.270000 2.285300e-18 2.735300e+02 0.000000e+00
    274.280000 2.785700e-18 2.786100e+02 0.000000e+00
    278.730000 2.850600e-18 2.831400e+02 0.000000e+00
    283.920000 4.054500e-18 2.884000e+02 0.000000e+00
    289.860000 5.139700e-18 2.944400e+02 0.000000e+00
    295.930000 5.687700e-18 3.006100e+02 0.000000e+00
    300.740000 5.928400e-18 3.054900e+02 0.000000e+00
    307.740000 7.887500e-18 3.126100e+02 0.000000e+00
    317.830000 1.037400e-17 3.228500e+02 0.000000e+00
    328.240000 1.396200e-17 3.334300e+02 0.000000e+00
    338.210000 1.678600e-17 3.435600e+02 0.000000e+00
    347.690000 1.999600e-17 3.531800e+02 0.000000e+00
    356.610000 3.272900e-17 3.622400e+02 0.000000e+00
    365.750000 5.955800e-17 3.715400e+02 0.000000e+00
    375.140000 6.997400e-17 3.810700e+02 0.000000e+00
    384.760000 6.682500e-17 3.908400e+02 0.000000e+00
    394.630000 1.172000e-16 4.008700e+02 0.000000e+00
    404.750000 1.701900e-16 4.111500e+02 0.000000e+00
    414.180000 1.945100e-16 4.207300e+02 0.000000e+00
    421.880000 1.990400e-16 4.285500e+02 0.000000e+00
    429.720000 2.132700e-16 4.365200e+02 0.000000e+00
    440.750000 2.883600e-16 4.477100e+02 0.000000e+00
    451.010000 3.341500e-16 4.581400e+02 0.000000e+00
    460.460000 3.295600e-16 4.677400e+02 0.000000e+00
    470.100000 3.775200e-16 4.775300e+02 0.000000e+00
    479.940000 4.719900e-16 4.875300e+02 0.000000e+00
    489.990000 4.476500e-16 4.977400e+02 0.000000e+00
    500.250000 6.066500e-16 5.081600e+02 0.000000e+00
    506.040000 5.558200e-16 5.140400e+02 0.000000e+00
    511.900000 9.014400e-16 5.200000e+02 0.000000e+00
    520.220000 9.224400e-16 5.284500e+02 0.000000e+00
    529.890000 9.331200e-16 5.382700e+02 0.000000e+00
    539.740000 8.354800e-16 5.482800e+02 0.000000e+00
    549.780000 8.768700e-16 5.584700e+02 0.000000e+00
    560.000000 1.232900e-15 5.688500e+02 0.000000e+00
    570.410000 1.475500e-15 5.794300e+02 0.000000e+00
    579.680000 1.548600e-15 5.888400e+02 0.000000e+00
    590.460000 1.682400e-15 5.997900e+02 0.000000e+00
    600.050000 1.520300e-15 6.095400e+02 0.000000e+00
    609.800000 1.548600e-15 6.194400e+02 0.000000e+00
    619.710000 2.074600e-15 6.295100e+02 0.000000e+00
    629.780000 2.060300e-15 6.397300e+02 0.000000e+00
    640.010000 2.393000e-15 6.501300e+02 0.000000e+00
    650.410000 2.426300e-15 6.606900e+02 0.000000e+00
    657.940000 2.322400e-15 6.683400e+02 0.000000e+00
    665.560000 2.697400e-15 6.760800e+02 0.000000e+00
    674.820000 2.964400e-15 6.854900e+02 0.000000e+00
    685.790000 2.672600e-15 6.966300e+02 0.000000e+00
    695.330000 3.213200e-15 7.063200e+02 0.000000e+00
    705.000000 2.741200e-15 7.161400e+02 0.000000e+00
    716.450000 3.605300e-15 7.277800e+02 0.000000e+00
    726.420000 3.792600e-15 7.379000e+02 0.000000e+00
    734.830000 3.934900e-15 7.464500e+02 0.000000e+00
    745.050000 3.953100e-15 7.568300e+02 0.000000e+00
    755.420000 4.063800e-15 7.673600e+02 0.000000e+00
    764.170000 3.775200e-15 7.762500e+02 0.000000e+00
    774.800000 4.344500e-15 7.870500e+02 0.000000e+00
    785.580000 4.120400e-15 7.979900e+02 0.000000e+00
    794.670000 4.559700e-15 8.072400e+02 0.000000e+00
    805.730000 4.818800e-15 8.184600e+02 0.000000e+00
    815.060000 4.988100e-15 8.279400e+02 0.000000e+00
    824.500000 5.199200e-15 8.375300e+02 0.000000e+00
    834.040000 4.294700e-15 8.472300e+02 0.000000e+00
    845.650000 5.381900e-15 8.590100e+02 0.000000e+00
    855.440000 5.419200e-15 8.689600e+02 0.000000e+00
    865.340000 5.753600e-15 8.790200e+02 0.000000e+00
    875.360000 5.914800e-15 8.892000e+02 0.000000e+00
    885.500000 6.066500e-15 8.995000e+02 0.000000e+00
    895.750000 6.222100e-15 9.099100e+02 0.000000e+00
    904.040000 6.236500e-15 9.183300e+02 0.000000e+00
    914.510000 6.165100e-15 9.289700e+02 0.000000e+00
    925.100000 1.462000e-14 9.397200e+02 0.000000e+00
    935.810000 2.393000e-14 9.506000e+02 0.000000e+00
    944.470000 3.403600e-14 9.594000e+02 0.000000e+00
    955.410000 4.158500e-14 9.705100e+02 0.000000e+00
    964.250000 4.601900e-14 9.794900e+02 0.000000e+00
    975.410000 1.694100e-14 9.908300e+02 0.000000e+00
    984.440000 3.845400e-14 1.000000e+03 0.000000e+00
    995.840000 3.845400e-14 1.011580e+03 0.000000e+00
   1005.050000 5.022700e-14 1.020940e+03 0.000000e+00
   1014.350000 5.139700e-14 1.030390e+03 0.000000e+00
   1026.100000 3.326100e-14 1.042320e+03 0.000000e+00
   1035.590000 4.425200e-14 1.051960e+03 0.000000e+00
   1045.170000 6.545400e-14 1.061700e+03 0.000000e+00
   1054.840000 6.411200e-14 1.071520e+03 0.000000e+00
   1064.600000 5.406800e-14 1.081430e+03 0.000000e+00
   1074.460000 6.122600e-14 1.091440e+03 0.000000e+00
   1084.400000 5.283700e-14 1.101540e+03 0.000000e+00
   1094.430000 6.440800e-14 1.111730e+03 0.000000e+00
   1104.560000 6.236500e-14 1.122020e+03 0.000000e+00
   1114.780000 6.136700e-14 1.132400e+03 0.000000e+00
   1125.090000 5.507300e-14 1.142880e+03 0.000000e+00
   1135.500000 6.682500e-14 1.153450e+03 0.000000e+00
   1146.010000 6.323200e-14 1.164130e+03 0.000000e+00
   1153.950000 6.500400e-14 1.172200e+03 0.000000e+00
   1164.630000 6.560500e-14 1.183040e+03 0.000000e+00
   1175.410000 4.591300e-14 1.193990e+03 0.000000e+00
   1186.280000 6.381700e-14 1.205040e+03 0.000000e+00
   1194.510000 5.211200e-14 1.213390e+03 0.000000e+00
   1205.560000 4.364500e-14 1.224620e+03 0.000000e+00
   1213.920000 3.443000e-14 1.233110e+03 0.000000e+00
   1225.150000 5.211200e-14 1.244510e+03 0.000000e+00
   1233.640000 6.682500e-14 1.253140e+03 0.000000e+00
   1245.050000 7.094800e-14 1.264740e+03 0.000000e+00
   1253.680000 6.917300e-14 1.273500e+03 0.000000e+00
   1265.280000 6.470500e-14 1.285290e+03 0.000000e+00
   1274.060000 7.619700e-14 1.294200e+03 0.000000e+00
   1285.840000 7.869300e-14 1.306170e+03 0.000000e+00
   1294.760000 6.682500e-14 1.315220e+03 0.000000e+00
   1303.730000 6.697900e-14 1.324340e+03 0.000000e+00
   1315.800000 7.887500e-14 1.336600e+03 0.000000e+00
   1324.920000 7.602200e-14 1.345860e+03 0.000000e+00
   1334.100000 7.045900e-14 1.355190e+03 0.000000e+00
   1346.440000 7.905600e-14 1.367730e+03 0.000000e+00
   1355.780000 7.725700e-14 1.377210e+03 0.000000e+00
   1365.180000 7.127500e-14 1.386760e+03 0.000000e+00
   1374.640000 7.293500e-14 1.396370e+03 0.000000e+00
   1384.170000 7.327200e-14 1.406050e+03 0.000000e+00
   1393.760000 5.928400e-14 1.415790e+03 0.000000e+00
   1403.420000 5.942100e-14 1.425610e+03 0.000000e+00
   1416.410000 6.965300e-14 1.438800e+03 0.000000e+00
   1426.230000 6.949200e-14 1.448770e+03 0.000000e+00
   1436.110000 7.111100e-14 1.458810e+03 0.000000e+00
   1442.740000 7.344100e-14 1.465550e+03 0.000000e+00
   1446.070000 7.412000e-14 1.468930e+03 0.000000e+00
   1456.090000 7.210000e-14 1.479110e+03 0.000000e+00
   1466.180000 6.806700e-14 1.489360e+03 0.000000e+00
   1476.350000 6.869700e-14 1.499690e+03 0.000000e+00
   1486.580000 6.997400e-14 1.510080e+03 0.000000e+00
   1493.440000 7.029700e-14 1.517050e+03 0.000000e+00
   1503.790000 6.713300e-14 1.527570e+03 0.000000e+00
   1510.740000 6.150900e-14 1.534620e+03 0.000000e+00
   1517.710000 6.455600e-14 1.541700e+03 0.000000e+00
   1524.710000 6.352400e-14 1.548820e+03 0.000000e+00
   1535.280000 5.545500e-14 1.559550e+03 0.000000e+00
   1545.930000 5.469400e-14 1.570360e+03 0.000000e+00
   1556.640000 5.357200e-14 1.581250e+03 0.000000e+00
   1563.830000 5.766800e-14 1.588550e+03 0.000000e+00
   1574.670000 6.150900e-14 1.599560e+03 0.000000e+00
   1585.580000 6.381700e-14 1.610650e+03 0.000000e+00
   1596.570000 6.470500e-14 1.621810e+03 0.000000e+00
   1603.940000 6.337800e-14 1.629300e+03 0.000000e+00
   1615.060000 6.323200e-14 1.640590e+03 0.000000e+00
   1626.250000 6.150900e-14 1.651960e+03 0.000000e+00
   1633.760000 6.485400e-14 1.659590e+03 0.000000e+00
   1645.090000 6.530400e-14 1.671090e+03 0.000000e+00
   1656.490000 6.279700e-14 1.682670e+03 0.000000e+00
   1664.130000 6.636500e-14 1.690440e+03 0.000000e+00
   1671.820000 6.066500e-14 1.698240e+03 0.000000e+00
   1675.670000 6.806700e-14 1.702160e+03 0.000000e+00
   1683.400000 6.901400e-14 1.710020e+03 0.000000e+00
   1695.070000 6.590800e-14 1.721870e+03 0.000000e+00
   1706.820000 6.396400e-14 1.733800e+03 0.000000e+00
   1714.700000 6.094500e-14 1.741810e+03 0.000000e+00
   1726.590000 6.024700e-14 1.753880e+03 0.000000e+00
   1734.560000 6.381700e-14 1.761980e+03 0.000000e+00
   1746.580000 6.279700e-14 1.774190e+03 0.000000e+00
   1754.640000 6.530400e-14 1.782380e+03 0.000000e+00
   1766.800000 6.193500e-14 1.794730e+03 0.000000e+00
   1774.960000 6.193500e-14 1.803020e+03 0.000000e+00
   1783.150000 6.323200e-14 1.811340e+03 0.000000e+00
   1795.510000 6.560500e-14 1.823900e+03 0.000000e+00
   1803.800000 6.575600e-14 1.832310e+03 0.000000e+00
   1816.300000 6.122600e-14 1.845020e+03 0.000000e+00
   1824.690000 6.250800e-14 1.853530e+03 0.000000e+00
   1833.110000 6.094500e-14 1.862090e+03 0.000000e+00
   1845.820000 5.687700e-14 1.874990e+03 0.000000e+00
   1854.340000 5.714000e-14 1.883650e+03 0.000000e+00
   1862.890000 5.833600e-14 1.892340e+03 0.000000e+00
   1875.810000 6.165100e-14 1.905460e+03 0.000000e+00
   1884.470000 5.727100e-14 1.914260e+03 0.000000e+00
   1893.160000 5.507300e-14 1.923090e+03 0.000000e+00
   1906.290000 5.833600e-14 1.936420e+03 0.000000e+00
   1915.090000 5.609700e-14 1.945360e+03 0.000000e+00
   1923.930000 5.456800e-14 1.954340e+03 0.000000e+00
   1932.810000 5.727100e-14 1.963360e+03 0.000000e+00
   1946.200000 5.874000e-14 1.976970e+03 0.000000e+00
   1955.190000 5.456800e-14 1.986100e+03 0.000000e+00
   1968.740000 5.901200e-14 1.999860e+03 0.000000e+00
   1977.830000 6.080500e-14 2.009090e+03 0.000000e+00
   1982.390000 5.780100e-14 2.013720e+03 0.000000e+00
   1996.130000 5.648600e-14 2.027680e+03 0.000000e+00
   2005.989018 5.820200e-14 2.037040e+03 0.000000e+00
   2015.250651 5.687700e-14 2.046450e+03 0.000000e+00
   2024.552314 5.914800e-14 2.055890e+03 0.000000e+00
   2033.894005 5.571100e-14 2.065380e+03 0.000000e+00
   2047.986594 5.714000e-14 2.079700e+03 0.000000e+00
   2057.438354 5.235200e-14 2.089300e+03 0.000000e+00
   2066.940142 5.406800e-14 2.098940e+03 0.000000e+00
   2076.471953 5.874000e-14 2.108630e+03 0.000000e+00
   2086.063794 5.714000e-14 2.118360e+03 0.000000e+00
   2095.685656 5.444200e-14 2.128140e+03 0.000000e+00
   2105.357545 5.532700e-14 2.137960e+03 0.000000e+00
   2115.079458 5.596800e-14 2.147830e+03 0.000000e+00
   2124.841395 5.635600e-14 2.157740e+03 0.000000e+00
   2134.643355 5.406800e-14 2.167700e+03 0.000000e+00
   2144.495338 5.394300e-14 2.177710e+03 0.000000e+00
   2154.397346 5.571100e-14 2.187760e+03 0.000000e+00
   2164.339375 5.444200e-14 2.197860e+03 0.000000e+00
   2174.321426 5.419200e-14 2.208010e+03 0.000000e+00
   2184.363501 5.295900e-14 2.218200e+03 0.000000e+00
   2194.445598 5.482000e-14 2.228440e+03 0.000000e+00
   2204.567715 5.381900e-14 2.238720e+03 0.000000e+00
   2214.739854 5.211200e-14 2.249050e+03 0.000000e+00
   2224.962015 5.092600e-14 2.259440e+03 0.000000e+00
   2235.234198 5.247300e-14 2.269860e+03 0.000000e+00
   2245.556402 5.116100e-14 2.280340e+03 0.000000e+00
   2255.918626 4.976700e-14 2.290870e+03 0.000000e+00
   2266.330871 5.069100e-14 2.301440e+03 0.000000e+00
   2276.783135 5.127500e-14 2.312070e+03 0.000000e+00
   2287.295423 5.162700e-14 2.322740e+03 0.000000e+00
   2297.847728 4.896000e-14 2.333460e+03 0.000000e+00
   2303.148890 4.929800e-14 2.338840e+03 0.000000e+00
   2313.781228 4.784100e-14 2.349630e+03 0.000000e+00
   2324.453583 4.081000e-14 2.360480e+03 0.000000e+00
   2335.185961 4.589200e-14 2.371370e+03 0.000000e+00
   2345.968359 4.536400e-14 2.382320e+03 0.000000e+00
   2356.790775 4.673900e-14 2.393320e+03 0.000000e+00
   2367.673213 4.483800e-14 2.404360e+03 0.000000e+00
   2373.124437 4.504400e-14 2.409910e+03 0.000000e+00
   2384.076903 4.321200e-14 2.421030e+03 0.000000e+00
   2395.079389 4.483000e-14 2.432200e+03 0.000000e+00
   2406.141896 4.360500e-14 2.443430e+03 0.000000e+00
   2417.244420 4.400600e-14 2.454710e+03 0.000000e+00
   2428.396963 4.492400e-14 2.466040e+03 0.000000e+00
   2433.998244 4.349700e-14 2.471720e+03 0.000000e+00
   2445.230817 4.481600e-14 2.483130e+03 0.000000e+00
   2456.513409 4.419700e-14 2.494600e+03 0.000000e+00
   2467.856022 4.399100e-14 2.506110e+03 0.000000e+00
   2473.547336 4.298800e-14 2.511890e+03 0.000000e+00
   2484.959976 4.358300e-14 2.523480e+03 0.000000e+00
   2496.432636 3.893000e-14 2.535130e+03 0.000000e+00
   2507.955316 4.367700e-14 2.546830e+03 0.000000e+00
   2513.736663 4.104300e-14 2.552700e+03 0.000000e+00
   2519.528014 4.248300e-14 2.558590e+03 0.000000e+00
   2525.339371 4.141900e-14 2.564480e+03 0.000000e+00
   2536.992097 4.141600e-14 2.576320e+03 0.000000e+00
   2542.833467 4.065900e-14 2.582260e+03 0.000000e+00
   2554.576224 4.179500e-14 2.594180e+03 0.000000e+00
   2566.368999 4.140800e-14 2.606150e+03 0.000000e+00
   2578.211793 4.246700e-14 2.618180e+03 0.000000e+00
   2584.153197 4.217300e-14 2.624220e+03 0.000000e+00
   2596.076019 4.178300e-14 2.636330e+03 0.000000e+00
   2608.058860 4.092300e-14 2.648500e+03 0.000000e+00
   2614.070288 4.054600e-14 2.654610e+03 0.000000e+00
   2626.143161 4.110700e-14 2.666860e+03 0.000000e+00
   2638.266051 4.119900e-14 2.679170e+03 0.000000e+00
   2644.337500 4.244900e-14 2.685340e+03 0.000000e+00
   2656.550420 4.234800e-14 2.697740e+03 0.000000e+00
   2668.813358 4.034600e-14 2.710190e+03 0.000000e+00
   2674.964834 4.109400e-14 2.716440e+03 0.000000e+00
   2687.307799 4.090200e-14 2.728980e+03 0.000000e+00
   2693.499289 3.978600e-14 2.735270e+03 0.000000e+00
   2705.932284 4.005800e-14 2.747890e+03 0.000000e+00
   2718.425299 3.914300e-14 2.760580e+03 0.000000e+00
   2724.686812 3.923200e-14 2.766940e+03 0.000000e+00
   2737.269856 3.986600e-14 2.779710e+03 0.000000e+00
   2743.571383 3.754800e-14 2.786120e+03 0.000000e+00
   2756.234454 3.754500e-14 2.798980e+03 0.000000e+00
   2768.957546 3.797600e-14 2.811900e+03 0.000000e+00
   2775.339098 3.885900e-14 2.818380e+03 0.000000e+00
   2788.152218 3.814700e-14 2.831390e+03 0.000000e+00
   2794.583787 3.423300e-14 2.837920e+03 0.000000e+00
   2807.476934 3.567800e-14 2.851020e+03 0.000000e+00
   2813.948516 3.831700e-14 2.857590e+03 0.000000e+00
   2826.941695 3.840200e-14 2.870780e+03 0.000000e+00
   2833.453290 3.701100e-14 2.877400e+03 0.000000e+00
   2846.526496 3.675300e-14 2.890680e+03 0.000000e+00
   2853.088106 3.649900e-14 2.897340e+03 0.000000e+00
   2866.261344 3.734600e-14 2.910720e+03 0.000000e+00
   2872.872970 3.683200e-14 2.917430e+03 0.000000e+00
   2886.126234 3.682800e-14 2.930890e+03 0.000000e+00
   2892.777874 3.640500e-14 2.937650e+03 0.000000e+00
   2912.832824 3.724800e-14 2.958010e+03 0.000000e+00
   2933.017817 3.648000e-14 2.978520e+03 0.000000e+00
   2953.352856 3.589200e-14 2.999160e+03 0.000000e+00
   2973.827939 3.580400e-14 3.019950e+03 0.000000e+00
   2987.551352 3.547300e-14 3.033890e+03 0.000000e+00
   3008.256508 3.530500e-14 3.054920e+03 0.000000e+00
   3029.111711 3.505700e-14 3.076100e+03 0.000000e+00
   3050.106957 3.465100e-14 3.097420e+03 0.000000e+00
   3071.242248 3.432900e-14 3.118890e+03 0.000000e+00
   3092.537587 3.400900e-14 3.140510e+03 0.000000e+00
   3113.972970 3.369300e-14 3.162280e+03 0.000000e+00
   3128.346584 3.322700e-14 3.176870e+03 0.000000e+00
   3150.022041 3.307000e-14 3.198900e+03 0.000000e+00
   3171.857546 3.261200e-14 3.221070e+03 0.000000e+00
   3193.843098 3.179200e-14 3.243400e+03 0.000000e+00
   3208.586825 3.186200e-14 3.258370e+03 0.000000e+00
   3230.822453 3.134800e-14 3.280950e+03 0.000000e+00
   3253.218129 3.141500e-14 3.303700e+03 0.000000e+00
   3268.231939 3.126800e-14 3.318940e+03 0.000000e+00
   3290.887693 3.097700e-14 3.341950e+03 0.000000e+00
   3313.703496 3.075900e-14 3.365120e+03 0.000000e+00
   3321.345441 3.147400e-14 3.372870e+03 0.000000e+00
   3328.997390 3.140000e-14 3.380650e+03 0.000000e+00
   3336.669344 3.147100e-14 3.388440e+03 0.000000e+00
   3344.361305 3.005300e-14 3.396250e+03 0.000000e+00
   3352.073271 3.117900e-14 3.404080e+03 0.000000e+00
   3359.795241 2.956900e-14 3.411930e+03 0.000000e+00
   3367.537216 3.004800e-14 3.419790e+03 0.000000e+00
   3375.309200 2.943000e-14 3.427680e+03 0.000000e+00
   3383.091187 2.942900e-14 3.435580e+03 0.000000e+00
   3390.883178 3.032200e-14 3.443500e+03 0.000000e+00
   3398.705177 3.053000e-14 3.451440e+03 0.000000e+00
   3406.537180 2.942400e-14 3.459390e+03 0.000000e+00
   3414.389188 2.955900e-14 3.467370e+03 0.000000e+00
   3422.261202 3.017600e-14 3.475360e+03 0.000000e+00
   3430.153222 2.996700e-14 3.483370e+03 0.000000e+00
   3438.055246 3.017300e-14 3.491400e+03 0.000000e+00
   3445.977275 2.908000e-14 3.499450e+03 0.000000e+00
   3453.929312 3.023900e-14 3.507520e+03 0.000000e+00
   3461.881351 2.874400e-14 3.515600e+03 0.000000e+00
   3469.863398 2.874300e-14 3.523710e+03 0.000000e+00
   3477.865451 2.847800e-14 3.531830e+03 0.000000e+00
   3485.877507 2.841100e-14 3.539970e+03 0.000000e+00
   3493.919571 2.900400e-14 3.548130e+03 0.000000e+00
   3501.971639 2.853900e-14 3.556310e+03 0.000000e+00
   3510.043713 2.782400e-14 3.564510e+03 0.000000e+00
   3518.135792 2.763100e-14 3.572730e+03 0.000000e+00
   3526.247877 2.820800e-14 3.580960e+03 0.000000e+00
   3534.369966 2.853300e-14 3.589220e+03 0.000000e+00
   3542.522063 2.866300e-14 3.597490e+03 0.000000e+00
   3550.684164 2.892700e-14 3.605790e+03 0.000000e+00
   3558.876272 2.846300e-14 3.614100e+03 0.000000e+00
   3567.078385 2.879100e-14 3.622430e+03 0.000000e+00
   3575.300503 2.755700e-14 3.630780e+03 0.000000e+00
   3583.542626 2.674300e-14 3.639150e+03 0.000000e+00
   3591.804756 2.625300e-14 3.647540e+03 0.000000e+00
   3600.076889 2.711200e-14 3.655950e+03 0.000000e+00
   3608.379030 2.711000e-14 3.664370e+03 0.000000e+00
   3616.701177 2.742300e-14 3.672820e+03 0.000000e+00
   3625.033328 2.773900e-14 3.681290e+03 0.000000e+00
   3630.904844 2.719100e-14 3.687250e+03 1.000000e+00
   3633.615544 2.864600e-14 3.690000e+03 1.000000e+00
   3636.316241 2.645600e-14 3.692750e+03 1.000000e+00
   3639.026941 2.995300e-14 3.695500e+03 1.000000e+00
   3641.737641 3.071000e-14 3.698250e+03 1.000000e+00
   3644.448341 3.174300e-14 3.701000e+03 1.000000e+00
   3647.149039 3.088100e-14 3.703750e+03 1.000000e+00
   3649.859739 2.719600e-14 3.706500e+03 1.000000e+00
   3652.570440 2.855900e-14 3.709250e+03 1.000000e+00
   3655.271138 2.855700e-14 3.712000e+03 1.000000e+00
   3657.981838 2.769000e-14 3.714750e+03 1.000000e+00
   3660.692539 2.786900e-14 3.717500e+03 1.000000e+00
   3663.403240 2.829900e-14 3.720250e+03 1.000000e+00
   3666.103938 3.101500e-14 3.723000e+03 1.000000e+00
   3668.814639 2.731600e-14 3.725750e+03 1.000000e+00
   3671.525340 2.552700e-14 3.728500e+03 1.000000e+00
   3674.226038 2.581800e-14 3.731250e+03 1.000000e+00
   3676.936739 2.625500e-14 3.734000e+03 1.000000e+00
   3679.647440 2.634400e-14 3.736750e+03 1.000000e+00
   3682.358141 2.518100e-14 3.739500e+03 1.000000e+00
   3685.058840 2.753300e-14 3.742250e+03 1.000000e+00
   3687.769541 2.621500e-14 3.745000e+03 1.000000e+00
   3690.480242 2.519100e-14 3.747750e+03 1.000000e+00
   3693.180941 2.529400e-14 3.750500e+03 1.000000e+00
   3695.891643 2.745200e-14 3.753250e+03 1.000000e+00
   3698.602344 2.556900e-14 3.756000e+03 1.000000e+00
   3701.313046 2.578000e-14 3.758750e+03 1.000000e+00
   3704.013745 2.308900e-14 3.761500e+03 1.000000e+00
   3706.724447 2.296400e-14 3.764250e+03 1.000000e+00
   3709.435149 2.613500e-14 3.767000e+03 1.000000e+00
   3712.145851 2.823700e-14 3.769750e+03 1.000000e+00
   3714.846550 2.780700e-14 3.772500e+03 1.000000e+00
   3717.557252 3.286800e-14 3.775250e+03 1.000000e+00
   3720.267954 5.106100e-14 3.778000e+03 1.000000e+00
   3722.968654 9.328000e-14 3.780750e+03 1.000000e+00
   3725.679356 1.522700e-13 3.783500e+03 1.000000e+00
   3728.390058 1.888800e-13 3.786250e+03 1.000000e+00
   3731.100761 1.663400e-13 3.789000e+03 1.000000e+00
   3733.801460 1.098400e-13 3.791750e+03 1.000000e+00
   3736.512163 5.874600e-14 3.794500e+03 1.000000e+00
   3739.222865 3.899400e-14 3.797250e+03 1.000000e+00
   3741.923565 3.412100e-14 3.800000e+03 1.000000e+00
   3744.634268 3.019600e-14 3.802750e+03 1.000000e+00
   3747.344971 2.674800e-14 3.805500e+03 1.000000e+00
   3750.055674 2.743400e-14 3.808250e+03 1.000000e+00
   3752.756374 2.914900e-14 3.811000e+03 1.000000e+00
   3755.467077 3.096900e-14 3.813750e+03 1.000000e+00
   3758.177780 3.050500e-14 3.816500e+03 1.000000e+00
   3760.878480 3.259700e-14 3.819250e+03 1.000000e+00
   3763.589183 3.251200e-14 3.822000e+03 1.000000e+00
   3766.299886 2.636700e-14 3.824750e+03 1.000000e+00
   3769.010590 2.693700e-14 3.827500e+03 1.000000e+00
   3771.711290 2.636700e-14 3.830250e+03 1.000000e+00
   3774.421994 2.738600e-14 3.833000e+03 1.000000e+00
   3777.132697 3.063900e-14 3.835750e+03 1.000000e+00
   3779.843401 3.095400e-14 3.838500e+03 1.000000e+00
   3782.544102 3.226300e-14 3.841250e+03 1.000000e+00
   3785.254805 3.300100e-14 3.844000e+03 1.000000e+00
   3787.965509 3.276800e-14 3.846750e+03 1.000000e+00
   3790.666210 3.225100e-14 3.849500e+03 1.000000e+00
   3793.376914 2.972300e-14 3.852250e+03 1.000000e+00
   3796.087618 2.781800e-14 3.855000e+03 1.000000e+00
   3798.798322 2.789700e-14 3.857750e+03 1.000000e+00
   3801.499023 2.903700e-14 3.860500e+03 1.000000e+00
   3804.209727 3.161300e-14 3.863250e+03 1.000000e+00
   3806.920431 3.301400e-14 3.866000e+03 1.000000e+00
   3809.621133 3.647800e-14 3.868750e+03 1.000000e+00
   3812.331837 3.404700e-14 3.871500e+03 1.000000e+00
   3815.042541 3.600900e-14 3.874250e+03 1.000000e+00
   3817.753245 3.480300e-14 3.877000e+03 1.000000e+00
   3820.453947 3.513800e-14 3.879750e+03 1.000000e+00
   3823.164652 3.511000e-14 3.882500e+03 1.000000e+00
   3825.875356 3.317400e-14 3.885250e+03 1.000000e+00
   3828.576058 3.164900e-14 3.888000e+03 1.000000e+00
   3831.286763 2.966200e-14 3.890750e+03 1.000000e+00
   3833.997467 2.680700e-14 3.893500e+03 1.000000e+00
   3836.708172 2.885700e-14 3.896250e+03 1.000000e+00
   3839.408874 3.003000e-14 3.899000e+03 1.000000e+00
   3842.119579 2.887900e-14 3.901750e+03 1.000000e+00
   3844.830284 3.167700e-14 3.904500e+03 1.000000e+00
   3847.540989 3.355400e-14 3.907250e+03 1.000000e+00
   3850.241691 3.325900e-14 3.910000e+03 1.000000e+00
   3852.952396 3.578100e-14 3.912750e+03 1.000000e+00
   3855.663102 3.461500e-14 3.915500e+03 1.000000e+00
   3858.363804 3.367500e-14 3.918250e+03 1.000000e+00
   3861.074509 3.511900e-14 3.921000e+03 1.000000e+00
   3863.785215 4.030900e-14 3.923750e+03 1.000000e+00
   3866.495920 4.241600e-14 3.926500e+03 1.000000e+00
   3869.196623 4.121700e-14 3.929250e+03 1.000000e+00
   3871.907328 4.021000e-14 3.932000e+03 1.000000e+00
   3874.618034 3.619200e-14 3.934750e+03 1.000000e+00
   3877.318737 3.480300e-14 3.937500e+03 1.000000e+00
   3880.029442 3.335200e-14 3.940250e+03 1.000000e+00
   3882.740148 3.386100e-14 3.943000e+03 1.000000e+00
   3885.450854 3.426400e-14 3.945750e+03 1.000000e+00
   3888.151557 3.354500e-14 3.948500e+03 1.000000e+00
   3890.862263 3.691800e-14 3.951250e+03 1.000000e+00
   3893.572969 3.501300e-14 3.954000e+03 1.000000e+00
   3896.283675 3.132100e-14 3.956750e+03 1.000000e+00
   3898.984378 3.176700e-14 3.959500e+03 1.000000e+00
   3901.695084 3.306800e-14 3.962250e+03 1.000000e+00
   3904.405790 3.332500e-14 3.965000e+03 1.000000e+00
   3907.106494 3.385400e-14 3.967750e+03 1.000000e+00
   3909.817200 3.525800e-14 3.970500e+03 1.000000e+00
   3912.527906 3.738700e-14 3.973250e+03 1.000000e+00
   3915.238613 3.648400e-14 3.976000e+03 1.000000e+00
   3917.939317 3.544800e-14 3.978750e+03 1.000000e+00
   3920.650023 3.517500e-14 3.981500e+03 1.000000e+00
   3923.360730 3.447700e-14 3.984250e+03 1.000000e+00
   3926.061433 3.645000e-14 3.987000e+03 1.000000e+00
   3928.772140 3.387400e-14 3.989750e+03 1.000000e+00
   3931.482847 3.328400e-14 3.992500e+03 1.000000e+00
   3934.193553 3.205200e-14 3.995250e+03 1.000000e+00
   3936.894258 3.002800e-14 3.998000e+03 1.000000e+00
   3939.604964 3.327800e-14 4.000750e+03 1.000000e+00
   3942.315671 3.171700e-14 4.003500e+03 1.000000e+00
   3945.016376 3.443200e-14 4.006250e+03 1.000000e+00
   3947.727083 3.334900e-14 4.009000e+03 1.000000e+00
   3950.437790 3.353100e-14 4.011750e+03 1.000000e+00
   3953.148497 3.566500e-14 4.014500e+03 1.000000e+00
   3955.849201 3.403800e-14 4.017250e+03 1.000000e+00
   3958.559908 3.236600e-14 4.020000e+03 1.000000e+00
   3961.270616 3.289800e-14 4.022750e+03 1.000000e+00
   3963.981323 3.029900e-14 4.025500e+03 1.000000e+00
   3966.682028 3.174300e-14 4.028250e+03 1.000000e+00
   3969.392735 3.234500e-14 4.031000e+03 1.000000e+00
   3972.103442 3.389000e-14 4.033750e+03 1.000000e+00
   3974.804147 3.115700e-14 4.036500e+03 1.000000e+00
   3977.514855 3.312500e-14 4.039250e+03 1.000000e+00
   3980.225562 3.256900e-14 4.042000e+03 1.000000e+00
   3982.936270 3.272800e-14 4.044750e+03 1.000000e+00
   3985.636975 3.295900e-14 4.047500e+03 1.000000e+00
   3988.347683 3.489000e-14 4.050250e+03 1.000000e+00
   3991.058391 3.429900e-14 4.053000e+03 1.000000e+00
   3993.759096 3.787100e-14 4.055750e+03 1.000000e+00
   3996.469804 3.802200e-14 4.058500e+03 1.000000e+00
   3999.180512 3.652100e-14 4.061250e+03 1.000000e+00
   4001.891220 3.789800e-14 4.064000e+03 1.000000e+00
   4004.591925 3.549600e-14 4.066750e+03 1.000000e+00
   4007.302633 3.523900e-14 4.069500e+03 1.000000e+00
   4010.013341 3.656500e-14 4.072250e+03 1.000000e+00
   4012.714047 3.764400e-14 4.075000e+03 1.000000e+00
   4015.424755 3.780100e-14 4.077750e+03 1.000000e+00
   4018.135463 3.681200e-14 4.080500e+03 1.000000e+00
   4020.846172 3.561400e-14 4.083250e+03 1.000000e+00
   4023.546878 3.697000e-14 4.086000e+03 1.000000e+00
   4026.257586 3.742100e-14 4.088750e+03 1.000000e+00
   4028.968294 3.609700e-14 4.091500e+03 1.000000e+00
   4031.679003 3.568100e-14 4.094250e+03 1.000000e+00
   4034.379709 3.668800e-14 4.097000e+03 1.000000e+00
   4037.090418 3.946100e-14 4.099750e+03 1.000000e+00
   4039.801126 3.896700e-14 4.102500e+03 1.000000e+00
   4042.501832 3.618900e-14 4.105250e+03 1.000000e+00
   4045.212541 3.727200e-14 4.108000e+03 1.000000e+00
   4047.923250 3.478300e-14 4.110750e+03 1.000000e+00
   4050.633959 3.756800e-14 4.113500e+03 1.000000e+00
   4053.334665 3.666000e-14 4.116250e+03 1.000000e+00
   4056.045374 3.871000e-14 4.119000e+03 1.000000e+00
   4058.756083 3.869000e-14 4.121750e+03 1.000000e+00
   4061.456789 3.947500e-14 4.124500e+03 1.000000e+00
   4064.167498 3.618000e-14 4.127250e+03 1.000000e+00
   4066.878208 3.610800e-14 4.130000e+03 1.000000e+00
   4069.588917 3.699200e-14 4.132750e+03 1.000000e+00
   4072.289623 3.684700e-14 4.135500e+03 1.000000e+00
   4075.000333 3.426100e-14 4.138250e+03 1.000000e+00
   4077.711042 3.598100e-14 4.141000e+03 1.000000e+00
   4080.411749 3.448900e-14 4.143750e+03 1.000000e+00
   4083.122458 3.398300e-14 4.146500e+03 1.000000e+00
   4085.833168 3.464500e-14 4.149250e+03 1.000000e+00
   4088.543877 3.160800e-14 4.152000e+03 1.000000e+00
   4091.244584 3.166000e-14 4.154750e+03 1.000000e+00
   4093.955294 3.305700e-14 4.157500e+03 1.000000e+00
   4096.666003 3.239400e-14 4.160250e+03 1.000000e+00
   4099.376713 3.393000e-14 4.163000e+03 1.000000e+00
   4102.077420 4.026200e-14 4.165750e+03 1.000000e+00
   4104.788130 3.967600e-14 4.168500e+03 1.000000e+00
   4107.498840 3.547200e-14 4.171250e+03 1.000000e+00
   4110.199547 3.272600e-14 4.174000e+03 1.000000e+00
   4112.910257 3.215000e-14 4.176750e+03 1.000000e+00
   4115.620967 3.242000e-14 4.179500e+03 1.000000e+00
   4118.331677 3.259300e-14 4.182250e+03 1.000000e+00
   4121.032384 3.308800e-14 4.185000e+03 1.000000e+00
   4123.743094 3.311400e-14 4.187750e+03 1.000000e+00
   4126.453804 3.537000e-14 4.190500e+03 1.000000e+00
   4129.154512 3.388800e-14 4.193250e+03 1.000000e+00
   4131.865222 3.330800e-14 4.196000e+03 1.000000e+00
   4134.575932 3.451300e-14 4.198750e+03 1.000000e+00
   4137.286643 3.631900e-14 4.201500e+03 1.000000e+00
   4139.987350 3.479100e-14 4.204250e+03 1.000000e+00
   4142.698061 3.420400e-14 4.207000e+03 1.000000e+00
   4145.408771 3.404800e-14 4.209750e+03 1.000000e+00
   4148.119482 3.457900e-14 4.212500e+03 1.000000e+00
   4150.820190 3.518200e-14 4.215250e+03 1.000000e+00
   4153.530900 3.601300e-14 4.218000e+03 1.000000e+00
   4156.241611 3.490800e-14 4.220750e+03 1.000000e+00
   4158.942319 3.654000e-14 4.223500e+03 1.000000e+00
   4161.653030 3.627900e-14 4.226250e+03 1.000000e+00
   4164.363740 3.528100e-14 4.229000e+03 1.000000e+00
   4167.074451 3.572200e-14 4.231750e+03 1.000000e+00
   4169.775159 3.688500e-14 4.234500e+03 1.000000e+00
   4172.485870 3.455600e-14 4.237250e+03 1.000000e+00
   4175.196581 3.490800e-14 4.240000e+03 1.000000e+00
   4177.897289 3.496400e-14 4.242750e+03 1.000000e+00
   4180.608000 3.461300e-14 4.245500e+03 1.000000e+00
   4183.318711 3.417000e-14 4.248250e+03 1.000000e+00
   4186.029423 3.387800e-14 4.251000e+03 1.000000e+00
   4188.730131 3.230500e-14 4.253750e+03 1.000000e+00
   4191.440842 3.382200e-14 4.256500e+03 1.000000e+00
   4194.151553 3.483400e-14 4.259250e+03 1.000000e+00
   4196.852262 3.397100e-14 4.262000e+03 1.000000e+00
   4199.562973 3.525200e-14 4.264750e+03 1.000000e+00
   4202.273685 3.492200e-14 4.267500e+03 1.000000e+00
   4204.984396 3.312700e-14 4.270250e+03 1.000000e+00
   4207.685105 3.386400e-14 4.273000e+03 1.000000e+00
   4210.395816 3.444500e-14 4.275750e+03 1.000000e+00
   4213.106528 3.407200e-14 4.278500e+03 1.000000e+00
   4215.817239 3.525400e-14 4.281250e+03 1.000000e+00
   4218.517948 3.448800e-14 4.284000e+03 1.000000e+00
   4221.228660 3.464700e-14 4.286750e+03 1.000000e+00
   4223.939371 3.529100e-14 4.289500e+03 1.000000e+00
   4226.640081 3.376000e-14 4.292250e+03 1.000000e+00
   4229.350792 3.354100e-14 4.295000e+03 1.000000e+00
   4232.061504 3.266600e-14 4.297750e+03 1.000000e+00
   4234.772216 3.328000e-14 4.300500e+03 1.000000e+00
   4237.472925 3.430300e-14 4.303250e+03 1.000000e+00
   4240.183637 3.385300e-14 4.306000e+03 1.000000e+00
   4242.894349 3.304400e-14 4.308750e+03 1.000000e+00
   4245.595058 3.323000e-14 4.311500e+03 1.000000e+00
   4248.305770 3.396100e-14 4.314250e+03 1.000000e+00
   4251.016482 3.330300e-14 4.317000e+03 1.000000e+00
   4253.727194 3.310000e-14 4.319750e+03 1.000000e+00
   4256.427904 3.363800e-14 4.322500e+03 1.000000e+00
   4259.138616 3.361100e-14 4.325250e+03 1.000000e+00
   4261.849328 3.359800e-14 4.328000e+03 1.000000e+00
   4264.550038 3.321400e-14 4.330750e+03 1.000000e+00
   4267.260750 3.231200e-14 4.333500e+03 1.000000e+00
   4269.971463 3.257300e-14 4.336250e+03 1.000000e+00
   4272.682175 3.317700e-14 4.339000e+03 1.000000e+00
   4275.382885 3.283800e-14 4.341750e+03 1.000000e+00
   4278.093597 3.254100e-14 4.344500e+03 1.000000e+00
   4280.804310 3.250200e-14 4.347250e+03 1.000000e+00
   4283.515022 3.326000e-14 4.350000e+03 1.000000e+00
   4286.215732 3.399500e-14 4.352750e+03 1.000000e+00
   4288.926445 3.267000e-14 4.355500e+03 1.000000e+00
   4291.637157 3.340900e-14 4.358250e+03 1.000000e+00
   4294.337867 3.238400e-14 4.361000e+03 1.000000e+00
   4297.048580 3.187400e-14 4.363750e+03 1.000000e+00
   4299.759293 3.277000e-14 4.366500e+03 1.000000e+00
   4302.470006 3.159100e-14 4.369250e+03 1.000000e+00
   4305.170716 3.050100e-14 4.372000e+03 1.000000e+00
   4307.881429 3.127300e-14 4.374750e+03 1.000000e+00
   4310.592142 3.127700e-14 4.377500e+03 1.000000e+00
   4313.292852 3.135600e-14 4.380250e+03 1.000000e+00
   4316.003565 3.176400e-14 4.383000e+03 1.000000e+00
   4318.714278 3.130900e-14 4.385750e+03 1.000000e+00
   4321.424991 3.008500e-14 4.388500e+03 1.000000e+00
   4324.125701 3.086600e-14 4.391250e+03 1.000000e+00
   4326.836415 3.064000e-14 4.394000e+03 1.000000e+00
   4329.547128 2.968700e-14 4.396750e+03 1.000000e+00
   4332.247838 3.062800e-14 4.399500e+03 1.000000e+00
   4334.958551 3.436300e-14 4.402250e+03 1.000000e+00
   4337.669265 4.068900e-14 4.405000e+03 1.000000e+00
   4340.379978 4.841700e-14 4.407750e+03 1.000000e+00
   4343.080689 4.741800e-14 4.410500e+03 1.000000e+00
   4345.791402 4.034500e-14 4.413250e+03 1.000000e+00
   4348.502116 3.221400e-14 4.416000e+03 1.000000e+00
   4351.212829 2.970800e-14 4.418750e+03 1.000000e+00
   4353.913540 3.031100e-14 4.421500e+03 1.000000e+00
   4356.624253 3.042500e-14 4.424250e+03 1.000000e+00
   4359.334967 3.227500e-14 4.427000e+03 1.000000e+00
   4362.035678 3.233300e-14 4.429750e+03 1.000000e+00
   4364.746392 3.257400e-14 4.432500e+03 1.000000e+00
   4367.457105 3.195500e-14 4.435250e+03 1.000000e+00
   4370.167819 3.179800e-14 4.438000e+03 1.000000e+00
   4372.868530 3.181200e-14 4.440750e+03 1.000000e+00
   4375.579244 3.167800e-14 4.443500e+03 1.000000e+00
   4378.289958 3.152100e-14 4.446250e+03 1.000000e+00
   4380.990669 3.299400e-14 4.449000e+03 1.000000e+00
   4383.701383 3.193300e-14 4.451750e+03 1.000000e+00
   4386.412097 3.111300e-14 4.454500e+03 1.000000e+00
   4389.122811 3.077400e-14 4.457250e+03 1.000000e+00
   4391.823522 3.143100e-14 4.460000e+03 1.000000e+00
   4394.534236 3.066500e-14 4.462750e+03 1.000000e+00
   4397.244950 3.057700e-14 4.465500e+03 1.000000e+00
   4399.955664 3.113000e-14 4.468250e+03 1.000000e+00
   4402.656376 3.195200e-14 4.471000e+03 1.000000e+00
   4405.367090 2.962100e-14 4.473750e+03 1.000000e+00
   4408.077804 3.134300e-14 4.476500e+03 1.000000e+00
   4410.778516 3.125900e-14 4.479250e+03 1.000000e+00
   4413.489230 3.080800e-14 4.482000e+03 1.000000e+00
   4416.199944 3.073300e-14 4.484750e+03 1.000000e+00
   4418.910659 3.113700e-14 4.487500e+03 1.000000e+00
   4421.611370 3.329600e-14 4.490250e+03 1.000000e+00
   4424.322085 3.328500e-14 4.493000e+03 1.000000e+00
   4427.032799 3.323300e-14 4.495750e+03 1.000000e+00
   4429.733511 3.303600e-14 4.498500e+03 1.000000e+00
   4432.444226 3.197700e-14 4.501250e+03 1.000000e+00
   4435.154940 3.180900e-14 4.504000e+03 1.000000e+00
   4437.865655 3.096500e-14 4.506750e+03 1.000000e+00
   4440.566367 3.167700e-14 4.509500e+03 1.000000e+00
   4443.277081 3.164700e-14 4.512250e+03 1.000000e+00
   4445.987796 3.093800e-14 4.515000e+03 1.000000e+00
   4448.688508 3.147000e-14 4.517750e+03 1.000000e+00
   4451.399223 3.103500e-14 4.520500e+03 1.000000e+00
   4454.109938 3.122800e-14 4.523250e+03 1.000000e+00
   4456.820652 3.155800e-14 4.526000e+03 1.000000e+00
   4459.521365 3.237800e-14 4.528750e+03 1.000000e+00
   4462.232080 3.041800e-14 4.531500e+03 1.000000e+00
   4464.942794 2.936200e-14 4.534250e+03 1.000000e+00
   4467.653509 2.953700e-14 4.537000e+03 1.000000e+00
   4470.354222 3.243000e-14 4.539750e+03 1.000000e+00
   4473.064937 3.247800e-14 4.542500e+03 1.000000e+00
   4475.775652 3.274600e-14 4.545250e+03 1.000000e+00
   4478.476364 3.198500e-14 4.548000e+03 1.000000e+00
   4481.187079 3.181300e-14 4.550750e+03 1.000000e+00
   4483.897795 3.125800e-14 4.553500e+03 1.000000e+00
   4486.608510 3.144600e-14 4.556250e+03 1.000000e+00
   4489.309222 2.885600e-14 4.559000e+03 1.000000e+00
   4492.019938 3.044500e-14 4.561750e+03 1.000000e+00
   4494.730653 3.179000e-14 4.564500e+03 1.000000e+00
   4497.431365 3.023200e-14 4.567250e+03 1.000000e+00
   4500.142081 3.030000e-14 4.570000e+03 1.000000e+00
   4502.852796 3.120800e-14 4.572750e+03 1.000000e+00
   4505.563512 3.132500e-14 4.575500e+03 1.000000e+00
   4508.264224 3.281200e-14 4.578250e+03 1.000000e+00
   4510.974940 3.146600e-14 4.581000e+03 1.000000e+00
   4513.685655 3.030500e-14 4.583750e+03 1.000000e+00
   4516.386368 3.137300e-14 4.586500e+03 1.000000e+00
   4519.097084 3.197900e-14 4.589250e+03 1.000000e+00
   4521.807799 3.101400e-14 4.592000e+03 1.000000e+00
   4524.518515 3.069000e-14 4.594750e+03 1.000000e+00
   4527.219228 3.118800e-14 4.597500e+03 1.000000e+00
   4529.929944 3.095700e-14 4.600250e+03 1.000000e+00
   4532.640659 3.230800e-14 4.603000e+03 1.000000e+00
   4535.351375 3.123700e-14 4.605750e+03 1.000000e+00
   4538.052088 3.158500e-14 4.608500e+03 1.000000e+00
   4540.762804 3.150600e-14 4.611250e+03 1.000000e+00
   4543.473520 3.076500e-14 4.614000e+03 1.000000e+00
   4546.174233 3.047600e-14 4.616750e+03 1.000000e+00
   4548.884949 3.043700e-14 4.619500e+03 1.000000e+00
   4551.595665 3.092300e-14 4.622250e+03 1.000000e+00
   4554.306381 3.230500e-14 4.625000e+03 1.000000e+00
   4557.007094 3.053100e-14 4.627750e+03 1.000000e+00
   4559.717810 3.058900e-14 4.630500e+03 1.000000e+00
   4562.428527 3.116500e-14 4.633250e+03 1.000000e+00
   4565.129240 2.986600e-14 4.636000e+03 1.000000e+00
   4567.839956 3.346000e-14 4.638750e+03 1.000000e+00
   4570.550672 3.282400e-14 4.641500e+03 1.000000e+00
   4573.261388 3.110000e-14 4.644250e+03 1.000000e+00
   4575.962102 3.198200e-14 4.647000e+03 1.000000e+00
   4578.672818 3.095200e-14 4.649750e+03 1.000000e+00
   4581.383535 3.098100e-14 4.652500e+03 1.000000e+00
   4584.094251 3.018100e-14 4.655250e+03 1.000000e+00
   4586.794965 2.934800e-14 4.658000e+03 1.000000e+00
   4589.505681 3.083000e-14 4.660750e+03 1.000000e+00
   4592.216397 2.940700e-14 4.663500e+03 1.000000e+00
   4594.917111 3.087700e-14 4.666250e+03 1.000000e+00
   4597.627828 2.950100e-14 4.669000e+03 1.000000e+00
   4600.338544 3.044000e-14 4.671750e+03 1.000000e+00
   4603.049261 2.944600e-14 4.674500e+03 1.000000e+00
   4605.749975 3.043500e-14 4.677250e+03 1.000000e+00
   4608.460691 2.987000e-14 4.680000e+03 1.000000e+00
   4611.171408 2.981600e-14 4.682750e+03 1.000000e+00
   4613.872122 2.996400e-14 4.685500e+03 1.000000e+00
   4616.582838 3.134700e-14 4.688250e+03 1.000000e+00
   4619.293555 3.080800e-14 4.691000e+03 1.000000e+00
   4622.004272 3.134600e-14 4.693750e+03 1.000000e+00
   4624.704986 3.077700e-14 4.696500e+03 1.000000e+00
   4627.415703 2.948400e-14 4.699250e+03 1.000000e+00
   4630.126420 3.134500e-14 4.702000e+03 1.000000e+00
   4632.827134 3.131100e-14 4.704750e+03 1.000000e+00
   4635.537851 2.982900e-14 4.707500e+03 1.000000e+00
   4638.248567 3.036800e-14 4.710250e+03 1.000000e+00
   4640.959284 3.123800e-14 4.713000e+03 1.000000e+00
   4643.659999 3.108900e-14 4.715750e+03 1.000000e+00
   4646.370716 2.979600e-14 4.718500e+03 1.000000e+00
   4649.081433 2.916100e-14 4.721250e+03 1.000000e+00
   4651.792150 3.000100e-14 4.724000e+03 1.000000e+00
   4654.492864 3.181900e-14 4.726750e+03 1.000000e+00
   4657.203581 3.213800e-14 4.729500e+03 1.000000e+00
   4659.914298 3.044100e-14 4.732250e+03 1.000000e+00
   4662.615013 3.044100e-14 4.735000e+03 1.000000e+00
   4665.325730 2.929400e-14 4.737750e+03 1.000000e+00
   4668.036447 2.935700e-14 4.740500e+03 1.000000e+00
   4670.747165 2.959800e-14 4.743250e+03 1.000000e+00
   4673.447879 2.956400e-14 4.746000e+03 1.000000e+00
   4676.158597 3.088000e-14 4.748750e+03 1.000000e+00
   4678.869314 2.992500e-14 4.751500e+03 1.000000e+00
   4681.570029 3.116400e-14 4.754250e+03 1.000000e+00
   4684.280746 3.151500e-14 4.757000e+03 1.000000e+00
   4686.991463 2.928900e-14 4.759750e+03 1.000000e+00
   4689.702181 2.988000e-14 4.762500e+03 1.000000e+00
   4692.402896 2.900400e-14 4.765250e+03 1.000000e+00
   4695.113613 3.055900e-14 4.768000e+03 1.000000e+00
   4697.824331 3.084500e-14 4.770750e+03 1.000000e+00
   4700.525046 3.069500e-14 4.773500e+03 1.000000e+00
   4703.235763 3.061700e-14 4.776250e+03 1.000000e+00
   4705.946481 3.057500e-14 4.779000e+03 1.000000e+00
   4708.657198 3.029300e-14 4.781750e+03 1.000000e+00
   4711.357913 2.878100e-14 4.784500e+03 1.000000e+00
   4714.068631 3.017100e-14 4.787250e+03 1.000000e+00
   4716.779349 2.858900e-14 4.790000e+03 1.000000e+00
   4719.490067 2.917300e-14 4.792750e+03 1.000000e+00
   4722.190782 2.864700e-14 4.795500e+03 1.000000e+00
   4724.901499 3.065600e-14 4.798250e+03 1.000000e+00
   4727.612217 2.994600e-14 4.801000e+03 1.000000e+00
   4730.312932 3.004400e-14 4.803750e+03 1.000000e+00
   4733.023650 2.918000e-14 4.806500e+03 1.000000e+00
   4735.734368 2.989700e-14 4.809250e+03 1.000000e+00
   4738.445086 2.952500e-14 4.812000e+03 1.000000e+00
   4741.145802 2.960300e-14 4.814750e+03 1.000000e+00
   4743.856520 2.958900e-14 4.817500e+03 1.000000e+00
   4746.567238 2.897500e-14 4.820250e+03 1.000000e+00
   4749.267953 3.052100e-14 4.823000e+03 1.000000e+00
   4751.978671 2.983400e-14 4.825750e+03 1.000000e+00
   4754.689389 2.953700e-14 4.828500e+03 1.000000e+00
   4757.400107 2.949000e-14 4.831250e+03 1.000000e+00
   4760.100823 2.858500e-14 4.834000e+03 1.000000e+00
   4762.811541 2.872800e-14 4.836750e+03 1.000000e+00
   4765.522259 2.787900e-14 4.839500e+03 1.000000e+00
   4768.222975 3.008300e-14 4.842250e+03 1.000000e+00
   4770.933693 2.947100e-14 4.845000e+03 1.000000e+00
   4773.644411 3.015400e-14 4.847750e+03 1.000000e+00
   4776.355129 2.990800e-14 4.850500e+03 1.000000e+00
   4779.055845 2.958400e-14 4.853250e+03 1.000000e+00
   4781.766564 2.911900e-14 4.856000e+03 1.000000e+00
   4784.477282 2.801900e-14 4.858750e+03 1.000000e+00
   4787.188000 2.742900e-14 4.861500e+03 1.000000e+00
   4789.888716 2.855100e-14 4.864250e+03 1.000000e+00
   4792.599435 2.801300e-14 4.867000e+03 1.000000e+00
   4795.310153 2.773100e-14 4.869750e+03 1.000000e+00
   4798.010869 2.934100e-14 4.872500e+03 1.000000e+00
   4800.721587 2.990500e-14 4.875250e+03 1.000000e+00
   4803.432306 3.015500e-14 4.878000e+03 1.000000e+00
   4806.143025 3.081000e-14 4.880750e+03 1.000000e+00
   4808.843741 2.981700e-14 4.883500e+03 1.000000e+00
   4811.554459 2.933700e-14 4.886250e+03 1.000000e+00
   4814.265178 2.835700e-14 4.889000e+03 1.000000e+00
   4816.965894 2.959500e-14 4.891750e+03 1.000000e+00
   4819.676613 2.894300e-14 4.894500e+03 1.000000e+00
   4822.387331 2.863300e-14 4.897250e+03 1.000000e+00
   4825.098050 2.792700e-14 4.900000e+03 1.000000e+00
   4827.798766 2.838300e-14 4.902750e+03 1.000000e+00
   4830.509485 2.778800e-14 4.905500e+03 1.000000e+00
   4833.220204 2.708200e-14 4.908250e+03 1.000000e+00
   4835.930923 2.874900e-14 4.911000e+03 1.000000e+00
   4838.631639 2.736600e-14 4.913750e+03 1.000000e+00
   4841.342358 2.810600e-14 4.916500e+03 1.000000e+00
   4844.053077 2.680700e-14 4.919250e+03 1.000000e+00
   4846.753793 2.688500e-14 4.922000e+03 1.000000e+00
   4849.464512 2.684700e-14 4.924750e+03 1.000000e+00
   4852.175231 2.820800e-14 4.927500e+03 1.000000e+00
   4854.885950 3.409200e-14 4.930250e+03 1.000000e+00
   4857.586667 4.898700e-14 4.933000e+03 1.000000e+00
   4860.297386 7.146500e-14 4.935750e+03 1.000000e+00
   4863.008105 8.127500e-14 4.938500e+03 1.000000e+00
   4865.708821 7.195100e-14 4.941250e+03 1.000000e+00
   4868.419541 5.019100e-14 4.944000e+03 1.000000e+00
   4871.130260 3.404300e-14 4.946750e+03 1.000000e+00
   4873.840979 2.752400e-14 4.949500e+03 1.000000e+00
   4876.541696 2.522700e-14 4.952250e+03 1.000000e+00
   4879.252415 2.661500e-14 4.955000e+03 1.000000e+00
   4881.963134 2.711200e-14 4.957750e+03 1.000000e+00
   4884.663851 2.719700e-14 4.960500e+03 1.000000e+00
   4887.374570 2.599700e-14 4.963250e+03 1.000000e+00
   4890.085289 2.607000e-14 4.966000e+03 1.000000e+00
   4892.796009 2.699000e-14 4.968750e+03 1.000000e+00
   4895.496726 2.804300e-14 4.971500e+03 1.000000e+00
   4898.207445 2.881900e-14 4.974250e+03 1.000000e+00
   4900.918164 2.809900e-14 4.977000e+03 1.000000e+00
   4903.628884 2.808600e-14 4.979750e+03 1.000000e+00
   4906.329601 2.794100e-14 4.982500e+03 1.000000e+00
   4909.040320 2.683500e-14 4.985250e+03 1.000000e+00
   4911.751040 2.750000e-14 4.988000e+03 1.000000e+00
   4914.451757 2.744800e-14 4.990750e+03 1.000000e+00
   4917.162476 2.683900e-14 4.993500e+03 1.000000e+00
   4919.873196 2.661100e-14 4.996250e+03 1.000000e+00
   4922.583916 2.663800e-14 4.999000e+03 1.000000e+00
   4925.284633 2.659300e-14 5.001750e+03 1.000000e+00
   4927.995352 2.661300e-14 5.004500e+03 1.000000e+00
   4930.706072 2.707300e-14 5.007250e+03 1.000000e+00
   4933.406789 2.627800e-14 5.010000e+03 1.000000e+00
   4936.117509 2.699300e-14 5.012750e+03 1.000000e+00
   4938.828229 2.730800e-14 5.015500e+03 1.000000e+00
   4941.538949 2.635200e-14 5.018250e+03 1.000000e+00
   4944.239666 2.714200e-14 5.021000e+03 1.000000e+00
   4946.950386 2.860400e-14 5.023750e+03 1.000000e+00
   4949.661105 2.927000e-14 5.026500e+03 1.000000e+00
   4952.361823 3.286100e-14 5.029250e+03 1.000000e+00
   4955.072543 4.184000e-14 5.032000e+03 1.000000e+00
   4957.783263 5.461600e-14 5.034750e+03 1.000000e+00
   4960.493983 6.299700e-14 5.037500e+03 1.000000e+00
   4963.194700 5.750200e-14 5.040250e+03 1.000000e+00
   4965.905420 4.417200e-14 5.043000e+03 1.000000e+00
   4968.616140 3.350200e-14 5.045750e+03 1.000000e+00
   4971.326860 2.880600e-14 5.048500e+03 1.000000e+00
   4974.027577 2.750700e-14 5.051250e+03 1.000000e+00
   4976.738298 2.780400e-14 5.054000e+03 1.000000e+00
   4979.449018 2.813600e-14 5.056750e+03 1.000000e+00
   4982.149735 2.790800e-14 5.059500e+03 1.000000e+00
   4984.860455 2.736100e-14 5.062250e+03 1.000000e+00
   4987.571176 2.822100e-14 5.065000e+03 1.000000e+00
   4990.281896 2.778900e-14 5.067750e+03 1.000000e+00
   4992.982613 2.705400e-14 5.070500e+03 1.000000e+00
   4995.693334 2.877100e-14 5.073250e+03 1.000000e+00
   4998.404054 3.251100e-14 5.076000e+03 1.000000e+00
   5001.104772 4.829200e-14 5.078750e+03 1.000000e+00
   5003.815492 8.335000e-14 5.081500e+03 1.000000e+00
   5006.526212 1.231300e-13 5.084250e+03 1.000000e+00
   5009.236933 1.348600e-13 5.087000e+03 1.000000e+00
   5011.937650 1.069800e-13 5.089750e+03 1.000000e+00
   5014.648371 6.774000e-14 5.092500e+03 1.000000e+00
   5017.359091 4.130500e-14 5.095250e+03 1.000000e+00
   5020.059809 3.085600e-14 5.098000e+03 1.000000e+00
   5022.770530 2.790100e-14 5.100750e+03 1.000000e+00
   5025.481250 2.644300e-14 5.103500e+03 1.000000e+00
   5028.191971 2.638800e-14 5.106250e+03 1.000000e+00
   5030.892688 2.668100e-14 5.109000e+03 1.000000e+00
   5033.603409 2.708400e-14 5.111750e+03 1.000000e+00
   5036.314130 2.662600e-14 5.114500e+03 1.000000e+00
   5039.024850 2.709400e-14 5.117250e+03 1.000000e+00
   5041.725568 2.669200e-14 5.120000e+03 1.000000e+00
   5044.436289 2.638800e-14 5.122750e+03 1.000000e+00
   5047.147010 2.699400e-14 5.125500e+03 1.000000e+00
   5049.847728 2.663000e-14 5.128250e+03 1.000000e+00
   5052.558448 2.640100e-14 5.131000e+03 1.000000e+00
   5055.269169 2.728800e-14 5.133750e+03 1.000000e+00
   5057.979890 2.756800e-14 5.136500e+03 1.000000e+00
   5060.680608 2.750700e-14 5.139250e+03 1.000000e+00
   5063.391329 2.741900e-14 5.142000e+03 1.000000e+00
   5066.102050 2.646600e-14 5.144750e+03 1.000000e+00
   5068.802768 2.596900e-14 5.147500e+03 1.000000e+00
   5071.513489 2.617100e-14 5.150250e+03 1.000000e+00
   5074.224210 2.591900e-14 5.153000e+03 1.000000e+00
   5076.934931 2.568600e-14 5.155750e+03 1.000000e+00
   5079.635649 2.597200e-14 5.158500e+03 1.000000e+00
   5082.346370 2.534200e-14 5.161250e+03 1.000000e+00
   5085.057091 2.563000e-14 5.164000e+03 1.000000e+00
   5087.767812 2.604100e-14 5.166750e+03 1.000000e+00
   5090.468530 2.627300e-14 5.169500e+03 1.000000e+00
   5093.179251 2.610600e-14 5.172250e+03 1.000000e+00
   5095.889972 2.621500e-14 5.175000e+03 1.000000e+00
   5098.590691 2.627800e-14 5.177750e+03 1.000000e+00
   5101.301412 2.566200e-14 5.180500e+03 1.000000e+00
   5104.012133 2.531800e-14 5.183250e+03 1.000000e+00
   5106.722854 2.603600e-14 5.186000e+03 1.000000e+00
   5109.423573 2.618100e-14 5.188750e+03 1.000000e+00
   5112.134294 2.542600e-14 5.191500e+03 1.000000e+00
   5114.845015 2.588000e-14 5.194250e+03 1.000000e+00
   5117.545734 2.596300e-14 5.197000e+03 1.000000e+00
   5120.256455 2.593100e-14 5.199750e+03 1.000000e+00
   5122.967176 2.618300e-14 5.202500e+03 1.000000e+00
   5125.677897 2.555500e-14 5.205250e+03 1.000000e+00
   5128.378616 2.485000e-14 5.208000e+03 1.000000e+00
   5131.089337 2.503000e-14 5.210750e+03 1.000000e+00
   5133.800059 2.586100e-14 5.213500e+03 1.000000e+00
   5136.500777 2.544400e-14 5.216250e+03 1.000000e+00
   5139.211499 2.547200e-14 5.219000e+03 1.000000e+00
   5141.922220 2.585300e-14 5.221750e+03 1.000000e+00
   5144.632942 2.554100e-14 5.224500e+03 1.000000e+00
   5147.333660 2.479500e-14 5.227250e+03 1.000000e+00
   5150.044382 2.478300e-14 5.230000e+03 1.000000e+00
   5152.755103 2.585800e-14 5.232750e+03 1.000000e+00
   5155.465825 2.504400e-14 5.235500e+03 1.000000e+00
   5158.166544 2.503700e-14 5.238250e+03 1.000000e+00
   5160.877265 2.534400e-14 5.241000e+03 1.000000e+00
   5163.587987 2.467900e-14 5.243750e+03 1.000000e+00
   5166.288706 2.465600e-14 5.246500e+03 1.000000e+00
   5168.999428 2.450100e-14 5.249250e+03 1.000000e+00
   5171.710149 2.389100e-14 5.252000e+03 1.000000e+00
   5174.420871 2.327200e-14 5.254750e+03 1.000000e+00
   5177.121590 2.397200e-14 5.257500e+03 1.000000e+00
   5179.832312 2.516300e-14 5.260250e+03 1.000000e+00
   5182.543033 2.457100e-14 5.263000e+03 1.000000e+00
   5185.243752 2.420000e-14 5.265750e+03 1.000000e+00
   5187.954474 2.450400e-14 5.268500e+03 1.000000e+00
   5190.665196 2.484200e-14 5.271250e+03 1.000000e+00
   5193.375918 2.550500e-14 5.274000e+03 1.000000e+00
   5196.076637 2.593600e-14 5.276750e+03 1.000000e+00
   5198.787359 2.562800e-14 5.279500e+03 1.000000e+00
   5201.498081 2.624200e-14 5.282250e+03 1.000000e+00
   5204.198800 2.606000e-14 5.285000e+03 1.000000e+00
   5206.909522 2.436400e-14 5.287750e+03 1.000000e+00
   5209.620244 2.446100e-14 5.290500e+03 1.000000e+00
   5212.330965 2.481200e-14 5.293250e+03 1.000000e+00
   5215.031685 2.451200e-14 5.296000e+03 1.000000e+00
   5217.742407 2.446900e-14 5.298750e+03 1.000000e+00
   5220.453129 2.463400e-14 5.301500e+03 1.000000e+00
   5223.163851 2.448300e-14 5.304250e+03 1.000000e+00
   5225.864570 2.362700e-14 5.307000e+03 1.000000e+00
   5228.575292 2.427200e-14 5.309750e+03 1.000000e+00
   5231.286014 2.428100e-14 5.312500e+03 1.000000e+00
   5233.986734 2.451800e-14 5.315250e+03 1.000000e+00
   5236.697456 2.528200e-14 5.318000e+03 1.000000e+00
   5239.408178 2.531400e-14 5.320750e+03 1.000000e+00
   5242.118900 2.520400e-14 5.323500e+03 1.000000e+00
   5244.819619 2.534600e-14 5.326250e+03 1.000000e+00
   5247.530342 2.548200e-14 5.329000e+03 1.000000e+00
   5250.241064 2.503700e-14 5.331750e+03 1.000000e+00
   5252.941783 2.542900e-14 5.334500e+03 1.000000e+00
   5255.652506 2.627100e-14 5.337250e+03 1.000000e+00
   5258.363228 2.595700e-14 5.340000e+03 1.000000e+00
   5261.073950 2.549000e-14 5.342750e+03 1.000000e+00
   5263.774670 2.539600e-14 5.345500e+03 1.000000e+00
   5266.485392 2.487300e-14 5.348250e+03 1.000000e+00
   5269.196114 2.409300e-14 5.351000e+03 1.000000e+00
   5271.896834 2.360900e-14 5.353750e+03 1.000000e+00
   5274.607557 2.508200e-14 5.356500e+03 1.000000e+00
   5277.318279 2.541900e-14 5.359250e+03 1.000000e+00
   5280.029001 2.443500e-14 5.362000e+03 1.000000e+00
   5282.729721 2.486100e-14 5.364750e+03 1.000000e+00
   5285.440444 2.444500e-14 5.367500e+03 1.000000e+00
   5288.151166 2.451600e-14 5.370250e+03 1.000000e+00
   5290.861888 2.529100e-14 5.373000e+03 1.000000e+00
   5293.562608 2.627000e-14 5.375750e+03 1.000000e+00
   5296.273331 2.608300e-14 5.378500e+03 1.000000e+00
   5298.984053 2.488500e-14 5.381250e+03 1.000000e+00
   5301.684773 2.514600e-14 5.384000e+03 1.000000e+00
   5304.395496 2.527100e-14 5.386750e+03 1.000000e+00
   5307.106218 2.505500e-14 5.389500e+03 1.000000e+00
   5309.816941 2.498400e-14 5.392250e+03 1.000000e+00
   5312.517661 2.416200e-14 5.395000e+03 1.000000e+00
   5315.228384 2.422400e-14 5.397750e+03 1.000000e+00
   5317.939106 2.457800e-14 5.400500e+03 1.000000e+00
   5320.639826 2.443600e-14 5.403250e+03 1.000000e+00
   5323.350549 2.443800e-14 5.406000e+03 1.000000e+00
   5326.061272 2.437000e-14 5.408750e+03 1.000000e+00
   5328.771994 2.414900e-14 5.411500e+03 1.000000e+00
   5331.472715 2.514400e-14 5.414250e+03 1.000000e+00
   5334.183437 2.512000e-14 5.417000e+03 1.000000e+00
   5336.894160 2.431000e-14 5.419750e+03 1.000000e+00
   5339.604883 2.381000e-14 5.422500e+03 1.000000e+00
   5342.305603 2.369400e-14 5.425250e+03 1.000000e+00
   5345.016326 2.406400e-14 5.428000e+03 1.000000e+00
   5347.727049 2.395400e-14 5.430750e+03 1.000000e+00
   5350.427769 2.443400e-14 5.433500e+03 1.000000e+00
   5353.138492 2.460100e-14 5.436250e+03 1.000000e+00
   5355.849215 2.448900e-14 5.439000e+03 1.000000e+00
   5358.559938 2.540700e-14 5.441750e+03 1.000000e+00
   5361.260658 2.548500e-14 5.444500e+03 1.000000e+00
   5363.971381 2.464100e-14 5.447250e+03 1.000000e+00
   5366.682104 2.518700e-14 5.450000e+03 1.000000e+00
   5369.382824 2.479500e-14 5.452750e+03 1.000000e+00
   5372.093547 2.467000e-14 5.455500e+03 1.000000e+00
   5374.804270 2.420600e-14 5.458250e+03 1.000000e+00
   5377.514993 2.459600e-14 5.461000e+03 1.000000e+00
   5380.215714 2.570500e-14 5.463750e+03 1.000000e+00
   5382.926437 2.558600e-14 5.466500e+03 1.000000e+00
   5385.637160 2.518700e-14 5.469250e+03 1.000000e+00
   5388.337880 2.475400e-14 5.472000e+03 1.000000e+00
   5391.048604 2.457600e-14 5.474750e+03 1.000000e+00
   5393.759327 2.509300e-14 5.477500e+03 1.000000e+00
   5396.470050 2.394500e-14 5.480250e+03 1.000000e+00
   5399.170770 2.261700e-14 5.483000e+03 1.000000e+00
   5401.881494 2.370300e-14 5.485750e+03 1.000000e+00
   5404.592217 2.455900e-14 5.488500e+03 1.000000e+00
   5407.302940 2.302700e-14 5.491250e+03 1.000000e+00
   5410.003661 2.253100e-14 5.494000e+03 1.000000e+00
   5412.714384 2.357800e-14 5.496750e+03 1.000000e+00
   5415.425107 2.441700e-14 5.499500e+03 1.000000e+00
   5418.125828 2.550700e-14 5.502250e+03 1.000000e+00
   5420.836551 2.514300e-14 5.505000e+03 1.000000e+00
   5423.547275 2.404800e-14 5.507750e+03 1.000000e+00
   5426.257998 2.393400e-14 5.510500e+03 1.000000e+00
   5428.958719 2.354200e-14 5.513250e+03 1.000000e+00
   5431.669442 2.399300e-14 5.516000e+03 1.000000e+00
   5434.380165 2.446000e-14 5.518750e+03 1.000000e+00
   5437.080886 2.391200e-14 5.521500e+03 1.000000e+00
   5439.791610 2.425000e-14 5.524250e+03 1.000000e+00
   5442.502333 2.448600e-14 5.527000e+03 1.000000e+00
   5445.213057 2.429100e-14 5.529750e+03 1.000000e+00
   5447.913777 2.362800e-14 5.532500e+03 1.000000e+00
   5450.624501 2.307100e-14 5.535250e+03 1.000000e+00
   5453.335224 2.493100e-14 5.538000e+03 1.000000e+00
   5456.035945 2.476400e-14 5.540750e+03 1.000000e+00
   5458.746669 2.318900e-14 5.543500e+03 1.000000e+00
   5461.457392 2.292700e-14 5.546250e+03 1.000000e+00
   5464.168116 2.348900e-14 5.549000e+03 1.000000e+00
   5466.868837 2.377800e-14 5.551750e+03 1.000000e+00
   5469.579561 2.287500e-14 5.554500e+03 1.000000e+00
   5472.290284 2.166400e-14 5.557250e+03 1.000000e+00
   5475.001008 2.364000e-14 5.560000e+03 1.000000e+00
   5477.701729 2.351500e-14 5.562750e+03 1.000000e+00
   5480.412453 2.359600e-14 5.565500e+03 1.000000e+00
   5483.123176 2.337600e-14 5.568250e+03 1.000000e+00
   5485.823897 2.367800e-14 5.571000e+03 1.000000e+00
   5488.534621 2.423700e-14 5.573750e+03 1.000000e+00
   5491.245345 2.446500e-14 5.576500e+03 1.000000e+00
   5493.956069 2.418400e-14 5.579250e+03 1.000000e+00
   5496.656790 2.418800e-14 5.582000e+03 1.000000e+00
   5499.367514 2.449500e-14 5.584750e+03 1.000000e+00
   5502.078237 2.315200e-14 5.587500e+03 1.000000e+00
   5504.778959 2.407800e-14 5.590250e+03 1.000000e+00
   5507.489682 2.274800e-14 5.593000e+03 1.000000e+00
   5510.200406 2.418900e-14 5.595750e+03 1.000000e+00
   5512.911130 2.363800e-14 5.598500e+03 1.000000e+00
   5515.611851 2.291800e-14 5.601250e+03 1.000000e+00
   5518.322575 2.360600e-14 5.604000e+03 1.000000e+00
   5521.033299 2.362900e-14 5.606750e+03 1.000000e+00
   5523.734021 2.424900e-14 5.609500e+03 1.000000e+00
   5526.444745 2.330900e-14 5.612250e+03 1.000000e+00
   5529.155469 2.362300e-14 5.615000e+03 1.000000e+00
   5531.866193 2.326100e-14 5.617750e+03 1.000000e+00
   5534.566914 2.367000e-14 5.620500e+03 1.000000e+00
   5537.277638 2.431600e-14 5.623250e+03 1.000000e+00
   5539.988362 2.450700e-14 5.626000e+03 1.000000e+00
   5542.699086 2.481800e-14 5.628750e+03 1.000000e+00
   5545.399807 2.379700e-14 5.631500e+03 1.000000e+00
   5548.110531 2.371700e-14 5.634250e+03 1.000000e+00
   5550.821256 2.377000e-14 5.637000e+03 1.000000e+00
   5553.521977 2.438800e-14 5.639750e+03 1.000000e+00
   5556.232701 2.379900e-14 5.642500e+03 1.000000e+00
   5558.943425 2.465900e-14 5.645250e+03 1.000000e+00
   5561.654150 2.321000e-14 5.648000e+03 1.000000e+00
   5564.354871 2.392800e-14 5.650750e+03 1.000000e+00
   5567.065595 2.340200e-14 5.653500e+03 1.000000e+00
   5569.776319 2.387000e-14 5.656250e+03 1.000000e+00
   5572.477041 2.315100e-14 5.659000e+03 1.000000e+00
   5575.187765 2.348100e-14 5.661750e+03 1.000000e+00
   5577.898490 2.373200e-14 5.664500e+03 1.000000e+00
   5580.609214 2.378000e-14 5.667250e+03 1.000000e+00
   5583.309935 2.322000e-14 5.670000e+03 1.000000e+00
   5586.020660 2.172400e-14 5.672750e+03 1.000000e+00
   5588.731384 2.305000e-14 5.675500e+03 1.000000e+00
   5591.442108 2.261100e-14 5.678250e+03 1.000000e+00
   5594.142830 2.317300e-14 5.681000e+03 1.000000e+00
   5596.853554 2.327100e-14 5.683750e+03 1.000000e+00
   5599.564279 2.411600e-14 5.686500e+03 1.000000e+00
   5602.265001 2.330900e-14 5.689250e+03 1.000000e+00
   5604.975725 2.402400e-14 5.692000e+03 1.000000e+00
   5607.686449 2.241100e-14 5.694750e+03 1.000000e+00
   5610.397174 2.322700e-14 5.697500e+03 1.000000e+00
   5613.097896 2.321300e-14 5.700250e+03 1.000000e+00
   5615.808620 2.241000e-14 5.703000e+03 1.000000e+00
   5618.519345 2.340100e-14 5.705750e+03 1.000000e+00
   5621.220066 2.356700e-14 5.708500e+03 1.000000e+00
   5623.930791 2.431400e-14 5.711250e+03 1.000000e+00
   5626.641516 2.212100e-14 5.714000e+03 1.000000e+00
   5629.352240 2.273100e-14 5.716750e+03 1.000000e+00
   5632.052962 2.268900e-14 5.719500e+03 1.000000e+00
   5634.763687 2.335300e-14 5.722250e+03 1.000000e+00
   5637.474411 2.395000e-14 5.725000e+03 1.000000e+00
   5640.175133 2.182100e-14 5.727750e+03 1.000000e+00
   5642.885858 2.414800e-14 5.730500e+03 1.000000e+00
   5645.596582 2.332100e-14 5.733250e+03 1.000000e+00
   5648.307307 2.270400e-14 5.736000e+03 1.000000e+00
   5651.008029 2.228800e-14 5.738750e+03 1.000000e+00
   5653.718754 2.359800e-14 5.741500e+03 1.000000e+00
   5656.429478 2.293500e-14 5.744250e+03 1.000000e+00
   5659.140203 2.265700e-14 5.747000e+03 1.000000e+00
   5661.840925 2.289800e-14 5.749750e+03 1.000000e+00
   5664.551650 2.386200e-14 5.752500e+03 1.000000e+00
   5667.262375 2.311100e-14 5.755250e+03 1.000000e+00
   5669.963097 2.313400e-14 5.758000e+03 1.000000e+00
   5672.673822 2.345400e-14 5.760750e+03 1.000000e+00
   5675.384546 2.370300e-14 5.763500e+03 1.000000e+00
   5678.095271 2.421300e-14 5.766250e+03 1.000000e+00
   5680.795993 2.259300e-14 5.769000e+03 1.000000e+00
   5683.506718 2.170700e-14 5.771750e+03 1.000000e+00
   5686.217443 2.257600e-14 5.774500e+03 1.000000e+00
   5688.918165 2.262000e-14 5.777250e+03 1.000000e+00
   5691.628890 2.254300e-14 5.780000e+03 1.000000e+00
   5694.339615 2.372800e-14 5.782750e+03 1.000000e+00
   5697.050340 2.442900e-14 5.785500e+03 1.000000e+00
   5699.751062 2.332000e-14 5.788250e+03 1.000000e+00
   5702.461787 2.350100e-14 5.791000e+03 1.000000e+00
   5705.172512 2.261700e-14 5.793750e+03 1.000000e+00
   5707.873234 2.102700e-14 5.796500e+03 1.000000e+00
   5710.583959 2.147800e-14 5.799250e+03 1.000000e+00
   5713.294684 2.141400e-14 5.802000e+03 1.000000e+00
   5716.005409 2.259600e-14 5.804750e+03 1.000000e+00
   5718.706132 2.218100e-14 5.807500e+03 1.000000e+00
   5721.416857 2.318000e-14 5.810250e+03 1.000000e+00
   5724.127582 2.339100e-14 5.813000e+03 1.000000e+00
   5726.838307 2.305000e-14 5.815750e+03 1.000000e+00
   5729.539029 2.257200e-14 5.818500e+03 1.000000e+00
   5732.249755 2.406100e-14 5.821250e+03 1.000000e+00
   5734.960480 2.354700e-14 5.824000e+03 1.000000e+00
   5737.661202 2.289900e-14 5.826750e+03 1.000000e+00
   5740.371927 2.234300e-14 5.829500e+03 1.000000e+00
   5743.082652 2.225600e-14 5.832250e+03 1.000000e+00
   5745.793378 2.372900e-14 5.835000e+03 1.000000e+00
   5748.494100 2.371900e-14 5.837750e+03 1.000000e+00
   5751.204825 2.265900e-14 5.840500e+03 1.000000e+00
   5753.915551 2.216000e-14 5.843250e+03 1.000000e+00
   5756.616273 2.359500e-14 5.846000e+03 1.000000e+00
   5759.326998 2.364500e-14 5.848750e+03 1.000000e+00
   5762.037724 2.322200e-14 5.851500e+03 1.000000e+00
   5764.748449 2.191900e-14 5.854250e+03 1.000000e+00
   5767.449171 2.301400e-14 5.857000e+03 1.000000e+00
   5770.159897 2.242100e-14 5.859750e+03 1.000000e+00
   5772.870622 2.335400e-14 5.862500e+03 1.000000e+00
   5775.581347 2.307100e-14 5.865250e+03 1.000000e+00
   5778.282070 2.170500e-14 5.868000e+03 1.000000e+00
   5780.992795 2.242500e-14 5.870750e+03 1.000000e+00
   5783.703521 2.262400e-14 5.873500e+03 1.000000e+00
   5786.404243 2.264300e-14 5.876250e+03 1.000000e+00
   5789.114969 2.240500e-14 5.879000e+03 1.000000e+00
   5791.825694 2.263600e-14 5.881750e+03 1.000000e+00
   5794.536420 2.250700e-14 5.884500e+03 1.000000e+00
   5797.237142 2.296600e-14 5.887250e+03 1.000000e+00
   5799.947868 2.291600e-14 5.890000e+03 1.000000e+00
   5802.658593 2.207400e-14 5.892750e+03 1.000000e+00
   5805.359316 2.201800e-14 5.895500e+03 1.000000e+00
   5808.070042 2.290600e-14 5.898250e+03 1.000000e+00
   5810.780767 2.220300e-14 5.901000e+03 1.000000e+00
   5813.491493 2.316100e-14 5.903750e+03 1.000000e+00
   5816.192216 2.297600e-14 5.906500e+03 1.000000e+00
   5818.902941 2.266100e-14 5.909250e+03 1.000000e+00
   5821.613667 2.278200e-14 5.912000e+03 1.000000e+00
   5824.314389 2.248500e-14 5.914750e+03 1.000000e+00
   5827.025115 2.253800e-14 5.917500e+03 1.000000e+00
   5829.735841 2.253500e-14 5.920250e+03 1.000000e+00
   5832.446566 2.281000e-14 5.923000e+03 1.000000e+00
   5835.147289 2.263800e-14 5.925750e+03 1.000000e+00
   5837.858015 2.133500e-14 5.928500e+03 1.000000e+00
   5840.568741 2.220900e-14 5.931250e+03 1.000000e+00
   5843.279466 2.221500e-14 5.934000e+03 1.000000e+00
   5845.980189 2.142100e-14 5.936750e+03 1.000000e+00
   5848.690915 2.109000e-14 5.939500e+03 1.000000e+00
   5851.401641 2.156200e-14 5.942250e+03 1.000000e+00
   5854.102364 2.139700e-14 5.945000e+03 1.000000e+00
   5856.813089 2.025800e-14 5.947750e+03 1.000000e+00
   5859.523815 2.148400e-14 5.950500e+03 1.000000e+00
   5862.234541 2.193100e-14 5.953250e+03 1.000000e+00
   5864.935264 2.347200e-14 5.956000e+03 1.000000e+00
   5867.645990 2.325800e-14 5.958750e+03 1.000000e+00
   5870.356715 2.318500e-14 5.961500e+03 1.000000e+00
   5873.057439 2.660800e-14 5.964250e+03 1.000000e+00
   5875.768164 2.913100e-14 5.967000e+03 1.000000e+00
   5878.478890 2.837300e-14 5.969750e+03 1.000000e+00
   5881.189616 2.621200e-14 5.972500e+03 1.000000e+00
   5883.890339 2.423700e-14 5.975250e+03 1.000000e+00
   5886.601065 2.310300e-14 5.978000e+03 1.000000e+00
   5889.311791 2.067000e-14 5.980750e+03 1.000000e+00
   5892.012514 1.984300e-14 5.983500e+03 1.000000e+00
   5894.723240 2.080800e-14 5.986250e+03 1.000000e+00
   5897.433966 2.075400e-14 5.989000e+03 1.000000e+00
   5900.144692 2.091300e-14 5.991750e+03 1.000000e+00
   5902.845415 2.042100e-14 5.994500e+03 1.000000e+00
   5905.556141 2.040600e-14 5.997250e+03 1.000000e+00
   5908.266867 2.130300e-14 6.000000e+03 1.000000e+00
   5910.977593 2.197700e-14 6.002750e+03 1.000000e+00
   5913.678317 2.160100e-14 6.005500e+03 1.000000e+00
   5916.389043 2.112200e-14 6.008250e+03 1.000000e+00
   5919.099769 2.051700e-14 6.011000e+03 1.000000e+00
   5921.800492 2.058200e-14 6.013750e+03 1.000000e+00
   5924.511218 2.225400e-14 6.016500e+03 1.000000e+00
   5927.221944 2.187900e-14 6.019250e+03 1.000000e+00
   5929.932670 2.087000e-14 6.022000e+03 1.000000e+00
   5932.633393 2.168700e-14 6.024750e+03 1.000000e+00
   5935.344120 2.098900e-14 6.027500e+03 1.000000e+00
   5938.054846 2.021900e-14 6.030250e+03 1.000000e+00
   5940.755569 2.134800e-14 6.033000e+03 1.000000e+00
   5943.466295 2.175900e-14 6.035750e+03 1.000000e+00
   5946.177021 2.128600e-14 6.038500e+03 1.000000e+00
   5948.887748 2.131700e-14 6.041250e+03 1.000000e+00
   5951.588471 2.120600e-14 6.044000e+03 1.000000e+00
   5954.299197 2.234700e-14 6.046750e+03 1.000000e+00
   5957.009923 2.128300e-14 6.049500e+03 1.000000e+00
   5959.710647 2.131800e-14 6.052250e+03 1.000000e+00
   5962.421373 2.147400e-14 6.055000e+03 1.000000e+00
   5965.132099 2.139400e-14 6.057750e+03 1.000000e+00
   5967.842826 2.091000e-14 6.060500e+03 1.000000e+00
   5970.543549 2.241900e-14 6.063250e+03 1.000000e+00
   5973.254276 2.175100e-14 6.066000e+03 1.000000e+00
   5975.965002 2.144400e-14 6.068750e+03 1.000000e+00
   5978.675728 2.138600e-14 6.071500e+03 1.000000e+00
   5981.376452 2.059900e-14 6.074250e+03 1.000000e+00
   5984.087178 2.110600e-14 6.077000e+03 1.000000e+00
   5986.797904 2.083800e-14 6.079750e+03 1.000000e+00
   5989.498628 2.119500e-14 6.082500e+03 1.000000e+00
   5992.209354 2.154800e-14 6.085250e+03 1.000000e+00
   5994.920081 2.076800e-14 6.088000e+03 1.000000e+00
   5997.630807 2.042100e-14 6.090750e+03 1.000000e+00
   6000.331531 2.017500e-14 6.093500e+03 1.000000e+00
   6003.042257 2.050200e-14 6.096250e+03 1.000000e+00
   6005.752984 2.010200e-14 6.099000e+03 1.000000e+00
   6008.453707 2.013000e-14 6.101750e+03 1.000000e+00
   6011.164434 2.119600e-14 6.104500e+03 1.000000e+00
   6013.875160 2.111100e-14 6.107250e+03 1.000000e+00
   6016.585887 2.143000e-14 6.110000e+03 1.000000e+00
   6019.286611 2.118500e-14 6.112750e+03 1.000000e+00
   6021.997337 2.151200e-14 6.115500e+03 1.000000e+00
   6024.708064 2.163200e-14 6.118250e+03 1.000000e+00
   6027.418790 2.173600e-14 6.121000e+03 1.000000e+00
   6030.119514 2.068500e-14 6.123750e+03 1.000000e+00
   6032.830241 2.164400e-14 6.126500e+03 1.000000e+00
   6035.540967 2.089600e-14 6.129250e+03 1.000000e+00
   6038.241691 2.036200e-14 6.132000e+03 1.000000e+00
   6040.952418 2.071400e-14 6.134750e+03 1.000000e+00
   6043.663144 2.046900e-14 6.137500e+03 1.000000e+00
   6046.373871 2.262200e-14 6.140250e+03 1.000000e+00
   6049.074595 2.070000e-14 6.143000e+03 1.000000e+00
   6051.785321 2.029000e-14 6.145750e+03 1.000000e+00
   6054.496048 1.964200e-14 6.148500e+03 1.000000e+00
   6057.196772 2.082600e-14 6.151250e+03 1.000000e+00
   6059.907499 2.157000e-14 6.154000e+03 1.000000e+00
   6062.618225 2.081400e-14 6.156750e+03 1.000000e+00
   6065.328952 2.102400e-14 6.159500e+03 1.000000e+00
   6068.029676 2.043500e-14 6.162250e+03 1.000000e+00
   6070.740403 2.072000e-14 6.165000e+03 1.000000e+00
   6073.451129 2.168700e-14 6.167750e+03 1.000000e+00
   6076.151853 2.176700e-14 6.170500e+03 1.000000e+00
   6078.862580 2.072600e-14 6.173250e+03 1.000000e+00
   6081.573307 2.123200e-14 6.176000e+03 1.000000e+00
   6084.284034 2.082900e-14 6.178750e+03 1.000000e+00
   6086.984758 2.079800e-14 6.181500e+03 1.000000e+00
   6089.695484 2.117500e-14 6.184250e+03 1.000000e+00
   6092.406211 2.066600e-14 6.187000e+03 1.000000e+00
   6095.116938 2.045100e-14 6.189750e+03 1.000000e+00
   6097.817662 1.992900e-14 6.192500e+03 1.000000e+00
   6100.528389 2.045600e-14 6.195250e+03 1.000000e+00
   6103.239116 2.004000e-14 6.198000e+03 1.000000e+00
   6105.939840 1.993900e-14 6.200750e+03 1.000000e+00
   6108.650567 1.954300e-14 6.203500e+03 1.000000e+00
   6111.361294 2.072500e-14 6.206250e+03 1.000000e+00
   6114.072021 2.075500e-14 6.209000e+03 1.000000e+00
   6116.772745 2.084500e-14 6.211750e+03 1.000000e+00
   6119.483472 1.926800e-14 6.214500e+03 1.000000e+00
   6122.194199 1.926800e-14 6.217250e+03 1.000000e+00
   6124.894923 2.011100e-14 6.220000e+03 1.000000e+00
   6127.605650 1.965300e-14 6.222750e+03 1.000000e+00
   6130.316377 2.032600e-14 6.225500e+03 1.000000e+00
   6133.027104 2.057900e-14 6.228250e+03 1.000000e+00
   6135.727828 1.972100e-14 6.231000e+03 1.000000e+00
   6138.438555 2.156800e-14 6.233750e+03 1.000000e+00
   6141.149282 2.117500e-14 6.236500e+03 1.000000e+00
   6143.850006 2.067500e-14 6.239250e+03 1.000000e+00
   6146.560733 2.011700e-14 6.242000e+03 1.000000e+00
   6149.271460 1.939000e-14 6.244750e+03 1.000000e+00
   6151.982188 1.973600e-14 6.247500e+03 1.000000e+00
   6154.682912 2.047800e-14 6.250250e+03 1.000000e+00
   6157.393639 2.102400e-14 6.253000e+03 1.000000e+00
   6160.104366 2.003900e-14 6.255750e+03 1.000000e+00
   6162.815093 2.066000e-14 6.258500e+03 1.000000e+00
   6165.515818 1.988500e-14 6.261250e+03 1.000000e+00
   6168.226545 1.964100e-14 6.264000e+03 1.000000e+00
   6170.937272 2.005500e-14 6.266750e+03 1.000000e+00
   6173.637996 2.021400e-14 6.269500e+03 1.000000e+00
   6176.348723 2.084500e-14 6.272250e+03 1.000000e+00
   6179.059450 2.011100e-14 6.275000e+03 1.000000e+00
   6181.770178 1.964700e-14 6.277750e+03 1.000000e+00
   6184.470902 2.053000e-14 6.280500e+03 1.000000e+00
   6187.181629 1.953500e-14 6.283250e+03 1.000000e+00
   6189.892357 2.052700e-14 6.286000e+03 1.000000e+00
   6192.593081 1.982200e-14 6.288750e+03 1.000000e+00
   6195.303808 2.174700e-14 6.291500e+03 1.000000e+00
   6198.014536 2.087100e-14 6.294250e+03 1.000000e+00
   6200.725263 1.943200e-14 6.297000e+03 1.000000e+00
   6203.425987 2.028200e-14 6.299750e+03 1.000000e+00
   6206.136715 1.952000e-14 6.302500e+03 1.000000e+00
   6208.847442 2.038100e-14 6.305250e+03 1.000000e+00
   6211.548166 2.076400e-14 6.308000e+03 1.000000e+00
   6214.258894 2.094000e-14 6.310750e+03 1.000000e+00
   6216.969621 2.144500e-14 6.313500e+03 1.000000e+00
   6219.680348 1.904000e-14 6.316250e+03 1.000000e+00
   6222.381073 1.922400e-14 6.319000e+03 1.000000e+00
   6225.091800 1.903600e-14 6.321750e+03 1.000000e+00
   6227.802528 1.948100e-14 6.324500e+03 1.000000e+00
   6230.513255 2.039600e-14 6.327250e+03 1.000000e+00
   6233.213980 1.906200e-14 6.330000e+03 1.000000e+00
   6235.924707 1.848600e-14 6.332750e+03 1.000000e+00
   6238.635435 1.961500e-14 6.335500e+03 1.000000e+00
   6241.336159 2.013600e-14 6.338250e+03 1.000000e+00
   6244.046887 1.976400e-14 6.341000e+03 1.000000e+00
   6246.757614 1.965500e-14 6.343750e+03 1.000000e+00
   6249.468342 1.913800e-14 6.346500e+03 1.000000e+00
   6252.169066 1.907800e-14 6.349250e+03 1.000000e+00
   6254.879794 1.909600e-14 6.352000e+03 1.000000e+00
   6257.590521 2.008000e-14 6.354750e+03 1.000000e+00
   6260.291246 1.987100e-14 6.357500e+03 1.000000e+00
   6263.001973 1.949300e-14 6.360250e+03 1.000000e+00
   6265.712701 2.046300e-14 6.363000e+03 1.000000e+00
   6268.423428 2.024200e-14 6.365750e+03 1.000000e+00
   6271.124153 2.020400e-14 6.368500e+03 1.000000e+00
   6273.834881 1.896100e-14 6.371250e+03 1.000000e+00
   6276.545608 1.869400e-14 6.374000e+03 1.000000e+00
   6279.256336 2.108100e-14 6.376750e+03 1.000000e+00
   6281.957061 1.939800e-14 6.379500e+03 1.000000e+00
   6284.667788 1.901800e-14 6.382250e+03 1.000000e+00
   6287.378516 1.931200e-14 6.385000e+03 1.000000e+00
   6290.079241 1.866000e-14 6.387750e+03 1.000000e+00
   6292.789968 1.931200e-14 6.390500e+03 1.000000e+00
   6295.500696 2.214200e-14 6.393250e+03 1.000000e+00
   6298.211424 2.645400e-14 6.396000e+03 1.000000e+00
   6300.912149 2.904800e-14 6.398750e+03 1.000000e+00
   6303.622876 2.847600e-14 6.401500e+03 1.000000e+00
   6306.333604 2.451800e-14 6.404250e+03 1.000000e+00
   6309.034329 2.238900e-14 6.407000e+03 1.000000e+00
   6311.745057 2.047800e-14 6.409750e+03 1.000000e+00
   6314.455784 2.070000e-14 6.412500e+03 1.000000e+00
   6317.166512 2.031000e-14 6.415250e+03 1.000000e+00
   6319.867237 2.031000e-14 6.418000e+03 1.000000e+00
   6322.577965 2.003500e-14 6.420750e+03 1.000000e+00
   6325.288692 1.970500e-14 6.423500e+03 1.000000e+00
   6327.989417 1.919000e-14 6.426250e+03 1.000000e+00
   6330.700145 1.971200e-14 6.429000e+03 1.000000e+00
   6333.410873 1.874700e-14 6.431750e+03 1.000000e+00
   6336.121601 2.106200e-14 6.434500e+03 1.000000e+00
   6338.822326 1.970700e-14 6.437250e+03 1.000000e+00
   6341.533054 1.921700e-14 6.440000e+03 1.000000e+00
   6344.243781 1.993000e-14 6.442750e+03 1.000000e+00
   6346.954509 2.096800e-14 6.445500e+03 1.000000e+00
   6349.655234 2.044200e-14 6.448250e+03 1.000000e+00
   6352.365962 1.924300e-14 6.451000e+03 1.000000e+00
   6355.076690 2.055700e-14 6.453750e+03 1.000000e+00
   6357.777415 1.963600e-14 6.456500e+03 1.000000e+00
   6360.488143 2.001700e-14 6.459250e+03 1.000000e+00
   6363.198871 2.273000e-14 6.462000e+03 1.000000e+00
   6365.909599 2.430300e-14 6.464750e+03 1.000000e+00
   6368.610324 2.310300e-14 6.467500e+03 1.000000e+00
   6371.321052 2.156500e-14 6.470250e+03 1.000000e+00
   6374.031780 1.939800e-14 6.473000e+03 1.000000e+00
   6376.732505 1.764600e-14 6.475750e+03 1.000000e+00
   6379.443233 1.735400e-14 6.478500e+03 1.000000e+00
   6382.153961 1.907300e-14 6.481250e+03 1.000000e+00
   6384.864689 1.982400e-14 6.484000e+03 1.000000e+00
   6387.565414 2.006400e-14 6.486750e+03 1.000000e+00
   6390.276142 2.062100e-14 6.489500e+03 1.000000e+00
   6392.986870 1.911400e-14 6.492250e+03 1.000000e+00
   6395.687595 1.904600e-14 6.495000e+03 1.000000e+00
   6398.398323 1.988100e-14 6.497750e+03 1.000000e+00
   6401.109051 1.963200e-14 6.500500e+03 1.000000e+00
   6403.819779 1.935000e-14 6.503250e+03 1.000000e+00
   6406.520505 1.970300e-14 6.506000e+03 1.000000e+00
   6409.231233 1.969300e-14 6.508750e+03 1.000000e+00
   6411.941961 1.897300e-14 6.511500e+03 1.000000e+00
   6414.652689 1.923900e-14 6.514250e+03 1.000000e+00
   6417.353414 1.861700e-14 6.517000e+03 1.000000e+00
   6420.064142 1.885300e-14 6.519750e+03 1.000000e+00
   6422.774870 1.870100e-14 6.522500e+03 1.000000e+00
   6425.475596 1.960500e-14 6.525250e+03 1.000000e+00
   6428.186324 1.916400e-14 6.528000e+03 1.000000e+00
   6430.897052 1.871400e-14 6.530750e+03 1.000000e+00
   6433.607780 1.875300e-14 6.533500e+03 1.000000e+00
   6436.308505 2.012500e-14 6.536250e+03 1.000000e+00
   6439.019234 2.000800e-14 6.539000e+03 1.000000e+00
   6441.729962 1.919300e-14 6.541750e+03 1.000000e+00
   6444.430687 1.963000e-14 6.544500e+03 1.000000e+00
   6447.141415 1.994500e-14 6.547250e+03 1.000000e+00
   6449.852144 1.852000e-14 6.550000e+03 1.000000e+00
   6452.562872 1.884400e-14 6.552750e+03 1.000000e+00
   6455.263597 1.767900e-14 6.555500e+03 1.000000e+00
   6457.974325 1.809000e-14 6.558250e+03 1.000000e+00
   6460.685054 1.898300e-14 6.561000e+03 1.000000e+00
   6463.385779 1.923700e-14 6.563750e+03 1.000000e+00
   6466.096507 1.855300e-14 6.566500e+03 1.000000e+00
   6468.807236 1.893400e-14 6.569250e+03 1.000000e+00
   6471.517964 1.931400e-14 6.572000e+03 1.000000e+00
   6474.218689 1.873200e-14 6.574750e+03 1.000000e+00
   6476.929418 1.904300e-14 6.577500e+03 1.000000e+00
   6479.640146 1.849500e-14 6.580250e+03 1.000000e+00
   6482.350874 1.841400e-14 6.583000e+03 1.000000e+00
   6485.051600 1.829200e-14 6.585750e+03 1.000000e+00
   6487.762328 1.931900e-14 6.588500e+03 1.000000e+00
   6490.473057 2.014800e-14 6.591250e+03 1.000000e+00
   6493.173782 1.839900e-14 6.594000e+03 1.000000e+00
   6495.884511 1.869300e-14 6.596750e+03 1.000000e+00
   6498.595239 1.805600e-14 6.599500e+03 1.000000e+00
   6501.305967 1.796900e-14 6.602250e+03 1.000000e+00
   6504.006693 1.754900e-14 6.605000e+03 1.000000e+00
   6506.717421 1.866100e-14 6.607750e+03 1.000000e+00
   6509.428150 1.954600e-14 6.610500e+03 1.000000e+00
   6512.128875 1.942700e-14 6.613250e+03 1.000000e+00
   6514.839604 1.921300e-14 6.616000e+03 1.000000e+00
   6517.550332 1.846500e-14 6.618750e+03 1.000000e+00
   6520.261061 1.851700e-14 6.621500e+03 1.000000e+00
   6522.961786 1.946200e-14 6.624250e+03 1.000000e+00
   6525.672515 1.946800e-14 6.627000e+03 1.000000e+00
   6528.383243 1.989500e-14 6.629750e+03 1.000000e+00
   6531.093972 2.074000e-14 6.632500e+03 1.000000e+00
   6533.794697 1.828300e-14 6.635250e+03 1.000000e+00
   6536.505426 2.031800e-14 6.638000e+03 1.000000e+00
   6539.216154 1.965400e-14 6.640750e+03 1.000000e+00
   6541.916880 2.191700e-14 6.643500e+03 1.000000e+00
   6544.627609 2.473100e-14 6.646250e+03 1.000000e+00
   6547.338337 3.026800e-14 6.649000e+03 1.000000e+00
   6550.049066 3.202600e-14 6.651750e+03 1.000000e+00
   6552.749792 3.258500e-14 6.654500e+03 1.000000e+00
   6555.460520 4.452200e-14 6.657250e+03 1.000000e+00
   6558.171249 8.934400e-14 6.660000e+03 1.000000e+00
   6560.871975 1.757300e-13 6.662750e+03 1.000000e+00
   6563.582703 2.358600e-13 6.665500e+03 1.000000e+00
   6566.293432 2.157100e-13 6.668250e+03 1.000000e+00
   6569.004160 1.418700e-13 6.671000e+03 1.000000e+00
   6571.704886 7.447100e-14 6.673750e+03 1.000000e+00
   6574.415615 3.787800e-14 6.676500e+03 1.000000e+00
   6577.126343 2.969400e-14 6.679250e+03 1.000000e+00
   6579.827069 3.621200e-14 6.682000e+03 1.000000e+00
   6582.537798 4.851100e-14 6.684750e+03 1.000000e+00
   6585.248527 5.274900e-14 6.687500e+03 1.000000e+00
   6587.959255 4.632200e-14 6.690250e+03 1.000000e+00
   6590.659981 3.191600e-14 6.693000e+03 1.000000e+00
   6593.370710 2.375100e-14 6.695750e+03 1.000000e+00
   6596.081439 2.029100e-14 6.698500e+03 1.000000e+00
   6598.792167 1.880000e-14 6.701250e+03 1.000000e+00
   6601.492893 1.990000e-14 6.704000e+03 1.000000e+00
   6604.203622 2.040400e-14 6.706750e+03 1.000000e+00
   6606.914351 2.016700e-14 6.709500e+03 1.000000e+00
   6609.615077 1.814100e-14 6.712250e+03 1.000000e+00
   6612.325805 1.928000e-14 6.715000e+03 1.000000e+00
   6615.036534 1.917800e-14 6.717750e+03 1.000000e+00
   6617.747263 1.952700e-14 6.720500e+03 1.000000e+00
   6620.447989 1.839300e-14 6.723250e+03 1.000000e+00
   6623.158718 1.845200e-14 6.726000e+03 1.000000e+00
   6625.869446 1.774800e-14 6.728750e+03 1.000000e+00
   6628.570173 1.801300e-14 6.731500e+03 1.000000e+00
   6631.280901 1.933600e-14 6.734250e+03 1.000000e+00
   6633.991630 1.924300e-14 6.737000e+03 1.000000e+00
   6636.702359 2.004800e-14 6.739750e+03 1.000000e+00
   6639.403085 1.922500e-14 6.742500e+03 1.000000e+00
   6642.113814 1.865900e-14 6.745250e+03 1.000000e+00
   6644.824543 1.813400e-14 6.748000e+03 1.000000e+00
   6647.525269 1.858500e-14 6.750750e+03 1.000000e+00
   6650.235998 1.897700e-14 6.753500e+03 1.000000e+00
   6652.946727 1.792500e-14 6.756250e+03 1.000000e+00
   6655.657455 1.866800e-14 6.759000e+03 1.000000e+00
   6658.358182 1.867700e-14 6.761750e+03 1.000000e+00
   6661.068910 1.829500e-14 6.764500e+03 1.000000e+00
   6663.779639 1.878400e-14 6.767250e+03 1.000000e+00
   6666.490368 1.837800e-14 6.770000e+03 1.000000e+00
   6669.191094 1.978900e-14 6.772750e+03 1.000000e+00
   6671.901823 1.887600e-14 6.775500e+03 1.000000e+00
   6674.612552 1.927300e-14 6.778250e+03 1.000000e+00
   6677.313279 2.096700e-14 6.781000e+03 1.000000e+00
   6680.024007 2.046900e-14 6.783750e+03 1.000000e+00
   6682.734736 1.959800e-14 6.786500e+03 1.000000e+00
   6685.445465 2.050800e-14 6.789250e+03 1.000000e+00
   6688.146192 1.879400e-14 6.792000e+03 1.000000e+00
   6690.856921 1.838300e-14 6.794750e+03 1.000000e+00
   6693.567650 1.846600e-14 6.797500e+03 1.000000e+00
   6696.268376 1.838700e-14 6.800250e+03 1.000000e+00
   6698.979105 1.773900e-14 6.803000e+03 1.000000e+00
   6701.689834 1.865100e-14 6.805750e+03 1.000000e+00
   6704.400563 1.806300e-14 6.808500e+03 1.000000e+00
   6707.101289 1.899700e-14 6.811250e+03 1.000000e+00
   6709.812018 2.162800e-14 6.814000e+03 1.000000e+00
   6712.522747 3.408400e-14 6.816750e+03 1.000000e+00
   6715.223474 4.882100e-14 6.819500e+03 1.000000e+00
   6717.934203 5.624600e-14 6.822250e+03 1.000000e+00
   6720.644932 5.069200e-14 6.825000e+03 1.000000e+00
   6723.355661 4.107500e-14 6.827750e+03 1.000000e+00
   6734.548671 1.852800e-14 6.839120e+03 0.000000e+00
   6750.072847 1.835400e-14 6.854880e+03 0.000000e+00
   6765.627031 1.847700e-14 6.870680e+03 0.000000e+00
   6781.231229 1.838800e-14 6.886520e+03 0.000000e+00
   6796.855433 1.834200e-14 6.902400e+03 0.000000e+00
   6812.529650 1.833800e-14 6.918310e+03 0.000000e+00
   6828.233875 1.829200e-14 6.934260e+03 0.000000e+00
   6843.968109 1.841400e-14 6.950240e+03 0.000000e+00
   6859.752357 1.824200e-14 6.966260e+03 0.000000e+00
   6875.566613 1.782200e-14 6.982330e+03 0.000000e+00
   6891.410877 1.773600e-14 6.998420e+03 0.000000e+00
   6907.295152 1.777300e-14 7.014550e+03 0.000000e+00
   6923.219438 1.781000e-14 7.030720e+03 0.000000e+00
   6939.183736 1.801300e-14 7.046930e+03 0.000000e+00
   6955.178041 1.796700e-14 7.063180e+03 0.000000e+00
   6971.212358 1.800400e-14 7.079460e+03 0.000000e+00
   6987.276683 1.711100e-14 7.095780e+03 0.000000e+00
   7003.391022 1.783100e-14 7.112140e+03 0.000000e+00
   7019.535369 1.770400e-14 7.128530e+03 0.000000e+00
   7035.709725 1.745700e-14 7.144960e+03 0.000000e+00
   7051.934094 1.806700e-14 7.161430e+03 0.000000e+00
   7068.188471 1.721000e-14 7.177940e+03 0.000000e+00
   7084.482860 1.748600e-14 7.194490e+03 0.000000e+00
   7100.817259 1.684900e-14 7.211080e+03 0.000000e+00
   7117.181667 1.688400e-14 7.227700e+03 0.000000e+00
   7133.586086 1.676400e-14 7.244360e+03 0.000000e+00
   7150.030516 1.668300e-14 7.261060e+03 0.000000e+00
   7166.514957 1.679500e-14 7.277800e+03 0.000000e+00
   7183.039409 1.637100e-14 7.294570e+03 0.000000e+00
   7199.593870 1.577500e-14 7.311390e+03 0.000000e+00
   7216.188341 1.573500e-14 7.328250e+03 0.000000e+00
   7232.822824 1.647300e-14 7.345140e+03 0.000000e+00
   7249.497317 1.631800e-14 7.362070e+03 0.000000e+00
   7266.211822 1.684900e-14 7.379040e+03 0.000000e+00
   7282.956334 1.631000e-14 7.396050e+03 0.000000e+00
   7299.750861 1.568000e-14 7.413100e+03 0.000000e+00
   7316.575396 1.637800e-14 7.430190e+03 0.000000e+00
   7333.439942 1.660200e-14 7.447320e+03 0.000000e+00
   7350.344499 1.718100e-14 7.464490e+03 0.000000e+00
   7367.299069 1.644200e-14 7.481700e+03 0.000000e+00
   7384.273646 1.689800e-14 7.498940e+03 0.000000e+00
   7401.298236 1.658600e-14 7.516230e+03 0.000000e+00
   7418.362837 1.654300e-14 7.533560e+03 0.000000e+00
   7435.467449 1.677000e-14 7.550920e+03 0.000000e+00
   7452.602069 1.645900e-14 7.568330e+03 0.000000e+00
   7469.786704 1.634200e-14 7.585780e+03 0.000000e+00
   7487.001346 1.668000e-14 7.603260e+03 0.000000e+00
   7504.256000 1.607300e-14 7.620790e+03 0.000000e+00
   7521.560667 1.633000e-14 7.638360e+03 0.000000e+00
   7538.905345 1.663000e-14 7.655970e+03 0.000000e+00
   7556.280032 1.643500e-14 7.673610e+03 0.000000e+00
   7573.694729 1.643100e-14 7.691300e+03 0.000000e+00
   7591.159441 1.642700e-14 7.709040e+03 0.000000e+00
   7608.654161 1.601200e-14 7.726810e+03 0.000000e+00
   7626.198894 1.604500e-14 7.744620e+03 0.000000e+00
   7643.773636 1.593100e-14 7.762470e+03 0.000000e+00
   7661.398391 1.589000e-14 7.780370e+03 0.000000e+00
   7679.053155 1.492800e-14 7.798300e+03 0.000000e+00
   7696.757933 1.552000e-14 7.816280e+03 0.000000e+00
   7714.502721 1.533900e-14 7.834300e+03 0.000000e+00
   7732.287521 1.551300e-14 7.852360e+03 0.000000e+00
   7750.112331 1.543700e-14 7.870460e+03 0.000000e+00
   7767.977153 1.529200e-14 7.888600e+03 0.000000e+00
   7785.881986 1.473500e-14 7.906790e+03 0.000000e+00
   7803.826829 1.528400e-14 7.925010e+03 0.000000e+00
   7821.821687 1.528000e-14 7.943280e+03 0.000000e+00
   7839.856555 1.527600e-14 7.961590e+03 0.000000e+00
   7857.921432 1.548500e-14 7.979950e+03 0.000000e+00
   7876.036322 1.551600e-14 7.998340e+03 0.000000e+00
   7894.191224 1.522900e-14 8.016780e+03 0.000000e+00
   7912.396139 1.501600e-14 8.035260e+03 0.000000e+00
   7930.631063 1.470500e-14 8.053780e+03 0.000000e+00
   7948.916000 1.436600e-14 8.072350e+03 0.000000e+00
   7967.240948 1.452900e-14 8.090960e+03 0.000000e+00
   7985.605908 1.489700e-14 8.109610e+03 0.000000e+00
   8004.010878 1.462200e-14 8.128310e+03 0.000000e+00
   8022.465862 1.475300e-14 8.147040e+03 0.000000e+00
   8040.960857 1.474900e-14 8.165820e+03 0.000000e+00
   8059.495864 1.461000e-14 8.184650e+03 0.000000e+00
   8078.070881 1.450600e-14 8.203520e+03 0.000000e+00
   8096.695912 1.443500e-14 8.222430e+03 0.000000e+00
   8115.360954 1.443100e-14 8.241380e+03 0.000000e+00
   8134.066007 1.462800e-14 8.260380e+03 0.000000e+00
   8152.821073 1.406300e-14 8.279420e+03 0.000000e+00
   8171.606148 1.367600e-14 8.298510e+03 0.000000e+00
   8190.451240 1.364100e-14 8.317640e+03 0.000000e+00
   8209.326340 1.357400e-14 8.336810e+03 0.000000e+00
   8228.251453 1.427600e-14 8.356030e+03 0.000000e+00
   8247.226580 1.420600e-14 8.375290e+03 0.000000e+00
   8266.231716 1.387900e-14 8.394600e+03 0.000000e+00
   8285.286865 1.349700e-14 8.413950e+03 0.000000e+00
   8304.392028 1.384000e-14 8.433350e+03 0.000000e+00
   8323.537202 1.386800e-14 8.452790e+03 0.000000e+00
   8342.722387 1.364200e-14 8.472270e+03 0.000000e+00
   8361.947583 1.418300e-14 8.491800e+03 0.000000e+00
   8381.232796 1.395200e-14 8.511380e+03 0.000000e+00
   8400.548017 1.341300e-14 8.531000e+03 0.000000e+00
   8419.913251 1.397700e-14 8.550670e+03 0.000000e+00
   8439.328499 1.394000e-14 8.570380e+03 0.000000e+00
   8458.783759 1.330900e-14 8.590140e+03 0.000000e+00
   8478.279029 1.285400e-14 8.609940e+03 0.000000e+00
   8497.824313 1.389700e-14 8.629790e+03 0.000000e+00
   8517.409608 1.351400e-14 8.649680e+03 0.000000e+00
   8537.044917 1.363500e-14 8.669620e+03 0.000000e+00
   8556.720237 1.120800e-14 8.689600e+03 0.000000e+00
   8576.455573 1.378500e-14 8.709640e+03 0.000000e+00
   8596.220918 1.340600e-14 8.729710e+03 0.000000e+00
   8616.036276 1.300700e-14 8.749840e+03 0.000000e+00
   8635.901648 1.364700e-14 8.770010e+03 0.000000e+00
   8655.807031 1.342500e-14 8.790230e+03 0.000000e+00
   8675.762428 9.835400e-15 8.810490e+03 0.000000e+00
   8695.767838 1.290200e-14 8.830800e+03 0.000000e+00
   8715.803257 1.322900e-14 8.851160e+03 0.000000e+00
   8735.898692 1.359600e-14 8.871560e+03 0.000000e+00
   8756.034139 1.271400e-14 8.892010e+03 0.000000e+00
   8776.219599 1.288700e-14 8.912510e+03 0.000000e+00
   8796.455072 1.342900e-14 8.933050e+03 0.000000e+00
   8816.730557 1.241400e-14 8.953650e+03 0.000000e+00
   8837.056056 1.284600e-14 8.974290e+03 0.000000e+00
   8857.431568 1.287200e-14 8.994980e+03 0.000000e+00
   8877.847091 1.149500e-14 9.015710e+03 0.000000e+00
   8898.312628 1.277600e-14 9.036500e+03 0.000000e+00
   8918.828179 1.298000e-14 9.057330e+03 0.000000e+00
   8939.383740 1.265100e-14 9.078200e+03 0.000000e+00
   8959.989316 1.261800e-14 9.099130e+03 0.000000e+00
   8980.644905 1.258600e-14 9.120110e+03 0.000000e+00
   9001.350508 1.073400e-14 9.141130e+03 0.000000e+00
   9022.096122 1.093000e-14 9.162200e+03 0.000000e+00
   9042.901752 1.274900e-14 9.183330e+03 0.000000e+00
   9063.737391 1.313300e-14 9.204500e+03 0.000000e+00
   9084.633046 1.222400e-14 9.225710e+03 0.000000e+00
   9105.578714 1.241900e-14 9.246980e+03 0.000000e+00
   9126.574397 1.288100e-14 9.268300e+03 0.000000e+00
   9147.610090 1.147700e-14 9.289660e+03 0.000000e+00
   9168.695798 1.136800e-14 9.311080e+03 0.000000e+00
   9189.831519 1.184500e-14 9.332540e+03 0.000000e+00
   9211.017253 1.223000e-14 9.354060e+03 0.000000e+00
   9232.242999 1.178400e-14 9.375620e+03 0.000000e+00
   9253.528761 1.172600e-14 9.397230e+03 0.000000e+00
   9274.864537 1.196800e-14 9.418900e+03 0.000000e+00
   9296.240324 1.190900e-14 9.440610e+03 0.000000e+00
   9317.676127 1.223900e-14 9.462370e+03 0.000000e+00
   9339.151942 1.220700e-14 9.484180e+03 0.000000e+00
   9360.677770 1.217500e-14 9.506050e+03 0.000000e+00
   9382.263614 1.203200e-14 9.527960e+03 0.000000e+00
   9403.889470 1.186300e-14 9.549930e+03 0.000000e+00
   9425.565339 1.210800e-14 9.571940e+03 0.000000e+00
   9447.301225 1.193800e-14 9.594010e+03 0.000000e+00
   9469.077122 1.207200e-14 9.616120e+03 0.000000e+00
   9490.903032 1.204000e-14 9.638290e+03 0.000000e+00
   9512.778956 1.176300e-14 9.660510e+03 0.000000e+00
   9534.714897 1.157100e-14 9.682780e+03 0.000000e+00
   9556.690848 1.084500e-14 9.705100e+03 0.000000e+00
   9578.716814 1.151000e-14 9.727470e+03 0.000000e+00
   9600.802796 1.185600e-14 9.749900e+03 0.000000e+00
   9622.928788 1.174400e-14 9.772370e+03 0.000000e+00
   9645.114798 1.165900e-14 9.794900e+03 0.000000e+00
   9667.350821 1.160200e-14 9.817480e+03 0.000000e+00
   9689.636857 1.170500e-14 9.840110e+03 0.000000e+00
   9711.972908 1.156700e-14 9.862790e+03 0.000000e+00
   9734.358972 1.148400e-14 9.885530e+03 0.000000e+00
   9756.805052 1.140100e-14 9.908320e+03 0.000000e+00
   9779.291144 1.142400e-14 9.931160e+03 0.000000e+00
   9801.837252 1.128900e-14 9.954050e+03 0.000000e+00
   9824.433374 1.133700e-14 9.977000e+03 0.000000e+00
   9847.079509 1.136000e-14 1.000000e+04 0.000000e+00
   9869.775658 1.127800e-14 1.002305e+04 0.000000e+00
   9892.531824 1.124800e-14 1.004615e+04 0.000000e+00
   9915.328000 1.119300e-14 1.006931e+04 0.000000e+00
   9938.194196 1.124000e-14 1.009253e+04 0.000000e+00
   9961.100403 1.121100e-14 1.011580e+04 0.000000e+00
   9984.066626 1.120700e-14 1.013912e+04 0.000000e+00
  10030.149114 1.086900e-14 1.018591e+04 0.000000e+00
  10076.451662 1.063900e-14 1.023294e+04 0.000000e+00
  10122.964267 1.098000e-14 1.028017e+04 0.000000e+00
  10169.676928 1.087200e-14 1.032761e+04 0.000000e+00
  10216.619651 1.086400e-14 1.037528e+04 0.000000e+00
  10287.438847 1.085300e-14 1.044720e+04 0.000000e+00
  10311.155276 1.077400e-14 1.047129e+04 0.000000e+00
  10502.847245 1.035500e-14 1.066596e+04 0.000000e+00
  10698.110192 9.884100e-15 1.086425e+04 0.000000e+00
  10897.014137 9.309700e-15 1.106624e+04 0.000000e+00
  11099.599090 8.993700e-15 1.127198e+04 0.000000e+00
  11305.955076 8.768700e-15 1.148154e+04 0.000000e+00
  11516.142111 8.668400e-15 1.169499e+04 0.000000e+00
  11703.262894 8.412700e-15 1.188502e+04 0.000000e+00
  11893.424510 8.108400e-15 1.207813e+04 0.000000e+00
  12114.554541 7.923900e-15 1.230269e+04 0.000000e+00
  12311.397985 7.761400e-15 1.250259e+04 0.000000e+00
  12511.442306 7.515100e-15 1.270574e+04 0.000000e+00
  12714.727513 7.310300e-15 1.291219e+04 0.000000e+00
  12891.615556 7.111100e-15 1.309182e+04 0.000000e+00
  13101.082454 6.965300e-15 1.330455e+04 0.000000e+00
  13313.960285 6.744300e-15 1.352073e+04 0.000000e+00
  13499.170605 6.575600e-15 1.370882e+04 0.000000e+00
  13718.520205 6.426000e-15 1.393157e+04 0.000000e+00
  13909.362064 6.207800e-15 1.412538e+04 0.000000e+00
  14102.864651 5.942100e-15 1.432188e+04 0.000000e+00
  14299.047971 5.806800e-15 1.452112e+04 0.000000e+00
  14497.972039 5.780100e-15 1.472313e+04 0.000000e+00
  14699.646859 5.609700e-15 1.492794e+04 0.000000e+00
  14904.142451 5.622600e-15 1.513561e+04 0.000000e+00
  15111.478818 5.596800e-15 1.534617e+04 0.000000e+00
  15321.695973 5.635600e-15 1.555965e+04 0.000000e+00
  15499.124216 5.596800e-15 1.573983e+04 0.000000e+00
  15714.732843 5.444200e-15 1.595879e+04 0.000000e+00
  15896.712330 5.211200e-15 1.614359e+04 0.000000e+00
  16117.852469 5.235200e-15 1.636817e+04 0.000000e+00
  16304.473223 5.211200e-15 1.655770e+04 0.000000e+00
  16493.274573 5.104300e-15 1.674943e+04 0.000000e+00
  16722.726982 5.069200e-15 1.698244e+04 0.000000e+00
  16916.369654 4.976700e-15 1.717909e+04 0.000000e+00
  17112.232932 4.897100e-15 1.737800e+04 0.000000e+00
  17310.386836 4.687500e-15 1.757923e+04 0.000000e+00
  17510.841369 4.559700e-15 1.778279e+04 0.000000e+00
  17713.606532 4.374600e-15 1.798871e+04 0.000000e+00
  17918.732340 4.206700e-15 1.819702e+04 0.000000e+00
  18084.517446 3.998900e-15 1.836538e+04 0.000000e+00
  18293.934425 3.889900e-15 1.857805e+04 0.000000e+00
  18505.772066 3.766500e-15 1.879318e+04 0.000000e+00
  18720.040370 3.580400e-15 1.901077e+04 0.000000e+00
  18893.257505 3.498900e-15 1.918669e+04 0.000000e+00
  19112.037040 3.450900e-15 1.940886e+04 0.000000e+00
  19288.865161 3.349200e-15 1.958844e+04 0.000000e+00
  19512.225947 3.213200e-15 1.981527e+04 0.000000e+00
  19692.785087 3.125600e-15 1.999862e+04 0.000000e+00
  19920.817148 3.033500e-15 2.023020e+04 0.000000e+00
  20105.127311 2.985000e-15 2.041738e+04 0.000000e+00
  20291.167947 2.883600e-15 2.060630e+04 0.000000e+00
  20526.111894 2.850600e-15 2.084490e+04 0.000000e+00
  20716.043592 2.779300e-15 2.103778e+04 0.000000e+00
  20907.735770 2.716000e-15 2.123245e+04 0.000000e+00
  21101.178426 2.672600e-15 2.142890e+04 0.000000e+00
  21296.441578 2.617800e-15 2.162719e+04 0.000000e+00
  21493.495219 2.564100e-15 2.182731e+04 0.000000e+00
  21692.359355 2.477100e-15 2.202926e+04 0.000000e+00
  21893.083997 2.437500e-15 2.223311e+04 0.000000e+00
  22095.649143 2.376500e-15 2.243881e+04 0.000000e+00
  22300.104804 2.311700e-15 2.264644e+04 0.000000e+00
  22506.450981 2.259100e-15 2.285600e+04 0.000000e+00
  22714.687673 2.201400e-15 2.306747e+04 0.000000e+00
  22924.874898 1.986000e-15 2.328092e+04 0.000000e+00
  23083.768159 1.974400e-15 2.344228e+04 0.000000e+00
  23297.376317 1.744600e-15 2.365920e+04 0.000000e+00
  23512.925005 1.640400e-15 2.387810e+04 0.000000e+00
  23730.494244 1.660300e-15 2.409905e+04 0.000000e+00
  23894.999035 1.529700e-15 2.426611e+04 0.000000e+00
  24116.089235 1.475100e-15 2.449063e+04 0.000000e+00
  24283.264755 1.463000e-15 2.466040e+04 0.000000e+00
  24507.935932 1.362900e-15 2.488857e+04 0.000000e+00
  24734.717684 1.344800e-15 2.511887e+04 0.000000e+00
  24906.154367 1.191400e-15 2.529297e+04 0.000000e+00
  25078.811382 1.184300e-15 2.546831e+04 0.000000e+00
  25310.844567 1.187500e-15 2.570395e+04 0.000000e+00
  25486.312350 1.174900e-15 2.588213e+04 0.000000e+00
  25637.133421 1.162400e-15 2.603530e+04 2.000000e+00
  25732.449377 1.136700e-15 2.613210e+04 2.000000e+00
  25827.675309 1.134900e-15 2.622880e+04 2.000000e+00
  25922.991266 1.130500e-15 2.632560e+04 2.000000e+00
  26018.317225 1.166400e-15 2.642240e+04 2.000000e+00
  26113.533155 1.246100e-15 2.651910e+04 2.000000e+00
  26208.849112 1.257600e-15 2.661590e+04 2.000000e+00
  26304.075045 1.219200e-15 2.671260e+04 2.000000e+00
  26399.391003 1.170800e-15 2.680940e+04 2.000000e+00
  26494.716963 1.135000e-15 2.690620e+04 2.000000e+00
  26589.932894 1.123700e-15 2.700290e+04 2.000000e+00
  26685.248851 1.098900e-15 2.709970e+04 2.000000e+00
  26780.574812 1.086500e-15 2.719650e+04 2.000000e+00
  26875.790743 1.054500e-15 2.729320e+04 2.000000e+00
  26971.116704 1.039600e-15 2.739000e+04 2.000000e+00
  27066.332636 1.018300e-15 2.748670e+04 2.000000e+00
  27161.648594 1.012200e-15 2.758350e+04 2.000000e+00
  27256.974556 1.005800e-15 2.768030e+04 2.000000e+00
  27352.190488 1.012000e-15 2.777700e+04 2.000000e+00
  27447.516449 1.008600e-15 2.787380e+04 2.000000e+00
  27542.832409 1.011200e-15 2.797060e+04 2.000000e+00
  27638.058343 1.001800e-15 2.806730e+04 2.000000e+00
  27733.374303 9.942200e-16 2.816410e+04 2.000000e+00
  27828.600238 9.900000e-16 2.826080e+04 2.000000e+00
  27923.916198 9.997700e-16 2.835760e+04 2.000000e+00
  28019.232158 1.004500e-15 2.845440e+04 2.000000e+00
  28114.458093 9.907200e-16 2.855110e+04 2.000000e+00
  28209.774053 9.693000e-16 2.864790e+04 2.000000e+00
  28305.090013 9.611600e-16 2.874470e+04 2.000000e+00
  28400.315949 9.354100e-16 2.884140e+04 2.000000e+00
  28495.641912 9.013100e-16 2.893820e+04 2.000000e+00
  28590.857846 8.734900e-16 2.903490e+04 2.000000e+00
  28686.173806 8.652400e-16 2.913170e+04 2.000000e+00
  28781.489767 8.688100e-16 2.922850e+04 2.000000e+00
  28876.715704 8.692400e-16 2.932520e+04 2.000000e+00
  28972.031665 8.623700e-16 2.942200e+04 2.000000e+00
  29067.357629 8.560700e-16 2.951880e+04 2.000000e+00
  29162.573563 8.495700e-16 2.961550e+04 2.000000e+00
  29257.899527 8.457800e-16 2.971230e+04 2.000000e+00
  29353.115461 8.214600e-16 2.980900e+04 2.000000e+00
  29448.441426 8.053700e-16 2.990580e+04 2.000000e+00
  29543.757387 8.126000e-16 3.000260e+04 2.000000e+00
  29638.973322 8.186500e-16 3.009930e+04 2.000000e+00
  29734.299287 8.256600e-16 3.019610e+04 2.000000e+00
  29829.615249 8.185600e-16 3.029290e+04 2.000000e+00
  29924.841186 8.085300e-16 3.038960e+04 2.000000e+00
  30020.157149 8.088100e-16 3.048640e+04 2.000000e+00
  30115.383087 8.036700e-16 3.058310e+04 2.000000e+00
  30210.699049 7.831000e-16 3.067990e+04 2.000000e+00
  30306.015012 7.576000e-16 3.077670e+04 2.000000e+00
  30401.240950 7.503700e-16 3.087340e+04 2.000000e+00
  30496.556913 7.433900e-16 3.097020e+04 2.000000e+00
  30591.882878 7.410800e-16 3.106700e+04 2.000000e+00
  30687.098814 7.340800e-16 3.116370e+04 2.000000e+00
  30782.414777 7.369900e-16 3.126050e+04 2.000000e+00
  30877.640716 7.254000e-16 3.135720e+04 2.000000e+00
  30972.956679 7.224400e-16 3.145400e+04 2.000000e+00
  31068.282645 7.271500e-16 3.155080e+04 2.000000e+00
  31163.498581 7.348900e-16 3.164750e+04 2.000000e+00
  31258.814545 7.310800e-16 3.174430e+04 2.000000e+00
  31354.140511 7.192300e-16 3.184110e+04 2.000000e+00
  31449.356448 7.114100e-16 3.193780e+04 2.000000e+00
  31544.682414 6.961700e-16 3.203460e+04 2.000000e+00
  31639.898351 6.823400e-16 3.213130e+04 2.000000e+00
  31735.224318 6.753800e-16 3.222810e+04 2.000000e+00
  31830.540282 6.851700e-16 3.232490e+04 2.000000e+00
  31925.766221 7.115500e-16 3.242160e+04 2.000000e+00
  32021.082186 7.398500e-16 3.251840e+04 2.000000e+00
  32116.398150 7.615000e-16 3.261520e+04 2.000000e+00
  32211.624090 7.761100e-16 3.271190e+04 2.000000e+00
  32306.940054 8.202300e-16 3.280870e+04 2.000000e+00
  32402.155992 8.594000e-16 3.290540e+04 2.000000e+00
  32497.481959 9.156200e-16 3.300220e+04 2.000000e+00
  32592.797924 1.003300e-15 3.309900e+04 2.000000e+00
  32688.023864 1.155700e-15 3.319570e+04 2.000000e+00
  32783.339829 1.311100e-15 3.329250e+04 2.000000e+00
  32878.665797 1.406900e-15 3.338930e+04 2.000000e+00
  32973.881735 1.428500e-15 3.348600e+04 2.000000e+00
  33069.207702 1.370600e-15 3.358280e+04 2.000000e+00
  33164.423640 1.214300e-15 3.367950e+04 2.000000e+00
  33259.739606 1.022700e-15 3.377630e+04 2.000000e+00
  33355.065574 8.684900e-16 3.387310e+04 2.000000e+00
  33450.281512 7.769200e-16 3.396980e+04 2.000000e+00
  33545.607480 7.347300e-16 3.406660e+04 2.000000e+00
  33640.923446 7.129000e-16 3.416340e+04 2.000000e+00
  33736.139384 7.068900e-16 3.426010e+04 2.000000e+00
  33831.465353 7.326800e-16 3.435690e+04 2.000000e+00
  33926.681291 7.695000e-16 3.445360e+04 2.000000e+00
  34022.007260 8.062100e-16 3.455040e+04 2.000000e+00
  34117.323226 8.116200e-16 3.464720e+04 2.000000e+00
  34212.539165 7.976900e-16 3.474390e+04 2.000000e+00
  34307.865134 7.676500e-16 3.484070e+04 2.000000e+00
  34403.181100 7.455500e-16 3.493750e+04 2.000000e+00
  34498.407042 7.221600e-16 3.503420e+04 2.000000e+00
  34593.723008 7.214200e-16 3.513100e+04 2.000000e+00
  34688.948950 7.137900e-16 3.522770e+04 2.000000e+00
  34784.264916 6.960500e-16 3.532450e+04 2.000000e+00
  34879.580883 6.553300e-16 3.542130e+04 2.000000e+00
  34974.806825 6.320400e-16 3.551800e+04 2.000000e+00
  35070.122791 6.068600e-16 3.561480e+04 2.000000e+00
  35165.448761 6.105800e-16 3.571160e+04 2.000000e+00
  35260.664700 6.086700e-16 3.580830e+04 2.000000e+00
  35355.980667 5.965300e-16 3.590510e+04 2.000000e+00
  35451.206610 5.820300e-16 3.600180e+04 2.000000e+00
  35546.522577 5.606800e-16 3.609860e+04 2.000000e+00
  35641.848546 5.512900e-16 3.619540e+04 2.000000e+00
  35737.064486 5.429200e-16 3.629210e+04 2.000000e+00
  35832.380453 5.303800e-16 3.638890e+04 2.000000e+00
  35927.706423 5.307500e-16 3.648570e+04 2.000000e+00
  36022.932366 5.244600e-16 3.658240e+04 2.000000e+00
  36118.248333 5.232600e-16 3.667920e+04 2.000000e+00
  36213.464273 5.240400e-16 3.677590e+04 2.000000e+00
  36308.790244 5.323900e-16 3.687270e+04 2.000000e+00
  36404.106211 5.347500e-16 3.696950e+04 2.000000e+00
  36499.332154 5.316700e-16 3.706620e+04 2.000000e+00
  36594.648122 5.194000e-16 3.716300e+04 2.000000e+00
  36689.964089 4.957100e-16 3.725980e+04 2.000000e+00
  36785.190033 4.907700e-16 3.735650e+04 2.000000e+00
  36880.506000 4.847500e-16 3.745330e+04 2.000000e+00
  36975.731944 4.839600e-16 3.755000e+04 2.000000e+00
  37071.047912 4.737700e-16 3.764680e+04 2.000000e+00
  37166.363880 4.742900e-16 3.774360e+04 2.000000e+00
  37261.589823 5.033800e-16 3.784030e+04 2.000000e+00
  37356.905791 5.590600e-16 3.793710e+04 2.000000e+00
  37452.231762 5.695400e-16 3.803390e+04 2.000000e+00
  37547.447703 5.494400e-16 3.813060e+04 2.000000e+00
  37642.773674 4.979700e-16 3.822740e+04 2.000000e+00
  37737.989615 4.734400e-16 3.832410e+04 2.000000e+00
  37833.305583 4.660600e-16 3.842090e+04 2.000000e+00
  37928.631554 4.580500e-16 3.851770e+04 2.000000e+00
  38023.847495 4.665100e-16 3.861440e+04 2.000000e+00
  38119.173467 4.705600e-16 3.871120e+04 2.000000e+00
  38214.489435 4.751900e-16 3.880800e+04 2.000000e+00
  38309.705377 4.684200e-16 3.890470e+04 2.000000e+00
  38405.031348 4.565700e-16 3.900150e+04 2.000000e+00
  38500.247289 4.468900e-16 3.909820e+04 2.000000e+00
  38595.573261 4.438900e-16 3.919500e+04 2.000000e+00
  38690.889230 4.430800e-16 3.929180e+04 2.000000e+00
  38786.115174 4.713600e-16 3.938850e+04 2.000000e+00
  38881.431143 4.687700e-16 3.948530e+04 2.000000e+00
  38976.757114 4.676100e-16 3.958210e+04 2.000000e+00
  39071.973056 4.358000e-16 3.967880e+04 2.000000e+00
  39167.289025 4.267300e-16 3.977560e+04 2.000000e+00
  39262.514970 4.220200e-16 3.987230e+04 2.000000e+00
  39357.830939 4.192300e-16 3.996910e+04 2.000000e+00
  39453.146908 4.246500e-16 4.006590e+04 2.000000e+00
  39548.372853 4.294800e-16 4.016260e+04 2.000000e+00
  39643.688822 4.282600e-16 4.025940e+04 2.000000e+00
  39739.014794 4.321100e-16 4.035620e+04 2.000000e+00
  39834.230736 4.363900e-16 4.045290e+04 2.000000e+00
  39929.546705 4.511600e-16 4.054970e+04 2.000000e+00
  40024.772650 4.598200e-16 4.064640e+04 2.000000e+00
  40120.088620 4.579900e-16 4.074320e+04 2.000000e+00
  40215.414592 4.532900e-16 4.084000e+04 2.000000e+00
  40310.630534 4.752400e-16 4.093670e+04 2.000000e+00
  40405.956506 5.768900e-16 4.103350e+04 2.000000e+00
  40501.272476 6.557900e-16 4.113030e+04 2.000000e+00
  40596.498421 6.488400e-16 4.122700e+04 2.000000e+00
  40691.814391 5.705000e-16 4.132380e+04 2.000000e+00
  40787.030333 4.777900e-16 4.142050e+04 2.000000e+00
  40882.356306 4.241600e-16 4.151730e+04 2.000000e+00
  40977.672276 4.082300e-16 4.161410e+04 2.000000e+00
  41072.898221 4.125300e-16 4.171080e+04 2.000000e+00
  41168.214191 4.166000e-16 4.180760e+04 2.000000e+00
  41263.540164 4.159100e-16 4.190440e+04 2.000000e+00
  41358.756106 4.046100e-16 4.200110e+04 2.000000e+00
  41454.072077 3.932200e-16 4.209790e+04 2.000000e+00
  41549.298022 3.905300e-16 4.219460e+04 2.000000e+00
  41644.613992 3.944900e-16 4.229140e+04 2.000000e+00
  41739.929962 4.098900e-16 4.238820e+04 2.000000e+00
  41835.155908 4.258000e-16 4.248490e+04 2.000000e+00
  41930.481881 4.309000e-16 4.258170e+04 2.000000e+00
  42025.797851 4.310400e-16 4.267850e+04 2.000000e+00
  42121.023797 4.275900e-16 4.277520e+04 2.000000e+00
  42216.339767 4.271000e-16 4.287200e+04 2.000000e+00
  42311.555710 4.179500e-16 4.296870e+04 2.000000e+00
  42406.871681 4.045600e-16 4.306550e+04 2.000000e+00
  42502.197654 3.988400e-16 4.316230e+04 2.000000e+00
  42597.413597 4.036900e-16 4.325900e+04 2.000000e+00
  42692.729568 4.138600e-16 4.335580e+04 2.000000e+00
  42788.055541 4.163600e-16 4.345260e+04 2.000000e+00
  42883.281487 4.151300e-16 4.354930e+04 2.000000e+00
  42978.597458 4.115400e-16 4.364610e+04 2.000000e+00
  43073.823404 4.119000e-16 4.374280e+04 2.000000e+00
  43169.139375 4.065400e-16 4.383960e+04 2.000000e+00
  43264.455345 4.016600e-16 4.393640e+04 2.000000e+00
  43359.671289 3.980000e-16 4.403310e+04 2.000000e+00
  43454.997262 3.948400e-16 4.412990e+04 2.000000e+00
  43550.313233 3.896400e-16 4.422670e+04 2.000000e+00
  43645.539180 3.945700e-16 4.432340e+04 2.000000e+00
  43740.855151 3.969700e-16 4.442020e+04 2.000000e+00
  43836.081097 3.982000e-16 4.451690e+04 2.000000e+00
  43931.397068 4.292600e-16 4.461370e+04 2.000000e+00
  44026.713039 4.560800e-16 4.471050e+04 2.000000e+00
  44121.938985 4.656100e-16 4.480720e+04 2.000000e+00
  44217.254957 4.939100e-16 4.490400e+04 2.000000e+00
  44312.580930 4.920000e-16 4.500080e+04 2.000000e+00
  44407.796874 4.676600e-16 4.509750e+04 2.000000e+00
  44503.122848 4.350300e-16 4.519430e+04 2.000000e+00
  44598.338792 3.995000e-16 4.529100e+04 2.000000e+00
  44693.664766 3.728200e-16 4.538780e+04 2.000000e+00
  44788.980737 3.625400e-16 4.548460e+04 2.000000e+00
  44884.196681 3.572700e-16 4.558130e+04 2.000000e+00
  44979.522655 3.577100e-16 4.567810e+04 2.000000e+00
  45074.838627 3.556700e-16 4.577490e+04 2.000000e+00
  45170.064574 3.459300e-16 4.587160e+04 2.000000e+00
  45265.380545 3.514200e-16 4.596840e+04 2.000000e+00
  45360.606492 3.765900e-16 4.606510e+04 2.000000e+00
  45455.922463 3.960100e-16 4.616190e+04 2.000000e+00
  45551.248438 3.855000e-16 4.625870e+04 2.000000e+00
  45646.464382 3.419600e-16 4.635540e+04 2.000000e+00
  45741.780353 3.260200e-16 4.645220e+04 2.000000e+00
  45837.096325 3.362200e-16 4.654900e+04 2.000000e+00
  45932.322272 3.596600e-16 4.664570e+04 2.000000e+00
  46122.864191 4.259500e-16 4.683920e+04 2.000000e+00
  46218.180163 4.292300e-16 4.693600e+04 2.000000e+00
  46313.506137 3.945800e-16 4.703280e+04 2.000000e+00
  46408.722082 4.184700e-16 4.712950e+04 2.000000e+00
  46504.048056 4.317900e-16 4.722630e+04 2.000000e+00
  46599.364028 4.350600e-16 4.732310e+04 2.000000e+00
  46694.579973 4.318700e-16 4.741980e+04 2.000000e+00
  46789.895944 4.192400e-16 4.751660e+04 2.000000e+00
  46885.121892 4.052900e-16 4.761330e+04 2.000000e+00
  46980.437864 3.898400e-16 4.771010e+04 2.000000e+00
  47075.763838 3.698300e-16 4.780690e+04 2.000000e+00
  47170.989786 3.646000e-16 4.790360e+04 2.000000e+00
  47266.305758 3.560400e-16 4.800040e+04 2.000000e+00
  47361.621730 3.622800e-16 4.809720e+04 2.000000e+00
  47456.847677 3.591400e-16 4.819390e+04 2.000000e+00
  47552.163650 3.595500e-16 4.829070e+04 2.000000e+00
  47647.379594 3.619900e-16 4.838740e+04 2.000000e+00
  47742.705569 3.634200e-16 4.848420e+04 2.000000e+00
  47838.021541 3.510700e-16 4.858100e+04 2.000000e+00
  47933.247489 3.550000e-16 4.867770e+04 2.000000e+00
  48028.563461 3.514200e-16 4.877450e+04 2.000000e+00
  48123.879434 3.509800e-16 4.887130e+04 2.000000e+00
  48219.105381 3.943400e-16 4.896800e+04 2.000000e+00
  48314.421354 4.109300e-16 4.906480e+04 2.000000e+00
  48409.647301 4.177500e-16 4.916150e+04 2.000000e+00
  48504.963274 4.129400e-16 4.925830e+04 2.000000e+00
  48601.269516 3.459500e-16 4.935610e+04 2.000000e+00
  49087.281948 3.479800e-16 4.984966e+04 0.000000e+00
  49578.155706 3.500300e-16 5.034816e+04 0.000000e+00
  50073.940803 3.521000e-16 5.085164e+04 0.000000e+00
  50574.677249 3.541900e-16 5.136016e+04 0.000000e+00
  51080.425062 3.563100e-16 5.187376e+04 0.000000e+00
  51591.224251 3.584400e-16 5.239250e+04 0.000000e+00
  52107.144837 3.605900e-16 5.291642e+04 0.000000e+00
  52541.703253 3.624100e-16 5.335773e+04 3.000000e+00
  52846.806392 3.513300e-16 5.366758e+04 3.000000e+00
  53151.929537 3.823600e-16 5.397744e+04 3.000000e+00
  53457.042680 6.096200e-16 5.428729e+04 3.000000e+00
  53762.155823 3.558800e-16 5.459714e+04 3.000000e+00
  54067.268966 2.349400e-16 5.490700e+04 3.000000e+00
  54372.392112 3.023200e-16 5.521685e+04 3.000000e+00
  54677.495253 3.192200e-16 5.552670e+04 3.000000e+00
  54982.618399 3.945700e-16 5.583656e+04 3.000000e+00
  55287.731543 4.219300e-16 5.614641e+04 3.000000e+00
  55592.854690 2.897300e-16 5.645627e+04 3.000000e+00
  55897.957831 3.968300e-16 5.676612e+04 3.000000e+00
  56203.080978 4.504600e-16 5.707598e+04 3.000000e+00
  56508.194123 5.168800e-16 5.738583e+04 3.000000e+00
  56813.307268 5.314800e-16 5.769568e+04 3.000000e+00
  57118.420412 4.183500e-16 5.800553e+04 3.000000e+00
  57423.543560 5.303200e-16 5.831539e+04 3.000000e+00
  57728.656705 6.022500e-16 5.862525e+04 3.000000e+00
  58033.769850 6.281700e-16 5.893510e+04 3.000000e+00
  58338.882996 5.000900e-16 5.924495e+04 3.000000e+00
  58644.006144 4.452600e-16 5.955481e+04 3.000000e+00
  58949.119290 5.066100e-16 5.986466e+04 3.000000e+00
  59254.222433 4.649300e-16 6.017451e+04 3.000000e+00
  59559.345581 7.096400e-16 6.048437e+04 3.000000e+00
  59864.458727 6.922700e-16 6.079422e+04 3.000000e+00
  60169.571874 7.193600e-16 6.110407e+04 3.000000e+00
  60474.695023 6.914000e-16 6.141393e+04 3.000000e+00
  60779.808169 7.640800e-16 6.172378e+04 3.000000e+00
  61084.911313 8.991800e-16 6.203363e+04 3.000000e+00
  61390.034463 1.222900e-15 6.234349e+04 3.000000e+00
  61695.147609 1.712200e-15 6.265334e+04 3.000000e+00
  62000.260756 2.183400e-15 6.296319e+04 3.000000e+00
  62305.373903 2.079700e-15 6.327305e+04 3.000000e+00
  62610.497053 1.838100e-15 6.358290e+04 3.000000e+00
  62915.610201 1.496400e-15 6.389276e+04 3.000000e+00
  63220.723348 1.276500e-15 6.420261e+04 3.000000e+00
  63525.826493 1.085100e-15 6.451246e+04 3.000000e+00
  63830.959646 9.116300e-16 6.482232e+04 3.000000e+00
  64136.062791 8.456400e-16 6.513217e+04 3.000000e+00
  64441.175939 7.668700e-16 6.544202e+04 3.000000e+00
  64746.299090 6.966300e-16 6.575188e+04 3.000000e+00
  65051.402235 6.237400e-16 6.606173e+04 3.000000e+00
  65356.515383 5.526900e-16 6.637158e+04 3.000000e+00
  65661.648537 5.737600e-16 6.668145e+04 3.000000e+00
  65966.751683 5.672800e-16 6.699129e+04 3.000000e+00
  66271.864831 6.632000e-16 6.730114e+04 3.000000e+00
  66576.987983 6.379100e-16 6.761100e+04 3.000000e+00
  66882.101131 6.258900e-16 6.792085e+04 3.000000e+00
  67187.214280 6.076600e-16 6.823071e+04 3.000000e+00
  67492.327429 5.650300e-16 6.854056e+04 3.000000e+00
  67797.440578 5.831900e-16 6.885041e+04 3.000000e+00
  68102.563730 6.132400e-16 6.916027e+04 3.000000e+00
  68407.666876 5.900400e-16 6.947012e+04 3.000000e+00
  68712.790028 5.288700e-16 6.977998e+04 3.000000e+00
  69017.903177 6.179200e-16 7.008983e+04 3.000000e+00
  69323.016327 6.564400e-16 7.039968e+04 3.000000e+00
  69628.139479 7.184900e-16 7.070954e+04 3.000000e+00
  69933.252629 8.419600e-16 7.101939e+04 3.000000e+00
  70238.365778 7.035400e-16 7.132924e+04 3.000000e+00
  70543.478928 7.951600e-16 7.163910e+04 3.000000e+00
  70848.592078 7.393700e-16 7.194895e+04 3.000000e+00
  71153.715231 7.590600e-16 7.225881e+04 3.000000e+00
  71458.818378 8.101800e-16 7.256866e+04 3.000000e+00
  71763.931528 7.499200e-16 7.287851e+04 3.000000e+00
  72069.064684 8.732900e-16 7.318838e+04 3.000000e+00
  72374.167831 9.861500e-16 7.349822e+04 3.000000e+00
  72679.280981 8.641900e-16 7.380807e+04 3.000000e+00
  72984.404134 9.338800e-16 7.411793e+04 3.000000e+00
  73289.517285 1.047400e-15 7.442778e+04 3.000000e+00
  73594.630435 1.085600e-15 7.473763e+04 3.000000e+00
  73899.743586 1.287600e-15 7.504748e+04 3.000000e+00
  74184.891296 1.269500e-15 7.533706e+04 3.000000e+00
  74204.856737 1.331400e-15 7.535734e+04 3.000000e+00
  74509.979890 1.375900e-15 7.566720e+04 3.000000e+00
  74796.317924 1.642300e-15 7.595799e+04 3.000000e+00
  74815.083038 1.545600e-15 7.597705e+04 3.000000e+00
  75407.774561 1.930600e-15 7.657894e+04 3.000000e+00
  76019.211193 2.033700e-15 7.719988e+04 3.000000e+00
  76630.657828 1.990800e-15 7.782082e+04 3.000000e+00
  77242.104463 1.780300e-15 7.844176e+04 3.000000e+00
  77853.561102 1.762200e-15 7.906271e+04 3.000000e+00
  78464.997734 1.699100e-15 7.968365e+04 3.000000e+00
  79076.444370 1.475800e-15 8.030459e+04 3.000000e+00
  79687.901009 1.239900e-15 8.092554e+04 3.000000e+00
  80299.337643 1.122100e-15 8.154648e+04 3.000000e+00
  80910.784279 9.406600e-16 8.216741e+04 3.000000e+00
  81522.230916 8.454300e-16 8.278836e+04 3.000000e+00
  82133.667550 8.349800e-16 8.340930e+04 3.000000e+00
  82745.124190 8.198500e-16 8.403025e+04 3.000000e+00
  83356.570828 7.806000e-16 8.465119e+04 3.000000e+00
  83968.017465 8.385600e-16 8.527213e+04 3.000000e+00
  84579.454100 8.949600e-16 8.589307e+04 3.000000e+00
  85190.910741 9.715800e-16 8.651402e+04 3.000000e+00
  85802.347377 9.858800e-16 8.713495e+04 3.000000e+00
  86413.794015 9.388800e-16 8.775590e+04 3.000000e+00
  87025.240653 8.142400e-16 8.837684e+04 3.000000e+00
  87636.687292 6.663000e-16 8.899778e+04 3.000000e+00
  88248.123928 5.173900e-16 8.961872e+04 3.000000e+00
  88859.570567 4.486500e-16 9.023966e+04 3.000000e+00
  89471.017206 4.318500e-16 9.086060e+04 3.000000e+00
  90082.473849 4.249400e-16 9.148155e+04 3.000000e+00
  90693.910485 3.269800e-16 9.210249e+04 3.000000e+00
  91305.367128 2.555100e-16 9.272344e+04 3.000000e+00
  91916.813768 2.764600e-16 9.334438e+04 3.000000e+00
  92528.250405 3.014300e-16 9.396532e+04 3.000000e+00
  93139.697045 2.849300e-16 9.458626e+04 3.000000e+00
  93751.133682 2.617100e-16 9.520720e+04 3.000000e+00
  94362.590326 2.498800e-16 9.582815e+04 3.000000e+00
  94974.036966 2.901800e-16 9.644909e+04 3.000000e+00
  95585.473604 2.727300e-16 9.707002e+04 3.000000e+00
  96196.930247 3.179600e-16 9.769098e+04 3.000000e+00
  96808.376888 3.331900e-16 9.831192e+04 3.000000e+00
  97419.823529 2.700300e-16 9.893286e+04 3.000000e+00
  98031.270171 2.438200e-16 9.955380e+04 3.000000e+00
  98642.666798 2.510200e-16 1.001747e+05 3.000000e+00
  99254.163453 2.403400e-16 1.007957e+05 3.000000e+00
  99865.570084 2.303600e-16 1.014166e+05 3.000000e+00
 100477.076742 2.242000e-16 1.020376e+05 3.000000e+00
 101088.483373 2.417300e-16 1.026585e+05 3.000000e+00
 101699.980028 2.198200e-16 1.032795e+05 3.000000e+00
 102311.396662 2.145500e-16 1.039004e+05 3.000000e+00
 102922.793291 2.309200e-16 1.045213e+05 3.000000e+00
 103534.289946 2.421000e-16 1.051423e+05 3.000000e+00
 104145.696578 2.468500e-16 1.057632e+05 3.000000e+00
 104757.203236 3.732200e-16 1.063842e+05 3.000000e+00
 105368.609868 4.449800e-16 1.070051e+05 3.000000e+00
 105980.006497 3.436400e-16 1.076260e+05 3.000000e+00
 106591.513156 3.236900e-16 1.082470e+05 3.000000e+00
 107202.919788 3.091400e-16 1.088679e+05 3.000000e+00
 107814.416444 3.096400e-16 1.094889e+05 3.000000e+00
 108425.823076 3.256000e-16 1.101098e+05 3.000000e+00
 109037.319733 3.561400e-16 1.107308e+05 3.000000e+00
 109648.736368 4.196200e-16 1.113517e+05 3.000000e+00
 110260.132998 4.958000e-16 1.119726e+05 3.000000e+00
 110871.639657 5.523700e-16 1.125936e+05 3.000000e+00
 111483.046290 8.201500e-16 1.132145e+05 3.000000e+00
 112094.542947 1.206300e-15 1.138355e+05 3.000000e+00
 112705.949580 1.265700e-15 1.144564e+05 3.000000e+00
 113317.446237 1.043300e-15 1.150774e+05 3.000000e+00
 113928.852870 8.072200e-16 1.156983e+05 3.000000e+00
 114540.259503 6.341100e-16 1.163192e+05 3.000000e+00
 115151.766163 5.385200e-16 1.169402e+05 3.000000e+00
 115763.172796 4.862100e-16 1.175611e+05 3.000000e+00
 116374.659451 4.334700e-16 1.181821e+05 3.000000e+00
 116986.066084 4.010200e-16 1.188030e+05 3.000000e+00
 117597.572744 3.937600e-16 1.194240e+05 3.000000e+00
 118208.979378 4.159700e-16 1.200449e+05 3.000000e+00
 118820.386011 4.474900e-16 1.206658e+05 3.000000e+00
 119431.892672 4.554000e-16 1.212868e+05 3.000000e+00
 120043.299305 4.479600e-16 1.219077e+05 3.000000e+00
 120654.785961 4.298100e-16 1.225287e+05 3.000000e+00
 121266.192595 4.178800e-16 1.231496e+05 3.000000e+00
 121877.609231 4.151500e-16 1.237705e+05 3.000000e+00
 122489.105889 4.637200e-16 1.243915e+05 3.000000e+00
 123100.512523 4.957400e-16 1.250124e+05 3.000000e+00
 123712.009182 4.846700e-16 1.256334e+05 3.000000e+00
 124323.425818 4.720200e-16 1.262543e+05 3.000000e+00
 124934.912474 4.949600e-16 1.268753e+05 3.000000e+00
 125546.329111 5.342100e-16 1.274962e+05 3.000000e+00
 126157.725742 5.708000e-16 1.281171e+05 3.000000e+00
 126769.232404 6.225900e-16 1.287381e+05 3.000000e+00
 127380.639038 7.218200e-16 1.293590e+05 3.000000e+00
 127992.135697 9.637700e-16 1.299800e+05 3.000000e+00
 128603.542331 8.095500e-16 1.306009e+05 3.000000e+00
 129214.938963 4.665500e-16 1.312218e+05 3.000000e+00
 129826.445625 3.650200e-16 1.318428e+05 3.000000e+00
 130437.852259 3.448800e-16 1.324637e+05 3.000000e+00
 131049.358921 3.419400e-16 1.330847e+05 3.000000e+00
 131660.755553 3.418000e-16 1.337056e+05 3.000000e+00
 132272.252212 3.397200e-16 1.343266e+05 3.000000e+00
 132883.668850 3.233400e-16 1.349475e+05 3.000000e+00
 133495.075485 3.317600e-16 1.355684e+05 3.000000e+00
 134106.582147 3.365800e-16 1.361894e+05 3.000000e+00
 134717.978779 3.353800e-16 1.368103e+05 3.000000e+00
 135329.475438 3.471800e-16 1.374313e+05 3.000000e+00
 135940.892076 3.536200e-16 1.380522e+05 3.000000e+00
 136552.388736 3.451300e-16 1.386732e+05 3.000000e+00
 137163.785368 3.177100e-16 1.392941e+05 3.000000e+00
 137775.192003 3.041500e-16 1.399150e+05 3.000000e+00
 138386.698665 3.119900e-16 1.405360e+05 3.000000e+00
 138998.105301 3.003500e-16 1.411569e+05 3.000000e+00
 139609.591958 3.138400e-16 1.417779e+05 3.000000e+00
 140221.008596 3.057000e-16 1.423988e+05 3.000000e+00
 140832.505256 3.146400e-16 1.430198e+05 3.000000e+00
 141443.921894 2.999200e-16 1.436407e+05 3.000000e+00
 142055.318526 2.934400e-16 1.442616e+05 3.000000e+00
 142666.835192 2.868000e-16 1.448826e+05 3.000000e+00
 143192.958584 2.920700e-16 1.454169e+05 3.000000e+00
 144095.824655 2.909800e-16 1.463338e+05 3.000000e+00
 144998.800756 2.651600e-16 1.472508e+05 3.000000e+00
 145901.686833 2.522800e-16 1.481677e+05 3.000000e+00
 146804.552904 2.656100e-16 1.490846e+05 3.000000e+00
 147707.438981 2.626400e-16 1.500015e+05 3.000000e+00
 148610.415083 2.454200e-16 1.509185e+05 3.000000e+00
 149513.291157 2.701600e-16 1.518354e+05 3.000000e+00
 150416.167232 2.672800e-16 1.527523e+05 3.000000e+00
 151319.143334 2.516700e-16 1.536693e+05 3.000000e+00
 152222.019408 2.675700e-16 1.545862e+05 3.000000e+00
 153124.895483 2.600000e-16 1.555031e+05 3.000000e+00
 154027.771558 2.777600e-16 1.564200e+05 3.000000e+00
 154930.747660 5.113000e-16 1.573370e+05 3.000000e+00
 155833.633737 6.939200e-16 1.582539e+05 3.000000e+00
 156736.499810 4.039700e-16 1.591708e+05 3.000000e+00
 157639.475912 2.848900e-16 1.600878e+05 3.000000e+00
 158542.361990 2.732100e-16 1.610047e+05 3.000000e+00
 159445.228062 2.635700e-16 1.619216e+05 3.000000e+00
 160348.204165 2.875200e-16 1.628386e+05 3.000000e+00
 161251.090243 2.872500e-16 1.637555e+05 3.000000e+00
 162153.956315 2.965500e-16 1.646724e+05 3.000000e+00
 163056.842393 3.109100e-16 1.655893e+05 3.000000e+00
 163959.828499 3.790300e-16 1.665063e+05 3.000000e+00
 164862.684569 3.983500e-16 1.674232e+05 3.000000e+00
 165765.570647 3.661700e-16 1.683401e+05 3.000000e+00
 166668.446723 3.623000e-16 1.692570e+05 3.000000e+00
 167571.422826 3.382500e-16 1.701740e+05 3.000000e+00
 168474.308904 3.451800e-16 1.710909e+05 3.000000e+00
 169377.194983 4.023600e-16 1.720078e+05 3.000000e+00
 170280.171086 5.309400e-16 1.729248e+05 3.000000e+00
 171183.037159 4.638700e-16 1.738417e+05 3.000000e+00
 172085.923238 3.756800e-16 1.747586e+05 3.000000e+00
 172988.899341 3.758800e-16 1.756756e+05 3.000000e+00
 173891.765414 3.849400e-16 1.765925e+05 3.000000e+00
 174794.651493 3.532100e-16 1.775094e+05 3.000000e+00
 175697.517566 3.265200e-16 1.784263e+05 3.000000e+00
 176600.493670 3.447400e-16 1.793433e+05 3.000000e+00
 177503.369746 3.373900e-16 1.802602e+05 3.000000e+00
 178406.245822 3.269500e-16 1.811771e+05 3.000000e+00
 179309.221926 3.317400e-16 1.820941e+05 3.000000e+00
 180212.098002 3.227800e-16 1.830110e+05 3.000000e+00
 181114.974078 3.164300e-16 1.839279e+05 3.000000e+00
 182017.950182 3.016300e-16 1.848449e+05 3.000000e+00
 182920.826259 3.197300e-16 1.857618e+05 3.000000e+00
 183823.712338 3.194000e-16 1.866787e+05 3.000000e+00
 184726.578412 3.284200e-16 1.875956e+05 3.000000e+00
 185629.554515 3.428700e-16 1.885126e+05 3.000000e+00
 186532.440595 5.369700e-16 1.894295e+05 3.000000e+00
 187435.306669 6.768300e-16 1.903464e+05 3.000000e+00
 188338.302778 4.190300e-16 1.912634e+05 3.000000e+00
 189241.178855 3.349400e-16 1.921803e+05 3.000000e+00
 190144.034926 3.443400e-16 1.930972e+05 3.000000e+00
 191046.921006 3.407200e-16 1.940141e+05 3.000000e+00
 191949.907113 3.343800e-16 1.949311e+05 3.000000e+00
 192852.773187 3.053000e-16 1.958480e+05 3.000000e+00
 193755.659266 3.260500e-16 1.967649e+05 3.000000e+00
 194658.635371 3.389000e-16 1.976819e+05 3.000000e+00
 195561.501445 3.230700e-16 1.985988e+05 3.000000e+00
 196464.387525 3.284100e-16 1.995157e+05 3.000000e+00
 197367.273604 3.291500e-16 2.004326e+05 3.000000e+00
 198270.249709 3.307300e-16 2.013496e+05 3.000000e+00
 199173.115783 3.353900e-16 2.022665e+05 3.000000e+00
 200076.001863 3.317400e-16 2.031834e+05 3.000000e+00
 200978.977967 3.519200e-16 2.041004e+05 3.000000e+00
 202408.767654 3.216900e-16 2.055524e+05 3.000000e+00
 204136.908656 3.698800e-16 2.073074e+05 3.000000e+00
 205866.059933 3.518400e-16 2.090634e+05 3.000000e+00
 207596.201480 3.314000e-16 2.108204e+05 3.000000e+00
 209327.203262 3.659700e-16 2.125783e+05 3.000000e+00
 211059.105289 3.644600e-16 2.143371e+05 3.000000e+00
 212791.987584 3.494200e-16 2.160969e+05 3.000000e+00
 214525.780126 3.586200e-16 2.178576e+05 3.000000e+00
 216260.522928 4.017100e-16 2.196193e+05 3.000000e+00
 217996.266003 3.748800e-16 2.213820e+05 3.000000e+00
 219732.889317 3.550000e-16 2.231456e+05 3.000000e+00
 221470.512904 3.703400e-16 2.249102e+05 3.000000e+00
 223209.016731 3.883900e-16 2.266757e+05 3.000000e+00
 224948.480820 3.749700e-16 2.284422e+05 3.000000e+00
 226688.955185 3.601200e-16 2.302097e+05 3.000000e+00
 228430.309789 3.785600e-16 2.319781e+05 3.000000e+00
 230172.654664 3.899900e-16 2.337475e+05 3.000000e+00
 231915.989808 3.929500e-16 2.355179e+05 3.000000e+00
 233660.195190 3.879800e-16 2.372892e+05 3.000000e+00
 235405.490868 3.874800e-16 2.390616e+05 3.000000e+00
 237151.576763 3.941600e-16 2.408348e+05 3.000000e+00
 238898.722946 4.055100e-16 2.426091e+05 3.000000e+00
 240646.889408 4.017600e-16 2.443844e+05 3.000000e+00
 242395.926106 3.987900e-16 2.461606e+05 3.000000e+00
 244145.933070 4.065300e-16 2.479378e+05 3.000000e+00
 245896.940305 4.067400e-16 2.497160e+05 3.000000e+00
 247648.827781 4.081000e-16 2.514951e+05 3.000000e+00
 249401.805554 4.046900e-16 2.532753e+05 3.000000e+00
 251155.673570 4.013900e-16 2.550564e+05 3.000000e+00
 252910.621881 4.030000e-16 2.568386e+05 3.000000e+00
 254666.430425 4.129500e-16 2.586217e+05 3.000000e+00
 256423.269251 4.125400e-16 2.604058e+05 3.000000e+00
 258181.058336 4.337900e-16 2.621909e+05 3.000000e+00
 259939.837691 4.347200e-16 2.639770e+05 3.000000e+00
 261699.597312 4.098200e-16 2.657641e+05 3.000000e+00
 263460.377212 4.053600e-16 2.675522e+05 3.000000e+00
 265222.107372 4.114400e-16 2.693413e+05 3.000000e+00
 266984.827801 4.178400e-16 2.711314e+05 3.000000e+00
 268748.528497 4.163200e-16 2.729225e+05 3.000000e+00
 270513.219463 4.146900e-16 2.747146e+05 3.000000e+00
 272279.010729 4.170500e-16 2.765078e+05 3.000000e+00
 274045.662230 4.167600e-16 2.783019e+05 3.000000e+00
 275813.304000 4.226400e-16 2.800970e+05 3.000000e+00
 277582.026066 4.549000e-16 2.818932e+05 3.000000e+00
 279351.758406 4.227800e-16 2.836904e+05 3.000000e+00
 281122.350981 4.400000e-16 2.854885e+05 3.000000e+00
 282894.023850 4.332600e-16 2.872877e+05 3.000000e+00
 284666.706995 4.257600e-16 2.890879e+05 3.000000e+00
 286440.470435 4.205300e-16 2.908892e+05 3.000000e+00
 288215.194136 4.235800e-16 2.926915e+05 3.000000e+00
 289990.828085 4.016500e-16 2.944947e+05 3.000000e+00
 291767.612348 4.299900e-16 2.962991e+05 3.000000e+00
 293545.316861 4.297900e-16 2.981044e+05 3.000000e+00
 295324.061658 4.253600e-16 2.999108e+05 3.000000e+00
 297103.826734 4.197700e-16 3.017182e+05 3.000000e+00
 298884.572076 4.536300e-16 3.035266e+05 3.000000e+00
 300666.397713 4.284600e-16 3.053361e+05 3.000000e+00
 302449.213620 4.398300e-16 3.071466e+05 3.000000e+00
 304233.009794 4.312100e-16 3.089581e+05 3.000000e+00
 306017.886263 4.349400e-16 3.107707e+05 3.000000e+00
 307803.863031 4.242100e-16 3.125844e+05 3.000000e+00
 309590.800061 4.302900e-16 3.143991e+05 3.000000e+00
 311378.747367 4.249200e-16 3.162148e+05 3.000000e+00
 313167.654934 4.523800e-16 3.180315e+05 3.000000e+00
 314957.752826 4.305200e-16 3.198494e+05 3.000000e+00
 316748.750964 4.400300e-16 3.216682e+05 3.000000e+00
 318540.889412 4.569100e-16 3.234882e+05 3.000000e+00
 320333.938108 4.519900e-16 3.253091e+05 3.000000e+00
 322128.167126 4.532700e-16 3.271312e+05 3.000000e+00
 323923.416422 4.515000e-16 3.289543e+05 3.000000e+00
 325719.575966 4.811800e-16 3.307784e+05 3.000000e+00
 327516.885824 4.741700e-16 3.326036e+05 3.000000e+00
 329315.265973 4.799800e-16 3.344299e+05 3.000000e+00
 331114.696409 4.925700e-16 3.362573e+05 3.000000e+00
 332915.167128 5.486800e-16 3.380857e+05 3.000000e+00
 334716.658125 7.330900e-16 3.399152e+05 3.000000e+00
 336519.159398 5.771900e-16 3.417457e+05 3.000000e+00
 338322.770973 4.505200e-16 3.435773e+05 3.000000e+00
 340127.552868 4.595300e-16 3.454101e+05 3.000000e+00
 341933.204999 4.845400e-16 3.472438e+05 3.000000e+00
 343740.047455 4.860600e-16 3.490787e+05 3.000000e+00
