# An Atlas of Galaxy Spectral Energy Distributions from the Ultraviolet to the Mid-Infrared
# Brown et al. (2014)
# http://dx.doi.org/10.5072/03/529D3551F0117
# 
# Column 1 : Restframe Wavelength (Angstrom)
# Column 2 : Flux per unit wavelength (ergs/s/cm^2/Angstrom)
# Column 3 : Observed wavelength (Angstrom)
# Column 4 : Source (0 = model, 1 = Optical Spectrum, 2 = Akari, 3 = Spitzer IRS)
# 
# CONVERTED air -> vacuum (Morton 2000/SDSS) above 2000 A by sedfit; wavelengths below are unchanged (already vacuum by convention).
    100.100000 7.833300e-22 1.018600e+02 0.000000e+00
    101.960000 1.086300e-21 1.037500e+02 0.000000e+00
    104.100000 1.377000e-21 1.059300e+02 0.000000e+00
    106.030000 1.786300e-21 1.078900e+02 0.000000e+00
    108.000000 2.354800e-21 1.099000e+02 0.000000e+00
    110.010000 3.588800e-21 1.119400e+02 0.000000e+00
    113.880000 5.558300e-21 1.158800e+02 0.000000e+00
    117.880000 8.089900e-21 1.199500e+02 0.000000e+00
    120.900000 2.930500e-20 1.230300e+02 0.000000e+00
    124.860000 4.017400e-20 1.270600e+02 0.000000e+00
    126.890000 4.591400e-20 1.291200e+02 0.000000e+00
    128.070000 4.965300e-20 1.303200e+02 0.000000e+00
    131.050000 5.942200e-20 1.333500e+02 0.000000e+00
    131.960000 7.062300e-20 1.342800e+02 0.000000e+00
    134.100000 7.887600e-20 1.364600e+02 0.000000e+00
    136.910000 1.049400e-19 1.393200e+02 0.000000e+00
    140.100000 1.230100e-19 1.425600e+02 0.000000e+00
    143.030000 3.161900e-19 1.455500e+02 0.000000e+00
    147.040000 7.672700e-19 1.496200e+02 0.000000e+00
    151.160000 8.993800e-19 1.538200e+02 0.000000e+00
    155.040000 1.061600e-18 1.577600e+02 0.000000e+00
    159.020000 1.247200e-18 1.618100e+02 0.000000e+00
    161.970000 1.399400e-18 1.648200e+02 0.000000e+00
    166.130000 1.644200e-18 1.690400e+02 0.000000e+00
    170.000000 1.887800e-18 1.729800e+02 0.000000e+00
    173.160000 2.098700e-18 1.762000e+02 0.000000e+00
    177.190000 2.387500e-18 1.803000e+02 0.000000e+00
    180.070000 2.623900e-18 1.832300e+02 0.000000e+00
    182.150000 2.798600e-18 1.853500e+02 0.000000e+00
    185.970000 3.154600e-18 1.892300e+02 0.000000e+00
    191.180000 3.638700e-18 1.945400e+02 0.000000e+00
    193.840000 3.980600e-18 1.972400e+02 0.000000e+00
    197.900000 4.415200e-18 2.013700e+02 0.000000e+00
    202.040000 4.919800e-18 2.055900e+02 0.000000e+00
    204.850000 5.308200e-18 2.084500e+02 0.000000e+00
    210.110000 5.740400e-18 2.138000e+02 0.000000e+00
    215.990000 6.869800e-18 2.197900e+02 0.000000e+00
    220.010000 7.550000e-18 2.238700e+02 0.000000e+00
    223.070000 7.960600e-18 2.269900e+02 0.000000e+00
    227.220000 8.728600e-18 2.312100e+02 0.000000e+00
    229.850000 1.367600e-17 2.338800e+02 0.000000e+00
    234.120000 2.393000e-17 2.382300e+02 0.000000e+00
    240.130000 3.111300e-17 2.443400e+02 0.000000e+00
    245.720000 3.140100e-17 2.500300e+02 0.000000e+00
    252.020000 3.491000e-17 2.564500e+02 0.000000e+00
    256.710000 3.075700e-17 2.612200e+02 0.000000e+00
    260.280000 3.622000e-17 2.648500e+02 0.000000e+00
    263.900000 3.916900e-17 2.685300e+02 0.000000e+00
    268.810000 4.063900e-17 2.735300e+02 0.000000e+00
    273.800000 4.197100e-17 2.786100e+02 0.000000e+00
    278.890000 4.334600e-17 2.837900e+02 0.000000e+00
    284.080000 4.476600e-17 2.890700e+02 0.000000e+00
    290.030000 4.435500e-17 2.951200e+02 0.000000e+00
    296.100000 4.687500e-17 3.013000e+02 0.000000e+00
    300.910000 4.741800e-17 3.062000e+02 0.000000e+00
    307.920000 4.988200e-17 3.133300e+02 0.000000e+00
    318.010000 5.345000e-17 3.235900e+02 0.000000e+00
    327.670000 5.584000e-17 3.334300e+02 0.000000e+00
    337.630000 5.780200e-17 3.435600e+02 0.000000e+00
    347.890000 5.955900e-17 3.540000e+02 0.000000e+00
    356.810000 6.165200e-17 3.630800e+02 0.000000e+00
    365.970000 6.470600e-17 3.723900e+02 0.000000e+00
    375.350000 6.667200e-17 3.819400e+02 0.000000e+00
    384.980000 6.621300e-17 3.917400e+02 0.000000e+00
    394.860000 7.243400e-17 4.017900e+02 0.000000e+00
    404.990000 7.761500e-17 4.121000e+02 0.000000e+00
    414.420000 8.089900e-17 4.217000e+02 0.000000e+00
    422.120000 8.278400e-17 4.295400e+02 0.000000e+00
    429.970000 8.529900e-17 4.375200e+02 0.000000e+00
    441.000000 9.439400e-17 4.487500e+02 0.000000e+00
    451.270000 1.009100e-16 4.592000e+02 0.000000e+00
    459.660000 1.032600e-16 4.677400e+02 0.000000e+00
    470.370000 1.111600e-16 4.786300e+02 0.000000e+00
    480.220000 1.253000e-16 4.886500e+02 0.000000e+00
    490.280000 1.261700e-16 4.988800e+02 0.000000e+00
    500.540000 1.509900e-16 5.093300e+02 0.000000e+00
    506.340000 1.492600e-16 5.152300e+02 0.000000e+00
    512.200000 2.103500e-16 5.211900e+02 0.000000e+00
    520.520000 2.207700e-16 5.296600e+02 0.000000e+00
    530.200000 2.311800e-16 5.395100e+02 0.000000e+00
    540.060000 2.233300e-16 5.495400e+02 0.000000e+00
    550.100000 2.443100e-16 5.597600e+02 0.000000e+00
    560.330000 3.205900e-16 5.701600e+02 0.000000e+00
    569.430000 3.801400e-16 5.794300e+02 0.000000e+00
    580.020000 4.054600e-16 5.902000e+02 0.000000e+00
    589.440000 4.538800e-16 5.997900e+02 0.000000e+00
    600.400000 4.374700e-16 6.109400e+02 0.000000e+00
    610.160000 4.570300e-16 6.208700e+02 0.000000e+00
    620.070000 6.052600e-16 6.309600e+02 0.000000e+00
    630.140000 6.279800e-16 6.412100e+02 0.000000e+00
    640.380000 7.260100e-16 6.516300e+02 0.000000e+00
    649.290000 7.637400e-16 6.606900e+02 0.000000e+00
    658.330000 7.619800e-16 6.698800e+02 0.000000e+00
    664.420000 8.789100e-16 6.760800e+02 0.000000e+00
    675.210000 9.726300e-16 6.870700e+02 0.000000e+00
    684.610000 9.203300e-16 6.966300e+02 0.000000e+00
    695.730000 1.119300e-15 7.079500e+02 0.000000e+00
    705.410000 1.006800e-15 7.177900e+02 0.000000e+00
    715.220000 1.312000e-15 7.277800e+02 0.000000e+00
    725.170000 1.402600e-15 7.379000e+02 0.000000e+00
    735.260000 1.482300e-15 7.481700e+02 0.000000e+00
    745.490000 1.538000e-15 7.585800e+02 0.000000e+00
    755.860000 1.617900e-15 7.691300e+02 0.000000e+00
    764.610000 1.559400e-15 7.780400e+02 0.000000e+00
    775.250000 1.806900e-15 7.888600e+02 0.000000e+00
    784.220000 1.782200e-15 7.979900e+02 0.000000e+00
    795.130000 1.981300e-15 8.091000e+02 0.000000e+00
    804.340000 2.118100e-15 8.184600e+02 0.000000e+00
    815.530000 2.223000e-15 8.298500e+02 0.000000e+00
    824.970000 2.365600e-15 8.394600e+02 0.000000e+00
    834.530000 2.018100e-15 8.491800e+02 0.000000e+00
    844.190000 2.529000e-15 8.590100e+02 0.000000e+00
    855.930000 2.593900e-15 8.709600e+02 0.000000e+00
    865.850000 2.779400e-15 8.810500e+02 0.000000e+00
    875.870000 2.910400e-15 8.912500e+02 0.000000e+00
    886.010000 3.040500e-15 9.015700e+02 0.000000e+00
    894.210000 3.161900e-15 9.099100e+02 0.000000e+00
    904.570000 3.213300e-15 9.204500e+02 0.000000e+00
    915.040000 3.419400e-15 9.311100e+02 0.000000e+00
    925.640000 1.037400e-14 9.418900e+02 0.000000e+00
    934.200000 1.905200e-14 9.506000e+02 0.000000e+00
    945.020000 3.118500e-14 9.616100e+02 0.000000e+00
    955.960000 4.092100e-14 9.727500e+02 0.000000e+00
    964.810000 4.655300e-14 9.817500e+02 0.000000e+00
    975.980000 1.276300e-14 9.931200e+02 0.000000e+00
    985.010000 4.063900e-14 1.002310e+03 0.000000e+00
    994.120000 4.158600e-14 1.011580e+03 0.000000e+00
   1005.640000 5.674700e-14 1.023290e+03 0.000000e+00
   1014.940000 5.584000e-14 1.032760e+03 0.000000e+00
   1024.330000 2.944100e-14 1.042320e+03 0.000000e+00
   1036.190000 4.405000e-14 1.054390e+03 0.000000e+00
   1045.780000 7.344200e-14 1.064140e+03 0.000000e+00
   1055.460000 7.226800e-14 1.073990e+03 0.000000e+00
   1065.220000 5.969600e-14 1.083930e+03 0.000000e+00
   1075.080000 6.917400e-14 1.093960e+03 0.000000e+00
   1085.030000 5.766900e-14 1.104080e+03 0.000000e+00
   1095.070000 7.276900e-14 1.114290e+03 0.000000e+00
   1105.200000 7.046000e-14 1.124610e+03 0.000000e+00
   1115.430000 6.885700e-14 1.135010e+03 0.000000e+00
   1125.750000 6.222200e-14 1.145510e+03 0.000000e+00
   1136.160000 7.637400e-14 1.156110e+03 0.000000e+00
   1144.040000 7.111200e-14 1.164130e+03 0.000000e+00
   1154.620000 7.429300e-14 1.174900e+03 0.000000e+00
   1165.310000 7.602300e-14 1.185770e+03 0.000000e+00
   1176.090000 5.394400e-14 1.196740e+03 0.000000e+00
   1184.240000 7.395100e-14 1.205040e+03 0.000000e+00
   1195.200000 5.635700e-14 1.216190e+03 0.000000e+00
   1206.260000 4.476600e-14 1.227440e+03 0.000000e+00
   1214.620000 3.213300e-14 1.235950e+03 0.000000e+00
   1225.860000 5.545600e-14 1.247380e+03 0.000000e+00
   1234.360000 7.637400e-14 1.256030e+03 0.000000e+00
   1245.780000 8.240400e-14 1.267650e+03 0.000000e+00
   1254.410000 7.997300e-14 1.276440e+03 0.000000e+00
   1266.020000 7.226800e-14 1.288250e+03 0.000000e+00
   1274.790000 8.809400e-14 1.297180e+03 0.000000e+00
   1283.630000 9.140000e-14 1.306170e+03 0.000000e+00
   1295.510000 7.619800e-14 1.318260e+03 0.000000e+00
   1304.490000 7.584800e-14 1.327390e+03 0.000000e+00
   1313.530000 9.077100e-14 1.336600e+03 0.000000e+00
   1325.690000 8.748700e-14 1.348960e+03 0.000000e+00
   1334.870000 7.997300e-14 1.358310e+03 0.000000e+00
   1344.130000 9.140000e-14 1.367730e+03 0.000000e+00
   1353.440000 8.911400e-14 1.377210e+03 0.000000e+00
   1365.970000 8.164800e-14 1.389950e+03 0.000000e+00
   1375.440000 8.432300e-14 1.399590e+03 0.000000e+00
   1384.970000 8.490700e-14 1.409290e+03 0.000000e+00
   1394.570000 7.160500e-14 1.419060e+03 0.000000e+00
   1404.240000 7.293700e-14 1.428890e+03 0.000000e+00
   1413.970000 8.015800e-14 1.438800e+03 0.000000e+00
   1423.770000 8.089900e-14 1.448770e+03 0.000000e+00
   1433.640000 8.164800e-14 1.458810e+03 0.000000e+00
   1443.580000 8.510300e-14 1.468930e+03 0.000000e+00
   1446.910000 8.589100e-14 1.472310e+03 0.000000e+00
   1453.590000 8.374200e-14 1.479110e+03 0.000000e+00
   1463.660000 7.869500e-14 1.489360e+03 0.000000e+00
   1473.810000 7.887600e-14 1.499690e+03 0.000000e+00
   1484.020000 8.015800e-14 1.510080e+03 0.000000e+00
   1494.310000 8.089900e-14 1.520550e+03 0.000000e+00
   1504.670000 7.725800e-14 1.531090e+03 0.000000e+00
   1511.610000 7.046000e-14 1.538150e+03 0.000000e+00
   1518.590000 7.429300e-14 1.545250e+03 0.000000e+00
   1525.600000 7.276900e-14 1.552390e+03 0.000000e+00
   1536.170000 6.396500e-14 1.563150e+03 0.000000e+00
   1543.260000 6.575800e-14 1.570360e+03 0.000000e+00
   1553.960000 6.337900e-14 1.581250e+03 0.000000e+00
   1564.730000 6.667200e-14 1.592210e+03 0.000000e+00
   1575.580000 7.094900e-14 1.603250e+03 0.000000e+00
   1586.500000 7.361100e-14 1.614360e+03 0.000000e+00
   1593.820000 7.498000e-14 1.621810e+03 0.000000e+00
   1604.870000 7.327300e-14 1.633050e+03 0.000000e+00
   1616.000000 7.310500e-14 1.644370e+03 0.000000e+00
   1623.460000 7.062300e-14 1.651960e+03 0.000000e+00
   1634.710000 7.446400e-14 1.663410e+03 0.000000e+00
   1646.040000 7.515300e-14 1.674940e+03 0.000000e+00
   1653.640000 7.127600e-14 1.682670e+03 0.000000e+00
   1665.100000 7.619800e-14 1.694340e+03 0.000000e+00
   1672.790000 6.917400e-14 1.702160e+03 0.000000e+00
   1676.640000 7.743700e-14 1.706080e+03 0.000000e+00
   1684.380000 7.924000e-14 1.713960e+03 0.000000e+00
   1696.060000 7.532600e-14 1.725840e+03 0.000000e+00
   1703.890000 7.293700e-14 1.733800e+03 0.000000e+00
   1715.700000 6.965400e-14 1.745820e+03 0.000000e+00
   1723.620000 6.901500e-14 1.753880e+03 0.000000e+00
   1735.560000 7.310500e-14 1.766040e+03 0.000000e+00
   1743.570000 7.160500e-14 1.774190e+03 0.000000e+00
   1755.660000 7.515300e-14 1.786490e+03 0.000000e+00
   1763.760000 7.046000e-14 1.794730e+03 0.000000e+00
   1775.990000 7.111200e-14 1.807170e+03 0.000000e+00
   1784.190000 7.243400e-14 1.815520e+03 0.000000e+00
   1796.550000 7.567400e-14 1.828100e+03 0.000000e+00
   1804.850000 7.550000e-14 1.836540e+03 0.000000e+00
   1813.180000 7.046000e-14 1.845020e+03 0.000000e+00
   1825.750000 7.177000e-14 1.857800e+03 0.000000e+00
   1834.170000 6.965400e-14 1.866380e+03 0.000000e+00
   1846.890000 6.485500e-14 1.879320e+03 0.000000e+00
   1855.410000 6.515500e-14 1.887990e+03 0.000000e+00
   1863.980000 6.682600e-14 1.896710e+03 0.000000e+00
   1876.900000 7.062300e-14 1.909850e+03 0.000000e+00
   1885.560000 6.575800e-14 1.918670e+03 0.000000e+00
   1894.260000 6.337900e-14 1.927530e+03 0.000000e+00
   1903.010000 6.682600e-14 1.936420e+03 0.000000e+00
   1916.200000 6.455700e-14 1.949840e+03 0.000000e+00
   1925.040000 6.294300e-14 1.958840e+03 0.000000e+00
   1933.930000 6.500500e-14 1.967890e+03 0.000000e+00
   1942.860000 6.744400e-14 1.976970e+03 0.000000e+00
   1956.320000 6.308800e-14 1.990670e+03 0.000000e+00
   1965.350000 6.806800e-14 1.999860e+03 0.000000e+00
   1974.420000 6.981500e-14 2.009090e+03 0.000000e+00
   1983.540000 6.651900e-14 2.018370e+03 0.000000e+00
   1997.290000 6.485500e-14 2.032360e+03 0.000000e+00
   2007.159223 6.651900e-14 2.041740e+03 0.000000e+00
   2016.420859 6.500500e-14 2.051160e+03 0.000000e+00
   2025.722525 6.728900e-14 2.060630e+03 0.000000e+00
   2035.074220 6.396500e-14 2.070140e+03 0.000000e+00
   2044.465943 6.575800e-14 2.079700e+03 0.000000e+00
   2053.897692 6.108700e-14 2.089300e+03 0.000000e+00
   2063.379470 6.250900e-14 2.098940e+03 0.000000e+00
   2072.901273 6.744400e-14 2.108630e+03 0.000000e+00
   2077.682185 6.440900e-14 2.113490e+03 0.000000e+00
   2087.274027 6.651900e-14 2.123240e+03 0.000000e+00
   2096.905894 6.337900e-14 2.133040e+03 0.000000e+00
   2106.577784 6.396500e-14 2.142890e+03 0.000000e+00
   2116.299700 6.455700e-14 2.152780e+03 0.000000e+00
   2126.071640 6.515500e-14 2.162720e+03 0.000000e+00
   2135.883603 6.193600e-14 2.172700e+03 0.000000e+00
   2145.735589 6.250900e-14 2.182730e+03 0.000000e+00
   2155.647600 6.440900e-14 2.192810e+03 0.000000e+00
   2165.589631 6.265400e-14 2.202930e+03 0.000000e+00
   2175.591688 6.236600e-14 2.213090e+03 0.000000e+00
   2185.623763 6.136800e-14 2.223310e+03 0.000000e+00
   2195.715863 6.352500e-14 2.233570e+03 0.000000e+00
   2205.847983 6.222200e-14 2.243880e+03 0.000000e+00
   2216.030126 5.969600e-14 2.254240e+03 0.000000e+00
   2226.262290 5.847200e-14 2.264640e+03 0.000000e+00
   2236.534475 6.108700e-14 2.275100e+03 0.000000e+00
   2246.856681 5.914900e-14 2.285600e+03 0.000000e+00
   2257.228908 5.714100e-14 2.296150e+03 0.000000e+00
   2267.641155 5.804000e-14 2.306750e+03 0.000000e+00
   2278.113424 5.893600e-14 2.317390e+03 0.000000e+00
   2283.364566 5.986900e-14 2.322740e+03 0.000000e+00
   2293.896864 5.660500e-14 2.333460e+03 0.000000e+00
   2304.489184 5.708200e-14 2.344230e+03 0.000000e+00
   2315.121523 5.509900e-14 2.355050e+03 0.000000e+00
   2325.803882 4.632200e-14 2.365920e+03 0.000000e+00
   2336.546263 5.205100e-14 2.376840e+03 0.000000e+00
   2347.328662 5.082400e-14 2.387810e+03 0.000000e+00
   2358.161082 5.342100e-14 2.398830e+03 0.000000e+00
   2363.592298 5.029500e-14 2.404360e+03 0.000000e+00
   2374.504747 5.107000e-14 2.415460e+03 0.000000e+00
   2385.467217 4.806100e-14 2.426610e+03 0.000000e+00
   2396.469703 5.028300e-14 2.437810e+03 0.000000e+00
   2407.532212 4.875900e-14 2.449060e+03 0.000000e+00
   2413.083473 4.941600e-14 2.454710e+03 0.000000e+00
   2424.226011 5.146300e-14 2.466040e+03 0.000000e+00
   2435.408566 4.978700e-14 2.477420e+03 0.000000e+00
   2446.651143 5.161100e-14 2.488860e+03 0.000000e+00
   2457.943738 5.097500e-14 2.500350e+03 0.000000e+00
   2463.605042 5.048600e-14 2.506110e+03 0.000000e+00
   2474.977666 4.895300e-14 2.517680e+03 0.000000e+00
   2486.400309 4.924900e-14 2.529300e+03 0.000000e+00
   2497.882973 4.508300e-14 2.540970e+03 0.000000e+00
   2503.634310 5.056100e-14 2.546830e+03 0.000000e+00
   2515.187001 4.607100e-14 2.558590e+03 0.000000e+00
   2520.988355 4.723100e-14 2.564480e+03 0.000000e+00
   2526.799712 4.592300e-14 2.570400e+03 0.000000e+00
   2538.462442 4.641300e-14 2.582260e+03 0.000000e+00
   2544.313814 4.565000e-14 2.588210e+03 0.000000e+00
   2556.056572 4.808800e-14 2.600160e+03 0.000000e+00
   2567.859351 4.695000e-14 2.612160e+03 0.000000e+00
   2573.770745 4.869000e-14 2.618180e+03 0.000000e+00
   2585.653552 4.808800e-14 2.630270e+03 0.000000e+00
   2597.586376 4.738300e-14 2.642410e+03 0.000000e+00
   2603.577797 4.607000e-14 2.648500e+03 0.000000e+00
   2615.590650 4.539500e-14 2.660720e+03 0.000000e+00
   2627.663523 4.683800e-14 2.673010e+03 0.000000e+00
   2633.724968 4.812700e-14 2.679170e+03 0.000000e+00
   2645.877868 5.104800e-14 2.691540e+03 0.000000e+00
   2658.090789 5.206700e-14 2.703960e+03 0.000000e+00
   2664.222258 4.790200e-14 2.710190e+03 0.000000e+00
   2676.515206 4.930900e-14 2.722700e+03 0.000000e+00
   2688.868174 4.948900e-14 2.735270e+03 0.000000e+00
   2695.069667 4.712900e-14 2.741570e+03 0.000000e+00
   2707.502662 4.818000e-14 2.754230e+03 0.000000e+00
   2713.744168 4.598900e-14 2.760580e+03 0.000000e+00
   2726.267194 4.552200e-14 2.773320e+03 0.000000e+00
   2738.850239 4.707500e-14 2.786120e+03 0.000000e+00
   2745.171771 4.232200e-14 2.792540e+03 0.000000e+00
   2757.834843 4.306600e-14 2.805430e+03 0.000000e+00
   2764.196388 4.435200e-14 2.811900e+03 0.000000e+00
   2776.949490 4.565300e-14 2.824880e+03 0.000000e+00
   2783.351049 4.337600e-14 2.831390e+03 0.000000e+00
   2796.204182 3.705100e-14 2.844460e+03 0.000000e+00
   2802.645754 3.886700e-14 2.851020e+03 0.000000e+00
   2815.578914 4.468200e-14 2.864180e+03 0.000000e+00
   2828.582097 4.641800e-14 2.877400e+03 0.000000e+00
   2835.093692 4.481800e-14 2.884030e+03 0.000000e+00
   2848.186903 4.355100e-14 2.897340e+03 0.000000e+00
   2854.748514 4.176100e-14 2.904020e+03 0.000000e+00
   2867.921752 4.532300e-14 2.917430e+03 0.000000e+00
   2874.533379 4.571800e-14 2.924150e+03 0.000000e+00
   2887.806648 4.525000e-14 2.937650e+03 0.000000e+00
   2894.458288 4.543500e-14 2.944420e+03 0.000000e+00
   2907.821586 4.852000e-14 2.958010e+03 0.000000e+00
   2927.976569 4.658200e-14 2.978520e+03 0.000000e+00
   2948.271596 4.555200e-14 2.999160e+03 0.000000e+00
   2968.706667 4.589800e-14 3.019950e+03 0.000000e+00
   2989.281782 4.571600e-14 3.040890e+03 0.000000e+00
   3010.006944 4.574500e-14 3.061960e+03 0.000000e+00
   3030.862148 4.566700e-14 3.083190e+03 0.000000e+00
   3051.877400 4.558900e-14 3.104560e+03 0.000000e+00
   3073.022694 4.561600e-14 3.126080e+03 0.000000e+00
   3094.328036 4.543200e-14 3.147750e+03 0.000000e+00
   3108.611623 4.569400e-14 3.162280e+03 0.000000e+00
   3130.157039 4.467800e-14 3.184200e+03 0.000000e+00
   3151.852502 4.449600e-14 3.206270e+03 0.000000e+00
   3173.698011 4.472400e-14 3.228490e+03 0.000000e+00
   3188.351711 4.246400e-14 3.243400e+03 0.000000e+00
   3210.447296 4.357400e-14 3.265880e+03 0.000000e+00
   3232.702929 4.144100e-14 3.288520e+03 0.000000e+00
   3247.626711 4.424800e-14 3.303700e+03 0.000000e+00
   3270.132421 4.561300e-14 3.326600e+03 0.000000e+00
   3292.798179 4.510900e-14 3.349660e+03 0.000000e+00
   3308.002045 4.443400e-14 3.365120e+03 0.000000e+00
   3323.265930 4.448000e-14 3.380650e+03 0.000000e+00
   3330.927882 4.548700e-14 3.388440e+03 0.000000e+00
   3338.609839 4.452600e-14 3.396250e+03 0.000000e+00
   3346.301799 4.388700e-14 3.404080e+03 0.000000e+00
   3354.013766 4.276200e-14 3.411930e+03 0.000000e+00
   3361.745738 4.413400e-14 3.419790e+03 0.000000e+00
   3369.497717 4.390300e-14 3.427680e+03 0.000000e+00
   3377.269701 4.029100e-14 3.435580e+03 0.000000e+00
   3385.051688 4.148900e-14 3.443500e+03 0.000000e+00
   3392.853682 4.432500e-14 3.451440e+03 0.000000e+00
   3400.675681 4.543200e-14 3.459390e+03 0.000000e+00
   3408.517686 4.276400e-14 3.467370e+03 0.000000e+00
   3416.369695 4.313100e-14 3.475360e+03 0.000000e+00
   3424.241709 4.576200e-14 3.483370e+03 0.000000e+00
   3432.143732 4.531200e-14 3.491400e+03 0.000000e+00
   3440.045755 4.486700e-14 3.499450e+03 0.000000e+00
   3447.977787 4.051700e-14 3.507520e+03 0.000000e+00
   3455.929825 4.348600e-14 3.515600e+03 0.000000e+00
   3463.891866 4.046300e-14 3.523710e+03 0.000000e+00
   3471.883916 4.224400e-14 3.531830e+03 0.000000e+00
   3479.885969 3.939800e-14 3.539970e+03 0.000000e+00
   3487.908028 4.122700e-14 3.548130e+03 0.000000e+00
   3495.950092 4.072700e-14 3.556310e+03 0.000000e+00
   3504.002160 4.311100e-14 3.564510e+03 0.000000e+00
   3512.084237 4.229500e-14 3.572730e+03 0.000000e+00
   3520.176317 4.236400e-14 3.580960e+03 0.000000e+00
   3528.288402 3.978300e-14 3.589220e+03 0.000000e+00
   3536.430496 4.259900e-14 3.597490e+03 0.000000e+00
   3544.572591 4.457600e-14 3.605790e+03 0.000000e+00
   3552.744694 4.434000e-14 3.614100e+03 0.000000e+00
   3560.936803 4.320100e-14 3.622430e+03 0.000000e+00
   3569.148918 4.038200e-14 3.630780e+03 0.000000e+00
   3577.371036 3.925400e-14 3.639150e+03 0.000000e+00
   3585.623163 3.694700e-14 3.647540e+03 0.000000e+00
   3593.885292 3.786900e-14 3.655950e+03 0.000000e+00
   3602.167428 4.295100e-14 3.664370e+03 0.000000e+00
   3607.448790 3.951500e-14 3.669750e+03 1.000000e+00
   3610.159490 4.383000e-14 3.672500e+03 1.000000e+00
   3612.860186 3.927800e-14 3.675250e+03 1.000000e+00
   3615.560883 3.973800e-14 3.678000e+03 1.000000e+00
   3618.261580 3.209700e-14 3.680750e+03 1.000000e+00
   3620.972280 3.830200e-14 3.683500e+03 1.000000e+00
   3623.672977 4.470400e-14 3.686250e+03 1.000000e+00
   3626.373674 4.283400e-14 3.689000e+03 1.000000e+00
   3629.084374 4.711400e-14 3.691750e+03 1.000000e+00
   3631.785071 4.718500e-14 3.694500e+03 1.000000e+00
   3634.485768 4.674300e-14 3.697250e+03 1.000000e+00
   3637.186466 3.817200e-14 3.700000e+03 1.000000e+00
   3639.897166 4.094200e-14 3.702750e+03 1.000000e+00
   3642.597863 4.132200e-14 3.705500e+03 1.000000e+00
   3645.298561 4.417100e-14 3.708250e+03 1.000000e+00
   3647.999259 3.991700e-14 3.711000e+03 1.000000e+00
   3650.709959 3.772900e-14 3.713750e+03 1.000000e+00
   3653.410657 4.296800e-14 3.716500e+03 1.000000e+00
   3656.111355 3.634000e-14 3.719250e+03 1.000000e+00
   3658.812053 4.649300e-14 3.722000e+03 1.000000e+00
   3661.522754 4.447100e-14 3.724750e+03 1.000000e+00
   3664.223452 4.637000e-14 3.727500e+03 1.000000e+00
   3666.924150 3.961900e-14 3.730250e+03 1.000000e+00
   3669.624848 4.473700e-14 3.733000e+03 1.000000e+00
   3672.335549 4.245600e-14 3.735750e+03 1.000000e+00
   3675.036247 4.504000e-14 3.738500e+03 1.000000e+00
   3677.736946 4.413200e-14 3.741250e+03 1.000000e+00
   3680.437644 4.007500e-14 3.744000e+03 1.000000e+00
   3683.148346 3.516700e-14 3.746750e+03 1.000000e+00
   3685.849044 3.925000e-14 3.749500e+03 1.000000e+00
   3688.549743 4.227300e-14 3.752250e+03 1.000000e+00
   3691.250442 4.019200e-14 3.755000e+03 1.000000e+00
   3693.961143 4.423600e-14 3.757750e+03 1.000000e+00
   3696.661842 4.425400e-14 3.760500e+03 1.000000e+00
   3699.362541 4.336500e-14 3.763250e+03 1.000000e+00
   3702.063240 4.496800e-14 3.766000e+03 1.000000e+00
   3704.773942 4.191900e-14 3.768750e+03 1.000000e+00
   3707.474641 4.714100e-14 3.771500e+03 1.000000e+00
   3710.175340 4.505800e-14 3.774250e+03 1.000000e+00
   3712.876040 4.516300e-14 3.777000e+03 1.000000e+00
   3715.586742 5.066100e-14 3.779750e+03 1.000000e+00
   3718.287441 6.779000e-14 3.782500e+03 1.000000e+00
   3720.988141 9.336300e-14 3.785250e+03 1.000000e+00
   3723.688840 1.401000e-13 3.788000e+03 1.000000e+00
   3726.399542 1.839400e-13 3.790750e+03 1.000000e+00
   3729.100242 1.958900e-13 3.793500e+03 1.000000e+00
   3731.800942 1.641400e-13 3.796250e+03 1.000000e+00
   3734.501642 1.123100e-13 3.799000e+03 1.000000e+00
   3737.212344 7.160000e-14 3.801750e+03 1.000000e+00
   3739.913044 5.648900e-14 3.804500e+03 1.000000e+00
   3742.613744 5.092800e-14 3.807250e+03 1.000000e+00
   3745.314444 4.640800e-14 3.810000e+03 1.000000e+00
   3748.025147 4.554700e-14 3.812750e+03 1.000000e+00
   3750.725847 4.505000e-14 3.815500e+03 1.000000e+00
   3753.426548 4.443100e-14 3.818250e+03 1.000000e+00
   3756.127248 5.009500e-14 3.821000e+03 1.000000e+00
   3758.837951 6.388900e-14 3.823750e+03 1.000000e+00
   3761.538651 7.241800e-14 3.826500e+03 1.000000e+00
   3764.239352 7.908900e-14 3.829250e+03 1.000000e+00
   3766.950055 7.734600e-14 3.832000e+03 1.000000e+00
   3769.650756 6.671600e-14 3.834750e+03 1.000000e+00
   3772.351457 5.308800e-14 3.837500e+03 1.000000e+00
   3775.052157 4.866700e-14 3.840250e+03 1.000000e+00
   3777.762861 5.235200e-14 3.843000e+03 1.000000e+00
   3780.463562 5.592600e-14 3.845750e+03 1.000000e+00
   3783.164263 5.452300e-14 3.848500e+03 1.000000e+00
   3785.864964 5.653300e-14 3.851250e+03 1.000000e+00
   3788.575667 5.435300e-14 3.854000e+03 1.000000e+00
   3791.276368 5.079500e-14 3.856750e+03 1.000000e+00
   3793.977070 4.952300e-14 3.859500e+03 1.000000e+00
   3796.677771 4.589400e-14 3.862250e+03 1.000000e+00
   3799.388475 4.531000e-14 3.865000e+03 1.000000e+00
   3802.089176 4.893800e-14 3.867750e+03 1.000000e+00
   3804.789878 5.020000e-14 3.870500e+03 1.000000e+00
   3807.490579 5.256500e-14 3.873250e+03 1.000000e+00
   3810.201283 5.481900e-14 3.876000e+03 1.000000e+00
   3812.901985 5.684200e-14 3.878750e+03 1.000000e+00
   3815.602687 5.910200e-14 3.881500e+03 1.000000e+00
   3818.303388 5.467900e-14 3.884250e+03 1.000000e+00
   3821.014093 5.399100e-14 3.887000e+03 1.000000e+00
   3823.714795 5.139900e-14 3.889750e+03 1.000000e+00
   3826.415496 5.166500e-14 3.892500e+03 1.000000e+00
   3829.116198 4.726300e-14 3.895250e+03 1.000000e+00
   3831.826903 4.562700e-14 3.898000e+03 1.000000e+00
   3834.527605 4.228500e-14 3.900750e+03 1.000000e+00
   3837.228307 4.275000e-14 3.903500e+03 1.000000e+00
   3839.929009 4.365100e-14 3.906250e+03 1.000000e+00
   3842.639714 4.713300e-14 3.909000e+03 1.000000e+00
   3845.340417 4.969100e-14 3.911750e+03 1.000000e+00
   3848.041119 5.291700e-14 3.914500e+03 1.000000e+00
   3850.741821 5.903900e-14 3.917250e+03 1.000000e+00
   3853.452526 5.929400e-14 3.920000e+03 1.000000e+00
   3856.153229 6.008500e-14 3.922750e+03 1.000000e+00
   3858.853932 6.288600e-14 3.925500e+03 1.000000e+00
   3861.554634 6.351000e-14 3.928250e+03 1.000000e+00
   3864.265340 6.266900e-14 3.931000e+03 1.000000e+00
   3866.966042 6.597100e-14 3.933750e+03 1.000000e+00
   3869.666745 6.594500e-14 3.936500e+03 1.000000e+00
   3872.367448 6.453800e-14 3.939250e+03 1.000000e+00
   3875.078154 6.238200e-14 3.942000e+03 1.000000e+00
   3877.778857 5.986200e-14 3.944750e+03 1.000000e+00
   3880.479560 5.542900e-14 3.947500e+03 1.000000e+00
   3883.180263 5.417600e-14 3.950250e+03 1.000000e+00
   3885.890968 5.454600e-14 3.953000e+03 1.000000e+00
   3888.591672 5.444700e-14 3.955750e+03 1.000000e+00
   3891.292375 5.208500e-14 3.958500e+03 1.000000e+00
   3893.993078 5.291800e-14 3.961250e+03 1.000000e+00
   3896.703784 5.339400e-14 3.964000e+03 1.000000e+00
   3899.404488 5.812100e-14 3.966750e+03 1.000000e+00
   3902.105191 5.806100e-14 3.969500e+03 1.000000e+00
   3904.805895 6.115300e-14 3.972250e+03 1.000000e+00
   3907.516601 6.366800e-14 3.975000e+03 1.000000e+00
   3910.217304 6.642900e-14 3.977750e+03 1.000000e+00
   3912.918008 6.722500e-14 3.980500e+03 1.000000e+00
   3915.628714 6.729800e-14 3.983250e+03 1.000000e+00
   3918.329418 6.543800e-14 3.986000e+03 1.000000e+00
   3921.030122 6.354000e-14 3.988750e+03 1.000000e+00
   3923.730826 6.344600e-14 3.991500e+03 1.000000e+00
   3926.441533 6.198000e-14 3.994250e+03 1.000000e+00
   3929.142237 5.687700e-14 3.997000e+03 1.000000e+00
   3931.842941 5.289600e-14 3.999750e+03 1.000000e+00
   3934.543645 5.104200e-14 4.002500e+03 1.000000e+00
   3937.254351 5.193700e-14 4.005250e+03 1.000000e+00
   3939.955056 5.463400e-14 4.008000e+03 1.000000e+00
   3942.655760 5.874700e-14 4.010750e+03 1.000000e+00
   3945.356464 6.285300e-14 4.013500e+03 1.000000e+00
   3948.067171 6.171900e-14 4.016250e+03 1.000000e+00
   3950.767876 6.307200e-14 4.019000e+03 1.000000e+00
   3953.468580 6.700200e-14 4.021750e+03 1.000000e+00
   3956.169285 6.596800e-14 4.024500e+03 1.000000e+00
   3958.879992 5.999500e-14 4.027250e+03 1.000000e+00
   3961.580697 5.856900e-14 4.030000e+03 1.000000e+00
   3964.281401 5.552900e-14 4.032750e+03 1.000000e+00
   3966.982106 5.224900e-14 4.035500e+03 1.000000e+00
   3969.692813 4.944300e-14 4.038250e+03 1.000000e+00
   3972.393518 4.776000e-14 4.041000e+03 1.000000e+00
   3975.094223 4.936400e-14 4.043750e+03 1.000000e+00
   3977.794928 5.414800e-14 4.046500e+03 1.000000e+00
   3980.505636 5.679600e-14 4.049250e+03 1.000000e+00
   3983.206341 6.468600e-14 4.052000e+03 1.000000e+00
   3985.907046 6.839300e-14 4.054750e+03 1.000000e+00
   3988.607751 7.087600e-14 4.057500e+03 1.000000e+00
   3991.318459 7.087100e-14 4.060250e+03 1.000000e+00
   3994.019164 7.171800e-14 4.063000e+03 1.000000e+00
   3996.719869 7.261200e-14 4.065750e+03 1.000000e+00
   3999.420574 7.333600e-14 4.068500e+03 1.000000e+00
   4002.131282 7.273500e-14 4.071250e+03 1.000000e+00
   4004.831988 7.535400e-14 4.074000e+03 1.000000e+00
   4007.532693 7.195600e-14 4.076750e+03 1.000000e+00
   4010.233399 7.232900e-14 4.079500e+03 1.000000e+00
   4012.944107 7.411800e-14 4.082250e+03 1.000000e+00
   4015.644813 7.507600e-14 4.085000e+03 1.000000e+00
   4018.345518 7.398600e-14 4.087750e+03 1.000000e+00
   4021.046224 7.509000e-14 4.090500e+03 1.000000e+00
   4023.756932 7.620000e-14 4.093250e+03 1.000000e+00
   4026.457638 7.312400e-14 4.096000e+03 1.000000e+00
   4029.158344 7.579200e-14 4.098750e+03 1.000000e+00
   4031.859050 7.415000e-14 4.101500e+03 1.000000e+00
   4034.569759 7.463200e-14 4.104250e+03 1.000000e+00
   4037.270465 7.581800e-14 4.107000e+03 1.000000e+00
   4039.971171 7.447300e-14 4.109750e+03 1.000000e+00
   4042.671877 7.248400e-14 4.112500e+03 1.000000e+00
   4045.382585 7.347000e-14 4.115250e+03 1.000000e+00
   4048.083292 7.191700e-14 4.118000e+03 1.000000e+00
   4050.783998 7.857700e-14 4.120750e+03 1.000000e+00
   4053.484704 7.669000e-14 4.123500e+03 1.000000e+00
   4056.195413 7.668600e-14 4.126250e+03 1.000000e+00
   4058.896120 7.695400e-14 4.129000e+03 1.000000e+00
   4061.596826 7.798200e-14 4.131750e+03 1.000000e+00
   4064.307535 7.575300e-14 4.134500e+03 1.000000e+00
   4067.008242 8.057000e-14 4.137250e+03 1.000000e+00
   4069.708948 7.957300e-14 4.140000e+03 1.000000e+00
   4072.409655 7.940000e-14 4.142750e+03 1.000000e+00
   4075.120364 7.569000e-14 4.145500e+03 1.000000e+00
   4077.821071 7.647600e-14 4.148250e+03 1.000000e+00
   4080.521778 7.180800e-14 4.151000e+03 1.000000e+00
   4083.222484 7.370800e-14 4.153750e+03 1.000000e+00
   4085.933194 7.182700e-14 4.156500e+03 1.000000e+00
   4088.633901 7.263800e-14 4.159250e+03 1.000000e+00
   4091.334608 6.847300e-14 4.162000e+03 1.000000e+00
   4094.035315 6.697500e-14 4.164750e+03 1.000000e+00
   4096.746024 6.440900e-14 4.167500e+03 1.000000e+00
   4099.446731 6.450400e-14 4.170250e+03 1.000000e+00
   4102.147438 6.230600e-14 4.173000e+03 1.000000e+00
   4104.848146 6.328400e-14 4.175750e+03 1.000000e+00
   4107.558855 6.457800e-14 4.178500e+03 1.000000e+00
   4110.259563 6.221700e-14 4.181250e+03 1.000000e+00
   4112.960270 6.285900e-14 4.184000e+03 1.000000e+00
   4115.660977 6.888300e-14 4.186750e+03 1.000000e+00
   4118.371687 6.763400e-14 4.189500e+03 1.000000e+00
   4121.072395 7.075900e-14 4.192250e+03 1.000000e+00
   4123.773102 6.896200e-14 4.195000e+03 1.000000e+00
   4126.473810 7.178700e-14 4.197750e+03 1.000000e+00
   4129.184520 7.633800e-14 4.200500e+03 1.000000e+00
   4131.885227 7.158400e-14 4.203250e+03 1.000000e+00
   4134.585935 7.148100e-14 4.206000e+03 1.000000e+00
   4137.286643 7.033600e-14 4.208750e+03 1.000000e+00
   4139.997353 7.444200e-14 4.211500e+03 1.000000e+00
   4142.698061 7.072200e-14 4.214250e+03 1.000000e+00
   4145.398769 6.904800e-14 4.217000e+03 1.000000e+00
   4148.099477 7.132200e-14 4.219750e+03 1.000000e+00
   4150.810187 6.763600e-14 4.222500e+03 1.000000e+00
   4153.510895 6.682700e-14 4.225250e+03 1.000000e+00
   4156.211603 7.036300e-14 4.228000e+03 1.000000e+00
   4158.912311 6.833200e-14 4.230750e+03 1.000000e+00
   4161.623022 6.903700e-14 4.233500e+03 1.000000e+00
   4164.323730 6.922900e-14 4.236250e+03 1.000000e+00
   4167.024438 7.072400e-14 4.239000e+03 1.000000e+00
   4169.725146 6.704800e-14 4.241750e+03 1.000000e+00
   4172.435857 6.687600e-14 4.244500e+03 1.000000e+00
   4175.136565 6.709300e-14 4.247250e+03 1.000000e+00
   4177.837274 6.987100e-14 4.250000e+03 1.000000e+00
   4180.537982 6.901200e-14 4.252750e+03 1.000000e+00
   4183.248693 6.834900e-14 4.255500e+03 1.000000e+00
   4185.949402 7.101100e-14 4.258250e+03 1.000000e+00
   4188.650110 6.873500e-14 4.261000e+03 1.000000e+00
   4191.350819 6.939700e-14 4.263750e+03 1.000000e+00
   4194.061530 6.618600e-14 4.266500e+03 1.000000e+00
   4196.762238 6.651500e-14 4.269250e+03 1.000000e+00
   4199.462947 6.717500e-14 4.272000e+03 1.000000e+00
   4202.163656 6.976800e-14 4.274750e+03 1.000000e+00
   4204.874367 6.798800e-14 4.277500e+03 1.000000e+00
   4207.575076 7.147200e-14 4.280250e+03 1.000000e+00
   4210.275785 7.050600e-14 4.283000e+03 1.000000e+00
   4212.986496 6.991000e-14 4.285750e+03 1.000000e+00
   4215.687205 7.170900e-14 4.288500e+03 1.000000e+00
   4218.387914 7.099600e-14 4.291250e+03 1.000000e+00
   4221.088623 7.029700e-14 4.294000e+03 1.000000e+00
   4223.799335 6.776500e-14 4.296750e+03 1.000000e+00
   4226.500044 6.736500e-14 4.299500e+03 1.000000e+00
   4229.200753 6.877500e-14 4.302250e+03 1.000000e+00
   4231.901462 6.854800e-14 4.305000e+03 1.000000e+00
   4234.612174 6.972800e-14 4.307750e+03 1.000000e+00
   4237.312883 7.079900e-14 4.310500e+03 1.000000e+00
   4240.013592 7.240000e-14 4.313250e+03 1.000000e+00
   4242.714302 7.131700e-14 4.316000e+03 1.000000e+00
   4245.425014 7.243400e-14 4.318750e+03 1.000000e+00
   4248.125723 7.267100e-14 4.321500e+03 1.000000e+00
   4250.826432 7.231100e-14 4.324250e+03 1.000000e+00
   4253.527142 7.004500e-14 4.327000e+03 1.000000e+00
   4256.237854 7.033200e-14 4.329750e+03 1.000000e+00
   4258.938564 7.134600e-14 4.332500e+03 1.000000e+00
   4261.639273 7.139400e-14 4.335250e+03 1.000000e+00
   4264.339983 7.300500e-14 4.338000e+03 1.000000e+00
   4267.050695 7.239200e-14 4.340750e+03 1.000000e+00
   4269.751405 7.229300e-14 4.343500e+03 1.000000e+00
   4272.452114 7.266600e-14 4.346250e+03 1.000000e+00
   4275.152824 7.108500e-14 4.349000e+03 1.000000e+00
   4277.863537 7.077600e-14 4.351750e+03 1.000000e+00
   4280.564247 7.051200e-14 4.354500e+03 1.000000e+00
   4283.264956 7.110100e-14 4.357250e+03 1.000000e+00
   4285.965666 7.291900e-14 4.360000e+03 1.000000e+00
   4288.676379 7.046700e-14 4.362750e+03 1.000000e+00
   4291.377089 6.890100e-14 4.365500e+03 1.000000e+00
   4294.077799 6.724400e-14 4.368250e+03 1.000000e+00
   4296.778509 6.547300e-14 4.371000e+03 1.000000e+00
   4299.489222 6.426400e-14 4.373750e+03 1.000000e+00
   4302.189932 6.213000e-14 4.376500e+03 1.000000e+00
   4304.890642 6.185200e-14 4.379250e+03 1.000000e+00
   4307.591352 6.345300e-14 4.382000e+03 1.000000e+00
   4310.302065 6.493900e-14 4.384750e+03 1.000000e+00
   4313.002776 6.583500e-14 4.387500e+03 1.000000e+00
   4315.703486 6.928400e-14 4.390250e+03 1.000000e+00
   4318.404196 7.118900e-14 4.393000e+03 1.000000e+00
   4321.114909 7.110700e-14 4.395750e+03 1.000000e+00
   4323.815620 7.233000e-14 4.398500e+03 1.000000e+00
   4326.516330 7.122400e-14 4.401250e+03 1.000000e+00
   4329.217041 7.083900e-14 4.404000e+03 1.000000e+00
   4331.927754 7.164300e-14 4.406750e+03 1.000000e+00
   4334.628465 7.299100e-14 4.409500e+03 1.000000e+00
   4337.329175 7.571300e-14 4.412250e+03 1.000000e+00
   4340.029886 7.642600e-14 4.415000e+03 1.000000e+00
   4342.740599 7.598200e-14 4.417750e+03 1.000000e+00
   4345.441310 7.197700e-14 4.420500e+03 1.000000e+00
   4348.142021 6.957000e-14 4.423250e+03 1.000000e+00
   4350.842732 7.108400e-14 4.426000e+03 1.000000e+00
   4353.553445 7.060500e-14 4.428750e+03 1.000000e+00
   4356.254156 7.203900e-14 4.431500e+03 1.000000e+00
   4358.954867 7.296500e-14 4.434250e+03 1.000000e+00
   4361.665581 7.413800e-14 4.437000e+03 1.000000e+00
   4364.366292 7.517500e-14 4.439750e+03 1.000000e+00
   4367.067003 7.517900e-14 4.442500e+03 1.000000e+00
   4369.767714 7.569900e-14 4.445250e+03 1.000000e+00
   4372.478427 7.621800e-14 4.448000e+03 1.000000e+00
   4375.179139 7.421000e-14 4.450750e+03 1.000000e+00
   4377.879850 7.315000e-14 4.453500e+03 1.000000e+00
   4380.580561 7.436900e-14 4.456250e+03 1.000000e+00
   4383.291275 7.460200e-14 4.459000e+03 1.000000e+00
   4385.991986 7.262500e-14 4.461750e+03 1.000000e+00
   4388.692697 7.078900e-14 4.464500e+03 1.000000e+00
   4391.393409 7.215800e-14 4.467250e+03 1.000000e+00
   4394.104123 7.216100e-14 4.470000e+03 1.000000e+00
   4396.804834 7.280400e-14 4.472750e+03 1.000000e+00
   4399.505546 7.393500e-14 4.475500e+03 1.000000e+00
   4402.206257 7.445200e-14 4.478250e+03 1.000000e+00
   4404.916971 7.348500e-14 4.481000e+03 1.000000e+00
   4407.617683 7.448300e-14 4.483750e+03 1.000000e+00
   4410.318394 7.612800e-14 4.486500e+03 1.000000e+00
   4413.019106 7.572000e-14 4.489250e+03 1.000000e+00
   4415.729820 7.697400e-14 4.492000e+03 1.000000e+00
   4418.430532 7.657400e-14 4.494750e+03 1.000000e+00
   4421.131244 7.599200e-14 4.497500e+03 1.000000e+00
   4423.831956 7.666800e-14 4.500250e+03 1.000000e+00
   4426.542670 7.730400e-14 4.503000e+03 1.000000e+00
   4429.243382 7.731500e-14 4.505750e+03 1.000000e+00
   4431.944094 7.707900e-14 4.508500e+03 1.000000e+00
   4434.644806 7.645000e-14 4.511250e+03 1.000000e+00
   4437.355520 7.543600e-14 4.514000e+03 1.000000e+00
   4440.056232 7.635600e-14 4.516750e+03 1.000000e+00
   4442.756944 7.703700e-14 4.519500e+03 1.000000e+00
   4445.457656 7.830800e-14 4.522250e+03 1.000000e+00
   4448.168371 7.967400e-14 4.525000e+03 1.000000e+00
   4450.869083 7.786000e-14 4.527750e+03 1.000000e+00
   4453.569795 7.848500e-14 4.530500e+03 1.000000e+00
   4456.270507 7.755500e-14 4.533250e+03 1.000000e+00
   4458.981222 7.365500e-14 4.536000e+03 1.000000e+00
   4461.681934 7.452400e-14 4.538750e+03 1.000000e+00
   4464.382647 7.597300e-14 4.541500e+03 1.000000e+00
   4467.083359 7.467300e-14 4.544250e+03 1.000000e+00
   4469.794074 7.620400e-14 4.547000e+03 1.000000e+00
   4472.494786 7.987800e-14 4.549750e+03 1.000000e+00
   4475.195499 8.091500e-14 4.552500e+03 1.000000e+00
   4477.896211 7.989100e-14 4.555250e+03 1.000000e+00
   4480.606926 7.908600e-14 4.558000e+03 1.000000e+00
   4483.307639 7.884700e-14 4.560750e+03 1.000000e+00
   4486.008351 8.034300e-14 4.563500e+03 1.000000e+00
   4488.709064 8.057700e-14 4.566250e+03 1.000000e+00
   4491.419779 8.076800e-14 4.569000e+03 1.000000e+00
   4494.120492 8.096700e-14 4.571750e+03 1.000000e+00
   4496.821204 8.113800e-14 4.574500e+03 1.000000e+00
   4499.521917 7.963500e-14 4.577250e+03 1.000000e+00
   4502.232633 7.914800e-14 4.580000e+03 1.000000e+00
   4504.933345 8.030300e-14 4.582750e+03 1.000000e+00
   4507.634058 8.318600e-14 4.585500e+03 1.000000e+00
   4510.344774 8.177700e-14 4.588250e+03 1.000000e+00
   4513.045486 7.889100e-14 4.591000e+03 1.000000e+00
   4515.746199 7.892600e-14 4.593750e+03 1.000000e+00
   4518.446912 8.097900e-14 4.596500e+03 1.000000e+00
   4521.157628 7.870000e-14 4.599250e+03 1.000000e+00
   4523.858341 7.872500e-14 4.602000e+03 1.000000e+00
   4526.559054 7.722900e-14 4.604750e+03 1.000000e+00
   4529.259767 7.463100e-14 4.607500e+03 1.000000e+00
   4531.970483 7.783100e-14 4.610250e+03 1.000000e+00
   4534.671196 7.516100e-14 4.613000e+03 1.000000e+00
   4537.371909 7.690000e-14 4.615750e+03 1.000000e+00
   4540.072622 7.756100e-14 4.618500e+03 1.000000e+00
   4542.783338 7.768600e-14 4.621250e+03 1.000000e+00
   4545.484051 7.898300e-14 4.624000e+03 1.000000e+00
   4548.184764 7.755800e-14 4.626750e+03 1.000000e+00
   4550.885478 7.632000e-14 4.629500e+03 1.000000e+00
   4553.596194 7.871900e-14 4.632250e+03 1.000000e+00
   4556.296907 7.970000e-14 4.635000e+03 1.000000e+00
   4558.997620 8.047400e-14 4.637750e+03 1.000000e+00
   4561.698334 8.189700e-14 4.640500e+03 1.000000e+00
   4564.409050 8.052300e-14 4.643250e+03 1.000000e+00
   4567.109763 8.211800e-14 4.646000e+03 1.000000e+00
   4569.810477 8.281000e-14 4.648750e+03 1.000000e+00
   4572.511190 8.349100e-14 4.651500e+03 1.000000e+00
   4575.221906 8.271100e-14 4.654250e+03 1.000000e+00
   4577.922620 8.121900e-14 4.657000e+03 1.000000e+00
   4580.623334 8.086200e-14 4.659750e+03 1.000000e+00
   4583.324047 7.829300e-14 4.662500e+03 1.000000e+00
   4586.034764 7.925300e-14 4.665250e+03 1.000000e+00
   4588.735477 7.896600e-14 4.668000e+03 1.000000e+00
   4591.436191 7.895600e-14 4.670750e+03 1.000000e+00
   4594.136905 7.898400e-14 4.673500e+03 1.000000e+00
   4596.847621 7.961800e-14 4.676250e+03 1.000000e+00
   4599.548335 8.123500e-14 4.679000e+03 1.000000e+00
   4602.249049 8.083400e-14 4.681750e+03 1.000000e+00
   4604.949763 8.139900e-14 4.684500e+03 1.000000e+00
   4607.660480 8.025000e-14 4.687250e+03 1.000000e+00
   4610.361194 8.238500e-14 4.690000e+03 1.000000e+00
   4613.061908 8.205900e-14 4.692750e+03 1.000000e+00
   4615.762622 8.156000e-14 4.695500e+03 1.000000e+00
   4618.473338 8.284000e-14 4.698250e+03 1.000000e+00
   4621.174052 8.238300e-14 4.701000e+03 1.000000e+00
   4623.874766 8.208200e-14 4.703750e+03 1.000000e+00
   4626.575481 8.092500e-14 4.706500e+03 1.000000e+00
   4629.286197 8.307400e-14 4.709250e+03 1.000000e+00
   4631.986912 8.199000e-14 4.712000e+03 1.000000e+00
   4634.687626 8.163500e-14 4.714750e+03 1.000000e+00
   4637.388340 8.015700e-14 4.717500e+03 1.000000e+00
   4640.099057 7.965800e-14 4.720250e+03 1.000000e+00
   4642.799771 7.791600e-14 4.723000e+03 1.000000e+00
   4645.500486 7.998900e-14 4.725750e+03 1.000000e+00
   4648.201200 8.238200e-14 4.728500e+03 1.000000e+00
   4650.911917 7.986400e-14 4.731250e+03 1.000000e+00
   4653.612631 7.895800e-14 4.734000e+03 1.000000e+00
   4656.313346 8.157100e-14 4.736750e+03 1.000000e+00
   4659.024063 8.155300e-14 4.739500e+03 1.000000e+00
   4661.724777 8.208400e-14 4.742250e+03 1.000000e+00
   4664.425492 7.829700e-14 4.745000e+03 1.000000e+00
   4667.126207 7.796600e-14 4.747750e+03 1.000000e+00
   4669.836924 7.677000e-14 4.750500e+03 1.000000e+00
   4672.537638 7.819100e-14 4.753250e+03 1.000000e+00
   4675.238353 7.791400e-14 4.756000e+03 1.000000e+00
   4677.939068 7.911800e-14 4.758750e+03 1.000000e+00
   4680.649785 8.041100e-14 4.761500e+03 1.000000e+00
   4683.350500 8.122700e-14 4.764250e+03 1.000000e+00
   4686.051215 8.172500e-14 4.767000e+03 1.000000e+00
   4688.751929 8.307400e-14 4.769750e+03 1.000000e+00
   4691.462647 7.889600e-14 4.772500e+03 1.000000e+00
   4694.163362 7.910400e-14 4.775250e+03 1.000000e+00
   4696.864076 7.998300e-14 4.778000e+03 1.000000e+00
   4699.564791 7.911500e-14 4.780750e+03 1.000000e+00
   4702.275509 7.697000e-14 4.783500e+03 1.000000e+00
   4704.976224 7.650200e-14 4.786250e+03 1.000000e+00
   4707.676939 7.680800e-14 4.789000e+03 1.000000e+00
   4710.377654 8.106300e-14 4.791750e+03 1.000000e+00
   4713.088372 7.726300e-14 4.794500e+03 1.000000e+00
   4715.789087 7.990200e-14 4.797250e+03 1.000000e+00
   4718.489802 7.912000e-14 4.800000e+03 1.000000e+00
   4721.190517 7.866200e-14 4.802750e+03 1.000000e+00
   4723.901235 8.197600e-14 4.805500e+03 1.000000e+00
   4726.601950 7.997100e-14 4.808250e+03 1.000000e+00
   4729.302665 7.863500e-14 4.811000e+03 1.000000e+00
   4732.003380 7.999400e-14 4.813750e+03 1.000000e+00
   4734.714098 7.863900e-14 4.816500e+03 1.000000e+00
   4737.414813 7.887600e-14 4.819250e+03 1.000000e+00
   4740.115529 7.920700e-14 4.822000e+03 1.000000e+00
   4742.816244 7.978200e-14 4.824750e+03 1.000000e+00
   4745.526962 8.077000e-14 4.827500e+03 1.000000e+00
   4748.227677 8.160600e-14 4.830250e+03 1.000000e+00
   4750.928393 8.172000e-14 4.833000e+03 1.000000e+00
   4753.629108 8.298700e-14 4.835750e+03 1.000000e+00
   4756.339826 7.946400e-14 4.838500e+03 1.000000e+00
   4759.040542 7.828000e-14 4.841250e+03 1.000000e+00
   4761.741257 8.033800e-14 4.844000e+03 1.000000e+00
   4764.441973 7.725100e-14 4.846750e+03 1.000000e+00
   4767.152691 7.761600e-14 4.849500e+03 1.000000e+00
   4769.853407 7.998000e-14 4.852250e+03 1.000000e+00
   4772.554122 7.886300e-14 4.855000e+03 1.000000e+00
   4775.254838 7.863000e-14 4.857750e+03 1.000000e+00
   4777.965556 8.033400e-14 4.860500e+03 1.000000e+00
   4780.666272 7.828900e-14 4.863250e+03 1.000000e+00
   4783.366988 8.086900e-14 4.866000e+03 1.000000e+00
   4786.067703 7.671600e-14 4.868750e+03 1.000000e+00
   4788.778422 7.769500e-14 4.871500e+03 1.000000e+00
   4791.479138 7.951900e-14 4.874250e+03 1.000000e+00
   4794.179853 7.981400e-14 4.877000e+03 1.000000e+00
   4796.890572 8.044000e-14 4.879750e+03 1.000000e+00
   4799.591288 8.055300e-14 4.882500e+03 1.000000e+00
   4802.292004 7.910700e-14 4.885250e+03 1.000000e+00
   4804.992720 8.024500e-14 4.888000e+03 1.000000e+00
   4807.703438 8.069900e-14 4.890750e+03 1.000000e+00
   4810.404154 8.139400e-14 4.893500e+03 1.000000e+00
   4813.104870 7.888400e-14 4.896250e+03 1.000000e+00
   4815.805586 8.103100e-14 4.899000e+03 1.000000e+00
   4818.516305 7.802000e-14 4.901750e+03 1.000000e+00
   4821.217021 7.992600e-14 4.904500e+03 1.000000e+00
   4823.917737 7.876800e-14 4.907250e+03 1.000000e+00
   4826.618453 8.091500e-14 4.910000e+03 1.000000e+00
   4829.329172 8.028200e-14 4.912750e+03 1.000000e+00
   4832.029888 7.905700e-14 4.915500e+03 1.000000e+00
   4834.730604 7.972500e-14 4.918250e+03 1.000000e+00
   4837.431321 7.926000e-14 4.921000e+03 1.000000e+00
   4840.142040 7.815000e-14 4.923750e+03 1.000000e+00
   4842.842756 7.916000e-14 4.926500e+03 1.000000e+00
   4845.543472 7.899300e-14 4.929250e+03 1.000000e+00
   4848.244189 7.904300e-14 4.932000e+03 1.000000e+00
   4850.954908 7.671500e-14 4.934750e+03 1.000000e+00
   4853.655624 8.226300e-14 4.937500e+03 1.000000e+00
   4856.356340 8.896200e-14 4.940250e+03 1.000000e+00
   4859.057057 1.001100e-13 4.943000e+03 1.000000e+00
   4861.767776 1.039800e-13 4.945750e+03 1.000000e+00
   4864.468492 9.973800e-14 4.948500e+03 1.000000e+00
   4867.169209 8.985700e-14 4.951250e+03 1.000000e+00
   4869.869925 8.072500e-14 4.954000e+03 1.000000e+00
   4872.580645 7.417600e-14 4.956750e+03 1.000000e+00
   4875.281361 7.358100e-14 4.959500e+03 1.000000e+00
   4877.982078 7.640300e-14 4.962250e+03 1.000000e+00
   4880.682794 7.599300e-14 4.965000e+03 1.000000e+00
   4883.393514 7.522400e-14 4.967750e+03 1.000000e+00
   4886.094230 7.733800e-14 4.970500e+03 1.000000e+00
   4888.794947 7.479700e-14 4.973250e+03 1.000000e+00
   4891.495664 7.661900e-14 4.976000e+03 1.000000e+00
   4894.206383 7.795800e-14 4.978750e+03 1.000000e+00
   4896.907100 7.880100e-14 4.981500e+03 1.000000e+00
   4899.607817 7.982000e-14 4.984250e+03 1.000000e+00
   4902.308534 7.932400e-14 4.987000e+03 1.000000e+00
   4905.019253 8.279600e-14 4.989750e+03 1.000000e+00
   4907.719970 8.529000e-14 4.992500e+03 1.000000e+00
   4910.420687 8.956900e-14 4.995250e+03 1.000000e+00
   4913.121404 8.654400e-14 4.998000e+03 1.000000e+00
   4915.832123 8.050100e-14 5.000750e+03 1.000000e+00
   4918.532840 7.699500e-14 5.003500e+03 1.000000e+00
   4921.233557 7.497100e-14 5.006250e+03 1.000000e+00
   4923.934274 7.686100e-14 5.009000e+03 1.000000e+00
   4926.644994 7.771100e-14 5.011750e+03 1.000000e+00
   4929.345711 7.823500e-14 5.014500e+03 1.000000e+00
   4932.046428 7.921000e-14 5.017250e+03 1.000000e+00
   4934.747145 7.999900e-14 5.020000e+03 1.000000e+00
   4937.457865 7.996800e-14 5.022750e+03 1.000000e+00
   4940.158582 8.135800e-14 5.025500e+03 1.000000e+00
   4942.859299 8.114200e-14 5.028250e+03 1.000000e+00
   4945.570019 8.471000e-14 5.031000e+03 1.000000e+00
   4948.270736 8.630600e-14 5.033750e+03 1.000000e+00
   4950.971453 8.868600e-14 5.036500e+03 1.000000e+00
   4953.672171 9.026400e-14 5.039250e+03 1.000000e+00
   4956.382891 9.212400e-14 5.042000e+03 1.000000e+00
   4959.083608 9.313600e-14 5.044750e+03 1.000000e+00
   4961.784325 9.068600e-14 5.047500e+03 1.000000e+00
   4964.485043 8.889900e-14 5.050250e+03 1.000000e+00
   4967.195763 8.648400e-14 5.053000e+03 1.000000e+00
   4969.896480 8.168600e-14 5.055750e+03 1.000000e+00
   4972.597197 7.997700e-14 5.058500e+03 1.000000e+00
   4975.297915 8.140800e-14 5.061250e+03 1.000000e+00
   4978.008635 8.096000e-14 5.064000e+03 1.000000e+00
   4980.709352 8.065800e-14 5.066750e+03 1.000000e+00
   4983.410070 8.447100e-14 5.069500e+03 1.000000e+00
   4986.110788 8.715500e-14 5.072250e+03 1.000000e+00
   4988.821508 8.863400e-14 5.075000e+03 1.000000e+00
   4991.522225 9.132300e-14 5.077750e+03 1.000000e+00
   4994.222943 9.677900e-14 5.080500e+03 1.000000e+00
   4996.923661 1.007100e-13 5.083250e+03 1.000000e+00
   4999.634381 1.051700e-13 5.086000e+03 1.000000e+00
   5002.335098 1.169800e-13 5.088750e+03 1.000000e+00
   5005.035816 1.274500e-13 5.091500e+03 1.000000e+00
   5007.736534 1.307500e-13 5.094250e+03 1.000000e+00
   5010.447254 1.238900e-13 5.097000e+03 1.000000e+00
   5013.147972 1.086700e-13 5.099750e+03 1.000000e+00
   5015.848690 9.437300e-14 5.102500e+03 1.000000e+00
   5018.549408 8.524300e-14 5.105250e+03 1.000000e+00
   5021.260128 7.923500e-14 5.108000e+03 1.000000e+00
   5023.960846 7.839200e-14 5.110750e+03 1.000000e+00
   5026.661564 7.462000e-14 5.113500e+03 1.000000e+00
   5029.362282 7.653800e-14 5.116250e+03 1.000000e+00
   5032.073002 7.676300e-14 5.119000e+03 1.000000e+00
   5034.773720 7.716700e-14 5.121750e+03 1.000000e+00
   5037.474438 7.534300e-14 5.124500e+03 1.000000e+00
   5040.175156 7.471900e-14 5.127250e+03 1.000000e+00
   5042.885877 7.362500e-14 5.130000e+03 1.000000e+00
   5045.586595 7.297700e-14 5.132750e+03 1.000000e+00
   5048.287313 7.559700e-14 5.135500e+03 1.000000e+00
   5050.988031 8.021200e-14 5.138250e+03 1.000000e+00
   5053.698752 8.778700e-14 5.141000e+03 1.000000e+00
   5056.399470 9.832000e-14 5.143750e+03 1.000000e+00
   5059.100188 9.612300e-14 5.146500e+03 1.000000e+00
   5061.800906 8.611700e-14 5.149250e+03 1.000000e+00
   5064.511627 7.863500e-14 5.152000e+03 1.000000e+00
   5067.212345 7.615000e-14 5.154750e+03 1.000000e+00
   5069.913063 7.398100e-14 5.157500e+03 1.000000e+00
   5072.613781 7.345400e-14 5.160250e+03 1.000000e+00
   5075.324502 7.176600e-14 5.163000e+03 1.000000e+00
   5078.025221 7.179500e-14 5.165750e+03 1.000000e+00
   5080.725939 7.289400e-14 5.168500e+03 1.000000e+00
   5083.426657 7.021300e-14 5.171250e+03 1.000000e+00
   5086.137378 7.027300e-14 5.174000e+03 1.000000e+00
   5088.838096 7.263200e-14 5.176750e+03 1.000000e+00
   5091.538815 7.164400e-14 5.179500e+03 1.000000e+00
   5094.249536 7.296100e-14 5.182250e+03 1.000000e+00
   5096.950254 7.221200e-14 5.185000e+03 1.000000e+00
   5099.650973 7.106500e-14 5.187750e+03 1.000000e+00
   5102.351691 7.057800e-14 5.190500e+03 1.000000e+00
   5105.062412 7.070500e-14 5.193250e+03 1.000000e+00
   5107.763131 7.051300e-14 5.196000e+03 1.000000e+00
   5110.463849 7.130600e-14 5.198750e+03 1.000000e+00
   5113.164568 7.250700e-14 5.201500e+03 1.000000e+00
   5115.875289 7.338700e-14 5.204250e+03 1.000000e+00
   5118.576008 7.291800e-14 5.207000e+03 1.000000e+00
   5121.276726 7.157400e-14 5.209750e+03 1.000000e+00
   5123.977445 7.139500e-14 5.212500e+03 1.000000e+00
   5126.688166 7.026800e-14 5.215250e+03 1.000000e+00
   5129.388885 6.981100e-14 5.218000e+03 1.000000e+00
   5132.089604 6.902300e-14 5.220750e+03 1.000000e+00
   5134.790322 7.084900e-14 5.223500e+03 1.000000e+00
   5137.501044 7.154800e-14 5.226250e+03 1.000000e+00
   5140.201762 6.960400e-14 5.229000e+03 1.000000e+00
   5142.902481 6.905900e-14 5.231750e+03 1.000000e+00
   5145.603200 7.004000e-14 5.234500e+03 1.000000e+00
   5148.313921 7.037800e-14 5.237250e+03 1.000000e+00
   5151.014640 6.969800e-14 5.240000e+03 1.000000e+00
   5153.715359 6.919100e-14 5.242750e+03 1.000000e+00
   5156.416078 6.966600e-14 5.245500e+03 1.000000e+00
   5159.126799 7.078300e-14 5.248250e+03 1.000000e+00
   5161.827518 6.955900e-14 5.251000e+03 1.000000e+00
   5164.528237 6.734000e-14 5.253750e+03 1.000000e+00
   5167.228956 6.520700e-14 5.256500e+03 1.000000e+00
   5169.939678 6.490300e-14 5.259250e+03 1.000000e+00
   5172.640397 6.258300e-14 5.262000e+03 1.000000e+00
   5175.341116 6.211100e-14 5.264750e+03 1.000000e+00
   5178.041835 6.209300e-14 5.267500e+03 1.000000e+00
   5180.752557 6.248800e-14 5.270250e+03 1.000000e+00
   5183.453276 6.553000e-14 5.273000e+03 1.000000e+00
   5186.153995 6.632800e-14 5.275750e+03 1.000000e+00
   5188.854714 6.751200e-14 5.278500e+03 1.000000e+00
   5191.565436 6.853400e-14 5.281250e+03 1.000000e+00
   5194.266155 7.491200e-14 5.284000e+03 1.000000e+00
   5196.966874 7.840300e-14 5.286750e+03 1.000000e+00
   5199.667593 8.229800e-14 5.289500e+03 1.000000e+00
   5202.378315 8.104000e-14 5.292250e+03 1.000000e+00
   5205.079034 7.762500e-14 5.295000e+03 1.000000e+00
   5207.779753 7.260500e-14 5.297750e+03 1.000000e+00
   5210.480473 6.955600e-14 5.300500e+03 1.000000e+00
   5213.191195 7.067100e-14 5.303250e+03 1.000000e+00
   5215.891914 7.122000e-14 5.306000e+03 1.000000e+00
   5218.592633 7.351000e-14 5.308750e+03 1.000000e+00
   5221.293353 7.358000e-14 5.311500e+03 1.000000e+00
   5224.004075 7.202000e-14 5.314250e+03 1.000000e+00
   5226.704794 7.096400e-14 5.317000e+03 1.000000e+00
   5229.405513 7.220100e-14 5.319750e+03 1.000000e+00
   5232.106233 7.248200e-14 5.322500e+03 1.000000e+00
   5234.816955 7.397900e-14 5.325250e+03 1.000000e+00
   5237.517674 7.456000e-14 5.328000e+03 1.000000e+00
   5240.218394 7.653300e-14 5.330750e+03 1.000000e+00
   5242.929116 7.509800e-14 5.333500e+03 1.000000e+00
   5245.629835 7.409300e-14 5.336250e+03 1.000000e+00
   5248.330555 7.458700e-14 5.339000e+03 1.000000e+00
   5251.031274 7.334300e-14 5.341750e+03 1.000000e+00
   5253.741997 7.351900e-14 5.344500e+03 1.000000e+00
   5256.442716 7.491800e-14 5.347250e+03 1.000000e+00
   5259.143436 7.347300e-14 5.350000e+03 1.000000e+00
   5261.844155 7.332100e-14 5.352750e+03 1.000000e+00
   5264.554878 7.094700e-14 5.355500e+03 1.000000e+00
   5267.255597 6.897400e-14 5.358250e+03 1.000000e+00
   5269.956317 6.969100e-14 5.361000e+03 1.000000e+00
   5272.657037 7.115300e-14 5.363750e+03 1.000000e+00
   5275.367759 7.191800e-14 5.366500e+03 1.000000e+00
   5278.068479 7.345500e-14 5.369250e+03 1.000000e+00
   5280.769199 7.388600e-14 5.372000e+03 1.000000e+00
   5283.469918 7.621000e-14 5.374750e+03 1.000000e+00
   5286.180641 7.543700e-14 5.377500e+03 1.000000e+00
   5288.881361 7.564900e-14 5.380250e+03 1.000000e+00
   5291.582080 7.714100e-14 5.383000e+03 1.000000e+00
   5294.282800 7.519200e-14 5.385750e+03 1.000000e+00
   5296.993523 7.455300e-14 5.388500e+03 1.000000e+00
   5299.694243 7.514000e-14 5.391250e+03 1.000000e+00
   5302.394963 7.604200e-14 5.394000e+03 1.000000e+00
   5305.095682 7.506300e-14 5.396750e+03 1.000000e+00
   5307.806405 7.646900e-14 5.399500e+03 1.000000e+00
   5310.507125 7.778100e-14 5.402250e+03 1.000000e+00
   5313.207845 7.871900e-14 5.405000e+03 1.000000e+00
   5315.908565 7.705200e-14 5.407750e+03 1.000000e+00
   5318.619288 7.519700e-14 5.410500e+03 1.000000e+00
   5321.320008 7.385800e-14 5.413250e+03 1.000000e+00
   5324.020728 7.477400e-14 5.416000e+03 1.000000e+00
   5326.721448 7.308400e-14 5.418750e+03 1.000000e+00
   5329.432170 7.350700e-14 5.421500e+03 1.000000e+00
   5332.132891 7.338600e-14 5.424250e+03 1.000000e+00
   5334.833611 7.388200e-14 5.427000e+03 1.000000e+00
   5337.534331 7.486500e-14 5.429750e+03 1.000000e+00
   5340.245054 7.471100e-14 5.432500e+03 1.000000e+00
   5342.945774 7.480500e-14 5.435250e+03 1.000000e+00
   5345.646494 7.352200e-14 5.438000e+03 1.000000e+00
   5348.347214 7.642400e-14 5.440750e+03 1.000000e+00
   5351.057937 7.515200e-14 5.443500e+03 1.000000e+00
   5353.758657 7.651500e-14 5.446250e+03 1.000000e+00
   5356.459377 7.836900e-14 5.449000e+03 1.000000e+00
   5359.160098 7.833600e-14 5.451750e+03 1.000000e+00
   5361.870821 7.730100e-14 5.454500e+03 1.000000e+00
   5364.571541 7.792000e-14 5.457250e+03 1.000000e+00
   5367.272261 7.633800e-14 5.460000e+03 1.000000e+00
   5369.972982 7.293100e-14 5.462750e+03 1.000000e+00
   5372.683705 7.337900e-14 5.465500e+03 1.000000e+00
   5375.384425 7.363100e-14 5.468250e+03 1.000000e+00
   5378.085145 7.551500e-14 5.471000e+03 1.000000e+00
   5380.785866 7.575700e-14 5.473750e+03 1.000000e+00
   5383.496589 7.535700e-14 5.476500e+03 1.000000e+00
   5386.197309 7.361200e-14 5.479250e+03 1.000000e+00
   5388.898030 7.473400e-14 5.482000e+03 1.000000e+00
   5391.608753 7.212100e-14 5.484750e+03 1.000000e+00
   5394.309473 7.287600e-14 5.487500e+03 1.000000e+00
   5397.010194 7.381800e-14 5.490250e+03 1.000000e+00
   5399.710914 7.426600e-14 5.493000e+03 1.000000e+00
   5402.421638 7.259600e-14 5.495750e+03 1.000000e+00
   5405.122358 7.161800e-14 5.498500e+03 1.000000e+00
   5407.823079 7.234800e-14 5.501250e+03 1.000000e+00
   5410.523799 7.193300e-14 5.504000e+03 1.000000e+00
   5413.234523 7.229600e-14 5.506750e+03 1.000000e+00
   5415.935243 7.428900e-14 5.509500e+03 1.000000e+00
   5418.635964 7.339000e-14 5.512250e+03 1.000000e+00
   5421.336685 7.510200e-14 5.515000e+03 1.000000e+00
   5424.047408 7.421800e-14 5.517750e+03 1.000000e+00
   5426.748129 7.359100e-14 5.520500e+03 1.000000e+00
   5429.448849 7.243100e-14 5.523250e+03 1.000000e+00
   5432.149570 7.176800e-14 5.526000e+03 1.000000e+00
   5434.860294 7.288700e-14 5.528750e+03 1.000000e+00
   5437.561014 7.341900e-14 5.531500e+03 1.000000e+00
   5440.261735 7.630100e-14 5.534250e+03 1.000000e+00
   5442.962456 7.414400e-14 5.537000e+03 1.000000e+00
   5445.673179 7.421400e-14 5.539750e+03 1.000000e+00
   5448.373900 7.390800e-14 5.542500e+03 1.000000e+00
   5451.074621 7.391600e-14 5.545250e+03 1.000000e+00
   5453.775342 7.293900e-14 5.548000e+03 1.000000e+00
   5456.486065 7.348800e-14 5.550750e+03 1.000000e+00
   5459.186786 7.352600e-14 5.553500e+03 1.000000e+00
   5461.887507 7.283300e-14 5.556250e+03 1.000000e+00
   5464.588228 7.388600e-14 5.559000e+03 1.000000e+00
   5467.298952 7.287800e-14 5.561750e+03 1.000000e+00
   5469.999673 7.358800e-14 5.564500e+03 1.000000e+00
   5472.700394 7.196800e-14 5.567250e+03 1.000000e+00
   5475.401115 7.248800e-14 5.570000e+03 1.000000e+00
   5478.111838 7.307100e-14 5.572750e+03 1.000000e+00
   5480.812559 7.260200e-14 5.575500e+03 1.000000e+00
   5483.513280 7.246300e-14 5.578250e+03 1.000000e+00
   5486.214002 7.329700e-14 5.581000e+03 1.000000e+00
   5488.924725 7.295600e-14 5.583750e+03 1.000000e+00
   5491.625446 7.424500e-14 5.586500e+03 1.000000e+00
   5494.326167 7.459600e-14 5.589250e+03 1.000000e+00
   5497.026889 7.248900e-14 5.592000e+03 1.000000e+00
   5499.737612 7.578600e-14 5.594750e+03 1.000000e+00
   5502.438334 7.360600e-14 5.597500e+03 1.000000e+00
   5505.139055 7.227600e-14 5.600250e+03 1.000000e+00
   5507.839776 7.196100e-14 5.603000e+03 1.000000e+00
   5510.550500 7.203500e-14 5.605750e+03 1.000000e+00
   5513.251221 7.271800e-14 5.608500e+03 1.000000e+00
   5515.951942 7.366200e-14 5.611250e+03 1.000000e+00
   5518.652663 7.343700e-14 5.614000e+03 1.000000e+00
   5521.363387 7.412400e-14 5.616750e+03 1.000000e+00
   5524.064109 7.475100e-14 5.619500e+03 1.000000e+00
   5526.764830 7.448000e-14 5.622250e+03 1.000000e+00
   5529.465551 7.198700e-14 5.625000e+03 1.000000e+00
   5532.176275 7.255300e-14 5.627750e+03 1.000000e+00
   5534.876997 7.393500e-14 5.630500e+03 1.000000e+00
   5537.577718 7.340700e-14 5.633250e+03 1.000000e+00
   5540.288442 7.559900e-14 5.636000e+03 1.000000e+00
   5542.989163 7.333000e-14 5.638750e+03 1.000000e+00
   5545.689885 7.577600e-14 5.641500e+03 1.000000e+00
   5548.390606 7.415000e-14 5.644250e+03 1.000000e+00
   5551.101330 7.473000e-14 5.647000e+03 1.000000e+00
   5553.802052 7.439600e-14 5.649750e+03 1.000000e+00
   5556.502773 7.317300e-14 5.652500e+03 1.000000e+00
   5559.203495 7.439700e-14 5.655250e+03 1.000000e+00
   5561.914219 7.425700e-14 5.658000e+03 1.000000e+00
   5564.614941 7.244100e-14 5.660750e+03 1.000000e+00
   5567.315662 7.513900e-14 5.663500e+03 1.000000e+00
   5570.016384 7.376300e-14 5.666250e+03 1.000000e+00
   5572.727108 7.290300e-14 5.669000e+03 1.000000e+00
   5575.427829 7.264200e-14 5.671750e+03 1.000000e+00
   5578.128551 7.327500e-14 5.674500e+03 1.000000e+00
   5580.829273 7.319900e-14 5.677250e+03 1.000000e+00
   5583.539997 7.152900e-14 5.680000e+03 1.000000e+00
   5586.240719 7.219900e-14 5.682750e+03 1.000000e+00
   5588.941440 7.182700e-14 5.685500e+03 1.000000e+00
   5591.642162 7.076600e-14 5.688250e+03 1.000000e+00
   5594.352886 6.982200e-14 5.691000e+03 1.000000e+00
   5597.053608 7.194500e-14 5.693750e+03 1.000000e+00
   5599.754330 7.139200e-14 5.696500e+03 1.000000e+00
   5602.455051 7.150600e-14 5.699250e+03 1.000000e+00
   5605.165776 7.195400e-14 5.702000e+03 1.000000e+00
   5607.866498 7.153500e-14 5.704750e+03 1.000000e+00
   5610.567219 7.148100e-14 5.707500e+03 1.000000e+00
   5613.267941 7.227000e-14 5.710250e+03 1.000000e+00
   5615.978666 7.294600e-14 5.713000e+03 1.000000e+00
   5618.679387 7.341200e-14 5.715750e+03 1.000000e+00
   5621.380109 7.198100e-14 5.718500e+03 1.000000e+00
   5624.080831 7.184600e-14 5.721250e+03 1.000000e+00
   5626.791556 7.151100e-14 5.724000e+03 1.000000e+00
   5629.492278 7.141900e-14 5.726750e+03 1.000000e+00
   5632.192999 7.289400e-14 5.729500e+03 1.000000e+00
   5634.893721 7.357400e-14 5.732250e+03 1.000000e+00
   5637.604446 7.066200e-14 5.735000e+03 1.000000e+00
   5640.305168 7.224100e-14 5.737750e+03 1.000000e+00
   5643.005890 7.251800e-14 5.740500e+03 1.000000e+00
   5645.706612 7.223600e-14 5.743250e+03 1.000000e+00
   5648.417336 7.064400e-14 5.746000e+03 1.000000e+00
   5651.118058 7.125800e-14 5.748750e+03 1.000000e+00
   5653.818780 7.242300e-14 5.751500e+03 1.000000e+00
   5656.519502 7.186000e-14 5.754250e+03 1.000000e+00
   5659.230227 7.206200e-14 5.757000e+03 1.000000e+00
   5661.930949 7.010100e-14 5.759750e+03 1.000000e+00
   5664.631671 7.046400e-14 5.762500e+03 1.000000e+00
   5667.332393 7.003700e-14 5.765250e+03 1.000000e+00
   5670.043118 6.912100e-14 5.768000e+03 1.000000e+00
   5672.743840 7.072500e-14 5.770750e+03 1.000000e+00
   5675.444562 7.364000e-14 5.773500e+03 1.000000e+00
   5678.155287 7.256400e-14 5.776250e+03 1.000000e+00
   5680.856009 7.053700e-14 5.779000e+03 1.000000e+00
   5683.556732 7.247200e-14 5.781750e+03 1.000000e+00
   5686.257454 7.312400e-14 5.784500e+03 1.000000e+00
   5688.968179 7.209200e-14 5.787250e+03 1.000000e+00
   5691.668901 7.242900e-14 5.790000e+03 1.000000e+00
   5694.369623 7.014100e-14 5.792750e+03 1.000000e+00
   5697.070345 7.105300e-14 5.795500e+03 1.000000e+00
   5699.781070 7.279600e-14 5.798250e+03 1.000000e+00
   5702.481793 7.181600e-14 5.801000e+03 1.000000e+00
   5705.182515 7.079800e-14 5.803750e+03 1.000000e+00
   5707.883237 7.048200e-14 5.806500e+03 1.000000e+00
   5710.593962 7.116500e-14 5.809250e+03 1.000000e+00
   5713.294684 6.974900e-14 5.812000e+03 1.000000e+00
   5715.995407 7.235600e-14 5.814750e+03 1.000000e+00
   5718.696129 7.412700e-14 5.817500e+03 1.000000e+00
   5721.406854 7.548100e-14 5.820250e+03 1.000000e+00
   5724.107577 7.426100e-14 5.823000e+03 1.000000e+00
   5726.808299 7.644900e-14 5.825750e+03 1.000000e+00
   5729.509021 7.452600e-14 5.828500e+03 1.000000e+00
   5732.219746 7.267600e-14 5.831250e+03 1.000000e+00
   5734.920469 7.495900e-14 5.834000e+03 1.000000e+00
   5737.621191 7.609100e-14 5.836750e+03 1.000000e+00
   5740.321914 7.508300e-14 5.839500e+03 1.000000e+00
   5743.032639 7.423300e-14 5.842250e+03 1.000000e+00
   5745.733362 7.293200e-14 5.845000e+03 1.000000e+00
   5748.434084 7.245400e-14 5.847750e+03 1.000000e+00
   5751.134807 7.381000e-14 5.850500e+03 1.000000e+00
   5753.845532 7.433700e-14 5.853250e+03 1.000000e+00
   5756.546254 7.473800e-14 5.856000e+03 1.000000e+00
   5759.246977 7.415700e-14 5.858750e+03 1.000000e+00
   5761.947699 7.565900e-14 5.861500e+03 1.000000e+00
   5764.658425 7.397200e-14 5.864250e+03 1.000000e+00
   5767.359147 7.600300e-14 5.867000e+03 1.000000e+00
   5770.059870 7.431900e-14 5.869750e+03 1.000000e+00
   5772.760593 7.530900e-14 5.872500e+03 1.000000e+00
   5775.471318 7.534500e-14 5.875250e+03 1.000000e+00
   5778.172041 7.336600e-14 5.878000e+03 1.000000e+00
   5780.872763 7.282100e-14 5.880750e+03 1.000000e+00
   5783.573486 7.192700e-14 5.883500e+03 1.000000e+00
   5786.284211 7.012700e-14 5.886250e+03 1.000000e+00
   5788.984934 7.251100e-14 5.889000e+03 1.000000e+00
   5791.685657 7.153500e-14 5.891750e+03 1.000000e+00
   5794.386380 7.265600e-14 5.894500e+03 1.000000e+00
   5797.097105 7.463200e-14 5.897250e+03 1.000000e+00
   5799.797828 7.371900e-14 5.900000e+03 1.000000e+00
   5802.498551 7.430200e-14 5.902750e+03 1.000000e+00
   5805.199273 7.501900e-14 5.905500e+03 1.000000e+00
   5807.909999 7.401700e-14 5.908250e+03 1.000000e+00
   5810.610722 7.375400e-14 5.911000e+03 1.000000e+00
   5813.311444 7.482000e-14 5.913750e+03 1.000000e+00
   5816.012167 7.344600e-14 5.916500e+03 1.000000e+00
   5818.722893 7.189600e-14 5.919250e+03 1.000000e+00
   5821.423616 7.318600e-14 5.922000e+03 1.000000e+00
   5824.124339 7.380600e-14 5.924750e+03 1.000000e+00
   5826.835064 7.401200e-14 5.927500e+03 1.000000e+00
   5829.535787 7.477300e-14 5.930250e+03 1.000000e+00
   5832.236510 7.383300e-14 5.933000e+03 1.000000e+00
   5834.937233 7.112800e-14 5.935750e+03 1.000000e+00
   5837.647959 7.167200e-14 5.938500e+03 1.000000e+00
   5840.348682 7.408600e-14 5.941250e+03 1.000000e+00
   5843.049405 7.627100e-14 5.944000e+03 1.000000e+00
   5845.750128 7.574900e-14 5.946750e+03 1.000000e+00
   5848.460853 7.330400e-14 5.949500e+03 1.000000e+00
   5851.161576 7.295200e-14 5.952250e+03 1.000000e+00
   5853.862299 7.336100e-14 5.955000e+03 1.000000e+00
   5856.563022 7.192300e-14 5.957750e+03 1.000000e+00
   5859.273748 7.202100e-14 5.960500e+03 1.000000e+00
   5861.974471 7.097400e-14 5.963250e+03 1.000000e+00
   5864.675194 7.156100e-14 5.966000e+03 1.000000e+00
   5867.375917 7.356500e-14 5.968750e+03 1.000000e+00
   5870.086643 7.295000e-14 5.971500e+03 1.000000e+00
   5872.787366 7.555200e-14 5.974250e+03 1.000000e+00
   5875.488089 7.415400e-14 5.977000e+03 1.000000e+00
   5878.188813 7.456300e-14 5.979750e+03 1.000000e+00
   5880.899538 7.226600e-14 5.982500e+03 1.000000e+00
   5883.600262 6.823500e-14 5.985250e+03 1.000000e+00
   5886.300985 6.553700e-14 5.988000e+03 1.000000e+00
   5889.001708 6.316200e-14 5.990750e+03 1.000000e+00
   5891.712434 6.227300e-14 5.993500e+03 1.000000e+00
   5894.413157 6.208100e-14 5.996250e+03 1.000000e+00
   5897.113880 6.044400e-14 5.999000e+03 1.000000e+00
   5899.814604 6.333400e-14 6.001750e+03 1.000000e+00
   5902.525330 6.671400e-14 6.004500e+03 1.000000e+00
   5905.226053 6.759100e-14 6.007250e+03 1.000000e+00
   5907.926776 6.686200e-14 6.010000e+03 1.000000e+00
   5910.627499 6.803600e-14 6.012750e+03 1.000000e+00
   5913.338225 6.926700e-14 6.015500e+03 1.000000e+00
   5916.038949 6.857900e-14 6.018250e+03 1.000000e+00
   5918.739672 6.918100e-14 6.021000e+03 1.000000e+00
   5921.440395 7.039900e-14 6.023750e+03 1.000000e+00
   5924.151122 6.826700e-14 6.026500e+03 1.000000e+00
   5926.851845 6.917800e-14 6.029250e+03 1.000000e+00
   5929.552568 7.169300e-14 6.032000e+03 1.000000e+00
   5932.253292 7.025600e-14 6.034750e+03 1.000000e+00
   5934.964018 7.025600e-14 6.037500e+03 1.000000e+00
   5937.664741 6.978700e-14 6.040250e+03 1.000000e+00
   5940.365465 6.845800e-14 6.043000e+03 1.000000e+00
   5943.066188 6.877200e-14 6.045750e+03 1.000000e+00
   5945.776914 6.886700e-14 6.048500e+03 1.000000e+00
   5948.477638 6.801600e-14 6.051250e+03 1.000000e+00
   5951.178361 6.849100e-14 6.054000e+03 1.000000e+00
   5953.879085 6.596500e-14 6.056750e+03 1.000000e+00
   5956.589811 6.672300e-14 6.059500e+03 1.000000e+00
   5959.290534 6.743800e-14 6.062250e+03 1.000000e+00
   5961.991258 6.909600e-14 6.065000e+03 1.000000e+00
   5964.691982 6.797700e-14 6.067750e+03 1.000000e+00
   5967.402708 7.087000e-14 6.070500e+03 1.000000e+00
   5970.103431 7.161200e-14 6.073250e+03 1.000000e+00
   5972.804155 7.114900e-14 6.076000e+03 1.000000e+00
   5975.514881 7.125200e-14 6.078750e+03 1.000000e+00
   5978.215605 7.064100e-14 6.081500e+03 1.000000e+00
   5980.916328 6.793100e-14 6.084250e+03 1.000000e+00
   5983.617052 7.043100e-14 6.087000e+03 1.000000e+00
   5986.327778 7.104000e-14 6.089750e+03 1.000000e+00
   5989.028502 6.956700e-14 6.092500e+03 1.000000e+00
   5991.729226 6.890600e-14 6.095250e+03 1.000000e+00
   5994.429949 7.046300e-14 6.098000e+03 1.000000e+00
   5997.140676 6.833300e-14 6.100750e+03 1.000000e+00
   5999.841400 7.012200e-14 6.103500e+03 1.000000e+00
   6002.542123 6.967300e-14 6.106250e+03 1.000000e+00
   6005.242847 7.032900e-14 6.109000e+03 1.000000e+00
   6007.953573 7.109900e-14 6.111750e+03 1.000000e+00
   6010.654297 6.959800e-14 6.114500e+03 1.000000e+00
   6013.355021 6.877400e-14 6.117250e+03 1.000000e+00
   6016.055745 6.859300e-14 6.120000e+03 1.000000e+00
   6018.766471 6.815900e-14 6.122750e+03 1.000000e+00
   6021.467195 6.818900e-14 6.125500e+03 1.000000e+00
   6024.167919 6.973100e-14 6.128250e+03 1.000000e+00
   6026.868643 7.016000e-14 6.131000e+03 1.000000e+00
   6029.579369 7.065600e-14 6.133750e+03 1.000000e+00
   6032.280093 6.855500e-14 6.136500e+03 1.000000e+00
   6034.980817 7.261000e-14 6.139250e+03 1.000000e+00
   6037.681541 7.083400e-14 6.142000e+03 1.000000e+00
   6040.392267 7.091200e-14 6.144750e+03 1.000000e+00
   6043.092991 7.290600e-14 6.147500e+03 1.000000e+00
   6045.793715 7.196900e-14 6.150250e+03 1.000000e+00
   6048.494439 7.077500e-14 6.153000e+03 1.000000e+00
   6051.205166 7.029100e-14 6.155750e+03 1.000000e+00
   6053.905890 6.940200e-14 6.158500e+03 1.000000e+00
   6056.606614 6.949500e-14 6.161250e+03 1.000000e+00
   6059.307338 7.095600e-14 6.164000e+03 1.000000e+00
   6062.018064 7.079600e-14 6.166750e+03 1.000000e+00
   6064.718788 6.872700e-14 6.169500e+03 1.000000e+00
   6067.419512 6.829200e-14 6.172250e+03 1.000000e+00
   6070.120236 6.907300e-14 6.175000e+03 1.000000e+00
   6072.830963 6.869200e-14 6.177750e+03 1.000000e+00
   6075.531687 6.935000e-14 6.180500e+03 1.000000e+00
   6078.232411 6.946400e-14 6.183250e+03 1.000000e+00
   6080.933135 6.837800e-14 6.186000e+03 1.000000e+00
   6083.643862 6.831400e-14 6.188750e+03 1.000000e+00
   6086.344586 6.898900e-14 6.191500e+03 1.000000e+00
   6089.045310 6.749100e-14 6.194250e+03 1.000000e+00
   6091.746034 6.866400e-14 6.197000e+03 1.000000e+00
   6094.456761 6.966900e-14 6.199750e+03 1.000000e+00
   6097.157485 6.977600e-14 6.202500e+03 1.000000e+00
   6099.858209 7.000700e-14 6.205250e+03 1.000000e+00
   6102.558933 6.965700e-14 6.208000e+03 1.000000e+00
   6105.269660 6.925100e-14 6.210750e+03 1.000000e+00
   6107.970385 7.021900e-14 6.213500e+03 1.000000e+00
   6110.671109 7.113900e-14 6.216250e+03 1.000000e+00
   6113.371833 7.115800e-14 6.219000e+03 1.000000e+00
   6116.082560 6.930600e-14 6.221750e+03 1.000000e+00
   6118.783284 6.651900e-14 6.224500e+03 1.000000e+00
   6121.484008 6.795700e-14 6.227250e+03 1.000000e+00
   6124.194735 6.873100e-14 6.230000e+03 1.000000e+00
   6126.895459 6.935100e-14 6.232750e+03 1.000000e+00
   6129.596184 7.054800e-14 6.235500e+03 1.000000e+00
   6132.296908 6.782800e-14 6.238250e+03 1.000000e+00
   6135.007635 6.711900e-14 6.241000e+03 1.000000e+00
   6137.708359 6.718700e-14 6.243750e+03 1.000000e+00
   6140.409084 6.828900e-14 6.246500e+03 1.000000e+00
   6143.109808 6.796800e-14 6.249250e+03 1.000000e+00
   6145.820535 6.821100e-14 6.252000e+03 1.000000e+00
   6148.521259 6.981300e-14 6.254750e+03 1.000000e+00
   6151.221984 6.932400e-14 6.257500e+03 1.000000e+00
   6153.922708 6.828300e-14 6.260250e+03 1.000000e+00
   6156.633435 6.700900e-14 6.263000e+03 1.000000e+00
   6159.334159 6.627000e-14 6.265750e+03 1.000000e+00
   6162.034884 6.396300e-14 6.268500e+03 1.000000e+00
   6164.735608 6.458000e-14 6.271250e+03 1.000000e+00
   6167.446335 6.746100e-14 6.274000e+03 1.000000e+00
   6170.147060 6.537500e-14 6.276750e+03 1.000000e+00
   6172.847784 6.750500e-14 6.279500e+03 1.000000e+00
   6175.548509 6.647300e-14 6.282250e+03 1.000000e+00
   6178.259236 6.969100e-14 6.285000e+03 1.000000e+00
   6180.959960 6.914600e-14 6.287750e+03 1.000000e+00
   6183.660685 6.850400e-14 6.290500e+03 1.000000e+00
   6186.361409 6.777000e-14 6.293250e+03 1.000000e+00
   6189.072136 6.786800e-14 6.296000e+03 1.000000e+00
   6191.772861 6.491100e-14 6.298750e+03 1.000000e+00
   6194.473586 6.732200e-14 6.301500e+03 1.000000e+00
   6197.174310 6.880100e-14 6.304250e+03 1.000000e+00
   6199.885037 6.891700e-14 6.307000e+03 1.000000e+00
   6202.585762 7.034400e-14 6.309750e+03 1.000000e+00
   6205.286486 6.874500e-14 6.312500e+03 1.000000e+00
   6207.987211 6.945800e-14 6.315250e+03 1.000000e+00
   6210.697938 7.036700e-14 6.318000e+03 1.000000e+00
   6213.398663 6.997900e-14 6.320750e+03 1.000000e+00
   6216.099388 6.786400e-14 6.323500e+03 1.000000e+00
   6218.800112 6.699500e-14 6.326250e+03 1.000000e+00
   6221.510840 6.700800e-14 6.329000e+03 1.000000e+00
   6224.211564 6.328800e-14 6.331750e+03 1.000000e+00
   6226.912289 6.222000e-14 6.334500e+03 1.000000e+00
   6229.613014 6.691500e-14 6.337250e+03 1.000000e+00
   6232.323741 6.574200e-14 6.340000e+03 1.000000e+00
   6235.024466 6.508600e-14 6.342750e+03 1.000000e+00
   6237.725190 6.575700e-14 6.345500e+03 1.000000e+00
   6240.425915 6.611300e-14 6.348250e+03 1.000000e+00
   6243.136642 6.707200e-14 6.351000e+03 1.000000e+00
   6245.837367 6.437900e-14 6.353750e+03 1.000000e+00
   6248.538092 6.621100e-14 6.356500e+03 1.000000e+00
   6251.238817 6.202400e-14 6.359250e+03 1.000000e+00
   6253.949544 6.447100e-14 6.362000e+03 1.000000e+00
   6256.650269 6.498900e-14 6.364750e+03 1.000000e+00
   6259.350994 6.510500e-14 6.367500e+03 1.000000e+00
   6262.051718 6.661200e-14 6.370250e+03 1.000000e+00
   6264.762446 6.544500e-14 6.373000e+03 1.000000e+00
   6267.463171 6.628500e-14 6.375750e+03 1.000000e+00
   6270.163896 6.755400e-14 6.378500e+03 1.000000e+00
   6272.874623 6.635400e-14 6.381250e+03 1.000000e+00
   6275.575348 6.666800e-14 6.384000e+03 1.000000e+00
   6278.276073 6.625900e-14 6.386750e+03 1.000000e+00
   6280.976798 6.875000e-14 6.389500e+03 1.000000e+00
   6283.687525 6.795200e-14 6.392250e+03 1.000000e+00
   6286.388250 6.980400e-14 6.395000e+03 1.000000e+00
   6289.088975 7.262500e-14 6.397750e+03 1.000000e+00
   6291.789700 7.731400e-14 6.400500e+03 1.000000e+00
   6294.500428 8.559700e-14 6.403250e+03 1.000000e+00
   6297.201152 9.705000e-14 6.406000e+03 1.000000e+00
   6299.901877 1.068400e-13 6.408750e+03 1.000000e+00
   6302.602602 1.071700e-13 6.411500e+03 1.000000e+00
   6305.313330 9.693600e-14 6.414250e+03 1.000000e+00
   6308.014055 8.659900e-14 6.417000e+03 1.000000e+00
   6310.714780 7.815500e-14 6.419750e+03 1.000000e+00
   6313.415505 7.330500e-14 6.422500e+03 1.000000e+00
   6316.126233 6.877100e-14 6.425250e+03 1.000000e+00
   6318.826958 6.812900e-14 6.428000e+03 1.000000e+00
   6321.527683 6.855300e-14 6.430750e+03 1.000000e+00
   6324.228408 6.849600e-14 6.433500e+03 1.000000e+00
   6326.939135 6.763300e-14 6.436250e+03 1.000000e+00
   6329.639861 6.734800e-14 6.439000e+03 1.000000e+00
   6332.340586 6.683900e-14 6.441750e+03 1.000000e+00
   6335.041311 6.741600e-14 6.444500e+03 1.000000e+00
   6337.752038 6.696800e-14 6.447250e+03 1.000000e+00
   6340.452764 6.749400e-14 6.450000e+03 1.000000e+00
   6343.153489 6.870900e-14 6.452750e+03 1.000000e+00
   6345.854214 6.746900e-14 6.455500e+03 1.000000e+00
   6348.564942 6.708300e-14 6.458250e+03 1.000000e+00
   6351.265667 6.834700e-14 6.461000e+03 1.000000e+00
   6353.966392 7.111800e-14 6.463750e+03 1.000000e+00
   6356.667117 7.230900e-14 6.466500e+03 1.000000e+00
   6359.377845 7.271100e-14 6.469250e+03 1.000000e+00
   6362.078570 7.880200e-14 6.472000e+03 1.000000e+00
   6364.779295 7.883600e-14 6.474750e+03 1.000000e+00
   6367.480020 7.823600e-14 6.477500e+03 1.000000e+00
   6370.190748 7.449300e-14 6.480250e+03 1.000000e+00
   6372.891474 7.109000e-14 6.483000e+03 1.000000e+00
   6375.592199 6.962700e-14 6.485750e+03 1.000000e+00
   6378.292924 6.677600e-14 6.488500e+03 1.000000e+00
   6381.003652 6.737800e-14 6.491250e+03 1.000000e+00
   6383.704377 6.912100e-14 6.494000e+03 1.000000e+00
   6386.405102 7.081500e-14 6.496750e+03 1.000000e+00
   6389.105828 6.896100e-14 6.499500e+03 1.000000e+00
   6391.816556 6.725300e-14 6.502250e+03 1.000000e+00
   6394.517281 6.528700e-14 6.505000e+03 1.000000e+00
   6397.218006 6.758500e-14 6.507750e+03 1.000000e+00
   6399.918732 6.867400e-14 6.510500e+03 1.000000e+00
   6402.629460 6.709400e-14 6.513250e+03 1.000000e+00
   6405.330185 6.768300e-14 6.516000e+03 1.000000e+00
   6408.030910 6.860700e-14 6.518750e+03 1.000000e+00
   6410.731636 6.664600e-14 6.521500e+03 1.000000e+00
   6413.442364 7.017100e-14 6.524250e+03 1.000000e+00
   6416.143089 6.962400e-14 6.527000e+03 1.000000e+00
   6418.843814 6.761000e-14 6.529750e+03 1.000000e+00
   6421.554542 6.797500e-14 6.532500e+03 1.000000e+00
   6424.255268 6.826800e-14 6.535250e+03 1.000000e+00
   6426.955993 6.509000e-14 6.538000e+03 1.000000e+00
   6429.656719 6.590600e-14 6.540750e+03 1.000000e+00
   6432.367447 6.655400e-14 6.543500e+03 1.000000e+00
   6435.068172 6.856600e-14 6.546250e+03 1.000000e+00
   6437.768898 6.858200e-14 6.549000e+03 1.000000e+00
   6440.469623 6.789500e-14 6.551750e+03 1.000000e+00
   6443.180351 6.686800e-14 6.554500e+03 1.000000e+00
   6445.881077 6.400900e-14 6.557250e+03 1.000000e+00
   6448.581802 6.517100e-14 6.560000e+03 1.000000e+00
   6451.282528 6.629300e-14 6.562750e+03 1.000000e+00
   6453.993256 6.673400e-14 6.565500e+03 1.000000e+00
   6456.693981 6.383600e-14 6.568250e+03 1.000000e+00
   6459.394707 6.337100e-14 6.571000e+03 1.000000e+00
   6462.095433 6.677300e-14 6.573750e+03 1.000000e+00
   6464.806161 6.810300e-14 6.576500e+03 1.000000e+00
   6467.506886 6.910700e-14 6.579250e+03 1.000000e+00
   6470.207612 6.822300e-14 6.582000e+03 1.000000e+00
   6472.908337 6.654300e-14 6.584750e+03 1.000000e+00
   6475.619066 6.733200e-14 6.587500e+03 1.000000e+00
   6478.319791 6.771400e-14 6.590250e+03 1.000000e+00
   6481.020517 6.620000e-14 6.593000e+03 1.000000e+00
   6483.721242 6.618400e-14 6.595750e+03 1.000000e+00
   6486.431971 6.644900e-14 6.598500e+03 1.000000e+00
   6489.132696 6.697500e-14 6.601250e+03 1.000000e+00
   6491.833422 6.738200e-14 6.604000e+03 1.000000e+00
   6494.534148 6.381700e-14 6.606750e+03 1.000000e+00
   6497.244876 6.432800e-14 6.609500e+03 1.000000e+00
   6499.945602 6.556500e-14 6.612250e+03 1.000000e+00
   6502.646327 6.680100e-14 6.615000e+03 1.000000e+00
   6505.347053 6.776600e-14 6.617750e+03 1.000000e+00
   6508.057781 6.852500e-14 6.620500e+03 1.000000e+00
   6510.758507 6.945200e-14 6.623250e+03 1.000000e+00
   6513.459233 6.865200e-14 6.626000e+03 1.000000e+00
   6516.159959 6.920200e-14 6.628750e+03 1.000000e+00
   6518.870687 6.860500e-14 6.631500e+03 1.000000e+00
   6521.571413 6.977000e-14 6.634250e+03 1.000000e+00
   6524.272138 7.174100e-14 6.637000e+03 1.000000e+00
   6526.972864 7.213600e-14 6.639750e+03 1.000000e+00
   6529.683593 7.319900e-14 6.642500e+03 1.000000e+00
   6532.384318 7.641300e-14 6.645250e+03 1.000000e+00
   6535.085044 7.800300e-14 6.648000e+03 1.000000e+00
   6537.785770 8.093600e-14 6.650750e+03 1.000000e+00
   6540.496498 8.870800e-14 6.653500e+03 1.000000e+00
   6543.197224 1.006500e-13 6.656250e+03 1.000000e+00
   6545.897950 1.152200e-13 6.659000e+03 1.000000e+00
   6548.598676 1.202600e-13 6.661750e+03 1.000000e+00
   6551.309404 1.234100e-13 6.664500e+03 1.000000e+00
   6554.010130 1.263800e-13 6.667250e+03 1.000000e+00
   6556.710856 1.425200e-13 6.670000e+03 1.000000e+00
   6559.421585 1.727100e-13 6.672750e+03 1.000000e+00
   6562.122311 1.968100e-13 6.675500e+03 1.000000e+00
   6564.823036 1.953800e-13 6.678250e+03 1.000000e+00
   6567.523762 1.695500e-13 6.681000e+03 1.000000e+00
   6570.234491 1.391400e-13 6.683750e+03 1.000000e+00
   6572.935217 1.203800e-13 6.686500e+03 1.000000e+00
   6575.635943 1.225400e-13 6.689250e+03 1.000000e+00
   6578.336669 1.453600e-13 6.692000e+03 1.000000e+00
   6581.047397 1.788900e-13 6.694750e+03 1.000000e+00
   6583.748123 1.988200e-13 6.697500e+03 1.000000e+00
   6586.448849 1.863600e-13 6.700250e+03 1.000000e+00
   6589.149575 1.556400e-13 6.703000e+03 1.000000e+00
   6591.860304 1.227000e-13 6.705750e+03 1.000000e+00
   6594.561030 9.974800e-14 6.708500e+03 1.000000e+00
   6597.261756 8.509400e-14 6.711250e+03 1.000000e+00
   6599.962482 7.695100e-14 6.714000e+03 1.000000e+00
   6602.673210 7.346200e-14 6.716750e+03 1.000000e+00
   6605.373936 7.366700e-14 6.719500e+03 1.000000e+00
   6608.074663 7.049200e-14 6.722250e+03 1.000000e+00
   6610.775389 7.189500e-14 6.725000e+03 1.000000e+00
   6613.486117 7.146800e-14 6.727750e+03 1.000000e+00
   6616.186843 7.193000e-14 6.730500e+03 1.000000e+00
   6618.887569 7.267000e-14 6.733250e+03 1.000000e+00
   6621.588295 7.963300e-14 6.736000e+03 1.000000e+00
   6624.299024 8.968200e-14 6.738750e+03 1.000000e+00
   6626.999750 1.007000e-13 6.741500e+03 1.000000e+00
   6629.700476 1.017600e-13 6.744250e+03 1.000000e+00
   6632.401202 8.788500e-14 6.747000e+03 1.000000e+00
   6635.111931 7.504600e-14 6.749750e+03 1.000000e+00
   6637.812657 6.928200e-14 6.752500e+03 1.000000e+00
   6640.513384 6.860500e-14 6.755250e+03 1.000000e+00
   6643.214110 6.897000e-14 6.758000e+03 1.000000e+00
   6645.924838 6.789700e-14 6.760750e+03 1.000000e+00
   6648.625565 7.075400e-14 6.763500e+03 1.000000e+00
   6651.326291 6.616800e-14 6.766250e+03 1.000000e+00
   6654.027017 6.881300e-14 6.769000e+03 1.000000e+00
   6656.737746 6.748100e-14 6.771750e+03 1.000000e+00
   6659.438472 6.572200e-14 6.774500e+03 1.000000e+00
   6662.139198 6.512600e-14 6.777250e+03 1.000000e+00
   6664.839924 6.644900e-14 6.780000e+03 1.000000e+00
   6667.550653 6.342000e-14 6.782750e+03 1.000000e+00
   6670.251380 6.371400e-14 6.785500e+03 1.000000e+00
   6672.952106 6.463600e-14 6.788250e+03 1.000000e+00
   6675.652832 6.403500e-14 6.791000e+03 1.000000e+00
   6678.363561 6.496400e-14 6.793750e+03 1.000000e+00
   6681.064287 6.445100e-14 6.796500e+03 1.000000e+00
   6683.765013 6.487200e-14 6.799250e+03 1.000000e+00
   6686.465740 6.337200e-14 6.802000e+03 1.000000e+00
   6689.176469 6.395800e-14 6.804750e+03 1.000000e+00
   6691.877195 6.454200e-14 6.807500e+03 1.000000e+00
   6694.577921 6.430900e-14 6.810250e+03 1.000000e+00
   6697.278648 6.408700e-14 6.813000e+03 1.000000e+00
   6699.989377 6.379900e-14 6.815750e+03 1.000000e+00
   6702.690103 6.502900e-14 6.818500e+03 1.000000e+00
   6705.390829 6.829200e-14 6.821250e+03 1.000000e+00
   6708.101558 7.661200e-14 6.824000e+03 1.000000e+00
   6710.802285 8.940100e-14 6.826750e+03 1.000000e+00
   6713.503011 1.086100e-13 6.829500e+03 1.000000e+00
   6722.955553 6.402300e-14 6.839120e+03 0.000000e+00
   6738.449721 6.566000e-14 6.854880e+03 0.000000e+00
   6753.983899 6.430900e-14 6.870680e+03 0.000000e+00
   6769.558089 6.565100e-14 6.886520e+03 0.000000e+00
   6785.162287 6.579800e-14 6.902400e+03 0.000000e+00
   6800.806496 6.444400e-14 6.918310e+03 0.000000e+00
   6816.480713 6.488600e-14 6.934260e+03 0.000000e+00
   6832.194941 6.578400e-14 6.950240e+03 0.000000e+00
   6847.939178 6.310900e-14 6.966260e+03 0.000000e+00
   6863.733428 6.383500e-14 6.982330e+03 0.000000e+00
   6879.557687 6.339100e-14 6.998420e+03 0.000000e+00
   6895.411954 6.237300e-14 7.014550e+03 0.000000e+00
   6911.306232 6.309100e-14 7.030720e+03 0.000000e+00
   6927.240521 6.308700e-14 7.046930e+03 0.000000e+00
   6943.204818 6.440300e-14 7.063180e+03 0.000000e+00
   6959.209127 6.529400e-14 7.079460e+03 0.000000e+00
   6975.253446 6.529000e-14 7.095780e+03 0.000000e+00
   6991.337777 6.513500e-14 7.112140e+03 0.000000e+00
   7007.452116 6.350100e-14 7.128530e+03 0.000000e+00
   7023.606465 6.262600e-14 7.144960e+03 0.000000e+00
   7039.800826 6.467300e-14 7.161430e+03 0.000000e+00
   7056.025196 6.617400e-14 7.177940e+03 0.000000e+00
   7072.289576 6.232400e-14 7.194490e+03 0.000000e+00
   7088.593967 6.421300e-14 7.211080e+03 0.000000e+00
   7104.938369 6.117800e-14 7.227700e+03 0.000000e+00
   7121.312780 6.047300e-14 7.244360e+03 0.000000e+00
   7137.727202 5.950200e-14 7.261060e+03 0.000000e+00
   7154.181635 6.046400e-14 7.277800e+03 0.000000e+00
   7170.676078 6.073900e-14 7.294570e+03 0.000000e+00
   7187.210533 5.962600e-14 7.311390e+03 0.000000e+00
   7203.774996 5.853300e-14 7.328250e+03 0.000000e+00
   7220.379471 6.142900e-14 7.345140e+03 0.000000e+00
   7237.023956 6.142400e-14 7.362070e+03 0.000000e+00
   7253.708452 6.002200e-14 7.379040e+03 0.000000e+00
   7270.432959 5.974100e-14 7.396050e+03 0.000000e+00
   7287.187475 6.056800e-14 7.413100e+03 0.000000e+00
   7303.992004 6.183200e-14 7.430190e+03 0.000000e+00
   7320.826542 6.140100e-14 7.447320e+03 0.000000e+00
   7337.701090 6.282700e-14 7.464490e+03 0.000000e+00
   7354.615650 6.267800e-14 7.481700e+03 0.000000e+00
   7371.570221 6.138700e-14 7.498940e+03 0.000000e+00
   7388.564803 6.487000e-14 7.516230e+03 0.000000e+00
   7405.599396 6.441900e-14 7.533560e+03 0.000000e+00
   7422.663997 6.208400e-14 7.550920e+03 0.000000e+00
   7439.778612 6.337900e-14 7.568330e+03 0.000000e+00
   7456.933237 6.322900e-14 7.585780e+03 0.000000e+00
   7474.117872 6.395600e-14 7.603260e+03 0.000000e+00
   7491.352520 6.336500e-14 7.620790e+03 0.000000e+00
   7508.617176 6.424100e-14 7.638360e+03 0.000000e+00
   7525.931846 6.513000e-14 7.655970e+03 0.000000e+00
   7543.276524 6.497500e-14 7.673610e+03 0.000000e+00
   7560.661214 6.407900e-14 7.691300e+03 0.000000e+00
   7578.095917 6.348600e-14 7.709040e+03 0.000000e+00
   7595.560628 6.289900e-14 7.726810e+03 0.000000e+00
   7613.075353 6.203100e-14 7.744620e+03 0.000000e+00
   7630.620087 6.103500e-14 7.762470e+03 0.000000e+00
   7648.214834 6.145300e-14 7.780370e+03 0.000000e+00
   7665.839590 6.201700e-14 7.798300e+03 0.000000e+00
   7683.514359 5.976900e-14 7.816280e+03 0.000000e+00
   7701.229139 6.004000e-14 7.834300e+03 0.000000e+00
   7718.983930 6.003500e-14 7.852360e+03 0.000000e+00
   7736.768730 5.879900e-14 7.870460e+03 0.000000e+00
   7754.613546 5.865900e-14 7.888600e+03 0.000000e+00
   7772.488371 5.974500e-14 7.906790e+03 0.000000e+00
   7790.403206 5.797900e-14 7.925010e+03 0.000000e+00
   7808.358052 5.810800e-14 7.943280e+03 0.000000e+00
   7826.362913 6.070100e-14 7.961590e+03 0.000000e+00
   7844.397781 5.783100e-14 7.979950e+03 0.000000e+00
   7862.492666 5.958400e-14 7.998340e+03 0.000000e+00
   7880.607557 5.971600e-14 8.016780e+03 0.000000e+00
   7898.772461 6.026400e-14 8.035260e+03 0.000000e+00
   7916.987379 5.915900e-14 8.053780e+03 0.000000e+00
   7935.242308 5.794100e-14 8.072350e+03 0.000000e+00
   7953.527245 5.571200e-14 8.090960e+03 0.000000e+00
   7971.862196 5.793200e-14 8.109610e+03 0.000000e+00
   7990.237159 5.792700e-14 8.128310e+03 0.000000e+00
   8008.662134 5.712700e-14 8.147040e+03 0.000000e+00
   8027.117119 5.981500e-14 8.165820e+03 0.000000e+00
   8045.632119 6.036300e-14 8.184650e+03 0.000000e+00
   8064.177128 5.980500e-14 8.203520e+03 0.000000e+00
   8082.762148 5.790300e-14 8.222430e+03 0.000000e+00
   8101.397182 5.697200e-14 8.241380e+03 0.000000e+00
   8120.072226 5.910500e-14 8.260380e+03 0.000000e+00
   8138.787282 5.964700e-14 8.279420e+03 0.000000e+00
   8157.552352 5.815100e-14 8.298510e+03 0.000000e+00
   8176.357432 5.695300e-14 8.317640e+03 0.000000e+00
   8195.202524 5.603800e-14 8.336810e+03 0.000000e+00
   8214.097629 5.867400e-14 8.356030e+03 0.000000e+00
   8233.032745 5.733300e-14 8.375290e+03 0.000000e+00
   8252.007872 5.920700e-14 8.394600e+03 0.000000e+00
   8271.033013 6.002500e-14 8.413950e+03 0.000000e+00
   8290.098165 5.811600e-14 8.433350e+03 0.000000e+00
   8309.213331 5.757800e-14 8.452790e+03 0.000000e+00
   8328.368508 5.783900e-14 8.472270e+03 0.000000e+00
   8347.563696 5.638800e-14 8.491800e+03 0.000000e+00
   8366.808897 5.769600e-14 8.511380e+03 0.000000e+00
   8386.094110 5.676900e-14 8.531000e+03 0.000000e+00
   8405.429336 5.808600e-14 8.550670e+03 0.000000e+00
   8424.804573 5.610900e-14 8.570380e+03 0.000000e+00
   8444.219822 5.559000e-14 8.590140e+03 0.000000e+00
   8463.685084 5.635900e-14 8.609940e+03 0.000000e+00
   8483.200360 5.570900e-14 8.629790e+03 0.000000e+00
   8502.755646 5.687000e-14 8.649680e+03 0.000000e+00
   8522.360947 5.569900e-14 8.669620e+03 0.000000e+00
   8541.996256 5.556600e-14 8.689600e+03 0.000000e+00
   8561.691581 5.330500e-14 8.709640e+03 0.000000e+00
   8581.426917 5.581200e-14 8.729710e+03 0.000000e+00
   8601.212267 5.542300e-14 8.749840e+03 0.000000e+00
   8621.037628 5.465800e-14 8.770010e+03 0.000000e+00
   8640.913003 5.592600e-14 8.790230e+03 0.000000e+00
   8660.828389 5.328100e-14 8.810490e+03 0.000000e+00
   8680.803791 5.206400e-14 8.830800e+03 0.000000e+00
   8700.809202 5.064100e-14 8.851160e+03 0.000000e+00
   8720.864626 5.513900e-14 8.871560e+03 0.000000e+00
   8740.970064 5.488100e-14 8.892010e+03 0.000000e+00
   8761.125516 5.301300e-14 8.912510e+03 0.000000e+00
   8781.320979 5.550600e-14 8.933050e+03 0.000000e+00
   8801.556452 5.474000e-14 8.953650e+03 0.000000e+00
   8821.851943 5.511400e-14 8.974290e+03 0.000000e+00
   8842.187444 5.574700e-14 8.994980e+03 0.000000e+00
   8862.562956 5.497700e-14 9.015710e+03 0.000000e+00
   8882.998485 5.201700e-14 9.036500e+03 0.000000e+00
   8903.474024 5.273600e-14 9.057330e+03 0.000000e+00
   8923.999578 5.285200e-14 9.078200e+03 0.000000e+00
   8944.575145 5.296900e-14 9.099130e+03 0.000000e+00
   8965.190723 5.175900e-14 9.120110e+03 0.000000e+00
   8985.856315 5.080900e-14 9.141130e+03 0.000000e+00
   9006.571921 5.283300e-14 9.162200e+03 0.000000e+00
   9027.337540 4.622300e-14 9.183330e+03 0.000000e+00
   9048.143170 5.544000e-14 9.204500e+03 0.000000e+00
   9068.998814 5.646500e-14 9.225710e+03 0.000000e+00
   9089.914475 5.330200e-14 9.246980e+03 0.000000e+00
   9110.870147 5.232400e-14 9.268300e+03 0.000000e+00
   9131.865829 4.916500e-14 9.289660e+03 0.000000e+00
   9152.921528 5.219400e-14 9.311080e+03 0.000000e+00
   9174.017238 5.291500e-14 9.332540e+03 0.000000e+00
   9195.162962 5.170500e-14 9.354060e+03 0.000000e+00
   9216.358699 5.242000e-14 9.375620e+03 0.000000e+00
   9237.614453 4.869100e-14 9.397230e+03 0.000000e+00
   9258.900215 4.993600e-14 9.418900e+03 0.000000e+00
   9280.245994 5.462200e-14 9.440610e+03 0.000000e+00
   9301.641786 5.073700e-14 9.462370e+03 0.000000e+00
   9323.087593 5.287900e-14 9.484180e+03 0.000000e+00
   9344.573410 5.275300e-14 9.506050e+03 0.000000e+00
   9366.119243 5.202400e-14 9.527960e+03 0.000000e+00
   9387.705088 5.262100e-14 9.549930e+03 0.000000e+00
   9409.350949 5.153700e-14 9.571940e+03 0.000000e+00
   9431.036821 5.273200e-14 9.594010e+03 0.000000e+00
   9452.782709 5.200300e-14 9.616120e+03 0.000000e+00
   9474.568609 5.284300e-14 9.638290e+03 0.000000e+00
   9496.414525 5.283800e-14 9.660510e+03 0.000000e+00
   9518.300452 5.174900e-14 9.682780e+03 0.000000e+00
   9540.246395 5.162500e-14 9.705100e+03 0.000000e+00
   9562.232349 4.986800e-14 9.727470e+03 0.000000e+00
   9584.278320 5.233300e-14 9.749900e+03 0.000000e+00
   9606.374305 5.184800e-14 9.772370e+03 0.000000e+00
   9628.520303 5.196200e-14 9.794900e+03 0.000000e+00
   9650.716315 5.136200e-14 9.817480e+03 0.000000e+00
   9672.962341 5.123900e-14 9.840110e+03 0.000000e+00
   9695.258380 5.170800e-14 9.862790e+03 0.000000e+00
   9717.604433 5.111100e-14 9.885530e+03 0.000000e+00
   9740.010503 5.063700e-14 9.908320e+03 0.000000e+00
   9762.466586 5.040000e-14 9.931160e+03 0.000000e+00
   9784.962680 4.993200e-14 9.954050e+03 0.000000e+00
   9807.528794 5.073900e-14 9.977000e+03 0.000000e+00
   9830.134918 5.038400e-14 1.000000e+04 0.000000e+00
   9852.791056 5.049500e-14 1.002305e+04 0.000000e+00
   9875.507211 5.014200e-14 1.004615e+04 0.000000e+00
   9898.273379 5.002200e-14 1.006931e+04 0.000000e+00
   9921.099564 4.967300e-14 1.009253e+04 0.000000e+00
   9943.965760 4.989700e-14 1.011580e+04 0.000000e+00
   9966.881970 4.989100e-14 1.013912e+04 0.000000e+00
   9989.858196 4.965700e-14 1.016249e+04 0.000000e+00
  10035.970691 4.919200e-14 1.020939e+04 0.000000e+00
  10082.303248 4.839500e-14 1.025652e+04 0.000000e+00
  10128.835859 4.928400e-14 1.030386e+04 0.000000e+00
  10175.578527 4.871000e-14 1.035142e+04 0.000000e+00
  10222.561262 4.881200e-14 1.039921e+04 0.000000e+00
  10269.744051 4.868900e-14 1.044720e+04 0.000000e+00
  10293.410466 4.846000e-14 1.047129e+04 0.000000e+00
  10508.948899 4.687700e-14 1.069054e+04 0.000000e+00
  10704.331879 4.497200e-14 1.088931e+04 0.000000e+00
  10903.335852 4.304700e-14 1.109175e+04 0.000000e+00
  11106.040838 4.158600e-14 1.129796e+04 0.000000e+00
  11312.516856 4.054600e-14 1.150800e+04 0.000000e+00
  11496.326733 4.008200e-14 1.169499e+04 0.000000e+00
  11710.064741 3.898900e-14 1.191243e+04 0.000000e+00
  11900.346389 3.757900e-14 1.210599e+04 0.000000e+00
  12093.708881 3.680800e-14 1.230269e+04 0.000000e+00
  12290.212233 3.605300e-14 1.250259e+04 0.000000e+00
  12489.906458 3.507100e-14 1.270574e+04 0.000000e+00
  12692.851572 3.419400e-14 1.291219e+04 0.000000e+00
  12899.097589 3.341500e-14 1.312200e+04 0.000000e+00
  13108.684520 3.273000e-14 1.333521e+04 0.000000e+00
  13291.044059 3.176500e-14 1.352073e+04 0.000000e+00
  13507.012735 3.118500e-14 1.374042e+04 0.000000e+00
  13694.913791 3.054500e-14 1.393157e+04 0.000000e+00
  13917.434258 2.957600e-14 1.415794e+04 0.000000e+00
  14111.046875 2.844100e-14 1.435490e+04 0.000000e+00
  14307.350227 2.792200e-14 1.455459e+04 0.000000e+00
  14506.384326 2.798600e-14 1.475707e+04 0.000000e+00
  14708.189182 2.709900e-14 1.496236e+04 0.000000e+00
  14912.804806 2.728600e-14 1.517051e+04 0.000000e+00
  15120.251203 2.722400e-14 1.538154e+04 0.000000e+00
  15295.338807 2.753900e-14 1.555965e+04 0.000000e+00
  15508.116661 2.728600e-14 1.577611e+04 0.000000e+00
  15687.695491 2.678800e-14 1.595879e+04 0.000000e+00
  15905.934838 2.587900e-14 1.618080e+04 0.000000e+00
  16090.114925 2.593900e-14 1.636817e+04 0.000000e+00
  16313.935796 2.576000e-14 1.659586e+04 0.000000e+00
  16502.847176 2.529000e-14 1.678804e+04 0.000000e+00
  16693.949154 2.505800e-14 1.698244e+04 0.000000e+00
  16887.261736 2.454400e-14 1.717909e+04 0.000000e+00
  17122.185640 2.398500e-14 1.741808e+04 0.000000e+00
  17320.439571 2.306500e-14 1.761975e+04 0.000000e+00
  17521.004133 2.238400e-14 1.782379e+04 0.000000e+00
  17723.889330 2.157500e-14 1.803018e+04 0.000000e+00
  17887.893950 2.079400e-14 1.819702e+04 0.000000e+00
  18095.010301 1.985800e-14 1.840771e+04 0.000000e+00
  18304.547313 1.936200e-14 1.862087e+04 0.000000e+00
  18516.504986 1.874800e-14 1.883649e+04 0.000000e+00
  18687.821603 1.794500e-14 1.901077e+04 0.000000e+00
  18904.230491 1.749600e-14 1.923091e+04 0.000000e+00
  19123.130059 1.717700e-14 1.945360e+04 0.000000e+00
  19300.088216 1.659400e-14 1.963361e+04 0.000000e+00
  19523.549029 1.595700e-14 1.986094e+04 0.000000e+00
  19704.208196 1.548600e-14 2.004472e+04 0.000000e+00
  19886.537818 1.503000e-14 2.023020e+04 0.000000e+00
  20116.800488 1.475500e-14 2.046444e+04 0.000000e+00
  20302.941151 1.425400e-14 2.065380e+04 0.000000e+00
  20490.792281 1.405900e-14 2.084490e+04 0.000000e+00
  20728.066865 1.367600e-14 2.108628e+04 0.000000e+00
  20919.869073 1.336400e-14 2.128139e+04 0.000000e+00
  21113.421758 1.312000e-14 2.147829e+04 0.000000e+00
  21308.794941 1.282200e-14 2.167704e+04 0.000000e+00
  21505.968615 1.253000e-14 2.187762e+04 0.000000e+00
  21704.952783 1.213200e-14 2.208004e+04 0.000000e+00
  21905.787456 1.191100e-14 2.228435e+04 0.000000e+00
  22108.492639 1.158600e-14 2.249056e+04 0.000000e+00
  22313.048327 1.127100e-14 2.269865e+04 0.000000e+00
  22519.514537 1.101400e-14 2.290868e+04 0.000000e+00
  22727.871263 1.066700e-14 2.312064e+04 0.000000e+00
  22885.424157 9.553100e-15 2.328092e+04 0.000000e+00
  23097.171808 9.351000e-15 2.349632e+04 0.000000e+00
  23310.889996 8.174400e-15 2.371374e+04 0.000000e+00
  23526.598728 7.637200e-15 2.393317e+04 0.000000e+00
  23689.663126 7.651000e-15 2.409905e+04 0.000000e+00
  23908.872813 6.981900e-15 2.432205e+04 0.000000e+00
  24130.083045 6.685100e-15 2.454708e+04 0.000000e+00
  24297.358593 6.540500e-15 2.471725e+04 0.000000e+00
  24522.159805 6.060400e-15 2.494594e+04 0.000000e+00
  24692.156095 5.913200e-15 2.511887e+04 0.000000e+00
  24920.608303 5.028700e-15 2.535128e+04 0.000000e+00
  25078.701352 5.101800e-15 2.551210e+04 2.000000e+00
  25173.857264 4.925300e-15 2.560890e+04 2.000000e+00
  25268.913149 4.558100e-15 2.570560e+04 2.000000e+00
  25364.069061 4.534800e-15 2.580240e+04 2.000000e+00
  25459.224973 4.705700e-15 2.589920e+04 2.000000e+00
  25554.290861 5.015500e-15 2.599590e+04 2.000000e+00
  25649.446774 4.965800e-15 2.609270e+04 2.000000e+00
  25744.502659 4.977100e-15 2.618940e+04 2.000000e+00
  25839.648570 5.016100e-15 2.628620e+04 2.000000e+00
  25934.804483 5.212400e-15 2.638300e+04 2.000000e+00
  26029.870372 4.909800e-15 2.647970e+04 2.000000e+00
  26125.026285 4.813700e-15 2.657650e+04 2.000000e+00
  26220.182199 4.627200e-15 2.667330e+04 2.000000e+00
  26315.238085 5.168900e-15 2.677000e+04 2.000000e+00
  26410.393999 5.187900e-15 2.686680e+04 2.000000e+00
  26505.449886 5.060600e-15 2.696350e+04 2.000000e+00
  26600.605800 4.931900e-15 2.706030e+04 2.000000e+00
  26695.761715 4.772800e-15 2.715710e+04 2.000000e+00
  26790.817602 4.905100e-15 2.725380e+04 2.000000e+00
  26885.973516 4.664000e-15 2.735060e+04 2.000000e+00
  26981.129431 4.911400e-15 2.744740e+04 2.000000e+00
  27076.185319 4.867800e-15 2.754410e+04 2.000000e+00
  27171.341234 4.111100e-15 2.764090e+04 2.000000e+00
  27266.397122 3.836600e-15 2.773760e+04 2.000000e+00
  27361.553037 3.107700e-15 2.783440e+04 2.000000e+00
  27456.708953 3.869800e-15 2.793120e+04 2.000000e+00
  27551.764841 3.266100e-15 2.802790e+04 2.000000e+00
  27646.920757 3.652300e-15 2.812470e+04 2.000000e+00
  27742.076673 3.145200e-15 2.822150e+04 2.000000e+00
  27837.132562 3.856700e-15 2.831820e+04 2.000000e+00
  27932.288478 4.008100e-15 2.841500e+04 2.000000e+00
  28027.344367 4.484400e-15 2.851170e+04 2.000000e+00
  28122.500283 4.280700e-15 2.860850e+04 2.000000e+00
  28217.656200 4.462400e-15 2.870530e+04 2.000000e+00
  28312.712089 3.911400e-15 2.880200e+04 2.000000e+00
  28407.868006 3.853900e-15 2.889880e+04 2.000000e+00
  28503.023923 3.712700e-15 2.899560e+04 2.000000e+00
  28598.079813 4.161500e-15 2.909230e+04 2.000000e+00
  28693.235730 4.166600e-15 2.918910e+04 2.000000e+00
  28788.291620 4.069900e-15 2.928580e+04 2.000000e+00
  28883.457540 3.926600e-15 2.938260e+04 2.000000e+00
  28978.603455 4.009300e-15 2.947940e+04 2.000000e+00
  29073.659345 3.834000e-15 2.957610e+04 2.000000e+00
  29168.815263 3.807200e-15 2.967290e+04 2.000000e+00
  29263.971181 3.507600e-15 2.976970e+04 2.000000e+00
  29359.037074 3.673700e-15 2.986640e+04 2.000000e+00
  29454.182989 3.662400e-15 2.996320e+04 2.000000e+00
  29549.248883 3.824900e-15 3.005990e+04 2.000000e+00
  29644.404801 3.398100e-15 3.015670e+04 2.000000e+00
  29739.560720 3.485400e-15 3.025350e+04 2.000000e+00
  29834.616611 3.046900e-15 3.035020e+04 2.000000e+00
  29929.772530 3.364700e-15 3.044700e+04 2.000000e+00
  30024.918446 3.255400e-15 3.054380e+04 2.000000e+00
  30119.984340 3.541900e-15 3.064050e+04 2.000000e+00
  30215.140259 3.670200e-15 3.073730e+04 2.000000e+00
  30310.196150 3.669800e-15 3.083400e+04 2.000000e+00
  30405.352070 3.725100e-15 3.093080e+04 2.000000e+00
  30500.507989 3.584500e-15 3.102760e+04 2.000000e+00
  30595.563881 3.182800e-15 3.112430e+04 2.000000e+00
  30690.719800 2.923000e-15 3.122110e+04 2.000000e+00
  30785.875720 2.595300e-15 3.131790e+04 2.000000e+00
  30880.931612 2.991900e-15 3.141460e+04 2.000000e+00
  30976.087532 2.929800e-15 3.151140e+04 2.000000e+00
  31071.143424 3.389700e-15 3.160810e+04 2.000000e+00
  31166.299344 3.393400e-15 3.170490e+04 2.000000e+00
  31261.455264 3.796300e-15 3.180170e+04 2.000000e+00
  31356.511157 3.710600e-15 3.189840e+04 2.000000e+00
  31451.667077 3.615300e-15 3.199520e+04 2.000000e+00
  31546.822997 3.493000e-15 3.209200e+04 2.000000e+00
  31641.878890 3.772200e-15 3.218870e+04 2.000000e+00
  31737.034811 3.706900e-15 3.228550e+04 2.000000e+00
  31832.090704 3.837400e-15 3.238220e+04 2.000000e+00
  31927.246625 3.361600e-15 3.247900e+04 2.000000e+00
  32022.402545 3.642900e-15 3.257580e+04 2.000000e+00
  32117.458439 3.240200e-15 3.267250e+04 2.000000e+00
  32212.614360 3.496200e-15 3.276930e+04 2.000000e+00
  32307.770280 3.573500e-15 3.286610e+04 2.000000e+00
  32402.826174 4.110300e-15 3.296280e+04 2.000000e+00
  32497.982095 3.914300e-15 3.305960e+04 2.000000e+00
  32593.047992 3.645900e-15 3.315630e+04 2.000000e+00
  32688.203913 3.520500e-15 3.325310e+04 2.000000e+00
  32783.349832 3.798600e-15 3.334990e+04 2.000000e+00
  32878.415729 3.461100e-15 3.344660e+04 2.000000e+00
  32973.571650 3.504900e-15 3.354340e+04 2.000000e+00
  33068.717569 3.246600e-15 3.364020e+04 2.000000e+00
  33163.773463 3.754300e-15 3.373690e+04 2.000000e+00
  33258.929385 3.570200e-15 3.383370e+04 2.000000e+00
  33353.995282 3.608300e-15 3.393040e+04 2.000000e+00
  33449.151204 3.575300e-15 3.402720e+04 2.000000e+00
  33544.307126 3.484900e-15 3.412400e+04 2.000000e+00
  33639.363021 3.194300e-15 3.422070e+04 2.000000e+00
  33734.518943 3.214000e-15 3.431750e+04 2.000000e+00
  33829.674865 3.115200e-15 3.441430e+04 2.000000e+00
  33924.730760 3.257000e-15 3.451100e+04 2.000000e+00
  34019.886682 2.843200e-15 3.460780e+04 2.000000e+00
  34114.942577 3.077300e-15 3.470450e+04 2.000000e+00
  34210.098500 2.915000e-15 3.480130e+04 2.000000e+00
  34305.254422 3.655300e-15 3.489810e+04 2.000000e+00
  34400.310318 3.122200e-15 3.499480e+04 2.000000e+00
  34495.466240 3.512700e-15 3.509160e+04 2.000000e+00
  34590.622163 2.928100e-15 3.518840e+04 2.000000e+00
  34685.678059 3.262900e-15 3.528510e+04 2.000000e+00
  34780.833981 3.030200e-15 3.538190e+04 2.000000e+00
  34875.889877 3.121400e-15 3.547860e+04 2.000000e+00
  34971.045800 2.987600e-15 3.557540e+04 2.000000e+00
  35066.201723 3.080600e-15 3.567220e+04 2.000000e+00
  35161.257619 2.731800e-15 3.576890e+04 2.000000e+00
  35256.413542 2.912700e-15 3.586570e+04 2.000000e+00
  35351.569465 2.794200e-15 3.596250e+04 2.000000e+00
  35446.625361 2.964200e-15 3.605920e+04 2.000000e+00
  35541.781285 2.883100e-15 3.615600e+04 2.000000e+00
  35636.837181 3.017700e-15 3.625270e+04 2.000000e+00
  35731.993104 3.083600e-15 3.634950e+04 2.000000e+00
  35827.149028 2.969700e-15 3.644630e+04 2.000000e+00
  35922.204924 2.771100e-15 3.654300e+04 2.000000e+00
  36017.360848 2.764300e-15 3.663980e+04 2.000000e+00
  36112.516772 2.849300e-15 3.673660e+04 2.000000e+00
  36207.582671 3.095800e-15 3.683330e+04 2.000000e+00
  36302.738595 2.598100e-15 3.693010e+04 2.000000e+00
  36397.794492 2.677000e-15 3.702680e+04 2.000000e+00
  36492.940413 2.112100e-15 3.712360e+04 2.000000e+00
  36588.096337 2.608700e-15 3.722040e+04 2.000000e+00
  36683.152234 2.419800e-15 3.731710e+04 2.000000e+00
  36778.308158 2.800500e-15 3.741390e+04 2.000000e+00
  36873.464082 2.746600e-15 3.751070e+04 2.000000e+00
  36968.529982 2.927600e-15 3.760740e+04 2.000000e+00
  37063.685906 3.008600e-15 3.770420e+04 2.000000e+00
  37158.741803 2.994400e-15 3.780090e+04 2.000000e+00
  37253.897727 2.897600e-15 3.789770e+04 2.000000e+00
  37349.053652 2.815000e-15 3.799450e+04 2.000000e+00
  37444.109549 2.777900e-15 3.809120e+04 2.000000e+00
  37539.265474 2.872300e-15 3.818800e+04 2.000000e+00
  37634.421398 2.915100e-15 3.828480e+04 2.000000e+00
  37729.477296 2.934300e-15 3.838150e+04 2.000000e+00
  37824.633220 2.839200e-15 3.847830e+04 2.000000e+00
  37919.689118 2.771200e-15 3.857500e+04 2.000000e+00
  38014.845043 2.724400e-15 3.867180e+04 2.000000e+00
  38110.000968 2.889300e-15 3.876860e+04 2.000000e+00
  38205.056865 2.767600e-15 3.886530e+04 2.000000e+00
  38300.212790 2.768200e-15 3.896210e+04 2.000000e+00
  38395.368715 2.564700e-15 3.905890e+04 2.000000e+00
  38490.424613 2.658300e-15 3.915560e+04 2.000000e+00
  38585.580538 2.554900e-15 3.925240e+04 2.000000e+00
  38680.636436 2.620600e-15 3.934910e+04 2.000000e+00
  38775.792361 2.486500e-15 3.944590e+04 2.000000e+00
  38870.948287 2.584100e-15 3.954270e+04 2.000000e+00
  38966.004185 2.401400e-15 3.963940e+04 2.000000e+00
  39061.160110 2.500400e-15 3.973620e+04 2.000000e+00
  39156.316035 2.530600e-15 3.983300e+04 2.000000e+00
  39251.371934 2.699000e-15 3.992970e+04 2.000000e+00
  39346.527859 2.580200e-15 4.002650e+04 2.000000e+00
  39441.583757 2.574300e-15 4.012320e+04 2.000000e+00
  39536.739683 2.546000e-15 4.022000e+04 2.000000e+00
  39631.895609 2.620300e-15 4.031680e+04 2.000000e+00
  39726.951507 2.579800e-15 4.041350e+04 2.000000e+00
  39822.107433 2.594100e-15 4.051030e+04 2.000000e+00
  39917.263359 2.572500e-15 4.060710e+04 2.000000e+00
  40012.329260 2.516400e-15 4.070380e+04 2.000000e+00
  40107.485186 2.170900e-15 4.080060e+04 2.000000e+00
  40202.531082 2.213300e-15 4.089730e+04 2.000000e+00
  40297.697010 2.247800e-15 4.099410e+04 2.000000e+00
  40392.842934 2.537300e-15 4.109090e+04 2.000000e+00
  40487.908835 2.537600e-15 4.118760e+04 2.000000e+00
  40583.054758 2.479500e-15 4.128440e+04 2.000000e+00
  40678.220687 2.500700e-15 4.138120e+04 2.000000e+00
  40773.276586 2.474500e-15 4.147790e+04 2.000000e+00
  40868.432512 2.057900e-15 4.157470e+04 2.000000e+00
  40963.488411 1.931900e-15 4.167140e+04 2.000000e+00
  41058.644337 1.767500e-15 4.176820e+04 2.000000e+00
  41153.800264 2.136700e-15 4.186500e+04 2.000000e+00
  41248.856163 2.217300e-15 4.196170e+04 2.000000e+00
  41344.012089 2.354200e-15 4.205850e+04 2.000000e+00
  41439.168016 2.351500e-15 4.215530e+04 2.000000e+00
  41534.223915 2.414800e-15 4.225200e+04 2.000000e+00
  41629.379841 2.311100e-15 4.234880e+04 2.000000e+00
  41724.435741 2.143300e-15 4.244550e+04 2.000000e+00
  41819.591667 2.241800e-15 4.254230e+04 2.000000e+00
  41914.747594 2.392600e-15 4.263910e+04 2.000000e+00
  42009.803493 2.483500e-15 4.273580e+04 2.000000e+00
  42104.959420 2.251500e-15 4.283260e+04 2.000000e+00
  42200.115347 2.125900e-15 4.292940e+04 2.000000e+00
  42295.171246 2.257300e-15 4.302610e+04 2.000000e+00
  42390.327173 2.203700e-15 4.312290e+04 2.000000e+00
  42485.383073 2.141400e-15 4.321960e+04 2.000000e+00
  42580.539000 2.122400e-15 4.331640e+04 2.000000e+00
  42675.694926 2.253100e-15 4.341320e+04 2.000000e+00
  42770.750826 2.385400e-15 4.350990e+04 2.000000e+00
  42865.906753 2.434400e-15 4.360670e+04 2.000000e+00
  42961.062680 2.394000e-15 4.370350e+04 2.000000e+00
  43056.128583 2.400100e-15 4.380020e+04 2.000000e+00
  43151.274507 2.123500e-15 4.389700e+04 2.000000e+00
  43246.340410 2.028500e-15 4.399370e+04 2.000000e+00
  43341.486334 1.808300e-15 4.409050e+04 2.000000e+00
  43436.642261 1.986700e-15 4.418730e+04 2.000000e+00
  43531.708164 2.025500e-15 4.428400e+04 2.000000e+00
  43626.854089 2.062300e-15 4.438080e+04 2.000000e+00
  43722.020019 2.012500e-15 4.447760e+04 2.000000e+00
  43817.075919 2.099500e-15 4.457430e+04 2.000000e+00
  43912.231846 2.015500e-15 4.467110e+04 2.000000e+00
  44007.287746 2.195600e-15 4.476780e+04 2.000000e+00
  44102.443674 2.048600e-15 4.486460e+04 2.000000e+00
  44197.589598 2.267000e-15 4.496140e+04 2.000000e+00
  44292.655501 2.062400e-15 4.505810e+04 2.000000e+00
  44387.811429 2.132600e-15 4.515490e+04 2.000000e+00
  44482.967356 2.045100e-15 4.525170e+04 2.000000e+00
  44578.023257 2.087700e-15 4.534840e+04 2.000000e+00
  44673.179184 1.719100e-15 4.544520e+04 2.000000e+00
  44768.235085 1.657500e-15 4.554190e+04 2.000000e+00
  44863.391012 1.272400e-15 4.563870e+04 2.000000e+00
  44958.546940 1.637000e-15 4.573550e+04 2.000000e+00
  45053.602841 1.724700e-15 4.583220e+04 2.000000e+00
  45148.758768 2.119600e-15 4.592900e+04 2.000000e+00
  45243.914696 1.869400e-15 4.602580e+04 2.000000e+00
  45338.970597 1.901700e-15 4.612250e+04 2.000000e+00
  45434.126525 1.658800e-15 4.621930e+04 2.000000e+00
  45529.182425 1.953500e-15 4.631600e+04 2.000000e+00
  45624.338353 1.719900e-15 4.641280e+04 2.000000e+00
  45719.494281 1.919400e-15 4.650960e+04 2.000000e+00
  45814.550182 1.779000e-15 4.660630e+04 2.000000e+00
  45909.706110 2.009800e-15 4.670310e+04 2.000000e+00
  46004.862038 1.939800e-15 4.679990e+04 2.000000e+00
  46099.917939 2.013600e-15 4.689660e+04 2.000000e+00
  46195.073867 1.729100e-15 4.699340e+04 2.000000e+00
  46290.129768 1.858700e-15 4.709010e+04 2.000000e+00
  46385.285696 1.742800e-15 4.718690e+04 2.000000e+00
  46480.451627 2.059900e-15 4.728370e+04 2.000000e+00
  46575.497525 2.060800e-15 4.738040e+04 2.000000e+00
  46670.653453 2.239800e-15 4.747720e+04 2.000000e+00
  46765.809381 2.297100e-15 4.757400e+04 2.000000e+00
  46860.865282 2.318100e-15 4.767070e+04 2.000000e+00
  46956.021211 2.250100e-15 4.776750e+04 2.000000e+00
  47051.077112 2.076400e-15 4.786420e+04 2.000000e+00
  47146.233040 2.012600e-15 4.796100e+04 2.000000e+00
  47241.398971 2.020700e-15 4.805780e+04 2.000000e+00
  47336.454872 2.117600e-15 4.815450e+04 2.000000e+00
  47431.610801 2.111700e-15 4.825130e+04 2.000000e+00
  47526.756727 2.066500e-15 4.834810e+04 2.000000e+00
  47621.822631 2.081000e-15 4.844480e+04 2.000000e+00
  47716.968556 2.038100e-15 4.854160e+04 2.000000e+00
  47812.034460 2.083400e-15 4.863830e+04 2.000000e+00
  47907.180386 1.956000e-15 4.873510e+04 2.000000e+00
  48002.346318 2.025100e-15 4.883190e+04 2.000000e+00
  48097.402219 1.988600e-15 4.892860e+04 2.000000e+00
  48192.558148 1.911000e-15 4.902540e+04 2.000000e+00
  48287.714076 1.840100e-15 4.912220e+04 2.000000e+00
  48382.769978 1.879100e-15 4.921890e+04 2.000000e+00
  48477.925906 1.964400e-15 4.931570e+04 2.000000e+00
  48573.962075 1.877200e-15 4.941340e+04 2.000000e+00
  49059.704434 1.821800e-15 4.990753e+04 0.000000e+00
  49550.298115 1.765900e-15 5.040661e+04 0.000000e+00
  50045.803135 1.709400e-15 5.091067e+04 0.000000e+00
  50546.259506 1.652400e-15 5.141978e+04 0.000000e+00
  51051.717239 1.594800e-15 5.193398e+04 0.000000e+00
  51562.236352 1.536600e-15 5.245332e+04 0.000000e+00
  52077.856856 1.477800e-15 5.297785e+04 0.000000e+00
  52451.288615 1.435300e-15 5.335773e+04 3.000000e+00
  52755.871613 1.511500e-15 5.366758e+04 3.000000e+00
  53060.474616 1.616500e-15 5.397744e+04 3.000000e+00
  53365.057614 1.683300e-15 5.428729e+04 3.000000e+00
  53669.640613 1.480500e-15 5.459714e+04 3.000000e+00
  53974.233614 1.270300e-15 5.490700e+04 3.000000e+00
  54278.826616 1.369600e-15 5.521685e+04 3.000000e+00
  54583.409615 1.405500e-15 5.552670e+04 3.000000e+00
  54888.002616 1.472900e-15 5.583656e+04 3.000000e+00
  55192.595619 1.650800e-15 5.614641e+04 3.000000e+00
  55497.188621 1.371100e-15 5.645627e+04 3.000000e+00
  55801.771620 1.330700e-15 5.676612e+04 3.000000e+00
  56106.374626 1.288600e-15 5.707598e+04 3.000000e+00
  56410.957626 1.219800e-15 5.738583e+04 3.000000e+00
  56715.540626 1.366200e-15 5.769568e+04 3.000000e+00
  57020.123626 1.410500e-15 5.800553e+04 3.000000e+00
  57324.726632 1.292500e-15 5.831539e+04 3.000000e+00
  57629.319635 1.247900e-15 5.862525e+04 3.000000e+00
  57933.902636 1.257300e-15 5.893510e+04 3.000000e+00
  58238.495639 1.264200e-15 5.924495e+04 3.000000e+00
  58543.088643 1.326900e-15 5.955481e+04 3.000000e+00
  58847.681647 1.301500e-15 5.986466e+04 3.000000e+00
  59152.264648 1.328000e-15 6.017451e+04 3.000000e+00
  59456.857653 1.261600e-15 6.048437e+04 3.000000e+00
  59761.440654 1.213300e-15 6.079422e+04 3.000000e+00
  60066.033659 1.263300e-15 6.110407e+04 3.000000e+00
  60370.626663 1.265200e-15 6.141393e+04 3.000000e+00
  60675.219668 1.264400e-15 6.172378e+04 3.000000e+00
  60979.802670 1.286400e-15 6.203363e+04 3.000000e+00
  61284.395675 1.293900e-15 6.234349e+04 3.000000e+00
  61588.978677 1.323200e-15 6.265334e+04 3.000000e+00
  61893.571682 1.363700e-15 6.296319e+04 3.000000e+00
  62198.164688 1.448600e-15 6.327305e+04 3.000000e+00
  62502.757693 1.431200e-15 6.358290e+04 3.000000e+00
  62807.350699 1.439700e-15 6.389276e+04 3.000000e+00
  63111.933702 1.363900e-15 6.420261e+04 3.000000e+00
  63416.516705 1.247100e-15 6.451246e+04 3.000000e+00
  63721.119713 1.254700e-15 6.482232e+04 3.000000e+00
  64025.702716 1.266800e-15 6.513217e+04 3.000000e+00
  64330.285720 1.256400e-15 6.544202e+04 3.000000e+00
  64634.888729 1.198100e-15 6.575188e+04 3.000000e+00
  64939.471732 1.212100e-15 6.606173e+04 3.000000e+00
  65244.054736 1.132500e-15 6.637158e+04 3.000000e+00
  65548.657745 1.152300e-15 6.668145e+04 3.000000e+00
  65853.240749 1.099300e-15 6.699129e+04 3.000000e+00
  66157.823753 1.116400e-15 6.730114e+04 3.000000e+00
  66462.416760 1.110200e-15 6.761100e+04 3.000000e+00
  66767.009767 1.204000e-15 6.792085e+04 3.000000e+00
  67071.602774 1.253600e-15 6.823071e+04 3.000000e+00
  67376.195781 1.152500e-15 6.854056e+04 3.000000e+00
  67680.778785 1.185400e-15 6.885041e+04 3.000000e+00
  67985.371793 1.223800e-15 6.916027e+04 3.000000e+00
  68289.954797 1.247000e-15 6.947012e+04 3.000000e+00
  68594.547805 1.369600e-15 6.977998e+04 3.000000e+00
  68899.140812 1.614200e-15 7.008983e+04 3.000000e+00
  69203.723817 1.642100e-15 7.039968e+04 3.000000e+00
  69508.326828 1.470000e-15 7.070954e+04 3.000000e+00
  69812.909833 1.638800e-15 7.101939e+04 3.000000e+00
  70117.492838 1.369200e-15 7.132924e+04 3.000000e+00
  70422.095849 1.238900e-15 7.163910e+04 3.000000e+00
  70726.668851 1.299900e-15 7.194895e+04 3.000000e+00
  71031.271862 1.206000e-15 7.225881e+04 3.000000e+00
  71335.854868 1.284200e-15 7.256866e+04 3.000000e+00
  71640.447876 1.305700e-15 7.287851e+04 3.000000e+00
  71945.050887 1.365500e-15 7.318838e+04 3.000000e+00
  72249.623890 1.322200e-15 7.349822e+04 3.000000e+00
  72554.216899 1.407800e-15 7.380807e+04 3.000000e+00
  72858.809907 1.371800e-15 7.411793e+04 3.000000e+00
  73163.402916 1.294900e-15 7.442778e+04 3.000000e+00
  73467.985922 1.384100e-15 7.473763e+04 3.000000e+00
  73772.568928 1.453900e-15 7.504748e+04 3.000000e+00
  74057.236507 1.242700e-15 7.533706e+04 3.000000e+00
  74077.171940 1.364800e-15 7.535734e+04 3.000000e+00
  74381.764948 1.280200e-15 7.566720e+04 3.000000e+00
  74667.612849 1.388500e-15 7.595799e+04 3.000000e+00
  74686.347955 1.501500e-15 7.597705e+04 3.000000e+00
  75278.009197 1.364500e-15 7.657894e+04 3.000000e+00
  75888.395543 1.414300e-15 7.719988e+04 3.000000e+00
  76498.791891 1.399700e-15 7.782082e+04 3.000000e+00
  77109.188240 1.403900e-15 7.844176e+04 3.000000e+00
  77719.584589 1.405500e-15 7.906271e+04 3.000000e+00
  78329.980939 1.439200e-15 7.968365e+04 3.000000e+00
  78940.367286 1.366600e-15 8.030459e+04 3.000000e+00
  79550.773638 1.345100e-15 8.092554e+04 3.000000e+00
  80161.159985 1.480500e-15 8.154648e+04 3.000000e+00
  80771.546333 1.382300e-15 8.216741e+04 3.000000e+00
  81381.942684 1.326700e-15 8.278836e+04 3.000000e+00
  81992.339034 1.337000e-15 8.340930e+04 3.000000e+00
  82602.735385 1.313300e-15 8.403025e+04 3.000000e+00
  83213.131736 1.313900e-15 8.465119e+04 3.000000e+00
  83823.528088 1.339200e-15 8.527213e+04 3.000000e+00
  84433.914436 1.380200e-15 8.589307e+04 3.000000e+00
  85044.320791 1.380100e-15 8.651402e+04 3.000000e+00
  85654.697137 1.362900e-15 8.713495e+04 3.000000e+00
  86265.093489 1.355100e-15 8.775590e+04 3.000000e+00
  86875.489842 1.372300e-15 8.837684e+04 3.000000e+00
  87485.886194 1.374700e-15 8.899778e+04 3.000000e+00
  88096.272544 1.386900e-15 8.961872e+04 3.000000e+00
  88706.668897 1.395300e-15 9.023966e+04 3.000000e+00
  89317.055247 1.400700e-15 9.086060e+04 3.000000e+00
  89927.461603 1.422800e-15 9.148155e+04 3.000000e+00
  90537.847953 1.429000e-15 9.210249e+04 3.000000e+00
  91148.244306 1.430700e-15 9.272344e+04 3.000000e+00
  91758.640660 1.464000e-15 9.334438e+04 3.000000e+00
  92369.027011 1.500600e-15 9.396532e+04 3.000000e+00
  92979.423365 1.497400e-15 9.458626e+04 3.000000e+00
  93589.809716 1.543100e-15 9.520720e+04 3.000000e+00
  94200.216073 1.565700e-15 9.582815e+04 3.000000e+00
  94810.602424 1.599700e-15 9.644909e+04 3.000000e+00
  95420.988776 1.643900e-15 9.707002e+04 3.000000e+00
  96031.395133 1.769300e-15 9.769098e+04 3.000000e+00
  96641.791488 2.018200e-15 9.831192e+04 3.000000e+00
  97252.177840 1.871600e-15 9.893286e+04 3.000000e+00
  97862.574195 1.761100e-15 9.955380e+04 3.000000e+00
  98472.930539 1.758700e-15 1.001747e+05 3.000000e+00
  99083.366905 1.793900e-15 1.007957e+05 3.000000e+00
  99693.723249 1.804600e-15 1.014166e+05 3.000000e+00
 100304.179621 1.798800e-15 1.020376e+05 3.000000e+00
 100914.525963 1.826300e-15 1.026585e+05 3.000000e+00
 101524.972332 1.821700e-15 1.032795e+05 3.000000e+00
 102135.338680 1.810400e-15 1.039004e+05 3.000000e+00
 102745.685022 1.810400e-15 1.045213e+05 3.000000e+00
 103356.131391 1.816600e-15 1.051423e+05 3.000000e+00
 103966.487737 1.825400e-15 1.057632e+05 3.000000e+00
 104576.944109 1.836100e-15 1.063842e+05 3.000000e+00
 105187.290452 1.854900e-15 1.070051e+05 3.000000e+00
 105797.646797 1.848700e-15 1.076260e+05 3.000000e+00
 106408.093167 1.876800e-15 1.082470e+05 3.000000e+00
 107018.449513 1.867100e-15 1.088679e+05 3.000000e+00
 107628.895883 1.873500e-15 1.094889e+05 3.000000e+00
 108239.242226 1.883100e-15 1.101098e+05 3.000000e+00
 108849.698599 1.886100e-15 1.107308e+05 3.000000e+00
 109460.054945 1.868200e-15 1.113517e+05 3.000000e+00
 110070.401288 1.862200e-15 1.119726e+05 3.000000e+00
 110680.857662 1.895300e-15 1.125936e+05 3.000000e+00
 111291.204005 1.927100e-15 1.132145e+05 3.000000e+00
 111901.650376 1.948200e-15 1.138355e+05 3.000000e+00
 112512.006722 2.094300e-15 1.144564e+05 3.000000e+00
 113122.453093 2.073900e-15 1.150774e+05 3.000000e+00
 113732.809440 2.000900e-15 1.156983e+05 3.000000e+00
 114343.155784 1.949800e-15 1.163192e+05 3.000000e+00
 114953.612158 1.893700e-15 1.169402e+05 3.000000e+00
 115563.968505 1.846300e-15 1.175611e+05 3.000000e+00
 116174.404873 1.799400e-15 1.181821e+05 3.000000e+00
 116784.761220 1.764600e-15 1.188030e+05 3.000000e+00
 117395.217594 1.774800e-15 1.194240e+05 3.000000e+00
 118005.563939 1.766100e-15 1.200449e+05 3.000000e+00
 118615.920286 1.773500e-15 1.206658e+05 3.000000e+00
 119226.376660 1.764400e-15 1.212868e+05 3.000000e+00
 119836.723005 1.767300e-15 1.219077e+05 3.000000e+00
 120447.169377 1.768900e-15 1.225287e+05 3.000000e+00
 121057.515721 1.750900e-15 1.231496e+05 3.000000e+00
 121667.882072 1.742400e-15 1.237705e+05 3.000000e+00
 122278.328444 1.751500e-15 1.243915e+05 3.000000e+00
 122888.674789 1.823700e-15 1.250124e+05 3.000000e+00
 123499.131163 1.749100e-15 1.256334e+05 3.000000e+00
 124109.487511 1.721400e-15 1.262543e+05 3.000000e+00
 124719.933883 1.691000e-15 1.268753e+05 3.000000e+00
 125330.290231 1.689100e-15 1.274962e+05 3.000000e+00
 125940.636576 1.685800e-15 1.281171e+05 3.000000e+00
 126551.092952 1.713500e-15 1.287381e+05 3.000000e+00
 127161.439297 1.763400e-15 1.293590e+05 3.000000e+00
 127771.885670 2.029400e-15 1.299800e+05 3.000000e+00
 128382.242018 2.151200e-15 1.306009e+05 3.000000e+00
 128992.588363 1.794100e-15 1.312218e+05 3.000000e+00
 129603.044739 1.691600e-15 1.318428e+05 3.000000e+00
 130213.401087 1.643900e-15 1.324637e+05 3.000000e+00
 130823.847460 1.620900e-15 1.330847e+05 3.000000e+00
 131434.193805 1.633800e-15 1.337056e+05 3.000000e+00
 132044.640178 1.629900e-15 1.343266e+05 3.000000e+00
 132655.006529 1.642200e-15 1.349475e+05 3.000000e+00
 133265.362878 1.661400e-15 1.355684e+05 3.000000e+00
 133875.809251 1.671100e-15 1.361894e+05 3.000000e+00
 134486.155597 1.690600e-15 1.368103e+05 3.000000e+00
 135096.601970 1.694600e-15 1.374313e+05 3.000000e+00
 135706.958319 1.697300e-15 1.380522e+05 3.000000e+00
 136317.414695 1.709900e-15 1.386732e+05 3.000000e+00
 136927.751038 1.731400e-15 1.392941e+05 3.000000e+00
 137538.117390 1.730200e-15 1.399150e+05 3.000000e+00
 138148.563763 1.753300e-15 1.405360e+05 3.000000e+00
 138758.920112 1.754900e-15 1.411569e+05 3.000000e+00
 139369.356483 1.756200e-15 1.417779e+05 3.000000e+00
 139979.712832 1.747100e-15 1.423988e+05 3.000000e+00
 140590.169208 1.697300e-15 1.430198e+05 3.000000e+00
 141200.525557 1.623400e-15 1.436407e+05 3.000000e+00
 141810.871904 1.545300e-15 1.442616e+05 3.000000e+00
 142421.328280 1.533700e-15 1.448826e+05 3.000000e+00
 142946.551427 1.772700e-15 1.454169e+05 3.000000e+00
 143847.867075 1.782900e-15 1.463338e+05 3.000000e+00
 144749.292754 1.765500e-15 1.472508e+05 3.000000e+00
 145650.618406 1.771600e-15 1.481677e+05 3.000000e+00
 146551.934054 1.753800e-15 1.490846e+05 3.000000e+00
 147453.259706 1.772500e-15 1.500015e+05 3.000000e+00
 148354.685385 1.754300e-15 1.509185e+05 3.000000e+00
 149256.011037 1.773900e-15 1.518354e+05 3.000000e+00
 150157.326686 1.806400e-15 1.527523e+05 3.000000e+00
 151058.752365 2.000900e-15 1.536693e+05 3.000000e+00
 151960.078017 1.736800e-15 1.545862e+05 3.000000e+00
 152861.393667 1.785600e-15 1.555031e+05 3.000000e+00
 153762.729322 1.775200e-15 1.564200e+05 3.000000e+00
 154664.144998 1.810800e-15 1.573370e+05 3.000000e+00
 155565.480653 1.998700e-15 1.582539e+05 3.000000e+00
 156466.796303 1.938200e-15 1.591708e+05 3.000000e+00
 157368.211980 1.855300e-15 1.600878e+05 3.000000e+00
 158269.547635 1.832000e-15 1.610047e+05 3.000000e+00
 159170.853282 1.855500e-15 1.619216e+05 3.000000e+00
 160072.278962 1.862500e-15 1.628386e+05 3.000000e+00
 160973.604615 1.875500e-15 1.637555e+05 3.000000e+00
 161874.920265 1.889900e-15 1.646724e+05 3.000000e+00
 162776.255921 1.865400e-15 1.655893e+05 3.000000e+00
 163677.691603 1.930300e-15 1.665063e+05 3.000000e+00
 164578.987248 1.961900e-15 1.674232e+05 3.000000e+00
 165480.322904 1.945300e-15 1.683401e+05 3.000000e+00
 166381.648557 1.956100e-15 1.692570e+05 3.000000e+00
 167283.074237 1.930900e-15 1.701740e+05 3.000000e+00
 168184.399890 1.900700e-15 1.710909e+05 3.000000e+00
 169085.735546 1.950400e-15 1.720078e+05 3.000000e+00
 169987.151224 2.224600e-15 1.729248e+05 3.000000e+00
 170888.466875 2.213800e-15 1.738417e+05 3.000000e+00
 171789.792528 1.998400e-15 1.747586e+05 3.000000e+00
 172691.218209 1.963600e-15 1.756756e+05 3.000000e+00
 173592.533859 1.943800e-15 1.765925e+05 3.000000e+00
 174493.859513 1.960100e-15 1.775094e+05 3.000000e+00
 175395.175164 1.961600e-15 1.784263e+05 3.000000e+00
 176296.600845 1.963600e-15 1.793433e+05 3.000000e+00
 177197.926498 1.933900e-15 1.802602e+05 3.000000e+00
 178099.242149 1.921000e-15 1.811771e+05 3.000000e+00
 179000.667830 1.936100e-15 1.820941e+05 3.000000e+00
 179901.993484 1.942000e-15 1.830110e+05 3.000000e+00
 180803.309135 1.940800e-15 1.839279e+05 3.000000e+00
 181704.734816 1.923300e-15 1.848449e+05 3.000000e+00
 182606.060470 1.928800e-15 1.857618e+05 3.000000e+00
 183507.396127 1.961700e-15 1.866787e+05 3.000000e+00
 184408.701775 1.931900e-15 1.875956e+05 3.000000e+00
 185310.127456 1.983500e-15 1.885126e+05 3.000000e+00
 186211.453110 1.951800e-15 1.894295e+05 3.000000e+00
 187112.768762 1.970600e-15 1.903464e+05 3.000000e+00
 188014.204446 2.005700e-15 1.912634e+05 3.000000e+00
 188915.540103 1.953700e-15 1.921803e+05 3.000000e+00
 189816.835749 1.971100e-15 1.930972e+05 3.000000e+00
 190718.171406 1.896200e-15 1.940141e+05 3.000000e+00
 191619.607090 1.914200e-15 1.949311e+05 3.000000e+00
 192520.922742 1.864800e-15 1.958480e+05 3.000000e+00
 193422.248396 1.884700e-15 1.967649e+05 3.000000e+00
 194323.674078 1.837700e-15 1.976819e+05 3.000000e+00
 195224.989729 1.800700e-15 1.985988e+05 3.000000e+00
 196126.315384 1.826800e-15 1.995157e+05 3.000000e+00
 197027.641038 1.843400e-15 2.004326e+05 3.000000e+00
 197929.066720 1.816600e-15 2.013496e+05 3.000000e+00
 198830.382372 1.829500e-15 2.022665e+05 3.000000e+00
 199731.708026 1.773700e-15 2.031834e+05 3.000000e+00
 200633.133708 2.029500e-15 2.041004e+05 3.000000e+00
 202060.462724 1.640500e-15 2.055524e+05 3.000000e+00
 203785.632916 1.862600e-15 2.073074e+05 3.000000e+00
 205511.803381 1.768400e-15 2.090634e+05 3.000000e+00
 207238.974118 1.674400e-15 2.108204e+05 3.000000e+00
 208967.005090 1.801400e-15 2.125783e+05 3.000000e+00
 210695.916303 1.758800e-15 2.143371e+05 3.000000e+00
 212425.817785 1.661300e-15 2.160969e+05 3.000000e+00
 214156.629515 1.739400e-15 2.178576e+05 3.000000e+00
 215888.391504 1.801700e-15 2.196193e+05 3.000000e+00
 217621.143764 1.688500e-15 2.213820e+05 3.000000e+00
 219354.776263 1.618800e-15 2.231456e+05 3.000000e+00
 221089.409035 1.706500e-15 2.249102e+05 3.000000e+00
 222824.922047 1.743900e-15 2.266757e+05 3.000000e+00
 224561.395321 1.675800e-15 2.284422e+05 3.000000e+00
 226298.868867 1.618300e-15 2.302097e+05 3.000000e+00
 228037.232656 1.646800e-15 2.319781e+05 3.000000e+00
 229776.576713 1.685500e-15 2.337475e+05 3.000000e+00
 231516.911039 1.669500e-15 2.355179e+05 3.000000e+00
 233258.115603 1.599300e-15 2.372892e+05 3.000000e+00
 235000.410464 1.604200e-15 2.390616e+05 3.000000e+00
 236743.495541 1.610500e-15 2.408348e+05 3.000000e+00
 238487.630903 1.634300e-15 2.426091e+05 3.000000e+00
 240232.786544 1.560500e-15 2.443844e+05 3.000000e+00
 241978.812422 1.525000e-15 2.461606e+05 3.000000e+00
 243725.808565 1.561900e-15 2.479378e+05 3.000000e+00
 245473.804980 1.724100e-15 2.497160e+05 3.000000e+00
 247222.671633 1.560400e-15 2.514951e+05 3.000000e+00
 248972.638585 1.509900e-15 2.532753e+05 3.000000e+00
 250723.485778 1.486800e-15 2.550564e+05 3.000000e+00
 252475.413265 1.475400e-15 2.568386e+05 3.000000e+00
 254228.200986 1.726700e-15 2.586217e+05 3.000000e+00
 255982.018989 1.479200e-15 2.604058e+05 3.000000e+00
 257736.787250 1.492400e-15 2.621909e+05 3.000000e+00
 259492.535779 1.461300e-15 2.639770e+05 3.000000e+00
 261249.274577 1.433200e-15 2.657641e+05 3.000000e+00
 263007.023651 1.426000e-15 2.675522e+05 3.000000e+00
 264765.722984 1.418200e-15 2.693413e+05 3.000000e+00
 266525.402584 1.419900e-15 2.711314e+05 3.000000e+00
 268286.072455 1.404800e-15 2.729225e+05 3.000000e+00
 270047.722592 1.381200e-15 2.747146e+05 3.000000e+00
 271810.473029 1.345100e-15 2.765078e+05 3.000000e+00
 273574.093704 1.359100e-15 2.783019e+05 3.000000e+00
 275338.694646 1.386900e-15 2.800970e+05 3.000000e+00
 277104.365879 1.378900e-15 2.818932e+05 3.000000e+00
 278871.047388 1.325400e-15 2.836904e+05 3.000000e+00
 280638.599134 1.322400e-15 2.854885e+05 3.000000e+00
 282407.221172 1.296600e-15 2.872877e+05 3.000000e+00
 284176.853486 1.306500e-15 2.890879e+05 3.000000e+00
 285947.566093 1.286000e-15 2.908892e+05 3.000000e+00
 287719.228960 1.309900e-15 2.926915e+05 3.000000e+00
 289491.822081 1.251200e-15 2.944947e+05 3.000000e+00
 291265.545509 1.323400e-15 2.962991e+05 3.000000e+00
 293040.189189 1.253000e-15 2.981044e+05 3.000000e+00
 294815.873151 1.245900e-15 2.999108e+05 3.000000e+00
 296592.577393 1.214800e-15 3.017182e+05 3.000000e+00
 298370.261901 1.258800e-15 3.035266e+05 3.000000e+00
 300149.016701 1.273500e-15 3.053361e+05 3.000000e+00
 301928.761771 1.223400e-15 3.071466e+05 3.000000e+00
 303709.487108 1.200100e-15 3.089581e+05 3.000000e+00
 305491.292739 1.210600e-15 3.107707e+05 3.000000e+00
 307274.198671 1.173400e-15 3.125844e+05 3.000000e+00
 309058.054862 1.139900e-15 3.143991e+05 3.000000e+00
 310842.931330 1.155200e-15 3.162148e+05 3.000000e+00
 312628.758058 1.185600e-15 3.180315e+05 3.000000e+00
 314415.775110 1.150000e-15 3.198494e+05 3.000000e+00
 316203.692408 1.126000e-15 3.216682e+05 3.000000e+00
 317992.740013 1.157900e-15 3.234882e+05 3.000000e+00
 319782.717873 1.089800e-15 3.253091e+05 3.000000e+00
 321573.856048 1.128200e-15 3.271312e+05 3.000000e+00
 323366.014502 1.102500e-15 3.289543e+05 3.000000e+00
 325159.083203 1.074900e-15 3.307784e+05 3.000000e+00
 326953.302219 1.100500e-15 3.326036e+05 3.000000e+00
 328748.581523 1.294900e-15 3.344299e+05 3.000000e+00
 330544.911113 1.152400e-15 3.362573e+05 3.000000e+00
 332342.290990 1.092700e-15 3.380857e+05 3.000000e+00
 334140.681142 1.188600e-15 3.399152e+05 3.000000e+00
 335940.081570 1.070800e-15 3.417457e+05 3.000000e+00
 337740.592300 1.025400e-15 3.435773e+05 3.000000e+00
 339542.273350 1.065900e-15 3.454101e+05 3.000000e+00
 341344.804631 1.076700e-15 3.472438e+05 3.000000e+00
 343148.546241 1.133500e-15 3.490787e+05 3.000000e+00
