# An Atlas of Galaxy Spectral Energy Distributions from the Ultraviolet to the Mid-Infrared
# Brown et al. (2014)
# http://dx.doi.org/10.5072/03/529D3551F0117
# 
# Column 1 : Restframe Wavelength (Angstrom)
# Column 2 : Flux per unit wavelength (ergs/s/cm^2/Angstrom)
# Column 3 : Observed wavelength (Angstrom)
# Column 4 : Source (0 = model, 1 = Optical Spectrum, 2 = Akari, 3 = Spitzer IRS)
# 
# CONVERTED air -> vacuum (Morton 2000/SDSS) above 2000 A by sedfit; wavelengths below are unchanged (already vacuum by convention).
    100.110000 3.915700e-21 1.004600e+02 0.000000e+00
    101.970000 5.161900e-21 1.023300e+02 0.000000e+00
    104.100000 6.149100e-21 1.044700e+02 0.000000e+00
    106.040000 7.495700e-21 1.064100e+02 0.000000e+00
    108.010000 9.371500e-21 1.083900e+02 0.000000e+00
    110.020000 1.332900e-20 1.104100e+02 0.000000e+00
    113.890000 1.831500e-20 1.142900e+02 0.000000e+00
    117.890000 2.370300e-20 1.183000e+02 0.000000e+00
    120.910000 9.307000e-20 1.213400e+02 0.000000e+00
    124.870000 1.129300e-19 1.253100e+02 0.000000e+00
    126.900000 1.201700e-19 1.273500e+02 0.000000e+00
    128.080000 1.264200e-19 1.285300e+02 0.000000e+00
    131.060000 1.367100e-19 1.315200e+02 0.000000e+00
    131.970000 1.613700e-19 1.324300e+02 0.000000e+00
    134.110000 1.681900e-19 1.345900e+02 0.000000e+00
    136.920000 2.112600e-19 1.374000e+02 0.000000e+00
    140.110000 2.263700e-19 1.406000e+02 0.000000e+00
    143.040000 6.092700e-19 1.435500e+02 0.000000e+00
    147.050000 1.351500e-18 1.475700e+02 0.000000e+00
    151.170000 1.438200e-18 1.517100e+02 0.000000e+00
    155.050000 1.548100e-18 1.556000e+02 0.000000e+00
    159.030000 1.678100e-18 1.595900e+02 0.000000e+00
    161.980000 1.765300e-18 1.625500e+02 0.000000e+00
    166.140000 1.917800e-18 1.667200e+02 0.000000e+00
    170.010000 2.045600e-18 1.706100e+02 0.000000e+00
    173.170000 2.142000e-18 1.737800e+02 0.000000e+00
    177.200000 2.316400e-18 1.778300e+02 0.000000e+00
    180.080000 2.436700e-18 1.807200e+02 0.000000e+00
    182.170000 2.522400e-18 1.828100e+02 0.000000e+00
    185.980000 2.702800e-18 1.866400e+02 0.000000e+00
    191.190000 2.963500e-18 1.918700e+02 0.000000e+00
    193.850000 3.160900e-18 1.945400e+02 0.000000e+00
    197.910000 3.394800e-18 1.986100e+02 0.000000e+00
    202.060000 3.688200e-18 2.027700e+02 0.000000e+00
    204.870000 3.924700e-18 2.055900e+02 0.000000e+00
    210.120000 4.176500e-18 2.108600e+02 0.000000e+00
    216.010000 4.929600e-18 2.167700e+02 0.000000e+00
    220.020000 5.417600e-18 2.208000e+02 0.000000e+00
    223.090000 5.725500e-18 2.238700e+02 0.000000e+00
    227.230000 6.321400e-18 2.280300e+02 0.000000e+00
    229.860000 8.929200e-18 2.306700e+02 0.000000e+00
    234.140000 1.438200e-17 2.349600e+02 0.000000e+00
    240.140000 1.869900e-17 2.409900e+02 0.000000e+00
    245.740000 1.967000e-17 2.466000e+02 0.000000e+00
    252.040000 2.316400e-17 2.529300e+02 0.000000e+00
    256.730000 2.284600e-17 2.576300e+02 0.000000e+00
    260.300000 2.635200e-17 2.612200e+02 0.000000e+00
    263.920000 3.371400e-17 2.648500e+02 0.000000e+00
    268.830000 3.817800e-17 2.697700e+02 0.000000e+00
    273.820000 4.283600e-17 2.747900e+02 0.000000e+00
    278.910000 4.263900e-17 2.799000e+02 0.000000e+00
    284.100000 5.405200e-17 2.851000e+02 0.000000e+00
    290.050000 6.249000e-17 2.910700e+02 0.000000e+00
    296.120000 6.604100e-17 2.971700e+02 0.000000e+00
    300.930000 6.963200e-17 3.020000e+02 0.000000e+00
    307.940000 8.566600e-17 3.090300e+02 0.000000e+00
    318.030000 1.013500e-16 3.191500e+02 0.000000e+00
    327.700000 1.241100e-16 3.288500e+02 0.000000e+00
    337.650000 1.389300e-16 3.388400e+02 0.000000e+00
    347.910000 1.537500e-16 3.491400e+02 0.000000e+00
    356.840000 2.348600e-16 3.581000e+02 0.000000e+00
    365.990000 4.062700e-16 3.672800e+02 0.000000e+00
    375.380000 4.464900e-16 3.767000e+02 0.000000e+00
    385.010000 4.006900e-16 3.863700e+02 0.000000e+00
    394.890000 6.742300e-16 3.962800e+02 0.000000e+00
    405.010000 9.328500e-16 4.064400e+02 0.000000e+00
    414.450000 1.013500e-15 4.159100e+02 0.000000e+00
    422.150000 9.881200e-16 4.236400e+02 0.000000e+00
    430.000000 1.013500e-15 4.315200e+02 0.000000e+00
    441.030000 1.302600e-15 4.425900e+02 0.000000e+00
    451.310000 1.431600e-15 4.529000e+02 0.000000e+00
    459.700000 1.342200e-15 4.613200e+02 0.000000e+00
    470.400000 1.468300e-15 4.720600e+02 0.000000e+00
    480.250000 1.769300e-15 4.819500e+02 0.000000e+00
    490.310000 1.591500e-15 4.920400e+02 0.000000e+00
    499.430000 2.088400e-15 5.011900e+02 0.000000e+00
    506.370000 1.852700e-15 5.081600e+02 0.000000e+00
    512.240000 3.039600e-15 5.140400e+02 0.000000e+00
    520.560000 3.011700e-15 5.224000e+02 0.000000e+00
    530.240000 2.916200e-15 5.321100e+02 0.000000e+00
    540.100000 2.493500e-15 5.420000e+02 0.000000e+00
    550.140000 2.522400e-15 5.520800e+02 0.000000e+00
    560.360000 3.457900e-15 5.623400e+02 0.000000e+00
    569.470000 4.044000e-15 5.714800e+02 0.000000e+00
    580.060000 4.090800e-15 5.821000e+02 0.000000e+00
    589.480000 4.303400e-15 5.915600e+02 0.000000e+00
    600.440000 3.713700e-15 6.025600e+02 0.000000e+00
    610.200000 3.696700e-15 6.123500e+02 0.000000e+00
    620.110000 4.828500e-15 6.223000e+02 0.000000e+00
    630.190000 4.653800e-15 6.324100e+02 0.000000e+00
    640.430000 5.270000e-15 6.426900e+02 0.000000e+00
    649.340000 5.185700e-15 6.516300e+02 0.000000e+00
    658.370000 4.828500e-15 6.606900e+02 0.000000e+00
    664.460000 5.543800e-15 6.668100e+02 0.000000e+00
    675.260000 5.940300e-15 6.776400e+02 0.000000e+00
    684.650000 5.161900e-15 6.870700e+02 0.000000e+00
    695.780000 6.134900e-15 6.982300e+02 0.000000e+00
    705.460000 5.009700e-15 7.079500e+02 0.000000e+00
    715.270000 6.543500e-15 7.177900e+02 0.000000e+00
    725.220000 6.726800e-15 7.277800e+02 0.000000e+00
    735.310000 6.820400e-15 7.379000e+02 0.000000e+00
    745.540000 6.680500e-15 7.481700e+02 0.000000e+00
    754.170000 6.726800e-15 7.568300e+02 0.000000e+00
    764.660000 6.092700e-15 7.673600e+02 0.000000e+00
    775.300000 6.899400e-15 7.780400e+02 0.000000e+00
    784.280000 6.379900e-15 7.870500e+02 0.000000e+00
    795.190000 6.947200e-15 7.979900e+02 0.000000e+00
    804.400000 7.207900e-15 8.072400e+02 0.000000e+00
    815.590000 7.291400e-15 8.184600e+02 0.000000e+00
    825.030000 7.478400e-15 8.279400e+02 0.000000e+00
    834.590000 5.967800e-15 8.375300e+02 0.000000e+00
    844.250000 7.444100e-15 8.472300e+02 0.000000e+00
    854.030000 7.358900e-15 8.570400e+02 0.000000e+00
    865.910000 7.688000e-15 8.689600e+02 0.000000e+00
    875.930000 7.777000e-15 8.790200e+02 0.000000e+00
    884.040000 7.830900e-15 8.871600e+02 0.000000e+00
    894.270000 7.903300e-15 8.974300e+02 0.000000e+00
    904.630000 7.777000e-15 9.078200e+02 0.000000e+00
    915.110000 7.582500e-15 9.183300e+02 0.000000e+00
    925.700000 1.785700e-14 9.289700e+02 0.000000e+00
    934.270000 2.896100e-14 9.375600e+02 0.000000e+00
    945.090000 4.062700e-14 9.484200e+02 0.000000e+00
    956.030000 4.918300e-14 9.594000e+02 0.000000e+00
    964.870000 5.306500e-14 9.682800e+02 0.000000e+00
    976.050000 1.857000e-14 9.794900e+02 0.000000e+00
    985.080000 4.195800e-14 9.885500e+02 0.000000e+00
    994.190000 4.195800e-14 9.977000e+02 0.000000e+00
   1005.710000 5.505700e-14 1.009250e+03 0.000000e+00
   1015.010000 5.582300e-14 1.018590e+03 0.000000e+00
   1024.400000 3.563000e-14 1.028020e+03 0.000000e+00
   1033.880000 4.621800e-14 1.037530e+03 0.000000e+00
   1045.850000 6.883500e-14 1.049540e+03 0.000000e+00
   1055.530000 6.649800e-14 1.059250e+03 0.000000e+00
   1065.300000 5.455200e-14 1.069050e+03 0.000000e+00
   1075.150000 6.134900e-14 1.078950e+03 0.000000e+00
   1085.100000 5.185700e-14 1.088930e+03 0.000000e+00
   1095.140000 6.335900e-14 1.099010e+03 0.000000e+00
   1105.280000 6.050800e-14 1.109180e+03 0.000000e+00
   1115.500000 5.858800e-14 1.119440e+03 0.000000e+00
   1125.830000 5.161900e-14 1.129800e+03 0.000000e+00
   1136.240000 6.292300e-14 1.140250e+03 0.000000e+00
   1144.120000 5.858800e-14 1.148150e+03 0.000000e+00
   1154.700000 5.981500e-14 1.158780e+03 0.000000e+00
   1165.390000 5.954000e-14 1.169500e+03 0.000000e+00
   1176.170000 4.053300e-14 1.180320e+03 0.000000e+00
   1184.330000 5.686100e-14 1.188500e+03 0.000000e+00
   1195.280000 4.506200e-14 1.199500e+03 0.000000e+00
   1206.340000 3.688200e-14 1.210600e+03 0.000000e+00
   1214.710000 2.949900e-14 1.218990e+03 0.000000e+00
   1225.940000 4.424000e-14 1.230270e+03 0.000000e+00
   1234.440000 5.712300e-14 1.238800e+03 0.000000e+00
   1245.860000 5.995300e-14 1.250260e+03 0.000000e+00
   1254.500000 5.778400e-14 1.258930e+03 0.000000e+00
   1266.110000 5.318800e-14 1.270570e+03 0.000000e+00
   1274.890000 6.277800e-14 1.279380e+03 0.000000e+00
   1283.720000 6.453700e-14 1.288250e+03 0.000000e+00
   1295.600000 5.343300e-14 1.300170e+03 0.000000e+00
   1304.580000 5.306500e-14 1.309180e+03 0.000000e+00
   1313.620000 6.277800e-14 1.318260e+03 0.000000e+00
   1325.780000 5.981500e-14 1.330450e+03 0.000000e+00
   1334.970000 5.455200e-14 1.339680e+03 0.000000e+00
   1344.220000 6.134900e-14 1.348960e+03 0.000000e+00
   1353.540000 5.940300e-14 1.358310e+03 0.000000e+00
   1366.060000 5.392800e-14 1.370880e+03 0.000000e+00
   1375.530000 5.493000e-14 1.380380e+03 0.000000e+00
   1385.070000 5.467800e-14 1.389950e+03 0.000000e+00
   1394.670000 4.353200e-14 1.399590e+03 0.000000e+00
   1404.340000 4.333200e-14 1.409290e+03 0.000000e+00
   1414.070000 5.044400e-14 1.419060e+03 0.000000e+00
   1423.870000 5.009700e-14 1.428890e+03 0.000000e+00
   1433.740000 5.091100e-14 1.438800e+03 0.000000e+00
   1440.360000 5.245800e-14 1.445440e+03 0.000000e+00
   1447.010000 5.282200e-14 1.452110e+03 0.000000e+00
   1453.690000 5.091100e-14 1.458810e+03 0.000000e+00
   1463.760000 4.740400e-14 1.468930e+03 0.000000e+00
   1473.910000 4.762200e-14 1.479110e+03 0.000000e+00
   1484.130000 4.817400e-14 1.489360e+03 0.000000e+00
   1494.410000 4.817400e-14 1.499690e+03 0.000000e+00
   1504.770000 4.547900e-14 1.510080e+03 0.000000e+00
   1511.720000 4.128700e-14 1.517050e+03 0.000000e+00
   1518.700000 4.333200e-14 1.524050e+03 0.000000e+00
   1525.710000 4.224800e-14 1.531090e+03 0.000000e+00
   1536.280000 3.637600e-14 1.541700e+03 0.000000e+00
   1543.370000 3.571200e-14 1.548820e+03 0.000000e+00
   1554.070000 3.473800e-14 1.559550e+03 0.000000e+00
   1564.840000 3.722300e-14 1.570360e+03 0.000000e+00
   1575.690000 3.951900e-14 1.581250e+03 0.000000e+00
   1586.610000 4.081400e-14 1.592210e+03 0.000000e+00
   1593.940000 4.109700e-14 1.599560e+03 0.000000e+00
   1604.980000 4.016200e-14 1.610650e+03 0.000000e+00
   1616.110000 3.979300e-14 1.621810e+03 0.000000e+00
   1623.570000 3.835400e-14 1.629300e+03 0.000000e+00
   1634.820000 4.034700e-14 1.640590e+03 0.000000e+00
   1646.160000 4.044000e-14 1.651960e+03 0.000000e+00
   1653.750000 3.853100e-14 1.659590e+03 0.000000e+00
   1665.220000 4.053300e-14 1.671090e+03 0.000000e+00
   1672.900000 3.671200e-14 1.678800e+03 0.000000e+00
   1676.760000 4.128700e-14 1.682670e+03 0.000000e+00
   1684.500000 4.176500e-14 1.690440e+03 0.000000e+00
   1696.180000 3.951900e-14 1.702160e+03 0.000000e+00
   1704.010000 3.817800e-14 1.710020e+03 0.000000e+00
   1715.820000 3.595900e-14 1.721870e+03 0.000000e+00
   1723.740000 3.546600e-14 1.729820e+03 0.000000e+00
   1735.680000 3.739500e-14 1.741810e+03 0.000000e+00
   1743.700000 3.654400e-14 1.749850e+03 0.000000e+00
   1755.780000 3.791500e-14 1.761980e+03 0.000000e+00
   1763.890000 3.571200e-14 1.770110e+03 0.000000e+00
   1776.110000 3.538400e-14 1.782380e+03 0.000000e+00
   1784.310000 3.604200e-14 1.790610e+03 0.000000e+00
   1796.680000 3.739500e-14 1.803020e+03 0.000000e+00
   1804.970000 3.722300e-14 1.811340e+03 0.000000e+00
   1813.310000 3.434100e-14 1.819700e+03 0.000000e+00
   1825.870000 3.489900e-14 1.832310e+03 0.000000e+00
   1834.300000 3.387000e-14 1.840770e+03 0.000000e+00
   1847.020000 3.131900e-14 1.853530e+03 0.000000e+00
   1855.540000 3.131900e-14 1.862090e+03 0.000000e+00
   1864.110000 3.182800e-14 1.870680e+03 0.000000e+00
   1877.030000 3.363600e-14 1.883650e+03 0.000000e+00
   1885.690000 3.096100e-14 1.892340e+03 0.000000e+00
   1894.400000 2.956700e-14 1.901080e+03 0.000000e+00
   1903.140000 3.131900e-14 1.909850e+03 0.000000e+00
   1916.330000 2.991000e-14 1.923090e+03 0.000000e+00
   1925.180000 2.896100e-14 1.931970e+03 0.000000e+00
   1934.060000 3.032600e-14 1.940890e+03 0.000000e+00
   1942.990000 3.089000e-14 1.949840e+03 0.000000e+00
   1956.460000 2.856300e-14 1.963360e+03 0.000000e+00
   1965.490000 3.081800e-14 1.972420e+03 0.000000e+00
   1974.560000 3.168200e-14 1.981530e+03 0.000000e+00
   1983.680000 2.991000e-14 1.990670e+03 0.000000e+00
   1992.830000 2.909500e-14 1.999860e+03 0.000000e+00
   2007.299247 2.997900e-14 2.013720e+03 0.000000e+00
   2016.560884 2.909500e-14 2.023020e+03 0.000000e+00
   2025.862550 3.011700e-14 2.032360e+03 0.000000e+00
   2035.214246 2.817200e-14 2.041740e+03 0.000000e+00
   2044.605969 2.882800e-14 2.051160e+03 0.000000e+00
   2054.047720 2.629100e-14 2.060630e+03 0.000000e+00
   2063.529498 2.696600e-14 2.070140e+03 0.000000e+00
   2073.051301 2.929600e-14 2.079700e+03 0.000000e+00
   2077.822211 2.746700e-14 2.084490e+03 0.000000e+00
   2087.414054 2.836700e-14 2.094110e+03 0.000000e+00
   2097.045921 2.690400e-14 2.103780e+03 0.000000e+00
   2106.727813 2.721500e-14 2.113490e+03 0.000000e+00
   2116.449729 2.740400e-14 2.123240e+03 0.000000e+00
   2126.221670 2.753000e-14 2.133040e+03 0.000000e+00
   2136.033634 2.623100e-14 2.142890e+03 0.000000e+00
   2145.895621 2.605000e-14 2.152780e+03 0.000000e+00
   2155.797631 2.690400e-14 2.162720e+03 0.000000e+00
   2165.739662 2.617000e-14 2.172700e+03 0.000000e+00
   2175.741719 2.593000e-14 2.182730e+03 0.000000e+00
   2185.783796 2.522400e-14 2.192810e+03 0.000000e+00
   2195.865894 2.605000e-14 2.202930e+03 0.000000e+00
   2206.008017 2.545700e-14 2.213090e+03 0.000000e+00
   2216.190160 2.453600e-14 2.223310e+03 0.000000e+00
   2226.412322 2.381300e-14 2.233570e+03 0.000000e+00
   2236.694509 2.453600e-14 2.243880e+03 0.000000e+00
   2247.016715 2.381300e-14 2.254240e+03 0.000000e+00
   2257.378941 2.300400e-14 2.264640e+03 0.000000e+00
   2267.801189 2.337800e-14 2.275100e+03 0.000000e+00
   2278.273459 2.359500e-14 2.285600e+03 0.000000e+00
   2283.524601 2.364900e-14 2.290870e+03 0.000000e+00
   2294.056899 2.232900e-14 2.301440e+03 0.000000e+00
   2304.649219 2.245200e-14 2.312070e+03 0.000000e+00
   2315.281558 2.166000e-14 2.322740e+03 0.000000e+00
   2325.973920 1.828300e-14 2.333460e+03 0.000000e+00
   2336.706299 2.062800e-14 2.344230e+03 0.000000e+00
   2347.488698 2.041100e-14 2.355050e+03 0.000000e+00
   2358.321117 2.095400e-14 2.365920e+03 0.000000e+00
   2363.762336 2.002000e-14 2.371370e+03 0.000000e+00
   2374.674786 2.003800e-14 2.382320e+03 0.000000e+00
   2385.627253 1.915400e-14 2.393320e+03 0.000000e+00
   2396.639742 1.989200e-14 2.404360e+03 0.000000e+00
   2407.702250 1.927900e-14 2.415460e+03 0.000000e+00
   2413.253512 1.942200e-14 2.421030e+03 0.000000e+00
   2424.396050 1.980200e-14 2.432200e+03 0.000000e+00
   2435.578605 1.910400e-14 2.443430e+03 0.000000e+00
   2446.821182 1.970300e-14 2.454710e+03 0.000000e+00
   2458.113777 1.940700e-14 2.466040e+03 0.000000e+00
   2463.785083 1.923800e-14 2.471720e+03 0.000000e+00
   2475.157708 1.873200e-14 2.483130e+03 0.000000e+00
   2486.580351 1.896700e-14 2.494600e+03 0.000000e+00
   2498.053013 1.684300e-14 2.506110e+03 0.000000e+00
   2503.814352 1.895100e-14 2.511890e+03 0.000000e+00
   2515.367043 1.770300e-14 2.523480e+03 0.000000e+00
   2521.168397 1.837600e-14 2.529300e+03 0.000000e+00
   2526.979754 1.784300e-14 2.535130e+03 0.000000e+00
   2538.642484 1.786100e-14 2.546830e+03 0.000000e+00
   2544.493856 1.742300e-14 2.552700e+03 0.000000e+00
   2556.236614 1.792900e-14 2.564480e+03 0.000000e+00
   2568.039393 1.770000e-14 2.576320e+03 0.000000e+00
   2573.950787 1.816300e-14 2.582260e+03 0.000000e+00
   2585.833594 1.797300e-14 2.594180e+03 0.000000e+00
   2597.766419 1.778500e-14 2.606150e+03 0.000000e+00
   2603.757840 1.738900e-14 2.612160e+03 0.000000e+00
   2615.770693 1.716800e-14 2.624220e+03 0.000000e+00
   2627.853568 1.738400e-14 2.636330e+03 0.000000e+00
   2633.905010 1.739300e-14 2.642410e+03 0.000000e+00
   2646.067914 1.789800e-14 2.654610e+03 0.000000e+00
   2658.280835 1.779300e-14 2.666860e+03 0.000000e+00
   2664.402301 1.692300e-14 2.673010e+03 0.000000e+00
   2676.705252 1.721600e-14 2.685340e+03 0.000000e+00
   2682.876734 1.706700e-14 2.691540e+03 0.000000e+00
   2695.249710 1.661800e-14 2.703960e+03 0.000000e+00
   2707.692708 1.663600e-14 2.716440e+03 0.000000e+00
   2713.934214 1.626500e-14 2.722700e+03 0.000000e+00
   2726.467242 1.628200e-14 2.735270e+03 0.000000e+00
   2732.748762 1.651700e-14 2.741570e+03 0.000000e+00
   2745.361817 1.550200e-14 2.754230e+03 0.000000e+00
   2758.034891 1.548300e-14 2.766940e+03 0.000000e+00
   2764.386434 1.559800e-14 2.773320e+03 0.000000e+00
   2777.149538 1.597900e-14 2.786120e+03 0.000000e+00
   2783.551097 1.565900e-14 2.792540e+03 0.000000e+00
   2796.394228 1.400300e-14 2.805430e+03 0.000000e+00
   2802.845803 1.457000e-14 2.811900e+03 0.000000e+00
   2815.778963 1.562900e-14 2.824880e+03 0.000000e+00
   2828.782146 1.564500e-14 2.837920e+03 0.000000e+00
   2835.293741 1.505300e-14 2.844460e+03 0.000000e+00
   2848.386952 1.493100e-14 2.857590e+03 0.000000e+00
   2854.948563 1.480200e-14 2.864180e+03 0.000000e+00
   2868.131804 1.512800e-14 2.877400e+03 0.000000e+00
   2874.743430 1.489400e-14 2.884030e+03 0.000000e+00
   2888.006697 1.487600e-14 2.897340e+03 0.000000e+00
   2894.668340 1.464600e-14 2.904020e+03 0.000000e+00
   2908.021636 1.493500e-14 2.917430e+03 0.000000e+00
   2928.176618 1.461900e-14 2.937650e+03 0.000000e+00
   2948.481648 1.434300e-14 2.958010e+03 0.000000e+00
   2968.916719 1.426800e-14 2.978520e+03 0.000000e+00
   2989.491835 1.409600e-14 2.999160e+03 0.000000e+00
   3010.216997 1.395800e-14 3.019950e+03 0.000000e+00
   3031.082203 1.382100e-14 3.040890e+03 0.000000e+00
   3052.087453 1.365500e-14 3.061960e+03 0.000000e+00
   3073.242749 1.345900e-14 3.083190e+03 0.000000e+00
   3087.426305 1.332100e-14 3.097420e+03 0.000000e+00
   3108.831678 1.313000e-14 3.118890e+03 0.000000e+00
   3130.377095 1.291300e-14 3.140510e+03 0.000000e+00
   3152.072558 1.281700e-14 3.162280e+03 0.000000e+00
   3173.928069 1.260500e-14 3.184200e+03 0.000000e+00
   3188.571766 1.224700e-14 3.198900e+03 0.000000e+00
   3210.677354 1.226900e-14 3.221070e+03 0.000000e+00
   3232.932988 1.203900e-14 3.243400e+03 0.000000e+00
   3247.856770 1.199800e-14 3.258370e+03 0.000000e+00
   3270.362479 1.190900e-14 3.280950e+03 0.000000e+00
   3293.028237 1.176700e-14 3.303700e+03 0.000000e+00
   3308.232104 1.164600e-14 3.318940e+03 0.000000e+00
   3323.505991 1.190400e-14 3.334260e+03 0.000000e+00
   3331.157940 1.180200e-14 3.341950e+03 0.000000e+00
   3338.839897 1.151400e-14 3.349660e+03 0.000000e+00
   3346.541861 1.141500e-14 3.357380e+03 0.000000e+00
   3354.253827 1.137000e-14 3.365120e+03 0.000000e+00
   3361.985800 1.137700e-14 3.372870e+03 0.000000e+00
   3369.737778 1.125300e-14 3.380650e+03 0.000000e+00
   3377.499759 1.092800e-14 3.388440e+03 0.000000e+00
   3385.291750 1.124100e-14 3.396250e+03 0.000000e+00
   3393.093743 1.137800e-14 3.404080e+03 0.000000e+00
   3400.915742 1.157000e-14 3.411930e+03 0.000000e+00
   3408.747745 1.100500e-14 3.419790e+03 0.000000e+00
   3416.609756 1.108900e-14 3.427680e+03 0.000000e+00
   3424.481770 1.132800e-14 3.435580e+03 0.000000e+00
   3432.383793 1.133500e-14 3.443500e+03 0.000000e+00
   3440.295819 1.131600e-14 3.451440e+03 0.000000e+00
   3448.227851 1.093800e-14 3.459390e+03 0.000000e+00
   3456.169887 1.069600e-14 3.467370e+03 0.000000e+00
   3464.141931 1.058000e-14 3.475360e+03 0.000000e+00
   3472.123978 1.070900e-14 3.483370e+03 0.000000e+00
   3480.126031 1.059300e-14 3.491400e+03 0.000000e+00
   3488.148089 1.057600e-14 3.499450e+03 0.000000e+00
   3496.190154 1.075400e-14 3.507520e+03 0.000000e+00
   3504.252225 1.051600e-14 3.515600e+03 0.000000e+00
   3512.324299 1.040200e-14 3.523710e+03 0.000000e+00
   3520.426381 1.045700e-14 3.531830e+03 0.000000e+00
   3528.538466 1.046300e-14 3.539970e+03 0.000000e+00
   3536.670558 1.064000e-14 3.548130e+03 0.000000e+00
   3544.832658 1.064700e-14 3.556310e+03 0.000000e+00
   3552.994758 1.070300e-14 3.564510e+03 0.000000e+00
   3561.186867 1.061100e-14 3.572730e+03 0.000000e+00
   3569.398982 1.037600e-14 3.580960e+03 0.000000e+00
   3577.631103 9.938600e-15 3.589220e+03 0.000000e+00
   3585.873227 9.853800e-15 3.597490e+03 0.000000e+00
   3594.135357 9.769700e-15 3.605790e+03 0.000000e+00
   3602.427495 1.007300e-14 3.614100e+03 0.000000e+00
   3610.729637 1.003300e-14 3.622430e+03 0.000000e+00
   3619.051784 1.006300e-14 3.630780e+03 0.000000e+00
   3627.393937 1.042300e-14 3.639150e+03 0.000000e+00
   3631.314950 8.760700e-15 3.643080e+03 1.000000e+00
   3634.055657 1.357500e-14 3.645830e+03 1.000000e+00
   3636.796365 1.069300e-14 3.648580e+03 1.000000e+00
   3639.537073 9.615500e-15 3.651330e+03 1.000000e+00
   3642.277781 7.209500e-15 3.654080e+03 1.000000e+00
   3645.018489 1.092900e-14 3.656830e+03 1.000000e+00
   3647.759197 7.933600e-15 3.659580e+03 1.000000e+00
   3650.499905 9.170300e-15 3.662330e+03 1.000000e+00
   3653.240613 1.223800e-14 3.665080e+03 1.000000e+00
   3655.981321 9.960500e-15 3.667830e+03 1.000000e+00
   3658.722030 1.206500e-14 3.670580e+03 1.000000e+00
   3661.462738 8.597500e-15 3.673330e+03 1.000000e+00
   3664.203446 8.006800e-15 3.676080e+03 1.000000e+00
   3666.944155 6.224200e-15 3.678830e+03 1.000000e+00
   3669.684864 7.886900e-15 3.681580e+03 1.000000e+00
   3672.425572 1.173300e-14 3.684330e+03 1.000000e+00
   3675.166281 9.651200e-15 3.687080e+03 1.000000e+00
   3677.906990 1.006700e-14 3.689830e+03 1.000000e+00
   3680.647699 4.913500e-15 3.692580e+03 1.000000e+00
   3683.388408 9.223100e-15 3.695330e+03 1.000000e+00
   3686.129117 8.867900e-15 3.698080e+03 1.000000e+00
   3688.869826 9.064200e-15 3.700830e+03 1.000000e+00
   3691.610535 1.177000e-14 3.703580e+03 1.000000e+00
   3694.351244 1.171400e-14 3.706330e+03 1.000000e+00
   3697.091953 8.328400e-15 3.709080e+03 1.000000e+00
   3699.832663 1.023400e-14 3.711830e+03 1.000000e+00
   3702.573372 1.337400e-14 3.714580e+03 1.000000e+00
   3705.324084 9.443100e-15 3.717330e+03 1.000000e+00
   3708.064794 9.423500e-15 3.720080e+03 1.000000e+00
   3710.805504 9.171000e-15 3.722830e+03 1.000000e+00
   3713.546213 1.206800e-14 3.725580e+03 1.000000e+00
   3716.286923 1.182100e-14 3.728330e+03 1.000000e+00
   3719.027633 1.460000e-14 3.731080e+03 1.000000e+00
   3721.768343 2.202100e-14 3.733830e+03 1.000000e+00
   3724.509053 4.425700e-14 3.736580e+03 1.000000e+00
   3727.249763 7.941200e-14 3.739330e+03 1.000000e+00
   3729.990473 9.622300e-14 3.742080e+03 1.000000e+00
   3732.731183 7.579500e-14 3.744830e+03 1.000000e+00
   3735.471893 3.938200e-14 3.747580e+03 1.000000e+00
   3738.212604 1.744300e-14 3.750330e+03 1.000000e+00
   3740.953314 1.107000e-14 3.753080e+03 1.000000e+00
   3743.694024 1.207800e-14 3.755830e+03 1.000000e+00
   3746.434735 1.093500e-14 3.758580e+03 1.000000e+00
   3749.175445 1.090900e-14 3.761330e+03 1.000000e+00
   3751.916156 1.209200e-14 3.764080e+03 1.000000e+00
   3754.656867 9.880900e-15 3.766830e+03 1.000000e+00
   3757.397577 1.139100e-14 3.769580e+03 1.000000e+00
   3760.138288 1.132900e-14 3.772330e+03 1.000000e+00
   3762.878999 1.146600e-14 3.775080e+03 1.000000e+00
   3765.619710 1.159600e-14 3.777830e+03 1.000000e+00
   3768.360421 8.485600e-15 3.780580e+03 1.000000e+00
   3771.101132 1.185700e-14 3.783330e+03 1.000000e+00
   3773.841843 1.073800e-14 3.786080e+03 1.000000e+00
   3776.582554 9.138600e-15 3.788830e+03 1.000000e+00
   3779.323266 8.833400e-15 3.791580e+03 1.000000e+00
   3782.063977 1.091800e-14 3.794330e+03 1.000000e+00
   3784.804688 1.191700e-14 3.797080e+03 1.000000e+00
   3787.555402 1.042800e-14 3.799830e+03 1.000000e+00
   3790.296114 1.036500e-14 3.802580e+03 1.000000e+00
   3793.036825 9.174100e-15 3.805330e+03 1.000000e+00
   3795.777537 9.664400e-15 3.808080e+03 1.000000e+00
   3798.518249 1.052200e-14 3.810830e+03 1.000000e+00
   3801.258961 1.004800e-14 3.813580e+03 1.000000e+00
   3803.999672 1.053600e-14 3.816330e+03 1.000000e+00
   3806.740384 1.083000e-14 3.819080e+03 1.000000e+00
   3809.481096 9.588700e-15 3.821830e+03 1.000000e+00
   3812.221808 7.998100e-15 3.824580e+03 1.000000e+00
   3814.962520 1.332800e-14 3.827330e+03 1.000000e+00
   3817.703232 9.954100e-15 3.830080e+03 1.000000e+00
   3820.443945 9.734300e-15 3.832830e+03 1.000000e+00
   3823.184657 7.678100e-15 3.835580e+03 1.000000e+00
   3825.925369 1.048800e-14 3.838330e+03 1.000000e+00
   3828.666081 1.114100e-14 3.841080e+03 1.000000e+00
   3831.406794 9.937500e-15 3.843830e+03 1.000000e+00
   3834.147506 9.251800e-15 3.846580e+03 1.000000e+00
   3836.888219 8.383900e-15 3.849330e+03 1.000000e+00
   3839.628931 1.036900e-14 3.852080e+03 1.000000e+00
   3842.369644 1.129900e-14 3.854830e+03 1.000000e+00
   3845.110357 8.617900e-15 3.857580e+03 1.000000e+00
   3847.851070 1.252900e-14 3.860330e+03 1.000000e+00
   3850.591782 8.918500e-15 3.863080e+03 1.000000e+00
   3853.332495 1.098000e-14 3.865830e+03 1.000000e+00
   3856.073208 1.104100e-14 3.868580e+03 1.000000e+00
   3858.813921 9.618200e-15 3.871330e+03 1.000000e+00
   3861.554634 1.052100e-14 3.874080e+03 1.000000e+00
   3864.295347 1.528300e-14 3.876830e+03 1.000000e+00
   3867.036061 2.158100e-14 3.879580e+03 1.000000e+00
   3869.786776 2.520100e-14 3.882330e+03 1.000000e+00
   3872.527490 2.132400e-14 3.885080e+03 1.000000e+00
   3875.268203 1.590200e-14 3.887830e+03 1.000000e+00
   3878.008916 1.189600e-14 3.890580e+03 1.000000e+00
   3880.749630 1.002600e-14 3.893330e+03 1.000000e+00
   3883.490343 1.067200e-14 3.896080e+03 1.000000e+00
   3886.231057 1.450000e-14 3.898830e+03 1.000000e+00
   3888.971771 1.461200e-14 3.901580e+03 1.000000e+00
   3891.712484 1.490700e-14 3.904330e+03 1.000000e+00
   3894.453198 1.363700e-14 3.907080e+03 1.000000e+00
   3897.193912 1.163100e-14 3.909830e+03 1.000000e+00
   3899.934626 9.125900e-15 3.912580e+03 1.000000e+00
   3902.675340 8.698000e-15 3.915330e+03 1.000000e+00
   3905.416054 8.739700e-15 3.918080e+03 1.000000e+00
   3908.156768 9.567300e-15 3.920830e+03 1.000000e+00
   3910.897482 1.124000e-14 3.923580e+03 1.000000e+00
   3913.638196 1.083200e-14 3.926330e+03 1.000000e+00
   3916.378910 1.150500e-14 3.929080e+03 1.000000e+00
   3919.119624 1.032200e-14 3.931830e+03 1.000000e+00
   3921.860338 1.119200e-14 3.934580e+03 1.000000e+00
   3924.601053 1.056800e-14 3.937330e+03 1.000000e+00
   3927.341767 1.073700e-14 3.940080e+03 1.000000e+00
   3930.082482 1.128900e-14 3.942830e+03 1.000000e+00
   3932.823196 8.593200e-15 3.945580e+03 1.000000e+00
   3935.563911 9.438800e-15 3.948330e+03 1.000000e+00
   3938.304625 9.071300e-15 3.951080e+03 1.000000e+00
   3941.045340 1.038400e-14 3.953830e+03 1.000000e+00
   3943.786055 1.068700e-14 3.956580e+03 1.000000e+00
   3946.526770 1.004500e-14 3.959330e+03 1.000000e+00
   3949.267484 1.021300e-14 3.962080e+03 1.000000e+00
   3952.018202 1.137000e-14 3.964830e+03 1.000000e+00
   3954.758917 1.082700e-14 3.967580e+03 1.000000e+00
   3957.499632 8.768100e-15 3.970330e+03 1.000000e+00
   3960.240347 8.692700e-15 3.973080e+03 1.000000e+00
   3962.981062 1.052700e-14 3.975830e+03 1.000000e+00
   3965.721777 1.335500e-14 3.978580e+03 1.000000e+00
   3968.462492 1.682000e-14 3.981330e+03 1.000000e+00
   3971.203207 1.704900e-14 3.984080e+03 1.000000e+00
   3973.943923 1.561800e-14 3.986830e+03 1.000000e+00
   3976.684638 1.046500e-14 3.989580e+03 1.000000e+00
   3979.425354 9.523500e-15 3.992330e+03 1.000000e+00
   3982.166069 1.106200e-14 3.995080e+03 1.000000e+00
   3984.906785 9.271600e-15 3.997830e+03 1.000000e+00
   3987.647500 7.919000e-15 4.000580e+03 1.000000e+00
   3990.388216 8.406200e-15 4.003330e+03 1.000000e+00
   3993.128931 1.083400e-14 4.006080e+03 1.000000e+00
   3995.869647 1.059100e-14 4.008830e+03 1.000000e+00
   3998.610363 1.044000e-14 4.011580e+03 1.000000e+00
   4001.351079 8.219300e-15 4.014330e+03 1.000000e+00
   4004.091794 9.620200e-15 4.017080e+03 1.000000e+00
   4006.832510 1.082700e-14 4.019830e+03 1.000000e+00
   4009.573226 1.000900e-14 4.022580e+03 1.000000e+00
   4012.313942 1.099100e-14 4.025330e+03 1.000000e+00
   4015.054658 1.074900e-14 4.028080e+03 1.000000e+00
   4017.795375 1.011300e-14 4.030830e+03 1.000000e+00
   4020.536091 1.020700e-14 4.033580e+03 1.000000e+00
   4023.276807 8.455400e-15 4.036330e+03 1.000000e+00
   4026.017523 1.033000e-14 4.039080e+03 1.000000e+00
   4028.758240 1.069200e-14 4.041830e+03 1.000000e+00
   4031.498956 8.502600e-15 4.044580e+03 1.000000e+00
   4034.249675 9.338400e-15 4.047330e+03 1.000000e+00
   4036.990391 1.155900e-14 4.050080e+03 1.000000e+00
   4039.731108 1.088300e-14 4.052830e+03 1.000000e+00
   4042.471824 1.094000e-14 4.055580e+03 1.000000e+00
   4045.212541 9.519700e-15 4.058330e+03 1.000000e+00
   4047.953258 8.506800e-15 4.061080e+03 1.000000e+00
   4050.693974 9.806300e-15 4.063830e+03 1.000000e+00
   4053.434691 1.170700e-14 4.066580e+03 1.000000e+00
   4056.175408 1.078800e-14 4.069330e+03 1.000000e+00
   4058.916125 1.045300e-14 4.072080e+03 1.000000e+00
   4061.656842 1.178600e-14 4.074830e+03 1.000000e+00
   4064.397559 1.071100e-14 4.077580e+03 1.000000e+00
   4067.138276 9.806000e-15 4.080330e+03 1.000000e+00
   4069.878993 1.090900e-14 4.083080e+03 1.000000e+00
   4072.619710 1.128500e-14 4.085830e+03 1.000000e+00
   4075.360427 1.095100e-14 4.088580e+03 1.000000e+00
   4078.101144 1.031500e-14 4.091330e+03 1.000000e+00
   4080.841861 9.002500e-15 4.094080e+03 1.000000e+00
   4083.582579 1.017200e-14 4.096830e+03 1.000000e+00
   4086.323296 8.960400e-15 4.099580e+03 1.000000e+00
   4089.064013 1.045500e-14 4.102330e+03 1.000000e+00
   4091.804731 9.403400e-15 4.105080e+03 1.000000e+00
   4094.545448 8.653800e-15 4.107830e+03 1.000000e+00
   4097.286166 1.120800e-14 4.110580e+03 1.000000e+00
   4100.026883 1.561100e-14 4.113330e+03 1.000000e+00
   4102.767601 1.913200e-14 4.116080e+03 1.000000e+00
   4105.508318 1.584900e-14 4.118830e+03 1.000000e+00
   4108.249036 1.164200e-14 4.121580e+03 1.000000e+00
   4110.989754 8.535200e-15 4.124330e+03 1.000000e+00
   4113.740474 7.516600e-15 4.127080e+03 1.000000e+00
   4116.481192 9.095100e-15 4.129830e+03 1.000000e+00
   4119.221910 8.137200e-15 4.132580e+03 1.000000e+00
   4121.962628 9.344500e-15 4.135330e+03 1.000000e+00
   4124.703346 8.637900e-15 4.138080e+03 1.000000e+00
   4127.444064 1.001200e-14 4.140830e+03 1.000000e+00
   4130.184782 1.004600e-14 4.143580e+03 1.000000e+00
   4132.925500 9.059000e-15 4.146330e+03 1.000000e+00
   4135.666218 8.285900e-15 4.149080e+03 1.000000e+00
   4138.406936 8.100400e-15 4.151830e+03 1.000000e+00
   4141.147655 9.447600e-15 4.154580e+03 1.000000e+00
   4143.888373 9.742000e-15 4.157330e+03 1.000000e+00
   4146.629091 1.154500e-14 4.160080e+03 1.000000e+00
   4149.369810 8.203500e-15 4.162830e+03 1.000000e+00
   4152.110528 1.215500e-14 4.165580e+03 1.000000e+00
   4154.851246 1.025600e-14 4.168330e+03 1.000000e+00
   4157.591965 9.139900e-15 4.171080e+03 1.000000e+00
   4160.332683 9.735300e-15 4.173830e+03 1.000000e+00
   4163.073402 9.560700e-15 4.176580e+03 1.000000e+00
   4165.814121 9.702600e-15 4.179330e+03 1.000000e+00
   4168.554839 7.778100e-15 4.182080e+03 1.000000e+00
   4171.295558 9.172800e-15 4.184830e+03 1.000000e+00
   4174.036277 1.027300e-14 4.187580e+03 1.000000e+00
   4176.776996 1.073800e-14 4.190330e+03 1.000000e+00
   4179.517714 9.174300e-15 4.193080e+03 1.000000e+00
   4182.258433 9.038500e-15 4.195830e+03 1.000000e+00
   4184.999152 9.956900e-15 4.198580e+03 1.000000e+00
   4187.739871 1.031600e-14 4.201330e+03 1.000000e+00
   4190.480590 8.572600e-15 4.204080e+03 1.000000e+00
   4193.221309 9.544200e-15 4.206830e+03 1.000000e+00
   4195.972031 8.939900e-15 4.209580e+03 1.000000e+00
   4198.712750 9.211700e-15 4.212330e+03 1.000000e+00
   4201.453469 9.090800e-15 4.215080e+03 1.000000e+00
   4204.194189 1.110300e-14 4.217830e+03 1.000000e+00
   4206.934908 1.020900e-14 4.220580e+03 1.000000e+00
   4209.675627 9.935700e-15 4.223330e+03 1.000000e+00
   4212.416347 8.446600e-15 4.226080e+03 1.000000e+00
   4215.157066 9.087700e-15 4.228830e+03 1.000000e+00
   4217.897785 1.036900e-14 4.231580e+03 1.000000e+00
   4220.638505 9.029000e-15 4.234330e+03 1.000000e+00
   4223.379224 8.821300e-15 4.237080e+03 1.000000e+00
   4226.119944 8.739100e-15 4.239830e+03 1.000000e+00
   4228.860664 9.416600e-15 4.242580e+03 1.000000e+00
   4231.601383 9.375900e-15 4.245330e+03 1.000000e+00
   4234.342103 9.568700e-15 4.248080e+03 1.000000e+00
   4237.082823 8.734200e-15 4.250830e+03 1.000000e+00
   4239.823542 9.037200e-15 4.253580e+03 1.000000e+00
   4242.564262 1.017400e-14 4.256330e+03 1.000000e+00
   4245.304982 1.009500e-14 4.259080e+03 1.000000e+00
   4248.045702 9.425800e-15 4.261830e+03 1.000000e+00
   4250.786422 9.719600e-15 4.264580e+03 1.000000e+00
   4253.527142 9.336500e-15 4.267330e+03 1.000000e+00
   4256.267862 9.214600e-15 4.270080e+03 1.000000e+00
   4259.008582 9.879300e-15 4.272830e+03 1.000000e+00
   4261.749302 9.518400e-15 4.275580e+03 1.000000e+00
   4264.490022 9.122700e-15 4.278330e+03 1.000000e+00
   4267.230742 8.263300e-15 4.281080e+03 1.000000e+00
   4269.971463 9.650200e-15 4.283830e+03 1.000000e+00
   4272.712183 8.591800e-15 4.286580e+03 1.000000e+00
   4275.452903 9.049000e-15 4.289330e+03 1.000000e+00
   4278.203626 8.899700e-15 4.292080e+03 1.000000e+00
   4280.944346 9.690800e-15 4.294830e+03 1.000000e+00
   4283.685067 8.491900e-15 4.297580e+03 1.000000e+00
   4286.425787 8.490200e-15 4.300330e+03 1.000000e+00
   4289.166508 9.178400e-15 4.303080e+03 1.000000e+00
   4291.907228 9.192800e-15 4.305830e+03 1.000000e+00
   4294.647949 7.935300e-15 4.308580e+03 1.000000e+00
   4297.388669 8.718500e-15 4.311330e+03 1.000000e+00
   4300.129390 8.214900e-15 4.314080e+03 1.000000e+00
   4302.870111 7.844000e-15 4.316830e+03 1.000000e+00
   4305.610832 1.029400e-14 4.319580e+03 1.000000e+00
   4308.351552 9.910700e-15 4.322330e+03 1.000000e+00
   4311.092273 9.605400e-15 4.325080e+03 1.000000e+00
   4313.832994 9.018600e-15 4.327830e+03 1.000000e+00
   4316.573715 8.734700e-15 4.330580e+03 1.000000e+00
   4319.314436 8.317200e-15 4.333330e+03 1.000000e+00
   4322.055157 8.510100e-15 4.336080e+03 1.000000e+00
   4324.795878 8.178900e-15 4.338830e+03 1.000000e+00
   4327.536599 6.907800e-15 4.341580e+03 1.000000e+00
   4330.277320 7.832900e-15 4.344330e+03 1.000000e+00
   4333.018041 9.718600e-15 4.347080e+03 1.000000e+00
   4335.758762 1.389300e-14 4.349830e+03 1.000000e+00
   4338.499483 2.317500e-14 4.352580e+03 1.000000e+00
   4341.240204 2.708800e-14 4.355330e+03 1.000000e+00
   4343.980926 2.250400e-14 4.358080e+03 1.000000e+00
   4346.721647 1.425500e-14 4.360830e+03 1.000000e+00
   4349.462368 8.796300e-15 4.363580e+03 1.000000e+00
   4352.203090 8.381600e-15 4.366330e+03 1.000000e+00
   4354.943811 8.132100e-15 4.369080e+03 1.000000e+00
   4357.684533 8.817400e-15 4.371830e+03 1.000000e+00
   4360.435257 1.119700e-14 4.374580e+03 1.000000e+00
   4363.175978 1.169300e-14 4.377330e+03 1.000000e+00
   4365.916700 1.118700e-14 4.380080e+03 1.000000e+00
   4368.657421 1.066900e-14 4.382830e+03 1.000000e+00
   4371.398143 1.022800e-14 4.385580e+03 1.000000e+00
   4374.138865 9.009600e-15 4.388330e+03 1.000000e+00
   4376.879586 8.721200e-15 4.391080e+03 1.000000e+00
   4379.620308 9.248400e-15 4.393830e+03 1.000000e+00
   4382.361030 8.473700e-15 4.396580e+03 1.000000e+00
   4385.101752 8.496100e-15 4.399330e+03 1.000000e+00
   4387.842473 8.143100e-15 4.402080e+03 1.000000e+00
   4390.583195 9.913700e-15 4.404830e+03 1.000000e+00
   4393.323917 9.158000e-15 4.407580e+03 1.000000e+00
   4396.064639 8.822700e-15 4.410330e+03 1.000000e+00
   4398.805361 8.282600e-15 4.413080e+03 1.000000e+00
   4401.546083 8.108200e-15 4.415830e+03 1.000000e+00
   4404.286805 9.332100e-15 4.418580e+03 1.000000e+00
   4407.027527 9.371700e-15 4.421330e+03 1.000000e+00
   4409.768250 8.442400e-15 4.424080e+03 1.000000e+00
   4412.508972 8.809400e-15 4.426830e+03 1.000000e+00
   4415.249694 8.653000e-15 4.429580e+03 1.000000e+00
   4417.990416 8.174100e-15 4.432330e+03 1.000000e+00
   4420.731138 8.662500e-15 4.435080e+03 1.000000e+00
   4423.471861 8.950300e-15 4.437830e+03 1.000000e+00
   4426.212583 8.073100e-15 4.440580e+03 1.000000e+00
   4428.953305 8.191600e-15 4.443330e+03 1.000000e+00
   4431.694028 7.897700e-15 4.446080e+03 1.000000e+00
   4434.434750 8.592600e-15 4.448830e+03 1.000000e+00
   4437.175473 8.687500e-15 4.451580e+03 1.000000e+00
   4439.916195 9.209000e-15 4.454330e+03 1.000000e+00
   4442.666920 8.062200e-15 4.457080e+03 1.000000e+00
   4445.407643 8.193100e-15 4.459830e+03 1.000000e+00
   4448.148366 8.370200e-15 4.462580e+03 1.000000e+00
   4450.889088 8.919600e-15 4.465330e+03 1.000000e+00
   4453.629811 8.771900e-15 4.468080e+03 1.000000e+00
   4456.370534 7.983500e-15 4.470830e+03 1.000000e+00
   4459.111257 7.585900e-15 4.473580e+03 1.000000e+00
   4461.851979 8.203300e-15 4.476330e+03 1.000000e+00
   4464.592702 8.241200e-15 4.479080e+03 1.000000e+00
   4467.333425 8.714600e-15 4.481830e+03 1.000000e+00
   4470.074148 1.026000e-14 4.484580e+03 1.000000e+00
   4472.814871 9.280200e-15 4.487330e+03 1.000000e+00
   4475.555594 8.721600e-15 4.490080e+03 1.000000e+00
   4478.296317 9.137300e-15 4.492830e+03 1.000000e+00
   4481.037040 8.662500e-15 4.495580e+03 1.000000e+00
   4483.777763 7.125500e-15 4.498330e+03 1.000000e+00
   4486.518486 8.360000e-15 4.501080e+03 1.000000e+00
   4489.259209 8.145400e-15 4.503830e+03 1.000000e+00
   4491.999932 8.310900e-15 4.506580e+03 1.000000e+00
   4494.740655 7.791100e-15 4.509330e+03 1.000000e+00
   4497.481379 8.027300e-15 4.512080e+03 1.000000e+00
   4500.222102 8.510800e-15 4.514830e+03 1.000000e+00
   4502.962825 7.967900e-15 4.517580e+03 1.000000e+00
   4505.703549 8.612000e-15 4.520330e+03 1.000000e+00
   4508.444272 8.573700e-15 4.523080e+03 1.000000e+00
   4511.184995 8.110100e-15 4.525830e+03 1.000000e+00
   4513.925719 8.401100e-15 4.528580e+03 1.000000e+00
   4516.666442 9.108100e-15 4.531330e+03 1.000000e+00
   4519.407166 8.669500e-15 4.534080e+03 1.000000e+00
   4522.147889 7.766000e-15 4.536830e+03 1.000000e+00
   4524.898615 8.225300e-15 4.539580e+03 1.000000e+00
   4527.639339 9.155400e-15 4.542330e+03 1.000000e+00
   4530.380063 8.808900e-15 4.545080e+03 1.000000e+00
   4533.120786 8.397700e-15 4.547830e+03 1.000000e+00
   4535.861510 7.732400e-15 4.550580e+03 1.000000e+00
   4538.602234 7.797200e-15 4.553330e+03 1.000000e+00
   4541.342957 7.958600e-15 4.556080e+03 1.000000e+00
   4544.083681 8.087500e-15 4.558830e+03 1.000000e+00
   4546.824405 8.530600e-15 4.561580e+03 1.000000e+00
   4549.565129 8.113800e-15 4.564330e+03 1.000000e+00
   4552.305853 8.482000e-15 4.567080e+03 1.000000e+00
   4555.046577 7.480200e-15 4.569830e+03 1.000000e+00
   4557.787301 7.587100e-15 4.572580e+03 1.000000e+00
   4560.528025 8.221000e-15 4.575330e+03 1.000000e+00
   4563.268749 8.540800e-15 4.578080e+03 1.000000e+00
   4566.009473 7.782200e-15 4.580830e+03 1.000000e+00
   4568.750197 7.396300e-15 4.583580e+03 1.000000e+00
   4571.490921 7.920700e-15 4.586330e+03 1.000000e+00
   4574.231645 8.081400e-15 4.589080e+03 1.000000e+00
   4576.972369 7.815700e-15 4.591830e+03 1.000000e+00
   4579.713093 7.753500e-15 4.594580e+03 1.000000e+00
   4582.453817 7.543700e-15 4.597330e+03 1.000000e+00
   4585.194542 8.020600e-15 4.600080e+03 1.000000e+00
   4587.935266 7.883100e-15 4.602830e+03 1.000000e+00
   4590.675990 8.428100e-15 4.605580e+03 1.000000e+00
   4593.416715 7.740200e-15 4.608330e+03 1.000000e+00
   4596.157439 8.722700e-15 4.611080e+03 1.000000e+00
   4598.898163 8.738200e-15 4.613830e+03 1.000000e+00
   4601.638888 8.403800e-15 4.616580e+03 1.000000e+00
   4604.379612 7.940300e-15 4.619330e+03 1.000000e+00
   4607.130339 7.925700e-15 4.622080e+03 1.000000e+00
   4609.871064 7.913800e-15 4.624830e+03 1.000000e+00
   4612.611789 7.486500e-15 4.627580e+03 1.000000e+00
   4615.352513 7.738100e-15 4.630330e+03 1.000000e+00
   4618.093238 8.967800e-15 4.633080e+03 1.000000e+00
   4620.833962 8.748000e-15 4.635830e+03 1.000000e+00
   4623.574687 7.928600e-15 4.638580e+03 1.000000e+00
   4626.315412 8.056800e-15 4.641330e+03 1.000000e+00
   4629.056136 8.834100e-15 4.644080e+03 1.000000e+00
   4631.796861 8.555700e-15 4.646830e+03 1.000000e+00
   4634.537586 7.631300e-15 4.649580e+03 1.000000e+00
   4637.278311 8.486200e-15 4.652330e+03 1.000000e+00
   4640.019036 8.493100e-15 4.655080e+03 1.000000e+00
   4642.759761 8.396500e-15 4.657830e+03 1.000000e+00
   4645.500486 8.324000e-15 4.660580e+03 1.000000e+00
   4648.241210 8.580500e-15 4.663330e+03 1.000000e+00
   4650.981935 7.449800e-15 4.666080e+03 1.000000e+00
   4653.722660 7.777500e-15 4.668830e+03 1.000000e+00
   4656.463385 7.781200e-15 4.671580e+03 1.000000e+00
   4659.204111 8.158300e-15 4.674330e+03 1.000000e+00
   4661.944836 7.702200e-15 4.677080e+03 1.000000e+00
   4664.685561 8.037300e-15 4.679830e+03 1.000000e+00
   4667.426286 8.026700e-15 4.682580e+03 1.000000e+00
   4670.167011 7.336000e-15 4.685330e+03 1.000000e+00
   4672.907736 7.762100e-15 4.688080e+03 1.000000e+00
   4675.648462 7.714800e-15 4.690830e+03 1.000000e+00
   4678.389187 8.446900e-15 4.693580e+03 1.000000e+00
   4681.129912 7.853600e-15 4.696330e+03 1.000000e+00
   4683.870637 8.344900e-15 4.699080e+03 1.000000e+00
   4686.621365 8.532400e-15 4.701830e+03 1.000000e+00
   4689.362091 8.551900e-15 4.704580e+03 1.000000e+00
   4692.102816 8.603300e-15 4.707330e+03 1.000000e+00
   4694.843542 8.758600e-15 4.710080e+03 1.000000e+00
   4697.584267 8.762500e-15 4.712830e+03 1.000000e+00
   4700.324993 8.530500e-15 4.715580e+03 1.000000e+00
   4703.065718 8.414900e-15 4.718330e+03 1.000000e+00
   4705.806444 7.998500e-15 4.721080e+03 1.000000e+00
   4708.547169 8.663000e-15 4.723830e+03 1.000000e+00
   4711.287895 8.546700e-15 4.726580e+03 1.000000e+00
   4714.028620 8.226000e-15 4.729330e+03 1.000000e+00
   4716.769346 7.796900e-15 4.732080e+03 1.000000e+00
   4719.510072 8.403600e-15 4.734830e+03 1.000000e+00
   4722.250798 8.628900e-15 4.737580e+03 1.000000e+00
   4724.991523 7.430400e-15 4.740330e+03 1.000000e+00
   4727.732249 7.719300e-15 4.743080e+03 1.000000e+00
   4730.472975 7.216400e-15 4.745830e+03 1.000000e+00
   4733.213701 7.004800e-15 4.748580e+03 1.000000e+00
   4735.954427 7.880400e-15 4.751330e+03 1.000000e+00
   4738.695152 7.780800e-15 4.754080e+03 1.000000e+00
   4741.435878 7.207100e-15 4.756830e+03 1.000000e+00
   4744.176604 7.810100e-15 4.759580e+03 1.000000e+00
   4746.917330 7.643400e-15 4.762330e+03 1.000000e+00
   4749.658056 7.241700e-15 4.765080e+03 1.000000e+00
   4752.398782 7.594600e-15 4.767830e+03 1.000000e+00
   4755.139508 7.373100e-15 4.770580e+03 1.000000e+00
   4757.880234 6.954100e-15 4.773330e+03 1.000000e+00
   4760.620960 7.475900e-15 4.776080e+03 1.000000e+00
   4763.361687 7.422900e-15 4.778830e+03 1.000000e+00
   4766.102413 7.705200e-15 4.781580e+03 1.000000e+00
   4768.853142 6.983200e-15 4.784330e+03 1.000000e+00
   4771.593868 6.854000e-15 4.787080e+03 1.000000e+00
   4774.334594 7.655000e-15 4.789830e+03 1.000000e+00
   4777.075320 7.245300e-15 4.792580e+03 1.000000e+00
   4779.816047 8.176100e-15 4.795330e+03 1.000000e+00
   4782.556773 8.165700e-15 4.798080e+03 1.000000e+00
   4785.297499 7.564900e-15 4.800830e+03 1.000000e+00
   4788.038226 7.124200e-15 4.803580e+03 1.000000e+00
   4790.778952 7.478000e-15 4.806330e+03 1.000000e+00
   4793.519678 8.026000e-15 4.809080e+03 1.000000e+00
   4796.260405 7.381000e-15 4.811830e+03 1.000000e+00
   4799.001131 7.695400e-15 4.814580e+03 1.000000e+00
   4801.741858 8.076900e-15 4.817330e+03 1.000000e+00
   4804.482584 8.546700e-15 4.820080e+03 1.000000e+00
   4807.223311 7.020100e-15 4.822830e+03 1.000000e+00
   4809.964038 7.242700e-15 4.825580e+03 1.000000e+00
   4812.704764 8.087800e-15 4.828330e+03 1.000000e+00
   4815.445491 7.918900e-15 4.831080e+03 1.000000e+00
   4818.186217 7.341900e-15 4.833830e+03 1.000000e+00
   4820.926944 7.024000e-15 4.836580e+03 1.000000e+00
   4823.667671 8.247400e-15 4.839330e+03 1.000000e+00
   4826.408398 7.373800e-15 4.842080e+03 1.000000e+00
   4829.149124 7.656200e-15 4.844830e+03 1.000000e+00
   4831.889851 7.984500e-15 4.847580e+03 1.000000e+00
   4834.630578 7.477700e-15 4.850330e+03 1.000000e+00
   4837.371305 7.688500e-15 4.853080e+03 1.000000e+00
   4840.112032 7.769700e-15 4.855830e+03 1.000000e+00
   4842.852759 7.215800e-15 4.858580e+03 1.000000e+00
   4845.593485 7.436600e-15 4.861330e+03 1.000000e+00
   4848.334212 7.255100e-15 4.864080e+03 1.000000e+00
   4851.084942 7.281800e-15 4.866830e+03 1.000000e+00
   4853.825669 9.139800e-15 4.869580e+03 1.000000e+00
   4856.566396 1.678800e-14 4.872330e+03 1.000000e+00
   4859.307123 3.586000e-14 4.875080e+03 1.000000e+00
   4862.047850 5.129800e-14 4.877830e+03 1.000000e+00
   4864.788577 4.728300e-14 4.880580e+03 1.000000e+00
   4867.529304 2.676000e-14 4.883330e+03 1.000000e+00
   4870.270032 1.273800e-14 4.886080e+03 1.000000e+00
   4873.010759 8.604800e-15 4.888830e+03 1.000000e+00
   4875.751486 7.223000e-15 4.891580e+03 1.000000e+00
   4878.492213 7.555200e-15 4.894330e+03 1.000000e+00
   4881.232940 8.537100e-15 4.897080e+03 1.000000e+00
   4883.973668 7.681700e-15 4.899830e+03 1.000000e+00
   4886.714395 7.848600e-15 4.902580e+03 1.000000e+00
   4889.455122 7.706900e-15 4.905330e+03 1.000000e+00
   4892.195850 7.723700e-15 4.908080e+03 1.000000e+00
   4894.936577 7.782300e-15 4.910830e+03 1.000000e+00
   4897.677304 7.178000e-15 4.913580e+03 1.000000e+00
   4900.418032 7.783300e-15 4.916330e+03 1.000000e+00
   4903.158759 7.424600e-15 4.919080e+03 1.000000e+00
   4905.899487 7.073500e-15 4.921830e+03 1.000000e+00
   4908.640214 7.559700e-15 4.924580e+03 1.000000e+00
   4911.380942 7.626700e-15 4.927330e+03 1.000000e+00
   4914.121669 6.925300e-15 4.930080e+03 1.000000e+00
   4916.862397 7.548100e-15 4.932830e+03 1.000000e+00
   4919.603124 7.703600e-15 4.935580e+03 1.000000e+00
   4922.343852 7.107700e-15 4.938330e+03 1.000000e+00
   4925.084580 6.965700e-15 4.941080e+03 1.000000e+00
   4927.825307 6.999600e-15 4.943830e+03 1.000000e+00
   4930.566035 7.523300e-15 4.946580e+03 1.000000e+00
   4933.316765 7.114400e-15 4.949330e+03 1.000000e+00
   4936.057493 7.091900e-15 4.952080e+03 1.000000e+00
   4938.798221 6.840000e-15 4.954830e+03 1.000000e+00
   4941.538949 7.277600e-15 4.957580e+03 1.000000e+00
   4944.279676 7.622200e-15 4.960330e+03 1.000000e+00
   4947.020404 7.683400e-15 4.963080e+03 1.000000e+00
   4949.761132 8.913000e-15 4.965830e+03 1.000000e+00
   4952.501860 1.268300e-14 4.968580e+03 1.000000e+00
   4955.242588 2.823300e-14 4.971330e+03 1.000000e+00
   4957.983316 5.664400e-14 4.974080e+03 1.000000e+00
   4960.724044 6.860600e-14 4.976830e+03 1.000000e+00
   4963.464772 5.257500e-14 4.979580e+03 1.000000e+00
   4966.205500 3.207200e-14 4.982330e+03 1.000000e+00
   4968.946228 1.190500e-14 4.985080e+03 1.000000e+00
   4971.686956 7.951400e-15 4.987830e+03 1.000000e+00
   4974.427684 7.346700e-15 4.990580e+03 1.000000e+00
   4977.168412 8.448500e-15 4.993330e+03 1.000000e+00
   4979.909140 6.921600e-15 4.996080e+03 1.000000e+00
   4982.649868 7.589100e-15 4.998830e+03 1.000000e+00
   4985.390596 7.429700e-15 5.001580e+03 1.000000e+00
   4988.131324 6.725300e-15 5.004330e+03 1.000000e+00
   4990.872053 8.791900e-15 5.007080e+03 1.000000e+00
   4993.612781 8.568400e-15 5.009830e+03 1.000000e+00
   4996.353509 8.758600e-15 5.012580e+03 1.000000e+00
   4999.094237 1.301300e-14 5.015330e+03 1.000000e+00
   5001.834966 3.794100e-14 5.018080e+03 1.000000e+00
   5004.575694 1.135700e-13 5.020830e+03 1.000000e+00
   5007.316422 1.855500e-13 5.023580e+03 1.000000e+00
   5010.057151 1.782900e-13 5.026330e+03 1.000000e+00
   5012.797879 9.844000e-14 5.029080e+03 1.000000e+00
   5015.548610 3.367100e-14 5.031830e+03 1.000000e+00
   5018.289338 1.477800e-14 5.034580e+03 1.000000e+00
   5021.030067 9.804900e-15 5.037330e+03 1.000000e+00
   5023.770795 7.943000e-15 5.040080e+03 1.000000e+00
   5026.511524 7.294600e-15 5.042830e+03 1.000000e+00
   5029.252252 7.618500e-15 5.045580e+03 1.000000e+00
   5031.992981 6.822400e-15 5.048330e+03 1.000000e+00
   5034.733710 6.878700e-15 5.051080e+03 1.000000e+00
   5037.474438 6.775900e-15 5.053830e+03 1.000000e+00
   5040.215167 8.158700e-15 5.056580e+03 1.000000e+00
   5042.955895 7.016800e-15 5.059330e+03 1.000000e+00
   5045.696624 7.293300e-15 5.062080e+03 1.000000e+00
   5048.437353 7.947000e-15 5.064830e+03 1.000000e+00
   5051.178081 7.667300e-15 5.067580e+03 1.000000e+00
   5053.918810 7.583100e-15 5.070330e+03 1.000000e+00
   5056.659539 6.390400e-15 5.073080e+03 1.000000e+00
   5059.400268 7.061300e-15 5.075830e+03 1.000000e+00
   5062.140996 7.127200e-15 5.078580e+03 1.000000e+00
   5064.881725 7.590600e-15 5.081330e+03 1.000000e+00
   5067.622454 7.259900e-15 5.084080e+03 1.000000e+00
   5070.363183 7.104300e-15 5.086830e+03 1.000000e+00
   5073.103912 7.327400e-15 5.089580e+03 1.000000e+00
   5075.844641 6.452500e-15 5.092330e+03 1.000000e+00
   5078.585369 6.687000e-15 5.095080e+03 1.000000e+00
   5081.326098 6.580000e-15 5.097830e+03 1.000000e+00
   5084.066827 6.855900e-15 5.100580e+03 1.000000e+00
   5086.807556 6.908300e-15 5.103330e+03 1.000000e+00
   5089.548285 7.964000e-15 5.106080e+03 1.000000e+00
   5092.289014 6.379000e-15 5.108830e+03 1.000000e+00
   5095.029743 6.378100e-15 5.111580e+03 1.000000e+00
   5097.780475 6.212900e-15 5.114330e+03 1.000000e+00
   5100.521204 7.133100e-15 5.117080e+03 1.000000e+00
   5103.261933 6.773700e-15 5.119830e+03 1.000000e+00
   5106.002662 7.058600e-15 5.122580e+03 1.000000e+00
   5108.743392 6.177700e-15 5.125330e+03 1.000000e+00
   5111.484121 6.770600e-15 5.128080e+03 1.000000e+00
   5114.224850 6.652200e-15 5.130830e+03 1.000000e+00
   5116.965579 6.922700e-15 5.133580e+03 1.000000e+00
   5119.706308 6.902500e-15 5.136330e+03 1.000000e+00
   5122.447038 6.506600e-15 5.139080e+03 1.000000e+00
   5125.187767 7.180800e-15 5.141830e+03 1.000000e+00
   5127.928496 6.470000e-15 5.144580e+03 1.000000e+00
   5130.669226 6.912000e-15 5.147330e+03 1.000000e+00
   5133.409955 6.436900e-15 5.150080e+03 1.000000e+00
   5136.150684 5.864300e-15 5.152830e+03 1.000000e+00
   5138.891414 6.768100e-15 5.155580e+03 1.000000e+00
   5141.632143 6.431800e-15 5.158330e+03 1.000000e+00
   5144.372872 5.991700e-15 5.161080e+03 1.000000e+00
   5147.113602 6.325200e-15 5.163830e+03 1.000000e+00
   5149.854331 6.822600e-15 5.166580e+03 1.000000e+00
   5152.595061 6.467900e-15 5.169330e+03 1.000000e+00
   5155.335790 6.077400e-15 5.172080e+03 1.000000e+00
   5158.076520 7.241200e-15 5.174830e+03 1.000000e+00
   5160.817249 7.044500e-15 5.177580e+03 1.000000e+00
   5163.557979 6.876100e-15 5.180330e+03 1.000000e+00
   5166.298709 6.889900e-15 5.183080e+03 1.000000e+00
   5169.039438 6.003800e-15 5.185830e+03 1.000000e+00
   5171.780168 5.460200e-15 5.188580e+03 1.000000e+00
   5174.520897 6.072800e-15 5.191330e+03 1.000000e+00
   5177.261627 6.037900e-15 5.194080e+03 1.000000e+00
   5180.012359 6.558100e-15 5.196830e+03 1.000000e+00
   5182.753089 6.066100e-15 5.199580e+03 1.000000e+00
   5185.493819 6.208400e-15 5.202330e+03 1.000000e+00
   5188.234549 6.183800e-15 5.205080e+03 1.000000e+00
   5190.975278 6.749900e-15 5.207830e+03 1.000000e+00
   5193.716008 6.775900e-15 5.210580e+03 1.000000e+00
   5196.456738 7.226000e-15 5.213330e+03 1.000000e+00
   5199.197468 6.749400e-15 5.216080e+03 1.000000e+00
   5201.938198 7.358200e-15 5.218830e+03 1.000000e+00
   5204.678928 6.875900e-15 5.221580e+03 1.000000e+00
   5207.419657 6.547800e-15 5.224330e+03 1.000000e+00
   5210.160387 6.162600e-15 5.227080e+03 1.000000e+00
   5212.901117 5.789700e-15 5.229830e+03 1.000000e+00
   5215.641847 6.444000e-15 5.232580e+03 1.000000e+00
   5218.382577 6.483900e-15 5.235330e+03 1.000000e+00
   5221.123307 6.094500e-15 5.238080e+03 1.000000e+00
   5223.864037 5.754600e-15 5.240830e+03 1.000000e+00
   5226.604767 5.927100e-15 5.243580e+03 1.000000e+00
   5229.345497 6.916600e-15 5.246330e+03 1.000000e+00
   5232.086227 7.251800e-15 5.249080e+03 1.000000e+00
   5234.826957 7.099700e-15 5.251830e+03 1.000000e+00
   5237.567688 6.679800e-15 5.254580e+03 1.000000e+00
   5240.308418 6.603900e-15 5.257330e+03 1.000000e+00
   5243.049148 6.410400e-15 5.260080e+03 1.000000e+00
   5245.789878 6.527700e-15 5.262830e+03 1.000000e+00
   5248.530608 5.331700e-15 5.265580e+03 1.000000e+00
   5251.271338 6.442400e-15 5.268330e+03 1.000000e+00
   5254.012069 6.334100e-15 5.271080e+03 1.000000e+00
   5256.752799 6.451500e-15 5.273830e+03 1.000000e+00
   5259.493529 6.622400e-15 5.276580e+03 1.000000e+00
   5262.244262 6.371100e-15 5.279330e+03 1.000000e+00
   5264.984992 6.310900e-15 5.282080e+03 1.000000e+00
   5267.725723 7.037300e-15 5.284830e+03 1.000000e+00
   5270.466453 6.492900e-15 5.287580e+03 1.000000e+00
   5273.207183 6.750400e-15 5.290330e+03 1.000000e+00
   5275.947914 6.766100e-15 5.293080e+03 1.000000e+00
   5278.688644 6.453500e-15 5.295830e+03 1.000000e+00
   5281.429375 6.293400e-15 5.298580e+03 1.000000e+00
   5284.170105 6.499500e-15 5.301330e+03 1.000000e+00
   5286.910835 5.856300e-15 5.304080e+03 1.000000e+00
   5289.651566 6.468800e-15 5.306830e+03 1.000000e+00
   5292.392296 6.325500e-15 5.309580e+03 1.000000e+00
   5295.133027 6.253000e-15 5.312330e+03 1.000000e+00
   5297.873757 5.936600e-15 5.315080e+03 1.000000e+00
   5300.614488 5.700200e-15 5.317830e+03 1.000000e+00
   5303.355218 5.780200e-15 5.320580e+03 1.000000e+00
   5306.095949 5.933000e-15 5.323330e+03 1.000000e+00
   5308.836680 6.492900e-15 5.326080e+03 1.000000e+00
   5311.577410 6.222900e-15 5.328830e+03 1.000000e+00
   5314.318141 6.117200e-15 5.331580e+03 1.000000e+00
   5317.058872 6.504400e-15 5.334330e+03 1.000000e+00
   5319.799602 5.913000e-15 5.337080e+03 1.000000e+00
   5322.540333 6.215800e-15 5.339830e+03 1.000000e+00
   5325.281064 6.592900e-15 5.342580e+03 1.000000e+00
   5328.021794 5.959900e-15 5.345330e+03 1.000000e+00
   5330.762525 5.849500e-15 5.348080e+03 1.000000e+00
   5333.503256 6.208500e-15 5.350830e+03 1.000000e+00
   5336.243987 6.706400e-15 5.353580e+03 1.000000e+00
   5338.984718 6.033100e-15 5.356330e+03 1.000000e+00
   5341.735451 6.334400e-15 5.359080e+03 1.000000e+00
   5344.476182 5.901200e-15 5.361830e+03 1.000000e+00
   5347.216913 6.383400e-15 5.364580e+03 1.000000e+00
   5349.957644 5.814900e-15 5.367330e+03 1.000000e+00
   5352.698374 6.227300e-15 5.370080e+03 1.000000e+00
   5355.439105 6.337000e-15 5.372830e+03 1.000000e+00
   5358.179836 6.452600e-15 5.375580e+03 1.000000e+00
   5360.920567 6.520100e-15 5.378330e+03 1.000000e+00
   5363.661298 6.180100e-15 5.381080e+03 1.000000e+00
   5366.402029 6.025300e-15 5.383830e+03 1.000000e+00
   5369.142760 6.347500e-15 5.386580e+03 1.000000e+00
   5371.883491 6.295700e-15 5.389330e+03 1.000000e+00
   5374.624222 6.933900e-15 5.392080e+03 1.000000e+00
   5377.364953 6.410600e-15 5.394830e+03 1.000000e+00
   5380.105684 6.118200e-15 5.397580e+03 1.000000e+00
   5382.846415 6.280500e-15 5.400330e+03 1.000000e+00
   5385.587147 5.973600e-15 5.403080e+03 1.000000e+00
   5388.327878 6.200700e-15 5.405830e+03 1.000000e+00
   5391.068609 5.752800e-15 5.408580e+03 1.000000e+00
   5393.809340 5.752000e-15 5.411330e+03 1.000000e+00
   5396.550071 6.015000e-15 5.414080e+03 1.000000e+00
   5399.290802 5.691200e-15 5.416830e+03 1.000000e+00
   5402.031534 5.355300e-15 5.419580e+03 1.000000e+00
   5404.772265 5.556800e-15 5.422330e+03 1.000000e+00
   5407.512996 5.357000e-15 5.425080e+03 1.000000e+00
   5410.253727 5.889700e-15 5.427830e+03 1.000000e+00
   5412.994459 6.097500e-15 5.430580e+03 1.000000e+00
   5415.735190 5.847600e-15 5.433330e+03 1.000000e+00
   5418.475921 6.340800e-15 5.436080e+03 1.000000e+00
   5421.216653 6.080200e-15 5.438830e+03 1.000000e+00
   5423.967387 5.833600e-15 5.441580e+03 1.000000e+00
   5426.708118 5.605900e-15 5.444330e+03 1.000000e+00
   5429.448849 6.409100e-15 5.447080e+03 1.000000e+00
   5432.189581 6.655000e-15 5.449830e+03 1.000000e+00
   5434.930312 6.089900e-15 5.452580e+03 1.000000e+00
   5437.671044 5.945700e-15 5.455330e+03 1.000000e+00
   5440.411775 6.194800e-15 5.458080e+03 1.000000e+00
   5443.152507 6.336700e-15 5.460830e+03 1.000000e+00
   5445.893238 6.522900e-15 5.463580e+03 1.000000e+00
   5448.633970 6.505500e-15 5.466330e+03 1.000000e+00
   5451.374701 6.485900e-15 5.469080e+03 1.000000e+00
   5454.115433 6.028200e-15 5.471830e+03 1.000000e+00
   5456.856164 7.027500e-15 5.474580e+03 1.000000e+00
   5459.596896 5.860400e-15 5.477330e+03 1.000000e+00
   5462.337627 6.368100e-15 5.480080e+03 1.000000e+00
   5465.078359 6.417700e-15 5.482830e+03 1.000000e+00
   5467.819091 5.615600e-15 5.485580e+03 1.000000e+00
   5470.559822 6.835600e-15 5.488330e+03 1.000000e+00
   5473.300554 6.071500e-15 5.491080e+03 1.000000e+00
   5476.041286 6.025500e-15 5.493830e+03 1.000000e+00
   5478.782017 5.542600e-15 5.496580e+03 1.000000e+00
   5481.522749 6.073300e-15 5.499330e+03 1.000000e+00
   5484.263481 6.454000e-15 5.502080e+03 1.000000e+00
   5487.004213 6.095700e-15 5.504830e+03 1.000000e+00
   5489.744944 6.528900e-15 5.507580e+03 1.000000e+00
   5492.485676 5.915200e-15 5.510330e+03 1.000000e+00
   5495.226408 6.020200e-15 5.513080e+03 1.000000e+00
   5497.967140 5.528400e-15 5.515830e+03 1.000000e+00
   5500.707871 5.464800e-15 5.518580e+03 1.000000e+00
   5503.448603 5.682300e-15 5.521330e+03 1.000000e+00
   5506.199338 5.442500e-15 5.524080e+03 1.000000e+00
   5508.940070 5.570700e-15 5.526830e+03 1.000000e+00
   5511.680802 5.870900e-15 5.529580e+03 1.000000e+00
   5514.421534 5.947500e-15 5.532330e+03 1.000000e+00
   5517.162265 6.210500e-15 5.535080e+03 1.000000e+00
   5519.902997 6.544200e-15 5.537830e+03 1.000000e+00
   5522.643729 6.053000e-15 5.540580e+03 1.000000e+00
   5525.384461 6.090700e-15 5.543330e+03 1.000000e+00
   5528.125193 6.063900e-15 5.546080e+03 1.000000e+00
   5530.865925 6.050900e-15 5.548830e+03 1.000000e+00
   5533.606657 5.099100e-15 5.551580e+03 1.000000e+00
   5536.347389 5.486100e-15 5.554330e+03 1.000000e+00
   5539.088121 5.807800e-15 5.557080e+03 1.000000e+00
   5541.828854 5.877800e-15 5.559830e+03 1.000000e+00
   5544.569586 6.141200e-15 5.562580e+03 1.000000e+00
   5547.310318 6.397200e-15 5.565330e+03 1.000000e+00
   5550.051050 6.564500e-15 5.568080e+03 1.000000e+00
   5552.791782 5.915400e-15 5.570830e+03 1.000000e+00
   5555.532514 5.930700e-15 5.573580e+03 1.000000e+00
   5558.273246 5.949500e-15 5.576330e+03 1.000000e+00
   5561.013978 5.994600e-15 5.579080e+03 1.000000e+00
   5563.754711 5.609900e-15 5.581830e+03 1.000000e+00
   5566.495443 6.148200e-15 5.584580e+03 1.000000e+00
   5569.236175 5.551300e-15 5.587330e+03 1.000000e+00
   5571.976907 6.058800e-15 5.590080e+03 1.000000e+00
   5574.717640 6.411500e-15 5.592830e+03 1.000000e+00
   5577.458372 6.121500e-15 5.595580e+03 1.000000e+00
   5580.199104 6.186800e-15 5.598330e+03 1.000000e+00
   5582.939837 5.270900e-15 5.601080e+03 1.000000e+00
   5585.680569 6.293800e-15 5.603830e+03 1.000000e+00
   5588.431304 5.462300e-15 5.606580e+03 1.000000e+00
   5591.172036 5.637200e-15 5.609330e+03 1.000000e+00
   5593.912769 5.111600e-15 5.612080e+03 1.000000e+00
   5596.653501 4.980100e-15 5.614830e+03 1.000000e+00
   5599.394233 5.054800e-15 5.617580e+03 1.000000e+00
   5602.134966 5.558300e-15 5.620330e+03 1.000000e+00
   5604.875698 5.387800e-15 5.623080e+03 1.000000e+00
   5607.616431 5.246200e-15 5.625830e+03 1.000000e+00
   5610.357163 6.103100e-15 5.628580e+03 1.000000e+00
   5613.097896 6.053800e-15 5.631330e+03 1.000000e+00
   5615.838628 6.253300e-15 5.634080e+03 1.000000e+00
   5618.579361 5.615000e-15 5.636830e+03 1.000000e+00
   5621.320093 5.525500e-15 5.639580e+03 1.000000e+00
   5624.060826 5.755900e-15 5.642330e+03 1.000000e+00
   5626.801558 5.520000e-15 5.645080e+03 1.000000e+00
   5629.542291 5.453000e-15 5.647830e+03 1.000000e+00
   5632.283023 5.884100e-15 5.650580e+03 1.000000e+00
   5635.023756 6.075800e-15 5.653330e+03 1.000000e+00
   5637.764489 5.634400e-15 5.656080e+03 1.000000e+00
   5640.505221 5.840800e-15 5.658830e+03 1.000000e+00
   5643.245954 5.618100e-15 5.661580e+03 1.000000e+00
   5645.986687 5.558500e-15 5.664330e+03 1.000000e+00
   5648.727419 5.784300e-15 5.667080e+03 1.000000e+00
   5651.468152 5.918600e-15 5.669830e+03 1.000000e+00
   5654.208885 6.019600e-15 5.672580e+03 1.000000e+00
   5656.949617 6.163400e-15 5.675330e+03 1.000000e+00
   5659.690350 6.222300e-15 5.678080e+03 1.000000e+00
   5662.431083 5.670200e-15 5.680830e+03 1.000000e+00
   5665.171816 5.425500e-15 5.683580e+03 1.000000e+00
   5667.912549 5.673200e-15 5.686330e+03 1.000000e+00
   5670.663284 5.703900e-15 5.689080e+03 1.000000e+00
   5673.404017 5.343100e-15 5.691830e+03 1.000000e+00
   5676.144750 5.807000e-15 5.694580e+03 1.000000e+00
   5678.885482 5.712800e-15 5.697330e+03 1.000000e+00
   5681.626215 5.511000e-15 5.700080e+03 1.000000e+00
   5684.366948 5.613700e-15 5.702830e+03 1.000000e+00
   5687.107681 6.002400e-15 5.705580e+03 1.000000e+00
   5689.848414 6.029000e-15 5.708330e+03 1.000000e+00
   5692.589147 5.748600e-15 5.711080e+03 1.000000e+00
   5695.329880 5.433200e-15 5.713830e+03 1.000000e+00
   5698.070613 5.100400e-15 5.716580e+03 1.000000e+00
   5700.811346 5.299200e-15 5.719330e+03 1.000000e+00
   5703.552079 5.676900e-15 5.722080e+03 1.000000e+00
   5706.292812 5.516300e-15 5.724830e+03 1.000000e+00
   5709.033545 5.145100e-15 5.727580e+03 1.000000e+00
   5711.774278 5.232300e-15 5.730330e+03 1.000000e+00
   5714.515011 6.281100e-15 5.733080e+03 1.000000e+00
   5717.255744 6.352000e-15 5.735830e+03 1.000000e+00
   5719.996477 5.790300e-15 5.738580e+03 1.000000e+00
   5722.737210 5.732600e-15 5.741330e+03 1.000000e+00
   5725.477943 5.774100e-15 5.744080e+03 1.000000e+00
   5728.218676 5.423400e-15 5.746830e+03 1.000000e+00
   5730.959409 5.205300e-15 5.749580e+03 1.000000e+00
   5733.700142 6.079600e-15 5.752330e+03 1.000000e+00
   5736.440876 5.704200e-15 5.755080e+03 1.000000e+00
   5739.181609 5.281200e-15 5.757830e+03 1.000000e+00
   5741.922342 6.160100e-15 5.760580e+03 1.000000e+00
   5744.663075 6.221700e-15 5.763330e+03 1.000000e+00
   5747.403808 5.264800e-15 5.766080e+03 1.000000e+00
   5750.144542 5.152200e-15 5.768830e+03 1.000000e+00
   5752.895278 5.318600e-15 5.771580e+03 1.000000e+00
   5755.636011 5.088500e-15 5.774330e+03 1.000000e+00
   5758.376744 6.119100e-15 5.777080e+03 1.000000e+00
   5761.117477 5.549700e-15 5.779830e+03 1.000000e+00
   5763.858211 5.531900e-15 5.782580e+03 1.000000e+00
   5766.598944 5.773400e-15 5.785330e+03 1.000000e+00
   5769.339677 5.906400e-15 5.788080e+03 1.000000e+00
   5772.080411 5.325800e-15 5.790830e+03 1.000000e+00
   5774.821144 5.711900e-15 5.793580e+03 1.000000e+00
   5777.561877 5.226200e-15 5.796330e+03 1.000000e+00
   5780.302611 5.074600e-15 5.799080e+03 1.000000e+00
   5783.043344 5.519300e-15 5.801830e+03 1.000000e+00
   5785.784078 5.765600e-15 5.804580e+03 1.000000e+00
   5788.524811 6.017300e-15 5.807330e+03 1.000000e+00
   5791.265544 5.622400e-15 5.810080e+03 1.000000e+00
   5794.006278 5.168700e-15 5.812830e+03 1.000000e+00
   5796.747011 5.452100e-15 5.815580e+03 1.000000e+00
   5799.487745 5.141600e-15 5.818330e+03 1.000000e+00
   5802.228478 5.436600e-15 5.821080e+03 1.000000e+00
   5804.969212 5.733500e-15 5.823830e+03 1.000000e+00
   5807.709945 5.101300e-15 5.826580e+03 1.000000e+00
   5810.450679 5.617300e-15 5.829330e+03 1.000000e+00
   5813.191412 5.374400e-15 5.832080e+03 1.000000e+00
   5815.932146 6.140100e-15 5.834830e+03 1.000000e+00
   5818.672879 5.609400e-15 5.837580e+03 1.000000e+00
   5821.413613 5.882500e-15 5.840330e+03 1.000000e+00
   5824.154347 5.029000e-15 5.843080e+03 1.000000e+00
   5826.895080 5.611900e-15 5.845830e+03 1.000000e+00
   5829.635814 5.680000e-15 5.848580e+03 1.000000e+00
   5832.376548 6.194200e-15 5.851330e+03 1.000000e+00
   5835.127284 5.627700e-15 5.854080e+03 1.000000e+00
   5837.868018 5.008300e-15 5.856830e+03 1.000000e+00
   5840.608751 5.834200e-15 5.859580e+03 1.000000e+00
   5843.349485 5.297000e-15 5.862330e+03 1.000000e+00
   5846.090219 5.748600e-15 5.865080e+03 1.000000e+00
   5848.830952 5.095500e-15 5.867830e+03 1.000000e+00
   5851.571686 5.695100e-15 5.870580e+03 1.000000e+00
   5854.312420 6.443200e-15 5.873330e+03 1.000000e+00
   5857.053154 5.779200e-15 5.876080e+03 1.000000e+00
   5859.793887 5.544800e-15 5.878830e+03 1.000000e+00
   5862.534621 4.972500e-15 5.881580e+03 1.000000e+00
   5865.275355 6.249100e-15 5.884330e+03 1.000000e+00
   5868.016089 7.156100e-15 5.887080e+03 1.000000e+00
   5870.756823 5.562900e-15 5.889830e+03 1.000000e+00
   5873.497556 9.093300e-15 5.892580e+03 1.000000e+00
   5876.238290 9.641800e-15 5.895330e+03 1.000000e+00
   5878.979024 8.701300e-15 5.898080e+03 1.000000e+00
   5881.719758 6.761200e-15 5.900830e+03 1.000000e+00
   5884.460492 6.442300e-15 5.903580e+03 1.000000e+00
   5887.201226 5.803900e-15 5.906330e+03 1.000000e+00
   5889.941960 4.931500e-15 5.909080e+03 1.000000e+00
   5892.682694 5.721700e-15 5.911830e+03 1.000000e+00
   5895.423428 5.055100e-15 5.914580e+03 1.000000e+00
   5898.164162 5.472200e-15 5.917330e+03 1.000000e+00
   5900.904896 4.887000e-15 5.920080e+03 1.000000e+00
   5903.645630 4.704900e-15 5.922830e+03 1.000000e+00
   5906.386364 5.926500e-15 5.925580e+03 1.000000e+00
   5909.127098 5.409000e-15 5.928330e+03 1.000000e+00
   5911.867832 5.088700e-15 5.931080e+03 1.000000e+00
   5914.618568 4.985500e-15 5.933830e+03 1.000000e+00
   5917.359302 5.030100e-15 5.936580e+03 1.000000e+00
   5920.100036 5.409800e-15 5.939330e+03 1.000000e+00
   5922.840771 5.611600e-15 5.942080e+03 1.000000e+00
   5925.581505 5.248000e-15 5.944830e+03 1.000000e+00
   5928.322239 4.846400e-15 5.947580e+03 1.000000e+00
   5931.062973 5.394200e-15 5.950330e+03 1.000000e+00
   5933.803707 5.074400e-15 5.953080e+03 1.000000e+00
   5936.544441 5.257900e-15 5.955830e+03 1.000000e+00
   5939.285175 4.554700e-15 5.958580e+03 1.000000e+00
   5942.025909 5.305700e-15 5.961330e+03 1.000000e+00
   5944.766644 5.526800e-15 5.964080e+03 1.000000e+00
   5947.507378 5.268800e-15 5.966830e+03 1.000000e+00
   5950.248112 4.527200e-15 5.969580e+03 1.000000e+00
   5952.988846 4.815300e-15 5.972330e+03 1.000000e+00
   5955.729580 5.173400e-15 5.975080e+03 1.000000e+00
   5958.470315 4.771700e-15 5.977830e+03 1.000000e+00
   5961.211049 5.669500e-15 5.980580e+03 1.000000e+00
   5963.951783 4.957300e-15 5.983330e+03 1.000000e+00
   5966.692518 4.950200e-15 5.986080e+03 1.000000e+00
   5969.433252 5.367900e-15 5.988830e+03 1.000000e+00
   5972.173986 5.008500e-15 5.991580e+03 1.000000e+00
   5974.914720 4.977600e-15 5.994330e+03 1.000000e+00
   5977.655455 4.756600e-15 5.997080e+03 1.000000e+00
   5980.396189 5.104000e-15 5.999830e+03 1.000000e+00
   5983.136923 5.276900e-15 6.002580e+03 1.000000e+00
   5985.877658 5.107800e-15 6.005330e+03 1.000000e+00
   5988.618392 4.871300e-15 6.008080e+03 1.000000e+00
   5991.359127 4.900200e-15 6.010830e+03 1.000000e+00
   5994.099861 5.203100e-15 6.013580e+03 1.000000e+00
   5996.850598 5.617500e-15 6.016330e+03 1.000000e+00
   5999.591333 5.766100e-15 6.019080e+03 1.000000e+00
   6002.332067 4.842100e-15 6.021830e+03 1.000000e+00
   6005.072801 5.262500e-15 6.024580e+03 1.000000e+00
   6007.813536 4.973500e-15 6.027330e+03 1.000000e+00
   6010.554270 5.719900e-15 6.030080e+03 1.000000e+00
   6013.295005 5.834600e-15 6.032830e+03 1.000000e+00
   6016.035739 5.381400e-15 6.035580e+03 1.000000e+00
   6018.776474 4.851700e-15 6.038330e+03 1.000000e+00
   6021.517208 4.454200e-15 6.041080e+03 1.000000e+00
   6024.257943 5.089300e-15 6.043830e+03 1.000000e+00
   6026.998678 4.785600e-15 6.046580e+03 1.000000e+00
   6029.739412 5.105700e-15 6.049330e+03 1.000000e+00
   6032.480147 4.820900e-15 6.052080e+03 1.000000e+00
   6035.220881 4.511100e-15 6.054830e+03 1.000000e+00
   6037.961616 5.015300e-15 6.057580e+03 1.000000e+00
   6040.702351 4.788600e-15 6.060330e+03 1.000000e+00
   6043.443085 5.363000e-15 6.063080e+03 1.000000e+00
   6046.183820 4.959900e-15 6.065830e+03 1.000000e+00
   6048.924554 4.531100e-15 6.068580e+03 1.000000e+00
   6051.665289 5.029200e-15 6.071330e+03 1.000000e+00
   6054.406024 5.203500e-15 6.074080e+03 1.000000e+00
   6057.146758 5.061000e-15 6.076830e+03 1.000000e+00
   6059.887493 4.903600e-15 6.079580e+03 1.000000e+00
   6062.628228 4.954700e-15 6.082330e+03 1.000000e+00
   6065.368963 5.517500e-15 6.085080e+03 1.000000e+00
   6068.109697 5.326400e-15 6.087830e+03 1.000000e+00
   6070.850432 4.990200e-15 6.090580e+03 1.000000e+00
   6073.591167 5.461900e-15 6.093330e+03 1.000000e+00
   6076.331902 5.278600e-15 6.096080e+03 1.000000e+00
   6079.082639 5.055400e-15 6.098830e+03 1.000000e+00
   6081.823374 5.316400e-15 6.101580e+03 1.000000e+00
   6084.564109 5.439800e-15 6.104330e+03 1.000000e+00
   6087.304843 5.028900e-15 6.107080e+03 1.000000e+00
   6090.045578 4.665400e-15 6.109830e+03 1.000000e+00
   6092.786313 4.736000e-15 6.112580e+03 1.000000e+00
   6095.527048 4.001300e-15 6.115330e+03 1.000000e+00
   6098.267783 4.493600e-15 6.118080e+03 1.000000e+00
   6101.008518 5.553700e-15 6.120830e+03 1.000000e+00
   6103.749253 4.866900e-15 6.123580e+03 1.000000e+00
   6106.489988 4.627900e-15 6.126330e+03 1.000000e+00
   6109.230722 4.785600e-15 6.129080e+03 1.000000e+00
   6111.971457 4.917300e-15 6.131830e+03 1.000000e+00
   6114.712192 5.259700e-15 6.134580e+03 1.000000e+00
   6117.452927 5.224000e-15 6.137330e+03 1.000000e+00
   6120.193662 4.785800e-15 6.140080e+03 1.000000e+00
   6122.934397 4.843800e-15 6.142830e+03 1.000000e+00
   6125.675132 5.353300e-15 6.145580e+03 1.000000e+00
   6128.415867 5.374100e-15 6.148330e+03 1.000000e+00
   6131.156602 4.929500e-15 6.151080e+03 1.000000e+00
   6133.897337 5.055300e-15 6.153830e+03 1.000000e+00
   6136.638072 4.666100e-15 6.156580e+03 1.000000e+00
   6139.378807 4.642200e-15 6.159330e+03 1.000000e+00
   6142.119542 4.509800e-15 6.162080e+03 1.000000e+00
   6144.860277 4.510400e-15 6.164830e+03 1.000000e+00
   6147.601012 5.252700e-15 6.167580e+03 1.000000e+00
   6150.341748 5.335800e-15 6.170330e+03 1.000000e+00
   6153.082483 4.833500e-15 6.173080e+03 1.000000e+00
   6155.823218 5.626800e-15 6.175830e+03 1.000000e+00
   6158.563953 5.486000e-15 6.178580e+03 1.000000e+00
   6161.314691 5.025600e-15 6.181330e+03 1.000000e+00
   6164.055426 4.962000e-15 6.184080e+03 1.000000e+00
   6166.796161 5.058600e-15 6.186830e+03 1.000000e+00
   6169.536896 4.955500e-15 6.189580e+03 1.000000e+00
   6172.277631 4.890600e-15 6.192330e+03 1.000000e+00
   6175.018366 4.494600e-15 6.195080e+03 1.000000e+00
   6177.759102 5.175400e-15 6.197830e+03 1.000000e+00
   6180.499837 4.429900e-15 6.200580e+03 1.000000e+00
   6183.240572 3.836400e-15 6.203330e+03 1.000000e+00
   6185.981307 5.463200e-15 6.206080e+03 1.000000e+00
   6188.722043 4.219100e-15 6.208830e+03 1.000000e+00
   6191.462778 4.826700e-15 6.211580e+03 1.000000e+00
   6194.203513 4.973300e-15 6.214330e+03 1.000000e+00
   6196.944248 5.311500e-15 6.217080e+03 1.000000e+00
   6199.684984 4.763000e-15 6.219830e+03 1.000000e+00
   6202.425719 4.163700e-15 6.222580e+03 1.000000e+00
   6205.166454 4.364500e-15 6.225330e+03 1.000000e+00
   6207.907190 4.646100e-15 6.228080e+03 1.000000e+00
   6210.647925 4.896600e-15 6.230830e+03 1.000000e+00
   6213.388660 5.308200e-15 6.233580e+03 1.000000e+00
   6216.129396 4.171700e-15 6.236330e+03 1.000000e+00
   6218.870131 4.327200e-15 6.239080e+03 1.000000e+00
   6221.610866 4.699800e-15 6.241830e+03 1.000000e+00
   6224.351602 5.370600e-15 6.244580e+03 1.000000e+00
   6227.092337 4.990600e-15 6.247330e+03 1.000000e+00
   6229.833073 5.465000e-15 6.250080e+03 1.000000e+00
   6232.573808 5.063100e-15 6.252830e+03 1.000000e+00
   6235.314543 5.160700e-15 6.255580e+03 1.000000e+00
   6238.055279 4.129300e-15 6.258330e+03 1.000000e+00
   6240.796014 4.756900e-15 6.261080e+03 1.000000e+00
   6243.546752 5.075100e-15 6.263830e+03 1.000000e+00
   6246.287488 4.293700e-15 6.266580e+03 1.000000e+00
   6249.028223 5.155000e-15 6.269330e+03 1.000000e+00
   6251.768959 4.624800e-15 6.272080e+03 1.000000e+00
   6254.509694 4.385700e-15 6.274830e+03 1.000000e+00
   6257.250430 4.494500e-15 6.277580e+03 1.000000e+00
   6259.991165 4.695800e-15 6.280330e+03 1.000000e+00
   6262.731901 5.471000e-15 6.283080e+03 1.000000e+00
   6265.472637 4.513100e-15 6.285830e+03 1.000000e+00
   6268.213372 4.711800e-15 6.288580e+03 1.000000e+00
   6270.954108 4.901500e-15 6.291330e+03 1.000000e+00
   6273.694843 4.625900e-15 6.294080e+03 1.000000e+00
   6276.435579 4.314700e-15 6.296830e+03 1.000000e+00
   6279.176314 3.913200e-15 6.299580e+03 1.000000e+00
   6281.917050 3.926100e-15 6.302330e+03 1.000000e+00
   6284.657786 4.844600e-15 6.305080e+03 1.000000e+00
   6287.398521 3.376600e-15 6.307830e+03 1.000000e+00
   6290.139257 4.525300e-15 6.310580e+03 1.000000e+00
   6292.879993 4.856100e-15 6.313330e+03 1.000000e+00
   6295.620728 5.536100e-15 6.316080e+03 1.000000e+00
   6298.361464 6.311900e-15 6.318830e+03 1.000000e+00
   6301.102200 7.344300e-15 6.321580e+03 1.000000e+00
   6303.842935 7.205100e-15 6.324330e+03 1.000000e+00
   6306.583671 6.960600e-15 6.327080e+03 1.000000e+00
   6309.324407 6.178900e-15 6.329830e+03 1.000000e+00
   6312.065142 5.427700e-15 6.332580e+03 1.000000e+00
   6314.805878 5.559900e-15 6.335330e+03 1.000000e+00
   6317.546614 4.878400e-15 6.338080e+03 1.000000e+00
   6320.287350 4.592000e-15 6.340830e+03 1.000000e+00
   6323.028086 4.680800e-15 6.343580e+03 1.000000e+00
   6325.778824 5.092600e-15 6.346330e+03 1.000000e+00
   6328.519560 4.428300e-15 6.349080e+03 1.000000e+00
   6331.260296 4.887800e-15 6.351830e+03 1.000000e+00
   6334.001031 4.702900e-15 6.354580e+03 1.000000e+00
   6336.741767 4.427900e-15 6.357330e+03 1.000000e+00
   6339.482503 5.086100e-15 6.360080e+03 1.000000e+00
   6342.223239 5.565500e-15 6.362830e+03 1.000000e+00
   6344.963975 4.740900e-15 6.365580e+03 1.000000e+00
   6347.704711 5.552900e-15 6.368330e+03 1.000000e+00
   6350.445446 4.664700e-15 6.371080e+03 1.000000e+00
   6353.186182 4.993000e-15 6.373830e+03 1.000000e+00
   6355.926918 4.366200e-15 6.376580e+03 1.000000e+00
   6358.667654 4.126900e-15 6.379330e+03 1.000000e+00
   6361.408390 4.628300e-15 6.382080e+03 1.000000e+00
   6364.149126 3.883300e-15 6.384830e+03 1.000000e+00
   6366.889862 5.452600e-15 6.387580e+03 1.000000e+00
   6369.630598 4.209900e-15 6.390330e+03 1.000000e+00
   6372.371334 4.595100e-15 6.393080e+03 1.000000e+00
   6375.112070 4.391200e-15 6.395830e+03 1.000000e+00
   6377.852806 4.579400e-15 6.398580e+03 1.000000e+00
   6380.593542 4.329400e-15 6.401330e+03 1.000000e+00
   6383.334278 4.822200e-15 6.404080e+03 1.000000e+00
   6386.075014 4.992800e-15 6.406830e+03 1.000000e+00
   6388.815750 4.698300e-15 6.409580e+03 1.000000e+00
   6391.556486 4.651300e-15 6.412330e+03 1.000000e+00
   6394.297222 4.333000e-15 6.415080e+03 1.000000e+00
   6397.037958 4.581000e-15 6.417830e+03 1.000000e+00
   6399.778694 4.869800e-15 6.420580e+03 1.000000e+00
   6402.519430 4.127000e-15 6.423330e+03 1.000000e+00
   6405.260166 4.512800e-15 6.426080e+03 1.000000e+00
   6408.010905 4.782700e-15 6.428830e+03 1.000000e+00
   6410.751641 4.581200e-15 6.431580e+03 1.000000e+00
   6413.492377 4.716600e-15 6.434330e+03 1.000000e+00
   6416.233113 4.573600e-15 6.437080e+03 1.000000e+00
   6418.973849 4.085300e-15 6.439830e+03 1.000000e+00
   6421.714585 4.313100e-15 6.442580e+03 1.000000e+00
   6424.455322 4.680000e-15 6.445330e+03 1.000000e+00
   6427.196058 4.799500e-15 6.448080e+03 1.000000e+00
   6429.936794 5.091800e-15 6.450830e+03 1.000000e+00
   6432.677530 5.383600e-15 6.453580e+03 1.000000e+00
   6435.418266 4.870400e-15 6.456330e+03 1.000000e+00
   6438.159002 4.176200e-15 6.459080e+03 1.000000e+00
   6440.899739 3.529000e-15 6.461830e+03 1.000000e+00
   6443.640475 4.590400e-15 6.464580e+03 1.000000e+00
   6446.381211 4.223200e-15 6.467330e+03 1.000000e+00
   6449.121947 4.236200e-15 6.470080e+03 1.000000e+00
   6451.862684 4.707700e-15 6.472830e+03 1.000000e+00
   6454.603420 3.678900e-15 6.475580e+03 1.000000e+00
   6457.344156 4.526500e-15 6.478330e+03 1.000000e+00
   6460.084892 4.617500e-15 6.481080e+03 1.000000e+00
   6462.825629 3.679800e-15 6.483830e+03 1.000000e+00
   6465.566365 3.725300e-15 6.486580e+03 1.000000e+00
   6468.307101 4.513400e-15 6.489330e+03 1.000000e+00
   6471.047838 4.973100e-15 6.492080e+03 1.000000e+00
   6473.788574 4.751000e-15 6.494830e+03 1.000000e+00
   6476.529310 3.935800e-15 6.497580e+03 1.000000e+00
   6479.270047 3.964200e-15 6.500330e+03 1.000000e+00
   6482.010783 3.877100e-15 6.503080e+03 1.000000e+00
   6484.751519 4.501300e-15 6.505830e+03 1.000000e+00
   6487.492256 3.771900e-15 6.508580e+03 1.000000e+00
   6490.242995 4.061600e-15 6.511330e+03 1.000000e+00
   6492.983731 4.484300e-15 6.514080e+03 1.000000e+00
   6495.724468 4.605400e-15 6.516830e+03 1.000000e+00
   6498.465204 4.169800e-15 6.519580e+03 1.000000e+00
   6501.205940 4.640100e-15 6.522330e+03 1.000000e+00
   6503.946677 4.757400e-15 6.525080e+03 1.000000e+00
   6506.687413 5.591200e-15 6.527830e+03 1.000000e+00
   6509.428150 5.204900e-15 6.530580e+03 1.000000e+00
   6512.168886 4.934500e-15 6.533330e+03 1.000000e+00
   6514.909623 4.930300e-15 6.536080e+03 1.000000e+00
   6517.650359 4.273300e-15 6.538830e+03 1.000000e+00
   6520.391096 4.700200e-15 6.541580e+03 1.000000e+00
   6523.131832 4.832500e-15 6.544330e+03 1.000000e+00
   6525.872569 4.966200e-15 6.547080e+03 1.000000e+00
   6528.613305 5.264500e-15 6.549830e+03 1.000000e+00
   6531.354042 5.012500e-15 6.552580e+03 1.000000e+00
   6534.094778 4.507500e-15 6.555330e+03 1.000000e+00
   6536.835515 4.947900e-15 6.558080e+03 1.000000e+00
   6539.576251 4.646800e-15 6.560830e+03 1.000000e+00
   6542.316988 4.844400e-15 6.563580e+03 1.000000e+00
   6545.057724 5.844000e-15 6.566330e+03 1.000000e+00
   6547.798461 6.583900e-15 6.569080e+03 1.000000e+00
   6550.539197 6.377600e-15 6.571830e+03 1.000000e+00
   6553.279934 8.220600e-15 6.574580e+03 1.000000e+00
   6556.020671 1.480800e-14 6.577330e+03 1.000000e+00
   6558.761407 4.323700e-14 6.580080e+03 1.000000e+00
   6561.502144 1.000300e-13 6.582830e+03 1.000000e+00
   6564.242881 1.383000e-13 6.585580e+03 1.000000e+00
   6566.983617 1.124000e-13 6.588330e+03 1.000000e+00
   6569.734357 5.415500e-14 6.591080e+03 1.000000e+00
   6572.475093 1.663800e-14 6.593830e+03 1.000000e+00
   6575.215830 7.192200e-15 6.596580e+03 1.000000e+00
   6577.956567 6.230100e-15 6.599330e+03 1.000000e+00
   6580.697303 6.980700e-15 6.602080e+03 1.000000e+00
   6583.438040 8.189500e-15 6.604830e+03 1.000000e+00
   6586.178777 8.369300e-15 6.607580e+03 1.000000e+00
   6588.919513 7.180500e-15 6.610330e+03 1.000000e+00
   6591.660250 4.558400e-15 6.613080e+03 1.000000e+00
   6594.400987 4.363000e-15 6.615830e+03 1.000000e+00
   6597.141724 5.057000e-15 6.618580e+03 1.000000e+00
   6599.882460 4.971200e-15 6.621330e+03 1.000000e+00
   6602.623197 4.070400e-15 6.624080e+03 1.000000e+00
   6605.363934 4.642200e-15 6.626830e+03 1.000000e+00
   6608.104671 5.072700e-15 6.629580e+03 1.000000e+00
   6610.845407 4.037300e-15 6.632330e+03 1.000000e+00
   6613.586144 4.103900e-15 6.635080e+03 1.000000e+00
   6616.326881 4.057200e-15 6.637830e+03 1.000000e+00
   6619.067618 4.476200e-15 6.640580e+03 1.000000e+00
   6621.808355 4.269400e-15 6.643330e+03 1.000000e+00
   6624.549091 4.184200e-15 6.646080e+03 1.000000e+00
   6627.289828 4.880800e-15 6.648830e+03 1.000000e+00
   6630.030565 3.851300e-15 6.651580e+03 1.000000e+00
   6632.771302 3.866100e-15 6.654330e+03 1.000000e+00
   6635.512039 4.263700e-15 6.657080e+03 1.000000e+00
   6638.252776 4.439500e-15 6.659830e+03 1.000000e+00
   6640.993513 4.516900e-15 6.662580e+03 1.000000e+00
   6643.734250 3.855800e-15 6.665330e+03 1.000000e+00
   6646.474986 5.279400e-15 6.668080e+03 1.000000e+00
   6649.215723 4.078100e-15 6.670830e+03 1.000000e+00
   6651.966463 4.782200e-15 6.673580e+03 1.000000e+00
   6654.707200 4.878500e-15 6.676330e+03 1.000000e+00
   6657.447937 4.189100e-15 6.679080e+03 1.000000e+00
   6660.188674 4.492200e-15 6.681830e+03 1.000000e+00
   6662.929411 3.766000e-15 6.684580e+03 1.000000e+00
   6665.670148 3.605000e-15 6.687330e+03 1.000000e+00
   6668.410885 4.895900e-15 6.690080e+03 1.000000e+00
   6671.151622 4.218200e-15 6.692830e+03 1.000000e+00
   6673.892359 5.488700e-15 6.695580e+03 1.000000e+00
   6676.633096 6.038800e-15 6.698330e+03 1.000000e+00
   6679.373833 5.310200e-15 6.701080e+03 1.000000e+00
   6682.114570 5.269800e-15 6.703830e+03 1.000000e+00
   6684.855307 4.716900e-15 6.706580e+03 1.000000e+00
   6687.596044 4.076500e-15 6.709330e+03 1.000000e+00
   6690.336781 4.011900e-15 6.712080e+03 1.000000e+00
   6693.077518 4.310200e-15 6.714830e+03 1.000000e+00
   6695.818255 3.940000e-15 6.717580e+03 1.000000e+00
   6698.558992 4.088100e-15 6.720330e+03 1.000000e+00
   6701.299729 4.119000e-15 6.723080e+03 1.000000e+00
   6704.040466 4.326000e-15 6.725830e+03 1.000000e+00
   6706.781203 4.295900e-15 6.728580e+03 1.000000e+00
   6709.521940 5.070100e-15 6.731330e+03 1.000000e+00
   6712.262677 7.611800e-15 6.734080e+03 1.000000e+00
   6715.003415 1.140000e-14 6.736830e+03 1.000000e+00
   6717.744152 1.530200e-14 6.739580e+03 1.000000e+00
   6720.484889 1.411800e-14 6.742330e+03 1.000000e+00
   6723.225626 9.307600e-15 6.745080e+03 1.000000e+00
   6725.966363 6.798600e-15 6.747830e+03 1.000000e+00
   6728.707100 9.154700e-15 6.750580e+03 1.000000e+00
   6731.447837 1.214700e-14 6.753330e+03 1.000000e+00
   6734.198577 1.175800e-14 6.756080e+03 1.000000e+00
   6736.939314 8.833500e-15 6.758830e+03 1.000000e+00
   6739.680052 5.661500e-15 6.761580e+03 1.000000e+00
   6742.420789 4.638300e-15 6.764330e+03 1.000000e+00
   6745.161526 4.267200e-15 6.767080e+03 1.000000e+00
   6747.902263 4.162600e-15 6.769830e+03 1.000000e+00
   6750.643001 4.688400e-15 6.772580e+03 1.000000e+00
   6753.383738 4.483400e-15 6.775330e+03 1.000000e+00
   6756.124475 4.242700e-15 6.778080e+03 1.000000e+00
   6758.865212 4.210400e-15 6.780830e+03 1.000000e+00
   6761.605950 3.727000e-15 6.783580e+03 1.000000e+00
   6764.346687 3.972200e-15 6.786330e+03 1.000000e+00
   6767.087424 4.105300e-15 6.789080e+03 1.000000e+00
   6769.828161 4.263300e-15 6.791830e+03 1.000000e+00
   6772.568899 3.889700e-15 6.794580e+03 1.000000e+00
   6775.309636 4.071500e-15 6.797330e+03 1.000000e+00
   6778.050373 4.525100e-15 6.800080e+03 1.000000e+00
   6780.791111 4.265200e-15 6.802830e+03 1.000000e+00
   6783.531848 4.520100e-15 6.805580e+03 1.000000e+00
   6786.272585 4.214600e-15 6.808330e+03 1.000000e+00
   6789.013323 3.979100e-15 6.811080e+03 1.000000e+00
   6791.754060 3.524900e-15 6.813830e+03 1.000000e+00
   6794.494797 3.162600e-15 6.816580e+03 1.000000e+00
   6797.235535 4.390800e-15 6.819330e+03 1.000000e+00
   6799.976272 3.816200e-15 6.822080e+03 1.000000e+00
   6802.717010 4.491000e-15 6.824830e+03 1.000000e+00
   6805.457747 3.975800e-15 6.827580e+03 1.000000e+00
   6816.960842 4.201700e-15 6.839120e+03 0.000000e+00
   6832.675070 4.239500e-15 6.854880e+03 0.000000e+00
   6848.419307 4.113500e-15 6.870680e+03 0.000000e+00
   6864.213557 4.093600e-15 6.886520e+03 0.000000e+00
   6880.037816 4.036500e-15 6.902400e+03 0.000000e+00
   6895.892083 4.035500e-15 6.918310e+03 0.000000e+00
   6911.796364 4.025200e-15 6.934260e+03 0.000000e+00
   6927.730653 4.024200e-15 6.950240e+03 0.000000e+00
   6943.694950 4.098000e-15 6.966260e+03 0.000000e+00
   6959.709261 4.125400e-15 6.982330e+03 0.000000e+00
   6975.743578 4.114900e-15 6.998420e+03 0.000000e+00
   6991.827909 4.095000e-15 7.014550e+03 0.000000e+00
   7007.942247 3.991500e-15 7.030720e+03 0.000000e+00
   7024.096597 3.890700e-15 7.046930e+03 0.000000e+00
   7040.290958 4.045000e-15 7.063180e+03 0.000000e+00
   7056.515328 4.128700e-15 7.079460e+03 0.000000e+00
   7072.789711 3.843300e-15 7.095780e+03 0.000000e+00
   7089.094102 3.986500e-15 7.112140e+03 0.000000e+00
   7105.438504 3.814900e-15 7.128530e+03 0.000000e+00
   7121.812915 3.770300e-15 7.144960e+03 0.000000e+00
   7138.227337 3.666600e-15 7.161430e+03 0.000000e+00
   7154.681769 3.751100e-15 7.177940e+03 0.000000e+00
   7171.186216 3.741500e-15 7.194490e+03 0.000000e+00
   7187.710668 3.638600e-15 7.211080e+03 0.000000e+00
   7204.275131 3.620900e-15 7.227700e+03 0.000000e+00
   7220.889608 3.764500e-15 7.244360e+03 0.000000e+00
   7237.534093 3.746200e-15 7.261060e+03 0.000000e+00
   7254.218589 3.634800e-15 7.277800e+03 0.000000e+00
   7270.943097 3.642200e-15 7.294570e+03 0.000000e+00
   7287.707615 3.666500e-15 7.311390e+03 0.000000e+00
   7304.502142 3.785700e-15 7.328250e+03 0.000000e+00
   7321.336679 3.681500e-15 7.345140e+03 0.000000e+00
   7338.221231 3.766300e-15 7.362070e+03 0.000000e+00
   7355.135790 3.730800e-15 7.379040e+03 0.000000e+00
   7372.090361 3.653300e-15 7.396050e+03 0.000000e+00
   7389.084943 3.815700e-15 7.413100e+03 0.000000e+00
   7406.119536 3.779700e-15 7.430190e+03 0.000000e+00
   7423.184137 3.667200e-15 7.447320e+03 0.000000e+00
   7440.298752 3.700200e-15 7.464490e+03 0.000000e+00
   7457.453378 3.707700e-15 7.481700e+03 0.000000e+00
   7474.648015 3.715300e-15 7.498940e+03 0.000000e+00
   7491.872660 3.663300e-15 7.516230e+03 0.000000e+00
   7509.147319 3.704700e-15 7.533560e+03 0.000000e+00
   7526.451986 3.746600e-15 7.550920e+03 0.000000e+00
   7543.806667 3.737000e-15 7.568330e+03 0.000000e+00
   7561.201359 3.667800e-15 7.585780e+03 0.000000e+00
   7578.626060 3.633200e-15 7.603260e+03 0.000000e+00
   7596.100774 3.598900e-15 7.620790e+03 0.000000e+00
   7613.605496 3.540400e-15 7.638360e+03 0.000000e+00
   7631.160233 3.547500e-15 7.655970e+03 0.000000e+00
   7648.754980 3.497900e-15 7.673610e+03 0.000000e+00
   7666.379735 3.449000e-15 7.691300e+03 0.000000e+00
   7684.054505 3.385100e-15 7.709040e+03 0.000000e+00
   7701.769285 3.407600e-15 7.726810e+03 0.000000e+00
   7719.524076 3.398800e-15 7.744620e+03 0.000000e+00
   7737.318879 3.351200e-15 7.762470e+03 0.000000e+00
   7755.153692 3.304300e-15 7.780370e+03 0.000000e+00
   7773.028516 3.364800e-15 7.798300e+03 0.000000e+00
   7790.943352 3.264700e-15 7.816280e+03 0.000000e+00
   7808.908201 3.286400e-15 7.834300e+03 0.000000e+00
   7826.913061 3.393100e-15 7.852360e+03 0.000000e+00
   7844.947930 3.269400e-15 7.870460e+03 0.000000e+00
   7863.042815 3.337000e-15 7.888600e+03 0.000000e+00
   7881.167708 3.336000e-15 7.906790e+03 0.000000e+00
   7899.332612 3.358200e-15 7.925010e+03 0.000000e+00
   7917.547530 3.250700e-15 7.943280e+03 0.000000e+00
   7935.792456 3.212600e-15 7.961590e+03 0.000000e+00
   7954.087397 3.102600e-15 7.979950e+03 0.000000e+00
   7972.422348 3.181300e-15 7.998340e+03 0.000000e+00
   7990.807312 3.195100e-15 8.016780e+03 0.000000e+00
   8009.222286 3.150300e-15 8.035260e+03 0.000000e+00
   8027.687273 3.245100e-15 8.053780e+03 0.000000e+00
   8046.192270 3.251600e-15 8.072350e+03 0.000000e+00
   8064.737279 3.220900e-15 8.090960e+03 0.000000e+00
   8083.332302 3.117800e-15 8.109610e+03 0.000000e+00
   8101.967336 3.004100e-15 8.128310e+03 0.000000e+00
   8120.642380 3.159300e-15 8.147040e+03 0.000000e+00
   8139.357436 3.158400e-15 8.165820e+03 0.000000e+00
   8158.122506 3.057300e-15 8.184650e+03 0.000000e+00
   8176.927586 3.063400e-15 8.203520e+03 0.000000e+00
   8195.782680 3.020500e-15 8.222430e+03 0.000000e+00
   8214.667783 3.089900e-15 8.241380e+03 0.000000e+00
   8233.612902 2.997900e-15 8.260380e+03 0.000000e+00
   8252.588029 3.088100e-15 8.279420e+03 0.000000e+00
   8271.613170 3.144500e-15 8.298510e+03 0.000000e+00
   8290.688325 3.036900e-15 8.317640e+03 0.000000e+00
   8309.793488 3.022000e-15 8.336810e+03 0.000000e+00
   8328.948665 3.014100e-15 8.356030e+03 0.000000e+00
   8348.153855 2.965000e-15 8.375290e+03 0.000000e+00
   8367.399057 3.005400e-15 8.394600e+03 0.000000e+00
   8386.684269 2.949600e-15 8.413950e+03 0.000000e+00
   8406.019496 2.982900e-15 8.433350e+03 0.000000e+00
   8425.394733 2.941000e-15 8.452790e+03 0.000000e+00
   8444.819984 2.893100e-15 8.472270e+03 0.000000e+00
   8464.285246 2.959600e-15 8.491800e+03 0.000000e+00
   8483.800522 2.911400e-15 8.511380e+03 0.000000e+00
   8503.355809 2.937400e-15 8.531000e+03 0.000000e+00
   8522.951106 2.902900e-15 8.550670e+03 0.000000e+00
   8542.606421 2.902000e-15 8.570380e+03 0.000000e+00
   8562.291743 2.789700e-15 8.590140e+03 0.000000e+00
   8582.037082 2.927000e-15 8.609940e+03 0.000000e+00
   8601.822432 2.813700e-15 8.629790e+03 0.000000e+00
   8621.647793 2.787100e-15 8.649680e+03 0.000000e+00
   8641.523168 2.904100e-15 8.669620e+03 0.000000e+00
   8661.438554 2.759800e-15 8.689600e+03 0.000000e+00
   8681.413956 2.616600e-15 8.709640e+03 0.000000e+00
   8701.419367 2.689000e-15 8.729710e+03 0.000000e+00
   8721.474791 2.834400e-15 8.749840e+03 0.000000e+00
   8741.590232 2.814000e-15 8.770010e+03 0.000000e+00
   8761.735681 2.524500e-15 8.790230e+03 0.000000e+00
   8781.931144 2.792800e-15 8.810490e+03 0.000000e+00
   8802.176620 2.804800e-15 8.830800e+03 0.000000e+00
   8822.472110 2.816800e-15 8.851160e+03 0.000000e+00
   8842.807612 2.815900e-15 8.871560e+03 0.000000e+00
   8863.193126 2.694500e-15 8.892010e+03 0.000000e+00
   8883.628655 2.584300e-15 8.912510e+03 0.000000e+00
   8904.104195 2.686500e-15 8.933050e+03 0.000000e+00
   8924.629748 2.698100e-15 8.953650e+03 0.000000e+00
   8945.205315 2.703400e-15 8.974290e+03 0.000000e+00
   8965.820894 2.610800e-15 8.994980e+03 0.000000e+00
   8986.486486 2.580000e-15 9.015710e+03 0.000000e+00
   9007.212094 2.706900e-15 9.036500e+03 0.000000e+00
   9027.967711 2.164400e-15 9.057330e+03 0.000000e+00
   9048.783344 2.749100e-15 9.078200e+03 0.000000e+00
   9069.638988 2.799300e-15 9.099130e+03 0.000000e+00
   9090.554648 2.552100e-15 9.120110e+03 0.000000e+00
   9111.500317 2.527900e-15 9.141130e+03 0.000000e+00
   9132.506002 2.585900e-15 9.162200e+03 0.000000e+00
   9153.561701 2.555400e-15 9.183330e+03 0.000000e+00
   9174.657411 2.590100e-15 9.204500e+03 0.000000e+00
   9195.813138 2.524400e-15 9.225710e+03 0.000000e+00
   9217.008875 2.546900e-15 9.246980e+03 0.000000e+00
   9238.254627 2.300800e-15 9.268300e+03 0.000000e+00
   9259.550391 2.441900e-15 9.289660e+03 0.000000e+00
   9280.906173 2.633700e-15 9.311080e+03 0.000000e+00
   9302.291962 2.497000e-15 9.332540e+03 0.000000e+00
   9323.737769 2.530900e-15 9.354060e+03 0.000000e+00
   9345.233588 2.524200e-15 9.375620e+03 0.000000e+00
   9366.779422 2.488700e-15 9.397230e+03 0.000000e+00
   9388.365267 2.505100e-15 9.418900e+03 0.000000e+00
   9410.011128 2.452900e-15 9.440610e+03 0.000000e+00
   9431.707002 2.503300e-15 9.462370e+03 0.000000e+00
   9453.442888 2.468100e-15 9.484180e+03 0.000000e+00
   9475.238790 2.495800e-15 9.506050e+03 0.000000e+00
   9497.084706 2.489200e-15 9.527960e+03 0.000000e+00
   9518.970633 2.431700e-15 9.549930e+03 0.000000e+00
   9540.916576 2.392000e-15 9.571940e+03 0.000000e+00
   9562.912533 2.241800e-15 9.594010e+03 0.000000e+00
   9584.958504 2.446000e-15 9.616120e+03 0.000000e+00
   9607.044486 2.422700e-15 9.638290e+03 0.000000e+00
   9629.190484 2.421800e-15 9.660510e+03 0.000000e+00
   9651.396499 2.404300e-15 9.682780e+03 0.000000e+00
   9673.642525 2.386900e-15 9.705100e+03 0.000000e+00
   9695.938564 2.408100e-15 9.727470e+03 0.000000e+00
   9718.294620 2.379600e-15 9.749900e+03 0.000000e+00
   9740.700690 2.357000e-15 9.772370e+03 0.000000e+00
   9763.146770 2.339900e-15 9.794900e+03 0.000000e+00
   9785.662870 2.317600e-15 9.817480e+03 0.000000e+00
   9808.218981 2.349000e-15 9.840110e+03 0.000000e+00
   9830.825105 2.326600e-15 9.862790e+03 0.000000e+00
   9853.481243 2.331100e-15 9.885530e+03 0.000000e+00
   9876.207401 2.314200e-15 9.908320e+03 0.000000e+00
   9898.973569 2.302700e-15 9.931160e+03 0.000000e+00
   9921.789751 2.291300e-15 9.954050e+03 0.000000e+00
   9944.665950 2.295700e-15 9.977000e+03 0.000000e+00
   9967.582159 2.289600e-15 1.000000e+04 0.000000e+00
   9990.558385 2.273000e-15 1.002305e+04 0.000000e+00
  10036.670881 2.224700e-15 1.006931e+04 0.000000e+00
  10083.003437 2.172400e-15 1.011580e+04 0.000000e+00
  10129.546051 2.241900e-15 1.016249e+04 0.000000e+00
  10176.298722 2.219600e-15 1.020939e+04 0.000000e+00
  10223.281457 2.218000e-15 1.025652e+04 0.000000e+00
  10270.464246 2.211100e-15 1.030386e+04 0.000000e+00
  10294.130661 2.200100e-15 1.032761e+04 0.000000e+00
  10509.689100 2.098500e-15 1.054386e+04 0.000000e+00
  10705.082083 1.989800e-15 1.073990e+04 0.000000e+00
  10904.106060 1.861300e-15 1.093956e+04 0.000000e+00
  11106.821049 1.777500e-15 1.114294e+04 0.000000e+00
  11313.307071 1.733000e-15 1.135010e+04 0.000000e+00
  11497.136953 1.713200e-15 1.153453e+04 0.000000e+00
  11710.894966 1.658900e-15 1.174898e+04 0.000000e+00
  11901.176615 1.587900e-15 1.193988e+04 0.000000e+00
  12094.559112 1.548100e-15 1.213389e+04 0.000000e+00
  12291.072467 1.512900e-15 1.233105e+04 0.000000e+00
  12490.786697 1.458200e-15 1.253141e+04 0.000000e+00
  12693.741813 1.415200e-15 1.273503e+04 0.000000e+00
  12899.997833 1.370300e-15 1.294196e+04 0.000000e+00
  13109.604770 1.339100e-15 1.315225e+04 0.000000e+00
  13291.984315 1.290700e-15 1.333521e+04 0.000000e+00
  13507.952991 1.255500e-15 1.355189e+04 0.000000e+00
  13695.874052 1.221300e-15 1.374042e+04 0.000000e+00
  13918.414524 1.174400e-15 1.396368e+04 0.000000e+00
  14112.037144 1.116400e-15 1.415794e+04 0.000000e+00
  14308.350499 1.086000e-15 1.435490e+04 0.000000e+00
  14507.404603 1.078500e-15 1.455459e+04 0.000000e+00
  14709.229464 1.041900e-15 1.475707e+04 0.000000e+00
  14913.855091 1.044300e-15 1.496236e+04 0.000000e+00
  15121.321494 1.039500e-15 1.517051e+04 0.000000e+00
  15296.409098 1.044300e-15 1.534617e+04 0.000000e+00
  15509.206957 1.034700e-15 1.555965e+04 0.000000e+00
  15688.795791 1.001900e-15 1.573983e+04 0.000000e+00
  15907.055142 9.545800e-16 1.595879e+04 0.000000e+00
  16091.245233 9.545800e-16 1.614359e+04 0.000000e+00
  16315.106115 9.458300e-16 1.636817e+04 0.000000e+00
  16504.007492 9.264300e-16 1.655770e+04 0.000000e+00
  16695.119473 9.200500e-16 1.674943e+04 0.000000e+00
  16888.442057 9.011800e-16 1.694338e+04 0.000000e+00
  17123.385966 8.847300e-16 1.717909e+04 0.000000e+00
  17321.649900 8.468600e-16 1.737800e+04 0.000000e+00
  17522.234468 8.218800e-16 1.757923e+04 0.000000e+00
  17725.139670 7.867000e-16 1.778279e+04 0.000000e+00
  17889.154292 7.547600e-16 1.794734e+04 0.000000e+00
  18096.280646 7.141900e-16 1.815515e+04 0.000000e+00
  18305.827661 6.931200e-16 1.836538e+04 0.000000e+00
  18517.805340 6.680500e-16 1.857805e+04 0.000000e+00
  18689.141962 6.321400e-16 1.874994e+04 0.000000e+00
  18905.550850 6.163300e-16 1.896705e+04 0.000000e+00
  19124.470424 6.064700e-16 1.918669e+04 0.000000e+00
  19301.438583 5.872300e-16 1.936423e+04 0.000000e+00
  19524.919402 5.621000e-16 1.958844e+04 0.000000e+00
  19705.588571 5.442700e-16 1.976970e+04 0.000000e+00
  19887.938199 5.270000e-16 1.995263e+04 0.000000e+00
  20118.210872 5.161900e-16 2.018366e+04 0.000000e+00
  20304.371541 4.975200e-16 2.037042e+04 0.000000e+00
  20492.252678 4.906900e-16 2.055892e+04 0.000000e+00
  20681.854286 4.773200e-16 2.074913e+04 0.000000e+00
  20921.339473 4.653800e-16 2.098940e+04 0.000000e+00
  21114.932170 4.568900e-16 2.118362e+04 0.000000e+00
  21310.295349 4.454600e-16 2.137962e+04 0.000000e+00
  21507.479026 4.353200e-16 2.157745e+04 0.000000e+00
  21706.473197 4.195800e-16 2.177709e+04 0.000000e+00
  21907.327875 4.119200e-16 2.197860e+04 0.000000e+00
  22110.043061 3.997700e-16 2.218197e+04 0.000000e+00
  22314.608752 3.879800e-16 2.238721e+04 0.000000e+00
  22521.094967 3.774100e-16 2.259436e+04 0.000000e+00
  22729.471698 3.671200e-16 2.280341e+04 0.000000e+00
  22887.034596 3.294700e-16 2.296149e+04 0.000000e+00
  23098.792249 3.272000e-16 2.317393e+04 0.000000e+00
  23312.530443 2.869500e-16 2.338837e+04 0.000000e+00
  23528.249177 2.671800e-16 2.360479e+04 0.000000e+00
  23691.323578 2.715300e-16 2.376840e+04 0.000000e+00
  23910.553270 2.487800e-16 2.398834e+04 0.000000e+00
  24131.773506 2.392300e-16 2.421028e+04 0.000000e+00
  24299.059056 2.370300e-16 2.437811e+04 0.000000e+00
  24523.880273 2.196900e-16 2.460366e+04 0.000000e+00
  24693.886566 2.166800e-16 2.477422e+04 0.000000e+00
  24922.358779 1.887200e-16 2.500344e+04 0.000000e+00
  25095.135828 1.878500e-16 2.517677e+04 0.000000e+00
  25327.349062 1.891500e-16 2.540974e+04 0.000000e+00
  25502.896866 1.874200e-16 2.558586e+04 0.000000e+00
  25679.655000 1.891500e-16 2.576320e+04 0.000000e+00
  25917.279710 1.835700e-16 2.600159e+04 0.000000e+00
  26096.938636 1.823100e-16 2.618184e+04 0.000000e+00
  26277.827897 1.773400e-16 2.636331e+04 0.000000e+00
  26520.984116 1.753100e-16 2.660726e+04 0.000000e+00
  26704.804177 1.709300e-16 2.679168e+04 0.000000e+00
  26889.924592 1.681900e-16 2.697741e+04 0.000000e+00
  27076.305352 1.655000e-16 2.716439e+04 0.000000e+00
  27326.853587 1.613700e-16 2.741575e+04 0.000000e+00
  27516.255170 1.584200e-16 2.760578e+04 0.000000e+00
  27706.977113 1.541000e-16 2.779712e+04 0.000000e+00
  27899.049425 1.523400e-16 2.798981e+04 0.000000e+00
  28092.422091 1.485300e-16 2.818382e+04 0.000000e+00
  28287.165131 1.461500e-16 2.837920e+04 0.000000e+00
  28483.228531 1.428300e-16 2.857590e+04 0.000000e+00
  28680.682311 1.395800e-16 2.877399e+04 0.000000e+00
  28879.476456 1.373400e-16 2.897343e+04 0.000000e+00
  29079.680985 1.348400e-16 2.917428e+04 0.000000e+00
  29281.235883 1.317700e-16 2.937649e+04 0.000000e+00
  29484.221171 1.287700e-16 2.958014e+04 0.000000e+00
  29688.576833 1.267100e-16 2.978516e+04 0.000000e+00
  29894.382890 1.238300e-16 2.999164e+04 0.000000e+00
  30101.589329 1.215700e-16 3.019952e+04 0.000000e+00
  30310.226159 1.185300e-16 3.040884e+04 0.000000e+00
  30520.343392 1.169000e-16 3.061964e+04 0.000000e+00
  30731.891015 1.150300e-16 3.083187e+04 0.000000e+00
  30873.759658 1.129300e-16 3.097421e+04 0.000000e+00
  31087.757950 1.111200e-16 3.118889e+04 0.000000e+00
  31303.266653 1.093500e-16 3.140510e+04 0.000000e+00
  31520.235755 1.073500e-16 3.162278e+04 0.000000e+00
  31738.705266 1.053900e-16 3.184196e+04 0.000000e+00
  31885.225178 1.039500e-16 3.198896e+04 0.000000e+00
  32106.225379 1.022800e-16 3.221068e+04 0.000000e+00
  32328.796008 1.008800e-16 3.243397e+04 0.000000e+00
  32478.006654 9.949700e-17 3.258367e+04 0.000000e+00
  32703.117976 9.904000e-17 3.280952e+04 0.000000e+00
  32929.829734 9.972700e-17 3.303696e+04 0.000000e+00
  33081.811136 9.858500e-17 3.318944e+04 0.000000e+00
  33311.143609 9.414800e-17 3.341952e+04 0.000000e+00
  33542.026505 9.158200e-17 3.365115e+04 0.000000e+00
  33696.838678 8.949700e-17 3.380647e+04 0.000000e+00
  33930.432313 8.766200e-17 3.404082e+04 0.000000e+00
  34087.044978 8.586400e-17 3.419794e+04 0.000000e+00
  34323.339349 8.449100e-17 3.443501e+04 0.000000e+00
  34481.762507 8.294900e-17 3.459394e+04 0.000000e+00
  34720.757615 8.143500e-17 3.483372e+04 0.000000e+00
  34881.051283 7.994900e-17 3.499453e+04 0.000000e+00
  35122.817147 7.848900e-17 3.523708e+04 0.000000e+00
  35284.921309 7.705700e-17 3.539971e+04 0.000000e+00
  35529.527947 7.565000e-17 3.564512e+04 0.000000e+00
  35693.512621 7.427000e-17 3.580964e+04 0.000000e+00
  35940.950031 7.291400e-17 3.605788e+04 0.000000e+00
  36106.835224 7.174800e-17 3.622430e+04 0.000000e+00
  36273.480624 7.043900e-17 3.639149e+04 0.000000e+00
  36524.939130 6.899400e-17 3.664377e+04 0.000000e+00
  36693.515057 6.789100e-17 3.681289e+04 0.000000e+00
  36947.844346 6.634500e-17 3.706805e+04 0.000000e+00
  37118.420818 6.513400e-17 3.723918e+04 0.000000e+00
  37289.737492 6.409300e-17 3.741105e+04 0.000000e+00
  37548.237918 6.249000e-17 3.767040e+04 0.000000e+00
  37721.545135 6.191700e-17 3.784427e+04 0.000000e+00
  37895.642567 6.078700e-17 3.801893e+04 0.000000e+00
  38070.550219 5.967800e-17 3.819441e+04 0.000000e+00
  38334.462121 5.885900e-17 3.845918e+04 0.000000e+00
  38511.390325 5.778400e-17 3.863669e+04 0.000000e+00
  38689.188766 5.673000e-17 3.881506e+04 0.000000e+00
  38867.757417 5.569400e-17 3.899421e+04 0.000000e+00
  39137.150814 5.480400e-17 3.926448e+04 0.000000e+00
  39317.830040 5.392800e-17 3.944575e+04 0.000000e+00
  39499.299482 5.282200e-17 3.962781e+04 0.000000e+00
  39681.609153 5.197700e-17 3.981071e+04 0.000000e+00
  39956.694102 5.091100e-17 4.008669e+04 0.000000e+00
  40141.114348 5.021200e-17 4.027171e+04 0.000000e+00
  40326.384826 4.941000e-17 4.045758e+04 0.000000e+00
  40512.545547 4.839600e-17 4.064435e+04 0.000000e+00
  40699.536495 4.784200e-17 4.083195e+04 0.000000e+00
  40887.377674 4.707700e-17 4.102040e+04 0.000000e+00
  41076.089091 4.643100e-17 4.120973e+04 0.000000e+00
  41265.720758 4.579400e-17 4.139998e+04 0.000000e+00
  41551.738687 4.506200e-17 4.168693e+04 0.000000e+00
  41743.570954 4.424000e-17 4.187938e+04 0.000000e+00
  41936.233448 4.363300e-17 4.207267e+04 0.000000e+00
  42129.786184 4.303400e-17 4.226686e+04 0.000000e+00
  42324.239166 4.254100e-17 4.246193e+04 0.000000e+00
  42519.632404 4.186100e-17 4.265796e+04 0.000000e+00
  42715.875874 4.128700e-17 4.285485e+04 0.000000e+00
  42913.029593 3.979300e-17 4.305264e+04 0.000000e+00
  43111.143573 3.835400e-17 4.325140e+04 0.000000e+00
  43310.117787 3.835400e-17 4.345102e+04 0.000000e+00
  43510.012252 3.705200e-17 4.365157e+04 0.000000e+00
  43710.876982 3.629200e-17 4.385309e+04 0.000000e+00
  43912.621952 3.579400e-17 4.405549e+04 0.000000e+00
  44115.307178 3.457900e-17 4.425883e+04 0.000000e+00
  44318.912656 3.434100e-17 4.446310e+04 0.000000e+00
  44523.518405 3.379200e-17 4.466837e+04 0.000000e+00
  44729.014398 3.294700e-17 4.487454e+04 0.000000e+00
  44935.450647 3.302300e-17 4.508165e+04 0.000000e+00
  45142.907174 3.242000e-17 4.528977e+04 0.000000e+00
  45351.253944 3.175500e-17 4.549880e+04 0.000000e+00
  45560.580981 3.168200e-17 4.570880e+04 0.000000e+00
  45665.599596 3.139100e-17 4.581416e+04 0.000000e+00
  45876.417039 3.067700e-17 4.602567e+04 0.000000e+00
  46088.154733 3.074800e-17 4.623810e+04 0.000000e+00
  46300.872695 3.032600e-17 4.645151e+04 0.000000e+00
  46514.620937 2.997900e-17 4.666595e+04 0.000000e+00
  46729.309436 2.984100e-17 4.688134e+04 0.000000e+00
  46944.988204 2.963500e-17 4.709772e+04 0.000000e+00
  47161.707257 2.929600e-17 4.731515e+04 0.000000e+00
  47270.416878 2.929600e-17 4.742421e+04 0.000000e+00
  47488.596328 2.896100e-17 4.764310e+04 0.000000e+00
  47707.776052 2.876100e-17 4.786299e+04 0.000000e+00
  47928.026066 2.856300e-17 4.808395e+04 0.000000e+00
  48149.236343 2.817200e-17 4.830588e+04 0.000000e+00
  48260.216584 2.830200e-17 4.841723e+04 0.000000e+00
  48482.967280 2.797800e-17 4.864070e+04 0.000000e+00
  48706.788268 2.772100e-17 4.886525e+04 0.000000e+00
  48931.589524 2.759400e-17 4.909079e+04 0.000000e+00
  49157.431063 2.734100e-17 4.931736e+04 0.000000e+00
  49270.741939 2.721500e-17 4.943104e+04 0.000000e+00
  49498.203920 2.702800e-17 4.965924e+04 0.000000e+00
  49726.666174 2.696600e-17 4.988845e+04 0.000000e+00
  49956.178714 2.663400e-17 5.011870e+04 0.000000e+00
  50071.380105 2.643000e-17 5.023429e+04 0.000000e+00
  50302.483078 2.596500e-17 5.046614e+04 0.000000e+00
  50534.656344 2.544500e-17 5.069906e+04 0.000000e+00
  50767.889898 2.510400e-17 5.093306e+04 0.000000e+00
  50884.971802 2.490400e-17 5.105052e+04 0.000000e+00
  51002.263763 2.470600e-17 5.116820e+04 0.000000e+00
  51119.825798 2.445100e-17 5.128614e+04 0.000000e+00
  51237.657907 2.425400e-17 5.140436e+04 0.000000e+00
  51355.770091 2.400100e-17 5.152285e+04 0.000000e+00
  51474.152350 2.386000e-17 5.164162e+04 0.000000e+00
  51592.854696 2.366400e-17 5.176071e+04 0.000000e+00
  51711.787104 2.357700e-17 5.188002e+04 0.000000e+00
  51830.979583 2.338100e-17 5.199961e+04 0.000000e+00
  51950.452139 2.318500e-17 5.211947e+04 0.000000e+00
  52070.204771 2.293700e-17 5.223961e+04 0.000000e+00
  52190.227477 2.279500e-17 5.236003e+04 0.000000e+00
  52310.530259 2.260100e-17 5.248072e+04 0.000000e+00
  52431.173134 2.240700e-17 5.260175e+04 0.000000e+00
  52552.026065 2.226500e-17 5.272300e+04 0.000000e+00
  52673.159074 2.217400e-17 5.284453e+04 0.000000e+00
  52794.572159 2.203000e-17 5.296634e+04 0.000000e+00
  52916.275322 2.173600e-17 5.308843e+04 0.000000e+00
  53038.248560 2.154400e-17 5.321080e+04 0.000000e+00
  53160.561890 2.135200e-17 5.333352e+04 0.000000e+00
  53283.105283 2.120900e-17 5.345646e+04 0.000000e+00
  53405.918749 2.106600e-17 5.357968e+04 0.000000e+00
  53529.032297 2.092200e-17 5.370318e+04 0.000000e+00
  53652.415919 2.073100e-17 5.382697e+04 0.000000e+00
  53776.089620 2.058700e-17 5.395105e+04 0.000000e+00
  53900.043397 2.044300e-17 5.407541e+04 0.000000e+00
  54024.347270 2.029800e-17 5.420011e+04 0.000000e+00
  54148.881206 2.010700e-17 5.432505e+04 0.000000e+00
  54273.695217 1.996200e-17 5.445027e+04 0.000000e+00
  54398.799308 1.977200e-17 5.457579e+04 0.000000e+00
  54524.193478 1.967200e-17 5.470159e+04 0.000000e+00
  54649.877727 1.948100e-17 5.482768e+04 0.000000e+00
  54775.852055 1.933500e-17 5.495406e+04 0.000000e+00
  54902.176479 1.918900e-17 5.508079e+04 0.000000e+00
  55028.720962 1.904300e-17 5.520776e+04 0.000000e+00
  55155.565528 1.885300e-17 5.533502e+04 0.000000e+00
  55282.710175 1.879200e-17 5.546257e+04 0.000000e+00
  55410.134898 1.868700e-17 5.559041e+04 0.000000e+00
  55537.859704 1.845400e-17 5.571855e+04 0.000000e+00
  55665.944607 1.834800e-17 5.584705e+04 0.000000e+00
  55794.249571 1.824100e-17 5.597578e+04 0.000000e+00
  55922.864619 1.805000e-17 5.610481e+04 0.000000e+00
  56051.769746 1.790000e-17 5.623413e+04 0.000000e+00
  56180.974954 1.779100e-17 5.636376e+04 0.000000e+00
  56310.480245 1.764000e-17 5.649368e+04 0.000000e+00
  56440.275615 1.749000e-17 5.662390e+04 0.000000e+00
  56570.431083 1.737800e-17 5.675448e+04 0.000000e+00
  56700.836619 1.726600e-17 5.688531e+04 0.000000e+00
  56831.532234 1.711300e-17 5.701643e+04 0.000000e+00
  56962.537934 1.692100e-17 5.714786e+04 0.000000e+00
  57093.833712 1.684600e-17 5.727959e+04 0.000000e+00
  57225.439576 1.673000e-17 5.741162e+04 0.000000e+00
  57357.415540 1.661300e-17 5.754402e+04 0.000000e+00
  57489.631569 1.645800e-17 5.767667e+04 0.000000e+00
  57622.147681 1.634000e-17 5.780962e+04 0.000000e+00
  57754.963874 1.622000e-17 5.794287e+04 0.000000e+00
  57888.100154 1.610000e-17 5.807643e+04 0.000000e+00
  58021.536517 1.597900e-17 5.821030e+04 0.000000e+00
  58155.282963 1.585700e-17 5.834448e+04 0.000000e+00
  58289.389508 1.573300e-17 5.847904e+04 0.000000e+00
  58423.756124 1.564500e-17 5.861383e+04 0.000000e+00
  58558.422822 1.551900e-17 5.874894e+04 0.000000e+00
  58693.409607 1.539300e-17 5.888436e+04 0.000000e+00
  58828.696473 1.530000e-17 5.902009e+04 0.000000e+00
  58964.303427 1.520600e-17 5.915614e+04 0.000000e+00
  59237.777951 1.281200e-17 5.943050e+04 3.000000e+00
  59539.290116 2.137500e-17 5.973300e+04 3.000000e+00
  59840.712256 1.576300e-17 6.003540e+04 3.000000e+00
  60142.134397 6.543800e-18 6.033780e+04 3.000000e+00
  60443.556537 1.653100e-17 6.064020e+04 3.000000e+00
  60744.968675 1.817300e-17 6.094260e+04 3.000000e+00
  61046.490843 1.274300e-17 6.124510e+04 3.000000e+00
  61347.902981 1.652000e-17 6.154750e+04 3.000000e+00
  61649.325122 2.207100e-17 6.184990e+04 3.000000e+00
  61950.747263 2.300400e-17 6.215230e+04 3.000000e+00
  62252.169405 1.933500e-17 6.245470e+04 3.000000e+00
  62553.691573 2.307900e-17 6.275720e+04 3.000000e+00
  62855.103712 1.755400e-17 6.305960e+04 3.000000e+00
  63156.525853 1.883800e-17 6.336200e+04 3.000000e+00
  63457.937992 2.091300e-17 6.366440e+04 3.000000e+00
  63759.360134 2.155400e-17 6.396680e+04 3.000000e+00
  64060.882303 2.177000e-17 6.426930e+04 3.000000e+00
  64362.304445 1.602100e-17 6.457170e+04 3.000000e+00
  64663.716585 1.035500e-17 6.487410e+04 3.000000e+00
  64965.138727 2.049700e-17 6.517650e+04 3.000000e+00
  65266.560869 2.280000e-17 6.547890e+04 3.000000e+00
  65568.073036 1.198600e-17 6.578140e+04 3.000000e+00
  65869.495179 1.850000e-17 6.608380e+04 3.000000e+00
  66170.907319 2.114800e-17 6.638620e+04 3.000000e+00
  66472.339464 1.869100e-17 6.668860e+04 3.000000e+00
  66773.751604 1.095500e-17 6.699100e+04 3.000000e+00
  67075.273774 1.257300e-17 6.729350e+04 3.000000e+00
  67376.695917 7.545400e-18 6.759590e+04 3.000000e+00
  67678.118060 2.073000e-17 6.789830e+04 3.000000e+00
  67979.530201 1.693800e-17 6.820070e+04 3.000000e+00
  68280.952344 1.997700e-17 6.850310e+04 3.000000e+00
  68582.474515 2.428300e-17 6.880560e+04 3.000000e+00
  68883.886655 1.706200e-17 6.910800e+04 3.000000e+00
  69185.308799 1.312100e-17 6.941040e+04 3.000000e+00
  69486.730942 2.476100e-17 6.971280e+04 3.000000e+00
  69788.153086 1.825700e-17 7.001520e+04 3.000000e+00
  70089.665254 2.296200e-17 7.031770e+04 3.000000e+00
  70391.087398 3.503900e-17 7.062010e+04 3.000000e+00
  70692.509542 2.023100e-17 7.092250e+04 3.000000e+00
  70993.921683 1.617700e-17 7.122490e+04 3.000000e+00
  71295.343827 2.100500e-17 7.152730e+04 3.000000e+00
  71596.855996 1.994600e-17 7.182980e+04 3.000000e+00
  71898.288143 1.852500e-17 7.213220e+04 3.000000e+00
  72199.700285 2.187000e-17 7.243460e+04 3.000000e+00
  72501.122429 1.870600e-17 7.273700e+04 3.000000e+00
  72802.534571 2.222100e-17 7.303940e+04 3.000000e+00
  73104.056743 2.186300e-17 7.334190e+04 3.000000e+00
  73405.478887 2.060400e-17 7.364430e+04 3.000000e+00
  73706.901032 2.345500e-17 7.394670e+04 3.000000e+00
  74008.323177 3.040400e-17 7.424910e+04 3.000000e+00
  74309.735319 2.127400e-17 7.455150e+04 3.000000e+00
  74611.257491 3.155600e-17 7.485400e+04 3.000000e+00
  74912.669633 2.570900e-17 7.515640e+04 3.000000e+00
  75214.091778 3.411700e-17 7.545880e+04 3.000000e+00
  75515.503920 2.160500e-17 7.576120e+04 3.000000e+00
  76118.348211 2.301800e-17 7.636600e+04 3.000000e+00
  76721.292529 2.694500e-17 7.697090e+04 3.000000e+00
  77324.126817 3.214400e-17 7.757570e+04 3.000000e+00
  77926.971108 2.772600e-17 7.818050e+04 3.000000e+00
  78529.905424 2.455900e-17 7.878540e+04 3.000000e+00
  79132.749715 2.474000e-17 7.939020e+04 3.000000e+00
  79735.684031 2.441000e-17 7.999510e+04 3.000000e+00
  80338.518321 2.493300e-17 8.059990e+04 3.000000e+00
  80941.362613 2.524400e-17 8.120470e+04 3.000000e+00
  81544.296930 1.667400e-17 8.180959e+04 3.000000e+00
  82147.131220 2.333800e-17 8.241440e+04 3.000000e+00
  82749.975512 2.438100e-17 8.301920e+04 3.000000e+00
  83352.909830 2.685100e-17 8.362409e+04 3.000000e+00
  83955.754123 2.179500e-17 8.422890e+04 3.000000e+00
  84558.588414 2.363600e-17 8.483370e+04 3.000000e+00
  85161.532735 2.469200e-17 8.543860e+04 3.000000e+00
  85764.367026 2.440700e-17 8.604340e+04 3.000000e+00
  86367.311347 2.402700e-17 8.664830e+04 3.000000e+00
  86970.145638 2.363100e-17 8.725310e+04 3.000000e+00
  87572.989933 2.562700e-17 8.785791e+04 3.000000e+00
  88175.924251 2.317200e-17 8.846280e+04 3.000000e+00
  88778.758543 1.817900e-17 8.906760e+04 3.000000e+00
  89381.602838 2.451000e-17 8.967241e+04 3.000000e+00
  89984.537158 2.859500e-17 9.027730e+04 3.000000e+00
  90587.381453 2.411100e-17 9.088210e+04 3.000000e+00
  91190.215745 2.147700e-17 9.148690e+04 3.000000e+00
  91793.150065 1.845400e-17 9.209180e+04 3.000000e+00
  92395.994361 2.114600e-17 9.269660e+04 3.000000e+00
  92998.928681 1.737200e-17 9.330150e+04 3.000000e+00
  93601.762974 2.081100e-17 9.390630e+04 3.000000e+00
  94204.607270 2.166700e-17 9.451110e+04 3.000000e+00
  94807.541590 1.981200e-17 9.511599e+04 3.000000e+00
  95410.385886 1.748600e-17 9.572080e+04 3.000000e+00
  96013.230183 1.986700e-17 9.632560e+04 3.000000e+00
  96616.164504 2.233000e-17 9.693050e+04 3.000000e+00
  97218.998798 2.107800e-17 9.753530e+04 3.000000e+00
  97821.833091 1.886200e-17 9.814009e+04 3.000000e+00
  98424.777416 2.038100e-17 9.874500e+04 3.000000e+00
  99027.621712 2.101600e-17 9.934980e+04 3.000000e+00
  99630.556034 1.798600e-17 9.995470e+04 3.000000e+00
 100233.390328 2.134200e-17 1.005595e+05 3.000000e+00
 100836.234626 2.049100e-17 1.011643e+05 3.000000e+00
 101439.168948 2.094000e-17 1.017692e+05 3.000000e+00
 102042.013245 2.339500e-17 1.023740e+05 3.000000e+00
 102644.847540 2.339600e-17 1.029788e+05 3.000000e+00
 103247.781862 2.231400e-17 1.035837e+05 3.000000e+00
 103850.626160 2.268500e-17 1.041885e+05 3.000000e+00
 104453.460455 3.318000e-17 1.047933e+05 3.000000e+00
 105056.394778 7.450400e-17 1.053982e+05 3.000000e+00
 105659.239076 8.005700e-17 1.060030e+05 3.000000e+00
 106262.183401 2.799000e-17 1.066079e+05 3.000000e+00
 106865.017697 2.822200e-17 1.072127e+05 3.000000e+00
 107467.851992 2.768700e-17 1.078175e+05 3.000000e+00
 108070.796318 2.456200e-17 1.084224e+05 3.000000e+00
 108673.640616 2.770700e-17 1.090272e+05 3.000000e+00
 109276.474912 2.778000e-17 1.096320e+05 3.000000e+00
 109879.409236 2.788100e-17 1.102369e+05 3.000000e+00
 110482.253534 2.728100e-17 1.108417e+05 3.000000e+00
 111085.097833 2.989400e-17 1.114465e+05 3.000000e+00
 111688.022154 3.094700e-17 1.120514e+05 3.000000e+00
 112290.866453 3.177500e-17 1.126562e+05 3.000000e+00
 112893.800777 3.236400e-17 1.132611e+05 3.000000e+00
 113496.635073 3.470900e-17 1.138659e+05 3.000000e+00
 114099.479372 3.403200e-17 1.144707e+05 3.000000e+00
 114702.423699 3.259200e-17 1.150756e+05 3.000000e+00
 115305.257996 3.107200e-17 1.156804e+05 3.000000e+00
 115908.102295 3.093400e-17 1.162852e+05 3.000000e+00
 116511.026616 3.207400e-17 1.168901e+05 3.000000e+00
 117113.870916 3.313900e-17 1.174949e+05 3.000000e+00
 117716.705213 3.235600e-17 1.180997e+05 3.000000e+00
 118319.639537 3.245800e-17 1.187046e+05 3.000000e+00
 118922.483837 3.142600e-17 1.193094e+05 3.000000e+00
 119525.428164 3.322000e-17 1.199143e+05 3.000000e+00
 120128.262461 3.240100e-17 1.205191e+05 3.000000e+00
 120731.106761 3.031800e-17 1.211239e+05 3.000000e+00
 121334.051089 3.265700e-17 1.217288e+05 3.000000e+00
 121936.885386 3.530000e-17 1.223336e+05 3.000000e+00
 122539.729686 3.345800e-17 1.229384e+05 3.000000e+00
 123142.654009 3.583700e-17 1.235433e+05 3.000000e+00
 123745.498309 3.909000e-17 1.241481e+05 3.000000e+00
 124348.342609 3.874900e-17 1.247529e+05 3.000000e+00
 124951.266931 3.605100e-17 1.253578e+05 3.000000e+00
 125554.111232 3.530200e-17 1.259626e+05 3.000000e+00
 126157.055560 3.961100e-17 1.265675e+05 3.000000e+00
 126759.889858 4.020700e-17 1.271723e+05 3.000000e+00
 127362.734158 4.107100e-17 1.277771e+05 3.000000e+00
 127965.668484 4.485000e-17 1.283820e+05 3.000000e+00
 128568.502782 4.370200e-17 1.289868e+05 3.000000e+00
 129171.347082 3.756300e-17 1.295916e+05 3.000000e+00
 129774.291411 3.723400e-17 1.301965e+05 3.000000e+00
 130377.115706 3.780100e-17 1.308013e+05 3.000000e+00
 130979.950004 3.769400e-17 1.314061e+05 3.000000e+00
 131582.894333 3.847500e-17 1.320110e+05 3.000000e+00
 132185.728631 3.869200e-17 1.326158e+05 3.000000e+00
 132788.572932 3.737700e-17 1.332206e+05 3.000000e+00
 133391.517260 4.103300e-17 1.338255e+05 3.000000e+00
 133994.351559 3.935800e-17 1.344303e+05 3.000000e+00
 134597.295888 3.919400e-17 1.350352e+05 3.000000e+00
 135200.130186 4.058600e-17 1.356400e+05 3.000000e+00
 135802.964485 4.342600e-17 1.362448e+05 3.000000e+00
 136405.908813 4.223700e-17 1.368497e+05 3.000000e+00
 137008.743112 3.869400e-17 1.374545e+05 3.000000e+00
 137611.577411 4.046700e-17 1.380593e+05 3.000000e+00
 138214.521740 4.309600e-17 1.386642e+05 3.000000e+00
 138817.356038 4.075100e-17 1.392690e+05 3.000000e+00
 139420.200340 4.476500e-17 1.398738e+05 3.000000e+00
 140023.144669 4.540000e-17 1.404787e+05 3.000000e+00
 140625.978968 4.327900e-17 1.410835e+05 3.000000e+00
 141228.923297 4.092400e-17 1.416884e+05 3.000000e+00
 141831.757596 4.240600e-17 1.422932e+05 3.000000e+00
 142434.591895 3.872100e-17 1.428980e+05 3.000000e+00
 143037.536224 3.701600e-17 1.435029e+05 3.000000e+00
 143640.370523 3.667500e-17 1.441077e+05 3.000000e+00
 144243.204823 3.559800e-17 1.447125e+05 3.000000e+00
 145301.363218 4.484200e-17 1.457741e+05 3.000000e+00
 146145.423262 4.408000e-17 1.466209e+05 3.000000e+00
 146989.473304 3.910200e-17 1.474677e+05 3.000000e+00
 147833.523345 4.133800e-17 1.483145e+05 3.000000e+00
 148677.483362 4.289900e-17 1.491612e+05 3.000000e+00
 149521.533404 4.223800e-17 1.500080e+05 3.000000e+00
 150365.583445 4.513000e-17 1.508548e+05 3.000000e+00
 151209.543463 4.287300e-17 1.517015e+05 3.000000e+00
 152053.593505 4.401500e-17 1.525483e+05 3.000000e+00
 152897.643546 4.420400e-17 1.533951e+05 3.000000e+00
 153741.603564 4.248200e-17 1.542418e+05 3.000000e+00
 154585.653606 5.561200e-17 1.550886e+05 3.000000e+00
 155429.723654 1.069500e-16 1.559354e+05 3.000000e+00
 156273.673668 9.539200e-17 1.567821e+05 3.000000e+00
 157117.723711 4.704400e-17 1.576289e+05 3.000000e+00
 157961.773753 4.620500e-17 1.584757e+05 3.000000e+00
 158805.723768 4.633100e-17 1.593224e+05 3.000000e+00
 159649.783813 4.668900e-17 1.601692e+05 3.000000e+00
 160493.833855 4.520900e-17 1.610160e+05 3.000000e+00
 161337.883898 4.316400e-17 1.618628e+05 3.000000e+00
 162181.843916 4.612900e-17 1.627095e+05 3.000000e+00
 163025.913964 4.611200e-17 1.635563e+05 3.000000e+00
 163869.944001 4.796000e-17 1.644031e+05 3.000000e+00
 164713.914022 4.749500e-17 1.652498e+05 3.000000e+00
 165557.954062 4.681100e-17 1.660966e+05 3.000000e+00
 166402.004105 4.607200e-17 1.669434e+05 3.000000e+00
 167245.974126 4.717800e-17 1.677901e+05 3.000000e+00
 168090.014166 4.701500e-17 1.686369e+05 3.000000e+00
 168934.084214 4.587300e-17 1.694837e+05 3.000000e+00
 169778.024227 5.126700e-17 1.703304e+05 3.000000e+00
 170622.084273 5.011000e-17 1.711772e+05 3.000000e+00
 171466.134316 4.932600e-17 1.720240e+05 3.000000e+00
 172310.084332 4.846900e-17 1.728707e+05 3.000000e+00
 173154.144378 4.949000e-17 1.737175e+05 3.000000e+00
 173998.194421 4.893200e-17 1.745643e+05 3.000000e+00
 174842.244464 5.121700e-17 1.754111e+05 3.000000e+00
 175686.204483 4.947800e-17 1.762578e+05 3.000000e+00
 176530.274532 4.954200e-17 1.771046e+05 3.000000e+00
 177374.304570 5.047500e-17 1.779514e+05 3.000000e+00
 178218.274591 5.328500e-17 1.787981e+05 3.000000e+00
 179062.334637 5.409500e-17 1.796449e+05 3.000000e+00
 179906.384681 5.230900e-17 1.804917e+05 3.000000e+00
 180750.334697 5.349300e-17 1.813384e+05 3.000000e+00
 181594.374738 5.530000e-17 1.821852e+05 3.000000e+00
 182438.444787 5.460200e-17 1.830320e+05 3.000000e+00
 183282.394803 5.421900e-17 1.838787e+05 3.000000e+00
 184126.444847 5.786700e-17 1.847255e+05 3.000000e+00
 184970.494890 5.788800e-17 1.855723e+05 3.000000e+00
 185814.444907 5.931300e-17 1.864190e+05 3.000000e+00
 186658.504953 8.502100e-17 1.872658e+05 3.000000e+00
 187502.575003 9.758000e-17 1.881126e+05 3.000000e+00
 188346.625046 7.310500e-17 1.889594e+05 3.000000e+00
 189190.565060 5.787300e-17 1.898061e+05 3.000000e+00
 190034.635110 5.962500e-17 1.906529e+05 3.000000e+00
 190878.665148 6.060200e-17 1.914997e+05 3.000000e+00
 191722.635170 5.869400e-17 1.923464e+05 3.000000e+00
 192566.695217 5.781700e-17 1.931932e+05 3.000000e+00
 193410.745261 5.492700e-17 1.940400e+05 3.000000e+00
 194254.695278 5.289000e-17 1.948867e+05 3.000000e+00
 195098.765327 5.406500e-17 1.957335e+05 3.000000e+00
 195942.795366 5.503900e-17 1.965803e+05 3.000000e+00
 196786.755385 5.216800e-17 1.974270e+05 3.000000e+00
 197630.805429 5.484800e-17 1.982738e+05 3.000000e+00
 198474.855474 5.746300e-17 1.991206e+05 3.000000e+00
 199318.835499 5.601100e-17 1.999673e+05 3.000000e+00
 200162.865538 5.752200e-17 2.008141e+05 3.000000e+00
 201006.935587 5.865700e-17 2.016609e+05 3.000000e+00
 201850.985631 5.692300e-17 2.025077e+05 3.000000e+00
 202694.925646 5.753400e-17 2.033544e+05 3.000000e+00
 203538.995696 6.296600e-17 2.042012e+05 3.000000e+00
 205226.995757 5.687000e-17 2.058947e+05 3.000000e+00
 206915.105849 6.338800e-17 2.075883e+05 3.000000e+00
 208603.125916 6.145800e-17 2.092818e+05 3.000000e+00
 210291.115975 6.151700e-17 2.109753e+05 3.000000e+00
 211979.216064 6.152900e-17 2.126689e+05 3.000000e+00
 213667.226129 6.165200e-17 2.143624e+05 3.000000e+00
 215355.346223 6.249000e-17 2.160560e+05 3.000000e+00
 217043.356288 6.221700e-17 2.177495e+05 3.000000e+00
 218731.356351 6.430400e-17 2.194430e+05 3.000000e+00
 220419.476446 6.453800e-17 2.211366e+05 3.000000e+00
 222107.486511 6.554300e-17 2.228301e+05 3.000000e+00
 223795.476570 6.699600e-17 2.245236e+05 3.000000e+00
 225483.576660 6.450700e-17 2.262172e+05 3.000000e+00
 227171.606731 6.328500e-17 2.279107e+05 3.000000e+00
 228859.706821 6.419600e-17 2.296043e+05 3.000000e+00
 230547.716886 6.735100e-17 2.312978e+05 3.000000e+00
 232235.716949 6.525000e-17 2.329913e+05 3.000000e+00
 233923.837045 6.382800e-17 2.346849e+05 3.000000e+00
 235611.847111 6.496400e-17 2.363784e+05 3.000000e+00
 237299.857176 6.585000e-17 2.380719e+05 3.000000e+00
 238987.937261 6.525300e-17 2.397655e+05 3.000000e+00
 240675.967333 6.547200e-17 2.414590e+05 3.000000e+00
 242364.067423 6.583300e-17 2.431526e+05 3.000000e+00
 244052.077489 6.662300e-17 2.448461e+05 3.000000e+00
 245740.077553 6.579500e-17 2.465396e+05 3.000000e+00
 247428.197649 6.738800e-17 2.482332e+05 3.000000e+00
 249116.207715 6.661600e-17 2.499267e+05 3.000000e+00
 250804.217781 6.723800e-17 2.516202e+05 3.000000e+00
 252492.327875 6.501600e-17 2.533138e+05 3.000000e+00
 254180.337941 6.745100e-17 2.550073e+05 3.000000e+00
 255868.428029 6.904700e-17 2.567009e+05 3.000000e+00
 257556.438096 6.823300e-17 2.583944e+05 3.000000e+00
 259244.438160 7.137800e-17 2.600879e+05 3.000000e+00
 260932.558256 6.975900e-17 2.617815e+05 3.000000e+00
 262620.568323 6.828300e-17 2.634750e+05 3.000000e+00
 264308.578389 7.034900e-17 2.651685e+05 3.000000e+00
 265996.678481 6.966100e-17 2.668621e+05 3.000000e+00
 267684.688548 6.977500e-17 2.685556e+05 3.000000e+00
 269372.788639 7.188500e-17 2.702492e+05 3.000000e+00
 271060.798706 7.101800e-17 2.719427e+05 3.000000e+00
 272748.838781 7.038900e-17 2.736362e+05 3.000000e+00
 274436.938872 7.135100e-17 2.753298e+05 3.000000e+00
 276124.908928 6.978000e-17 2.770233e+05 3.000000e+00
 277812.918995 7.157700e-17 2.787168e+05 3.000000e+00
 279501.049095 7.205000e-17 2.804104e+05 3.000000e+00
 281189.059162 7.272600e-17 2.821039e+05 3.000000e+00
 282877.159254 7.207700e-17 2.837975e+05 3.000000e+00
 284565.169321 7.217100e-17 2.854910e+05 3.000000e+00
 286253.179388 7.169200e-17 2.871845e+05 3.000000e+00
 287941.279480 7.116900e-17 2.888781e+05 3.000000e+00
 289629.289547 7.172900e-17 2.905716e+05 3.000000e+00
 291317.299615 7.049000e-17 2.922651e+05 3.000000e+00
 293005.399707 7.203700e-17 2.939587e+05 3.000000e+00
 294693.409774 7.186100e-17 2.956522e+05 3.000000e+00
 296381.509866 7.345600e-17 2.973458e+05 3.000000e+00
 298069.549942 7.417300e-17 2.990393e+05 3.000000e+00
 299757.560009 7.160500e-17 3.007328e+05 3.000000e+00
 301445.660101 7.134600e-17 3.024264e+05 3.000000e+00
 303133.670169 7.148600e-17 3.041199e+05 3.000000e+00
 304821.670234 7.214400e-17 3.058134e+05 3.000000e+00
 306509.770326 7.271400e-17 3.075070e+05 3.000000e+00
 308197.780394 7.212200e-17 3.092005e+05 3.000000e+00
 309885.880486 7.225600e-17 3.108941e+05 3.000000e+00
 311573.890553 7.310800e-17 3.125876e+05 3.000000e+00
 313261.900621 7.278800e-17 3.142811e+05 3.000000e+00
 314950.000714 7.331400e-17 3.159747e+05 3.000000e+00
 316638.040789 7.193100e-17 3.176682e+05 3.000000e+00
 318326.050857 7.165600e-17 3.193617e+05 3.000000e+00
 320014.150950 7.119400e-17 3.210553e+05 3.000000e+00
 321702.131009 7.067600e-17 3.227488e+05 3.000000e+00
 323390.261110 7.233600e-17 3.244424e+05 3.000000e+00
 325078.271178 7.470800e-17 3.261359e+05 3.000000e+00
 326766.281246 7.567800e-17 3.278294e+05 3.000000e+00
 328454.381338 7.647400e-17 3.295230e+05 3.000000e+00
 330142.391406 7.486600e-17 3.312165e+05 3.000000e+00
 331830.391472 7.635000e-17 3.329100e+05 3.000000e+00
 333518.531575 8.793900e-17 3.346036e+05 3.000000e+00
 335206.531641 9.357900e-17 3.362971e+05 3.000000e+00
 336894.601725 8.117600e-17 3.379907e+05 3.000000e+00
 338582.611793 7.936200e-17 3.396842e+05 3.000000e+00
 340270.651870 7.827200e-17 3.413777e+05 3.000000e+00
 341958.721954 8.215100e-17 3.430713e+05 3.000000e+00
 343646.732022 7.886900e-17 3.447648e+05 3.000000e+00
 345334.742090 7.842200e-17 3.464583e+05 3.000000e+00
 347022.872191 9.225900e-17 3.481519e+05 3.000000e+00
 348710.852251 9.481800e-17 3.498454e+05 3.000000e+00
