# An Atlas of Galaxy Spectral Energy Distributions from the Ultraviolet to the Mid-Infrared
# Brown et al. (2014)
# http://dx.doi.org/10.5072/03/529D3551F0117
# 
# Column 1 : Restframe Wavelength (Angstrom)
# Column 2 : Flux per unit wavelength (ergs/s/cm^2/Angstrom)
# Column 3 : Observed wavelength (Angstrom)
# Column 4 : Source (0 = model, 1 = Optical Spectrum, 2 = Akari, 3 = Spitzer IRS)
# 
# CONVERTED air -> vacuum (Morton 2000/SDSS) above 2000 A by sedfit; wavelengths below are unchanged (already vacuum by convention).
    100.060000 1.902300e-27 1.039900e+02 0.000000e+00
    101.920000 3.179000e-27 1.059300e+02 0.000000e+00
    104.050000 4.789500e-27 1.081400e+02 0.000000e+00
    105.990000 7.316300e-27 1.101500e+02 0.000000e+00
    107.960000 1.135800e-26 1.122000e+02 0.000000e+00
    109.970000 1.982800e-26 1.142900e+02 0.000000e+00
    114.090000 4.095300e-26 1.185800e+02 0.000000e+00
    118.100000 7.785600e-26 1.227400e+02 0.000000e+00
    121.130000 3.666800e-25 1.258900e+02 0.000000e+00
    125.100000 6.328300e-25 1.300200e+02 0.000000e+00
    127.130000 7.985300e-25 1.321300e+02 0.000000e+00
    128.010000 9.126200e-25 1.330500e+02 0.000000e+00
    131.000000 1.265600e-24 1.361400e+02 0.000000e+00
    131.900000 1.604300e-24 1.370900e+02 0.000000e+00
    134.050000 1.964700e-24 1.393200e+02 0.000000e+00
    136.850000 3.049900e-24 1.422300e+02 0.000000e+00
    140.040000 4.067100e-24 1.455500e+02 0.000000e+00
    142.970000 1.301000e-23 1.485900e+02 0.000000e+00
    146.980000 4.123700e-23 1.527600e+02 0.000000e+00
    151.100000 5.627200e-23 1.570400e+02 0.000000e+00
    154.970000 7.678700e-23 1.610600e+02 0.000000e+00
    158.950000 1.047800e-22 1.652000e+02 0.000000e+00
    161.900000 1.304000e-22 1.682700e+02 0.000000e+00
    166.060000 1.751000e-22 1.725800e+02 0.000000e+00
    169.930000 2.271400e-22 1.766000e+02 0.000000e+00
    173.080000 2.768800e-22 1.798900e+02 0.000000e+00
    177.120000 3.534200e-22 1.840800e+02 0.000000e+00
    179.990000 4.219800e-22 1.870700e+02 0.000000e+00
    182.080000 4.734700e-22 1.892300e+02 0.000000e+00
    185.890000 5.933200e-22 1.932000e+02 0.000000e+00
    191.100000 7.767600e-22 1.986100e+02 0.000000e+00
    194.200000 9.147200e-22 2.018400e+02 0.000000e+00
    197.810000 1.112500e-21 2.055900e+02 0.000000e+00
    201.960000 1.356100e-21 2.098900e+02 0.000000e+00
    204.770000 1.564200e-21 2.128100e+02 0.000000e+00
    210.020000 1.876200e-21 2.182700e+02 0.000000e+00
    215.900000 2.542700e-21 2.243900e+02 0.000000e+00
    219.920000 3.015000e-21 2.285600e+02 0.000000e+00
    222.980000 3.367400e-21 2.317400e+02 0.000000e+00
    227.120000 3.974600e-21 2.360500e+02 0.000000e+00
    229.750000 6.703300e-21 2.387800e+02 0.000000e+00
    234.020000 1.192000e-20 2.432200e+02 0.000000e+00
    240.030000 1.739000e-20 2.494600e+02 0.000000e+00
    246.180000 1.911100e-20 2.558600e+02 0.000000e+00
    251.920000 2.362100e-20 2.618200e+02 0.000000e+00
    257.190000 2.245400e-20 2.673000e+02 0.000000e+00
    260.170000 2.775200e-20 2.704000e+02 0.000000e+00
    263.790000 3.193700e-20 2.741600e+02 0.000000e+00
    268.690000 3.558700e-20 2.792500e+02 0.000000e+00
    273.690000 3.938100e-20 2.844500e+02 0.000000e+00
    278.780000 4.338000e-20 2.897300e+02 0.000000e+00
    283.960000 4.789500e-20 2.951200e+02 0.000000e+00
    289.910000 5.120200e-20 3.013000e+02 0.000000e+00
    295.980000 5.784800e-20 3.076100e+02 0.000000e+00
    300.790000 6.198500e-20 3.126100e+02 0.000000e+00
    307.790000 7.051600e-20 3.198900e+02 0.000000e+00
    317.880000 8.400200e-20 3.303700e+02 0.000000e+00
    328.290000 9.711600e-20 3.411900e+02 0.000000e+00
    338.270000 1.102300e-19 3.515600e+02 0.000000e+00
    347.740000 1.239600e-19 3.614100e+02 0.000000e+00
    356.660000 1.384500e-19 3.706800e+02 0.000000e+00
    365.810000 1.557000e-19 3.801900e+02 0.000000e+00
    375.200000 1.703300e-19 3.899400e+02 0.000000e+00
    384.820000 1.808400e-19 3.999400e+02 0.000000e+00
    394.690000 2.062000e-19 4.102000e+02 0.000000e+00
    404.820000 2.281900e-19 4.207300e+02 0.000000e+00
    414.250000 2.445100e-19 4.305300e+02 0.000000e+00
    421.950000 2.572100e-19 4.385300e+02 0.000000e+00
    429.790000 2.712000e-19 4.466800e+02 0.000000e+00
    440.820000 2.960000e-19 4.581400e+02 0.000000e+00
    451.090000 3.142600e-19 4.688100e+02 0.000000e+00
    459.470000 3.290700e-19 4.775300e+02 0.000000e+00
    470.170000 3.485700e-19 4.886500e+02 0.000000e+00
    480.020000 3.726400e-19 4.988800e+02 0.000000e+00
    490.070000 3.857400e-19 5.093300e+02 0.000000e+00
    500.330000 4.142800e-19 5.200000e+02 0.000000e+00
    506.130000 4.258800e-19 5.260200e+02 0.000000e+00
    511.990000 5.132000e-19 5.321100e+02 0.000000e+00
    520.310000 5.361500e-19 5.407500e+02 0.000000e+00
    529.980000 5.614200e-19 5.508100e+02 0.000000e+00
    539.830000 5.653100e-19 5.610500e+02 0.000000e+00
    549.870000 6.416400e-19 5.714800e+02 0.000000e+00
    560.090000 7.215900e-19 5.821000e+02 0.000000e+00
    570.500000 7.948600e-19 5.929300e+02 0.000000e+00
    579.770000 8.040600e-19 6.025600e+02 0.000000e+00
    590.550000 9.147200e-19 6.137600e+02 0.000000e+00
    600.150000 9.512400e-19 6.237300e+02 0.000000e+00
    609.900000 1.007600e-18 6.338700e+02 0.000000e+00
    619.810000 1.197500e-18 6.441700e+02 0.000000e+00
    629.880000 1.286100e-18 6.546400e+02 0.000000e+00
    640.120000 1.346800e-18 6.652700e+02 0.000000e+00
    650.520000 1.500700e-18 6.760800e+02 0.000000e+00
    658.050000 1.600600e-18 6.839100e+02 0.000000e+00
    665.670000 1.711200e-18 6.918300e+02 0.000000e+00
    674.930000 1.771300e-18 7.014600e+02 0.000000e+00
    684.320000 1.795900e-18 7.112100e+02 0.000000e+00
    695.440000 2.240200e-18 7.227700e+02 0.000000e+00
    705.110000 2.204400e-18 7.328200e+02 0.000000e+00
    716.570000 2.632000e-18 7.447300e+02 0.000000e+00
    726.540000 2.788000e-18 7.550900e+02 0.000000e+00
    734.950000 2.946400e-18 7.638400e+02 0.000000e+00
    745.180000 3.344200e-18 7.744600e+02 0.000000e+00
    755.540000 3.616500e-18 7.852400e+02 0.000000e+00
    764.290000 3.848500e-18 7.943300e+02 0.000000e+00
    774.920000 4.308100e-18 8.053800e+02 0.000000e+00
    785.700000 4.702100e-18 8.165800e+02 0.000000e+00
    794.800000 5.003700e-18 8.260400e+02 0.000000e+00
    805.860000 5.324600e-18 8.375300e+02 0.000000e+00
    815.190000 5.614200e-18 8.472300e+02 0.000000e+00
    824.630000 6.255900e-18 8.570400e+02 0.000000e+00
    834.180000 5.336900e-18 8.669600e+02 0.000000e+00
    845.780000 6.843700e-18 8.790200e+02 0.000000e+00
    855.580000 7.182700e-18 8.892000e+02 0.000000e+00
    865.480000 7.857600e-18 8.995000e+02 0.000000e+00
    875.510000 8.576100e-18 9.099100e+02 0.000000e+00
    885.640000 9.490500e-18 9.204500e+02 0.000000e+00
    895.900000 1.019300e-17 9.311100e+02 0.000000e+00
    904.190000 1.038200e-17 9.397200e+02 0.000000e+00
    914.660000 1.649300e-17 9.506000e+02 0.000000e+00
    925.250000 1.186600e-16 9.616100e+02 0.000000e+00
    935.960000 2.712000e-16 9.727500e+02 0.000000e+00
    944.620000 5.373900e-16 9.817500e+02 0.000000e+00
    955.560000 7.821500e-16 9.931200e+02 0.000000e+00
    964.400000 9.001000e-16 1.002310e+03 0.000000e+00
    975.570000 1.403700e-16 1.013910e+03 0.000000e+00
    984.600000 7.875700e-16 1.023290e+03 0.000000e+00
    996.000000 8.536700e-16 1.035140e+03 0.000000e+00
   1005.220000 1.283200e-15 1.044720e+03 0.000000e+00
   1014.520000 1.251100e-15 1.054390e+03 0.000000e+00
   1023.900000 5.312400e-16 1.064140e+03 0.000000e+00
   1035.760000 8.877500e-16 1.076470e+03 0.000000e+00
   1045.340000 1.767200e-15 1.086430e+03 0.000000e+00
   1055.020000 1.763200e-15 1.096480e+03 0.000000e+00
   1064.780000 1.400500e-15 1.106620e+03 0.000000e+00
   1074.630000 1.707200e-15 1.116860e+03 0.000000e+00
   1084.570000 1.353000e-15 1.127200e+03 0.000000e+00
   1094.610000 1.842000e-15 1.137630e+03 0.000000e+00
   1104.740000 1.791800e-15 1.148150e+03 0.000000e+00
   1114.960000 1.739000e-15 1.158780e+03 0.000000e+00
   1125.280000 1.582300e-15 1.169500e+03 0.000000e+00
   1135.690000 2.057300e-15 1.180320e+03 0.000000e+00
   1146.200000 1.880600e-15 1.191240e+03 0.000000e+00
   1154.140000 2.033700e-15 1.199500e+03 0.000000e+00
   1164.820000 2.129600e-15 1.210600e+03 0.000000e+00
   1175.600000 1.480100e-15 1.221800e+03 0.000000e+00
   1183.750000 2.110000e-15 1.230270e+03 0.000000e+00
   1194.700000 1.439800e-15 1.241650e+03 0.000000e+00
   1205.760000 1.028700e-15 1.253140e+03 0.000000e+00
   1214.110000 6.827900e-16 1.261830e+03 0.000000e+00
   1225.350000 1.466500e-15 1.273500e+03 0.000000e+00
   1233.840000 2.292400e-15 1.282330e+03 0.000000e+00
   1245.260000 2.566200e-15 1.294200e+03 0.000000e+00
   1253.890000 2.473400e-15 1.303170e+03 0.000000e+00
   1265.490000 2.124700e-15 1.315220e+03 0.000000e+00
   1274.260000 2.813800e-15 1.324340e+03 0.000000e+00
   1286.050000 2.987400e-15 1.336600e+03 0.000000e+00
   1294.970000 2.362100e-15 1.345860e+03 0.000000e+00
   1303.940000 2.351200e-15 1.355190e+03 0.000000e+00
   1316.010000 3.001200e-15 1.367730e+03 0.000000e+00
   1325.130000 2.892600e-15 1.377210e+03 0.000000e+00
   1334.320000 2.572100e-15 1.386760e+03 0.000000e+00
   1343.570000 3.121000e-15 1.396370e+03 0.000000e+00
   1356.000000 3.042900e-15 1.409290e+03 0.000000e+00
   1365.400000 2.724500e-15 1.419060e+03 0.000000e+00
   1374.860000 2.906000e-15 1.428890e+03 0.000000e+00
   1384.390000 2.966800e-15 1.438800e+03 0.000000e+00
   1393.990000 2.607900e-15 1.448770e+03 0.000000e+00
   1403.650000 2.737100e-15 1.458810e+03 0.000000e+00
   1413.380000 2.800800e-15 1.468930e+03 0.000000e+00
   1426.460000 2.912700e-15 1.482520e+03 0.000000e+00
   1436.350000 2.912700e-15 1.492790e+03 0.000000e+00
   1442.980000 3.099500e-15 1.499690e+03 0.000000e+00
   1446.300000 3.164400e-15 1.503140e+03 0.000000e+00
   1456.330000 3.092400e-15 1.513560e+03 0.000000e+00
   1466.420000 2.866100e-15 1.524050e+03 0.000000e+00
   1476.590000 2.879300e-15 1.534620e+03 0.000000e+00
   1483.400000 2.953200e-15 1.541700e+03 0.000000e+00
   1493.690000 3.035900e-15 1.552390e+03 0.000000e+00
   1504.040000 2.886000e-15 1.563150e+03 0.000000e+00
   1510.980000 2.572100e-15 1.570360e+03 0.000000e+00
   1517.960000 2.775200e-15 1.577610e+03 0.000000e+00
   1524.960000 2.699500e-15 1.584890e+03 0.000000e+00
   1535.530000 2.356600e-15 1.595880e+03 0.000000e+00
   1546.180000 2.638100e-15 1.606940e+03 0.000000e+00
   1553.310000 2.502000e-15 1.614360e+03 0.000000e+00
   1564.080000 2.554400e-15 1.625550e+03 0.000000e+00
   1574.920000 2.749700e-15 1.636820e+03 0.000000e+00
   1585.840000 2.906000e-15 1.648160e+03 0.000000e+00
   1596.830000 2.994300e-15 1.659590e+03 0.000000e+00
   1604.200000 2.946400e-15 1.667250e+03 0.000000e+00
   1615.320000 2.980500e-15 1.678800e+03 0.000000e+00
   1626.520000 2.826800e-15 1.690440e+03 0.000000e+00
   1634.030000 3.035900e-15 1.698240e+03 0.000000e+00
   1645.350000 3.106600e-15 1.710020e+03 0.000000e+00
   1656.760000 2.866100e-15 1.721870e+03 0.000000e+00
   1664.400000 3.171700e-15 1.729820e+03 0.000000e+00
   1672.090000 2.820300e-15 1.737800e+03 0.000000e+00
   1675.940000 3.215800e-15 1.741810e+03 0.000000e+00
   1683.680000 3.375100e-15 1.749850e+03 0.000000e+00
   1695.350000 3.171700e-15 1.761980e+03 0.000000e+00
   1703.170000 3.064000e-15 1.770110e+03 0.000000e+00
   1714.980000 2.926100e-15 1.782380e+03 0.000000e+00
   1726.870000 2.932800e-15 1.794730e+03 0.000000e+00
   1734.840000 3.149800e-15 1.803020e+03 0.000000e+00
   1746.860000 3.092400e-15 1.815520e+03 0.000000e+00
   1754.930000 3.328800e-15 1.823900e+03 0.000000e+00
   1763.030000 3.042900e-15 1.832310e+03 0.000000e+00
   1775.250000 3.157100e-15 1.845020e+03 0.000000e+00
   1783.440000 3.223200e-15 1.853530e+03 0.000000e+00
   1795.800000 3.485700e-15 1.866380e+03 0.000000e+00
   1804.090000 3.461700e-15 1.874990e+03 0.000000e+00
   1816.600000 3.215800e-15 1.887990e+03 0.000000e+00
   1824.980000 3.298300e-15 1.896710e+03 0.000000e+00
   1833.410000 3.171700e-15 1.905460e+03 0.000000e+00
   1846.120000 2.919400e-15 1.918670e+03 0.000000e+00
   1854.640000 2.960000e-15 1.927530e+03 0.000000e+00
   1863.200000 3.078100e-15 1.936420e+03 0.000000e+00
   1876.110000 3.336500e-15 1.949840e+03 0.000000e+00
   1884.770000 3.092400e-15 1.958840e+03 0.000000e+00
   1893.470000 2.994300e-15 1.967890e+03 0.000000e+00
   1906.600000 3.179000e-15 1.981530e+03 0.000000e+00
   1915.400000 3.085200e-15 1.990670e+03 0.000000e+00
   1924.240000 3.035900e-15 1.999860e+03 0.000000e+00
   1933.120000 3.092400e-15 2.009090e+03 0.000000e+00
   1946.520000 3.298300e-15 2.023020e+03 0.000000e+00
   1955.510000 3.113800e-15 2.032360e+03 0.000000e+00
   1969.060000 3.437900e-15 2.046450e+03 0.000000e+00
   1978.150000 3.526100e-15 2.055890e+03 0.000000e+00
   1982.710000 3.351900e-15 2.060630e+03 0.000000e+00
   1996.450000 3.275600e-15 2.074910e+03 0.000000e+00
   2006.319075 3.367400e-15 2.084490e+03 0.000000e+00
   2015.580710 3.260500e-15 2.094110e+03 0.000000e+00
   2024.882373 3.414200e-15 2.103780e+03 0.000000e+00
   2034.224065 3.275600e-15 2.113490e+03 0.000000e+00
   2043.615786 3.430000e-15 2.123240e+03 0.000000e+00
   2057.778418 3.298300e-15 2.137960e+03 0.000000e+00
   2067.270204 3.313500e-15 2.147830e+03 0.000000e+00
   2076.812018 3.566900e-15 2.157740e+03 0.000000e+00
   2086.393857 3.583400e-15 2.167700e+03 0.000000e+00
   2096.025722 3.398500e-15 2.177710e+03 0.000000e+00
   2105.697611 3.414200e-15 2.187760e+03 0.000000e+00
   2115.419526 3.469700e-15 2.197860e+03 0.000000e+00
   2125.181463 3.526100e-15 2.208010e+03 0.000000e+00
   2134.993425 3.260500e-15 2.218200e+03 0.000000e+00
   2144.845409 3.398500e-15 2.228440e+03 0.000000e+00
   2154.747417 3.526100e-15 2.238720e+03 0.000000e+00
   2164.689447 3.414200e-15 2.249050e+03 0.000000e+00
   2174.681500 3.398500e-15 2.259440e+03 0.000000e+00
   2184.713574 3.382900e-15 2.269860e+03 0.000000e+00
   2194.795671 3.558700e-15 2.280340e+03 0.000000e+00
   2204.927790 3.461700e-15 2.290870e+03 0.000000e+00
   2215.109932 3.275800e-15 2.301440e+03 0.000000e+00
   2225.332093 3.188000e-15 2.312070e+03 0.000000e+00
   2235.594274 3.465200e-15 2.322740e+03 0.000000e+00
   2245.916479 3.310800e-15 2.333460e+03 0.000000e+00
   2256.278704 3.163300e-15 2.344230e+03 0.000000e+00
   2266.700951 3.238500e-15 2.355050e+03 0.000000e+00
   2277.163218 3.353900e-15 2.365920e+03 0.000000e+00
   2287.665503 3.481400e-15 2.376840e+03 0.000000e+00
   2298.227811 3.280700e-15 2.387810e+03 0.000000e+00
   2303.518971 3.319500e-15 2.393320e+03 0.000000e+00
   2314.151309 3.171600e-15 2.404360e+03 0.000000e+00
   2324.833667 2.497400e-15 2.415460e+03 0.000000e+00
   2335.566046 2.928900e-15 2.426610e+03 0.000000e+00
   2346.348444 2.804900e-15 2.437810e+03 0.000000e+00
   2357.170860 3.119800e-15 2.449060e+03 0.000000e+00
   2368.053298 2.820600e-15 2.460370e+03 0.000000e+00
   2373.514525 2.947500e-15 2.466040e+03 0.000000e+00
   2384.466991 2.689500e-15 2.477420e+03 0.000000e+00
   2395.469477 2.903300e-15 2.488860e+03 0.000000e+00
   2406.531985 2.793200e-15 2.500350e+03 0.000000e+00
   2417.634509 2.879600e-15 2.511890e+03 0.000000e+00
   2423.205779 3.122000e-15 2.517680e+03 0.000000e+00
   2434.398335 3.010600e-15 2.529300e+03 0.000000e+00
   2445.630909 3.212700e-15 2.540970e+03 0.000000e+00
   2456.913501 3.177600e-15 2.552700e+03 0.000000e+00
   2468.256114 3.157300e-15 2.564480e+03 0.000000e+00
   2473.947428 3.029900e-15 2.570400e+03 0.000000e+00
   2485.360068 3.102100e-15 2.582260e+03 0.000000e+00
   2496.832729 2.943600e-15 2.594180e+03 0.000000e+00
   2508.355409 3.327400e-15 2.606150e+03 0.000000e+00
   2514.146758 2.898800e-15 2.612160e+03 0.000000e+00
   2519.938109 2.946700e-15 2.618180e+03 0.000000e+00
   2525.749467 2.834300e-15 2.624220e+03 0.000000e+00
   2537.402193 2.901900e-15 2.636330e+03 0.000000e+00
   2543.253565 2.876000e-15 2.642410e+03 0.000000e+00
   2554.986320 3.133400e-15 2.654610e+03 0.000000e+00
   2566.779096 3.035700e-15 2.666860e+03 0.000000e+00
   2578.631892 3.239600e-15 2.679170e+03 0.000000e+00
   2584.573296 3.210700e-15 2.685340e+03 0.000000e+00
   2596.506120 3.161100e-15 2.697740e+03 0.000000e+00
   2608.488963 3.048400e-15 2.710190e+03 0.000000e+00
   2614.500391 2.993500e-15 2.716440e+03 0.000000e+00
   2626.573263 3.194600e-15 2.728980e+03 0.000000e+00
   2638.686151 3.339300e-15 2.741570e+03 0.000000e+00
   2644.767603 3.687900e-15 2.747890e+03 0.000000e+00
   2656.980523 3.810800e-15 2.760580e+03 0.000000e+00
   2663.101989 3.413000e-15 2.766940e+03 0.000000e+00
   2675.394937 3.600600e-15 2.779710e+03 0.000000e+00
   2687.747905 3.619200e-15 2.792540e+03 0.000000e+00
   2693.939395 3.425600e-15 2.798980e+03 0.000000e+00
   2706.372390 3.564300e-15 2.811900e+03 0.000000e+00
   2718.865405 3.351300e-15 2.824880e+03 0.000000e+00
   2725.136920 3.352300e-15 2.831390e+03 0.000000e+00
   2737.709963 3.544700e-15 2.844460e+03 0.000000e+00
   2744.021492 3.004100e-15 2.851020e+03 0.000000e+00
   2756.684564 3.118600e-15 2.864180e+03 0.000000e+00
   2763.036106 3.274000e-15 2.870780e+03 0.000000e+00
   2775.799210 3.454000e-15 2.884030e+03 0.000000e+00
   2788.602328 3.195700e-15 2.897340e+03 0.000000e+00
   2795.033897 2.510100e-15 2.904020e+03 0.000000e+00
   2807.937047 2.709900e-15 2.917430e+03 0.000000e+00
   2814.408628 3.444100e-15 2.924150e+03 0.000000e+00
   2827.401808 3.701000e-15 2.937650e+03 0.000000e+00
   2833.913403 3.576400e-15 2.944420e+03 0.000000e+00
   2846.996611 3.481000e-15 2.958010e+03 0.000000e+00
   2853.558222 3.302400e-15 2.964830e+03 0.000000e+00
   2866.731459 3.716100e-15 2.978520e+03 0.000000e+00
   2873.333083 3.734300e-15 2.985380e+03 0.000000e+00
   2886.596350 3.719300e-15 2.999160e+03 0.000000e+00
   2893.247990 3.711900e-15 3.006080e+03 0.000000e+00
   2913.302940 4.101900e-15 3.026910e+03 0.000000e+00
   2933.497935 3.938900e-15 3.047890e+03 0.000000e+00
   2953.832975 3.888300e-15 3.069020e+03 0.000000e+00
   2967.466359 3.990500e-15 3.083190e+03 0.000000e+00
   2988.031471 4.021800e-15 3.104560e+03 0.000000e+00
   3008.746630 4.100300e-15 3.126080e+03 0.000000e+00
   3029.601833 4.113500e-15 3.147750e+03 0.000000e+00
   3050.597080 4.145900e-15 3.169570e+03 0.000000e+00
   3071.742373 4.207500e-15 3.191540e+03 0.000000e+00
   3093.037712 4.260200e-15 3.213660e+03 0.000000e+00
   3114.473095 4.283900e-15 3.235940e+03 0.000000e+00
   3128.856712 4.237500e-15 3.250870e+03 0.000000e+00
   3150.542172 4.290700e-15 3.273410e+03 0.000000e+00
   3172.377678 4.324600e-15 3.296100e+03 0.000000e+00
   3194.363229 4.105500e-15 3.318940e+03 0.000000e+00
   3209.106957 4.282000e-15 3.334260e+03 0.000000e+00
   3231.352587 4.074400e-15 3.357380e+03 0.000000e+00
   3253.748264 4.390300e-15 3.380650e+03 0.000000e+00
   3268.772076 4.589600e-15 3.396250e+03 0.000000e+00
   3291.427831 4.583600e-15 3.419790e+03 0.000000e+00
   3314.243634 4.588100e-15 3.443500e+03 0.000000e+00
   3321.885579 4.589700e-15 3.451440e+03 0.000000e+00
   3329.537527 4.698100e-15 3.459390e+03 0.000000e+00
   3337.209482 4.831400e-15 3.467370e+03 0.000000e+00
   3344.901442 4.510400e-15 3.475360e+03 0.000000e+00
   3352.613409 4.595800e-15 3.483370e+03 0.000000e+00
   3360.345381 4.693600e-15 3.491400e+03 0.000000e+00
   3368.087357 4.609500e-15 3.499450e+03 0.000000e+00
   3375.859341 4.195700e-15 3.507520e+03 0.000000e+00
   3383.641328 4.354600e-15 3.515600e+03 0.000000e+00
   3391.433319 4.732600e-15 3.523710e+03 0.000000e+00
   3399.255318 4.712400e-15 3.531830e+03 0.000000e+00
   3407.087320 4.606700e-15 3.539970e+03 0.000000e+00
   3414.939329 4.694000e-15 3.548130e+03 0.000000e+00
   3422.821345 4.860600e-15 3.556310e+03 0.000000e+00
   3430.703363 4.740600e-15 3.564510e+03 0.000000e+00
   3438.615389 4.819300e-15 3.572730e+03 0.000000e+00
   3446.537418 4.247500e-15 3.580960e+03 0.000000e+00
   3454.489456 4.946300e-15 3.589220e+03 0.000000e+00
   3462.451497 4.491900e-15 3.597490e+03 0.000000e+00
   3470.433544 4.619400e-15 3.605790e+03 0.000000e+00
   3478.435597 4.423200e-15 3.614100e+03 0.000000e+00
   3486.447653 4.601300e-15 3.622430e+03 0.000000e+00
   3494.489717 4.539800e-15 3.630780e+03 0.000000e+00
   3502.541785 4.594000e-15 3.639150e+03 0.000000e+00
   3510.613859 4.627400e-15 3.647540e+03 0.000000e+00
   3518.705939 4.482200e-15 3.655950e+03 0.000000e+00
   3526.818024 4.609400e-15 3.664370e+03 0.000000e+00
   3532.229416 3.072300e-15 3.670000e+03 1.000000e+00
   3534.880097 6.009000e-15 3.672750e+03 1.000000e+00
   3537.520777 5.207000e-15 3.675500e+03 1.000000e+00
   3540.171458 3.976100e-15 3.678250e+03 1.000000e+00
   3542.822140 4.351400e-15 3.681000e+03 1.000000e+00
   3545.462820 6.073600e-15 3.683750e+03 1.000000e+00
   3548.113502 5.622500e-15 3.686500e+03 1.000000e+00
   3550.764184 4.644800e-15 3.689250e+03 1.000000e+00
   3553.404864 5.092500e-15 3.692000e+03 1.000000e+00
   3556.055546 4.694000e-15 3.694750e+03 1.000000e+00
   3558.696226 4.577000e-15 3.697500e+03 1.000000e+00
   3561.346909 3.306700e-15 3.700250e+03 1.000000e+00
   3563.997591 4.935100e-15 3.703000e+03 1.000000e+00
   3566.638271 4.624800e-15 3.705750e+03 1.000000e+00
   3569.288954 4.651500e-15 3.708500e+03 1.000000e+00
   3571.929634 5.361100e-15 3.711250e+03 1.000000e+00
   3574.580317 3.958300e-15 3.714000e+03 1.000000e+00
   3577.231000 4.169400e-15 3.716750e+03 1.000000e+00
   3579.871680 5.022100e-15 3.719500e+03 1.000000e+00
   3582.522363 5.507100e-15 3.722250e+03 1.000000e+00
   3585.163044 5.296700e-15 3.725000e+03 1.000000e+00
   3587.813727 4.201600e-15 3.727750e+03 1.000000e+00
   3590.464410 4.322200e-15 3.730500e+03 1.000000e+00
   3593.105091 4.498300e-15 3.733250e+03 1.000000e+00
   3595.755775 4.545200e-15 3.736000e+03 1.000000e+00
   3598.396456 5.350800e-15 3.738750e+03 1.000000e+00
   3601.047139 4.616900e-15 3.741500e+03 1.000000e+00
   3603.697823 3.788200e-15 3.744250e+03 1.000000e+00
   3606.338504 5.292000e-15 3.747000e+03 1.000000e+00
   3608.989188 4.589300e-15 3.749750e+03 1.000000e+00
   3611.629869 3.522800e-15 3.752500e+03 1.000000e+00
   3614.280553 4.649800e-15 3.755250e+03 1.000000e+00
   3616.931237 4.700100e-15 3.758000e+03 1.000000e+00
   3619.571918 4.740400e-15 3.760750e+03 1.000000e+00
   3622.222602 5.408000e-15 3.763500e+03 1.000000e+00
   3624.863284 4.873900e-15 3.766250e+03 1.000000e+00
   3627.513968 5.113400e-15 3.769000e+03 1.000000e+00
   3630.164653 5.057500e-15 3.771750e+03 1.000000e+00
   3632.805334 5.454200e-15 3.774500e+03 1.000000e+00
   3635.456019 5.389000e-15 3.777250e+03 1.000000e+00
   3638.096701 4.137200e-15 3.780000e+03 1.000000e+00
   3640.747385 4.863300e-15 3.782750e+03 1.000000e+00
   3643.398070 4.307000e-15 3.785500e+03 1.000000e+00
   3646.038752 5.025600e-15 3.788250e+03 1.000000e+00
   3648.689437 4.075700e-15 3.791000e+03 1.000000e+00
   3651.330119 4.651300e-15 3.793750e+03 1.000000e+00
   3653.980804 4.740400e-15 3.796500e+03 1.000000e+00
   3656.631489 4.783100e-15 3.799250e+03 1.000000e+00
   3659.272172 4.368300e-15 3.802000e+03 1.000000e+00
   3661.922857 5.548500e-15 3.804750e+03 1.000000e+00
   3664.563540 4.591800e-15 3.807500e+03 1.000000e+00
   3667.214225 5.582400e-15 3.810250e+03 1.000000e+00
   3669.864910 4.992000e-15 3.813000e+03 1.000000e+00
   3672.505593 4.626500e-15 3.815750e+03 1.000000e+00
   3675.156278 4.866000e-15 3.818500e+03 1.000000e+00
   3677.796961 4.883500e-15 3.821250e+03 1.000000e+00
   3680.447647 4.634900e-15 3.824000e+03 1.000000e+00
   3683.098333 5.566800e-15 3.826750e+03 1.000000e+00
   3685.739016 4.828400e-15 3.829500e+03 1.000000e+00
   3688.389702 5.062400e-15 3.832250e+03 1.000000e+00
   3691.030385 5.674200e-15 3.835000e+03 1.000000e+00
   3693.681071 5.481100e-15 3.837750e+03 1.000000e+00
   3696.331757 4.542300e-15 3.840500e+03 1.000000e+00
   3698.972440 4.755400e-15 3.843250e+03 1.000000e+00
   3701.623126 5.660900e-15 3.846000e+03 1.000000e+00
   3704.263810 5.131500e-15 3.848750e+03 1.000000e+00
   3706.914496 4.636100e-15 3.851500e+03 1.000000e+00
   3709.565182 4.667100e-15 3.854250e+03 1.000000e+00
   3712.205866 4.682500e-15 3.857000e+03 1.000000e+00
   3714.856553 4.501600e-15 3.859750e+03 1.000000e+00
   3717.497236 6.192400e-15 3.862500e+03 1.000000e+00
   3720.147923 6.133300e-15 3.865250e+03 1.000000e+00
   3722.798610 6.658600e-15 3.868000e+03 1.000000e+00
   3725.439294 7.578700e-15 3.870750e+03 1.000000e+00
   3728.089980 9.102600e-15 3.873500e+03 1.000000e+00
   3730.730665 9.869900e-15 3.876250e+03 1.000000e+00
   3733.381351 8.524500e-15 3.879000e+03 1.000000e+00
   3736.032038 6.795800e-15 3.881750e+03 1.000000e+00
   3738.672723 5.554200e-15 3.884500e+03 1.000000e+00
   3741.323410 5.912400e-15 3.887250e+03 1.000000e+00
   3743.964094 6.177100e-15 3.890000e+03 1.000000e+00
   3746.614781 5.626800e-15 3.892750e+03 1.000000e+00
   3749.265469 5.618000e-15 3.895500e+03 1.000000e+00
   3751.906153 5.733400e-15 3.898250e+03 1.000000e+00
   3754.556841 5.524800e-15 3.901000e+03 1.000000e+00
   3757.197526 5.926900e-15 3.903750e+03 1.000000e+00
   3759.848213 5.819700e-15 3.906500e+03 1.000000e+00
   3762.498901 5.932200e-15 3.909250e+03 1.000000e+00
   3765.139586 5.985600e-15 3.912000e+03 1.000000e+00
   3767.790273 5.621500e-15 3.914750e+03 1.000000e+00
   3770.430958 5.363200e-15 3.917500e+03 1.000000e+00
   3773.081646 5.081600e-15 3.920250e+03 1.000000e+00
   3775.732334 5.708900e-15 3.923000e+03 1.000000e+00
   3778.373019 6.001400e-15 3.925750e+03 1.000000e+00
   3781.023707 6.569500e-15 3.928500e+03 1.000000e+00
   3783.664392 7.282400e-15 3.931250e+03 1.000000e+00
   3786.315080 6.810800e-15 3.934000e+03 1.000000e+00
   3788.965769 6.664300e-15 3.936750e+03 1.000000e+00
   3791.606454 6.968700e-15 3.939500e+03 1.000000e+00
   3794.257142 6.648900e-15 3.942250e+03 1.000000e+00
   3796.897828 5.799900e-15 3.945000e+03 1.000000e+00
   3799.548516 5.450500e-15 3.947750e+03 1.000000e+00
   3802.199205 5.052500e-15 3.950500e+03 1.000000e+00
   3804.839891 5.504200e-15 3.953250e+03 1.000000e+00
   3807.490579 6.583100e-15 3.956000e+03 1.000000e+00
   3810.131265 6.878700e-15 3.958750e+03 1.000000e+00
   3812.781954 7.104600e-15 3.961500e+03 1.000000e+00
   3815.432642 6.716300e-15 3.964250e+03 1.000000e+00
   3818.073329 6.948300e-15 3.967000e+03 1.000000e+00
   3820.724017 6.974700e-15 3.969750e+03 1.000000e+00
   3823.364704 6.946400e-15 3.972500e+03 1.000000e+00
   3826.015392 6.585000e-15 3.975250e+03 1.000000e+00
   3828.666081 6.248700e-15 3.978000e+03 1.000000e+00
   3831.306768 5.855100e-15 3.980750e+03 1.000000e+00
   3833.957457 5.077600e-15 3.983500e+03 1.000000e+00
   3836.598143 4.838600e-15 3.986250e+03 1.000000e+00
   3839.248833 4.669600e-15 3.989000e+03 1.000000e+00
   3841.899522 5.203600e-15 3.991750e+03 1.000000e+00
   3844.540208 6.189700e-15 3.994500e+03 1.000000e+00
   3847.190898 6.706700e-15 3.997250e+03 1.000000e+00
   3849.831585 7.215800e-15 4.000000e+03 1.000000e+00
   3852.482274 7.141500e-15 4.002750e+03 1.000000e+00
   3855.132964 6.988600e-15 4.005500e+03 1.000000e+00
   3857.773651 7.743900e-15 4.008250e+03 1.000000e+00
   3860.424340 8.123300e-15 4.011000e+03 1.000000e+00
   3863.065027 8.110300e-15 4.013750e+03 1.000000e+00
   3865.715717 8.704500e-15 4.016500e+03 1.000000e+00
   3868.366407 8.352400e-15 4.019250e+03 1.000000e+00
   3871.007094 8.769000e-15 4.022000e+03 1.000000e+00
   3873.657784 8.099300e-15 4.024750e+03 1.000000e+00
   3876.298471 7.318500e-15 4.027500e+03 1.000000e+00
   3878.949161 7.012500e-15 4.030250e+03 1.000000e+00
   3881.599851 6.779600e-15 4.033000e+03 1.000000e+00
   3884.240539 6.530300e-15 4.035750e+03 1.000000e+00
   3886.891229 6.195100e-15 4.038500e+03 1.000000e+00
   3889.531916 5.537700e-15 4.041250e+03 1.000000e+00
   3892.182607 6.001000e-15 4.044000e+03 1.000000e+00
   3894.833297 6.443400e-15 4.046750e+03 1.000000e+00
   3897.473985 6.146000e-15 4.049500e+03 1.000000e+00
   3900.124675 6.872500e-15 4.052250e+03 1.000000e+00
   3902.765363 7.071600e-15 4.055000e+03 1.000000e+00
   3905.416054 7.606800e-15 4.057750e+03 1.000000e+00
   3908.066744 7.647000e-15 4.060500e+03 1.000000e+00
   3910.707432 7.709100e-15 4.063250e+03 1.000000e+00
   3913.358123 8.568100e-15 4.066000e+03 1.000000e+00
   3915.998811 8.943700e-15 4.068750e+03 1.000000e+00
   3918.649502 8.005700e-15 4.071500e+03 1.000000e+00
   3921.300192 7.887200e-15 4.074250e+03 1.000000e+00
   3923.940881 7.437900e-15 4.077000e+03 1.000000e+00
   3926.591572 8.177200e-15 4.079750e+03 1.000000e+00
   3929.232260 6.590900e-15 4.082500e+03 1.000000e+00
   3931.882951 6.077800e-15 4.085250e+03 1.000000e+00
   3934.533642 5.721900e-15 4.088000e+03 1.000000e+00
   3937.174331 5.896500e-15 4.090750e+03 1.000000e+00
   3939.825022 6.650900e-15 4.093500e+03 1.000000e+00
   3942.465710 6.653200e-15 4.096250e+03 1.000000e+00
   3945.116402 7.080900e-15 4.099000e+03 1.000000e+00
   3947.767093 7.531500e-15 4.101750e+03 1.000000e+00
   3950.407782 7.591300e-15 4.104500e+03 1.000000e+00
   3953.058473 8.168100e-15 4.107250e+03 1.000000e+00
   3955.699162 7.635400e-15 4.110000e+03 1.000000e+00
   3958.349854 7.183300e-15 4.112750e+03 1.000000e+00
   3961.000545 7.295000e-15 4.115500e+03 1.000000e+00
   3963.641234 6.722300e-15 4.118250e+03 1.000000e+00
   3966.291926 5.524100e-15 4.121000e+03 1.000000e+00
   3968.932615 5.232900e-15 4.123750e+03 1.000000e+00
   3971.583307 5.096300e-15 4.126500e+03 1.000000e+00
   3974.233998 5.160100e-15 4.129250e+03 1.000000e+00
   3976.874688 5.869700e-15 4.132000e+03 1.000000e+00
   3979.525380 6.809500e-15 4.134750e+03 1.000000e+00
   3982.166069 6.937600e-15 4.137500e+03 1.000000e+00
   3984.816761 7.744300e-15 4.140250e+03 1.000000e+00
   3987.467453 7.816000e-15 4.143000e+03 1.000000e+00
   3990.108143 7.575300e-15 4.145750e+03 1.000000e+00
   3992.758835 8.608200e-15 4.148500e+03 1.000000e+00
   3995.399524 8.326900e-15 4.151250e+03 1.000000e+00
   3998.050217 8.769900e-15 4.154000e+03 1.000000e+00
   4000.700909 8.776200e-15 4.156750e+03 1.000000e+00
   4003.341599 9.020700e-15 4.159500e+03 1.000000e+00
   4005.992291 9.359500e-15 4.162250e+03 1.000000e+00
   4008.642983 8.918300e-15 4.165000e+03 1.000000e+00
   4011.283673 8.026500e-15 4.167750e+03 1.000000e+00
   4013.934366 9.035300e-15 4.170500e+03 1.000000e+00
   4016.575056 9.978100e-15 4.173250e+03 1.000000e+00
   4019.225748 9.423400e-15 4.176000e+03 1.000000e+00
   4021.876441 8.983000e-15 4.178750e+03 1.000000e+00
   4024.517131 9.781500e-15 4.181500e+03 1.000000e+00
   4027.167824 9.395700e-15 4.184250e+03 1.000000e+00
   4029.808514 9.527200e-15 4.187000e+03 1.000000e+00
   4032.459207 9.247400e-15 4.189750e+03 1.000000e+00
   4035.109900 9.250700e-15 4.192500e+03 1.000000e+00
   4037.750590 8.735900e-15 4.195250e+03 1.000000e+00
   4040.401283 9.171500e-15 4.198000e+03 1.000000e+00
   4043.041973 9.552800e-15 4.200750e+03 1.000000e+00
   4045.692667 8.717600e-15 4.203500e+03 1.000000e+00
   4048.343360 9.181300e-15 4.206250e+03 1.000000e+00
   4050.984050 8.653500e-15 4.209000e+03 1.000000e+00
   4053.634743 8.788200e-15 4.211750e+03 1.000000e+00
   4056.275434 8.729900e-15 4.214500e+03 1.000000e+00
   4058.926127 9.080800e-15 4.217250e+03 1.000000e+00
   4061.576821 9.653600e-15 4.220000e+03 1.000000e+00
   4064.217512 9.507200e-15 4.222750e+03 1.000000e+00
   4066.868205 8.927700e-15 4.225500e+03 1.000000e+00
   4069.508896 8.488200e-15 4.228250e+03 1.000000e+00
   4072.159589 8.618800e-15 4.231000e+03 1.000000e+00
   4074.810283 8.771300e-15 4.233750e+03 1.000000e+00
   4077.450974 8.816400e-15 4.236500e+03 1.000000e+00
   4080.101668 8.426400e-15 4.239250e+03 1.000000e+00
   4082.742359 8.565600e-15 4.242000e+03 1.000000e+00
   4085.393052 8.585300e-15 4.244750e+03 1.000000e+00
   4088.043746 8.378200e-15 4.247500e+03 1.000000e+00
   4090.684437 8.875300e-15 4.250250e+03 1.000000e+00
   4093.335131 8.139500e-15 4.253000e+03 1.000000e+00
   4095.975823 8.186800e-15 4.255750e+03 1.000000e+00
   4098.626517 7.222800e-15 4.258500e+03 1.000000e+00
   4101.277211 7.155700e-15 4.261250e+03 1.000000e+00
   4103.917902 6.940200e-15 4.264000e+03 1.000000e+00
   4106.568596 6.320600e-15 4.266750e+03 1.000000e+00
   4109.209288 6.919700e-15 4.269500e+03 1.000000e+00
   4111.859982 7.223200e-15 4.272250e+03 1.000000e+00
   4114.510676 8.136500e-15 4.275000e+03 1.000000e+00
   4117.151368 8.463100e-15 4.277750e+03 1.000000e+00
   4119.802062 8.938400e-15 4.280500e+03 1.000000e+00
   4122.442754 9.026700e-15 4.283250e+03 1.000000e+00
   4125.093448 9.076300e-15 4.286000e+03 1.000000e+00
   4127.744142 8.864800e-15 4.288750e+03 1.000000e+00
   4130.384834 9.030900e-15 4.291500e+03 1.000000e+00
   4133.035529 9.078700e-15 4.294250e+03 1.000000e+00
   4135.676221 8.498600e-15 4.297000e+03 1.000000e+00
   4138.326915 8.535800e-15 4.299750e+03 1.000000e+00
   4140.977610 9.380500e-15 4.302500e+03 1.000000e+00
   4143.618302 9.134200e-15 4.305250e+03 1.000000e+00
   4146.268997 9.365900e-15 4.308000e+03 1.000000e+00
   4148.909689 8.948000e-15 4.310750e+03 1.000000e+00
   4151.560384 8.971600e-15 4.313500e+03 1.000000e+00
   4154.211079 9.138400e-15 4.316250e+03 1.000000e+00
   4156.851771 9.238000e-15 4.319000e+03 1.000000e+00
   4159.502466 9.537200e-15 4.321750e+03 1.000000e+00
   4162.143158 9.448900e-15 4.324500e+03 1.000000e+00
   4164.793853 9.430300e-15 4.327250e+03 1.000000e+00
   4167.444548 9.920000e-15 4.330000e+03 1.000000e+00
   4170.085241 9.760600e-15 4.332750e+03 1.000000e+00
   4172.735936 9.009100e-15 4.335500e+03 1.000000e+00
   4175.376628 9.127300e-15 4.338250e+03 1.000000e+00
   4178.027324 8.904000e-15 4.341000e+03 1.000000e+00
   4180.678019 9.178900e-15 4.343750e+03 1.000000e+00
   4183.318711 8.699300e-15 4.346500e+03 1.000000e+00
   4185.969407 8.629100e-15 4.349250e+03 1.000000e+00
   4188.610100 8.944700e-15 4.352000e+03 1.000000e+00
   4191.260795 9.454300e-15 4.354750e+03 1.000000e+00
   4193.911490 9.428300e-15 4.357500e+03 1.000000e+00
   4196.552183 8.789200e-15 4.360250e+03 1.000000e+00
   4199.202879 8.655900e-15 4.363000e+03 1.000000e+00
   4201.843572 8.388600e-15 4.365750e+03 1.000000e+00
   4204.494267 8.634900e-15 4.368500e+03 1.000000e+00
   4207.144963 9.150100e-15 4.371250e+03 1.000000e+00
   4209.785656 9.252100e-15 4.374000e+03 1.000000e+00
   4212.436352 9.115200e-15 4.376750e+03 1.000000e+00
   4215.077045 9.342900e-15 4.379500e+03 1.000000e+00
   4217.727741 9.317700e-15 4.382250e+03 1.000000e+00
   4220.378437 9.207100e-15 4.385000e+03 1.000000e+00
   4223.019130 9.321300e-15 4.387750e+03 1.000000e+00
   4225.669826 9.027000e-15 4.390500e+03 1.000000e+00
   4228.310519 8.900700e-15 4.393250e+03 1.000000e+00
   4230.961215 8.547500e-15 4.396000e+03 1.000000e+00
   4233.611911 8.796300e-15 4.398750e+03 1.000000e+00
   4236.252605 9.480400e-15 4.401500e+03 1.000000e+00
   4238.903301 9.393300e-15 4.404250e+03 1.000000e+00
   4241.543994 9.228500e-15 4.407000e+03 1.000000e+00
   4244.194690 9.209000e-15 4.409750e+03 1.000000e+00
   4246.845387 9.255200e-15 4.412500e+03 1.000000e+00
   4249.486080 9.300300e-15 4.415250e+03 1.000000e+00
   4252.136777 9.086000e-15 4.418000e+03 1.000000e+00
   4254.777470 9.191800e-15 4.420750e+03 1.000000e+00
   4257.428167 9.484700e-15 4.423500e+03 1.000000e+00
   4260.078863 9.541400e-15 4.426250e+03 1.000000e+00
   4262.719557 9.449500e-15 4.429000e+03 1.000000e+00
   4265.370253 9.408500e-15 4.431750e+03 1.000000e+00
   4268.010947 8.955900e-15 4.434500e+03 1.000000e+00
   4270.661644 9.021300e-15 4.437250e+03 1.000000e+00
   4273.312341 9.208000e-15 4.440000e+03 1.000000e+00
   4275.953035 8.912000e-15 4.442750e+03 1.000000e+00
   4278.603731 8.860200e-15 4.445500e+03 1.000000e+00
   4281.244425 9.199100e-15 4.448250e+03 1.000000e+00
   4283.895122 9.015300e-15 4.451000e+03 1.000000e+00
   4286.545819 8.744200e-15 4.453750e+03 1.000000e+00
   4289.186513 8.870100e-15 4.456500e+03 1.000000e+00
   4291.837210 8.985900e-15 4.459250e+03 1.000000e+00
   4294.477904 8.615800e-15 4.462000e+03 1.000000e+00
   4297.128601 8.446200e-15 4.464750e+03 1.000000e+00
   4299.779298 8.356200e-15 4.467500e+03 1.000000e+00
   4302.419992 7.983400e-15 4.470250e+03 1.000000e+00
   4305.070690 7.754500e-15 4.473000e+03 1.000000e+00
   4307.711384 8.156800e-15 4.475750e+03 1.000000e+00
   4310.362081 8.294000e-15 4.478500e+03 1.000000e+00
   4313.012778 8.256100e-15 4.481250e+03 1.000000e+00
   4315.653473 8.575200e-15 4.484000e+03 1.000000e+00
   4318.304170 8.944600e-15 4.486750e+03 1.000000e+00
   4320.944865 9.175600e-15 4.489500e+03 1.000000e+00
   4323.595562 9.082800e-15 4.492250e+03 1.000000e+00
   4326.246259 8.948500e-15 4.495000e+03 1.000000e+00
   4328.886954 8.421900e-15 4.497750e+03 1.000000e+00
   4331.537651 8.220300e-15 4.500500e+03 1.000000e+00
   4334.178346 8.374000e-15 4.503250e+03 1.000000e+00
   4336.829044 8.428300e-15 4.506000e+03 1.000000e+00
   4339.479741 8.390800e-15 4.508750e+03 1.000000e+00
   4342.120436 7.769000e-15 4.511500e+03 1.000000e+00
   4344.771134 7.956000e-15 4.514250e+03 1.000000e+00
   4347.411829 8.045300e-15 4.517000e+03 1.000000e+00
   4350.062526 8.290300e-15 4.519750e+03 1.000000e+00
   4352.713224 8.142500e-15 4.522500e+03 1.000000e+00
   4355.353919 8.448500e-15 4.525250e+03 1.000000e+00
   4358.004617 8.774200e-15 4.528000e+03 1.000000e+00
   4360.645312 9.371600e-15 4.530750e+03 1.000000e+00
   4363.296010 9.529900e-15 4.533500e+03 1.000000e+00
   4365.946708 9.516900e-15 4.536250e+03 1.000000e+00
   4368.587403 9.519100e-15 4.539000e+03 1.000000e+00
   4371.238101 9.688000e-15 4.541750e+03 1.000000e+00
   4373.878796 9.483100e-15 4.544500e+03 1.000000e+00
   4376.529494 9.275100e-15 4.547250e+03 1.000000e+00
   4379.180192 9.306000e-15 4.550000e+03 1.000000e+00
   4381.820888 9.532600e-15 4.552750e+03 1.000000e+00
   4384.471586 8.940300e-15 4.555500e+03 1.000000e+00
   4387.112281 8.649200e-15 4.558250e+03 1.000000e+00
   4389.762979 8.769400e-15 4.561000e+03 1.000000e+00
   4392.413677 9.629800e-15 4.563750e+03 1.000000e+00
   4395.054373 9.452200e-15 4.566500e+03 1.000000e+00
   4397.705071 9.372200e-15 4.569250e+03 1.000000e+00
   4400.345767 9.344100e-15 4.572000e+03 1.000000e+00
   4402.996465 9.423200e-15 4.574750e+03 1.000000e+00
   4405.647164 8.986200e-15 4.577500e+03 1.000000e+00
   4408.287859 9.220500e-15 4.580250e+03 1.000000e+00
   4410.938558 9.599500e-15 4.583000e+03 1.000000e+00
   4413.579254 9.458900e-15 4.585750e+03 1.000000e+00
   4416.229952 9.428900e-15 4.588500e+03 1.000000e+00
   4418.880651 9.254200e-15 4.591250e+03 1.000000e+00
   4421.521347 9.511200e-15 4.594000e+03 1.000000e+00
   4424.172045 9.509600e-15 4.596750e+03 1.000000e+00
   4426.812741 9.540400e-15 4.599500e+03 1.000000e+00
   4429.463440 9.756300e-15 4.602250e+03 1.000000e+00
   4432.114139 9.616700e-15 4.605000e+03 1.000000e+00
   4434.754835 9.441600e-15 4.607750e+03 1.000000e+00
   4437.405533 9.663700e-15 4.610500e+03 1.000000e+00
   4440.046230 9.661700e-15 4.613250e+03 1.000000e+00
   4442.696928 9.976900e-15 4.616000e+03 1.000000e+00
   4445.347627 9.602100e-15 4.618750e+03 1.000000e+00
   4447.988323 9.750000e-15 4.621500e+03 1.000000e+00
   4450.639022 1.003600e-14 4.624250e+03 1.000000e+00
   4453.289721 1.014500e-14 4.627000e+03 1.000000e+00
   4455.930418 9.349500e-15 4.629750e+03 1.000000e+00
   4458.581117 9.754600e-15 4.632500e+03 1.000000e+00
   4461.221813 9.430500e-15 4.635250e+03 1.000000e+00
   4463.872512 9.787800e-15 4.638000e+03 1.000000e+00
   4466.523211 8.898300e-15 4.640750e+03 1.000000e+00
   4469.163908 9.024100e-15 4.643500e+03 1.000000e+00
   4471.814607 9.440400e-15 4.646250e+03 1.000000e+00
   4474.455304 9.836000e-15 4.649000e+03 1.000000e+00
   4477.106003 1.004900e-14 4.651750e+03 1.000000e+00
   4479.756702 1.049300e-14 4.654500e+03 1.000000e+00
   4482.397399 1.009900e-14 4.657250e+03 1.000000e+00
   4485.048098 9.649300e-15 4.660000e+03 1.000000e+00
   4487.688795 9.990700e-15 4.662750e+03 1.000000e+00
   4490.339494 1.011400e-14 4.665500e+03 1.000000e+00
   4492.990194 1.021700e-14 4.668250e+03 1.000000e+00
   4495.630890 9.937700e-15 4.671000e+03 1.000000e+00
   4498.281590 9.810600e-15 4.673750e+03 1.000000e+00
   4500.922287 1.027900e-14 4.676500e+03 1.000000e+00
   4503.572986 1.027300e-14 4.679250e+03 1.000000e+00
   4506.223686 1.032200e-14 4.682000e+03 1.000000e+00
   4508.864383 1.038200e-14 4.684750e+03 1.000000e+00
   4511.515082 1.085100e-14 4.687500e+03 1.000000e+00
   4514.155779 1.025000e-14 4.690250e+03 1.000000e+00
   4516.806479 1.035300e-14 4.693000e+03 1.000000e+00
   4519.457179 1.023400e-14 4.695750e+03 1.000000e+00
   4522.097876 1.033300e-14 4.698500e+03 1.000000e+00
   4524.748576 9.922300e-15 4.701250e+03 1.000000e+00
   4527.389273 9.110100e-15 4.704000e+03 1.000000e+00
   4530.039973 9.684700e-15 4.706750e+03 1.000000e+00
   4532.690673 9.071900e-15 4.709500e+03 1.000000e+00
   4535.331370 9.318300e-15 4.712250e+03 1.000000e+00
   4537.982070 9.093500e-15 4.715000e+03 1.000000e+00
   4540.622767 9.399400e-15 4.717750e+03 1.000000e+00
   4543.273467 9.646600e-15 4.720500e+03 1.000000e+00
   4545.924167 1.002300e-14 4.723250e+03 1.000000e+00
   4548.564865 9.566900e-15 4.726000e+03 1.000000e+00
   4551.215565 9.967700e-15 4.728750e+03 1.000000e+00
   4553.856262 9.953600e-15 4.731500e+03 1.000000e+00
   4556.506962 9.957500e-15 4.734250e+03 1.000000e+00
   4559.157663 1.044800e-14 4.737000e+03 1.000000e+00
   4561.798360 9.778100e-15 4.739750e+03 1.000000e+00
   4564.449060 1.033700e-14 4.742500e+03 1.000000e+00
   4567.089758 1.021400e-14 4.745250e+03 1.000000e+00
   4569.740458 1.021300e-14 4.748000e+03 1.000000e+00
   4572.391159 1.003800e-14 4.750750e+03 1.000000e+00
   4575.031856 1.010800e-14 4.753500e+03 1.000000e+00
   4577.682557 1.045400e-14 4.756250e+03 1.000000e+00
   4580.323254 9.959400e-15 4.759000e+03 1.000000e+00
   4582.973955 9.896000e-15 4.761750e+03 1.000000e+00
   4585.624655 9.850900e-15 4.764500e+03 1.000000e+00
   4588.265353 9.789100e-15 4.767250e+03 1.000000e+00
   4590.916054 9.759500e-15 4.770000e+03 1.000000e+00
   4593.556752 1.015900e-14 4.772750e+03 1.000000e+00
   4596.207452 9.665600e-15 4.775500e+03 1.000000e+00
   4598.858153 1.026200e-14 4.778250e+03 1.000000e+00
   4601.498851 9.836000e-15 4.781000e+03 1.000000e+00
   4604.149551 1.029000e-14 4.783750e+03 1.000000e+00
   4606.790250 1.031800e-14 4.786500e+03 1.000000e+00
   4609.440950 1.032600e-14 4.789250e+03 1.000000e+00
   4612.091651 9.935400e-15 4.792000e+03 1.000000e+00
   4614.732349 9.737100e-15 4.794750e+03 1.000000e+00
   4617.383050 1.052000e-14 4.797500e+03 1.000000e+00
   4620.023748 1.061300e-14 4.800250e+03 1.000000e+00
   4622.674449 9.997400e-15 4.803000e+03 1.000000e+00
   4625.325150 1.076200e-14 4.805750e+03 1.000000e+00
   4627.965848 1.073200e-14 4.808500e+03 1.000000e+00
   4630.616549 1.043600e-14 4.811250e+03 1.000000e+00
   4633.257247 1.023900e-14 4.814000e+03 1.000000e+00
   4635.907948 1.029800e-14 4.816750e+03 1.000000e+00
   4638.558649 9.698300e-15 4.819500e+03 1.000000e+00
   4641.199348 1.045300e-14 4.822250e+03 1.000000e+00
   4643.850049 1.017200e-14 4.825000e+03 1.000000e+00
   4646.490747 9.868000e-15 4.827750e+03 1.000000e+00
   4649.141449 9.946200e-15 4.830500e+03 1.000000e+00
   4651.792150 9.959300e-15 4.833250e+03 1.000000e+00
   4654.432848 1.009000e-14 4.836000e+03 1.000000e+00
   4657.083550 9.901000e-15 4.838750e+03 1.000000e+00
   4659.724248 1.035900e-14 4.841500e+03 1.000000e+00
   4662.374949 1.063200e-14 4.844250e+03 1.000000e+00
   4665.025651 1.003400e-14 4.847000e+03 1.000000e+00
   4667.666349 1.015200e-14 4.849750e+03 1.000000e+00
   4670.317051 9.233900e-15 4.852500e+03 1.000000e+00
   4672.957750 9.705000e-15 4.855250e+03 1.000000e+00
   4675.608451 9.993700e-15 4.858000e+03 1.000000e+00
   4678.259152 1.012900e-14 4.860750e+03 1.000000e+00
   4680.899851 1.049200e-14 4.863500e+03 1.000000e+00
   4683.550553 9.591800e-15 4.866250e+03 1.000000e+00
   4686.191252 1.056800e-14 4.869000e+03 1.000000e+00
   4688.841953 1.030400e-14 4.871750e+03 1.000000e+00
   4691.492655 1.031300e-14 4.874500e+03 1.000000e+00
   4694.133354 1.004100e-14 4.877250e+03 1.000000e+00
   4696.784055 1.069800e-14 4.880000e+03 1.000000e+00
   4699.424754 9.730500e-15 4.882750e+03 1.000000e+00
   4702.075456 1.015900e-14 4.885500e+03 1.000000e+00
   4704.726158 9.844700e-15 4.888250e+03 1.000000e+00
   4707.366857 1.022000e-14 4.891000e+03 1.000000e+00
   4710.017559 9.618500e-15 4.893750e+03 1.000000e+00
   4712.658258 1.015700e-14 4.896500e+03 1.000000e+00
   4715.308959 9.647100e-15 4.899250e+03 1.000000e+00
   4717.959661 9.837900e-15 4.902000e+03 1.000000e+00
   4720.600361 1.029100e-14 4.904750e+03 1.000000e+00
   4723.251062 1.037700e-14 4.907500e+03 1.000000e+00
   4725.891762 1.023200e-14 4.910250e+03 1.000000e+00
   4728.542464 1.013100e-14 4.913000e+03 1.000000e+00
   4731.193166 1.032600e-14 4.915750e+03 1.000000e+00
   4733.833865 9.762600e-15 4.918500e+03 1.000000e+00
   4736.484567 9.478100e-15 4.921250e+03 1.000000e+00
   4739.125266 1.032700e-14 4.924000e+03 1.000000e+00
   4741.775968 1.036600e-14 4.926750e+03 1.000000e+00
   4744.426671 1.037400e-14 4.929500e+03 1.000000e+00
   4747.067370 1.010700e-14 4.932250e+03 1.000000e+00
   4749.718072 1.026200e-14 4.935000e+03 1.000000e+00
   4752.358772 1.005900e-14 4.937750e+03 1.000000e+00
   4755.009474 1.001100e-14 4.940500e+03 1.000000e+00
   4757.660176 9.937400e-15 4.943250e+03 1.000000e+00
   4760.300876 9.808500e-15 4.946000e+03 1.000000e+00
   4762.951578 9.976700e-15 4.948750e+03 1.000000e+00
   4765.592278 9.562100e-15 4.951500e+03 1.000000e+00
   4768.242980 9.521500e-15 4.954250e+03 1.000000e+00
   4770.893682 9.767100e-15 4.957000e+03 1.000000e+00
   4773.534382 1.010600e-14 4.959750e+03 1.000000e+00
   4776.185084 1.025500e-14 4.962500e+03 1.000000e+00
   4778.825784 1.026000e-14 4.965250e+03 1.000000e+00
   4781.476487 1.016100e-14 4.968000e+03 1.000000e+00
   4784.127189 9.923700e-15 4.970750e+03 1.000000e+00
   4786.767889 9.996900e-15 4.973500e+03 1.000000e+00
   4789.418591 1.012800e-14 4.976250e+03 1.000000e+00
   4792.059291 9.229800e-15 4.979000e+03 1.000000e+00
   4794.709994 9.998500e-15 4.981750e+03 1.000000e+00
   4797.360697 9.909100e-15 4.984500e+03 1.000000e+00
   4800.001397 1.026400e-14 4.987250e+03 1.000000e+00
   4802.652099 1.043700e-14 4.990000e+03 1.000000e+00
   4805.292799 1.040300e-14 4.992750e+03 1.000000e+00
   4807.943502 9.981500e-15 4.995500e+03 1.000000e+00
   4810.594205 1.008200e-14 4.998250e+03 1.000000e+00
   4813.234905 1.015700e-14 5.001000e+03 1.000000e+00
   4815.885607 1.002200e-14 5.003750e+03 1.000000e+00
   4818.526308 1.010700e-14 5.006500e+03 1.000000e+00
   4821.177010 1.005900e-14 5.009250e+03 1.000000e+00
   4823.827713 1.000700e-14 5.012000e+03 1.000000e+00
   4826.468414 9.837500e-15 5.014750e+03 1.000000e+00
   4829.119116 9.706500e-15 5.017500e+03 1.000000e+00
   4831.759817 9.743000e-15 5.020250e+03 1.000000e+00
   4834.410520 9.807000e-15 5.023000e+03 1.000000e+00
   4837.061223 9.778600e-15 5.025750e+03 1.000000e+00
   4839.701923 9.624000e-15 5.028500e+03 1.000000e+00
   4842.352626 9.181600e-15 5.031250e+03 1.000000e+00
   4844.993326 9.701700e-15 5.034000e+03 1.000000e+00
   4847.644029 9.054000e-15 5.036750e+03 1.000000e+00
   4850.294732 9.085600e-15 5.039500e+03 1.000000e+00
   4852.935433 9.114000e-15 5.042250e+03 1.000000e+00
   4855.586136 8.993700e-15 5.045000e+03 1.000000e+00
   4858.226837 9.324900e-15 5.047750e+03 1.000000e+00
   4860.877540 9.520700e-15 5.050500e+03 1.000000e+00
   4863.528243 9.622700e-15 5.053250e+03 1.000000e+00
   4866.168943 9.959200e-15 5.056000e+03 1.000000e+00
   4868.819647 9.003600e-15 5.058750e+03 1.000000e+00
   4871.460347 8.408800e-15 5.061500e+03 1.000000e+00
   4874.111051 8.661400e-15 5.064250e+03 1.000000e+00
   4876.761754 9.068400e-15 5.067000e+03 1.000000e+00
   4879.402455 8.884600e-15 5.069750e+03 1.000000e+00
   4882.053158 9.372000e-15 5.072500e+03 1.000000e+00
   4884.693859 9.771800e-15 5.075250e+03 1.000000e+00
   4887.344562 9.418900e-15 5.078000e+03 1.000000e+00
   4889.995266 9.109900e-15 5.080750e+03 1.000000e+00
   4892.635966 9.560600e-15 5.083500e+03 1.000000e+00
   4895.286670 9.717700e-15 5.086250e+03 1.000000e+00
   4897.927371 9.646600e-15 5.089000e+03 1.000000e+00
   4900.578074 9.676100e-15 5.091750e+03 1.000000e+00
   4903.228778 9.886500e-15 5.094500e+03 1.000000e+00
   4905.869479 9.662000e-15 5.097250e+03 1.000000e+00
   4908.520182 1.012400e-14 5.100000e+03 1.000000e+00
   4911.170886 9.935900e-15 5.102750e+03 1.000000e+00
   4913.811587 9.971400e-15 5.105500e+03 1.000000e+00
   4916.462291 9.775900e-15 5.108250e+03 1.000000e+00
   4919.102992 9.733200e-15 5.111000e+03 1.000000e+00
   4921.753695 9.864100e-15 5.113750e+03 1.000000e+00
   4924.404399 9.788500e-15 5.116500e+03 1.000000e+00
   4927.045100 9.798900e-15 5.119250e+03 1.000000e+00
   4929.695804 1.010100e-14 5.122000e+03 1.000000e+00
   4932.336505 9.914100e-15 5.124750e+03 1.000000e+00
   4934.987209 9.919100e-15 5.127500e+03 1.000000e+00
   4937.637913 9.816000e-15 5.130250e+03 1.000000e+00
   4940.278614 9.770400e-15 5.133000e+03 1.000000e+00
   4942.929318 9.802400e-15 5.135750e+03 1.000000e+00
   4945.570019 1.016600e-14 5.138500e+03 1.000000e+00
   4948.220723 1.024100e-14 5.141250e+03 1.000000e+00
   4950.871427 1.005200e-14 5.144000e+03 1.000000e+00
   4953.512128 1.018400e-14 5.146750e+03 1.000000e+00
   4956.162832 1.017900e-14 5.149500e+03 1.000000e+00
   4958.803534 1.036600e-14 5.152250e+03 1.000000e+00
   4961.454238 1.041100e-14 5.155000e+03 1.000000e+00
   4964.104942 1.054700e-14 5.157750e+03 1.000000e+00
   4966.745643 9.860900e-15 5.160500e+03 1.000000e+00
   4969.396347 9.797100e-15 5.163250e+03 1.000000e+00
   4972.037049 9.787700e-15 5.166000e+03 1.000000e+00
   4974.687753 1.006800e-14 5.168750e+03 1.000000e+00
   4977.338457 1.003400e-14 5.171500e+03 1.000000e+00
   4979.979159 9.396400e-15 5.174250e+03 1.000000e+00
   4982.629863 9.728100e-15 5.177000e+03 1.000000e+00
   4985.270564 9.468400e-15 5.179750e+03 1.000000e+00
   4987.921269 9.534800e-15 5.182500e+03 1.000000e+00
   4990.571973 9.946600e-15 5.185250e+03 1.000000e+00
   4993.212674 9.692100e-15 5.188000e+03 1.000000e+00
   4995.863379 9.900800e-15 5.190750e+03 1.000000e+00
   4998.504080 9.666700e-15 5.193500e+03 1.000000e+00
   5001.154785 9.676400e-15 5.196250e+03 1.000000e+00
   5003.805489 9.967600e-15 5.199000e+03 1.000000e+00
   5006.446191 1.021600e-14 5.201750e+03 1.000000e+00
   5009.096895 1.039800e-14 5.204500e+03 1.000000e+00
   5011.737597 1.011000e-14 5.207250e+03 1.000000e+00
   5014.388302 9.810800e-15 5.210000e+03 1.000000e+00
   5017.039006 9.233900e-15 5.212750e+03 1.000000e+00
   5019.679708 9.642300e-15 5.215500e+03 1.000000e+00
   5022.330413 9.506500e-15 5.218250e+03 1.000000e+00
   5024.971114 9.572100e-15 5.221000e+03 1.000000e+00
   5027.621819 9.610200e-15 5.223750e+03 1.000000e+00
   5030.272524 9.825600e-15 5.226500e+03 1.000000e+00
   5032.913226 9.783500e-15 5.229250e+03 1.000000e+00
   5035.563930 9.566500e-15 5.232000e+03 1.000000e+00
   5038.204632 9.379200e-15 5.234750e+03 1.000000e+00
   5040.855337 9.386100e-15 5.237500e+03 1.000000e+00
   5043.506042 9.521700e-15 5.240250e+03 1.000000e+00
   5046.146744 9.707600e-15 5.243000e+03 1.000000e+00
   5048.797448 9.540800e-15 5.245750e+03 1.000000e+00
   5051.438150 9.773500e-15 5.248500e+03 1.000000e+00
   5054.088855 9.520700e-15 5.251250e+03 1.000000e+00
   5056.739560 9.848200e-15 5.254000e+03 1.000000e+00
   5059.380262 9.868800e-15 5.256750e+03 1.000000e+00
   5062.030967 9.751600e-15 5.259500e+03 1.000000e+00
   5064.671669 9.997200e-15 5.262250e+03 1.000000e+00
   5067.322374 1.001700e-14 5.265000e+03 1.000000e+00
   5069.973079 1.014200e-14 5.267750e+03 1.000000e+00
   5072.613781 9.757800e-15 5.270500e+03 1.000000e+00
   5075.264486 1.002800e-14 5.273250e+03 1.000000e+00
   5077.905189 9.816300e-15 5.276000e+03 1.000000e+00
   5080.555894 9.670200e-15 5.278750e+03 1.000000e+00
   5083.206599 9.667300e-15 5.281500e+03 1.000000e+00
   5085.847301 9.809800e-15 5.284250e+03 1.000000e+00
   5088.498006 9.605700e-15 5.287000e+03 1.000000e+00
   5091.138708 9.576800e-15 5.289750e+03 1.000000e+00
   5093.789413 9.990400e-15 5.292500e+03 1.000000e+00
   5096.440119 9.335700e-15 5.295250e+03 1.000000e+00
   5099.080821 9.531500e-15 5.298000e+03 1.000000e+00
   5101.731526 9.306700e-15 5.300750e+03 1.000000e+00
   5104.372229 9.392600e-15 5.303500e+03 1.000000e+00
   5107.022934 9.454400e-15 5.306250e+03 1.000000e+00
   5109.673639 9.780000e-15 5.309000e+03 1.000000e+00
   5112.314342 9.750100e-15 5.311750e+03 1.000000e+00
   5114.965047 9.544200e-15 5.314500e+03 1.000000e+00
   5117.605750 9.810100e-15 5.317250e+03 1.000000e+00
   5120.256455 9.592100e-15 5.320000e+03 1.000000e+00
   5122.907160 9.790800e-15 5.322750e+03 1.000000e+00
   5125.547863 9.523400e-15 5.325500e+03 1.000000e+00
   5128.198568 9.603500e-15 5.328250e+03 1.000000e+00
   5130.839271 9.559500e-15 5.331000e+03 1.000000e+00
   5133.489976 9.231200e-15 5.333750e+03 1.000000e+00
   5136.140682 9.696400e-15 5.336500e+03 1.000000e+00
   5138.781384 9.892200e-15 5.339250e+03 1.000000e+00
   5141.432090 9.666900e-15 5.342000e+03 1.000000e+00
   5144.072793 9.312600e-15 5.344750e+03 1.000000e+00
   5146.723498 9.327100e-15 5.347500e+03 1.000000e+00
   5149.374204 9.140200e-15 5.350250e+03 1.000000e+00
   5152.014906 9.566200e-15 5.353000e+03 1.000000e+00
   5154.665612 9.411100e-15 5.355750e+03 1.000000e+00
   5157.306315 9.875300e-15 5.358500e+03 1.000000e+00
   5159.957020 1.056500e-14 5.361250e+03 1.000000e+00
   5162.607726 1.034400e-14 5.364000e+03 1.000000e+00
   5165.248429 1.057600e-14 5.366750e+03 1.000000e+00
   5167.899135 1.138400e-14 5.369500e+03 1.000000e+00
   5170.539838 1.075200e-14 5.372250e+03 1.000000e+00
   5173.190543 9.475000e-15 5.375000e+03 1.000000e+00
   5175.841249 8.941400e-15 5.377750e+03 1.000000e+00
   5178.481952 8.770800e-15 5.380500e+03 1.000000e+00
   5181.132658 9.315700e-15 5.383250e+03 1.000000e+00
   5183.773361 8.822800e-15 5.386000e+03 1.000000e+00
   5186.424067 8.755900e-15 5.388750e+03 1.000000e+00
   5189.074772 8.623400e-15 5.391500e+03 1.000000e+00
   5191.715476 8.927300e-15 5.394250e+03 1.000000e+00
   5194.366181 9.491600e-15 5.397000e+03 1.000000e+00
   5197.006885 9.787500e-15 5.399750e+03 1.000000e+00
   5199.657590 1.002600e-14 5.402500e+03 1.000000e+00
   5202.308296 9.986700e-15 5.405250e+03 1.000000e+00
   5204.949000 9.836600e-15 5.408000e+03 1.000000e+00
   5207.599705 9.694700e-15 5.410750e+03 1.000000e+00
   5210.240409 9.196100e-15 5.413500e+03 1.000000e+00
   5212.891115 9.287000e-15 5.416250e+03 1.000000e+00
   5215.541821 9.856500e-15 5.419000e+03 1.000000e+00
   5218.182524 9.467600e-15 5.421750e+03 1.000000e+00
   5220.833230 9.477800e-15 5.424500e+03 1.000000e+00
   5223.473933 9.839100e-15 5.427250e+03 1.000000e+00
   5226.124639 1.017700e-14 5.430000e+03 1.000000e+00
   5228.775345 9.652900e-15 5.432750e+03 1.000000e+00
   5231.416049 9.697500e-15 5.435500e+03 1.000000e+00
   5234.066755 9.884100e-15 5.438250e+03 1.000000e+00
   5236.707458 9.585700e-15 5.441000e+03 1.000000e+00
   5239.358165 9.519300e-15 5.443750e+03 1.000000e+00
   5242.008871 9.730800e-15 5.446500e+03 1.000000e+00
   5244.649574 9.737900e-15 5.449250e+03 1.000000e+00
   5247.300280 9.825100e-15 5.452000e+03 1.000000e+00
   5249.940984 1.007400e-14 5.454750e+03 1.000000e+00
   5252.591690 1.014600e-14 5.457500e+03 1.000000e+00
   5255.242396 9.643400e-15 5.460250e+03 1.000000e+00
   5257.883100 9.515100e-15 5.463000e+03 1.000000e+00
   5260.533806 9.246600e-15 5.465750e+03 1.000000e+00
   5263.174510 9.382400e-15 5.468500e+03 1.000000e+00
   5265.825216 8.883500e-15 5.471250e+03 1.000000e+00
   5268.475923 9.139400e-15 5.474000e+03 1.000000e+00
   5271.116626 8.840400e-15 5.476750e+03 1.000000e+00
   5273.767333 8.672100e-15 5.479500e+03 1.000000e+00
   5276.408036 9.521200e-15 5.482250e+03 1.000000e+00
   5279.058743 9.638500e-15 5.485000e+03 1.000000e+00
   5281.709449 9.699500e-15 5.487750e+03 1.000000e+00
   5284.350153 9.481700e-15 5.490500e+03 1.000000e+00
   5287.000859 9.725900e-15 5.493250e+03 1.000000e+00
   5289.641563 1.005000e-14 5.496000e+03 1.000000e+00
   5292.292270 1.030100e-14 5.498750e+03 1.000000e+00
   5294.942976 1.017400e-14 5.501500e+03 1.000000e+00
   5297.583680 1.045400e-14 5.504250e+03 1.000000e+00
   5300.234387 1.074900e-14 5.507000e+03 1.000000e+00
   5302.875091 1.022100e-14 5.509750e+03 1.000000e+00
   5305.525797 9.864900e-15 5.512500e+03 1.000000e+00
   5308.176504 9.655100e-15 5.515250e+03 1.000000e+00
   5310.817208 9.721600e-15 5.518000e+03 1.000000e+00
   5313.467914 1.004800e-14 5.520750e+03 1.000000e+00
   5316.108618 1.018900e-14 5.523500e+03 1.000000e+00
   5318.759325 9.813000e-15 5.526250e+03 1.000000e+00
   5321.410032 1.003200e-14 5.529000e+03 1.000000e+00
   5324.050736 1.025600e-14 5.531750e+03 1.000000e+00
   5326.701442 9.612700e-15 5.534500e+03 1.000000e+00
   5329.342146 9.644600e-15 5.537250e+03 1.000000e+00
   5331.992853 1.016500e-14 5.540000e+03 1.000000e+00
   5334.643560 9.797800e-15 5.542750e+03 1.000000e+00
   5337.284264 9.342800e-15 5.545500e+03 1.000000e+00
   5339.934971 9.847100e-15 5.548250e+03 1.000000e+00
   5342.575675 1.018100e-14 5.551000e+03 1.000000e+00
   5345.226382 9.514900e-15 5.553750e+03 1.000000e+00
   5347.877089 9.611500e-15 5.556500e+03 1.000000e+00
   5350.517793 9.861300e-15 5.559250e+03 1.000000e+00
   5353.168500 9.374200e-15 5.562000e+03 1.000000e+00
   5355.819207 1.011300e-14 5.564750e+03 1.000000e+00
   5358.459911 1.004400e-14 5.567500e+03 1.000000e+00
   5361.110618 9.896500e-15 5.570250e+03 1.000000e+00
   5363.751322 9.883800e-15 5.573000e+03 1.000000e+00
   5366.402029 9.886300e-15 5.575750e+03 1.000000e+00
   5369.052736 9.965500e-15 5.578500e+03 1.000000e+00
   5371.693441 9.499200e-15 5.581250e+03 1.000000e+00
   5374.344148 9.736800e-15 5.584000e+03 1.000000e+00
   5376.984852 9.384000e-15 5.586750e+03 1.000000e+00
   5379.635559 9.733300e-15 5.589500e+03 1.000000e+00
   5382.286266 9.921600e-15 5.592250e+03 1.000000e+00
   5384.926970 9.829200e-15 5.595000e+03 1.000000e+00
   5387.577678 9.572900e-15 5.597750e+03 1.000000e+00
   5390.218382 9.655500e-15 5.600500e+03 1.000000e+00
   5392.869089 9.879500e-15 5.603250e+03 1.000000e+00
   5395.519796 9.113600e-15 5.606000e+03 1.000000e+00
   5398.160501 9.502100e-15 5.608750e+03 1.000000e+00
   5400.811208 9.695500e-15 5.611500e+03 1.000000e+00
   5403.451913 9.807700e-15 5.614250e+03 1.000000e+00
   5406.102620 9.813700e-15 5.617000e+03 1.000000e+00
   5408.753327 1.017200e-14 5.619750e+03 1.000000e+00
   5411.394032 9.528500e-15 5.622500e+03 1.000000e+00
   5414.044739 9.840300e-15 5.625250e+03 1.000000e+00
   5416.685444 9.640900e-15 5.628000e+03 1.000000e+00
   5419.336151 9.446400e-15 5.630750e+03 1.000000e+00
   5421.986858 1.023500e-14 5.633500e+03 1.000000e+00
   5424.627563 1.011400e-14 5.636250e+03 1.000000e+00
   5427.278270 1.041200e-14 5.639000e+03 1.000000e+00
   5429.918975 9.867200e-15 5.641750e+03 1.000000e+00
   5432.569682 9.713000e-15 5.644500e+03 1.000000e+00
   5435.220390 1.036700e-14 5.647250e+03 1.000000e+00
   5437.861094 9.494300e-15 5.650000e+03 1.000000e+00
   5440.511802 9.939500e-15 5.652750e+03 1.000000e+00
   5443.152507 1.006500e-14 5.655500e+03 1.000000e+00
   5445.803214 1.000600e-14 5.658250e+03 1.000000e+00
   5448.453922 1.006100e-14 5.661000e+03 1.000000e+00
   5451.094626 9.934400e-15 5.663750e+03 1.000000e+00
   5453.745334 9.972300e-15 5.666500e+03 1.000000e+00
   5456.386039 9.847700e-15 5.669250e+03 1.000000e+00
   5459.036746 1.032900e-14 5.672000e+03 1.000000e+00
   5461.687454 9.648500e-15 5.674750e+03 1.000000e+00
   5464.328159 9.804900e-15 5.677500e+03 1.000000e+00
   5466.978866 1.022100e-14 5.680250e+03 1.000000e+00
   5469.619571 9.967900e-15 5.683000e+03 1.000000e+00
   5472.270279 1.027700e-14 5.685750e+03 1.000000e+00
   5474.920987 9.921400e-15 5.688500e+03 1.000000e+00
   5477.561692 9.312800e-15 5.691250e+03 1.000000e+00
   5480.212399 9.052100e-15 5.694000e+03 1.000000e+00
   5482.853104 8.844500e-15 5.696750e+03 1.000000e+00
   5485.503812 9.769900e-15 5.699500e+03 1.000000e+00
   5488.154520 9.686800e-15 5.702250e+03 1.000000e+00
   5490.795225 9.918000e-15 5.705000e+03 1.000000e+00
   5493.445932 9.518000e-15 5.707750e+03 1.000000e+00
   5496.086638 9.560800e-15 5.710500e+03 1.000000e+00
   5498.737345 1.021400e-14 5.713250e+03 1.000000e+00
   5501.388053 1.021200e-14 5.716000e+03 1.000000e+00
   5504.028758 1.008200e-14 5.718750e+03 1.000000e+00
   5506.679466 9.707300e-15 5.721500e+03 1.000000e+00
   5509.320171 9.848000e-15 5.724250e+03 1.000000e+00
   5511.970879 9.947900e-15 5.727000e+03 1.000000e+00
   5514.621587 9.913900e-15 5.729750e+03 1.000000e+00
   5517.262292 9.735500e-15 5.732500e+03 1.000000e+00
   5519.913000 9.967000e-15 5.735250e+03 1.000000e+00
   5522.553705 9.825700e-15 5.738000e+03 1.000000e+00
   5525.204413 9.807000e-15 5.740750e+03 1.000000e+00
   5527.855121 9.675700e-15 5.743500e+03 1.000000e+00
   5530.495826 9.813800e-15 5.746250e+03 1.000000e+00
   5533.146534 1.016500e-14 5.749000e+03 1.000000e+00
   5535.787240 9.505000e-15 5.751750e+03 1.000000e+00
   5538.437948 9.962700e-15 5.754500e+03 1.000000e+00
   5541.088656 1.009100e-14 5.757250e+03 1.000000e+00
   5543.729361 1.041500e-14 5.760000e+03 1.000000e+00
   5546.380069 1.014600e-14 5.762750e+03 1.000000e+00
   5549.020775 1.010200e-14 5.765500e+03 1.000000e+00
   5551.671483 9.960000e-15 5.768250e+03 1.000000e+00
   5554.322191 1.019700e-14 5.771000e+03 1.000000e+00
   5556.962896 1.002600e-14 5.773750e+03 1.000000e+00
   5559.613604 9.877900e-15 5.776500e+03 1.000000e+00
   5562.254310 9.854600e-15 5.779250e+03 1.000000e+00
   5564.905018 9.777300e-15 5.782000e+03 1.000000e+00
   5567.555726 9.990100e-15 5.784750e+03 1.000000e+00
   5570.196432 1.026500e-14 5.787500e+03 1.000000e+00
   5572.847140 1.000500e-14 5.790250e+03 1.000000e+00
   5575.487845 9.877000e-15 5.793000e+03 1.000000e+00
   5578.138554 1.017800e-14 5.795750e+03 1.000000e+00
   5580.789262 9.854200e-15 5.798500e+03 1.000000e+00
   5583.429968 9.272000e-15 5.801250e+03 1.000000e+00
   5586.080676 1.010000e-14 5.804000e+03 1.000000e+00
   5588.721381 9.922800e-15 5.806750e+03 1.000000e+00
   5591.372090 9.590400e-15 5.809500e+03 1.000000e+00
   5594.022798 9.942200e-15 5.812250e+03 1.000000e+00
   5596.663504 9.587600e-15 5.815000e+03 1.000000e+00
   5599.314212 1.011700e-14 5.817750e+03 1.000000e+00
   5601.954918 9.560000e-15 5.820500e+03 1.000000e+00
   5604.605626 9.822900e-15 5.823250e+03 1.000000e+00
   5607.256334 9.621700e-15 5.826000e+03 1.000000e+00
   5609.897040 1.038100e-14 5.828750e+03 1.000000e+00
   5612.547749 9.998300e-15 5.831500e+03 1.000000e+00
   5615.188454 9.515200e-15 5.834250e+03 1.000000e+00
   5617.839163 9.928200e-15 5.837000e+03 1.000000e+00
   5620.489871 9.976000e-15 5.839750e+03 1.000000e+00
   5623.130577 9.489800e-15 5.842500e+03 1.000000e+00
   5625.781286 9.472400e-15 5.845250e+03 1.000000e+00
   5628.421991 9.729200e-15 5.848000e+03 1.000000e+00
   5631.072700 9.898700e-15 5.850750e+03 1.000000e+00
   5633.723408 9.868500e-15 5.853500e+03 1.000000e+00
   5636.364114 9.865300e-15 5.856250e+03 1.000000e+00
   5639.014823 9.914900e-15 5.859000e+03 1.000000e+00
   5641.655529 9.562300e-15 5.861750e+03 1.000000e+00
   5644.306237 9.504100e-15 5.864500e+03 1.000000e+00
   5646.956946 9.993900e-15 5.867250e+03 1.000000e+00
   5649.597652 9.763700e-15 5.870000e+03 1.000000e+00
   5652.248361 9.736600e-15 5.872750e+03 1.000000e+00
   5654.889067 9.775300e-15 5.875500e+03 1.000000e+00
   5657.539775 9.483100e-15 5.878250e+03 1.000000e+00
   5660.190484 9.735500e-15 5.881000e+03 1.000000e+00
   5662.831190 9.172400e-15 5.883750e+03 1.000000e+00
   5665.481899 9.061000e-15 5.886500e+03 1.000000e+00
   5668.122605 9.154500e-15 5.889250e+03 1.000000e+00
   5670.773313 9.923500e-15 5.892000e+03 1.000000e+00
   5673.424022 1.009800e-14 5.894750e+03 1.000000e+00
   5676.064728 9.590900e-15 5.897500e+03 1.000000e+00
   5678.715437 9.707400e-15 5.900250e+03 1.000000e+00
   5681.356143 9.863100e-15 5.903000e+03 1.000000e+00
   5684.006852 9.879900e-15 5.905750e+03 1.000000e+00
   5686.657561 9.446300e-15 5.908500e+03 1.000000e+00
   5689.298267 9.949900e-15 5.911250e+03 1.000000e+00
   5691.948976 9.425200e-15 5.914000e+03 1.000000e+00
   5694.589682 9.749900e-15 5.916750e+03 1.000000e+00
   5697.240391 9.511600e-15 5.919500e+03 1.000000e+00
   5699.891100 9.734900e-15 5.922250e+03 1.000000e+00
   5702.531806 9.933700e-15 5.925000e+03 1.000000e+00
   5705.182515 9.803700e-15 5.927750e+03 1.000000e+00
   5707.823221 9.433800e-15 5.930500e+03 1.000000e+00
   5710.473930 9.197500e-15 5.933250e+03 1.000000e+00
   5713.124639 8.941300e-15 5.936000e+03 1.000000e+00
   5715.765345 8.600600e-15 5.938750e+03 1.000000e+00
   5718.416054 9.794800e-15 5.941500e+03 1.000000e+00
   5721.056761 1.021700e-14 5.944250e+03 1.000000e+00
   5723.707470 1.022000e-14 5.947000e+03 1.000000e+00
   5726.358179 1.011900e-14 5.949750e+03 1.000000e+00
   5728.998885 1.002100e-14 5.952500e+03 1.000000e+00
   5731.649594 1.015700e-14 5.955250e+03 1.000000e+00
   5734.290300 1.020100e-14 5.958000e+03 1.000000e+00
   5736.941009 1.049700e-14 5.960750e+03 1.000000e+00
   5739.591719 1.034400e-14 5.963500e+03 1.000000e+00
   5742.232425 1.076500e-14 5.966250e+03 1.000000e+00
   5744.883134 1.051200e-14 5.969000e+03 1.000000e+00
   5747.523841 1.010700e-14 5.971750e+03 1.000000e+00
   5750.174550 9.788900e-15 5.974500e+03 1.000000e+00
   5752.825259 1.026700e-14 5.977250e+03 1.000000e+00
   5755.465965 9.944000e-15 5.980000e+03 1.000000e+00
   5758.116674 1.002100e-14 5.982750e+03 1.000000e+00
   5760.757381 1.029400e-14 5.985500e+03 1.000000e+00
   5763.408090 9.857400e-15 5.988250e+03 1.000000e+00
   5766.058799 1.009900e-14 5.991000e+03 1.000000e+00
   5768.699506 9.510100e-15 5.993750e+03 1.000000e+00
   5771.350215 9.663400e-15 5.996500e+03 1.000000e+00
   5773.990922 1.008300e-14 5.999250e+03 1.000000e+00
   5776.641631 9.850000e-15 6.002000e+03 1.000000e+00
   5779.292340 9.637700e-15 6.004750e+03 1.000000e+00
   5781.933047 9.610100e-15 6.007500e+03 1.000000e+00
   5784.583756 9.197200e-15 6.010250e+03 1.000000e+00
   5787.224463 8.915600e-15 6.013000e+03 1.000000e+00
   5789.875172 9.420500e-15 6.015750e+03 1.000000e+00
   5792.525882 9.298200e-15 6.018500e+03 1.000000e+00
   5795.166588 1.038900e-14 6.021250e+03 1.000000e+00
   5797.817298 9.848400e-15 6.024000e+03 1.000000e+00
   5800.458004 1.014600e-14 6.026750e+03 1.000000e+00
   5803.108714 1.031100e-14 6.029500e+03 1.000000e+00
   5805.759423 9.654400e-15 6.032250e+03 1.000000e+00
   5808.400130 9.917800e-15 6.035000e+03 1.000000e+00
   5811.050839 9.664600e-15 6.037750e+03 1.000000e+00
   5813.701549 9.386200e-15 6.040500e+03 1.000000e+00
   5816.342256 1.006400e-14 6.043250e+03 1.000000e+00
   5818.992965 9.957500e-15 6.046000e+03 1.000000e+00
   5821.633672 1.010500e-14 6.048750e+03 1.000000e+00
   5824.284381 9.972900e-15 6.051500e+03 1.000000e+00
   5826.935091 1.000200e-14 6.054250e+03 1.000000e+00
   5829.575798 1.003300e-14 6.057000e+03 1.000000e+00
   5832.226507 9.606300e-15 6.059750e+03 1.000000e+00
   5834.867214 9.740900e-15 6.062500e+03 1.000000e+00
   5837.517924 1.000700e-14 6.065250e+03 1.000000e+00
   5840.168633 1.029500e-14 6.068000e+03 1.000000e+00
   5842.809340 9.700400e-15 6.070750e+03 1.000000e+00
   5845.460050 9.955700e-15 6.073500e+03 1.000000e+00
   5848.100757 9.965100e-15 6.076250e+03 1.000000e+00
   5850.751466 9.468000e-15 6.079000e+03 1.000000e+00
   5853.402176 1.006900e-14 6.081750e+03 1.000000e+00
   5856.042883 9.720600e-15 6.084500e+03 1.000000e+00
   5858.693593 9.507800e-15 6.087250e+03 1.000000e+00
   5861.334300 9.821900e-15 6.090000e+03 1.000000e+00
   5863.985009 9.509600e-15 6.092750e+03 1.000000e+00
   5866.635719 9.857800e-15 6.095500e+03 1.000000e+00
   5869.276426 1.035500e-14 6.098250e+03 1.000000e+00
   5871.927136 1.026800e-14 6.101000e+03 1.000000e+00
   5874.567843 9.841400e-15 6.103750e+03 1.000000e+00
   5877.218553 9.999900e-15 6.106500e+03 1.000000e+00
   5879.869263 1.007700e-14 6.109250e+03 1.000000e+00
   5882.509970 9.253900e-15 6.112000e+03 1.000000e+00
   5885.160679 9.182300e-15 6.114750e+03 1.000000e+00
   5887.801387 8.971200e-15 6.117500e+03 1.000000e+00
   5890.452096 8.700000e-15 6.120250e+03 1.000000e+00
   5893.102806 8.812500e-15 6.123000e+03 1.000000e+00
   5895.743513 8.336300e-15 6.125750e+03 1.000000e+00
   5898.394223 8.831300e-15 6.128500e+03 1.000000e+00
   5901.034930 9.030800e-15 6.131250e+03 1.000000e+00
   5903.685640 9.355400e-15 6.134000e+03 1.000000e+00
   5906.336350 9.404300e-15 6.136750e+03 1.000000e+00
   5908.977057 9.629400e-15 6.139500e+03 1.000000e+00
   5911.627767 9.512200e-15 6.142250e+03 1.000000e+00
   5914.268475 9.926600e-15 6.145000e+03 1.000000e+00
   5916.919185 9.774700e-15 6.147750e+03 1.000000e+00
   5919.569894 9.287800e-15 6.150500e+03 1.000000e+00
   5922.210602 9.710800e-15 6.153250e+03 1.000000e+00
   5924.861312 1.000800e-14 6.156000e+03 1.000000e+00
   5927.502019 9.685100e-15 6.158750e+03 1.000000e+00
   5930.152729 9.624000e-15 6.161500e+03 1.000000e+00
   5932.803439 9.736500e-15 6.164250e+03 1.000000e+00
   5935.444146 9.785700e-15 6.167000e+03 1.000000e+00
   5938.094856 9.700500e-15 6.169750e+03 1.000000e+00
   5940.735564 9.655000e-15 6.172500e+03 1.000000e+00
   5943.386274 9.666800e-15 6.175250e+03 1.000000e+00
   5946.036984 9.610800e-15 6.178000e+03 1.000000e+00
   5948.677691 9.573300e-15 6.180750e+03 1.000000e+00
   5951.328401 9.576800e-15 6.183500e+03 1.000000e+00
   5953.969109 9.526800e-15 6.186250e+03 1.000000e+00
   5956.619819 9.393100e-15 6.189000e+03 1.000000e+00
   5959.270529 9.415800e-15 6.191750e+03 1.000000e+00
   5961.911237 9.686000e-15 6.194500e+03 1.000000e+00
   5964.561947 9.734700e-15 6.197250e+03 1.000000e+00
   5967.202654 9.849300e-15 6.200000e+03 1.000000e+00
   5969.853364 9.929300e-15 6.202750e+03 1.000000e+00
   5972.504075 9.965500e-15 6.205500e+03 1.000000e+00
   5975.144782 9.867900e-15 6.208250e+03 1.000000e+00
   5977.795492 9.658000e-15 6.211000e+03 1.000000e+00
   5980.436200 9.616100e-15 6.213750e+03 1.000000e+00
   5983.086910 9.634500e-15 6.216500e+03 1.000000e+00
   5985.737620 9.593200e-15 6.219250e+03 1.000000e+00
   5988.378328 9.411400e-15 6.222000e+03 1.000000e+00
   5991.029038 9.576300e-15 6.224750e+03 1.000000e+00
   5993.669746 9.944300e-15 6.227500e+03 1.000000e+00
   5996.320456 1.006400e-14 6.230250e+03 1.000000e+00
   5998.971166 1.010600e-14 6.233000e+03 1.000000e+00
   6001.611874 9.655000e-15 6.235750e+03 1.000000e+00
   6004.262584 9.176500e-15 6.238500e+03 1.000000e+00
   6006.903292 9.195400e-15 6.241250e+03 1.000000e+00
   6009.554002 9.121600e-15 6.244000e+03 1.000000e+00
   6012.204713 9.669800e-15 6.246750e+03 1.000000e+00
   6014.845420 1.019700e-14 6.249500e+03 1.000000e+00
   6017.496131 1.010700e-14 6.252250e+03 1.000000e+00
   6020.136839 1.022000e-14 6.255000e+03 1.000000e+00
   6022.787549 9.790800e-15 6.257750e+03 1.000000e+00
   6025.438259 9.441400e-15 6.260500e+03 1.000000e+00
   6028.078967 9.628000e-15 6.263250e+03 1.000000e+00
   6030.729678 1.027800e-14 6.266000e+03 1.000000e+00
   6033.370385 9.929800e-15 6.268750e+03 1.000000e+00
   6036.021096 9.889700e-15 6.271500e+03 1.000000e+00
   6038.671806 9.860000e-15 6.274250e+03 1.000000e+00
   6041.312514 9.953200e-15 6.277000e+03 1.000000e+00
   6043.963225 1.006100e-14 6.279750e+03 1.000000e+00
   6046.603932 1.003500e-14 6.282500e+03 1.000000e+00
   6049.254643 9.564000e-15 6.285250e+03 1.000000e+00
   6051.905353 1.033500e-14 6.288000e+03 1.000000e+00
   6054.546061 1.009400e-14 6.290750e+03 1.000000e+00
   6057.196772 1.015200e-14 6.293500e+03 1.000000e+00
   6059.837480 9.713100e-15 6.296250e+03 1.000000e+00
   6062.488190 1.001000e-14 6.299000e+03 1.000000e+00
   6065.138901 9.443400e-15 6.301750e+03 1.000000e+00
   6067.779609 9.892200e-15 6.304500e+03 1.000000e+00
   6070.430319 9.833800e-15 6.307250e+03 1.000000e+00
   6073.071027 9.616800e-15 6.310000e+03 1.000000e+00
   6075.721738 9.884500e-15 6.312750e+03 1.000000e+00
   6078.372449 1.014300e-14 6.315500e+03 1.000000e+00
   6081.013157 9.816400e-15 6.318250e+03 1.000000e+00
   6083.663867 9.857000e-15 6.321000e+03 1.000000e+00
   6086.304575 9.667200e-15 6.323750e+03 1.000000e+00
   6088.955286 9.971000e-15 6.326500e+03 1.000000e+00
   6091.605997 9.509700e-15 6.329250e+03 1.000000e+00
   6094.246705 9.282000e-15 6.332000e+03 1.000000e+00
   6096.897415 9.277700e-15 6.334750e+03 1.000000e+00
   6099.538123 9.634000e-15 6.337500e+03 1.000000e+00
   6102.188834 9.691800e-15 6.340250e+03 1.000000e+00
   6104.839545 9.559800e-15 6.343000e+03 1.000000e+00
   6107.480253 9.987700e-15 6.345750e+03 1.000000e+00
   6110.130964 9.588500e-15 6.348500e+03 1.000000e+00
   6112.771672 1.004900e-14 6.351250e+03 1.000000e+00
   6115.422383 9.981600e-15 6.354000e+03 1.000000e+00
   6118.073094 9.914300e-15 6.356750e+03 1.000000e+00
   6120.713802 1.001200e-14 6.359500e+03 1.000000e+00
   6123.364513 9.585900e-15 6.362250e+03 1.000000e+00
   6126.005221 9.637100e-15 6.365000e+03 1.000000e+00
   6128.655932 9.492100e-15 6.367750e+03 1.000000e+00
   6131.306642 9.662200e-15 6.370500e+03 1.000000e+00
   6133.947351 9.726900e-15 6.373250e+03 1.000000e+00
   6136.598061 9.223600e-15 6.376000e+03 1.000000e+00
   6139.238770 9.380300e-15 6.378750e+03 1.000000e+00
   6141.889481 9.761500e-15 6.381500e+03 1.000000e+00
   6144.540192 9.516400e-15 6.384250e+03 1.000000e+00
   6147.180900 9.635100e-15 6.387000e+03 1.000000e+00
   6149.831611 9.614100e-15 6.389750e+03 1.000000e+00
   6152.472319 9.842300e-15 6.392500e+03 1.000000e+00
   6155.123030 9.582100e-15 6.395250e+03 1.000000e+00
   6157.773741 9.490100e-15 6.398000e+03 1.000000e+00
   6160.414449 9.471100e-15 6.400750e+03 1.000000e+00
   6163.065160 9.335100e-15 6.403500e+03 1.000000e+00
   6165.705868 9.014700e-15 6.406250e+03 1.000000e+00
   6168.356580 8.997800e-15 6.409000e+03 1.000000e+00
   6171.007291 9.070200e-15 6.411750e+03 1.000000e+00
   6173.647999 9.052500e-15 6.414500e+03 1.000000e+00
   6176.298710 9.405900e-15 6.417250e+03 1.000000e+00
   6178.939418 9.373600e-15 6.420000e+03 1.000000e+00
   6181.590129 9.015300e-15 6.422750e+03 1.000000e+00
   6184.240840 9.374100e-15 6.425500e+03 1.000000e+00
   6186.881549 9.776900e-15 6.428250e+03 1.000000e+00
   6189.532260 9.524800e-15 6.431000e+03 1.000000e+00
   6192.172968 9.452100e-15 6.433750e+03 1.000000e+00
   6194.823679 9.013500e-15 6.436500e+03 1.000000e+00
   6197.474391 9.592900e-15 6.439250e+03 1.000000e+00
   6200.115099 9.682700e-15 6.442000e+03 1.000000e+00
   6202.765810 8.968700e-15 6.444750e+03 1.000000e+00
   6205.406519 9.200200e-15 6.447500e+03 1.000000e+00
   6208.057230 9.516500e-15 6.450250e+03 1.000000e+00
   6210.707941 9.613600e-15 6.453000e+03 1.000000e+00
   6213.348650 9.034900e-15 6.455750e+03 1.000000e+00
   6215.999361 9.473200e-15 6.458500e+03 1.000000e+00
   6218.640069 9.454100e-15 6.461250e+03 1.000000e+00
   6221.290780 9.379200e-15 6.464000e+03 1.000000e+00
   6223.941492 9.487300e-15 6.466750e+03 1.000000e+00
   6226.582200 8.747200e-15 6.469500e+03 1.000000e+00
   6229.232912 8.561200e-15 6.472250e+03 1.000000e+00
   6231.873620 9.163100e-15 6.475000e+03 1.000000e+00
   6234.524331 9.052100e-15 6.477750e+03 1.000000e+00
   6237.175043 9.504700e-15 6.480500e+03 1.000000e+00
   6239.815751 1.009600e-14 6.483250e+03 1.000000e+00
   6242.466463 9.702300e-15 6.486000e+03 1.000000e+00
   6245.107171 9.268400e-15 6.488750e+03 1.000000e+00
   6247.757882 9.062300e-15 6.491500e+03 1.000000e+00
   6250.408594 9.798700e-15 6.494250e+03 1.000000e+00
   6253.049302 9.516000e-15 6.497000e+03 1.000000e+00
   6255.700014 8.633000e-15 6.499750e+03 1.000000e+00
   6258.350725 8.219800e-15 6.502500e+03 1.000000e+00
   6260.991434 8.353200e-15 6.505250e+03 1.000000e+00
   6263.642145 9.025800e-15 6.508000e+03 1.000000e+00
   6266.282854 9.270900e-15 6.510750e+03 1.000000e+00
   6268.933565 9.441800e-15 6.513500e+03 1.000000e+00
   6271.584277 9.356300e-15 6.516250e+03 1.000000e+00
   6274.224986 9.468000e-15 6.519000e+03 1.000000e+00
   6276.875697 9.322200e-15 6.521750e+03 1.000000e+00
   6279.516406 8.883800e-15 6.524500e+03 1.000000e+00
   6282.167117 8.840200e-15 6.527250e+03 1.000000e+00
   6284.817829 9.321100e-15 6.530000e+03 1.000000e+00
   6287.458537 8.613400e-15 6.532750e+03 1.000000e+00
   6290.109249 8.951600e-15 6.535500e+03 1.000000e+00
   6292.749958 9.046700e-15 6.538250e+03 1.000000e+00
   6295.400669 9.381200e-15 6.541000e+03 1.000000e+00
   6298.051381 9.754600e-15 6.543750e+03 1.000000e+00
   6300.692090 9.599200e-15 6.546500e+03 1.000000e+00
   6303.342801 1.054200e-14 6.549250e+03 1.000000e+00
   6305.983510 9.815100e-15 6.552000e+03 1.000000e+00
   6308.634221 9.800000e-15 6.554750e+03 1.000000e+00
   6311.284933 8.799500e-15 6.557500e+03 1.000000e+00
   6313.925642 9.725400e-15 6.560250e+03 1.000000e+00
   6316.576354 9.665500e-15 6.563000e+03 1.000000e+00
   6319.217062 9.351500e-15 6.565750e+03 1.000000e+00
   6321.867774 9.113200e-15 6.568500e+03 1.000000e+00
   6324.518486 9.334500e-15 6.571250e+03 1.000000e+00
   6327.159195 8.879300e-15 6.574000e+03 1.000000e+00
   6329.809906 9.395600e-15 6.576750e+03 1.000000e+00
   6332.450615 9.112400e-15 6.579500e+03 1.000000e+00
   6335.101327 9.369600e-15 6.582250e+03 1.000000e+00
   6337.752038 9.784300e-15 6.585000e+03 1.000000e+00
   6340.392747 9.216700e-15 6.587750e+03 1.000000e+00
   6343.043459 9.222600e-15 6.590500e+03 1.000000e+00
   6345.684168 9.408400e-15 6.593250e+03 1.000000e+00
   6348.334880 9.242100e-15 6.596000e+03 1.000000e+00
   6350.985592 8.992600e-15 6.598750e+03 1.000000e+00
   6353.626301 9.605700e-15 6.601500e+03 1.000000e+00
   6356.277012 9.151600e-15 6.604250e+03 1.000000e+00
   6358.917721 8.834200e-15 6.607000e+03 1.000000e+00
   6361.568433 8.869100e-15 6.609750e+03 1.000000e+00
   6364.219145 8.983600e-15 6.612500e+03 1.000000e+00
   6366.859854 9.739200e-15 6.615250e+03 1.000000e+00
   6369.510566 9.250100e-15 6.618000e+03 1.000000e+00
   6372.151275 9.396300e-15 6.620750e+03 1.000000e+00
   6374.801987 9.821200e-15 6.623500e+03 1.000000e+00
   6377.452698 9.745600e-15 6.626250e+03 1.000000e+00
   6380.093407 9.210500e-15 6.629000e+03 1.000000e+00
   6382.744119 9.062100e-15 6.631750e+03 1.000000e+00
   6385.384828 9.298100e-15 6.634500e+03 1.000000e+00
   6388.035540 9.427100e-15 6.637250e+03 1.000000e+00
   6390.686252 9.552700e-15 6.640000e+03 1.000000e+00
   6393.326961 9.741100e-15 6.642750e+03 1.000000e+00
   6395.977673 9.631100e-15 6.645500e+03 1.000000e+00
   6398.618382 9.451800e-15 6.648250e+03 1.000000e+00
   6401.269094 8.728700e-15 6.651000e+03 1.000000e+00
   6403.919806 8.904900e-15 6.653750e+03 1.000000e+00
   6406.560515 9.577900e-15 6.656500e+03 1.000000e+00
   6409.211227 9.203800e-15 6.659250e+03 1.000000e+00
   6411.851936 9.069500e-15 6.662000e+03 1.000000e+00
   6414.502648 9.229800e-15 6.664750e+03 1.000000e+00
   6417.153360 8.827800e-15 6.667500e+03 1.000000e+00
   6419.794070 9.158500e-15 6.670250e+03 1.000000e+00
   6422.444782 9.177800e-15 6.673000e+03 1.000000e+00
   6425.085491 9.647100e-15 6.675750e+03 1.000000e+00
   6427.736203 9.420800e-15 6.678500e+03 1.000000e+00
   6430.386915 9.011700e-15 6.681250e+03 1.000000e+00
   6433.027624 9.094300e-15 6.684000e+03 1.000000e+00
   6435.678336 8.966700e-15 6.686750e+03 1.000000e+00
   6438.319045 9.545900e-15 6.689500e+03 1.000000e+00
   6440.969757 9.863200e-15 6.692250e+03 1.000000e+00
   6443.620470 9.623200e-15 6.695000e+03 1.000000e+00
   6446.261179 9.722000e-15 6.697750e+03 1.000000e+00
   6448.911891 9.574500e-15 6.700500e+03 1.000000e+00
   6451.552600 9.859900e-15 6.703250e+03 1.000000e+00
   6454.203312 9.770100e-15 6.706000e+03 1.000000e+00
   6456.854024 9.371100e-15 6.708750e+03 1.000000e+00
   6459.494734 9.286700e-15 6.711500e+03 1.000000e+00
   6462.145446 9.391000e-15 6.714250e+03 1.000000e+00
   6464.786155 9.394100e-15 6.717000e+03 1.000000e+00
   6467.436867 9.029300e-15 6.719750e+03 1.000000e+00
   6470.087580 8.994200e-15 6.722500e+03 1.000000e+00
   6472.728289 9.494500e-15 6.725250e+03 1.000000e+00
   6475.379001 9.305900e-15 6.728000e+03 1.000000e+00
   6478.019711 9.283400e-15 6.730750e+03 1.000000e+00
   6480.670423 9.050700e-15 6.733500e+03 1.000000e+00
   6483.321135 1.010500e-14 6.736250e+03 1.000000e+00
   6485.961844 9.757000e-15 6.739000e+03 1.000000e+00
   6488.612557 9.825500e-15 6.741750e+03 1.000000e+00
   6491.253266 9.434600e-15 6.744500e+03 1.000000e+00
   6493.903978 9.331900e-15 6.747250e+03 1.000000e+00
   6496.554691 9.233500e-15 6.750000e+03 1.000000e+00
   6499.195400 9.190400e-15 6.752750e+03 1.000000e+00
   6501.846112 8.708600e-15 6.755500e+03 1.000000e+00
   6504.486822 8.577700e-15 6.758250e+03 1.000000e+00
   6507.137534 9.064000e-15 6.761000e+03 1.000000e+00
   6509.788246 9.152700e-15 6.763750e+03 1.000000e+00
   6512.428956 9.540400e-15 6.766500e+03 1.000000e+00
   6515.079668 9.154500e-15 6.769250e+03 1.000000e+00
   6517.720378 9.445000e-15 6.772000e+03 1.000000e+00
   6520.371090 9.203000e-15 6.774750e+03 1.000000e+00
   6523.021802 9.051200e-15 6.777500e+03 1.000000e+00
   6525.662512 9.498500e-15 6.780250e+03 1.000000e+00
   6528.313224 9.243900e-15 6.783000e+03 1.000000e+00
   6530.953934 9.701600e-15 6.785750e+03 1.000000e+00
   6533.604646 9.802300e-15 6.788500e+03 1.000000e+00
   6536.255359 9.224700e-15 6.791250e+03 1.000000e+00
   6538.896068 9.270500e-15 6.794000e+03 1.000000e+00
   6541.546781 9.216200e-15 6.796750e+03 1.000000e+00
   6544.187490 1.002500e-14 6.799500e+03 1.000000e+00
   6546.838203 1.090400e-14 6.802250e+03 1.000000e+00
   6549.488915 1.114000e-14 6.805000e+03 1.000000e+00
   6552.129625 1.135500e-14 6.807750e+03 1.000000e+00
   6554.780337 1.132400e-14 6.810500e+03 1.000000e+00
   6557.421047 1.153100e-14 6.813250e+03 1.000000e+00
   6560.071759 1.342800e-14 6.816000e+03 1.000000e+00
   6562.722472 1.639200e-14 6.818750e+03 1.000000e+00
   6565.363182 1.948900e-14 6.821500e+03 1.000000e+00
   6568.013894 2.039700e-14 6.824250e+03 1.000000e+00
   6570.654604 1.747300e-14 6.827000e+03 1.000000e+00
   6573.305316 1.337700e-14 6.829750e+03 1.000000e+00
   6582.317739 8.586600e-15 6.839120e+03 0.000000e+00
   6597.491818 9.392200e-15 6.854880e+03 0.000000e+00
   6612.705908 9.262100e-15 6.870680e+03 0.000000e+00
   6627.950006 9.498500e-15 6.886520e+03 0.000000e+00
   6643.224112 9.069900e-15 6.902400e+03 0.000000e+00
   6658.538230 9.365800e-15 6.918310e+03 0.000000e+00
   6673.892359 9.109400e-15 6.934260e+03 0.000000e+00
   6689.276496 9.108300e-15 6.950240e+03 0.000000e+00
   6704.690641 9.065300e-15 6.966260e+03 0.000000e+00
   6720.154800 9.169100e-15 6.982330e+03 0.000000e+00
   6735.638965 9.146800e-15 6.998420e+03 0.000000e+00
   6751.163140 9.061800e-15 7.014550e+03 0.000000e+00
   6766.727327 9.229100e-15 7.030720e+03 0.000000e+00
   6782.331525 9.206700e-15 7.046930e+03 0.000000e+00
   6797.965731 9.184300e-15 7.063180e+03 0.000000e+00
   6813.629946 9.140900e-15 7.079460e+03 0.000000e+00
   6829.344174 9.160800e-15 7.095780e+03 0.000000e+00
   6845.088411 9.201900e-15 7.112140e+03 0.000000e+00
   6860.862655 9.053600e-15 7.128530e+03 0.000000e+00
   6876.686914 9.052400e-15 7.144960e+03 0.000000e+00
   6892.531178 8.845200e-15 7.161430e+03 0.000000e+00
   6908.425456 9.008400e-15 7.177940e+03 0.000000e+00
   6924.349743 9.007200e-15 7.194490e+03 0.000000e+00
   6940.314040 9.173500e-15 7.211080e+03 0.000000e+00
   6956.308346 9.088200e-15 7.227700e+03 0.000000e+00
   6972.342662 9.192200e-15 7.244360e+03 0.000000e+00
   6988.416990 8.737000e-15 7.261060e+03 0.000000e+00
   7004.531329 9.168600e-15 7.277800e+03 0.000000e+00
   7020.675676 9.083300e-15 7.294570e+03 0.000000e+00
   7036.860034 9.019600e-15 7.311390e+03 0.000000e+00
   7053.084404 9.249700e-15 7.328250e+03 0.000000e+00
   7069.338781 8.811900e-15 7.345140e+03 0.000000e+00
   7085.633170 9.036700e-15 7.362070e+03 0.000000e+00
   7101.967569 8.668700e-15 7.379040e+03 0.000000e+00
   7118.341980 8.647600e-15 7.396050e+03 0.000000e+00
   7134.746399 8.626500e-15 7.413100e+03 0.000000e+00
   7151.200832 8.705100e-15 7.430190e+03 0.000000e+00
   7167.685273 8.724000e-15 7.447320e+03 0.000000e+00
   7184.199722 8.524200e-15 7.464490e+03 0.000000e+00
   7200.764185 8.233700e-15 7.481700e+03 0.000000e+00
   7217.368659 8.347100e-15 7.498940e+03 0.000000e+00
   7234.003142 8.679100e-15 7.516230e+03 0.000000e+00
   7250.677635 8.658000e-15 7.533560e+03 0.000000e+00
   7267.392140 8.838100e-15 7.550920e+03 0.000000e+00
   7284.146655 8.635700e-15 7.568330e+03 0.000000e+00
   7300.941182 8.245800e-15 7.585780e+03 0.000000e+00
   7317.765717 8.653200e-15 7.603260e+03 0.000000e+00
   7334.640265 8.711900e-15 7.620790e+03 0.000000e+00
   7351.544822 9.016800e-15 7.638360e+03 0.000000e+00
   7368.499393 8.974100e-15 7.655970e+03 0.000000e+00
   7385.483972 9.055900e-15 7.673610e+03 0.000000e+00
   7402.498559 8.971600e-15 7.691300e+03 0.000000e+00
   7419.573163 8.847200e-15 7.709040e+03 0.000000e+00
   7436.677775 9.241600e-15 7.726810e+03 0.000000e+00
   7453.812396 8.906000e-15 7.744620e+03 0.000000e+00
   7470.997030 8.762400e-15 7.762470e+03 0.000000e+00
   7488.221675 9.131900e-15 7.780370e+03 0.000000e+00
   7505.486331 8.840900e-15 7.798300e+03 0.000000e+00
   7522.780996 9.129200e-15 7.816280e+03 0.000000e+00
   7540.125674 9.086000e-15 7.834300e+03 0.000000e+00
   7557.510364 9.168700e-15 7.852360e+03 0.000000e+00
   7574.925061 9.083400e-15 7.870460e+03 0.000000e+00
   7592.389773 9.103000e-15 7.888600e+03 0.000000e+00
   7609.894495 8.976800e-15 7.906790e+03 0.000000e+00
   7627.439229 8.771200e-15 7.925010e+03 0.000000e+00
   7645.023973 8.912400e-15 7.943280e+03 0.000000e+00
   7662.638726 8.688200e-15 7.961590e+03 0.000000e+00
   7680.303492 8.548000e-15 7.979950e+03 0.000000e+00
   7698.018273 8.665700e-15 7.998340e+03 0.000000e+00
   7715.763061 8.604700e-15 8.016780e+03 0.000000e+00
   7733.547861 8.544200e-15 8.035260e+03 0.000000e+00
   7751.372671 8.484100e-15 8.053780e+03 0.000000e+00
   7769.237493 8.482900e-15 8.072350e+03 0.000000e+00
   7787.152328 8.365200e-15 8.090960e+03 0.000000e+00
   7805.097172 8.519500e-15 8.109610e+03 0.000000e+00
   7823.092030 8.616800e-15 8.128310e+03 0.000000e+00
   7841.126898 8.400100e-15 8.147040e+03 0.000000e+00
   7859.201778 8.515600e-15 8.165820e+03 0.000000e+00
   7877.326671 8.672700e-15 8.184650e+03 0.000000e+00
   7895.481572 8.631500e-15 8.203520e+03 0.000000e+00
   7913.676485 8.492200e-15 8.222430e+03 0.000000e+00
   7931.921411 8.335900e-15 8.241380e+03 0.000000e+00
   7950.206349 8.163700e-15 8.260380e+03 0.000000e+00
   7968.531297 8.276000e-15 8.279420e+03 0.000000e+00
   7986.906259 8.467500e-15 8.298510e+03 0.000000e+00
   8005.321232 8.254400e-15 8.317640e+03 0.000000e+00
   8023.766214 8.523600e-15 8.336810e+03 0.000000e+00
   8042.271211 8.601100e-15 8.356030e+03 0.000000e+00
   8060.806218 8.501300e-15 8.375290e+03 0.000000e+00
   8079.391238 8.344900e-15 8.394600e+03 0.000000e+00
   8098.016268 8.459600e-15 8.413950e+03 0.000000e+00
   8116.681310 8.438900e-15 8.433350e+03 0.000000e+00
   8135.396366 8.574600e-15 8.452790e+03 0.000000e+00
   8154.141430 8.358900e-15 8.472270e+03 0.000000e+00
   8172.936508 7.710400e-15 8.491800e+03 0.000000e+00
   8191.781599 8.184800e-15 8.511380e+03 0.000000e+00
   8210.666702 8.034200e-15 8.531000e+03 0.000000e+00
   8229.591815 8.489300e-15 8.550670e+03 0.000000e+00
   8248.566943 8.546800e-15 8.570380e+03 0.000000e+00
   8267.582081 8.236400e-15 8.590140e+03 0.000000e+00
   8286.637230 8.066100e-15 8.609940e+03 0.000000e+00
   8305.742393 8.158200e-15 8.629790e+03 0.000000e+00
   8324.887567 8.385500e-15 8.649680e+03 0.000000e+00
   8344.082755 8.025200e-15 8.669620e+03 0.000000e+00
   8363.307951 8.479800e-15 8.689600e+03 0.000000e+00
   8382.593164 8.323700e-15 8.709640e+03 0.000000e+00
   8401.918387 8.132900e-15 8.729710e+03 0.000000e+00
   8421.283622 8.359400e-15 8.749840e+03 0.000000e+00
   8440.698870 8.474300e-15 8.770010e+03 0.000000e+00
   8460.154129 8.110300e-15 8.790230e+03 0.000000e+00
   8479.659402 7.708400e-15 8.810490e+03 0.000000e+00
   8499.204686 8.277400e-15 8.830800e+03 0.000000e+00
   8518.799984 8.200100e-15 8.851160e+03 0.000000e+00
   8538.435293 8.049100e-15 8.871560e+03 0.000000e+00
   8558.120616 6.993200e-15 8.892010e+03 0.000000e+00
   8577.845949 8.252900e-15 8.912510e+03 0.000000e+00
   8597.621296 8.138300e-15 8.933050e+03 0.000000e+00
   8617.436655 8.006800e-15 8.953650e+03 0.000000e+00
   8637.312029 8.229800e-15 8.974290e+03 0.000000e+00
   8657.217412 8.115500e-15 8.994980e+03 0.000000e+00
   8677.172809 6.565100e-15 9.015710e+03 0.000000e+00
   8697.178220 7.909900e-15 9.036500e+03 0.000000e+00
   8717.223641 8.074200e-15 9.057330e+03 0.000000e+00
   8737.319077 8.260800e-15 9.078200e+03 0.000000e+00
   8757.464526 7.942400e-15 9.099130e+03 0.000000e+00
   8777.649986 7.977700e-15 9.120110e+03 0.000000e+00
   8797.885459 8.294800e-15 9.141130e+03 0.000000e+00
   8818.160944 7.323700e-15 9.162200e+03 0.000000e+00
   8838.496445 8.065900e-15 9.183330e+03 0.000000e+00
   8858.871957 8.046000e-15 9.204500e+03 0.000000e+00
   8879.287481 7.269500e-15 9.225710e+03 0.000000e+00
   8899.763020 7.860200e-15 9.246980e+03 0.000000e+00
   8920.278571 7.949800e-15 9.268300e+03 0.000000e+00
   8940.834133 7.767500e-15 9.289660e+03 0.000000e+00
   8961.449711 7.766100e-15 9.311080e+03 0.000000e+00
   8982.105300 7.588000e-15 9.332540e+03 0.000000e+00
   9002.810903 6.699700e-15 9.354060e+03 0.000000e+00
   9023.566520 7.014200e-15 9.375620e+03 0.000000e+00
   9044.372150 8.089100e-15 9.397230e+03 0.000000e+00
   9065.217791 8.238100e-15 9.418900e+03 0.000000e+00
   9086.113446 8.030600e-15 9.440610e+03 0.000000e+00
   9107.059115 7.900800e-15 9.462370e+03 0.000000e+00
   9128.054798 7.543900e-15 9.484180e+03 0.000000e+00
   9149.100494 7.353900e-15 9.506050e+03 0.000000e+00
   9170.186201 7.752500e-15 9.527960e+03 0.000000e+00
   9191.331925 7.840900e-15 9.549930e+03 0.000000e+00
   9212.517660 7.875600e-15 9.571940e+03 0.000000e+00
   9233.753408 7.695000e-15 9.594010e+03 0.000000e+00
   9255.039170 7.518500e-15 9.616120e+03 0.000000e+00
   9276.374946 7.871400e-15 9.638290e+03 0.000000e+00
   9297.760736 7.429700e-15 9.660510e+03 0.000000e+00
   9319.196539 7.778500e-15 9.682780e+03 0.000000e+00
   9340.672353 7.795000e-15 9.705100e+03 0.000000e+00
   9362.208184 7.793600e-15 9.727470e+03 0.000000e+00
   9383.794029 7.774300e-15 9.749900e+03 0.000000e+00
   9405.419884 7.613400e-15 9.772370e+03 0.000000e+00
   9427.095754 7.807300e-15 9.794900e+03 0.000000e+00
   9448.831639 7.716500e-15 9.817480e+03 0.000000e+00
   9470.617539 7.858500e-15 9.840110e+03 0.000000e+00
   9492.443449 7.839000e-15 9.862790e+03 0.000000e+00
   9514.329376 7.659100e-15 9.885530e+03 0.000000e+00
   9536.265317 7.640100e-15 9.908320e+03 0.000000e+00
   9558.241268 7.294900e-15 9.931160e+03 0.000000e+00
   9580.277236 7.619700e-15 9.954050e+03 0.000000e+00
   9602.363218 7.795700e-15 9.977000e+03 0.000000e+00
   9624.499214 7.740600e-15 1.000000e+04 0.000000e+00
   9646.685223 7.668200e-15 1.002305e+04 0.000000e+00
   9668.921246 7.666700e-15 1.004615e+04 0.000000e+00
   9691.207283 7.736200e-15 1.006931e+04 0.000000e+00
   9713.563338 7.628600e-15 1.009253e+04 0.000000e+00
   9735.949403 7.557300e-15 1.011580e+04 0.000000e+00
   9758.395483 7.521100e-15 1.013912e+04 0.000000e+00
   9780.881575 7.554400e-15 1.016249e+04 0.000000e+00
   9803.427683 7.483700e-15 1.018591e+04 0.000000e+00
   9826.023804 7.534100e-15 1.020939e+04 0.000000e+00
   9848.689945 7.550000e-15 1.023294e+04 0.000000e+00
   9871.386095 7.496600e-15 1.025652e+04 0.000000e+00
   9894.142260 7.495200e-15 1.028017e+04 0.000000e+00
   9916.948440 7.459300e-15 1.030386e+04 0.000000e+00
   9939.804633 7.509500e-15 1.032761e+04 0.000000e+00
   9962.720842 7.508100e-15 1.035142e+04 0.000000e+00
   9985.687065 7.472100e-15 1.037528e+04 0.000000e+00
  10031.789558 7.400700e-15 1.042318e+04 0.000000e+00
  10078.082104 7.279500e-15 1.047129e+04 0.000000e+00
  10124.604712 7.463300e-15 1.051962e+04 0.000000e+00
  10171.337378 7.391900e-15 1.056818e+04 0.000000e+00
  10218.290104 7.423100e-15 1.061696e+04 0.000000e+00
  10289.109300 7.435700e-15 1.069054e+04 0.000000e+00
  10312.835732 7.401000e-15 1.071520e+04 0.000000e+00
  10504.567711 7.182700e-15 1.091441e+04 0.000000e+00
  10699.860667 6.907000e-15 1.111732e+04 0.000000e+00
  10898.784617 6.626600e-15 1.132400e+04 0.000000e+00
  11101.399578 6.416400e-15 1.153453e+04 0.000000e+00
  11307.805578 6.299300e-15 1.174898e+04 0.000000e+00
  11491.535433 6.270300e-15 1.193988e+04 0.000000e+00
  11705.173413 6.127600e-15 1.216186e+04 0.000000e+00
  11895.365037 5.919600e-15 1.235947e+04 0.000000e+00
  12116.515073 5.824900e-15 1.258925e+04 0.000000e+00
  12313.398529 5.731800e-15 1.279381e+04 0.000000e+00
  12513.472857 5.588400e-15 1.300169e+04 0.000000e+00
  12716.798075 5.473800e-15 1.321295e+04 0.000000e+00
  12893.706124 5.349200e-15 1.339676e+04 0.000000e+00
  13103.213033 5.263700e-15 1.361444e+04 0.000000e+00
  13316.120872 5.120200e-15 1.383566e+04 0.000000e+00
  13501.361200 5.015200e-15 1.402813e+04 0.000000e+00
  13689.192236 4.935000e-15 1.422328e+04 0.000000e+00
  13911.622679 4.767500e-15 1.445439e+04 0.000000e+00
  14105.145271 4.563400e-15 1.465547e+04 0.000000e+00
  14301.368601 4.511200e-15 1.485935e+04 0.000000e+00
  14500.322678 4.521600e-15 1.506607e+04 0.000000e+00
  14702.047512 4.378100e-15 1.527566e+04 0.000000e+00
  14906.573111 4.428800e-15 1.548817e+04 0.000000e+00
  15113.949490 4.439000e-15 1.570363e+04 0.000000e+00
  15288.957071 4.500800e-15 1.588548e+04 0.000000e+00
  15501.634898 4.469800e-15 1.610645e+04 0.000000e+00
  15717.283537 4.378100e-15 1.633051e+04 0.000000e+00
  15899.283029 4.219800e-15 1.651962e+04 0.000000e+00
  16120.473181 4.239300e-15 1.674943e+04 0.000000e+00
  16307.143949 4.229500e-15 1.694338e+04 0.000000e+00
  16495.975307 4.161900e-15 1.713958e+04 0.000000e+00
  16686.967255 4.152300e-15 1.733803e+04 0.000000e+00
  16919.110399 4.085900e-15 1.757923e+04 0.000000e+00
  17115.033694 4.020600e-15 1.778279e+04 0.000000e+00
  17313.217607 3.866200e-15 1.798871e+04 0.000000e+00
  17513.702147 3.769500e-15 1.819702e+04 0.000000e+00
  17716.487316 3.624800e-15 1.840771e+04 0.000000e+00
  17921.633129 3.493700e-15 1.862087e+04 0.000000e+00
  18087.468249 3.328800e-15 1.879318e+04 0.000000e+00
  18296.895231 3.253000e-15 1.901077e+04 0.000000e+00
  18508.772882 3.149800e-15 1.923091e+04 0.000000e+00
  18723.091200 3.015000e-15 1.945360e+04 0.000000e+00
  18896.348346 2.946400e-15 1.963361e+04 0.000000e+00
  19115.137884 2.899300e-15 1.986094e+04 0.000000e+00
  19292.016019 2.807300e-15 2.004472e+04 0.000000e+00
  19515.416816 2.699500e-15 2.027683e+04 0.000000e+00
  19695.975955 2.626000e-15 2.046444e+04 0.000000e+00
  19924.048027 2.548500e-15 2.070141e+04 0.000000e+00
  20108.408204 2.507800e-15 2.089297e+04 0.000000e+00
  20294.458842 2.428200e-15 2.108628e+04 0.000000e+00
  20482.249956 2.400400e-15 2.128139e+04 0.000000e+00
  20719.424512 2.345800e-15 2.152783e+04 0.000000e+00
  20911.126693 2.297700e-15 2.172701e+04 0.000000e+00
  21104.629365 2.260900e-15 2.192805e+04 0.000000e+00
  21299.892518 2.214600e-15 2.213094e+04 0.000000e+00
  21496.986170 2.169200e-15 2.233572e+04 0.000000e+00
  21695.900319 2.095500e-15 2.254240e+04 0.000000e+00
  21896.634964 2.066800e-15 2.275097e+04 0.000000e+00
  22099.260126 2.015100e-15 2.296149e+04 0.000000e+00
  22303.725789 1.955100e-15 2.317393e+04 0.000000e+00
  22510.111977 1.899100e-15 2.338837e+04 0.000000e+00
  22718.398684 1.840200e-15 2.360479e+04 0.000000e+00
  22928.595911 1.652600e-15 2.382319e+04 0.000000e+00
  23087.539185 1.633400e-15 2.398834e+04 0.000000e+00
  23301.157346 1.436500e-15 2.421028e+04 0.000000e+00
  23516.766051 1.347300e-15 2.443431e+04 0.000000e+00
  23679.760430 1.356200e-15 2.460366e+04 0.000000e+00
  23898.880092 1.245700e-15 2.483133e+04 0.000000e+00
  24120.020305 1.198000e-15 2.506110e+04 0.000000e+00
  24287.205828 1.175500e-15 2.523480e+04 0.000000e+00
  24511.937021 1.089400e-15 2.546831e+04 0.000000e+00
  24559.089861 9.004100e-16 2.551730e+04 2.000000e+00
  24652.155202 9.505200e-16 2.561400e+04 2.000000e+00
  24745.320571 9.127400e-16 2.571080e+04 2.000000e+00
  24838.485940 9.098000e-16 2.580760e+04 2.000000e+00
  24931.561285 9.392300e-16 2.590430e+04 2.000000e+00
  25024.726655 8.901500e-16 2.600110e+04 2.000000e+00
  25117.892024 8.778900e-16 2.609790e+04 2.000000e+00
  25210.957367 8.348900e-16 2.619460e+04 2.000000e+00
  25304.122737 8.557600e-16 2.629140e+04 2.000000e+00
  25397.188080 9.079200e-16 2.638810e+04 2.000000e+00
  25490.353450 9.288600e-16 2.648490e+04 2.000000e+00
  25583.518821 9.377100e-16 2.658170e+04 2.000000e+00
  25676.594167 9.216000e-16 2.667840e+04 2.000000e+00
  25769.759537 9.370900e-16 2.677520e+04 2.000000e+00
  25862.914906 9.203400e-16 2.687200e+04 2.000000e+00
  25955.990252 9.204000e-16 2.696870e+04 2.000000e+00
  26049.155623 9.192800e-16 2.706550e+04 2.000000e+00
  26142.320995 9.229900e-16 2.716230e+04 2.000000e+00
  26235.386339 8.801700e-16 2.725900e+04 2.000000e+00
  26328.551711 8.700200e-16 2.735580e+04 2.000000e+00
  26421.617056 8.625500e-16 2.745250e+04 2.000000e+00
  26514.782428 8.584100e-16 2.754930e+04 2.000000e+00
  26607.947800 7.857100e-16 2.764610e+04 2.000000e+00
  26701.023147 8.210700e-16 2.774280e+04 2.000000e+00
  26794.188520 8.591100e-16 2.783960e+04 2.000000e+00
  26887.343890 8.210600e-16 2.793640e+04 2.000000e+00
  26980.419238 8.148200e-16 2.803310e+04 2.000000e+00
  27073.584611 8.508100e-16 2.812990e+04 2.000000e+00
  27166.649956 8.695800e-16 2.822660e+04 2.000000e+00
  27259.815330 8.166000e-16 2.832340e+04 2.000000e+00
  27352.980703 7.694100e-16 2.842020e+04 2.000000e+00
  27446.046049 7.266200e-16 2.851690e+04 2.000000e+00
  27539.221425 7.876600e-16 2.861370e+04 2.000000e+00
  27632.376796 7.575400e-16 2.871050e+04 2.000000e+00
  27725.452145 7.705500e-16 2.880720e+04 2.000000e+00
  27818.617519 7.693200e-16 2.890400e+04 2.000000e+00
  27911.682866 7.717600e-16 2.900070e+04 2.000000e+00
  28004.848240 7.393500e-16 2.909750e+04 2.000000e+00
  28098.013614 7.174100e-16 2.919430e+04 2.000000e+00
  28191.078961 6.944000e-16 2.929100e+04 2.000000e+00
  28284.244336 6.660800e-16 2.938780e+04 2.000000e+00
  28377.409710 6.435800e-16 2.948460e+04 2.000000e+00
  28470.475058 6.171400e-16 2.958130e+04 2.000000e+00
  28563.640433 6.266600e-16 2.967810e+04 2.000000e+00
  28656.715783 6.308500e-16 2.977480e+04 2.000000e+00
  28749.881158 6.297700e-16 2.987160e+04 2.000000e+00
  28843.046533 6.062500e-16 2.996840e+04 2.000000e+00
  28936.111881 6.149600e-16 3.006510e+04 2.000000e+00
  29029.277257 6.114600e-16 3.016190e+04 2.000000e+00
  29122.442632 6.054000e-16 3.025870e+04 2.000000e+00
  29215.507981 5.813600e-16 3.035540e+04 2.000000e+00
  29308.673356 5.764900e-16 3.045220e+04 2.000000e+00
  29401.748708 5.835100e-16 3.054890e+04 2.000000e+00
  29494.914084 5.559700e-16 3.064570e+04 2.000000e+00
  29588.079460 5.407800e-16 3.074250e+04 2.000000e+00
  29681.144809 5.464300e-16 3.083920e+04 2.000000e+00
  29774.310185 5.415100e-16 3.093600e+04 2.000000e+00
  29867.475561 5.338100e-16 3.103280e+04 2.000000e+00
  29960.540910 5.471900e-16 3.112950e+04 2.000000e+00
  30053.706287 5.220400e-16 3.122630e+04 2.000000e+00
  30146.771636 5.605700e-16 3.132300e+04 2.000000e+00
  30239.937013 5.445900e-16 3.141980e+04 2.000000e+00
  30333.102390 5.474700e-16 3.151660e+04 2.000000e+00
  30426.177742 5.583100e-16 3.161330e+04 2.000000e+00
  30519.343119 5.638100e-16 3.171010e+04 2.000000e+00
  30612.508496 5.260100e-16 3.180690e+04 2.000000e+00
  30705.573846 5.127300e-16 3.190360e+04 2.000000e+00
  30798.739224 5.284800e-16 3.200040e+04 2.000000e+00
  30891.804574 5.381900e-16 3.209710e+04 2.000000e+00
  30984.969951 5.276300e-16 3.219390e+04 2.000000e+00
  31078.135329 4.935900e-16 3.229070e+04 2.000000e+00
  31171.210682 5.025100e-16 3.238740e+04 2.000000e+00
  31264.366057 5.274500e-16 3.248420e+04 2.000000e+00
  31357.531435 5.443500e-16 3.258100e+04 2.000000e+00
  31450.606788 5.325400e-16 3.267770e+04 2.000000e+00
  31543.772166 5.070500e-16 3.277450e+04 2.000000e+00
  31636.837517 5.120300e-16 3.287120e+04 2.000000e+00
  31730.002895 5.262600e-16 3.296800e+04 2.000000e+00
  31823.168273 5.580800e-16 3.306480e+04 2.000000e+00
  31916.233625 5.763800e-16 3.316150e+04 2.000000e+00
  32009.399003 5.821800e-16 3.325830e+04 2.000000e+00
  32102.564382 6.042900e-16 3.335510e+04 2.000000e+00
  32195.639736 6.119400e-16 3.345180e+04 2.000000e+00
  32288.805114 6.526200e-16 3.354860e+04 2.000000e+00
  32381.870466 7.235700e-16 3.364530e+04 2.000000e+00
  32475.035845 6.814600e-16 3.374210e+04 2.000000e+00
  32568.201223 7.077400e-16 3.383890e+04 2.000000e+00
  32661.266575 7.067200e-16 3.393560e+04 2.000000e+00
  32754.431954 7.259400e-16 3.403240e+04 2.000000e+00
  32847.597333 6.829100e-16 3.412920e+04 2.000000e+00
  32940.662685 6.973500e-16 3.422590e+04 2.000000e+00
  33033.828065 6.662300e-16 3.432270e+04 2.000000e+00
  33126.903419 6.731000e-16 3.441940e+04 2.000000e+00
  33220.068799 6.320900e-16 3.451620e+04 2.000000e+00
  33313.234178 6.358800e-16 3.461300e+04 2.000000e+00
  33406.299531 6.604800e-16 3.470970e+04 2.000000e+00
  33499.464910 6.041000e-16 3.480650e+04 2.000000e+00
  33592.630290 5.961100e-16 3.490330e+04 2.000000e+00
  33685.695643 6.055200e-16 3.500000e+04 2.000000e+00
  33778.861023 5.688700e-16 3.509680e+04 2.000000e+00
  33871.936378 5.774200e-16 3.519350e+04 2.000000e+00
  33965.101758 5.659800e-16 3.529030e+04 2.000000e+00
  34058.267138 5.408600e-16 3.538710e+04 2.000000e+00
  34151.332491 5.578700e-16 3.548380e+04 2.000000e+00
  34244.497871 5.588000e-16 3.558060e+04 2.000000e+00
  34337.663251 5.160200e-16 3.567740e+04 2.000000e+00
  34430.728604 4.909000e-16 3.577410e+04 2.000000e+00
  34523.893985 4.939000e-16 3.587090e+04 2.000000e+00
  34616.969341 4.874300e-16 3.596760e+04 2.000000e+00
  34710.134721 4.459200e-16 3.606440e+04 2.000000e+00
  34803.290099 4.576000e-16 3.616120e+04 2.000000e+00
  34896.365455 4.736300e-16 3.625790e+04 2.000000e+00
  34989.530836 4.793300e-16 3.635470e+04 2.000000e+00
  35082.696217 4.442500e-16 3.645150e+04 2.000000e+00
  35175.761570 4.273700e-16 3.654820e+04 2.000000e+00
  35268.926951 4.264100e-16 3.664500e+04 2.000000e+00
  35361.992305 4.439000e-16 3.674170e+04 2.000000e+00
  35455.157686 4.275300e-16 3.683850e+04 2.000000e+00
  35548.323067 4.356000e-16 3.693530e+04 2.000000e+00
  35641.398424 3.796400e-16 3.703200e+04 2.000000e+00
  35734.563805 3.878900e-16 3.712880e+04 2.000000e+00
  35827.719183 4.026400e-16 3.722560e+04 2.000000e+00
  35920.794540 4.080800e-16 3.732230e+04 2.000000e+00
  36013.959922 3.955100e-16 3.741910e+04 2.000000e+00
  36107.025276 4.121500e-16 3.751580e+04 2.000000e+00
  36200.190657 3.913200e-16 3.761260e+04 2.000000e+00
  36293.356039 3.934300e-16 3.770940e+04 2.000000e+00
  36386.421393 3.815100e-16 3.780610e+04 2.000000e+00
  36479.596777 3.809900e-16 3.790290e+04 2.000000e+00
  36572.752156 4.055300e-16 3.799970e+04 2.000000e+00
  36665.817511 4.135100e-16 3.809640e+04 2.000000e+00
  36758.982893 4.211500e-16 3.819320e+04 2.000000e+00
  36852.058250 4.181000e-16 3.828990e+04 2.000000e+00
  36945.223632 3.889600e-16 3.838670e+04 2.000000e+00
  37038.389014 3.814400e-16 3.848350e+04 2.000000e+00
  37131.454369 3.684500e-16 3.858020e+04 2.000000e+00
  37224.619751 3.691100e-16 3.867700e+04 2.000000e+00
  37317.785133 3.777700e-16 3.877380e+04 2.000000e+00
  37410.850488 3.811600e-16 3.887050e+04 2.000000e+00
  37504.015870 3.841900e-16 3.896730e+04 2.000000e+00
  37597.091228 3.886700e-16 3.906400e+04 2.000000e+00
  37690.256610 3.808200e-16 3.916080e+04 2.000000e+00
  37783.421993 3.616100e-16 3.925760e+04 2.000000e+00
  37876.487348 3.279500e-16 3.935430e+04 2.000000e+00
  37969.652730 3.669600e-16 3.945110e+04 2.000000e+00
  38062.818113 3.489700e-16 3.954790e+04 2.000000e+00
  38155.883468 3.235100e-16 3.964460e+04 2.000000e+00
  38249.048851 3.196100e-16 3.974140e+04 2.000000e+00
  38342.114206 3.334300e-16 3.983810e+04 2.000000e+00
  38435.279589 3.450600e-16 3.993490e+04 2.000000e+00
  38528.444972 3.485200e-16 4.003170e+04 2.000000e+00
  38621.520330 3.419900e-16 4.012840e+04 2.000000e+00
  38714.685713 3.360600e-16 4.022520e+04 2.000000e+00
  38807.851096 3.545500e-16 4.032200e+04 2.000000e+00
  38900.916451 3.299800e-16 4.041870e+04 2.000000e+00
  38994.081834 3.497500e-16 4.051550e+04 2.000000e+00
  39087.157193 3.404800e-16 4.061220e+04 2.000000e+00
  39180.312573 3.362000e-16 4.070900e+04 2.000000e+00
  39273.477956 3.401700e-16 4.080580e+04 2.000000e+00
  39366.553315 3.473500e-16 4.090250e+04 2.000000e+00
  39459.708696 3.496100e-16 4.099930e+04 2.000000e+00
  39552.884082 3.281600e-16 4.109610e+04 2.000000e+00
  39645.949438 3.292900e-16 4.119280e+04 2.000000e+00
  39739.114821 3.162300e-16 4.128960e+04 2.000000e+00
  39832.180177 3.328100e-16 4.138630e+04 2.000000e+00
  39925.345561 3.472800e-16 4.148310e+04 2.000000e+00
  40018.510944 3.369700e-16 4.157990e+04 2.000000e+00
  40111.586303 3.266000e-16 4.167660e+04 2.000000e+00
  40204.741684 3.277800e-16 4.177340e+04 2.000000e+00
  40297.907067 3.003100e-16 4.187020e+04 2.000000e+00
  40390.982427 2.978100e-16 4.196690e+04 2.000000e+00
  40484.147810 2.962800e-16 4.206370e+04 2.000000e+00
  40577.213167 3.256700e-16 4.216040e+04 2.000000e+00
  40670.378551 3.153200e-16 4.225720e+04 2.000000e+00
  40763.543934 3.147300e-16 4.235400e+04 2.000000e+00
  40856.609291 3.168100e-16 4.245070e+04 2.000000e+00
  40949.774675 3.210800e-16 4.254750e+04 2.000000e+00
  41042.940059 3.174800e-16 4.264430e+04 2.000000e+00
  41136.015418 3.122400e-16 4.274100e+04 2.000000e+00
  41229.180802 3.031900e-16 4.283780e+04 2.000000e+00
  41322.246159 3.125600e-16 4.293450e+04 2.000000e+00
  41415.411543 2.956200e-16 4.303130e+04 2.000000e+00
  41508.576927 3.112300e-16 4.312810e+04 2.000000e+00
  41601.642284 2.772100e-16 4.322480e+04 2.000000e+00
  41694.807668 2.585600e-16 4.332160e+04 2.000000e+00
  41787.973052 2.848600e-16 4.341840e+04 2.000000e+00
  41881.048412 2.753700e-16 4.351510e+04 2.000000e+00
  41974.203794 2.821700e-16 4.361190e+04 2.000000e+00
  42067.279153 2.931000e-16 4.370860e+04 2.000000e+00
  42160.434535 2.704800e-16 4.380540e+04 2.000000e+00
  42253.609922 2.591700e-16 4.390220e+04 2.000000e+00
  42346.675279 2.574500e-16 4.399890e+04 2.000000e+00
  42439.840664 2.554000e-16 4.409570e+04 2.000000e+00
  42533.006048 2.461200e-16 4.419250e+04 2.000000e+00
  42626.071406 2.310000e-16 4.428920e+04 2.000000e+00
  42719.236790 2.225500e-16 4.438600e+04 2.000000e+00
  42812.302148 2.452900e-16 4.448270e+04 2.000000e+00
  42905.467532 2.697000e-16 4.457950e+04 2.000000e+00
  42998.642920 2.593300e-16 4.467630e+04 2.000000e+00
  43091.708277 2.197900e-16 4.477300e+04 2.000000e+00
  43184.873662 2.197300e-16 4.486980e+04 2.000000e+00
  43277.939019 2.176900e-16 4.496650e+04 2.000000e+00
  43371.104404 2.282100e-16 4.506330e+04 2.000000e+00
  43464.269789 2.476800e-16 4.516010e+04 2.000000e+00
  43557.335147 2.363100e-16 4.525680e+04 2.000000e+00
  43650.500531 2.175600e-16 4.535360e+04 2.000000e+00
  43743.665916 2.109100e-16 4.545040e+04 2.000000e+00
  43836.731274 2.226200e-16 4.554710e+04 2.000000e+00
  43929.906662 2.326100e-16 4.564390e+04 2.000000e+00
  44023.062044 2.302800e-16 4.574070e+04 2.000000e+00
  44116.137405 2.153400e-16 4.583740e+04 2.000000e+00
  44209.302790 2.059000e-16 4.593420e+04 2.000000e+00
  44302.368148 2.281100e-16 4.603090e+04 2.000000e+00
  44395.533533 2.129700e-16 4.612770e+04 2.000000e+00
  44488.698918 1.861500e-16 4.622450e+04 2.000000e+00
  44581.774279 1.895200e-16 4.632120e+04 2.000000e+00
  44674.929661 2.168900e-16 4.641800e+04 2.000000e+00
  44768.095046 2.351200e-16 4.651480e+04 2.000000e+00
  44861.170407 2.296200e-16 4.661150e+04 2.000000e+00
  44954.325790 1.973900e-16 4.670830e+04 2.000000e+00
  45047.401151 1.913300e-16 4.680500e+04 2.000000e+00
  45140.566536 1.837100e-16 4.690180e+04 2.000000e+00
  45233.731922 1.807800e-16 4.699860e+04 2.000000e+00
  45326.797280 1.689200e-16 4.709530e+04 2.000000e+00
  45419.962665 1.688600e-16 4.719210e+04 2.000000e+00
  45513.128051 1.746300e-16 4.728890e+04 2.000000e+00
  45606.203412 1.760100e-16 4.738560e+04 2.000000e+00
  45699.358795 1.513800e-16 4.748240e+04 2.000000e+00
  45792.434156 1.560800e-16 4.757910e+04 2.000000e+00
  45885.599541 1.841800e-16 4.767590e+04 2.000000e+00
  45978.764927 2.070400e-16 4.777270e+04 2.000000e+00
  46071.830285 2.159100e-16 4.786940e+04 2.000000e+00
  46164.995671 2.094600e-16 4.796620e+04 2.000000e+00
  46258.071032 1.840400e-16 4.806290e+04 2.000000e+00
  46351.226415 1.675400e-16 4.815970e+04 2.000000e+00
  46444.401804 1.611000e-16 4.825650e+04 2.000000e+00
  46537.467162 1.763300e-16 4.835320e+04 2.000000e+00
  46630.622545 1.821500e-16 4.845000e+04 2.000000e+00
  46723.797934 1.852800e-16 4.854680e+04 2.000000e+00
  46816.863293 1.935600e-16 4.864350e+04 2.000000e+00
  46910.028678 2.300000e-16 4.874030e+04 2.000000e+00
  47003.194064 2.313300e-16 4.883710e+04 2.000000e+00
  47096.259423 2.263200e-16 4.893380e+04 2.000000e+00
  47189.424809 2.054900e-16 4.903060e+04 2.000000e+00
  47282.500171 1.987900e-16 4.912730e+04 2.000000e+00
  47375.665557 1.874100e-16 4.922410e+04 2.000000e+00
  47468.820940 1.634300e-16 4.932090e+04 2.000000e+00
  47561.896302 1.294600e-16 4.941760e+04 2.000000e+00
  47655.061688 1.234600e-16 4.951440e+04 2.000000e+00
  47749.187335 1.564000e-16 4.961220e+04 2.000000e+00
  48226.677445 1.563300e-16 5.010832e+04 0.000000e+00
  48708.948857 1.562700e-16 5.060941e+04 0.000000e+00
  49196.031581 1.562000e-16 5.111550e+04 0.000000e+00
  49687.995636 1.561300e-16 5.162666e+04 0.000000e+00
  50184.871030 1.560600e-16 5.214292e+04 0.000000e+00
  50213.338787 1.560600e-16 5.217250e+04 3.000000e+00
  50504.388096 1.616300e-16 5.247490e+04 3.000000e+00
  50795.427402 1.636600e-16 5.277730e+04 3.000000e+00
  51086.476711 1.758100e-16 5.307970e+04 3.000000e+00
  51377.526020 1.720600e-16 5.338210e+04 3.000000e+00
  51668.665354 1.828800e-16 5.368460e+04 3.000000e+00
  51959.704660 2.017400e-16 5.398700e+04 3.000000e+00
  52250.743967 2.403000e-16 5.428940e+04 3.000000e+00
  52541.793277 2.386700e-16 5.459180e+04 3.000000e+00
  52832.832584 1.903100e-16 5.489420e+04 3.000000e+00
  53123.981922 2.234900e-16 5.519670e+04 3.000000e+00
  53415.021229 2.429500e-16 5.549910e+04 3.000000e+00
  53706.070540 2.061100e-16 5.580150e+04 3.000000e+00
  53997.109848 1.716800e-16 5.610390e+04 3.000000e+00
  54288.149156 1.770300e-16 5.640630e+04 3.000000e+00
  54579.298494 1.717200e-16 5.670880e+04 3.000000e+00
  54870.337803 1.761800e-16 5.701120e+04 3.000000e+00
  55161.387114 2.128400e-16 5.731360e+04 3.000000e+00
  55452.426423 2.103200e-16 5.761600e+04 3.000000e+00
  55743.475735 2.068300e-16 5.791840e+04 3.000000e+00
  56034.615071 2.367300e-16 5.822090e+04 3.000000e+00
  56325.664383 2.679400e-16 5.852330e+04 3.000000e+00
  56616.703692 2.961900e-16 5.882570e+04 3.000000e+00
  56907.743002 2.997300e-16 5.912810e+04 3.000000e+00
  57198.792314 3.091100e-16 5.943050e+04 3.000000e+00
  57489.931651 2.888800e-16 5.973300e+04 3.000000e+00
  57780.980964 2.671500e-16 6.003540e+04 3.000000e+00
  58072.020274 2.503800e-16 6.033780e+04 3.000000e+00
  58363.069587 2.491500e-16 6.064020e+04 3.000000e+00
  58654.108897 2.598400e-16 6.094260e+04 3.000000e+00
  58945.248235 2.585900e-16 6.124510e+04 3.000000e+00
  59236.297548 2.512300e-16 6.154750e+04 3.000000e+00
  59527.336859 2.534200e-16 6.184990e+04 3.000000e+00
  59818.386172 2.850300e-16 6.215230e+04 3.000000e+00
  60109.425483 3.341900e-16 6.245470e+04 3.000000e+00
  60400.574824 3.625000e-16 6.275720e+04 3.000000e+00
  60691.614135 3.675500e-16 6.305960e+04 3.000000e+00
  60982.663449 3.943000e-16 6.336200e+04 3.000000e+00
  61273.702761 4.827000e-16 6.366440e+04 3.000000e+00
  61564.742072 6.556400e-16 6.396680e+04 3.000000e+00
  61855.891414 9.424400e-16 6.426930e+04 3.000000e+00
  62146.930726 1.111600e-15 6.457170e+04 3.000000e+00
  62437.980040 1.073000e-15 6.487410e+04 3.000000e+00
  62729.019352 8.993100e-16 6.517650e+04 3.000000e+00
  63020.068667 7.518800e-16 6.547890e+04 3.000000e+00
  63311.208006 6.392400e-16 6.578140e+04 3.000000e+00
  63602.247319 5.526700e-16 6.608380e+04 3.000000e+00
  63893.286631 4.858700e-16 6.638620e+04 3.000000e+00
  64184.335946 4.456400e-16 6.668860e+04 3.000000e+00
  64475.385262 4.101100e-16 6.699100e+04 3.000000e+00
  64766.524602 3.782500e-16 6.729350e+04 3.000000e+00
  65057.563914 3.739400e-16 6.759590e+04 3.000000e+00
  65348.613230 3.621200e-16 6.789830e+04 3.000000e+00
  65639.652543 3.475100e-16 6.820070e+04 3.000000e+00
  65930.701859 3.549300e-16 6.850310e+04 3.000000e+00
  66221.841199 3.673800e-16 6.880560e+04 3.000000e+00
  66512.890515 3.662600e-16 6.910800e+04 3.000000e+00
  66803.929828 3.611100e-16 6.941040e+04 3.000000e+00
  67094.979144 3.602000e-16 6.971280e+04 3.000000e+00
  67386.018458 3.628700e-16 7.001520e+04 3.000000e+00
  67677.167801 3.593000e-16 7.031770e+04 3.000000e+00
  67968.207115 3.561300e-16 7.062010e+04 3.000000e+00
  68259.246429 3.569000e-16 7.092250e+04 3.000000e+00
  68550.295745 3.836500e-16 7.122490e+04 3.000000e+00
  68841.335059 4.217300e-16 7.152730e+04 3.000000e+00
  69132.474400 4.533100e-16 7.182980e+04 3.000000e+00
  69423.523717 4.493800e-16 7.213220e+04 3.000000e+00
  69714.573034 5.306300e-16 7.243460e+04 3.000000e+00
  70005.612348 6.203300e-16 7.273700e+04 3.000000e+00
  70296.651663 5.082300e-16 7.303940e+04 3.000000e+00
  70587.791004 4.700300e-16 7.334190e+04 3.000000e+00
  70878.840321 4.627900e-16 7.364430e+04 3.000000e+00
  71169.889638 4.640500e-16 7.394670e+04 3.000000e+00
  71460.928953 4.715600e-16 7.424910e+04 3.000000e+00
  71751.978270 4.710000e-16 7.455150e+04 3.000000e+00
  72043.117612 4.881200e-16 7.485400e+04 3.000000e+00
  72334.156927 4.596300e-16 7.515640e+04 3.000000e+00
  72625.196242 5.191800e-16 7.545880e+04 3.000000e+00
  72916.245560 5.215500e-16 7.576120e+04 3.000000e+00
  73498.334192 5.975700e-16 7.636600e+04 3.000000e+00
  74080.522853 7.141900e-16 7.697090e+04 3.000000e+00
  74662.601483 8.561100e-16 7.757570e+04 3.000000e+00
  75244.700120 1.013000e-15 7.818050e+04 3.000000e+00
  75826.878778 1.149000e-15 7.878540e+04 3.000000e+00
  76408.977415 1.180700e-15 7.939020e+04 3.000000e+00
  76991.156073 1.116400e-15 7.999510e+04 3.000000e+00
  77573.244708 1.101500e-15 8.059990e+04 3.000000e+00
  78155.343345 1.077400e-15 8.120470e+04 3.000000e+00
  78737.512002 1.025600e-15 8.180959e+04 3.000000e+00
  79319.610640 9.158400e-16 8.241440e+04 3.000000e+00
  79901.699275 8.005600e-16 8.301920e+04 3.000000e+00
  80483.877935 7.094900e-16 8.362409e+04 3.000000e+00
  81065.966571 6.183600e-16 8.422890e+04 3.000000e+00
  81648.055207 5.678000e-16 8.483370e+04 3.000000e+00
  82230.243870 5.471300e-16 8.543860e+04 3.000000e+00
  82812.332507 5.360500e-16 8.604340e+04 3.000000e+00
  83394.521170 5.381600e-16 8.664830e+04 3.000000e+00
  83976.609807 5.291500e-16 8.725310e+04 3.000000e+00
  84558.708447 5.344500e-16 8.785791e+04 3.000000e+00
  85140.887108 5.608800e-16 8.846280e+04 3.000000e+00
  85722.975745 5.791200e-16 8.906760e+04 3.000000e+00
  86305.064383 5.542400e-16 8.967241e+04 3.000000e+00
  86887.243045 4.902000e-16 9.027730e+04 3.000000e+00
  87469.331682 4.053000e-16 9.088210e+04 3.000000e+00
  88051.420320 3.309400e-16 9.148690e+04 3.000000e+00
  88633.608985 2.723700e-16 9.209180e+04 3.000000e+00
  89215.697624 2.260800e-16 9.269660e+04 3.000000e+00
  89797.886289 2.056400e-16 9.330150e+04 3.000000e+00
  90379.964925 1.847900e-16 9.390630e+04 3.000000e+00
  90962.063566 1.668300e-16 9.451110e+04 3.000000e+00
  91544.232226 1.535800e-16 9.511599e+04 3.000000e+00
  92126.330868 1.418400e-16 9.572080e+04 3.000000e+00
  92708.419507 1.346700e-16 9.632560e+04 3.000000e+00
  93290.608173 1.284800e-16 9.693050e+04 3.000000e+00
  93872.696813 1.239700e-16 9.753530e+04 3.000000e+00
  94454.775449 1.166900e-16 9.814009e+04 3.000000e+00
  95036.974119 1.124400e-16 9.874500e+04 3.000000e+00
  95619.062758 1.107600e-16 9.934980e+04 3.000000e+00
  96201.241422 1.169300e-16 9.995470e+04 3.000000e+00
  96783.330062 1.247700e-16 1.005595e+05 3.000000e+00
  97365.428705 1.073200e-16 1.011643e+05 3.000000e+00
  97947.607369 9.625300e-17 1.017692e+05 3.000000e+00
  98529.696010 9.125300e-17 1.023740e+05 3.000000e+00
  99111.784650 9.174800e-17 1.029788e+05 3.000000e+00
  99693.963315 9.198100e-17 1.035837e+05 3.000000e+00
 100276.061958 9.116300e-17 1.041885e+05 3.000000e+00
 100858.140596 9.296100e-17 1.047933e+05 3.000000e+00
 101440.329264 9.277300e-17 1.053982e+05 3.000000e+00
 102022.417905 9.211300e-17 1.060030e+05 3.000000e+00
 102604.606573 9.314800e-17 1.066079e+05 3.000000e+00
 103186.685211 9.318500e-17 1.072127e+05 3.000000e+00
 103768.783855 9.623300e-17 1.078175e+05 3.000000e+00
 104350.972523 1.012900e-16 1.084224e+05 3.000000e+00
 104933.061164 1.130600e-16 1.090272e+05 3.000000e+00
 105515.149806 1.241000e-16 1.096320e+05 3.000000e+00
 106097.328472 1.272100e-16 1.102369e+05 3.000000e+00
 106679.417113 1.278700e-16 1.108417e+05 3.000000e+00
 107261.515758 1.329200e-16 1.114465e+05 3.000000e+00
 107843.694424 1.362600e-16 1.120514e+05 3.000000e+00
 108425.783066 1.350300e-16 1.126562e+05 3.000000e+00
 109007.971735 1.436500e-16 1.132611e+05 3.000000e+00
 109590.050374 1.681900e-16 1.138659e+05 3.000000e+00
 110172.149019 1.973700e-16 1.144707e+05 3.000000e+00
 110754.327685 2.232400e-16 1.150756e+05 3.000000e+00
 111336.416327 2.986900e-16 1.156804e+05 3.000000e+00
 111918.504970 4.701500e-16 1.162852e+05 3.000000e+00
 112500.683636 5.744100e-16 1.168901e+05 3.000000e+00
 113082.782282 5.312200e-16 1.174949e+05 3.000000e+00
 113664.860921 4.373500e-16 1.180997e+05 3.000000e+00
 114247.049591 3.619700e-16 1.187046e+05 3.000000e+00
 114829.138234 3.117600e-16 1.193094e+05 3.000000e+00
 115411.336906 2.818000e-16 1.199143e+05 3.000000e+00
 115993.415546 2.590300e-16 1.205191e+05 3.000000e+00
 116575.504189 2.399900e-16 1.211239e+05 3.000000e+00
 117157.692859 2.322200e-16 1.217288e+05 3.000000e+00
 117739.781502 2.356700e-16 1.223336e+05 3.000000e+00
 118321.870145 2.438500e-16 1.229384e+05 3.000000e+00
 118904.048813 2.569300e-16 1.235433e+05 3.000000e+00
 119486.147459 2.690300e-16 1.241481e+05 3.000000e+00
 120068.236102 2.740400e-16 1.247529e+05 3.000000e+00
 120650.414770 2.690000e-16 1.253578e+05 3.000000e+00
 121232.503413 2.639100e-16 1.259626e+05 3.000000e+00
 121814.692083 2.620800e-16 1.265675e+05 3.000000e+00
 122396.770724 2.769300e-16 1.271723e+05 3.000000e+00
 122978.869370 2.969400e-16 1.277771e+05 3.000000e+00
 123561.048038 2.997000e-16 1.283820e+05 3.000000e+00
 124143.136682 3.020400e-16 1.289868e+05 3.000000e+00
 124725.235328 3.092000e-16 1.295916e+05 3.000000e+00
 125307.423999 3.268500e-16 1.301965e+05 3.000000e+00
 125889.502640 3.461500e-16 1.308013e+05 3.000000e+00
 126471.591284 3.602800e-16 1.314061e+05 3.000000e+00
 127053.779955 3.790600e-16 1.320110e+05 3.000000e+00
 127635.858596 4.717800e-16 1.326158e+05 3.000000e+00
 128217.947240 5.731000e-16 1.332206e+05 3.000000e+00
 128800.135912 4.146300e-16 1.338255e+05 3.000000e+00
 129382.224556 2.609900e-16 1.344303e+05 3.000000e+00
 129964.413227 2.316100e-16 1.350352e+05 3.000000e+00
 130546.501871 2.249300e-16 1.356400e+05 3.000000e+00
 131128.590515 2.217500e-16 1.362448e+05 3.000000e+00
 131710.779187 2.188400e-16 1.368497e+05 3.000000e+00
 132292.867831 2.190900e-16 1.374545e+05 3.000000e+00
 132874.946473 2.178100e-16 1.380593e+05 3.000000e+00
 133457.145147 2.147600e-16 1.386642e+05 3.000000e+00
 134039.223789 2.109800e-16 1.392690e+05 3.000000e+00
 134621.312433 2.056400e-16 1.398738e+05 3.000000e+00
 135203.501105 2.082100e-16 1.404787e+05 3.000000e+00
 135785.589749 2.042000e-16 1.410835e+05 3.000000e+00
 136367.778421 1.991200e-16 1.416884e+05 3.000000e+00
 136949.867066 1.918700e-16 1.422932e+05 3.000000e+00
 137531.955710 1.810800e-16 1.428980e+05 3.000000e+00
 138114.144382 1.722200e-16 1.435029e+05 3.000000e+00
 138696.233027 1.637500e-16 1.441077e+05 3.000000e+00
 139278.311669 1.594900e-16 1.447125e+05 3.000000e+00
 140300.040135 1.782100e-16 1.457741e+05 3.000000e+00
 141115.062265 1.799100e-16 1.466209e+05 3.000000e+00
 141930.054386 1.849700e-16 1.474677e+05 3.000000e+00
 142745.056510 1.798100e-16 1.483145e+05 3.000000e+00
 143559.958608 1.762200e-16 1.491612e+05 3.000000e+00
 144374.960732 1.722100e-16 1.500080e+05 3.000000e+00
 145189.962856 1.690300e-16 1.508548e+05 3.000000e+00
 146004.864954 1.648800e-16 1.517015e+05 3.000000e+00
 146819.867078 1.659600e-16 1.525483e+05 3.000000e+00
 147634.859200 1.634500e-16 1.533951e+05 3.000000e+00
 148449.771300 1.599800e-16 1.542418e+05 3.000000e+00
 149264.773425 1.592500e-16 1.550886e+05 3.000000e+00
 150079.785553 1.599300e-16 1.559354e+05 3.000000e+00
 150894.687650 1.575800e-16 1.567821e+05 3.000000e+00
 151709.689775 1.551600e-16 1.576289e+05 3.000000e+00
 152524.691900 1.558100e-16 1.584757e+05 3.000000e+00
 153339.583995 1.542300e-16 1.593224e+05 3.000000e+00
 154154.596123 1.569300e-16 1.601692e+05 3.000000e+00
 154969.588246 1.650100e-16 1.610160e+05 3.000000e+00
 155784.590371 1.820800e-16 1.618628e+05 3.000000e+00
 156599.502472 1.662400e-16 1.627095e+05 3.000000e+00
 157414.514600 1.635300e-16 1.635563e+05 3.000000e+00
 158229.496720 1.616000e-16 1.644031e+05 3.000000e+00
 159044.418823 1.621000e-16 1.652498e+05 3.000000e+00
 159859.400943 1.610400e-16 1.660966e+05 3.000000e+00
 160674.403069 1.609300e-16 1.669434e+05 3.000000e+00
 161489.325173 1.613600e-16 1.677901e+05 3.000000e+00
 162304.307293 1.650200e-16 1.686369e+05 3.000000e+00
 163119.319421 1.785500e-16 1.694837e+05 3.000000e+00
 163934.211517 2.002400e-16 1.703304e+05 3.000000e+00
 164749.223646 2.024400e-16 1.711772e+05 3.000000e+00
 165564.225771 1.927100e-16 1.720240e+05 3.000000e+00
 166379.117867 1.905000e-16 1.728707e+05 3.000000e+00
 167194.129996 1.927800e-16 1.737175e+05 3.000000e+00
 168009.132122 1.912800e-16 1.745643e+05 3.000000e+00
 168824.124245 1.904600e-16 1.754111e+05 3.000000e+00
 169639.036347 2.141500e-16 1.762578e+05 3.000000e+00
 170454.048475 2.296800e-16 1.771046e+05 3.000000e+00
 171269.030596 2.107900e-16 1.779514e+05 3.000000e+00
 172083.952700 1.878000e-16 1.787981e+05 3.000000e+00
 172898.954827 1.877800e-16 1.796449e+05 3.000000e+00
 173713.956953 1.874300e-16 1.804917e+05 3.000000e+00
 174528.859052 1.808900e-16 1.813384e+05 3.000000e+00
 175343.841173 1.678800e-16 1.821852e+05 3.000000e+00
 176158.853302 1.611800e-16 1.830320e+05 3.000000e+00
 176973.765404 1.603600e-16 1.838787e+05 3.000000e+00
 177788.767530 1.601200e-16 1.847255e+05 3.000000e+00
 178603.759654 1.573700e-16 1.855723e+05 3.000000e+00
 179418.651750 1.524500e-16 1.864190e+05 3.000000e+00
 180233.663880 1.494800e-16 1.872658e+05 3.000000e+00
 181048.686012 1.477800e-16 1.881126e+05 3.000000e+00
 181863.678136 1.464800e-16 1.889594e+05 3.000000e+00
 182678.570232 1.457400e-16 1.898061e+05 3.000000e+00
 183493.582362 1.452600e-16 1.906529e+05 3.000000e+00
 184308.564483 1.483000e-16 1.914997e+05 3.000000e+00
 185123.496591 1.508800e-16 1.923464e+05 3.000000e+00
 185938.488715 1.537600e-16 1.931932e+05 3.000000e+00
 186753.490841 1.792800e-16 1.940400e+05 3.000000e+00
 187568.392941 1.977500e-16 1.948867e+05 3.000000e+00
 188383.415073 1.633600e-16 1.957335e+05 3.000000e+00
 189198.397195 1.594200e-16 1.965803e+05 3.000000e+00
 190013.299295 1.559900e-16 1.974270e+05 3.000000e+00
 190828.301421 1.578700e-16 1.982738e+05 3.000000e+00
 191643.293546 1.587700e-16 1.991206e+05 3.000000e+00
 192458.225654 1.565400e-16 1.999673e+05 3.000000e+00
 193273.207775 1.566500e-16 2.008141e+05 3.000000e+00
 194088.219905 1.623400e-16 2.016609e+05 3.000000e+00
 194903.212029 1.585800e-16 2.025077e+05 3.000000e+00
 195718.114129 1.608500e-16 2.033544e+05 3.000000e+00
 196533.126259 1.624300e-16 2.042012e+05 3.000000e+00
 198163.030486 1.610700e-16 2.058947e+05 3.000000e+00
 199793.024738 1.670400e-16 2.075883e+05 3.000000e+00
 201422.948971 1.714400e-16 2.092818e+05 3.000000e+00
 203052.843196 1.744600e-16 2.109753e+05 3.000000e+00
 204682.837448 1.786100e-16 2.126689e+05 3.000000e+00
 206312.741675 1.858900e-16 2.143624e+05 3.000000e+00
 207942.755933 1.857500e-16 2.160560e+05 3.000000e+00
 209572.660161 1.858500e-16 2.177495e+05 3.000000e+00
 211202.564389 1.904900e-16 2.194430e+05 3.000000e+00
 212832.578647 1.963200e-16 2.211366e+05 3.000000e+00
 214462.482875 1.934700e-16 2.228301e+05 3.000000e+00
 216092.377100 1.955400e-16 2.245236e+05 3.000000e+00
 217722.371353 2.034800e-16 2.262172e+05 3.000000e+00
 219352.295587 2.054700e-16 2.279107e+05 3.000000e+00
 220982.289840 2.071100e-16 2.296043e+05 3.000000e+00
 222612.194068 2.080600e-16 2.312978e+05 3.000000e+00
 224242.098297 2.136900e-16 2.329913e+05 3.000000e+00
 225872.112555 2.177800e-16 2.346849e+05 3.000000e+00
 227502.016784 2.227400e-16 2.363784e+05 3.000000e+00
 229131.931015 2.237100e-16 2.380719e+05 3.000000e+00
 230761.905263 2.244000e-16 2.397655e+05 3.000000e+00
 232391.829498 2.292500e-16 2.414590e+05 3.000000e+00
 234021.823751 2.342800e-16 2.431526e+05 3.000000e+00
 235651.727980 2.353900e-16 2.448461e+05 3.000000e+00
 237281.642212 2.423600e-16 2.465396e+05 3.000000e+00
 238911.646468 2.443000e-16 2.482332e+05 3.000000e+00
 240541.560700 2.459200e-16 2.499267e+05 3.000000e+00
 242171.464930 2.487500e-16 2.516202e+05 3.000000e+00
 243801.479189 2.532700e-16 2.533138e+05 3.000000e+00
 245431.383418 2.570700e-16 2.550073e+05 3.000000e+00
 247061.367669 2.586000e-16 2.567009e+05 3.000000e+00
 248691.271899 2.609200e-16 2.583944e+05 3.000000e+00
 250321.176128 2.674100e-16 2.600879e+05 3.000000e+00
 251951.190388 2.700300e-16 2.617815e+05 3.000000e+00
 253581.094618 2.735100e-16 2.634750e+05 3.000000e+00
 255210.998847 2.748500e-16 2.651685e+05 3.000000e+00
 256840.993102 2.796400e-16 2.668621e+05 3.000000e+00
 258470.907334 2.888500e-16 2.685556e+05 3.000000e+00
 260100.901588 2.964000e-16 2.702492e+05 3.000000e+00
 261730.805818 2.946100e-16 2.719427e+05 3.000000e+00
 263360.740056 2.955200e-16 2.736362e+05 3.000000e+00
 264990.734311 2.981900e-16 2.753298e+05 3.000000e+00
 266620.618535 3.012400e-16 2.770233e+05 3.000000e+00
 268250.522766 3.055200e-16 2.787168e+05 3.000000e+00
 269880.547028 3.065000e-16 2.804104e+05 3.000000e+00
 271510.451258 3.103200e-16 2.821039e+05 3.000000e+00
 273140.455516 3.101900e-16 2.837975e+05 3.000000e+00
 274770.359746 3.183800e-16 2.854910e+05 3.000000e+00
 276400.263976 3.256600e-16 2.871845e+05 3.000000e+00
 278030.258231 3.269600e-16 2.888781e+05 3.000000e+00
 279660.162461 3.307400e-16 2.905716e+05 3.000000e+00
 281290.076695 3.360100e-16 2.922651e+05 3.000000e+00
 282920.070950 3.396800e-16 2.939587e+05 3.000000e+00
 284549.975180 3.404200e-16 2.956522e+05 3.000000e+00
 286179.969435 3.460800e-16 2.973458e+05 3.000000e+00
 287809.913676 3.511600e-16 2.990393e+05 3.000000e+00
 289439.817907 3.509200e-16 3.007328e+05 3.000000e+00
 291069.812162 3.522800e-16 3.024264e+05 3.000000e+00
 292699.716393 3.531700e-16 3.041199e+05 3.000000e+00
 294329.620623 3.562800e-16 3.058134e+05 3.000000e+00
 295959.624881 3.657100e-16 3.075070e+05 3.000000e+00
 297589.529112 3.715200e-16 3.092005e+05 3.000000e+00
 299219.523367 3.672000e-16 3.108941e+05 3.000000e+00
 300849.427598 3.721600e-16 3.125876e+05 3.000000e+00
 302479.341831 3.744400e-16 3.142811e+05 3.000000e+00
 304109.336087 3.853000e-16 3.159747e+05 3.000000e+00
 305739.270326 3.848900e-16 3.176682e+05 3.000000e+00
 307369.174557 3.838000e-16 3.193617e+05 3.000000e+00
 308999.168812 3.846600e-16 3.210553e+05 3.000000e+00
 310629.053038 3.917200e-16 3.227488e+05 3.000000e+00
 312259.077301 3.979600e-16 3.244424e+05 3.000000e+00
 313888.981532 4.035500e-16 3.261359e+05 3.000000e+00
 315518.885763 4.018500e-16 3.278294e+05 3.000000e+00
 317148.890022 4.036400e-16 3.295230e+05 3.000000e+00
 318778.794253 4.116700e-16 3.312165e+05 3.000000e+00
 320408.698484 4.229000e-16 3.329100e+05 3.000000e+00
 322038.722748 4.226800e-16 3.346036e+05 3.000000e+00
 323668.626979 4.139300e-16 3.362971e+05 3.000000e+00
 325298.601229 4.281500e-16 3.379907e+05 3.000000e+00
 326928.505460 4.562900e-16 3.396842e+05 3.000000e+00
 328558.439700 4.347900e-16 3.413777e+05 3.000000e+00
 330188.403947 4.332400e-16 3.430713e+05 3.000000e+00
 331818.318181 4.431800e-16 3.447648e+05 3.000000e+00
 333448.222412 4.723700e-16 3.464583e+05 3.000000e+00
 335078.246676 4.904300e-16 3.481519e+05 3.000000e+00
 336708.120900 4.694800e-16 3.498454e+05 3.000000e+00
